"Repeat","OuterFold","HumanID","InnerFold"
1,1,"ZYQC_039",4
1,1,"ZYQC_040",5
1,1,"ZYQC_042",1
1,1,"ZYQC_045",4
1,1,"ZYQC_047",3
1,1,"ZYQC_048",4
1,1,"ZYQC_049",1
1,1,"ZYQC_050",4
1,1,"ZYQC_051",3
1,1,"ZYQC_052",5
1,1,"ZYQC_053",5
1,1,"ZYQC_055",2
1,1,"ZYQC_056",4
1,1,"ZYQC_057",5
1,1,"ZYQC_058",3
1,1,"ZYQC_059",2
1,1,"ZYQC_060",5
1,1,"ZYCZ_019",3
1,1,"ZYCZ_023",1
1,1,"ZYCZ_025",5
1,1,"ZYCZ_026",5
1,1,"ZYCZ_028",4
1,1,"ZYCZ_029",5
1,1,"ZYYH_041",3
1,1,"ZYYH_047",5
1,1,"ZYYH_049",2
1,1,"ZYYH_051",4
1,1,"ZYYH_053",1
1,1,"HNSR_032",1
1,1,"ZDFE_101",3
1,1,"ZDFE_102",3
1,1,"ZDFE_103",1
1,1,"ZDFE_104",5
1,1,"ZDFE_106",2
1,1,"ZZRM_089",2
1,1,"ZZRM_093",2
1,1,"ZZRM_096",2
1,1,"ZZRM_097",3
1,1,"JXSY_023",1
1,1,"JXSY_031",5
1,1,"PHYY_016",1
1,1,"PHYY_019",2
1,1,"PHYY_022",2
1,1,"TZEZ_018",4
1,1,"LSRM_011",4
1,1,"SLTD_010",5
1,1,"SLTD_012",5
1,1,"HZSY_003",4
1,1,"HZSY_004",3
1,1,"HZSY_005",3
1,1,"HZSY_008",4
1,1,"HZSY_009",1
1,1,"HZSY_012",3
1,1,"HZSY_015",5
1,1,"HZSY_017",4
1,1,"LXZY_011",2
1,1,"LXZY_013",2
1,1,"JXSY_033",2
1,1,"JXSY_036",2
1,1,"JXSY_038",3
1,1,"JXSY_039",4
1,1,"JXSY_041",5
1,1,"JXSY_042",4
1,1,"ZYCZ_030",2
1,1,"ZYCZ_032",2
1,1,"ZYCZ_033",4
1,1,"ZYCZ_034",5
1,1,"ZYCZ_035",2
1,1,"ZYCZ_036",5
1,1,"ZYYH_055",3
1,1,"ZYYH_056",1
1,1,"ZYYH_061",5
1,1,"ZYYH_062",3
1,1,"ZYYH_063",1
1,1,"ZYYH_067",2
1,1,"ZYYH_070",3
1,1,"ZYYH_071",1
1,1,"ZYQC_065",5
1,1,"ZYQC_071",4
1,1,"ZYQC_072",3
1,1,"ZYQC_073",2
1,1,"ZYQC_074",3
1,1,"ZYQC_075",5
1,1,"ZYQC_080",2
1,1,"ZYQC_085",3
1,1,"ZYQC_089",3
1,1,"ZYQC_093",4
1,1,"ZYQC_094",2
1,1,"ZYQC_097",2
1,1,"ZYQC_098",2
1,1,"ZYQC_100",2
1,1,"ZYQC_101",4
1,1,"ZYQC_104",1
1,1,"ZYQC_105",1
1,1,"ZYQC_106",1
1,1,"ZYQC_108",1
1,1,"ZYQC_109",2
1,1,"ZYQC_110",3
1,1,"ZYQC_111",4
1,1,"ZYQC_112",5
1,1,"ZYQC_113",3
1,1,"ZYQC_114",3
1,1,"ZZRM_101",2
1,1,"ZZRM_102",2
1,1,"ZZRM_103",4
1,1,"ZZRM_104",3
1,1,"ZZRM_105",1
1,1,"PHYY_023",4
1,1,"PHYY_026",2
1,1,"XARM_037",4
1,1,"HNSR_044",3
1,1,"SLTD_015",5
1,1,"SLTD_017",5
1,1,"ZDFE_109",5
1,1,"ZDFE_113",2
1,1,"ZDFE_114",4
1,1,"ZDFE_115",1
1,1,"ZDFE_117",1
1,1,"TZEZ_022",1
1,1,"TZEZ_024",5
1,1,"TZEZ_029",1
1,1,"TZEZ_030",2
1,1,"TZEZ_031",4
1,1,"TZEZ_032",1
1,1,"ZYQC_116",2
1,1,"ZYQC_118",2
1,1,"ZYQC_119",1
1,1,"ZYQC_120",4
1,1,"ZYQC_121",1
1,1,"ZYQC_122",2
1,1,"ZYQC_123",1
1,1,"ZYQC_124",1
1,1,"ZYQC_125",3
1,1,"ZYQC_126",2
1,1,"ZYQC_128",3
1,1,"ZYQC_132",4
1,1,"ZYQC_133",4
1,1,"ZYQC_143",1
1,1,"ZYCZ_038",4
1,1,"ZYYH_074",1
1,1,"ZYYH_077",3
1,1,"HNSR_058",2
1,1,"ZDFE_118",5
1,1,"ZDFE_119",3
1,1,"ZDFE_124",3
1,1,"ZDFE_125",5
1,1,"ZDFE_127",2
1,1,"ZDFE_128",3
1,1,"ZDFE_129",5
1,1,"ZDFE_133",4
1,1,"ZDFE_134",4
1,1,"ZDFE_135",1
1,1,"ZDFE_137",3
1,1,"ZDFE_138",1
1,1,"ZZRM_108",1
1,1,"ZZRM_115",3
1,1,"JXSY_050",1
1,1,"JXSY_052",5
1,1,"PHYY_029",5
1,1,"TZEZ_033",5
1,1,"TZEZ_036",1
1,1,"TZEZ_038",3
1,1,"TZEZ_041",3
1,1,"TZEZ_043",5
1,1,"TZEZ_044",5
1,1,"TZEZ_045",1
1,1,"TZEZ_048",3
1,1,"TZEZ_051",3
1,1,"TZEZ_053",4
1,1,"TZEZ_055",4
1,1,"TZEZ_056",1
1,1,"TZEZ_057",1
1,1,"TZEZ_059",3
1,1,"TZEZ_060",2
1,1,"TZEZ_061",4
1,1,"WZZX_020",4
1,1,"WZZX_021",4
1,1,"LSRM_014",1
1,1,"LSRM_015",5
1,1,"SLTD_019",2
1,1,"SLTD_020",5
1,1,"SLTD_021",5
1,1,"SLTD_022",1
1,1,"SLTD_024",2
1,1,"LXZY_014",4
1,1,"LXZY_015",5
1,1,"HZSY_019",3
1,1,"HZSY_022",4
1,2,"ZYQC_039",5
1,2,"ZYQC_040",3
1,2,"ZYQC_042",2
1,2,"ZYQC_047",3
1,2,"ZYQC_048",1
1,2,"ZYQC_049",4
1,2,"ZYQC_050",4
1,2,"ZYQC_051",4
1,2,"ZYQC_052",5
1,2,"ZYQC_053",4
1,2,"ZYQC_055",3
1,2,"ZYQC_056",4
1,2,"ZYQC_060",4
1,2,"ZYCZ_018",5
1,2,"ZYCZ_019",1
1,2,"ZYCZ_020",4
1,2,"ZYCZ_025",3
1,2,"ZYCZ_027",1
1,2,"ZYCZ_029",1
1,2,"ZYYH_041",2
1,2,"ZYYH_048",1
1,2,"ZYYH_049",2
1,2,"ZYYH_050",2
1,2,"ZYYH_051",2
1,2,"ZYYH_053",3
1,2,"ZDFE_031",3
1,2,"ZDFE_101",4
1,2,"ZDFE_102",2
1,2,"ZDFE_103",5
1,2,"ZDFE_104",2
1,2,"ZDFE_105",2
1,2,"ZDFE_106",5
1,2,"ZZRM_089",3
1,2,"ZZRM_096",1
1,2,"ZZRM_097",5
1,2,"JXSY_027",5
1,2,"PHYY_014",2
1,2,"PHYY_016",5
1,2,"PHYY_019",1
1,2,"PHYY_021",1
1,2,"TZEZ_002",1
1,2,"LSRM_011",3
1,2,"SLTD_009",5
1,2,"SLTD_012",5
1,2,"HZSY_003",2
1,2,"HZSY_004",5
1,2,"HZSY_005",3
1,2,"HZSY_008",2
1,2,"HZSY_009",2
1,2,"HZSY_012",2
1,2,"HZSY_017",2
1,2,"LXZY_011",2
1,2,"JXSY_036",1
1,2,"JXSY_038",3
1,2,"JXSY_039",3
1,2,"JXSY_041",2
1,2,"JXSY_042",1
1,2,"ZYCZ_030",5
1,2,"ZYCZ_032",1
1,2,"ZYCZ_033",4
1,2,"ZYCZ_034",2
1,2,"ZYCZ_035",5
1,2,"ZYCZ_036",4
1,2,"ZYYH_055",5
1,2,"ZYYH_056",1
1,2,"ZYYH_057",1
1,2,"ZYYH_058",5
1,2,"ZYYH_060",3
1,2,"ZYYH_061",5
1,2,"ZYYH_063",3
1,2,"ZYYH_066",3
1,2,"ZYYH_067",4
1,2,"ZYYH_069",3
1,2,"ZYYH_071",2
1,2,"ZYYH_072",4
1,2,"ZYQC_065",1
1,2,"ZYQC_067",3
1,2,"ZYQC_068",2
1,2,"ZYQC_071",2
1,2,"ZYQC_072",3
1,2,"ZYQC_076",4
1,2,"ZYQC_080",4
1,2,"ZYQC_081",2
1,2,"ZYQC_083",5
1,2,"ZYQC_084",4
1,2,"ZYQC_085",2
1,2,"ZYQC_089",3
1,2,"ZYQC_090",1
1,2,"ZYQC_093",4
1,2,"ZYQC_095",5
1,2,"ZYQC_096",2
1,2,"ZYQC_097",2
1,2,"ZYQC_098",1
1,2,"ZYQC_100",5
1,2,"ZYQC_101",4
1,2,"ZYQC_102",4
1,2,"ZYQC_103",3
1,2,"ZYQC_104",3
1,2,"ZYQC_106",3
1,2,"ZYQC_108",5
1,2,"ZYQC_109",4
1,2,"ZYQC_110",3
1,2,"ZYQC_111",2
1,2,"ZYQC_112",4
1,2,"ZYQC_113",4
1,2,"ZYQC_114",1
1,2,"ZYQC_115",5
1,2,"ZZRM_102",5
1,2,"ZZRM_104",1
1,2,"ZZRM_105",3
1,2,"PHYY_023",3
1,2,"PHYY_028",3
1,2,"XARM_036",2
1,2,"XARM_037",1
1,2,"SLTD_015",5
1,2,"SLTD_017",1
1,2,"ZDFE_109",3
1,2,"ZDFE_113",4
1,2,"ZDFE_114",1
1,2,"ZDFE_115",1
1,2,"ZDFE_117",1
1,2,"TZEZ_022",5
1,2,"TZEZ_024",4
1,2,"TZEZ_029",3
1,2,"TZEZ_030",2
1,2,"TZEZ_031",5
1,2,"TZEZ_032",2
1,2,"ZYQC_119",1
1,2,"ZYQC_121",2
1,2,"ZYQC_122",4
1,2,"ZYQC_124",5
1,2,"ZYQC_125",4
1,2,"ZYQC_126",1
1,2,"ZYQC_127",5
1,2,"ZYQC_128",1
1,2,"ZYQC_133",1
1,2,"ZYQC_134",5
1,2,"ZYQC_135",4
1,2,"ZYQC_143",3
1,2,"ZYCZ_038",5
1,2,"ZYCZ_039",5
1,2,"ZYYH_077",1
1,2,"HNSR_058",5
1,2,"ZDFE_118",4
1,2,"ZDFE_119",3
1,2,"ZDFE_124",4
1,2,"ZDFE_125",4
1,2,"ZDFE_127",1
1,2,"ZDFE_129",2
1,2,"ZDFE_130",3
1,2,"ZDFE_131",1
1,2,"ZDFE_133",4
1,2,"ZDFE_136",3
1,2,"ZDFE_137",4
1,2,"ZZRM_109",1
1,2,"ZZRM_111",1
1,2,"ZZRM_115",5
1,2,"JXSY_050",4
1,2,"JXSY_051",2
1,2,"JXSY_056",4
1,2,"PHYY_029",4
1,2,"PHYY_031",5
1,2,"TZEZ_033",2
1,2,"TZEZ_036",2
1,2,"TZEZ_038",1
1,2,"TZEZ_040",2
1,2,"TZEZ_041",1
1,2,"TZEZ_043",1
1,2,"TZEZ_045",3
1,2,"TZEZ_048",5
1,2,"TZEZ_050",2
1,2,"TZEZ_051",1
1,2,"TZEZ_053",2
1,2,"TZEZ_055",4
1,2,"TZEZ_056",3
1,2,"TZEZ_060",4
1,2,"TZEZ_061",5
1,2,"WZZX_020",4
1,2,"WZZX_021",3
1,2,"LSRM_014",4
1,2,"LSRM_015",5
1,2,"LSRM_016",3
1,2,"SLTD_019",3
1,2,"SLTD_020",5
1,2,"SLTD_021",1
1,2,"SLTD_024",3
1,2,"HZSY_019",2
1,2,"HZSY_022",2
1,2,"HZSY_023",3
1,3,"ZYQC_040",5
1,3,"ZYQC_042",2
1,3,"ZYQC_045",3
1,3,"ZYQC_051",5
1,3,"ZYQC_052",3
1,3,"ZYQC_053",4
1,3,"ZYQC_056",4
1,3,"ZYQC_057",4
1,3,"ZYQC_058",4
1,3,"ZYQC_059",1
1,3,"ZYCZ_018",3
1,3,"ZYCZ_019",1
1,3,"ZYCZ_020",3
1,3,"ZYCZ_023",2
1,3,"ZYCZ_025",5
1,3,"ZYCZ_026",2
1,3,"ZYCZ_027",3
1,3,"ZYCZ_028",5
1,3,"ZYCZ_029",5
1,3,"ZYYH_047",1
1,3,"ZYYH_048",3
1,3,"ZYYH_049",1
1,3,"ZYYH_050",5
1,3,"ZYYH_053",2
1,3,"HNSR_032",3
1,3,"ZDFE_031",1
1,3,"ZDFE_102",1
1,3,"ZDFE_103",2
1,3,"ZDFE_105",3
1,3,"ZZRM_089",3
1,3,"ZZRM_093",2
1,3,"ZZRM_096",1
1,3,"ZZRM_097",2
1,3,"JXSY_023",5
1,3,"JXSY_027",5
1,3,"JXSY_031",5
1,3,"PHYY_014",3
1,3,"PHYY_021",5
1,3,"PHYY_022",4
1,3,"TZEZ_002",3
1,3,"TZEZ_018",1
1,3,"LSRM_011",5
1,3,"SLTD_009",3
1,3,"SLTD_010",1
1,3,"SLTD_012",2
1,3,"HZSY_004",4
1,3,"HZSY_005",1
1,3,"HZSY_008",2
1,3,"HZSY_012",5
1,3,"HZSY_015",4
1,3,"HZSY_017",4
1,3,"LXZY_011",3
1,3,"LXZY_013",4
1,3,"JXSY_033",2
1,3,"JXSY_038",1
1,3,"JXSY_039",3
1,3,"JXSY_041",5
1,3,"JXSY_042",4
1,3,"ZYCZ_032",1
1,3,"ZYCZ_033",1
1,3,"ZYCZ_034",4
1,3,"ZYCZ_035",3
1,3,"ZYCZ_036",2
1,3,"ZYYH_055",5
1,3,"ZYYH_057",3
1,3,"ZYYH_058",1
1,3,"ZYYH_060",4
1,3,"ZYYH_061",1
1,3,"ZYYH_062",1
1,3,"ZYYH_063",3
1,3,"ZYYH_066",1
1,3,"ZYYH_067",4
1,3,"ZYYH_069",4
1,3,"ZYYH_070",1
1,3,"ZYYH_071",4
1,3,"ZYYH_072",3
1,3,"ZYQC_065",5
1,3,"ZYQC_067",3
1,3,"ZYQC_068",4
1,3,"ZYQC_072",5
1,3,"ZYQC_073",1
1,3,"ZYQC_074",2
1,3,"ZYQC_075",4
1,3,"ZYQC_076",3
1,3,"ZYQC_080",2
1,3,"ZYQC_081",2
1,3,"ZYQC_083",5
1,3,"ZYQC_084",4
1,3,"ZYQC_085",3
1,3,"ZYQC_089",3
1,3,"ZYQC_090",4
1,3,"ZYQC_094",3
1,3,"ZYQC_095",1
1,3,"ZYQC_096",3
1,3,"ZYQC_097",1
1,3,"ZYQC_098",2
1,3,"ZYQC_100",3
1,3,"ZYQC_101",2
1,3,"ZYQC_102",4
1,3,"ZYQC_103",3
1,3,"ZYQC_104",5
1,3,"ZYQC_105",1
1,3,"ZYQC_108",5
1,3,"ZYQC_109",2
1,3,"ZYQC_110",1
1,3,"ZYQC_111",1
1,3,"ZYQC_113",2
1,3,"ZYQC_114",4
1,3,"ZYQC_115",3
1,3,"ZZRM_101",3
1,3,"ZZRM_103",2
1,3,"ZZRM_105",5
1,3,"PHYY_026",2
1,3,"PHYY_028",4
1,3,"XARM_036",2
1,3,"XARM_037",5
1,3,"HNSR_044",4
1,3,"SLTD_015",1
1,3,"SLTD_017",1
1,3,"ZDFE_109",2
1,3,"ZDFE_114",5
1,3,"ZDFE_115",3
1,3,"ZDFE_117",4
1,3,"TZEZ_024",4
1,3,"TZEZ_030",3
1,3,"TZEZ_032",5
1,3,"ZYQC_116",3
1,3,"ZYQC_118",1
1,3,"ZYQC_119",5
1,3,"ZYQC_120",2
1,3,"ZYQC_122",4
1,3,"ZYQC_123",2
1,3,"ZYQC_124",5
1,3,"ZYQC_126",4
1,3,"ZYQC_127",4
1,3,"ZYQC_132",4
1,3,"ZYQC_133",4
1,3,"ZYQC_134",1
1,3,"ZYQC_135",1
1,3,"ZYQC_143",3
1,3,"ZYCZ_039",5
1,3,"ZYYH_074",2
1,3,"ZDFE_118",5
1,3,"ZDFE_119",5
1,3,"ZDFE_124",4
1,3,"ZDFE_125",3
1,3,"ZDFE_127",1
1,3,"ZDFE_128",5
1,3,"ZDFE_129",1
1,3,"ZDFE_130",1
1,3,"ZDFE_131",2
1,3,"ZDFE_134",4
1,3,"ZDFE_135",2
1,3,"ZDFE_136",2
1,3,"ZDFE_137",2
1,3,"ZDFE_138",5
1,3,"ZZRM_108",1
1,3,"ZZRM_109",2
1,3,"ZZRM_111",4
1,3,"JXSY_050",5
1,3,"JXSY_051",4
1,3,"JXSY_052",5
1,3,"JXSY_056",2
1,3,"PHYY_029",3
1,3,"PHYY_031",5
1,3,"TZEZ_036",2
1,3,"TZEZ_038",3
1,3,"TZEZ_040",4
1,3,"TZEZ_043",2
1,3,"TZEZ_044",5
1,3,"TZEZ_045",1
1,3,"TZEZ_050",5
1,3,"TZEZ_053",4
1,3,"TZEZ_055",5
1,3,"TZEZ_056",2
1,3,"TZEZ_057",5
1,3,"TZEZ_059",2
1,3,"TZEZ_061",2
1,3,"WZZX_020",1
1,3,"LSRM_014",1
1,3,"LSRM_016",2
1,3,"SLTD_019",3
1,3,"SLTD_020",2
1,3,"SLTD_021",4
1,3,"SLTD_022",3
1,3,"LXZY_014",4
1,3,"LXZY_015",1
1,3,"HZSY_019",3
1,3,"HZSY_023",1
1,4,"ZYQC_039",5
1,4,"ZYQC_040",4
1,4,"ZYQC_045",2
1,4,"ZYQC_047",2
1,4,"ZYQC_048",1
1,4,"ZYQC_049",1
1,4,"ZYQC_050",5
1,4,"ZYQC_053",5
1,4,"ZYQC_055",2
1,4,"ZYQC_057",1
1,4,"ZYQC_058",3
1,4,"ZYQC_059",1
1,4,"ZYQC_060",5
1,4,"ZYCZ_018",4
1,4,"ZYCZ_019",3
1,4,"ZYCZ_020",5
1,4,"ZYCZ_023",1
1,4,"ZYCZ_026",4
1,4,"ZYCZ_027",5
1,4,"ZYCZ_028",3
1,4,"ZYCZ_029",3
1,4,"ZYYH_041",2
1,4,"ZYYH_047",3
1,4,"ZYYH_048",1
1,4,"ZYYH_049",2
1,4,"ZYYH_050",2
1,4,"ZYYH_051",2
1,4,"ZYYH_053",5
1,4,"HNSR_032",4
1,4,"ZDFE_031",3
1,4,"ZDFE_101",3
1,4,"ZDFE_103",2
1,4,"ZDFE_104",1
1,4,"ZDFE_105",1
1,4,"ZDFE_106",1
1,4,"ZZRM_089",2
1,4,"ZZRM_093",3
1,4,"ZZRM_096",5
1,4,"JXSY_023",4
1,4,"JXSY_027",1
1,4,"JXSY_031",2
1,4,"PHYY_014",4
1,4,"PHYY_016",5
1,4,"PHYY_019",2
1,4,"PHYY_021",3
1,4,"PHYY_022",3
1,4,"TZEZ_002",1
1,4,"TZEZ_018",5
1,4,"LSRM_011",1
1,4,"SLTD_009",3
1,4,"SLTD_010",2
1,4,"SLTD_012",1
1,4,"HZSY_003",5
1,4,"HZSY_004",5
1,4,"HZSY_005",1
1,4,"HZSY_009",3
1,4,"HZSY_015",3
1,4,"HZSY_017",2
1,4,"LXZY_011",5
1,4,"LXZY_013",3
1,4,"JXSY_033",5
1,4,"JXSY_036",4
1,4,"JXSY_039",3
1,4,"JXSY_041",2
1,4,"ZYCZ_030",4
1,4,"ZYCZ_033",4
1,4,"ZYCZ_036",1
1,4,"ZYYH_056",4
1,4,"ZYYH_057",2
1,4,"ZYYH_058",2
1,4,"ZYYH_060",3
1,4,"ZYYH_062",4
1,4,"ZYYH_063",1
1,4,"ZYYH_066",4
1,4,"ZYYH_067",2
1,4,"ZYYH_069",1
1,4,"ZYYH_070",4
1,4,"ZYYH_072",4
1,4,"ZYQC_067",3
1,4,"ZYQC_068",2
1,4,"ZYQC_071",1
1,4,"ZYQC_073",3
1,4,"ZYQC_074",1
1,4,"ZYQC_075",4
1,4,"ZYQC_076",4
1,4,"ZYQC_081",5
1,4,"ZYQC_083",4
1,4,"ZYQC_084",1
1,4,"ZYQC_090",5
1,4,"ZYQC_093",4
1,4,"ZYQC_094",2
1,4,"ZYQC_095",4
1,4,"ZYQC_096",5
1,4,"ZYQC_097",5
1,4,"ZYQC_102",3
1,4,"ZYQC_103",1
1,4,"ZYQC_105",3
1,4,"ZYQC_106",4
1,4,"ZYQC_109",5
1,4,"ZYQC_111",5
1,4,"ZYQC_112",5
1,4,"ZYQC_115",5
1,4,"ZZRM_101",1
1,4,"ZZRM_102",3
1,4,"ZZRM_103",1
1,4,"ZZRM_104",5
1,4,"PHYY_023",3
1,4,"PHYY_026",3
1,4,"PHYY_028",2
1,4,"XARM_036",5
1,4,"HNSR_044",3
1,4,"SLTD_017",4
1,4,"ZDFE_113",3
1,4,"ZDFE_114",4
1,4,"ZDFE_115",2
1,4,"TZEZ_022",1
1,4,"TZEZ_029",1
1,4,"TZEZ_030",2
1,4,"TZEZ_031",5
1,4,"ZYQC_116",4
1,4,"ZYQC_118",5
1,4,"ZYQC_119",2
1,4,"ZYQC_120",5
1,4,"ZYQC_121",5
1,4,"ZYQC_123",4
1,4,"ZYQC_124",3
1,4,"ZYQC_125",2
1,4,"ZYQC_126",2
1,4,"ZYQC_127",2
1,4,"ZYQC_128",3
1,4,"ZYQC_132",4
1,4,"ZYQC_134",1
1,4,"ZYQC_135",4
1,4,"ZYQC_143",1
1,4,"ZYCZ_038",4
1,4,"ZYCZ_039",3
1,4,"ZYYH_074",5
1,4,"ZYYH_077",3
1,4,"HNSR_058",1
1,4,"ZDFE_118",5
1,4,"ZDFE_128",1
1,4,"ZDFE_129",3
1,4,"ZDFE_130",3
1,4,"ZDFE_131",2
1,4,"ZDFE_133",3
1,4,"ZDFE_134",4
1,4,"ZDFE_135",1
1,4,"ZDFE_136",1
1,4,"ZDFE_137",3
1,4,"ZDFE_138",3
1,4,"ZZRM_108",3
1,4,"ZZRM_109",2
1,4,"ZZRM_111",4
1,4,"ZZRM_115",2
1,4,"JXSY_051",4
1,4,"JXSY_052",1
1,4,"JXSY_056",4
1,4,"PHYY_029",5
1,4,"PHYY_031",1
1,4,"TZEZ_033",4
1,4,"TZEZ_036",4
1,4,"TZEZ_038",5
1,4,"TZEZ_040",3
1,4,"TZEZ_041",1
1,4,"TZEZ_043",4
1,4,"TZEZ_044",4
1,4,"TZEZ_048",2
1,4,"TZEZ_050",4
1,4,"TZEZ_051",5
1,4,"TZEZ_053",2
1,4,"TZEZ_055",5
1,4,"TZEZ_056",2
1,4,"TZEZ_057",1
1,4,"TZEZ_059",5
1,4,"TZEZ_060",4
1,4,"TZEZ_061",4
1,4,"WZZX_020",3
1,4,"WZZX_021",1
1,4,"LSRM_015",5
1,4,"LSRM_016",1
1,4,"SLTD_019",2
1,4,"SLTD_020",2
1,4,"SLTD_021",2
1,4,"SLTD_022",2
1,4,"SLTD_024",1
1,4,"LXZY_014",2
1,4,"LXZY_015",5
1,4,"HZSY_022",3
1,4,"HZSY_023",2
1,5,"ZYQC_039",1
1,5,"ZYQC_042",5
1,5,"ZYQC_045",3
1,5,"ZYQC_047",4
1,5,"ZYQC_048",5
1,5,"ZYQC_049",5
1,5,"ZYQC_050",1
1,5,"ZYQC_051",5
1,5,"ZYQC_052",1
1,5,"ZYQC_055",4
1,5,"ZYQC_056",1
1,5,"ZYQC_057",2
1,5,"ZYQC_058",2
1,5,"ZYQC_059",5
1,5,"ZYQC_060",5
1,5,"ZYCZ_018",1
1,5,"ZYCZ_020",5
1,5,"ZYCZ_023",1
1,5,"ZYCZ_025",4
1,5,"ZYCZ_026",5
1,5,"ZYCZ_027",2
1,5,"ZYCZ_028",5
1,5,"ZYYH_041",3
1,5,"ZYYH_047",1
1,5,"ZYYH_048",3
1,5,"ZYYH_050",3
1,5,"ZYYH_051",1
1,5,"HNSR_032",3
1,5,"ZDFE_031",2
1,5,"ZDFE_101",2
1,5,"ZDFE_102",4
1,5,"ZDFE_104",3
1,5,"ZDFE_105",3
1,5,"ZDFE_106",2
1,5,"ZZRM_093",5
1,5,"ZZRM_097",4
1,5,"JXSY_023",4
1,5,"JXSY_027",2
1,5,"JXSY_031",3
1,5,"PHYY_014",2
1,5,"PHYY_016",4
1,5,"PHYY_019",2
1,5,"PHYY_021",2
1,5,"PHYY_022",1
1,5,"TZEZ_002",4
1,5,"TZEZ_018",2
1,5,"SLTD_009",2
1,5,"SLTD_010",3
1,5,"HZSY_003",2
1,5,"HZSY_008",2
1,5,"HZSY_009",3
1,5,"HZSY_012",1
1,5,"HZSY_015",2
1,5,"LXZY_013",1
1,5,"JXSY_033",2
1,5,"JXSY_036",5
1,5,"JXSY_038",3
1,5,"JXSY_042",4
1,5,"ZYCZ_030",1
1,5,"ZYCZ_032",1
1,5,"ZYCZ_034",4
1,5,"ZYCZ_035",1
1,5,"ZYYH_055",5
1,5,"ZYYH_056",4
1,5,"ZYYH_057",1
1,5,"ZYYH_058",4
1,5,"ZYYH_060",3
1,5,"ZYYH_061",3
1,5,"ZYYH_062",1
1,5,"ZYYH_066",3
1,5,"ZYYH_069",5
1,5,"ZYYH_070",5
1,5,"ZYYH_071",2
1,5,"ZYYH_072",3
1,5,"ZYQC_065",5
1,5,"ZYQC_067",2
1,5,"ZYQC_068",4
1,5,"ZYQC_071",1
1,5,"ZYQC_072",1
1,5,"ZYQC_073",1
1,5,"ZYQC_074",4
1,5,"ZYQC_075",3
1,5,"ZYQC_076",1
1,5,"ZYQC_080",3
1,5,"ZYQC_081",3
1,5,"ZYQC_083",5
1,5,"ZYQC_084",2
1,5,"ZYQC_085",2
1,5,"ZYQC_089",1
1,5,"ZYQC_090",1
1,5,"ZYQC_093",4
1,5,"ZYQC_094",5
1,5,"ZYQC_095",2
1,5,"ZYQC_096",4
1,5,"ZYQC_098",4
1,5,"ZYQC_100",5
1,5,"ZYQC_101",3
1,5,"ZYQC_102",4
1,5,"ZYQC_103",2
1,5,"ZYQC_104",3
1,5,"ZYQC_105",2
1,5,"ZYQC_106",3
1,5,"ZYQC_108",2
1,5,"ZYQC_110",5
1,5,"ZYQC_112",1
1,5,"ZYQC_113",5
1,5,"ZYQC_114",5
1,5,"ZYQC_115",2
1,5,"ZZRM_101",2
1,5,"ZZRM_102",3
1,5,"ZZRM_103",5
1,5,"ZZRM_104",5
1,5,"ZZRM_105",1
1,5,"PHYY_023",3
1,5,"PHYY_026",4
1,5,"PHYY_028",3
1,5,"XARM_036",5
1,5,"XARM_037",1
1,5,"HNSR_044",4
1,5,"SLTD_015",2
1,5,"ZDFE_109",5
1,5,"ZDFE_113",4
1,5,"ZDFE_117",4
1,5,"TZEZ_022",2
1,5,"TZEZ_024",5
1,5,"TZEZ_029",3
1,5,"TZEZ_031",1
1,5,"TZEZ_032",3
1,5,"ZYQC_116",5
1,5,"ZYQC_118",3
1,5,"ZYQC_120",2
1,5,"ZYQC_121",4
1,5,"ZYQC_122",1
1,5,"ZYQC_123",4
1,5,"ZYQC_125",2
1,5,"ZYQC_127",3
1,5,"ZYQC_128",5
1,5,"ZYQC_132",2
1,5,"ZYQC_133",1
1,5,"ZYQC_134",4
1,5,"ZYQC_135",3
1,5,"ZYCZ_038",4
1,5,"ZYCZ_039",1
1,5,"ZYYH_074",5
1,5,"ZYYH_077",3
1,5,"HNSR_058",2
1,5,"ZDFE_119",4
1,5,"ZDFE_124",1
1,5,"ZDFE_125",2
1,5,"ZDFE_127",2
1,5,"ZDFE_128",3
1,5,"ZDFE_130",5
1,5,"ZDFE_131",5
1,5,"ZDFE_133",4
1,5,"ZDFE_134",1
1,5,"ZDFE_135",4
1,5,"ZDFE_136",3
1,5,"ZDFE_138",5
1,5,"ZZRM_108",1
1,5,"ZZRM_109",4
1,5,"ZZRM_111",2
1,5,"ZZRM_115",1
1,5,"JXSY_050",4
1,5,"JXSY_051",4
1,5,"JXSY_052",2
1,5,"JXSY_056",4
1,5,"PHYY_031",3
1,5,"TZEZ_033",5
1,5,"TZEZ_040",2
1,5,"TZEZ_041",1
1,5,"TZEZ_044",4
1,5,"TZEZ_045",5
1,5,"TZEZ_048",4
1,5,"TZEZ_050",5
1,5,"TZEZ_051",1
1,5,"TZEZ_057",4
1,5,"TZEZ_059",4
1,5,"TZEZ_060",1
1,5,"WZZX_021",5
1,5,"LSRM_014",3
1,5,"LSRM_015",1
1,5,"LSRM_016",1
1,5,"SLTD_022",3
1,5,"SLTD_024",4
1,5,"LXZY_014",5
1,5,"LXZY_015",3
1,5,"HZSY_019",2
1,5,"HZSY_022",3
1,5,"HZSY_023",3
2,1,"ZYQC_039",3
2,1,"ZYQC_040",4
2,1,"ZYQC_042",5
2,1,"ZYQC_045",2
2,1,"ZYQC_047",1
2,1,"ZYQC_048",4
2,1,"ZYQC_049",5
2,1,"ZYQC_050",1
2,1,"ZYQC_051",2
2,1,"ZYQC_052",1
2,1,"ZYQC_055",5
2,1,"ZYQC_056",2
2,1,"ZYQC_057",5
2,1,"ZYQC_058",2
2,1,"ZYQC_059",3
2,1,"ZYQC_060",4
2,1,"ZYCZ_018",5
2,1,"ZYCZ_019",4
2,1,"ZYCZ_020",3
2,1,"ZYCZ_023",3
2,1,"ZYCZ_025",2
2,1,"ZYCZ_026",3
2,1,"ZYCZ_027",2
2,1,"ZYCZ_028",2
2,1,"ZYCZ_029",3
2,1,"ZYYH_041",1
2,1,"ZYYH_047",4
2,1,"ZYYH_048",2
2,1,"ZYYH_049",1
2,1,"ZYYH_050",2
2,1,"ZYYH_051",4
2,1,"ZYYH_053",2
2,1,"HNSR_032",3
2,1,"ZDFE_031",3
2,1,"ZDFE_102",3
2,1,"ZDFE_103",1
2,1,"ZDFE_106",1
2,1,"ZZRM_089",2
2,1,"ZZRM_093",4
2,1,"ZZRM_097",2
2,1,"JXSY_023",5
2,1,"JXSY_027",2
2,1,"JXSY_031",1
2,1,"PHYY_014",5
2,1,"PHYY_016",1
2,1,"PHYY_019",1
2,1,"PHYY_021",4
2,1,"TZEZ_018",4
2,1,"LSRM_011",3
2,1,"SLTD_009",2
2,1,"SLTD_010",2
2,1,"SLTD_012",3
2,1,"HZSY_003",1
2,1,"HZSY_004",4
2,1,"HZSY_005",1
2,1,"HZSY_008",3
2,1,"HZSY_012",5
2,1,"HZSY_015",3
2,1,"HZSY_017",2
2,1,"LXZY_011",4
2,1,"LXZY_013",1
2,1,"JXSY_033",2
2,1,"JXSY_036",4
2,1,"JXSY_038",5
2,1,"JXSY_039",3
2,1,"JXSY_041",2
2,1,"JXSY_042",3
2,1,"ZYCZ_030",5
2,1,"ZYCZ_034",1
2,1,"ZYCZ_036",2
2,1,"ZYYH_055",3
2,1,"ZYYH_057",4
2,1,"ZYYH_058",5
2,1,"ZYYH_060",5
2,1,"ZYYH_062",2
2,1,"ZYYH_063",2
2,1,"ZYYH_067",1
2,1,"ZYYH_069",1
2,1,"ZYYH_070",3
2,1,"ZYYH_072",3
2,1,"ZYQC_065",4
2,1,"ZYQC_067",5
2,1,"ZYQC_068",2
2,1,"ZYQC_071",2
2,1,"ZYQC_072",5
2,1,"ZYQC_073",4
2,1,"ZYQC_074",1
2,1,"ZYQC_075",1
2,1,"ZYQC_076",1
2,1,"ZYQC_080",5
2,1,"ZYQC_081",5
2,1,"ZYQC_083",2
2,1,"ZYQC_084",4
2,1,"ZYQC_085",3
2,1,"ZYQC_089",1
2,1,"ZYQC_090",3
2,1,"ZYQC_093",4
2,1,"ZYQC_094",1
2,1,"ZYQC_096",5
2,1,"ZYQC_097",2
2,1,"ZYQC_101",1
2,1,"ZYQC_105",4
2,1,"ZYQC_106",1
2,1,"ZYQC_108",3
2,1,"ZYQC_109",4
2,1,"ZYQC_110",3
2,1,"ZYQC_111",2
2,1,"ZYQC_112",5
2,1,"ZYQC_113",5
2,1,"ZYQC_114",5
2,1,"ZYQC_115",5
2,1,"ZZRM_102",3
2,1,"ZZRM_103",1
2,1,"ZZRM_104",1
2,1,"ZZRM_105",2
2,1,"PHYY_023",3
2,1,"PHYY_026",1
2,1,"PHYY_028",3
2,1,"XARM_036",1
2,1,"HNSR_044",1
2,1,"SLTD_017",3
2,1,"ZDFE_109",4
2,1,"ZDFE_113",2
2,1,"ZDFE_114",2
2,1,"ZDFE_115",2
2,1,"ZDFE_117",1
2,1,"TZEZ_024",5
2,1,"TZEZ_029",4
2,1,"TZEZ_030",5
2,1,"TZEZ_032",5
2,1,"ZYQC_118",5
2,1,"ZYQC_119",5
2,1,"ZYQC_120",5
2,1,"ZYQC_121",4
2,1,"ZYQC_123",5
2,1,"ZYQC_124",4
2,1,"ZYQC_125",4
2,1,"ZYQC_126",2
2,1,"ZYQC_127",3
2,1,"ZYQC_132",3
2,1,"ZYQC_133",4
2,1,"ZYQC_134",4
2,1,"ZYQC_135",5
2,1,"ZYQC_143",4
2,1,"ZYCZ_038",2
2,1,"ZYCZ_039",4
2,1,"ZYYH_074",5
2,1,"ZYYH_077",1
2,1,"HNSR_058",1
2,1,"ZDFE_119",3
2,1,"ZDFE_124",5
2,1,"ZDFE_127",4
2,1,"ZDFE_129",5
2,1,"ZDFE_133",2
2,1,"ZDFE_134",2
2,1,"ZDFE_135",3
2,1,"ZDFE_137",3
2,1,"ZDFE_138",5
2,1,"ZZRM_108",1
2,1,"ZZRM_111",4
2,1,"ZZRM_115",1
2,1,"JXSY_050",5
2,1,"JXSY_051",1
2,1,"JXSY_052",4
2,1,"JXSY_056",2
2,1,"PHYY_031",4
2,1,"TZEZ_038",3
2,1,"TZEZ_040",4
2,1,"TZEZ_043",1
2,1,"TZEZ_045",2
2,1,"TZEZ_048",1
2,1,"TZEZ_051",2
2,1,"TZEZ_053",3
2,1,"TZEZ_056",4
2,1,"TZEZ_057",3
2,1,"TZEZ_059",4
2,1,"TZEZ_060",3
2,1,"TZEZ_061",4
2,1,"WZZX_020",5
2,1,"WZZX_021",5
2,1,"LSRM_014",3
2,1,"LSRM_015",2
2,1,"LSRM_016",5
2,1,"SLTD_020",3
2,1,"SLTD_024",1
2,1,"LXZY_014",4
2,1,"HZSY_022",1
2,1,"HZSY_023",3
2,2,"ZYQC_039",4
2,2,"ZYQC_047",3
2,2,"ZYQC_048",1
2,2,"ZYQC_049",2
2,2,"ZYQC_052",4
2,2,"ZYQC_053",5
2,2,"ZYQC_055",2
2,2,"ZYQC_056",4
2,2,"ZYQC_057",1
2,2,"ZYQC_058",4
2,2,"ZYQC_059",2
2,2,"ZYQC_060",2
2,2,"ZYCZ_018",2
2,2,"ZYCZ_019",5
2,2,"ZYCZ_023",3
2,2,"ZYCZ_025",4
2,2,"ZYCZ_026",1
2,2,"ZYCZ_027",3
2,2,"ZYCZ_028",3
2,2,"ZYCZ_029",4
2,2,"ZYYH_041",2
2,2,"ZYYH_047",3
2,2,"ZYYH_048",1
2,2,"ZYYH_049",4
2,2,"ZYYH_050",1
2,2,"ZYYH_051",4
2,2,"ZYYH_053",1
2,2,"HNSR_032",2
2,2,"ZDFE_031",1
2,2,"ZDFE_101",5
2,2,"ZDFE_102",3
2,2,"ZDFE_103",5
2,2,"ZDFE_104",5
2,2,"ZDFE_105",5
2,2,"ZDFE_106",2
2,2,"ZZRM_089",3
2,2,"ZZRM_096",3
2,2,"ZZRM_097",1
2,2,"JXSY_023",2
2,2,"JXSY_027",2
2,2,"JXSY_031",3
2,2,"PHYY_014",2
2,2,"PHYY_016",4
2,2,"PHYY_019",4
2,2,"PHYY_021",5
2,2,"PHYY_022",3
2,2,"TZEZ_002",2
2,2,"TZEZ_018",4
2,2,"LSRM_011",3
2,2,"SLTD_009",2
2,2,"SLTD_010",5
2,2,"SLTD_012",2
2,2,"HZSY_003",2
2,2,"HZSY_004",4
2,2,"HZSY_005",3
2,2,"HZSY_008",5
2,2,"HZSY_009",2
2,2,"HZSY_012",3
2,2,"HZSY_015",1
2,2,"LXZY_013",1
2,2,"JXSY_033",3
2,2,"JXSY_036",5
2,2,"JXSY_038",4
2,2,"JXSY_039",5
2,2,"JXSY_042",5
2,2,"ZYCZ_032",3
2,2,"ZYCZ_033",2
2,2,"ZYCZ_035",4
2,2,"ZYCZ_036",3
2,2,"ZYYH_056",5
2,2,"ZYYH_061",3
2,2,"ZYYH_063",5
2,2,"ZYYH_066",4
2,2,"ZYYH_067",1
2,2,"ZYYH_070",4
2,2,"ZYYH_071",5
2,2,"ZYYH_072",1
2,2,"ZYQC_065",2
2,2,"ZYQC_067",4
2,2,"ZYQC_068",4
2,2,"ZYQC_071",1
2,2,"ZYQC_072",3
2,2,"ZYQC_073",4
2,2,"ZYQC_074",1
2,2,"ZYQC_075",5
2,2,"ZYQC_080",2
2,2,"ZYQC_083",3
2,2,"ZYQC_084",1
2,2,"ZYQC_085",1
2,2,"ZYQC_093",4
2,2,"ZYQC_094",1
2,2,"ZYQC_095",1
2,2,"ZYQC_096",4
2,2,"ZYQC_097",3
2,2,"ZYQC_098",5
2,2,"ZYQC_100",5
2,2,"ZYQC_101",2
2,2,"ZYQC_102",5
2,2,"ZYQC_103",4
2,2,"ZYQC_104",1
2,2,"ZYQC_106",5
2,2,"ZYQC_109",2
2,2,"ZYQC_110",1
2,2,"ZYQC_111",4
2,2,"ZYQC_112",2
2,2,"ZYQC_113",5
2,2,"ZYQC_114",1
2,2,"ZYQC_115",2
2,2,"ZZRM_101",4
2,2,"ZZRM_103",5
2,2,"ZZRM_104",5
2,2,"ZZRM_105",1
2,2,"PHYY_023",1
2,2,"PHYY_026",3
2,2,"PHYY_028",3
2,2,"XARM_036",4
2,2,"XARM_037",3
2,2,"HNSR_044",5
2,2,"SLTD_015",2
2,2,"SLTD_017",5
2,2,"ZDFE_109",2
2,2,"ZDFE_113",5
2,2,"TZEZ_022",3
2,2,"TZEZ_024",3
2,2,"TZEZ_031",3
2,2,"TZEZ_032",2
2,2,"ZYQC_116",5
2,2,"ZYQC_118",4
2,2,"ZYQC_119",1
2,2,"ZYQC_122",4
2,2,"ZYQC_125",3
2,2,"ZYQC_126",2
2,2,"ZYQC_127",3
2,2,"ZYQC_128",1
2,2,"ZYQC_132",2
2,2,"ZYQC_134",4
2,2,"ZYQC_135",2
2,2,"ZYCZ_038",3
2,2,"ZYCZ_039",1
2,2,"ZYYH_077",4
2,2,"ZDFE_118",1
2,2,"ZDFE_119",3
2,2,"ZDFE_124",3
2,2,"ZDFE_125",2
2,2,"ZDFE_128",4
2,2,"ZDFE_129",4
2,2,"ZDFE_130",5
2,2,"ZDFE_131",4
2,2,"ZDFE_134",1
2,2,"ZDFE_135",4
2,2,"ZDFE_136",5
2,2,"ZDFE_137",3
2,2,"ZZRM_108",4
2,2,"ZZRM_109",3
2,2,"ZZRM_111",2
2,2,"ZZRM_115",2
2,2,"JXSY_051",1
2,2,"JXSY_052",4
2,2,"JXSY_056",1
2,2,"PHYY_029",3
2,2,"PHYY_031",1
2,2,"TZEZ_033",5
2,2,"TZEZ_036",4
2,2,"TZEZ_041",1
2,2,"TZEZ_043",2
2,2,"TZEZ_044",5
2,2,"TZEZ_045",3
2,2,"TZEZ_048",1
2,2,"TZEZ_050",1
2,2,"TZEZ_051",5
2,2,"TZEZ_053",3
2,2,"TZEZ_055",4
2,2,"TZEZ_056",5
2,2,"TZEZ_057",2
2,2,"TZEZ_059",1
2,2,"TZEZ_060",2
2,2,"WZZX_020",5
2,2,"LSRM_014",1
2,2,"LSRM_015",5
2,2,"LSRM_016",2
2,2,"SLTD_019",2
2,2,"SLTD_020",3
2,2,"SLTD_021",2
2,2,"SLTD_022",4
2,2,"SLTD_024",5
2,2,"LXZY_014",5
2,2,"LXZY_015",1
2,2,"HZSY_019",1
2,2,"HZSY_022",3
2,3,"ZYQC_040",3
2,3,"ZYQC_042",5
2,3,"ZYQC_045",1
2,3,"ZYQC_048",1
2,3,"ZYQC_049",4
2,3,"ZYQC_050",4
2,3,"ZYQC_051",2
2,3,"ZYQC_052",5
2,3,"ZYQC_053",3
2,3,"ZYQC_055",2
2,3,"ZYQC_056",2
2,3,"ZYQC_058",2
2,3,"ZYQC_059",1
2,3,"ZYQC_060",4
2,3,"ZYCZ_018",3
2,3,"ZYCZ_019",5
2,3,"ZYCZ_020",5
2,3,"ZYCZ_023",4
2,3,"ZYCZ_025",2
2,3,"ZYCZ_026",2
2,3,"ZYCZ_027",2
2,3,"ZYCZ_029",1
2,3,"ZYYH_041",3
2,3,"ZYYH_049",4
2,3,"ZYYH_050",5
2,3,"ZYYH_051",4
2,3,"ZDFE_101",3
2,3,"ZDFE_102",3
2,3,"ZDFE_103",5
2,3,"ZDFE_104",4
2,3,"ZDFE_105",5
2,3,"ZDFE_106",3
2,3,"ZZRM_093",5
2,3,"ZZRM_096",4
2,3,"ZZRM_097",5
2,3,"JXSY_023",3
2,3,"JXSY_031",4
2,3,"PHYY_014",2
2,3,"PHYY_016",3
2,3,"PHYY_022",3
2,3,"TZEZ_002",1
2,3,"TZEZ_018",2
2,3,"LSRM_011",4
2,3,"SLTD_009",1
2,3,"SLTD_012",5
2,3,"HZSY_003",4
2,3,"HZSY_005",5
2,3,"HZSY_008",2
2,3,"HZSY_009",2
2,3,"HZSY_012",3
2,3,"HZSY_015",1
2,3,"HZSY_017",3
2,3,"LXZY_011",1
2,3,"JXSY_036",1
2,3,"JXSY_039",4
2,3,"JXSY_041",3
2,3,"JXSY_042",1
2,3,"ZYCZ_030",1
2,3,"ZYCZ_032",4
2,3,"ZYCZ_033",2
2,3,"ZYCZ_034",3
2,3,"ZYCZ_035",3
2,3,"ZYYH_055",2
2,3,"ZYYH_056",5
2,3,"ZYYH_057",5
2,3,"ZYYH_058",5
2,3,"ZYYH_060",1
2,3,"ZYYH_061",2
2,3,"ZYYH_062",1
2,3,"ZYYH_063",4
2,3,"ZYYH_066",5
2,3,"ZYYH_067",1
2,3,"ZYYH_069",3
2,3,"ZYYH_070",4
2,3,"ZYYH_071",1
2,3,"ZYQC_065",5
2,3,"ZYQC_067",4
2,3,"ZYQC_068",5
2,3,"ZYQC_072",1
2,3,"ZYQC_073",1
2,3,"ZYQC_074",2
2,3,"ZYQC_075",5
2,3,"ZYQC_076",5
2,3,"ZYQC_080",5
2,3,"ZYQC_081",3
2,3,"ZYQC_083",5
2,3,"ZYQC_084",4
2,3,"ZYQC_089",2
2,3,"ZYQC_090",2
2,3,"ZYQC_093",2
2,3,"ZYQC_094",1
2,3,"ZYQC_095",3
2,3,"ZYQC_097",1
2,3,"ZYQC_098",2
2,3,"ZYQC_100",4
2,3,"ZYQC_101",3
2,3,"ZYQC_102",4
2,3,"ZYQC_103",5
2,3,"ZYQC_104",4
2,3,"ZYQC_105",2
2,3,"ZYQC_106",2
2,3,"ZYQC_108",5
2,3,"ZYQC_109",1
2,3,"ZYQC_111",2
2,3,"ZYQC_113",5
2,3,"ZYQC_114",2
2,3,"ZZRM_101",1
2,3,"ZZRM_102",1
2,3,"ZZRM_103",3
2,3,"ZZRM_105",5
2,3,"PHYY_023",1
2,3,"PHYY_026",4
2,3,"PHYY_028",5
2,3,"XARM_036",3
2,3,"XARM_037",2
2,3,"HNSR_044",2
2,3,"SLTD_015",1
2,3,"SLTD_017",3
2,3,"ZDFE_113",2
2,3,"ZDFE_114",3
2,3,"ZDFE_115",4
2,3,"ZDFE_117",3
2,3,"TZEZ_022",2
2,3,"TZEZ_024",3
2,3,"TZEZ_029",1
2,3,"TZEZ_030",5
2,3,"TZEZ_031",4
2,3,"TZEZ_032",4
2,3,"ZYQC_116",4
2,3,"ZYQC_119",2
2,3,"ZYQC_120",1
2,3,"ZYQC_121",1
2,3,"ZYQC_122",2
2,3,"ZYQC_123",5
2,3,"ZYQC_124",3
2,3,"ZYQC_126",2
2,3,"ZYQC_128",1
2,3,"ZYQC_133",3
2,3,"ZYQC_134",2
2,3,"ZYQC_143",5
2,3,"ZYCZ_038",1
2,3,"ZYCZ_039",3
2,3,"ZYYH_074",5
2,3,"ZYYH_077",4
2,3,"HNSR_058",4
2,3,"ZDFE_118",3
2,3,"ZDFE_124",2
2,3,"ZDFE_125",4
2,3,"ZDFE_127",2
2,3,"ZDFE_128",2
2,3,"ZDFE_129",2
2,3,"ZDFE_130",1
2,3,"ZDFE_131",3
2,3,"ZDFE_133",3
2,3,"ZDFE_135",4
2,3,"ZDFE_136",4
2,3,"ZDFE_137",1
2,3,"ZDFE_138",3
2,3,"ZZRM_109",1
2,3,"ZZRM_111",4
2,3,"ZZRM_115",5
2,3,"JXSY_050",1
2,3,"JXSY_051",2
2,3,"JXSY_052",3
2,3,"PHYY_029",4
2,3,"TZEZ_033",4
2,3,"TZEZ_036",2
2,3,"TZEZ_038",1
2,3,"TZEZ_040",3
2,3,"TZEZ_041",5
2,3,"TZEZ_044",3
2,3,"TZEZ_045",4
2,3,"TZEZ_050",4
2,3,"TZEZ_055",4
2,3,"TZEZ_056",4
2,3,"TZEZ_060",4
2,3,"TZEZ_061",3
2,3,"WZZX_020",1
2,3,"WZZX_021",5
2,3,"LSRM_015",3
2,3,"LSRM_016",1
2,3,"SLTD_019",5
2,3,"SLTD_020",3
2,3,"SLTD_021",5
2,3,"SLTD_022",2
2,3,"LXZY_015",5
2,3,"HZSY_019",5
2,3,"HZSY_022",1
2,3,"HZSY_023",1
2,4,"ZYQC_039",5
2,4,"ZYQC_040",3
2,4,"ZYQC_042",4
2,4,"ZYQC_045",2
2,4,"ZYQC_047",2
2,4,"ZYQC_049",3
2,4,"ZYQC_050",3
2,4,"ZYQC_051",4
2,4,"ZYQC_053",1
2,4,"ZYQC_055",4
2,4,"ZYQC_057",4
2,4,"ZYQC_059",4
2,4,"ZYCZ_020",3
2,4,"ZYCZ_023",2
2,4,"ZYCZ_025",4
2,4,"ZYCZ_026",3
2,4,"ZYCZ_028",3
2,4,"ZYCZ_029",1
2,4,"ZYYH_047",1
2,4,"ZYYH_048",3
2,4,"ZYYH_053",2
2,4,"HNSR_032",5
2,4,"ZDFE_031",5
2,4,"ZDFE_101",1
2,4,"ZDFE_104",2
2,4,"ZDFE_105",3
2,4,"ZZRM_089",4
2,4,"ZZRM_093",4
2,4,"ZZRM_096",4
2,4,"ZZRM_097",2
2,4,"JXSY_023",4
2,4,"JXSY_027",4
2,4,"JXSY_031",5
2,4,"PHYY_016",4
2,4,"PHYY_019",5
2,4,"PHYY_021",4
2,4,"PHYY_022",3
2,4,"TZEZ_002",5
2,4,"TZEZ_018",1
2,4,"SLTD_010",5
2,4,"SLTD_012",1
2,4,"HZSY_003",1
2,4,"HZSY_004",3
2,4,"HZSY_005",5
2,4,"HZSY_009",1
2,4,"HZSY_012",5
2,4,"HZSY_017",1
2,4,"LXZY_011",3
2,4,"LXZY_013",1
2,4,"JXSY_033",2
2,4,"JXSY_038",2
2,4,"JXSY_041",5
2,4,"JXSY_042",2
2,4,"ZYCZ_030",1
2,4,"ZYCZ_032",1
2,4,"ZYCZ_033",2
2,4,"ZYCZ_034",2
2,4,"ZYCZ_035",5
2,4,"ZYCZ_036",3
2,4,"ZYYH_055",4
2,4,"ZYYH_056",2
2,4,"ZYYH_057",5
2,4,"ZYYH_058",3
2,4,"ZYYH_060",1
2,4,"ZYYH_061",5
2,4,"ZYYH_062",4
2,4,"ZYYH_066",3
2,4,"ZYYH_069",1
2,4,"ZYYH_071",1
2,4,"ZYYH_072",1
2,4,"ZYQC_068",1
2,4,"ZYQC_071",3
2,4,"ZYQC_072",3
2,4,"ZYQC_074",1
2,4,"ZYQC_075",4
2,4,"ZYQC_076",2
2,4,"ZYQC_080",4
2,4,"ZYQC_081",5
2,4,"ZYQC_083",1
2,4,"ZYQC_085",4
2,4,"ZYQC_089",1
2,4,"ZYQC_090",4
2,4,"ZYQC_093",1
2,4,"ZYQC_094",5
2,4,"ZYQC_095",5
2,4,"ZYQC_096",4
2,4,"ZYQC_097",3
2,4,"ZYQC_098",5
2,4,"ZYQC_100",5
2,4,"ZYQC_101",4
2,4,"ZYQC_102",3
2,4,"ZYQC_103",3
2,4,"ZYQC_104",4
2,4,"ZYQC_105",5
2,4,"ZYQC_106",4
2,4,"ZYQC_108",2
2,4,"ZYQC_109",2
2,4,"ZYQC_110",1
2,4,"ZYQC_112",5
2,4,"ZYQC_114",3
2,4,"ZYQC_115",5
2,4,"ZZRM_101",4
2,4,"ZZRM_102",4
2,4,"ZZRM_104",5
2,4,"PHYY_028",2
2,4,"XARM_036",5
2,4,"XARM_037",3
2,4,"HNSR_044",4
2,4,"SLTD_015",3
2,4,"SLTD_017",3
2,4,"ZDFE_109",3
2,4,"ZDFE_114",3
2,4,"ZDFE_115",2
2,4,"ZDFE_117",4
2,4,"TZEZ_022",4
2,4,"TZEZ_024",2
2,4,"TZEZ_029",2
2,4,"TZEZ_030",1
2,4,"TZEZ_031",3
2,4,"ZYQC_116",1
2,4,"ZYQC_118",4
2,4,"ZYQC_119",1
2,4,"ZYQC_120",3
2,4,"ZYQC_121",2
2,4,"ZYQC_122",2
2,4,"ZYQC_123",5
2,4,"ZYQC_124",5
2,4,"ZYQC_125",3
2,4,"ZYQC_126",2
2,4,"ZYQC_127",4
2,4,"ZYQC_128",5
2,4,"ZYQC_132",2
2,4,"ZYQC_133",2
2,4,"ZYQC_135",2
2,4,"ZYQC_143",2
2,4,"ZYYH_074",2
2,4,"HNSR_058",4
2,4,"ZDFE_118",3
2,4,"ZDFE_119",2
2,4,"ZDFE_124",1
2,4,"ZDFE_125",5
2,4,"ZDFE_127",1
2,4,"ZDFE_128",4
2,4,"ZDFE_129",2
2,4,"ZDFE_130",4
2,4,"ZDFE_131",4
2,4,"ZDFE_133",2
2,4,"ZDFE_134",5
2,4,"ZDFE_135",1
2,4,"ZDFE_136",5
2,4,"ZDFE_137",2
2,4,"ZDFE_138",5
2,4,"ZZRM_108",5
2,4,"ZZRM_109",3
2,4,"ZZRM_115",4
2,4,"JXSY_050",1
2,4,"JXSY_052",1
2,4,"JXSY_056",5
2,4,"PHYY_029",2
2,4,"PHYY_031",3
2,4,"TZEZ_033",5
2,4,"TZEZ_036",3
2,4,"TZEZ_038",3
2,4,"TZEZ_040",1
2,4,"TZEZ_041",2
2,4,"TZEZ_043",1
2,4,"TZEZ_044",1
2,4,"TZEZ_048",1
2,4,"TZEZ_050",3
2,4,"TZEZ_051",5
2,4,"TZEZ_053",2
2,4,"TZEZ_055",1
2,4,"TZEZ_056",2
2,4,"TZEZ_057",3
2,4,"TZEZ_059",4
2,4,"TZEZ_060",1
2,4,"TZEZ_061",2
2,4,"WZZX_020",1
2,4,"WZZX_021",3
2,4,"LSRM_014",5
2,4,"SLTD_019",3
2,4,"SLTD_020",1
2,4,"SLTD_021",2
2,4,"SLTD_022",5
2,4,"SLTD_024",4
2,4,"LXZY_014",3
2,4,"LXZY_015",5
2,4,"HZSY_019",4
2,4,"HZSY_023",2
2,5,"ZYQC_039",2
2,5,"ZYQC_040",4
2,5,"ZYQC_042",2
2,5,"ZYQC_045",4
2,5,"ZYQC_047",2
2,5,"ZYQC_048",2
2,5,"ZYQC_050",2
2,5,"ZYQC_051",5
2,5,"ZYQC_052",1
2,5,"ZYQC_053",3
2,5,"ZYQC_056",2
2,5,"ZYQC_057",1
2,5,"ZYQC_058",5
2,5,"ZYQC_060",4
2,5,"ZYCZ_018",2
2,5,"ZYCZ_019",3
2,5,"ZYCZ_020",4
2,5,"ZYCZ_027",3
2,5,"ZYCZ_028",5
2,5,"ZYYH_041",1
2,5,"ZYYH_047",3
2,5,"ZYYH_048",1
2,5,"ZYYH_049",2
2,5,"ZYYH_050",1
2,5,"ZYYH_051",5
2,5,"ZYYH_053",2
2,5,"HNSR_032",5
2,5,"ZDFE_031",5
2,5,"ZDFE_101",3
2,5,"ZDFE_102",4
2,5,"ZDFE_103",3
2,5,"ZDFE_104",1
2,5,"ZDFE_105",2
2,5,"ZDFE_106",3
2,5,"ZZRM_089",5
2,5,"ZZRM_093",3
2,5,"ZZRM_096",4
2,5,"JXSY_027",1
2,5,"PHYY_014",4
2,5,"PHYY_019",4
2,5,"PHYY_021",3
2,5,"PHYY_022",2
2,5,"TZEZ_002",2
2,5,"LSRM_011",3
2,5,"SLTD_009",1
2,5,"SLTD_010",5
2,5,"HZSY_004",2
2,5,"HZSY_008",1
2,5,"HZSY_009",4
2,5,"HZSY_015",5
2,5,"HZSY_017",5
2,5,"LXZY_011",1
2,5,"LXZY_013",3
2,5,"JXSY_033",1
2,5,"JXSY_036",3
2,5,"JXSY_038",3
2,5,"JXSY_039",2
2,5,"JXSY_041",2
2,5,"ZYCZ_030",4
2,5,"ZYCZ_032",5
2,5,"ZYCZ_033",2
2,5,"ZYCZ_034",2
2,5,"ZYCZ_035",2
2,5,"ZYCZ_036",1
2,5,"ZYYH_055",2
2,5,"ZYYH_056",1
2,5,"ZYYH_057",2
2,5,"ZYYH_058",2
2,5,"ZYYH_060",3
2,5,"ZYYH_061",4
2,5,"ZYYH_062",1
2,5,"ZYYH_063",5
2,5,"ZYYH_066",4
2,5,"ZYYH_067",4
2,5,"ZYYH_069",5
2,5,"ZYYH_070",1
2,5,"ZYYH_071",1
2,5,"ZYYH_072",5
2,5,"ZYQC_065",2
2,5,"ZYQC_067",5
2,5,"ZYQC_071",5
2,5,"ZYQC_073",2
2,5,"ZYQC_076",3
2,5,"ZYQC_081",3
2,5,"ZYQC_084",1
2,5,"ZYQC_085",1
2,5,"ZYQC_089",4
2,5,"ZYQC_090",1
2,5,"ZYQC_095",3
2,5,"ZYQC_096",4
2,5,"ZYQC_098",4
2,5,"ZYQC_100",1
2,5,"ZYQC_102",2
2,5,"ZYQC_103",5
2,5,"ZYQC_104",3
2,5,"ZYQC_105",3
2,5,"ZYQC_108",2
2,5,"ZYQC_110",4
2,5,"ZYQC_111",3
2,5,"ZYQC_112",5
2,5,"ZYQC_113",1
2,5,"ZYQC_115",1
2,5,"ZZRM_101",3
2,5,"ZZRM_102",3
2,5,"ZZRM_103",5
2,5,"ZZRM_104",4
2,5,"ZZRM_105",1
2,5,"PHYY_023",1
2,5,"PHYY_026",5
2,5,"XARM_037",5
2,5,"SLTD_015",1
2,5,"ZDFE_109",3
2,5,"ZDFE_113",2
2,5,"ZDFE_114",5
2,5,"ZDFE_115",4
2,5,"ZDFE_117",1
2,5,"TZEZ_022",4
2,5,"TZEZ_029",3
2,5,"TZEZ_030",5
2,5,"TZEZ_031",3
2,5,"TZEZ_032",4
2,5,"ZYQC_116",2
2,5,"ZYQC_118",3
2,5,"ZYQC_120",3
2,5,"ZYQC_121",1
2,5,"ZYQC_122",5
2,5,"ZYQC_123",2
2,5,"ZYQC_124",5
2,5,"ZYQC_125",3
2,5,"ZYQC_127",4
2,5,"ZYQC_128",1
2,5,"ZYQC_132",3
2,5,"ZYQC_133",3
2,5,"ZYQC_134",4
2,5,"ZYQC_135",2
2,5,"ZYQC_143",5
2,5,"ZYCZ_038",5
2,5,"ZYCZ_039",4
2,5,"ZYYH_074",4
2,5,"ZYYH_077",3
2,5,"HNSR_058",4
2,5,"ZDFE_118",2
2,5,"ZDFE_119",3
2,5,"ZDFE_125",3
2,5,"ZDFE_127",4
2,5,"ZDFE_128",4
2,5,"ZDFE_130",3
2,5,"ZDFE_131",2
2,5,"ZDFE_133",1
2,5,"ZDFE_134",4
2,5,"ZDFE_136",1
2,5,"ZDFE_138",4
2,5,"ZZRM_108",5
2,5,"ZZRM_109",4
2,5,"ZZRM_111",4
2,5,"JXSY_050",2
2,5,"JXSY_051",5
2,5,"JXSY_056",5
2,5,"PHYY_029",1
2,5,"PHYY_031",4
2,5,"TZEZ_033",2
2,5,"TZEZ_036",2
2,5,"TZEZ_038",3
2,5,"TZEZ_040",1
2,5,"TZEZ_041",1
2,5,"TZEZ_043",5
2,5,"TZEZ_044",3
2,5,"TZEZ_045",1
2,5,"TZEZ_048",1
2,5,"TZEZ_050",3
2,5,"TZEZ_051",4
2,5,"TZEZ_053",4
2,5,"TZEZ_055",2
2,5,"TZEZ_057",1
2,5,"TZEZ_059",4
2,5,"TZEZ_061",1
2,5,"WZZX_021",2
2,5,"LSRM_014",5
2,5,"LSRM_015",5
2,5,"LSRM_016",5
2,5,"SLTD_019",3
2,5,"SLTD_021",2
2,5,"SLTD_022",1
2,5,"SLTD_024",4
2,5,"LXZY_014",5
2,5,"LXZY_015",5
2,5,"HZSY_019",5
2,5,"HZSY_022",4
2,5,"HZSY_023",2
3,1,"ZYQC_039",4
3,1,"ZYQC_040",3
3,1,"ZYQC_045",4
3,1,"ZYQC_047",5
3,1,"ZYQC_048",4
3,1,"ZYQC_049",2
3,1,"ZYQC_050",4
3,1,"ZYQC_051",3
3,1,"ZYQC_052",3
3,1,"ZYQC_055",2
3,1,"ZYQC_057",1
3,1,"ZYQC_058",5
3,1,"ZYQC_059",5
3,1,"ZYQC_060",3
3,1,"ZYCZ_018",2
3,1,"ZYCZ_019",5
3,1,"ZYCZ_020",3
3,1,"ZYCZ_025",5
3,1,"ZYCZ_026",5
3,1,"ZYCZ_027",4
3,1,"ZYCZ_028",1
3,1,"ZYCZ_029",3
3,1,"ZYYH_041",1
3,1,"ZYYH_048",5
3,1,"ZYYH_051",3
3,1,"ZYYH_053",5
3,1,"HNSR_032",3
3,1,"ZDFE_101",1
3,1,"ZDFE_102",5
3,1,"ZDFE_103",2
3,1,"ZDFE_104",2
3,1,"ZDFE_105",1
3,1,"ZDFE_106",2
3,1,"ZZRM_089",2
3,1,"ZZRM_093",4
3,1,"ZZRM_096",1
3,1,"ZZRM_097",2
3,1,"JXSY_023",5
3,1,"JXSY_027",2
3,1,"JXSY_031",3
3,1,"PHYY_014",1
3,1,"PHYY_016",4
3,1,"PHYY_021",2
3,1,"PHYY_022",5
3,1,"TZEZ_002",1
3,1,"LSRM_011",5
3,1,"SLTD_009",2
3,1,"SLTD_012",2
3,1,"HZSY_003",5
3,1,"HZSY_004",1
3,1,"HZSY_005",1
3,1,"HZSY_008",3
3,1,"HZSY_009",5
3,1,"HZSY_015",2
3,1,"HZSY_017",2
3,1,"LXZY_011",1
3,1,"LXZY_013",1
3,1,"JXSY_033",5
3,1,"JXSY_036",3
3,1,"JXSY_038",4
3,1,"JXSY_039",1
3,1,"JXSY_041",4
3,1,"JXSY_042",2
3,1,"ZYCZ_030",4
3,1,"ZYCZ_033",5
3,1,"ZYCZ_034",3
3,1,"ZYCZ_035",3
3,1,"ZYCZ_036",4
3,1,"ZYYH_055",4
3,1,"ZYYH_060",4
3,1,"ZYYH_061",1
3,1,"ZYYH_063",3
3,1,"ZYYH_067",2
3,1,"ZYYH_069",1
3,1,"ZYYH_070",1
3,1,"ZYYH_071",5
3,1,"ZYYH_072",1
3,1,"ZYQC_065",3
3,1,"ZYQC_067",3
3,1,"ZYQC_071",2
3,1,"ZYQC_072",5
3,1,"ZYQC_076",3
3,1,"ZYQC_080",1
3,1,"ZYQC_081",5
3,1,"ZYQC_083",3
3,1,"ZYQC_084",4
3,1,"ZYQC_089",1
3,1,"ZYQC_093",4
3,1,"ZYQC_094",5
3,1,"ZYQC_100",1
3,1,"ZYQC_101",1
3,1,"ZYQC_102",3
3,1,"ZYQC_103",1
3,1,"ZYQC_104",3
3,1,"ZYQC_106",2
3,1,"ZYQC_108",2
3,1,"ZYQC_109",2
3,1,"ZYQC_110",2
3,1,"ZYQC_111",3
3,1,"ZYQC_112",3
3,1,"ZYQC_113",2
3,1,"ZYQC_114",2
3,1,"ZYQC_115",1
3,1,"ZZRM_101",1
3,1,"ZZRM_102",5
3,1,"ZZRM_103",3
3,1,"ZZRM_104",2
3,1,"ZZRM_105",3
3,1,"PHYY_023",5
3,1,"PHYY_026",3
3,1,"PHYY_028",1
3,1,"XARM_037",5
3,1,"HNSR_044",4
3,1,"SLTD_015",4
3,1,"SLTD_017",2
3,1,"ZDFE_109",5
3,1,"ZDFE_113",5
3,1,"ZDFE_114",1
3,1,"ZDFE_115",3
3,1,"ZDFE_117",5
3,1,"TZEZ_022",3
3,1,"TZEZ_024",1
3,1,"TZEZ_029",4
3,1,"TZEZ_031",4
3,1,"TZEZ_032",1
3,1,"ZYQC_116",3
3,1,"ZYQC_118",3
3,1,"ZYQC_119",4
3,1,"ZYQC_120",5
3,1,"ZYQC_123",3
3,1,"ZYQC_124",5
3,1,"ZYQC_125",1
3,1,"ZYQC_128",2
3,1,"ZYQC_132",5
3,1,"ZYQC_133",5
3,1,"ZYQC_134",2
3,1,"ZYQC_135",1
3,1,"ZYQC_143",4
3,1,"ZYCZ_038",5
3,1,"ZYCZ_039",1
3,1,"ZYYH_074",5
3,1,"ZYYH_077",3
3,1,"HNSR_058",4
3,1,"ZDFE_119",4
3,1,"ZDFE_124",3
3,1,"ZDFE_125",4
3,1,"ZDFE_127",5
3,1,"ZDFE_128",4
3,1,"ZDFE_129",4
3,1,"ZDFE_133",3
3,1,"ZDFE_134",4
3,1,"ZDFE_135",5
3,1,"ZDFE_136",2
3,1,"ZDFE_138",4
3,1,"ZZRM_108",2
3,1,"ZZRM_109",3
3,1,"ZZRM_111",2
3,1,"ZZRM_115",1
3,1,"JXSY_050",4
3,1,"JXSY_051",4
3,1,"JXSY_052",4
3,1,"JXSY_056",4
3,1,"PHYY_029",4
3,1,"PHYY_031",2
3,1,"TZEZ_036",2
3,1,"TZEZ_038",2
3,1,"TZEZ_040",2
3,1,"TZEZ_041",1
3,1,"TZEZ_043",4
3,1,"TZEZ_044",1
3,1,"TZEZ_045",2
3,1,"TZEZ_048",1
3,1,"TZEZ_051",4
3,1,"TZEZ_053",3
3,1,"TZEZ_056",5
3,1,"TZEZ_057",5
3,1,"TZEZ_059",3
3,1,"TZEZ_061",3
3,1,"WZZX_021",2
3,1,"LSRM_015",2
3,1,"LSRM_016",1
3,1,"SLTD_019",4
3,1,"SLTD_020",4
3,1,"SLTD_021",1
3,1,"SLTD_022",3
3,1,"LXZY_014",2
3,1,"LXZY_015",5
3,1,"HZSY_019",1
3,2,"ZYQC_039",5
3,2,"ZYQC_042",5
3,2,"ZYQC_045",4
3,2,"ZYQC_047",1
3,2,"ZYQC_048",3
3,2,"ZYQC_050",1
3,2,"ZYQC_051",1
3,2,"ZYQC_053",2
3,2,"ZYQC_055",1
3,2,"ZYQC_056",5
3,2,"ZYQC_057",2
3,2,"ZYQC_059",1
3,2,"ZYQC_060",5
3,2,"ZYCZ_018",1
3,2,"ZYCZ_019",4
3,2,"ZYCZ_023",2
3,2,"ZYCZ_025",5
3,2,"ZYCZ_026",3
3,2,"ZYCZ_027",1
3,2,"ZYYH_041",1
3,2,"ZYYH_047",3
3,2,"ZYYH_048",5
3,2,"ZYYH_049",5
3,2,"ZYYH_050",4
3,2,"ZYYH_051",1
3,2,"HNSR_032",1
3,2,"ZDFE_031",3
3,2,"ZDFE_102",1
3,2,"ZDFE_103",2
3,2,"ZDFE_105",1
3,2,"ZDFE_106",2
3,2,"ZZRM_089",1
3,2,"ZZRM_096",2
3,2,"ZZRM_097",4
3,2,"JXSY_027",5
3,2,"JXSY_031",3
3,2,"PHYY_014",1
3,2,"PHYY_016",2
3,2,"PHYY_019",1
3,2,"PHYY_021",3
3,2,"TZEZ_002",3
3,2,"TZEZ_018",3
3,2,"SLTD_009",1
3,2,"SLTD_010",1
3,2,"HZSY_003",2
3,2,"HZSY_004",2
3,2,"HZSY_008",1
3,2,"HZSY_009",2
3,2,"HZSY_012",4
3,2,"HZSY_017",2
3,2,"LXZY_011",5
3,2,"LXZY_013",4
3,2,"JXSY_033",2
3,2,"JXSY_036",4
3,2,"JXSY_038",5
3,2,"JXSY_039",1
3,2,"JXSY_041",1
3,2,"JXSY_042",4
3,2,"ZYCZ_030",1
3,2,"ZYCZ_032",1
3,2,"ZYCZ_033",4
3,2,"ZYCZ_035",5
3,2,"ZYCZ_036",3
3,2,"ZYYH_055",2
3,2,"ZYYH_056",1
3,2,"ZYYH_057",4
3,2,"ZYYH_058",2
3,2,"ZYYH_062",4
3,2,"ZYYH_066",4
3,2,"ZYYH_067",2
3,2,"ZYYH_070",1
3,2,"ZYYH_071",1
3,2,"ZYYH_072",5
3,2,"ZYQC_065",4
3,2,"ZYQC_067",2
3,2,"ZYQC_068",5
3,2,"ZYQC_071",2
3,2,"ZYQC_072",2
3,2,"ZYQC_073",4
3,2,"ZYQC_074",5
3,2,"ZYQC_075",3
3,2,"ZYQC_076",2
3,2,"ZYQC_080",5
3,2,"ZYQC_081",5
3,2,"ZYQC_083",2
3,2,"ZYQC_084",4
3,2,"ZYQC_085",2
3,2,"ZYQC_090",4
3,2,"ZYQC_095",5
3,2,"ZYQC_096",4
3,2,"ZYQC_097",3
3,2,"ZYQC_098",4
3,2,"ZYQC_101",5
3,2,"ZYQC_102",1
3,2,"ZYQC_104",5
3,2,"ZYQC_105",3
3,2,"ZYQC_108",5
3,2,"ZYQC_109",3
3,2,"ZYQC_110",3
3,2,"ZYQC_111",2
3,2,"ZYQC_112",2
3,2,"ZYQC_114",5
3,2,"ZZRM_102",3
3,2,"ZZRM_103",1
3,2,"ZZRM_104",2
3,2,"ZZRM_105",3
3,2,"PHYY_023",3
3,2,"PHYY_026",3
3,2,"XARM_036",4
3,2,"XARM_037",2
3,2,"HNSR_044",1
3,2,"SLTD_015",5
3,2,"SLTD_017",5
3,2,"ZDFE_109",1
3,2,"ZDFE_113",2
3,2,"ZDFE_117",1
3,2,"TZEZ_022",4
3,2,"TZEZ_024",3
3,2,"TZEZ_029",1
3,2,"TZEZ_030",4
3,2,"TZEZ_031",2
3,2,"TZEZ_032",3
3,2,"ZYQC_116",4
3,2,"ZYQC_118",3
3,2,"ZYQC_119",3
3,2,"ZYQC_120",3
3,2,"ZYQC_121",3
3,2,"ZYQC_122",4
3,2,"ZYQC_123",4
3,2,"ZYQC_124",3
3,2,"ZYQC_125",4
3,2,"ZYQC_126",4
3,2,"ZYQC_127",2
3,2,"ZYQC_128",5
3,2,"ZYQC_132",3
3,2,"ZYQC_134",3
3,2,"ZYQC_135",2
3,2,"ZYQC_143",3
3,2,"ZYCZ_038",3
3,2,"ZYCZ_039",4
3,2,"ZYYH_074",5
3,2,"ZYYH_077",5
3,2,"HNSR_058",5
3,2,"ZDFE_118",3
3,2,"ZDFE_119",1
3,2,"ZDFE_124",2
3,2,"ZDFE_127",5
3,2,"ZDFE_128",5
3,2,"ZDFE_129",2
3,2,"ZDFE_130",5
3,2,"ZDFE_131",2
3,2,"ZDFE_135",3
3,2,"ZDFE_136",2
3,2,"ZDFE_137",4
3,2,"ZDFE_138",3
3,2,"ZZRM_108",4
3,2,"ZZRM_109",3
3,2,"ZZRM_111",2
3,2,"ZZRM_115",5
3,2,"JXSY_050",3
3,2,"JXSY_052",2
3,2,"JXSY_056",1
3,2,"TZEZ_033",1
3,2,"TZEZ_036",5
3,2,"TZEZ_040",4
3,2,"TZEZ_041",4
3,2,"TZEZ_043",1
3,2,"TZEZ_045",1
3,2,"TZEZ_048",3
3,2,"TZEZ_050",5
3,2,"TZEZ_051",2
3,2,"TZEZ_053",3
3,2,"TZEZ_055",4
3,2,"TZEZ_056",4
3,2,"TZEZ_057",2
3,2,"TZEZ_059",4
3,2,"TZEZ_060",1
3,2,"WZZX_020",4
3,2,"WZZX_021",4
3,2,"LSRM_014",5
3,2,"LSRM_015",4
3,2,"SLTD_019",4
3,2,"SLTD_022",5
3,2,"SLTD_024",2
3,2,"LXZY_014",3
3,2,"LXZY_015",1
3,2,"HZSY_019",3
3,2,"HZSY_022",5
3,2,"HZSY_023",5
3,3,"ZYQC_039",2
3,3,"ZYQC_040",1
3,3,"ZYQC_042",2
3,3,"ZYQC_045",2
3,3,"ZYQC_047",2
3,3,"ZYQC_048",1
3,3,"ZYQC_049",3
3,3,"ZYQC_050",2
3,3,"ZYQC_051",4
3,3,"ZYQC_052",4
3,3,"ZYQC_053",1
3,3,"ZYQC_055",2
3,3,"ZYQC_056",5
3,3,"ZYQC_058",4
3,3,"ZYCZ_018",5
3,3,"ZYCZ_020",1
3,3,"ZYCZ_023",2
3,3,"ZYCZ_025",2
3,3,"ZYCZ_026",1
3,3,"ZYCZ_027",1
3,3,"ZYCZ_028",5
3,3,"ZYCZ_029",1
3,3,"ZYYH_047",3
3,3,"ZYYH_048",3
3,3,"ZYYH_049",1
3,3,"ZYYH_050",1
3,3,"ZYYH_053",5
3,3,"HNSR_032",4
3,3,"ZDFE_031",4
3,3,"ZDFE_101",2
3,3,"ZDFE_103",5
3,3,"ZDFE_104",3
3,3,"ZDFE_106",2
3,3,"ZZRM_089",3
3,3,"ZZRM_093",4
3,3,"ZZRM_096",5
3,3,"ZZRM_097",2
3,3,"JXSY_023",2
3,3,"JXSY_031",5
3,3,"PHYY_014",5
3,3,"PHYY_016",3
3,3,"PHYY_019",1
3,3,"PHYY_021",3
3,3,"PHYY_022",4
3,3,"TZEZ_018",1
3,3,"LSRM_011",3
3,3,"SLTD_009",5
3,3,"SLTD_010",1
3,3,"SLTD_012",1
3,3,"HZSY_005",3
3,3,"HZSY_009",4
3,3,"HZSY_012",1
3,3,"HZSY_015",3
3,3,"LXZY_011",4
3,3,"JXSY_036",1
3,3,"JXSY_038",4
3,3,"JXSY_039",1
3,3,"JXSY_041",4
3,3,"JXSY_042",1
3,3,"ZYCZ_030",2
3,3,"ZYCZ_032",1
3,3,"ZYCZ_033",1
3,3,"ZYCZ_034",5
3,3,"ZYCZ_035",1
3,3,"ZYYH_055",3
3,3,"ZYYH_056",3
3,3,"ZYYH_057",1
3,3,"ZYYH_058",1
3,3,"ZYYH_060",2
3,3,"ZYYH_061",3
3,3,"ZYYH_062",1
3,3,"ZYYH_063",4
3,3,"ZYYH_066",4
3,3,"ZYYH_069",1
3,3,"ZYYH_070",4
3,3,"ZYYH_072",3
3,3,"ZYQC_065",3
3,3,"ZYQC_067",3
3,3,"ZYQC_068",4
3,3,"ZYQC_073",1
3,3,"ZYQC_074",5
3,3,"ZYQC_075",5
3,3,"ZYQC_076",4
3,3,"ZYQC_080",5
3,3,"ZYQC_081",5
3,3,"ZYQC_083",2
3,3,"ZYQC_084",4
3,3,"ZYQC_085",4
3,3,"ZYQC_089",1
3,3,"ZYQC_090",1
3,3,"ZYQC_093",5
3,3,"ZYQC_094",2
3,3,"ZYQC_095",2
3,3,"ZYQC_096",3
3,3,"ZYQC_097",1
3,3,"ZYQC_098",4
3,3,"ZYQC_100",3
3,3,"ZYQC_101",3
3,3,"ZYQC_103",2
3,3,"ZYQC_104",5
3,3,"ZYQC_105",2
3,3,"ZYQC_106",4
3,3,"ZYQC_108",5
3,3,"ZYQC_109",1
3,3,"ZYQC_111",2
3,3,"ZYQC_112",2
3,3,"ZYQC_113",2
3,3,"ZYQC_115",5
3,3,"ZZRM_101",5
3,3,"ZZRM_102",5
3,3,"ZZRM_103",5
3,3,"ZZRM_105",1
3,3,"PHYY_023",3
3,3,"PHYY_026",2
3,3,"PHYY_028",4
3,3,"XARM_036",5
3,3,"XARM_037",3
3,3,"HNSR_044",3
3,3,"SLTD_015",3
3,3,"SLTD_017",4
3,3,"ZDFE_109",2
3,3,"ZDFE_113",5
3,3,"ZDFE_114",3
3,3,"ZDFE_115",3
3,3,"ZDFE_117",3
3,3,"TZEZ_022",1
3,3,"TZEZ_029",5
3,3,"TZEZ_030",5
3,3,"TZEZ_032",2
3,3,"ZYQC_116",5
3,3,"ZYQC_118",4
3,3,"ZYQC_120",5
3,3,"ZYQC_121",3
3,3,"ZYQC_122",5
3,3,"ZYQC_124",1
3,3,"ZYQC_125",4
3,3,"ZYQC_126",4
3,3,"ZYQC_127",3
3,3,"ZYQC_128",2
3,3,"ZYQC_132",1
3,3,"ZYQC_133",2
3,3,"ZYQC_134",3
3,3,"ZYQC_143",3
3,3,"ZYCZ_038",3
3,3,"ZYYH_074",1
3,3,"ZDFE_118",2
3,3,"ZDFE_119",4
3,3,"ZDFE_124",3
3,3,"ZDFE_125",1
3,3,"ZDFE_127",2
3,3,"ZDFE_129",2
3,3,"ZDFE_130",2
3,3,"ZDFE_131",2
3,3,"ZDFE_133",4
3,3,"ZDFE_134",5
3,3,"ZDFE_136",5
3,3,"ZDFE_137",4
3,3,"ZDFE_138",4
3,3,"ZZRM_115",4
3,3,"JXSY_051",4
3,3,"JXSY_052",5
3,3,"JXSY_056",2
3,3,"PHYY_029",4
3,3,"PHYY_031",2
3,3,"TZEZ_033",4
3,3,"TZEZ_036",3
3,3,"TZEZ_038",4
3,3,"TZEZ_041",5
3,3,"TZEZ_043",1
3,3,"TZEZ_044",4
3,3,"TZEZ_045",5
3,3,"TZEZ_048",5
3,3,"TZEZ_050",4
3,3,"TZEZ_051",2
3,3,"TZEZ_055",2
3,3,"TZEZ_056",3
3,3,"TZEZ_059",4
3,3,"TZEZ_060",3
3,3,"TZEZ_061",1
3,3,"WZZX_020",3
3,3,"WZZX_021",5
3,3,"LSRM_014",5
3,3,"LSRM_016",3
3,3,"SLTD_019",3
3,3,"SLTD_020",1
3,3,"SLTD_021",5
3,3,"SLTD_024",2
3,3,"HZSY_022",4
3,3,"HZSY_023",2
3,4,"ZYQC_040",5
3,4,"ZYQC_042",4
3,4,"ZYQC_047",2
3,4,"ZYQC_048",3
3,4,"ZYQC_049",5
3,4,"ZYQC_051",4
3,4,"ZYQC_052",3
3,4,"ZYQC_053",3
3,4,"ZYQC_056",4
3,4,"ZYQC_057",2
3,4,"ZYQC_058",2
3,4,"ZYQC_059",5
3,4,"ZYQC_060",4
3,4,"ZYCZ_018",1
3,4,"ZYCZ_019",3
3,4,"ZYCZ_020",2
3,4,"ZYCZ_023",5
3,4,"ZYCZ_025",4
3,4,"ZYCZ_028",3
3,4,"ZYCZ_029",2
3,4,"ZYYH_041",5
3,4,"ZYYH_047",5
3,4,"ZYYH_049",3
3,4,"ZYYH_050",3
3,4,"ZYYH_051",5
3,4,"ZYYH_053",4
3,4,"HNSR_032",3
3,4,"ZDFE_031",2
3,4,"ZDFE_101",4
3,4,"ZDFE_102",4
3,4,"ZDFE_104",4
3,4,"ZDFE_105",3
3,4,"ZDFE_106",1
3,4,"ZZRM_093",3
3,4,"ZZRM_097",2
3,4,"JXSY_023",1
3,4,"JXSY_027",5
3,4,"PHYY_014",2
3,4,"PHYY_019",1
3,4,"PHYY_022",1
3,4,"TZEZ_002",4
3,4,"TZEZ_018",3
3,4,"LSRM_011",2
3,4,"SLTD_010",2
3,4,"SLTD_012",2
3,4,"HZSY_003",3
3,4,"HZSY_004",5
3,4,"HZSY_005",2
3,4,"HZSY_008",1
3,4,"HZSY_012",5
3,4,"HZSY_015",4
3,4,"HZSY_017",5
3,4,"LXZY_013",4
3,4,"JXSY_033",5
3,4,"JXSY_038",1
3,4,"JXSY_039",5
3,4,"JXSY_042",2
3,4,"ZYCZ_032",4
3,4,"ZYCZ_033",5
3,4,"ZYCZ_034",1
3,4,"ZYCZ_035",3
3,4,"ZYCZ_036",5
3,4,"ZYYH_056",1
3,4,"ZYYH_057",2
3,4,"ZYYH_058",2
3,4,"ZYYH_060",4
3,4,"ZYYH_061",2
3,4,"ZYYH_062",3
3,4,"ZYYH_063",5
3,4,"ZYYH_066",1
3,4,"ZYYH_067",1
3,4,"ZYYH_069",2
3,4,"ZYYH_070",3
3,4,"ZYYH_071",5
3,4,"ZYQC_068",3
3,4,"ZYQC_071",3
3,4,"ZYQC_072",1
3,4,"ZYQC_073",3
3,4,"ZYQC_074",1
3,4,"ZYQC_075",4
3,4,"ZYQC_076",5
3,4,"ZYQC_080",4
3,4,"ZYQC_081",1
3,4,"ZYQC_083",1
3,4,"ZYQC_084",5
3,4,"ZYQC_085",2
3,4,"ZYQC_089",1
3,4,"ZYQC_090",2
3,4,"ZYQC_093",3
3,4,"ZYQC_094",3
3,4,"ZYQC_095",5
3,4,"ZYQC_096",1
3,4,"ZYQC_097",1
3,4,"ZYQC_098",3
3,4,"ZYQC_100",3
3,4,"ZYQC_101",2
3,4,"ZYQC_102",2
3,4,"ZYQC_103",5
3,4,"ZYQC_105",1
3,4,"ZYQC_106",4
3,4,"ZYQC_108",2
3,4,"ZYQC_109",4
3,4,"ZYQC_110",3
3,4,"ZYQC_111",4
3,4,"ZYQC_112",2
3,4,"ZYQC_113",2
3,4,"ZYQC_114",4
3,4,"ZYQC_115",1
3,4,"ZZRM_101",2
3,4,"ZZRM_104",3
3,4,"PHYY_028",5
3,4,"XARM_036",3
3,4,"ZDFE_109",4
3,4,"ZDFE_114",3
3,4,"ZDFE_115",2
3,4,"TZEZ_024",1
3,4,"TZEZ_030",3
3,4,"TZEZ_031",4
3,4,"TZEZ_032",5
3,4,"ZYQC_119",5
3,4,"ZYQC_120",4
3,4,"ZYQC_121",4
3,4,"ZYQC_122",3
3,4,"ZYQC_123",1
3,4,"ZYQC_124",4
3,4,"ZYQC_126",2
3,4,"ZYQC_127",5
3,4,"ZYQC_128",1
3,4,"ZYQC_132",2
3,4,"ZYQC_133",4
3,4,"ZYQC_135",3
3,4,"ZYQC_143",1
3,4,"ZYCZ_038",4
3,4,"ZYCZ_039",1
3,4,"ZYYH_077",1
3,4,"HNSR_058",3
3,4,"ZDFE_118",2
3,4,"ZDFE_124",5
3,4,"ZDFE_125",2
3,4,"ZDFE_127",4
3,4,"ZDFE_128",1
3,4,"ZDFE_129",1
3,4,"ZDFE_130",4
3,4,"ZDFE_131",2
3,4,"ZDFE_133",5
3,4,"ZDFE_134",4
3,4,"ZDFE_135",3
3,4,"ZDFE_137",5
3,4,"ZDFE_138",3
3,4,"ZZRM_108",2
3,4,"ZZRM_109",5
3,4,"ZZRM_111",4
3,4,"ZZRM_115",5
3,4,"JXSY_050",4
3,4,"JXSY_051",4
3,4,"JXSY_056",3
3,4,"PHYY_029",1
3,4,"PHYY_031",3
3,4,"TZEZ_033",4
3,4,"TZEZ_038",4
3,4,"TZEZ_040",4
3,4,"TZEZ_041",1
3,4,"TZEZ_043",2
3,4,"TZEZ_044",1
3,4,"TZEZ_048",2
3,4,"TZEZ_050",3
3,4,"TZEZ_051",5
3,4,"TZEZ_053",3
3,4,"TZEZ_055",2
3,4,"TZEZ_056",5
3,4,"TZEZ_057",2
3,4,"TZEZ_059",1
3,4,"TZEZ_060",5
3,4,"TZEZ_061",3
3,4,"WZZX_020",4
3,4,"WZZX_021",5
3,4,"LSRM_014",5
3,4,"LSRM_015",1
3,4,"LSRM_016",1
3,4,"SLTD_019",3
3,4,"SLTD_020",5
3,4,"SLTD_021",2
3,4,"SLTD_022",1
3,4,"SLTD_024",2
3,4,"LXZY_014",5
3,4,"LXZY_015",1
3,4,"HZSY_019",1
3,4,"HZSY_022",1
3,4,"HZSY_023",4
3,5,"ZYQC_039",2
3,5,"ZYQC_040",4
3,5,"ZYQC_042",1
3,5,"ZYQC_045",1
3,5,"ZYQC_049",1
3,5,"ZYQC_050",2
3,5,"ZYQC_052",4
3,5,"ZYQC_053",3
3,5,"ZYQC_055",2
3,5,"ZYQC_056",4
3,5,"ZYQC_057",3
3,5,"ZYQC_058",4
3,5,"ZYQC_059",4
3,5,"ZYQC_060",4
3,5,"ZYCZ_019",4
3,5,"ZYCZ_020",2
3,5,"ZYCZ_023",2
3,5,"ZYCZ_026",5
3,5,"ZYCZ_027",3
3,5,"ZYCZ_028",1
3,5,"ZYCZ_029",1
3,5,"ZYYH_041",3
3,5,"ZYYH_047",5
3,5,"ZYYH_048",1
3,5,"ZYYH_049",2
3,5,"ZYYH_050",3
3,5,"ZYYH_051",1
3,5,"ZYYH_053",5
3,5,"ZDFE_031",2
3,5,"ZDFE_101",2
3,5,"ZDFE_102",2
3,5,"ZDFE_103",2
3,5,"ZDFE_104",2
3,5,"ZDFE_105",1
3,5,"ZZRM_089",4
3,5,"ZZRM_093",5
3,5,"ZZRM_096",4
3,5,"JXSY_023",3
3,5,"JXSY_027",5
3,5,"JXSY_031",5
3,5,"PHYY_016",4
3,5,"PHYY_019",1
3,5,"PHYY_021",5
3,5,"PHYY_022",2
3,5,"TZEZ_002",1
3,5,"TZEZ_018",5
3,5,"LSRM_011",5
3,5,"SLTD_009",5
3,5,"SLTD_010",2
3,5,"SLTD_012",5
3,5,"HZSY_003",5
3,5,"HZSY_004",1
3,5,"HZSY_005",4
3,5,"HZSY_008",1
3,5,"HZSY_009",3
3,5,"HZSY_012",1
3,5,"HZSY_015",1
3,5,"HZSY_017",1
3,5,"LXZY_011",3
3,5,"LXZY_013",1
3,5,"JXSY_033",3
3,5,"JXSY_036",2
3,5,"JXSY_041",2
3,5,"ZYCZ_030",3
3,5,"ZYCZ_032",4
3,5,"ZYCZ_034",1
3,5,"ZYCZ_036",5
3,5,"ZYYH_055",5
3,5,"ZYYH_056",4
3,5,"ZYYH_057",3
3,5,"ZYYH_058",5
3,5,"ZYYH_060",2
3,5,"ZYYH_061",2
3,5,"ZYYH_062",1
3,5,"ZYYH_063",5
3,5,"ZYYH_066",1
3,5,"ZYYH_067",4
3,5,"ZYYH_069",2
3,5,"ZYYH_071",2
3,5,"ZYYH_072",1
3,5,"ZYQC_065",1
3,5,"ZYQC_067",1
3,5,"ZYQC_068",4
3,5,"ZYQC_071",4
3,5,"ZYQC_072",4
3,5,"ZYQC_073",5
3,5,"ZYQC_074",5
3,5,"ZYQC_075",4
3,5,"ZYQC_085",5
3,5,"ZYQC_089",4
3,5,"ZYQC_090",5
3,5,"ZYQC_093",5
3,5,"ZYQC_094",3
3,5,"ZYQC_095",1
3,5,"ZYQC_096",2
3,5,"ZYQC_097",3
3,5,"ZYQC_098",5
3,5,"ZYQC_100",4
3,5,"ZYQC_102",1
3,5,"ZYQC_103",3
3,5,"ZYQC_104",3
3,5,"ZYQC_105",1
3,5,"ZYQC_106",1
3,5,"ZYQC_110",1
3,5,"ZYQC_113",2
3,5,"ZYQC_114",4
3,5,"ZYQC_115",2
3,5,"ZZRM_101",5
3,5,"ZZRM_102",2
3,5,"ZZRM_103",3
3,5,"ZZRM_104",2
3,5,"ZZRM_105",2
3,5,"PHYY_023",4
3,5,"PHYY_026",3
3,5,"PHYY_028",3
3,5,"XARM_036",1
3,5,"XARM_037",4
3,5,"HNSR_044",4
3,5,"SLTD_015",4
3,5,"SLTD_017",3
3,5,"ZDFE_113",4
3,5,"ZDFE_114",5
3,5,"ZDFE_115",2
3,5,"ZDFE_117",4
3,5,"TZEZ_022",2
3,5,"TZEZ_024",1
3,5,"TZEZ_029",2
3,5,"TZEZ_030",4
3,5,"TZEZ_031",3
3,5,"ZYQC_116",1
3,5,"ZYQC_118",3
3,5,"ZYQC_119",1
3,5,"ZYQC_121",4
3,5,"ZYQC_122",2
3,5,"ZYQC_123",1
3,5,"ZYQC_125",1
3,5,"ZYQC_126",1
3,5,"ZYQC_127",3
3,5,"ZYQC_133",4
3,5,"ZYQC_134",2
3,5,"ZYQC_135",3
3,5,"ZYCZ_039",3
3,5,"ZYYH_074",2
3,5,"ZYYH_077",3
3,5,"HNSR_058",3
3,5,"ZDFE_118",3
3,5,"ZDFE_119",2
3,5,"ZDFE_125",2
3,5,"ZDFE_128",2
3,5,"ZDFE_130",5
3,5,"ZDFE_131",4
3,5,"ZDFE_133",1
3,5,"ZDFE_134",5
3,5,"ZDFE_135",3
3,5,"ZDFE_136",5
3,5,"ZDFE_137",4
3,5,"ZZRM_108",5
3,5,"ZZRM_109",2
3,5,"ZZRM_111",3
3,5,"JXSY_050",5
3,5,"JXSY_051",2
3,5,"JXSY_052",3
3,5,"PHYY_029",5
3,5,"PHYY_031",5
3,5,"TZEZ_033",3
3,5,"TZEZ_036",2
3,5,"TZEZ_038",5
3,5,"TZEZ_040",1
3,5,"TZEZ_044",5
3,5,"TZEZ_045",3
3,5,"TZEZ_050",1
3,5,"TZEZ_053",4
3,5,"TZEZ_055",4
3,5,"TZEZ_057",3
3,5,"TZEZ_060",5
3,5,"TZEZ_061",3
3,5,"WZZX_020",3
3,5,"LSRM_014",3
3,5,"LSRM_015",3
3,5,"LSRM_016",5
3,5,"SLTD_020",4
3,5,"SLTD_021",5
3,5,"SLTD_022",1
3,5,"SLTD_024",3
3,5,"LXZY_014",4
3,5,"LXZY_015",5
3,5,"HZSY_019",4
3,5,"HZSY_022",4
3,5,"HZSY_023",2
4,1,"ZYQC_039",2
4,1,"ZYQC_040",4
4,1,"ZYQC_042",4
4,1,"ZYQC_045",2
4,1,"ZYQC_047",2
4,1,"ZYQC_048",3
4,1,"ZYQC_049",2
4,1,"ZYQC_050",3
4,1,"ZYQC_051",3
4,1,"ZYQC_052",2
4,1,"ZYQC_053",5
4,1,"ZYQC_055",4
4,1,"ZYQC_056",1
4,1,"ZYQC_057",4
4,1,"ZYQC_058",3
4,1,"ZYQC_059",1
4,1,"ZYQC_060",3
4,1,"ZYCZ_018",1
4,1,"ZYCZ_019",1
4,1,"ZYCZ_020",5
4,1,"ZYCZ_023",4
4,1,"ZYCZ_025",2
4,1,"ZYCZ_029",4
4,1,"ZYYH_041",3
4,1,"ZYYH_047",4
4,1,"ZYYH_053",3
4,1,"HNSR_032",2
4,1,"ZDFE_031",3
4,1,"ZDFE_102",1
4,1,"ZDFE_103",5
4,1,"ZDFE_104",4
4,1,"ZDFE_105",4
4,1,"ZDFE_106",4
4,1,"ZZRM_089",5
4,1,"ZZRM_096",1
4,1,"ZZRM_097",4
4,1,"JXSY_023",3
4,1,"JXSY_027",1
4,1,"PHYY_014",2
4,1,"PHYY_021",2
4,1,"PHYY_022",3
4,1,"TZEZ_002",1
4,1,"TZEZ_018",3
4,1,"LSRM_011",4
4,1,"SLTD_009",4
4,1,"HZSY_003",3
4,1,"HZSY_004",2
4,1,"HZSY_005",4
4,1,"HZSY_008",1
4,1,"HZSY_012",5
4,1,"HZSY_015",5
4,1,"HZSY_017",4
4,1,"LXZY_013",2
4,1,"JXSY_033",4
4,1,"JXSY_036",5
4,1,"JXSY_038",3
4,1,"JXSY_041",3
4,1,"JXSY_042",5
4,1,"ZYCZ_030",5
4,1,"ZYCZ_032",1
4,1,"ZYCZ_033",3
4,1,"ZYCZ_035",1
4,1,"ZYCZ_036",1
4,1,"ZYYH_055",2
4,1,"ZYYH_056",2
4,1,"ZYYH_057",5
4,1,"ZYYH_058",2
4,1,"ZYYH_061",3
4,1,"ZYYH_062",5
4,1,"ZYYH_063",2
4,1,"ZYYH_067",4
4,1,"ZYYH_069",5
4,1,"ZYYH_070",1
4,1,"ZYYH_071",5
4,1,"ZYQC_065",1
4,1,"ZYQC_067",1
4,1,"ZYQC_068",4
4,1,"ZYQC_072",4
4,1,"ZYQC_074",4
4,1,"ZYQC_075",3
4,1,"ZYQC_076",4
4,1,"ZYQC_080",5
4,1,"ZYQC_081",4
4,1,"ZYQC_083",3
4,1,"ZYQC_084",1
4,1,"ZYQC_085",5
4,1,"ZYQC_089",3
4,1,"ZYQC_090",3
4,1,"ZYQC_093",1
4,1,"ZYQC_094",4
4,1,"ZYQC_095",1
4,1,"ZYQC_096",5
4,1,"ZYQC_097",4
4,1,"ZYQC_098",5
4,1,"ZYQC_100",4
4,1,"ZYQC_101",2
4,1,"ZYQC_102",3
4,1,"ZYQC_105",5
4,1,"ZYQC_106",4
4,1,"ZYQC_108",1
4,1,"ZYQC_109",2
4,1,"ZYQC_110",3
4,1,"ZYQC_111",5
4,1,"ZYQC_112",5
4,1,"ZYQC_113",3
4,1,"ZYQC_114",3
4,1,"ZYQC_115",4
4,1,"ZZRM_101",2
4,1,"ZZRM_102",1
4,1,"ZZRM_104",5
4,1,"ZZRM_105",5
4,1,"PHYY_023",4
4,1,"PHYY_028",5
4,1,"XARM_036",3
4,1,"XARM_037",2
4,1,"HNSR_044",2
4,1,"SLTD_015",1
4,1,"SLTD_017",3
4,1,"ZDFE_109",1
4,1,"ZDFE_113",1
4,1,"ZDFE_114",5
4,1,"TZEZ_022",1
4,1,"TZEZ_029",3
4,1,"TZEZ_032",5
4,1,"ZYQC_116",5
4,1,"ZYQC_118",5
4,1,"ZYQC_120",5
4,1,"ZYQC_121",2
4,1,"ZYQC_122",1
4,1,"ZYQC_124",2
4,1,"ZYQC_125",2
4,1,"ZYQC_126",1
4,1,"ZYQC_128",1
4,1,"ZYQC_133",2
4,1,"ZYQC_134",2
4,1,"ZYQC_135",2
4,1,"ZYCZ_038",2
4,1,"ZYCZ_039",2
4,1,"ZYYH_074",3
4,1,"HNSR_058",4
4,1,"ZDFE_124",2
4,1,"ZDFE_125",5
4,1,"ZDFE_127",1
4,1,"ZDFE_128",1
4,1,"ZDFE_131",2
4,1,"ZDFE_133",2
4,1,"ZDFE_134",3
4,1,"ZDFE_135",2
4,1,"ZDFE_136",4
4,1,"ZDFE_137",3
4,1,"ZZRM_108",3
4,1,"ZZRM_109",4
4,1,"ZZRM_115",2
4,1,"JXSY_052",2
4,1,"JXSY_056",1
4,1,"PHYY_029",5
4,1,"PHYY_031",4
4,1,"TZEZ_033",4
4,1,"TZEZ_036",4
4,1,"TZEZ_038",3
4,1,"TZEZ_040",5
4,1,"TZEZ_041",3
4,1,"TZEZ_043",3
4,1,"TZEZ_044",4
4,1,"TZEZ_045",1
4,1,"TZEZ_048",5
4,1,"TZEZ_050",2
4,1,"TZEZ_051",1
4,1,"TZEZ_053",1
4,1,"TZEZ_055",1
4,1,"TZEZ_056",5
4,1,"TZEZ_057",1
4,1,"TZEZ_059",1
4,1,"TZEZ_060",2
4,1,"TZEZ_061",5
4,1,"WZZX_021",2
4,1,"LSRM_014",3
4,1,"LSRM_015",3
4,1,"LSRM_016",3
4,1,"SLTD_019",5
4,1,"SLTD_020",4
4,1,"SLTD_021",3
4,1,"SLTD_022",1
4,1,"LXZY_014",4
4,1,"LXZY_015",5
4,1,"HZSY_019",1
4,1,"HZSY_022",5
4,1,"HZSY_023",2
4,2,"ZYQC_039",5
4,2,"ZYQC_040",1
4,2,"ZYQC_042",2
4,2,"ZYQC_047",2
4,2,"ZYQC_049",5
4,2,"ZYQC_050",1
4,2,"ZYQC_051",3
4,2,"ZYQC_055",2
4,2,"ZYQC_057",3
4,2,"ZYQC_058",1
4,2,"ZYQC_059",3
4,2,"ZYQC_060",5
4,2,"ZYCZ_020",4
4,2,"ZYCZ_025",5
4,2,"ZYCZ_026",2
4,2,"ZYCZ_027",4
4,2,"ZYCZ_028",4
4,2,"ZYCZ_029",3
4,2,"ZYYH_041",2
4,2,"ZYYH_047",5
4,2,"ZYYH_048",5
4,2,"ZYYH_049",5
4,2,"ZYYH_050",1
4,2,"ZYYH_051",5
4,2,"ZYYH_053",3
4,2,"HNSR_032",1
4,2,"ZDFE_101",4
4,2,"ZDFE_102",2
4,2,"ZDFE_104",2
4,2,"ZDFE_106",3
4,2,"ZZRM_089",5
4,2,"ZZRM_093",1
4,2,"ZZRM_096",2
4,2,"ZZRM_097",5
4,2,"JXSY_027",5
4,2,"JXSY_031",3
4,2,"PHYY_014",1
4,2,"PHYY_016",2
4,2,"PHYY_019",5
4,2,"PHYY_022",2
4,2,"TZEZ_002",1
4,2,"LSRM_011",5
4,2,"SLTD_009",5
4,2,"SLTD_010",1
4,2,"SLTD_012",2
4,2,"HZSY_003",2
4,2,"HZSY_004",3
4,2,"HZSY_005",1
4,2,"HZSY_008",2
4,2,"HZSY_009",4
4,2,"HZSY_012",1
4,2,"HZSY_015",4
4,2,"HZSY_017",2
4,2,"LXZY_011",3
4,2,"LXZY_013",4
4,2,"JXSY_036",1
4,2,"JXSY_038",1
4,2,"JXSY_039",4
4,2,"JXSY_041",3
4,2,"JXSY_042",5
4,2,"ZYCZ_030",1
4,2,"ZYCZ_033",3
4,2,"ZYCZ_034",5
4,2,"ZYCZ_035",3
4,2,"ZYCZ_036",3
4,2,"ZYYH_055",5
4,2,"ZYYH_056",1
4,2,"ZYYH_060",2
4,2,"ZYYH_061",2
4,2,"ZYYH_063",4
4,2,"ZYYH_066",2
4,2,"ZYYH_067",5
4,2,"ZYYH_069",2
4,2,"ZYYH_070",4
4,2,"ZYYH_071",4
4,2,"ZYYH_072",3
4,2,"ZYQC_065",2
4,2,"ZYQC_068",4
4,2,"ZYQC_071",4
4,2,"ZYQC_073",4
4,2,"ZYQC_074",1
4,2,"ZYQC_075",4
4,2,"ZYQC_076",4
4,2,"ZYQC_080",3
4,2,"ZYQC_083",2
4,2,"ZYQC_084",1
4,2,"ZYQC_085",1
4,2,"ZYQC_089",3
4,2,"ZYQC_090",3
4,2,"ZYQC_093",3
4,2,"ZYQC_094",2
4,2,"ZYQC_095",5
4,2,"ZYQC_096",4
4,2,"ZYQC_097",1
4,2,"ZYQC_098",5
4,2,"ZYQC_100",5
4,2,"ZYQC_101",2
4,2,"ZYQC_103",5
4,2,"ZYQC_104",3
4,2,"ZYQC_105",1
4,2,"ZYQC_108",5
4,2,"ZYQC_109",1
4,2,"ZYQC_110",5
4,2,"ZYQC_113",1
4,2,"ZYQC_114",3
4,2,"ZYQC_115",1
4,2,"ZZRM_101",5
4,2,"ZZRM_102",4
4,2,"ZZRM_103",5
4,2,"ZZRM_104",1
4,2,"ZZRM_105",1
4,2,"PHYY_023",3
4,2,"PHYY_026",3
4,2,"HNSR_044",2
4,2,"SLTD_015",4
4,2,"ZDFE_113",5
4,2,"ZDFE_114",2
4,2,"ZDFE_115",4
4,2,"ZDFE_117",3
4,2,"TZEZ_022",3
4,2,"TZEZ_024",4
4,2,"TZEZ_029",5
4,2,"TZEZ_030",5
4,2,"TZEZ_031",4
4,2,"TZEZ_032",2
4,2,"ZYQC_116",3
4,2,"ZYQC_118",3
4,2,"ZYQC_119",1
4,2,"ZYQC_120",2
4,2,"ZYQC_121",5
4,2,"ZYQC_122",3
4,2,"ZYQC_123",4
4,2,"ZYQC_124",4
4,2,"ZYQC_125",1
4,2,"ZYQC_126",5
4,2,"ZYQC_127",2
4,2,"ZYQC_128",2
4,2,"ZYQC_132",5
4,2,"ZYQC_134",4
4,2,"ZYQC_143",2
4,2,"ZYCZ_038",1
4,2,"ZYCZ_039",3
4,2,"ZYYH_074",4
4,2,"ZYYH_077",4
4,2,"HNSR_058",1
4,2,"ZDFE_118",2
4,2,"ZDFE_119",3
4,2,"ZDFE_124",1
4,2,"ZDFE_127",3
4,2,"ZDFE_128",3
4,2,"ZDFE_129",3
4,2,"ZDFE_130",4
4,2,"ZDFE_131",2
4,2,"ZDFE_134",1
4,2,"ZDFE_135",4
4,2,"ZDFE_136",1
4,2,"ZDFE_137",2
4,2,"ZDFE_138",5
4,2,"ZZRM_109",5
4,2,"ZZRM_111",2
4,2,"ZZRM_115",2
4,2,"JXSY_050",3
4,2,"JXSY_051",5
4,2,"PHYY_029",1
4,2,"PHYY_031",4
4,2,"TZEZ_033",4
4,2,"TZEZ_036",1
4,2,"TZEZ_040",1
4,2,"TZEZ_044",2
4,2,"TZEZ_045",3
4,2,"TZEZ_048",4
4,2,"TZEZ_051",1
4,2,"TZEZ_053",2
4,2,"TZEZ_055",1
4,2,"TZEZ_056",4
4,2,"TZEZ_057",5
4,2,"TZEZ_059",3
4,2,"TZEZ_061",2
4,2,"WZZX_020",3
4,2,"WZZX_021",5
4,2,"LSRM_014",4
4,2,"LSRM_015",3
4,2,"SLTD_019",3
4,2,"SLTD_021",1
4,2,"SLTD_022",4
4,2,"SLTD_024",4
4,2,"LXZY_014",2
4,2,"LXZY_015",4
4,2,"HZSY_023",4
4,3,"ZYQC_040",3
4,3,"ZYQC_042",1
4,3,"ZYQC_045",4
4,3,"ZYQC_047",2
4,3,"ZYQC_048",3
4,3,"ZYQC_049",1
4,3,"ZYQC_050",4
4,3,"ZYQC_051",4
4,3,"ZYQC_052",4
4,3,"ZYQC_053",2
4,3,"ZYQC_055",4
4,3,"ZYQC_056",4
4,3,"ZYQC_059",2
4,3,"ZYQC_060",5
4,3,"ZYCZ_018",3
4,3,"ZYCZ_019",3
4,3,"ZYCZ_023",4
4,3,"ZYCZ_026",2
4,3,"ZYCZ_027",4
4,3,"ZYCZ_028",1
4,3,"ZYCZ_029",2
4,3,"ZYYH_047",2
4,3,"ZYYH_048",5
4,3,"ZYYH_049",1
4,3,"ZYYH_050",4
4,3,"ZYYH_051",4
4,3,"ZYYH_053",3
4,3,"ZDFE_031",1
4,3,"ZDFE_101",5
4,3,"ZDFE_102",3
4,3,"ZDFE_103",3
4,3,"ZDFE_105",5
4,3,"ZZRM_093",3
4,3,"JXSY_023",4
4,3,"JXSY_031",2
4,3,"PHYY_014",1
4,3,"PHYY_016",2
4,3,"PHYY_019",3
4,3,"PHYY_021",5
4,3,"PHYY_022",4
4,3,"TZEZ_002",4
4,3,"TZEZ_018",2
4,3,"SLTD_009",2
4,3,"SLTD_010",2
4,3,"SLTD_012",3
4,3,"HZSY_004",1
4,3,"HZSY_005",1
4,3,"HZSY_008",5
4,3,"HZSY_009",1
4,3,"HZSY_017",4
4,3,"LXZY_011",2
4,3,"JXSY_033",4
4,3,"JXSY_036",1
4,3,"JXSY_038",4
4,3,"JXSY_039",4
4,3,"JXSY_042",1
4,3,"ZYCZ_030",3
4,3,"ZYCZ_032",3
4,3,"ZYCZ_033",5
4,3,"ZYCZ_034",4
4,3,"ZYCZ_035",4
4,3,"ZYCZ_036",3
4,3,"ZYYH_055",3
4,3,"ZYYH_056",5
4,3,"ZYYH_057",2
4,3,"ZYYH_058",3
4,3,"ZYYH_060",1
4,3,"ZYYH_061",1
4,3,"ZYYH_062",5
4,3,"ZYYH_063",4
4,3,"ZYYH_066",1
4,3,"ZYYH_067",4
4,3,"ZYYH_069",5
4,3,"ZYYH_070",1
4,3,"ZYYH_071",3
4,3,"ZYYH_072",3
4,3,"ZYQC_067",3
4,3,"ZYQC_068",2
4,3,"ZYQC_071",3
4,3,"ZYQC_072",2
4,3,"ZYQC_073",5
4,3,"ZYQC_074",1
4,3,"ZYQC_075",1
4,3,"ZYQC_076",3
4,3,"ZYQC_081",3
4,3,"ZYQC_083",4
4,3,"ZYQC_084",5
4,3,"ZYQC_085",2
4,3,"ZYQC_089",2
4,3,"ZYQC_090",1
4,3,"ZYQC_094",2
4,3,"ZYQC_096",3
4,3,"ZYQC_097",1
4,3,"ZYQC_098",4
4,3,"ZYQC_100",5
4,3,"ZYQC_102",4
4,3,"ZYQC_103",1
4,3,"ZYQC_104",5
4,3,"ZYQC_105",4
4,3,"ZYQC_106",2
4,3,"ZYQC_108",3
4,3,"ZYQC_110",5
4,3,"ZYQC_111",1
4,3,"ZYQC_112",4
4,3,"ZYQC_113",1
4,3,"ZYQC_114",1
4,3,"ZZRM_102",4
4,3,"ZZRM_103",1
4,3,"ZZRM_105",4
4,3,"PHYY_023",5
4,3,"PHYY_026",5
4,3,"PHYY_028",1
4,3,"XARM_036",3
4,3,"XARM_037",2
4,3,"SLTD_015",3
4,3,"SLTD_017",2
4,3,"ZDFE_109",3
4,3,"ZDFE_113",4
4,3,"ZDFE_114",2
4,3,"ZDFE_115",4
4,3,"ZDFE_117",2
4,3,"TZEZ_024",2
4,3,"TZEZ_029",1
4,3,"TZEZ_030",5
4,3,"TZEZ_031",1
4,3,"ZYQC_116",5
4,3,"ZYQC_119",4
4,3,"ZYQC_120",4
4,3,"ZYQC_121",2
4,3,"ZYQC_122",2
4,3,"ZYQC_123",1
4,3,"ZYQC_124",3
4,3,"ZYQC_126",5
4,3,"ZYQC_127",3
4,3,"ZYQC_132",5
4,3,"ZYQC_133",2
4,3,"ZYQC_134",5
4,3,"ZYQC_135",5
4,3,"ZYQC_143",3
4,3,"ZYCZ_038",5
4,3,"ZYCZ_039",1
4,3,"ZYYH_074",5
4,3,"ZYYH_077",5
4,3,"ZDFE_118",1
4,3,"ZDFE_119",5
4,3,"ZDFE_125",5
4,3,"ZDFE_127",3
4,3,"ZDFE_128",4
4,3,"ZDFE_129",2
4,3,"ZDFE_130",1
4,3,"ZDFE_131",4
4,3,"ZDFE_133",5
4,3,"ZDFE_134",5
4,3,"ZDFE_135",4
4,3,"ZDFE_136",2
4,3,"ZDFE_137",3
4,3,"ZDFE_138",1
4,3,"ZZRM_108",5
4,3,"ZZRM_109",5
4,3,"ZZRM_111",1
4,3,"ZZRM_115",3
4,3,"JXSY_050",4
4,3,"JXSY_051",2
4,3,"JXSY_052",2
4,3,"JXSY_056",3
4,3,"TZEZ_033",2
4,3,"TZEZ_036",2
4,3,"TZEZ_038",5
4,3,"TZEZ_041",1
4,3,"TZEZ_043",4
4,3,"TZEZ_044",3
4,3,"TZEZ_045",3
4,3,"TZEZ_050",3
4,3,"TZEZ_051",3
4,3,"TZEZ_055",2
4,3,"TZEZ_056",1
4,3,"TZEZ_057",5
4,3,"TZEZ_060",3
4,3,"WZZX_020",5
4,3,"LSRM_015",2
4,3,"LSRM_016",1
4,3,"SLTD_019",4
4,3,"SLTD_020",5
4,3,"SLTD_022",2
4,3,"SLTD_024",1
4,3,"LXZY_014",2
4,3,"LXZY_015",5
4,3,"HZSY_019",1
4,3,"HZSY_022",2
4,4,"ZYQC_039",4
4,4,"ZYQC_040",1
4,4,"ZYQC_045",3
4,4,"ZYQC_047",2
4,4,"ZYQC_048",3
4,4,"ZYQC_049",4
4,4,"ZYQC_052",2
4,4,"ZYQC_053",3
4,4,"ZYQC_056",4
4,4,"ZYQC_057",3
4,4,"ZYQC_058",5
4,4,"ZYQC_059",4
4,4,"ZYQC_060",4
4,4,"ZYCZ_018",1
4,4,"ZYCZ_019",5
4,4,"ZYCZ_020",4
4,4,"ZYCZ_023",2
4,4,"ZYCZ_025",3
4,4,"ZYCZ_026",5
4,4,"ZYCZ_027",3
4,4,"ZYCZ_028",2
4,4,"ZYCZ_029",4
4,4,"ZYYH_041",4
4,4,"ZYYH_047",1
4,4,"ZYYH_048",2
4,4,"ZYYH_049",2
4,4,"ZYYH_050",5
4,4,"ZYYH_051",1
4,4,"HNSR_032",5
4,4,"ZDFE_031",3
4,4,"ZDFE_101",3
4,4,"ZDFE_102",1
4,4,"ZDFE_103",3
4,4,"ZDFE_104",5
4,4,"ZDFE_105",1
4,4,"ZDFE_106",4
4,4,"ZZRM_089",1
4,4,"ZZRM_093",5
4,4,"ZZRM_096",5
4,4,"ZZRM_097",2
4,4,"JXSY_023",2
4,4,"JXSY_027",1
4,4,"JXSY_031",5
4,4,"PHYY_014",2
4,4,"PHYY_016",5
4,4,"PHYY_019",4
4,4,"PHYY_021",1
4,4,"TZEZ_002",1
4,4,"TZEZ_018",4
4,4,"LSRM_011",3
4,4,"SLTD_010",2
4,4,"SLTD_012",1
4,4,"HZSY_003",5
4,4,"HZSY_008",2
4,4,"HZSY_009",4
4,4,"HZSY_012",3
4,4,"HZSY_015",4
4,4,"HZSY_017",1
4,4,"LXZY_011",3
4,4,"LXZY_013",2
4,4,"JXSY_033",1
4,4,"JXSY_039",3
4,4,"JXSY_041",1
4,4,"ZYCZ_030",1
4,4,"ZYCZ_032",5
4,4,"ZYCZ_033",2
4,4,"ZYCZ_034",5
4,4,"ZYCZ_035",3
4,4,"ZYCZ_036",2
4,4,"ZYYH_055",5
4,4,"ZYYH_056",2
4,4,"ZYYH_057",5
4,4,"ZYYH_058",4
4,4,"ZYYH_060",1
4,4,"ZYYH_061",3
4,4,"ZYYH_062",4
4,4,"ZYYH_066",4
4,4,"ZYYH_067",2
4,4,"ZYYH_072",2
4,4,"ZYQC_065",1
4,4,"ZYQC_067",4
4,4,"ZYQC_071",4
4,4,"ZYQC_072",3
4,4,"ZYQC_073",2
4,4,"ZYQC_074",3
4,4,"ZYQC_075",2
4,4,"ZYQC_080",3
4,4,"ZYQC_081",4
4,4,"ZYQC_089",2
4,4,"ZYQC_090",4
4,4,"ZYQC_093",4
4,4,"ZYQC_095",4
4,4,"ZYQC_097",2
4,4,"ZYQC_101",2
4,4,"ZYQC_102",2
4,4,"ZYQC_103",4
4,4,"ZYQC_104",1
4,4,"ZYQC_106",1
4,4,"ZYQC_109",4
4,4,"ZYQC_111",3
4,4,"ZYQC_112",3
4,4,"ZYQC_113",2
4,4,"ZYQC_114",5
4,4,"ZYQC_115",5
4,4,"ZZRM_101",4
4,4,"ZZRM_102",3
4,4,"ZZRM_103",4
4,4,"ZZRM_104",1
4,4,"PHYY_026",2
4,4,"PHYY_028",4
4,4,"XARM_036",4
4,4,"XARM_037",5
4,4,"HNSR_044",4
4,4,"SLTD_017",3
4,4,"ZDFE_109",3
4,4,"ZDFE_114",4
4,4,"ZDFE_115",5
4,4,"ZDFE_117",5
4,4,"TZEZ_022",2
4,4,"TZEZ_024",5
4,4,"TZEZ_030",4
4,4,"TZEZ_031",3
4,4,"TZEZ_032",2
4,4,"ZYQC_116",1
4,4,"ZYQC_118",1
4,4,"ZYQC_119",2
4,4,"ZYQC_121",5
4,4,"ZYQC_122",4
4,4,"ZYQC_123",2
4,4,"ZYQC_125",1
4,4,"ZYQC_126",5
4,4,"ZYQC_127",4
4,4,"ZYQC_128",1
4,4,"ZYQC_132",5
4,4,"ZYQC_133",4
4,4,"ZYQC_134",2
4,4,"ZYQC_135",3
4,4,"ZYQC_143",5
4,4,"ZYCZ_039",3
4,4,"ZYYH_074",2
4,4,"ZYYH_077",5
4,4,"HNSR_058",2
4,4,"ZDFE_118",1
4,4,"ZDFE_119",1
4,4,"ZDFE_124",1
4,4,"ZDFE_125",1
4,4,"ZDFE_127",1
4,4,"ZDFE_128",5
4,4,"ZDFE_129",1
4,4,"ZDFE_130",3
4,4,"ZDFE_133",5
4,4,"ZDFE_135",3
4,4,"ZDFE_136",1
4,4,"ZDFE_137",3
4,4,"ZDFE_138",4
4,4,"ZZRM_108",3
4,4,"ZZRM_111",2
4,4,"JXSY_050",1
4,4,"JXSY_051",1
4,4,"JXSY_052",5
4,4,"JXSY_056",4
4,4,"PHYY_029",2
4,4,"PHYY_031",3
4,4,"TZEZ_033",3
4,4,"TZEZ_036",2
4,4,"TZEZ_038",5
4,4,"TZEZ_040",5
4,4,"TZEZ_041",2
4,4,"TZEZ_043",3
4,4,"TZEZ_044",2
4,4,"TZEZ_045",5
4,4,"TZEZ_048",1
4,4,"TZEZ_050",4
4,4,"TZEZ_053",1
4,4,"TZEZ_057",5
4,4,"TZEZ_059",5
4,4,"TZEZ_060",1
4,4,"TZEZ_061",3
4,4,"WZZX_020",3
4,4,"WZZX_021",5
4,4,"LSRM_014",3
4,4,"LSRM_015",3
4,4,"LSRM_016",1
4,4,"SLTD_020",4
4,4,"SLTD_021",3
4,4,"SLTD_024",5
4,4,"HZSY_019",5
4,4,"HZSY_022",2
4,4,"HZSY_023",1
4,5,"ZYQC_039",3
4,5,"ZYQC_042",4
4,5,"ZYQC_045",5
4,5,"ZYQC_048",4
4,5,"ZYQC_050",4
4,5,"ZYQC_051",1
4,5,"ZYQC_052",2
4,5,"ZYQC_053",4
4,5,"ZYQC_055",3
4,5,"ZYQC_056",1
4,5,"ZYQC_057",3
4,5,"ZYQC_058",4
4,5,"ZYCZ_018",4
4,5,"ZYCZ_019",1
4,5,"ZYCZ_020",1
4,5,"ZYCZ_023",1
4,5,"ZYCZ_025",1
4,5,"ZYCZ_026",3
4,5,"ZYCZ_027",3
4,5,"ZYCZ_028",4
4,5,"ZYYH_041",4
4,5,"ZYYH_048",2
4,5,"ZYYH_049",3
4,5,"ZYYH_050",5
4,5,"ZYYH_051",3
4,5,"ZYYH_053",1
4,5,"HNSR_032",4
4,5,"ZDFE_031",5
4,5,"ZDFE_101",3
4,5,"ZDFE_103",5
4,5,"ZDFE_104",3
4,5,"ZDFE_105",2
4,5,"ZDFE_106",1
4,5,"ZZRM_089",1
4,5,"ZZRM_093",2
4,5,"ZZRM_096",5
4,5,"ZZRM_097",2
4,5,"JXSY_023",2
4,5,"JXSY_027",2
4,5,"JXSY_031",1
4,5,"PHYY_016",4
4,5,"PHYY_019",4
4,5,"PHYY_021",2
4,5,"PHYY_022",1
4,5,"TZEZ_018",5
4,5,"LSRM_011",4
4,5,"SLTD_009",1
4,5,"SLTD_010",3
4,5,"SLTD_012",3
4,5,"HZSY_003",2
4,5,"HZSY_004",4
4,5,"HZSY_005",2
4,5,"HZSY_009",3
4,5,"HZSY_012",1
4,5,"HZSY_015",4
4,5,"LXZY_011",3
4,5,"LXZY_013",1
4,5,"JXSY_033",1
4,5,"JXSY_036",4
4,5,"JXSY_038",2
4,5,"JXSY_039",2
4,5,"JXSY_041",4
4,5,"JXSY_042",2
4,5,"ZYCZ_032",2
4,5,"ZYCZ_034",2
4,5,"ZYYH_057",1
4,5,"ZYYH_058",4
4,5,"ZYYH_060",4
4,5,"ZYYH_062",5
4,5,"ZYYH_063",3
4,5,"ZYYH_066",2
4,5,"ZYYH_069",5
4,5,"ZYYH_070",4
4,5,"ZYYH_071",1
4,5,"ZYYH_072",5
4,5,"ZYQC_065",2
4,5,"ZYQC_067",1
4,5,"ZYQC_068",5
4,5,"ZYQC_071",3
4,5,"ZYQC_072",5
4,5,"ZYQC_073",3
4,5,"ZYQC_076",2
4,5,"ZYQC_080",5
4,5,"ZYQC_081",2
4,5,"ZYQC_083",3
4,5,"ZYQC_084",4
4,5,"ZYQC_085",1
4,5,"ZYQC_093",4
4,5,"ZYQC_094",5
4,5,"ZYQC_095",4
4,5,"ZYQC_096",2
4,5,"ZYQC_098",4
4,5,"ZYQC_100",5
4,5,"ZYQC_101",4
4,5,"ZYQC_102",4
4,5,"ZYQC_103",2
4,5,"ZYQC_104",2
4,5,"ZYQC_105",2
4,5,"ZYQC_106",1
4,5,"ZYQC_108",1
4,5,"ZYQC_109",1
4,5,"ZYQC_110",3
4,5,"ZYQC_111",4
4,5,"ZYQC_112",4
4,5,"ZYQC_115",1
4,5,"ZZRM_101",1
4,5,"ZZRM_103",1
4,5,"ZZRM_104",2
4,5,"ZZRM_105",5
4,5,"PHYY_023",4
4,5,"PHYY_026",2
4,5,"PHYY_028",5
4,5,"XARM_036",5
4,5,"XARM_037",3
4,5,"HNSR_044",3
4,5,"SLTD_015",1
4,5,"SLTD_017",2
4,5,"ZDFE_109",5
4,5,"ZDFE_113",3
4,5,"ZDFE_115",1
4,5,"ZDFE_117",3
4,5,"TZEZ_022",5
4,5,"TZEZ_024",1
4,5,"TZEZ_029",3
4,5,"TZEZ_030",3
4,5,"TZEZ_031",2
4,5,"TZEZ_032",5
4,5,"ZYQC_118",5
4,5,"ZYQC_119",4
4,5,"ZYQC_120",3
4,5,"ZYQC_123",5
4,5,"ZYQC_124",4
4,5,"ZYQC_125",4
4,5,"ZYQC_127",4
4,5,"ZYQC_128",4
4,5,"ZYQC_132",5
4,5,"ZYQC_133",1
4,5,"ZYQC_135",5
4,5,"ZYQC_143",2
4,5,"ZYCZ_038",5
4,5,"ZYYH_077",2
4,5,"HNSR_058",2
4,5,"ZDFE_118",4
4,5,"ZDFE_119",4
4,5,"ZDFE_124",5
4,5,"ZDFE_125",3
4,5,"ZDFE_129",2
4,5,"ZDFE_130",1
4,5,"ZDFE_131",2
4,5,"ZDFE_133",3
4,5,"ZDFE_134",3
4,5,"ZDFE_138",3
4,5,"ZZRM_108",5
4,5,"ZZRM_109",1
4,5,"ZZRM_111",2
4,5,"ZZRM_115",5
4,5,"JXSY_050",3
4,5,"JXSY_051",5
4,5,"JXSY_052",5
4,5,"JXSY_056",5
4,5,"PHYY_029",3
4,5,"PHYY_031",1
4,5,"TZEZ_038",5
4,5,"TZEZ_040",3
4,5,"TZEZ_041",5
4,5,"TZEZ_043",1
4,5,"TZEZ_048",4
4,5,"TZEZ_050",2
4,5,"TZEZ_051",1
4,5,"TZEZ_053",3
4,5,"TZEZ_055",1
4,5,"TZEZ_056",2
4,5,"TZEZ_059",5
4,5,"TZEZ_060",1
4,5,"TZEZ_061",3
4,5,"WZZX_020",2
4,5,"WZZX_021",2
4,5,"LSRM_014",3
4,5,"LSRM_016",3
4,5,"SLTD_019",1
4,5,"SLTD_020",3
4,5,"SLTD_021",5
4,5,"SLTD_022",5
4,5,"SLTD_024",1
4,5,"LXZY_014",4
4,5,"LXZY_015",2
4,5,"HZSY_019",3
4,5,"HZSY_022",4
4,5,"HZSY_023",5
5,1,"ZYQC_039",1
5,1,"ZYQC_040",3
5,1,"ZYQC_042",1
5,1,"ZYQC_045",5
5,1,"ZYQC_047",1
5,1,"ZYQC_049",2
5,1,"ZYQC_050",3
5,1,"ZYQC_051",4
5,1,"ZYQC_052",1
5,1,"ZYQC_053",4
5,1,"ZYQC_055",3
5,1,"ZYQC_057",3
5,1,"ZYQC_058",3
5,1,"ZYQC_059",2
5,1,"ZYCZ_019",4
5,1,"ZYCZ_020",2
5,1,"ZYCZ_023",5
5,1,"ZYCZ_025",4
5,1,"ZYCZ_026",2
5,1,"ZYCZ_028",1
5,1,"ZYCZ_029",4
5,1,"ZYYH_041",4
5,1,"ZYYH_047",2
5,1,"ZYYH_049",2
5,1,"ZYYH_050",3
5,1,"ZYYH_051",4
5,1,"ZYYH_053",1
5,1,"HNSR_032",1
5,1,"ZDFE_031",5
5,1,"ZDFE_101",3
5,1,"ZDFE_103",5
5,1,"ZDFE_104",1
5,1,"ZDFE_105",2
5,1,"ZDFE_106",5
5,1,"ZZRM_089",1
5,1,"ZZRM_097",1
5,1,"JXSY_023",2
5,1,"JXSY_027",2
5,1,"JXSY_031",1
5,1,"PHYY_014",4
5,1,"PHYY_016",2
5,1,"PHYY_019",5
5,1,"PHYY_021",2
5,1,"LSRM_011",1
5,1,"SLTD_010",3
5,1,"HZSY_004",2
5,1,"HZSY_005",2
5,1,"HZSY_008",4
5,1,"HZSY_009",4
5,1,"HZSY_012",4
5,1,"HZSY_015",5
5,1,"HZSY_017",3
5,1,"LXZY_011",2
5,1,"LXZY_013",5
5,1,"JXSY_033",1
5,1,"JXSY_036",1
5,1,"JXSY_038",4
5,1,"JXSY_039",2
5,1,"JXSY_042",5
5,1,"ZYCZ_032",5
5,1,"ZYCZ_033",5
5,1,"ZYCZ_034",4
5,1,"ZYCZ_035",3
5,1,"ZYCZ_036",2
5,1,"ZYYH_055",5
5,1,"ZYYH_056",3
5,1,"ZYYH_057",3
5,1,"ZYYH_060",2
5,1,"ZYYH_061",4
5,1,"ZYYH_062",1
5,1,"ZYYH_066",5
5,1,"ZYYH_067",1
5,1,"ZYYH_069",1
5,1,"ZYYH_070",1
5,1,"ZYYH_072",3
5,1,"ZYQC_065",5
5,1,"ZYQC_067",1
5,1,"ZYQC_068",3
5,1,"ZYQC_071",2
5,1,"ZYQC_072",3
5,1,"ZYQC_073",4
5,1,"ZYQC_074",4
5,1,"ZYQC_080",1
5,1,"ZYQC_083",1
5,1,"ZYQC_085",3
5,1,"ZYQC_093",1
5,1,"ZYQC_094",2
5,1,"ZYQC_095",4
5,1,"ZYQC_096",4
5,1,"ZYQC_097",1
5,1,"ZYQC_102",5
5,1,"ZYQC_104",4
5,1,"ZYQC_106",4
5,1,"ZYQC_108",3
5,1,"ZYQC_109",1
5,1,"ZYQC_111",2
5,1,"ZYQC_112",2
5,1,"ZYQC_113",5
5,1,"ZYQC_114",4
5,1,"ZYQC_115",2
5,1,"ZZRM_101",5
5,1,"ZZRM_102",4
5,1,"ZZRM_103",4
5,1,"ZZRM_104",2
5,1,"ZZRM_105",2
5,1,"PHYY_023",3
5,1,"PHYY_026",3
5,1,"PHYY_028",3
5,1,"XARM_036",4
5,1,"HNSR_044",3
5,1,"SLTD_015",5
5,1,"SLTD_017",3
5,1,"ZDFE_113",4
5,1,"ZDFE_114",1
5,1,"ZDFE_115",1
5,1,"ZDFE_117",4
5,1,"TZEZ_022",5
5,1,"TZEZ_024",1
5,1,"TZEZ_029",5
5,1,"TZEZ_031",3
5,1,"TZEZ_032",1
5,1,"ZYQC_116",3
5,1,"ZYQC_118",1
5,1,"ZYQC_119",5
5,1,"ZYQC_120",4
5,1,"ZYQC_121",2
5,1,"ZYQC_122",5
5,1,"ZYQC_123",2
5,1,"ZYQC_124",5
5,1,"ZYQC_125",3
5,1,"ZYQC_126",2
5,1,"ZYQC_127",1
5,1,"ZYQC_132",2
5,1,"ZYQC_133",3
5,1,"ZYQC_135",2
5,1,"ZYQC_143",3
5,1,"ZYCZ_038",4
5,1,"ZYCZ_039",5
5,1,"ZYYH_074",4
5,1,"ZYYH_077",1
5,1,"HNSR_058",3
5,1,"ZDFE_119",2
5,1,"ZDFE_125",3
5,1,"ZDFE_127",4
5,1,"ZDFE_128",3
5,1,"ZDFE_129",1
5,1,"ZDFE_130",5
5,1,"ZDFE_131",1
5,1,"ZDFE_133",3
5,1,"ZDFE_134",4
5,1,"ZDFE_135",2
5,1,"ZDFE_136",2
5,1,"ZDFE_137",3
5,1,"ZDFE_138",5
5,1,"ZZRM_108",3
5,1,"ZZRM_115",3
5,1,"JXSY_050",4
5,1,"JXSY_051",1
5,1,"JXSY_052",3
5,1,"JXSY_056",1
5,1,"PHYY_029",5
5,1,"TZEZ_033",2
5,1,"TZEZ_036",4
5,1,"TZEZ_038",5
5,1,"TZEZ_040",5
5,1,"TZEZ_041",4
5,1,"TZEZ_045",3
5,1,"TZEZ_048",5
5,1,"TZEZ_050",2
5,1,"TZEZ_051",5
5,1,"TZEZ_053",1
5,1,"TZEZ_056",2
5,1,"TZEZ_057",1
5,1,"TZEZ_059",2
5,1,"TZEZ_060",3
5,1,"TZEZ_061",3
5,1,"WZZX_020",4
5,1,"WZZX_021",5
5,1,"LSRM_015",5
5,1,"LSRM_016",2
5,1,"SLTD_019",5
5,1,"SLTD_020",1
5,1,"SLTD_021",5
5,1,"SLTD_022",5
5,1,"SLTD_024",5
5,1,"LXZY_014",4
5,1,"HZSY_022",2
5,1,"HZSY_023",4
5,2,"ZYQC_039",1
5,2,"ZYQC_040",3
5,2,"ZYQC_042",2
5,2,"ZYQC_045",3
5,2,"ZYQC_047",5
5,2,"ZYQC_048",3
5,2,"ZYQC_050",4
5,2,"ZYQC_051",3
5,2,"ZYQC_053",4
5,2,"ZYQC_055",4
5,2,"ZYQC_056",2
5,2,"ZYQC_058",1
5,2,"ZYQC_060",2
5,2,"ZYCZ_018",1
5,2,"ZYCZ_019",2
5,2,"ZYCZ_020",3
5,2,"ZYCZ_023",5
5,2,"ZYCZ_026",2
5,2,"ZYCZ_027",2
5,2,"ZYCZ_029",4
5,2,"ZYYH_041",2
5,2,"ZYYH_048",4
5,2,"ZYYH_049",5
5,2,"ZYYH_050",5
5,2,"ZYYH_053",5
5,2,"HNSR_032",1
5,2,"ZDFE_031",2
5,2,"ZDFE_101",2
5,2,"ZDFE_102",4
5,2,"ZDFE_103",4
5,2,"ZDFE_104",1
5,2,"ZDFE_105",3
5,2,"ZDFE_106",4
5,2,"ZZRM_089",1
5,2,"ZZRM_093",5
5,2,"ZZRM_096",2
5,2,"ZZRM_097",1
5,2,"JXSY_023",3
5,2,"JXSY_031",4
5,2,"PHYY_019",2
5,2,"PHYY_022",1
5,2,"TZEZ_002",1
5,2,"TZEZ_018",5
5,2,"LSRM_011",3
5,2,"SLTD_009",2
5,2,"SLTD_012",3
5,2,"HZSY_003",5
5,2,"HZSY_008",3
5,2,"HZSY_012",3
5,2,"LXZY_011",2
5,2,"LXZY_013",1
5,2,"JXSY_033",5
5,2,"JXSY_036",5
5,2,"JXSY_038",2
5,2,"JXSY_039",1
5,2,"JXSY_041",4
5,2,"JXSY_042",2
5,2,"ZYCZ_030",3
5,2,"ZYCZ_032",1
5,2,"ZYCZ_034",5
5,2,"ZYCZ_035",5
5,2,"ZYCZ_036",4
5,2,"ZYYH_055",2
5,2,"ZYYH_056",1
5,2,"ZYYH_058",5
5,2,"ZYYH_060",2
5,2,"ZYYH_062",4
5,2,"ZYYH_063",4
5,2,"ZYYH_066",3
5,2,"ZYYH_067",5
5,2,"ZYYH_069",5
5,2,"ZYYH_070",1
5,2,"ZYYH_071",1
5,2,"ZYYH_072",5
5,2,"ZYQC_065",1
5,2,"ZYQC_067",3
5,2,"ZYQC_068",1
5,2,"ZYQC_072",2
5,2,"ZYQC_073",3
5,2,"ZYQC_075",4
5,2,"ZYQC_076",4
5,2,"ZYQC_080",2
5,2,"ZYQC_081",5
5,2,"ZYQC_083",3
5,2,"ZYQC_084",4
5,2,"ZYQC_085",1
5,2,"ZYQC_089",4
5,2,"ZYQC_090",5
5,2,"ZYQC_093",4
5,2,"ZYQC_094",1
5,2,"ZYQC_095",3
5,2,"ZYQC_096",3
5,2,"ZYQC_097",3
5,2,"ZYQC_098",3
5,2,"ZYQC_100",2
5,2,"ZYQC_101",1
5,2,"ZYQC_102",5
5,2,"ZYQC_103",1
5,2,"ZYQC_105",1
5,2,"ZYQC_106",1
5,2,"ZYQC_108",2
5,2,"ZYQC_109",2
5,2,"ZYQC_110",2
5,2,"ZYQC_111",3
5,2,"ZYQC_112",5
5,2,"ZYQC_113",4
5,2,"ZYQC_114",5
5,2,"ZZRM_101",4
5,2,"ZZRM_102",4
5,2,"ZZRM_103",3
5,2,"ZZRM_104",4
5,2,"ZZRM_105",4
5,2,"PHYY_026",4
5,2,"PHYY_028",5
5,2,"XARM_036",4
5,2,"XARM_037",5
5,2,"HNSR_044",4
5,2,"ZDFE_109",1
5,2,"ZDFE_113",2
5,2,"ZDFE_114",1
5,2,"ZDFE_115",3
5,2,"ZDFE_117",4
5,2,"TZEZ_022",1
5,2,"TZEZ_029",5
5,2,"TZEZ_030",5
5,2,"TZEZ_031",2
5,2,"TZEZ_032",3
5,2,"ZYQC_116",2
5,2,"ZYQC_118",4
5,2,"ZYQC_119",1
5,2,"ZYQC_120",1
5,2,"ZYQC_122",2
5,2,"ZYQC_123",2
5,2,"ZYQC_126",1
5,2,"ZYQC_127",4
5,2,"ZYQC_128",3
5,2,"ZYQC_132",2
5,2,"ZYQC_134",2
5,2,"ZYQC_143",2
5,2,"ZYCZ_038",5
5,2,"ZYCZ_039",3
5,2,"ZYYH_077",5
5,2,"HNSR_058",5
5,2,"ZDFE_118",5
5,2,"ZDFE_119",2
5,2,"ZDFE_124",3
5,2,"ZDFE_125",1
5,2,"ZDFE_127",1
5,2,"ZDFE_128",3
5,2,"ZDFE_129",4
5,2,"ZDFE_130",3
5,2,"ZDFE_131",5
5,2,"ZDFE_133",3
5,2,"ZDFE_135",2
5,2,"ZDFE_136",4
5,2,"ZZRM_108",4
5,2,"ZZRM_109",3
5,2,"ZZRM_111",5
5,2,"ZZRM_115",3
5,2,"JXSY_051",2
5,2,"JXSY_052",5
5,2,"JXSY_056",3
5,2,"PHYY_029",1
5,2,"PHYY_031",4
5,2,"TZEZ_033",1
5,2,"TZEZ_038",1
5,2,"TZEZ_043",5
5,2,"TZEZ_044",5
5,2,"TZEZ_045",2
5,2,"TZEZ_050",5
5,2,"TZEZ_053",3
5,2,"TZEZ_055",3
5,2,"TZEZ_057",2
5,2,"TZEZ_059",2
5,2,"TZEZ_060",3
5,2,"TZEZ_061",1
5,2,"WZZX_021",3
5,2,"LSRM_014",4
5,2,"LSRM_015",4
5,2,"LSRM_016",4
5,2,"SLTD_019",3
5,2,"SLTD_020",2
5,2,"SLTD_021",5
5,2,"SLTD_024",1
5,2,"LXZY_014",5
5,2,"LXZY_015",1
5,2,"HZSY_019",1
5,2,"HZSY_022",4
5,2,"HZSY_023",4
5,3,"ZYQC_039",1
5,3,"ZYQC_040",4
5,3,"ZYQC_042",1
5,3,"ZYQC_048",3
5,3,"ZYQC_049",3
5,3,"ZYQC_050",5
5,3,"ZYQC_052",2
5,3,"ZYQC_053",1
5,3,"ZYQC_055",1
5,3,"ZYQC_056",2
5,3,"ZYQC_057",4
5,3,"ZYQC_059",5
5,3,"ZYQC_060",3
5,3,"ZYCZ_018",2
5,3,"ZYCZ_020",3
5,3,"ZYCZ_023",1
5,3,"ZYCZ_025",2
5,3,"ZYCZ_027",1
5,3,"ZYCZ_028",4
5,3,"ZYYH_041",5
5,3,"ZYYH_047",4
5,3,"ZYYH_048",4
5,3,"ZYYH_049",3
5,3,"ZYYH_050",2
5,3,"ZYYH_051",2
5,3,"ZDFE_101",1
5,3,"ZDFE_102",3
5,3,"ZDFE_103",5
5,3,"ZDFE_104",2
5,3,"ZDFE_106",5
5,3,"ZZRM_093",4
5,3,"ZZRM_096",3
5,3,"ZZRM_097",5
5,3,"JXSY_023",1
5,3,"JXSY_027",3
5,3,"PHYY_014",4
5,3,"PHYY_016",5
5,3,"PHYY_019",3
5,3,"PHYY_021",3
5,3,"PHYY_022",1
5,3,"TZEZ_002",4
5,3,"TZEZ_018",4
5,3,"LSRM_011",2
5,3,"SLTD_009",2
5,3,"SLTD_010",4
5,3,"SLTD_012",3
5,3,"HZSY_003",1
5,3,"HZSY_004",4
5,3,"HZSY_005",1
5,3,"HZSY_008",2
5,3,"HZSY_009",3
5,3,"HZSY_012",3
5,3,"HZSY_015",5
5,3,"HZSY_017",4
5,3,"LXZY_013",5
5,3,"JXSY_033",5
5,3,"JXSY_036",2
5,3,"JXSY_038",5
5,3,"JXSY_039",2
5,3,"JXSY_041",5
5,3,"JXSY_042",2
5,3,"ZYCZ_030",5
5,3,"ZYCZ_032",3
5,3,"ZYCZ_033",2
5,3,"ZYCZ_034",5
5,3,"ZYCZ_035",4
5,3,"ZYCZ_036",4
5,3,"ZYYH_055",1
5,3,"ZYYH_056",4
5,3,"ZYYH_057",1
5,3,"ZYYH_058",5
5,3,"ZYYH_061",3
5,3,"ZYYH_062",2
5,3,"ZYYH_063",1
5,3,"ZYYH_067",5
5,3,"ZYYH_069",3
5,3,"ZYYH_070",4
5,3,"ZYYH_071",1
5,3,"ZYYH_072",5
5,3,"ZYQC_065",5
5,3,"ZYQC_067",1
5,3,"ZYQC_068",1
5,3,"ZYQC_071",5
5,3,"ZYQC_072",3
5,3,"ZYQC_073",3
5,3,"ZYQC_074",5
5,3,"ZYQC_075",1
5,3,"ZYQC_076",2
5,3,"ZYQC_080",5
5,3,"ZYQC_081",4
5,3,"ZYQC_083",3
5,3,"ZYQC_084",5
5,3,"ZYQC_089",4
5,3,"ZYQC_090",3
5,3,"ZYQC_093",3
5,3,"ZYQC_095",1
5,3,"ZYQC_096",4
5,3,"ZYQC_098",3
5,3,"ZYQC_100",1
5,3,"ZYQC_101",3
5,3,"ZYQC_102",2
5,3,"ZYQC_103",2
5,3,"ZYQC_104",3
5,3,"ZYQC_105",5
5,3,"ZYQC_106",3
5,3,"ZYQC_108",3
5,3,"ZYQC_110",5
5,3,"ZYQC_111",1
5,3,"ZYQC_113",1
5,3,"ZYQC_114",3
5,3,"ZYQC_115",3
5,3,"ZZRM_103",5
5,3,"PHYY_023",3
5,3,"PHYY_026",1
5,3,"XARM_036",4
5,3,"XARM_037",4
5,3,"HNSR_044",2
5,3,"SLTD_015",4
5,3,"SLTD_017",3
5,3,"ZDFE_109",3
5,3,"ZDFE_113",2
5,3,"ZDFE_114",2
5,3,"ZDFE_115",1
5,3,"ZDFE_117",3
5,3,"TZEZ_024",5
5,3,"TZEZ_030",1
5,3,"ZYQC_116",2
5,3,"ZYQC_120",2
5,3,"ZYQC_121",1
5,3,"ZYQC_123",2
5,3,"ZYQC_124",4
5,3,"ZYQC_125",4
5,3,"ZYQC_126",3
5,3,"ZYQC_127",2
5,3,"ZYQC_128",1
5,3,"ZYQC_132",5
5,3,"ZYQC_133",4
5,3,"ZYQC_134",2
5,3,"ZYQC_135",1
5,3,"ZYQC_143",5
5,3,"ZYCZ_038",4
5,3,"ZYYH_074",4
5,3,"ZYYH_077",2
5,3,"ZDFE_118",1
5,3,"ZDFE_124",4
5,3,"ZDFE_125",1
5,3,"ZDFE_128",3
5,3,"ZDFE_129",4
5,3,"ZDFE_130",1
5,3,"ZDFE_134",4
5,3,"ZDFE_135",5
5,3,"ZDFE_136",2
5,3,"ZDFE_137",1
5,3,"ZDFE_138",2
5,3,"ZZRM_109",4
5,3,"ZZRM_111",5
5,3,"ZZRM_115",2
5,3,"JXSY_050",4
5,3,"JXSY_051",3
5,3,"JXSY_052",4
5,3,"JXSY_056",1
5,3,"PHYY_029",1
5,3,"PHYY_031",5
5,3,"TZEZ_033",2
5,3,"TZEZ_036",5
5,3,"TZEZ_040",3
5,3,"TZEZ_041",4
5,3,"TZEZ_043",1
5,3,"TZEZ_044",1
5,3,"TZEZ_048",2
5,3,"TZEZ_051",2
5,3,"TZEZ_053",5
5,3,"TZEZ_055",4
5,3,"TZEZ_056",2
5,3,"TZEZ_059",2
5,3,"TZEZ_060",5
5,3,"TZEZ_061",5
5,3,"WZZX_020",2
5,3,"LSRM_014",4
5,3,"LSRM_015",1
5,3,"LSRM_016",2
5,3,"SLTD_019",5
5,3,"SLTD_020",4
5,3,"SLTD_022",1
5,3,"LXZY_014",5
5,3,"LXZY_015",4
5,3,"HZSY_019",2
5,3,"HZSY_022",3
5,3,"HZSY_023",3
5,4,"ZYQC_039",1
5,4,"ZYQC_040",5
5,4,"ZYQC_042",5
5,4,"ZYQC_045",1
5,4,"ZYQC_047",3
5,4,"ZYQC_048",3
5,4,"ZYQC_049",2
5,4,"ZYQC_050",4
5,4,"ZYQC_051",5
5,4,"ZYQC_052",5
5,4,"ZYQC_053",1
5,4,"ZYQC_056",4
5,4,"ZYQC_057",3
5,4,"ZYQC_058",3
5,4,"ZYQC_059",1
5,4,"ZYQC_060",5
5,4,"ZYCZ_018",4
5,4,"ZYCZ_019",2
5,4,"ZYCZ_020",3
5,4,"ZYCZ_025",1
5,4,"ZYCZ_026",5
5,4,"ZYCZ_027",3
5,4,"ZYCZ_028",5
5,4,"ZYCZ_029",1
5,4,"ZYYH_047",4
5,4,"ZYYH_048",5
5,4,"ZYYH_049",1
5,4,"ZYYH_051",3
5,4,"ZYYH_053",3
5,4,"HNSR_032",2
5,4,"ZDFE_031",2
5,4,"ZDFE_102",1
5,4,"ZDFE_103",3
5,4,"ZDFE_105",3
5,4,"ZDFE_106",1
5,4,"ZZRM_089",5
5,4,"ZZRM_093",2
5,4,"ZZRM_096",2
5,4,"JXSY_027",4
5,4,"JXSY_031",1
5,4,"PHYY_014",1
5,4,"PHYY_016",3
5,4,"PHYY_021",2
5,4,"PHYY_022",2
5,4,"TZEZ_002",4
5,4,"TZEZ_018",1
5,4,"LSRM_011",4
5,4,"SLTD_009",4
5,4,"SLTD_010",2
5,4,"SLTD_012",3
5,4,"HZSY_003",1
5,4,"HZSY_004",1
5,4,"HZSY_005",5
5,4,"HZSY_009",2
5,4,"HZSY_015",2
5,4,"HZSY_017",3
5,4,"LXZY_011",3
5,4,"JXSY_033",2
5,4,"JXSY_036",2
5,4,"JXSY_038",2
5,4,"JXSY_041",4
5,4,"JXSY_042",5
5,4,"ZYCZ_030",4
5,4,"ZYCZ_033",2
5,4,"ZYCZ_034",5
5,4,"ZYCZ_036",3
5,4,"ZYYH_056",3
5,4,"ZYYH_057",1
5,4,"ZYYH_058",1
5,4,"ZYYH_060",1
5,4,"ZYYH_061",4
5,4,"ZYYH_062",3
5,4,"ZYYH_063",4
5,4,"ZYYH_066",1
5,4,"ZYYH_071",3
5,4,"ZYYH_072",2
5,4,"ZYQC_067",3
5,4,"ZYQC_071",4
5,4,"ZYQC_072",2
5,4,"ZYQC_073",5
5,4,"ZYQC_074",1
5,4,"ZYQC_075",2
5,4,"ZYQC_076",2
5,4,"ZYQC_080",2
5,4,"ZYQC_081",2
5,4,"ZYQC_083",3
5,4,"ZYQC_084",5
5,4,"ZYQC_085",5
5,4,"ZYQC_089",1
5,4,"ZYQC_090",2
5,4,"ZYQC_093",5
5,4,"ZYQC_094",4
5,4,"ZYQC_095",5
5,4,"ZYQC_097",2
5,4,"ZYQC_098",1
5,4,"ZYQC_100",5
5,4,"ZYQC_101",4
5,4,"ZYQC_103",2
5,4,"ZYQC_104",5
5,4,"ZYQC_105",5
5,4,"ZYQC_109",1
5,4,"ZYQC_110",2
5,4,"ZYQC_112",4
5,4,"ZYQC_115",3
5,4,"ZZRM_101",1
5,4,"ZZRM_102",5
5,4,"ZZRM_104",5
5,4,"ZZRM_105",1
5,4,"PHYY_023",3
5,4,"PHYY_026",5
5,4,"PHYY_028",3
5,4,"XARM_036",3
5,4,"XARM_037",4
5,4,"SLTD_015",1
5,4,"SLTD_017",4
5,4,"ZDFE_109",2
5,4,"ZDFE_113",3
5,4,"ZDFE_114",1
5,4,"TZEZ_022",2
5,4,"TZEZ_024",5
5,4,"TZEZ_029",2
5,4,"TZEZ_030",1
5,4,"TZEZ_031",4
5,4,"TZEZ_032",5
5,4,"ZYQC_118",1
5,4,"ZYQC_119",4
5,4,"ZYQC_120",5
5,4,"ZYQC_121",2
5,4,"ZYQC_122",1
5,4,"ZYQC_123",4
5,4,"ZYQC_124",2
5,4,"ZYQC_125",1
5,4,"ZYQC_127",3
5,4,"ZYQC_128",1
5,4,"ZYQC_132",4
5,4,"ZYQC_133",2
5,4,"ZYQC_134",4
5,4,"ZYQC_135",1
5,4,"ZYCZ_039",4
5,4,"ZYYH_074",4
5,4,"HNSR_058",3
5,4,"ZDFE_118",3
5,4,"ZDFE_119",4
5,4,"ZDFE_124",2
5,4,"ZDFE_125",4
5,4,"ZDFE_127",3
5,4,"ZDFE_128",4
5,4,"ZDFE_129",4
5,4,"ZDFE_131",5
5,4,"ZDFE_133",5
5,4,"ZDFE_134",1
5,4,"ZDFE_137",1
5,4,"ZDFE_138",3
5,4,"ZZRM_108",3
5,4,"ZZRM_109",5
5,4,"ZZRM_111",3
5,4,"ZZRM_115",4
5,4,"JXSY_050",1
5,4,"JXSY_052",2
5,4,"JXSY_056",5
5,4,"PHYY_029",3
5,4,"PHYY_031",5
5,4,"TZEZ_036",3
5,4,"TZEZ_038",2
5,4,"TZEZ_040",4
5,4,"TZEZ_041",2
5,4,"TZEZ_043",2
5,4,"TZEZ_044",4
5,4,"TZEZ_045",1
5,4,"TZEZ_048",3
5,4,"TZEZ_050",2
5,4,"TZEZ_051",2
5,4,"TZEZ_055",3
5,4,"TZEZ_056",5
5,4,"TZEZ_057",5
5,4,"TZEZ_061",4
5,4,"WZZX_020",3
5,4,"WZZX_021",4
5,4,"LSRM_014",4
5,4,"LSRM_015",5
5,4,"SLTD_020",5
5,4,"SLTD_021",1
5,4,"SLTD_022",3
5,4,"SLTD_024",4
5,4,"LXZY_014",5
5,4,"LXZY_015",4
5,4,"HZSY_019",1
5,4,"HZSY_022",5
5,4,"HZSY_023",4
5,5,"ZYQC_045",3
5,5,"ZYQC_047",2
5,5,"ZYQC_048",2
5,5,"ZYQC_049",4
5,5,"ZYQC_051",2
5,5,"ZYQC_052",4
5,5,"ZYQC_055",5
5,5,"ZYQC_056",5
5,5,"ZYQC_057",1
5,5,"ZYQC_058",1
5,5,"ZYQC_059",3
5,5,"ZYQC_060",2
5,5,"ZYCZ_018",4
5,5,"ZYCZ_019",2
5,5,"ZYCZ_023",4
5,5,"ZYCZ_025",2
5,5,"ZYCZ_026",2
5,5,"ZYCZ_027",4
5,5,"ZYCZ_028",4
5,5,"ZYCZ_029",1
5,5,"ZYYH_041",5
5,5,"ZYYH_047",2
5,5,"ZYYH_048",5
5,5,"ZYYH_050",3
5,5,"ZYYH_051",5
5,5,"ZYYH_053",1
5,5,"HNSR_032",4
5,5,"ZDFE_031",2
5,5,"ZDFE_101",1
5,5,"ZDFE_102",2
5,5,"ZDFE_104",3
5,5,"ZDFE_105",3
5,5,"ZZRM_089",4
5,5,"ZZRM_093",2
5,5,"ZZRM_096",3
5,5,"ZZRM_097",5
5,5,"JXSY_023",4
5,5,"JXSY_027",3
5,5,"JXSY_031",5
5,5,"PHYY_014",2
5,5,"PHYY_016",1
5,5,"PHYY_019",3
5,5,"PHYY_021",4
5,5,"PHYY_022",5
5,5,"TZEZ_002",1
5,5,"TZEZ_018",1
5,5,"SLTD_009",5
5,5,"SLTD_010",4
5,5,"SLTD_012",3
5,5,"HZSY_003",4
5,5,"HZSY_004",3
5,5,"HZSY_005",2
5,5,"HZSY_008",1
5,5,"HZSY_009",4
5,5,"HZSY_012",3
5,5,"HZSY_015",3
5,5,"HZSY_017",3
5,5,"LXZY_011",4
5,5,"LXZY_013",1
5,5,"JXSY_039",5
5,5,"JXSY_041",1
5,5,"ZYCZ_030",4
5,5,"ZYCZ_032",4
5,5,"ZYCZ_033",5
5,5,"ZYCZ_035",4
5,5,"ZYYH_055",5
5,5,"ZYYH_057",1
5,5,"ZYYH_058",5
5,5,"ZYYH_060",1
5,5,"ZYYH_061",3
5,5,"ZYYH_063",5
5,5,"ZYYH_066",3
5,5,"ZYYH_067",4
5,5,"ZYYH_069",4
5,5,"ZYYH_070",4
5,5,"ZYYH_071",4
5,5,"ZYQC_065",5
5,5,"ZYQC_068",2
5,5,"ZYQC_071",1
5,5,"ZYQC_074",4
5,5,"ZYQC_075",4
5,5,"ZYQC_076",2
5,5,"ZYQC_081",5
5,5,"ZYQC_084",5
5,5,"ZYQC_085",3
5,5,"ZYQC_089",2
5,5,"ZYQC_090",2
5,5,"ZYQC_094",1
5,5,"ZYQC_096",1
5,5,"ZYQC_097",1
5,5,"ZYQC_098",3
5,5,"ZYQC_100",4
5,5,"ZYQC_101",2
5,5,"ZYQC_102",2
5,5,"ZYQC_103",1
5,5,"ZYQC_104",5
5,5,"ZYQC_105",3
5,5,"ZYQC_106",4
5,5,"ZYQC_108",5
5,5,"ZYQC_109",3
5,5,"ZYQC_110",5
5,5,"ZYQC_111",1
5,5,"ZYQC_112",2
5,5,"ZYQC_113",4
5,5,"ZYQC_114",3
5,5,"ZYQC_115",1
5,5,"ZZRM_101",5
5,5,"ZZRM_102",1
5,5,"ZZRM_103",1
5,5,"ZZRM_104",2
5,5,"ZZRM_105",2
5,5,"PHYY_023",4
5,5,"PHYY_028",4
5,5,"XARM_037",4
5,5,"HNSR_044",1
5,5,"SLTD_015",5
5,5,"SLTD_017",3
5,5,"ZDFE_109",4
5,5,"ZDFE_115",3
5,5,"ZDFE_117",2
5,5,"TZEZ_022",1
5,5,"TZEZ_024",1
5,5,"TZEZ_029",1
5,5,"TZEZ_030",5
5,5,"TZEZ_031",2
5,5,"TZEZ_032",5
5,5,"ZYQC_116",2
5,5,"ZYQC_118",2
5,5,"ZYQC_119",3
5,5,"ZYQC_121",1
5,5,"ZYQC_122",4
5,5,"ZYQC_124",3
5,5,"ZYQC_125",1
5,5,"ZYQC_126",5
5,5,"ZYQC_128",4
5,5,"ZYQC_133",5
5,5,"ZYQC_134",5
5,5,"ZYQC_135",3
5,5,"ZYQC_143",2
5,5,"ZYCZ_038",5
5,5,"ZYCZ_039",4
5,5,"ZYYH_074",5
5,5,"ZYYH_077",3
5,5,"HNSR_058",2
5,5,"ZDFE_118",3
5,5,"ZDFE_119",4
5,5,"ZDFE_124",2
5,5,"ZDFE_127",1
5,5,"ZDFE_130",1
5,5,"ZDFE_131",2
5,5,"ZDFE_133",5
5,5,"ZDFE_134",3
5,5,"ZDFE_135",2
5,5,"ZDFE_136",3
5,5,"ZDFE_137",3
5,5,"ZDFE_138",1
5,5,"ZZRM_108",1
5,5,"ZZRM_109",4
5,5,"ZZRM_111",5
5,5,"JXSY_050",4
5,5,"JXSY_051",5
5,5,"PHYY_031",2
5,5,"TZEZ_033",3
5,5,"TZEZ_036",1
5,5,"TZEZ_038",4
5,5,"TZEZ_040",3
5,5,"TZEZ_041",4
5,5,"TZEZ_043",1
5,5,"TZEZ_044",5
5,5,"TZEZ_045",5
5,5,"TZEZ_048",3
5,5,"TZEZ_050",2
5,5,"TZEZ_051",3
5,5,"TZEZ_053",2
5,5,"TZEZ_055",1
5,5,"TZEZ_056",5
5,5,"TZEZ_057",1
5,5,"TZEZ_059",5
5,5,"TZEZ_060",3
5,5,"WZZX_020",3
5,5,"WZZX_021",2
5,5,"LSRM_014",1
5,5,"LSRM_016",2
5,5,"SLTD_019",3
5,5,"SLTD_021",3
5,5,"SLTD_022",1
5,5,"SLTD_024",2
5,5,"LXZY_015",2
5,5,"HZSY_019",5
6,1,"ZYQC_039",2
6,1,"ZYQC_040",2
6,1,"ZYQC_042",3
6,1,"ZYQC_045",2
6,1,"ZYQC_050",4
6,1,"ZYQC_052",5
6,1,"ZYQC_053",5
6,1,"ZYQC_056",1
6,1,"ZYQC_057",3
6,1,"ZYQC_058",3
6,1,"ZYQC_059",3
6,1,"ZYQC_060",1
6,1,"ZYCZ_018",4
6,1,"ZYCZ_019",3
6,1,"ZYCZ_020",3
6,1,"ZYCZ_023",5
6,1,"ZYCZ_025",5
6,1,"ZYCZ_026",2
6,1,"ZYCZ_027",5
6,1,"ZYCZ_029",1
6,1,"ZYYH_041",5
6,1,"ZYYH_048",1
6,1,"ZYYH_049",4
6,1,"ZYYH_050",5
6,1,"ZYYH_051",2
6,1,"ZYYH_053",2
6,1,"HNSR_032",1
6,1,"ZDFE_031",4
6,1,"ZDFE_101",2
6,1,"ZDFE_104",3
6,1,"ZDFE_106",1
6,1,"ZZRM_089",3
6,1,"ZZRM_096",2
6,1,"JXSY_023",3
6,1,"JXSY_031",1
6,1,"PHYY_014",5
6,1,"PHYY_019",3
6,1,"PHYY_022",1
6,1,"TZEZ_002",4
6,1,"TZEZ_018",2
6,1,"HZSY_003",2
6,1,"HZSY_004",5
6,1,"HZSY_005",3
6,1,"HZSY_008",2
6,1,"HZSY_009",5
6,1,"HZSY_015",1
6,1,"HZSY_017",5
6,1,"LXZY_011",2
6,1,"LXZY_013",3
6,1,"JXSY_033",2
6,1,"JXSY_038",3
6,1,"JXSY_039",1
6,1,"JXSY_041",1
6,1,"JXSY_042",1
6,1,"ZYCZ_030",4
6,1,"ZYCZ_032",5
6,1,"ZYCZ_033",1
6,1,"ZYCZ_034",4
6,1,"ZYYH_055",5
6,1,"ZYYH_056",5
6,1,"ZYYH_057",2
6,1,"ZYYH_058",5
6,1,"ZYYH_060",1
6,1,"ZYYH_061",5
6,1,"ZYYH_062",2
6,1,"ZYYH_063",5
6,1,"ZYYH_069",3
6,1,"ZYYH_072",1
6,1,"ZYQC_065",4
6,1,"ZYQC_067",3
6,1,"ZYQC_068",5
6,1,"ZYQC_071",1
6,1,"ZYQC_072",3
6,1,"ZYQC_073",4
6,1,"ZYQC_075",5
6,1,"ZYQC_076",2
6,1,"ZYQC_080",4
6,1,"ZYQC_081",1
6,1,"ZYQC_083",2
6,1,"ZYQC_084",2
6,1,"ZYQC_085",5
6,1,"ZYQC_089",5
6,1,"ZYQC_090",5
6,1,"ZYQC_093",1
6,1,"ZYQC_094",4
6,1,"ZYQC_095",3
6,1,"ZYQC_096",5
6,1,"ZYQC_098",3
6,1,"ZYQC_100",3
6,1,"ZYQC_101",5
6,1,"ZYQC_102",5
6,1,"ZYQC_103",1
6,1,"ZYQC_104",4
6,1,"ZYQC_105",4
6,1,"ZYQC_106",1
6,1,"ZYQC_109",5
6,1,"ZYQC_111",3
6,1,"ZYQC_113",5
6,1,"ZYQC_114",4
6,1,"ZYQC_115",1
6,1,"ZZRM_101",3
6,1,"ZZRM_102",4
6,1,"ZZRM_103",3
6,1,"ZZRM_104",3
6,1,"ZZRM_105",3
6,1,"PHYY_026",2
6,1,"PHYY_028",1
6,1,"XARM_037",1
6,1,"HNSR_044",3
6,1,"SLTD_015",5
6,1,"ZDFE_109",1
6,1,"ZDFE_113",3
6,1,"ZDFE_114",3
6,1,"ZDFE_115",3
6,1,"ZDFE_117",1
6,1,"TZEZ_022",3
6,1,"TZEZ_024",4
6,1,"TZEZ_030",1
6,1,"TZEZ_031",4
6,1,"TZEZ_032",2
6,1,"ZYQC_120",4
6,1,"ZYQC_121",1
6,1,"ZYQC_122",3
6,1,"ZYQC_124",2
6,1,"ZYQC_125",3
6,1,"ZYQC_126",5
6,1,"ZYQC_127",4
6,1,"ZYQC_128",5
6,1,"ZYQC_132",2
6,1,"ZYQC_133",5
6,1,"ZYQC_134",4
6,1,"ZYQC_135",4
6,1,"ZYQC_143",5
6,1,"ZYCZ_039",1
6,1,"ZYYH_074",2
6,1,"ZYYH_077",4
6,1,"HNSR_058",1
6,1,"ZDFE_118",1
6,1,"ZDFE_119",1
6,1,"ZDFE_124",2
6,1,"ZDFE_127",2
6,1,"ZDFE_128",2
6,1,"ZDFE_129",3
6,1,"ZDFE_130",4
6,1,"ZDFE_133",4
6,1,"ZDFE_135",1
6,1,"ZDFE_136",4
6,1,"ZDFE_137",2
6,1,"ZDFE_138",4
6,1,"ZZRM_108",4
6,1,"ZZRM_109",4
6,1,"ZZRM_115",5
6,1,"JXSY_050",2
6,1,"JXSY_051",4
6,1,"JXSY_052",3
6,1,"JXSY_056",4
6,1,"PHYY_029",4
6,1,"PHYY_031",1
6,1,"TZEZ_033",2
6,1,"TZEZ_036",5
6,1,"TZEZ_038",2
6,1,"TZEZ_040",3
6,1,"TZEZ_041",2
6,1,"TZEZ_043",1
6,1,"TZEZ_045",2
6,1,"TZEZ_048",5
6,1,"TZEZ_050",3
6,1,"TZEZ_051",5
6,1,"TZEZ_053",2
6,1,"TZEZ_055",1
6,1,"TZEZ_056",3
6,1,"TZEZ_057",2
6,1,"TZEZ_059",4
6,1,"TZEZ_060",4
6,1,"TZEZ_061",1
6,1,"WZZX_020",4
6,1,"WZZX_021",5
6,1,"LSRM_014",4
6,1,"LSRM_015",3
6,1,"LSRM_016",2
6,1,"SLTD_019",2
6,1,"SLTD_021",2
6,1,"SLTD_022",1
6,1,"SLTD_024",3
6,1,"LXZY_014",2
6,1,"LXZY_015",1
6,1,"HZSY_019",4
6,1,"HZSY_023",4
6,2,"ZYQC_042",4
6,2,"ZYQC_045",3
6,2,"ZYQC_047",3
6,2,"ZYQC_048",5
6,2,"ZYQC_049",1
6,2,"ZYQC_050",2
6,2,"ZYQC_051",5
6,2,"ZYQC_052",3
6,2,"ZYQC_053",3
6,2,"ZYQC_055",1
6,2,"ZYQC_057",2
6,2,"ZYQC_058",5
6,2,"ZYQC_059",3
6,2,"ZYCZ_018",2
6,2,"ZYCZ_019",2
6,2,"ZYCZ_023",4
6,2,"ZYCZ_025",4
6,2,"ZYCZ_026",3
6,2,"ZYCZ_027",5
6,2,"ZYCZ_028",3
6,2,"ZYCZ_029",1
6,2,"ZYYH_041",3
6,2,"ZYYH_047",3
6,2,"ZYYH_048",1
6,2,"ZYYH_050",5
6,2,"ZYYH_053",4
6,2,"HNSR_032",4
6,2,"ZDFE_031",5
6,2,"ZDFE_101",5
6,2,"ZDFE_102",3
6,2,"ZDFE_103",3
6,2,"ZDFE_104",3
6,2,"ZDFE_105",4
6,2,"ZDFE_106",1
6,2,"ZZRM_093",2
6,2,"ZZRM_096",4
6,2,"ZZRM_097",1
6,2,"JXSY_023",4
6,2,"JXSY_027",1
6,2,"JXSY_031",3
6,2,"PHYY_014",3
6,2,"PHYY_016",4
6,2,"PHYY_019",4
6,2,"PHYY_021",2
6,2,"PHYY_022",1
6,2,"LSRM_011",5
6,2,"SLTD_009",3
6,2,"SLTD_010",2
6,2,"SLTD_012",3
6,2,"HZSY_003",1
6,2,"HZSY_004",2
6,2,"HZSY_005",2
6,2,"HZSY_009",5
6,2,"HZSY_012",1
6,2,"HZSY_015",3
6,2,"HZSY_017",5
6,2,"LXZY_011",3
6,2,"LXZY_013",5
6,2,"JXSY_033",5
6,2,"JXSY_036",2
6,2,"JXSY_041",5
6,2,"ZYCZ_030",4
6,2,"ZYCZ_032",2
6,2,"ZYCZ_033",4
6,2,"ZYCZ_035",1
6,2,"ZYCZ_036",4
6,2,"ZYYH_055",2
6,2,"ZYYH_057",5
6,2,"ZYYH_058",1
6,2,"ZYYH_061",4
6,2,"ZYYH_062",1
6,2,"ZYYH_063",1
6,2,"ZYYH_066",4
6,2,"ZYYH_067",3
6,2,"ZYYH_069",5
6,2,"ZYYH_070",2
6,2,"ZYYH_071",3
6,2,"ZYYH_072",1
6,2,"ZYQC_065",2
6,2,"ZYQC_067",2
6,2,"ZYQC_071",5
6,2,"ZYQC_073",4
6,2,"ZYQC_074",4
6,2,"ZYQC_075",4
6,2,"ZYQC_076",1
6,2,"ZYQC_080",3
6,2,"ZYQC_083",1
6,2,"ZYQC_084",3
6,2,"ZYQC_085",2
6,2,"ZYQC_090",4
6,2,"ZYQC_093",5
6,2,"ZYQC_094",1
6,2,"ZYQC_096",1
6,2,"ZYQC_097",2
6,2,"ZYQC_100",4
6,2,"ZYQC_101",1
6,2,"ZYQC_102",5
6,2,"ZYQC_103",5
6,2,"ZYQC_104",3
6,2,"ZYQC_105",4
6,2,"ZYQC_106",2
6,2,"ZYQC_108",1
6,2,"ZYQC_109",4
6,2,"ZYQC_110",1
6,2,"ZYQC_111",2
6,2,"ZYQC_112",5
6,2,"ZYQC_113",1
6,2,"ZYQC_114",3
6,2,"ZZRM_101",3
6,2,"ZZRM_102",1
6,2,"ZZRM_103",5
6,2,"ZZRM_104",4
6,2,"PHYY_023",4
6,2,"PHYY_028",1
6,2,"XARM_036",3
6,2,"XARM_037",4
6,2,"HNSR_044",4
6,2,"SLTD_015",4
6,2,"SLTD_017",3
6,2,"ZDFE_109",2
6,2,"ZDFE_113",4
6,2,"ZDFE_114",2
6,2,"ZDFE_117",2
6,2,"TZEZ_022",2
6,2,"TZEZ_029",1
6,2,"TZEZ_031",4
6,2,"TZEZ_032",1
6,2,"ZYQC_116",5
6,2,"ZYQC_118",5
6,2,"ZYQC_119",3
6,2,"ZYQC_120",1
6,2,"ZYQC_123",2
6,2,"ZYQC_124",2
6,2,"ZYQC_126",5
6,2,"ZYQC_127",4
6,2,"ZYQC_128",1
6,2,"ZYQC_134",1
6,2,"ZYQC_143",2
6,2,"ZYCZ_038",3
6,2,"ZYCZ_039",3
6,2,"ZYYH_077",5
6,2,"HNSR_058",2
6,2,"ZDFE_124",2
6,2,"ZDFE_125",4
6,2,"ZDFE_128",4
6,2,"ZDFE_129",3
6,2,"ZDFE_130",2
6,2,"ZDFE_131",3
6,2,"ZDFE_133",1
6,2,"ZDFE_134",3
6,2,"ZDFE_137",1
6,2,"ZDFE_138",5
6,2,"ZZRM_109",5
6,2,"ZZRM_111",2
6,2,"JXSY_050",5
6,2,"JXSY_051",3
6,2,"JXSY_052",1
6,2,"JXSY_056",2
6,2,"PHYY_029",2
6,2,"PHYY_031",5
6,2,"TZEZ_033",3
6,2,"TZEZ_036",5
6,2,"TZEZ_038",1
6,2,"TZEZ_040",4
6,2,"TZEZ_041",2
6,2,"TZEZ_043",3
6,2,"TZEZ_044",4
6,2,"TZEZ_045",4
6,2,"TZEZ_048",2
6,2,"TZEZ_051",5
6,2,"TZEZ_053",1
6,2,"TZEZ_055",1
6,2,"TZEZ_056",3
6,2,"TZEZ_057",5
6,2,"TZEZ_060",5
6,2,"WZZX_020",5
6,2,"WZZX_021",1
6,2,"LSRM_014",2
6,2,"LSRM_015",5
6,2,"LSRM_016",2
6,2,"SLTD_019",2
6,2,"SLTD_020",4
6,2,"SLTD_022",5
6,2,"SLTD_024",3
6,2,"LXZY_014",2
6,2,"LXZY_015",4
6,2,"HZSY_019",1
6,2,"HZSY_022",4
6,2,"HZSY_023",5
6,3,"ZYQC_039",3
6,3,"ZYQC_040",4
6,3,"ZYQC_045",1
6,3,"ZYQC_047",2
6,3,"ZYQC_048",3
6,3,"ZYQC_049",4
6,3,"ZYQC_050",2
6,3,"ZYQC_051",2
6,3,"ZYQC_053",4
6,3,"ZYQC_055",4
6,3,"ZYQC_056",4
6,3,"ZYQC_058",3
6,3,"ZYQC_059",1
6,3,"ZYQC_060",4
6,3,"ZYCZ_020",4
6,3,"ZYCZ_023",4
6,3,"ZYCZ_025",3
6,3,"ZYCZ_026",5
6,3,"ZYCZ_028",5
6,3,"ZYYH_041",1
6,3,"ZYYH_047",2
6,3,"ZYYH_048",1
6,3,"ZYYH_049",3
6,3,"ZYYH_051",5
6,3,"ZYYH_053",1
6,3,"HNSR_032",1
6,3,"ZDFE_031",1
6,3,"ZDFE_101",5
6,3,"ZDFE_102",1
6,3,"ZDFE_103",4
6,3,"ZDFE_104",4
6,3,"ZDFE_105",4
6,3,"ZDFE_106",4
6,3,"ZZRM_089",3
6,3,"ZZRM_093",5
6,3,"ZZRM_097",1
6,3,"JXSY_023",2
6,3,"JXSY_027",4
6,3,"PHYY_014",3
6,3,"PHYY_016",5
6,3,"PHYY_019",2
6,3,"PHYY_021",3
6,3,"PHYY_022",2
6,3,"TZEZ_002",1
6,3,"TZEZ_018",1
6,3,"LSRM_011",4
6,3,"SLTD_009",2
6,3,"SLTD_010",3
6,3,"SLTD_012",5
6,3,"HZSY_004",4
6,3,"HZSY_005",1
6,3,"HZSY_008",5
6,3,"HZSY_009",2
6,3,"HZSY_012",4
6,3,"HZSY_015",5
6,3,"HZSY_017",5
6,3,"LXZY_011",5
6,3,"LXZY_013",1
6,3,"JXSY_036",3
6,3,"JXSY_038",3
6,3,"JXSY_039",1
6,3,"JXSY_041",2
6,3,"JXSY_042",2
6,3,"ZYCZ_030",1
6,3,"ZYCZ_032",2
6,3,"ZYCZ_034",1
6,3,"ZYCZ_035",4
6,3,"ZYCZ_036",2
6,3,"ZYYH_055",1
6,3,"ZYYH_056",1
6,3,"ZYYH_057",2
6,3,"ZYYH_058",5
6,3,"ZYYH_060",5
6,3,"ZYYH_061",1
6,3,"ZYYH_062",2
6,3,"ZYYH_066",2
6,3,"ZYYH_067",5
6,3,"ZYYH_069",2
6,3,"ZYYH_070",1
6,3,"ZYYH_071",3
6,3,"ZYYH_072",1
6,3,"ZYQC_067",3
6,3,"ZYQC_068",1
6,3,"ZYQC_071",1
6,3,"ZYQC_072",2
6,3,"ZYQC_074",1
6,3,"ZYQC_076",4
6,3,"ZYQC_080",3
6,3,"ZYQC_081",1
6,3,"ZYQC_083",3
6,3,"ZYQC_084",2
6,3,"ZYQC_085",5
6,3,"ZYQC_089",2
6,3,"ZYQC_093",3
6,3,"ZYQC_094",4
6,3,"ZYQC_095",1
6,3,"ZYQC_096",3
6,3,"ZYQC_097",5
6,3,"ZYQC_098",2
6,3,"ZYQC_100",3
6,3,"ZYQC_102",5
6,3,"ZYQC_103",3
6,3,"ZYQC_106",1
6,3,"ZYQC_108",4
6,3,"ZYQC_110",3
6,3,"ZYQC_111",5
6,3,"ZYQC_112",3
6,3,"ZYQC_113",4
6,3,"ZYQC_114",4
6,3,"ZYQC_115",3
6,3,"ZZRM_101",4
6,3,"ZZRM_102",3
6,3,"ZZRM_105",1
6,3,"PHYY_023",4
6,3,"PHYY_026",3
6,3,"XARM_036",2
6,3,"XARM_037",2
6,3,"SLTD_017",2
6,3,"ZDFE_113",5
6,3,"ZDFE_114",5
6,3,"ZDFE_115",4
6,3,"ZDFE_117",5
6,3,"TZEZ_022",4
6,3,"TZEZ_024",1
6,3,"TZEZ_029",3
6,3,"TZEZ_030",2
6,3,"TZEZ_031",4
6,3,"TZEZ_032",5
6,3,"ZYQC_116",3
6,3,"ZYQC_118",2
6,3,"ZYQC_119",2
6,3,"ZYQC_120",1
6,3,"ZYQC_121",1
6,3,"ZYQC_122",3
6,3,"ZYQC_123",2
6,3,"ZYQC_125",3
6,3,"ZYQC_126",5
6,3,"ZYQC_127",5
6,3,"ZYQC_128",4
6,3,"ZYQC_132",4
6,3,"ZYQC_133",1
6,3,"ZYQC_135",1
6,3,"ZYQC_143",1
6,3,"ZYCZ_038",5
6,3,"ZYCZ_039",4
6,3,"ZYYH_074",4
6,3,"ZYYH_077",5
6,3,"HNSR_058",2
6,3,"ZDFE_118",4
6,3,"ZDFE_119",3
6,3,"ZDFE_125",5
6,3,"ZDFE_127",3
6,3,"ZDFE_130",3
6,3,"ZDFE_131",1
6,3,"ZDFE_133",5
6,3,"ZDFE_134",3
6,3,"ZDFE_135",3
6,3,"ZDFE_136",2
6,3,"ZDFE_138",4
6,3,"ZZRM_108",2
6,3,"ZZRM_109",2
6,3,"ZZRM_111",4
6,3,"ZZRM_115",5
6,3,"JXSY_050",1
6,3,"JXSY_051",2
6,3,"JXSY_052",3
6,3,"JXSY_056",5
6,3,"PHYY_029",5
6,3,"TZEZ_036",3
6,3,"TZEZ_043",1
6,3,"TZEZ_044",3
6,3,"TZEZ_045",5
6,3,"TZEZ_050",5
6,3,"TZEZ_053",5
6,3,"TZEZ_056",1
6,3,"TZEZ_057",5
6,3,"TZEZ_059",5
6,3,"TZEZ_060",5
6,3,"TZEZ_061",2
6,3,"LSRM_015",4
6,3,"LSRM_016",2
6,3,"SLTD_020",2
6,3,"SLTD_021",4
6,3,"SLTD_022",4
6,3,"SLTD_024",2
6,3,"LXZY_014",3
6,3,"LXZY_015",4
6,3,"HZSY_022",2
6,3,"HZSY_023",3
6,4,"ZYQC_039",2
6,4,"ZYQC_040",5
6,4,"ZYQC_042",1
6,4,"ZYQC_047",1
6,4,"ZYQC_048",2
6,4,"ZYQC_049",3
6,4,"ZYQC_050",5
6,4,"ZYQC_051",2
6,4,"ZYQC_052",4
6,4,"ZYQC_055",3
6,4,"ZYQC_056",2
6,4,"ZYQC_057",5
6,4,"ZYQC_059",2
6,4,"ZYQC_060",1
6,4,"ZYCZ_018",1
6,4,"ZYCZ_019",1
6,4,"ZYCZ_020",4
6,4,"ZYCZ_023",3
6,4,"ZYCZ_025",2
6,4,"ZYCZ_026",5
6,4,"ZYCZ_027",4
6,4,"ZYCZ_028",3
6,4,"ZYCZ_029",2
6,4,"ZYYH_047",4
6,4,"ZYYH_049",1
6,4,"ZYYH_050",3
6,4,"ZYYH_051",3
6,4,"ZYYH_053",4
6,4,"ZDFE_102",5
6,4,"ZDFE_103",3
6,4,"ZDFE_104",1
6,4,"ZDFE_105",1
6,4,"ZDFE_106",4
6,4,"ZZRM_089",5
6,4,"ZZRM_093",5
6,4,"ZZRM_096",3
6,4,"ZZRM_097",5
6,4,"JXSY_023",4
6,4,"JXSY_027",4
6,4,"JXSY_031",3
6,4,"PHYY_016",5
6,4,"PHYY_019",1
6,4,"PHYY_021",1
6,4,"PHYY_022",2
6,4,"TZEZ_002",3
6,4,"TZEZ_018",4
6,4,"LSRM_011",3
6,4,"SLTD_009",2
6,4,"SLTD_010",5
6,4,"SLTD_012",5
6,4,"HZSY_003",2
6,4,"HZSY_008",4
6,4,"HZSY_009",3
6,4,"HZSY_012",2
6,4,"HZSY_017",5
6,4,"LXZY_013",2
6,4,"JXSY_033",2
6,4,"JXSY_036",4
6,4,"JXSY_038",1
6,4,"JXSY_039",4
6,4,"JXSY_042",1
6,4,"ZYCZ_030",1
6,4,"ZYCZ_032",1
6,4,"ZYCZ_033",1
6,4,"ZYCZ_034",5
6,4,"ZYCZ_035",1
6,4,"ZYCZ_036",5
6,4,"ZYYH_055",1
6,4,"ZYYH_056",2
6,4,"ZYYH_057",2
6,4,"ZYYH_058",4
6,4,"ZYYH_060",4
6,4,"ZYYH_063",4
6,4,"ZYYH_066",4
6,4,"ZYYH_067",3
6,4,"ZYYH_070",2
6,4,"ZYYH_071",3
6,4,"ZYYH_072",4
6,4,"ZYQC_065",1
6,4,"ZYQC_067",1
6,4,"ZYQC_068",5
6,4,"ZYQC_071",1
6,4,"ZYQC_072",1
6,4,"ZYQC_073",1
6,4,"ZYQC_074",5
6,4,"ZYQC_075",4
6,4,"ZYQC_081",3
6,4,"ZYQC_083",3
6,4,"ZYQC_085",5
6,4,"ZYQC_089",5
6,4,"ZYQC_090",4
6,4,"ZYQC_095",1
6,4,"ZYQC_096",3
6,4,"ZYQC_097",4
6,4,"ZYQC_098",1
6,4,"ZYQC_101",2
6,4,"ZYQC_102",1
6,4,"ZYQC_103",4
6,4,"ZYQC_104",4
6,4,"ZYQC_105",3
6,4,"ZYQC_108",2
6,4,"ZYQC_109",4
6,4,"ZYQC_110",2
6,4,"ZYQC_111",3
6,4,"ZYQC_112",4
6,4,"ZYQC_115",2
6,4,"ZZRM_101",2
6,4,"ZZRM_103",2
6,4,"ZZRM_104",3
6,4,"ZZRM_105",3
6,4,"PHYY_023",5
6,4,"PHYY_026",2
6,4,"PHYY_028",2
6,4,"XARM_036",2
6,4,"HNSR_044",1
6,4,"SLTD_015",5
6,4,"SLTD_017",1
6,4,"ZDFE_109",5
6,4,"ZDFE_113",1
6,4,"ZDFE_115",4
6,4,"ZDFE_117",5
6,4,"TZEZ_024",3
6,4,"TZEZ_029",4
6,4,"TZEZ_030",4
6,4,"TZEZ_031",3
6,4,"ZYQC_116",1
6,4,"ZYQC_118",1
6,4,"ZYQC_119",4
6,4,"ZYQC_120",1
6,4,"ZYQC_121",2
6,4,"ZYQC_122",3
6,4,"ZYQC_123",4
6,4,"ZYQC_124",1
6,4,"ZYQC_125",3
6,4,"ZYQC_127",3
6,4,"ZYQC_128",2
6,4,"ZYQC_132",2
6,4,"ZYQC_133",2
6,4,"ZYQC_134",1
6,4,"ZYQC_135",2
6,4,"ZYQC_143",2
6,4,"ZYCZ_038",5
6,4,"ZYYH_074",4
6,4,"ZDFE_118",3
6,4,"ZDFE_119",2
6,4,"ZDFE_124",4
6,4,"ZDFE_125",4
6,4,"ZDFE_127",5
6,4,"ZDFE_128",3
6,4,"ZDFE_129",3
6,4,"ZDFE_131",3
6,4,"ZDFE_133",5
6,4,"ZDFE_134",5
6,4,"ZDFE_135",2
6,4,"ZDFE_136",1
6,4,"ZDFE_137",5
6,4,"ZDFE_138",5
6,4,"ZZRM_108",5
6,4,"ZZRM_109",1
6,4,"ZZRM_111",1
6,4,"ZZRM_115",1
6,4,"PHYY_029",5
6,4,"PHYY_031",3
6,4,"TZEZ_033",3
6,4,"TZEZ_036",4
6,4,"TZEZ_038",5
6,4,"TZEZ_040",4
6,4,"TZEZ_041",2
6,4,"TZEZ_043",3
6,4,"TZEZ_044",2
6,4,"TZEZ_048",3
6,4,"TZEZ_050",3
6,4,"TZEZ_051",3
6,4,"TZEZ_053",2
6,4,"TZEZ_055",2
6,4,"TZEZ_057",2
6,4,"TZEZ_059",5
6,4,"TZEZ_061",1
6,4,"WZZX_020",5
6,4,"WZZX_021",5
6,4,"LSRM_014",4
6,4,"LSRM_015",4
6,4,"SLTD_019",5
6,4,"SLTD_020",3
6,4,"SLTD_021",5
6,4,"SLTD_022",4
6,4,"HZSY_019",5
6,4,"HZSY_022",4
6,4,"HZSY_023",3
6,5,"ZYQC_039",4
6,5,"ZYQC_040",1
6,5,"ZYQC_042",5
6,5,"ZYQC_045",4
6,5,"ZYQC_047",3
6,5,"ZYQC_048",1
6,5,"ZYQC_049",2
6,5,"ZYQC_051",5
6,5,"ZYQC_052",2
6,5,"ZYQC_053",5
6,5,"ZYQC_055",4
6,5,"ZYQC_056",4
6,5,"ZYQC_057",5
6,5,"ZYQC_058",3
6,5,"ZYQC_060",4
6,5,"ZYCZ_018",1
6,5,"ZYCZ_019",5
6,5,"ZYCZ_020",2
6,5,"ZYCZ_027",5
6,5,"ZYCZ_028",3
6,5,"ZYCZ_029",1
6,5,"ZYYH_041",3
6,5,"ZYYH_047",4
6,5,"ZYYH_048",5
6,5,"ZYYH_049",3
6,5,"ZYYH_050",3
6,5,"ZYYH_051",3
6,5,"HNSR_032",5
6,5,"ZDFE_031",3
6,5,"ZDFE_101",2
6,5,"ZDFE_102",4
6,5,"ZDFE_103",1
6,5,"ZDFE_105",3
6,5,"ZZRM_089",3
6,5,"ZZRM_093",3
6,5,"ZZRM_096",1
6,5,"ZZRM_097",5
6,5,"JXSY_027",4
6,5,"JXSY_031",3
6,5,"PHYY_014",1
6,5,"PHYY_016",4
6,5,"PHYY_021",2
6,5,"TZEZ_002",4
6,5,"TZEZ_018",2
6,5,"LSRM_011",1
6,5,"SLTD_009",4
6,5,"SLTD_010",5
6,5,"SLTD_012",4
6,5,"HZSY_003",4
6,5,"HZSY_004",5
6,5,"HZSY_005",5
6,5,"HZSY_008",1
6,5,"HZSY_012",2
6,5,"HZSY_015",3
6,5,"LXZY_011",4
6,5,"JXSY_033",5
6,5,"JXSY_036",2
6,5,"JXSY_038",5
6,5,"JXSY_039",2
6,5,"JXSY_041",3
6,5,"JXSY_042",3
6,5,"ZYCZ_033",4
6,5,"ZYCZ_034",1
6,5,"ZYCZ_035",1
6,5,"ZYCZ_036",1
6,5,"ZYYH_056",3
6,5,"ZYYH_060",4
6,5,"ZYYH_061",4
6,5,"ZYYH_062",3
6,5,"ZYYH_063",4
6,5,"ZYYH_066",1
6,5,"ZYYH_067",4
6,5,"ZYYH_069",4
6,5,"ZYYH_070",4
6,5,"ZYYH_071",2
6,5,"ZYQC_065",2
6,5,"ZYQC_068",3
6,5,"ZYQC_072",2
6,5,"ZYQC_073",3
6,5,"ZYQC_074",5
6,5,"ZYQC_075",5
6,5,"ZYQC_076",5
6,5,"ZYQC_080",5
6,5,"ZYQC_081",1
6,5,"ZYQC_084",1
6,5,"ZYQC_089",4
6,5,"ZYQC_090",5
6,5,"ZYQC_093",5
6,5,"ZYQC_094",5
6,5,"ZYQC_095",2
6,5,"ZYQC_097",3
6,5,"ZYQC_098",3
6,5,"ZYQC_100",2
6,5,"ZYQC_101",4
6,5,"ZYQC_104",5
6,5,"ZYQC_105",4
6,5,"ZYQC_106",2
6,5,"ZYQC_108",5
6,5,"ZYQC_109",2
6,5,"ZYQC_110",3
6,5,"ZYQC_112",4
6,5,"ZYQC_113",1
6,5,"ZYQC_114",5
6,5,"ZYQC_115",3
6,5,"ZZRM_102",4
6,5,"ZZRM_103",2
6,5,"ZZRM_104",2
6,5,"ZZRM_105",3
6,5,"PHYY_023",1
6,5,"PHYY_026",1
6,5,"PHYY_028",1
6,5,"XARM_036",1
6,5,"XARM_037",2
6,5,"HNSR_044",1
6,5,"SLTD_015",3
6,5,"SLTD_017",5
6,5,"ZDFE_109",3
6,5,"ZDFE_114",3
6,5,"ZDFE_115",2
6,5,"TZEZ_022",5
6,5,"TZEZ_024",1
6,5,"TZEZ_029",4
6,5,"TZEZ_030",4
6,5,"TZEZ_032",1
6,5,"ZYQC_116",3
6,5,"ZYQC_118",4
6,5,"ZYQC_119",2
6,5,"ZYQC_121",2
6,5,"ZYQC_122",1
6,5,"ZYQC_123",4
6,5,"ZYQC_124",1
6,5,"ZYQC_125",1
6,5,"ZYQC_126",2
6,5,"ZYQC_132",1
6,5,"ZYQC_133",3
6,5,"ZYQC_134",3
6,5,"ZYQC_135",1
6,5,"ZYCZ_038",5
6,5,"ZYCZ_039",3
6,5,"ZYYH_074",5
6,5,"ZYYH_077",1
6,5,"HNSR_058",4
6,5,"ZDFE_118",2
6,5,"ZDFE_119",5
6,5,"ZDFE_124",4
6,5,"ZDFE_125",2
6,5,"ZDFE_127",3
6,5,"ZDFE_128",2
6,5,"ZDFE_129",1
6,5,"ZDFE_130",4
6,5,"ZDFE_131",5
6,5,"ZDFE_134",5
6,5,"ZDFE_135",1
6,5,"ZDFE_136",1
6,5,"ZDFE_137",2
6,5,"ZZRM_108",1
6,5,"ZZRM_111",3
6,5,"ZZRM_115",2
6,5,"JXSY_050",2
6,5,"JXSY_051",3
6,5,"JXSY_052",5
6,5,"JXSY_056",2
6,5,"PHYY_031",3
6,5,"TZEZ_033",2
6,5,"TZEZ_038",2
6,5,"TZEZ_040",5
6,5,"TZEZ_041",2
6,5,"TZEZ_044",4
6,5,"TZEZ_045",2
6,5,"TZEZ_048",1
6,5,"TZEZ_050",2
6,5,"TZEZ_051",5
6,5,"TZEZ_055",2
6,5,"TZEZ_056",1
6,5,"TZEZ_059",2
6,5,"TZEZ_060",3
6,5,"TZEZ_061",3
6,5,"WZZX_020",3
6,5,"WZZX_021",5
6,5,"LSRM_014",1
6,5,"LSRM_016",5
6,5,"SLTD_019",2
6,5,"SLTD_020",4
6,5,"SLTD_021",4
6,5,"SLTD_024",4
6,5,"LXZY_014",5
6,5,"LXZY_015",1
6,5,"HZSY_019",4
6,5,"HZSY_022",1
7,1,"ZYQC_039",4
7,1,"ZYQC_040",5
7,1,"ZYQC_042",2
7,1,"ZYQC_045",3
7,1,"ZYQC_047",1
7,1,"ZYQC_048",1
7,1,"ZYQC_049",4
7,1,"ZYQC_050",2
7,1,"ZYQC_051",5
7,1,"ZYQC_052",1
7,1,"ZYQC_053",3
7,1,"ZYQC_055",4
7,1,"ZYQC_057",5
7,1,"ZYQC_058",3
7,1,"ZYQC_059",2
7,1,"ZYCZ_019",3
7,1,"ZYCZ_025",5
7,1,"ZYCZ_027",2
7,1,"ZYCZ_028",5
7,1,"ZYCZ_029",3
7,1,"ZYYH_048",3
7,1,"ZYYH_049",5
7,1,"ZYYH_050",5
7,1,"ZYYH_053",1
7,1,"ZDFE_031",4
7,1,"ZDFE_102",4
7,1,"ZDFE_103",5
7,1,"ZDFE_104",5
7,1,"ZZRM_089",5
7,1,"ZZRM_093",1
7,1,"ZZRM_096",4
7,1,"JXSY_027",4
7,1,"JXSY_031",3
7,1,"PHYY_016",5
7,1,"PHYY_019",2
7,1,"PHYY_021",1
7,1,"PHYY_022",5
7,1,"TZEZ_018",2
7,1,"LSRM_011",4
7,1,"SLTD_009",5
7,1,"SLTD_012",2
7,1,"HZSY_004",5
7,1,"HZSY_005",1
7,1,"HZSY_008",5
7,1,"HZSY_009",2
7,1,"HZSY_012",1
7,1,"HZSY_015",5
7,1,"HZSY_017",5
7,1,"LXZY_011",4
7,1,"LXZY_013",2
7,1,"JXSY_033",3
7,1,"JXSY_036",3
7,1,"JXSY_038",2
7,1,"JXSY_039",2
7,1,"JXSY_041",4
7,1,"ZYCZ_032",5
7,1,"ZYCZ_033",4
7,1,"ZYCZ_034",3
7,1,"ZYCZ_035",3
7,1,"ZYCZ_036",2
7,1,"ZYYH_055",4
7,1,"ZYYH_056",5
7,1,"ZYYH_058",2
7,1,"ZYYH_060",1
7,1,"ZYYH_061",1
7,1,"ZYYH_062",1
7,1,"ZYYH_063",2
7,1,"ZYYH_066",4
7,1,"ZYYH_067",1
7,1,"ZYYH_069",2
7,1,"ZYYH_072",2
7,1,"ZYQC_065",3
7,1,"ZYQC_067",1
7,1,"ZYQC_071",2
7,1,"ZYQC_072",4
7,1,"ZYQC_073",1
7,1,"ZYQC_074",3
7,1,"ZYQC_075",1
7,1,"ZYQC_076",3
7,1,"ZYQC_080",3
7,1,"ZYQC_081",1
7,1,"ZYQC_084",4
7,1,"ZYQC_089",3
7,1,"ZYQC_090",3
7,1,"ZYQC_093",2
7,1,"ZYQC_095",5
7,1,"ZYQC_096",1
7,1,"ZYQC_097",5
7,1,"ZYQC_098",1
7,1,"ZYQC_102",4
7,1,"ZYQC_103",4
7,1,"ZYQC_104",2
7,1,"ZYQC_108",3
7,1,"ZYQC_109",2
7,1,"ZYQC_110",1
7,1,"ZYQC_112",4
7,1,"ZYQC_113",3
7,1,"ZYQC_114",3
7,1,"ZZRM_101",2
7,1,"ZZRM_102",2
7,1,"ZZRM_103",4
7,1,"ZZRM_104",5
7,1,"ZZRM_105",5
7,1,"PHYY_023",3
7,1,"PHYY_026",1
7,1,"PHYY_028",3
7,1,"XARM_036",4
7,1,"XARM_037",1
7,1,"HNSR_044",5
7,1,"SLTD_015",2
7,1,"SLTD_017",4
7,1,"ZDFE_109",5
7,1,"ZDFE_113",5
7,1,"ZDFE_114",1
7,1,"ZDFE_115",3
7,1,"ZDFE_117",2
7,1,"TZEZ_024",1
7,1,"TZEZ_029",3
7,1,"TZEZ_030",3
7,1,"TZEZ_031",4
7,1,"ZYQC_118",1
7,1,"ZYQC_119",2
7,1,"ZYQC_120",4
7,1,"ZYQC_121",1
7,1,"ZYQC_122",4
7,1,"ZYQC_123",5
7,1,"ZYQC_124",3
7,1,"ZYQC_125",2
7,1,"ZYQC_126",4
7,1,"ZYQC_128",5
7,1,"ZYQC_132",2
7,1,"ZYQC_133",5
7,1,"ZYQC_134",1
7,1,"ZYQC_143",5
7,1,"ZYCZ_038",2
7,1,"ZYCZ_039",1
7,1,"ZYYH_074",2
7,1,"ZYYH_077",3
7,1,"HNSR_058",4
7,1,"ZDFE_118",2
7,1,"ZDFE_119",1
7,1,"ZDFE_125",5
7,1,"ZDFE_127",3
7,1,"ZDFE_130",4
7,1,"ZDFE_131",5
7,1,"ZDFE_133",5
7,1,"ZDFE_134",4
7,1,"ZDFE_135",1
7,1,"ZDFE_136",4
7,1,"ZDFE_137",1
7,1,"ZDFE_138",1
7,1,"ZZRM_108",3
7,1,"ZZRM_109",3
7,1,"ZZRM_111",5
7,1,"JXSY_050",4
7,1,"JXSY_051",1
7,1,"JXSY_052",3
7,1,"JXSY_056",3
7,1,"PHYY_029",2
7,1,"TZEZ_033",5
7,1,"TZEZ_036",1
7,1,"TZEZ_038",5
7,1,"TZEZ_040",2
7,1,"TZEZ_041",3
7,1,"TZEZ_043",3
7,1,"TZEZ_044",4
7,1,"TZEZ_045",2
7,1,"TZEZ_048",2
7,1,"TZEZ_050",4
7,1,"TZEZ_051",4
7,1,"TZEZ_053",1
7,1,"TZEZ_055",1
7,1,"TZEZ_057",2
7,1,"TZEZ_060",2
7,1,"TZEZ_061",4
7,1,"WZZX_020",3
7,1,"LSRM_014",5
7,1,"LSRM_015",1
7,1,"LSRM_016",2
7,1,"SLTD_019",3
7,1,"SLTD_020",4
7,1,"SLTD_021",3
7,1,"SLTD_022",4
7,1,"SLTD_024",2
7,1,"LXZY_014",1
7,1,"LXZY_015",4
7,1,"HZSY_019",1
7,1,"HZSY_022",3
7,2,"ZYQC_039",4
7,2,"ZYQC_040",4
7,2,"ZYQC_045",2
7,2,"ZYQC_048",3
7,2,"ZYQC_049",4
7,2,"ZYQC_050",1
7,2,"ZYQC_051",3
7,2,"ZYQC_052",3
7,2,"ZYQC_053",3
7,2,"ZYQC_056",3
7,2,"ZYQC_057",5
7,2,"ZYQC_058",1
7,2,"ZYQC_059",5
7,2,"ZYQC_060",4
7,2,"ZYCZ_018",5
7,2,"ZYCZ_019",2
7,2,"ZYCZ_020",3
7,2,"ZYCZ_023",2
7,2,"ZYCZ_025",5
7,2,"ZYCZ_026",1
7,2,"ZYCZ_027",2
7,2,"ZYCZ_028",1
7,2,"ZYYH_041",4
7,2,"ZYYH_047",4
7,2,"ZYYH_048",3
7,2,"ZYYH_049",5
7,2,"ZYYH_050",1
7,2,"ZYYH_051",3
7,2,"ZYYH_053",5
7,2,"HNSR_032",5
7,2,"ZDFE_031",1
7,2,"ZDFE_101",2
7,2,"ZDFE_102",2
7,2,"ZDFE_103",5
7,2,"ZDFE_104",4
7,2,"ZDFE_105",5
7,2,"ZDFE_106",4
7,2,"ZZRM_089",4
7,2,"ZZRM_097",4
7,2,"JXSY_023",5
7,2,"JXSY_031",4
7,2,"PHYY_014",1
7,2,"PHYY_016",3
7,2,"PHYY_021",2
7,2,"TZEZ_002",4
7,2,"TZEZ_018",4
7,2,"LSRM_011",1
7,2,"SLTD_009",4
7,2,"SLTD_010",2
7,2,"HZSY_003",4
7,2,"HZSY_004",2
7,2,"HZSY_005",3
7,2,"HZSY_012",3
7,2,"HZSY_015",1
7,2,"HZSY_017",3
7,2,"LXZY_011",5
7,2,"LXZY_013",2
7,2,"JXSY_038",5
7,2,"JXSY_039",3
7,2,"JXSY_041",2
7,2,"JXSY_042",4
7,2,"ZYCZ_030",5
7,2,"ZYCZ_033",1
7,2,"ZYCZ_034",4
7,2,"ZYCZ_035",3
7,2,"ZYCZ_036",2
7,2,"ZYYH_056",1
7,2,"ZYYH_057",2
7,2,"ZYYH_058",1
7,2,"ZYYH_060",2
7,2,"ZYYH_061",5
7,2,"ZYYH_066",2
7,2,"ZYYH_067",1
7,2,"ZYYH_069",5
7,2,"ZYYH_070",3
7,2,"ZYYH_071",5
7,2,"ZYYH_072",5
7,2,"ZYQC_068",3
7,2,"ZYQC_071",1
7,2,"ZYQC_072",5
7,2,"ZYQC_074",5
7,2,"ZYQC_075",2
7,2,"ZYQC_076",2
7,2,"ZYQC_080",2
7,2,"ZYQC_081",5
7,2,"ZYQC_083",4
7,2,"ZYQC_084",5
7,2,"ZYQC_085",1
7,2,"ZYQC_090",1
7,2,"ZYQC_093",1
7,2,"ZYQC_094",4
7,2,"ZYQC_095",4
7,2,"ZYQC_096",5
7,2,"ZYQC_097",2
7,2,"ZYQC_100",1
7,2,"ZYQC_101",5
7,2,"ZYQC_104",2
7,2,"ZYQC_105",3
7,2,"ZYQC_106",1
7,2,"ZYQC_108",2
7,2,"ZYQC_110",3
7,2,"ZYQC_111",5
7,2,"ZYQC_112",4
7,2,"ZYQC_113",4
7,2,"ZYQC_114",2
7,2,"ZYQC_115",3
7,2,"ZZRM_101",5
7,2,"ZZRM_102",4
7,2,"ZZRM_103",2
7,2,"PHYY_023",3
7,2,"PHYY_028",3
7,2,"XARM_036",1
7,2,"XARM_037",2
7,2,"HNSR_044",2
7,2,"SLTD_015",4
7,2,"SLTD_017",3
7,2,"ZDFE_113",3
7,2,"ZDFE_114",1
7,2,"ZDFE_117",3
7,2,"TZEZ_022",3
7,2,"TZEZ_029",4
7,2,"TZEZ_030",2
7,2,"TZEZ_031",3
7,2,"TZEZ_032",1
7,2,"ZYQC_116",3
7,2,"ZYQC_119",5
7,2,"ZYQC_120",2
7,2,"ZYQC_121",2
7,2,"ZYQC_122",3
7,2,"ZYQC_123",4
7,2,"ZYQC_124",4
7,2,"ZYQC_126",5
7,2,"ZYQC_127",2
7,2,"ZYQC_132",1
7,2,"ZYQC_133",1
7,2,"ZYQC_134",4
7,2,"ZYQC_135",4
7,2,"ZYQC_143",1
7,2,"ZYCZ_038",4
7,2,"ZYCZ_039",5
7,2,"ZYYH_074",1
7,2,"ZYYH_077",3
7,2,"HNSR_058",4
7,2,"ZDFE_118",5
7,2,"ZDFE_119",1
7,2,"ZDFE_124",4
7,2,"ZDFE_125",5
7,2,"ZDFE_127",2
7,2,"ZDFE_128",3
7,2,"ZDFE_129",3
7,2,"ZDFE_131",2
7,2,"ZDFE_135",4
7,2,"ZDFE_136",1
7,2,"ZDFE_137",2
7,2,"ZDFE_138",2
7,2,"ZZRM_108",1
7,2,"ZZRM_109",1
7,2,"ZZRM_111",2
7,2,"ZZRM_115",5
7,2,"JXSY_050",4
7,2,"JXSY_051",2
7,2,"JXSY_052",3
7,2,"JXSY_056",2
7,2,"PHYY_031",3
7,2,"TZEZ_033",1
7,2,"TZEZ_036",5
7,2,"TZEZ_038",5
7,2,"TZEZ_040",4
7,2,"TZEZ_041",3
7,2,"TZEZ_045",5
7,2,"TZEZ_048",4
7,2,"TZEZ_051",5
7,2,"TZEZ_053",1
7,2,"TZEZ_055",1
7,2,"TZEZ_056",1
7,2,"TZEZ_057",2
7,2,"TZEZ_059",5
7,2,"TZEZ_061",4
7,2,"WZZX_020",5
7,2,"WZZX_021",3
7,2,"LSRM_014",1
7,2,"LSRM_016",1
7,2,"SLTD_020",4
7,2,"SLTD_021",3
7,2,"SLTD_022",3
7,2,"SLTD_024",1
7,2,"LXZY_014",3
7,2,"HZSY_019",2
7,2,"HZSY_023",1
7,3,"ZYQC_039",1
7,3,"ZYQC_040",2
7,3,"ZYQC_042",3
7,3,"ZYQC_047",1
7,3,"ZYQC_049",1
7,3,"ZYQC_050",2
7,3,"ZYQC_053",2
7,3,"ZYQC_055",3
7,3,"ZYQC_056",1
7,3,"ZYQC_057",5
7,3,"ZYQC_059",2
7,3,"ZYQC_060",5
7,3,"ZYCZ_018",4
7,3,"ZYCZ_020",3
7,3,"ZYCZ_023",2
7,3,"ZYCZ_025",5
7,3,"ZYCZ_026",4
7,3,"ZYCZ_029",4
7,3,"ZYYH_041",3
7,3,"ZYYH_047",1
7,3,"ZYYH_048",2
7,3,"ZYYH_049",5
7,3,"ZYYH_050",3
7,3,"ZYYH_051",1
7,3,"ZYYH_053",4
7,3,"HNSR_032",4
7,3,"ZDFE_101",4
7,3,"ZDFE_102",1
7,3,"ZDFE_103",2
7,3,"ZDFE_104",3
7,3,"ZDFE_105",3
7,3,"ZDFE_106",3
7,3,"ZZRM_089",2
7,3,"ZZRM_093",4
7,3,"ZZRM_096",1
7,3,"ZZRM_097",4
7,3,"JXSY_023",3
7,3,"JXSY_027",3
7,3,"JXSY_031",1
7,3,"PHYY_014",3
7,3,"PHYY_019",2
7,3,"PHYY_022",5
7,3,"TZEZ_002",1
7,3,"TZEZ_018",4
7,3,"LSRM_011",3
7,3,"SLTD_010",5
7,3,"SLTD_012",1
7,3,"HZSY_003",4
7,3,"HZSY_004",3
7,3,"HZSY_005",1
7,3,"HZSY_008",4
7,3,"HZSY_009",3
7,3,"HZSY_012",2
7,3,"HZSY_015",4
7,3,"LXZY_011",1
7,3,"LXZY_013",2
7,3,"JXSY_033",3
7,3,"JXSY_036",5
7,3,"JXSY_038",4
7,3,"JXSY_041",3
7,3,"JXSY_042",1
7,3,"ZYCZ_030",1
7,3,"ZYCZ_032",2
7,3,"ZYCZ_033",5
7,3,"ZYCZ_034",3
7,3,"ZYCZ_035",2
7,3,"ZYYH_055",2
7,3,"ZYYH_056",3
7,3,"ZYYH_057",5
7,3,"ZYYH_058",5
7,3,"ZYYH_060",3
7,3,"ZYYH_061",1
7,3,"ZYYH_062",2
7,3,"ZYYH_063",4
7,3,"ZYYH_067",5
7,3,"ZYYH_069",1
7,3,"ZYYH_070",5
7,3,"ZYYH_071",5
7,3,"ZYYH_072",2
7,3,"ZYQC_065",2
7,3,"ZYQC_067",3
7,3,"ZYQC_068",1
7,3,"ZYQC_073",2
7,3,"ZYQC_075",1
7,3,"ZYQC_076",2
7,3,"ZYQC_081",5
7,3,"ZYQC_083",1
7,3,"ZYQC_085",3
7,3,"ZYQC_089",2
7,3,"ZYQC_094",5
7,3,"ZYQC_096",4
7,3,"ZYQC_098",2
7,3,"ZYQC_100",5
7,3,"ZYQC_101",4
7,3,"ZYQC_102",2
7,3,"ZYQC_103",2
7,3,"ZYQC_104",4
7,3,"ZYQC_105",1
7,3,"ZYQC_106",2
7,3,"ZYQC_108",3
7,3,"ZYQC_109",1
7,3,"ZYQC_111",1
7,3,"ZYQC_112",5
7,3,"ZYQC_113",3
7,3,"ZYQC_114",5
7,3,"ZYQC_115",2
7,3,"ZZRM_101",3
7,3,"ZZRM_102",1
7,3,"ZZRM_103",4
7,3,"ZZRM_104",4
7,3,"ZZRM_105",3
7,3,"PHYY_026",4
7,3,"PHYY_028",1
7,3,"XARM_036",3
7,3,"XARM_037",2
7,3,"HNSR_044",5
7,3,"SLTD_015",1
7,3,"ZDFE_109",1
7,3,"ZDFE_114",2
7,3,"ZDFE_115",3
7,3,"ZDFE_117",2
7,3,"TZEZ_022",5
7,3,"TZEZ_024",4
7,3,"TZEZ_030",3
7,3,"TZEZ_031",4
7,3,"TZEZ_032",5
7,3,"ZYQC_116",3
7,3,"ZYQC_118",4
7,3,"ZYQC_119",1
7,3,"ZYQC_121",1
7,3,"ZYQC_122",1
7,3,"ZYQC_123",5
7,3,"ZYQC_125",4
7,3,"ZYQC_126",5
7,3,"ZYQC_127",4
7,3,"ZYQC_128",1
7,3,"ZYQC_132",1
7,3,"ZYQC_133",4
7,3,"ZYQC_134",4
7,3,"ZYQC_135",1
7,3,"ZYQC_143",1
7,3,"ZYCZ_039",2
7,3,"ZYYH_074",2
7,3,"HNSR_058",2
7,3,"ZDFE_118",1
7,3,"ZDFE_124",3
7,3,"ZDFE_125",5
7,3,"ZDFE_127",2
7,3,"ZDFE_128",2
7,3,"ZDFE_129",1
7,3,"ZDFE_130",4
7,3,"ZDFE_133",5
7,3,"ZDFE_134",3
7,3,"ZDFE_136",1
7,3,"ZDFE_138",4
7,3,"ZZRM_109",5
7,3,"ZZRM_115",4
7,3,"JXSY_051",3
7,3,"JXSY_056",2
7,3,"PHYY_029",4
7,3,"PHYY_031",5
7,3,"TZEZ_038",5
7,3,"TZEZ_040",2
7,3,"TZEZ_041",3
7,3,"TZEZ_043",1
7,3,"TZEZ_044",3
7,3,"TZEZ_048",3
7,3,"TZEZ_050",2
7,3,"TZEZ_051",3
7,3,"TZEZ_053",2
7,3,"TZEZ_055",5
7,3,"TZEZ_056",5
7,3,"TZEZ_057",3
7,3,"TZEZ_059",4
7,3,"TZEZ_060",4
7,3,"TZEZ_061",4
7,3,"WZZX_020",4
7,3,"WZZX_021",5
7,3,"LSRM_014",2
7,3,"LSRM_015",4
7,3,"LSRM_016",5
7,3,"SLTD_019",3
7,3,"SLTD_020",4
7,3,"SLTD_021",4
7,3,"SLTD_024",5
7,3,"LXZY_014",5
7,3,"LXZY_015",5
7,3,"HZSY_022",5
7,3,"HZSY_023",5
7,4,"ZYQC_042",4
7,4,"ZYQC_045",2
7,4,"ZYQC_047",3
7,4,"ZYQC_048",2
7,4,"ZYQC_051",5
7,4,"ZYQC_052",5
7,4,"ZYQC_055",3
7,4,"ZYQC_056",2
7,4,"ZYQC_057",3
7,4,"ZYQC_058",3
7,4,"ZYQC_059",3
7,4,"ZYQC_060",2
7,4,"ZYCZ_018",3
7,4,"ZYCZ_019",1
7,4,"ZYCZ_020",2
7,4,"ZYCZ_023",5
7,4,"ZYCZ_025",3
7,4,"ZYCZ_026",2
7,4,"ZYCZ_027",2
7,4,"ZYCZ_028",2
7,4,"ZYCZ_029",5
7,4,"ZYYH_041",2
7,4,"ZYYH_047",2
7,4,"ZYYH_048",1
7,4,"ZYYH_051",3
7,4,"ZYYH_053",2
7,4,"HNSR_032",5
7,4,"ZDFE_031",1
7,4,"ZDFE_101",3
7,4,"ZDFE_102",3
7,4,"ZDFE_104",4
7,4,"ZDFE_105",2
7,4,"ZDFE_106",1
7,4,"ZZRM_093",2
7,4,"ZZRM_096",5
7,4,"ZZRM_097",4
7,4,"JXSY_023",1
7,4,"JXSY_027",4
7,4,"JXSY_031",3
7,4,"PHYY_014",5
7,4,"PHYY_016",4
7,4,"PHYY_019",4
7,4,"PHYY_021",4
7,4,"PHYY_022",3
7,4,"TZEZ_002",3
7,4,"TZEZ_018",4
7,4,"LSRM_011",4
7,4,"SLTD_009",2
7,4,"SLTD_010",1
7,4,"SLTD_012",1
7,4,"HZSY_003",5
7,4,"HZSY_004",1
7,4,"HZSY_005",3
7,4,"HZSY_008",2
7,4,"HZSY_009",4
7,4,"HZSY_017",5
7,4,"LXZY_011",2
7,4,"LXZY_013",4
7,4,"JXSY_033",4
7,4,"JXSY_036",3
7,4,"JXSY_039",4
7,4,"JXSY_041",1
7,4,"JXSY_042",5
7,4,"ZYCZ_030",2
7,4,"ZYCZ_032",2
7,4,"ZYCZ_035",3
7,4,"ZYCZ_036",4
7,4,"ZYYH_055",4
7,4,"ZYYH_057",4
7,4,"ZYYH_058",4
7,4,"ZYYH_061",5
7,4,"ZYYH_062",4
7,4,"ZYYH_063",4
7,4,"ZYYH_066",2
7,4,"ZYYH_067",4
7,4,"ZYYH_069",1
7,4,"ZYYH_070",3
7,4,"ZYYH_071",2
7,4,"ZYQC_065",2
7,4,"ZYQC_067",4
7,4,"ZYQC_068",3
7,4,"ZYQC_071",1
7,4,"ZYQC_072",1
7,4,"ZYQC_073",2
7,4,"ZYQC_074",1
7,4,"ZYQC_076",2
7,4,"ZYQC_080",5
7,4,"ZYQC_081",2
7,4,"ZYQC_083",4
7,4,"ZYQC_084",1
7,4,"ZYQC_085",5
7,4,"ZYQC_089",5
7,4,"ZYQC_090",3
7,4,"ZYQC_093",5
7,4,"ZYQC_094",3
7,4,"ZYQC_095",1
7,4,"ZYQC_097",5
7,4,"ZYQC_098",3
7,4,"ZYQC_100",3
7,4,"ZYQC_101",1
7,4,"ZYQC_102",5
7,4,"ZYQC_103",2
7,4,"ZYQC_105",4
7,4,"ZYQC_106",3
7,4,"ZYQC_108",1
7,4,"ZYQC_109",4
7,4,"ZYQC_110",3
7,4,"ZYQC_111",1
7,4,"ZYQC_112",3
7,4,"ZYQC_113",4
7,4,"ZYQC_114",5
7,4,"ZYQC_115",3
7,4,"ZZRM_102",3
7,4,"ZZRM_103",4
7,4,"ZZRM_104",2
7,4,"ZZRM_105",4
7,4,"PHYY_023",1
7,4,"PHYY_026",1
7,4,"PHYY_028",3
7,4,"SLTD_015",5
7,4,"SLTD_017",1
7,4,"ZDFE_109",5
7,4,"ZDFE_113",2
7,4,"ZDFE_114",3
7,4,"ZDFE_115",1
7,4,"ZDFE_117",4
7,4,"TZEZ_022",1
7,4,"TZEZ_024",4
7,4,"TZEZ_029",5
7,4,"TZEZ_030",5
7,4,"TZEZ_031",1
7,4,"TZEZ_032",1
7,4,"ZYQC_116",5
7,4,"ZYQC_118",5
7,4,"ZYQC_120",5
7,4,"ZYQC_122",1
7,4,"ZYQC_123",4
7,4,"ZYQC_124",2
7,4,"ZYQC_125",2
7,4,"ZYQC_127",1
7,4,"ZYQC_128",5
7,4,"ZYQC_133",5
7,4,"ZYQC_134",2
7,4,"ZYQC_135",5
7,4,"ZYQC_143",5
7,4,"ZYCZ_038",1
7,4,"ZYYH_077",5
7,4,"HNSR_058",5
7,4,"ZDFE_119",3
7,4,"ZDFE_124",1
7,4,"ZDFE_128",2
7,4,"ZDFE_129",3
7,4,"ZDFE_130",4
7,4,"ZDFE_131",1
7,4,"ZDFE_133",3
7,4,"ZDFE_134",1
7,4,"ZDFE_135",2
7,4,"ZDFE_137",2
7,4,"ZZRM_108",4
7,4,"ZZRM_109",1
7,4,"ZZRM_111",5
7,4,"ZZRM_115",3
7,4,"JXSY_050",4
7,4,"JXSY_051",3
7,4,"JXSY_052",4
7,4,"PHYY_029",3
7,4,"PHYY_031",4
7,4,"TZEZ_033",3
7,4,"TZEZ_036",4
7,4,"TZEZ_041",5
7,4,"TZEZ_043",1
7,4,"TZEZ_044",5
7,4,"TZEZ_045",1
7,4,"TZEZ_048",2
7,4,"TZEZ_050",5
7,4,"TZEZ_051",3
7,4,"TZEZ_056",4
7,4,"TZEZ_059",1
7,4,"TZEZ_060",1
7,4,"WZZX_021",5
7,4,"LSRM_014",4
7,4,"LSRM_015",2
7,4,"SLTD_019",1
7,4,"SLTD_020",2
7,4,"SLTD_022",2
7,4,"LXZY_015",5
7,4,"HZSY_019",2
7,4,"HZSY_022",1
7,4,"HZSY_023",3
7,5,"ZYQC_039",1
7,5,"ZYQC_040",2
7,5,"ZYQC_042",5
7,5,"ZYQC_045",3
7,5,"ZYQC_047",5
7,5,"ZYQC_048",3
7,5,"ZYQC_049",2
7,5,"ZYQC_050",1
7,5,"ZYQC_051",5
7,5,"ZYQC_052",4
7,5,"ZYQC_053",3
7,5,"ZYQC_055",4
7,5,"ZYQC_056",4
7,5,"ZYQC_058",2
7,5,"ZYQC_060",2
7,5,"ZYCZ_018",4
7,5,"ZYCZ_019",1
7,5,"ZYCZ_020",5
7,5,"ZYCZ_023",2
7,5,"ZYCZ_026",5
7,5,"ZYCZ_027",1
7,5,"ZYCZ_028",2
7,5,"ZYCZ_029",3
7,5,"ZYYH_041",4
7,5,"ZYYH_047",5
7,5,"ZYYH_049",3
7,5,"ZYYH_050",1
7,5,"ZYYH_051",4
7,5,"HNSR_032",4
7,5,"ZDFE_031",2
7,5,"ZDFE_101",1
7,5,"ZDFE_103",2
7,5,"ZDFE_105",2
7,5,"ZDFE_106",1
7,5,"ZZRM_089",3
7,5,"ZZRM_093",1
7,5,"ZZRM_096",5
7,5,"ZZRM_097",4
7,5,"JXSY_023",1
7,5,"JXSY_027",2
7,5,"PHYY_014",4
7,5,"PHYY_016",4
7,5,"PHYY_019",1
7,5,"PHYY_021",1
7,5,"PHYY_022",4
7,5,"TZEZ_002",4
7,5,"SLTD_009",2
7,5,"SLTD_010",3
7,5,"SLTD_012",3
7,5,"HZSY_003",4
7,5,"HZSY_008",4
7,5,"HZSY_009",1
7,5,"HZSY_012",4
7,5,"HZSY_015",5
7,5,"HZSY_017",3
7,5,"JXSY_033",5
7,5,"JXSY_036",1
7,5,"JXSY_038",4
7,5,"JXSY_039",4
7,5,"JXSY_042",4
7,5,"ZYCZ_030",2
7,5,"ZYCZ_032",5
7,5,"ZYCZ_033",5
7,5,"ZYCZ_034",4
7,5,"ZYCZ_036",1
7,5,"ZYYH_055",3
7,5,"ZYYH_056",4
7,5,"ZYYH_057",1
7,5,"ZYYH_060",1
7,5,"ZYYH_062",3
7,5,"ZYYH_063",2
7,5,"ZYYH_066",3
7,5,"ZYYH_070",3
7,5,"ZYYH_071",2
7,5,"ZYYH_072",3
7,5,"ZYQC_065",1
7,5,"ZYQC_067",2
7,5,"ZYQC_068",5
7,5,"ZYQC_071",3
7,5,"ZYQC_072",3
7,5,"ZYQC_073",1
7,5,"ZYQC_074",3
7,5,"ZYQC_075",4
7,5,"ZYQC_080",2
7,5,"ZYQC_083",1
7,5,"ZYQC_084",5
7,5,"ZYQC_085",1
7,5,"ZYQC_089",1
7,5,"ZYQC_090",5
7,5,"ZYQC_093",4
7,5,"ZYQC_094",2
7,5,"ZYQC_095",4
7,5,"ZYQC_096",5
7,5,"ZYQC_097",2
7,5,"ZYQC_098",5
7,5,"ZYQC_100",3
7,5,"ZYQC_101",3
7,5,"ZYQC_102",5
7,5,"ZYQC_103",3
7,5,"ZYQC_104",3
7,5,"ZYQC_105",3
7,5,"ZYQC_106",2
7,5,"ZYQC_109",1
7,5,"ZYQC_110",1
7,5,"ZYQC_111",1
7,5,"ZYQC_115",5
7,5,"ZZRM_101",1
7,5,"ZZRM_104",1
7,5,"ZZRM_105",1
7,5,"PHYY_023",3
7,5,"PHYY_026",2
7,5,"XARM_036",2
7,5,"XARM_037",2
7,5,"HNSR_044",1
7,5,"SLTD_017",2
7,5,"ZDFE_109",5
7,5,"ZDFE_113",3
7,5,"ZDFE_115",1
7,5,"TZEZ_022",3
7,5,"TZEZ_024",2
7,5,"TZEZ_029",5
7,5,"TZEZ_032",1
7,5,"ZYQC_116",4
7,5,"ZYQC_118",4
7,5,"ZYQC_119",4
7,5,"ZYQC_120",1
7,5,"ZYQC_121",3
7,5,"ZYQC_124",5
7,5,"ZYQC_125",5
7,5,"ZYQC_126",2
7,5,"ZYQC_127",1
7,5,"ZYQC_128",1
7,5,"ZYQC_132",3
7,5,"ZYQC_135",5
7,5,"ZYCZ_038",5
7,5,"ZYCZ_039",2
7,5,"ZYYH_074",5
7,5,"ZYYH_077",3
7,5,"ZDFE_118",5
7,5,"ZDFE_119",2
7,5,"ZDFE_124",1
7,5,"ZDFE_125",1
7,5,"ZDFE_127",4
7,5,"ZDFE_128",2
7,5,"ZDFE_129",4
7,5,"ZDFE_130",4
7,5,"ZDFE_131",2
7,5,"ZDFE_133",4
7,5,"ZDFE_134",3
7,5,"ZDFE_135",5
7,5,"ZDFE_136",3
7,5,"ZDFE_137",2
7,5,"ZDFE_138",5
7,5,"ZZRM_108",2
7,5,"ZZRM_111",5
7,5,"ZZRM_115",5
7,5,"JXSY_050",3
7,5,"JXSY_052",2
7,5,"JXSY_056",2
7,5,"PHYY_029",3
7,5,"PHYY_031",5
7,5,"TZEZ_033",5
7,5,"TZEZ_036",1
7,5,"TZEZ_038",5
7,5,"TZEZ_040",2
7,5,"TZEZ_043",3
7,5,"TZEZ_044",4
7,5,"TZEZ_045",5
7,5,"TZEZ_050",3
7,5,"TZEZ_053",2
7,5,"TZEZ_055",3
7,5,"TZEZ_056",5
7,5,"TZEZ_057",4
7,5,"TZEZ_059",2
7,5,"TZEZ_060",1
7,5,"TZEZ_061",4
7,5,"WZZX_020",4
7,5,"WZZX_021",4
7,5,"LSRM_015",4
7,5,"LSRM_016",5
7,5,"SLTD_019",2
7,5,"SLTD_021",1
7,5,"SLTD_022",3
7,5,"SLTD_024",3
7,5,"LXZY_014",3
7,5,"LXZY_015",4
7,5,"HZSY_019",4
7,5,"HZSY_022",2
7,5,"HZSY_023",5
8,1,"ZYQC_039",5
8,1,"ZYQC_040",1
8,1,"ZYQC_042",3
8,1,"ZYQC_045",2
8,1,"ZYQC_047",1
8,1,"ZYQC_048",4
8,1,"ZYQC_049",5
8,1,"ZYQC_050",3
8,1,"ZYQC_052",3
8,1,"ZYQC_053",1
8,1,"ZYQC_055",2
8,1,"ZYQC_056",4
8,1,"ZYQC_058",2
8,1,"ZYQC_060",4
8,1,"ZYCZ_018",3
8,1,"ZYCZ_019",3
8,1,"ZYCZ_020",1
8,1,"ZYCZ_023",2
8,1,"ZYCZ_025",4
8,1,"ZYCZ_026",3
8,1,"ZYCZ_027",3
8,1,"ZYCZ_028",1
8,1,"ZYYH_041",4
8,1,"ZYYH_048",3
8,1,"ZYYH_049",5
8,1,"ZYYH_050",4
8,1,"ZYYH_051",2
8,1,"ZYYH_053",5
8,1,"HNSR_032",3
8,1,"ZDFE_031",2
8,1,"ZDFE_102",4
8,1,"ZDFE_103",3
8,1,"ZDFE_104",2
8,1,"ZDFE_106",1
8,1,"ZZRM_089",3
8,1,"ZZRM_097",5
8,1,"JXSY_023",1
8,1,"PHYY_014",2
8,1,"PHYY_016",4
8,1,"PHYY_019",1
8,1,"PHYY_022",2
8,1,"TZEZ_002",4
8,1,"TZEZ_018",3
8,1,"LSRM_011",1
8,1,"SLTD_009",3
8,1,"SLTD_010",1
8,1,"SLTD_012",1
8,1,"HZSY_003",5
8,1,"HZSY_004",5
8,1,"HZSY_005",3
8,1,"HZSY_008",4
8,1,"HZSY_012",4
8,1,"HZSY_015",3
8,1,"HZSY_017",1
8,1,"LXZY_011",5
8,1,"LXZY_013",2
8,1,"JXSY_036",1
8,1,"JXSY_038",2
8,1,"JXSY_039",3
8,1,"JXSY_042",4
8,1,"ZYCZ_030",4
8,1,"ZYCZ_032",2
8,1,"ZYCZ_033",4
8,1,"ZYCZ_034",2
8,1,"ZYYH_056",5
8,1,"ZYYH_058",3
8,1,"ZYYH_060",1
8,1,"ZYYH_061",5
8,1,"ZYYH_062",2
8,1,"ZYYH_063",2
8,1,"ZYYH_066",3
8,1,"ZYYH_067",1
8,1,"ZYYH_069",4
8,1,"ZYYH_070",3
8,1,"ZYYH_071",3
8,1,"ZYYH_072",3
8,1,"ZYQC_065",1
8,1,"ZYQC_067",2
8,1,"ZYQC_068",1
8,1,"ZYQC_072",4
8,1,"ZYQC_074",2
8,1,"ZYQC_075",2
8,1,"ZYQC_076",2
8,1,"ZYQC_080",2
8,1,"ZYQC_081",4
8,1,"ZYQC_083",5
8,1,"ZYQC_084",5
8,1,"ZYQC_085",3
8,1,"ZYQC_090",4
8,1,"ZYQC_093",1
8,1,"ZYQC_095",3
8,1,"ZYQC_096",4
8,1,"ZYQC_098",4
8,1,"ZYQC_100",1
8,1,"ZYQC_101",2
8,1,"ZYQC_102",1
8,1,"ZYQC_104",2
8,1,"ZYQC_106",2
8,1,"ZYQC_108",4
8,1,"ZYQC_109",2
8,1,"ZYQC_110",4
8,1,"ZYQC_111",5
8,1,"ZYQC_112",5
8,1,"ZYQC_113",1
8,1,"ZYQC_114",1
8,1,"ZYQC_115",3
8,1,"ZZRM_101",3
8,1,"ZZRM_102",3
8,1,"ZZRM_103",1
8,1,"ZZRM_104",4
8,1,"ZZRM_105",5
8,1,"PHYY_028",4
8,1,"XARM_036",2
8,1,"HNSR_044",3
8,1,"SLTD_015",3
8,1,"SLTD_017",3
8,1,"ZDFE_109",3
8,1,"ZDFE_113",5
8,1,"ZDFE_114",3
8,1,"ZDFE_117",5
8,1,"TZEZ_024",2
8,1,"TZEZ_029",5
8,1,"TZEZ_031",1
8,1,"ZYQC_116",5
8,1,"ZYQC_118",1
8,1,"ZYQC_119",4
8,1,"ZYQC_120",4
8,1,"ZYQC_121",1
8,1,"ZYQC_122",3
8,1,"ZYQC_123",4
8,1,"ZYQC_124",2
8,1,"ZYQC_125",2
8,1,"ZYQC_127",4
8,1,"ZYQC_133",2
8,1,"ZYQC_134",5
8,1,"ZYQC_135",4
8,1,"ZYQC_143",2
8,1,"ZYCZ_038",5
8,1,"ZYCZ_039",5
8,1,"ZYYH_074",1
8,1,"ZYYH_077",5
8,1,"HNSR_058",1
8,1,"ZDFE_118",1
8,1,"ZDFE_124",2
8,1,"ZDFE_125",5
8,1,"ZDFE_129",5
8,1,"ZDFE_130",2
8,1,"ZDFE_131",1
8,1,"ZDFE_133",5
8,1,"ZDFE_134",4
8,1,"ZDFE_135",4
8,1,"ZDFE_136",5
8,1,"ZDFE_137",2
8,1,"ZDFE_138",4
8,1,"ZZRM_108",5
8,1,"ZZRM_109",1
8,1,"ZZRM_111",3
8,1,"ZZRM_115",5
8,1,"JXSY_050",1
8,1,"JXSY_051",5
8,1,"JXSY_056",2
8,1,"PHYY_029",1
8,1,"PHYY_031",3
8,1,"TZEZ_036",4
8,1,"TZEZ_038",2
8,1,"TZEZ_040",3
8,1,"TZEZ_041",3
8,1,"TZEZ_043",5
8,1,"TZEZ_048",4
8,1,"TZEZ_050",1
8,1,"TZEZ_051",5
8,1,"TZEZ_053",1
8,1,"TZEZ_055",5
8,1,"TZEZ_056",3
8,1,"TZEZ_060",2
8,1,"TZEZ_061",5
8,1,"WZZX_020",1
8,1,"WZZX_021",4
8,1,"LSRM_014",4
8,1,"LSRM_015",2
8,1,"SLTD_020",2
8,1,"SLTD_021",5
8,1,"SLTD_022",5
8,1,"SLTD_024",1
8,1,"LXZY_014",1
8,1,"HZSY_019",3
8,1,"HZSY_022",5
8,1,"HZSY_023",4
8,2,"ZYQC_039",2
8,2,"ZYQC_040",4
8,2,"ZYQC_042",2
8,2,"ZYQC_045",2
8,2,"ZYQC_050",1
8,2,"ZYQC_051",5
8,2,"ZYQC_052",3
8,2,"ZYQC_053",3
8,2,"ZYQC_056",4
8,2,"ZYQC_057",2
8,2,"ZYQC_059",4
8,2,"ZYQC_060",5
8,2,"ZYCZ_019",5
8,2,"ZYCZ_023",2
8,2,"ZYCZ_025",4
8,2,"ZYCZ_026",4
8,2,"ZYCZ_027",4
8,2,"ZYCZ_028",1
8,2,"ZYCZ_029",2
8,2,"ZYYH_041",3
8,2,"ZYYH_047",5
8,2,"ZYYH_048",3
8,2,"ZYYH_049",1
8,2,"ZYYH_050",3
8,2,"ZYYH_051",5
8,2,"ZYYH_053",4
8,2,"HNSR_032",1
8,2,"ZDFE_031",5
8,2,"ZDFE_101",4
8,2,"ZDFE_103",2
8,2,"ZDFE_104",1
8,2,"ZDFE_105",1
8,2,"ZDFE_106",1
8,2,"ZZRM_093",2
8,2,"ZZRM_096",5
8,2,"JXSY_027",4
8,2,"JXSY_031",3
8,2,"PHYY_014",3
8,2,"PHYY_016",4
8,2,"PHYY_019",1
8,2,"PHYY_021",2
8,2,"PHYY_022",2
8,2,"TZEZ_002",1
8,2,"TZEZ_018",3
8,2,"LSRM_011",4
8,2,"SLTD_012",5
8,2,"HZSY_003",1
8,2,"HZSY_004",5
8,2,"HZSY_005",3
8,2,"HZSY_008",3
8,2,"HZSY_009",2
8,2,"HZSY_012",4
8,2,"HZSY_015",5
8,2,"HZSY_017",5
8,2,"LXZY_011",5
8,2,"LXZY_013",1
8,2,"JXSY_033",5
8,2,"JXSY_036",3
8,2,"JXSY_039",2
8,2,"JXSY_041",2
8,2,"JXSY_042",2
8,2,"ZYCZ_030",3
8,2,"ZYCZ_033",3
8,2,"ZYCZ_034",1
8,2,"ZYCZ_035",1
8,2,"ZYCZ_036",1
8,2,"ZYYH_055",3
8,2,"ZYYH_056",2
8,2,"ZYYH_057",5
8,2,"ZYYH_058",3
8,2,"ZYYH_060",4
8,2,"ZYYH_061",2
8,2,"ZYYH_063",2
8,2,"ZYYH_067",5
8,2,"ZYYH_069",2
8,2,"ZYYH_070",2
8,2,"ZYYH_071",4
8,2,"ZYYH_072",5
8,2,"ZYQC_067",2
8,2,"ZYQC_071",5
8,2,"ZYQC_072",2
8,2,"ZYQC_073",3
8,2,"ZYQC_074",3
8,2,"ZYQC_075",2
8,2,"ZYQC_080",2
8,2,"ZYQC_081",1
8,2,"ZYQC_083",5
8,2,"ZYQC_085",1
8,2,"ZYQC_089",5
8,2,"ZYQC_093",3
8,2,"ZYQC_094",4
8,2,"ZYQC_095",5
8,2,"ZYQC_096",3
8,2,"ZYQC_097",5
8,2,"ZYQC_098",5
8,2,"ZYQC_103",2
8,2,"ZYQC_104",1
8,2,"ZYQC_105",3
8,2,"ZYQC_106",4
8,2,"ZYQC_108",5
8,2,"ZYQC_109",4
8,2,"ZYQC_110",5
8,2,"ZYQC_111",3
8,2,"ZYQC_112",3
8,2,"ZYQC_113",4
8,2,"ZYQC_114",1
8,2,"ZYQC_115",5
8,2,"ZZRM_101",5
8,2,"ZZRM_105",3
8,2,"PHYY_023",2
8,2,"PHYY_026",3
8,2,"PHYY_028",3
8,2,"XARM_036",3
8,2,"XARM_037",1
8,2,"SLTD_017",1
8,2,"ZDFE_109",3
8,2,"ZDFE_113",3
8,2,"ZDFE_114",4
8,2,"ZDFE_115",4
8,2,"ZDFE_117",2
8,2,"TZEZ_022",4
8,2,"TZEZ_030",4
8,2,"TZEZ_031",4
8,2,"TZEZ_032",1
8,2,"ZYQC_116",1
8,2,"ZYQC_119",4
8,2,"ZYQC_120",4
8,2,"ZYQC_121",2
8,2,"ZYQC_122",3
8,2,"ZYQC_123",2
8,2,"ZYQC_124",2
8,2,"ZYQC_125",2
8,2,"ZYQC_126",4
8,2,"ZYQC_127",1
8,2,"ZYQC_128",1
8,2,"ZYQC_132",5
8,2,"ZYQC_133",1
8,2,"ZYQC_134",2
8,2,"ZYQC_135",4
8,2,"ZYQC_143",2
8,2,"ZYCZ_038",5
8,2,"ZDFE_118",3
8,2,"ZDFE_119",3
8,2,"ZDFE_124",4
8,2,"ZDFE_125",3
8,2,"ZDFE_127",5
8,2,"ZDFE_128",2
8,2,"ZDFE_129",5
8,2,"ZDFE_130",1
8,2,"ZDFE_131",5
8,2,"ZDFE_133",1
8,2,"ZDFE_135",4
8,2,"ZDFE_136",1
8,2,"ZDFE_137",1
8,2,"ZDFE_138",4
8,2,"ZZRM_108",5
8,2,"ZZRM_109",2
8,2,"ZZRM_111",4
8,2,"JXSY_051",1
8,2,"JXSY_052",5
8,2,"PHYY_029",1
8,2,"PHYY_031",2
8,2,"TZEZ_033",4
8,2,"TZEZ_038",1
8,2,"TZEZ_040",4
8,2,"TZEZ_043",4
8,2,"TZEZ_044",3
8,2,"TZEZ_045",4
8,2,"TZEZ_050",2
8,2,"TZEZ_051",5
8,2,"TZEZ_053",1
8,2,"TZEZ_056",1
8,2,"TZEZ_057",1
8,2,"TZEZ_059",3
8,2,"TZEZ_060",3
8,2,"TZEZ_061",5
8,2,"WZZX_020",3
8,2,"WZZX_021",1
8,2,"LSRM_014",5
8,2,"LSRM_015",4
8,2,"LSRM_016",1
8,2,"SLTD_019",4
8,2,"SLTD_020",2
8,2,"SLTD_021",3
8,2,"SLTD_022",4
8,2,"SLTD_024",2
8,2,"LXZY_014",1
8,2,"LXZY_015",5
8,2,"HZSY_023",3
8,3,"ZYQC_039",4
8,3,"ZYQC_040",1
8,3,"ZYQC_042",1
8,3,"ZYQC_045",4
8,3,"ZYQC_047",5
8,3,"ZYQC_048",4
8,3,"ZYQC_049",2
8,3,"ZYQC_050",1
8,3,"ZYQC_051",4
8,3,"ZYQC_053",3
8,3,"ZYQC_055",2
8,3,"ZYQC_056",4
8,3,"ZYQC_057",1
8,3,"ZYQC_058",5
8,3,"ZYQC_059",5
8,3,"ZYQC_060",3
8,3,"ZYCZ_018",4
8,3,"ZYCZ_019",4
8,3,"ZYCZ_020",4
8,3,"ZYCZ_023",2
8,3,"ZYCZ_025",3
8,3,"ZYCZ_027",2
8,3,"ZYCZ_028",2
8,3,"ZYCZ_029",1
8,3,"ZYYH_041",4
8,3,"ZYYH_047",5
8,3,"ZYYH_048",4
8,3,"ZYYH_049",2
8,3,"ZYYH_051",5
8,3,"HNSR_032",5
8,3,"ZDFE_031",2
8,3,"ZDFE_101",3
8,3,"ZDFE_102",4
8,3,"ZDFE_103",5
8,3,"ZDFE_105",4
8,3,"ZDFE_106",2
8,3,"ZZRM_089",3
8,3,"ZZRM_093",1
8,3,"ZZRM_096",3
8,3,"ZZRM_097",4
8,3,"JXSY_023",1
8,3,"JXSY_027",1
8,3,"JXSY_031",2
8,3,"PHYY_014",5
8,3,"PHYY_016",1
8,3,"PHYY_019",2
8,3,"PHYY_021",3
8,3,"TZEZ_002",5
8,3,"TZEZ_018",1
8,3,"LSRM_011",1
8,3,"SLTD_009",2
8,3,"SLTD_010",2
8,3,"SLTD_012",5
8,3,"HZSY_003",3
8,3,"HZSY_004",2
8,3,"HZSY_005",2
8,3,"HZSY_008",3
8,3,"HZSY_009",5
8,3,"HZSY_015",3
8,3,"HZSY_017",4
8,3,"JXSY_033",5
8,3,"JXSY_036",2
8,3,"JXSY_038",2
8,3,"JXSY_039",5
8,3,"JXSY_041",5
8,3,"ZYCZ_030",1
8,3,"ZYCZ_032",2
8,3,"ZYCZ_033",3
8,3,"ZYCZ_035",1
8,3,"ZYCZ_036",3
8,3,"ZYYH_055",5
8,3,"ZYYH_057",3
8,3,"ZYYH_058",2
8,3,"ZYYH_061",3
8,3,"ZYYH_062",1
8,3,"ZYYH_066",3
8,3,"ZYYH_067",3
8,3,"ZYYH_070",4
8,3,"ZYYH_071",4
8,3,"ZYQC_065",3
8,3,"ZYQC_068",4
8,3,"ZYQC_071",5
8,3,"ZYQC_072",4
8,3,"ZYQC_073",2
8,3,"ZYQC_074",2
8,3,"ZYQC_075",4
8,3,"ZYQC_076",3
8,3,"ZYQC_083",1
8,3,"ZYQC_084",3
8,3,"ZYQC_085",4
8,3,"ZYQC_089",1
8,3,"ZYQC_090",2
8,3,"ZYQC_093",4
8,3,"ZYQC_094",4
8,3,"ZYQC_095",3
8,3,"ZYQC_097",5
8,3,"ZYQC_100",3
8,3,"ZYQC_101",5
8,3,"ZYQC_102",2
8,3,"ZYQC_103",1
8,3,"ZYQC_104",5
8,3,"ZYQC_105",3
8,3,"ZYQC_109",2
8,3,"ZYQC_112",1
8,3,"ZYQC_113",2
8,3,"ZYQC_114",5
8,3,"ZZRM_101",2
8,3,"ZZRM_102",5
8,3,"ZZRM_103",2
8,3,"ZZRM_104",2
8,3,"PHYY_023",2
8,3,"PHYY_026",3
8,3,"XARM_036",1
8,3,"XARM_037",4
8,3,"HNSR_044",5
8,3,"SLTD_015",5
8,3,"SLTD_017",3
8,3,"ZDFE_115",3
8,3,"ZDFE_117",4
8,3,"TZEZ_022",1
8,3,"TZEZ_024",1
8,3,"TZEZ_029",4
8,3,"TZEZ_030",3
8,3,"TZEZ_031",3
8,3,"TZEZ_032",5
8,3,"ZYQC_116",4
8,3,"ZYQC_118",1
8,3,"ZYQC_120",1
8,3,"ZYQC_121",2
8,3,"ZYQC_122",3
8,3,"ZYQC_123",5
8,3,"ZYQC_124",5
8,3,"ZYQC_125",4
8,3,"ZYQC_126",1
8,3,"ZYQC_128",1
8,3,"ZYQC_132",1
8,3,"ZYQC_135",2
8,3,"ZYQC_143",4
8,3,"ZYCZ_038",5
8,3,"ZYCZ_039",3
8,3,"ZYYH_074",2
8,3,"ZYYH_077",3
8,3,"HNSR_058",5
8,3,"ZDFE_119",3
8,3,"ZDFE_124",2
8,3,"ZDFE_125",5
8,3,"ZDFE_127",5
8,3,"ZDFE_128",1
8,3,"ZDFE_129",3
8,3,"ZDFE_130",4
8,3,"ZDFE_131",3
8,3,"ZDFE_134",4
8,3,"ZDFE_135",1
8,3,"ZDFE_137",5
8,3,"ZDFE_138",2
8,3,"ZZRM_111",1
8,3,"ZZRM_115",3
8,3,"JXSY_050",1
8,3,"JXSY_051",2
8,3,"JXSY_052",4
8,3,"JXSY_056",4
8,3,"PHYY_029",3
8,3,"TZEZ_033",4
8,3,"TZEZ_036",3
8,3,"TZEZ_038",1
8,3,"TZEZ_040",5
8,3,"TZEZ_041",4
8,3,"TZEZ_044",4
8,3,"TZEZ_045",1
8,3,"TZEZ_048",1
8,3,"TZEZ_050",4
8,3,"TZEZ_051",2
8,3,"TZEZ_053",2
8,3,"TZEZ_055",1
8,3,"TZEZ_056",4
8,3,"TZEZ_057",1
8,3,"TZEZ_059",1
8,3,"TZEZ_061",2
8,3,"WZZX_020",2
8,3,"LSRM_014",1
8,3,"LSRM_016",5
8,3,"SLTD_019",5
8,3,"SLTD_020",5
8,3,"SLTD_021",4
8,3,"LXZY_014",3
8,3,"LXZY_015",3
8,3,"HZSY_019",5
8,3,"HZSY_022",5
8,3,"HZSY_023",1
8,4,"ZYQC_042",3
8,4,"ZYQC_045",5
8,4,"ZYQC_047",4
8,4,"ZYQC_048",4
8,4,"ZYQC_049",3
8,4,"ZYQC_050",1
8,4,"ZYQC_051",2
8,4,"ZYQC_052",4
8,4,"ZYQC_055",5
8,4,"ZYQC_056",5
8,4,"ZYQC_057",3
8,4,"ZYQC_058",3
8,4,"ZYQC_059",1
8,4,"ZYCZ_018",3
8,4,"ZYCZ_020",3
8,4,"ZYCZ_023",1
8,4,"ZYCZ_026",2
8,4,"ZYCZ_028",3
8,4,"ZYCZ_029",5
8,4,"ZYYH_047",1
8,4,"ZYYH_050",1
8,4,"ZYYH_053",5
8,4,"HNSR_032",1
8,4,"ZDFE_101",1
8,4,"ZDFE_102",4
8,4,"ZDFE_104",4
8,4,"ZDFE_105",1
8,4,"ZZRM_089",5
8,4,"ZZRM_093",1
8,4,"ZZRM_096",1
8,4,"ZZRM_097",4
8,4,"JXSY_023",1
8,4,"JXSY_027",3
8,4,"JXSY_031",4
8,4,"PHYY_016",2
8,4,"PHYY_019",4
8,4,"PHYY_021",5
8,4,"PHYY_022",3
8,4,"SLTD_009",1
8,4,"SLTD_010",4
8,4,"HZSY_005",4
8,4,"HZSY_008",3
8,4,"HZSY_009",1
8,4,"HZSY_012",4
8,4,"HZSY_015",5
8,4,"LXZY_011",4
8,4,"LXZY_013",4
8,4,"JXSY_033",4
8,4,"JXSY_036",1
8,4,"JXSY_038",4
8,4,"JXSY_041",2
8,4,"JXSY_042",1
8,4,"ZYCZ_030",1
8,4,"ZYCZ_032",5
8,4,"ZYCZ_034",4
8,4,"ZYCZ_035",1
8,4,"ZYCZ_036",3
8,4,"ZYYH_055",1
8,4,"ZYYH_056",1
8,4,"ZYYH_057",5
8,4,"ZYYH_058",3
8,4,"ZYYH_060",2
8,4,"ZYYH_062",2
8,4,"ZYYH_063",2
8,4,"ZYYH_066",1
8,4,"ZYYH_067",2
8,4,"ZYYH_069",5
8,4,"ZYYH_070",3
8,4,"ZYYH_071",2
8,4,"ZYYH_072",1
8,4,"ZYQC_065",3
8,4,"ZYQC_067",3
8,4,"ZYQC_068",2
8,4,"ZYQC_071",5
8,4,"ZYQC_072",2
8,4,"ZYQC_073",2
8,4,"ZYQC_074",5
8,4,"ZYQC_075",5
8,4,"ZYQC_076",5
8,4,"ZYQC_080",5
8,4,"ZYQC_081",5
8,4,"ZYQC_083",2
8,4,"ZYQC_084",1
8,4,"ZYQC_089",4
8,4,"ZYQC_090",1
8,4,"ZYQC_093",3
8,4,"ZYQC_094",5
8,4,"ZYQC_096",2
8,4,"ZYQC_097",3
8,4,"ZYQC_098",1
8,4,"ZYQC_100",5
8,4,"ZYQC_101",3
8,4,"ZYQC_102",5
8,4,"ZYQC_103",3
8,4,"ZYQC_105",4
8,4,"ZYQC_106",5
8,4,"ZYQC_108",2
8,4,"ZYQC_109",4
8,4,"ZYQC_110",5
8,4,"ZYQC_111",1
8,4,"ZYQC_112",3
8,4,"ZYQC_115",4
8,4,"ZZRM_101",2
8,4,"ZZRM_102",2
8,4,"ZZRM_103",2
8,4,"ZZRM_104",3
8,4,"ZZRM_105",3
8,4,"PHYY_023",4
8,4,"PHYY_026",3
8,4,"PHYY_028",2
8,4,"XARM_036",5
8,4,"XARM_037",4
8,4,"HNSR_044",2
8,4,"SLTD_015",3
8,4,"SLTD_017",3
8,4,"ZDFE_109",4
8,4,"ZDFE_113",5
8,4,"ZDFE_114",4
8,4,"ZDFE_115",1
8,4,"ZDFE_117",4
8,4,"TZEZ_022",5
8,4,"TZEZ_024",4
8,4,"TZEZ_029",2
8,4,"TZEZ_030",3
8,4,"TZEZ_032",5
8,4,"ZYQC_116",1
8,4,"ZYQC_118",3
8,4,"ZYQC_119",2
8,4,"ZYQC_120",4
8,4,"ZYQC_121",2
8,4,"ZYQC_122",5
8,4,"ZYQC_123",3
8,4,"ZYQC_126",3
8,4,"ZYQC_127",3
8,4,"ZYQC_128",1
8,4,"ZYQC_132",2
8,4,"ZYQC_133",2
8,4,"ZYQC_134",5
8,4,"ZYQC_135",2
8,4,"ZYCZ_039",1
8,4,"ZYYH_074",1
8,4,"ZYYH_077",1
8,4,"HNSR_058",2
8,4,"ZDFE_118",5
8,4,"ZDFE_119",1
8,4,"ZDFE_125",1
8,4,"ZDFE_127",5
8,4,"ZDFE_128",5
8,4,"ZDFE_130",3
8,4,"ZDFE_131",4
8,4,"ZDFE_133",2
8,4,"ZDFE_134",5
8,4,"ZDFE_135",1
8,4,"ZDFE_136",4
8,4,"ZZRM_108",2
8,4,"ZZRM_109",1
8,4,"ZZRM_111",4
8,4,"ZZRM_115",2
8,4,"JXSY_050",1
8,4,"JXSY_052",3
8,4,"JXSY_056",4
8,4,"PHYY_029",3
8,4,"PHYY_031",4
8,4,"TZEZ_033",2
8,4,"TZEZ_036",1
8,4,"TZEZ_038",5
8,4,"TZEZ_041",4
8,4,"TZEZ_043",4
8,4,"TZEZ_044",2
8,4,"TZEZ_045",3
8,4,"TZEZ_048",2
8,4,"TZEZ_051",3
8,4,"TZEZ_053",2
8,4,"TZEZ_055",2
8,4,"TZEZ_056",2
8,4,"TZEZ_057",4
8,4,"TZEZ_059",2
8,4,"TZEZ_060",5
8,4,"TZEZ_061",5
8,4,"WZZX_021",3
8,4,"LSRM_015",5
8,4,"LSRM_016",4
8,4,"SLTD_019",4
8,4,"SLTD_020",2
8,4,"SLTD_022",5
8,4,"SLTD_024",4
8,4,"LXZY_015",3
8,4,"HZSY_019",3
8,4,"HZSY_022",1
8,5,"ZYQC_039",5
8,5,"ZYQC_040",2
8,5,"ZYQC_047",2
8,5,"ZYQC_048",2
8,5,"ZYQC_049",1
8,5,"ZYQC_051",2
8,5,"ZYQC_052",2
8,5,"ZYQC_053",2
8,5,"ZYQC_055",2
8,5,"ZYQC_057",5
8,5,"ZYQC_058",5
8,5,"ZYQC_059",2
8,5,"ZYQC_060",4
8,5,"ZYCZ_018",4
8,5,"ZYCZ_019",2
8,5,"ZYCZ_020",3
8,5,"ZYCZ_025",4
8,5,"ZYCZ_026",1
8,5,"ZYCZ_027",1
8,5,"ZYCZ_029",2
8,5,"ZYYH_041",1
8,5,"ZYYH_047",4
8,5,"ZYYH_048",3
8,5,"ZYYH_049",2
8,5,"ZYYH_050",2
8,5,"ZYYH_051",4
8,5,"ZYYH_053",4
8,5,"ZDFE_031",4
8,5,"ZDFE_101",3
8,5,"ZDFE_102",1
8,5,"ZDFE_103",2
8,5,"ZDFE_104",3
8,5,"ZDFE_105",2
8,5,"ZDFE_106",2
8,5,"ZZRM_089",3
8,5,"ZZRM_093",4
8,5,"ZZRM_096",3
8,5,"ZZRM_097",2
8,5,"JXSY_023",3
8,5,"JXSY_027",5
8,5,"JXSY_031",5
8,5,"PHYY_014",3
8,5,"PHYY_021",3
8,5,"PHYY_022",1
8,5,"TZEZ_002",4
8,5,"TZEZ_018",3
8,5,"LSRM_011",4
8,5,"SLTD_009",5
8,5,"SLTD_010",3
8,5,"SLTD_012",5
8,5,"HZSY_003",2
8,5,"HZSY_004",2
8,5,"HZSY_009",2
8,5,"HZSY_012",5
8,5,"HZSY_017",5
8,5,"LXZY_011",1
8,5,"LXZY_013",5
8,5,"JXSY_033",1
8,5,"JXSY_038",3
8,5,"JXSY_039",5
8,5,"JXSY_041",5
8,5,"JXSY_042",3
8,5,"ZYCZ_032",2
8,5,"ZYCZ_033",1
8,5,"ZYCZ_034",3
8,5,"ZYCZ_035",5
8,5,"ZYCZ_036",1
8,5,"ZYYH_055",2
8,5,"ZYYH_056",3
8,5,"ZYYH_057",4
8,5,"ZYYH_060",2
8,5,"ZYYH_061",2
8,5,"ZYYH_062",4
8,5,"ZYYH_063",1
8,5,"ZYYH_066",5
8,5,"ZYYH_069",2
8,5,"ZYYH_072",5
8,5,"ZYQC_065",4
8,5,"ZYQC_067",1
8,5,"ZYQC_068",4
8,5,"ZYQC_071",1
8,5,"ZYQC_073",1
8,5,"ZYQC_076",1
8,5,"ZYQC_080",3
8,5,"ZYQC_081",4
8,5,"ZYQC_084",3
8,5,"ZYQC_085",3
8,5,"ZYQC_089",4
8,5,"ZYQC_090",2
8,5,"ZYQC_094",2
8,5,"ZYQC_095",5
8,5,"ZYQC_096",3
8,5,"ZYQC_097",1
8,5,"ZYQC_098",4
8,5,"ZYQC_100",5
8,5,"ZYQC_101",4
8,5,"ZYQC_102",1
8,5,"ZYQC_103",3
8,5,"ZYQC_104",4
8,5,"ZYQC_105",3
8,5,"ZYQC_106",3
8,5,"ZYQC_108",4
8,5,"ZYQC_110",4
8,5,"ZYQC_111",2
8,5,"ZYQC_113",1
8,5,"ZYQC_114",1
8,5,"ZYQC_115",5
8,5,"ZZRM_102",4
8,5,"ZZRM_103",1
8,5,"ZZRM_104",5
8,5,"ZZRM_105",2
8,5,"PHYY_023",1
8,5,"PHYY_026",5
8,5,"PHYY_028",3
8,5,"XARM_037",4
8,5,"HNSR_044",1
8,5,"SLTD_015",5
8,5,"ZDFE_109",2
8,5,"ZDFE_113",4
8,5,"ZDFE_114",1
8,5,"ZDFE_115",3
8,5,"TZEZ_022",4
8,5,"TZEZ_024",1
8,5,"TZEZ_029",3
8,5,"TZEZ_030",2
8,5,"TZEZ_031",4
8,5,"TZEZ_032",4
8,5,"ZYQC_118",5
8,5,"ZYQC_119",4
8,5,"ZYQC_124",3
8,5,"ZYQC_125",3
8,5,"ZYQC_126",4
8,5,"ZYQC_127",1
8,5,"ZYQC_128",2
8,5,"ZYQC_132",4
8,5,"ZYQC_133",5
8,5,"ZYQC_134",2
8,5,"ZYQC_143",5
8,5,"ZYCZ_038",4
8,5,"ZYCZ_039",4
8,5,"ZYYH_074",3
8,5,"ZYYH_077",5
8,5,"HNSR_058",2
8,5,"ZDFE_118",2
8,5,"ZDFE_119",1
8,5,"ZDFE_124",4
8,5,"ZDFE_127",4
8,5,"ZDFE_128",3
8,5,"ZDFE_129",1
8,5,"ZDFE_133",1
8,5,"ZDFE_134",4
8,5,"ZDFE_136",5
8,5,"ZDFE_137",3
8,5,"ZDFE_138",5
8,5,"ZZRM_108",1
8,5,"ZZRM_109",1
8,5,"ZZRM_115",2
8,5,"JXSY_050",5
8,5,"JXSY_051",3
8,5,"JXSY_052",1
8,5,"JXSY_056",3
8,5,"PHYY_031",1
8,5,"TZEZ_033",1
8,5,"TZEZ_036",5
8,5,"TZEZ_040",3
8,5,"TZEZ_041",1
8,5,"TZEZ_043",4
8,5,"TZEZ_044",3
8,5,"TZEZ_045",1
8,5,"TZEZ_048",5
8,5,"TZEZ_050",3
8,5,"TZEZ_055",5
8,5,"TZEZ_057",5
8,5,"TZEZ_059",4
8,5,"TZEZ_060",3
8,5,"WZZX_020",2
8,5,"WZZX_021",5
8,5,"LSRM_014",5
8,5,"LSRM_015",5
8,5,"LSRM_016",4
8,5,"SLTD_019",3
8,5,"SLTD_021",5
8,5,"SLTD_022",1
8,5,"SLTD_024",1
8,5,"LXZY_014",1
8,5,"LXZY_015",2
8,5,"HZSY_019",5
8,5,"HZSY_022",3
8,5,"HZSY_023",2
9,1,"ZYQC_039",4
9,1,"ZYQC_042",4
9,1,"ZYQC_047",5
9,1,"ZYQC_048",1
9,1,"ZYQC_049",1
9,1,"ZYQC_050",2
9,1,"ZYQC_051",1
9,1,"ZYQC_053",3
9,1,"ZYQC_055",1
9,1,"ZYQC_056",1
9,1,"ZYQC_057",5
9,1,"ZYQC_058",1
9,1,"ZYQC_059",5
9,1,"ZYQC_060",4
9,1,"ZYCZ_018",2
9,1,"ZYCZ_019",3
9,1,"ZYCZ_023",3
9,1,"ZYCZ_025",3
9,1,"ZYCZ_026",3
9,1,"ZYCZ_028",2
9,1,"ZYCZ_029",3
9,1,"ZYYH_047",3
9,1,"ZYYH_048",5
9,1,"ZYYH_049",3
9,1,"ZYYH_050",5
9,1,"ZYYH_051",1
9,1,"ZYYH_053",5
9,1,"ZDFE_031",4
9,1,"ZDFE_101",3
9,1,"ZDFE_103",2
9,1,"ZDFE_105",5
9,1,"ZDFE_106",5
9,1,"ZZRM_089",3
9,1,"ZZRM_096",4
9,1,"JXSY_023",2
9,1,"JXSY_027",1
9,1,"JXSY_031",1
9,1,"PHYY_014",3
9,1,"PHYY_016",2
9,1,"PHYY_019",5
9,1,"PHYY_021",2
9,1,"TZEZ_002",3
9,1,"TZEZ_018",2
9,1,"LSRM_011",2
9,1,"SLTD_009",1
9,1,"SLTD_010",5
9,1,"SLTD_012",2
9,1,"HZSY_003",2
9,1,"HZSY_005",5
9,1,"HZSY_008",5
9,1,"HZSY_009",3
9,1,"HZSY_012",4
9,1,"LXZY_013",3
9,1,"JXSY_036",1
9,1,"JXSY_038",4
9,1,"JXSY_039",1
9,1,"JXSY_041",4
9,1,"JXSY_042",5
9,1,"ZYCZ_030",3
9,1,"ZYCZ_032",1
9,1,"ZYCZ_035",1
9,1,"ZYYH_055",3
9,1,"ZYYH_056",1
9,1,"ZYYH_058",4
9,1,"ZYYH_060",4
9,1,"ZYYH_063",5
9,1,"ZYYH_066",3
9,1,"ZYYH_067",4
9,1,"ZYYH_069",4
9,1,"ZYYH_070",2
9,1,"ZYYH_071",1
9,1,"ZYQC_065",4
9,1,"ZYQC_067",4
9,1,"ZYQC_068",5
9,1,"ZYQC_071",5
9,1,"ZYQC_072",3
9,1,"ZYQC_073",1
9,1,"ZYQC_074",1
9,1,"ZYQC_075",2
9,1,"ZYQC_081",5
9,1,"ZYQC_083",5
9,1,"ZYQC_084",1
9,1,"ZYQC_085",3
9,1,"ZYQC_090",4
9,1,"ZYQC_093",2
9,1,"ZYQC_094",5
9,1,"ZYQC_096",2
9,1,"ZYQC_098",2
9,1,"ZYQC_101",4
9,1,"ZYQC_104",4
9,1,"ZYQC_105",3
9,1,"ZYQC_106",4
9,1,"ZYQC_108",1
9,1,"ZYQC_109",2
9,1,"ZYQC_110",1
9,1,"ZYQC_112",5
9,1,"ZYQC_113",2
9,1,"ZYQC_114",4
9,1,"ZYQC_115",5
9,1,"ZZRM_101",4
9,1,"ZZRM_102",4
9,1,"ZZRM_103",1
9,1,"ZZRM_104",4
9,1,"ZZRM_105",4
9,1,"PHYY_023",3
9,1,"PHYY_026",3
9,1,"PHYY_028",3
9,1,"XARM_037",2
9,1,"HNSR_044",3
9,1,"SLTD_015",1
9,1,"SLTD_017",1
9,1,"ZDFE_109",2
9,1,"ZDFE_113",3
9,1,"ZDFE_114",2
9,1,"TZEZ_022",5
9,1,"TZEZ_024",3
9,1,"TZEZ_030",5
9,1,"TZEZ_031",1
9,1,"TZEZ_032",5
9,1,"ZYQC_118",4
9,1,"ZYQC_119",1
9,1,"ZYQC_121",5
9,1,"ZYQC_122",3
9,1,"ZYQC_123",2
9,1,"ZYQC_124",5
9,1,"ZYQC_125",2
9,1,"ZYQC_126",5
9,1,"ZYQC_127",5
9,1,"ZYQC_128",5
9,1,"ZYQC_132",1
9,1,"ZYQC_133",2
9,1,"ZYQC_134",2
9,1,"ZYQC_135",4
9,1,"ZYQC_143",4
9,1,"ZYCZ_038",2
9,1,"ZYCZ_039",2
9,1,"ZYYH_074",4
9,1,"ZYYH_077",4
9,1,"HNSR_058",5
9,1,"ZDFE_118",5
9,1,"ZDFE_124",3
9,1,"ZDFE_125",4
9,1,"ZDFE_127",5
9,1,"ZDFE_128",1
9,1,"ZDFE_129",3
9,1,"ZDFE_130",1
9,1,"ZDFE_131",4
9,1,"ZDFE_133",2
9,1,"ZDFE_134",1
9,1,"ZDFE_135",1
9,1,"ZDFE_137",2
9,1,"ZZRM_108",5
9,1,"ZZRM_109",5
9,1,"ZZRM_111",3
9,1,"ZZRM_115",2
9,1,"JXSY_050",2
9,1,"JXSY_051",2
9,1,"JXSY_052",2
9,1,"JXSY_056",4
9,1,"PHYY_029",4
9,1,"PHYY_031",3
9,1,"TZEZ_033",3
9,1,"TZEZ_036",2
9,1,"TZEZ_041",3
9,1,"TZEZ_043",3
9,1,"TZEZ_044",4
9,1,"TZEZ_048",2
9,1,"TZEZ_050",1
9,1,"TZEZ_051",1
9,1,"TZEZ_053",4
9,1,"TZEZ_056",1
9,1,"TZEZ_057",2
9,1,"TZEZ_059",4
9,1,"TZEZ_060",1
9,1,"TZEZ_061",3
9,1,"WZZX_020",1
9,1,"WZZX_021",3
9,1,"LSRM_014",3
9,1,"LSRM_015",2
9,1,"SLTD_019",4
9,1,"SLTD_020",2
9,1,"SLTD_021",1
9,1,"SLTD_022",5
9,1,"SLTD_024",3
9,1,"LXZY_014",1
9,1,"LXZY_015",4
9,1,"HZSY_019",5
9,1,"HZSY_022",5
9,2,"ZYQC_040",4
9,2,"ZYQC_042",5
9,2,"ZYQC_045",1
9,2,"ZYQC_047",4
9,2,"ZYQC_048",4
9,2,"ZYQC_050",4
9,2,"ZYQC_051",3
9,2,"ZYQC_052",2
9,2,"ZYQC_056",5
9,2,"ZYCZ_018",5
9,2,"ZYCZ_020",3
9,2,"ZYCZ_023",5
9,2,"ZYCZ_025",1
9,2,"ZYCZ_026",4
9,2,"ZYCZ_027",2
9,2,"ZYCZ_029",3
9,2,"ZYYH_041",2
9,2,"ZYYH_048",1
9,2,"ZYYH_049",3
9,2,"ZYYH_051",1
9,2,"ZYYH_053",3
9,2,"HNSR_032",4
9,2,"ZDFE_031",5
9,2,"ZDFE_101",1
9,2,"ZDFE_102",5
9,2,"ZDFE_104",4
9,2,"ZDFE_105",2
9,2,"ZDFE_106",1
9,2,"ZZRM_089",1
9,2,"ZZRM_093",4
9,2,"ZZRM_096",3
9,2,"ZZRM_097",3
9,2,"JXSY_023",3
9,2,"JXSY_027",3
9,2,"JXSY_031",3
9,2,"PHYY_014",1
9,2,"PHYY_016",1
9,2,"PHYY_021",3
9,2,"PHYY_022",5
9,2,"TZEZ_018",1
9,2,"LSRM_011",2
9,2,"SLTD_012",1
9,2,"HZSY_003",5
9,2,"HZSY_004",5
9,2,"HZSY_012",4
9,2,"HZSY_015",5
9,2,"HZSY_017",1
9,2,"LXZY_011",5
9,2,"LXZY_013",4
9,2,"JXSY_033",5
9,2,"JXSY_036",4
9,2,"JXSY_038",3
9,2,"JXSY_039",2
9,2,"JXSY_041",4
9,2,"JXSY_042",4
9,2,"ZYCZ_030",5
9,2,"ZYCZ_032",4
9,2,"ZYCZ_033",2
9,2,"ZYCZ_034",5
9,2,"ZYCZ_035",2
9,2,"ZYCZ_036",1
9,2,"ZYYH_056",1
9,2,"ZYYH_057",3
9,2,"ZYYH_061",3
9,2,"ZYYH_062",2
9,2,"ZYYH_063",1
9,2,"ZYYH_066",3
9,2,"ZYYH_069",3
9,2,"ZYYH_070",4
9,2,"ZYYH_072",3
9,2,"ZYQC_065",1
9,2,"ZYQC_067",1
9,2,"ZYQC_068",2
9,2,"ZYQC_071",2
9,2,"ZYQC_072",4
9,2,"ZYQC_074",5
9,2,"ZYQC_076",5
9,2,"ZYQC_080",3
9,2,"ZYQC_081",3
9,2,"ZYQC_083",5
9,2,"ZYQC_084",2
9,2,"ZYQC_089",5
9,2,"ZYQC_090",1
9,2,"ZYQC_093",1
9,2,"ZYQC_095",5
9,2,"ZYQC_096",5
9,2,"ZYQC_097",4
9,2,"ZYQC_098",1
9,2,"ZYQC_100",3
9,2,"ZYQC_101",3
9,2,"ZYQC_102",3
9,2,"ZYQC_103",3
9,2,"ZYQC_104",2
9,2,"ZYQC_105",3
9,2,"ZYQC_106",5
9,2,"ZYQC_108",2
9,2,"ZYQC_110",4
9,2,"ZYQC_111",4
9,2,"ZYQC_112",5
9,2,"ZYQC_113",2
9,2,"ZYQC_114",1
9,2,"ZYQC_115",1
9,2,"ZZRM_103",1
9,2,"ZZRM_104",1
9,2,"ZZRM_105",5
9,2,"PHYY_023",4
9,2,"PHYY_026",1
9,2,"PHYY_028",1
9,2,"XARM_036",4
9,2,"XARM_037",4
9,2,"HNSR_044",5
9,2,"SLTD_015",2
9,2,"SLTD_017",4
9,2,"ZDFE_113",1
9,2,"ZDFE_114",4
9,2,"ZDFE_115",3
9,2,"ZDFE_117",4
9,2,"TZEZ_022",4
9,2,"TZEZ_024",5
9,2,"TZEZ_029",2
9,2,"TZEZ_030",2
9,2,"TZEZ_032",1
9,2,"ZYQC_116",1
9,2,"ZYQC_118",5
9,2,"ZYQC_119",5
9,2,"ZYQC_120",2
9,2,"ZYQC_121",5
9,2,"ZYQC_122",2
9,2,"ZYQC_123",5
9,2,"ZYQC_124",4
9,2,"ZYQC_125",2
9,2,"ZYQC_127",3
9,2,"ZYQC_128",5
9,2,"ZYQC_132",4
9,2,"ZYQC_134",2
9,2,"ZYQC_135",2
9,2,"ZYQC_143",2
9,2,"ZYCZ_038",4
9,2,"ZYCZ_039",2
9,2,"ZYYH_077",1
9,2,"HNSR_058",5
9,2,"ZDFE_118",1
9,2,"ZDFE_119",1
9,2,"ZDFE_124",4
9,2,"ZDFE_125",3
9,2,"ZDFE_127",5
9,2,"ZDFE_128",3
9,2,"ZDFE_129",4
9,2,"ZDFE_131",4
9,2,"ZDFE_133",2
9,2,"ZDFE_134",1
9,2,"ZDFE_135",4
9,2,"ZDFE_136",5
9,2,"ZDFE_137",3
9,2,"ZDFE_138",5
9,2,"ZZRM_111",1
9,2,"ZZRM_115",5
9,2,"JXSY_050",3
9,2,"JXSY_052",2
9,2,"JXSY_056",2
9,2,"PHYY_029",3
9,2,"PHYY_031",5
9,2,"TZEZ_038",3
9,2,"TZEZ_040",3
9,2,"TZEZ_043",3
9,2,"TZEZ_045",4
9,2,"TZEZ_048",2
9,2,"TZEZ_050",1
9,2,"TZEZ_053",1
9,2,"TZEZ_055",4
9,2,"TZEZ_057",2
9,2,"TZEZ_059",1
9,2,"TZEZ_060",2
9,2,"TZEZ_061",2
9,2,"WZZX_020",2
9,2,"WZZX_021",4
9,2,"LSRM_014",3
9,2,"LSRM_015",3
9,2,"LSRM_016",2
9,2,"SLTD_019",1
9,2,"SLTD_020",3
9,2,"SLTD_021",4
9,2,"SLTD_022",2
9,2,"SLTD_024",5
9,2,"LXZY_014",4
9,2,"LXZY_015",2
9,2,"HZSY_019",3
9,2,"HZSY_022",2
9,2,"HZSY_023",2
9,3,"ZYQC_039",2
9,3,"ZYQC_040",1
9,3,"ZYQC_042",1
9,3,"ZYQC_045",4
9,3,"ZYQC_047",5
9,3,"ZYQC_048",1
9,3,"ZYQC_049",2
9,3,"ZYQC_050",5
9,3,"ZYQC_051",1
9,3,"ZYQC_052",5
9,3,"ZYQC_053",5
9,3,"ZYQC_055",3
9,3,"ZYQC_056",1
9,3,"ZYQC_057",3
9,3,"ZYQC_058",4
9,3,"ZYQC_059",2
9,3,"ZYQC_060",4
9,3,"ZYCZ_018",2
9,3,"ZYCZ_019",4
9,3,"ZYCZ_020",4
9,3,"ZYCZ_025",1
9,3,"ZYCZ_026",3
9,3,"ZYCZ_027",5
9,3,"ZYCZ_028",2
9,3,"ZYYH_041",3
9,3,"ZYYH_047",3
9,3,"ZYYH_049",5
9,3,"ZYYH_050",3
9,3,"ZYYH_051",5
9,3,"HNSR_032",1
9,3,"ZDFE_031",3
9,3,"ZDFE_101",2
9,3,"ZDFE_102",1
9,3,"ZDFE_103",4
9,3,"ZDFE_104",2
9,3,"ZDFE_105",3
9,3,"ZDFE_106",3
9,3,"ZZRM_089",2
9,3,"ZZRM_093",2
9,3,"ZZRM_097",4
9,3,"JXSY_027",1
9,3,"PHYY_016",5
9,3,"PHYY_019",1
9,3,"PHYY_022",4
9,3,"TZEZ_002",1
9,3,"TZEZ_018",1
9,3,"SLTD_009",2
9,3,"SLTD_010",5
9,3,"HZSY_004",3
9,3,"HZSY_005",2
9,3,"HZSY_008",4
9,3,"HZSY_009",4
9,3,"HZSY_012",4
9,3,"HZSY_015",4
9,3,"HZSY_017",2
9,3,"LXZY_011",1
9,3,"JXSY_033",3
9,3,"JXSY_038",4
9,3,"JXSY_039",5
9,3,"JXSY_041",2
9,3,"JXSY_042",2
9,3,"ZYCZ_030",5
9,3,"ZYCZ_032",2
9,3,"ZYCZ_033",3
9,3,"ZYCZ_034",2
9,3,"ZYCZ_035",1
9,3,"ZYCZ_036",5
9,3,"ZYYH_055",1
9,3,"ZYYH_056",5
9,3,"ZYYH_057",3
9,3,"ZYYH_058",3
9,3,"ZYYH_060",5
9,3,"ZYYH_061",5
9,3,"ZYYH_062",1
9,3,"ZYYH_066",3
9,3,"ZYYH_067",3
9,3,"ZYYH_069",5
9,3,"ZYYH_070",5
9,3,"ZYYH_071",4
9,3,"ZYYH_072",2
9,3,"ZYQC_065",3
9,3,"ZYQC_067",2
9,3,"ZYQC_068",1
9,3,"ZYQC_071",1
9,3,"ZYQC_072",3
9,3,"ZYQC_073",2
9,3,"ZYQC_074",5
9,3,"ZYQC_075",1
9,3,"ZYQC_076",3
9,3,"ZYQC_080",4
9,3,"ZYQC_083",3
9,3,"ZYQC_084",5
9,3,"ZYQC_085",4
9,3,"ZYQC_089",5
9,3,"ZYQC_090",2
9,3,"ZYQC_093",3
9,3,"ZYQC_094",5
9,3,"ZYQC_095",1
9,3,"ZYQC_096",1
9,3,"ZYQC_097",4
9,3,"ZYQC_098",4
9,3,"ZYQC_100",2
9,3,"ZYQC_102",5
9,3,"ZYQC_103",2
9,3,"ZYQC_104",2
9,3,"ZYQC_105",3
9,3,"ZYQC_106",3
9,3,"ZYQC_108",4
9,3,"ZYQC_109",1
9,3,"ZYQC_111",2
9,3,"ZYQC_112",3
9,3,"ZYQC_114",1
9,3,"ZZRM_101",1
9,3,"ZZRM_102",3
9,3,"ZZRM_103",1
9,3,"ZZRM_104",1
9,3,"ZZRM_105",5
9,3,"XARM_036",5
9,3,"XARM_037",5
9,3,"HNSR_044",1
9,3,"SLTD_017",2
9,3,"ZDFE_109",2
9,3,"ZDFE_113",3
9,3,"ZDFE_115",3
9,3,"ZDFE_117",4
9,3,"TZEZ_024",2
9,3,"TZEZ_029",2
9,3,"TZEZ_030",3
9,3,"TZEZ_031",4
9,3,"TZEZ_032",2
9,3,"ZYQC_116",1
9,3,"ZYQC_120",5
9,3,"ZYQC_121",5
9,3,"ZYQC_122",4
9,3,"ZYQC_126",3
9,3,"ZYQC_127",3
9,3,"ZYQC_132",1
9,3,"ZYQC_133",2
9,3,"ZYQC_134",1
9,3,"ZYQC_143",1
9,3,"ZYCZ_039",2
9,3,"ZYYH_074",4
9,3,"HNSR_058",5
9,3,"ZDFE_119",3
9,3,"ZDFE_124",5
9,3,"ZDFE_127",2
9,3,"ZDFE_128",1
9,3,"ZDFE_130",2
9,3,"ZDFE_131",5
9,3,"ZDFE_134",4
9,3,"ZDFE_136",3
9,3,"ZDFE_137",3
9,3,"ZDFE_138",4
9,3,"ZZRM_108",2
9,3,"ZZRM_109",2
9,3,"ZZRM_111",5
9,3,"JXSY_050",2
9,3,"JXSY_051",4
9,3,"JXSY_056",5
9,3,"PHYY_029",1
9,3,"PHYY_031",4
9,3,"TZEZ_033",4
9,3,"TZEZ_036",5
9,3,"TZEZ_038",1
9,3,"TZEZ_040",3
9,3,"TZEZ_041",5
9,3,"TZEZ_043",4
9,3,"TZEZ_044",4
9,3,"TZEZ_045",4
9,3,"TZEZ_048",4
9,3,"TZEZ_050",2
9,3,"TZEZ_051",1
9,3,"TZEZ_053",3
9,3,"TZEZ_055",4
9,3,"TZEZ_056",5
9,3,"TZEZ_057",3
9,3,"TZEZ_059",3
9,3,"TZEZ_060",1
9,3,"TZEZ_061",4
9,3,"WZZX_020",4
9,3,"WZZX_021",4
9,3,"LSRM_014",1
9,3,"LSRM_016",4
9,3,"SLTD_019",5
9,3,"SLTD_020",5
9,3,"SLTD_022",4
9,3,"SLTD_024",2
9,3,"HZSY_019",1
9,3,"HZSY_023",3
9,4,"ZYQC_039",3
9,4,"ZYQC_040",3
9,4,"ZYQC_045",5
9,4,"ZYQC_048",1
9,4,"ZYQC_049",3
9,4,"ZYQC_051",4
9,4,"ZYQC_052",1
9,4,"ZYQC_053",4
9,4,"ZYQC_055",5
9,4,"ZYQC_056",4
9,4,"ZYQC_057",2
9,4,"ZYQC_058",5
9,4,"ZYQC_059",1
9,4,"ZYQC_060",1
9,4,"ZYCZ_018",1
9,4,"ZYCZ_019",5
9,4,"ZYCZ_020",3
9,4,"ZYCZ_023",4
9,4,"ZYCZ_027",2
9,4,"ZYCZ_028",4
9,4,"ZYCZ_029",4
9,4,"ZYYH_041",5
9,4,"ZYYH_047",3
9,4,"ZYYH_048",4
9,4,"ZYYH_050",2
9,4,"ZYYH_051",2
9,4,"ZYYH_053",1
9,4,"HNSR_032",5
9,4,"ZDFE_031",2
9,4,"ZDFE_101",1
9,4,"ZDFE_102",2
9,4,"ZDFE_103",5
9,4,"ZDFE_104",3
9,4,"ZDFE_105",5
9,4,"ZDFE_106",5
9,4,"ZZRM_089",2
9,4,"ZZRM_093",1
9,4,"ZZRM_096",5
9,4,"ZZRM_097",1
9,4,"JXSY_023",1
9,4,"JXSY_031",2
9,4,"PHYY_014",1
9,4,"PHYY_019",2
9,4,"PHYY_021",4
9,4,"PHYY_022",1
9,4,"TZEZ_002",1
9,4,"TZEZ_018",1
9,4,"LSRM_011",5
9,4,"SLTD_009",2
9,4,"SLTD_010",4
9,4,"SLTD_012",3
9,4,"HZSY_003",4
9,4,"HZSY_004",1
9,4,"HZSY_005",1
9,4,"HZSY_008",4
9,4,"HZSY_009",5
9,4,"HZSY_015",3
9,4,"HZSY_017",5
9,4,"LXZY_011",5
9,4,"LXZY_013",5
9,4,"JXSY_033",2
9,4,"JXSY_036",5
9,4,"JXSY_041",3
9,4,"JXSY_042",5
9,4,"ZYCZ_030",1
9,4,"ZYCZ_032",4
9,4,"ZYCZ_033",2
9,4,"ZYCZ_034",1
9,4,"ZYCZ_035",5
9,4,"ZYCZ_036",1
9,4,"ZYYH_055",3
9,4,"ZYYH_057",1
9,4,"ZYYH_058",3
9,4,"ZYYH_060",5
9,4,"ZYYH_061",1
9,4,"ZYYH_062",4
9,4,"ZYYH_063",3
9,4,"ZYYH_066",5
9,4,"ZYYH_067",4
9,4,"ZYYH_071",4
9,4,"ZYYH_072",2
9,4,"ZYQC_068",5
9,4,"ZYQC_073",2
9,4,"ZYQC_074",3
9,4,"ZYQC_075",4
9,4,"ZYQC_076",3
9,4,"ZYQC_080",2
9,4,"ZYQC_081",1
9,4,"ZYQC_084",4
9,4,"ZYQC_085",2
9,4,"ZYQC_089",3
9,4,"ZYQC_094",3
9,4,"ZYQC_095",4
9,4,"ZYQC_096",4
9,4,"ZYQC_097",4
9,4,"ZYQC_100",2
9,4,"ZYQC_101",4
9,4,"ZYQC_102",2
9,4,"ZYQC_103",2
9,4,"ZYQC_104",3
9,4,"ZYQC_106",5
9,4,"ZYQC_109",1
9,4,"ZYQC_110",5
9,4,"ZYQC_111",4
9,4,"ZYQC_113",5
9,4,"ZYQC_115",4
9,4,"ZZRM_101",3
9,4,"ZZRM_102",1
9,4,"ZZRM_103",2
9,4,"ZZRM_105",2
9,4,"PHYY_023",4
9,4,"PHYY_026",5
9,4,"PHYY_028",3
9,4,"XARM_036",3
9,4,"XARM_037",3
9,4,"SLTD_015",1
9,4,"SLTD_017",1
9,4,"ZDFE_109",3
9,4,"ZDFE_114",1
9,4,"ZDFE_115",1
9,4,"ZDFE_117",1
9,4,"TZEZ_022",2
9,4,"TZEZ_029",5
9,4,"TZEZ_031",1
9,4,"ZYQC_116",3
9,4,"ZYQC_118",5
9,4,"ZYQC_119",5
9,4,"ZYQC_120",2
9,4,"ZYQC_121",2
9,4,"ZYQC_122",4
9,4,"ZYQC_123",2
9,4,"ZYQC_124",1
9,4,"ZYQC_125",3
9,4,"ZYQC_126",5
9,4,"ZYQC_128",3
9,4,"ZYQC_132",4
9,4,"ZYQC_133",3
9,4,"ZYQC_134",2
9,4,"ZYQC_135",2
9,4,"ZYQC_143",5
9,4,"ZYCZ_038",1
9,4,"ZYYH_074",5
9,4,"ZYYH_077",1
9,4,"HNSR_058",1
9,4,"ZDFE_118",3
9,4,"ZDFE_119",1
9,4,"ZDFE_124",5
9,4,"ZDFE_125",4
9,4,"ZDFE_128",2
9,4,"ZDFE_129",4
9,4,"ZDFE_130",4
9,4,"ZDFE_131",3
9,4,"ZDFE_133",2
9,4,"ZDFE_135",1
9,4,"ZDFE_136",3
9,4,"ZDFE_137",2
9,4,"ZDFE_138",2
9,4,"ZZRM_108",4
9,4,"ZZRM_109",4
9,4,"ZZRM_111",5
9,4,"ZZRM_115",4
9,4,"JXSY_051",3
9,4,"JXSY_052",3
9,4,"TZEZ_033",4
9,4,"TZEZ_036",3
9,4,"TZEZ_038",4
9,4,"TZEZ_040",5
9,4,"TZEZ_041",4
9,4,"TZEZ_043",3
9,4,"TZEZ_044",4
9,4,"TZEZ_045",5
9,4,"TZEZ_048",4
9,4,"TZEZ_051",3
9,4,"TZEZ_053",3
9,4,"TZEZ_055",2
9,4,"TZEZ_056",5
9,4,"TZEZ_059",1
9,4,"TZEZ_060",3
9,4,"TZEZ_061",3
9,4,"WZZX_021",2
9,4,"LSRM_015",1
9,4,"LSRM_016",2
9,4,"SLTD_019",5
9,4,"SLTD_021",4
9,4,"LXZY_014",2
9,4,"LXZY_015",2
9,4,"HZSY_019",3
9,4,"HZSY_022",2
9,4,"HZSY_023",2
9,5,"ZYQC_039",3
9,5,"ZYQC_040",1
9,5,"ZYQC_042",3
9,5,"ZYQC_045",3
9,5,"ZYQC_047",5
9,5,"ZYQC_049",2
9,5,"ZYQC_050",3
9,5,"ZYQC_052",2
9,5,"ZYQC_053",3
9,5,"ZYQC_055",3
9,5,"ZYQC_057",4
9,5,"ZYQC_058",2
9,5,"ZYQC_059",2
9,5,"ZYQC_060",4
9,5,"ZYCZ_019",4
9,5,"ZYCZ_020",5
9,5,"ZYCZ_023",1
9,5,"ZYCZ_025",1
9,5,"ZYCZ_026",5
9,5,"ZYCZ_027",2
9,5,"ZYCZ_028",4
9,5,"ZYCZ_029",1
9,5,"ZYYH_041",2
9,5,"ZYYH_047",3
9,5,"ZYYH_048",1
9,5,"ZYYH_049",5
9,5,"ZYYH_050",1
9,5,"ZYYH_053",4
9,5,"HNSR_032",5
9,5,"ZDFE_102",4
9,5,"ZDFE_103",4
9,5,"ZDFE_104",4
9,5,"ZZRM_093",4
9,5,"ZZRM_096",2
9,5,"ZZRM_097",4
9,5,"JXSY_023",1
9,5,"JXSY_027",1
9,5,"JXSY_031",1
9,5,"PHYY_014",1
9,5,"PHYY_016",2
9,5,"PHYY_019",4
9,5,"PHYY_021",2
9,5,"PHYY_022",5
9,5,"TZEZ_002",4
9,5,"LSRM_011",4
9,5,"SLTD_009",4
9,5,"SLTD_010",2
9,5,"SLTD_012",5
9,5,"HZSY_003",2
9,5,"HZSY_004",3
9,5,"HZSY_005",1
9,5,"HZSY_008",2
9,5,"HZSY_009",2
9,5,"HZSY_012",3
9,5,"HZSY_015",5
9,5,"HZSY_017",3
9,5,"LXZY_011",3
9,5,"LXZY_013",4
9,5,"JXSY_033",3
9,5,"JXSY_036",2
9,5,"JXSY_038",4
9,5,"JXSY_039",2
9,5,"ZYCZ_033",2
9,5,"ZYCZ_034",3
9,5,"ZYCZ_036",2
9,5,"ZYYH_055",5
9,5,"ZYYH_056",5
9,5,"ZYYH_057",2
9,5,"ZYYH_058",4
9,5,"ZYYH_060",1
9,5,"ZYYH_061",3
9,5,"ZYYH_062",3
9,5,"ZYYH_063",1
9,5,"ZYYH_067",4
9,5,"ZYYH_069",1
9,5,"ZYYH_070",1
9,5,"ZYYH_071",1
9,5,"ZYYH_072",2
9,5,"ZYQC_065",3
9,5,"ZYQC_067",1
9,5,"ZYQC_071",3
9,5,"ZYQC_072",4
9,5,"ZYQC_073",2
9,5,"ZYQC_075",2
9,5,"ZYQC_076",3
9,5,"ZYQC_080",1
9,5,"ZYQC_081",5
9,5,"ZYQC_083",4
9,5,"ZYQC_085",5
9,5,"ZYQC_089",3
9,5,"ZYQC_090",5
9,5,"ZYQC_093",3
9,5,"ZYQC_094",3
9,5,"ZYQC_095",2
9,5,"ZYQC_097",5
9,5,"ZYQC_098",2
9,5,"ZYQC_100",3
9,5,"ZYQC_101",3
9,5,"ZYQC_102",1
9,5,"ZYQC_103",3
9,5,"ZYQC_105",2
9,5,"ZYQC_108",3
9,5,"ZYQC_109",5
9,5,"ZYQC_110",3
9,5,"ZYQC_111",1
9,5,"ZYQC_112",1
9,5,"ZYQC_113",3
9,5,"ZYQC_114",4
9,5,"ZYQC_115",3
9,5,"ZZRM_101",1
9,5,"ZZRM_102",4
9,5,"ZZRM_104",1
9,5,"PHYY_023",3
9,5,"PHYY_026",4
9,5,"PHYY_028",2
9,5,"XARM_036",2
9,5,"HNSR_044",5
9,5,"SLTD_015",1
9,5,"ZDFE_109",5
9,5,"ZDFE_113",4
9,5,"ZDFE_114",4
9,5,"ZDFE_115",5
9,5,"ZDFE_117",2
9,5,"TZEZ_022",4
9,5,"TZEZ_024",5
9,5,"TZEZ_029",1
9,5,"TZEZ_030",5
9,5,"TZEZ_031",3
9,5,"TZEZ_032",5
9,5,"ZYQC_116",2
9,5,"ZYQC_118",1
9,5,"ZYQC_119",4
9,5,"ZYQC_120",2
9,5,"ZYQC_123",2
9,5,"ZYQC_124",5
9,5,"ZYQC_125",5
9,5,"ZYQC_126",1
9,5,"ZYQC_127",3
9,5,"ZYQC_128",1
9,5,"ZYQC_133",2
9,5,"ZYQC_135",5
9,5,"ZYCZ_038",1
9,5,"ZYCZ_039",1
9,5,"ZYYH_074",1
9,5,"ZYYH_077",1
9,5,"ZDFE_118",3
9,5,"ZDFE_119",4
9,5,"ZDFE_125",1
9,5,"ZDFE_127",4
9,5,"ZDFE_129",1
9,5,"ZDFE_130",5
9,5,"ZDFE_133",2
9,5,"ZDFE_134",5
9,5,"ZDFE_135",5
9,5,"ZDFE_136",4
9,5,"ZDFE_138",5
9,5,"ZZRM_108",2
9,5,"ZZRM_109",2
9,5,"ZZRM_115",5
9,5,"JXSY_050",3
9,5,"JXSY_051",2
9,5,"JXSY_052",3
9,5,"JXSY_056",3
9,5,"PHYY_029",2
9,5,"PHYY_031",4
9,5,"TZEZ_033",3
9,5,"TZEZ_036",1
9,5,"TZEZ_038",4
9,5,"TZEZ_040",5
9,5,"TZEZ_041",4
9,5,"TZEZ_044",5
9,5,"TZEZ_045",3
9,5,"TZEZ_050",5
9,5,"TZEZ_051",4
9,5,"TZEZ_055",4
9,5,"TZEZ_056",2
9,5,"TZEZ_057",1
9,5,"WZZX_020",5
9,5,"LSRM_014",4
9,5,"LSRM_015",3
9,5,"LSRM_016",5
9,5,"SLTD_020",4
9,5,"SLTD_021",5
9,5,"SLTD_022",1
9,5,"SLTD_024",5
9,5,"LXZY_014",4
9,5,"LXZY_015",1
9,5,"HZSY_022",2
9,5,"HZSY_023",5
10,1,"ZYQC_039",4
10,1,"ZYQC_042",3
10,1,"ZYQC_045",5
10,1,"ZYQC_047",1
10,1,"ZYQC_048",3
10,1,"ZYQC_050",4
10,1,"ZYQC_052",3
10,1,"ZYQC_053",1
10,1,"ZYQC_056",1
10,1,"ZYQC_057",2
10,1,"ZYQC_058",4
10,1,"ZYQC_059",1
10,1,"ZYQC_060",2
10,1,"ZYCZ_018",4
10,1,"ZYCZ_019",4
10,1,"ZYCZ_020",2
10,1,"ZYCZ_023",5
10,1,"ZYCZ_025",4
10,1,"ZYCZ_027",1
10,1,"ZYCZ_028",2
10,1,"ZYCZ_029",4
10,1,"ZYYH_041",3
10,1,"ZYYH_048",1
10,1,"ZYYH_049",2
10,1,"ZYYH_050",1
10,1,"ZYYH_051",2
10,1,"ZYYH_053",2
10,1,"HNSR_032",4
10,1,"ZDFE_031",3
10,1,"ZDFE_101",4
10,1,"ZDFE_103",4
10,1,"ZDFE_104",5
10,1,"ZDFE_105",3
10,1,"ZZRM_089",4
10,1,"ZZRM_093",4
10,1,"ZZRM_096",4
10,1,"JXSY_023",3
10,1,"JXSY_027",5
10,1,"JXSY_031",2
10,1,"PHYY_014",3
10,1,"PHYY_016",2
10,1,"PHYY_021",3
10,1,"PHYY_022",4
10,1,"TZEZ_002",3
10,1,"LSRM_011",5
10,1,"SLTD_010",4
10,1,"SLTD_012",3
10,1,"HZSY_004",3
10,1,"HZSY_005",2
10,1,"HZSY_009",5
10,1,"HZSY_012",4
10,1,"HZSY_017",4
10,1,"LXZY_011",2
10,1,"LXZY_013",5
10,1,"JXSY_033",5
10,1,"JXSY_036",3
10,1,"JXSY_039",3
10,1,"JXSY_041",5
10,1,"JXSY_042",1
10,1,"ZYCZ_030",1
10,1,"ZYCZ_033",2
10,1,"ZYCZ_034",4
10,1,"ZYCZ_036",5
10,1,"ZYYH_055",1
10,1,"ZYYH_056",1
10,1,"ZYYH_057",1
10,1,"ZYYH_058",2
10,1,"ZYYH_060",3
10,1,"ZYYH_061",5
10,1,"ZYYH_062",2
10,1,"ZYYH_063",1
10,1,"ZYYH_066",1
10,1,"ZYYH_067",1
10,1,"ZYYH_069",4
10,1,"ZYYH_070",3
10,1,"ZYYH_071",3
10,1,"ZYYH_072",1
10,1,"ZYQC_065",3
10,1,"ZYQC_072",4
10,1,"ZYQC_073",5
10,1,"ZYQC_074",4
10,1,"ZYQC_076",5
10,1,"ZYQC_083",1
10,1,"ZYQC_084",5
10,1,"ZYQC_085",2
10,1,"ZYQC_089",1
10,1,"ZYQC_090",5
10,1,"ZYQC_094",1
10,1,"ZYQC_095",4
10,1,"ZYQC_096",5
10,1,"ZYQC_097",4
10,1,"ZYQC_098",2
10,1,"ZYQC_100",5
10,1,"ZYQC_101",5
10,1,"ZYQC_102",4
10,1,"ZYQC_103",5
10,1,"ZYQC_104",3
10,1,"ZYQC_105",2
10,1,"ZYQC_106",2
10,1,"ZYQC_108",5
10,1,"ZYQC_109",2
10,1,"ZYQC_110",5
10,1,"ZYQC_111",2
10,1,"ZYQC_112",2
10,1,"ZYQC_114",1
10,1,"ZYQC_115",2
10,1,"ZZRM_102",5
10,1,"ZZRM_103",4
10,1,"ZZRM_104",3
10,1,"PHYY_023",3
10,1,"PHYY_026",4
10,1,"PHYY_028",1
10,1,"XARM_036",5
10,1,"XARM_037",1
10,1,"HNSR_044",1
10,1,"SLTD_017",1
10,1,"ZDFE_109",5
10,1,"ZDFE_113",2
10,1,"ZDFE_115",5
10,1,"ZDFE_117",1
10,1,"TZEZ_022",4
10,1,"TZEZ_024",5
10,1,"TZEZ_029",3
10,1,"TZEZ_032",5
10,1,"ZYQC_116",2
10,1,"ZYQC_118",5
10,1,"ZYQC_119",1
10,1,"ZYQC_120",5
10,1,"ZYQC_121",3
10,1,"ZYQC_122",3
10,1,"ZYQC_123",1
10,1,"ZYQC_124",3
10,1,"ZYQC_126",2
10,1,"ZYQC_127",2
10,1,"ZYQC_128",4
10,1,"ZYQC_132",4
10,1,"ZYQC_133",2
10,1,"ZYQC_134",3
10,1,"ZYQC_143",4
10,1,"ZYCZ_039",5
10,1,"ZYYH_074",2
10,1,"ZYYH_077",1
10,1,"HNSR_058",2
10,1,"ZDFE_118",2
10,1,"ZDFE_124",3
10,1,"ZDFE_125",4
10,1,"ZDFE_127",1
10,1,"ZDFE_128",4
10,1,"ZDFE_129",4
10,1,"ZDFE_130",5
10,1,"ZDFE_131",1
10,1,"ZDFE_134",3
10,1,"ZDFE_135",3
10,1,"ZDFE_137",2
10,1,"ZDFE_138",5
10,1,"ZZRM_108",2
10,1,"ZZRM_109",2
10,1,"ZZRM_111",1
10,1,"ZZRM_115",3
10,1,"JXSY_050",1
10,1,"JXSY_051",1
10,1,"JXSY_056",5
10,1,"PHYY_029",1
10,1,"TZEZ_036",5
10,1,"TZEZ_038",2
10,1,"TZEZ_040",3
10,1,"TZEZ_043",3
10,1,"TZEZ_044",3
10,1,"TZEZ_045",1
10,1,"TZEZ_048",5
10,1,"TZEZ_050",2
10,1,"TZEZ_051",3
10,1,"TZEZ_055",4
10,1,"TZEZ_056",4
10,1,"TZEZ_057",4
10,1,"TZEZ_059",2
10,1,"TZEZ_060",3
10,1,"WZZX_020",5
10,1,"LSRM_015",2
10,1,"LSRM_016",2
10,1,"SLTD_019",1
10,1,"SLTD_020",3
10,1,"SLTD_022",4
10,1,"SLTD_024",1
10,1,"LXZY_015",5
10,1,"HZSY_019",3
10,1,"HZSY_022",3
10,1,"HZSY_023",1
10,2,"ZYQC_039",2
10,2,"ZYQC_040",5
10,2,"ZYQC_042",3
10,2,"ZYQC_047",3
10,2,"ZYQC_048",3
10,2,"ZYQC_049",2
10,2,"ZYQC_051",5
10,2,"ZYQC_053",5
10,2,"ZYQC_055",3
10,2,"ZYQC_056",2
10,2,"ZYQC_058",4
10,2,"ZYQC_059",4
10,2,"ZYQC_060",4
10,2,"ZYCZ_018",3
10,2,"ZYCZ_019",3
10,2,"ZYCZ_020",3
10,2,"ZYCZ_023",3
10,2,"ZYCZ_026",5
10,2,"ZYCZ_027",5
10,2,"ZYCZ_028",5
10,2,"ZYCZ_029",4
10,2,"ZYYH_047",3
10,2,"ZYYH_048",3
10,2,"ZYYH_050",4
10,2,"ZYYH_051",3
10,2,"ZYYH_053",3
10,2,"HNSR_032",5
10,2,"ZDFE_031",2
10,2,"ZDFE_101",4
10,2,"ZDFE_102",4
10,2,"ZDFE_104",3
10,2,"ZDFE_105",3
10,2,"ZDFE_106",2
10,2,"ZZRM_093",1
10,2,"ZZRM_096",5
10,2,"ZZRM_097",1
10,2,"JXSY_023",4
10,2,"JXSY_027",1
10,2,"JXSY_031",2
10,2,"PHYY_014",1
10,2,"PHYY_019",4
10,2,"PHYY_021",1
10,2,"PHYY_022",1
10,2,"TZEZ_002",1
10,2,"TZEZ_018",5
10,2,"LSRM_011",1
10,2,"SLTD_009",4
10,2,"SLTD_012",4
10,2,"HZSY_003",2
10,2,"HZSY_004",2
10,2,"HZSY_008",5
10,2,"HZSY_012",2
10,2,"HZSY_015",4
10,2,"HZSY_017",4
10,2,"LXZY_011",4
10,2,"LXZY_013",3
10,2,"JXSY_036",3
10,2,"JXSY_038",4
10,2,"JXSY_039",2
10,2,"JXSY_041",3
10,2,"JXSY_042",5
10,2,"ZYCZ_030",5
10,2,"ZYCZ_032",5
10,2,"ZYCZ_033",3
10,2,"ZYCZ_034",3
10,2,"ZYCZ_035",2
10,2,"ZYCZ_036",3
10,2,"ZYYH_055",5
10,2,"ZYYH_056",5
10,2,"ZYYH_057",5
10,2,"ZYYH_058",3
10,2,"ZYYH_060",1
10,2,"ZYYH_061",5
10,2,"ZYYH_062",5
10,2,"ZYYH_063",1
10,2,"ZYYH_066",5
10,2,"ZYYH_069",1
10,2,"ZYYH_070",5
10,2,"ZYYH_071",4
10,2,"ZYYH_072",4
10,2,"ZYQC_065",3
10,2,"ZYQC_067",3
10,2,"ZYQC_068",5
10,2,"ZYQC_071",1
10,2,"ZYQC_072",3
10,2,"ZYQC_073",3
10,2,"ZYQC_074",5
10,2,"ZYQC_075",2
10,2,"ZYQC_076",1
10,2,"ZYQC_080",1
10,2,"ZYQC_081",2
10,2,"ZYQC_084",1
10,2,"ZYQC_085",3
10,2,"ZYQC_089",4
10,2,"ZYQC_093",2
10,2,"ZYQC_094",4
10,2,"ZYQC_096",2
10,2,"ZYQC_097",2
10,2,"ZYQC_098",4
10,2,"ZYQC_100",1
10,2,"ZYQC_102",1
10,2,"ZYQC_104",3
10,2,"ZYQC_105",4
10,2,"ZYQC_106",5
10,2,"ZYQC_109",2
10,2,"ZYQC_111",4
10,2,"ZYQC_113",2
10,2,"ZYQC_114",4
10,2,"ZYQC_115",4
10,2,"ZZRM_101",1
10,2,"ZZRM_104",2
10,2,"ZZRM_105",1
10,2,"PHYY_023",3
10,2,"XARM_036",1
10,2,"HNSR_044",5
10,2,"SLTD_015",5
10,2,"ZDFE_109",3
10,2,"ZDFE_113",4
10,2,"ZDFE_114",2
10,2,"ZDFE_115",5
10,2,"ZDFE_117",4
10,2,"TZEZ_022",2
10,2,"TZEZ_030",4
10,2,"TZEZ_031",1
10,2,"TZEZ_032",1
10,2,"ZYQC_116",5
10,2,"ZYQC_118",4
10,2,"ZYQC_119",1
10,2,"ZYQC_120",4
10,2,"ZYQC_122",1
10,2,"ZYQC_123",2
10,2,"ZYQC_124",4
10,2,"ZYQC_125",1
10,2,"ZYQC_126",3
10,2,"ZYQC_128",3
10,2,"ZYQC_132",1
10,2,"ZYQC_133",2
10,2,"ZYQC_134",5
10,2,"ZYQC_135",1
10,2,"ZYQC_143",1
10,2,"ZYCZ_038",3
10,2,"ZYCZ_039",1
10,2,"ZYYH_077",4
10,2,"ZDFE_118",2
10,2,"ZDFE_119",5
10,2,"ZDFE_125",1
10,2,"ZDFE_127",2
10,2,"ZDFE_128",3
10,2,"ZDFE_130",4
10,2,"ZDFE_133",4
10,2,"ZDFE_134",5
10,2,"ZDFE_136",2
10,2,"ZDFE_137",5
10,2,"ZDFE_138",1
10,2,"ZZRM_111",1
10,2,"ZZRM_115",2
10,2,"JXSY_050",1
10,2,"JXSY_051",2
10,2,"JXSY_052",4
10,2,"JXSY_056",5
10,2,"PHYY_029",1
10,2,"PHYY_031",1
10,2,"TZEZ_033",5
10,2,"TZEZ_036",3
10,2,"TZEZ_041",5
10,2,"TZEZ_043",2
10,2,"TZEZ_044",5
10,2,"TZEZ_045",1
10,2,"TZEZ_048",5
10,2,"TZEZ_050",2
10,2,"TZEZ_051",2
10,2,"TZEZ_053",3
10,2,"TZEZ_055",2
10,2,"TZEZ_057",4
10,2,"TZEZ_059",2
10,2,"TZEZ_061",1
10,2,"WZZX_020",2
10,2,"WZZX_021",3
10,2,"LSRM_014",4
10,2,"LSRM_015",2
10,2,"LSRM_016",2
10,2,"SLTD_019",3
10,2,"SLTD_020",2
10,2,"SLTD_021",4
10,2,"SLTD_024",2
10,2,"LXZY_014",5
10,2,"LXZY_015",3
10,2,"HZSY_019",1
10,2,"HZSY_022",4
10,3,"ZYQC_039",2
10,3,"ZYQC_040",1
10,3,"ZYQC_045",2
10,3,"ZYQC_049",1
10,3,"ZYQC_050",3
10,3,"ZYQC_051",1
10,3,"ZYQC_052",1
10,3,"ZYQC_053",3
10,3,"ZYQC_055",3
10,3,"ZYQC_056",3
10,3,"ZYQC_057",3
10,3,"ZYQC_058",2
10,3,"ZYCZ_018",3
10,3,"ZYCZ_019",1
10,3,"ZYCZ_020",3
10,3,"ZYCZ_023",1
10,3,"ZYCZ_025",5
10,3,"ZYCZ_026",3
10,3,"ZYCZ_027",4
10,3,"ZYCZ_028",2
10,3,"ZYYH_041",5
10,3,"ZYYH_047",5
10,3,"ZYYH_048",5
10,3,"ZYYH_049",4
10,3,"ZYYH_050",3
10,3,"ZYYH_051",5
10,3,"ZYYH_053",4
10,3,"HNSR_032",5
10,3,"ZDFE_031",2
10,3,"ZDFE_101",1
10,3,"ZDFE_102",2
10,3,"ZDFE_103",5
10,3,"ZDFE_104",2
10,3,"ZDFE_105",3
10,3,"ZDFE_106",2
10,3,"ZZRM_089",2
10,3,"ZZRM_093",5
10,3,"ZZRM_097",1
10,3,"JXSY_023",1
10,3,"JXSY_027",5
10,3,"JXSY_031",5
10,3,"PHYY_016",1
10,3,"PHYY_019",2
10,3,"PHYY_021",2
10,3,"TZEZ_002",3
10,3,"TZEZ_018",5
10,3,"SLTD_009",4
10,3,"SLTD_010",5
10,3,"SLTD_012",3
10,3,"HZSY_003",4
10,3,"HZSY_004",5
10,3,"HZSY_005",1
10,3,"HZSY_008",3
10,3,"HZSY_009",5
10,3,"HZSY_012",2
10,3,"HZSY_015",3
10,3,"HZSY_017",5
10,3,"JXSY_033",3
10,3,"JXSY_036",3
10,3,"JXSY_038",1
10,3,"JXSY_039",1
10,3,"JXSY_041",3
10,3,"ZYCZ_030",1
10,3,"ZYCZ_032",1
10,3,"ZYCZ_033",2
10,3,"ZYCZ_034",3
10,3,"ZYCZ_035",2
10,3,"ZYCZ_036",3
10,3,"ZYYH_057",1
10,3,"ZYYH_060",4
10,3,"ZYYH_062",1
10,3,"ZYYH_063",4
10,3,"ZYYH_066",3
10,3,"ZYYH_067",4
10,3,"ZYYH_069",2
10,3,"ZYYH_070",2
10,3,"ZYQC_065",2
10,3,"ZYQC_067",5
10,3,"ZYQC_068",1
10,3,"ZYQC_071",5
10,3,"ZYQC_074",4
10,3,"ZYQC_075",1
10,3,"ZYQC_076",1
10,3,"ZYQC_080",3
10,3,"ZYQC_081",3
10,3,"ZYQC_083",4
10,3,"ZYQC_084",1
10,3,"ZYQC_085",4
10,3,"ZYQC_090",5
10,3,"ZYQC_093",2
10,3,"ZYQC_094",4
10,3,"ZYQC_095",4
10,3,"ZYQC_097",1
10,3,"ZYQC_101",4
10,3,"ZYQC_102",5
10,3,"ZYQC_103",4
10,3,"ZYQC_105",2
10,3,"ZYQC_106",2
10,3,"ZYQC_108",3
10,3,"ZYQC_109",4
10,3,"ZYQC_110",2
10,3,"ZYQC_111",5
10,3,"ZYQC_112",1
10,3,"ZYQC_113",4
10,3,"ZYQC_114",4
10,3,"ZZRM_101",2
10,3,"ZZRM_102",5
10,3,"ZZRM_103",3
10,3,"ZZRM_105",1
10,3,"PHYY_023",5
10,3,"PHYY_026",5
10,3,"PHYY_028",3
10,3,"XARM_037",3
10,3,"HNSR_044",5
10,3,"SLTD_015",1
10,3,"SLTD_017",5
10,3,"ZDFE_109",4
10,3,"ZDFE_113",3
10,3,"ZDFE_114",1
10,3,"ZDFE_115",3
10,3,"TZEZ_024",4
10,3,"TZEZ_029",4
10,3,"TZEZ_030",4
10,3,"TZEZ_031",5
10,3,"TZEZ_032",2
10,3,"ZYQC_118",2
10,3,"ZYQC_121",2
10,3,"ZYQC_122",5
10,3,"ZYQC_123",1
10,3,"ZYQC_124",1
10,3,"ZYQC_125",4
10,3,"ZYQC_126",2
10,3,"ZYQC_127",3
10,3,"ZYQC_132",4
10,3,"ZYQC_133",4
10,3,"ZYQC_134",2
10,3,"ZYQC_135",2
10,3,"ZYCZ_038",1
10,3,"ZYCZ_039",3
10,3,"ZYYH_074",1
10,3,"ZYYH_077",1
10,3,"HNSR_058",3
10,3,"ZDFE_119",3
10,3,"ZDFE_124",1
10,3,"ZDFE_125",4
10,3,"ZDFE_127",4
10,3,"ZDFE_128",2
10,3,"ZDFE_129",2
10,3,"ZDFE_130",2
10,3,"ZDFE_131",4
10,3,"ZDFE_133",5
10,3,"ZDFE_134",4
10,3,"ZDFE_135",1
10,3,"ZDFE_136",2
10,3,"ZDFE_138",2
10,3,"ZZRM_108",1
10,3,"ZZRM_109",5
10,3,"ZZRM_115",5
10,3,"JXSY_050",2
10,3,"JXSY_051",4
10,3,"JXSY_052",3
10,3,"JXSY_056",3
10,3,"PHYY_029",5
10,3,"PHYY_031",4
10,3,"TZEZ_033",2
10,3,"TZEZ_036",3
10,3,"TZEZ_038",4
10,3,"TZEZ_040",3
10,3,"TZEZ_041",5
10,3,"TZEZ_051",4
10,3,"TZEZ_053",3
10,3,"TZEZ_056",2
10,3,"TZEZ_057",5
10,3,"TZEZ_059",5
10,3,"TZEZ_060",4
10,3,"TZEZ_061",1
10,3,"WZZX_020",5
10,3,"WZZX_021",4
10,3,"LSRM_014",5
10,3,"LSRM_015",1
10,3,"SLTD_019",4
10,3,"SLTD_020",4
10,3,"SLTD_021",1
10,3,"SLTD_022",3
10,3,"SLTD_024",1
10,3,"LXZY_014",2
10,3,"HZSY_019",5
10,3,"HZSY_022",2
10,3,"HZSY_023",4
10,4,"ZYQC_040",3
10,4,"ZYQC_042",5
10,4,"ZYQC_045",3
10,4,"ZYQC_047",5
10,4,"ZYQC_048",5
10,4,"ZYQC_049",4
10,4,"ZYQC_050",5
10,4,"ZYQC_051",2
10,4,"ZYQC_052",5
10,4,"ZYQC_055",5
10,4,"ZYQC_056",4
10,4,"ZYQC_057",4
10,4,"ZYQC_059",1
10,4,"ZYQC_060",2
10,4,"ZYCZ_018",5
10,4,"ZYCZ_019",5
10,4,"ZYCZ_020",1
10,4,"ZYCZ_025",3
10,4,"ZYCZ_026",4
10,4,"ZYCZ_029",2
10,4,"ZYYH_041",4
10,4,"ZYYH_047",2
10,4,"ZYYH_049",1
10,4,"ZYYH_051",2
10,4,"ZYYH_053",1
10,4,"HNSR_032",4
10,4,"ZDFE_031",3
10,4,"ZDFE_101",3
10,4,"ZDFE_102",5
10,4,"ZDFE_103",2
10,4,"ZDFE_106",4
10,4,"ZZRM_089",3
10,4,"ZZRM_093",1
10,4,"ZZRM_096",5
10,4,"ZZRM_097",4
10,4,"JXSY_027",1
10,4,"PHYY_014",5
10,4,"PHYY_016",5
10,4,"PHYY_019",1
10,4,"PHYY_022",5
10,4,"TZEZ_018",1
10,4,"LSRM_011",3
10,4,"SLTD_009",3
10,4,"SLTD_010",1
10,4,"SLTD_012",5
10,4,"HZSY_003",1
10,4,"HZSY_005",1
10,4,"HZSY_008",4
10,4,"HZSY_009",1
10,4,"HZSY_015",3
10,4,"LXZY_011",5
10,4,"LXZY_013",2
10,4,"JXSY_033",4
10,4,"JXSY_038",2
10,4,"JXSY_042",2
10,4,"ZYCZ_032",5
10,4,"ZYCZ_035",4
10,4,"ZYCZ_036",5
10,4,"ZYYH_055",2
10,4,"ZYYH_056",4
10,4,"ZYYH_057",1
10,4,"ZYYH_058",5
10,4,"ZYYH_061",5
10,4,"ZYYH_063",1
10,4,"ZYYH_066",2
10,4,"ZYYH_067",3
10,4,"ZYYH_071",3
10,4,"ZYYH_072",3
10,4,"ZYQC_067",4
10,4,"ZYQC_068",1
10,4,"ZYQC_071",5
10,4,"ZYQC_072",1
10,4,"ZYQC_073",3
10,4,"ZYQC_074",1
10,4,"ZYQC_075",5
10,4,"ZYQC_076",4
10,4,"ZYQC_080",3
10,4,"ZYQC_081",3
10,4,"ZYQC_083",1
10,4,"ZYQC_084",1
10,4,"ZYQC_089",4
10,4,"ZYQC_090",2
10,4,"ZYQC_093",1
10,4,"ZYQC_095",4
10,4,"ZYQC_096",3
10,4,"ZYQC_097",1
10,4,"ZYQC_098",1
10,4,"ZYQC_100",4
10,4,"ZYQC_101",2
10,4,"ZYQC_103",1
10,4,"ZYQC_104",1
10,4,"ZYQC_108",5
10,4,"ZYQC_109",2
10,4,"ZYQC_110",4
10,4,"ZYQC_112",4
10,4,"ZYQC_113",5
10,4,"ZYQC_114",2
10,4,"ZYQC_115",3
10,4,"ZZRM_101",3
10,4,"ZZRM_102",2
10,4,"ZZRM_103",3
10,4,"ZZRM_104",2
10,4,"ZZRM_105",1
10,4,"PHYY_026",2
10,4,"PHYY_028",2
10,4,"XARM_036",5
10,4,"XARM_037",2
10,4,"HNSR_044",1
10,4,"SLTD_015",1
10,4,"SLTD_017",3
10,4,"ZDFE_109",5
10,4,"ZDFE_113",3
10,4,"ZDFE_114",3
10,4,"ZDFE_117",3
10,4,"TZEZ_022",1
10,4,"TZEZ_024",2
10,4,"TZEZ_029",5
10,4,"TZEZ_030",4
10,4,"TZEZ_031",2
10,4,"TZEZ_032",4
10,4,"ZYQC_116",3
10,4,"ZYQC_119",1
10,4,"ZYQC_120",2
10,4,"ZYQC_121",1
10,4,"ZYQC_122",3
10,4,"ZYQC_123",5
10,4,"ZYQC_124",2
10,4,"ZYQC_125",1
10,4,"ZYQC_127",4
10,4,"ZYQC_128",5
10,4,"ZYQC_133",4
10,4,"ZYQC_134",4
10,4,"ZYQC_135",2
10,4,"ZYQC_143",4
10,4,"ZYCZ_038",5
10,4,"ZYCZ_039",1
10,4,"ZYYH_074",1
10,4,"ZYYH_077",2
10,4,"HNSR_058",3
10,4,"ZDFE_118",5
10,4,"ZDFE_119",1
10,4,"ZDFE_124",4
10,4,"ZDFE_125",5
10,4,"ZDFE_128",4
10,4,"ZDFE_129",3
10,4,"ZDFE_131",1
10,4,"ZDFE_133",4
10,4,"ZDFE_135",3
10,4,"ZDFE_136",3
10,4,"ZDFE_137",4
10,4,"ZZRM_108",3
10,4,"ZZRM_109",4
10,4,"ZZRM_111",4
10,4,"ZZRM_115",4
10,4,"JXSY_051",2
10,4,"JXSY_052",3
10,4,"JXSY_056",3
10,4,"PHYY_029",2
10,4,"PHYY_031",2
10,4,"TZEZ_033",4
10,4,"TZEZ_036",3
10,4,"TZEZ_038",2
10,4,"TZEZ_040",3
10,4,"TZEZ_041",2
10,4,"TZEZ_043",3
10,4,"TZEZ_044",5
10,4,"TZEZ_045",4
10,4,"TZEZ_048",3
10,4,"TZEZ_050",1
10,4,"TZEZ_051",5
10,4,"TZEZ_053",4
10,4,"TZEZ_055",2
10,4,"TZEZ_056",5
10,4,"TZEZ_059",2
10,4,"TZEZ_060",1
10,4,"TZEZ_061",1
10,4,"WZZX_020",4
10,4,"WZZX_021",5
10,4,"LSRM_014",5
10,4,"LSRM_016",2
10,4,"SLTD_019",2
10,4,"SLTD_020",2
10,4,"SLTD_021",4
10,4,"SLTD_022",2
10,4,"LXZY_014",4
10,4,"LXZY_015",5
10,4,"HZSY_019",2
10,4,"HZSY_022",3
10,4,"HZSY_023",3
10,5,"ZYQC_039",2
10,5,"ZYQC_040",1
10,5,"ZYQC_042",3
10,5,"ZYQC_045",2
10,5,"ZYQC_047",4
10,5,"ZYQC_048",1
10,5,"ZYQC_049",2
10,5,"ZYQC_050",3
10,5,"ZYQC_051",3
10,5,"ZYQC_052",2
10,5,"ZYQC_053",1
10,5,"ZYQC_055",4
10,5,"ZYQC_057",4
10,5,"ZYQC_058",2
10,5,"ZYQC_059",2
10,5,"ZYQC_060",1
10,5,"ZYCZ_023",4
10,5,"ZYCZ_025",4
10,5,"ZYCZ_026",4
10,5,"ZYCZ_027",4
10,5,"ZYCZ_028",5
10,5,"ZYCZ_029",2
10,5,"ZYYH_041",4
10,5,"ZYYH_047",1
10,5,"ZYYH_048",1
10,5,"ZYYH_049",2
10,5,"ZYYH_050",4
10,5,"ZDFE_102",3
10,5,"ZDFE_103",5
10,5,"ZDFE_104",5
10,5,"ZDFE_105",4
10,5,"ZDFE_106",5
10,5,"ZZRM_089",1
10,5,"ZZRM_096",5
10,5,"ZZRM_097",1
10,5,"JXSY_023",2
10,5,"JXSY_031",2
10,5,"PHYY_014",1
10,5,"PHYY_016",1
10,5,"PHYY_019",3
10,5,"PHYY_021",1
10,5,"PHYY_022",3
10,5,"TZEZ_002",1
10,5,"TZEZ_018",5
10,5,"LSRM_011",3
10,5,"SLTD_009",3
10,5,"SLTD_010",5
10,5,"HZSY_003",5
10,5,"HZSY_004",2
10,5,"HZSY_005",5
10,5,"HZSY_008",5
10,5,"HZSY_009",3
10,5,"HZSY_012",3
10,5,"HZSY_015",1
10,5,"HZSY_017",5
10,5,"LXZY_011",3
10,5,"LXZY_013",2
10,5,"JXSY_033",3
10,5,"JXSY_036",1
10,5,"JXSY_038",3
10,5,"JXSY_039",1
10,5,"JXSY_041",5
10,5,"JXSY_042",1
10,5,"ZYCZ_030",3
10,5,"ZYCZ_032",5
10,5,"ZYCZ_033",4
10,5,"ZYCZ_034",1
10,5,"ZYCZ_035",2
10,5,"ZYYH_055",3
10,5,"ZYYH_056",4
10,5,"ZYYH_058",5
10,5,"ZYYH_060",4
10,5,"ZYYH_061",4
10,5,"ZYYH_062",3
10,5,"ZYYH_067",1
10,5,"ZYYH_069",4
10,5,"ZYYH_070",4
10,5,"ZYYH_071",2
10,5,"ZYYH_072",2
10,5,"ZYQC_065",4
10,5,"ZYQC_067",3
10,5,"ZYQC_068",2
10,5,"ZYQC_071",2
10,5,"ZYQC_072",5
10,5,"ZYQC_073",4
10,5,"ZYQC_075",3
10,5,"ZYQC_080",1
10,5,"ZYQC_081",1
10,5,"ZYQC_083",2
10,5,"ZYQC_085",1
10,5,"ZYQC_089",5
10,5,"ZYQC_090",3
10,5,"ZYQC_093",2
10,5,"ZYQC_094",5
10,5,"ZYQC_095",5
10,5,"ZYQC_096",5
10,5,"ZYQC_098",1
10,5,"ZYQC_100",5
10,5,"ZYQC_101",2
10,5,"ZYQC_102",4
10,5,"ZYQC_103",4
10,5,"ZYQC_104",2
10,5,"ZYQC_105",2
10,5,"ZYQC_106",3
10,5,"ZYQC_108",2
10,5,"ZYQC_110",1
10,5,"ZYQC_111",1
10,5,"ZYQC_112",2
10,5,"ZYQC_113",1
10,5,"ZYQC_115",2
10,5,"ZZRM_101",2
10,5,"ZZRM_102",3
10,5,"ZZRM_103",2
10,5,"ZZRM_104",3
10,5,"ZZRM_105",4
10,5,"PHYY_023",3
10,5,"PHYY_026",2
10,5,"PHYY_028",5
10,5,"XARM_036",3
10,5,"XARM_037",2
10,5,"SLTD_015",5
10,5,"SLTD_017",3
10,5,"ZDFE_114",4
10,5,"ZDFE_115",4
10,5,"ZDFE_117",5
10,5,"TZEZ_022",4
10,5,"TZEZ_024",1
10,5,"TZEZ_029",3
10,5,"TZEZ_030",3
10,5,"TZEZ_031",1
10,5,"ZYQC_116",4
10,5,"ZYQC_118",4
10,5,"ZYQC_119",1
10,5,"ZYQC_120",5
10,5,"ZYQC_121",5
10,5,"ZYQC_125",3
10,5,"ZYQC_126",4
10,5,"ZYQC_127",5
10,5,"ZYQC_128",4
10,5,"ZYQC_132",3
10,5,"ZYQC_135",3
10,5,"ZYQC_143",3
10,5,"ZYCZ_038",5
10,5,"ZYYH_074",2
10,5,"HNSR_058",5
10,5,"ZDFE_118",1
10,5,"ZDFE_119",5
10,5,"ZDFE_124",5
10,5,"ZDFE_127",4
10,5,"ZDFE_129",2
10,5,"ZDFE_130",3
10,5,"ZDFE_131",4
10,5,"ZDFE_133",3
10,5,"ZDFE_134",1
10,5,"ZDFE_135",5
10,5,"ZDFE_136",3
10,5,"ZDFE_137",2
10,5,"ZDFE_138",2
10,5,"ZZRM_108",1
10,5,"ZZRM_109",4
10,5,"ZZRM_111",4
10,5,"JXSY_050",5
10,5,"JXSY_052",4
10,5,"PHYY_031",4
10,5,"TZEZ_033",5
10,5,"TZEZ_038",1
10,5,"TZEZ_040",3
10,5,"TZEZ_041",1
10,5,"TZEZ_043",3
10,5,"TZEZ_044",1
10,5,"TZEZ_045",2
10,5,"TZEZ_048",1
10,5,"TZEZ_050",5
10,5,"TZEZ_053",2
10,5,"TZEZ_055",3
10,5,"TZEZ_056",1
10,5,"TZEZ_057",2
10,5,"TZEZ_060",4
10,5,"TZEZ_061",5
10,5,"WZZX_021",3
10,5,"LSRM_014",4
10,5,"LSRM_015",4
10,5,"LSRM_016",4
10,5,"SLTD_021",2
10,5,"SLTD_022",5
10,5,"SLTD_024",1
10,5,"LXZY_014",1
10,5,"LXZY_015",2
10,5,"HZSY_023",5
11,1,"ZYQC_039",4
11,1,"ZYQC_040",2
11,1,"ZYQC_042",1
11,1,"ZYQC_045",2
11,1,"ZYQC_047",2
11,1,"ZYQC_052",3
11,1,"ZYQC_055",2
11,1,"ZYQC_056",3
11,1,"ZYQC_057",1
11,1,"ZYQC_058",1
11,1,"ZYQC_059",4
11,1,"ZYQC_060",5
11,1,"ZYCZ_018",3
11,1,"ZYCZ_019",5
11,1,"ZYCZ_023",5
11,1,"ZYCZ_026",3
11,1,"ZYCZ_027",3
11,1,"ZYCZ_028",1
11,1,"ZYCZ_029",3
11,1,"ZYYH_041",3
11,1,"ZYYH_047",3
11,1,"ZYYH_049",1
11,1,"ZYYH_050",4
11,1,"ZYYH_051",4
11,1,"ZYYH_053",5
11,1,"ZDFE_031",3
11,1,"ZDFE_101",2
11,1,"ZDFE_102",4
11,1,"ZDFE_104",2
11,1,"ZDFE_105",4
11,1,"ZDFE_106",2
11,1,"ZZRM_089",1
11,1,"ZZRM_093",5
11,1,"ZZRM_096",1
11,1,"ZZRM_097",3
11,1,"JXSY_027",1
11,1,"JXSY_031",3
11,1,"PHYY_014",4
11,1,"PHYY_019",3
11,1,"PHYY_021",5
11,1,"PHYY_022",3
11,1,"TZEZ_002",4
11,1,"LSRM_011",5
11,1,"SLTD_010",1
11,1,"SLTD_012",2
11,1,"HZSY_003",2
11,1,"HZSY_004",1
11,1,"HZSY_008",3
11,1,"HZSY_009",4
11,1,"HZSY_012",5
11,1,"HZSY_015",5
11,1,"HZSY_017",1
11,1,"LXZY_011",5
11,1,"JXSY_036",3
11,1,"JXSY_039",1
11,1,"JXSY_041",4
11,1,"JXSY_042",2
11,1,"ZYCZ_030",3
11,1,"ZYCZ_032",1
11,1,"ZYCZ_033",1
11,1,"ZYCZ_035",1
11,1,"ZYCZ_036",2
11,1,"ZYYH_055",5
11,1,"ZYYH_056",4
11,1,"ZYYH_057",3
11,1,"ZYYH_058",2
11,1,"ZYYH_060",2
11,1,"ZYYH_061",2
11,1,"ZYYH_062",4
11,1,"ZYYH_067",5
11,1,"ZYYH_069",2
11,1,"ZYYH_071",3
11,1,"ZYYH_072",5
11,1,"ZYQC_065",1
11,1,"ZYQC_067",4
11,1,"ZYQC_068",2
11,1,"ZYQC_071",5
11,1,"ZYQC_072",2
11,1,"ZYQC_073",3
11,1,"ZYQC_074",4
11,1,"ZYQC_075",5
11,1,"ZYQC_076",3
11,1,"ZYQC_080",3
11,1,"ZYQC_083",4
11,1,"ZYQC_084",4
11,1,"ZYQC_085",5
11,1,"ZYQC_090",4
11,1,"ZYQC_094",5
11,1,"ZYQC_095",5
11,1,"ZYQC_096",2
11,1,"ZYQC_098",3
11,1,"ZYQC_101",5
11,1,"ZYQC_102",2
11,1,"ZYQC_103",1
11,1,"ZYQC_104",5
11,1,"ZYQC_105",1
11,1,"ZYQC_106",2
11,1,"ZYQC_108",2
11,1,"ZYQC_109",1
11,1,"ZYQC_110",5
11,1,"ZYQC_111",2
11,1,"ZYQC_112",5
11,1,"ZYQC_113",1
11,1,"ZYQC_115",1
11,1,"ZZRM_101",1
11,1,"ZZRM_102",5
11,1,"ZZRM_103",3
11,1,"ZZRM_105",1
11,1,"PHYY_023",2
11,1,"PHYY_026",1
11,1,"PHYY_028",2
11,1,"XARM_037",3
11,1,"SLTD_015",5
11,1,"SLTD_017",5
11,1,"ZDFE_109",4
11,1,"ZDFE_114",5
11,1,"ZDFE_117",1
11,1,"TZEZ_029",4
11,1,"TZEZ_030",4
11,1,"TZEZ_031",3
11,1,"TZEZ_032",2
11,1,"ZYQC_116",5
11,1,"ZYQC_118",1
11,1,"ZYQC_119",1
11,1,"ZYQC_120",1
11,1,"ZYQC_121",2
11,1,"ZYQC_122",1
11,1,"ZYQC_123",3
11,1,"ZYQC_124",2
11,1,"ZYQC_127",4
11,1,"ZYQC_128",2
11,1,"ZYQC_132",4
11,1,"ZYQC_133",3
11,1,"ZYQC_134",4
11,1,"ZYQC_135",5
11,1,"ZYQC_143",4
11,1,"ZYCZ_038",5
11,1,"ZYYH_074",5
11,1,"ZYYH_077",5
11,1,"HNSR_058",3
11,1,"ZDFE_118",4
11,1,"ZDFE_119",3
11,1,"ZDFE_124",3
11,1,"ZDFE_125",4
11,1,"ZDFE_128",2
11,1,"ZDFE_130",2
11,1,"ZDFE_131",2
11,1,"ZDFE_135",4
11,1,"ZDFE_136",5
11,1,"ZDFE_137",3
11,1,"ZDFE_138",2
11,1,"ZZRM_108",2
11,1,"ZZRM_109",4
11,1,"ZZRM_115",4
11,1,"JXSY_050",5
11,1,"JXSY_051",4
11,1,"JXSY_056",3
11,1,"PHYY_029",2
11,1,"PHYY_031",1
11,1,"TZEZ_033",3
11,1,"TZEZ_036",1
11,1,"TZEZ_038",1
11,1,"TZEZ_041",1
11,1,"TZEZ_043",4
11,1,"TZEZ_044",3
11,1,"TZEZ_045",2
11,1,"TZEZ_048",2
11,1,"TZEZ_050",5
11,1,"TZEZ_051",1
11,1,"TZEZ_053",3
11,1,"TZEZ_056",4
11,1,"TZEZ_057",4
11,1,"TZEZ_059",5
11,1,"TZEZ_060",3
11,1,"WZZX_020",4
11,1,"WZZX_021",1
11,1,"LSRM_014",1
11,1,"LSRM_016",5
11,1,"SLTD_019",3
11,1,"SLTD_020",3
11,1,"SLTD_021",1
11,1,"SLTD_022",5
11,1,"SLTD_024",2
11,1,"LXZY_014",2
11,1,"LXZY_015",4
11,1,"HZSY_019",4
11,1,"HZSY_022",1
11,1,"HZSY_023",4
11,2,"ZYQC_039",3
11,2,"ZYQC_040",4
11,2,"ZYQC_047",1
11,2,"ZYQC_048",2
11,2,"ZYQC_049",4
11,2,"ZYQC_050",3
11,2,"ZYQC_051",1
11,2,"ZYQC_052",3
11,2,"ZYQC_053",1
11,2,"ZYQC_056",2
11,2,"ZYQC_057",4
11,2,"ZYQC_058",5
11,2,"ZYQC_059",5
11,2,"ZYQC_060",5
11,2,"ZYCZ_018",4
11,2,"ZYCZ_020",2
11,2,"ZYCZ_023",5
11,2,"ZYCZ_025",4
11,2,"ZYCZ_026",2
11,2,"ZYCZ_028",5
11,2,"ZYCZ_029",5
11,2,"ZYYH_041",3
11,2,"ZYYH_047",1
11,2,"ZYYH_048",2
11,2,"ZYYH_049",3
11,2,"ZYYH_050",2
11,2,"ZYYH_051",1
11,2,"HNSR_032",1
11,2,"ZDFE_031",2
11,2,"ZDFE_101",5
11,2,"ZDFE_102",4
11,2,"ZDFE_103",1
11,2,"ZDFE_104",3
11,2,"ZDFE_105",2
11,2,"ZDFE_106",4
11,2,"ZZRM_089",1
11,2,"ZZRM_093",3
11,2,"ZZRM_096",2
11,2,"ZZRM_097",2
11,2,"JXSY_023",3
11,2,"JXSY_027",2
11,2,"JXSY_031",5
11,2,"PHYY_014",3
11,2,"PHYY_016",1
11,2,"PHYY_021",3
11,2,"TZEZ_018",4
11,2,"LSRM_011",3
11,2,"SLTD_009",3
11,2,"SLTD_010",5
11,2,"SLTD_012",5
11,2,"HZSY_004",2
11,2,"HZSY_005",1
11,2,"HZSY_009",5
11,2,"HZSY_012",5
11,2,"LXZY_011",2
11,2,"LXZY_013",1
11,2,"JXSY_033",4
11,2,"JXSY_036",1
11,2,"JXSY_038",2
11,2,"JXSY_041",5
11,2,"JXSY_042",4
11,2,"ZYCZ_032",3
11,2,"ZYCZ_033",3
11,2,"ZYCZ_034",4
11,2,"ZYCZ_036",4
11,2,"ZYYH_055",2
11,2,"ZYYH_056",5
11,2,"ZYYH_057",1
11,2,"ZYYH_058",3
11,2,"ZYYH_060",2
11,2,"ZYYH_061",1
11,2,"ZYYH_063",5
11,2,"ZYYH_066",2
11,2,"ZYYH_067",3
11,2,"ZYYH_069",4
11,2,"ZYYH_070",1
11,2,"ZYYH_071",5
11,2,"ZYYH_072",1
11,2,"ZYQC_067",3
11,2,"ZYQC_068",5
11,2,"ZYQC_071",2
11,2,"ZYQC_072",1
11,2,"ZYQC_074",5
11,2,"ZYQC_076",3
11,2,"ZYQC_080",2
11,2,"ZYQC_081",1
11,2,"ZYQC_083",1
11,2,"ZYQC_084",3
11,2,"ZYQC_085",2
11,2,"ZYQC_089",1
11,2,"ZYQC_090",4
11,2,"ZYQC_093",4
11,2,"ZYQC_094",1
11,2,"ZYQC_095",2
11,2,"ZYQC_096",5
11,2,"ZYQC_097",1
11,2,"ZYQC_098",3
11,2,"ZYQC_100",3
11,2,"ZYQC_101",1
11,2,"ZYQC_102",1
11,2,"ZYQC_103",5
11,2,"ZYQC_104",4
11,2,"ZYQC_105",4
11,2,"ZYQC_106",4
11,2,"ZYQC_108",5
11,2,"ZYQC_109",2
11,2,"ZYQC_110",4
11,2,"ZYQC_111",5
11,2,"ZYQC_112",3
11,2,"ZYQC_113",4
11,2,"ZYQC_114",1
11,2,"ZYQC_115",1
11,2,"ZZRM_104",3
11,2,"PHYY_023",3
11,2,"PHYY_026",4
11,2,"PHYY_028",3
11,2,"XARM_036",1
11,2,"HNSR_044",5
11,2,"SLTD_015",2
11,2,"SLTD_017",1
11,2,"ZDFE_113",1
11,2,"ZDFE_115",1
11,2,"ZDFE_117",2
11,2,"TZEZ_022",4
11,2,"TZEZ_024",3
11,2,"TZEZ_030",1
11,2,"TZEZ_032",2
11,2,"ZYQC_116",4
11,2,"ZYQC_120",3
11,2,"ZYQC_121",4
11,2,"ZYQC_122",1
11,2,"ZYQC_123",4
11,2,"ZYQC_124",3
11,2,"ZYQC_125",4
11,2,"ZYQC_126",4
11,2,"ZYQC_128",3
11,2,"ZYQC_134",2
11,2,"ZYQC_135",2
11,2,"ZYQC_143",4
11,2,"ZYCZ_039",2
11,2,"ZYYH_074",5
11,2,"HNSR_058",2
11,2,"ZDFE_118",5
11,2,"ZDFE_119",1
11,2,"ZDFE_124",2
11,2,"ZDFE_127",1
11,2,"ZDFE_128",5
11,2,"ZDFE_129",4
11,2,"ZDFE_131",4
11,2,"ZDFE_133",1
11,2,"ZDFE_134",5
11,2,"ZDFE_138",2
11,2,"ZZRM_108",1
11,2,"ZZRM_109",3
11,2,"ZZRM_111",1
11,2,"ZZRM_115",5
11,2,"JXSY_050",3
11,2,"JXSY_051",5
11,2,"JXSY_052",5
11,2,"JXSY_056",5
11,2,"TZEZ_033",2
11,2,"TZEZ_036",3
11,2,"TZEZ_038",5
11,2,"TZEZ_040",3
11,2,"TZEZ_043",2
11,2,"TZEZ_045",4
11,2,"TZEZ_048",4
11,2,"TZEZ_050",4
11,2,"TZEZ_053",5
11,2,"TZEZ_055",4
11,2,"TZEZ_056",2
11,2,"TZEZ_057",1
11,2,"TZEZ_059",3
11,2,"TZEZ_060",2
11,2,"TZEZ_061",3
11,2,"WZZX_020",3
11,2,"WZZX_021",4
11,2,"LSRM_014",3
11,2,"LSRM_015",5
11,2,"LSRM_016",2
11,2,"SLTD_019",4
11,2,"SLTD_020",5
11,2,"SLTD_022",5
11,2,"SLTD_024",3
11,2,"LXZY_014",4
11,2,"LXZY_015",4
11,2,"HZSY_019",2
11,2,"HZSY_022",2
11,2,"HZSY_023",5
11,3,"ZYQC_039",5
11,3,"ZYQC_042",5
11,3,"ZYQC_045",2
11,3,"ZYQC_047",1
11,3,"ZYQC_048",5
11,3,"ZYQC_049",2
11,3,"ZYQC_050",4
11,3,"ZYQC_051",1
11,3,"ZYQC_052",3
11,3,"ZYQC_053",5
11,3,"ZYQC_055",3
11,3,"ZYQC_056",5
11,3,"ZYQC_057",3
11,3,"ZYQC_059",5
11,3,"ZYCZ_018",3
11,3,"ZYCZ_019",3
11,3,"ZYCZ_020",3
11,3,"ZYCZ_023",3
11,3,"ZYCZ_025",2
11,3,"ZYCZ_026",1
11,3,"ZYCZ_027",2
11,3,"ZYCZ_028",5
11,3,"ZYCZ_029",3
11,3,"ZYYH_041",4
11,3,"ZYYH_048",2
11,3,"ZYYH_050",2
11,3,"ZYYH_051",2
11,3,"ZYYH_053",1
11,3,"HNSR_032",3
11,3,"ZDFE_101",2
11,3,"ZDFE_102",3
11,3,"ZDFE_103",4
11,3,"ZDFE_105",1
11,3,"ZZRM_089",4
11,3,"ZZRM_096",1
11,3,"ZZRM_097",1
11,3,"JXSY_023",5
11,3,"JXSY_027",5
11,3,"JXSY_031",5
11,3,"PHYY_016",4
11,3,"PHYY_019",5
11,3,"PHYY_022",2
11,3,"TZEZ_002",5
11,3,"TZEZ_018",1
11,3,"LSRM_011",4
11,3,"SLTD_009",2
11,3,"SLTD_010",3
11,3,"HZSY_003",2
11,3,"HZSY_004",5
11,3,"HZSY_005",5
11,3,"HZSY_008",5
11,3,"HZSY_009",2
11,3,"HZSY_012",3
11,3,"HZSY_015",3
11,3,"HZSY_017",4
11,3,"LXZY_013",4
11,3,"JXSY_033",2
11,3,"JXSY_038",4
11,3,"JXSY_039",5
11,3,"JXSY_041",3
11,3,"JXSY_042",5
11,3,"ZYCZ_030",4
11,3,"ZYCZ_034",3
11,3,"ZYCZ_035",2
11,3,"ZYCZ_036",5
11,3,"ZYYH_055",4
11,3,"ZYYH_056",3
11,3,"ZYYH_058",4
11,3,"ZYYH_060",5
11,3,"ZYYH_062",1
11,3,"ZYYH_063",3
11,3,"ZYYH_066",4
11,3,"ZYYH_067",2
11,3,"ZYYH_070",4
11,3,"ZYYH_072",2
11,3,"ZYQC_065",2
11,3,"ZYQC_067",4
11,3,"ZYQC_068",3
11,3,"ZYQC_071",1
11,3,"ZYQC_073",4
11,3,"ZYQC_075",2
11,3,"ZYQC_076",1
11,3,"ZYQC_081",5
11,3,"ZYQC_083",1
11,3,"ZYQC_085",4
11,3,"ZYQC_089",1
11,3,"ZYQC_090",2
11,3,"ZYQC_093",2
11,3,"ZYQC_094",1
11,3,"ZYQC_095",3
11,3,"ZYQC_096",1
11,3,"ZYQC_097",3
11,3,"ZYQC_098",3
11,3,"ZYQC_100",2
11,3,"ZYQC_103",2
11,3,"ZYQC_104",2
11,3,"ZYQC_106",5
11,3,"ZYQC_108",3
11,3,"ZYQC_109",1
11,3,"ZYQC_110",5
11,3,"ZYQC_111",1
11,3,"ZYQC_112",3
11,3,"ZYQC_114",4
11,3,"ZYQC_115",1
11,3,"ZZRM_101",4
11,3,"ZZRM_102",2
11,3,"ZZRM_103",1
11,3,"ZZRM_104",1
11,3,"ZZRM_105",2
11,3,"PHYY_023",3
11,3,"PHYY_028",5
11,3,"XARM_036",4
11,3,"XARM_037",5
11,3,"HNSR_044",3
11,3,"ZDFE_109",2
11,3,"ZDFE_113",5
11,3,"ZDFE_114",5
11,3,"ZDFE_115",4
11,3,"TZEZ_022",5
11,3,"TZEZ_024",2
11,3,"TZEZ_029",2
11,3,"TZEZ_030",4
11,3,"TZEZ_031",4
11,3,"TZEZ_032",4
11,3,"ZYQC_116",1
11,3,"ZYQC_118",1
11,3,"ZYQC_119",1
11,3,"ZYQC_121",4
11,3,"ZYQC_123",3
11,3,"ZYQC_125",4
11,3,"ZYQC_126",1
11,3,"ZYQC_127",3
11,3,"ZYQC_128",1
11,3,"ZYQC_132",5
11,3,"ZYQC_133",4
11,3,"ZYQC_134",4
11,3,"ZYQC_143",5
11,3,"ZYCZ_038",5
11,3,"ZYCZ_039",4
11,3,"ZYYH_074",2
11,3,"ZYYH_077",3
11,3,"HNSR_058",3
11,3,"ZDFE_119",2
11,3,"ZDFE_125",2
11,3,"ZDFE_127",1
11,3,"ZDFE_129",3
11,3,"ZDFE_130",4
11,3,"ZDFE_131",1
11,3,"ZDFE_133",2
11,3,"ZDFE_134",4
11,3,"ZDFE_135",1
11,3,"ZDFE_136",4
11,3,"ZDFE_137",1
11,3,"ZDFE_138",1
11,3,"ZZRM_108",2
11,3,"ZZRM_109",1
11,3,"ZZRM_111",1
11,3,"JXSY_050",3
11,3,"JXSY_051",3
11,3,"JXSY_052",4
11,3,"PHYY_029",4
11,3,"PHYY_031",4
11,3,"TZEZ_033",1
11,3,"TZEZ_036",5
11,3,"TZEZ_040",3
11,3,"TZEZ_041",4
11,3,"TZEZ_044",3
11,3,"TZEZ_045",3
11,3,"TZEZ_048",2
11,3,"TZEZ_050",2
11,3,"TZEZ_051",5
11,3,"TZEZ_053",1
11,3,"TZEZ_055",3
11,3,"TZEZ_056",4
11,3,"TZEZ_057",1
11,3,"TZEZ_060",5
11,3,"TZEZ_061",2
11,3,"WZZX_020",5
11,3,"WZZX_021",4
11,3,"LSRM_014",3
11,3,"LSRM_015",1
11,3,"LSRM_016",3
11,3,"SLTD_019",1
11,3,"SLTD_020",1
11,3,"SLTD_021",2
11,3,"LXZY_014",2
11,3,"HZSY_019",5
11,3,"HZSY_022",5
11,3,"HZSY_023",5
11,4,"ZYQC_040",2
11,4,"ZYQC_042",2
11,4,"ZYQC_045",3
11,4,"ZYQC_048",3
11,4,"ZYQC_049",1
11,4,"ZYQC_050",4
11,4,"ZYQC_051",2
11,4,"ZYQC_053",1
11,4,"ZYQC_055",4
11,4,"ZYQC_058",3
11,4,"ZYQC_060",3
11,4,"ZYCZ_019",3
11,4,"ZYCZ_020",5
11,4,"ZYCZ_023",2
11,4,"ZYCZ_025",1
11,4,"ZYCZ_026",2
11,4,"ZYCZ_027",5
11,4,"ZYCZ_028",3
11,4,"ZYCZ_029",5
11,4,"ZYYH_047",2
11,4,"ZYYH_048",4
11,4,"ZYYH_049",2
11,4,"ZYYH_053",5
11,4,"HNSR_032",3
11,4,"ZDFE_031",3
11,4,"ZDFE_101",5
11,4,"ZDFE_103",2
11,4,"ZDFE_104",3
11,4,"ZDFE_105",1
11,4,"ZDFE_106",4
11,4,"ZZRM_093",1
11,4,"JXSY_023",5
11,4,"JXSY_027",2
11,4,"JXSY_031",5
11,4,"PHYY_014",3
11,4,"PHYY_016",1
11,4,"PHYY_019",2
11,4,"PHYY_021",4
11,4,"PHYY_022",4
11,4,"TZEZ_002",1
11,4,"TZEZ_018",1
11,4,"LSRM_011",5
11,4,"SLTD_009",3
11,4,"SLTD_012",1
11,4,"HZSY_003",2
11,4,"HZSY_004",5
11,4,"HZSY_005",5
11,4,"HZSY_008",5
11,4,"HZSY_009",2
11,4,"HZSY_012",2
11,4,"HZSY_015",2
11,4,"HZSY_017",1
11,4,"LXZY_011",5
11,4,"LXZY_013",2
11,4,"JXSY_033",5
11,4,"JXSY_036",3
11,4,"JXSY_038",4
11,4,"JXSY_039",1
11,4,"ZYCZ_030",1
11,4,"ZYCZ_032",1
11,4,"ZYCZ_033",2
11,4,"ZYCZ_034",5
11,4,"ZYCZ_035",2
11,4,"ZYCZ_036",3
11,4,"ZYYH_057",4
11,4,"ZYYH_058",2
11,4,"ZYYH_060",5
11,4,"ZYYH_061",3
11,4,"ZYYH_062",3
11,4,"ZYYH_063",5
11,4,"ZYYH_066",3
11,4,"ZYYH_069",2
11,4,"ZYYH_070",1
11,4,"ZYYH_071",2
11,4,"ZYQC_065",4
11,4,"ZYQC_068",2
11,4,"ZYQC_071",4
11,4,"ZYQC_072",2
11,4,"ZYQC_073",3
11,4,"ZYQC_074",1
11,4,"ZYQC_075",2
11,4,"ZYQC_080",1
11,4,"ZYQC_081",4
11,4,"ZYQC_084",5
11,4,"ZYQC_085",5
11,4,"ZYQC_089",5
11,4,"ZYQC_093",5
11,4,"ZYQC_095",4
11,4,"ZYQC_097",1
11,4,"ZYQC_100",1
11,4,"ZYQC_101",3
11,4,"ZYQC_102",1
11,4,"ZYQC_105",4
11,4,"ZYQC_106",4
11,4,"ZYQC_108",4
11,4,"ZYQC_109",2
11,4,"ZYQC_113",3
11,4,"ZYQC_114",1
11,4,"ZYQC_115",3
11,4,"ZZRM_101",1
11,4,"ZZRM_102",4
11,4,"ZZRM_103",1
11,4,"ZZRM_104",1
11,4,"ZZRM_105",4
11,4,"PHYY_026",2
11,4,"PHYY_028",5
11,4,"XARM_036",4
11,4,"XARM_037",2
11,4,"HNSR_044",2
11,4,"SLTD_015",1
11,4,"SLTD_017",5
11,4,"ZDFE_109",4
11,4,"ZDFE_113",3
11,4,"ZDFE_114",2
11,4,"ZDFE_115",2
11,4,"ZDFE_117",4
11,4,"TZEZ_022",2
11,4,"TZEZ_024",5
11,4,"TZEZ_029",3
11,4,"TZEZ_031",3
11,4,"TZEZ_032",4
11,4,"ZYQC_118",3
11,4,"ZYQC_119",4
11,4,"ZYQC_120",4
11,4,"ZYQC_121",5
11,4,"ZYQC_122",1
11,4,"ZYQC_123",3
11,4,"ZYQC_124",5
11,4,"ZYQC_125",3
11,4,"ZYQC_126",4
11,4,"ZYQC_127",4
11,4,"ZYQC_128",3
11,4,"ZYQC_132",1
11,4,"ZYQC_133",1
11,4,"ZYQC_135",3
11,4,"ZYQC_143",2
11,4,"ZYCZ_038",1
11,4,"ZYCZ_039",2
11,4,"ZYYH_074",3
11,4,"ZYYH_077",1
11,4,"HNSR_058",3
11,4,"ZDFE_118",1
11,4,"ZDFE_119",5
11,4,"ZDFE_124",4
11,4,"ZDFE_125",1
11,4,"ZDFE_127",4
11,4,"ZDFE_128",2
11,4,"ZDFE_129",1
11,4,"ZDFE_130",3
11,4,"ZDFE_133",2
11,4,"ZDFE_134",3
11,4,"ZDFE_135",3
11,4,"ZDFE_136",2
11,4,"ZDFE_137",1
11,4,"ZDFE_138",4
11,4,"ZZRM_108",5
11,4,"ZZRM_109",1
11,4,"ZZRM_111",4
11,4,"ZZRM_115",4
11,4,"JXSY_050",5
11,4,"JXSY_051",3
11,4,"JXSY_052",5
11,4,"JXSY_056",5
11,4,"PHYY_029",1
11,4,"PHYY_031",2
11,4,"TZEZ_033",4
11,4,"TZEZ_036",4
11,4,"TZEZ_038",1
11,4,"TZEZ_040",5
11,4,"TZEZ_041",5
11,4,"TZEZ_043",5
11,4,"TZEZ_044",3
11,4,"TZEZ_045",3
11,4,"TZEZ_048",1
11,4,"TZEZ_051",4
11,4,"TZEZ_055",4
11,4,"TZEZ_056",5
11,4,"TZEZ_059",4
11,4,"TZEZ_061",4
11,4,"LSRM_014",1
11,4,"LSRM_015",5
11,4,"LSRM_016",5
11,4,"SLTD_021",2
11,4,"SLTD_022",3
11,4,"SLTD_024",4
11,4,"LXZY_015",4
11,4,"HZSY_019",2
11,4,"HZSY_022",5
11,4,"HZSY_023",3
11,5,"ZYQC_039",5
11,5,"ZYQC_040",5
11,5,"ZYQC_042",4
11,5,"ZYQC_045",4
11,5,"ZYQC_047",5
11,5,"ZYQC_048",4
11,5,"ZYQC_049",3
11,5,"ZYQC_050",2
11,5,"ZYQC_051",4
11,5,"ZYQC_052",3
11,5,"ZYQC_053",1
11,5,"ZYQC_055",1
11,5,"ZYQC_056",5
11,5,"ZYQC_057",4
11,5,"ZYQC_058",1
11,5,"ZYQC_059",3
11,5,"ZYQC_060",4
11,5,"ZYCZ_018",2
11,5,"ZYCZ_019",1
11,5,"ZYCZ_020",4
11,5,"ZYCZ_025",3
11,5,"ZYCZ_027",5
11,5,"ZYYH_041",3
11,5,"ZYYH_047",1
11,5,"ZYYH_048",1
11,5,"ZYYH_049",3
11,5,"ZYYH_050",5
11,5,"ZYYH_051",2
11,5,"ZYYH_053",3
11,5,"HNSR_032",4
11,5,"ZDFE_031",2
11,5,"ZDFE_102",4
11,5,"ZDFE_103",5
11,5,"ZDFE_104",2
11,5,"ZDFE_106",2
11,5,"ZZRM_089",3
11,5,"ZZRM_093",3
11,5,"ZZRM_096",1
11,5,"ZZRM_097",5
11,5,"JXSY_023",5
11,5,"PHYY_014",2
11,5,"PHYY_016",3
11,5,"PHYY_019",4
11,5,"PHYY_021",5
11,5,"PHYY_022",4
11,5,"TZEZ_002",1
11,5,"TZEZ_018",2
11,5,"SLTD_009",4
11,5,"SLTD_010",3
11,5,"SLTD_012",5
11,5,"HZSY_003",4
11,5,"HZSY_005",3
11,5,"HZSY_008",4
11,5,"HZSY_015",2
11,5,"HZSY_017",5
11,5,"LXZY_011",5
11,5,"LXZY_013",3
11,5,"JXSY_033",2
11,5,"JXSY_036",1
11,5,"JXSY_038",1
11,5,"JXSY_039",5
11,5,"JXSY_041",5
11,5,"JXSY_042",1
11,5,"ZYCZ_030",5
11,5,"ZYCZ_032",1
11,5,"ZYCZ_033",5
11,5,"ZYCZ_034",5
11,5,"ZYCZ_035",1
11,5,"ZYYH_055",4
11,5,"ZYYH_056",5
11,5,"ZYYH_057",3
11,5,"ZYYH_061",3
11,5,"ZYYH_062",4
11,5,"ZYYH_063",5
11,5,"ZYYH_066",2
11,5,"ZYYH_067",1
11,5,"ZYYH_069",3
11,5,"ZYYH_070",1
11,5,"ZYYH_071",1
11,5,"ZYYH_072",1
11,5,"ZYQC_065",1
11,5,"ZYQC_067",5
11,5,"ZYQC_072",1
11,5,"ZYQC_073",5
11,5,"ZYQC_074",4
11,5,"ZYQC_075",4
11,5,"ZYQC_076",2
11,5,"ZYQC_080",5
11,5,"ZYQC_081",3
11,5,"ZYQC_083",3
11,5,"ZYQC_084",4
11,5,"ZYQC_089",3
11,5,"ZYQC_090",1
11,5,"ZYQC_093",2
11,5,"ZYQC_094",4
11,5,"ZYQC_096",4
11,5,"ZYQC_097",2
11,5,"ZYQC_098",3
11,5,"ZYQC_100",3
11,5,"ZYQC_101",3
11,5,"ZYQC_102",4
11,5,"ZYQC_103",3
11,5,"ZYQC_104",2
11,5,"ZYQC_105",2
11,5,"ZYQC_110",5
11,5,"ZYQC_111",4
11,5,"ZYQC_112",2
11,5,"ZYQC_113",5
11,5,"ZYQC_114",1
11,5,"ZZRM_101",2
11,5,"ZZRM_102",5
11,5,"ZZRM_103",4
11,5,"ZZRM_104",2
11,5,"ZZRM_105",2
11,5,"PHYY_023",5
11,5,"PHYY_026",4
11,5,"XARM_036",1
11,5,"XARM_037",2
11,5,"HNSR_044",3
11,5,"SLTD_015",1
11,5,"SLTD_017",5
11,5,"ZDFE_109",1
11,5,"ZDFE_113",2
11,5,"ZDFE_114",3
11,5,"ZDFE_115",1
11,5,"ZDFE_117",4
11,5,"TZEZ_022",3
11,5,"TZEZ_024",4
11,5,"TZEZ_029",5
11,5,"TZEZ_030",4
11,5,"TZEZ_031",5
11,5,"ZYQC_116",4
11,5,"ZYQC_118",2
11,5,"ZYQC_119",2
11,5,"ZYQC_120",1
11,5,"ZYQC_122",5
11,5,"ZYQC_124",1
11,5,"ZYQC_125",3
11,5,"ZYQC_126",2
11,5,"ZYQC_127",1
11,5,"ZYQC_132",3
11,5,"ZYQC_133",4
11,5,"ZYQC_134",4
11,5,"ZYQC_135",3
11,5,"ZYCZ_038",1
11,5,"ZYCZ_039",4
11,5,"ZYYH_077",2
11,5,"ZDFE_118",2
11,5,"ZDFE_124",5
11,5,"ZDFE_125",4
11,5,"ZDFE_127",2
11,5,"ZDFE_128",3
11,5,"ZDFE_129",1
11,5,"ZDFE_130",2
11,5,"ZDFE_131",4
11,5,"ZDFE_133",3
11,5,"ZDFE_134",4
11,5,"ZDFE_135",2
11,5,"ZDFE_136",1
11,5,"ZDFE_137",5
11,5,"ZZRM_111",4
11,5,"ZZRM_115",4
11,5,"JXSY_052",2
11,5,"JXSY_056",2
11,5,"PHYY_029",3
11,5,"PHYY_031",2
11,5,"TZEZ_038",1
11,5,"TZEZ_040",3
11,5,"TZEZ_041",1
11,5,"TZEZ_043",1
11,5,"TZEZ_044",2
11,5,"TZEZ_050",1
11,5,"TZEZ_051",4
11,5,"TZEZ_053",3
11,5,"TZEZ_055",5
11,5,"TZEZ_057",5
11,5,"TZEZ_059",2
11,5,"TZEZ_060",3
11,5,"TZEZ_061",2
11,5,"WZZX_020",1
11,5,"WZZX_021",1
11,5,"LSRM_015",3
11,5,"SLTD_019",1
11,5,"SLTD_020",3
11,5,"SLTD_021",5
11,5,"SLTD_022",2
11,5,"SLTD_024",3
11,5,"LXZY_014",5
11,5,"LXZY_015",2
12,1,"ZYQC_039",4
12,1,"ZYQC_040",2
12,1,"ZYQC_042",2
12,1,"ZYQC_045",3
12,1,"ZYQC_047",3
12,1,"ZYQC_049",3
12,1,"ZYQC_050",2
12,1,"ZYQC_052",5
12,1,"ZYQC_053",3
12,1,"ZYQC_056",1
12,1,"ZYQC_057",5
12,1,"ZYQC_060",4
12,1,"ZYCZ_018",4
12,1,"ZYCZ_019",5
12,1,"ZYCZ_020",1
12,1,"ZYCZ_023",4
12,1,"ZYCZ_025",4
12,1,"ZYCZ_027",3
12,1,"ZYCZ_028",2
12,1,"ZYYH_041",3
12,1,"ZYYH_048",3
12,1,"ZYYH_049",5
12,1,"ZYYH_050",4
12,1,"ZYYH_051",1
12,1,"HNSR_032",5
12,1,"ZDFE_031",4
12,1,"ZDFE_101",1
12,1,"ZDFE_102",3
12,1,"ZDFE_103",3
12,1,"ZDFE_105",5
12,1,"ZDFE_106",1
12,1,"ZZRM_093",1
12,1,"JXSY_023",3
12,1,"JXSY_027",5
12,1,"JXSY_031",4
12,1,"PHYY_014",4
12,1,"PHYY_016",1
12,1,"PHYY_019",2
12,1,"PHYY_021",4
12,1,"PHYY_022",3
12,1,"TZEZ_002",5
12,1,"TZEZ_018",4
12,1,"SLTD_009",1
12,1,"SLTD_010",2
12,1,"HZSY_004",2
12,1,"HZSY_005",5
12,1,"HZSY_008",5
12,1,"HZSY_009",3
12,1,"HZSY_012",4
12,1,"HZSY_015",4
12,1,"HZSY_017",5
12,1,"LXZY_011",4
12,1,"LXZY_013",1
12,1,"JXSY_033",2
12,1,"JXSY_038",5
12,1,"JXSY_039",4
12,1,"JXSY_041",5
12,1,"ZYCZ_030",5
12,1,"ZYCZ_032",2
12,1,"ZYCZ_034",2
12,1,"ZYCZ_035",2
12,1,"ZYCZ_036",4
12,1,"ZYYH_055",3
12,1,"ZYYH_056",1
12,1,"ZYYH_057",1
12,1,"ZYYH_058",4
12,1,"ZYYH_060",1
12,1,"ZYYH_061",4
12,1,"ZYYH_062",1
12,1,"ZYYH_066",3
12,1,"ZYYH_067",3
12,1,"ZYYH_071",5
12,1,"ZYYH_072",5
12,1,"ZYQC_065",1
12,1,"ZYQC_067",2
12,1,"ZYQC_071",4
12,1,"ZYQC_072",4
12,1,"ZYQC_073",2
12,1,"ZYQC_075",2
12,1,"ZYQC_076",5
12,1,"ZYQC_081",1
12,1,"ZYQC_083",3
12,1,"ZYQC_084",5
12,1,"ZYQC_085",3
12,1,"ZYQC_089",2
12,1,"ZYQC_090",5
12,1,"ZYQC_093",4
12,1,"ZYQC_094",1
12,1,"ZYQC_096",4
12,1,"ZYQC_098",5
12,1,"ZYQC_100",3
12,1,"ZYQC_101",5
12,1,"ZYQC_102",5
12,1,"ZYQC_103",3
12,1,"ZYQC_104",5
12,1,"ZYQC_105",3
12,1,"ZYQC_106",1
12,1,"ZYQC_108",2
12,1,"ZYQC_109",4
12,1,"ZYQC_111",1
12,1,"ZYQC_113",2
12,1,"ZYQC_114",3
12,1,"ZYQC_115",1
12,1,"ZZRM_101",2
12,1,"ZZRM_102",3
12,1,"ZZRM_103",2
12,1,"ZZRM_104",1
12,1,"ZZRM_105",5
12,1,"PHYY_023",1
12,1,"PHYY_026",4
12,1,"PHYY_028",5
12,1,"XARM_036",4
12,1,"XARM_037",2
12,1,"HNSR_044",3
12,1,"SLTD_015",1
12,1,"SLTD_017",4
12,1,"ZDFE_109",4
12,1,"ZDFE_113",5
12,1,"ZDFE_114",2
12,1,"ZDFE_115",2
12,1,"ZDFE_117",1
12,1,"TZEZ_024",4
12,1,"TZEZ_032",4
12,1,"ZYQC_116",4
12,1,"ZYQC_119",1
12,1,"ZYQC_120",1
12,1,"ZYQC_122",3
12,1,"ZYQC_123",2
12,1,"ZYQC_124",3
12,1,"ZYQC_125",2
12,1,"ZYQC_127",1
12,1,"ZYQC_128",5
12,1,"ZYQC_132",1
12,1,"ZYQC_133",2
12,1,"ZYQC_134",3
12,1,"ZYQC_135",2
12,1,"ZYQC_143",4
12,1,"ZYCZ_038",2
12,1,"ZYCZ_039",4
12,1,"ZYYH_074",2
12,1,"ZYYH_077",5
12,1,"HNSR_058",3
12,1,"ZDFE_118",1
12,1,"ZDFE_119",1
12,1,"ZDFE_124",2
12,1,"ZDFE_125",2
12,1,"ZDFE_128",2
12,1,"ZDFE_129",2
12,1,"ZDFE_131",5
12,1,"ZDFE_133",1
12,1,"ZDFE_134",5
12,1,"ZDFE_135",1
12,1,"ZDFE_137",1
12,1,"ZDFE_138",5
12,1,"ZZRM_108",3
12,1,"ZZRM_109",5
12,1,"ZZRM_111",3
12,1,"ZZRM_115",3
12,1,"JXSY_050",2
12,1,"JXSY_051",3
12,1,"JXSY_056",3
12,1,"PHYY_029",1
12,1,"PHYY_031",4
12,1,"TZEZ_033",5
12,1,"TZEZ_038",3
12,1,"TZEZ_041",3
12,1,"TZEZ_043",2
12,1,"TZEZ_044",3
12,1,"TZEZ_045",2
12,1,"TZEZ_048",2
12,1,"TZEZ_050",1
12,1,"TZEZ_053",1
12,1,"TZEZ_055",4
12,1,"TZEZ_056",1
12,1,"TZEZ_059",2
12,1,"TZEZ_061",5
12,1,"WZZX_021",3
12,1,"LSRM_015",2
12,1,"LSRM_016",5
12,1,"SLTD_019",3
12,1,"SLTD_020",5
12,1,"SLTD_021",4
12,1,"SLTD_022",5
12,1,"SLTD_024",1
12,1,"LXZY_014",1
12,1,"LXZY_015",4
12,1,"HZSY_019",4
12,1,"HZSY_022",3
12,2,"ZYQC_040",3
12,2,"ZYQC_042",1
12,2,"ZYQC_047",1
12,2,"ZYQC_048",3
12,2,"ZYQC_049",1
12,2,"ZYQC_050",5
12,2,"ZYQC_051",1
12,2,"ZYQC_052",3
12,2,"ZYQC_053",2
12,2,"ZYQC_055",2
12,2,"ZYQC_056",5
12,2,"ZYQC_057",1
12,2,"ZYQC_058",4
12,2,"ZYQC_059",5
12,2,"ZYQC_060",4
12,2,"ZYCZ_018",1
12,2,"ZYCZ_019",5
12,2,"ZYCZ_020",3
12,2,"ZYCZ_023",1
12,2,"ZYCZ_025",2
12,2,"ZYCZ_026",4
12,2,"ZYCZ_027",4
12,2,"ZYCZ_028",2
12,2,"ZYCZ_029",5
12,2,"ZYYH_041",4
12,2,"ZYYH_047",4
12,2,"ZYYH_048",1
12,2,"ZYYH_050",2
12,2,"ZYYH_051",3
12,2,"ZYYH_053",1
12,2,"ZDFE_101",5
12,2,"ZDFE_102",2
12,2,"ZDFE_104",2
12,2,"ZZRM_089",3
12,2,"ZZRM_096",2
12,2,"ZZRM_097",4
12,2,"JXSY_023",1
12,2,"JXSY_027",1
12,2,"JXSY_031",4
12,2,"PHYY_019",2
12,2,"TZEZ_002",2
12,2,"TZEZ_018",3
12,2,"LSRM_011",5
12,2,"SLTD_009",3
12,2,"SLTD_010",4
12,2,"SLTD_012",2
12,2,"HZSY_003",4
12,2,"HZSY_005",3
12,2,"HZSY_008",3
12,2,"HZSY_009",4
12,2,"HZSY_012",1
12,2,"HZSY_015",4
12,2,"HZSY_017",4
12,2,"LXZY_011",4
12,2,"LXZY_013",1
12,2,"JXSY_036",5
12,2,"JXSY_039",2
12,2,"JXSY_042",1
12,2,"ZYCZ_030",1
12,2,"ZYCZ_033",5
12,2,"ZYCZ_034",1
12,2,"ZYCZ_035",4
12,2,"ZYCZ_036",4
12,2,"ZYYH_055",4
12,2,"ZYYH_056",3
12,2,"ZYYH_057",5
12,2,"ZYYH_058",4
12,2,"ZYYH_060",1
12,2,"ZYYH_061",5
12,2,"ZYYH_062",2
12,2,"ZYYH_063",2
12,2,"ZYYH_066",3
12,2,"ZYYH_067",1
12,2,"ZYYH_069",4
12,2,"ZYYH_070",4
12,2,"ZYYH_071",5
12,2,"ZYYH_072",2
12,2,"ZYQC_065",3
12,2,"ZYQC_067",5
12,2,"ZYQC_068",3
12,2,"ZYQC_071",5
12,2,"ZYQC_072",4
12,2,"ZYQC_073",3
12,2,"ZYQC_074",1
12,2,"ZYQC_080",5
12,2,"ZYQC_081",5
12,2,"ZYQC_083",1
12,2,"ZYQC_093",1
12,2,"ZYQC_094",4
12,2,"ZYQC_095",4
12,2,"ZYQC_096",3
12,2,"ZYQC_097",3
12,2,"ZYQC_100",2
12,2,"ZYQC_102",4
12,2,"ZYQC_103",4
12,2,"ZYQC_104",2
12,2,"ZYQC_105",2
12,2,"ZYQC_106",3
12,2,"ZYQC_108",1
12,2,"ZYQC_110",1
12,2,"ZYQC_111",1
12,2,"ZYQC_112",3
12,2,"ZYQC_113",1
12,2,"ZYQC_114",1
12,2,"ZYQC_115",3
12,2,"ZZRM_101",5
12,2,"ZZRM_102",1
12,2,"ZZRM_103",2
12,2,"ZZRM_104",5
12,2,"ZZRM_105",3
12,2,"PHYY_023",4
12,2,"PHYY_026",2
12,2,"PHYY_028",2
12,2,"XARM_037",3
12,2,"HNSR_044",2
12,2,"SLTD_015",3
12,2,"ZDFE_109",5
12,2,"ZDFE_113",1
12,2,"ZDFE_117",3
12,2,"TZEZ_022",5
12,2,"TZEZ_024",2
12,2,"TZEZ_029",1
12,2,"TZEZ_030",5
12,2,"TZEZ_031",4
12,2,"ZYQC_116",3
12,2,"ZYQC_118",4
12,2,"ZYQC_119",4
12,2,"ZYQC_120",1
12,2,"ZYQC_121",3
12,2,"ZYQC_122",5
12,2,"ZYQC_123",1
12,2,"ZYQC_124",2
12,2,"ZYQC_125",3
12,2,"ZYQC_126",2
12,2,"ZYQC_132",1
12,2,"ZYQC_133",1
12,2,"ZYQC_134",5
12,2,"ZYQC_135",2
12,2,"ZYCZ_039",5
12,2,"ZYYH_074",2
12,2,"ZYYH_077",4
12,2,"HNSR_058",5
12,2,"ZDFE_119",1
12,2,"ZDFE_124",2
12,2,"ZDFE_125",3
12,2,"ZDFE_127",3
12,2,"ZDFE_129",1
12,2,"ZDFE_130",3
12,2,"ZDFE_131",5
12,2,"ZDFE_133",3
12,2,"ZDFE_135",2
12,2,"ZDFE_136",2
12,2,"ZDFE_137",5
12,2,"ZDFE_138",5
12,2,"ZZRM_108",5
12,2,"ZZRM_109",5
12,2,"ZZRM_111",2
12,2,"ZZRM_115",4
12,2,"JXSY_050",2
12,2,"JXSY_051",4
12,2,"JXSY_052",4
12,2,"PHYY_029",2
12,2,"TZEZ_036",5
12,2,"TZEZ_038",2
12,2,"TZEZ_040",2
12,2,"TZEZ_043",3
12,2,"TZEZ_044",2
12,2,"TZEZ_045",3
12,2,"TZEZ_050",3
12,2,"TZEZ_051",1
12,2,"TZEZ_053",4
12,2,"TZEZ_055",5
12,2,"TZEZ_057",4
12,2,"TZEZ_059",5
12,2,"TZEZ_060",3
12,2,"TZEZ_061",2
12,2,"WZZX_020",4
12,2,"WZZX_021",4
12,2,"LSRM_014",5
12,2,"LSRM_015",3
12,2,"LSRM_016",2
12,2,"SLTD_019",1
12,2,"SLTD_020",3
12,2,"SLTD_021",4
12,2,"SLTD_022",3
12,2,"SLTD_024",1
12,2,"LXZY_014",5
12,2,"LXZY_015",5
12,2,"HZSY_023",5
12,3,"ZYQC_039",2
12,3,"ZYQC_040",2
12,3,"ZYQC_045",3
12,3,"ZYQC_047",3
12,3,"ZYQC_048",3
12,3,"ZYQC_050",2
12,3,"ZYQC_051",4
12,3,"ZYQC_053",4
12,3,"ZYQC_055",4
12,3,"ZYQC_056",1
12,3,"ZYQC_057",3
12,3,"ZYQC_058",1
12,3,"ZYQC_059",2
12,3,"ZYCZ_019",1
12,3,"ZYCZ_020",5
12,3,"ZYCZ_023",5
12,3,"ZYCZ_026",2
12,3,"ZYCZ_028",5
12,3,"ZYCZ_029",1
12,3,"ZYYH_041",5
12,3,"ZYYH_047",5
12,3,"ZYYH_049",2
12,3,"ZYYH_050",4
12,3,"ZYYH_051",5
12,3,"ZYYH_053",1
12,3,"HNSR_032",1
12,3,"ZDFE_031",2
12,3,"ZDFE_101",4
12,3,"ZDFE_102",5
12,3,"ZDFE_103",3
12,3,"ZDFE_104",2
12,3,"ZDFE_105",5
12,3,"ZDFE_106",4
12,3,"ZZRM_089",3
12,3,"ZZRM_093",5
12,3,"ZZRM_096",5
12,3,"ZZRM_097",4
12,3,"JXSY_023",5
12,3,"JXSY_027",1
12,3,"JXSY_031",2
12,3,"PHYY_014",4
12,3,"PHYY_016",2
12,3,"PHYY_019",1
12,3,"PHYY_021",1
12,3,"PHYY_022",4
12,3,"TZEZ_002",3
12,3,"TZEZ_018",5
12,3,"LSRM_011",2
12,3,"SLTD_009",1
12,3,"SLTD_012",5
12,3,"HZSY_003",3
12,3,"HZSY_004",3
12,3,"HZSY_009",4
12,3,"HZSY_012",1
12,3,"HZSY_015",1
12,3,"HZSY_017",1
12,3,"LXZY_011",4
12,3,"LXZY_013",4
12,3,"JXSY_033",4
12,3,"JXSY_036",4
12,3,"JXSY_038",2
12,3,"JXSY_039",4
12,3,"JXSY_041",1
12,3,"JXSY_042",3
12,3,"ZYCZ_030",4
12,3,"ZYCZ_032",1
12,3,"ZYCZ_033",4
12,3,"ZYCZ_034",2
12,3,"ZYCZ_035",5
12,3,"ZYCZ_036",3
12,3,"ZYYH_056",1
12,3,"ZYYH_057",2
12,3,"ZYYH_058",2
12,3,"ZYYH_060",1
12,3,"ZYYH_063",3
12,3,"ZYYH_066",1
12,3,"ZYYH_067",5
12,3,"ZYYH_069",5
12,3,"ZYYH_070",4
12,3,"ZYYH_071",1
12,3,"ZYQC_068",2
12,3,"ZYQC_072",4
12,3,"ZYQC_073",1
12,3,"ZYQC_074",2
12,3,"ZYQC_075",1
12,3,"ZYQC_076",3
12,3,"ZYQC_080",4
12,3,"ZYQC_084",4
12,3,"ZYQC_085",3
12,3,"ZYQC_089",5
12,3,"ZYQC_090",1
12,3,"ZYQC_094",3
12,3,"ZYQC_095",4
12,3,"ZYQC_097",2
12,3,"ZYQC_098",2
12,3,"ZYQC_100",4
12,3,"ZYQC_101",5
12,3,"ZYQC_102",2
12,3,"ZYQC_103",2
12,3,"ZYQC_104",4
12,3,"ZYQC_105",1
12,3,"ZYQC_108",1
12,3,"ZYQC_109",3
12,3,"ZYQC_110",2
12,3,"ZYQC_111",5
12,3,"ZYQC_112",3
12,3,"ZYQC_114",1
12,3,"ZYQC_115",1
12,3,"ZZRM_101",5
12,3,"ZZRM_102",2
12,3,"ZZRM_103",3
12,3,"ZZRM_104",4
12,3,"PHYY_023",5
12,3,"PHYY_028",3
12,3,"XARM_036",2
12,3,"SLTD_017",3
12,3,"ZDFE_113",1
12,3,"ZDFE_114",1
12,3,"ZDFE_115",2
12,3,"ZDFE_117",5
12,3,"TZEZ_022",3
12,3,"TZEZ_024",1
12,3,"TZEZ_029",2
12,3,"TZEZ_030",4
12,3,"TZEZ_031",1
12,3,"TZEZ_032",5
12,3,"ZYQC_116",5
12,3,"ZYQC_118",2
12,3,"ZYQC_119",5
12,3,"ZYQC_121",3
12,3,"ZYQC_122",5
12,3,"ZYQC_125",3
12,3,"ZYQC_126",3
12,3,"ZYQC_127",1
12,3,"ZYQC_128",5
12,3,"ZYQC_134",3
12,3,"ZYQC_135",4
12,3,"ZYQC_143",2
12,3,"ZYCZ_038",4
12,3,"ZYCZ_039",3
12,3,"ZYYH_074",5
12,3,"HNSR_058",1
12,3,"ZDFE_118",2
12,3,"ZDFE_119",1
12,3,"ZDFE_125",4
12,3,"ZDFE_127",1
12,3,"ZDFE_128",3
12,3,"ZDFE_129",3
12,3,"ZDFE_130",4
12,3,"ZDFE_131",4
12,3,"ZDFE_133",1
12,3,"ZDFE_134",3
12,3,"ZDFE_135",3
12,3,"ZDFE_136",2
12,3,"ZDFE_137",5
12,3,"ZZRM_109",5
12,3,"ZZRM_111",2
12,3,"ZZRM_115",1
12,3,"JXSY_051",3
12,3,"JXSY_052",5
12,3,"JXSY_056",2
12,3,"PHYY_029",3
12,3,"PHYY_031",4
12,3,"TZEZ_033",4
12,3,"TZEZ_036",2
12,3,"TZEZ_038",2
12,3,"TZEZ_040",5
12,3,"TZEZ_041",1
12,3,"TZEZ_043",3
12,3,"TZEZ_045",5
12,3,"TZEZ_048",3
12,3,"TZEZ_051",4
12,3,"TZEZ_055",3
12,3,"TZEZ_056",4
12,3,"TZEZ_057",1
12,3,"TZEZ_059",4
12,3,"TZEZ_060",3
12,3,"WZZX_020",3
12,3,"LSRM_014",5
12,3,"LSRM_015",2
12,3,"LSRM_016",3
12,3,"SLTD_020",2
12,3,"SLTD_021",2
12,3,"SLTD_022",4
12,3,"SLTD_024",4
12,3,"LXZY_015",5
12,3,"HZSY_019",5
12,3,"HZSY_022",5
12,3,"HZSY_023",2
12,4,"ZYQC_039",2
12,4,"ZYQC_040",4
12,4,"ZYQC_042",1
12,4,"ZYQC_045",3
12,4,"ZYQC_047",1
12,4,"ZYQC_048",4
12,4,"ZYQC_049",4
12,4,"ZYQC_050",3
12,4,"ZYQC_051",4
12,4,"ZYQC_052",4
12,4,"ZYQC_055",5
12,4,"ZYQC_056",1
12,4,"ZYQC_058",5
12,4,"ZYQC_059",4
12,4,"ZYQC_060",1
12,4,"ZYCZ_018",5
12,4,"ZYCZ_023",3
12,4,"ZYCZ_025",3
12,4,"ZYCZ_026",5
12,4,"ZYCZ_027",1
12,4,"ZYCZ_029",4
12,4,"ZYYH_041",3
12,4,"ZYYH_047",3
12,4,"ZYYH_048",3
12,4,"ZYYH_049",4
12,4,"ZYYH_053",5
12,4,"HNSR_032",4
12,4,"ZDFE_031",1
12,4,"ZDFE_103",2
12,4,"ZDFE_104",3
12,4,"ZDFE_105",4
12,4,"ZDFE_106",4
12,4,"ZZRM_089",4
12,4,"ZZRM_093",3
12,4,"ZZRM_096",5
12,4,"ZZRM_097",1
12,4,"JXSY_023",2
12,4,"JXSY_027",4
12,4,"PHYY_014",3
12,4,"PHYY_016",1
12,4,"PHYY_021",3
12,4,"PHYY_022",2
12,4,"TZEZ_018",4
12,4,"LSRM_011",5
12,4,"SLTD_009",5
12,4,"SLTD_010",3
12,4,"SLTD_012",1
12,4,"HZSY_003",1
12,4,"HZSY_004",4
12,4,"HZSY_005",2
12,4,"HZSY_008",1
12,4,"HZSY_015",1
12,4,"HZSY_017",3
12,4,"LXZY_013",3
12,4,"JXSY_033",4
12,4,"JXSY_036",4
12,4,"JXSY_038",3
12,4,"JXSY_039",3
12,4,"JXSY_041",1
12,4,"JXSY_042",5
12,4,"ZYCZ_032",5
12,4,"ZYCZ_033",2
12,4,"ZYCZ_035",4
12,4,"ZYCZ_036",5
12,4,"ZYYH_055",1
12,4,"ZYYH_056",5
12,4,"ZYYH_060",2
12,4,"ZYYH_061",3
12,4,"ZYYH_062",2
12,4,"ZYYH_063",5
12,4,"ZYYH_069",5
12,4,"ZYYH_070",2
12,4,"ZYYH_071",3
12,4,"ZYYH_072",4
12,4,"ZYQC_065",1
12,4,"ZYQC_067",4
12,4,"ZYQC_068",2
12,4,"ZYQC_071",2
12,4,"ZYQC_072",4
12,4,"ZYQC_073",2
12,4,"ZYQC_074",5
12,4,"ZYQC_075",1
12,4,"ZYQC_076",3
12,4,"ZYQC_080",1
12,4,"ZYQC_081",3
12,4,"ZYQC_083",3
12,4,"ZYQC_084",3
12,4,"ZYQC_085",2
12,4,"ZYQC_089",1
12,4,"ZYQC_090",4
12,4,"ZYQC_093",3
12,4,"ZYQC_094",4
12,4,"ZYQC_095",5
12,4,"ZYQC_096",5
12,4,"ZYQC_097",2
12,4,"ZYQC_098",1
12,4,"ZYQC_101",1
12,4,"ZYQC_103",1
12,4,"ZYQC_104",3
12,4,"ZYQC_106",5
12,4,"ZYQC_109",1
12,4,"ZYQC_110",3
12,4,"ZYQC_111",5
12,4,"ZYQC_112",2
12,4,"ZYQC_113",2
12,4,"ZYQC_114",3
12,4,"ZZRM_101",3
12,4,"ZZRM_103",2
12,4,"ZZRM_104",3
12,4,"ZZRM_105",2
12,4,"PHYY_023",5
12,4,"PHYY_026",1
12,4,"PHYY_028",5
12,4,"XARM_036",3
12,4,"XARM_037",2
12,4,"HNSR_044",1
12,4,"SLTD_015",2
12,4,"SLTD_017",1
12,4,"ZDFE_109",2
12,4,"ZDFE_114",2
12,4,"ZDFE_115",3
12,4,"TZEZ_022",2
12,4,"TZEZ_024",1
12,4,"TZEZ_029",4
12,4,"TZEZ_030",1
12,4,"TZEZ_031",3
12,4,"TZEZ_032",1
12,4,"ZYQC_118",3
12,4,"ZYQC_119",5
12,4,"ZYQC_120",1
12,4,"ZYQC_121",1
12,4,"ZYQC_122",1
12,4,"ZYQC_123",5
12,4,"ZYQC_124",4
12,4,"ZYQC_125",2
12,4,"ZYQC_126",5
12,4,"ZYQC_127",4
12,4,"ZYQC_128",2
12,4,"ZYQC_132",4
12,4,"ZYQC_133",2
12,4,"ZYQC_134",2
12,4,"ZYQC_143",2
12,4,"ZYCZ_038",4
12,4,"ZYCZ_039",5
12,4,"ZYYH_077",3
12,4,"ZDFE_118",1
12,4,"ZDFE_124",5
12,4,"ZDFE_125",4
12,4,"ZDFE_127",1
12,4,"ZDFE_128",2
12,4,"ZDFE_129",2
12,4,"ZDFE_130",5
12,4,"ZDFE_131",2
12,4,"ZDFE_133",5
12,4,"ZDFE_134",4
12,4,"ZDFE_135",5
12,4,"ZDFE_136",5
12,4,"ZDFE_138",4
12,4,"ZZRM_108",3
12,4,"ZZRM_109",5
12,4,"ZZRM_111",5
12,4,"JXSY_050",5
12,4,"JXSY_052",3
12,4,"JXSY_056",2
12,4,"PHYY_031",5
12,4,"TZEZ_033",4
12,4,"TZEZ_036",3
12,4,"TZEZ_040",5
12,4,"TZEZ_041",2
12,4,"TZEZ_044",2
12,4,"TZEZ_048",5
12,4,"TZEZ_050",1
12,4,"TZEZ_051",2
12,4,"TZEZ_053",4
12,4,"TZEZ_056",4
12,4,"TZEZ_057",1
12,4,"TZEZ_060",1
12,4,"TZEZ_061",2
12,4,"WZZX_020",5
12,4,"WZZX_021",2
12,4,"LSRM_014",1
12,4,"SLTD_019",3
12,4,"SLTD_020",4
12,4,"SLTD_021",4
12,4,"LXZY_014",4
12,4,"LXZY_015",2
12,4,"HZSY_019",1
12,4,"HZSY_022",4
12,4,"HZSY_023",3
12,5,"ZYQC_039",2
12,5,"ZYQC_042",1
12,5,"ZYQC_045",2
12,5,"ZYQC_048",5
12,5,"ZYQC_049",2
12,5,"ZYQC_051",4
12,5,"ZYQC_052",4
12,5,"ZYQC_053",3
12,5,"ZYQC_055",4
12,5,"ZYQC_057",4
12,5,"ZYQC_058",2
12,5,"ZYQC_059",1
12,5,"ZYQC_060",4
12,5,"ZYCZ_018",5
12,5,"ZYCZ_019",1
12,5,"ZYCZ_020",5
12,5,"ZYCZ_025",4
12,5,"ZYCZ_026",1
12,5,"ZYCZ_027",1
12,5,"ZYCZ_028",3
12,5,"ZYCZ_029",4
12,5,"ZYYH_047",2
12,5,"ZYYH_048",2
12,5,"ZYYH_049",2
12,5,"ZYYH_050",3
12,5,"ZYYH_051",5
12,5,"ZYYH_053",1
12,5,"HNSR_032",5
12,5,"ZDFE_031",4
12,5,"ZDFE_101",2
12,5,"ZDFE_102",4
12,5,"ZDFE_103",3
12,5,"ZDFE_104",4
12,5,"ZDFE_105",3
12,5,"ZDFE_106",5
12,5,"ZZRM_089",3
12,5,"ZZRM_093",4
12,5,"ZZRM_096",1
12,5,"ZZRM_097",4
12,5,"JXSY_031",1
12,5,"PHYY_014",1
12,5,"PHYY_016",4
12,5,"PHYY_019",4
12,5,"PHYY_021",2
12,5,"PHYY_022",1
12,5,"TZEZ_002",4
12,5,"LSRM_011",5
12,5,"SLTD_010",5
12,5,"SLTD_012",5
12,5,"HZSY_003",2
12,5,"HZSY_004",1
12,5,"HZSY_005",2
12,5,"HZSY_008",3
12,5,"HZSY_009",1
12,5,"HZSY_012",5
12,5,"LXZY_011",4
12,5,"JXSY_033",2
12,5,"JXSY_036",3
12,5,"JXSY_038",4
12,5,"JXSY_041",4
12,5,"JXSY_042",3
12,5,"ZYCZ_030",2
12,5,"ZYCZ_032",4
12,5,"ZYCZ_033",3
12,5,"ZYCZ_034",1
12,5,"ZYYH_055",1
12,5,"ZYYH_057",2
12,5,"ZYYH_058",5
12,5,"ZYYH_061",3
12,5,"ZYYH_062",3
12,5,"ZYYH_063",2
12,5,"ZYYH_066",5
12,5,"ZYYH_067",5
12,5,"ZYYH_069",3
12,5,"ZYYH_070",2
12,5,"ZYYH_072",4
12,5,"ZYQC_065",5
12,5,"ZYQC_067",4
12,5,"ZYQC_068",5
12,5,"ZYQC_071",3
12,5,"ZYQC_074",4
12,5,"ZYQC_075",2
12,5,"ZYQC_076",2
12,5,"ZYQC_080",5
12,5,"ZYQC_081",1
12,5,"ZYQC_083",3
12,5,"ZYQC_084",1
12,5,"ZYQC_085",4
12,5,"ZYQC_089",1
12,5,"ZYQC_090",1
12,5,"ZYQC_093",1
12,5,"ZYQC_095",1
12,5,"ZYQC_096",2
12,5,"ZYQC_097",1
12,5,"ZYQC_098",2
12,5,"ZYQC_100",5
12,5,"ZYQC_101",3
12,5,"ZYQC_102",5
12,5,"ZYQC_105",3
12,5,"ZYQC_106",5
12,5,"ZYQC_108",3
12,5,"ZYQC_109",5
12,5,"ZYQC_110",3
12,5,"ZYQC_112",3
12,5,"ZYQC_113",3
12,5,"ZYQC_115",1
12,5,"ZZRM_102",3
12,5,"ZZRM_105",2
12,5,"PHYY_026",5
12,5,"XARM_036",5
12,5,"XARM_037",1
12,5,"HNSR_044",1
12,5,"SLTD_015",5
12,5,"SLTD_017",3
12,5,"ZDFE_109",4
12,5,"ZDFE_113",4
12,5,"ZDFE_114",2
12,5,"ZDFE_115",4
12,5,"ZDFE_117",3
12,5,"TZEZ_022",2
12,5,"TZEZ_029",2
12,5,"TZEZ_030",3
12,5,"TZEZ_031",4
12,5,"TZEZ_032",5
12,5,"ZYQC_116",1
12,5,"ZYQC_118",2
12,5,"ZYQC_120",4
12,5,"ZYQC_121",1
12,5,"ZYQC_123",5
12,5,"ZYQC_124",2
12,5,"ZYQC_126",5
12,5,"ZYQC_127",4
12,5,"ZYQC_128",4
12,5,"ZYQC_132",2
12,5,"ZYQC_133",2
12,5,"ZYQC_135",2
12,5,"ZYQC_143",1
12,5,"ZYCZ_038",5
12,5,"ZYYH_074",2
12,5,"ZYYH_077",1
12,5,"HNSR_058",1
12,5,"ZDFE_118",1
12,5,"ZDFE_119",1
12,5,"ZDFE_124",2
12,5,"ZDFE_127",5
12,5,"ZDFE_128",1
12,5,"ZDFE_130",2
12,5,"ZDFE_134",2
12,5,"ZDFE_136",3
12,5,"ZDFE_137",3
12,5,"ZDFE_138",3
12,5,"ZZRM_108",5
12,5,"ZZRM_115",1
12,5,"JXSY_050",4
12,5,"JXSY_051",1
12,5,"JXSY_052",4
12,5,"JXSY_056",5
12,5,"PHYY_029",5
12,5,"PHYY_031",2
12,5,"TZEZ_033",3
12,5,"TZEZ_036",4
12,5,"TZEZ_038",3
12,5,"TZEZ_040",2
12,5,"TZEZ_041",3
12,5,"TZEZ_043",5
12,5,"TZEZ_044",4
12,5,"TZEZ_045",4
12,5,"TZEZ_048",3
12,5,"TZEZ_050",3
12,5,"TZEZ_051",1
12,5,"TZEZ_053",1
12,5,"TZEZ_055",2
12,5,"TZEZ_056",5
12,5,"TZEZ_057",5
12,5,"TZEZ_059",2
12,5,"TZEZ_060",2
12,5,"TZEZ_061",1
12,5,"WZZX_020",5
12,5,"WZZX_021",3
12,5,"LSRM_014",3
12,5,"LSRM_015",4
12,5,"LSRM_016",4
12,5,"SLTD_019",5
12,5,"SLTD_022",1
12,5,"SLTD_024",3
12,5,"LXZY_014",4
12,5,"HZSY_019",3
12,5,"HZSY_022",3
12,5,"HZSY_023",5
13,1,"ZYQC_039",1
13,1,"ZYQC_040",4
13,1,"ZYQC_042",1
13,1,"ZYQC_045",1
13,1,"ZYQC_047",1
13,1,"ZYQC_048",2
13,1,"ZYQC_049",3
13,1,"ZYQC_050",4
13,1,"ZYQC_051",5
13,1,"ZYQC_052",1
13,1,"ZYQC_053",2
13,1,"ZYQC_056",5
13,1,"ZYQC_057",5
13,1,"ZYQC_058",5
13,1,"ZYQC_059",4
13,1,"ZYQC_060",5
13,1,"ZYCZ_018",3
13,1,"ZYCZ_019",2
13,1,"ZYCZ_020",2
13,1,"ZYCZ_023",3
13,1,"ZYCZ_025",2
13,1,"ZYCZ_026",3
13,1,"ZYCZ_027",4
13,1,"ZYYH_041",3
13,1,"ZYYH_047",2
13,1,"ZYYH_048",2
13,1,"ZYYH_049",1
13,1,"ZYYH_050",3
13,1,"ZYYH_051",4
13,1,"ZYYH_053",2
13,1,"ZDFE_101",1
13,1,"ZDFE_102",5
13,1,"ZDFE_103",2
13,1,"ZDFE_104",3
13,1,"ZDFE_105",3
13,1,"ZDFE_106",4
13,1,"ZZRM_089",5
13,1,"ZZRM_093",3
13,1,"ZZRM_096",1
13,1,"ZZRM_097",2
13,1,"JXSY_027",4
13,1,"JXSY_031",1
13,1,"PHYY_014",1
13,1,"PHYY_019",4
13,1,"PHYY_021",4
13,1,"TZEZ_002",3
13,1,"TZEZ_018",1
13,1,"LSRM_011",2
13,1,"SLTD_010",3
13,1,"SLTD_012",2
13,1,"HZSY_004",3
13,1,"HZSY_005",5
13,1,"HZSY_008",2
13,1,"HZSY_012",5
13,1,"HZSY_015",1
13,1,"HZSY_017",5
13,1,"LXZY_011",5
13,1,"JXSY_033",3
13,1,"JXSY_038",3
13,1,"JXSY_039",2
13,1,"JXSY_042",4
13,1,"ZYCZ_030",4
13,1,"ZYCZ_032",3
13,1,"ZYCZ_034",3
13,1,"ZYCZ_035",2
13,1,"ZYYH_057",3
13,1,"ZYYH_058",5
13,1,"ZYYH_060",4
13,1,"ZYYH_061",1
13,1,"ZYYH_062",2
13,1,"ZYYH_063",1
13,1,"ZYYH_066",2
13,1,"ZYYH_067",1
13,1,"ZYYH_069",4
13,1,"ZYYH_070",2
13,1,"ZYYH_071",4
13,1,"ZYQC_068",4
13,1,"ZYQC_071",5
13,1,"ZYQC_073",1
13,1,"ZYQC_074",4
13,1,"ZYQC_075",2
13,1,"ZYQC_076",3
13,1,"ZYQC_080",5
13,1,"ZYQC_081",4
13,1,"ZYQC_083",2
13,1,"ZYQC_084",3
13,1,"ZYQC_089",1
13,1,"ZYQC_093",5
13,1,"ZYQC_096",1
13,1,"ZYQC_097",1
13,1,"ZYQC_100",1
13,1,"ZYQC_101",4
13,1,"ZYQC_103",5
13,1,"ZYQC_104",5
13,1,"ZYQC_108",3
13,1,"ZYQC_109",4
13,1,"ZYQC_110",3
13,1,"ZYQC_111",5
13,1,"ZYQC_112",3
13,1,"ZYQC_114",1
13,1,"ZZRM_102",1
13,1,"ZZRM_103",4
13,1,"ZZRM_104",3
13,1,"ZZRM_105",3
13,1,"PHYY_023",4
13,1,"PHYY_026",1
13,1,"PHYY_028",4
13,1,"XARM_036",4
13,1,"XARM_037",5
13,1,"HNSR_044",5
13,1,"SLTD_015",3
13,1,"ZDFE_109",1
13,1,"ZDFE_113",4
13,1,"ZDFE_114",3
13,1,"ZDFE_115",1
13,1,"TZEZ_022",1
13,1,"TZEZ_024",3
13,1,"TZEZ_029",2
13,1,"TZEZ_030",2
13,1,"TZEZ_031",1
13,1,"TZEZ_032",5
13,1,"ZYQC_116",2
13,1,"ZYQC_118",1
13,1,"ZYQC_119",2
13,1,"ZYQC_120",3
13,1,"ZYQC_121",4
13,1,"ZYQC_123",5
13,1,"ZYQC_124",4
13,1,"ZYQC_125",2
13,1,"ZYQC_126",2
13,1,"ZYQC_127",1
13,1,"ZYQC_128",2
13,1,"ZYQC_132",4
13,1,"ZYQC_133",5
13,1,"ZYQC_134",4
13,1,"ZYQC_135",5
13,1,"ZYQC_143",5
13,1,"ZYCZ_038",3
13,1,"ZYCZ_039",5
13,1,"ZYYH_074",5
13,1,"ZYYH_077",5
13,1,"HNSR_058",5
13,1,"ZDFE_118",5
13,1,"ZDFE_119",1
13,1,"ZDFE_127",5
13,1,"ZDFE_129",5
13,1,"ZDFE_130",4
13,1,"ZDFE_133",2
13,1,"ZDFE_134",4
13,1,"ZDFE_135",1
13,1,"ZDFE_137",2
13,1,"ZDFE_138",5
13,1,"ZZRM_108",1
13,1,"ZZRM_109",4
13,1,"ZZRM_111",2
13,1,"ZZRM_115",4
13,1,"JXSY_050",3
13,1,"JXSY_051",1
13,1,"JXSY_052",3
13,1,"JXSY_056",2
13,1,"PHYY_029",5
13,1,"PHYY_031",3
13,1,"TZEZ_033",4
13,1,"TZEZ_036",4
13,1,"TZEZ_038",2
13,1,"TZEZ_041",2
13,1,"TZEZ_043",3
13,1,"TZEZ_044",2
13,1,"TZEZ_045",3
13,1,"TZEZ_051",1
13,1,"TZEZ_053",5
13,1,"TZEZ_055",2
13,1,"TZEZ_056",4
13,1,"TZEZ_057",5
13,1,"TZEZ_059",2
13,1,"TZEZ_060",1
13,1,"WZZX_021",1
13,1,"LSRM_014",3
13,1,"LSRM_015",1
13,1,"LSRM_016",3
13,1,"SLTD_019",4
13,1,"SLTD_020",4
13,1,"SLTD_021",2
13,1,"SLTD_022",2
13,1,"SLTD_024",1
13,1,"LXZY_014",5
13,1,"HZSY_022",3
13,1,"HZSY_023",3
13,2,"ZYQC_039",4
13,2,"ZYQC_040",2
13,2,"ZYQC_042",1
13,2,"ZYQC_045",4
13,2,"ZYQC_048",2
13,2,"ZYQC_049",5
13,2,"ZYQC_050",5
13,2,"ZYQC_051",2
13,2,"ZYQC_052",3
13,2,"ZYQC_053",2
13,2,"ZYQC_055",2
13,2,"ZYQC_056",5
13,2,"ZYQC_057",5
13,2,"ZYQC_058",5
13,2,"ZYQC_059",3
13,2,"ZYQC_060",3
13,2,"ZYCZ_018",1
13,2,"ZYCZ_019",2
13,2,"ZYCZ_020",1
13,2,"ZYCZ_023",3
13,2,"ZYCZ_025",1
13,2,"ZYCZ_026",4
13,2,"ZYCZ_028",4
13,2,"ZYCZ_029",2
13,2,"ZYYH_041",3
13,2,"ZYYH_050",1
13,2,"ZYYH_053",4
13,2,"HNSR_032",1
13,2,"ZDFE_031",3
13,2,"ZDFE_101",2
13,2,"ZDFE_102",2
13,2,"ZDFE_103",5
13,2,"ZDFE_104",5
13,2,"ZDFE_105",3
13,2,"ZDFE_106",3
13,2,"ZZRM_089",3
13,2,"ZZRM_093",1
13,2,"ZZRM_096",2
13,2,"ZZRM_097",2
13,2,"JXSY_023",4
13,2,"JXSY_027",4
13,2,"PHYY_014",3
13,2,"PHYY_016",2
13,2,"PHYY_019",3
13,2,"PHYY_021",4
13,2,"PHYY_022",4
13,2,"TZEZ_002",2
13,2,"TZEZ_018",1
13,2,"LSRM_011",4
13,2,"SLTD_009",4
13,2,"SLTD_010",4
13,2,"SLTD_012",3
13,2,"HZSY_003",5
13,2,"HZSY_004",4
13,2,"HZSY_005",5
13,2,"HZSY_008",4
13,2,"HZSY_009",4
13,2,"HZSY_015",3
13,2,"HZSY_017",2
13,2,"LXZY_011",3
13,2,"LXZY_013",5
13,2,"JXSY_033",1
13,2,"JXSY_036",4
13,2,"JXSY_039",1
13,2,"JXSY_041",3
13,2,"ZYCZ_033",2
13,2,"ZYCZ_034",2
13,2,"ZYCZ_036",4
13,2,"ZYYH_055",1
13,2,"ZYYH_056",3
13,2,"ZYYH_057",2
13,2,"ZYYH_058",5
13,2,"ZYYH_060",3
13,2,"ZYYH_061",2
13,2,"ZYYH_063",2
13,2,"ZYYH_066",1
13,2,"ZYYH_067",2
13,2,"ZYYH_070",1
13,2,"ZYYH_071",2
13,2,"ZYYH_072",3
13,2,"ZYQC_065",2
13,2,"ZYQC_067",3
13,2,"ZYQC_071",3
13,2,"ZYQC_072",5
13,2,"ZYQC_074",5
13,2,"ZYQC_076",4
13,2,"ZYQC_080",1
13,2,"ZYQC_081",4
13,2,"ZYQC_084",5
13,2,"ZYQC_085",1
13,2,"ZYQC_089",3
13,2,"ZYQC_090",2
13,2,"ZYQC_093",1
13,2,"ZYQC_094",3
13,2,"ZYQC_095",5
13,2,"ZYQC_096",2
13,2,"ZYQC_097",2
13,2,"ZYQC_098",3
13,2,"ZYQC_102",4
13,2,"ZYQC_103",2
13,2,"ZYQC_104",3
13,2,"ZYQC_105",2
13,2,"ZYQC_106",2
13,2,"ZYQC_108",5
13,2,"ZYQC_110",4
13,2,"ZYQC_112",1
13,2,"ZYQC_113",2
13,2,"ZYQC_114",1
13,2,"ZYQC_115",5
13,2,"ZZRM_101",4
13,2,"ZZRM_103",5
13,2,"ZZRM_104",5
13,2,"PHYY_023",4
13,2,"PHYY_026",3
13,2,"PHYY_028",1
13,2,"XARM_037",1
13,2,"SLTD_017",3
13,2,"ZDFE_109",1
13,2,"ZDFE_113",2
13,2,"ZDFE_114",1
13,2,"ZDFE_117",1
13,2,"TZEZ_024",1
13,2,"TZEZ_029",5
13,2,"ZYQC_116",1
13,2,"ZYQC_118",2
13,2,"ZYQC_119",3
13,2,"ZYQC_120",1
13,2,"ZYQC_121",5
13,2,"ZYQC_122",3
13,2,"ZYQC_123",2
13,2,"ZYQC_126",5
13,2,"ZYQC_128",3
13,2,"ZYQC_132",4
13,2,"ZYQC_133",3
13,2,"ZYQC_134",4
13,2,"ZYQC_135",5
13,2,"ZYQC_143",5
13,2,"ZYCZ_038",4
13,2,"ZYCZ_039",1
13,2,"ZYYH_074",2
13,2,"HNSR_058",1
13,2,"ZDFE_118",3
13,2,"ZDFE_119",4
13,2,"ZDFE_124",4
13,2,"ZDFE_125",1
13,2,"ZDFE_127",1
13,2,"ZDFE_128",3
13,2,"ZDFE_129",4
13,2,"ZDFE_130",5
13,2,"ZDFE_131",5
13,2,"ZDFE_133",4
13,2,"ZDFE_134",4
13,2,"ZDFE_135",2
13,2,"ZDFE_136",4
13,2,"ZZRM_108",4
13,2,"ZZRM_109",2
13,2,"ZZRM_111",5
13,2,"JXSY_050",5
13,2,"JXSY_051",5
13,2,"JXSY_052",4
13,2,"JXSY_056",1
13,2,"PHYY_029",1
13,2,"PHYY_031",2
13,2,"TZEZ_036",5
13,2,"TZEZ_040",5
13,2,"TZEZ_041",3
13,2,"TZEZ_043",3
13,2,"TZEZ_044",5
13,2,"TZEZ_045",4
13,2,"TZEZ_048",1
13,2,"TZEZ_050",1
13,2,"TZEZ_051",3
13,2,"TZEZ_053",2
13,2,"TZEZ_055",5
13,2,"TZEZ_059",5
13,2,"TZEZ_060",4
13,2,"TZEZ_061",1
13,2,"WZZX_020",2
13,2,"LSRM_014",1
13,2,"LSRM_016",1
13,2,"SLTD_019",3
13,2,"SLTD_020",3
13,2,"SLTD_022",4
13,2,"SLTD_024",5
13,2,"LXZY_014",3
13,2,"LXZY_015",5
13,2,"HZSY_019",4
13,2,"HZSY_022",5
13,2,"HZSY_023",1
13,3,"ZYQC_039",4
13,3,"ZYQC_040",5
13,3,"ZYQC_042",2
13,3,"ZYQC_045",5
13,3,"ZYQC_047",5
13,3,"ZYQC_048",4
13,3,"ZYQC_049",2
13,3,"ZYQC_052",5
13,3,"ZYQC_053",5
13,3,"ZYQC_055",3
13,3,"ZYQC_056",4
13,3,"ZYQC_057",5
13,3,"ZYQC_058",1
13,3,"ZYQC_059",1
13,3,"ZYCZ_018",1
13,3,"ZYCZ_020",5
13,3,"ZYCZ_025",5
13,3,"ZYCZ_026",1
13,3,"ZYCZ_027",2
13,3,"ZYCZ_028",1
13,3,"ZYCZ_029",5
13,3,"ZYYH_041",4
13,3,"ZYYH_047",4
13,3,"ZYYH_048",3
13,3,"ZYYH_049",4
13,3,"ZYYH_050",3
13,3,"ZYYH_051",1
13,3,"ZYYH_053",1
13,3,"HNSR_032",3
13,3,"ZDFE_031",5
13,3,"ZDFE_101",3
13,3,"ZDFE_102",2
13,3,"ZDFE_103",2
13,3,"ZDFE_104",4
13,3,"ZDFE_105",2
13,3,"ZDFE_106",4
13,3,"ZZRM_089",3
13,3,"ZZRM_096",4
13,3,"ZZRM_097",3
13,3,"JXSY_023",5
13,3,"JXSY_031",4
13,3,"PHYY_014",4
13,3,"PHYY_016",3
13,3,"PHYY_021",5
13,3,"PHYY_022",5
13,3,"TZEZ_002",4
13,3,"LSRM_011",4
13,3,"SLTD_009",4
13,3,"SLTD_010",3
13,3,"HZSY_003",1
13,3,"HZSY_004",4
13,3,"HZSY_009",5
13,3,"HZSY_012",3
13,3,"HZSY_015",1
13,3,"HZSY_017",4
13,3,"LXZY_011",5
13,3,"LXZY_013",3
13,3,"JXSY_033",2
13,3,"JXSY_036",2
13,3,"JXSY_038",4
13,3,"JXSY_039",1
13,3,"JXSY_041",5
13,3,"JXSY_042",5
13,3,"ZYCZ_030",3
13,3,"ZYCZ_032",5
13,3,"ZYCZ_033",1
13,3,"ZYCZ_035",3
13,3,"ZYCZ_036",3
13,3,"ZYYH_055",5
13,3,"ZYYH_056",4
13,3,"ZYYH_060",3
13,3,"ZYYH_062",4
13,3,"ZYYH_067",2
13,3,"ZYYH_069",1
13,3,"ZYYH_070",2
13,3,"ZYYH_071",2
13,3,"ZYYH_072",1
13,3,"ZYQC_065",5
13,3,"ZYQC_067",1
13,3,"ZYQC_068",4
13,3,"ZYQC_071",2
13,3,"ZYQC_072",1
13,3,"ZYQC_073",2
13,3,"ZYQC_074",2
13,3,"ZYQC_075",3
13,3,"ZYQC_076",3
13,3,"ZYQC_080",1
13,3,"ZYQC_081",3
13,3,"ZYQC_083",3
13,3,"ZYQC_085",2
13,3,"ZYQC_089",3
13,3,"ZYQC_090",3
13,3,"ZYQC_093",5
13,3,"ZYQC_094",2
13,3,"ZYQC_095",2
13,3,"ZYQC_096",3
13,3,"ZYQC_097",5
13,3,"ZYQC_098",2
13,3,"ZYQC_100",3
13,3,"ZYQC_101",4
13,3,"ZYQC_102",2
13,3,"ZYQC_103",5
13,3,"ZYQC_104",3
13,3,"ZYQC_105",4
13,3,"ZYQC_106",3
13,3,"ZYQC_108",1
13,3,"ZYQC_109",2
13,3,"ZYQC_110",2
13,3,"ZYQC_111",4
13,3,"ZYQC_113",5
13,3,"ZYQC_114",1
13,3,"ZYQC_115",4
13,3,"ZZRM_101",2
13,3,"ZZRM_102",2
13,3,"ZZRM_103",4
13,3,"ZZRM_104",5
13,3,"ZZRM_105",4
13,3,"PHYY_023",1
13,3,"PHYY_026",2
13,3,"PHYY_028",1
13,3,"XARM_036",3
13,3,"HNSR_044",4
13,3,"SLTD_015",5
13,3,"SLTD_017",5
13,3,"ZDFE_114",2
13,3,"ZDFE_115",3
13,3,"ZDFE_117",1
13,3,"TZEZ_022",1
13,3,"TZEZ_024",3
13,3,"TZEZ_029",5
13,3,"TZEZ_030",2
13,3,"TZEZ_031",1
13,3,"TZEZ_032",1
13,3,"ZYQC_116",5
13,3,"ZYQC_118",3
13,3,"ZYQC_120",4
13,3,"ZYQC_122",3
13,3,"ZYQC_123",4
13,3,"ZYQC_124",5
13,3,"ZYQC_125",5
13,3,"ZYQC_126",3
13,3,"ZYQC_127",4
13,3,"ZYQC_132",5
13,3,"ZYQC_134",5
13,3,"ZYCZ_038",2
13,3,"ZYYH_074",5
13,3,"ZYYH_077",3
13,3,"HNSR_058",4
13,3,"ZDFE_118",1
13,3,"ZDFE_119",1
13,3,"ZDFE_124",1
13,3,"ZDFE_125",3
13,3,"ZDFE_128",5
13,3,"ZDFE_129",2
13,3,"ZDFE_131",1
13,3,"ZDFE_136",4
13,3,"ZDFE_137",2
13,3,"ZDFE_138",5
13,3,"ZZRM_108",1
13,3,"ZZRM_109",1
13,3,"ZZRM_111",4
13,3,"ZZRM_115",3
13,3,"JXSY_050",2
13,3,"JXSY_051",1
13,3,"PHYY_029",4
13,3,"PHYY_031",2
13,3,"TZEZ_033",3
13,3,"TZEZ_036",3
13,3,"TZEZ_038",2
13,3,"TZEZ_040",3
13,3,"TZEZ_043",4
13,3,"TZEZ_048",2
13,3,"TZEZ_050",1
13,3,"TZEZ_055",1
13,3,"TZEZ_056",2
13,3,"TZEZ_057",4
13,3,"TZEZ_059",3
13,3,"TZEZ_060",2
13,3,"TZEZ_061",1
13,3,"WZZX_020",5
13,3,"WZZX_021",1
13,3,"LSRM_015",1
13,3,"SLTD_019",2
13,3,"SLTD_021",1
13,3,"LXZY_014",4
13,3,"LXZY_015",4
13,3,"HZSY_019",1
13,3,"HZSY_022",2
13,3,"HZSY_023",2
13,4,"ZYQC_047",3
13,4,"ZYQC_048",4
13,4,"ZYQC_049",4
13,4,"ZYQC_050",2
13,4,"ZYQC_051",3
13,4,"ZYQC_053",2
13,4,"ZYQC_055",1
13,4,"ZYQC_057",4
13,4,"ZYQC_058",1
13,4,"ZYQC_060",5
13,4,"ZYCZ_018",4
13,4,"ZYCZ_019",5
13,4,"ZYCZ_020",1
13,4,"ZYCZ_023",4
13,4,"ZYCZ_025",5
13,4,"ZYCZ_027",2
13,4,"ZYCZ_028",3
13,4,"ZYCZ_029",2
13,4,"ZYYH_041",1
13,4,"ZYYH_047",5
13,4,"ZYYH_048",1
13,4,"ZYYH_049",1
13,4,"ZYYH_051",2
13,4,"ZYYH_053",2
13,4,"HNSR_032",3
13,4,"ZDFE_031",4
13,4,"ZDFE_101",1
13,4,"ZDFE_103",4
13,4,"ZZRM_093",1
13,4,"ZZRM_097",3
13,4,"JXSY_023",5
13,4,"JXSY_027",4
13,4,"JXSY_031",1
13,4,"PHYY_014",3
13,4,"PHYY_016",1
13,4,"PHYY_019",4
13,4,"PHYY_021",4
13,4,"PHYY_022",5
13,4,"TZEZ_002",4
13,4,"TZEZ_018",4
13,4,"SLTD_009",3
13,4,"SLTD_012",1
13,4,"HZSY_003",2
13,4,"HZSY_005",5
13,4,"HZSY_008",5
13,4,"HZSY_009",3
13,4,"HZSY_012",5
13,4,"HZSY_015",3
13,4,"HZSY_017",1
13,4,"LXZY_013",4
13,4,"JXSY_033",2
13,4,"JXSY_036",3
13,4,"JXSY_038",5
13,4,"JXSY_041",2
13,4,"JXSY_042",4
13,4,"ZYCZ_030",1
13,4,"ZYCZ_032",5
13,4,"ZYCZ_033",4
13,4,"ZYCZ_034",2
13,4,"ZYCZ_035",1
13,4,"ZYCZ_036",1
13,4,"ZYYH_055",3
13,4,"ZYYH_056",2
13,4,"ZYYH_057",1
13,4,"ZYYH_058",1
13,4,"ZYYH_060",2
13,4,"ZYYH_061",2
13,4,"ZYYH_062",3
13,4,"ZYYH_063",5
13,4,"ZYYH_066",1
13,4,"ZYYH_067",2
13,4,"ZYYH_069",3
13,4,"ZYYH_070",3
13,4,"ZYYH_071",4
13,4,"ZYYH_072",4
13,4,"ZYQC_065",3
13,4,"ZYQC_067",2
13,4,"ZYQC_068",3
13,4,"ZYQC_071",2
13,4,"ZYQC_072",1
13,4,"ZYQC_073",5
13,4,"ZYQC_074",3
13,4,"ZYQC_075",3
13,4,"ZYQC_081",3
13,4,"ZYQC_083",3
13,4,"ZYQC_084",3
13,4,"ZYQC_085",5
13,4,"ZYQC_089",3
13,4,"ZYQC_090",3
13,4,"ZYQC_094",3
13,4,"ZYQC_095",4
13,4,"ZYQC_096",3
13,4,"ZYQC_097",4
13,4,"ZYQC_098",4
13,4,"ZYQC_100",1
13,4,"ZYQC_101",4
13,4,"ZYQC_102",5
13,4,"ZYQC_103",1
13,4,"ZYQC_104",5
13,4,"ZYQC_105",1
13,4,"ZYQC_106",2
13,4,"ZYQC_109",5
13,4,"ZYQC_111",2
13,4,"ZYQC_112",4
13,4,"ZYQC_113",4
13,4,"ZYQC_115",4
13,4,"ZZRM_101",4
13,4,"ZZRM_102",4
13,4,"ZZRM_103",2
13,4,"ZZRM_104",5
13,4,"ZZRM_105",1
13,4,"PHYY_023",1
13,4,"PHYY_026",2
13,4,"PHYY_028",2
13,4,"XARM_036",5
13,4,"XARM_037",5
13,4,"HNSR_044",2
13,4,"SLTD_015",1
13,4,"SLTD_017",4
13,4,"ZDFE_109",5
13,4,"ZDFE_113",2
13,4,"ZDFE_115",3
13,4,"ZDFE_117",3
13,4,"TZEZ_022",2
13,4,"TZEZ_029",4
13,4,"TZEZ_030",3
13,4,"TZEZ_031",4
13,4,"TZEZ_032",1
13,4,"ZYQC_116",1
13,4,"ZYQC_119",5
13,4,"ZYQC_121",4
13,4,"ZYQC_122",3
13,4,"ZYQC_124",3
13,4,"ZYQC_125",2
13,4,"ZYQC_127",5
13,4,"ZYQC_128",4
13,4,"ZYQC_133",2
13,4,"ZYQC_135",1
13,4,"ZYQC_143",5
13,4,"ZYCZ_038",2
13,4,"ZYCZ_039",4
13,4,"ZYYH_074",5
13,4,"ZYYH_077",5
13,4,"HNSR_058",5
13,4,"ZDFE_124",4
13,4,"ZDFE_125",1
13,4,"ZDFE_127",1
13,4,"ZDFE_128",2
13,4,"ZDFE_130",1
13,4,"ZDFE_131",1
13,4,"ZDFE_133",2
13,4,"ZDFE_134",2
13,4,"ZDFE_135",2
13,4,"ZDFE_136",5
13,4,"ZDFE_137",1
13,4,"ZDFE_138",4
13,4,"ZZRM_109",3
13,4,"ZZRM_111",5
13,4,"ZZRM_115",5
13,4,"JXSY_052",3
13,4,"JXSY_056",5
13,4,"PHYY_031",5
13,4,"TZEZ_033",3
13,4,"TZEZ_036",5
13,4,"TZEZ_038",4
13,4,"TZEZ_040",5
13,4,"TZEZ_041",2
13,4,"TZEZ_043",1
13,4,"TZEZ_044",2
13,4,"TZEZ_045",2
13,4,"TZEZ_048",3
13,4,"TZEZ_050",2
13,4,"TZEZ_051",1
13,4,"TZEZ_053",4
13,4,"TZEZ_056",2
13,4,"TZEZ_057",1
13,4,"TZEZ_059",3
13,4,"TZEZ_061",5
13,4,"WZZX_020",5
13,4,"WZZX_021",2
13,4,"LSRM_014",4
13,4,"LSRM_015",3
13,4,"LSRM_016",3
13,4,"SLTD_020",2
13,4,"SLTD_021",3
13,4,"SLTD_022",4
13,4,"SLTD_024",1
13,4,"LXZY_015",1
13,4,"HZSY_019",5
13,5,"ZYQC_039",1
13,5,"ZYQC_040",5
13,5,"ZYQC_042",1
13,5,"ZYQC_045",4
13,5,"ZYQC_047",4
13,5,"ZYQC_050",4
13,5,"ZYQC_051",5
13,5,"ZYQC_052",3
13,5,"ZYQC_055",4
13,5,"ZYQC_056",3
13,5,"ZYQC_059",3
13,5,"ZYQC_060",3
13,5,"ZYCZ_019",4
13,5,"ZYCZ_023",4
13,5,"ZYCZ_026",2
13,5,"ZYCZ_027",2
13,5,"ZYCZ_028",1
13,5,"ZYCZ_029",3
13,5,"ZYYH_047",1
13,5,"ZYYH_048",4
13,5,"ZYYH_049",1
13,5,"ZYYH_050",1
13,5,"ZYYH_051",4
13,5,"HNSR_032",5
13,5,"ZDFE_031",1
13,5,"ZDFE_102",5
13,5,"ZDFE_104",1
13,5,"ZDFE_105",5
13,5,"ZDFE_106",5
13,5,"ZZRM_089",5
13,5,"ZZRM_093",2
13,5,"ZZRM_096",2
13,5,"JXSY_023",1
13,5,"JXSY_027",3
13,5,"JXSY_031",2
13,5,"PHYY_016",5
13,5,"PHYY_019",4
13,5,"PHYY_022",5
13,5,"TZEZ_018",5
13,5,"LSRM_011",5
13,5,"SLTD_009",1
13,5,"SLTD_010",4
13,5,"SLTD_012",2
13,5,"HZSY_003",3
13,5,"HZSY_004",4
13,5,"HZSY_005",4
13,5,"HZSY_008",1
13,5,"HZSY_009",1
13,5,"HZSY_012",4
13,5,"LXZY_011",5
13,5,"LXZY_013",2
13,5,"JXSY_036",4
13,5,"JXSY_038",1
13,5,"JXSY_039",3
13,5,"JXSY_041",4
13,5,"JXSY_042",2
13,5,"ZYCZ_030",3
13,5,"ZYCZ_032",2
13,5,"ZYCZ_033",1
13,5,"ZYCZ_034",1
13,5,"ZYCZ_035",2
13,5,"ZYCZ_036",3
13,5,"ZYYH_055",2
13,5,"ZYYH_056",2
13,5,"ZYYH_057",4
13,5,"ZYYH_058",2
13,5,"ZYYH_061",3
13,5,"ZYYH_062",4
13,5,"ZYYH_063",5
13,5,"ZYYH_066",5
13,5,"ZYYH_069",2
13,5,"ZYYH_072",5
13,5,"ZYQC_065",2
13,5,"ZYQC_067",2
13,5,"ZYQC_068",4
13,5,"ZYQC_072",4
13,5,"ZYQC_073",1
13,5,"ZYQC_075",4
13,5,"ZYQC_076",5
13,5,"ZYQC_080",3
13,5,"ZYQC_083",4
13,5,"ZYQC_084",5
13,5,"ZYQC_085",3
13,5,"ZYQC_090",3
13,5,"ZYQC_093",1
13,5,"ZYQC_094",5
13,5,"ZYQC_095",5
13,5,"ZYQC_098",2
13,5,"ZYQC_100",3
13,5,"ZYQC_101",2
13,5,"ZYQC_102",2
13,5,"ZYQC_105",3
13,5,"ZYQC_106",4
13,5,"ZYQC_108",2
13,5,"ZYQC_109",2
13,5,"ZYQC_110",2
13,5,"ZYQC_111",1
13,5,"ZYQC_112",2
13,5,"ZYQC_113",5
13,5,"ZYQC_114",4
13,5,"ZYQC_115",5
13,5,"ZZRM_101",2
13,5,"ZZRM_102",1
13,5,"ZZRM_105",5
13,5,"XARM_036",5
13,5,"XARM_037",3
13,5,"HNSR_044",5
13,5,"SLTD_015",4
13,5,"SLTD_017",4
13,5,"ZDFE_109",2
13,5,"ZDFE_113",3
13,5,"ZDFE_114",2
13,5,"ZDFE_115",3
13,5,"ZDFE_117",1
13,5,"TZEZ_022",5
13,5,"TZEZ_024",5
13,5,"TZEZ_030",3
13,5,"TZEZ_031",1
13,5,"TZEZ_032",5
13,5,"ZYQC_118",2
13,5,"ZYQC_119",3
13,5,"ZYQC_120",4
13,5,"ZYQC_121",3
13,5,"ZYQC_122",3
13,5,"ZYQC_123",1
13,5,"ZYQC_124",3
13,5,"ZYQC_125",5
13,5,"ZYQC_126",3
13,5,"ZYQC_127",1
13,5,"ZYQC_128",4
13,5,"ZYQC_132",3
13,5,"ZYQC_133",3
13,5,"ZYQC_134",4
13,5,"ZYQC_135",5
13,5,"ZYQC_143",1
13,5,"ZYCZ_039",1
13,5,"ZYYH_077",2
13,5,"ZDFE_118",5
13,5,"ZDFE_119",5
13,5,"ZDFE_124",1
13,5,"ZDFE_125",3
13,5,"ZDFE_127",1
13,5,"ZDFE_128",5
13,5,"ZDFE_129",4
13,5,"ZDFE_130",5
13,5,"ZDFE_131",2
13,5,"ZDFE_133",4
13,5,"ZDFE_134",3
13,5,"ZDFE_135",2
13,5,"ZDFE_136",1
13,5,"ZDFE_137",5
13,5,"ZDFE_138",2
13,5,"ZZRM_108",1
13,5,"ZZRM_115",1
13,5,"JXSY_050",1
13,5,"JXSY_051",2
13,5,"JXSY_052",3
13,5,"JXSY_056",1
13,5,"PHYY_029",2
13,5,"TZEZ_033",4
13,5,"TZEZ_038",3
13,5,"TZEZ_040",4
13,5,"TZEZ_041",1
13,5,"TZEZ_044",2
13,5,"TZEZ_045",1
13,5,"TZEZ_048",5
13,5,"TZEZ_050",3
13,5,"TZEZ_051",4
13,5,"TZEZ_053",4
13,5,"TZEZ_055",2
13,5,"TZEZ_056",3
13,5,"TZEZ_057",4
13,5,"TZEZ_060",1
13,5,"TZEZ_061",5
13,5,"WZZX_020",3
13,5,"WZZX_021",3
13,5,"LSRM_014",2
13,5,"LSRM_015",1
13,5,"LSRM_016",3
13,5,"SLTD_019",1
13,5,"SLTD_020",3
13,5,"SLTD_021",4
13,5,"SLTD_022",5
13,5,"SLTD_024",2
13,5,"LXZY_014",2
13,5,"LXZY_015",4
13,5,"HZSY_019",1
13,5,"HZSY_022",4
13,5,"HZSY_023",3
14,1,"ZYQC_039",5
14,1,"ZYQC_040",5
14,1,"ZYQC_048",3
14,1,"ZYQC_050",2
14,1,"ZYQC_051",5
14,1,"ZYQC_052",2
14,1,"ZYQC_055",1
14,1,"ZYQC_056",3
14,1,"ZYQC_057",5
14,1,"ZYQC_058",5
14,1,"ZYQC_059",1
14,1,"ZYCZ_018",2
14,1,"ZYCZ_019",1
14,1,"ZYCZ_020",4
14,1,"ZYCZ_023",3
14,1,"ZYCZ_025",4
14,1,"ZYCZ_028",5
14,1,"ZYCZ_029",5
14,1,"ZYYH_041",4
14,1,"ZYYH_047",3
14,1,"ZYYH_048",2
14,1,"ZYYH_049",1
14,1,"ZYYH_051",1
14,1,"ZYYH_053",3
14,1,"HNSR_032",3
14,1,"ZDFE_031",3
14,1,"ZDFE_102",5
14,1,"ZDFE_103",4
14,1,"ZDFE_104",2
14,1,"ZDFE_105",5
14,1,"ZDFE_106",2
14,1,"ZZRM_089",2
14,1,"ZZRM_093",4
14,1,"ZZRM_096",1
14,1,"ZZRM_097",5
14,1,"JXSY_027",5
14,1,"JXSY_031",1
14,1,"PHYY_014",1
14,1,"PHYY_016",1
14,1,"PHYY_019",2
14,1,"PHYY_021",2
14,1,"PHYY_022",2
14,1,"TZEZ_018",1
14,1,"LSRM_011",1
14,1,"SLTD_009",5
14,1,"SLTD_010",1
14,1,"SLTD_012",1
14,1,"HZSY_003",1
14,1,"HZSY_004",1
14,1,"HZSY_008",2
14,1,"HZSY_009",5
14,1,"HZSY_012",5
14,1,"HZSY_015",3
14,1,"HZSY_017",3
14,1,"LXZY_011",5
14,1,"LXZY_013",1
14,1,"JXSY_033",4
14,1,"JXSY_036",4
14,1,"JXSY_038",5
14,1,"JXSY_042",2
14,1,"ZYCZ_030",1
14,1,"ZYCZ_032",5
14,1,"ZYCZ_034",3
14,1,"ZYCZ_035",2
14,1,"ZYCZ_036",4
14,1,"ZYYH_056",2
14,1,"ZYYH_057",1
14,1,"ZYYH_058",4
14,1,"ZYYH_060",5
14,1,"ZYYH_061",3
14,1,"ZYYH_062",3
14,1,"ZYYH_066",5
14,1,"ZYYH_067",4
14,1,"ZYYH_069",1
14,1,"ZYYH_070",4
14,1,"ZYYH_072",4
14,1,"ZYQC_065",2
14,1,"ZYQC_067",5
14,1,"ZYQC_068",1
14,1,"ZYQC_071",2
14,1,"ZYQC_073",3
14,1,"ZYQC_074",5
14,1,"ZYQC_075",4
14,1,"ZYQC_076",4
14,1,"ZYQC_080",4
14,1,"ZYQC_081",3
14,1,"ZYQC_083",1
14,1,"ZYQC_085",4
14,1,"ZYQC_089",3
14,1,"ZYQC_090",2
14,1,"ZYQC_093",1
14,1,"ZYQC_094",3
14,1,"ZYQC_096",4
14,1,"ZYQC_097",3
14,1,"ZYQC_098",5
14,1,"ZYQC_101",5
14,1,"ZYQC_102",4
14,1,"ZYQC_103",1
14,1,"ZYQC_105",5
14,1,"ZYQC_106",5
14,1,"ZYQC_108",4
14,1,"ZYQC_109",2
14,1,"ZYQC_110",1
14,1,"ZYQC_111",4
14,1,"ZYQC_113",5
14,1,"ZYQC_114",1
14,1,"ZYQC_115",3
14,1,"ZZRM_102",1
14,1,"ZZRM_103",5
14,1,"ZZRM_104",2
14,1,"PHYY_026",5
14,1,"PHYY_028",3
14,1,"XARM_036",3
14,1,"XARM_037",5
14,1,"HNSR_044",4
14,1,"SLTD_015",4
14,1,"SLTD_017",3
14,1,"ZDFE_109",2
14,1,"ZDFE_113",3
14,1,"ZDFE_114",1
14,1,"ZDFE_115",1
14,1,"TZEZ_022",3
14,1,"TZEZ_024",2
14,1,"TZEZ_030",2
14,1,"TZEZ_031",1
14,1,"TZEZ_032",4
14,1,"ZYQC_116",3
14,1,"ZYQC_118",4
14,1,"ZYQC_119",5
14,1,"ZYQC_120",1
14,1,"ZYQC_121",2
14,1,"ZYQC_124",2
14,1,"ZYQC_126",4
14,1,"ZYQC_127",4
14,1,"ZYQC_134",2
14,1,"ZYQC_135",4
14,1,"ZYCZ_039",1
14,1,"ZYYH_074",3
14,1,"HNSR_058",4
14,1,"ZDFE_118",4
14,1,"ZDFE_119",4
14,1,"ZDFE_124",3
14,1,"ZDFE_125",5
14,1,"ZDFE_127",4
14,1,"ZDFE_128",1
14,1,"ZDFE_129",2
14,1,"ZDFE_131",2
14,1,"ZDFE_133",4
14,1,"ZDFE_135",3
14,1,"ZDFE_136",5
14,1,"ZDFE_137",4
14,1,"ZDFE_138",2
14,1,"ZZRM_108",3
14,1,"ZZRM_111",1
14,1,"ZZRM_115",3
14,1,"JXSY_051",1
14,1,"JXSY_056",1
14,1,"PHYY_029",2
14,1,"PHYY_031",3
14,1,"TZEZ_033",3
14,1,"TZEZ_036",2
14,1,"TZEZ_038",5
14,1,"TZEZ_040",3
14,1,"TZEZ_041",5
14,1,"TZEZ_043",4
14,1,"TZEZ_044",2
14,1,"TZEZ_048",4
14,1,"TZEZ_050",3
14,1,"TZEZ_053",4
14,1,"TZEZ_055",5
14,1,"TZEZ_057",2
14,1,"TZEZ_059",2
14,1,"TZEZ_060",2
14,1,"WZZX_020",5
14,1,"WZZX_021",2
14,1,"LSRM_014",3
14,1,"LSRM_015",3
14,1,"LSRM_016",4
14,1,"SLTD_019",1
14,1,"SLTD_020",1
14,1,"SLTD_021",1
14,1,"SLTD_022",5
14,1,"SLTD_024",3
14,1,"LXZY_014",2
14,1,"LXZY_015",2
14,1,"HZSY_019",3
14,1,"HZSY_022",3
14,1,"HZSY_023",2
14,2,"ZYQC_039",3
14,2,"ZYQC_040",1
14,2,"ZYQC_042",2
14,2,"ZYQC_045",3
14,2,"ZYQC_047",4
14,2,"ZYQC_048",1
14,2,"ZYQC_049",3
14,2,"ZYQC_050",5
14,2,"ZYQC_051",3
14,2,"ZYQC_053",2
14,2,"ZYQC_055",1
14,2,"ZYQC_056",3
14,2,"ZYQC_057",3
14,2,"ZYQC_058",2
14,2,"ZYQC_060",3
14,2,"ZYCZ_018",2
14,2,"ZYCZ_019",5
14,2,"ZYCZ_020",1
14,2,"ZYCZ_026",1
14,2,"ZYCZ_027",1
14,2,"ZYCZ_029",5
14,2,"ZYYH_041",1
14,2,"ZYYH_047",1
14,2,"ZYYH_048",1
14,2,"ZYYH_049",1
14,2,"ZYYH_050",2
14,2,"ZYYH_051",2
14,2,"ZYYH_053",1
14,2,"HNSR_032",1
14,2,"ZDFE_101",5
14,2,"ZDFE_103",3
14,2,"ZZRM_097",2
14,2,"JXSY_023",4
14,2,"JXSY_027",4
14,2,"JXSY_031",3
14,2,"PHYY_014",4
14,2,"PHYY_016",2
14,2,"PHYY_021",5
14,2,"PHYY_022",5
14,2,"TZEZ_002",5
14,2,"TZEZ_018",5
14,2,"LSRM_011",4
14,2,"SLTD_009",2
14,2,"SLTD_010",2
14,2,"SLTD_012",5
14,2,"HZSY_005",2
14,2,"HZSY_009",4
14,2,"LXZY_011",1
14,2,"JXSY_033",3
14,2,"JXSY_036",5
14,2,"JXSY_038",3
14,2,"JXSY_039",2
14,2,"JXSY_041",4
14,2,"JXSY_042",5
14,2,"ZYCZ_030",3
14,2,"ZYCZ_032",4
14,2,"ZYCZ_033",3
14,2,"ZYCZ_034",4
14,2,"ZYCZ_035",3
14,2,"ZYCZ_036",5
14,2,"ZYYH_055",2
14,2,"ZYYH_056",2
14,2,"ZYYH_057",1
14,2,"ZYYH_058",4
14,2,"ZYYH_060",3
14,2,"ZYYH_061",1
14,2,"ZYYH_062",3
14,2,"ZYYH_063",3
14,2,"ZYYH_066",5
14,2,"ZYYH_067",3
14,2,"ZYYH_069",4
14,2,"ZYYH_070",3
14,2,"ZYYH_071",5
14,2,"ZYYH_072",1
14,2,"ZYQC_065",4
14,2,"ZYQC_067",3
14,2,"ZYQC_068",2
14,2,"ZYQC_072",1
14,2,"ZYQC_074",2
14,2,"ZYQC_075",5
14,2,"ZYQC_076",5
14,2,"ZYQC_081",1
14,2,"ZYQC_084",4
14,2,"ZYQC_085",4
14,2,"ZYQC_089",4
14,2,"ZYQC_090",1
14,2,"ZYQC_093",2
14,2,"ZYQC_094",5
14,2,"ZYQC_095",3
14,2,"ZYQC_096",2
14,2,"ZYQC_097",1
14,2,"ZYQC_098",1
14,2,"ZYQC_100",2
14,2,"ZYQC_102",4
14,2,"ZYQC_103",1
14,2,"ZYQC_104",4
14,2,"ZYQC_105",5
14,2,"ZYQC_108",5
14,2,"ZYQC_109",3
14,2,"ZYQC_110",2
14,2,"ZYQC_111",3
14,2,"ZYQC_112",1
14,2,"ZYQC_113",5
14,2,"ZYQC_114",1
14,2,"ZYQC_115",3
14,2,"ZZRM_101",2
14,2,"ZZRM_102",1
14,2,"ZZRM_103",5
14,2,"ZZRM_104",2
14,2,"ZZRM_105",4
14,2,"PHYY_023",2
14,2,"PHYY_026",4
14,2,"PHYY_028",3
14,2,"XARM_036",1
14,2,"HNSR_044",4
14,2,"SLTD_015",4
14,2,"ZDFE_113",2
14,2,"ZDFE_115",2
14,2,"ZDFE_117",5
14,2,"TZEZ_022",5
14,2,"TZEZ_024",5
14,2,"TZEZ_029",3
14,2,"TZEZ_030",3
14,2,"TZEZ_031",1
14,2,"TZEZ_032",5
14,2,"ZYQC_116",4
14,2,"ZYQC_120",1
14,2,"ZYQC_121",4
14,2,"ZYQC_122",5
14,2,"ZYQC_123",3
14,2,"ZYQC_124",4
14,2,"ZYQC_125",3
14,2,"ZYQC_126",4
14,2,"ZYQC_127",5
14,2,"ZYQC_128",4
14,2,"ZYQC_132",5
14,2,"ZYQC_133",4
14,2,"ZYQC_134",4
14,2,"ZYQC_135",3
14,2,"ZYQC_143",5
14,2,"ZYCZ_038",1
14,2,"ZYYH_077",5
14,2,"HNSR_058",1
14,2,"ZDFE_118",2
14,2,"ZDFE_119",2
14,2,"ZDFE_124",4
14,2,"ZDFE_125",3
14,2,"ZDFE_128",4
14,2,"ZDFE_129",1
14,2,"ZDFE_130",3
14,2,"ZDFE_133",5
14,2,"ZDFE_134",1
14,2,"ZDFE_135",1
14,2,"ZDFE_136",4
14,2,"ZDFE_137",4
14,2,"ZDFE_138",3
14,2,"ZZRM_109",4
14,2,"ZZRM_111",2
14,2,"ZZRM_115",5
14,2,"JXSY_050",5
14,2,"JXSY_051",2
14,2,"JXSY_052",2
14,2,"JXSY_056",2
14,2,"PHYY_031",4
14,2,"TZEZ_033",2
14,2,"TZEZ_044",1
14,2,"TZEZ_045",1
14,2,"TZEZ_050",1
14,2,"TZEZ_051",4
14,2,"TZEZ_053",5
14,2,"TZEZ_055",1
14,2,"TZEZ_056",4
14,2,"TZEZ_057",5
14,2,"TZEZ_059",4
14,2,"TZEZ_060",3
14,2,"TZEZ_061",5
14,2,"WZZX_020",1
14,2,"WZZX_021",2
14,2,"LSRM_014",4
14,2,"LSRM_016",2
14,2,"SLTD_019",2
14,2,"SLTD_020",2
14,2,"SLTD_021",2
14,2,"SLTD_022",3
14,2,"SLTD_024",5
14,2,"LXZY_014",3
14,2,"LXZY_015",2
14,2,"HZSY_019",3
14,2,"HZSY_023",3
14,3,"ZYQC_039",3
14,3,"ZYQC_040",1
14,3,"ZYQC_042",2
14,3,"ZYQC_045",1
14,3,"ZYQC_047",3
14,3,"ZYQC_048",2
14,3,"ZYQC_049",5
14,3,"ZYQC_050",5
14,3,"ZYQC_051",2
14,3,"ZYQC_052",2
14,3,"ZYQC_053",5
14,3,"ZYQC_056",2
14,3,"ZYQC_057",4
14,3,"ZYQC_059",1
14,3,"ZYQC_060",4
14,3,"ZYCZ_018",2
14,3,"ZYCZ_023",1
14,3,"ZYCZ_025",5
14,3,"ZYCZ_026",2
14,3,"ZYCZ_027",1
14,3,"ZYCZ_028",1
14,3,"ZYCZ_029",4
14,3,"ZYYH_049",1
14,3,"ZYYH_050",5
14,3,"ZYYH_051",5
14,3,"ZYYH_053",4
14,3,"ZDFE_031",1
14,3,"ZDFE_101",4
14,3,"ZDFE_102",4
14,3,"ZDFE_103",3
14,3,"ZDFE_104",2
14,3,"ZDFE_105",1
14,3,"ZDFE_106",2
14,3,"ZZRM_089",1
14,3,"ZZRM_093",2
14,3,"ZZRM_096",3
14,3,"ZZRM_097",4
14,3,"JXSY_023",4
14,3,"JXSY_027",5
14,3,"JXSY_031",3
14,3,"PHYY_019",5
14,3,"PHYY_022",1
14,3,"TZEZ_002",2
14,3,"TZEZ_018",2
14,3,"LSRM_011",3
14,3,"SLTD_010",4
14,3,"HZSY_003",1
14,3,"HZSY_004",5
14,3,"HZSY_005",4
14,3,"HZSY_008",1
14,3,"HZSY_009",5
14,3,"HZSY_012",2
14,3,"HZSY_015",1
14,3,"HZSY_017",2
14,3,"LXZY_011",5
14,3,"LXZY_013",3
14,3,"JXSY_033",1
14,3,"JXSY_036",5
14,3,"JXSY_038",5
14,3,"JXSY_039",1
14,3,"JXSY_041",3
14,3,"ZYCZ_030",5
14,3,"ZYCZ_032",4
14,3,"ZYCZ_033",4
14,3,"ZYCZ_034",4
14,3,"ZYCZ_036",4
14,3,"ZYYH_055",1
14,3,"ZYYH_056",3
14,3,"ZYYH_062",3
14,3,"ZYYH_063",3
14,3,"ZYYH_067",1
14,3,"ZYYH_070",2
14,3,"ZYYH_071",1
14,3,"ZYYH_072",5
14,3,"ZYQC_065",3
14,3,"ZYQC_067",5
14,3,"ZYQC_068",4
14,3,"ZYQC_071",1
14,3,"ZYQC_072",4
14,3,"ZYQC_073",3
14,3,"ZYQC_074",1
14,3,"ZYQC_075",4
14,3,"ZYQC_076",3
14,3,"ZYQC_080",1
14,3,"ZYQC_081",1
14,3,"ZYQC_083",4
14,3,"ZYQC_084",2
14,3,"ZYQC_089",3
14,3,"ZYQC_090",2
14,3,"ZYQC_093",3
14,3,"ZYQC_094",4
14,3,"ZYQC_095",2
14,3,"ZYQC_097",1
14,3,"ZYQC_098",4
14,3,"ZYQC_100",3
14,3,"ZYQC_101",4
14,3,"ZYQC_102",2
14,3,"ZYQC_103",1
14,3,"ZYQC_104",5
14,3,"ZYQC_105",1
14,3,"ZYQC_106",4
14,3,"ZYQC_109",5
14,3,"ZYQC_110",4
14,3,"ZYQC_112",3
14,3,"ZYQC_113",3
14,3,"ZYQC_115",3
14,3,"ZZRM_101",3
14,3,"ZZRM_102",5
14,3,"ZZRM_103",4
14,3,"ZZRM_104",1
14,3,"ZZRM_105",3
14,3,"PHYY_023",2
14,3,"PHYY_026",5
14,3,"PHYY_028",5
14,3,"XARM_036",5
14,3,"XARM_037",5
14,3,"HNSR_044",2
14,3,"SLTD_015",4
14,3,"SLTD_017",2
14,3,"ZDFE_109",4
14,3,"ZDFE_113",2
14,3,"ZDFE_114",2
14,3,"ZDFE_115",3
14,3,"ZDFE_117",5
14,3,"TZEZ_022",1
14,3,"TZEZ_029",2
14,3,"TZEZ_030",3
14,3,"TZEZ_032",3
14,3,"ZYQC_118",2
14,3,"ZYQC_119",2
14,3,"ZYQC_120",2
14,3,"ZYQC_122",3
14,3,"ZYQC_123",4
14,3,"ZYQC_125",5
14,3,"ZYQC_126",3
14,3,"ZYQC_128",3
14,3,"ZYQC_132",5
14,3,"ZYQC_133",4
14,3,"ZYQC_135",5
14,3,"ZYQC_143",3
14,3,"ZYCZ_038",5
14,3,"ZYCZ_039",4
14,3,"ZYYH_074",4
14,3,"ZYYH_077",4
14,3,"HNSR_058",1
14,3,"ZDFE_119",1
14,3,"ZDFE_124",2
14,3,"ZDFE_125",3
14,3,"ZDFE_127",1
14,3,"ZDFE_130",4
14,3,"ZDFE_131",3
14,3,"ZDFE_134",3
14,3,"ZDFE_135",4
14,3,"ZDFE_136",4
14,3,"ZDFE_137",5
14,3,"ZZRM_108",1
14,3,"ZZRM_109",2
14,3,"ZZRM_111",1
14,3,"ZZRM_115",1
14,3,"JXSY_050",3
14,3,"JXSY_051",3
14,3,"JXSY_052",2
14,3,"JXSY_056",4
14,3,"PHYY_029",5
14,3,"PHYY_031",2
14,3,"TZEZ_036",1
14,3,"TZEZ_038",5
14,3,"TZEZ_040",2
14,3,"TZEZ_041",2
14,3,"TZEZ_043",1
14,3,"TZEZ_044",2
14,3,"TZEZ_045",5
14,3,"TZEZ_048",4
14,3,"TZEZ_050",4
14,3,"TZEZ_051",5
14,3,"TZEZ_053",3
14,3,"TZEZ_055",1
14,3,"TZEZ_056",2
14,3,"TZEZ_059",3
14,3,"TZEZ_060",5
14,3,"TZEZ_061",4
14,3,"WZZX_020",2
14,3,"LSRM_015",5
14,3,"SLTD_021",3
14,3,"SLTD_024",2
14,3,"LXZY_014",5
14,3,"LXZY_015",3
14,3,"HZSY_022",1
14,3,"HZSY_023",5
14,4,"ZYQC_039",1
14,4,"ZYQC_042",5
14,4,"ZYQC_045",3
14,4,"ZYQC_047",3
14,4,"ZYQC_049",1
14,4,"ZYQC_050",4
14,4,"ZYQC_052",4
14,4,"ZYQC_053",3
14,4,"ZYQC_055",4
14,4,"ZYQC_057",3
14,4,"ZYQC_058",4
14,4,"ZYQC_059",3
14,4,"ZYQC_060",2
14,4,"ZYCZ_019",2
14,4,"ZYCZ_020",1
14,4,"ZYCZ_023",2
14,4,"ZYCZ_025",1
14,4,"ZYCZ_026",1
14,4,"ZYCZ_027",1
14,4,"ZYCZ_028",2
14,4,"ZYYH_041",5
14,4,"ZYYH_047",4
14,4,"ZYYH_048",2
14,4,"ZYYH_050",2
14,4,"HNSR_032",4
14,4,"ZDFE_031",5
14,4,"ZDFE_101",2
14,4,"ZDFE_102",1
14,4,"ZDFE_104",4
14,4,"ZDFE_105",1
14,4,"ZDFE_106",3
14,4,"ZZRM_089",5
14,4,"ZZRM_093",4
14,4,"ZZRM_096",5
14,4,"ZZRM_097",2
14,4,"JXSY_023",4
14,4,"PHYY_014",5
14,4,"PHYY_016",2
14,4,"PHYY_019",1
14,4,"PHYY_021",2
14,4,"TZEZ_002",1
14,4,"TZEZ_018",1
14,4,"SLTD_009",2
14,4,"SLTD_010",5
14,4,"SLTD_012",2
14,4,"HZSY_003",4
14,4,"HZSY_004",2
14,4,"HZSY_005",4
14,4,"HZSY_008",3
14,4,"HZSY_009",1
14,4,"HZSY_012",3
14,4,"HZSY_015",3
14,4,"HZSY_017",3
14,4,"LXZY_011",2
14,4,"LXZY_013",2
14,4,"JXSY_033",4
14,4,"JXSY_036",5
14,4,"JXSY_038",4
14,4,"JXSY_039",1
14,4,"JXSY_041",1
14,4,"JXSY_042",5
14,4,"ZYCZ_033",3
14,4,"ZYCZ_034",1
14,4,"ZYCZ_035",1
14,4,"ZYYH_055",1
14,4,"ZYYH_056",1
14,4,"ZYYH_057",4
14,4,"ZYYH_058",1
14,4,"ZYYH_060",4
14,4,"ZYYH_061",4
14,4,"ZYYH_062",3
14,4,"ZYYH_063",3
14,4,"ZYYH_066",5
14,4,"ZYYH_069",3
14,4,"ZYYH_071",4
14,4,"ZYQC_067",1
14,4,"ZYQC_068",4
14,4,"ZYQC_071",2
14,4,"ZYQC_072",3
14,4,"ZYQC_073",2
14,4,"ZYQC_074",4
14,4,"ZYQC_080",3
14,4,"ZYQC_083",2
14,4,"ZYQC_084",1
14,4,"ZYQC_085",4
14,4,"ZYQC_089",2
14,4,"ZYQC_090",2
14,4,"ZYQC_093",5
14,4,"ZYQC_094",3
14,4,"ZYQC_095",5
14,4,"ZYQC_096",1
14,4,"ZYQC_097",3
14,4,"ZYQC_098",4
14,4,"ZYQC_100",2
14,4,"ZYQC_101",5
14,4,"ZYQC_103",1
14,4,"ZYQC_104",3
14,4,"ZYQC_106",3
14,4,"ZYQC_108",3
14,4,"ZYQC_111",5
14,4,"ZYQC_112",2
14,4,"ZYQC_114",3
14,4,"ZYQC_115",2
14,4,"ZZRM_101",1
14,4,"ZZRM_102",3
14,4,"ZZRM_105",5
14,4,"PHYY_023",3
14,4,"PHYY_026",3
14,4,"XARM_037",4
14,4,"SLTD_017",5
14,4,"ZDFE_109",4
14,4,"ZDFE_113",3
14,4,"ZDFE_114",1
14,4,"ZDFE_115",4
14,4,"ZDFE_117",4
14,4,"TZEZ_022",5
14,4,"TZEZ_024",2
14,4,"TZEZ_029",4
14,4,"TZEZ_031",2
14,4,"ZYQC_116",4
14,4,"ZYQC_118",2
14,4,"ZYQC_119",5
14,4,"ZYQC_120",5
14,4,"ZYQC_121",2
14,4,"ZYQC_122",5
14,4,"ZYQC_123",2
14,4,"ZYQC_124",5
14,4,"ZYQC_125",1
14,4,"ZYQC_127",4
14,4,"ZYQC_128",4
14,4,"ZYQC_132",4
14,4,"ZYQC_133",4
14,4,"ZYQC_134",3
14,4,"ZYQC_135",2
14,4,"ZYQC_143",1
14,4,"ZYCZ_038",1
14,4,"ZYCZ_039",5
14,4,"ZYYH_074",5
14,4,"ZYYH_077",2
14,4,"HNSR_058",3
14,4,"ZDFE_118",5
14,4,"ZDFE_119",5
14,4,"ZDFE_127",5
14,4,"ZDFE_128",4
14,4,"ZDFE_129",1
14,4,"ZDFE_130",3
14,4,"ZDFE_131",3
14,4,"ZDFE_133",5
14,4,"ZDFE_134",3
14,4,"ZDFE_135",3
14,4,"ZDFE_138",1
14,4,"ZZRM_108",3
14,4,"ZZRM_109",2
14,4,"ZZRM_111",5
14,4,"ZZRM_115",1
14,4,"JXSY_050",1
14,4,"JXSY_051",1
14,4,"JXSY_052",3
14,4,"PHYY_029",2
14,4,"PHYY_031",4
14,4,"TZEZ_033",5
14,4,"TZEZ_036",2
14,4,"TZEZ_038",5
14,4,"TZEZ_040",3
14,4,"TZEZ_041",3
14,4,"TZEZ_043",2
14,4,"TZEZ_045",1
14,4,"TZEZ_048",1
14,4,"TZEZ_050",3
14,4,"TZEZ_051",4
14,4,"TZEZ_053",5
14,4,"TZEZ_055",1
14,4,"TZEZ_056",5
14,4,"TZEZ_057",1
14,4,"TZEZ_060",4
14,4,"TZEZ_061",3
14,4,"WZZX_020",5
14,4,"WZZX_021",2
14,4,"LSRM_014",5
14,4,"LSRM_015",5
14,4,"LSRM_016",2
14,4,"SLTD_019",2
14,4,"SLTD_020",4
14,4,"SLTD_022",4
14,4,"LXZY_014",2
14,4,"LXZY_015",1
14,4,"HZSY_019",5
14,4,"HZSY_022",5
14,4,"HZSY_023",4
14,5,"ZYQC_040",3
14,5,"ZYQC_042",3
14,5,"ZYQC_045",3
14,5,"ZYQC_047",1
14,5,"ZYQC_048",4
14,5,"ZYQC_049",3
14,5,"ZYQC_051",2
14,5,"ZYQC_052",2
14,5,"ZYQC_053",2
14,5,"ZYQC_055",4
14,5,"ZYQC_056",2
14,5,"ZYQC_058",1
14,5,"ZYQC_059",5
14,5,"ZYQC_060",4
14,5,"ZYCZ_018",4
14,5,"ZYCZ_019",2
14,5,"ZYCZ_020",5
14,5,"ZYCZ_023",1
14,5,"ZYCZ_025",1
14,5,"ZYCZ_026",3
14,5,"ZYCZ_027",5
14,5,"ZYCZ_028",4
14,5,"ZYCZ_029",3
14,5,"ZYYH_041",1
14,5,"ZYYH_047",4
14,5,"ZYYH_048",5
14,5,"ZYYH_049",1
14,5,"ZYYH_050",1
14,5,"ZYYH_051",5
14,5,"ZYYH_053",5
14,5,"HNSR_032",5
14,5,"ZDFE_031",1
14,5,"ZDFE_101",3
14,5,"ZDFE_102",4
14,5,"ZDFE_103",4
14,5,"ZDFE_104",1
14,5,"ZDFE_105",3
14,5,"ZDFE_106",2
14,5,"ZZRM_089",3
14,5,"ZZRM_093",5
14,5,"ZZRM_096",2
14,5,"JXSY_023",2
14,5,"JXSY_027",1
14,5,"JXSY_031",1
14,5,"PHYY_014",5
14,5,"PHYY_016",4
14,5,"PHYY_019",2
14,5,"PHYY_021",4
14,5,"PHYY_022",2
14,5,"TZEZ_002",3
14,5,"LSRM_011",2
14,5,"SLTD_009",2
14,5,"SLTD_012",1
14,5,"HZSY_003",4
14,5,"HZSY_004",1
14,5,"HZSY_005",3
14,5,"HZSY_008",2
14,5,"HZSY_012",4
14,5,"HZSY_015",1
14,5,"HZSY_017",5
14,5,"LXZY_013",1
14,5,"JXSY_039",4
14,5,"JXSY_041",1
14,5,"JXSY_042",5
14,5,"ZYCZ_030",2
14,5,"ZYCZ_032",5
14,5,"ZYCZ_033",3
14,5,"ZYCZ_035",5
14,5,"ZYCZ_036",4
14,5,"ZYYH_055",3
14,5,"ZYYH_057",1
14,5,"ZYYH_058",2
14,5,"ZYYH_060",3
14,5,"ZYYH_061",1
14,5,"ZYYH_063",5
14,5,"ZYYH_066",2
14,5,"ZYYH_067",4
14,5,"ZYYH_069",2
14,5,"ZYYH_070",4
14,5,"ZYYH_071",5
14,5,"ZYYH_072",4
14,5,"ZYQC_065",3
14,5,"ZYQC_071",4
14,5,"ZYQC_072",5
14,5,"ZYQC_073",1
14,5,"ZYQC_075",2
14,5,"ZYQC_076",1
14,5,"ZYQC_080",2
14,5,"ZYQC_081",4
14,5,"ZYQC_083",4
14,5,"ZYQC_084",4
14,5,"ZYQC_085",2
14,5,"ZYQC_095",3
14,5,"ZYQC_096",3
14,5,"ZYQC_100",5
14,5,"ZYQC_101",5
14,5,"ZYQC_102",3
14,5,"ZYQC_104",2
14,5,"ZYQC_105",3
14,5,"ZYQC_106",4
14,5,"ZYQC_108",2
14,5,"ZYQC_109",3
14,5,"ZYQC_110",1
14,5,"ZYQC_111",2
14,5,"ZYQC_112",1
14,5,"ZYQC_113",2
14,5,"ZYQC_114",2
14,5,"ZZRM_101",3
14,5,"ZZRM_103",4
14,5,"ZZRM_104",5
14,5,"ZZRM_105",3
14,5,"PHYY_023",5
14,5,"PHYY_028",2
14,5,"XARM_036",5
14,5,"XARM_037",5
14,5,"HNSR_044",5
14,5,"SLTD_015",3
14,5,"SLTD_017",1
14,5,"ZDFE_109",5
14,5,"ZDFE_114",1
14,5,"ZDFE_117",2
14,5,"TZEZ_024",1
14,5,"TZEZ_029",1
14,5,"TZEZ_030",4
14,5,"TZEZ_031",3
14,5,"TZEZ_032",3
14,5,"ZYQC_116",4
14,5,"ZYQC_118",5
14,5,"ZYQC_119",1
14,5,"ZYQC_121",5
14,5,"ZYQC_122",3
14,5,"ZYQC_123",2
14,5,"ZYQC_124",3
14,5,"ZYQC_125",3
14,5,"ZYQC_126",4
14,5,"ZYQC_127",1
14,5,"ZYQC_128",1
14,5,"ZYQC_132",3
14,5,"ZYQC_133",2
14,5,"ZYQC_134",2
14,5,"ZYQC_143",3
14,5,"ZYCZ_038",3
14,5,"ZYCZ_039",5
14,5,"ZYYH_074",2
14,5,"ZYYH_077",3
14,5,"ZDFE_118",2
14,5,"ZDFE_124",5
14,5,"ZDFE_125",1
14,5,"ZDFE_127",2
14,5,"ZDFE_128",3
14,5,"ZDFE_129",5
14,5,"ZDFE_130",4
14,5,"ZDFE_131",2
14,5,"ZDFE_133",4
14,5,"ZDFE_134",5
14,5,"ZDFE_136",1
14,5,"ZDFE_137",5
14,5,"ZDFE_138",1
14,5,"ZZRM_108",5
14,5,"ZZRM_109",5
14,5,"JXSY_050",3
14,5,"JXSY_052",3
14,5,"JXSY_056",5
14,5,"PHYY_029",5
14,5,"TZEZ_033",2
14,5,"TZEZ_036",4
14,5,"TZEZ_038",5
14,5,"TZEZ_040",4
14,5,"TZEZ_041",1
14,5,"TZEZ_043",4
14,5,"TZEZ_044",3
14,5,"TZEZ_045",4
14,5,"TZEZ_048",2
14,5,"TZEZ_051",5
14,5,"TZEZ_056",3
14,5,"TZEZ_057",3
14,5,"TZEZ_059",2
14,5,"TZEZ_061",4
14,5,"WZZX_021",1
14,5,"LSRM_014",2
14,5,"LSRM_015",4
14,5,"LSRM_016",4
14,5,"SLTD_019",4
14,5,"SLTD_020",4
14,5,"SLTD_021",1
14,5,"SLTD_022",1
14,5,"SLTD_024",1
14,5,"HZSY_019",1
14,5,"HZSY_022",4
15,1,"ZYQC_039",5
15,1,"ZYQC_040",5
15,1,"ZYQC_042",2
15,1,"ZYQC_045",3
15,1,"ZYQC_047",5
15,1,"ZYQC_048",1
15,1,"ZYQC_049",2
15,1,"ZYQC_050",4
15,1,"ZYQC_055",5
15,1,"ZYQC_056",3
15,1,"ZYQC_057",2
15,1,"ZYQC_059",1
15,1,"ZYQC_060",2
15,1,"ZYCZ_019",1
15,1,"ZYCZ_020",4
15,1,"ZYCZ_023",3
15,1,"ZYCZ_025",5
15,1,"ZYCZ_026",2
15,1,"ZYCZ_028",2
15,1,"ZYCZ_029",2
15,1,"ZYYH_047",3
15,1,"ZYYH_048",1
15,1,"ZYYH_049",5
15,1,"ZYYH_051",2
15,1,"ZYYH_053",3
15,1,"HNSR_032",3
15,1,"ZDFE_031",3
15,1,"ZDFE_101",1
15,1,"ZDFE_102",4
15,1,"ZDFE_103",4
15,1,"ZDFE_104",1
15,1,"ZDFE_105",4
15,1,"ZDFE_106",1
15,1,"ZZRM_089",5
15,1,"ZZRM_093",4
15,1,"ZZRM_097",5
15,1,"JXSY_023",2
15,1,"JXSY_031",3
15,1,"PHYY_014",2
15,1,"PHYY_016",5
15,1,"PHYY_019",3
15,1,"PHYY_021",1
15,1,"PHYY_022",2
15,1,"TZEZ_002",1
15,1,"SLTD_009",5
15,1,"SLTD_010",4
15,1,"SLTD_012",1
15,1,"HZSY_003",2
15,1,"HZSY_004",4
15,1,"HZSY_005",5
15,1,"HZSY_009",2
15,1,"HZSY_012",5
15,1,"HZSY_017",5
15,1,"LXZY_011",3
15,1,"LXZY_013",4
15,1,"JXSY_033",2
15,1,"JXSY_038",1
15,1,"JXSY_039",4
15,1,"JXSY_041",5
15,1,"JXSY_042",5
15,1,"ZYCZ_030",1
15,1,"ZYCZ_032",2
15,1,"ZYCZ_033",1
15,1,"ZYCZ_034",2
15,1,"ZYCZ_035",3
15,1,"ZYCZ_036",5
15,1,"ZYYH_055",1
15,1,"ZYYH_057",3
15,1,"ZYYH_058",2
15,1,"ZYYH_060",5
15,1,"ZYYH_061",1
15,1,"ZYYH_062",4
15,1,"ZYYH_063",4
15,1,"ZYYH_067",4
15,1,"ZYYH_070",1
15,1,"ZYYH_071",1
15,1,"ZYYH_072",2
15,1,"ZYQC_065",2
15,1,"ZYQC_067",2
15,1,"ZYQC_068",3
15,1,"ZYQC_071",1
15,1,"ZYQC_072",5
15,1,"ZYQC_073",5
15,1,"ZYQC_074",3
15,1,"ZYQC_075",2
15,1,"ZYQC_080",3
15,1,"ZYQC_081",5
15,1,"ZYQC_084",4
15,1,"ZYQC_085",1
15,1,"ZYQC_089",3
15,1,"ZYQC_093",3
15,1,"ZYQC_094",3
15,1,"ZYQC_095",3
15,1,"ZYQC_096",5
15,1,"ZYQC_097",5
15,1,"ZYQC_100",4
15,1,"ZYQC_101",4
15,1,"ZYQC_102",3
15,1,"ZYQC_103",4
15,1,"ZYQC_104",4
15,1,"ZYQC_105",1
15,1,"ZYQC_106",3
15,1,"ZYQC_108",1
15,1,"ZYQC_109",2
15,1,"ZYQC_111",2
15,1,"ZYQC_114",2
15,1,"ZZRM_101",1
15,1,"ZZRM_102",1
15,1,"ZZRM_103",4
15,1,"ZZRM_104",1
15,1,"PHYY_023",5
15,1,"PHYY_026",3
15,1,"XARM_036",4
15,1,"XARM_037",4
15,1,"HNSR_044",5
15,1,"SLTD_015",1
15,1,"SLTD_017",2
15,1,"ZDFE_109",4
15,1,"ZDFE_113",1
15,1,"ZDFE_114",3
15,1,"ZDFE_115",5
15,1,"ZDFE_117",3
15,1,"TZEZ_024",4
15,1,"TZEZ_029",2
15,1,"TZEZ_030",1
15,1,"TZEZ_031",5
15,1,"TZEZ_032",4
15,1,"ZYQC_116",5
15,1,"ZYQC_119",2
15,1,"ZYQC_121",2
15,1,"ZYQC_123",1
15,1,"ZYQC_124",3
15,1,"ZYQC_125",4
15,1,"ZYQC_126",3
15,1,"ZYQC_127",2
15,1,"ZYQC_128",4
15,1,"ZYQC_132",5
15,1,"ZYQC_134",3
15,1,"ZYQC_135",2
15,1,"ZYYH_074",3
15,1,"HNSR_058",3
15,1,"ZDFE_118",3
15,1,"ZDFE_119",1
15,1,"ZDFE_124",2
15,1,"ZDFE_127",4
15,1,"ZDFE_128",5
15,1,"ZDFE_129",3
15,1,"ZDFE_130",5
15,1,"ZDFE_131",5
15,1,"ZDFE_133",3
15,1,"ZDFE_134",4
15,1,"ZDFE_135",5
15,1,"ZDFE_136",4
15,1,"ZDFE_137",3
15,1,"ZDFE_138",1
15,1,"ZZRM_108",1
15,1,"ZZRM_109",4
15,1,"ZZRM_111",1
15,1,"ZZRM_115",3
15,1,"JXSY_050",2
15,1,"JXSY_051",5
15,1,"JXSY_052",5
15,1,"PHYY_029",3
15,1,"PHYY_031",2
15,1,"TZEZ_033",4
15,1,"TZEZ_036",4
15,1,"TZEZ_038",2
15,1,"TZEZ_041",1
15,1,"TZEZ_044",2
15,1,"TZEZ_045",1
15,1,"TZEZ_050",4
15,1,"TZEZ_053",5
15,1,"TZEZ_056",3
15,1,"TZEZ_057",4
15,1,"TZEZ_059",3
15,1,"TZEZ_061",2
15,1,"WZZX_021",3
15,1,"LSRM_014",5
15,1,"LSRM_015",4
15,1,"LSRM_016",1
15,1,"SLTD_020",5
15,1,"SLTD_022",4
15,1,"SLTD_024",2
15,1,"LXZY_014",1
15,1,"LXZY_015",1
15,1,"HZSY_019",1
15,1,"HZSY_022",2
15,1,"HZSY_023",4
15,2,"ZYQC_039",4
15,2,"ZYQC_042",4
15,2,"ZYQC_045",4
15,2,"ZYQC_048",2
15,2,"ZYQC_049",2
15,2,"ZYQC_050",5
15,2,"ZYQC_051",1
15,2,"ZYQC_052",1
15,2,"ZYQC_053",1
15,2,"ZYQC_055",2
15,2,"ZYQC_056",4
15,2,"ZYQC_058",5
15,2,"ZYCZ_018",1
15,2,"ZYCZ_023",2
15,2,"ZYCZ_025",1
15,2,"ZYCZ_026",3
15,2,"ZYCZ_027",1
15,2,"ZYCZ_028",1
15,2,"ZYYH_041",3
15,2,"ZYYH_047",5
15,2,"ZYYH_050",4
15,2,"ZYYH_051",3
15,2,"ZYYH_053",2
15,2,"HNSR_032",4
15,2,"ZDFE_031",2
15,2,"ZDFE_101",3
15,2,"ZDFE_102",1
15,2,"ZDFE_103",5
15,2,"ZDFE_104",3
15,2,"ZDFE_105",3
15,2,"ZDFE_106",2
15,2,"ZZRM_089",3
15,2,"ZZRM_093",5
15,2,"ZZRM_096",2
15,2,"ZZRM_097",2
15,2,"JXSY_023",3
15,2,"JXSY_027",2
15,2,"PHYY_014",4
15,2,"PHYY_016",4
15,2,"PHYY_021",1
15,2,"PHYY_022",1
15,2,"TZEZ_018",5
15,2,"LSRM_011",2
15,2,"SLTD_009",5
15,2,"SLTD_010",4
15,2,"SLTD_012",3
15,2,"HZSY_003",1
15,2,"HZSY_005",5
15,2,"HZSY_008",3
15,2,"HZSY_009",2
15,2,"HZSY_015",1
15,2,"JXSY_033",5
15,2,"JXSY_036",5
15,2,"JXSY_038",5
15,2,"JXSY_041",1
15,2,"JXSY_042",5
15,2,"ZYCZ_033",2
15,2,"ZYCZ_035",3
15,2,"ZYCZ_036",1
15,2,"ZYYH_055",5
15,2,"ZYYH_056",2
15,2,"ZYYH_057",2
15,2,"ZYYH_058",2
15,2,"ZYYH_061",1
15,2,"ZYYH_062",4
15,2,"ZYYH_066",2
15,2,"ZYYH_067",3
15,2,"ZYYH_069",3
15,2,"ZYYH_070",5
15,2,"ZYYH_071",4
15,2,"ZYYH_072",1
15,2,"ZYQC_065",5
15,2,"ZYQC_067",3
15,2,"ZYQC_068",3
15,2,"ZYQC_071",4
15,2,"ZYQC_072",4
15,2,"ZYQC_073",4
15,2,"ZYQC_075",4
15,2,"ZYQC_076",3
15,2,"ZYQC_080",2
15,2,"ZYQC_081",3
15,2,"ZYQC_083",1
15,2,"ZYQC_084",2
15,2,"ZYQC_085",4
15,2,"ZYQC_089",3
15,2,"ZYQC_090",4
15,2,"ZYQC_093",5
15,2,"ZYQC_094",4
15,2,"ZYQC_095",5
15,2,"ZYQC_096",4
15,2,"ZYQC_097",3
15,2,"ZYQC_098",5
15,2,"ZYQC_101",2
15,2,"ZYQC_102",4
15,2,"ZYQC_103",1
15,2,"ZYQC_104",2
15,2,"ZYQC_105",4
15,2,"ZYQC_106",3
15,2,"ZYQC_108",4
15,2,"ZYQC_109",2
15,2,"ZYQC_110",2
15,2,"ZYQC_111",2
15,2,"ZYQC_112",1
15,2,"ZYQC_113",3
15,2,"ZYQC_114",2
15,2,"ZYQC_115",1
15,2,"ZZRM_102",1
15,2,"ZZRM_103",1
15,2,"ZZRM_104",1
15,2,"ZZRM_105",1
15,2,"PHYY_023",3
15,2,"PHYY_026",3
15,2,"PHYY_028",1
15,2,"XARM_036",5
15,2,"XARM_037",3
15,2,"HNSR_044",5
15,2,"SLTD_015",5
15,2,"SLTD_017",2
15,2,"ZDFE_109",1
15,2,"ZDFE_113",2
15,2,"ZDFE_114",3
15,2,"ZDFE_115",4
15,2,"ZDFE_117",2
15,2,"TZEZ_022",3
15,2,"TZEZ_024",1
15,2,"TZEZ_029",1
15,2,"TZEZ_032",1
15,2,"ZYQC_116",4
15,2,"ZYQC_118",5
15,2,"ZYQC_119",3
15,2,"ZYQC_120",4
15,2,"ZYQC_122",2
15,2,"ZYQC_124",4
15,2,"ZYQC_125",3
15,2,"ZYQC_127",5
15,2,"ZYQC_128",4
15,2,"ZYQC_133",3
15,2,"ZYQC_134",5
15,2,"ZYQC_143",3
15,2,"ZYCZ_038",3
15,2,"ZYCZ_039",4
15,2,"ZYYH_077",4
15,2,"HNSR_058",5
15,2,"ZDFE_118",5
15,2,"ZDFE_119",5
15,2,"ZDFE_124",1
15,2,"ZDFE_125",2
15,2,"ZDFE_127",5
15,2,"ZDFE_128",3
15,2,"ZDFE_129",1
15,2,"ZDFE_133",1
15,2,"ZDFE_134",2
15,2,"ZDFE_136",5
15,2,"ZDFE_137",1
15,2,"ZDFE_138",5
15,2,"ZZRM_108",2
15,2,"JXSY_051",1
15,2,"JXSY_052",3
15,2,"JXSY_056",2
15,2,"PHYY_029",2
15,2,"PHYY_031",3
15,2,"TZEZ_036",1
15,2,"TZEZ_038",2
15,2,"TZEZ_040",5
15,2,"TZEZ_043",4
15,2,"TZEZ_044",1
15,2,"TZEZ_045",1
15,2,"TZEZ_048",3
15,2,"TZEZ_050",5
15,2,"TZEZ_051",5
15,2,"TZEZ_053",4
15,2,"TZEZ_055",3
15,2,"TZEZ_056",4
15,2,"TZEZ_057",4
15,2,"TZEZ_060",2
15,2,"TZEZ_061",2
15,2,"WZZX_020",5
15,2,"WZZX_021",2
15,2,"LSRM_014",4
15,2,"LSRM_015",1
15,2,"SLTD_019",5
15,2,"SLTD_020",3
15,2,"SLTD_021",3
15,2,"SLTD_022",4
15,2,"SLTD_024",5
15,2,"LXZY_015",5
15,2,"HZSY_019",4
15,2,"HZSY_022",4
15,2,"HZSY_023",4
15,3,"ZYQC_039",3
15,3,"ZYQC_040",2
15,3,"ZYQC_042",3
15,3,"ZYQC_045",2
15,3,"ZYQC_047",4
15,3,"ZYQC_049",1
15,3,"ZYQC_050",3
15,3,"ZYQC_051",3
15,3,"ZYQC_052",2
15,3,"ZYQC_053",4
15,3,"ZYQC_055",4
15,3,"ZYQC_056",2
15,3,"ZYQC_057",1
15,3,"ZYQC_058",5
15,3,"ZYQC_059",5
15,3,"ZYQC_060",1
15,3,"ZYCZ_018",5
15,3,"ZYCZ_019",5
15,3,"ZYCZ_020",2
15,3,"ZYCZ_027",4
15,3,"ZYCZ_028",5
15,3,"ZYCZ_029",4
15,3,"ZYYH_041",5
15,3,"ZYYH_048",5
15,3,"ZYYH_049",5
15,3,"ZYYH_050",5
15,3,"ZYYH_051",1
15,3,"ZYYH_053",1
15,3,"HNSR_032",3
15,3,"ZDFE_031",5
15,3,"ZDFE_101",4
15,3,"ZDFE_102",2
15,3,"ZDFE_103",3
15,3,"ZDFE_105",1
15,3,"ZDFE_106",3
15,3,"ZZRM_096",3
15,3,"ZZRM_097",1
15,3,"JXSY_023",3
15,3,"JXSY_027",1
15,3,"JXSY_031",3
15,3,"PHYY_014",2
15,3,"PHYY_019",3
15,3,"PHYY_021",2
15,3,"PHYY_022",3
15,3,"TZEZ_002",1
15,3,"TZEZ_018",2
15,3,"LSRM_011",1
15,3,"SLTD_009",2
15,3,"SLTD_010",3
15,3,"HZSY_003",3
15,3,"HZSY_004",5
15,3,"HZSY_005",1
15,3,"HZSY_008",4
15,3,"HZSY_009",4
15,3,"HZSY_012",5
15,3,"HZSY_015",4
15,3,"HZSY_017",3
15,3,"LXZY_011",3
15,3,"LXZY_013",5
15,3,"JXSY_036",2
15,3,"JXSY_038",2
15,3,"JXSY_039",1
15,3,"JXSY_041",1
15,3,"JXSY_042",3
15,3,"ZYCZ_030",3
15,3,"ZYCZ_032",5
15,3,"ZYCZ_033",5
15,3,"ZYCZ_034",4
15,3,"ZYYH_055",2
15,3,"ZYYH_056",2
15,3,"ZYYH_058",3
15,3,"ZYYH_060",1
15,3,"ZYYH_061",4
15,3,"ZYYH_063",4
15,3,"ZYYH_066",5
15,3,"ZYYH_069",4
15,3,"ZYYH_070",1
15,3,"ZYYH_071",5
15,3,"ZYYH_072",1
15,3,"ZYQC_067",3
15,3,"ZYQC_068",2
15,3,"ZYQC_072",4
15,3,"ZYQC_073",1
15,3,"ZYQC_074",5
15,3,"ZYQC_076",2
15,3,"ZYQC_080",1
15,3,"ZYQC_083",5
15,3,"ZYQC_084",5
15,3,"ZYQC_089",1
15,3,"ZYQC_090",5
15,3,"ZYQC_093",2
15,3,"ZYQC_094",4
15,3,"ZYQC_095",3
15,3,"ZYQC_096",1
15,3,"ZYQC_097",2
15,3,"ZYQC_098",3
15,3,"ZYQC_100",5
15,3,"ZYQC_101",5
15,3,"ZYQC_102",4
15,3,"ZYQC_103",2
15,3,"ZYQC_105",4
15,3,"ZYQC_106",4
15,3,"ZYQC_109",2
15,3,"ZYQC_110",1
15,3,"ZYQC_111",2
15,3,"ZYQC_112",1
15,3,"ZYQC_113",4
15,3,"ZYQC_114",3
15,3,"ZYQC_115",4
15,3,"ZZRM_101",1
15,3,"ZZRM_102",3
15,3,"ZZRM_103",1
15,3,"ZZRM_105",4
15,3,"PHYY_023",5
15,3,"PHYY_026",4
15,3,"PHYY_028",5
15,3,"XARM_037",4
15,3,"ZDFE_109",4
15,3,"ZDFE_113",2
15,3,"ZDFE_115",1
15,3,"TZEZ_022",1
15,3,"TZEZ_030",3
15,3,"TZEZ_031",5
15,3,"TZEZ_032",5
15,3,"ZYQC_118",4
15,3,"ZYQC_119",4
15,3,"ZYQC_120",1
15,3,"ZYQC_121",2
15,3,"ZYQC_122",1
15,3,"ZYQC_123",3
15,3,"ZYQC_125",2
15,3,"ZYQC_126",3
15,3,"ZYQC_127",5
15,3,"ZYQC_132",4
15,3,"ZYQC_133",1
15,3,"ZYQC_134",2
15,3,"ZYQC_135",5
15,3,"ZYQC_143",4
15,3,"ZYCZ_038",2
15,3,"ZYCZ_039",2
15,3,"ZYYH_074",1
15,3,"ZYYH_077",1
15,3,"HNSR_058",3
15,3,"ZDFE_118",5
15,3,"ZDFE_119",4
15,3,"ZDFE_124",5
15,3,"ZDFE_125",4
15,3,"ZDFE_128",2
15,3,"ZDFE_129",4
15,3,"ZDFE_130",2
15,3,"ZDFE_131",4
15,3,"ZDFE_134",2
15,3,"ZDFE_135",5
15,3,"ZDFE_136",3
15,3,"ZDFE_138",4
15,3,"ZZRM_108",2
15,3,"ZZRM_109",3
15,3,"ZZRM_111",2
15,3,"ZZRM_115",3
15,3,"JXSY_050",1
15,3,"JXSY_051",1
15,3,"JXSY_052",4
15,3,"JXSY_056",1
15,3,"PHYY_029",2
15,3,"PHYY_031",5
15,3,"TZEZ_033",4
15,3,"TZEZ_036",3
15,3,"TZEZ_038",1
15,3,"TZEZ_040",5
15,3,"TZEZ_041",5
15,3,"TZEZ_043",1
15,3,"TZEZ_044",3
15,3,"TZEZ_045",3
15,3,"TZEZ_048",5
15,3,"TZEZ_050",2
15,3,"TZEZ_051",2
15,3,"TZEZ_055",1
15,3,"TZEZ_057",1
15,3,"TZEZ_059",2
15,3,"TZEZ_060",3
15,3,"TZEZ_061",4
15,3,"WZZX_020",5
15,3,"LSRM_014",3
15,3,"LSRM_016",3
15,3,"SLTD_019",4
15,3,"SLTD_021",3
15,3,"SLTD_022",2
15,3,"SLTD_024",4
15,3,"LXZY_014",2
15,4,"ZYQC_039",3
15,4,"ZYQC_040",3
15,4,"ZYQC_045",1
15,4,"ZYQC_047",4
15,4,"ZYQC_048",5
15,4,"ZYQC_051",5
15,4,"ZYQC_052",2
15,4,"ZYQC_053",2
15,4,"ZYQC_055",2
15,4,"ZYQC_056",5
15,4,"ZYQC_057",5
15,4,"ZYQC_058",4
15,4,"ZYQC_059",4
15,4,"ZYQC_060",3
15,4,"ZYCZ_018",1
15,4,"ZYCZ_019",2
15,4,"ZYCZ_020",4
15,4,"ZYCZ_023",5
15,4,"ZYCZ_025",3
15,4,"ZYCZ_026",4
15,4,"ZYCZ_027",1
15,4,"ZYCZ_029",5
15,4,"ZYYH_041",3
15,4,"ZYYH_047",2
15,4,"ZYYH_048",2
15,4,"ZYYH_049",2
15,4,"ZYYH_050",4
15,4,"ZYYH_053",1
15,4,"HNSR_032",5
15,4,"ZDFE_103",5
15,4,"ZDFE_104",3
15,4,"ZDFE_105",4
15,4,"ZDFE_106",4
15,4,"ZZRM_089",4
15,4,"ZZRM_093",3
15,4,"ZZRM_096",4
15,4,"ZZRM_097",3
15,4,"JXSY_023",1
15,4,"JXSY_027",1
15,4,"JXSY_031",1
15,4,"PHYY_014",2
15,4,"PHYY_016",3
15,4,"PHYY_019",2
15,4,"TZEZ_002",4
15,4,"TZEZ_018",3
15,4,"LSRM_011",5
15,4,"SLTD_012",3
15,4,"HZSY_004",4
15,4,"HZSY_005",3
15,4,"HZSY_008",4
15,4,"HZSY_009",2
15,4,"HZSY_012",5
15,4,"HZSY_015",1
15,4,"HZSY_017",4
15,4,"LXZY_011",2
15,4,"LXZY_013",5
15,4,"JXSY_033",1
15,4,"JXSY_036",1
15,4,"JXSY_038",1
15,4,"JXSY_039",3
15,4,"ZYCZ_030",4
15,4,"ZYCZ_032",3
15,4,"ZYCZ_034",4
15,4,"ZYCZ_035",5
15,4,"ZYCZ_036",3
15,4,"ZYYH_055",4
15,4,"ZYYH_056",5
15,4,"ZYYH_057",4
15,4,"ZYYH_060",1
15,4,"ZYYH_062",4
15,4,"ZYYH_063",5
15,4,"ZYYH_066",3
15,4,"ZYYH_067",2
15,4,"ZYYH_069",5
15,4,"ZYYH_070",1
15,4,"ZYYH_071",3
15,4,"ZYYH_072",3
15,4,"ZYQC_065",5
15,4,"ZYQC_067",3
15,4,"ZYQC_068",1
15,4,"ZYQC_071",3
15,4,"ZYQC_072",5
15,4,"ZYQC_073",3
15,4,"ZYQC_074",3
15,4,"ZYQC_075",2
15,4,"ZYQC_076",2
15,4,"ZYQC_081",5
15,4,"ZYQC_083",4
15,4,"ZYQC_084",2
15,4,"ZYQC_085",2
15,4,"ZYQC_089",3
15,4,"ZYQC_090",1
15,4,"ZYQC_095",2
15,4,"ZYQC_097",3
15,4,"ZYQC_098",2
15,4,"ZYQC_100",5
15,4,"ZYQC_101",4
15,4,"ZYQC_104",5
15,4,"ZYQC_106",2
15,4,"ZYQC_108",4
15,4,"ZYQC_110",1
15,4,"ZYQC_112",5
15,4,"ZYQC_113",1
15,4,"ZYQC_115",4
15,4,"ZZRM_101",4
15,4,"ZZRM_102",5
15,4,"ZZRM_103",2
15,4,"ZZRM_104",4
15,4,"ZZRM_105",5
15,4,"PHYY_023",2
15,4,"PHYY_026",2
15,4,"PHYY_028",3
15,4,"XARM_036",5
15,4,"HNSR_044",2
15,4,"SLTD_015",5
15,4,"SLTD_017",1
15,4,"ZDFE_113",2
15,4,"ZDFE_114",4
15,4,"ZDFE_115",4
15,4,"ZDFE_117",1
15,4,"TZEZ_022",2
15,4,"TZEZ_024",4
15,4,"TZEZ_029",3
15,4,"TZEZ_030",2
15,4,"TZEZ_031",5
15,4,"ZYQC_116",5
15,4,"ZYQC_118",2
15,4,"ZYQC_119",5
15,4,"ZYQC_120",1
15,4,"ZYQC_121",3
15,4,"ZYQC_122",2
15,4,"ZYQC_123",3
15,4,"ZYQC_124",4
15,4,"ZYQC_125",1
15,4,"ZYQC_126",5
15,4,"ZYQC_128",1
15,4,"ZYQC_132",5
15,4,"ZYQC_133",1
15,4,"ZYQC_135",2
15,4,"ZYQC_143",4
15,4,"ZYCZ_038",2
15,4,"ZYCZ_039",1
15,4,"ZYYH_074",1
15,4,"ZYYH_077",1
15,4,"ZDFE_118",2
15,4,"ZDFE_125",2
15,4,"ZDFE_127",2
15,4,"ZDFE_128",2
15,4,"ZDFE_129",1
15,4,"ZDFE_130",4
15,4,"ZDFE_131",3
15,4,"ZDFE_133",5
15,4,"ZDFE_135",3
15,4,"ZDFE_137",3
15,4,"ZDFE_138",3
15,4,"ZZRM_109",3
15,4,"ZZRM_111",2
15,4,"ZZRM_115",1
15,4,"JXSY_050",2
15,4,"JXSY_051",2
15,4,"JXSY_056",3
15,4,"PHYY_031",5
15,4,"TZEZ_033",4
15,4,"TZEZ_040",1
15,4,"TZEZ_041",4
15,4,"TZEZ_043",3
15,4,"TZEZ_045",1
15,4,"TZEZ_048",1
15,4,"TZEZ_051",1
15,4,"TZEZ_053",2
15,4,"TZEZ_055",1
15,4,"TZEZ_056",1
15,4,"TZEZ_059",5
15,4,"TZEZ_060",5
15,4,"WZZX_020",1
15,4,"WZZX_021",5
15,4,"LSRM_014",1
15,4,"LSRM_015",4
15,4,"LSRM_016",4
15,4,"SLTD_019",3
15,4,"SLTD_020",4
15,4,"SLTD_021",3
15,4,"SLTD_022",4
15,4,"SLTD_024",5
15,4,"LXZY_014",1
15,4,"LXZY_015",4
15,4,"HZSY_019",3
15,4,"HZSY_022",5
15,4,"HZSY_023",1
15,5,"ZYQC_040",4
15,5,"ZYQC_042",5
15,5,"ZYQC_047",1
15,5,"ZYQC_048",4
15,5,"ZYQC_049",5
15,5,"ZYQC_050",2
15,5,"ZYQC_051",1
15,5,"ZYQC_052",3
15,5,"ZYQC_053",3
15,5,"ZYQC_057",3
15,5,"ZYQC_058",1
15,5,"ZYQC_059",3
15,5,"ZYQC_060",3
15,5,"ZYCZ_018",3
15,5,"ZYCZ_019",4
15,5,"ZYCZ_020",3
15,5,"ZYCZ_023",4
15,5,"ZYCZ_025",5
15,5,"ZYCZ_026",4
15,5,"ZYCZ_027",4
15,5,"ZYCZ_028",1
15,5,"ZYCZ_029",5
15,5,"ZYYH_041",1
15,5,"ZYYH_047",1
15,5,"ZYYH_048",4
15,5,"ZYYH_049",3
15,5,"ZYYH_050",5
15,5,"ZYYH_051",1
15,5,"ZDFE_031",2
15,5,"ZDFE_101",3
15,5,"ZDFE_102",2
15,5,"ZDFE_104",3
15,5,"ZZRM_089",2
15,5,"ZZRM_093",4
15,5,"ZZRM_096",1
15,5,"JXSY_027",2
15,5,"JXSY_031",4
15,5,"PHYY_016",4
15,5,"PHYY_019",2
15,5,"PHYY_021",4
15,5,"PHYY_022",1
15,5,"TZEZ_002",2
15,5,"TZEZ_018",2
15,5,"LSRM_011",2
15,5,"SLTD_009",3
15,5,"SLTD_010",2
15,5,"SLTD_012",2
15,5,"HZSY_003",2
15,5,"HZSY_004",5
15,5,"HZSY_008",4
15,5,"HZSY_012",4
15,5,"HZSY_015",2
15,5,"HZSY_017",2
15,5,"LXZY_011",1
15,5,"LXZY_013",5
15,5,"JXSY_033",1
15,5,"JXSY_036",1
15,5,"JXSY_039",1
15,5,"JXSY_041",1
15,5,"JXSY_042",2
15,5,"ZYCZ_030",4
15,5,"ZYCZ_032",5
15,5,"ZYCZ_033",3
15,5,"ZYCZ_034",4
15,5,"ZYCZ_035",2
15,5,"ZYCZ_036",1
15,5,"ZYYH_056",3
15,5,"ZYYH_057",5
15,5,"ZYYH_058",3
15,5,"ZYYH_060",2
15,5,"ZYYH_061",4
15,5,"ZYYH_062",1
15,5,"ZYYH_063",1
15,5,"ZYYH_066",5
15,5,"ZYYH_067",3
15,5,"ZYYH_069",1
15,5,"ZYQC_065",2
15,5,"ZYQC_071",4
15,5,"ZYQC_074",1
15,5,"ZYQC_075",3
15,5,"ZYQC_076",5
15,5,"ZYQC_080",5
15,5,"ZYQC_081",3
15,5,"ZYQC_083",1
15,5,"ZYQC_085",3
15,5,"ZYQC_090",3
15,5,"ZYQC_093",4
15,5,"ZYQC_094",4
15,5,"ZYQC_096",3
15,5,"ZYQC_098",5
15,5,"ZYQC_100",3
15,5,"ZYQC_102",3
15,5,"ZYQC_103",2
15,5,"ZYQC_104",4
15,5,"ZYQC_105",4
15,5,"ZYQC_108",4
15,5,"ZYQC_109",3
15,5,"ZYQC_110",3
15,5,"ZYQC_111",1
15,5,"ZYQC_112",2
15,5,"ZYQC_113",3
15,5,"ZYQC_114",2
15,5,"ZYQC_115",5
15,5,"ZZRM_101",2
15,5,"ZZRM_104",4
15,5,"ZZRM_105",5
15,5,"PHYY_028",1
15,5,"XARM_036",4
15,5,"XARM_037",2
15,5,"HNSR_044",2
15,5,"SLTD_015",1
15,5,"SLTD_017",5
15,5,"ZDFE_109",3
15,5,"ZDFE_114",4
15,5,"ZDFE_117",3
15,5,"TZEZ_022",2
15,5,"TZEZ_024",2
15,5,"TZEZ_029",5
15,5,"TZEZ_030",4
15,5,"TZEZ_031",5
15,5,"TZEZ_032",2
15,5,"ZYQC_116",2
15,5,"ZYQC_118",1
15,5,"ZYQC_120",1
15,5,"ZYQC_121",2
15,5,"ZYQC_122",1
15,5,"ZYQC_123",1
15,5,"ZYQC_124",5
15,5,"ZYQC_126",4
15,5,"ZYQC_127",3
15,5,"ZYQC_128",4
15,5,"ZYQC_132",1
15,5,"ZYQC_133",3
15,5,"ZYQC_134",4
15,5,"ZYQC_135",2
15,5,"ZYQC_143",4
15,5,"ZYCZ_038",3
15,5,"ZYCZ_039",5
15,5,"ZYYH_074",4
15,5,"ZYYH_077",2
15,5,"HNSR_058",2
15,5,"ZDFE_119",5
15,5,"ZDFE_124",5
15,5,"ZDFE_125",4
15,5,"ZDFE_127",4
15,5,"ZDFE_130",4
15,5,"ZDFE_131",2
15,5,"ZDFE_133",3
15,5,"ZDFE_134",4
15,5,"ZDFE_135",5
15,5,"ZDFE_136",3
15,5,"ZDFE_137",5
15,5,"ZZRM_108",5
15,5,"ZZRM_109",3
15,5,"ZZRM_111",3
15,5,"ZZRM_115",3
15,5,"JXSY_050",3
15,5,"JXSY_052",1
15,5,"JXSY_056",1
15,5,"PHYY_029",1
15,5,"TZEZ_033",3
15,5,"TZEZ_036",5
15,5,"TZEZ_038",1
15,5,"TZEZ_040",2
15,5,"TZEZ_041",1
15,5,"TZEZ_043",1
15,5,"TZEZ_044",5
15,5,"TZEZ_048",4
15,5,"TZEZ_050",2
15,5,"TZEZ_051",5
15,5,"TZEZ_053",1
15,5,"TZEZ_055",5
15,5,"TZEZ_056",5
15,5,"TZEZ_057",2
15,5,"TZEZ_059",3
15,5,"TZEZ_060",4
15,5,"TZEZ_061",5
15,5,"WZZX_020",1
15,5,"WZZX_021",5
15,5,"LSRM_015",5
15,5,"LSRM_016",5
15,5,"SLTD_019",4
15,5,"SLTD_020",5
15,5,"SLTD_021",2
15,5,"LXZY_014",2
15,5,"LXZY_015",1
15,5,"HZSY_019",1
15,5,"HZSY_022",5
15,5,"HZSY_023",5
16,1,"ZYQC_039",5
16,1,"ZYQC_040",5
16,1,"ZYQC_045",1
16,1,"ZYQC_048",2
16,1,"ZYQC_049",3
16,1,"ZYQC_050",3
16,1,"ZYQC_051",4
16,1,"ZYQC_052",2
16,1,"ZYQC_053",4
16,1,"ZYQC_055",4
16,1,"ZYQC_057",5
16,1,"ZYQC_058",1
16,1,"ZYCZ_018",1
16,1,"ZYCZ_019",5
16,1,"ZYCZ_023",4
16,1,"ZYCZ_025",3
16,1,"ZYCZ_026",4
16,1,"ZYCZ_027",2
16,1,"ZYCZ_028",5
16,1,"ZYCZ_029",2
16,1,"ZYYH_041",4
16,1,"ZYYH_047",2
16,1,"ZYYH_048",3
16,1,"ZYYH_049",4
16,1,"ZYYH_050",3
16,1,"ZYYH_051",4
16,1,"ZYYH_053",5
16,1,"ZDFE_031",5
16,1,"ZDFE_101",3
16,1,"ZDFE_103",2
16,1,"ZDFE_104",2
16,1,"ZDFE_105",3
16,1,"ZDFE_106",1
16,1,"ZZRM_089",1
16,1,"ZZRM_093",2
16,1,"ZZRM_096",3
16,1,"JXSY_023",1
16,1,"JXSY_031",1
16,1,"PHYY_016",5
16,1,"PHYY_019",1
16,1,"PHYY_022",3
16,1,"TZEZ_018",3
16,1,"LSRM_011",5
16,1,"SLTD_010",3
16,1,"SLTD_012",1
16,1,"HZSY_003",4
16,1,"HZSY_004",4
16,1,"HZSY_005",2
16,1,"HZSY_008",2
16,1,"HZSY_009",5
16,1,"HZSY_012",5
16,1,"HZSY_015",4
16,1,"JXSY_039",4
16,1,"JXSY_041",1
16,1,"JXSY_042",3
16,1,"ZYCZ_030",5
16,1,"ZYCZ_032",3
16,1,"ZYCZ_033",5
16,1,"ZYCZ_034",4
16,1,"ZYCZ_035",2
16,1,"ZYYH_055",2
16,1,"ZYYH_056",1
16,1,"ZYYH_057",4
16,1,"ZYYH_058",1
16,1,"ZYYH_060",3
16,1,"ZYYH_061",2
16,1,"ZYYH_062",2
16,1,"ZYYH_063",2
16,1,"ZYYH_066",4
16,1,"ZYYH_067",5
16,1,"ZYYH_070",4
16,1,"ZYYH_071",4
16,1,"ZYYH_072",5
16,1,"ZYQC_065",2
16,1,"ZYQC_067",3
16,1,"ZYQC_068",5
16,1,"ZYQC_071",2
16,1,"ZYQC_072",3
16,1,"ZYQC_073",1
16,1,"ZYQC_074",4
16,1,"ZYQC_075",5
16,1,"ZYQC_076",1
16,1,"ZYQC_080",3
16,1,"ZYQC_081",4
16,1,"ZYQC_083",3
16,1,"ZYQC_084",1
16,1,"ZYQC_085",3
16,1,"ZYQC_089",2
16,1,"ZYQC_090",2
16,1,"ZYQC_093",5
16,1,"ZYQC_094",1
16,1,"ZYQC_095",5
16,1,"ZYQC_096",1
16,1,"ZYQC_097",3
16,1,"ZYQC_098",4
16,1,"ZYQC_100",1
16,1,"ZYQC_101",2
16,1,"ZYQC_102",2
16,1,"ZYQC_104",3
16,1,"ZYQC_105",5
16,1,"ZYQC_106",1
16,1,"ZYQC_108",2
16,1,"ZYQC_109",3
16,1,"ZYQC_110",5
16,1,"ZYQC_111",3
16,1,"ZYQC_112",1
16,1,"ZYQC_113",1
16,1,"ZYQC_115",3
16,1,"ZZRM_101",2
16,1,"ZZRM_102",5
16,1,"ZZRM_103",1
16,1,"ZZRM_104",5
16,1,"ZZRM_105",1
16,1,"PHYY_023",4
16,1,"PHYY_026",3
16,1,"PHYY_028",5
16,1,"XARM_036",4
16,1,"HNSR_044",4
16,1,"SLTD_015",5
16,1,"SLTD_017",3
16,1,"ZDFE_113",4
16,1,"ZDFE_114",1
16,1,"TZEZ_022",4
16,1,"TZEZ_024",1
16,1,"TZEZ_029",5
16,1,"TZEZ_030",1
16,1,"TZEZ_031",2
16,1,"ZYQC_116",2
16,1,"ZYQC_119",5
16,1,"ZYQC_120",5
16,1,"ZYQC_121",2
16,1,"ZYQC_122",1
16,1,"ZYQC_123",3
16,1,"ZYQC_124",5
16,1,"ZYQC_125",3
16,1,"ZYQC_126",2
16,1,"ZYQC_127",5
16,1,"ZYQC_128",5
16,1,"ZYQC_132",5
16,1,"ZYQC_133",3
16,1,"ZYQC_134",4
16,1,"ZYQC_135",3
16,1,"ZYCZ_038",3
16,1,"ZYYH_074",5
16,1,"ZYYH_077",2
16,1,"HNSR_058",5
16,1,"ZDFE_118",3
16,1,"ZDFE_119",2
16,1,"ZDFE_124",2
16,1,"ZDFE_125",3
16,1,"ZDFE_127",4
16,1,"ZDFE_128",2
16,1,"ZDFE_129",1
16,1,"ZDFE_130",5
16,1,"ZDFE_131",4
16,1,"ZDFE_133",2
16,1,"ZDFE_134",1
16,1,"ZDFE_137",2
16,1,"ZDFE_138",5
16,1,"ZZRM_111",2
16,1,"JXSY_051",3
16,1,"JXSY_052",2
16,1,"JXSY_056",1
16,1,"PHYY_029",2
16,1,"PHYY_031",4
16,1,"TZEZ_033",1
16,1,"TZEZ_036",4
16,1,"TZEZ_038",1
16,1,"TZEZ_040",3
16,1,"TZEZ_041",4
16,1,"TZEZ_044",4
16,1,"TZEZ_045",1
16,1,"TZEZ_048",2
16,1,"TZEZ_050",4
16,1,"TZEZ_051",1
16,1,"TZEZ_053",4
16,1,"TZEZ_056",1
16,1,"TZEZ_057",1
16,1,"LSRM_014",1
16,1,"LSRM_015",3
16,1,"SLTD_019",2
16,1,"SLTD_020",4
16,1,"SLTD_021",3
16,1,"SLTD_022",4
16,1,"SLTD_024",4
16,1,"LXZY_014",5
16,1,"HZSY_019",1
16,1,"HZSY_022",3
16,2,"ZYQC_039",1
16,2,"ZYQC_040",2
16,2,"ZYQC_042",3
16,2,"ZYQC_045",5
16,2,"ZYQC_047",4
16,2,"ZYQC_048",1
16,2,"ZYQC_049",5
16,2,"ZYQC_050",5
16,2,"ZYQC_052",2
16,2,"ZYQC_055",4
16,2,"ZYQC_056",2
16,2,"ZYQC_057",4
16,2,"ZYQC_058",4
16,2,"ZYQC_059",5
16,2,"ZYQC_060",1
16,2,"ZYCZ_018",5
16,2,"ZYCZ_020",2
16,2,"ZYCZ_023",2
16,2,"ZYCZ_025",1
16,2,"ZYCZ_026",1
16,2,"ZYCZ_027",3
16,2,"ZYCZ_028",1
16,2,"ZYCZ_029",2
16,2,"ZYYH_041",1
16,2,"ZYYH_047",2
16,2,"ZYYH_048",4
16,2,"ZYYH_049",1
16,2,"ZYYH_050",1
16,2,"ZYYH_051",2
16,2,"ZYYH_053",3
16,2,"HNSR_032",5
16,2,"ZDFE_031",2
16,2,"ZDFE_101",4
16,2,"ZDFE_102",3
16,2,"ZDFE_103",4
16,2,"ZDFE_105",1
16,2,"ZZRM_093",5
16,2,"ZZRM_096",3
16,2,"ZZRM_097",5
16,2,"JXSY_023",5
16,2,"JXSY_027",2
16,2,"JXSY_031",5
16,2,"PHYY_014",2
16,2,"PHYY_016",4
16,2,"PHYY_019",5
16,2,"PHYY_021",5
16,2,"PHYY_022",1
16,2,"TZEZ_002",2
16,2,"TZEZ_018",2
16,2,"SLTD_009",1
16,2,"SLTD_010",2
16,2,"SLTD_012",3
16,2,"HZSY_003",5
16,2,"HZSY_004",1
16,2,"HZSY_009",5
16,2,"HZSY_015",3
16,2,"HZSY_017",4
16,2,"LXZY_011",5
16,2,"LXZY_013",5
16,2,"JXSY_033",3
16,2,"JXSY_036",3
16,2,"JXSY_038",4
16,2,"JXSY_039",1
16,2,"JXSY_041",1
16,2,"JXSY_042",3
16,2,"ZYCZ_035",3
16,2,"ZYCZ_036",4
16,2,"ZYYH_057",5
16,2,"ZYYH_060",4
16,2,"ZYYH_062",3
16,2,"ZYYH_063",4
16,2,"ZYYH_066",4
16,2,"ZYYH_069",5
16,2,"ZYYH_070",4
16,2,"ZYYH_071",4
16,2,"ZYYH_072",3
16,2,"ZYQC_068",3
16,2,"ZYQC_071",1
16,2,"ZYQC_073",4
16,2,"ZYQC_074",5
16,2,"ZYQC_075",4
16,2,"ZYQC_076",3
16,2,"ZYQC_080",3
16,2,"ZYQC_084",4
16,2,"ZYQC_085",2
16,2,"ZYQC_089",3
16,2,"ZYQC_094",4
16,2,"ZYQC_095",1
16,2,"ZYQC_096",3
16,2,"ZYQC_097",5
16,2,"ZYQC_098",4
16,2,"ZYQC_100",2
16,2,"ZYQC_101",2
16,2,"ZYQC_102",4
16,2,"ZYQC_103",3
16,2,"ZYQC_104",2
16,2,"ZYQC_106",2
16,2,"ZYQC_108",5
16,2,"ZYQC_109",1
16,2,"ZYQC_111",5
16,2,"ZYQC_113",4
16,2,"ZYQC_114",1
16,2,"ZZRM_101",3
16,2,"ZZRM_102",4
16,2,"ZZRM_103",1
16,2,"ZZRM_104",3
16,2,"ZZRM_105",2
16,2,"PHYY_023",2
16,2,"PHYY_026",2
16,2,"PHYY_028",1
16,2,"XARM_036",1
16,2,"XARM_037",3
16,2,"HNSR_044",5
16,2,"SLTD_015",5
16,2,"SLTD_017",3
16,2,"ZDFE_109",2
16,2,"ZDFE_113",4
16,2,"ZDFE_114",2
16,2,"ZDFE_115",1
16,2,"ZDFE_117",3
16,2,"TZEZ_022",3
16,2,"TZEZ_029",2
16,2,"TZEZ_030",4
16,2,"TZEZ_031",2
16,2,"TZEZ_032",2
16,2,"ZYQC_116",4
16,2,"ZYQC_118",2
16,2,"ZYQC_119",5
16,2,"ZYQC_120",3
16,2,"ZYQC_124",5
16,2,"ZYQC_125",3
16,2,"ZYQC_126",3
16,2,"ZYQC_127",2
16,2,"ZYQC_132",1
16,2,"ZYQC_133",4
16,2,"ZYQC_134",1
16,2,"ZYQC_135",5
16,2,"ZYQC_143",1
16,2,"ZYCZ_038",3
16,2,"ZYCZ_039",2
16,2,"ZYYH_074",2
16,2,"ZDFE_118",4
16,2,"ZDFE_119",1
16,2,"ZDFE_124",1
16,2,"ZDFE_125",5
16,2,"ZDFE_127",3
16,2,"ZDFE_130",3
16,2,"ZDFE_131",3
16,2,"ZDFE_133",5
16,2,"ZDFE_134",5
16,2,"ZDFE_135",2
16,2,"ZDFE_136",4
16,2,"ZDFE_138",4
16,2,"ZZRM_108",1
16,2,"ZZRM_109",3
16,2,"ZZRM_111",1
16,2,"ZZRM_115",2
16,2,"JXSY_050",4
16,2,"JXSY_051",1
16,2,"JXSY_052",1
16,2,"JXSY_056",3
16,2,"PHYY_029",4
16,2,"TZEZ_038",5
16,2,"TZEZ_040",1
16,2,"TZEZ_043",2
16,2,"TZEZ_044",1
16,2,"TZEZ_045",3
16,2,"TZEZ_051",1
16,2,"TZEZ_053",3
16,2,"TZEZ_055",2
16,2,"TZEZ_057",1
16,2,"TZEZ_059",4
16,2,"TZEZ_060",4
16,2,"TZEZ_061",5
16,2,"WZZX_020",5
16,2,"WZZX_021",5
16,2,"LSRM_014",5
16,2,"LSRM_015",4
16,2,"LSRM_016",4
16,2,"SLTD_019",1
16,2,"SLTD_020",3
16,2,"SLTD_021",2
16,2,"SLTD_022",4
16,2,"SLTD_024",2
16,2,"LXZY_014",1
16,2,"LXZY_015",5
16,2,"HZSY_019",5
16,2,"HZSY_022",2
16,2,"HZSY_023",3
16,3,"ZYQC_042",5
16,3,"ZYQC_045",3
16,3,"ZYQC_047",2
16,3,"ZYQC_048",4
16,3,"ZYQC_049",1
16,3,"ZYQC_051",3
16,3,"ZYQC_052",4
16,3,"ZYQC_053",2
16,3,"ZYQC_056",1
16,3,"ZYQC_057",5
16,3,"ZYQC_059",3
16,3,"ZYQC_060",4
16,3,"ZYCZ_018",4
16,3,"ZYCZ_019",3
16,3,"ZYCZ_020",3
16,3,"ZYCZ_027",2
16,3,"ZYCZ_029",1
16,3,"ZYYH_041",3
16,3,"ZYYH_047",1
16,3,"ZYYH_048",2
16,3,"ZYYH_050",2
16,3,"ZYYH_053",3
16,3,"HNSR_032",2
16,3,"ZDFE_031",4
16,3,"ZDFE_101",1
16,3,"ZDFE_102",2
16,3,"ZDFE_103",3
16,3,"ZDFE_104",4
16,3,"ZDFE_105",1
16,3,"ZDFE_106",3
16,3,"ZZRM_089",2
16,3,"ZZRM_093",5
16,3,"ZZRM_096",3
16,3,"ZZRM_097",4
16,3,"JXSY_023",2
16,3,"JXSY_027",5
16,3,"JXSY_031",2
16,3,"PHYY_014",4
16,3,"PHYY_019",4
16,3,"PHYY_021",2
16,3,"PHYY_022",5
16,3,"TZEZ_002",4
16,3,"TZEZ_018",3
16,3,"LSRM_011",1
16,3,"SLTD_009",3
16,3,"SLTD_010",5
16,3,"SLTD_012",2
16,3,"HZSY_003",3
16,3,"HZSY_005",1
16,3,"HZSY_008",3
16,3,"HZSY_009",3
16,3,"HZSY_012",3
16,3,"HZSY_015",5
16,3,"HZSY_017",1
16,3,"LXZY_011",1
16,3,"LXZY_013",1
16,3,"JXSY_033",1
16,3,"JXSY_036",5
16,3,"JXSY_038",2
16,3,"JXSY_039",1
16,3,"JXSY_041",5
16,3,"JXSY_042",4
16,3,"ZYCZ_030",2
16,3,"ZYCZ_032",4
16,3,"ZYCZ_033",1
16,3,"ZYCZ_034",5
16,3,"ZYCZ_035",5
16,3,"ZYCZ_036",5
16,3,"ZYYH_055",5
16,3,"ZYYH_056",1
16,3,"ZYYH_058",5
16,3,"ZYYH_061",1
16,3,"ZYYH_062",3
16,3,"ZYYH_063",2
16,3,"ZYYH_066",2
16,3,"ZYYH_067",1
16,3,"ZYYH_069",1
16,3,"ZYYH_070",1
16,3,"ZYYH_072",1
16,3,"ZYQC_065",3
16,3,"ZYQC_067",5
16,3,"ZYQC_071",5
16,3,"ZYQC_072",5
16,3,"ZYQC_073",5
16,3,"ZYQC_074",5
16,3,"ZYQC_076",2
16,3,"ZYQC_080",5
16,3,"ZYQC_081",2
16,3,"ZYQC_083",1
16,3,"ZYQC_084",4
16,3,"ZYQC_085",3
16,3,"ZYQC_089",1
16,3,"ZYQC_090",5
16,3,"ZYQC_093",3
16,3,"ZYQC_094",1
16,3,"ZYQC_096",2
16,3,"ZYQC_097",4
16,3,"ZYQC_101",4
16,3,"ZYQC_103",4
16,3,"ZYQC_105",1
16,3,"ZYQC_106",2
16,3,"ZYQC_110",3
16,3,"ZYQC_111",2
16,3,"ZYQC_112",2
16,3,"ZYQC_113",4
16,3,"ZYQC_114",5
16,3,"ZYQC_115",4
16,3,"ZZRM_102",5
16,3,"ZZRM_105",2
16,3,"PHYY_026",3
16,3,"PHYY_028",1
16,3,"XARM_036",5
16,3,"XARM_037",2
16,3,"HNSR_044",3
16,3,"SLTD_015",1
16,3,"ZDFE_109",5
16,3,"ZDFE_113",4
16,3,"ZDFE_115",3
16,3,"ZDFE_117",2
16,3,"TZEZ_022",4
16,3,"TZEZ_024",2
16,3,"TZEZ_029",1
16,3,"TZEZ_030",1
16,3,"TZEZ_032",5
16,3,"ZYQC_116",2
16,3,"ZYQC_118",2
16,3,"ZYQC_120",4
16,3,"ZYQC_121",4
16,3,"ZYQC_122",5
16,3,"ZYQC_123",1
16,3,"ZYQC_124",2
16,3,"ZYQC_125",4
16,3,"ZYQC_126",2
16,3,"ZYQC_127",5
16,3,"ZYQC_128",1
16,3,"ZYQC_133",2
16,3,"ZYQC_134",5
16,3,"ZYQC_135",2
16,3,"ZYQC_143",1
16,3,"ZYCZ_039",1
16,3,"ZYYH_074",3
16,3,"ZYYH_077",4
16,3,"HNSR_058",2
16,3,"ZDFE_119",5
16,3,"ZDFE_125",3
16,3,"ZDFE_127",1
16,3,"ZDFE_128",3
16,3,"ZDFE_129",4
16,3,"ZDFE_130",5
16,3,"ZDFE_134",5
16,3,"ZDFE_135",5
16,3,"ZDFE_136",4
16,3,"ZDFE_137",4
16,3,"ZZRM_108",1
16,3,"ZZRM_109",3
16,3,"ZZRM_111",4
16,3,"ZZRM_115",4
16,3,"JXSY_050",4
16,3,"JXSY_051",3
16,3,"JXSY_052",4
16,3,"PHYY_029",2
16,3,"PHYY_031",4
16,3,"TZEZ_033",2
16,3,"TZEZ_036",2
16,3,"TZEZ_038",4
16,3,"TZEZ_040",2
16,3,"TZEZ_041",5
16,3,"TZEZ_043",5
16,3,"TZEZ_045",1
16,3,"TZEZ_048",3
16,3,"TZEZ_050",2
16,3,"TZEZ_051",1
16,3,"TZEZ_055",1
16,3,"TZEZ_056",3
16,3,"TZEZ_057",4
16,3,"TZEZ_059",3
16,3,"TZEZ_060",4
16,3,"TZEZ_061",5
16,3,"WZZX_020",4
16,3,"WZZX_021",5
16,3,"LSRM_016",4
16,3,"SLTD_019",3
16,3,"SLTD_020",3
16,3,"SLTD_021",1
16,3,"SLTD_024",3
16,3,"LXZY_014",4
16,3,"LXZY_015",3
16,3,"HZSY_019",3
16,3,"HZSY_023",3
16,4,"ZYQC_039",3
16,4,"ZYQC_040",1
16,4,"ZYQC_042",1
16,4,"ZYQC_045",1
16,4,"ZYQC_047",1
16,4,"ZYQC_048",3
16,4,"ZYQC_050",4
16,4,"ZYQC_051",4
16,4,"ZYQC_052",1
16,4,"ZYQC_053",2
16,4,"ZYQC_055",1
16,4,"ZYQC_056",4
16,4,"ZYQC_058",5
16,4,"ZYQC_059",2
16,4,"ZYQC_060",2
16,4,"ZYCZ_019",5
16,4,"ZYCZ_020",1
16,4,"ZYCZ_023",5
16,4,"ZYCZ_025",1
16,4,"ZYCZ_026",2
16,4,"ZYCZ_028",2
16,4,"ZYCZ_029",5
16,4,"ZYYH_041",5
16,4,"ZYYH_047",1
16,4,"ZYYH_049",2
16,4,"ZYYH_051",4
16,4,"ZYYH_053",4
16,4,"HNSR_032",1
16,4,"ZDFE_031",1
16,4,"ZDFE_101",4
16,4,"ZDFE_102",2
16,4,"ZDFE_103",4
16,4,"ZDFE_104",2
16,4,"ZDFE_106",1
16,4,"ZZRM_089",5
16,4,"ZZRM_097",4
16,4,"JXSY_027",3
16,4,"JXSY_031",2
16,4,"PHYY_014",5
16,4,"PHYY_016",2
16,4,"PHYY_019",1
16,4,"PHYY_021",5
16,4,"PHYY_022",5
16,4,"TZEZ_002",3
16,4,"LSRM_011",5
16,4,"SLTD_009",4
16,4,"HZSY_004",2
16,4,"HZSY_005",5
16,4,"HZSY_008",1
16,4,"HZSY_012",3
16,4,"HZSY_017",1
16,4,"LXZY_011",3
16,4,"LXZY_013",3
16,4,"JXSY_033",2
16,4,"JXSY_036",4
16,4,"JXSY_038",5
16,4,"JXSY_039",5
16,4,"JXSY_042",1
16,4,"ZYCZ_030",4
16,4,"ZYCZ_032",4
16,4,"ZYCZ_033",4
16,4,"ZYCZ_034",3
16,4,"ZYCZ_036",4
16,4,"ZYYH_055",4
16,4,"ZYYH_056",1
16,4,"ZYYH_057",5
16,4,"ZYYH_058",5
16,4,"ZYYH_060",5
16,4,"ZYYH_061",1
16,4,"ZYYH_063",2
16,4,"ZYYH_067",3
16,4,"ZYYH_069",4
16,4,"ZYYH_071",3
16,4,"ZYYH_072",1
16,4,"ZYQC_065",3
16,4,"ZYQC_067",2
16,4,"ZYQC_068",3
16,4,"ZYQC_071",1
16,4,"ZYQC_072",1
16,4,"ZYQC_073",1
16,4,"ZYQC_075",4
16,4,"ZYQC_081",1
16,4,"ZYQC_083",3
16,4,"ZYQC_085",2
16,4,"ZYQC_090",1
16,4,"ZYQC_093",4
16,4,"ZYQC_095",5
16,4,"ZYQC_097",2
16,4,"ZYQC_098",5
16,4,"ZYQC_100",5
16,4,"ZYQC_102",2
16,4,"ZYQC_103",5
16,4,"ZYQC_104",3
16,4,"ZYQC_105",5
16,4,"ZYQC_108",2
16,4,"ZYQC_109",4
16,4,"ZYQC_110",3
16,4,"ZYQC_111",2
16,4,"ZYQC_112",2
16,4,"ZYQC_114",3
16,4,"ZYQC_115",5
16,4,"ZZRM_101",4
16,4,"ZZRM_103",3
16,4,"ZZRM_104",1
16,4,"ZZRM_105",1
16,4,"PHYY_023",2
16,4,"PHYY_026",1
16,4,"PHYY_028",2
16,4,"XARM_036",5
16,4,"XARM_037",2
16,4,"HNSR_044",1
16,4,"SLTD_017",3
16,4,"ZDFE_109",3
16,4,"ZDFE_113",5
16,4,"ZDFE_114",4
16,4,"ZDFE_115",3
16,4,"ZDFE_117",3
16,4,"TZEZ_022",4
16,4,"TZEZ_024",2
16,4,"TZEZ_029",5
16,4,"TZEZ_031",4
16,4,"TZEZ_032",3
16,4,"ZYQC_118",1
16,4,"ZYQC_119",1
16,4,"ZYQC_121",2
16,4,"ZYQC_122",1
16,4,"ZYQC_123",3
16,4,"ZYQC_125",3
16,4,"ZYQC_126",5
16,4,"ZYQC_127",3
16,4,"ZYQC_128",5
16,4,"ZYQC_132",4
16,4,"ZYQC_135",5
16,4,"ZYQC_143",4
16,4,"ZYCZ_038",3
16,4,"ZYCZ_039",3
16,4,"ZYYH_077",3
16,4,"HNSR_058",2
16,4,"ZDFE_118",4
16,4,"ZDFE_124",4
16,4,"ZDFE_125",4
16,4,"ZDFE_127",2
16,4,"ZDFE_128",1
16,4,"ZDFE_129",1
16,4,"ZDFE_131",2
16,4,"ZDFE_133",5
16,4,"ZDFE_134",4
16,4,"ZDFE_135",2
16,4,"ZDFE_136",4
16,4,"ZDFE_137",4
16,4,"ZDFE_138",5
16,4,"ZZRM_108",2
16,4,"ZZRM_109",2
16,4,"ZZRM_111",4
16,4,"ZZRM_115",5
16,4,"JXSY_050",5
16,4,"JXSY_051",3
16,4,"JXSY_052",3
16,4,"JXSY_056",3
16,4,"PHYY_029",3
16,4,"PHYY_031",5
16,4,"TZEZ_033",5
16,4,"TZEZ_036",2
16,4,"TZEZ_038",3
16,4,"TZEZ_040",2
16,4,"TZEZ_041",1
16,4,"TZEZ_043",4
16,4,"TZEZ_044",3
16,4,"TZEZ_048",2
16,4,"TZEZ_050",1
16,4,"TZEZ_053",2
16,4,"TZEZ_055",3
16,4,"TZEZ_056",1
16,4,"TZEZ_057",4
16,4,"TZEZ_059",2
16,4,"TZEZ_060",3
16,4,"TZEZ_061",4
16,4,"WZZX_020",4
16,4,"WZZX_021",4
16,4,"LSRM_014",3
16,4,"LSRM_015",2
16,4,"LSRM_016",4
16,4,"SLTD_019",5
16,4,"SLTD_020",1
16,4,"SLTD_021",5
16,4,"SLTD_022",2
16,4,"LXZY_015",1
16,4,"HZSY_022",3
16,4,"HZSY_023",5
16,5,"ZYQC_039",3
16,5,"ZYQC_040",4
16,5,"ZYQC_042",1
16,5,"ZYQC_047",5
16,5,"ZYQC_049",3
16,5,"ZYQC_050",2
16,5,"ZYQC_051",3
16,5,"ZYQC_053",1
16,5,"ZYQC_055",4
16,5,"ZYQC_056",1
16,5,"ZYQC_057",2
16,5,"ZYQC_058",2
16,5,"ZYQC_059",1
16,5,"ZYQC_060",4
16,5,"ZYCZ_018",3
16,5,"ZYCZ_019",4
16,5,"ZYCZ_020",5
16,5,"ZYCZ_023",2
16,5,"ZYCZ_025",5
16,5,"ZYCZ_026",2
16,5,"ZYCZ_027",1
16,5,"ZYCZ_028",3
16,5,"ZYYH_048",4
16,5,"ZYYH_049",1
16,5,"ZYYH_050",3
16,5,"ZYYH_051",2
16,5,"HNSR_032",5
16,5,"ZDFE_102",5
16,5,"ZDFE_104",5
16,5,"ZDFE_105",2
16,5,"ZDFE_106",3
16,5,"ZZRM_089",2
16,5,"ZZRM_093",3
16,5,"ZZRM_096",5
16,5,"ZZRM_097",5
16,5,"JXSY_023",2
16,5,"JXSY_027",1
16,5,"PHYY_014",4
16,5,"PHYY_016",4
16,5,"PHYY_021",5
16,5,"TZEZ_002",2
16,5,"TZEZ_018",3
16,5,"LSRM_011",1
16,5,"SLTD_009",5
16,5,"SLTD_010",1
16,5,"SLTD_012",4
16,5,"HZSY_003",3
16,5,"HZSY_004",4
16,5,"HZSY_005",5
16,5,"HZSY_008",2
16,5,"HZSY_009",2
16,5,"HZSY_012",4
16,5,"HZSY_015",5
16,5,"HZSY_017",4
16,5,"LXZY_011",3
16,5,"LXZY_013",5
16,5,"JXSY_033",1
16,5,"JXSY_036",2
16,5,"JXSY_038",1
16,5,"JXSY_041",2
16,5,"ZYCZ_030",1
16,5,"ZYCZ_032",1
16,5,"ZYCZ_033",2
16,5,"ZYCZ_034",4
16,5,"ZYCZ_035",4
16,5,"ZYCZ_036",3
16,5,"ZYYH_055",2
16,5,"ZYYH_056",5
16,5,"ZYYH_057",3
16,5,"ZYYH_058",4
16,5,"ZYYH_060",1
16,5,"ZYYH_061",5
16,5,"ZYYH_062",3
16,5,"ZYYH_066",3
16,5,"ZYYH_067",4
16,5,"ZYYH_069",3
16,5,"ZYYH_070",4
16,5,"ZYYH_071",2
16,5,"ZYQC_065",3
16,5,"ZYQC_067",4
16,5,"ZYQC_068",1
16,5,"ZYQC_072",3
16,5,"ZYQC_074",3
16,5,"ZYQC_075",3
16,5,"ZYQC_076",4
16,5,"ZYQC_080",1
16,5,"ZYQC_081",1
16,5,"ZYQC_083",5
16,5,"ZYQC_084",3
16,5,"ZYQC_089",2
16,5,"ZYQC_090",2
16,5,"ZYQC_093",1
16,5,"ZYQC_094",5
16,5,"ZYQC_095",5
16,5,"ZYQC_096",1
16,5,"ZYQC_098",1
16,5,"ZYQC_100",3
16,5,"ZYQC_101",4
16,5,"ZYQC_102",2
16,5,"ZYQC_103",4
16,5,"ZYQC_104",4
16,5,"ZYQC_105",1
16,5,"ZYQC_106",4
16,5,"ZYQC_108",5
16,5,"ZYQC_109",1
16,5,"ZYQC_110",4
16,5,"ZYQC_112",4
16,5,"ZYQC_113",5
16,5,"ZYQC_114",5
16,5,"ZYQC_115",2
16,5,"ZZRM_101",3
16,5,"ZZRM_102",1
16,5,"ZZRM_103",2
16,5,"ZZRM_104",3
16,5,"PHYY_023",1
16,5,"XARM_037",1
16,5,"SLTD_015",5
16,5,"SLTD_017",1
16,5,"ZDFE_109",1
16,5,"ZDFE_114",4
16,5,"ZDFE_115",4
16,5,"ZDFE_117",5
16,5,"TZEZ_024",2
16,5,"TZEZ_030",4
16,5,"TZEZ_031",5
16,5,"TZEZ_032",2
16,5,"ZYQC_116",4
16,5,"ZYQC_118",2
16,5,"ZYQC_119",2
16,5,"ZYQC_120",4
16,5,"ZYQC_121",3
16,5,"ZYQC_122",2
16,5,"ZYQC_123",3
16,5,"ZYQC_124",2
16,5,"ZYQC_128",3
16,5,"ZYQC_132",4
16,5,"ZYQC_133",2
16,5,"ZYQC_134",4
16,5,"ZYQC_143",1
16,5,"ZYCZ_038",2
16,5,"ZYCZ_039",3
16,5,"ZYYH_074",2
16,5,"ZYYH_077",5
16,5,"HNSR_058",3
16,5,"ZDFE_118",5
16,5,"ZDFE_119",3
16,5,"ZDFE_124",1
16,5,"ZDFE_128",2
16,5,"ZDFE_129",2
16,5,"ZDFE_130",3
16,5,"ZDFE_131",3
16,5,"ZDFE_133",4
16,5,"ZDFE_135",1
16,5,"ZDFE_136",5
16,5,"ZDFE_137",5
16,5,"ZDFE_138",4
16,5,"ZZRM_108",1
16,5,"ZZRM_109",5
16,5,"ZZRM_115",1
16,5,"JXSY_050",3
16,5,"JXSY_056",5
16,5,"PHYY_031",3
16,5,"TZEZ_033",5
16,5,"TZEZ_036",3
16,5,"TZEZ_041",1
16,5,"TZEZ_043",1
16,5,"TZEZ_044",2
16,5,"TZEZ_045",5
16,5,"TZEZ_048",5
16,5,"TZEZ_050",3
16,5,"TZEZ_051",2
16,5,"TZEZ_053",4
16,5,"TZEZ_055",4
16,5,"TZEZ_056",5
16,5,"TZEZ_059",3
16,5,"TZEZ_060",1
16,5,"TZEZ_061",3
16,5,"WZZX_020",5
16,5,"WZZX_021",4
16,5,"LSRM_014",1
16,5,"LSRM_015",2
16,5,"LSRM_016",1
16,5,"SLTD_022",4
16,5,"SLTD_024",2
16,5,"LXZY_014",5
16,5,"LXZY_015",1
16,5,"HZSY_019",2
16,5,"HZSY_022",4
16,5,"HZSY_023",5
17,1,"ZYQC_040",2
17,1,"ZYQC_042",1
17,1,"ZYQC_045",4
17,1,"ZYQC_047",1
17,1,"ZYQC_048",1
17,1,"ZYQC_049",2
17,1,"ZYQC_050",5
17,1,"ZYQC_051",2
17,1,"ZYQC_052",2
17,1,"ZYQC_055",1
17,1,"ZYQC_056",2
17,1,"ZYQC_057",4
17,1,"ZYQC_058",5
17,1,"ZYQC_059",5
17,1,"ZYQC_060",2
17,1,"ZYCZ_018",5
17,1,"ZYCZ_019",1
17,1,"ZYCZ_020",1
17,1,"ZYCZ_023",3
17,1,"ZYCZ_025",2
17,1,"ZYCZ_026",2
17,1,"ZYCZ_029",1
17,1,"ZYYH_041",3
17,1,"ZYYH_048",5
17,1,"ZYYH_053",4
17,1,"ZDFE_102",5
17,1,"ZDFE_104",4
17,1,"ZDFE_105",2
17,1,"ZDFE_106",2
17,1,"ZZRM_089",2
17,1,"ZZRM_093",2
17,1,"ZZRM_096",2
17,1,"ZZRM_097",3
17,1,"JXSY_031",5
17,1,"PHYY_014",5
17,1,"PHYY_019",3
17,1,"PHYY_021",1
17,1,"PHYY_022",3
17,1,"TZEZ_002",3
17,1,"TZEZ_018",4
17,1,"LSRM_011",4
17,1,"SLTD_010",1
17,1,"HZSY_003",1
17,1,"HZSY_004",4
17,1,"HZSY_005",2
17,1,"HZSY_008",2
17,1,"HZSY_009",3
17,1,"HZSY_012",1
17,1,"HZSY_015",1
17,1,"HZSY_017",1
17,1,"LXZY_011",3
17,1,"LXZY_013",5
17,1,"JXSY_033",5
17,1,"JXSY_036",4
17,1,"JXSY_038",3
17,1,"JXSY_041",2
17,1,"JXSY_042",3
17,1,"ZYCZ_030",2
17,1,"ZYCZ_033",4
17,1,"ZYCZ_034",4
17,1,"ZYCZ_035",5
17,1,"ZYCZ_036",5
17,1,"ZYYH_055",5
17,1,"ZYYH_056",1
17,1,"ZYYH_057",4
17,1,"ZYYH_058",3
17,1,"ZYYH_060",2
17,1,"ZYYH_061",4
17,1,"ZYYH_063",1
17,1,"ZYYH_066",5
17,1,"ZYYH_067",5
17,1,"ZYYH_069",4
17,1,"ZYYH_070",2
17,1,"ZYYH_071",4
17,1,"ZYYH_072",4
17,1,"ZYQC_067",1
17,1,"ZYQC_068",3
17,1,"ZYQC_071",1
17,1,"ZYQC_076",3
17,1,"ZYQC_080",4
17,1,"ZYQC_083",1
17,1,"ZYQC_085",2
17,1,"ZYQC_089",1
17,1,"ZYQC_090",2
17,1,"ZYQC_094",3
17,1,"ZYQC_097",3
17,1,"ZYQC_100",5
17,1,"ZYQC_101",4
17,1,"ZYQC_102",2
17,1,"ZYQC_103",1
17,1,"ZYQC_104",4
17,1,"ZYQC_105",3
17,1,"ZYQC_106",1
17,1,"ZYQC_108",2
17,1,"ZYQC_109",1
17,1,"ZYQC_110",3
17,1,"ZYQC_111",2
17,1,"ZYQC_112",3
17,1,"ZYQC_113",3
17,1,"ZYQC_114",5
17,1,"ZYQC_115",4
17,1,"ZZRM_101",2
17,1,"ZZRM_102",4
17,1,"ZZRM_103",3
17,1,"PHYY_023",2
17,1,"PHYY_026",4
17,1,"PHYY_028",3
17,1,"XARM_036",4
17,1,"XARM_037",4
17,1,"HNSR_044",3
17,1,"SLTD_017",4
17,1,"ZDFE_109",3
17,1,"ZDFE_113",4
17,1,"ZDFE_114",4
17,1,"ZDFE_115",1
17,1,"TZEZ_022",2
17,1,"TZEZ_024",4
17,1,"TZEZ_029",2
17,1,"TZEZ_032",3
17,1,"ZYQC_116",5
17,1,"ZYQC_118",3
17,1,"ZYQC_120",1
17,1,"ZYQC_121",4
17,1,"ZYQC_122",3
17,1,"ZYQC_123",2
17,1,"ZYQC_124",3
17,1,"ZYQC_125",5
17,1,"ZYQC_126",1
17,1,"ZYQC_127",2
17,1,"ZYQC_128",3
17,1,"ZYQC_133",5
17,1,"ZYQC_134",1
17,1,"ZYQC_135",2
17,1,"ZYQC_143",5
17,1,"ZYCZ_038",1
17,1,"ZYCZ_039",4
17,1,"ZYYH_074",2
17,1,"ZYYH_077",5
17,1,"ZDFE_118",3
17,1,"ZDFE_119",2
17,1,"ZDFE_125",4
17,1,"ZDFE_127",5
17,1,"ZDFE_128",5
17,1,"ZDFE_130",5
17,1,"ZDFE_131",2
17,1,"ZDFE_133",5
17,1,"ZDFE_134",2
17,1,"ZDFE_135",2
17,1,"ZDFE_136",5
17,1,"ZDFE_137",4
17,1,"ZDFE_138",1
17,1,"ZZRM_109",1
17,1,"ZZRM_111",1
17,1,"JXSY_050",5
17,1,"JXSY_051",1
17,1,"JXSY_052",3
17,1,"JXSY_056",5
17,1,"PHYY_029",3
17,1,"PHYY_031",3
17,1,"TZEZ_033",5
17,1,"TZEZ_036",4
17,1,"TZEZ_040",1
17,1,"TZEZ_043",5
17,1,"TZEZ_044",1
17,1,"TZEZ_045",5
17,1,"TZEZ_048",4
17,1,"TZEZ_050",2
17,1,"TZEZ_053",5
17,1,"TZEZ_055",1
17,1,"TZEZ_056",5
17,1,"TZEZ_057",4
17,1,"TZEZ_059",1
17,1,"TZEZ_060",5
17,1,"TZEZ_061",3
17,1,"WZZX_020",1
17,1,"WZZX_021",3
17,1,"LSRM_015",4
17,1,"LSRM_016",1
17,1,"SLTD_019",2
17,1,"SLTD_020",3
17,1,"SLTD_021",4
17,1,"SLTD_022",5
17,1,"SLTD_024",1
17,1,"LXZY_014",4
17,1,"LXZY_015",3
17,1,"HZSY_019",3
17,1,"HZSY_022",3
17,1,"HZSY_023",5
17,2,"ZYQC_039",2
17,2,"ZYQC_040",4
17,2,"ZYQC_045",4
17,2,"ZYQC_047",4
17,2,"ZYQC_049",4
17,2,"ZYQC_050",3
17,2,"ZYQC_052",2
17,2,"ZYQC_053",3
17,2,"ZYQC_055",2
17,2,"ZYQC_056",3
17,2,"ZYQC_058",2
17,2,"ZYQC_060",4
17,2,"ZYCZ_018",2
17,2,"ZYCZ_019",5
17,2,"ZYCZ_020",1
17,2,"ZYCZ_025",2
17,2,"ZYCZ_026",1
17,2,"ZYCZ_027",2
17,2,"ZYCZ_028",4
17,2,"ZYCZ_029",2
17,2,"ZYYH_041",5
17,2,"ZYYH_047",2
17,2,"ZYYH_049",1
17,2,"ZYYH_050",3
17,2,"ZYYH_051",3
17,2,"ZYYH_053",2
17,2,"HNSR_032",4
17,2,"ZDFE_031",5
17,2,"ZDFE_101",3
17,2,"ZDFE_102",1
17,2,"ZDFE_103",2
17,2,"ZDFE_104",5
17,2,"ZDFE_105",5
17,2,"ZDFE_106",1
17,2,"ZZRM_089",3
17,2,"ZZRM_093",1
17,2,"JXSY_023",3
17,2,"JXSY_027",5
17,2,"JXSY_031",5
17,2,"PHYY_014",5
17,2,"PHYY_016",5
17,2,"PHYY_019",1
17,2,"PHYY_022",1
17,2,"TZEZ_002",4
17,2,"TZEZ_018",1
17,2,"LSRM_011",5
17,2,"SLTD_009",2
17,2,"SLTD_010",2
17,2,"SLTD_012",4
17,2,"HZSY_003",4
17,2,"HZSY_005",4
17,2,"HZSY_008",3
17,2,"HZSY_015",2
17,2,"HZSY_017",4
17,2,"LXZY_013",3
17,2,"JXSY_033",2
17,2,"JXSY_036",4
17,2,"JXSY_038",3
17,2,"JXSY_039",1
17,2,"JXSY_042",4
17,2,"ZYCZ_030",1
17,2,"ZYCZ_032",2
17,2,"ZYCZ_033",1
17,2,"ZYCZ_034",4
17,2,"ZYCZ_035",1
17,2,"ZYYH_057",5
17,2,"ZYYH_062",1
17,2,"ZYYH_063",3
17,2,"ZYYH_066",5
17,2,"ZYYH_071",5
17,2,"ZYYH_072",2
17,2,"ZYQC_065",3
17,2,"ZYQC_067",3
17,2,"ZYQC_072",3
17,2,"ZYQC_073",5
17,2,"ZYQC_074",4
17,2,"ZYQC_075",2
17,2,"ZYQC_076",5
17,2,"ZYQC_081",3
17,2,"ZYQC_083",3
17,2,"ZYQC_084",1
17,2,"ZYQC_085",5
17,2,"ZYQC_089",2
17,2,"ZYQC_090",1
17,2,"ZYQC_093",2
17,2,"ZYQC_094",3
17,2,"ZYQC_095",1
17,2,"ZYQC_096",3
17,2,"ZYQC_098",2
17,2,"ZYQC_100",4
17,2,"ZYQC_103",3
17,2,"ZYQC_104",2
17,2,"ZYQC_105",5
17,2,"ZYQC_106",1
17,2,"ZYQC_110",1
17,2,"ZYQC_111",5
17,2,"ZYQC_112",4
17,2,"ZYQC_113",1
17,2,"ZYQC_114",4
17,2,"ZZRM_101",5
17,2,"ZZRM_102",3
17,2,"ZZRM_104",4
17,2,"ZZRM_105",3
17,2,"PHYY_023",1
17,2,"PHYY_026",3
17,2,"PHYY_028",2
17,2,"XARM_036",5
17,2,"XARM_037",3
17,2,"HNSR_044",5
17,2,"SLTD_015",5
17,2,"SLTD_017",4
17,2,"ZDFE_109",1
17,2,"ZDFE_113",4
17,2,"ZDFE_114",3
17,2,"ZDFE_115",4
17,2,"ZDFE_117",5
17,2,"TZEZ_022",1
17,2,"TZEZ_024",3
17,2,"TZEZ_029",2
17,2,"TZEZ_030",1
17,2,"TZEZ_031",2
17,2,"TZEZ_032",5
17,2,"ZYQC_118",5
17,2,"ZYQC_119",2
17,2,"ZYQC_120",1
17,2,"ZYQC_121",5
17,2,"ZYQC_122",1
17,2,"ZYQC_123",2
17,2,"ZYQC_125",4
17,2,"ZYQC_126",4
17,2,"ZYQC_127",1
17,2,"ZYQC_132",2
17,2,"ZYQC_134",4
17,2,"ZYQC_135",3
17,2,"ZYQC_143",5
17,2,"ZYCZ_038",2
17,2,"ZYCZ_039",2
17,2,"ZYYH_074",4
17,2,"ZYYH_077",2
17,2,"HNSR_058",4
17,2,"ZDFE_118",1
17,2,"ZDFE_119",3
17,2,"ZDFE_124",5
17,2,"ZDFE_125",5
17,2,"ZDFE_127",3
17,2,"ZDFE_129",5
17,2,"ZDFE_131",2
17,2,"ZDFE_133",4
17,2,"ZDFE_134",2
17,2,"ZDFE_135",3
17,2,"ZDFE_136",1
17,2,"ZDFE_137",2
17,2,"ZDFE_138",1
17,2,"ZZRM_108",5
17,2,"ZZRM_109",3
17,2,"ZZRM_111",5
17,2,"ZZRM_115",5
17,2,"JXSY_050",4
17,2,"JXSY_051",1
17,2,"JXSY_052",1
17,2,"JXSY_056",5
17,2,"PHYY_031",4
17,2,"TZEZ_036",5
17,2,"TZEZ_038",4
17,2,"TZEZ_040",1
17,2,"TZEZ_041",4
17,2,"TZEZ_043",3
17,2,"TZEZ_044",1
17,2,"TZEZ_045",3
17,2,"TZEZ_048",2
17,2,"TZEZ_051",3
17,2,"TZEZ_053",1
17,2,"TZEZ_057",2
17,2,"TZEZ_059",4
17,2,"TZEZ_060",3
17,2,"TZEZ_061",5
17,2,"WZZX_020",3
17,2,"LSRM_014",5
17,2,"LSRM_015",1
17,2,"LSRM_016",4
17,2,"SLTD_019",1
17,2,"SLTD_020",3
17,2,"SLTD_021",1
17,2,"SLTD_022",2
17,2,"SLTD_024",2
17,2,"LXZY_014",4
17,2,"HZSY_019",4
17,2,"HZSY_022",3
17,2,"HZSY_023",4
17,3,"ZYQC_039",2
17,3,"ZYQC_042",1
17,3,"ZYQC_045",3
17,3,"ZYQC_048",5
17,3,"ZYQC_049",2
17,3,"ZYQC_051",1
17,3,"ZYQC_052",2
17,3,"ZYQC_053",3
17,3,"ZYQC_055",5
17,3,"ZYQC_056",3
17,3,"ZYQC_057",3
17,3,"ZYQC_058",5
17,3,"ZYQC_059",4
17,3,"ZYQC_060",3
17,3,"ZYCZ_018",3
17,3,"ZYCZ_019",4
17,3,"ZYCZ_023",3
17,3,"ZYCZ_025",5
17,3,"ZYCZ_026",4
17,3,"ZYCZ_027",5
17,3,"ZYCZ_028",4
17,3,"ZYYH_041",5
17,3,"ZYYH_047",1
17,3,"ZYYH_048",2
17,3,"ZYYH_049",3
17,3,"ZYYH_050",5
17,3,"ZYYH_051",4
17,3,"HNSR_032",5
17,3,"ZDFE_031",5
17,3,"ZDFE_101",3
17,3,"ZDFE_102",3
17,3,"ZDFE_103",5
17,3,"ZDFE_104",3
17,3,"ZDFE_105",1
17,3,"ZZRM_089",1
17,3,"ZZRM_093",5
17,3,"ZZRM_096",2
17,3,"ZZRM_097",2
17,3,"JXSY_023",5
17,3,"JXSY_027",4
17,3,"JXSY_031",4
17,3,"PHYY_014",5
17,3,"PHYY_016",4
17,3,"PHYY_019",2
17,3,"PHYY_021",1
17,3,"LSRM_011",2
17,3,"SLTD_009",2
17,3,"SLTD_010",4
17,3,"SLTD_012",1
17,3,"HZSY_003",3
17,3,"HZSY_004",3
17,3,"HZSY_005",2
17,3,"HZSY_008",3
17,3,"HZSY_009",2
17,3,"HZSY_012",2
17,3,"HZSY_017",2
17,3,"LXZY_011",3
17,3,"LXZY_013",3
17,3,"JXSY_033",5
17,3,"JXSY_036",5
17,3,"JXSY_038",3
17,3,"JXSY_039",5
17,3,"JXSY_041",5
17,3,"ZYCZ_032",1
17,3,"ZYCZ_033",1
17,3,"ZYCZ_035",1
17,3,"ZYCZ_036",4
17,3,"ZYYH_055",5
17,3,"ZYYH_056",3
17,3,"ZYYH_058",2
17,3,"ZYYH_060",4
17,3,"ZYYH_061",4
17,3,"ZYYH_062",4
17,3,"ZYYH_063",3
17,3,"ZYYH_067",1
17,3,"ZYYH_069",2
17,3,"ZYYH_070",4
17,3,"ZYYH_071",4
17,3,"ZYYH_072",3
17,3,"ZYQC_065",4
17,3,"ZYQC_067",4
17,3,"ZYQC_068",3
17,3,"ZYQC_071",4
17,3,"ZYQC_072",1
17,3,"ZYQC_073",4
17,3,"ZYQC_074",5
17,3,"ZYQC_075",5
17,3,"ZYQC_076",2
17,3,"ZYQC_080",4
17,3,"ZYQC_081",3
17,3,"ZYQC_084",3
17,3,"ZYQC_085",4
17,3,"ZYQC_089",4
17,3,"ZYQC_093",2
17,3,"ZYQC_095",2
17,3,"ZYQC_096",1
17,3,"ZYQC_097",5
17,3,"ZYQC_098",1
17,3,"ZYQC_101",5
17,3,"ZYQC_102",3
17,3,"ZYQC_104",1
17,3,"ZYQC_105",1
17,3,"ZYQC_106",4
17,3,"ZYQC_108",1
17,3,"ZYQC_109",2
17,3,"ZYQC_110",1
17,3,"ZYQC_111",5
17,3,"ZYQC_112",3
17,3,"ZYQC_113",3
17,3,"ZYQC_114",5
17,3,"ZYQC_115",2
17,3,"ZZRM_102",2
17,3,"ZZRM_103",5
17,3,"ZZRM_104",4
17,3,"ZZRM_105",5
17,3,"PHYY_023",3
17,3,"PHYY_028",4
17,3,"XARM_036",2
17,3,"XARM_037",1
17,3,"HNSR_044",1
17,3,"SLTD_015",2
17,3,"SLTD_017",5
17,3,"ZDFE_109",5
17,3,"ZDFE_113",3
17,3,"ZDFE_114",3
17,3,"ZDFE_115",4
17,3,"ZDFE_117",3
17,3,"TZEZ_024",4
17,3,"TZEZ_029",4
17,3,"TZEZ_030",2
17,3,"TZEZ_031",5
17,3,"ZYQC_116",2
17,3,"ZYQC_119",5
17,3,"ZYQC_124",1
17,3,"ZYQC_125",3
17,3,"ZYQC_126",1
17,3,"ZYQC_127",3
17,3,"ZYQC_128",2
17,3,"ZYQC_132",1
17,3,"ZYQC_133",3
17,3,"ZYQC_134",4
17,3,"ZYCZ_038",5
17,3,"ZYCZ_039",1
17,3,"ZYYH_077",4
17,3,"HNSR_058",2
17,3,"ZDFE_118",2
17,3,"ZDFE_124",4
17,3,"ZDFE_125",3
17,3,"ZDFE_128",4
17,3,"ZDFE_129",1
17,3,"ZDFE_130",1
17,3,"ZDFE_131",2
17,3,"ZDFE_134",1
17,3,"ZDFE_136",5
17,3,"ZDFE_137",1
17,3,"ZZRM_108",1
17,3,"ZZRM_109",4
17,3,"ZZRM_115",2
17,3,"JXSY_050",1
17,3,"JXSY_051",4
17,3,"JXSY_052",1
17,3,"PHYY_029",2
17,3,"PHYY_031",2
17,3,"TZEZ_033",1
17,3,"TZEZ_036",4
17,3,"TZEZ_038",3
17,3,"TZEZ_040",4
17,3,"TZEZ_041",3
17,3,"TZEZ_044",2
17,3,"TZEZ_045",2
17,3,"TZEZ_048",4
17,3,"TZEZ_050",3
17,3,"TZEZ_051",2
17,3,"TZEZ_053",5
17,3,"TZEZ_055",1
17,3,"TZEZ_056",3
17,3,"TZEZ_057",5
17,3,"TZEZ_059",1
17,3,"WZZX_020",1
17,3,"WZZX_021",1
17,3,"LSRM_014",1
17,3,"LSRM_016",4
17,3,"SLTD_020",2
17,3,"SLTD_021",2
17,3,"SLTD_024",1
17,3,"LXZY_014",5
17,3,"LXZY_015",5
17,3,"HZSY_019",2
17,3,"HZSY_023",5
17,4,"ZYQC_039",3
17,4,"ZYQC_040",2
17,4,"ZYQC_042",4
17,4,"ZYQC_045",5
17,4,"ZYQC_047",3
17,4,"ZYQC_048",4
17,4,"ZYQC_049",2
17,4,"ZYQC_050",5
17,4,"ZYQC_051",4
17,4,"ZYQC_053",1
17,4,"ZYQC_057",4
17,4,"ZYQC_059",1
17,4,"ZYQC_060",5
17,4,"ZYCZ_018",3
17,4,"ZYCZ_019",5
17,4,"ZYCZ_020",1
17,4,"ZYCZ_023",1
17,4,"ZYCZ_025",5
17,4,"ZYCZ_026",3
17,4,"ZYCZ_027",1
17,4,"ZYCZ_028",4
17,4,"ZYCZ_029",4
17,4,"ZYYH_047",1
17,4,"ZYYH_048",2
17,4,"ZYYH_049",2
17,4,"ZYYH_050",3
17,4,"ZYYH_051",2
17,4,"ZYYH_053",1
17,4,"HNSR_032",5
17,4,"ZDFE_031",3
17,4,"ZDFE_101",2
17,4,"ZDFE_103",2
17,4,"ZDFE_106",1
17,4,"ZZRM_089",3
17,4,"ZZRM_093",5
17,4,"ZZRM_096",1
17,4,"ZZRM_097",2
17,4,"JXSY_023",2
17,4,"JXSY_027",5
17,4,"JXSY_031",1
17,4,"PHYY_016",1
17,4,"PHYY_019",5
17,4,"PHYY_021",1
17,4,"PHYY_022",2
17,4,"TZEZ_002",3
17,4,"TZEZ_018",3
17,4,"LSRM_011",2
17,4,"SLTD_009",3
17,4,"SLTD_010",2
17,4,"SLTD_012",4
17,4,"HZSY_004",4
17,4,"HZSY_005",3
17,4,"HZSY_009",4
17,4,"HZSY_012",3
17,4,"HZSY_015",1
17,4,"HZSY_017",5
17,4,"LXZY_011",2
17,4,"LXZY_013",1
17,4,"JXSY_038",3
17,4,"JXSY_039",2
17,4,"JXSY_041",5
17,4,"JXSY_042",4
17,4,"ZYCZ_030",5
17,4,"ZYCZ_032",3
17,4,"ZYCZ_034",1
17,4,"ZYCZ_036",4
17,4,"ZYYH_055",3
17,4,"ZYYH_056",2
17,4,"ZYYH_057",3
17,4,"ZYYH_058",2
17,4,"ZYYH_060",4
17,4,"ZYYH_061",3
17,4,"ZYYH_062",4
17,4,"ZYYH_063",5
17,4,"ZYYH_066",5
17,4,"ZYYH_067",4
17,4,"ZYYH_069",1
17,4,"ZYYH_070",5
17,4,"ZYQC_065",3
17,4,"ZYQC_067",2
17,4,"ZYQC_068",1
17,4,"ZYQC_071",4
17,4,"ZYQC_072",5
17,4,"ZYQC_073",4
17,4,"ZYQC_074",5
17,4,"ZYQC_075",4
17,4,"ZYQC_080",2
17,4,"ZYQC_081",1
17,4,"ZYQC_083",5
17,4,"ZYQC_084",3
17,4,"ZYQC_085",5
17,4,"ZYQC_090",1
17,4,"ZYQC_093",3
17,4,"ZYQC_094",3
17,4,"ZYQC_095",4
17,4,"ZYQC_096",2
17,4,"ZYQC_097",1
17,4,"ZYQC_098",4
17,4,"ZYQC_100",3
17,4,"ZYQC_101",4
17,4,"ZYQC_102",2
17,4,"ZYQC_103",2
17,4,"ZYQC_105",4
17,4,"ZYQC_106",3
17,4,"ZYQC_108",5
17,4,"ZYQC_109",2
17,4,"ZYQC_113",4
17,4,"ZYQC_115",3
17,4,"ZZRM_101",4
17,4,"ZZRM_103",1
17,4,"ZZRM_104",4
17,4,"ZZRM_105",5
17,4,"PHYY_023",2
17,4,"PHYY_026",3
17,4,"PHYY_028",5
17,4,"HNSR_044",2
17,4,"SLTD_015",5
17,4,"ZDFE_113",3
17,4,"ZDFE_114",4
17,4,"ZDFE_117",3
17,4,"TZEZ_022",3
17,4,"TZEZ_029",1
17,4,"TZEZ_030",4
17,4,"TZEZ_031",3
17,4,"TZEZ_032",5
17,4,"ZYQC_116",2
17,4,"ZYQC_118",3
17,4,"ZYQC_119",4
17,4,"ZYQC_120",4
17,4,"ZYQC_121",1
17,4,"ZYQC_122",5
17,4,"ZYQC_123",4
17,4,"ZYQC_124",2
17,4,"ZYQC_125",5
17,4,"ZYQC_127",1
17,4,"ZYQC_128",1
17,4,"ZYQC_132",1
17,4,"ZYQC_133",1
17,4,"ZYQC_135",1
17,4,"ZYQC_143",4
17,4,"ZYCZ_038",3
17,4,"ZYYH_074",4
17,4,"ZYYH_077",1
17,4,"HNSR_058",5
17,4,"ZDFE_118",5
17,4,"ZDFE_119",1
17,4,"ZDFE_124",2
17,4,"ZDFE_127",3
17,4,"ZDFE_128",5
17,4,"ZDFE_129",2
17,4,"ZDFE_130",2
17,4,"ZDFE_133",1
17,4,"ZDFE_134",3
17,4,"ZDFE_135",4
17,4,"ZDFE_137",5
17,4,"ZDFE_138",5
17,4,"ZZRM_108",2
17,4,"ZZRM_111",4
17,4,"ZZRM_115",2
17,4,"JXSY_050",1
17,4,"JXSY_051",2
17,4,"JXSY_056",1
17,4,"PHYY_029",2
17,4,"PHYY_031",3
17,4,"TZEZ_033",3
17,4,"TZEZ_036",3
17,4,"TZEZ_038",1
17,4,"TZEZ_041",2
17,4,"TZEZ_043",1
17,4,"TZEZ_044",5
17,4,"TZEZ_050",5
17,4,"TZEZ_051",5
17,4,"TZEZ_055",2
17,4,"TZEZ_056",2
17,4,"TZEZ_057",3
17,4,"TZEZ_060",2
17,4,"TZEZ_061",1
17,4,"WZZX_020",4
17,4,"WZZX_021",1
17,4,"LSRM_014",5
17,4,"LSRM_015",4
17,4,"SLTD_019",4
17,4,"SLTD_020",2
17,4,"SLTD_022",5
17,4,"LXZY_014",5
17,4,"LXZY_015",4
17,4,"HZSY_019",3
17,4,"HZSY_022",1
17,4,"HZSY_023",4
17,5,"ZYQC_039",5
17,5,"ZYQC_040",1
17,5,"ZYQC_042",5
17,5,"ZYQC_047",2
17,5,"ZYQC_048",3
17,5,"ZYQC_050",2
17,5,"ZYQC_051",1
17,5,"ZYQC_052",1
17,5,"ZYQC_053",5
17,5,"ZYQC_055",2
17,5,"ZYQC_056",1
17,5,"ZYQC_057",3
17,5,"ZYQC_058",2
17,5,"ZYQC_059",5
17,5,"ZYCZ_020",3
17,5,"ZYCZ_023",3
17,5,"ZYCZ_027",5
17,5,"ZYCZ_028",1
17,5,"ZYCZ_029",2
17,5,"ZYYH_041",2
17,5,"ZYYH_047",3
17,5,"ZYYH_048",4
17,5,"ZYYH_049",1
17,5,"ZYYH_050",1
17,5,"ZYYH_051",2
17,5,"ZYYH_053",1
17,5,"HNSR_032",3
17,5,"ZDFE_031",2
17,5,"ZDFE_101",3
17,5,"ZDFE_102",2
17,5,"ZDFE_103",3
17,5,"ZDFE_104",4
17,5,"ZDFE_105",3
17,5,"ZDFE_106",4
17,5,"ZZRM_096",3
17,5,"ZZRM_097",5
17,5,"JXSY_023",1
17,5,"JXSY_027",5
17,5,"PHYY_014",3
17,5,"PHYY_016",4
17,5,"PHYY_021",4
17,5,"PHYY_022",2
17,5,"TZEZ_002",4
17,5,"TZEZ_018",1
17,5,"SLTD_009",5
17,5,"SLTD_012",1
17,5,"HZSY_003",4
17,5,"HZSY_004",4
17,5,"HZSY_008",5
17,5,"HZSY_009",5
17,5,"HZSY_012",1
17,5,"HZSY_015",3
17,5,"LXZY_011",4
17,5,"JXSY_033",4
17,5,"JXSY_036",4
17,5,"JXSY_039",3
17,5,"JXSY_041",3
17,5,"JXSY_042",2
17,5,"ZYCZ_030",3
17,5,"ZYCZ_032",1
17,5,"ZYCZ_033",1
17,5,"ZYCZ_034",4
17,5,"ZYCZ_035",3
17,5,"ZYCZ_036",4
17,5,"ZYYH_055",1
17,5,"ZYYH_056",5
17,5,"ZYYH_057",5
17,5,"ZYYH_058",3
17,5,"ZYYH_060",1
17,5,"ZYYH_061",3
17,5,"ZYYH_062",1
17,5,"ZYYH_066",2
17,5,"ZYYH_067",3
17,5,"ZYYH_069",4
17,5,"ZYYH_070",5
17,5,"ZYYH_071",2
17,5,"ZYYH_072",5
17,5,"ZYQC_065",1
17,5,"ZYQC_068",2
17,5,"ZYQC_071",5
17,5,"ZYQC_072",5
17,5,"ZYQC_073",5
17,5,"ZYQC_074",2
17,5,"ZYQC_075",4
17,5,"ZYQC_076",3
17,5,"ZYQC_080",1
17,5,"ZYQC_081",4
17,5,"ZYQC_083",2
17,5,"ZYQC_084",5
17,5,"ZYQC_089",4
17,5,"ZYQC_090",3
17,5,"ZYQC_093",2
17,5,"ZYQC_094",3
17,5,"ZYQC_095",4
17,5,"ZYQC_096",3
17,5,"ZYQC_097",5
17,5,"ZYQC_098",5
17,5,"ZYQC_100",3
17,5,"ZYQC_101",2
17,5,"ZYQC_102",1
17,5,"ZYQC_103",1
17,5,"ZYQC_104",2
17,5,"ZYQC_108",2
17,5,"ZYQC_109",1
17,5,"ZYQC_110",4
17,5,"ZYQC_111",4
17,5,"ZYQC_112",3
17,5,"ZYQC_114",1
17,5,"ZYQC_115",1
17,5,"ZZRM_101",3
17,5,"ZZRM_102",3
17,5,"ZZRM_103",1
17,5,"ZZRM_104",1
17,5,"ZZRM_105",1
17,5,"PHYY_026",4
17,5,"XARM_036",5
17,5,"XARM_037",3
17,5,"SLTD_015",2
17,5,"SLTD_017",4
17,5,"ZDFE_109",5
17,5,"ZDFE_115",3
17,5,"ZDFE_117",3
17,5,"TZEZ_022",4
17,5,"TZEZ_024",2
17,5,"TZEZ_030",3
17,5,"TZEZ_031",2
17,5,"TZEZ_032",2
17,5,"ZYQC_116",3
17,5,"ZYQC_118",2
17,5,"ZYQC_119",3
17,5,"ZYQC_120",2
17,5,"ZYQC_121",2
17,5,"ZYQC_122",5
17,5,"ZYQC_123",4
17,5,"ZYQC_124",4
17,5,"ZYQC_126",5
17,5,"ZYQC_128",2
17,5,"ZYQC_132",4
17,5,"ZYQC_133",3
17,5,"ZYQC_134",4
17,5,"ZYQC_135",2
17,5,"ZYQC_143",5
17,5,"ZYCZ_039",1
17,5,"ZYYH_074",1
17,5,"HNSR_058",4
17,5,"ZDFE_119",2
17,5,"ZDFE_124",1
17,5,"ZDFE_125",1
17,5,"ZDFE_127",2
17,5,"ZDFE_128",4
17,5,"ZDFE_129",5
17,5,"ZDFE_130",4
17,5,"ZDFE_131",4
17,5,"ZDFE_133",3
17,5,"ZDFE_135",5
17,5,"ZDFE_136",4
17,5,"ZDFE_138",2
17,5,"ZZRM_108",5
17,5,"ZZRM_109",1
17,5,"ZZRM_111",5
17,5,"ZZRM_115",1
17,5,"JXSY_052",4
17,5,"JXSY_056",5
17,5,"PHYY_029",2
17,5,"TZEZ_033",2
17,5,"TZEZ_038",4
17,5,"TZEZ_040",3
17,5,"TZEZ_041",2
17,5,"TZEZ_043",2
17,5,"TZEZ_045",1
17,5,"TZEZ_048",1
17,5,"TZEZ_050",3
17,5,"TZEZ_051",4
17,5,"TZEZ_053",1
17,5,"TZEZ_055",4
17,5,"TZEZ_056",2
17,5,"TZEZ_059",4
17,5,"TZEZ_060",5
17,5,"TZEZ_061",1
17,5,"WZZX_021",2
17,5,"LSRM_014",5
17,5,"LSRM_015",5
17,5,"LSRM_016",5
17,5,"SLTD_019",5
17,5,"SLTD_021",4
17,5,"SLTD_022",1
17,5,"SLTD_024",5
17,5,"LXZY_015",3
17,5,"HZSY_022",5
18,1,"ZYQC_039",5
18,1,"ZYQC_040",3
18,1,"ZYQC_045",1
18,1,"ZYQC_048",1
18,1,"ZYQC_049",2
18,1,"ZYQC_050",2
18,1,"ZYQC_052",2
18,1,"ZYQC_053",2
18,1,"ZYQC_055",1
18,1,"ZYQC_056",3
18,1,"ZYQC_057",5
18,1,"ZYQC_058",4
18,1,"ZYQC_059",2
18,1,"ZYQC_060",5
18,1,"ZYCZ_018",4
18,1,"ZYCZ_019",4
18,1,"ZYCZ_020",1
18,1,"ZYCZ_023",5
18,1,"ZYCZ_025",5
18,1,"ZYCZ_026",5
18,1,"ZYCZ_027",3
18,1,"ZYCZ_028",2
18,1,"ZYCZ_029",3
18,1,"ZYYH_041",4
18,1,"ZYYH_047",1
18,1,"ZYYH_049",4
18,1,"ZYYH_050",4
18,1,"ZYYH_051",5
18,1,"HNSR_032",2
18,1,"ZDFE_031",5
18,1,"ZDFE_101",4
18,1,"ZDFE_102",3
18,1,"ZDFE_103",4
18,1,"ZDFE_105",3
18,1,"ZDFE_106",3
18,1,"ZZRM_089",5
18,1,"ZZRM_093",4
18,1,"ZZRM_096",1
18,1,"ZZRM_097",4
18,1,"JXSY_023",1
18,1,"JXSY_027",4
18,1,"JXSY_031",3
18,1,"PHYY_014",4
18,1,"PHYY_016",2
18,1,"PHYY_019",1
18,1,"PHYY_021",1
18,1,"PHYY_022",4
18,1,"TZEZ_002",2
18,1,"LSRM_011",5
18,1,"SLTD_010",3
18,1,"SLTD_012",2
18,1,"HZSY_003",5
18,1,"HZSY_005",5
18,1,"HZSY_008",4
18,1,"HZSY_009",1
18,1,"HZSY_012",4
18,1,"LXZY_011",2
18,1,"JXSY_033",5
18,1,"JXSY_036",5
18,1,"JXSY_039",1
18,1,"JXSY_041",3
18,1,"JXSY_042",5
18,1,"ZYCZ_030",3
18,1,"ZYCZ_032",5
18,1,"ZYCZ_033",3
18,1,"ZYCZ_034",1
18,1,"ZYCZ_036",1
18,1,"ZYYH_055",5
18,1,"ZYYH_058",3
18,1,"ZYYH_060",3
18,1,"ZYYH_061",1
18,1,"ZYYH_063",3
18,1,"ZYYH_066",2
18,1,"ZYYH_067",3
18,1,"ZYYH_070",5
18,1,"ZYYH_071",1
18,1,"ZYQC_065",4
18,1,"ZYQC_067",5
18,1,"ZYQC_068",2
18,1,"ZYQC_073",1
18,1,"ZYQC_074",3
18,1,"ZYQC_075",2
18,1,"ZYQC_076",3
18,1,"ZYQC_080",1
18,1,"ZYQC_081",2
18,1,"ZYQC_083",3
18,1,"ZYQC_084",4
18,1,"ZYQC_085",2
18,1,"ZYQC_089",4
18,1,"ZYQC_090",1
18,1,"ZYQC_093",4
18,1,"ZYQC_094",3
18,1,"ZYQC_096",3
18,1,"ZYQC_097",5
18,1,"ZYQC_098",4
18,1,"ZYQC_100",5
18,1,"ZYQC_101",2
18,1,"ZYQC_105",5
18,1,"ZYQC_106",1
18,1,"ZYQC_108",5
18,1,"ZYQC_109",1
18,1,"ZYQC_110",2
18,1,"ZYQC_111",4
18,1,"ZYQC_113",1
18,1,"ZYQC_114",4
18,1,"ZYQC_115",1
18,1,"ZZRM_102",5
18,1,"ZZRM_103",1
18,1,"ZZRM_104",3
18,1,"ZZRM_105",1
18,1,"PHYY_023",2
18,1,"PHYY_026",3
18,1,"XARM_036",3
18,1,"XARM_037",2
18,1,"HNSR_044",5
18,1,"SLTD_015",3
18,1,"SLTD_017",2
18,1,"ZDFE_109",2
18,1,"ZDFE_114",2
18,1,"ZDFE_115",5
18,1,"ZDFE_117",4
18,1,"TZEZ_022",1
18,1,"TZEZ_024",2
18,1,"TZEZ_030",1
18,1,"TZEZ_031",2
18,1,"TZEZ_032",4
18,1,"ZYQC_116",3
18,1,"ZYQC_120",5
18,1,"ZYQC_125",1
18,1,"ZYQC_127",5
18,1,"ZYQC_128",3
18,1,"ZYQC_133",5
18,1,"ZYQC_134",3
18,1,"ZYQC_135",1
18,1,"ZYQC_143",4
18,1,"ZYCZ_038",3
18,1,"ZYCZ_039",2
18,1,"ZYYH_074",5
18,1,"ZYYH_077",2
18,1,"HNSR_058",4
18,1,"ZDFE_118",1
18,1,"ZDFE_119",3
18,1,"ZDFE_125",1
18,1,"ZDFE_127",3
18,1,"ZDFE_128",2
18,1,"ZDFE_129",3
18,1,"ZDFE_130",4
18,1,"ZDFE_131",1
18,1,"ZDFE_133",4
18,1,"ZDFE_135",2
18,1,"ZDFE_137",3
18,1,"ZDFE_138",4
18,1,"ZZRM_108",4
18,1,"ZZRM_111",3
18,1,"ZZRM_115",5
18,1,"JXSY_050",2
18,1,"JXSY_051",4
18,1,"JXSY_052",4
18,1,"JXSY_056",5
18,1,"PHYY_029",2
18,1,"PHYY_031",3
18,1,"TZEZ_033",5
18,1,"TZEZ_036",1
18,1,"TZEZ_038",5
18,1,"TZEZ_040",5
18,1,"TZEZ_041",2
18,1,"TZEZ_043",4
18,1,"TZEZ_044",5
18,1,"TZEZ_045",1
18,1,"TZEZ_050",1
18,1,"TZEZ_051",1
18,1,"TZEZ_053",2
18,1,"TZEZ_055",4
18,1,"TZEZ_056",3
18,1,"TZEZ_059",1
18,1,"TZEZ_060",3
18,1,"TZEZ_061",2
18,1,"WZZX_020",3
18,1,"WZZX_021",2
18,1,"LSRM_014",2
18,1,"LSRM_015",2
18,1,"LSRM_016",1
18,1,"SLTD_019",4
18,1,"SLTD_020",5
18,1,"SLTD_021",4
18,1,"SLTD_022",4
18,1,"SLTD_024",1
18,1,"HZSY_022",2
18,2,"ZYQC_039",4
18,2,"ZYQC_040",2
18,2,"ZYQC_042",2
18,2,"ZYQC_045",1
18,2,"ZYQC_047",3
18,2,"ZYQC_048",5
18,2,"ZYQC_050",5
18,2,"ZYQC_051",3
18,2,"ZYQC_052",1
18,2,"ZYQC_053",2
18,2,"ZYQC_056",3
18,2,"ZYQC_058",1
18,2,"ZYQC_059",1
18,2,"ZYQC_060",5
18,2,"ZYCZ_018",1
18,2,"ZYCZ_019",3
18,2,"ZYCZ_020",5
18,2,"ZYCZ_023",5
18,2,"ZYCZ_025",4
18,2,"ZYCZ_026",2
18,2,"ZYCZ_027",1
18,2,"ZYCZ_028",2
18,2,"ZYCZ_029",1
18,2,"ZYYH_041",4
18,2,"ZYYH_048",4
18,2,"ZYYH_049",2
18,2,"ZYYH_051",1
18,2,"ZYYH_053",1
18,2,"HNSR_032",2
18,2,"ZDFE_101",5
18,2,"ZDFE_102",3
18,2,"ZDFE_104",4
18,2,"ZDFE_105",2
18,2,"ZZRM_089",2
18,2,"ZZRM_097",2
18,2,"JXSY_023",2
18,2,"JXSY_027",5
18,2,"JXSY_031",4
18,2,"PHYY_014",5
18,2,"PHYY_016",5
18,2,"PHYY_021",5
18,2,"PHYY_022",3
18,2,"TZEZ_002",5
18,2,"TZEZ_018",2
18,2,"LSRM_011",2
18,2,"SLTD_009",1
18,2,"SLTD_010",5
18,2,"SLTD_012",3
18,2,"HZSY_003",2
18,2,"HZSY_004",1
18,2,"HZSY_005",4
18,2,"HZSY_008",4
18,2,"HZSY_009",3
18,2,"HZSY_012",1
18,2,"HZSY_015",4
18,2,"HZSY_017",3
18,2,"LXZY_011",2
18,2,"LXZY_013",1
18,2,"JXSY_033",4
18,2,"JXSY_036",1
18,2,"JXSY_038",4
18,2,"JXSY_039",3
18,2,"JXSY_041",1
18,2,"JXSY_042",3
18,2,"ZYCZ_030",3
18,2,"ZYCZ_032",5
18,2,"ZYCZ_033",4
18,2,"ZYCZ_035",1
18,2,"ZYYH_055",2
18,2,"ZYYH_056",4
18,2,"ZYYH_057",1
18,2,"ZYYH_058",3
18,2,"ZYYH_062",5
18,2,"ZYYH_063",3
18,2,"ZYYH_066",2
18,2,"ZYYH_069",1
18,2,"ZYYH_071",2
18,2,"ZYYH_072",5
18,2,"ZYQC_067",1
18,2,"ZYQC_068",5
18,2,"ZYQC_071",3
18,2,"ZYQC_072",5
18,2,"ZYQC_074",3
18,2,"ZYQC_076",1
18,2,"ZYQC_081",5
18,2,"ZYQC_083",1
18,2,"ZYQC_084",3
18,2,"ZYQC_089",1
18,2,"ZYQC_094",3
18,2,"ZYQC_095",5
18,2,"ZYQC_096",2
18,2,"ZYQC_097",3
18,2,"ZYQC_101",1
18,2,"ZYQC_102",4
18,2,"ZYQC_103",3
18,2,"ZYQC_104",1
18,2,"ZYQC_105",4
18,2,"ZYQC_106",2
18,2,"ZYQC_109",2
18,2,"ZYQC_110",4
18,2,"ZYQC_111",1
18,2,"ZYQC_112",1
18,2,"ZYQC_114",5
18,2,"ZZRM_101",1
18,2,"ZZRM_102",1
18,2,"ZZRM_103",4
18,2,"ZZRM_104",3
18,2,"ZZRM_105",2
18,2,"PHYY_023",2
18,2,"PHYY_026",3
18,2,"PHYY_028",4
18,2,"XARM_036",4
18,2,"XARM_037",3
18,2,"HNSR_044",4
18,2,"SLTD_015",1
18,2,"SLTD_017",4
18,2,"ZDFE_113",3
18,2,"ZDFE_114",4
18,2,"ZDFE_117",3
18,2,"TZEZ_022",2
18,2,"TZEZ_024",4
18,2,"TZEZ_029",3
18,2,"TZEZ_030",1
18,2,"TZEZ_031",5
18,2,"TZEZ_032",3
18,2,"ZYQC_116",5
18,2,"ZYQC_118",2
18,2,"ZYQC_119",5
18,2,"ZYQC_120",1
18,2,"ZYQC_121",4
18,2,"ZYQC_122",5
18,2,"ZYQC_123",5
18,2,"ZYQC_124",3
18,2,"ZYQC_125",4
18,2,"ZYQC_126",5
18,2,"ZYQC_128",2
18,2,"ZYQC_132",3
18,2,"ZYQC_133",4
18,2,"ZYQC_134",1
18,2,"ZYQC_135",3
18,2,"ZYQC_143",2
18,2,"ZYCZ_038",2
18,2,"ZYCZ_039",2
18,2,"ZYYH_074",1
18,2,"HNSR_058",3
18,2,"ZDFE_118",2
18,2,"ZDFE_124",4
18,2,"ZDFE_125",5
18,2,"ZDFE_127",2
18,2,"ZDFE_128",5
18,2,"ZDFE_129",2
18,2,"ZDFE_130",1
18,2,"ZDFE_131",1
18,2,"ZDFE_134",4
18,2,"ZDFE_135",5
18,2,"ZDFE_136",5
18,2,"ZDFE_137",4
18,2,"ZZRM_108",3
18,2,"ZZRM_109",1
18,2,"ZZRM_111",2
18,2,"ZZRM_115",2
18,2,"JXSY_051",4
18,2,"JXSY_052",3
18,2,"JXSY_056",5
18,2,"PHYY_029",2
18,2,"TZEZ_033",1
18,2,"TZEZ_038",4
18,2,"TZEZ_041",2
18,2,"TZEZ_043",5
18,2,"TZEZ_045",4
18,2,"TZEZ_048",4
18,2,"TZEZ_050",3
18,2,"TZEZ_051",4
18,2,"TZEZ_053",4
18,2,"TZEZ_055",5
18,2,"TZEZ_057",4
18,2,"TZEZ_059",3
18,2,"TZEZ_060",2
18,2,"TZEZ_061",4
18,2,"WZZX_021",4
18,2,"LSRM_015",5
18,2,"SLTD_019",2
18,2,"SLTD_020",3
18,2,"SLTD_022",5
18,2,"SLTD_024",5
18,2,"LXZY_014",5
18,2,"LXZY_015",3
18,2,"HZSY_019",1
18,2,"HZSY_023",3
18,3,"ZYQC_040",2
18,3,"ZYQC_042",1
18,3,"ZYQC_045",1
18,3,"ZYQC_047",1
18,3,"ZYQC_048",1
18,3,"ZYQC_049",1
18,3,"ZYQC_051",5
18,3,"ZYQC_052",5
18,3,"ZYQC_055",5
18,3,"ZYQC_056",2
18,3,"ZYQC_057",2
18,3,"ZYQC_059",1
18,3,"ZYQC_060",2
18,3,"ZYCZ_018",4
18,3,"ZYCZ_020",4
18,3,"ZYCZ_023",3
18,3,"ZYCZ_025",3
18,3,"ZYCZ_027",3
18,3,"ZYCZ_028",5
18,3,"ZYCZ_029",2
18,3,"ZYYH_041",2
18,3,"ZYYH_047",2
18,3,"ZYYH_048",2
18,3,"ZYYH_049",4
18,3,"ZYYH_050",2
18,3,"ZYYH_051",5
18,3,"ZYYH_053",3
18,3,"HNSR_032",5
18,3,"ZDFE_031",1
18,3,"ZDFE_101",4
18,3,"ZDFE_102",3
18,3,"ZDFE_103",5
18,3,"ZDFE_104",3
18,3,"ZDFE_106",3
18,3,"ZZRM_089",1
18,3,"ZZRM_093",5
18,3,"ZZRM_096",1
18,3,"ZZRM_097",2
18,3,"JXSY_027",1
18,3,"JXSY_031",5
18,3,"PHYY_014",4
18,3,"PHYY_016",3
18,3,"PHYY_019",2
18,3,"PHYY_022",1
18,3,"TZEZ_002",4
18,3,"TZEZ_018",3
18,3,"SLTD_009",5
18,3,"SLTD_012",3
18,3,"HZSY_004",1
18,3,"HZSY_008",3
18,3,"HZSY_009",4
18,3,"HZSY_012",3
18,3,"HZSY_015",1
18,3,"HZSY_017",2
18,3,"LXZY_011",5
18,3,"LXZY_013",1
18,3,"JXSY_033",5
18,3,"JXSY_036",2
18,3,"JXSY_038",2
18,3,"JXSY_039",1
18,3,"JXSY_041",5
18,3,"JXSY_042",5
18,3,"ZYCZ_032",2
18,3,"ZYCZ_034",5
18,3,"ZYCZ_035",3
18,3,"ZYCZ_036",1
18,3,"ZYYH_055",5
18,3,"ZYYH_056",2
18,3,"ZYYH_057",5
18,3,"ZYYH_058",3
18,3,"ZYYH_060",2
18,3,"ZYYH_061",2
18,3,"ZYYH_062",4
18,3,"ZYYH_066",3
18,3,"ZYYH_067",4
18,3,"ZYYH_069",4
18,3,"ZYYH_070",5
18,3,"ZYYH_071",4
18,3,"ZYYH_072",1
18,3,"ZYQC_065",1
18,3,"ZYQC_067",2
18,3,"ZYQC_068",2
18,3,"ZYQC_071",1
18,3,"ZYQC_072",3
18,3,"ZYQC_073",5
18,3,"ZYQC_075",3
18,3,"ZYQC_080",5
18,3,"ZYQC_083",4
18,3,"ZYQC_085",1
18,3,"ZYQC_090",1
18,3,"ZYQC_093",3
18,3,"ZYQC_095",3
18,3,"ZYQC_098",3
18,3,"ZYQC_100",3
18,3,"ZYQC_101",4
18,3,"ZYQC_102",4
18,3,"ZYQC_103",2
18,3,"ZYQC_104",2
18,3,"ZYQC_108",5
18,3,"ZYQC_109",1
18,3,"ZYQC_110",2
18,3,"ZYQC_111",5
18,3,"ZYQC_112",3
18,3,"ZYQC_113",3
18,3,"ZYQC_114",4
18,3,"ZYQC_115",3
18,3,"ZZRM_101",4
18,3,"ZZRM_104",3
18,3,"PHYY_028",4
18,3,"XARM_036",5
18,3,"HNSR_044",4
18,3,"SLTD_015",2
18,3,"SLTD_017",1
18,3,"ZDFE_109",5
18,3,"ZDFE_113",1
18,3,"ZDFE_114",2
18,3,"ZDFE_115",4
18,3,"TZEZ_022",4
18,3,"TZEZ_024",4
18,3,"TZEZ_029",5
18,3,"TZEZ_031",3
18,3,"ZYQC_118",3
18,3,"ZYQC_119",2
18,3,"ZYQC_120",3
18,3,"ZYQC_121",2
18,3,"ZYQC_122",4
18,3,"ZYQC_123",5
18,3,"ZYQC_124",5
18,3,"ZYQC_125",4
18,3,"ZYQC_126",1
18,3,"ZYQC_127",3
18,3,"ZYQC_128",3
18,3,"ZYQC_132",2
18,3,"ZYQC_133",3
18,3,"ZYQC_134",1
18,3,"ZYQC_135",2
18,3,"ZYQC_143",4
18,3,"ZYCZ_039",3
18,3,"ZYYH_074",3
18,3,"ZYYH_077",5
18,3,"HNSR_058",1
18,3,"ZDFE_119",3
18,3,"ZDFE_124",1
18,3,"ZDFE_125",2
18,3,"ZDFE_127",4
18,3,"ZDFE_130",2
18,3,"ZDFE_131",3
18,3,"ZDFE_133",1
18,3,"ZDFE_134",5
18,3,"ZDFE_135",5
18,3,"ZDFE_136",5
18,3,"ZDFE_137",3
18,3,"ZDFE_138",2
18,3,"ZZRM_108",1
18,3,"ZZRM_109",4
18,3,"ZZRM_111",1
18,3,"ZZRM_115",4
18,3,"JXSY_050",1
18,3,"JXSY_051",4
18,3,"JXSY_052",3
18,3,"PHYY_031",4
18,3,"TZEZ_036",1
18,3,"TZEZ_038",1
18,3,"TZEZ_040",2
18,3,"TZEZ_041",1
18,3,"TZEZ_043",4
18,3,"TZEZ_044",4
18,3,"TZEZ_048",5
18,3,"TZEZ_053",4
18,3,"TZEZ_055",1
18,3,"TZEZ_056",5
18,3,"TZEZ_057",2
18,3,"TZEZ_059",4
18,3,"TZEZ_061",4
18,3,"WZZX_020",4
18,3,"WZZX_021",5
18,3,"LSRM_014",2
18,3,"LSRM_015",2
18,3,"LSRM_016",5
18,3,"SLTD_019",5
18,3,"SLTD_020",2
18,3,"SLTD_021",3
18,3,"SLTD_022",4
18,3,"SLTD_024",1
18,3,"LXZY_014",4
18,3,"LXZY_015",2
18,3,"HZSY_019",5
18,3,"HZSY_022",1
18,3,"HZSY_023",4
18,4,"ZYQC_039",4
18,4,"ZYQC_042",4
18,4,"ZYQC_047",3
18,4,"ZYQC_049",3
18,4,"ZYQC_050",3
18,4,"ZYQC_051",1
18,4,"ZYQC_053",2
18,4,"ZYQC_055",3
18,4,"ZYQC_056",5
18,4,"ZYQC_057",3
18,4,"ZYQC_058",3
18,4,"ZYCZ_019",2
18,4,"ZYCZ_020",1
18,4,"ZYCZ_026",1
18,4,"ZYCZ_027",3
18,4,"ZYCZ_029",2
18,4,"ZYYH_041",5
18,4,"ZYYH_047",2
18,4,"ZYYH_048",5
18,4,"ZYYH_049",1
18,4,"ZYYH_050",5
18,4,"ZYYH_053",3
18,4,"HNSR_032",1
18,4,"ZDFE_031",1
18,4,"ZDFE_101",2
18,4,"ZDFE_102",4
18,4,"ZDFE_103",3
18,4,"ZDFE_104",1
18,4,"ZDFE_105",5
18,4,"ZDFE_106",4
18,4,"ZZRM_093",5
18,4,"ZZRM_096",1
18,4,"ZZRM_097",1
18,4,"JXSY_023",2
18,4,"PHYY_014",1
18,4,"PHYY_019",4
18,4,"PHYY_021",1
18,4,"TZEZ_018",3
18,4,"LSRM_011",2
18,4,"SLTD_009",3
18,4,"SLTD_010",4
18,4,"SLTD_012",5
18,4,"HZSY_003",5
18,4,"HZSY_004",4
18,4,"HZSY_005",1
18,4,"HZSY_008",4
18,4,"HZSY_009",4
18,4,"HZSY_012",1
18,4,"HZSY_015",1
18,4,"HZSY_017",2
18,4,"LXZY_013",4
18,4,"JXSY_033",4
18,4,"JXSY_036",5
18,4,"JXSY_038",2
18,4,"JXSY_042",5
18,4,"ZYCZ_030",1
18,4,"ZYCZ_033",4
18,4,"ZYCZ_034",4
18,4,"ZYCZ_035",3
18,4,"ZYCZ_036",5
18,4,"ZYYH_056",5
18,4,"ZYYH_057",3
18,4,"ZYYH_058",5
18,4,"ZYYH_060",3
18,4,"ZYYH_061",5
18,4,"ZYYH_062",4
18,4,"ZYYH_063",3
18,4,"ZYYH_066",1
18,4,"ZYYH_067",5
18,4,"ZYYH_069",5
18,4,"ZYYH_070",2
18,4,"ZYYH_072",1
18,4,"ZYQC_065",5
18,4,"ZYQC_071",1
18,4,"ZYQC_072",2
18,4,"ZYQC_073",2
18,4,"ZYQC_074",2
18,4,"ZYQC_075",4
18,4,"ZYQC_076",3
18,4,"ZYQC_080",2
18,4,"ZYQC_081",1
18,4,"ZYQC_084",4
18,4,"ZYQC_085",4
18,4,"ZYQC_089",4
18,4,"ZYQC_090",1
18,4,"ZYQC_093",4
18,4,"ZYQC_094",3
18,4,"ZYQC_095",2
18,4,"ZYQC_096",1
18,4,"ZYQC_097",4
18,4,"ZYQC_098",2
18,4,"ZYQC_100",2
18,4,"ZYQC_102",2
18,4,"ZYQC_103",1
18,4,"ZYQC_104",3
18,4,"ZYQC_105",4
18,4,"ZYQC_106",3
18,4,"ZYQC_108",5
18,4,"ZYQC_109",5
18,4,"ZYQC_110",5
18,4,"ZYQC_111",3
18,4,"ZYQC_112",3
18,4,"ZYQC_113",1
18,4,"ZYQC_114",1
18,4,"ZYQC_115",4
18,4,"ZZRM_101",2
18,4,"ZZRM_102",5
18,4,"ZZRM_103",1
18,4,"ZZRM_105",2
18,4,"PHYY_023",2
18,4,"PHYY_026",5
18,4,"PHYY_028",1
18,4,"XARM_036",5
18,4,"XARM_037",4
18,4,"SLTD_015",2
18,4,"ZDFE_109",2
18,4,"ZDFE_113",3
18,4,"ZDFE_115",5
18,4,"ZDFE_117",5
18,4,"TZEZ_024",1
18,4,"TZEZ_029",2
18,4,"TZEZ_030",4
18,4,"TZEZ_031",2
18,4,"TZEZ_032",4
18,4,"ZYQC_116",1
18,4,"ZYQC_118",4
18,4,"ZYQC_119",2
18,4,"ZYQC_120",4
18,4,"ZYQC_121",2
18,4,"ZYQC_122",5
18,4,"ZYQC_123",1
18,4,"ZYQC_124",3
18,4,"ZYQC_126",5
18,4,"ZYQC_127",3
18,4,"ZYQC_128",4
18,4,"ZYQC_132",2
18,4,"ZYQC_133",4
18,4,"ZYQC_135",5
18,4,"ZYCZ_038",4
18,4,"ZYCZ_039",1
18,4,"ZYYH_077",4
18,4,"ZDFE_118",3
18,4,"ZDFE_119",3
18,4,"ZDFE_124",3
18,4,"ZDFE_127",2
18,4,"ZDFE_128",4
18,4,"ZDFE_129",5
18,4,"ZDFE_130",3
18,4,"ZDFE_133",4
18,4,"ZDFE_134",1
18,4,"ZDFE_136",3
18,4,"ZDFE_138",2
18,4,"ZZRM_109",3
18,4,"ZZRM_115",3
18,4,"JXSY_050",2
18,4,"JXSY_051",4
18,4,"JXSY_052",5
18,4,"JXSY_056",2
18,4,"PHYY_029",3
18,4,"PHYY_031",1
18,4,"TZEZ_033",5
18,4,"TZEZ_036",2
18,4,"TZEZ_040",2
18,4,"TZEZ_041",2
18,4,"TZEZ_043",3
18,4,"TZEZ_044",3
18,4,"TZEZ_045",1
18,4,"TZEZ_048",5
18,4,"TZEZ_050",3
18,4,"TZEZ_051",4
18,4,"TZEZ_053",5
18,4,"TZEZ_055",5
18,4,"TZEZ_056",1
18,4,"TZEZ_057",5
18,4,"TZEZ_060",5
18,4,"WZZX_020",4
18,4,"WZZX_021",3
18,4,"LSRM_014",3
18,4,"LSRM_015",3
18,4,"LSRM_016",1
18,4,"SLTD_019",2
18,4,"SLTD_020",5
18,4,"SLTD_021",1
18,4,"SLTD_024",4
18,4,"LXZY_014",2
18,4,"LXZY_015",2
18,4,"HZSY_019",4
18,4,"HZSY_022",1
18,4,"HZSY_023",1
18,5,"ZYQC_039",4
18,5,"ZYQC_040",5
18,5,"ZYQC_042",3
18,5,"ZYQC_045",2
18,5,"ZYQC_047",5
18,5,"ZYQC_048",4
18,5,"ZYQC_049",2
18,5,"ZYQC_050",1
18,5,"ZYQC_051",2
18,5,"ZYQC_052",1
18,5,"ZYQC_053",4
18,5,"ZYQC_055",4
18,5,"ZYQC_057",3
18,5,"ZYQC_058",3
18,5,"ZYQC_059",3
18,5,"ZYQC_060",3
18,5,"ZYCZ_018",4
18,5,"ZYCZ_019",1
18,5,"ZYCZ_023",4
18,5,"ZYCZ_025",4
18,5,"ZYCZ_026",2
18,5,"ZYCZ_028",4
18,5,"ZYYH_047",2
18,5,"ZYYH_048",3
18,5,"ZYYH_050",3
18,5,"ZYYH_051",5
18,5,"ZYYH_053",1
18,5,"ZDFE_031",3
18,5,"ZDFE_103",2
18,5,"ZDFE_104",1
18,5,"ZDFE_105",5
18,5,"ZDFE_106",1
18,5,"ZZRM_089",2
18,5,"ZZRM_093",3
18,5,"ZZRM_096",3
18,5,"JXSY_023",5
18,5,"JXSY_027",2
18,5,"JXSY_031",2
18,5,"PHYY_016",3
18,5,"PHYY_019",4
18,5,"PHYY_021",5
18,5,"PHYY_022",5
18,5,"TZEZ_002",3
18,5,"TZEZ_018",3
18,5,"LSRM_011",2
18,5,"SLTD_009",3
18,5,"SLTD_010",3
18,5,"HZSY_003",3
18,5,"HZSY_004",2
18,5,"HZSY_005",4
18,5,"HZSY_015",5
18,5,"HZSY_017",2
18,5,"LXZY_011",1
18,5,"LXZY_013",5
18,5,"JXSY_038",4
18,5,"JXSY_039",1
18,5,"JXSY_041",5
18,5,"ZYCZ_030",4
18,5,"ZYCZ_032",1
18,5,"ZYCZ_033",1
18,5,"ZYCZ_034",3
18,5,"ZYCZ_035",4
18,5,"ZYCZ_036",5
18,5,"ZYYH_055",5
18,5,"ZYYH_056",4
18,5,"ZYYH_057",3
18,5,"ZYYH_060",4
18,5,"ZYYH_061",4
18,5,"ZYYH_062",5
18,5,"ZYYH_063",3
18,5,"ZYYH_067",1
18,5,"ZYYH_069",3
18,5,"ZYYH_070",1
18,5,"ZYYH_071",5
18,5,"ZYYH_072",5
18,5,"ZYQC_065",5
18,5,"ZYQC_067",3
18,5,"ZYQC_068",3
18,5,"ZYQC_071",2
18,5,"ZYQC_072",1
18,5,"ZYQC_073",3
18,5,"ZYQC_074",2
18,5,"ZYQC_075",4
18,5,"ZYQC_076",1
18,5,"ZYQC_080",1
18,5,"ZYQC_081",1
18,5,"ZYQC_083",1
18,5,"ZYQC_084",4
18,5,"ZYQC_085",3
18,5,"ZYQC_089",1
18,5,"ZYQC_090",3
18,5,"ZYQC_093",5
18,5,"ZYQC_094",2
18,5,"ZYQC_095",3
18,5,"ZYQC_096",4
18,5,"ZYQC_097",1
18,5,"ZYQC_098",3
18,5,"ZYQC_100",4
18,5,"ZYQC_101",2
18,5,"ZYQC_102",2
18,5,"ZYQC_103",5
18,5,"ZYQC_104",3
18,5,"ZYQC_105",5
18,5,"ZYQC_106",2
18,5,"ZYQC_108",2
18,5,"ZYQC_112",2
18,5,"ZYQC_113",3
18,5,"ZYQC_115",5
18,5,"ZZRM_101",1
18,5,"ZZRM_102",4
18,5,"ZZRM_103",2
18,5,"ZZRM_104",3
18,5,"ZZRM_105",2
18,5,"PHYY_023",3
18,5,"PHYY_026",1
18,5,"PHYY_028",2
18,5,"XARM_037",2
18,5,"HNSR_044",2
18,5,"SLTD_017",4
18,5,"ZDFE_109",5
18,5,"ZDFE_113",2
18,5,"ZDFE_114",1
18,5,"ZDFE_115",1
18,5,"ZDFE_117",4
18,5,"TZEZ_022",4
18,5,"TZEZ_029",4
18,5,"TZEZ_030",4
18,5,"TZEZ_032",2
18,5,"ZYQC_116",5
18,5,"ZYQC_118",1
18,5,"ZYQC_119",4
18,5,"ZYQC_121",5
18,5,"ZYQC_122",2
18,5,"ZYQC_123",4
18,5,"ZYQC_124",1
18,5,"ZYQC_125",2
18,5,"ZYQC_126",2
18,5,"ZYQC_127",1
18,5,"ZYQC_132",4
18,5,"ZYQC_134",4
18,5,"ZYQC_143",1
18,5,"ZYCZ_038",5
18,5,"ZYYH_074",2
18,5,"ZYYH_077",3
18,5,"HNSR_058",4
18,5,"ZDFE_118",1
18,5,"ZDFE_119",5
18,5,"ZDFE_124",3
18,5,"ZDFE_125",4
18,5,"ZDFE_128",1
18,5,"ZDFE_129",4
18,5,"ZDFE_131",2
18,5,"ZDFE_133",1
18,5,"ZDFE_134",5
18,5,"ZDFE_135",5
18,5,"ZDFE_136",2
18,5,"ZDFE_137",1
18,5,"ZDFE_138",5
18,5,"ZZRM_108",3
18,5,"ZZRM_109",2
18,5,"ZZRM_111",5
18,5,"JXSY_050",2
18,5,"JXSY_056",1
18,5,"PHYY_029",2
18,5,"PHYY_031",5
18,5,"TZEZ_033",3
18,5,"TZEZ_036",2
18,5,"TZEZ_038",5
18,5,"TZEZ_040",1
18,5,"TZEZ_044",5
18,5,"TZEZ_045",4
18,5,"TZEZ_048",5
18,5,"TZEZ_050",4
18,5,"TZEZ_051",3
18,5,"TZEZ_056",5
18,5,"TZEZ_057",4
18,5,"TZEZ_059",5
18,5,"TZEZ_060",1
18,5,"TZEZ_061",3
18,5,"WZZX_020",4
18,5,"LSRM_014",4
18,5,"LSRM_016",5
18,5,"SLTD_021",1
18,5,"SLTD_022",3
18,5,"LXZY_014",1
18,5,"LXZY_015",2
18,5,"HZSY_019",5
18,5,"HZSY_022",1
18,5,"HZSY_023",1
19,1,"ZYQC_039",5
19,1,"ZYQC_040",2
19,1,"ZYQC_042",5
19,1,"ZYQC_047",3
19,1,"ZYQC_048",2
19,1,"ZYQC_050",4
19,1,"ZYQC_051",1
19,1,"ZYQC_053",2
19,1,"ZYQC_055",1
19,1,"ZYQC_057",4
19,1,"ZYQC_058",4
19,1,"ZYQC_059",5
19,1,"ZYQC_060",2
19,1,"ZYCZ_023",3
19,1,"ZYCZ_025",1
19,1,"ZYCZ_026",4
19,1,"ZYCZ_028",1
19,1,"ZYCZ_029",3
19,1,"ZYYH_041",5
19,1,"ZYYH_047",5
19,1,"ZYYH_048",5
19,1,"ZYYH_049",1
19,1,"ZYYH_051",4
19,1,"ZYYH_053",1
19,1,"HNSR_032",5
19,1,"ZDFE_031",5
19,1,"ZDFE_101",3
19,1,"ZDFE_102",1
19,1,"ZDFE_103",4
19,1,"ZDFE_104",3
19,1,"ZDFE_105",1
19,1,"ZDFE_106",3
19,1,"ZZRM_089",1
19,1,"ZZRM_093",2
19,1,"ZZRM_096",1
19,1,"JXSY_023",1
19,1,"JXSY_027",4
19,1,"JXSY_031",1
19,1,"PHYY_014",4
19,1,"PHYY_016",1
19,1,"PHYY_019",5
19,1,"PHYY_022",1
19,1,"TZEZ_002",2
19,1,"TZEZ_018",5
19,1,"LSRM_011",4
19,1,"SLTD_009",3
19,1,"SLTD_012",3
19,1,"HZSY_003",1
19,1,"HZSY_004",2
19,1,"HZSY_005",5
19,1,"HZSY_008",2
19,1,"HZSY_009",1
19,1,"HZSY_012",5
19,1,"HZSY_015",4
19,1,"HZSY_017",1
19,1,"LXZY_011",3
19,1,"LXZY_013",3
19,1,"JXSY_033",1
19,1,"JXSY_036",3
19,1,"JXSY_041",1
19,1,"JXSY_042",4
19,1,"ZYCZ_030",4
19,1,"ZYCZ_032",1
19,1,"ZYCZ_033",5
19,1,"ZYCZ_035",2
19,1,"ZYCZ_036",4
19,1,"ZYYH_055",1
19,1,"ZYYH_056",1
19,1,"ZYYH_057",2
19,1,"ZYYH_060",3
19,1,"ZYYH_061",1
19,1,"ZYYH_062",2
19,1,"ZYYH_063",4
19,1,"ZYYH_066",5
19,1,"ZYYH_067",2
19,1,"ZYYH_069",4
19,1,"ZYYH_071",4
19,1,"ZYYH_072",5
19,1,"ZYQC_067",3
19,1,"ZYQC_068",5
19,1,"ZYQC_071",5
19,1,"ZYQC_072",2
19,1,"ZYQC_073",3
19,1,"ZYQC_074",2
19,1,"ZYQC_075",5
19,1,"ZYQC_076",5
19,1,"ZYQC_080",2
19,1,"ZYQC_081",3
19,1,"ZYQC_083",4
19,1,"ZYQC_085",5
19,1,"ZYQC_089",5
19,1,"ZYQC_090",2
19,1,"ZYQC_093",4
19,1,"ZYQC_094",1
19,1,"ZYQC_095",3
19,1,"ZYQC_096",2
19,1,"ZYQC_097",5
19,1,"ZYQC_098",4
19,1,"ZYQC_100",3
19,1,"ZYQC_104",2
19,1,"ZYQC_105",1
19,1,"ZYQC_108",3
19,1,"ZYQC_110",4
19,1,"ZYQC_111",4
19,1,"ZYQC_112",4
19,1,"ZYQC_113",2
19,1,"ZYQC_114",2
19,1,"ZZRM_101",1
19,1,"ZZRM_102",5
19,1,"ZZRM_103",4
19,1,"ZZRM_104",3
19,1,"ZZRM_105",3
19,1,"PHYY_023",3
19,1,"PHYY_028",4
19,1,"XARM_036",1
19,1,"XARM_037",3
19,1,"HNSR_044",1
19,1,"SLTD_015",3
19,1,"ZDFE_109",1
19,1,"ZDFE_114",2
19,1,"ZDFE_115",3
19,1,"ZDFE_117",4
19,1,"TZEZ_022",5
19,1,"TZEZ_029",5
19,1,"TZEZ_030",3
19,1,"TZEZ_031",4
19,1,"ZYQC_116",5
19,1,"ZYQC_119",2
19,1,"ZYQC_120",1
19,1,"ZYQC_123",5
19,1,"ZYQC_124",2
19,1,"ZYQC_127",4
19,1,"ZYQC_132",3
19,1,"ZYQC_133",2
19,1,"ZYQC_134",5
19,1,"ZYQC_135",2
19,1,"ZYQC_143",5
19,1,"ZYCZ_038",3
19,1,"ZYCZ_039",5
19,1,"ZYYH_074",3
19,1,"ZYYH_077",1
19,1,"ZDFE_118",5
19,1,"ZDFE_119",3
19,1,"ZDFE_124",3
19,1,"ZDFE_125",5
19,1,"ZDFE_127",5
19,1,"ZDFE_128",2
19,1,"ZDFE_129",5
19,1,"ZDFE_130",4
19,1,"ZDFE_131",4
19,1,"ZDFE_133",3
19,1,"ZDFE_134",2
19,1,"ZDFE_135",3
19,1,"ZDFE_136",1
19,1,"ZDFE_137",4
19,1,"ZDFE_138",2
19,1,"ZZRM_108",2
19,1,"ZZRM_109",2
19,1,"ZZRM_111",3
19,1,"ZZRM_115",4
19,1,"JXSY_050",3
19,1,"JXSY_051",1
19,1,"JXSY_052",4
19,1,"JXSY_056",5
19,1,"PHYY_029",1
19,1,"PHYY_031",4
19,1,"TZEZ_033",5
19,1,"TZEZ_036",4
19,1,"TZEZ_041",1
19,1,"TZEZ_045",2
19,1,"TZEZ_048",3
19,1,"TZEZ_051",4
19,1,"TZEZ_053",2
19,1,"TZEZ_055",2
19,1,"TZEZ_057",2
19,1,"TZEZ_059",1
19,1,"TZEZ_060",2
19,1,"TZEZ_061",4
19,1,"WZZX_020",1
19,1,"LSRM_014",3
19,1,"LSRM_015",4
19,1,"LSRM_016",3
19,1,"SLTD_020",2
19,1,"SLTD_021",1
19,1,"LXZY_014",3
19,1,"LXZY_015",2
19,1,"HZSY_019",5
19,1,"HZSY_023",2
19,2,"ZYQC_040",4
19,2,"ZYQC_042",1
19,2,"ZYQC_045",5
19,2,"ZYQC_047",3
19,2,"ZYQC_048",5
19,2,"ZYQC_049",2
19,2,"ZYQC_050",4
19,2,"ZYQC_051",4
19,2,"ZYQC_052",5
19,2,"ZYQC_053",1
19,2,"ZYQC_055",1
19,2,"ZYQC_056",1
19,2,"ZYQC_057",2
19,2,"ZYQC_058",3
19,2,"ZYQC_059",2
19,2,"ZYQC_060",1
19,2,"ZYCZ_018",5
19,2,"ZYCZ_019",2
19,2,"ZYCZ_020",3
19,2,"ZYCZ_023",5
19,2,"ZYCZ_025",2
19,2,"ZYCZ_026",5
19,2,"ZYCZ_027",5
19,2,"ZYCZ_029",3
19,2,"ZYYH_041",2
19,2,"ZYYH_047",3
19,2,"ZYYH_048",5
19,2,"ZYYH_049",5
19,2,"ZYYH_050",3
19,2,"ZYYH_053",3
19,2,"HNSR_032",5
19,2,"ZDFE_031",2
19,2,"ZDFE_101",4
19,2,"ZDFE_102",3
19,2,"ZDFE_103",3
19,2,"ZDFE_104",1
19,2,"ZDFE_105",3
19,2,"ZDFE_106",1
19,2,"ZZRM_089",2
19,2,"ZZRM_093",2
19,2,"ZZRM_097",1
19,2,"JXSY_027",1
19,2,"JXSY_031",2
19,2,"PHYY_014",4
19,2,"PHYY_019",4
19,2,"PHYY_021",2
19,2,"PHYY_022",4
19,2,"TZEZ_018",2
19,2,"LSRM_011",1
19,2,"SLTD_010",3
19,2,"SLTD_012",5
19,2,"HZSY_005",3
19,2,"HZSY_009",4
19,2,"HZSY_012",5
19,2,"HZSY_015",4
19,2,"HZSY_017",2
19,2,"LXZY_011",1
19,2,"LXZY_013",3
19,2,"JXSY_033",4
19,2,"JXSY_036",1
19,2,"JXSY_038",2
19,2,"JXSY_039",5
19,2,"JXSY_042",3
19,2,"ZYCZ_033",5
19,2,"ZYCZ_034",3
19,2,"ZYCZ_036",1
19,2,"ZYYH_055",1
19,2,"ZYYH_056",2
19,2,"ZYYH_058",3
19,2,"ZYYH_060",4
19,2,"ZYYH_061",5
19,2,"ZYYH_062",4
19,2,"ZYYH_066",2
19,2,"ZYYH_067",4
19,2,"ZYYH_069",5
19,2,"ZYYH_070",1
19,2,"ZYYH_071",3
19,2,"ZYYH_072",3
19,2,"ZYQC_065",4
19,2,"ZYQC_068",3
19,2,"ZYQC_071",5
19,2,"ZYQC_072",4
19,2,"ZYQC_073",4
19,2,"ZYQC_074",5
19,2,"ZYQC_075",5
19,2,"ZYQC_080",1
19,2,"ZYQC_081",4
19,2,"ZYQC_084",4
19,2,"ZYQC_085",5
19,2,"ZYQC_089",1
19,2,"ZYQC_094",1
19,2,"ZYQC_095",1
19,2,"ZYQC_097",4
19,2,"ZYQC_098",2
19,2,"ZYQC_100",3
19,2,"ZYQC_101",2
19,2,"ZYQC_102",4
19,2,"ZYQC_103",3
19,2,"ZYQC_104",1
19,2,"ZYQC_106",4
19,2,"ZYQC_108",3
19,2,"ZYQC_109",1
19,2,"ZYQC_110",4
19,2,"ZYQC_112",5
19,2,"ZYQC_114",4
19,2,"ZYQC_115",3
19,2,"ZZRM_101",2
19,2,"ZZRM_102",1
19,2,"ZZRM_103",1
19,2,"ZZRM_104",1
19,2,"PHYY_023",2
19,2,"PHYY_026",4
19,2,"PHYY_028",5
19,2,"XARM_036",4
19,2,"HNSR_044",1
19,2,"SLTD_015",3
19,2,"SLTD_017",1
19,2,"ZDFE_109",2
19,2,"ZDFE_113",3
19,2,"ZDFE_114",3
19,2,"ZDFE_115",3
19,2,"ZDFE_117",1
19,2,"TZEZ_024",1
19,2,"TZEZ_029",3
19,2,"TZEZ_030",4
19,2,"TZEZ_032",1
19,2,"ZYQC_118",3
19,2,"ZYQC_119",1
19,2,"ZYQC_121",5
19,2,"ZYQC_122",4
19,2,"ZYQC_123",2
19,2,"ZYQC_124",2
19,2,"ZYQC_125",3
19,2,"ZYQC_126",5
19,2,"ZYQC_127",4
19,2,"ZYQC_128",2
19,2,"ZYQC_132",2
19,2,"ZYQC_133",4
19,2,"ZYQC_135",5
19,2,"ZYQC_143",1
19,2,"ZYCZ_038",5
19,2,"ZYCZ_039",2
19,2,"ZYYH_074",2
19,2,"HNSR_058",5
19,2,"ZDFE_119",2
19,2,"ZDFE_124",4
19,2,"ZDFE_129",3
19,2,"ZDFE_130",5
19,2,"ZDFE_131",2
19,2,"ZDFE_133",4
19,2,"ZDFE_134",5
19,2,"ZDFE_135",5
19,2,"ZDFE_136",4
19,2,"ZDFE_137",4
19,2,"ZDFE_138",1
19,2,"ZZRM_109",5
19,2,"JXSY_050",5
19,2,"JXSY_051",3
19,2,"JXSY_052",3
19,2,"JXSY_056",4
19,2,"PHYY_029",2
19,2,"PHYY_031",5
19,2,"TZEZ_033",2
19,2,"TZEZ_036",4
19,2,"TZEZ_038",4
19,2,"TZEZ_040",5
19,2,"TZEZ_041",2
19,2,"TZEZ_043",2
19,2,"TZEZ_044",5
19,2,"TZEZ_045",2
19,2,"TZEZ_050",1
19,2,"TZEZ_051",1
19,2,"TZEZ_053",1
19,2,"TZEZ_056",5
19,2,"TZEZ_057",4
19,2,"WZZX_020",1
19,2,"WZZX_021",3
19,2,"LSRM_014",2
19,2,"LSRM_015",1
19,2,"LSRM_016",3
19,2,"SLTD_019",2
19,2,"SLTD_020",5
19,2,"SLTD_021",1
19,2,"SLTD_022",3
19,2,"SLTD_024",3
19,2,"LXZY_014",2
19,2,"LXZY_015",4
19,2,"HZSY_019",2
19,2,"HZSY_022",3
19,3,"ZYQC_039",5
19,3,"ZYQC_040",2
19,3,"ZYQC_042",5
19,3,"ZYQC_045",1
19,3,"ZYQC_048",3
19,3,"ZYQC_049",1
19,3,"ZYQC_050",2
19,3,"ZYQC_051",1
19,3,"ZYQC_052",1
19,3,"ZYQC_055",2
19,3,"ZYQC_056",1
19,3,"ZYQC_057",5
19,3,"ZYQC_058",2
19,3,"ZYQC_059",2
19,3,"ZYQC_060",3
19,3,"ZYCZ_018",2
19,3,"ZYCZ_019",3
19,3,"ZYCZ_020",1
19,3,"ZYCZ_023",2
19,3,"ZYCZ_025",2
19,3,"ZYCZ_027",1
19,3,"ZYCZ_028",1
19,3,"ZYCZ_029",5
19,3,"ZYYH_047",3
19,3,"ZYYH_048",4
19,3,"ZYYH_050",3
19,3,"ZYYH_051",2
19,3,"ZYYH_053",4
19,3,"HNSR_032",3
19,3,"ZDFE_031",1
19,3,"ZDFE_102",4
19,3,"ZDFE_104",5
19,3,"ZDFE_106",1
19,3,"ZZRM_089",1
19,3,"ZZRM_093",3
19,3,"ZZRM_096",3
19,3,"ZZRM_097",1
19,3,"JXSY_023",4
19,3,"JXSY_031",4
19,3,"PHYY_014",5
19,3,"PHYY_016",2
19,3,"PHYY_019",4
19,3,"PHYY_021",1
19,3,"TZEZ_002",5
19,3,"TZEZ_018",3
19,3,"SLTD_009",5
19,3,"SLTD_010",4
19,3,"SLTD_012",2
19,3,"HZSY_003",5
19,3,"HZSY_004",4
19,3,"HZSY_005",1
19,3,"HZSY_008",3
19,3,"HZSY_012",4
19,3,"HZSY_015",4
19,3,"HZSY_017",5
19,3,"LXZY_013",2
19,3,"JXSY_033",2
19,3,"JXSY_038",1
19,3,"JXSY_039",4
19,3,"JXSY_041",5
19,3,"JXSY_042",1
19,3,"ZYCZ_030",3
19,3,"ZYCZ_032",1
19,3,"ZYCZ_034",3
19,3,"ZYCZ_035",5
19,3,"ZYCZ_036",4
19,3,"ZYYH_055",4
19,3,"ZYYH_056",1
19,3,"ZYYH_057",5
19,3,"ZYYH_058",3
19,3,"ZYYH_061",3
19,3,"ZYYH_063",5
19,3,"ZYYH_066",5
19,3,"ZYYH_067",1
19,3,"ZYYH_069",4
19,3,"ZYYH_070",2
19,3,"ZYYH_071",4
19,3,"ZYQC_065",1
19,3,"ZYQC_067",2
19,3,"ZYQC_068",1
19,3,"ZYQC_071",3
19,3,"ZYQC_072",1
19,3,"ZYQC_073",4
19,3,"ZYQC_074",5
19,3,"ZYQC_076",2
19,3,"ZYQC_080",4
19,3,"ZYQC_083",5
19,3,"ZYQC_084",1
19,3,"ZYQC_085",3
19,3,"ZYQC_089",5
19,3,"ZYQC_090",2
19,3,"ZYQC_093",5
19,3,"ZYQC_094",3
19,3,"ZYQC_096",1
19,3,"ZYQC_097",3
19,3,"ZYQC_101",5
19,3,"ZYQC_102",1
19,3,"ZYQC_103",4
19,3,"ZYQC_105",1
19,3,"ZYQC_106",5
19,3,"ZYQC_108",4
19,3,"ZYQC_109",2
19,3,"ZYQC_111",1
19,3,"ZYQC_112",4
19,3,"ZYQC_113",4
19,3,"ZYQC_115",2
19,3,"ZZRM_101",3
19,3,"ZZRM_102",3
19,3,"ZZRM_105",2
19,3,"PHYY_023",5
19,3,"PHYY_026",1
19,3,"PHYY_028",1
19,3,"XARM_036",4
19,3,"XARM_037",3
19,3,"HNSR_044",1
19,3,"SLTD_017",3
19,3,"ZDFE_109",2
19,3,"ZDFE_113",2
19,3,"ZDFE_117",3
19,3,"TZEZ_022",3
19,3,"TZEZ_024",4
19,3,"TZEZ_030",3
19,3,"TZEZ_031",5
19,3,"TZEZ_032",5
19,3,"ZYQC_116",4
19,3,"ZYQC_118",5
19,3,"ZYQC_119",2
19,3,"ZYQC_120",4
19,3,"ZYQC_121",2
19,3,"ZYQC_122",3
19,3,"ZYQC_124",4
19,3,"ZYQC_125",3
19,3,"ZYQC_126",4
19,3,"ZYQC_127",3
19,3,"ZYQC_128",3
19,3,"ZYQC_132",1
19,3,"ZYQC_134",3
19,3,"ZYQC_135",2
19,3,"ZYYH_077",4
19,3,"HNSR_058",2
19,3,"ZDFE_118",2
19,3,"ZDFE_119",4
19,3,"ZDFE_124",1
19,3,"ZDFE_125",4
19,3,"ZDFE_127",5
19,3,"ZDFE_128",5
19,3,"ZDFE_129",2
19,3,"ZDFE_131",1
19,3,"ZDFE_133",1
19,3,"ZDFE_134",1
19,3,"ZDFE_135",2
19,3,"ZDFE_136",5
19,3,"ZDFE_137",5
19,3,"ZDFE_138",4
19,3,"ZZRM_108",5
19,3,"ZZRM_111",2
19,3,"ZZRM_115",3
19,3,"JXSY_052",4
19,3,"JXSY_056",2
19,3,"PHYY_029",5
19,3,"PHYY_031",1
19,3,"TZEZ_033",4
19,3,"TZEZ_036",5
19,3,"TZEZ_038",5
19,3,"TZEZ_040",1
19,3,"TZEZ_041",2
19,3,"TZEZ_043",3
19,3,"TZEZ_044",2
19,3,"TZEZ_048",3
19,3,"TZEZ_050",4
19,3,"TZEZ_055",2
19,3,"TZEZ_056",3
19,3,"TZEZ_057",3
19,3,"TZEZ_059",1
19,3,"TZEZ_060",3
19,3,"TZEZ_061",3
19,3,"WZZX_021",4
19,3,"LSRM_014",4
19,3,"LSRM_015",2
19,3,"LSRM_016",4
19,3,"SLTD_019",5
19,3,"SLTD_020",4
19,3,"SLTD_021",5
19,3,"SLTD_022",2
19,3,"SLTD_024",2
19,3,"LXZY_014",5
19,3,"HZSY_019",2
19,3,"HZSY_022",5
19,3,"HZSY_023",3
19,4,"ZYQC_039",1
19,4,"ZYQC_045",4
19,4,"ZYQC_047",1
19,4,"ZYQC_048",1
19,4,"ZYQC_049",2
19,4,"ZYQC_050",2
19,4,"ZYQC_051",3
19,4,"ZYQC_052",2
19,4,"ZYQC_053",2
19,4,"ZYQC_056",1
19,4,"ZYQC_057",5
19,4,"ZYQC_058",3
19,4,"ZYQC_059",3
19,4,"ZYCZ_018",4
19,4,"ZYCZ_019",2
19,4,"ZYCZ_020",5
19,4,"ZYCZ_025",1
19,4,"ZYCZ_026",3
19,4,"ZYCZ_027",1
19,4,"ZYCZ_028",3
19,4,"ZYCZ_029",3
19,4,"ZYYH_041",1
19,4,"ZYYH_049",1
19,4,"ZYYH_050",5
19,4,"ZYYH_051",1
19,4,"HNSR_032",4
19,4,"ZDFE_031",2
19,4,"ZDFE_101",2
19,4,"ZDFE_102",3
19,4,"ZDFE_103",1
19,4,"ZDFE_104",3
19,4,"ZDFE_105",1
19,4,"ZDFE_106",4
19,4,"ZZRM_089",3
19,4,"ZZRM_096",5
19,4,"ZZRM_097",3
19,4,"JXSY_023",2
19,4,"JXSY_027",3
19,4,"JXSY_031",4
19,4,"PHYY_016",5
19,4,"PHYY_019",5
19,4,"PHYY_021",2
19,4,"PHYY_022",5
19,4,"TZEZ_002",4
19,4,"TZEZ_018",3
19,4,"LSRM_011",1
19,4,"SLTD_009",1
19,4,"SLTD_010",2
19,4,"HZSY_003",2
19,4,"HZSY_004",3
19,4,"HZSY_005",4
19,4,"HZSY_008",2
19,4,"HZSY_009",4
19,4,"HZSY_015",4
19,4,"LXZY_011",4
19,4,"JXSY_033",3
19,4,"JXSY_036",2
19,4,"JXSY_038",3
19,4,"JXSY_039",3
19,4,"JXSY_041",3
19,4,"ZYCZ_030",4
19,4,"ZYCZ_032",1
19,4,"ZYCZ_033",3
19,4,"ZYCZ_034",1
19,4,"ZYCZ_035",4
19,4,"ZYCZ_036",3
19,4,"ZYYH_056",1
19,4,"ZYYH_057",5
19,4,"ZYYH_058",4
19,4,"ZYYH_060",1
19,4,"ZYYH_061",4
19,4,"ZYYH_062",1
19,4,"ZYYH_063",5
19,4,"ZYYH_067",4
19,4,"ZYYH_069",2
19,4,"ZYYH_070",2
19,4,"ZYYH_071",1
19,4,"ZYYH_072",4
19,4,"ZYQC_065",4
19,4,"ZYQC_067",3
19,4,"ZYQC_068",3
19,4,"ZYQC_071",1
19,4,"ZYQC_074",2
19,4,"ZYQC_075",1
19,4,"ZYQC_076",3
19,4,"ZYQC_080",4
19,4,"ZYQC_081",1
19,4,"ZYQC_083",3
19,4,"ZYQC_084",3
19,4,"ZYQC_090",1
19,4,"ZYQC_093",2
19,4,"ZYQC_095",2
19,4,"ZYQC_096",1
19,4,"ZYQC_098",5
19,4,"ZYQC_100",4
19,4,"ZYQC_101",5
19,4,"ZYQC_102",2
19,4,"ZYQC_103",2
19,4,"ZYQC_104",5
19,4,"ZYQC_105",5
19,4,"ZYQC_106",1
19,4,"ZYQC_108",5
19,4,"ZYQC_109",2
19,4,"ZYQC_110",2
19,4,"ZYQC_111",2
19,4,"ZYQC_112",2
19,4,"ZYQC_113",4
19,4,"ZYQC_114",3
19,4,"ZYQC_115",5
19,4,"ZZRM_103",1
19,4,"ZZRM_104",3
19,4,"ZZRM_105",1
19,4,"PHYY_023",4
19,4,"PHYY_026",5
19,4,"XARM_037",1
19,4,"SLTD_015",2
19,4,"SLTD_017",5
19,4,"ZDFE_113",5
19,4,"ZDFE_114",4
19,4,"ZDFE_115",5
19,4,"ZDFE_117",2
19,4,"TZEZ_022",5
19,4,"TZEZ_024",3
19,4,"TZEZ_029",2
19,4,"TZEZ_030",1
19,4,"TZEZ_031",5
19,4,"TZEZ_032",2
19,4,"ZYQC_116",3
19,4,"ZYQC_118",5
19,4,"ZYQC_120",5
19,4,"ZYQC_121",5
19,4,"ZYQC_122",1
19,4,"ZYQC_123",5
19,4,"ZYQC_125",1
19,4,"ZYQC_126",5
19,4,"ZYQC_128",4
19,4,"ZYQC_132",2
19,4,"ZYQC_133",4
19,4,"ZYQC_134",1
19,4,"ZYQC_135",1
19,4,"ZYQC_143",2
19,4,"ZYCZ_038",3
19,4,"ZYCZ_039",3
19,4,"ZYYH_074",4
19,4,"ZYYH_077",4
19,4,"HNSR_058",5
19,4,"ZDFE_118",5
19,4,"ZDFE_125",2
19,4,"ZDFE_127",4
19,4,"ZDFE_128",4
19,4,"ZDFE_130",5
19,4,"ZDFE_131",2
19,4,"ZDFE_133",2
19,4,"ZDFE_136",3
19,4,"ZZRM_108",3
19,4,"ZZRM_109",3
19,4,"ZZRM_111",4
19,4,"ZZRM_115",5
19,4,"JXSY_050",3
19,4,"JXSY_051",4
19,4,"JXSY_052",3
19,4,"JXSY_056",5
19,4,"PHYY_029",3
19,4,"TZEZ_038",5
19,4,"TZEZ_040",3
19,4,"TZEZ_041",5
19,4,"TZEZ_043",1
19,4,"TZEZ_044",2
19,4,"TZEZ_045",2
19,4,"TZEZ_048",2
19,4,"TZEZ_050",4
19,4,"TZEZ_051",4
19,4,"TZEZ_053",5
19,4,"TZEZ_055",5
19,4,"TZEZ_056",1
19,4,"TZEZ_059",4
19,4,"TZEZ_060",2
19,4,"TZEZ_061",5
19,4,"WZZX_020",4
19,4,"WZZX_021",4
19,4,"SLTD_019",4
19,4,"SLTD_021",1
19,4,"SLTD_022",1
19,4,"SLTD_024",5
19,4,"LXZY_014",4
19,4,"LXZY_015",3
19,4,"HZSY_019",1
19,4,"HZSY_022",4
19,4,"HZSY_023",2
19,5,"ZYQC_039",1
19,5,"ZYQC_040",2
19,5,"ZYQC_042",1
19,5,"ZYQC_045",4
19,5,"ZYQC_047",3
19,5,"ZYQC_049",2
19,5,"ZYQC_052",5
19,5,"ZYQC_053",3
19,5,"ZYQC_055",5
19,5,"ZYQC_056",1
19,5,"ZYQC_060",1
19,5,"ZYCZ_018",2
19,5,"ZYCZ_019",2
19,5,"ZYCZ_020",2
19,5,"ZYCZ_023",5
19,5,"ZYCZ_026",1
19,5,"ZYCZ_027",2
19,5,"ZYCZ_028",2
19,5,"ZYYH_041",3
19,5,"ZYYH_047",5
19,5,"ZYYH_048",4
19,5,"ZYYH_049",4
19,5,"ZYYH_050",5
19,5,"ZYYH_051",5
19,5,"ZYYH_053",5
19,5,"ZDFE_101",1
19,5,"ZDFE_103",3
19,5,"ZDFE_105",3
19,5,"ZZRM_093",4
19,5,"ZZRM_096",2
19,5,"ZZRM_097",4
19,5,"JXSY_023",4
19,5,"JXSY_027",2
19,5,"PHYY_014",3
19,5,"PHYY_016",4
19,5,"PHYY_021",5
19,5,"PHYY_022",5
19,5,"TZEZ_002",4
19,5,"LSRM_011",3
19,5,"SLTD_009",5
19,5,"SLTD_010",4
19,5,"SLTD_012",1
19,5,"HZSY_003",3
19,5,"HZSY_004",2
19,5,"HZSY_008",3
19,5,"HZSY_009",3
19,5,"HZSY_012",4
19,5,"HZSY_017",2
19,5,"LXZY_011",3
19,5,"LXZY_013",3
19,5,"JXSY_036",2
19,5,"JXSY_038",3
19,5,"JXSY_039",1
19,5,"JXSY_041",1
19,5,"JXSY_042",5
19,5,"ZYCZ_030",3
19,5,"ZYCZ_032",1
19,5,"ZYCZ_033",2
19,5,"ZYCZ_034",4
19,5,"ZYCZ_035",2
19,5,"ZYYH_055",5
19,5,"ZYYH_057",2
19,5,"ZYYH_058",4
19,5,"ZYYH_060",3
19,5,"ZYYH_062",4
19,5,"ZYYH_063",3
19,5,"ZYYH_066",5
19,5,"ZYYH_070",3
19,5,"ZYYH_072",1
19,5,"ZYQC_065",1
19,5,"ZYQC_067",1
19,5,"ZYQC_072",1
19,5,"ZYQC_073",2
19,5,"ZYQC_075",1
19,5,"ZYQC_076",4
19,5,"ZYQC_081",2
19,5,"ZYQC_083",4
19,5,"ZYQC_084",1
19,5,"ZYQC_085",1
19,5,"ZYQC_089",3
19,5,"ZYQC_090",3
19,5,"ZYQC_093",2
19,5,"ZYQC_094",4
19,5,"ZYQC_095",3
19,5,"ZYQC_096",5
19,5,"ZYQC_097",3
19,5,"ZYQC_098",4
19,5,"ZYQC_100",4
19,5,"ZYQC_101",4
19,5,"ZYQC_102",2
19,5,"ZYQC_103",2
19,5,"ZYQC_104",5
19,5,"ZYQC_105",2
19,5,"ZYQC_106",1
19,5,"ZYQC_109",5
19,5,"ZYQC_110",5
19,5,"ZYQC_111",5
19,5,"ZYQC_113",3
19,5,"ZYQC_114",1
19,5,"ZYQC_115",4
19,5,"ZZRM_101",3
19,5,"ZZRM_102",1
19,5,"ZZRM_103",4
19,5,"ZZRM_104",5
19,5,"ZZRM_105",4
19,5,"PHYY_026",4
19,5,"PHYY_028",2
19,5,"XARM_036",5
19,5,"XARM_037",4
19,5,"HNSR_044",5
19,5,"SLTD_015",4
19,5,"SLTD_017",3
19,5,"ZDFE_109",3
19,5,"ZDFE_113",4
19,5,"ZDFE_114",2
19,5,"ZDFE_115",5
19,5,"TZEZ_022",2
19,5,"TZEZ_024",2
19,5,"TZEZ_029",4
19,5,"TZEZ_031",1
19,5,"TZEZ_032",5
19,5,"ZYQC_116",1
19,5,"ZYQC_118",4
19,5,"ZYQC_119",1
19,5,"ZYQC_120",5
19,5,"ZYQC_121",1
19,5,"ZYQC_122",4
19,5,"ZYQC_123",2
19,5,"ZYQC_124",1
19,5,"ZYQC_125",2
19,5,"ZYQC_126",3
19,5,"ZYQC_127",2
19,5,"ZYQC_128",1
19,5,"ZYQC_133",5
19,5,"ZYQC_134",1
19,5,"ZYQC_143",3
19,5,"ZYCZ_038",5
19,5,"ZYCZ_039",3
19,5,"ZYYH_074",3
19,5,"ZYYH_077",5
19,5,"HNSR_058",1
19,5,"ZDFE_118",2
19,5,"ZDFE_119",3
19,5,"ZDFE_124",3
19,5,"ZDFE_125",3
19,5,"ZDFE_127",4
19,5,"ZDFE_128",3
19,5,"ZDFE_129",1
19,5,"ZDFE_130",1
19,5,"ZDFE_134",4
19,5,"ZDFE_135",5
19,5,"ZDFE_137",2
19,5,"ZDFE_138",4
19,5,"ZZRM_108",2
19,5,"ZZRM_109",2
19,5,"ZZRM_111",1
19,5,"ZZRM_115",1
19,5,"JXSY_050",4
19,5,"JXSY_051",5
19,5,"PHYY_031",2
19,5,"TZEZ_033",3
19,5,"TZEZ_036",5
19,5,"TZEZ_038",5
19,5,"TZEZ_040",4
19,5,"TZEZ_043",4
19,5,"TZEZ_044",5
19,5,"TZEZ_045",1
19,5,"TZEZ_048",2
19,5,"TZEZ_050",4
19,5,"TZEZ_051",2
19,5,"TZEZ_053",2
19,5,"TZEZ_055",1
19,5,"TZEZ_056",3
19,5,"TZEZ_057",1
19,5,"TZEZ_059",3
19,5,"TZEZ_060",2
19,5,"TZEZ_061",4
19,5,"WZZX_020",1
19,5,"WZZX_021",3
19,5,"LSRM_014",2
19,5,"LSRM_015",5
19,5,"LSRM_016",5
19,5,"SLTD_019",1
19,5,"SLTD_020",5
19,5,"SLTD_022",4
19,5,"SLTD_024",5
19,5,"LXZY_015",3
19,5,"HZSY_022",1
19,5,"HZSY_023",5
20,1,"ZYQC_039",2
20,1,"ZYQC_040",2
20,1,"ZYQC_045",5
20,1,"ZYQC_047",3
20,1,"ZYQC_048",2
20,1,"ZYQC_050",1
20,1,"ZYQC_051",4
20,1,"ZYQC_053",4
20,1,"ZYQC_055",5
20,1,"ZYQC_056",3
20,1,"ZYQC_057",5
20,1,"ZYQC_058",2
20,1,"ZYQC_059",2
20,1,"ZYQC_060",2
20,1,"ZYCZ_018",1
20,1,"ZYCZ_020",2
20,1,"ZYCZ_023",3
20,1,"ZYCZ_025",4
20,1,"ZYCZ_027",5
20,1,"ZYCZ_028",1
20,1,"ZYCZ_029",5
20,1,"ZYYH_047",3
20,1,"ZYYH_048",3
20,1,"ZYYH_049",2
20,1,"ZYYH_050",1
20,1,"ZYYH_051",1
20,1,"ZYYH_053",5
20,1,"HNSR_032",4
20,1,"ZDFE_031",3
20,1,"ZDFE_102",3
20,1,"ZDFE_103",5
20,1,"ZDFE_105",4
20,1,"ZDFE_106",2
20,1,"ZZRM_089",2
20,1,"ZZRM_093",5
20,1,"ZZRM_096",4
20,1,"ZZRM_097",3
20,1,"JXSY_023",2
20,1,"PHYY_014",3
20,1,"PHYY_016",5
20,1,"PHYY_019",5
20,1,"PHYY_022",1
20,1,"TZEZ_002",5
20,1,"SLTD_009",3
20,1,"SLTD_010",5
20,1,"SLTD_012",4
20,1,"HZSY_003",5
20,1,"HZSY_005",3
20,1,"HZSY_008",2
20,1,"HZSY_009",2
20,1,"HZSY_012",1
20,1,"LXZY_011",5
20,1,"LXZY_013",5
20,1,"JXSY_033",4
20,1,"JXSY_036",1
20,1,"JXSY_038",5
20,1,"JXSY_039",5
20,1,"JXSY_041",3
20,1,"JXSY_042",4
20,1,"ZYCZ_030",2
20,1,"ZYCZ_032",1
20,1,"ZYCZ_035",3
20,1,"ZYCZ_036",3
20,1,"ZYYH_060",5
20,1,"ZYYH_061",1
20,1,"ZYYH_062",4
20,1,"ZYYH_063",2
20,1,"ZYYH_066",2
20,1,"ZYYH_067",1
20,1,"ZYYH_070",5
20,1,"ZYYH_071",2
20,1,"ZYYH_072",3
20,1,"ZYQC_067",3
20,1,"ZYQC_068",3
20,1,"ZYQC_071",5
20,1,"ZYQC_072",3
20,1,"ZYQC_073",3
20,1,"ZYQC_075",2
20,1,"ZYQC_076",1
20,1,"ZYQC_080",2
20,1,"ZYQC_084",2
20,1,"ZYQC_085",1
20,1,"ZYQC_089",2
20,1,"ZYQC_090",4
20,1,"ZYQC_093",3
20,1,"ZYQC_095",4
20,1,"ZYQC_097",1
20,1,"ZYQC_098",1
20,1,"ZYQC_100",5
20,1,"ZYQC_102",1
20,1,"ZYQC_103",5
20,1,"ZYQC_104",1
20,1,"ZYQC_105",2
20,1,"ZYQC_106",1
20,1,"ZYQC_108",4
20,1,"ZYQC_110",4
20,1,"ZYQC_111",4
20,1,"ZYQC_113",1
20,1,"ZYQC_114",4
20,1,"ZYQC_115",5
20,1,"ZZRM_102",1
20,1,"ZZRM_103",4
20,1,"ZZRM_105",2
20,1,"PHYY_023",2
20,1,"PHYY_026",2
20,1,"PHYY_028",5
20,1,"XARM_036",1
20,1,"XARM_037",3
20,1,"HNSR_044",1
20,1,"SLTD_015",4
20,1,"SLTD_017",2
20,1,"ZDFE_113",3
20,1,"ZDFE_114",4
20,1,"ZDFE_115",4
20,1,"TZEZ_022",2
20,1,"TZEZ_024",4
20,1,"TZEZ_031",4
20,1,"ZYQC_116",4
20,1,"ZYQC_118",2
20,1,"ZYQC_119",5
20,1,"ZYQC_120",4
20,1,"ZYQC_121",2
20,1,"ZYQC_122",3
20,1,"ZYQC_123",3
20,1,"ZYQC_124",3
20,1,"ZYQC_125",1
20,1,"ZYQC_126",4
20,1,"ZYQC_127",5
20,1,"ZYQC_128",1
20,1,"ZYQC_132",2
20,1,"ZYQC_133",2
20,1,"ZYQC_134",4
20,1,"ZYQC_143",4
20,1,"ZYCZ_038",1
20,1,"ZYYH_074",5
20,1,"ZYYH_077",3
20,1,"HNSR_058",5
20,1,"ZDFE_118",3
20,1,"ZDFE_119",3
20,1,"ZDFE_125",1
20,1,"ZDFE_127",1
20,1,"ZDFE_128",2
20,1,"ZDFE_129",4
20,1,"ZDFE_130",1
20,1,"ZDFE_131",4
20,1,"ZDFE_133",5
20,1,"ZDFE_134",2
20,1,"ZDFE_135",3
20,1,"ZDFE_136",3
20,1,"ZDFE_137",3
20,1,"ZDFE_138",5
20,1,"ZZRM_108",5
20,1,"ZZRM_109",4
20,1,"ZZRM_111",4
20,1,"ZZRM_115",1
20,1,"JXSY_051",1
20,1,"JXSY_052",5
20,1,"JXSY_056",1
20,1,"PHYY_029",4
20,1,"TZEZ_033",5
20,1,"TZEZ_036",5
20,1,"TZEZ_038",3
20,1,"TZEZ_040",1
20,1,"TZEZ_041",4
20,1,"TZEZ_043",2
20,1,"TZEZ_045",2
20,1,"TZEZ_048",1
20,1,"TZEZ_051",1
20,1,"TZEZ_053",3
20,1,"TZEZ_055",5
20,1,"TZEZ_056",1
20,1,"TZEZ_059",2
20,1,"TZEZ_061",3
20,1,"WZZX_020",4
20,1,"WZZX_021",5
20,1,"LSRM_014",4
20,1,"LSRM_015",2
20,1,"LSRM_016",1
20,1,"SLTD_019",4
20,1,"SLTD_020",3
20,1,"SLTD_021",1
20,1,"SLTD_022",3
20,1,"SLTD_024",4
20,1,"LXZY_014",5
20,1,"LXZY_015",2
20,1,"HZSY_019",1
20,1,"HZSY_022",3
20,1,"HZSY_023",3
20,2,"ZYQC_040",2
20,2,"ZYQC_042",1
20,2,"ZYQC_045",2
20,2,"ZYQC_047",3
20,2,"ZYQC_048",5
20,2,"ZYQC_049",2
20,2,"ZYQC_050",2
20,2,"ZYQC_051",2
20,2,"ZYQC_052",1
20,2,"ZYQC_057",5
20,2,"ZYQC_058",5
20,2,"ZYQC_060",2
20,2,"ZYCZ_018",4
20,2,"ZYCZ_019",3
20,2,"ZYCZ_023",2
20,2,"ZYCZ_026",2
20,2,"ZYCZ_027",5
20,2,"ZYCZ_028",2
20,2,"ZYCZ_029",2
20,2,"ZYYH_041",1
20,2,"ZYYH_047",4
20,2,"ZYYH_049",3
20,2,"ZYYH_050",4
20,2,"HNSR_032",1
20,2,"ZDFE_031",1
20,2,"ZDFE_101",2
20,2,"ZDFE_102",1
20,2,"ZDFE_103",4
20,2,"ZDFE_104",1
20,2,"ZDFE_105",3
20,2,"ZDFE_106",2
20,2,"ZZRM_089",1
20,2,"ZZRM_096",4
20,2,"ZZRM_097",2
20,2,"JXSY_023",3
20,2,"JXSY_027",3
20,2,"JXSY_031",5
20,2,"PHYY_014",3
20,2,"PHYY_016",2
20,2,"PHYY_019",2
20,2,"PHYY_021",1
20,2,"PHYY_022",1
20,2,"TZEZ_002",2
20,2,"TZEZ_018",1
20,2,"LSRM_011",4
20,2,"SLTD_009",3
20,2,"SLTD_010",2
20,2,"SLTD_012",3
20,2,"HZSY_004",2
20,2,"HZSY_005",2
20,2,"HZSY_008",4
20,2,"HZSY_012",5
20,2,"HZSY_015",2
20,2,"HZSY_017",4
20,2,"LXZY_011",4
20,2,"LXZY_013",3
20,2,"JXSY_033",5
20,2,"JXSY_036",1
20,2,"JXSY_038",3
20,2,"JXSY_039",4
20,2,"JXSY_042",5
20,2,"ZYCZ_033",5
20,2,"ZYCZ_034",5
20,2,"ZYCZ_035",4
20,2,"ZYCZ_036",1
20,2,"ZYYH_055",2
20,2,"ZYYH_056",3
20,2,"ZYYH_057",1
20,2,"ZYYH_058",2
20,2,"ZYYH_060",5
20,2,"ZYYH_061",1
20,2,"ZYYH_063",4
20,2,"ZYYH_066",5
20,2,"ZYYH_067",4
20,2,"ZYYH_069",3
20,2,"ZYYH_070",2
20,2,"ZYYH_071",2
20,2,"ZYQC_065",4
20,2,"ZYQC_068",1
20,2,"ZYQC_071",3
20,2,"ZYQC_072",3
20,2,"ZYQC_073",5
20,2,"ZYQC_074",5
20,2,"ZYQC_080",5
20,2,"ZYQC_081",3
20,2,"ZYQC_083",1
20,2,"ZYQC_084",3
20,2,"ZYQC_089",4
20,2,"ZYQC_090",2
20,2,"ZYQC_094",2
20,2,"ZYQC_095",4
20,2,"ZYQC_096",1
20,2,"ZYQC_097",2
20,2,"ZYQC_100",1
20,2,"ZYQC_101",4
20,2,"ZYQC_103",5
20,2,"ZYQC_104",4
20,2,"ZYQC_105",5
20,2,"ZYQC_106",1
20,2,"ZYQC_108",2
20,2,"ZYQC_109",3
20,2,"ZYQC_110",5
20,2,"ZYQC_111",2
20,2,"ZYQC_112",3
20,2,"ZYQC_113",4
20,2,"ZYQC_114",5
20,2,"ZZRM_101",1
20,2,"ZZRM_102",5
20,2,"ZZRM_103",3
20,2,"ZZRM_104",1
20,2,"ZZRM_105",5
20,2,"XARM_037",4
20,2,"HNSR_044",2
20,2,"SLTD_015",3
20,2,"SLTD_017",2
20,2,"ZDFE_109",5
20,2,"ZDFE_113",1
20,2,"ZDFE_114",5
20,2,"ZDFE_115",1
20,2,"ZDFE_117",4
20,2,"TZEZ_024",3
20,2,"TZEZ_029",2
20,2,"TZEZ_030",5
20,2,"TZEZ_031",3
20,2,"TZEZ_032",4
20,2,"ZYQC_116",1
20,2,"ZYQC_118",3
20,2,"ZYQC_119",4
20,2,"ZYQC_121",3
20,2,"ZYQC_122",3
20,2,"ZYQC_123",4
20,2,"ZYQC_124",5
20,2,"ZYQC_125",5
20,2,"ZYQC_126",4
20,2,"ZYQC_127",1
20,2,"ZYQC_128",5
20,2,"ZYQC_134",2
20,2,"ZYQC_135",2
20,2,"ZYQC_143",4
20,2,"ZYCZ_038",1
20,2,"ZYCZ_039",1
20,2,"ZYYH_077",3
20,2,"HNSR_058",4
20,2,"ZDFE_118",4
20,2,"ZDFE_119",4
20,2,"ZDFE_124",4
20,2,"ZDFE_125",2
20,2,"ZDFE_127",3
20,2,"ZDFE_128",3
20,2,"ZDFE_130",5
20,2,"ZDFE_131",5
20,2,"ZDFE_134",2
20,2,"ZDFE_136",5
20,2,"ZDFE_138",3
20,2,"ZZRM_108",3
20,2,"ZZRM_109",5
20,2,"ZZRM_111",3
20,2,"ZZRM_115",5
20,2,"JXSY_050",5
20,2,"JXSY_051",1
20,2,"PHYY_029",4
20,2,"PHYY_031",5
20,2,"TZEZ_036",3
20,2,"TZEZ_038",4
20,2,"TZEZ_040",1
20,2,"TZEZ_043",1
20,2,"TZEZ_044",4
20,2,"TZEZ_045",2
20,2,"TZEZ_048",5
20,2,"TZEZ_050",4
20,2,"TZEZ_051",5
20,2,"TZEZ_053",1
20,2,"TZEZ_055",4
20,2,"TZEZ_057",3
20,2,"TZEZ_059",5
20,2,"TZEZ_060",2
20,2,"TZEZ_061",3
20,2,"WZZX_020",1
20,2,"LSRM_015",1
20,2,"LSRM_016",1
20,2,"SLTD_019",4
20,2,"SLTD_020",4
20,2,"SLTD_021",1
20,2,"SLTD_022",1
20,2,"SLTD_024",3
20,2,"LXZY_014",3
20,2,"HZSY_019",1
20,2,"HZSY_022",4
20,2,"HZSY_023",3
20,3,"ZYQC_039",5
20,3,"ZYQC_040",3
20,3,"ZYQC_042",4
20,3,"ZYQC_045",5
20,3,"ZYQC_049",4
20,3,"ZYQC_050",5
20,3,"ZYQC_051",4
20,3,"ZYQC_052",1
20,3,"ZYQC_053",4
20,3,"ZYQC_055",5
20,3,"ZYQC_056",1
20,3,"ZYQC_057",1
20,3,"ZYQC_058",2
20,3,"ZYQC_059",2
20,3,"ZYQC_060",2
20,3,"ZYCZ_019",4
20,3,"ZYCZ_020",1
20,3,"ZYCZ_025",1
20,3,"ZYCZ_026",2
20,3,"ZYCZ_027",3
20,3,"ZYCZ_028",5
20,3,"ZYCZ_029",1
20,3,"ZYYH_041",5
20,3,"ZYYH_048",4
20,3,"ZYYH_049",5
20,3,"ZYYH_050",4
20,3,"ZYYH_051",5
20,3,"ZYYH_053",3
20,3,"HNSR_032",3
20,3,"ZDFE_031",1
20,3,"ZDFE_101",1
20,3,"ZDFE_103",4
20,3,"ZDFE_104",3
20,3,"ZDFE_106",2
20,3,"ZZRM_093",1
20,3,"JXSY_023",5
20,3,"JXSY_027",4
20,3,"JXSY_031",1
20,3,"PHYY_016",2
20,3,"PHYY_019",2
20,3,"PHYY_021",5
20,3,"PHYY_022",3
20,3,"TZEZ_002",4
20,3,"TZEZ_018",4
20,3,"LSRM_011",5
20,3,"SLTD_009",5
20,3,"SLTD_010",1
20,3,"HZSY_003",2
20,3,"HZSY_004",5
20,3,"HZSY_005",1
20,3,"HZSY_008",4
20,3,"HZSY_009",2
20,3,"HZSY_015",2
20,3,"HZSY_017",5
20,3,"LXZY_011",4
20,3,"JXSY_039",1
20,3,"JXSY_041",1
20,3,"JXSY_042",1
20,3,"ZYCZ_030",2
20,3,"ZYCZ_032",1
20,3,"ZYCZ_033",3
20,3,"ZYCZ_034",3
20,3,"ZYCZ_036",1
20,3,"ZYYH_055",2
20,3,"ZYYH_056",4
20,3,"ZYYH_057",1
20,3,"ZYYH_058",3
20,3,"ZYYH_060",1
20,3,"ZYYH_061",5
20,3,"ZYYH_062",1
20,3,"ZYYH_066",2
20,3,"ZYYH_069",3
20,3,"ZYYH_072",1
20,3,"ZYQC_065",4
20,3,"ZYQC_067",4
20,3,"ZYQC_068",3
20,3,"ZYQC_071",3
20,3,"ZYQC_072",3
20,3,"ZYQC_074",3
20,3,"ZYQC_075",2
20,3,"ZYQC_076",3
20,3,"ZYQC_080",4
20,3,"ZYQC_081",4
20,3,"ZYQC_083",4
20,3,"ZYQC_084",4
20,3,"ZYQC_085",5
20,3,"ZYQC_090",5
20,3,"ZYQC_093",3
20,3,"ZYQC_094",4
20,3,"ZYQC_095",3
20,3,"ZYQC_096",4
20,3,"ZYQC_098",3
20,3,"ZYQC_100",5
20,3,"ZYQC_101",2
20,3,"ZYQC_102",2
20,3,"ZYQC_104",5
20,3,"ZYQC_106",3
20,3,"ZYQC_108",3
20,3,"ZYQC_109",5
20,3,"ZYQC_110",2
20,3,"ZYQC_112",1
20,3,"ZYQC_114",3
20,3,"ZYQC_115",4
20,3,"ZZRM_101",3
20,3,"ZZRM_102",5
20,3,"ZZRM_103",1
20,3,"ZZRM_104",3
20,3,"ZZRM_105",5
20,3,"PHYY_023",2
20,3,"PHYY_026",2
20,3,"PHYY_028",2
20,3,"XARM_036",5
20,3,"HNSR_044",2
20,3,"SLTD_015",3
20,3,"ZDFE_109",4
20,3,"ZDFE_114",1
20,3,"ZDFE_115",4
20,3,"ZDFE_117",3
20,3,"TZEZ_022",4
20,3,"TZEZ_024",3
20,3,"TZEZ_029",3
20,3,"TZEZ_030",3
20,3,"TZEZ_032",4
20,3,"ZYQC_118",5
20,3,"ZYQC_119",3
20,3,"ZYQC_120",2
20,3,"ZYQC_121",4
20,3,"ZYQC_123",5
20,3,"ZYQC_124",4
20,3,"ZYQC_126",5
20,3,"ZYQC_128",4
20,3,"ZYQC_132",4
20,3,"ZYQC_133",2
20,3,"ZYQC_134",5
20,3,"ZYQC_135",2
20,3,"ZYQC_143",1
20,3,"ZYCZ_038",5
20,3,"ZYCZ_039",5
20,3,"ZYYH_074",2
20,3,"ZYYH_077",2
20,3,"ZDFE_119",5
20,3,"ZDFE_124",5
20,3,"ZDFE_125",1
20,3,"ZDFE_129",1
20,3,"ZDFE_130",5
20,3,"ZDFE_131",4
20,3,"ZDFE_133",2
20,3,"ZDFE_135",1
20,3,"ZDFE_136",3
20,3,"ZDFE_137",5
20,3,"ZDFE_138",2
20,3,"ZZRM_108",3
20,3,"ZZRM_109",4
20,3,"ZZRM_111",1
20,3,"ZZRM_115",4
20,3,"JXSY_050",2
20,3,"JXSY_051",2
20,3,"JXSY_052",2
20,3,"JXSY_056",5
20,3,"PHYY_029",3
20,3,"PHYY_031",1
20,3,"TZEZ_033",5
20,3,"TZEZ_038",3
20,3,"TZEZ_041",1
20,3,"TZEZ_043",2
20,3,"TZEZ_044",1
20,3,"TZEZ_045",3
20,3,"TZEZ_048",4
20,3,"TZEZ_050",5
20,3,"TZEZ_053",3
20,3,"TZEZ_055",1
20,3,"TZEZ_056",2
20,3,"TZEZ_057",2
20,3,"TZEZ_059",4
20,3,"TZEZ_060",5
20,3,"TZEZ_061",2
20,3,"WZZX_021",1
20,3,"LSRM_014",2
20,3,"LSRM_015",3
20,3,"LSRM_016",4
20,3,"SLTD_019",2
20,3,"SLTD_020",4
20,3,"SLTD_021",3
20,3,"SLTD_022",2
20,3,"SLTD_024",1
20,3,"LXZY_014",1
20,3,"LXZY_015",1
20,3,"HZSY_019",3
20,3,"HZSY_022",1
20,4,"ZYQC_039",5
20,4,"ZYQC_040",3
20,4,"ZYQC_042",5
20,4,"ZYQC_045",2
20,4,"ZYQC_047",5
20,4,"ZYQC_048",5
20,4,"ZYQC_049",5
20,4,"ZYQC_050",2
20,4,"ZYQC_052",4
20,4,"ZYQC_053",5
20,4,"ZYQC_055",2
20,4,"ZYQC_056",1
20,4,"ZYQC_058",4
20,4,"ZYQC_059",1
20,4,"ZYCZ_018",4
20,4,"ZYCZ_019",2
20,4,"ZYCZ_020",1
20,4,"ZYCZ_023",2
20,4,"ZYCZ_025",4
20,4,"ZYCZ_026",2
20,4,"ZYCZ_027",5
20,4,"ZYYH_041",5
20,4,"ZYYH_047",3
20,4,"ZYYH_048",3
20,4,"ZYYH_049",5
20,4,"ZYYH_050",4
20,4,"ZYYH_051",4
20,4,"ZYYH_053",1
20,4,"HNSR_032",2
20,4,"ZDFE_031",1
20,4,"ZDFE_101",3
20,4,"ZDFE_102",3
20,4,"ZDFE_103",5
20,4,"ZDFE_104",3
20,4,"ZDFE_105",4
20,4,"ZZRM_089",4
20,4,"ZZRM_093",2
20,4,"ZZRM_096",2
20,4,"ZZRM_097",3
20,4,"JXSY_027",1
20,4,"JXSY_031",5
20,4,"PHYY_014",5
20,4,"PHYY_016",1
20,4,"PHYY_021",2
20,4,"PHYY_022",4
20,4,"TZEZ_002",2
20,4,"TZEZ_018",1
20,4,"LSRM_011",2
20,4,"SLTD_012",4
20,4,"HZSY_003",3
20,4,"HZSY_004",3
20,4,"HZSY_009",1
20,4,"HZSY_012",1
20,4,"HZSY_015",4
20,4,"HZSY_017",5
20,4,"LXZY_013",2
20,4,"JXSY_033",2
20,4,"JXSY_036",1
20,4,"JXSY_038",1
20,4,"JXSY_041",1
20,4,"ZYCZ_030",2
20,4,"ZYCZ_032",4
20,4,"ZYCZ_033",4
20,4,"ZYCZ_034",2
20,4,"ZYCZ_035",4
20,4,"ZYCZ_036",3
20,4,"ZYYH_055",3
20,4,"ZYYH_056",2
20,4,"ZYYH_057",4
20,4,"ZYYH_058",3
20,4,"ZYYH_060",1
20,4,"ZYYH_062",4
20,4,"ZYYH_063",2
20,4,"ZYYH_066",1
20,4,"ZYYH_067",5
20,4,"ZYYH_069",5
20,4,"ZYYH_070",4
20,4,"ZYYH_071",3
20,4,"ZYYH_072",1
20,4,"ZYQC_065",5
20,4,"ZYQC_067",2
20,4,"ZYQC_068",3
20,4,"ZYQC_073",1
20,4,"ZYQC_074",3
20,4,"ZYQC_075",2
20,4,"ZYQC_076",5
20,4,"ZYQC_081",1
20,4,"ZYQC_083",2
20,4,"ZYQC_085",2
20,4,"ZYQC_089",5
20,4,"ZYQC_090",4
20,4,"ZYQC_093",3
20,4,"ZYQC_094",4
20,4,"ZYQC_096",5
20,4,"ZYQC_097",2
20,4,"ZYQC_098",4
20,4,"ZYQC_101",3
20,4,"ZYQC_102",2
20,4,"ZYQC_103",1
20,4,"ZYQC_104",4
20,4,"ZYQC_105",1
20,4,"ZYQC_109",4
20,4,"ZYQC_110",1
20,4,"ZYQC_111",1
20,4,"ZYQC_112",1
20,4,"ZYQC_113",3
20,4,"ZYQC_115",1
20,4,"ZZRM_101",3
20,4,"ZZRM_102",3
20,4,"ZZRM_104",1
20,4,"PHYY_023",4
20,4,"PHYY_026",3
20,4,"PHYY_028",1
20,4,"XARM_036",2
20,4,"XARM_037",1
20,4,"HNSR_044",3
20,4,"SLTD_015",1
20,4,"SLTD_017",5
20,4,"ZDFE_109",3
20,4,"ZDFE_113",3
20,4,"ZDFE_115",2
20,4,"ZDFE_117",5
20,4,"TZEZ_022",5
20,4,"TZEZ_024",4
20,4,"TZEZ_029",5
20,4,"TZEZ_030",2
20,4,"TZEZ_031",2
20,4,"TZEZ_032",2
20,4,"ZYQC_116",2
20,4,"ZYQC_118",3
20,4,"ZYQC_120",5
20,4,"ZYQC_122",5
20,4,"ZYQC_123",5
20,4,"ZYQC_125",5
20,4,"ZYQC_126",3
20,4,"ZYQC_127",3
20,4,"ZYQC_132",3
20,4,"ZYQC_133",3
20,4,"ZYQC_135",1
20,4,"ZYCZ_038",2
20,4,"ZYCZ_039",4
20,4,"ZYYH_074",4
20,4,"ZYYH_077",3
20,4,"HNSR_058",4
20,4,"ZDFE_118",1
20,4,"ZDFE_119",4
20,4,"ZDFE_124",1
20,4,"ZDFE_125",5
20,4,"ZDFE_127",1
20,4,"ZDFE_128",3
20,4,"ZDFE_129",4
20,4,"ZDFE_130",3
20,4,"ZDFE_131",4
20,4,"ZDFE_133",4
20,4,"ZDFE_134",1
20,4,"ZDFE_135",3
20,4,"ZDFE_137",1
20,4,"ZDFE_138",3
20,4,"ZZRM_108",2
20,4,"ZZRM_109",3
20,4,"JXSY_050",5
20,4,"JXSY_052",1
20,4,"JXSY_056",4
20,4,"PHYY_029",2
20,4,"PHYY_031",2
20,4,"TZEZ_033",5
20,4,"TZEZ_036",5
20,4,"TZEZ_040",1
20,4,"TZEZ_041",4
20,4,"TZEZ_043",2
20,4,"TZEZ_044",3
20,4,"TZEZ_050",3
20,4,"TZEZ_051",1
20,4,"TZEZ_056",3
20,4,"TZEZ_057",5
20,4,"TZEZ_059",2
20,4,"TZEZ_060",2
20,4,"WZZX_020",5
20,4,"WZZX_021",4
20,4,"LSRM_014",4
20,4,"LSRM_015",2
20,4,"LSRM_016",4
20,4,"SLTD_019",5
20,4,"SLTD_022",5
20,4,"SLTD_024",5
20,4,"LXZY_014",5
20,4,"LXZY_015",4
20,4,"HZSY_022",4
20,4,"HZSY_023",1
20,5,"ZYQC_039",4
20,5,"ZYQC_042",1
20,5,"ZYQC_047",4
20,5,"ZYQC_048",3
20,5,"ZYQC_049",4
20,5,"ZYQC_051",1
20,5,"ZYQC_052",1
20,5,"ZYQC_053",5
20,5,"ZYQC_055",1
20,5,"ZYQC_056",3
20,5,"ZYQC_057",3
20,5,"ZYQC_059",2
20,5,"ZYQC_060",5
20,5,"ZYCZ_018",4
20,5,"ZYCZ_019",2
20,5,"ZYCZ_020",2
20,5,"ZYCZ_023",1
20,5,"ZYCZ_025",4
20,5,"ZYCZ_026",5
20,5,"ZYCZ_028",1
20,5,"ZYCZ_029",3
20,5,"ZYYH_041",2
20,5,"ZYYH_047",5
20,5,"ZYYH_048",5
20,5,"ZYYH_051",3
20,5,"ZYYH_053",4
20,5,"ZDFE_101",1
20,5,"ZDFE_102",4
20,5,"ZDFE_104",3
20,5,"ZDFE_105",2
20,5,"ZDFE_106",2
20,5,"ZZRM_089",4
20,5,"ZZRM_093",5
20,5,"ZZRM_096",5
20,5,"ZZRM_097",4
20,5,"JXSY_023",5
20,5,"JXSY_027",5
20,5,"JXSY_031",3
20,5,"PHYY_014",4
20,5,"PHYY_019",1
20,5,"PHYY_021",1
20,5,"TZEZ_018",5
20,5,"LSRM_011",3
20,5,"SLTD_009",1
20,5,"SLTD_010",4
20,5,"SLTD_012",5
20,5,"HZSY_003",1
20,5,"HZSY_004",1
20,5,"HZSY_005",3
20,5,"HZSY_008",2
20,5,"HZSY_009",5
20,5,"HZSY_012",3
20,5,"HZSY_015",2
20,5,"HZSY_017",3
20,5,"LXZY_011",3
20,5,"LXZY_013",2
20,5,"JXSY_033",3
20,5,"JXSY_036",1
20,5,"JXSY_038",1
20,5,"JXSY_039",1
20,5,"JXSY_041",5
20,5,"JXSY_042",5
20,5,"ZYCZ_030",4
20,5,"ZYCZ_032",2
20,5,"ZYCZ_033",4
20,5,"ZYCZ_034",4
20,5,"ZYCZ_035",2
20,5,"ZYYH_055",2
20,5,"ZYYH_056",4
20,5,"ZYYH_057",1
20,5,"ZYYH_058",4
20,5,"ZYYH_061",4
20,5,"ZYYH_062",4
20,5,"ZYYH_063",4
20,5,"ZYYH_067",5
20,5,"ZYYH_069",4
20,5,"ZYYH_070",2
20,5,"ZYYH_071",1
20,5,"ZYYH_072",3
20,5,"ZYQC_065",4
20,5,"ZYQC_067",2
20,5,"ZYQC_071",4
20,5,"ZYQC_072",1
20,5,"ZYQC_073",1
20,5,"ZYQC_074",1
20,5,"ZYQC_075",1
20,5,"ZYQC_076",2
20,5,"ZYQC_080",4
20,5,"ZYQC_081",3
20,5,"ZYQC_083",4
20,5,"ZYQC_084",4
20,5,"ZYQC_085",3
20,5,"ZYQC_089",3
20,5,"ZYQC_093",3
20,5,"ZYQC_094",5
20,5,"ZYQC_095",2
20,5,"ZYQC_096",2
20,5,"ZYQC_097",4
20,5,"ZYQC_098",5
20,5,"ZYQC_100",3
20,5,"ZYQC_101",5
20,5,"ZYQC_102",3
20,5,"ZYQC_103",1
20,5,"ZYQC_105",4
20,5,"ZYQC_106",3
20,5,"ZYQC_108",2
20,5,"ZYQC_109",3
20,5,"ZYQC_111",5
20,5,"ZYQC_112",3
20,5,"ZYQC_113",4
20,5,"ZYQC_114",5
20,5,"ZYQC_115",3
20,5,"ZZRM_101",1
20,5,"ZZRM_103",2
20,5,"ZZRM_104",3
20,5,"ZZRM_105",2
20,5,"PHYY_023",2
20,5,"PHYY_026",1
20,5,"PHYY_028",2
20,5,"XARM_036",5
20,5,"XARM_037",5
20,5,"SLTD_017",1
20,5,"ZDFE_109",5
20,5,"ZDFE_113",4
20,5,"ZDFE_114",3
20,5,"ZDFE_117",1
20,5,"TZEZ_022",4
20,5,"TZEZ_029",1
20,5,"TZEZ_030",5
20,5,"TZEZ_031",5
20,5,"TZEZ_032",2
20,5,"ZYQC_116",1
20,5,"ZYQC_119",1
20,5,"ZYQC_120",3
20,5,"ZYQC_121",3
20,5,"ZYQC_122",1
20,5,"ZYQC_124",5
20,5,"ZYQC_125",2
20,5,"ZYQC_127",4
20,5,"ZYQC_128",1
20,5,"ZYQC_132",2
20,5,"ZYQC_133",4
20,5,"ZYQC_134",5
20,5,"ZYQC_135",4
20,5,"ZYQC_143",4
20,5,"ZYCZ_039",2
20,5,"ZYYH_074",4
20,5,"HNSR_058",5
20,5,"ZDFE_118",4
20,5,"ZDFE_124",1
20,5,"ZDFE_127",2
20,5,"ZDFE_128",2
20,5,"ZDFE_129",3
20,5,"ZDFE_133",4
20,5,"ZDFE_134",3
20,5,"ZDFE_135",5
20,5,"ZDFE_136",5
20,5,"ZDFE_137",2
20,5,"ZZRM_111",3
20,5,"ZZRM_115",1
20,5,"JXSY_050",2
20,5,"JXSY_051",1
20,5,"JXSY_052",5
20,5,"JXSY_056",5
20,5,"PHYY_031",5
20,5,"TZEZ_033",3
20,5,"TZEZ_036",2
20,5,"TZEZ_038",1
20,5,"TZEZ_040",2
20,5,"TZEZ_041",1
20,5,"TZEZ_044",2
20,5,"TZEZ_045",1
20,5,"TZEZ_048",3
20,5,"TZEZ_050",4
20,5,"TZEZ_051",2
20,5,"TZEZ_053",5
20,5,"TZEZ_055",3
20,5,"TZEZ_056",1
20,5,"TZEZ_057",2
20,5,"TZEZ_060",5
20,5,"TZEZ_061",3
20,5,"WZZX_020",3
20,5,"WZZX_021",5
20,5,"LSRM_014",5
20,5,"SLTD_020",3
20,5,"SLTD_021",2
20,5,"LXZY_015",2
20,5,"HZSY_019",2
20,5,"HZSY_023",3
