"HumanID","SOFA_24h","SOFA_96h","SOFA_24h_WithoutGCS","SOFA_96h_WithoutGCS","APACHEII_24h","APACHEII_24h_WithoutGCS","RespiratorySupport_24h","PaO2_24h","FiO2_24h","Platelets_24h","TotalBilirubin_24h","VasoactiveDrugs_24h","GCS_24h","RenalFunction_24h","RespiratorySupport_96h","PaO2_96h","FiO2_96h","Platelets_96h","TotalBilirubin_96h","VasoactiveDrugs_96h","GCS_96h","RenalFunction_96h","Temperature_Score","Temperature_Value","MeanArterialPressure_Score","MeanArterialPressure_Value","HeartRate_Score","HeartRate_Value","RespiratoryRate_Score","RespiratoryRate_Value","PaO2_LowFiO2","AaDO2_FiO2","AaDO2_PaCO2","AaDO2_PaO2","pH_Score","pH_Value","SerumSodium_Score","SerumSodium_Value","SerumPotassium_Score","SerumPotassium_Value","SurgicalHistory","Surgery"
"ZYQC_001",7,"5",7,"5",11,11,"1.IMV",67.1,55,170,5.1,"4.多巴胺＞15或去甲＞0.1或肾上腺素＞0.1",15,"0.肌酐＜110","1.IMV","72.8","30","233","3.6","3.多巴胺＞5或肾上腺素≤0.1或去甲≤0.1",15,"0.肌酐＜110","0.36-38.4",36.8,"2.110-129或50-69",56,"0.70-109",82,"0.12-24",15,NA,55,40.9,67.1,"0.7.33-7.49",7.45,"0.130-149",136,"0.3.5-5.4",4.33,"0.未手术",NA
"ZYQC_002",13,"4",13,"4",18,18,"1.IMV",60,22,44,84.9,"4.多巴胺＞15或去甲＞0.1或肾上腺素＞0.1",15,"2.肌酐171-299","3.HFNC","77","25","306","38.700000000000003","0.MAP大于70",15,"1.肌酐110-170","0.36-38.4",36.4,"2.110-129或50-69",65,"0.70-109",89,"0.12-24",15,60,NA,NA,NA,"1.7.5-7.59",7.54,"0.130-149",147,"0.3.5-5.4",4.16,"2.急诊手术",NA
"ZYQC_003",8,"6",8,"6",20,20,"1.IMV",69,100,139,3.8,"0.MAP大于70",15,"3.肌酐300-440或尿量<500/天","1.IMV","63","40","161","6.4","1.MAP小于70（未使用血管活性药物）",15,"2.肌酐171-299","1.38.5-38.9或34-35.9",38.6,"0.70-109",72,"3.140-179或40-54",148,"1.25-34或10-11",33,NA,100,45,69,"2.7.25-7.32",7.29,"3.160-179或111-119",160,"0.3.5-5.4",5.12,"0.未手术",NA
"ZYQC_004",3,"4",3,"4",10,10,"1.IMV",64,30,172,19.2,"1.MAP小于70（未使用血管活性药物）",15,"0.肌酐＜110","1.IMV","93","25","232","60","1.MAP小于70（未使用血管活性药物）",15,"0.肌酐＜110","0.36-38.4",37.6,"2.110-129或50-69",68,"2.110-139或55-69",122,"0.12-24",12,64,NA,NA,NA,"0.7.33-7.49",7.39,"0.130-149",142,"0.3.5-5.4",4,"1.择期手术",NA
"ZYQC_005",10,"13",10,"13",8,8,"1.IMV",66,100,22,113.9,"0.MAP大于70",15,"0.肌酐＜110","1.IMV","52","100","22","110","3.多巴胺＞5或肾上腺素≤0.1或去甲≤0.1",15,"0.肌酐＜110","0.36-38.4",36.1,"2.110-129或50-69",124,"2.110-139或55-69",64,"1.25-34或10-11",29,NA,100,45,66,"0.7.33-7.49",7.4,"0.130-149",136,"0.3.5-5.4",4.67,"0.未手术",NA
"ZYQC_006",11,"7",11,"7",21,21,"1.IMV",81,100,85,33.4,"3.多巴胺＞5或肾上腺素≤0.1或去甲≤0.1",15,"0.肌酐＜110","1.IMV","74","30","35","21.1","1.MAP小于70（未使用血管活性药物）",15,"0.肌酐＜110","3.39-40.9或30-31.9",39.1,"2.110-129或50-69",60,"2.110-139或55-69",136,"1.25-34或10-11",30,NA,100,30,81,"0.7.33-7.49",7.43,"0.130-149",140,"0.3.5-5.4",4.53,"0.未手术",NA
"ZYQC_007",8,"11",8,"11",16,16,"1.IMV",65,100,446,5.5,"4.多巴胺＞15或去甲＞0.1或肾上腺素＞0.1",15,"0.肌酐＜110","1.IMV","58","100","177","43.5","4.多巴胺＞15或去甲＞0.1或肾上腺素＞0.1",15,"1.肌酐110-170","0.36-38.4",36.1,"2.110-129或50-69",63,"3.140-179或40-54",141,"1.25-34或10-11",30,NA,100,71,65,"2.7.25-7.32",7.27,"0.130-149",138,"0.3.5-5.4",4.74,"0.未手术",NA
"ZYQC_008",3,"3",3,"3",2,2,"1.IMV",70,45,212,4.9,"0.MAP大于70",15,"0.肌酐＜110","1.IMV","62","40","237","4.9000000000000004","0.MAP大于70",15,"0.肌酐＜110","0.36-38.4",37.4,"2.110-129或50-69",126,"0.70-109",99,"1.25-34或10-11",28,70,NA,NA,NA,"0.7.33-7.49",7.41,"0.130-149",142,"0.3.5-5.4",3.64,"0.未手术",NA
"ZYQC_009",11,"NA",11,"NA",23,23,"1.IMV",61,90,273,7.9,"3.多巴胺＞5或肾上腺素≤0.1或去甲≤0.1",15,"4.肌酐大于440或尿量<200/天",NA,NA,NA,NA,NA,NA,NA,NA,"0.36-38.4",37.5,"2.110-129或50-69",65,"3.140-179或40-54",51,"1.25-34或10-11",25,NA,90,30,61,"1.7.5-7.59",7.5,"0.130-149",141,"0.3.5-5.4",3.83,"0.未手术",NA
"ZYQC_010",6,"6",6,"6",15,15,"1.IMV",81,26,261,8,"4.多巴胺＞15或去甲＞0.1或肾上腺素＞0.1",15,"1.肌酐110-170","1.IMV","59","25","65","10.3","1.MAP小于70（未使用血管活性药物）",15,"1.肌酐110-170","1.38.5-38.9或34-35.9",38.5,"2.110-129或50-69",66,"0.70-109",103,"0.12-24",15,81,NA,NA,NA,"0.7.33-7.49",7.42,"0.130-149",146,"0.3.5-5.4",4.39,"2.急诊手术",NA
"ZYQC_011",9,"7",5,"4",26,16,"1.IMV",72,35,208,16,"3.多巴胺＞5或肾上腺素≤0.1或去甲≤0.1",5,"0.肌酐＜110","1.IMV","73","30","163","11.9","1.MAP小于70（未使用血管活性药物）",8,"1.肌酐110-170","3.39-40.9或30-31.9",40,"2.110-129或50-69",56,"2.110-139或55-69",55,"0.12-24",12,72,NA,NA,NA,"1.7.5-7.59",7.53,"0.130-149",143,"0.3.5-5.4",3.89,"0.未手术",NA
"ZYQC_012",8,"8",8,"5",10,10,"1.IMV",75,25,36,58.6,"0.MAP大于70",15,"2.肌酐171-299","1.IMV","79","22","98","9.4","0.MAP大于70",6,"2.肌酐171-299","0.36-38.4",37.1,"2.110-129或50-69",116,"0.70-109",105,"0.12-24",17,75,NA,NA,NA,"0.7.33-7.49",7.43,"0.130-149",141,"0.3.5-5.4",5.18,"0.未手术",NA
"ZYQC_013",3,"3",3,"3",12,12,"1.IMV",66.3,60,254,16.9,"0.MAP大于70",15,"0.肌酐＜110","1.IMV","66.3","60","179","10.5","0.MAP大于70",15,"0.肌酐＜110","1.38.5-38.9或34-35.9",38.8,"0.70-109",73,"0.70-109",72,"0.12-24",18,NA,60,39.2,66.3,"0.7.33-7.49",7.44,"0.130-149",143,"0.3.5-5.4",4.1,"2.急诊手术",NA
"ZYQC_014",6,"5",6,"5",10,10,"1.IMV",62,50,616,11.9,"3.多巴胺＞5或肾上腺素≤0.1或去甲≤0.1",15,"0.肌酐＜110","1.IMV","66","25","915","7.2","3.多巴胺＞5或肾上腺素≤0.1或去甲≤0.1",15,"0.肌酐＜110","0.36-38.4",37.5,"0.70-109",78,"0.70-109",87,"0.12-24",22,62,NA,NA,NA,"0.7.33-7.49",7.46,"0.130-149",139,"0.3.5-5.4",4.3,"0.未手术",NA
"ZYQC_015",10,"10",7,"7",11,4,"1.IMV",64,25,147,22.3,"3.多巴胺＞5或肾上腺素≤0.1或去甲≤0.1",8,"0.肌酐＜110","1.IMV","62","22","140","22.7","3.多巴胺＞5或肾上腺素≤0.1或去甲≤0.1",8,"0.肌酐＜110","0.36-38.4",38.2,"0.70-109",72,"0.70-109",86,"1.25-34或10-11",28,64,NA,NA,NA,"0.7.33-7.49",7.47,"0.130-149",138,"0.3.5-5.4",3.8,"0.未手术",NA
"ZYQC_016",6,"5",6,"5",18,18,"1.IMV",75,100,82,17.5,"0.MAP大于70",15,"0.肌酐＜110","1.IMV","61","45","63","17.2","0.MAP大于70",15,"0.肌酐＜110","0.36-38.4",37.2,"0.70-109",76,"0.70-109",94,"1.25-34或10-11",25,NA,100,34,75,"1.7.5-7.59",7.5,"0.130-149",139,"0.3.5-5.4",3.8,"0.未手术",NA
"ZYQC_017",6,"3",6,"3",10,10,"1.IMV",92,30,134,12.4,"4.多巴胺＞15或去甲＞0.1或肾上腺素＞0.1",15,"0.肌酐＜110","1.IMV","65","25","114","5.2","0.MAP大于70",15,"0.肌酐＜110","0.36-38.4",37.3,"0.70-109",90,"0.70-109",89,"0.12-24",14,92,NA,NA,NA,"0.7.33-7.49",7.49,"0.130-149",139,"0.3.5-5.4",3.9,"0.未手术",NA
"ZYQC_018",10,"4",10,"4",16,16,"1.IMV",76,45,121,31.1,"3.多巴胺＞5或肾上腺素≤0.1或去甲≤0.1",15,"2.肌酐171-299","1.IMV","61","35","121","18.100000000000001","0.MAP大于70",15,"0.肌酐＜110","0.36-38.4",38.1,"0.70-109",85,"0.70-109",76,"0.12-24",15,76,NA,NA,NA,"1.7.5-7.59",7.51,"0.130-149",145,"1.5.5-5.9或3-3.4",3.2,"0.未手术",NA
"ZYQC_019",11,"3",11,"3",23,23,"1.IMV",66,60,194,4,"4.多巴胺＞15或去甲＞0.1或肾上腺素＞0.1",15,"4.肌酐大于440或尿量<200/天","1.IMV","74","45","159","13","0.MAP大于70",15,"0.肌酐＜110","0.36-38.4",38.4,"2.110-129或50-69",115,"2.110-139或55-69",113,"0.12-24",15,66,60,33,66,"0.7.33-7.49",7.43,"0.130-149",134,"0.3.5-5.4",3.7,"0.未手术",NA
"ZYQC_020",16,"10",16,"10",14,14,"1.IMV",68,50,22,228.7,"4.多巴胺＞15或去甲＞0.1或肾上腺素＞0.1",15,"2.肌酐171-299","1.IMV","66.599999999999994","30","56","416","2.多巴胺剂量≤5ug/kg/min或使用任意剂量的多巴酚丁胺",15,"0.肌酐＜110","0.36-38.4",37.5,"0.70-109",109,"0.70-109",95,"0.12-24",16,68,NA,NA,NA,"0.7.33-7.49",7.39,"0.130-149",137,"0.3.5-5.4",4.2,"0.未手术",NA
"ZYQC_021",7,"3",7,"3",9,9,"1.IMV",64,40,149,9.5,"3.多巴胺＞5或肾上腺素≤0.1或去甲≤0.1",15,"0.肌酐＜110","1.IMV","60","30","138","4.7","0.MAP大于70",15,"0.肌酐＜110","0.36-38.4",37.4,"2.110-129或50-69",115,"0.70-109",89,"0.12-24",20,64,NA,NA,NA,"0.7.33-7.49",7.48,"0.130-149",142,"0.3.5-5.4",3.6,"0.未手术",NA
"ZYQC_022",8,"3",8,"3",11,11,"1.IMV",89,40,115,18,"4.多巴胺＞15或去甲＞0.1或肾上腺素＞0.1",15,"1.肌酐110-170","1.IMV","72","30","298","20.8","0.MAP大于70",15,"0.肌酐＜110","0.36-38.4",38.1,"0.70-109",96,"0.70-109",85,"0.12-24",20,89,NA,NA,NA,"1.7.5-7.59",7.5,"1.150-154",153,"0.3.5-5.4",3.9,"0.未手术",NA
"ZYQC_023",9,"4",9,"4",13,13,"1.IMV",72,35,44,19,"4.多巴胺＞15或去甲＞0.1或肾上腺素＞0.1",15,"0.肌酐＜110","1.IMV","74","22","97","26.4","0.MAP大于70",15,"0.肌酐＜110","0.36-38.4",37.7,"0.70-109",80,"0.70-109",100,"1.25-34或10-11",30,72,NA,NA,NA,"0.7.33-7.49",7.42,"0.130-149",144,"0.3.5-5.4",3.9,"1.择期手术",NA
"ZYQC_024",8,"7",8,"7",10,10,"1.IMV",65,35,65,10.5,"3.多巴胺＞5或肾上腺素≤0.1或去甲≤0.1",15,"0.肌酐＜110","1.IMV","116","45","65","9.6999999999999993","3.多巴胺＞5或肾上腺素≤0.1或去甲≤0.1",15,"0.肌酐＜110","0.36-38.4",37,"0.70-109",80,"0.70-109",90,"0.12-24",15,65,NA,NA,NA,"0.7.33-7.49",7.42,"0.130-149",137,"0.3.5-5.4",4,"0.未手术",NA
"ZYQC_025",11,"10",11,"10",20,20,"1.IMV",65.6,55,40,94.4,"2.多巴胺剂量≤5ug/kg/min或使用任意剂量的多巴酚丁胺",15,"1.肌酐110-170","1.IMV","63","45","96","172.2","2.多巴胺剂量≤5ug/kg/min或使用任意剂量的多巴酚丁胺",15,"0.肌酐＜110","0.36-38.4",37.9,"0.70-109",88,"0.70-109",93,"1.25-34或10-11",31,65.6,55,36.4,57.3,"0.7.33-7.49",7.35,"0.130-149",141,"0.3.5-5.4",3.9,"0.未手术",NA
"ZYQC_026",8,"5",8,"5",12,12,"1.IMV",78,30,93,9.8,"3.多巴胺＞5或肾上腺素≤0.1或去甲≤0.1",15,"1.肌酐110-170","3.HFNC","73","22","72","7.7","0.MAP大于70",15,"2.肌酐171-299","0.36-38.4",38.2,"0.70-109",78,"0.70-109",85,"0.12-24",18,78,NA,NA,NA,"0.7.33-7.49",7.43,"0.130-149",137,"0.3.5-5.4",4.2,"0.未手术",NA
"ZYQC_027",5,"7",5,"7",17,17,"1.IMV",85.5,25,193,6.2,"3.多巴胺＞5或肾上腺素≤0.1或去甲≤0.1",15,"1.肌酐110-170","1.IMV","64","25","242","6.9","3.多巴胺＞5或肾上腺素≤0.1或去甲≤0.1",15,"2.肌酐171-299","0.36-38.4",37.7,"0.70-109",93,"2.110-139或55-69",119,"1.25-34或10-11",26,85.5,NA,NA,NA,"2.7.25-7.32",7.3,"0.130-149",145,"0.3.5-5.4",3.9,"0.未手术",NA
"ZYQC_028",9,"4",9,"4",14,14,"1.IMV",129,50,196,52.6,"3.多巴胺＞5或肾上腺素≤0.1或去甲≤0.1",15,"2.肌酐171-299","1.IMV","66.400000000000006","25","107","16.8","0.MAP大于70",15,"1.肌酐110-170","0.36-38.4",37.7,"0.70-109",78,"0.70-109",87,"0.12-24",22,129,NA,NA,NA,"0.7.33-7.49",7.48,"1.150-154",151,"0.3.5-5.4",4.1,"0.未手术",NA
"ZYQC_029",6,"6",6,"6",14,14,"1.IMV",68,45,310,14.3,"3.多巴胺＞5或肾上腺素≤0.1或去甲≤0.1",15,"0.肌酐＜110","1.IMV","58","30","205","4.5999999999999996","3.多巴胺＞5或肾上腺素≤0.1或去甲≤0.1",15,"0.肌酐＜110","3.39-40.9或30-31.9",39.4,"0.70-109",80,"0.70-109",79,"0.12-24",16,68,NA,NA,NA,"0.7.33-7.49",7.49,"0.130-149",138,"0.3.5-5.4",4.2,"0.未手术",NA
"ZYQC_030",8,"NA",8,"NA",15,15,"1.IMV",58,100,317,8.3,"4.多巴胺＞15或去甲＞0.1或肾上腺素＞0.1",15,"0.肌酐＜110",NA,NA,NA,NA,NA,NA,NA,NA,"0.36-38.4",37.9,"0.70-109",76,"0.70-109",95,"0.12-24",22,NA,100,36,58,"2.7.25-7.32",7.3,"0.130-149",137,"0.3.5-5.4",4.9,"0.未手术",NA
"ZYQC_031",9,"7",9,"7",16,16,"1.IMV",77,25,81,24.3,"3.多巴胺＞5或肾上腺素≤0.1或去甲≤0.1",15,"2.肌酐171-299","3.HFNC","87","22","42","51.9","0.MAP大于70",15,"1.肌酐110-170","0.36-38.4",37,"0.70-109",78,"0.70-109",94,"0.12-24",15,77,NA,NA,NA,"2.7.25-7.32",7.31,"0.130-149",134,"0.3.5-5.4",4,"2.急诊手术",NA
"ZYQC_032",13,"13",13,"13",9,9,"1.IMV",76,30,40,174.5,"3.多巴胺＞5或肾上腺素≤0.1或去甲≤0.1",15,"2.肌酐171-299","1.IMV","69.8","45","25","198.5","4.多巴胺＞15或去甲＞0.1或肾上腺素＞0.1",NA,"0.肌酐＜110","0.36-38.4",37.2,"2.110-129或50-69",60,"0.70-109",109,"0.12-24",13,76,NA,NA,NA,"0.7.33-7.49",7.45,"0.130-149",138,"0.3.5-5.4",4,"0.未手术",NA
"ZYQC_034",11,"8",7,"5",16,5,"1.IMV",64,45,213,22.6,"3.多巴胺＞5或肾上腺素≤0.1或去甲≤0.1",4,"0.肌酐＜110","1.IMV","80","30","188","9.1999999999999993","3.多巴胺＞5或肾上腺素≤0.1或去甲≤0.1",6,"0.肌酐＜110","0.36-38.4",37.5,"2.110-129或50-69",110,"0.70-109",96,"0.12-24",12,64,NA,NA,NA,"0.7.33-7.49",7.43,"0.130-149",138,"0.3.5-5.4",4,"0.未手术",NA
"ZYQC_035",8,"1",8,"1",13,13,"1.IMV",85,100,124,4.4,"3.多巴胺＞5或肾上腺素≤0.1或去甲≤0.1",15,"0.肌酐＜110","1.IMV","99","30","237","3.1","0.MAP大于70",15,"0.肌酐＜110","3.39-40.9或30-31.9",39.1,"0.70-109",93,"0.70-109",86,"1.25-34或10-11",27,NA,100,39,85,"0.7.33-7.49",7.4,"0.130-149",137,"0.3.5-5.4",3.5,"0.未手术",NA
"ZYQC_036",6,"1",6,"1",13,13,"1.IMV",60,60,251,11.6,"3.多巴胺＞5或肾上腺素≤0.1或去甲≤0.1",15,"0.肌酐＜110","1.IMV","94","25","152","11.9","0.MAP大于70",15,"0.肌酐＜110","1.38.5-38.9或34-35.9",38.9,"0.70-109",79,"0.70-109",80,"0.12-24",12,NA,60,35,60,"1.7.5-7.59",7.57,"0.130-149",132,"1.5.5-5.9或3-3.4",3.4,"0.未手术",NA
"ZYQC_037",11,"11",11,"11",20,20,"1.IMV",58.6,100,229,13.2,"3.多巴胺＞5或肾上腺素≤0.1或去甲≤0.1",15,"4.肌酐大于440或尿量<200/天","1.IMV","89.3","45","67","38.799999999999997","3.多巴胺＞5或肾上腺素≤0.1或去甲≤0.1",15,"1.肌酐110-170","0.36-38.4",37.9,"0.70-109",75,"3.140-179或40-54",140,"0.12-24",22,NA,100,43.8,58.6,"0.7.33-7.49",7.36,"0.130-149",138,"0.3.5-5.4",4.2,"0.未手术",NA
"ZYQC_038",2,"NA",2,"NA",7,7,"1.IMV",81,25,320,30.9,"0.MAP大于70",15,"0.肌酐＜110",NA,NA,NA,NA,NA,NA,NA,NA,"3.39-40.9或30-31.9",39.2,"0.70-109",79,"0.70-109",109,"0.12-24",19,81,NA,NA,NA,"0.7.33-7.49",7.45,"0.130-149",133,"0.3.5-5.4",3.6,"0.未手术",NA
"ZYQC_039",3,"3",3,"3",13,13,"1.IMV",72.2,60,166,6,"0.MAP大于70",15,"0.肌酐＜110","1.IMV","71.099999999999994","35","145","11.5","0.MAP大于70",15,"0.肌酐＜110","0.36-38.4",36.5,"0.70-109",76,"2.110-139或55-69",66,"1.25-34或10-11",10,NA,60,52.1,72.2,"2.7.25-7.32",7.29,"0.130-149",139,"0.3.5-5.4",3.6,"0.未手术",NA
"ZYQC_040",5,"4",5,"4",13,13,"1.IMV",70,80,115,7.6,"0.MAP大于70",15,"0.肌酐＜110","1.IMV","70","55","106","11.5","0.MAP大于70",15,"0.肌酐＜110","0.36-38.4",36.7,"2.110-129或50-69",123,"2.110-139或55-69",112,"1.25-34或10-11",34,NA,80,47,70,"1.7.5-7.59",7.54,"0.130-149",137,"1.5.5-5.9或3-3.4",3.2,"0.未手术",NA
"ZYQC_041",4,"4",4,"4",20,20,"1.IMV",60,30,287,2.9,"0.MAP大于70",15,"2.肌酐171-299","3.HFNC","65","25","198","4.0999999999999996","0.MAP大于70",15,"2.肌酐171-299","0.36-38.4",36.8,"2.110-129或50-69",117,"2.110-139或55-69",131,"1.25-34或10-11",26,60,NA,NA,NA,"0.7.33-7.49",7.33,"0.130-149",130,"0.3.5-5.4",3.6,"0.未手术",NA
"ZYQC_042",2,"2",2,"2",7,7,"1.IMV",111,45,193,2.3,"0.MAP大于70",15,"0.肌酐＜110","1.IMV","80.099999999999994","37","181","6","0.MAP大于70",15,"0.肌酐＜110","0.36-38.4",37.1,"2.110-129或50-69",121,"3.140-179或40-54",146,"0.12-24",12,111,NA,NA,NA,"1.7.5-7.59",7.5,"0.130-149",141,"0.3.5-5.4",3.6,"0.未手术",NA
"ZYQC_043",4,"3",4,"3",8,8,"1.IMV",73.3,30,109,9.9,"0.MAP大于70",15,"1.肌酐110-170","4.鼻导管","90","33","247","9.8000000000000007","1.MAP小于70（未使用血管活性药物）",15,"0.肌酐＜110","0.36-38.4",36.3,"2.110-129或50-69",120,"2.110-139或55-69",61,"3.35-49",35,73.3,NA,NA,NA,"0.7.33-7.49",7.4,"0.130-149",139,"0.3.5-5.4",3.8,"0.未手术",NA
"ZYQC_044",16,"NA",16,"NA",22,22,"1.IMV",70,60,46,80.5,"4.多巴胺＞15或去甲＞0.1或肾上腺素＞0.1",15,"4.肌酐大于440或尿量<200/天",NA,NA,NA,NA,NA,NA,NA,NA,"1.38.5-38.9或34-35.9",35.6,"2.110-129或50-69",120,"2.110-139或55-69",122,"3.35-49",40,NA,60,43,70,"3.7.6-7.69或7.15-7.24",7.23,"0.130-149",136,"0.3.5-5.4",3.5,"0.未手术",NA
"ZYQC_045",4,"3",4,"3",10,10,"3.HFNC",73.2,60,123,4.7,"0.MAP大于70",15,"0.肌酐＜110","3.HFNC","57.5","35","158","10.8","0.MAP大于70",15,"0.肌酐＜110","0.36-38.4",36.6,"2.110-129或50-69",68,"2.110-139或55-69",58,"3.35-49",36,NA,60,31.9,73.2,"0.7.33-7.49",7.45,"0.130-149",137,"0.3.5-5.4",3.7,"0.未手术",NA
"ZYQC_046",10,"NA",10,"NA",21,21,"1.IMV",71,60,160,3.5,"3.多巴胺＞5或肾上腺素≤0.1或去甲≤0.1",15,"4.肌酐大于440或尿量<200/天",NA,NA,NA,NA,NA,NA,NA,NA,"1.38.5-38.9或34-35.9",35.5,"2.110-129或50-69",65,"2.110-139或55-69",125,"3.35-49",40,NA,60,52,71,"3.7.6-7.69或7.15-7.24",7.2,"0.130-149",133,"1.5.5-5.9或3-3.4",5.5,"0.未手术",NA
"ZYQC_047",3,"2",3,"2",12,12,"1.IMV",84,70,358,5.1,"0.MAP大于70",15,"0.肌酐＜110","1.IMV","67","30","414","5.6","0.MAP大于70",15,"0.肌酐＜110","0.36-38.4",36.9,"2.110-129或50-69",111,"2.110-139或55-69",133,"1.25-34或10-11",29,NA,70,63,84,"0.7.33-7.49",7.36,"0.130-149",133,"0.3.5-5.4",3.6,"0.未手术",NA
"ZYQC_048",11,"9",11,"9",15,15,"1.IMV",90,50,71,67.9,"0.MAP大于70",15,"4.肌酐大于440或尿量<200/天","1.IMV","83","25","64","66.8","0.MAP大于70",15,"4.肌酐大于440或尿量<200/天","1.38.5-38.9或34-35.9",35.9,"2.110-129或50-69",122,"0.70-109",79,"0.12-24",14,NA,50,41,90,"0.7.33-7.49",7.37,"0.130-149",134,"1.5.5-5.9或3-3.4",5.61,"0.未手术",NA
"ZYQC_049",5,"4",5,"4",15,15,"1.IMV",67,100,362,8.2,"1.MAP小于70（未使用血管活性药物）",15,"0.肌酐＜110","1.IMV","92","30","86","8.3000000000000007","1.MAP小于70（未使用血管活性药物）",15,"0.肌酐＜110","0.36-38.4",37,"2.110-129或50-69",65,"2.110-139或55-69",114,"1.25-34或10-11",25,NA,100,48,67,"1.7.5-7.59",7.51,"0.130-149",132,"0.3.5-5.4",3.6,"0.未手术",NA
"ZYQC_050",13,"9",13,"9",31,31,"1.IMV",59,100,104,4,"4.多巴胺＞15或去甲＞0.1或肾上腺素＞0.1",15,"4.肌酐大于440或尿量<200/天","1.IMV","90","40","34","3.7","0.MAP大于70",15,"4.肌酐大于440或尿量<200/天","1.38.5-38.9或34-35.9",35.1,"2.110-129或50-69",59,"2.110-139或55-69",134,"3.35-49",38,NA,100,28,59,"3.7.6-7.69或7.15-7.24",7.24,"2.155-159或120-129",127,"3.6-6.9",6.17,"0.未手术",NA
"ZYQC_051",4,"4",4,"4",18,18,"1.IMV",69,70,198,10.7,"0.MAP大于70",15,"0.肌酐＜110","1.IMV","83","43","145","12.9","0.MAP大于70",15,"0.肌酐＜110","3.39-40.9或30-31.9",39.2,"2.110-129或50-69",112,"0.70-109",77,"3.35-49",35,NA,70,32,69,"0.7.33-7.49",7.39,"0.130-149",132,"1.5.5-5.9或3-3.4",3.2,"0.未手术",NA
"ZYQC_052",19,"9",19,"9",28,28,"1.IMV",76,80,10,393.5,"4.多巴胺＞15或去甲＞0.1或肾上腺素＞0.1",15,"3.肌酐300-440或尿量<500/天","3.HFNC","88.6","30","43","264.89999999999998","0.MAP大于70",15,"0.肌酐＜110","0.36-38.4",36.3,"2.110-129或50-69",63,"3.140-179或40-54",144,"3.35-49",40,NA,80,38,76,"2.7.25-7.32",7.3,"0.130-149",130,"0.3.5-5.4",3.9,"0.未手术",NA
"ZYQC_053",6,"4",6,"4",19,19,"1.IMV",71,50,309,11.5,"3.多巴胺＞5或肾上腺素≤0.1或去甲≤0.1",15,"0.肌酐＜110","1.IMV","73","65","234","6.5","1.MAP小于70（未使用血管活性药物）",15,"0.肌酐＜110","0.36-38.4",36.7,"2.110-129或50-69",111,"2.110-139或55-69",64,"3.35-49",40,71,NA,NA,NA,"2.7.25-7.32",7.29,"0.130-149",138,"1.5.5-5.9或3-3.4",3.3,"0.未手术",NA
"ZYQC_054",7,"NA",7,"NA",13,13,"1.IMV",59,70,105,36.8,"0.MAP大于70",15,"0.肌酐＜110",NA,NA,NA,NA,NA,NA,NA,NA,"0.36-38.4",36.5,"2.110-129或50-69",113,"2.110-139或55-69",132,"3.35-49",35,NA,70,32,59,"0.7.33-7.49",7.39,"0.130-149",134,"1.5.5-5.9或3-3.4",3.4,"0.未手术",NA
"ZYQC_055",7,"5",7,"5",15,15,"1.IMV",70,40,198,9.2,"3.多巴胺＞5或肾上腺素≤0.1或去甲≤0.1",15,"1.肌酐110-170","1.IMV","71","30","272","6.8","2.多巴胺剂量≤5ug/kg/min或使用任意剂量的多巴酚丁胺",15,"1.肌酐110-170","1.38.5-38.9或34-35.9",35.9,"2.110-129或50-69",59,"2.110-139或55-69",57,"0.12-24",12,70,NA,NA,NA,"3.7.6-7.69或7.15-7.24",7.17,"0.130-149",141,"0.3.5-5.4",3.8,"1.择期手术",NA
"ZYQC_056",7,"12",7,"12",18,18,"1.IMV",84,45,271,4.2,"0.MAP大于70",15,"4.肌酐大于440或尿量<200/天","1.IMV","55","50","65","8.1999999999999993","3.多巴胺＞5或肾上腺素≤0.1或去甲≤0.1",15,"4.肌酐大于440或尿量<200/天","1.38.5-38.9或34-35.9",35.6,"2.110-129或50-69",63,"2.110-139或55-69",120,"1.25-34或10-11",26,84,NA,NA,NA,"3.7.6-7.69或7.15-7.24",7.22,"0.130-149",133,"0.3.5-5.4",4,"0.未手术",NA
"ZYQC_057",12,"11",12,"11",21,21,"1.IMV",70,50,73,12.4,"3.多巴胺＞5或肾上腺素≤0.1或去甲≤0.1",15,"4.肌酐大于440或尿量<200/天","1.IMV","71","35","64","14.9","3.多巴胺＞5或肾上腺素≤0.1或去甲≤0.1",15,"4.肌酐大于440或尿量<200/天","3.39-40.9或30-31.9",39,"2.110-129或50-69",59,"2.110-139或55-69",110,"3.35-49",35,70,NA,NA,NA,"0.7.33-7.49",7.36,"0.130-149",133,"0.3.5-5.4",3.6,"0.未手术",NA
"ZYQC_058",3,"14",3,"14",17,17,"1.IMV",93,50,172,7.5,"0.MAP大于70",15,"0.肌酐＜110","1.IMV","76","40","21","239","0.MAP大于70",15,"4.肌酐大于440或尿量<200/天","3.39-40.9或30-31.9",39.1,"3.130-159",159,"2.110-139或55-69",130,"3.35-49",43,93,NA,NA,NA,"2.7.25-7.32",7.32,"0.130-149",135,"1.5.5-5.9或3-3.4",3.3,"0.未手术",NA
"ZYQC_059",8,"5",8,"5",19,19,"1.IMV",66.7,70,226,1.6,"3.多巴胺＞5或肾上腺素≤0.1或去甲≤0.1",15,"1.肌酐110-170","1.IMV","74.5","50","205","3.2","0.MAP大于70",15,"2.肌酐171-299","0.36-38.4",36.6,"2.110-129或50-69",124,"2.110-139或55-69",128,"3.35-49",36,NA,70,36.8,66.7,"1.7.5-7.59",7.5,"0.130-149",136,"0.3.5-5.4",3.9,"0.未手术",NA
"ZYQC_060",12,"7",12,"7",19,19,"1.IMV",89,45,32,27.8,"3.多巴胺＞5或肾上腺素≤0.1或去甲≤0.1",15,"2.肌酐171-299","1.IMV","74","35","182","9.8000000000000007","4.多巴胺＞15或去甲＞0.1或肾上腺素＞0.1",15,"1.肌酐110-170","0.36-38.4",36.9,"2.110-129或50-69",63,"2.110-139或55-69",133,"3.35-49",37,89,NA,NA,NA,"0.7.33-7.49",7.38,"2.155-159或120-129",156,"2.2.5-2.9",2.7,"0.未手术",NA
"ZYQC_061",19,"NA",19,"NA",24,24,"1.IMV",70,100,16,365.2,"4.多巴胺＞15或去甲＞0.1或肾上腺素＞0.1",15,"3.肌酐300-440或尿量<500/天",NA,NA,NA,NA,NA,NA,NA,NA,"0.36-38.4",36,"2.110-129或50-69",60,"2.110-139或55-69",111,"3.35-49",40,NA,100,50.2,69.9,"3.7.6-7.69或7.15-7.24",7.21,"0.130-149",130,"0.3.5-5.4",3.9,"0.未手术",NA
"ZYQC_062",7,"NA",7,"NA",17,17,"3.HFNC",41,100,161,6.5,"0.MAP大于70",15,"3.肌酐300-440或尿量<500/天",NA,NA,NA,NA,NA,NA,NA,NA,"0.36-38.4",36.5,"3.130-159",130,"2.110-139或55-69",125,"3.35-49",39,NA,100,27,41,"1.7.5-7.59",7.53,"0.130-149",133,"1.5.5-5.9或3-3.4",5.76,"0.未手术",NA
"ZYCZ_001",7,"2",7,"2",17,17,"1.IMV",71.8,25,9,8,"1.MAP小于70（未使用血管活性药物）",15,"0.肌酐＜110","1.IMV","92.3","25","178","9.4","1.MAP小于70（未使用血管活性药物）",15,"0.肌酐＜110","3.39-40.9或30-31.9",39,"2.110-129或50-69",66,"2.110-139或55-69",122,"0.12-24",20,71.8,NA,NA,NA,"1.7.5-7.59",7.52,"0.130-149",132,"0.3.5-5.4",3.83,"0.未手术",NA
"ZYCZ_002",10,"11",10,"11",19,19,"1.IMV",88,35,6,14.3,"4.多巴胺＞15或去甲＞0.1或肾上腺素＞0.1",15,"0.肌酐＜110","1.IMV","76.3","35","2","19.600000000000001","4.多巴胺＞15或去甲＞0.1或肾上腺素＞0.1",15,"0.肌酐＜110","0.36-38.4",36.2,"2.110-129或50-69",60,"2.110-139或55-69",55,"3.35-49",37,88,NA,NA,NA,"0.7.33-7.49",7.38,"0.130-149",139,"1.5.5-5.9或3-3.4",3.28,"0.未手术",NA
"ZYCZ_003",6,"12",6,"12",16,16,"1.IMV",81.4,40,556,8,"4.多巴胺＞15或去甲＞0.1或肾上腺素＞0.1",15,"0.肌酐＜110","1.IMV","87.4","30","5","52","4.多巴胺＞15或去甲＞0.1或肾上腺素＞0.1",15,"0.肌酐＜110","3.39-40.9或30-31.9",39.5,"2.110-129或50-69",121,"2.110-139或55-69",121,"1.25-34或10-11",33,81.4,NA,NA,NA,"2.7.25-7.32",7.28,"0.130-149",137,"0.3.5-5.4",3.68,"0.未手术",NA
"ZYCZ_004",10,"1",10,"1",21,21,"1.IMV",65.3,100,86,4.8,"4.多巴胺＞15或去甲＞0.1或肾上腺素＞0.1",15,"0.肌酐＜110","3.HFNC","101","26","250","6","0.MAP大于70",15,"0.肌酐＜110","0.36-38.4",36,"2.110-129或50-69",124,"3.140-179或40-54",165,"0.12-24",12,NA,100,45.6,65.3,"1.7.5-7.59",7.57,"0.130-149",137,"0.3.5-5.4",4.34,"0.未手术",NA
"ZYCZ_005",11,"5",11,"5",31,31,"1.IMV",81.2,55,3,19.3,"4.多巴胺＞15或去甲＞0.1或肾上腺素＞0.1",15,"0.肌酐＜110","1.IMV","70.099999999999994","40","96","4.0999999999999996","0.MAP大于70",15,"0.肌酐＜110","0.36-38.4",37,"2.110-129或50-69",113,"2.110-139或55-69",121,"3.35-49",36,NA,55,39.8,81.2,"1.7.5-7.59",7.51,"0.130-149",137,"0.3.5-5.4",3.62,"0.未手术",NA
"ZYCZ_006",11,"15",11,"14",22,22,"3.HFNC",69.1,50,31,4.1,"4.多巴胺＞15或去甲＞0.1或肾上腺素＞0.1",15,"1.肌酐110-170","1.IMV","71.3","40","31","246.1","4.多巴胺＞15或去甲＞0.1或肾上腺素＞0.1",14,"0.肌酐＜110","1.38.5-38.9或34-35.9",38.5,"2.110-129或50-69",57,"2.110-139或55-69",130,"1.25-34或10-11",33,NA,50,35.5,69.1,"0.7.33-7.49",7.34,"0.130-149",140,"1.5.5-5.9或3-3.4",3.08,"0.未手术",NA
"ZYCZ_007",10,"12",10,"12",20,20,"1.IMV",84.6,30,34,13,"4.多巴胺＞15或去甲＞0.1或肾上腺素＞0.1",15,"1.肌酐110-170","1.IMV","69.7","26","42","33.700000000000003","3.多巴胺＞5或肾上腺素≤0.1或去甲≤0.1",15,"2.肌酐171-299","0.36-38.4",36,"0.70-109",74,"2.110-139或55-69",66,"1.25-34或10-11",30,84.6,NA,NA,NA,"2.7.25-7.32",7.46,"0.130-149",136,"0.3.5-5.4",3.7,"0.未手术",NA
"ZYCZ_008",12,"11",12,"11",20,20,"1.IMV",79.5,30,64,7.4,"4.多巴胺＞15或去甲＞0.1或肾上腺素＞0.1",15,"4.肌酐大于440或尿量<200/天","1.IMV","88.8","30","38","24","4.多巴胺＞15或去甲＞0.1或肾上腺素＞0.1",15,"1.肌酐110-170","1.38.5-38.9或34-35.9",38.9,"2.110-129或50-69",60,"2.110-139或55-69",129,"4.≥50或≤5",5,79.5,NA,NA,NA,"0.7.33-7.49",7.37,"0.130-149",131,"0.3.5-5.4",3.62,"0.未手术",NA
"ZYCZ_009",5,"2",5,"2",18,18,"1.IMV",68,70,388,8.3,"1.MAP小于70（未使用血管活性药物）",15,"0.肌酐＜110","1.IMV","112","30","103","6.7","0.MAP大于70",15,"0.肌酐＜110","1.38.5-38.9或34-35.9",38.6,"2.110-129或50-69",60,"2.110-139或55-69",115,"0.12-24",12,NA,70,39.1,68,"1.7.5-7.59",7.51,"0.130-149",134,"1.5.5-5.9或3-3.4",3.38,"0.未手术",NA
"ZYCZ_010",8,"8",8,"8",18,18,"1.IMV",90.4,35,223,9.5,"2.多巴胺剂量≤5ug/kg/min或使用任意剂量的多巴酚丁胺",15,"4.肌酐大于440或尿量<200/天","1.IMV","65.400000000000006","35","106","9.6999999999999993","4.多巴胺＞15或去甲＞0.1或肾上腺素＞0.1",15,"0.肌酐＜110","0.36-38.4",36.2,"2.110-129或50-69",63,"3.140-179或40-54",150,"1.25-34或10-11",30,90.4,NA,NA,NA,"4.≥7.7或＜7.15",7.13,"0.130-149",142,"0.3.5-5.4",3.66,"0.未手术",NA
"ZYCZ_011",12,"11",12,"11",27,27,"1.IMV",89,30,4,39.5,"4.多巴胺＞15或去甲＞0.1或肾上腺素＞0.1",15,"0.肌酐＜110","1.IMV","81","25","4","39.5","4.多巴胺＞15或去甲＞0.1或肾上腺素＞0.1",15,"0.肌酐＜110","0.36-38.4",36.6,"2.110-129或50-69",118,"2.110-139或55-69",120,"0.12-24",12,89,NA,NA,NA,"4.≥7.7或＜7.15",7.75,"0.130-149",140,"1.5.5-5.9或3-3.4",3.48,"0.未手术",NA
"ZYCZ_013",6,"7",6,"7",18,18,"1.IMV",84.2,60,208,13.4,"1.MAP小于70（未使用血管活性药物）",15,"2.肌酐171-299","1.IMV","71","60","208","13.4","4.多巴胺＞15或去甲＞0.1或肾上腺素＞0.1",15,"0.肌酐＜110","3.39-40.9或30-31.9",39.9,"2.110-129或50-69",121,"3.140-179或40-54",145,"0.12-24",16,83.7,60,44.2,83.7,"0.7.33-7.49",7.37,"0.130-149",149,"0.3.5-5.4",4.37,"0.未手术",NA
"ZYCZ_014",11,"7",11,"7",30,30,"1.IMV",112,100,18,16.3,"4.多巴胺＞15或去甲＞0.1或肾上腺素＞0.1",15,"0.肌酐＜110","1.IMV","63.7","30","11","19.899999999999999","0.MAP大于70",15,"0.肌酐＜110","3.39-40.9或30-31.9",39.2,"2.110-129或50-69",65,"0.70-109",71,"1.25-34或10-11",29,NA,100,33,112,"0.7.33-7.49",7.39,"0.130-149",138,"0.3.5-5.4",3.91,"0.未手术",NA
"ZYCZ_015",8,"8",8,"8",15,15,"1.IMV",78.8,50,149,31.9,"2.多巴胺剂量≤5ug/kg/min或使用任意剂量的多巴酚丁胺",15,"1.肌酐110-170","1.IMV","97","35","149","31.9","4.多巴胺＞15或去甲＞0.1或肾上腺素＞0.1",15,"0.肌酐＜110","0.36-38.4",36.1,"2.110-129或50-69",57,"4.≥180或≤39",182,"0.12-24",12,NA,50,72.6,78.8,"2.7.25-7.32",7.29,"0.130-149",139,"0.3.5-5.4",4.06,"0.未手术",NA
"ZYCZ_016",3,"6",3,"6",13,13,"1.IMV",82.5,23,226,4.6,"2.多巴胺剂量≤5ug/kg/min或使用任意剂量的多巴酚丁胺",15,"0.肌酐＜110","1.IMV","94.1","23","60","4.9000000000000004","4.多巴胺＞15或去甲＞0.1或肾上腺素＞0.1",15,"0.肌酐＜110","1.38.5-38.9或34-35.9",38.5,"2.110-129或50-69",111,"2.110-139或55-69",111,"1.25-34或10-11",27,82.5,NA,NA,NA,"0.7.33-7.49",7.43,"0.130-149",137,"0.3.5-5.4",3.97,"0.未手术",NA
"ZYCZ_017",11,"10",10,"10",16,15,"1.IMV",70.8,45,44,9.9,"4.多巴胺＞15或去甲＞0.1或肾上腺素＞0.1",14,"0.肌酐＜110","1.IMV","68.2","50","37","12","4.多巴胺＞15或去甲＞0.1或肾上腺素＞0.1",15,"0.肌酐＜110","0.36-38.4",36.6,"2.110-129或50-69",57,"2.110-139或55-69",125,"0.12-24",12,70.8,NA,NA,NA,"2.7.25-7.32",7.3,"0.130-149",135,"0.3.5-5.4",4.09,"0.未手术",NA
"ZYCZ_018",6,"1",6,"1",29,29,"1.IMV",92.9,35,371,7.9,"4.多巴胺＞15或去甲＞0.1或肾上腺素＞0.1",15,"0.肌酐＜110","1.IMV","96.8","30","158","11.9","0.MAP大于70",15,"0.肌酐＜110","3.39-40.9或30-31.9",39.2,"2.110-129或50-69",111,"3.140-179或40-54",170,"3.35-49",41,92.9,NA,NA,NA,"3.7.6-7.69或7.15-7.24",7.23,"3.160-179或111-119",163,"2.2.5-2.9",2.67,"0.未手术",NA
"ZYCZ_019",11,"10",11,"10",17,17,"1.IMV",94.5,30,8,34.6,"4.多巴胺＞15或去甲＞0.1或肾上腺素＞0.1",15,"0.肌酐＜110","1.IMV","95.7","25","9","22.3","4.多巴胺＞15或去甲＞0.1或肾上腺素＞0.1",15,"0.肌酐＜110","0.36-38.4",36.3,"2.110-129或50-69",60,"0.70-109",80,"0.12-24",12,94.5,NA,NA,NA,"1.7.5-7.59",7.5,"0.130-149",138,"0.3.5-5.4",3.8,"0.未手术",NA
"ZYCZ_020",10,"12",10,"12",14,14,"1.IMV",74,65,8,13,"3.多巴胺＞5或肾上腺素≤0.1或去甲≤0.1",15,"0.肌酐＜110","1.IMV","63.9","85","3","6.9","4.多巴胺＞15或去甲＞0.1或肾上腺素＞0.1",15,"0.肌酐＜110","0.36-38.4",37,"0.70-109",88,"0.70-109",94,"1.25-34或10-11",26,NA,65,36,74,"1.7.5-7.59",7.51,"0.130-149",145,"0.3.5-5.4",3.8,"0.未手术",NA
"ZYCZ_021",17,"NA",17,"NA",23,23,"1.IMV",85.7,80,15,51,"4.多巴胺＞15或去甲＞0.1或肾上腺素＞0.1",15,"4.肌酐大于440或尿量<200/天",NA,NA,NA,NA,NA,NA,NA,NA,"1.38.5-38.9或34-35.9",35.8,"2.110-129或50-69",58,"2.110-139或55-69",118,"0.12-24",12,NA,80,37.2,85.7,"2.7.25-7.32",7.27,"0.130-149",142,"0.3.5-5.4",4.81,"0.未手术",NA
"ZYCZ_022",10,"12",10,"12",27,27,"1.IMV",80.4,80,46,15.3,"4.多巴胺＞15或去甲＞0.1或肾上腺素＞0.1",15,"0.肌酐＜110","1.IMV","80.599999999999994","70","16","16.399999999999999","4.多巴胺＞15或去甲＞0.1或肾上腺素＞0.1",15,"1.肌酐110-170","3.39-40.9或30-31.9",39.1,"2.110-129或50-69",61,"3.140-179或40-54",155,"3.35-49",36,NA,80,55.2,80.4,"2.7.25-7.32",7.29,"0.130-149",135,"2.2.5-2.9",2.92,"0.未手术",NA
"ZYCZ_023",8,"7",8,"7",17,17,"1.IMV",67.8,35,80,5.3,"3.多巴胺＞5或肾上腺素≤0.1或去甲≤0.1",15,"0.肌酐＜110","1.IMV","65.8","60","66","3.3","2.多巴胺剂量≤5ug/kg/min或使用任意剂量的多巴酚丁胺",15,"0.肌酐＜110","0.36-38.4",36.4,"2.110-129或50-69",119,"2.110-139或55-69",122,"1.25-34或10-11",30,67.8,NA,NA,NA,"1.7.5-7.59",7.55,"0.130-149",136,"0.3.5-5.4",4.42,"0.未手术",NA
"ZYCZ_024",14,"15",14,"15",17,17,"1.IMV",87,35,15,22.4,"3.多巴胺＞5或肾上腺素≤0.1或去甲≤0.1",15,"4.肌酐大于440或尿量<200/天","1.IMV","73.900000000000006","50","40","83","3.多巴胺＞5或肾上腺素≤0.1或去甲≤0.1",15,"4.肌酐大于440或尿量<200/天","3.39-40.9或30-31.9",39.7,"2.110-129或50-69",110,"3.140-179或40-54",157,"3.35-49",49,87,NA,NA,NA,"1.7.5-7.59",7.54,"0.130-149",136,"0.3.5-5.4",4.5,"0.未手术",NA
"ZYCZ_025",6,"2",6,"2",19,19,"1.IMV",61.5,27,176,9.6,"4.多巴胺＞15或去甲＞0.1或肾上腺素＞0.1",15,"0.肌酐＜110","1.IMV","59","22","176","5.3","0.MAP大于70",15,"0.肌酐＜110","0.36-38.4",36.6,"2.110-129或50-69",58,"2.110-139或55-69",65,"0.12-24",12,61.5,NA,NA,NA,"4.≥7.7或＜7.15",7.08,"0.130-149",136,"0.3.5-5.4",4.78,"0.未手术",NA
"ZYCZ_026",7,"2",7,"2",6,6,"1.IMV",85.7,45,300,25.2,"3.多巴胺＞5或肾上腺素≤0.1或去甲≤0.1",15,"0.肌酐＜110","1.IMV","72.099999999999994","25","323","15.5","0.MAP大于70",15,"0.肌酐＜110","1.38.5-38.9或34-35.9",38.8,"2.110-129或50-69",66,"0.70-109",71,"3.35-49",44,85.7,NA,NA,NA,"0.7.33-7.49",7.33,"0.130-149",133,"0.3.5-5.4",4.48,"0.未手术",NA
"ZYCZ_027",6,"5",6,"5",18,18,"1.IMV",87.5,35,84,7.7,"1.MAP小于70（未使用血管活性药物）",15,"1.肌酐110-170","1.IMV","78.599999999999994","35","77","7.4","0.MAP大于70",15,"1.肌酐110-170","0.36-38.4",36.8,"2.110-129或50-69",60,"2.110-139或55-69",125,"0.12-24",12,87.5,NA,NA,NA,"3.7.6-7.69或7.15-7.24",7.2,"0.130-149",142,"1.5.5-5.9或3-3.4",5.57,"0.未手术",NA
"ZYCZ_028",7,"6",7,"6",17,17,"1.IMV",99.9,80,270,29.6,"3.多巴胺＞5或肾上腺素≤0.1或去甲≤0.1",15,"0.肌酐＜110","1.IMV","69.599999999999994","35","179","6.4","3.多巴胺＞5或肾上腺素≤0.1或去甲≤0.1",15,"0.肌酐＜110","1.38.5-38.9或34-35.9",38.8,"2.110-129或50-69",61,"3.140-179或40-54",150,"1.25-34或10-11",29,NA,80,39.7,99.9,"0.7.33-7.49",7.39,"0.130-149",137,"1.5.5-5.9或3-3.4",3.48,"0.未手术",NA
"ZYCZ_029",14,"16",14,"16",28,28,"1.IMV",100,80,64,54.7,"3.多巴胺＞5或肾上腺素≤0.1或去甲≤0.1",15,"4.肌酐大于440或尿量<200/天","1.IMV","64.599999999999994","40","17","41","3.多巴胺＞5或肾上腺素≤0.1或去甲≤0.1",15,"4.肌酐大于440或尿量<200/天","0.36-38.4",36,"2.110-129或50-69",55,"3.140-179或40-54",153,"3.35-49",35,NA,80,30.1,100,"3.7.6-7.69或7.15-7.24",7.24,"2.155-159或120-129",127,"0.3.5-5.4",4.49,"0.未手术",NA
"ZYYH_001",17,"16",17,"16",24,24,"1.IMV",79,45,9,32.6,"4.多巴胺＞15或去甲＞0.1或肾上腺素＞0.1",15,"4.肌酐大于440或尿量<200/天","1.IMV","72.7","35","3","123.7","3.多巴胺＞5或肾上腺素≤0.1或去甲≤0.1",15,"4.肌酐大于440或尿量<200/天","1.38.5-38.9或34-35.9",35.5,"0.70-109",71,"2.110-139或55-69",125,"3.35-49",42,79,NA,NA,NA,"2.7.25-7.32",7.25,"1.150-154",152,"0.3.5-5.4",3.5,"0.未手术",NA
"ZYYH_002",9,"4",5,"2",29,17,"1.IMV",94,40,175,9.4,"3.多巴胺＞5或肾上腺素≤0.1或去甲≤0.1",3,"0.肌酐＜110","4.鼻导管","99","33","137","7.1","0.MAP大于70",11,"0.肌酐＜110","3.39-40.9或30-31.9",39.4,"2.110-129或50-69",67,"2.110-139或55-69",123,"1.25-34或10-11",30,94,NA,NA,NA,"2.7.25-7.32",7.29,"1.150-154",151,"1.5.5-5.9或3-3.4",3.4,"0.未手术",NA
"ZYYH_003",8,"10",4,"6",25,13,"1.IMV",147,35,128,4.2,"3.多巴胺＞5或肾上腺素≤0.1或去甲≤0.1",3,"0.肌酐＜110","1.IMV","127","30","134","9.1","3.多巴胺＞5或肾上腺素≤0.1或去甲≤0.1",3,"2.肌酐171-299","3.39-40.9或30-31.9",39.4,"2.110-129或50-69",125,"3.140-179或40-54",151,"1.25-34或10-11",26,147,NA,NA,NA,"1.7.5-7.59",7.51,"0.130-149",132,"0.3.5-5.4",3.6,"0.未手术",NA
"ZYYH_004",4,"4",4,"4",16,16,"1.IMV",72,70,243,10.5,"1.MAP小于70（未使用血管活性药物）",15,"0.肌酐＜110","1.IMV","83","55","265","7","0.MAP大于70",15,"1.肌酐110-170","0.36-38.4",36.6,"2.110-129或50-69",60,"3.140-179或40-54",50,"0.12-24",12,NA,70,46,72,"0.7.33-7.49",7.44,"0.130-149",141,"0.3.5-5.4",3.6,"0.未手术",NA
"ZYYH_005",6,"4",6,"4",11,11,"1.IMV",86.7,25,57,13.1,"3.多巴胺＞5或肾上腺素≤0.1或去甲≤0.1",15,"0.肌酐＜110","4.鼻导管","98","33","55","11.2","0.MAP大于70",15,"0.肌酐＜110","0.36-38.4",36,"2.110-129或50-69",64,"2.110-139或55-69",59,"1.25-34或10-11",10,86.7,NA,NA,NA,"0.7.33-7.49",7.4,"1.150-154",151,"0.3.5-5.4",3.6,"0.未手术",NA
"ZYYH_006",10,"4",6,"3",34,22,"1.IMV",83,40,156,8.3,"4.多巴胺＞15或去甲＞0.1或肾上腺素＞0.1",3,"0.肌酐＜110","1.IMV","94","40","103","6","0.MAP大于70",13,"0.肌酐＜110","0.36-38.4",36.4,"0.70-109",70,"3.140-179或40-54",145,"3.35-49",36,83,NA,NA,NA,"2.7.25-7.32",7.3,"0.130-149",133,"1.5.5-5.9或3-3.4",3,"0.未手术",NA
"ZYYH_007",12,"NA",12,"NA",28,28,"1.IMV",72.9,60,54,47,"4.多巴胺＞15或去甲＞0.1或肾上腺素＞0.1",15,"1.肌酐110-170",NA,NA,NA,NA,NA,NA,NA,NA,"1.38.5-38.9或34-35.9",38.6,"2.110-129或50-69",69,"2.110-139或55-69",137,"1.25-34或10-11",26,NA,60,53.6,72.9,"3.7.6-7.69或7.15-7.24",7.15,"1.150-154",152,"1.5.5-5.9或3-3.4",3.1,"0.未手术",NA
"ZYYH_008",12,"14",12,"14",19,19,"1.IMV",96.2,45,53,20.6,"3.多巴胺＞5或肾上腺素≤0.1或去甲≤0.1",15,"4.肌酐大于440或尿量<200/天","1.IMV","101","50","33","56.4","3.多巴胺＞5或肾上腺素≤0.1或去甲≤0.1",15,"4.肌酐大于440或尿量<200/天","1.38.5-38.9或34-35.9",35.6,"2.110-129或50-69",50,"2.110-139或55-69",58,"0.12-24",12,96.2,NA,NA,NA,"3.7.6-7.69或7.15-7.24",7.19,"0.130-149",132,"0.3.5-5.4",3.5,"0.未手术",NA
"ZYYH_009",6,"2",6,"2",18,18,"1.IMV",75.4,35,461,4.2,"3.多巴胺＞5或肾上腺素≤0.1或去甲≤0.1",15,"1.肌酐110-170","1.IMV","84.4","40","315","2.7","0.MAP大于70",15,"0.肌酐＜110","0.36-38.4",36,"0.70-109",71,"2.110-139或55-69",120,"1.25-34或10-11",28,75.4,NA,NA,NA,"2.7.25-7.32",7.28,"2.155-159或120-129",159,"1.5.5-5.9或3-3.4",3,"0.未手术",NA
"ZYYH_010",7,"6",7,"6",18,18,"1.IMV",99.6,50,202,18.8,"4.多巴胺＞15或去甲＞0.1或肾上腺素＞0.1",15,"0.肌酐＜110","1.IMV","83.4","30","185","21.7","3.多巴胺＞5或肾上腺素≤0.1或去甲≤0.1",15,"0.肌酐＜110","0.36-38.4",36.7,"2.110-129或50-69",111,"2.110-139或55-69",128,"1.25-34或10-11",32,99.6,NA,NA,NA,"2.7.25-7.32",7.27,"0.130-149",134,"1.5.5-5.9或3-3.4",3.4,"0.未手术",NA
"ZYYH_011",7,"4",7,"4",20,20,"1.IMV",88.4,50,150,6.9,"3.多巴胺＞5或肾上腺素≤0.1或去甲≤0.1",15,"1.肌酐110-170","1.IMV","80.3","35","62","6.1","0.MAP大于70",15,"0.肌酐＜110","0.36-38.4",36.5,"2.110-129或50-69",69,"2.110-139或55-69",114,"1.25-34或10-11",32,88.4,NA,NA,NA,"2.7.25-7.32",7.29,"1.150-154",154,"0.3.5-5.4",3.7,"0.未手术",NA
"ZYYH_012",7,"6",7,"6",12,12,"1.IMV",91,35,82,11.9,"3.多巴胺＞5或肾上腺素≤0.1或去甲≤0.1",15,"0.肌酐＜110","1.IMV","64","50","164","16.2","3.多巴胺＞5或肾上腺素≤0.1或去甲≤0.1",15,"0.肌酐＜110","3.39-40.9或30-31.9",39,"0.70-109",76,"2.110-139或55-69",124,"3.35-49",37,91,NA,NA,NA,"0.7.33-7.49",7.37,"0.130-149",131,"0.3.5-5.4",3.5,"0.未手术",NA
"ZYYH_013",1,"4",1,"4",12,12,"1.IMV",127,40,162,9.7,"0.MAP大于70",15,"0.肌酐＜110","1.IMV","79","35","144","6.7","1.MAP小于70（未使用血管活性药物）",15,"0.肌酐＜110","0.36-38.4",36.5,"0.70-109",72,"3.140-179或40-54",48,"0.12-24",12,127,NA,NA,NA,"1.7.5-7.59",7.57,"0.130-149",136,"1.5.5-5.9或3-3.4",3,"0.未手术",NA
"ZYYH_014",9,"4",9,"4",25,25,"1.IMV",114,40,207,8.5,"3.多巴胺＞5或肾上腺素≤0.1或去甲≤0.1",15,"4.肌酐大于440或尿量<200/天","1.IMV","120","25","172","7.4","0.MAP大于70",15,"4.肌酐大于440或尿量<200/天","1.38.5-38.9或34-35.9",35.5,"2.110-129或50-69",65,"3.140-179或40-54",52,"0.12-24",12,114,NA,NA,NA,"1.7.5-7.59",7.55,"0.130-149",134,"1.5.5-5.9或3-3.4",3.2,"0.未手术",NA
"ZYYH_015",14,"NA",14,"NA",27,27,"1.IMV",74.9,70,1452,134.5,"4.多巴胺＞15或去甲＞0.1或肾上腺素＞0.1",15,"4.肌酐大于440或尿量<200/天",NA,NA,NA,NA,NA,NA,NA,NA,"1.38.5-38.9或34-35.9",38.9,"2.110-129或50-69",56,"3.140-179或40-54",144,"3.35-49",38,NA,70,30,74.9,"2.7.25-7.32",7.27,"3.160-179或111-119",171,"1.5.5-5.9或3-3.4",5.79,"0.未手术",NA
"ZYYH_016",5,"5",5,"5",13,13,"1.IMV",91.4,40,364,11.9,"3.多巴胺＞5或肾上腺素≤0.1或去甲≤0.1",15,"0.肌酐＜110","1.IMV","99.6","35","199","11.9","3.多巴胺＞5或肾上腺素≤0.1或去甲≤0.1",15,"0.肌酐＜110","3.39-40.9或30-31.9",39.5,"2.110-129或50-69",67,"2.110-139或55-69",115,"0.12-24",12,91.4,NA,NA,NA,"0.7.33-7.49",7.37,"0.130-149",134,"1.5.5-5.9或3-3.4",3.3,"0.未手术",NA
"ZYYH_017",8,"4",5,"2",20,13,"1.IMV",102,45,37,9.7,"0.MAP大于70",8,"0.肌酐＜110","1.IMV","94.2","40","451","12.7","0.MAP大于70",12,"0.肌酐＜110","1.38.5-38.9或34-35.9",38.6,"2.110-129或50-69",120,"2.110-139或55-69",121,"1.25-34或10-11",27,102,NA,NA,NA,"0.7.33-7.49",7.46,"1.150-154",152,"1.5.5-5.9或3-3.4",3.4,"0.未手术",NA
"ZYYH_018",8,"8",8,"8",19,19,"1.IMV",102,35,28,16.4,"3.多巴胺＞5或肾上腺素≤0.1或去甲≤0.1",15,"0.肌酐＜110","1.IMV","71.099999999999994","35","25","18.8","3.多巴胺＞5或肾上腺素≤0.1或去甲≤0.1",15,"0.肌酐＜110","1.38.5-38.9或34-35.9",35.3,"0.70-109",70,"3.140-179或40-54",165,"1.25-34或10-11",25,102,NA,NA,NA,"2.7.25-7.32",7.3,"3.160-179或111-119",162,"0.3.5-5.4",3.9,"0.未手术",NA
"ZYYH_019",6,"3",6,"3",17,17,"1.IMV",73,70,396,12,"3.多巴胺＞5或肾上腺素≤0.1或去甲≤0.1",15,"0.肌酐＜110","1.IMV","98","40","345","6.3","1.MAP小于70（未使用血管活性药物）",15,"0.肌酐＜110","0.36-38.4",36,"2.110-129或50-69",60,"2.110-139或55-69",58,"1.25-34或10-11",25,NA,70,33,73,"0.7.33-7.49",7.4,"0.130-149",142,"1.5.5-5.9或3-3.4",3.3,"0.未手术",NA
"ZYYH_020",7,"4",7,"4",14,14,"1.IMV",68,35,202,9.3,"4.多巴胺＞15或去甲＞0.1或肾上腺素＞0.1",15,"0.肌酐＜110","1.IMV","56","35","287","9.3000000000000007","1.MAP小于70（未使用血管活性药物）",15,"0.肌酐＜110","1.38.5-38.9或34-35.9",38.8,"0.70-109",71,"2.110-139或55-69",111,"0.12-24",16,NA,85,31,68,"0.7.33-7.49",7.34,"2.155-159或120-129",128,"0.3.5-5.4",3.5,"0.未手术",NA
"ZYYH_021",8,"4",8,"4",15,15,"1.IMV",59,30,127,4.5,"4.多巴胺＞15或去甲＞0.1或肾上腺素＞0.1",15,"0.肌酐＜110","3.HFNC","71","35","127","5.6","1.MAP小于70（未使用血管活性药物）",15,"0.肌酐＜110","0.36-38.4",37.5,"2.110-129或50-69",65,"2.110-139或55-69",65,"0.12-24",15,59,NA,NA,NA,"0.7.33-7.49",7.35,"0.130-149",139,"0.3.5-5.4",4.57,"0.未手术",NA
"ZYYH_022",7,"4",7,"4",12,12,"1.IMV",78,35,115,3.5,"4.多巴胺＞15或去甲＞0.1或肾上腺素＞0.1",15,"0.肌酐＜110","4.鼻导管","78.5","33","130","4.3","1.MAP小于70（未使用血管活性药物）",15,"0.肌酐＜110","0.36-38.4",36.4,"2.110-129或50-69",60,"2.110-139或55-69",68,"0.12-24",15,78,NA,NA,NA,"0.7.33-7.49",7.4,"0.130-149",135,"0.3.5-5.4",3.99,"0.未手术",NA
"ZYYH_023",7,"10",7,"10",18,18,"1.IMV",62,50,50,25.1,"1.MAP小于70（未使用血管活性药物）",15,"0.肌酐＜110","1.IMV","69.900000000000006","80","50","19.5","3.多巴胺＞5或肾上腺素≤0.1或去甲≤0.1",15,"0.肌酐＜110","3.39-40.9或30-31.9",39.9,"2.110-129或50-69",65,"3.140-179或40-54",152,"1.25-34或10-11",26,NA,50,33,62,"0.7.33-7.49",7.49,"2.155-159或120-129",156,"0.3.5-5.4",3.91,"0.未手术",NA
"ZYYH_024",3,"0",3,"0",14,14,"1.IMV",129,40,144,12.2,"1.MAP小于70（未使用血管活性药物）",15,"0.肌酐＜110","1.IMV","124","30","180","4.2","0.MAP大于70",15,"0.肌酐＜110","3.39-40.9或30-31.9",39,"2.110-129或50-69",67,"2.110-139或55-69",62,"0.12-24",12,129,NA,NA,NA,"0.7.33-7.49",7.37,"0.130-149",146,"0.3.5-5.4",4.04,"1.择期手术",NA
"ZYYH_025",9,"7",9,"7",11,11,"1.IMV",97.1,35,221,143.2,"4.多巴胺＞15或去甲＞0.1或肾上腺素＞0.1",15,"0.肌酐＜110","1.IMV","124","35","151","43.1","4.多巴胺＞15或去甲＞0.1或肾上腺素＞0.1",15,"0.肌酐＜110","0.36-38.4",36.5,"0.70-109",76,"3.140-179或40-54",51,"0.12-24",14,97.1,NA,NA,NA,"0.7.33-7.49",7.48,"0.130-149",138,"0.3.5-5.4",4.36,"2.急诊手术",NA
"ZYYH_026",6,"7",6,"7",11,11,"1.IMV",105,40,228,3.3,"4.多巴胺＞15或去甲＞0.1或肾上腺素＞0.1",15,"0.肌酐＜110","1.IMV","70.900000000000006","40","228","3.7","4.多巴胺＞15或去甲＞0.1或肾上腺素＞0.1",15,"0.肌酐＜110","0.36-38.4",36.6,"0.70-109",76,"2.110-139或55-69",125,"0.12-24",20,105,NA,NA,NA,"0.7.33-7.49",7.39,"0.130-149",146,"0.3.5-5.4",3.63,"0.未手术",NA
"ZYYH_027",9,"11",9,"11",19,19,"1.IMV",128,35,33,26.3,"4.多巴胺＞15或去甲＞0.1或肾上腺素＞0.1",15,"0.肌酐＜110","1.IMV","128","35","14","26.3","4.多巴胺＞15或去甲＞0.1或肾上腺素＞0.1",15,"1.肌酐110-170","0.36-38.4",37.2,"0.70-109",74,"2.110-139或55-69",114,"0.12-24",23,128,NA,NA,NA,"0.7.33-7.49",7.36,"0.130-149",133,"0.3.5-5.4",5.3,"0.未手术",NA
"ZYYH_028",6,"3",6,"3",11,11,"1.IMV",65.5,35,215,6.9,"3.多巴胺＞5或肾上腺素≤0.1或去甲≤0.1",15,"0.肌酐＜110","1.IMV","73.599999999999994","40","209","6.8","0.MAP大于70",15,"0.肌酐＜110","0.36-38.4",36.6,"0.70-109",81,"2.110-139或55-69",68,"0.12-24",16,65.5,NA,NA,NA,"1.7.5-7.59",7.54,"0.130-149",145,"0.3.5-5.4",3.5,"1.择期手术",NA
"ZYYH_030",10,"7",10,"7",14,14,"1.IMV",71.5,80,343,36.1,"3.多巴胺＞5或肾上腺素≤0.1或去甲≤0.1",15,"1.肌酐110-170","1.IMV","96.3","30","191","20.9","3.多巴胺＞5或肾上腺素≤0.1或去甲≤0.1",15,"2.肌酐171-299","1.38.5-38.9或34-35.9",38.5,"0.70-109",78,"2.110-139或55-69",115,"0.12-24",15,NA,80,37.3,71.5,"0.7.33-7.49",7.35,"0.130-149",138,"0.3.5-5.4",4.3,"0.未手术",NA
"ZYYH_031",12,"11",12,"11",27,27,"1.IMV",91.5,60,30,12.6,"3.多巴胺＞5或肾上腺素≤0.1或去甲≤0.1",15,"3.肌酐300-440或尿量<500/天","1.IMV","69.5","55","23","30.4","4.多巴胺＞15或去甲＞0.1或肾上腺素＞0.1",15,"0.肌酐＜110","0.36-38.4",37.8,"0.70-109",86,"3.140-179或40-54",160,"0.12-24",21,NA,60,63.3,91.5,"3.7.6-7.69或7.15-7.24",7.16,"3.160-179或111-119",165,"1.5.5-5.9或3-3.4",5.6,"0.未手术",NA
"ZYYH_032",6,"5",6,"5",12,12,"1.IMV",84,35,158,7.6,"3.多巴胺＞5或肾上腺素≤0.1或去甲≤0.1",15,"1.肌酐110-170","1.IMV","90","30","222","10.5","4.多巴胺＞15或去甲＞0.1或肾上腺素＞0.1",15,"0.肌酐＜110","0.36-38.4",37,"2.110-129或50-69",62,"2.110-139或55-69",58,"0.12-24",14,84,NA,NA,NA,"0.7.33-7.49",7.4,"0.130-149",146,"0.3.5-5.4",4.1,"0.未手术",NA
"ZYYH_033",10,"6",10,"6",17,17,"1.IMV",113,70,170,44.2,"3.多巴胺＞5或肾上腺素≤0.1或去甲≤0.1",15,"2.肌酐171-299","1.IMV","65","25","295","21.5","2.多巴胺剂量≤5ug/kg/min或使用任意剂量的多巴酚丁胺",15,"1.肌酐110-170","3.39-40.9或30-31.9",39.9,"2.110-129或50-69",68,"2.110-139或55-69",119,"0.12-24",16,NA,70,35,113,"0.7.33-7.49",7.42,"0.130-149",134,"1.5.5-5.9或3-3.4",3,"0.未手术",NA
"ZYYH_034",6,"2",6,"2",12,12,"1.IMV",126,35,198,5.4,"3.多巴胺＞5或肾上腺素≤0.1或去甲≤0.1",15,"2.肌酐171-299","1.IMV","107","25","193","4.7","0.MAP大于70",15,"2.肌酐171-299","0.36-38.4",36.9,"0.70-109",83,"0.70-109",79,"0.12-24",20,126,NA,NA,NA,"0.7.33-7.49",7.36,"0.130-149",148,"0.3.5-5.4",3.8,"0.未手术",NA
"ZYYH_035",5,"1",5,"1",17,17,"1.IMV",50,25,231,9.5,"3.多巴胺＞5或肾上腺素≤0.1或去甲≤0.1",15,"0.肌酐＜110","1.IMV","79","22","172","6.1","0.MAP大于70",15,"0.肌酐＜110","0.36-38.4",37.6,"2.110-129或50-69",62,"0.70-109",87,"1.25-34或10-11",27,50,NA,NA,NA,"0.7.33-7.49",7.46,"0.130-149",147,"1.5.5-5.9或3-3.4",3.3,"0.未手术",NA
"ZYYH_036",5,"2",5,"2",9,9,"1.IMV",70,25,159,11.7,"3.多巴胺＞5或肾上腺素≤0.1或去甲≤0.1",15,"0.肌酐＜110","1.IMV","75","30","190","3.6","0.MAP大于70",15,"0.肌酐＜110","0.36-38.4",37.2,"2.110-129或50-69",67,"0.70-109",102,"0.12-24",17,70,NA,NA,NA,"0.7.33-7.49",7.48,"0.130-149",144,"0.3.5-5.4",3.8,"0.未手术",NA
"ZYYH_037",3,"3",3,"3",14,14,"1.IMV",130,30,213,11.4,"3.多巴胺＞5或肾上腺素≤0.1或去甲≤0.1",15,"0.肌酐＜110","4.鼻导管","65","34","277","9.4","0.MAP大于70",15,"0.肌酐＜110","0.36-38.4",38.3,"2.110-129或50-69",61,"2.110-139或55-69",110,"0.12-24",20,130,NA,NA,NA,"1.7.5-7.59",7.51,"2.155-159或120-129",156,"0.3.5-5.4",3.7,"0.未手术",NA
"ZYYH_038",7,"4",7,"4",10,10,"1.IMV",64,40,110,5.7,"0.MAP大于70",15,"3.肌酐300-440或尿量<500/天","1.IMV","102","30","105","4.4000000000000004","0.MAP大于70",15,"2.肌酐171-299","0.36-38.4",37.2,"0.70-109",85,"0.70-109",90,"0.12-24",23,64,NA,NA,NA,"0.7.33-7.49",7.45,"0.130-149",135,"0.3.5-5.4",4.2,"0.未手术",NA
"ZYYH_039",5,"8",5,"8",13,13,"1.IMV",80.5,35,25,14.9,"0.MAP大于70",15,"0.肌酐＜110","1.IMV","73.2","35","31","20","1.MAP小于70（未使用血管活性药物）",15,"1.肌酐110-170","0.36-38.4",38,"0.70-109",72,"2.110-139或55-69",57,"1.25-34或10-11",25,80.5,NA,NA,NA,"1.7.5-7.59",7.53,"2.155-159或120-129",159,"1.5.5-5.9或3-3.4",3.4,"0.未手术",NA
"ZYYH_040",8,"11",8,"7",28,28,"1.IMV",81.9,75,247,8.4,"3.多巴胺＞5或肾上腺素≤0.1或去甲≤0.1",15,"2.肌酐171-299","1.IMV","102","40","136","15.8","3.多巴胺＞5或肾上腺素≤0.1或去甲≤0.1",3,"1.肌酐110-170","1.38.5-38.9或34-35.9",35.7,"2.110-129或50-69",56,"0.70-109",71,"3.35-49",41,NA,75,50.7,81.9,"2.7.25-7.32",7.26,"2.155-159或120-129",156,"1.5.5-5.9或3-3.4",3.3,"0.未手术",NA
"ZYYH_041",6,"3",6,"3",13,13,"1.IMV",93,55,249,12,"3.多巴胺＞5或肾上腺素≤0.1或去甲≤0.1",15,"0.肌酐＜110","1.IMV","75","45","286","5.9","0.MAP大于70",15,"0.肌酐＜110","3.39-40.9或30-31.9",39.6,"2.110-129或50-69",69,"2.110-139或55-69",133,"3.35-49",44,NA,55,39,93,"0.7.33-7.49",7.4,"0.130-149",140,"0.3.5-5.4",3.97,"0.未手术",NA
"ZYYH_042",6,"1",6,"1",15,15,"1.IMV",121,45,98,14,"1.MAP小于70（未使用血管活性药物）",15,"1.肌酐110-170","1.IMV","91","30","287","15.5","0.MAP大于70",15,"0.肌酐＜110","0.36-38.4",37,"2.110-129或50-69",113,"2.110-139或55-69",61,"0.12-24",12,NA,45,23.5,121,"1.7.5-7.59",7.57,"0.130-149",145,"1.5.5-5.9或3-3.4",3.1,"0.未手术",NA
"ZYYH_043",10,"6",10,"6",26,26,"1.IMV",88.1,80,186,7.3,"3.多巴胺＞5或肾上腺素≤0.1或去甲≤0.1",15,"4.肌酐大于440或尿量<200/天","1.IMV","112","35","336","8","1.MAP小于70（未使用血管活性药物）",15,"4.肌酐大于440或尿量<200/天","0.36-38.4",36,"2.110-129或50-69",62,"3.140-179或40-54",48,"0.12-24",12,NA,80,50.9,88.1,"2.7.25-7.32",7.3,"0.130-149",135,"1.5.5-5.9或3-3.4",3.2,"1.择期手术",NA
"ZYYH_044",12,"6",12,"6",22,22,"1.IMV",87,55,83,63,"3.多巴胺＞5或肾上腺素≤0.1或去甲≤0.1",15,"2.肌酐171-299","1.IMV","96","40","107","32.700000000000003","0.MAP大于70",15,"1.肌酐110-170","0.36-38.4",37.2,"2.110-129或50-69",62,"3.140-179或40-54",160,"1.25-34或10-11",31,NA,55,42,87,"2.7.25-7.32",7.31,"0.130-149",139,"1.5.5-5.9或3-3.4",3.2,"0.未手术",NA
"ZYYH_045",5,"NA",5,"NA",14,14,"1.IMV",102,35,94,17.1,"1.MAP小于70（未使用血管活性药物）",15,"0.肌酐＜110",NA,NA,NA,NA,NA,NA,NA,NA,"3.39-40.9或30-31.9",40,"2.110-129或50-69",111,"2.110-139或55-69",127,"1.25-34或10-11",27,102,NA,NA,NA,"1.7.5-7.59",7.51,"0.130-149",145,"1.5.5-5.9或3-3.4",3.2,"2.急诊手术",NA
"ZYYH_046",9,"10",9,"10",17,17,"1.IMV",82,45,60,10,"4.多巴胺＞15或去甲＞0.1或肾上腺素＞0.1",15,"0.肌酐＜110","1.IMV","68","40","44","19.600000000000001","3.多巴胺＞5或肾上腺素≤0.1或去甲≤0.1",15,"0.肌酐＜110","1.38.5-38.9或34-35.9",35.8,"2.110-129或50-69",65,"2.110-139或55-69",65,"0.12-24",12,NA,45,43,82,"1.7.5-7.59",7.52,"0.130-149",137,"1.5.5-5.9或3-3.4",3,"2.急诊手术",NA
"ZYYH_047",10,"7",10,"7",17,17,"1.IMV",78.1,100,210,20.8,"4.多巴胺＞15或去甲＞0.1或肾上腺素＞0.1",15,"1.肌酐110-170","1.IMV","76.2","40","162","18","4.多巴胺＞15或去甲＞0.1或肾上腺素＞0.1",15,"0.肌酐＜110","0.36-38.4",36.7,"2.110-129或50-69",63,"0.70-109",80,"1.25-34或10-11",30,NA,100,40,78.1,"3.7.6-7.69或7.15-7.24",7.24,"0.130-149",141,"0.3.5-5.4",4.1,"0.未手术",NA
"ZYYH_048",2,"2",2,"2",13,13,"1.IMV",108,35,180,12.8,"1.MAP小于70（未使用血管活性药物）",15,"0.肌酐＜110","1.IMV","117","30","251","8.6","1.MAP小于70（未使用血管活性药物）",15,"0.肌酐＜110","0.36-38.4",36.3,"2.110-129或50-69",113,"3.140-179或40-54",45,"0.12-24",12,108,NA,44.2,NA,"0.7.33-7.49",7.42,"1.150-154",151,"1.5.5-5.9或3-3.4",3.1,"0.未手术",NA
"ZYYH_049",6,"3",6,"3",14,14,"1.IMV",106,50,204,7.8,"4.多巴胺＞15或去甲＞0.1或肾上腺素＞0.1",15,"0.肌酐＜110","1.IMV","81","35","197","15.1","1.MAP小于70（未使用血管活性药物）",15,"0.肌酐＜110","0.36-38.4",36,"2.110-129或50-69",114,"2.110-139或55-69",67,"1.25-34或10-11",25,NA,50,42,106,"0.7.33-7.49",7.35,"0.130-149",142,"1.5.5-5.9或3-3.4",3.3,"0.未手术",NA
"ZYYH_050",6,"7",6,"7",15,15,"1.IMV",74.2,50,132,5.6,"0.MAP大于70",15,"2.肌酐171-299","1.IMV","70","65","143","3.6","1.MAP小于70（未使用血管活性药物）",15,"2.肌酐171-299","1.38.5-38.9或34-35.9",38.5,"2.110-129或50-69",64,"2.110-139或55-69",117,"1.25-34或10-11",29,NA,50,28.8,74.2,"2.7.25-7.32",7.32,"0.130-149",135,"1.5.5-5.9或3-3.4",3.1,"0.未手术",NA
"ZYYH_051",8,"5",8,"5",23,23,"1.IMV",99.7,40,175,21.2,"4.多巴胺＞15或去甲＞0.1或肾上腺素＞0.1",15,"1.肌酐110-170","1.IMV","91.9","35","130","11.6","2.多巴胺剂量≤5ug/kg/min或使用任意剂量的多巴酚丁胺",15,"0.肌酐＜110","0.36-38.4",36,"0.70-109",81,"2.110-139或55-69",59,"0.12-24",12,99.7,NA,NA,NA,"2.7.25-7.32",7.32,"1.150-154",150,"0.3.5-5.4",4.3,"0.未手术",NA
"ZYYH_052",6,"2",6,"2",14,14,"1.IMV",93,55,178,10,"3.多巴胺＞5或肾上腺素≤0.1或去甲≤0.1",15,"0.肌酐＜110","1.IMV","102","35","198","6.8","0.MAP大于70",15,"0.肌酐＜110","1.38.5-38.9或34-35.9",38.5,"2.110-129或50-69",65,"3.140-179或40-54",142,"3.35-49",44,NA,55,45,93,"2.7.25-7.32",7.27,"0.130-149",144,"1.5.5-5.9或3-3.4",3.4,"0.未手术",NA
"ZYYH_053",4,"3",4,"3",14,14,"1.IMV",87.1,40,350,7.3,"0.MAP大于70",15,"2.肌酐171-299","1.IMV","81.5","35","443","5","0.MAP大于70",15,"1.肌酐110-170","1.38.5-38.9或34-35.9",35.8,"0.70-109",73,"3.140-179或40-54",52,"0.12-24",12,87.1,NA,NA,NA,"0.7.33-7.49",7.35,"0.130-149",138,"0.3.5-5.4",3.5,"0.未手术",NA
"HNSR_001",11,"11",8,"8",21,13,"1.IMV",63,60,159,40,"3.多巴胺＞5或肾上腺素≤0.1或去甲≤0.1",7,"0.肌酐＜110","1.IMV","54.6","80","129","36","0.MAP大于70",7,"1.肌酐110-170","0.36-38.4",37.7,"0.70-109",70,"0.70-109",99,"1.25-34或10-11",25,NA,60,35,63,"1.7.5-7.59",7.519,"0.130-149",142,"1.5.5-5.9或3-3.4",3.01,"0.未手术",NA
"HNSR_002",6,"9",6,"9",13,13,"3.HFNC",92,100,186,9.04,"2.多巴胺剂量≤5ug/kg/min或使用任意剂量的多巴酚丁胺",15,"0.肌酐＜110","1.IMV","70","50","123","3.8","3.多巴胺＞5或肾上腺素≤0.1或去甲≤0.1",15,"2.肌酐171-299","1.38.5-38.9或34-35.9",38.9,"0.70-109",75,"0.70-109",100,"0.12-24",20,NA,100,36,92,"0.7.33-7.49",7.42,"0.130-149",132,"0.3.5-5.4",3.9,"0.未手术",NA
"HNSR_003",8,"1",5,"1",18,12,"1.IMV",63,40,327,10.83,"2.多巴胺剂量≤5ug/kg/min或使用任意剂量的多巴酚丁胺",9,"0.肌酐＜110","1.IMV","116","35","235","12","0.MAP大于70",15,"0.肌酐＜110","0.36-38.4",37,"2.110-129或50-69",60,"0.70-109",98,"0.12-24",22,63,NA,NA,NA,"0.7.33-7.49",7.39,"0.130-149",145,"0.3.5-5.4",4.6,"1.择期手术",NA
"HNSR_004",5,"6",2,"3",20,11,"1.IMV",136,50,221,5.6,"0.MAP大于70",6,"0.肌酐＜110","3.HFNC","98","53","280","5.6","0.MAP大于70",6,"0.肌酐＜110","1.38.5-38.9或34-35.9",38.9,"2.110-129或50-69",55,"2.110-139或55-69",120,"1.25-34或10-11",25,NA,50,40,136,"0.7.33-7.49",7.453,"0.130-149",139,"0.3.5-5.4",3.5,"0.未手术",NA
"HNSR_005",9,"6",5,"2",26,15,"1.IMV",102,60,193,8.5,"2.多巴胺剂量≤5ug/kg/min或使用任意剂量的多巴酚丁胺",4,"0.肌酐＜110","1.IMV","111","35","126","9.81","0.MAP大于70",4,"0.肌酐＜110","0.36-38.4",37.2,"0.70-109",92,"0.70-109",85,"0.12-24",19,NA,60,92,102,"4.≥7.7或＜7.15",7.109,"0.130-149",136,"3.6-6.9",6.7,"0.未手术",NA
"HNSR_006",8,"5",5,"4",21,15,"1.IMV",81,60,71,3.41,"0.MAP大于70",9,"0.肌酐＜110","3.HFNC","92","30","47","7","0.MAP大于70",14,"0.肌酐＜110","0.36-38.4",37.6,"2.110-129或50-69",65,"2.110-139或55-69",120,"1.25-34或10-11",29,NA,60,50,81,"2.7.25-7.32",7.267,"0.130-149",137,"1.5.5-5.9或3-3.4",3.3,"1.择期手术",NA
"HNSR_007",10,"10",6,"6",28,16,"1.IMV",111,40,435,13.4,"4.多巴胺＞15或去甲＞0.1或肾上腺素＞0.1",3,"0.肌酐＜110","1.IMV","74","35","303","16","4.多巴胺＞15或去甲＞0.1或肾上腺素＞0.1",3,"0.肌酐＜110","0.36-38.4",36,"0.70-109",80,"3.140-179或40-54",50,"0.12-24",15,111,NA,NA,NA,"1.7.5-7.59",7.501,"1.150-154",151,"1.5.5-5.9或3-3.4",3.3,"0.未手术",NA
"HNSR_008",8,"5",5,"2",19,10,"1.IMV",135,35,179,5.01,"4.多巴胺＞15或去甲＞0.1或肾上腺素＞0.1",6,"0.肌酐＜110","1.IMV","107","30","115","7","0.MAP大于70",8,"0.肌酐＜110","0.36-38.4",37.5,"0.70-109",90,"0.70-109",100,"0.12-24",12,135,NA,NA,NA,"0.7.33-7.49",7.407,"0.130-149",136,"0.3.5-5.4",3.89,"1.择期手术",NA
"HNSR_009",5,"6",2,"3",25,19,"1.IMV",95,40,225,11.3,"0.MAP大于70",9,"0.肌酐＜110","4.鼻导管","138","40","256","11","2.多巴胺剂量≤5ug/kg/min或使用任意剂量的多巴酚丁胺",9,"0.肌酐＜110","0.36-38.4",37.5,"0.70-109",80,"2.110-139或55-69",119,"1.25-34或10-11",33,95,NA,NA,NA,"3.7.6-7.69或7.15-7.24",7.653,"0.130-149",138,"1.5.5-5.9或3-3.4",3.32,"0.未手术",NA
"HNSR_010",9,"5",7,"3",13,9,"1.IMV",101,50,229,40.76,"3.多巴胺＞5或肾上腺素≤0.1或去甲≤0.1",11,"0.肌酐＜110","4.鼻导管","109","40","270","27","0.MAP大于70",12,"0.肌酐＜110","0.36-38.4",38,"0.70-109",75,"0.70-109",99,"0.12-24",15,NA,50,45,101,"0.7.33-7.49",7.421,"0.130-149",131,"0.3.5-5.4",3.95,"1.择期手术",NA
"HNSR_011",5,"5",3,"3",14,10,"1.IMV",79,50,245,11.49,"0.MAP大于70",11,"0.肌酐＜110","1.IMV","78","45","271","9","0.MAP大于70",10,"0.肌酐＜110","0.36-38.4",38.4,"2.110-129或50-69",110,"2.110-139或55-69",130,"1.25-34或10-11",30,NA,50,46,79,"0.7.33-7.49",7.404,"0.130-149",135,"0.3.5-5.4",3.94,"2.急诊手术",NA
"HNSR_012",13,"NA",10,"NA",33,24,"1.IMV",87,70,111,36.92,"2.多巴胺剂量≤5ug/kg/min或使用任意剂量的多巴酚丁胺",6,"2.肌酐171-299",NA,NA,NA,NA,NA,NA,NA,NA,"3.39-40.9或30-31.9",39.9,"0.70-109",80,"2.110-139或55-69",125,"0.12-24",15,NA,70,30,87,"2.7.25-7.32",7.319,"0.130-149",137,"3.6-6.9",6.95,"0.未手术",NA
"HNSR_013",6,"4",5,"3",17,16,"3.HFNC",68,40,309,12.7,"0.MAP大于70",14,"2.肌酐171-299","1.IMV","85","45","271","10","0.MAP大于70",14,"0.肌酐＜110","0.36-38.4",36.3,"2.110-129或50-69",115,"2.110-139或55-69",133,"3.35-49",37,68,NA,NA,NA,"0.7.33-7.49",7.456,"0.130-149",143,"0.3.5-5.4",3.85,"2.急诊手术",NA
"HNSR_014",12,"11",9,"8",25,19,"1.IMV",96,100,237,45.37,"3.多巴胺＞5或肾上腺素≤0.1或去甲≤0.1",9,"0.肌酐＜110","1.IMV","95","65","155","26","4.多巴胺＞15或去甲＞0.1或肾上腺素＞0.1",7,"0.肌酐＜110","0.36-38.4",37.7,"2.110-129或50-69",56,"2.110-139或55-69",123,"0.12-24",15,NA,100,46,96,"0.7.33-7.49",7.406,"0.130-149",137,"1.5.5-5.9或3-3.4",3.12,"1.择期手术",NA
"HNSR_015",4,"3",4,"3",15,15,"1.IMV",92,50,194,11.05,"1.MAP小于70（未使用血管活性药物）",15,"0.肌酐＜110","1.IMV","87","60","238","11.05","0.MAP大于70",15,"0.肌酐＜110","0.36-38.4",38.3,"2.110-129或50-69",65,"0.70-109",93,"0.12-24",15,NA,50,36,92,"0.7.33-7.49",7.419,"2.155-159或120-129",129,"0.3.5-5.4",3.52,"1.择期手术",NA
"HNSR_016",6,"7",3,"3",21,12,"1.IMV",87,70,163,10.95,"0.MAP大于70",6,"0.肌酐＜110","1.IMV","80","40","119","11","0.MAP大于70",4,"0.肌酐＜110","0.36-38.4",38,"0.70-109",75,"2.110-139或55-69",133,"0.12-24",24,NA,70,41,87,"0.7.33-7.49",7.441,"2.155-159或120-129",129,"0.3.5-5.4",3.66,"1.择期手术",NA
"HNSR_017",7,"11",4,"8",25,18,"1.IMV",81,80,179,5.94,"0.MAP大于70",8,"1.肌酐110-170","1.IMV","138","40","38","13","3.多巴胺＞5或肾上腺素≤0.1或去甲≤0.1",8,"1.肌酐110-170","0.36-38.4",38.1,"0.70-109",90,"3.140-179或40-54",165,"3.35-49",39,NA,80,23,81,"0.7.33-7.49",7.442,"3.160-179或111-119",165,"0.3.5-5.4",3.8,"2.急诊手术",NA
"HNSR_018",6,"5",3,"2",16,7,"1.IMV",73,40,177,13.7,"0.MAP大于70",6,"0.肌酐＜110","1.IMV","106","45","199","4","0.MAP大于70",6,"0.肌酐＜110","0.36-38.4",37.8,"0.70-109",87,"3.140-179或40-54",142,"0.12-24",15,73,NA,NA,NA,"0.7.33-7.49",7.389,"0.130-149",142,"1.5.5-5.9或3-3.4",3.01,"0.未手术",NA
"HNSR_019",6,"4",6,"4",10,10,"1.IMV",63,80,216,8.43,"0.MAP大于70",15,"2.肌酐171-299","1.IMV","105","50","174","6","0.MAP大于70",15,"2.肌酐171-299","0.36-38.4",36.9,"0.70-109",96,"0.70-109",108,"0.12-24",20,NA,80,30,63,"0.7.33-7.49",7.416,"0.130-149",137,"0.3.5-5.4",4.3,"0.未手术",NA
"HNSR_020",7,"7",4,"4",18,10,"1.IMV",85,40,146,11.4,"1.MAP小于70（未使用血管活性药物）",7,"0.肌酐＜110","1.IMV","110","35","146","7","2.多巴胺剂量≤5ug/kg/min或使用任意剂量的多巴酚丁胺",7,"0.肌酐＜110","0.36-38.4",37,"2.110-129或50-69",56,"0.70-109",89,"0.12-24",12,85,NA,NA,NA,"0.7.33-7.49",7.345,"0.130-149",137,"0.3.5-5.4",3.6,"0.未手术",NA
"HNSR_021",8,"7",6,"4",16,13,"1.IMV",72,35,161,27.23,"3.多巴胺＞5或肾上腺素≤0.1或去甲≤0.1",12,"0.肌酐＜110","1.IMV","97","35","72","13","0.MAP大于70",9,"0.肌酐＜110","0.36-38.4",37,"2.110-129或50-69",110,"3.140-179或40-54",52,"0.12-24",20,72,NA,NA,NA,"0.7.33-7.49",7.416,"0.130-149",142,"0.3.5-5.4",4,"0.未手术",NA
"HNSR_022",10,"9",7,"6",20,14,"1.IMV",108,80,269,6.32,"4.多巴胺＞15或去甲＞0.1或肾上腺素＞0.1",9,"0.肌酐＜110","1.IMV","62","50","171","6","3.多巴胺＞5或肾上腺素≤0.1或去甲≤0.1",9,"0.肌酐＜110","1.38.5-38.9或34-35.9",38.5,"0.70-109",85,"2.110-139或55-69",117,"0.12-24",22,NA,80,119,108,"4.≥7.7或＜7.15",7.039,"0.130-149",140,"0.3.5-5.4",5.18,"0.未手术",NA
"HNSR_023",10,"11",6,"7",22,11,"1.IMV",111,35,151,52,"2.多巴胺剂量≤5ug/kg/min或使用任意剂量的多巴酚丁胺",4,"1.肌酐110-170","1.IMV","122","50","136","13.6","2.多巴胺剂量≤5ug/kg/min或使用任意剂量的多巴酚丁胺",4,"2.肌酐171-299","1.38.5-38.9或34-35.9",38.8,"2.110-129或50-69",68,"2.110-139或55-69",133,"0.12-24",15,111,NA,NA,NA,"0.7.33-7.49",7.453,"0.130-149",135,"1.5.5-5.9或3-3.4",5.91,"2.急诊手术",NA
"HNSR_024",11,"15",9,"13",18,14,"1.IMV",173,40,176,180.85,"4.多巴胺＞15或去甲＞0.1或肾上腺素＞0.1",11,"2.肌酐171-299","1.IMV","110","40","99","183","4.多巴胺＞15或去甲＞0.1或肾上腺素＞0.1",11,"2.肌酐171-299","0.36-38.4",38.2,"0.70-109",87,"0.70-109",85,"0.12-24",15,173,NA,NA,NA,"0.7.33-7.49",7.348,"0.130-149",133,"0.3.5-5.4",4.3,"2.急诊手术",NA
"HNSR_025",7,"NA",3,"NA",18,7,"3.HFNC",74.4,60,382,11.54,"0.MAP大于70",4,"0.肌酐＜110",NA,NA,NA,NA,NA,NA,NA,NA,"0.36-38.4",38.3,"0.70-109",101,"0.70-109",93,"1.25-34或10-11",27,NA,60,31.3,74.4,"0.7.33-7.49",7.505,"0.130-149",131,"0.3.5-5.4",4.7,"2.急诊手术",NA
"HNSR_026",10,"10",9,"8",24,22,"1.IMV",154,40,237,21,"3.多巴胺＞5或肾上腺素≤0.1或去甲≤0.1",13,"4.肌酐大于440或尿量<200/天","1.IMV","134","40","50","68","2.多巴胺剂量≤5ug/kg/min或使用任意剂量的多巴酚丁胺",12,"1.肌酐110-170","0.36-38.4",36.5,"0.70-109",84,"0.70-109",88,"0.12-24",15,154,NA,NA,NA,"2.7.25-7.32",7.282,"0.130-149",143,"0.3.5-5.4",3.8,"1.择期手术",NA
"HNSR_027",9,"8",7,"6",15,12,"1.IMV",79.3,90,102,57.06,"0.MAP大于70",12,"0.肌酐＜110","1.IMV","97.4","50","59","22.73","0.MAP大于70",NA,"0.肌酐＜110","1.38.5-38.9或34-35.9",38.8,"0.70-109",95,"2.110-139或55-69",114,"0.12-24",18,NA,90,43.9,79.3,"0.7.33-7.49",7.473,"2.155-159或120-129",157,"0.3.5-5.4",3.7,"2.急诊手术",NA
"HNSR_031",8,"6",5,"3",16,8,"1.IMV",93.2,40,59,17.4,"0.MAP大于70",7,"1.肌酐110-170","1.IMV","158","40","61","16.57","0.MAP大于70",7,"0.肌酐＜110","0.36-38.4",36.5,"0.70-109",78,"0.70-109",71,"0.12-24",15,93.2,NA,NA,NA,"0.7.33-7.49",7.48,"0.130-149",142,"0.3.5-5.4",4.2,"0.未手术",NA
"HNSR_032",3,"3",2,"2",3,2,"1.IMV",82.8,35,370,6.14,"0.MAP大于70",14,"0.肌酐＜110","1.IMV","82.8","35","398","6.14","0.MAP大于70",14,"0.肌酐＜110","0.36-38.4",37.1,"0.70-109",90,"0.70-109",107,"0.12-24",18,82.8,NA,NA,NA,"0.7.33-7.49",7.385,"0.130-149",138,"0.3.5-5.4",3.6,"0.未手术",NA
"HNSR_033",3,"2",3,"2",6,6,"1.IMV",86,40,170,24,"0.MAP大于70",15,"0.肌酐＜110","1.IMV","103","45","152","6","0.MAP大于70",15,"0.肌酐＜110","0.36-38.4",37.3,"2.110-129或50-69",67,"0.70-109",72,"0.12-24",16,86,NA,NA,NA,"0.7.33-7.49",7.401,"0.130-149",141,"0.3.5-5.4",3.8,"0.未手术",NA
"HNSR_034",6,"10",2,"6",19,9,"1.IMV",103,50,152,10,"0.MAP大于70",5,"0.肌酐＜110","3.HFNC","89","40","124","7.59","3.多巴胺＞5或肾上腺素≤0.1或去甲≤0.1",5,"0.肌酐＜110","0.36-38.4",36.6,"0.70-109",77,"0.70-109",90,"0.12-24",17,NA,50,42.6,103,"0.7.33-7.49",7.469,"0.130-149",144,"0.3.5-5.4",4.1,"0.未手术",NA
"HNSR_035",7,"9",3,"5",13,3,"1.IMV",166,70,149,13,"0.MAP大于70",5,"0.肌酐＜110","1.IMV","136","60","180","7","3.多巴胺＞5或肾上腺素≤0.1或去甲≤0.1",5,"0.肌酐＜110","0.36-38.4",36.6,"0.70-109",75,"0.70-109",70,"0.12-24",16,NA,70,38.6,166,"1.7.5-7.59",7.504,"0.130-149",142,"0.3.5-5.4",3.7,"0.未手术",NA
"HNSR_036",10,"9",6,"5",22,10,"1.IMV",82.9,80,177,13,"3.多巴胺＞5或肾上腺素≤0.1或去甲≤0.1",3,"0.肌酐＜110","1.IMV","95.3","42","165","11.42","3.多巴胺＞5或肾上腺素≤0.1或去甲≤0.1",3,"0.肌酐＜110","1.38.5-38.9或34-35.9",35,"0.70-109",84,"2.110-139或55-69",66,"0.12-24",16,NA,80,54.2,82.9,"0.7.33-7.49",7.371,"0.130-149",133,"0.3.5-5.4",4,"0.未手术",NA
"ZDFE_001",10,"10",6,"6",25,15,"1.IMV",60,100,81,10.1,"0.MAP大于70",5,"0.肌酐＜110","1.IMV","65.599999999999994","100","84","10.1","0.MAP大于70",5,"0.肌酐＜110","0.36-38.4",36.9,"0.70-109",95,"2.110-139或55-69",69,"0.12-24",23,NA,100,46,60.1,"0.7.33-7.49",7.459,"0.130-149",146,"1.5.5-5.9或3-3.4",3.3,"2.急诊手术",NA
"ZDFE_002",5,"4",2,"1",17,9,"1.IMV",202,70,184,10.8,"0.MAP大于70",7,"0.肌酐＜110","1.IMV","128","40","154","11.6","0.MAP大于70",7,"0.肌酐＜110","0.36-38.4",37.6,"0.70-109",100,"2.110-139或55-69",61,"0.12-24",18,NA,70,34.8,202,"0.7.33-7.49",7.464,"0.130-149",135,"0.3.5-5.4",3.8,"2.急诊手术",NA
"ZDFE_003",15,"11",11,"8",26,14,"1.IMV",115,60,28,35.5,"3.多巴胺＞5或肾上腺素≤0.1或去甲≤0.1",3,"0.肌酐＜110","1.IMV","118","43","27","126.1","0.MAP大于70",8,"0.肌酐＜110","0.36-38.4",36.7,"0.70-109",100,"2.110-139或55-69",115,"0.12-24",20,NA,60,40.8,115,"0.7.33-7.49",7.475,"0.130-149",136,"0.3.5-5.4",3.6,"0.未手术",NA
"ZDFE_004",10,"10",7,"7",19,12,"1.IMV",82.6,100,138,27,"0.MAP大于70",8,"1.肌酐110-170","1.IMV","68.5","100","168","24","0.MAP大于70",7,"2.肌酐171-299","0.36-38.4",37,"0.70-109",77,"0.70-109",97,"0.12-24",19,NA,100,39.7,82.6,"0.7.33-7.49",7.34,"0.130-149",135,"0.3.5-5.4",4.1,"2.急诊手术",NA
"ZDFE_005",7,"6",4,"3",18,10,"1.IMV",82,70,277,13.3,"0.MAP大于70",7,"1.肌酐110-170","1.IMV","84.9","55","286","13","0.MAP大于70",7,"0.肌酐＜110","0.36-38.4",36.9,"0.70-109",70,"0.70-109",103,"4.≥50或≤5",5,NA,70,37.9,82,"2.7.25-7.32",7.3,"0.130-149",147,"0.3.5-5.4",4.3,"2.急诊手术",NA
"ZDFE_006",12,"9",9,"6",26,18,"1.IMV",59.4,100,37,20.8,"1.MAP小于70（未使用血管活性药物）",7,"0.肌酐＜110","1.IMV","86.8","75","98","8.8000000000000007","1.MAP小于70（未使用血管活性药物）",7,"0.肌酐＜110","0.36-38.4",37.8,"2.110-129或50-69",69,"2.110-139或55-69",120,"1.25-34或10-11",26,NA,100,45,59.4,"0.7.33-7.49",7.38,"0.130-149",131.7,"0.3.5-5.4",3.68,"0.未手术",NA
"ZDFE_007",10,"8",7,"5",18,12,"1.IMV",89.5,50,68,23.6,"1.MAP小于70（未使用血管活性药物）",9,"0.肌酐＜110","1.IMV","91.4","50","53","12","0.MAP大于70",9,"0.肌酐＜110","0.36-38.4",36.7,"2.110-129或50-69",67,"2.110-139或55-69",115,"0.12-24",21,NA,50,49.7,89.5,"2.7.25-7.32",7.313,"0.130-149",137,"1.5.5-5.9或3-3.4",3.4,"1.择期手术",NA
"ZDFE_008",13,"15",9,"11",37,25,"1.IMV",79.5,80,200,13.1,"4.多巴胺＞15或去甲＞0.1或肾上腺素＞0.1",3,"1.肌酐110-170","1.IMV","100","35","39","19","4.多巴胺＞15或去甲＞0.1或肾上腺素＞0.1",3,"2.肌酐171-299","3.39-40.9或30-31.9",40,"4.≥160或≤49",28,"2.110-139或55-69",118,"0.12-24",20,NA,80,54.2,79.5,"3.7.6-7.69或7.15-7.24",7.211,"3.160-179或111-119",173.7,"4.≥7或＜2.5",1.99,"2.急诊手术",NA
"ZDFE_009",7,"12",3,"8",29,17,"1.IMV",77.1,70,174,15.7,"0.MAP大于70",3,"0.肌酐＜110","1.IMV","65.099999999999994","75","50","36","0.MAP大于70",3,"0.肌酐＜110","3.39-40.9或30-31.9",40,"2.110-129或50-69",60,"3.140-179或40-54",140,"3.35-49",35,NA,70,33.9,77.1,"3.7.6-7.69或7.15-7.24",7.2,"0.130-149",140,"0.3.5-5.4",3.8,"2.急诊手术",NA
"ZDFE_010",8,"7",4,"4",25,15,"1.IMV",79.5,55,279,19.4,"0.MAP大于70",5,"1.肌酐110-170","1.IMV","59.5","55","177","22","0.MAP大于70",6,"0.肌酐＜110","3.39-40.9或30-31.9",40,"2.110-129或50-69",128,"0.70-109",85,"2.6-9",8,NA,55,39.5,79.5,"3.7.6-7.69或7.15-7.24",7.648,"0.130-149",134,"2.2.5-2.9",2.9,"2.急诊手术",NA
"ZDFE_011",11,"11",8,"8",30,23,"1.IMV",85.9,90,182,18.1,"4.多巴胺＞15或去甲＞0.1或肾上腺素＞0.1",8,"0.肌酐＜110","1.IMV","112","60","66","24","2.多巴胺剂量≤5ug/kg/min或使用任意剂量的多巴酚丁胺",8,"0.肌酐＜110","1.38.5-38.9或34-35.9",38.5,"2.110-129或50-69",60,"3.140-179或40-54",168,"0.12-24",20,NA,90,58,85.9,"3.7.6-7.69或7.15-7.24",7.239,"2.155-159或120-129",127,"0.3.5-5.4",3.9,"0.未手术",NA
"ZDFE_012",7,"3",4,"3",17,8,"1.IMV",69.4,55,570,9,"1.MAP小于70（未使用血管活性药物）",6,"0.肌酐＜110","3.HFNC","105","50","659","30","0.MAP大于70",15,"0.肌酐＜110","0.36-38.4",37.8,"0.70-109",70,"0.70-109",81,"0.12-24",20,NA,55,41.4,69.4,"2.7.25-7.32",7.3,"0.130-149",140,"0.3.5-5.4",3.9,"0.未手术",NA
"ZDFE_013",9,"6",6,"4",14,8,"3.HFNC",88.9,46,130,38.9,"0.MAP大于70",9,"0.肌酐＜110","1.IMV","85.8","70","135","13.6","0.MAP大于70",10,"0.肌酐＜110","0.36-38.4",38,"0.70-109",106,"0.70-109",77,"1.25-34或10-11",10,88.9,NA,NA,NA,"0.7.33-7.49",7.35,"0.130-149",138,"2.2.5-2.9",2.8,"2.急诊手术",NA
"ZDFE_014",6,"6",3,"3",20,12,"1.IMV",90.5,50,338,13.3,"0.MAP大于70",7,"0.肌酐＜110","1.IMV","105","60","326","7.9","0.MAP大于70",6,"0.肌酐＜110","3.39-40.9或30-31.9",40,"0.70-109",104,"0.70-109",83,"0.12-24",15,NA,50,41.1,90.5,"0.7.33-7.49",7.424,"0.130-149",139,"1.5.5-5.9或3-3.4",3,"2.急诊手术",NA
"ZDFE_015",8,"6",6,"4",18,13,"1.IMV",89.3,50,81,30.4,"0.MAP大于70",10,"0.肌酐＜110","3.HFNC","107","50","152","35.200000000000003","0.MAP大于70",12,"0.肌酐＜110","1.38.5-38.9或34-35.9",38.9,"4.≥160或≤49",195,"0.70-109",109,"0.12-24",20,NA,50,30.4,89.3,"0.7.33-7.49",7.447,"0.130-149",142,"2.2.5-2.9",2.9,"2.急诊手术",NA
"ZDFE_016",4,"NA",2,"NA",18,13,"1.IMV",81.3,30,295,9.8,"0.MAP大于70",10,"0.肌酐＜110",NA,NA,NA,NA,NA,NA,NA,NA,"1.38.5-38.9或34-35.9",38.5,"3.130-159",130,"2.110-139或55-69",130,"1.25-34或10-11",28,81.3,NA,NA,NA,"4.≥7.7或＜7.15",7.052,"0.130-149",131,"2.2.5-2.9",2.8,"0.未手术",NA
"ZDFE_017",6,"7",4,"3",24,19,"1.IMV",120,70,274,4.7,"1.MAP小于70（未使用血管活性药物）",10,"0.肌酐＜110","1.IMV","169","60","136","4.5999999999999996","0.MAP大于70",3,"0.肌酐＜110","3.39-40.9或30-31.9",39.2,"2.110-129或50-69",56,"3.140-179或40-54",140,"2.6-9",8,NA,70,50.9,120,"4.≥7.7或＜7.15",6.9,"0.130-149",133,"0.3.5-5.4",3.6,"0.未手术",NA
"ZDFE_018",5,"5",3,"3",10,5,"1.IMV",129,45,124,8,"0.MAP大于70",10,"0.肌酐＜110","1.IMV","118","40","126","14","0.MAP大于70",10,"0.肌酐＜110","0.36-38.4",36.8,"0.70-109",97,"0.70-109",86,"0.12-24",17,129,NA,NA,NA,"0.7.33-7.49",7.332,"0.130-149",138,"0.3.5-5.4",3.9,"0.未手术",NA
"ZDFE_019",7,"NA",4,"NA",17,11,"1.IMV",109,60,380,6.3,"1.MAP小于70（未使用血管活性药物）",9,"0.肌酐＜110",NA,NA,NA,NA,NA,NA,NA,NA,"0.36-38.4",36.5,"2.110-129或50-69",65,"0.70-109",106,"0.12-24",14,NA,60,78.7,109,"3.7.6-7.69或7.15-7.24",7.186,"0.130-149",136,"0.3.5-5.4",4,"0.未手术",NA
"ZDFE_020",6,"NA",4,"NA",15,10,"1.IMV",89.4,50,217,14.6,"1.MAP小于70（未使用血管活性药物）",10,"0.肌酐＜110",NA,NA,NA,NA,NA,NA,NA,NA,"0.36-38.4",37.4,"2.110-129或50-69",69,"2.110-139或55-69",124,"1.25-34或10-11",26,NA,50,23.9,89.4,"0.7.33-7.49",7.486,"0.130-149",137,"0.3.5-5.4",3.6,"0.未手术",NA
"ZDFE_021",5,"7",3,"5",14,11,"1.IMV",78,60,573,15,"0.MAP大于70",12,"0.肌酐＜110","1.IMV","87.1","100","596","12","1.MAP小于70（未使用血管活性药物）",12,"0.肌酐＜110","0.36-38.4",36.5,"0.70-109",82,"0.70-109",100,"0.12-24",18,NA,60,39.1,78,"0.7.33-7.49",7.4,"0.130-149",139,"0.3.5-5.4",3.7,"0.未手术",NA
"ZDFE_022",13,"9",9,"6",23,11,"1.IMV",86.2,50,98,23.3,"3.多巴胺＞5或肾上腺素≤0.1或去甲≤0.1",3,"0.肌酐＜110","1.IMV","76.5","50","163","9.5","3.多巴胺＞5或肾上腺素≤0.1或去甲≤0.1",6,"0.肌酐＜110","3.39-40.9或30-31.9",39.3,"2.110-129或50-69",63,"2.110-139或55-69",121,"0.12-24",22,NA,50,28.7,86.2,"0.7.33-7.49",7.38,"0.130-149",140,"0.3.5-5.4",3.5,"1.择期手术",NA
"ZDFE_023",8,"7",4,"3",22,10,"1.IMV",135,100,108,7.8,"0.MAP大于70",3,"0.肌酐＜110","1.IMV","123","40","110","24","0.MAP大于70",3,"0.肌酐＜110","0.36-38.4",36.5,"0.70-109",78,"2.110-139或55-69",55,"0.12-24",15,NA,100,34.1,135,"0.7.33-7.49",7.467,"0.130-149",143,"0.3.5-5.4",4.1,"0.未手术",NA
"ZDFE_024",7,"6",3,"2",18,8,"1.IMV",130,50,258,9.8,"1.MAP小于70（未使用血管活性药物）",5,"0.肌酐＜110","1.IMV","128","50","337","6.5","0.MAP大于70",5,"0.肌酐＜110","0.36-38.4",36.5,"2.110-129或50-69",62,"0.70-109",70,"0.12-24",15,NA,50,36.5,130,"0.7.33-7.49",7.338,"0.130-149",140,"0.3.5-5.4",3.8,"2.急诊手术",NA
"ZDFE_025",6,"8",3,"4",20,14,"1.IMV",98,50,257,9.8,"0.MAP大于70",9,"0.肌酐＜110","1.IMV","91.7","50","132","11","0.MAP大于70",3,"0.肌酐＜110","3.39-40.9或30-31.9",39.6,"0.70-109",75,"3.140-179或40-54",140,"0.12-24",20,NA,50,32.8,98,"2.7.25-7.32",7.32,"1.150-154",154,"1.5.5-5.9或3-3.4",3.4,"0.未手术",NA
"ZDFE_030",4,"6",1,"3",17,8,"1.IMV",105,35,174,18.6,"0.MAP大于70",6,"0.肌酐＜110","1.IMV","96.7","40","145","9.5","0.MAP大于70",6,"0.肌酐＜110","0.36-38.4",36.8,"2.110-129或50-69",113,"0.70-109",70,"0.12-24",15,105,NA,NA,NA,"0.7.33-7.49",7.4,"2.155-159或120-129",125,"0.3.5-5.4",3.5,"2.急诊手术",NA
"ZDFE_031",7,"7",4,"4",19,12,"1.IMV",99.2,80,188,22.9,"0.MAP大于70",8,"0.肌酐＜110","1.IMV","122","50","65","17","0.MAP大于70",6,"0.肌酐＜110","0.36-38.4",36.6,"0.70-109",99,"2.110-139或55-69",120,"1.25-34或10-11",29,NA,80,62.3,99.2,"0.7.33-7.49",7.423,"0.130-149",141,"0.3.5-5.4",3.7,"0.未手术",NA
"ZDFE_032",7,"7",4,"4",15,6,"1.IMV",87.1,50,238,17.2,"1.MAP小于70（未使用血管活性药物）",6,"0.肌酐＜110","1.IMV","118","80","192","21","0.MAP大于70",8,"0.肌酐＜110","0.36-38.4",36.1,"2.110-129或50-69",64,"0.70-109",83,"0.12-24",14,NA,50,31.6,87.1,"0.7.33-7.49",7.344,"0.130-149",146,"2.2.5-2.9",2.5,"0.未手术",NA
"ZDFE_101",15,"9",11,"6",23,13,"1.IMV",124,50,37,51.2,"3.多巴胺＞5或肾上腺素≤0.1或去甲≤0.1",5,"1.肌酐110-170","1.IMV","97.4","45","57","76.099999999999994","0.MAP大于70",8,"0.肌酐＜110","3.39-40.9或30-31.9",39.4,"2.110-129或50-69",69,"3.140-179或40-54",145,"1.25-34或10-11",27,NA,50,37.7,124,"3.7.6-7.69或7.15-7.24",7.224,"0.130-149",134,"1.5.5-5.9或3-3.4",3,"0.未手术",NA
"ZDFE_102",6,"2",3,"2",17,10,"1.IMV",136,60,164,10,"0.MAP大于70",8,"1.肌酐110-170","2.NIMV","127","50","172","15.4","0.MAP大于70",15,"0.肌酐＜110","0.36-38.4",38,"0.70-109",79,"2.110-139或55-69",65,"0.12-24",18,NA,60,41.2,136,"0.7.33-7.49",7.417,"0.130-149",143,"0.3.5-5.4",3.7,"0.未手术",NA
"ZDFE_103",12,"3",9,"3",28,19,"1.IMV",76.3,100,147,9.6,"0.MAP大于70",6,"4.肌酐大于440或尿量<200/天","3.HFNC","117","30","293","8.5","0.MAP大于70",15,"2.肌酐171-299","0.36-38.4",36.9,"0.70-109",98,"0.70-109",85,"0.12-24",15,NA,100,24.7,76.3,"0.7.33-7.49",7.342,"0.130-149",133,"0.3.5-5.4",4.7,"0.未手术",NA
"ZDFE_104",9,"14",5,"10",29,19,"1.IMV",71.4,90,156,8.8,"0.MAP大于70",5,"1.肌酐110-170","1.IMV","79.5","75","53","14.1","4.多巴胺＞15或去甲＞0.1或肾上腺素＞0.1",3,"1.肌酐110-170","3.39-40.9或30-31.9",39,"2.110-129或50-69",67,"2.110-139或55-69",136,"0.12-24",24,NA,90,35.6,71.4,"0.7.33-7.49",7.459,"0.130-149",134,"0.3.5-5.4",3.8,"0.未手术",NA
"ZDFE_105",10,"8",7,"5",25,16,"1.IMV",74.4,50,206,11.8,"0.MAP大于70",6,"4.肌酐大于440或尿量<200/天","1.IMV","81.599999999999994","50","202","14.8","0.MAP大于70",6,"2.肌酐171-299","3.39-40.9或30-31.9",40,"0.70-109",78,"2.110-139或55-69",120,"0.12-24",23,NA,50,28.4,74.4,"0.7.33-7.49",7.429,"2.155-159或120-129",158,"0.3.5-5.4",4,"2.急诊手术",NA
"ZDFE_106",5,"5",3,"3",12,8,"1.IMV",71.8,50,189,9.3,"0.MAP大于70",11,"0.肌酐＜110","1.IMV","96.3","50","243","19","0.MAP大于70",10,"0.肌酐＜110","1.38.5-38.9或34-35.9",38.5,"2.110-129或50-69",66,"0.70-109",101,"0.12-24",20,NA,50,38.4,71.8,"0.7.33-7.49",7.423,"0.130-149",136,"0.3.5-5.4",3.7,"0.未手术",NA
"ZZRM_002",12,"10",10,"6",28,25,"2.NIMV",62.3,100,202,17.2,"4.多巴胺＞15或去甲＞0.1或肾上腺素＞0.1",12,"2.肌酐171-299","1.IMV","156","40","97","12.3","1.MAP小于70（未使用血管活性药物）",4,"2.肌酐171-299","0.36-38.4",36,"2.110-129或50-69",61,"2.110-139或55-69",120,"1.25-34或10-11",28,NA,80,49.6,62.3,"3.7.6-7.69或7.15-7.24",7.16,"2.155-159或120-129",129,"0.3.5-5.4",4.42,"0.未手术",NA
"ZZRM_006",8,"5",4,"1",16,4,"1.IMV",54.4,60,277,13.3,"0.MAP大于70",3,"0.肌酐＜110","1.IMV","98.7","30","232","8.4","0.MAP大于70",4,"0.肌酐＜110","0.36-38.4",36.5,"0.70-109",73,"0.70-109",77,"0.12-24",15,NA,60,45.5,54.4,"0.7.33-7.49",7.43,"0.130-149",142,"0.3.5-5.4",3.5,"0.未手术",NA
"ZZRM_010",10,"9",7,"5",26,19,"1.IMV",75.8,100,183,8.1,"3.多巴胺＞5或肾上腺素≤0.1或去甲≤0.1",8,"0.肌酐＜110","1.IMV","85","30","79","5","0.MAP大于70",4,"1.肌酐110-170","0.36-38.4",36.7,"0.70-109",104,"2.110-139或55-69",133,"1.25-34或10-11",29,NA,100,64.9,75.8,"3.7.6-7.69或7.15-7.24",7.19,"0.130-149",135,"0.3.5-5.4",3.56,"0.未手术",NA
"ZZRM_011",8,"8",7,"7",25,24,"1.IMV",55,50,145,28.7,"0.MAP大于70",14,"2.肌酐171-299","1.IMV","85","50","145","28.7","0.MAP大于70",14,"2.肌酐171-299","0.36-38.4",36.5,"0.70-109",74,"0.70-109",93,"3.35-49",37,NA,50,83.5,55,"4.≥7.7或＜7.15",7.1,"0.130-149",135,"1.5.5-5.9或3-3.4",5.77,"0.未手术",NA
"ZZRM_021",10,"10",6,"6",20,8,"1.IMV",108,40,84,49.1,"0.MAP大于70",3,"0.肌酐＜110","1.IMV","93","40","84","49.1","0.MAP大于70",3,"0.肌酐＜110","3.39-40.9或30-31.9",39,"0.70-109",94,"2.110-139或55-69",122,"0.12-24",14,108,NA,NA,NA,"0.7.33-7.49",7.46,"0.130-149",146,"0.3.5-5.4",4,"0.未手术",NA
"ZZRM_024",8,"10",4,"6",24,14,"1.IMV",83.3,50,213,21.7,"0.MAP大于70",5,"0.肌酐＜110","1.IMV","63.1","100","139","21.7","0.MAP大于70",3,"0.肌酐＜110","0.36-38.4",36.8,"3.130-159",142,"2.110-139或55-69",123,"0.12-24",15,NA,50,43.4,83.3,"4.≥7.7或＜7.15",6.99,"1.150-154",150,"0.3.5-5.4",4.1,"0.未手术",NA
"ZZRM_025",4,"6",1,"3",13,5,"1.IMV",137,45,313,13.9,"0.MAP大于70",7,"0.肌酐＜110","1.IMV","92.6","50","349","8.1","0.MAP大于70",7,"0.肌酐＜110","0.36-38.4",36.6,"2.110-129或50-69",112,"0.70-109",80,"0.12-24",15,137,NA,NA,NA,"0.7.33-7.49",7.44,"0.130-149",142,"1.5.5-5.9或3-3.4",3.3,"2.急诊手术",NA
"ZZRM_026",9,"8",5,"4",22,11,"1.IMV",65.1,80,208,16.2,"1.MAP小于70（未使用血管活性药物）",4,"0.肌酐＜110","1.IMV","121","50","208","36.5","0.MAP大于70",4,"0.肌酐＜110","0.36-38.4",37.5,"0.70-109",102,"3.140-179或40-54",140,"0.12-24",17,NA,80,48.6,65.1,"3.7.6-7.69或7.15-7.24",7.223,"0.130-149",134,"0.3.5-5.4",3.78,"0.未手术",NA
"ZZRM_030",7,"2",4,"2",16,8,"1.IMV",63,80,261,5.8,"0.MAP大于70",7,"0.肌酐＜110","4.鼻导管","99.4","41","266","12.7","0.MAP大于70",15,"0.肌酐＜110","0.36-38.4",36.6,"0.70-109",82,"0.70-109",80,"0.12-24",16,NA,80,32.1,63,"0.7.33-7.49",7.415,"0.130-149",138,"0.3.5-5.4",3.5,"0.未手术",NA
"ZZRM_034",5,"4",2,"0",17,10,"1.IMV",104,35,161,13.5,"0.MAP大于70",8,"0.肌酐＜110","1.IMV","214","35","152","5.0999999999999996","0.MAP大于70",4,"0.肌酐＜110","0.36-38.4",37.3,"0.70-109",74,"2.110-139或55-69",118,"0.12-24",16,104,NA,NA,NA,"1.7.5-7.59",7.508,"2.155-159或120-129",127.8,"0.3.5-5.4",3.77,"2.急诊手术",NA
"ZZRM_035",4,"7",1,"3",17,9,"1.IMV",166,50,216,17.6,"0.MAP大于70",7,"0.肌酐＜110","1.IMV","116","30","72","19.3","0.MAP大于70",3,"0.肌酐＜110","0.36-38.4",36.5,"0.70-109",99,"0.70-109",86,"0.12-24",16,NA,50,38.6,166,"0.7.33-7.49",7.34,"0.130-149",145,"0.3.5-5.4",4.01,"0.未手术",NA
"ZZRM_036",7,"NA",4,"NA",17,8,"1.IMV",161,40,190,12.4,"4.多巴胺＞15或去甲＞0.1或肾上腺素＞0.1",6,"0.肌酐＜110",NA,NA,NA,NA,NA,NA,5,NA,"0.36-38.4",36.6,"0.70-109",102,"0.70-109",88,"0.12-24",15,161,NA,NA,NA,"0.7.33-7.49",7.33,"0.130-149",139,"1.5.5-5.9或3-3.4",5.63,"0.未手术",NA
"ZZRM_037",4,"4",1,"0",11,3,"1.IMV",118,30,247,8.4,"0.MAP大于70",7,"0.肌酐＜110","1.IMV","149","30","329","14.1","0.MAP大于70",4,"0.肌酐＜110","0.36-38.4",36.8,"0.70-109",100,"0.70-109",99,"0.12-24",14,118,NA,NA,NA,"0.7.33-7.49",7.45,"0.130-149",135,"0.3.5-5.4",3.84,"0.未手术",NA
"ZZRM_038",9,"5",6,"2",24,18,"1.IMV",156,80,244,5.3,"3.多巴胺＞5或肾上腺素≤0.1或去甲≤0.1",9,"0.肌酐＜110","1.IMV","90.6","35","211","5.3","0.MAP大于70",8,"0.肌酐＜110","1.38.5-38.9或34-35.9",38.8,"0.70-109",79,"2.110-139或55-69",125,"1.25-34或10-11",30,NA,80,38,156,"0.7.33-7.49",7.394,"0.130-149",133,"0.3.5-5.4",3.95,"0.未手术",NA
"ZZRM_040",7,"2",4,"2",17,11,"1.IMV",94.7,60,217,26.8,"0.MAP大于70",9,"0.肌酐＜110","4.鼻导管","140","45","165","32.4","0.MAP大于70",15,"0.肌酐＜110","0.36-38.4",36.8,"0.70-109",100,"2.110-139或55-69",65,"0.12-24",17,NA,60,47.8,94.7,"4.≥7.7或＜7.15",7.024,"0.130-149",137,"0.3.5-5.4",3.5,"0.未手术",NA
"ZZRM_041",7,"3",5,"3",17,12,"1.IMV",125,100,295,41.5,"0.MAP大于70",10,"0.肌酐＜110","1.IMV","110","40","212","20.399999999999999","0.MAP大于70",15,"0.肌酐＜110","0.36-38.4",36.8,"2.110-129或50-69",110,"0.70-109",98,"0.12-24",19,NA,100,46.8,125,"1.7.5-7.59",7.518,"0.130-149",135,"0.3.5-5.4",4,"0.未手术",NA
"ZZRM_043",11,"5",8,"4",19,12,"1.IMV",67.7,50,118,23.5,"3.多巴胺＞5或肾上腺素≤0.1或去甲≤0.1",8,"0.肌酐＜110","1.IMV","67.7","50","265","17.3","0.MAP大于70",13,"1.肌酐110-170","0.36-38.4",36.5,"0.70-109",105,"2.110-139或55-69",68,"0.12-24",15,NA,50,29.9,67.7,"0.7.33-7.49",7.376,"0.130-149",139,"0.3.5-5.4",3.9,"2.急诊手术",NA
"ZZRM_045",3,"5",3,"3",12,12,"1.IMV",71.9,60,182,17.5,"0.MAP大于70",15,"0.肌酐＜110","1.IMV","83.2","35","187","24.5","0.MAP大于70",12,"0.肌酐＜110","3.39-40.9或30-31.9",39,"2.110-129或50-69",110,"0.70-109",71,"0.12-24",18,NA,60,56.6,71.9,"0.7.33-7.49",7.419,"1.150-154",154,"1.5.5-5.9或3-3.4",3,"0.未手术",NA
"ZZRM_046",4,"3",2,"3",9,6,"1.IMV",96.8,45,173,5.8,"0.MAP大于70",12,"0.肌酐＜110","1.IMV","73.2","40","263","9.1999999999999993","0.MAP大于70",15,"0.肌酐＜110","0.36-38.4",37.5,"0.70-109",100,"0.70-109",85,"0.12-24",15,96.8,NA,NA,NA,"0.7.33-7.49",7.397,"0.130-149",141,"1.5.5-5.9或3-3.4",3.1,"0.未手术",NA
"ZZRM_047",12,"12",8,"8",28,16,"1.IMV",75.2,50,126,10.8,"3.多巴胺＞5或肾上腺素≤0.1或去甲≤0.1",3,"1.肌酐110-170","1.IMV","78","50","86","11.6","2.多巴胺剂量≤5ug/kg/min或使用任意剂量的多巴酚丁胺",3,"1.肌酐110-170","0.36-38.4",36.3,"4.≥160或≤49",47,"0.70-109",72,"0.12-24",15,NA,50,38.5,75.2,"3.7.6-7.69或7.15-7.24",7.22,"0.130-149",143,"2.2.5-2.9",2.8,"0.未手术",NA
"ZZRM_053",18,"14",14,"10",33,21,"1.IMV",90.6,50,96,41.6,"4.多巴胺＞15或去甲＞0.1或肾上腺素＞0.1",3,"3.肌酐300-440或尿量<500/天","1.IMV","94.3","40","69","142.30000000000001","3.多巴胺＞5或肾上腺素≤0.1或去甲≤0.1",3,"0.肌酐＜110","0.36-38.4",36.5,"2.110-129或50-69",53,"0.70-109",92,"4.≥50或≤5",5,NA,50,60.1,90.6,"4.≥7.7或＜7.15",7.01,"0.130-149",138,"0.3.5-5.4",3.7,"0.未手术",NA
"ZZRM_054",13,"7",9,"3",34,22,"3.HFNC",55,100,185,21.7,"4.多巴胺＞15或去甲＞0.1或肾上腺素＞0.1",3,"0.肌酐＜110","1.IMV","80","45","168","14.4","0.MAP大于70",3,"0.肌酐＜110","0.36-38.4",36.5,"4.≥160或≤49",45,"2.110-139或55-69",56,"1.25-34或10-11",25,NA,100,94.4,55,"3.7.6-7.69或7.15-7.24",7.2,"0.130-149",137,"1.5.5-5.9或3-3.4",3.4,"0.未手术",NA
"ZZRM_055",6,"3",6,"3",10,10,"3.HFNC",61.2,40,126,43.4,"0.MAP大于70",15,"0.肌酐＜110","3.HFNC","83.5","50","175","13.9","0.MAP大于70",15,"0.肌酐＜110","0.36-38.4",38.3,"2.110-129或50-69",111,"2.110-139或55-69",124,"1.25-34或10-11",25,61.2,NA,NA,NA,"0.7.33-7.49",7.46,"0.130-149",133,"1.5.5-5.9或3-3.4",3.17,"0.未手术",NA
"ZZRM_056",3,"3",3,"3",10,10,"3.HFNC",89,50,162,9.7,"0.MAP大于70",15,"0.肌酐＜110","4.鼻导管","66.599999999999994","37","178","3.7","0.MAP大于70",15,"0.肌酐＜110","1.38.5-38.9或34-35.9",38.5,"0.70-109",86,"0.70-109",86,"1.25-34或10-11",28,NA,50,39,89,"0.7.33-7.49",7.46,"0.130-149",132.4,"0.3.5-5.4",3.6,"1.择期手术",NA
"ZZRM_060",8,"4",6,"2",19,16,"1.IMV",126,90,373,6.3,"3.多巴胺＞5或肾上腺素≤0.1或去甲≤0.1",12,"0.肌酐＜110","1.IMV","78.2","30","252","9","0.MAP大于70",12,"0.肌酐＜110","0.36-38.4",36.7,"2.110-129或50-69",55,"0.70-109",105,"1.25-34或10-11",25,NA,90,40.8,126,"2.7.25-7.32",7.26,"0.130-149",136,"1.5.5-5.9或3-3.4",3,"0.未手术",NA
"ZZRM_061",3,"1",3,"1",8,8,"3.HFNC",80,45,274,11.7,"0.MAP大于70",15,"0.肌酐＜110","3.HFNC","120","35","235","4.4000000000000004","0.MAP大于70",15,"0.肌酐＜110","0.36-38.4",37.1,"0.70-109",78,"0.70-109",82,"0.12-24",23,80,NA,NA,NA,"0.7.33-7.49",7.46,"0.130-149",134,"0.3.5-5.4",4.22,"0.未手术",NA
"ZZRM_062",4,"4",4,"4",11,11,"3.HFNC",68.6,70,230,4.3,"0.MAP大于70",15,"0.肌酐＜110","3.HFNC","60.9","70","252","5.3","0.MAP大于70",15,"0.肌酐＜110","0.36-38.4",36.1,"0.70-109",106,"2.110-139或55-69",135,"1.25-34或10-11",30,NA,70,78,68.6,"2.7.25-7.32",7.3,"0.130-149",143,"1.5.5-5.9或3-3.4",3.4,"0.未手术",NA
"ZZRM_064",11,"9",8,"6",27,18,"1.IMV",60,100,419,6.9,"3.多巴胺＞5或肾上腺素≤0.1或去甲≤0.1",6,"1.肌酐110-170","1.IMV","73","60","152","8.4","3.多巴胺＞5或肾上腺素≤0.1或去甲≤0.1",8,"0.肌酐＜110","0.36-38.4",36.8,"2.110-129或50-69",59,"2.110-139或55-69",112,"0.12-24",24,NA,100,33,60,"0.7.33-7.49",7.34,"0.130-149",139,"1.5.5-5.9或3-3.4",3.3,"0.未手术",NA
"ZZRM_065",10,"7",7,"5",21,13,"1.IMV",71,70,133,12.8,"3.多巴胺＞5或肾上腺素≤0.1或去甲≤0.1",7,"0.肌酐＜110","1.IMV","131","70","92","17.5","0.MAP大于70",10,"0.肌酐＜110","0.36-38.4",36.6,"0.70-109",90,"0.70-109",103,"0.12-24",15,NA,70,72.6,71,"2.7.25-7.32",7.32,"0.130-149",143,"0.3.5-5.4",4.5,"0.未手术",NA
"ZZRM_066",11,"9",7,"5",25,13,"1.IMV",72.7,100,125,98.2,"0.MAP大于70",3,"0.肌酐＜110","1.IMV","120","50","128","46.7","0.MAP大于70",3,"0.肌酐＜110","0.36-38.4",36.7,"0.70-109",100,"0.70-109",70,"4.≥50或≤5",3,NA,100,31,72.7,"0.7.33-7.49",7.46,"0.130-149",147,"0.3.5-5.4",3.65,"0.未手术",NA
"ZZRM_067",15,"11",11,"7",28,16,"1.IMV",65.9,100,45,18.3,"3.多巴胺＞5或肾上腺素≤0.1或去甲≤0.1",3,"1.肌酐110-170","1.IMV","74","49","55","15","1.MAP小于70（未使用血管活性药物）",3,"1.肌酐110-170","0.36-38.4",36.2,"0.70-109",82,"0.70-109",86,"4.≥50或≤5",5,NA,100,44,65.9,"0.7.33-7.49",7.49,"0.130-149",139,"0.3.5-5.4",4.2,"2.急诊手术",NA
"ZZRM_068",11,"6",7,"3",30,20,"1.IMV",88.8,50,201,6.9,"4.多巴胺＞15或去甲＞0.1或肾上腺素＞0.1",5,"0.肌酐＜110","1.IMV","97.2","35","138","9.1","0.MAP大于70",7,"0.肌酐＜110","0.36-38.4",36.5,"4.≥160或≤49",40,"4.≥180或≤39",38,"4.≥50或≤5",2,88.8,NA,NA,NA,"2.7.25-7.32",7.3,"0.130-149",138,"0.3.5-5.4",3.7,"1.择期手术",NA
"ZZRM_069",5,"5",1,"1",20,8,"1.IMV",97,25,320,6.2,"0.MAP大于70",3,"0.肌酐＜110","4.鼻导管","110","30","195","7.5","0.MAP大于70",3,"0.肌酐＜110","0.36-38.4",36.5,"2.110-129或50-69",110,"0.70-109",98,"0.12-24",15,97,NA,NA,NA,"0.7.33-7.49",7.47,"0.130-149",130,"1.5.5-5.9或3-3.4",3.3,"2.急诊手术",NA
"ZZRM_070",6,"8",3,"5",15,6,"1.IMV",128,40,104,25.1,"0.MAP大于70",6,"0.肌酐＜110","1.IMV","128","30","89","37.700000000000003","1.MAP小于70（未使用血管活性药物）",6,"0.肌酐＜110","0.36-38.4",36.8,"2.110-129或50-69",116,"0.70-109",105,"0.12-24",18,128,NA,NA,NA,"0.7.33-7.49",7.482,"0.130-149",140,"0.3.5-5.4",4.1,"0.未手术",NA
"ZZRM_071",6,"6",3,"5",16,8,"1.IMV",88,55,193,14.3,"0.MAP大于70",7,"0.肌酐＜110","1.IMV","64","35","141","24.6","0.MAP大于70",13,"0.肌酐＜110","0.36-38.4",36.8,"0.70-109",103,"0.70-109",95,"0.12-24",17,NA,55,69.8,88,"0.7.33-7.49",7.484,"0.130-149",146,"0.3.5-5.4",4.2,"0.未手术",NA
"ZZRM_072",17,"18",13,"14",42,30,"1.IMV",40.5,100,129,25.7,"4.多巴胺＞15或去甲＞0.1或肾上腺素＞0.1",3,"3.肌酐300-440或尿量<500/天","1.IMV","40.5","100","82","25.7","4.多巴胺＞15或去甲＞0.1或肾上腺素＞0.1",3,"3.肌酐300-440或尿量<500/天","0.36-38.4",36.3,"0.70-109",98,"0.70-109",98,"1.25-34或10-11",29,NA,100,26.3,40.5,"3.7.6-7.69或7.15-7.24",7.191,"3.160-179或111-119",113,"4.≥7或＜2.5",8.1,"0.未手术",NA
"ZZRM_073",12,"12",8,"8",36,24,"1.IMV",64.1,100,198,11.8,"4.多巴胺＞15或去甲＞0.1或肾上腺素＞0.1",3,"0.肌酐＜110","1.IMV","64.099999999999994","100","198","11.8","4.多巴胺＞15或去甲＞0.1或肾上腺素＞0.1",3,"0.肌酐＜110","0.36-38.4",37.3,"0.70-109",85,"2.110-139或55-69",120,"0.12-24",15,NA,100,26.2,64.1,"3.7.6-7.69或7.15-7.24",7.222,"2.155-159或120-129",158,"2.2.5-2.9",2.9,"0.未手术",NA
"ZZRM_074",6,"10",2,"6",18,6,"1.IMV",85.5,42,207,6.7,"0.MAP大于70",3,"0.肌酐＜110","1.IMV","85.5","35","116","8.1999999999999993","3.多巴胺＞5或肾上腺素≤0.1或去甲≤0.1",3,"0.肌酐＜110","0.36-38.4",36.9,"2.110-129或50-69",115,"3.140-179或40-54",50,"0.12-24",15,85.5,NA,NA,NA,"3.7.6-7.69或7.15-7.24",7.207,"0.130-149",139.3,"0.3.5-5.4",3.74,"0.未手术",NA
"ZZRM_075",11,"10",9,"8",19,14,"1.IMV",78,30,80,25.1,"4.多巴胺＞15或去甲＞0.1或肾上腺素＞0.1",10,"0.肌酐＜110","1.IMV","71.400000000000006","35","80","29","3.多巴胺＞5或肾上腺素≤0.1或去甲≤0.1",10,"0.肌酐＜110","0.36-38.4",37.2,"2.110-129或50-69",116,"0.70-109",80,"0.12-24",18,78,NA,NA,NA,"1.7.5-7.59",7.502,"0.130-149",144,"2.2.5-2.9",2.8,"0.未手术",NA
"ZZRM_076",8,"4",6,"2",18,15,"4.鼻导管",67.7,33,310,11,"4.多巴胺＞15或去甲＞0.1或肾上腺素＞0.1",12,"0.肌酐＜110","4.鼻导管","69.3","33","179","11","0.MAP大于70",12,"0.肌酐＜110","0.36-38.4",36.8,"0.70-109",85,"0.70-109",90,"0.12-24",18,67.7,NA,NA,NA,"0.7.33-7.49",7.41,"0.130-149",140,"2.2.5-2.9",2.6,"0.未手术",NA
"ZZRM_077",10,"10",7,"7",22,16,"1.IMV",52.1,40,347,3.7,"4.多巴胺＞15或去甲＞0.1或肾上腺素＞0.1",9,"0.肌酐＜110","1.IMV","53.1","40","159","4.7","4.多巴胺＞15或去甲＞0.1或肾上腺素＞0.1",9,"0.肌酐＜110","0.36-38.4",38.2,"0.70-109",80,"0.70-109",77,"0.12-24",12,52.1,NA,NA,NA,"0.7.33-7.49",7.479,"0.130-149",136.2,"0.3.5-5.4",4.12,"0.未手术",NA
"ZZRM_078",6,"9",6,"7",9,9,"1.IMV",59.5,40,165,7.2,"3.多巴胺＞5或肾上腺素≤0.1或去甲≤0.1",15,"0.肌酐＜110","1.IMV","59.5","40","165","7.2","4.多巴胺＞15或去甲＞0.1或肾上腺素＞0.1",11,"0.肌酐＜110","0.36-38.4",38.2,"0.70-109",95,"0.70-109",100,"0.12-24",14,59.5,NA,NA,NA,"0.7.33-7.49",7.355,"1.150-154",154,"0.3.5-5.4",4.5,"0.未手术",NA
"ZZRM_079",12,"12",8,"9",33,22,"1.IMV",120,50,102,11.2,"4.多巴胺＞15或去甲＞0.1或肾上腺素＞0.1",4,"1.肌酐110-170","1.IMV","81","40","64","13","4.多巴胺＞15或去甲＞0.1或肾上腺素＞0.1",6,"1.肌酐110-170","0.36-38.4",38.2,"0.70-109",71,"2.110-139或55-69",126,"0.12-24",15,81,NA,NA,NA,"3.7.6-7.69或7.15-7.24",7.224,"2.155-159或120-129",127,"1.5.5-5.9或3-3.4",5.7,"0.未手术",NA
"ZZRM_080",12,"13",8,"9",32,20,"1.IMV",94.6,55,176,42.3,"1.MAP小于70（未使用血管活性药物）",3,"2.肌酐171-299","1.IMV","75.5","35","98","42.3","1.MAP小于70（未使用血管活性药物）",3,"2.肌酐171-299","1.38.5-38.9或34-35.9",38.9,"0.70-109",79,"3.140-179或40-54",140,"0.12-24",15,NA,55,35.5,94.6,"0.7.33-7.49",7.465,"1.150-154",152,"0.3.5-5.4",4.1,"0.未手术",NA
"ZZRM_081",5,"7",3,"4",15,10,"1.IMV",90.7,33,120,6.4,"0.MAP大于70",10,"0.肌酐＜110","1.IMV","77.099999999999994","40","142","18.600000000000001","0.MAP大于70",7,"0.肌酐＜110","3.39-40.9或30-31.9",39,"0.70-109",84,"0.70-109",92,"0.12-24",15,77.1,NA,NA,NA,"0.7.33-7.49",7.367,"0.130-149",145,"0.3.5-5.4",4.2,"2.急诊手术",NA
"ZZRM_082",5,"8",3,"4",15,10,"1.IMV",83.7,40,131,17.7,"0.MAP大于70",10,"0.肌酐＜110","1.IMV","66.099999999999994","60","122","17.7","0.MAP大于70",3,"0.肌酐＜110","0.36-38.4",36.5,"0.70-109",93,"0.70-109",88,"0.12-24",15,83.7,NA,NA,NA,"1.7.5-7.59",7.55,"0.130-149",148,"1.5.5-5.9或3-3.4",3.1,"2.急诊手术",NA
"ZZRM_083",13,"13",9,"9",36,24,"1.IMV",45.5,100,311,7.4,"4.多巴胺＞15或去甲＞0.1或肾上腺素＞0.1",3,"1.肌酐110-170","1.IMV","45.5","100","152","15.2","4.多巴胺＞15或去甲＞0.1或肾上腺素＞0.1",3,"1.肌酐110-170","0.36-38.4",36.8,"0.70-109",82,"3.140-179或40-54",52,"0.12-24",15,NA,100,32.7,45.5,"2.7.25-7.32",7.255,"2.155-159或120-129",156,"3.6-6.9",6.9,"0.未手术",NA
"ZZRM_084",7,"11",3,"7",19,7,"1.IMV",99.3,35,192,7.4,"1.MAP小于70（未使用血管活性药物）",3,"0.肌酐＜110","1.IMV","99.3","35","14","7.4","1.MAP小于70（未使用血管活性药物）",3,"0.肌酐＜110","1.38.5-38.9或34-35.9",38.7,"0.70-109",73,"0.70-109",90,"0.12-24",15,99.3,NA,NA,NA,"0.7.33-7.49",7.411,"0.130-149",137,"0.3.5-5.4",3.7,"2.急诊手术",NA
"ZZRM_085",10,"9",6,"5",22,12,"1.IMV",74,40,48,8.3,"0.MAP大于70",5,"0.肌酐＜110","1.IMV","117","40","30","13.8","0.MAP大于70",5,"0.肌酐＜110","3.39-40.9或30-31.9",39,"0.70-109",86,"2.110-139或55-69",112,"0.12-24",21,74,NA,NA,NA,"0.7.33-7.49",7.49,"0.130-149",149,"1.5.5-5.9或3-3.4",3.23,"0.未手术",NA
"ZZRM_086",12,"10",8,"6",28,17,"1.IMV",72.3,100,363,6.9,"4.多巴胺＞15或去甲＞0.1或肾上腺素＞0.1",4,"0.肌酐＜110","1.IMV","65.599999999999994","60","166","6.4","3.多巴胺＞5或肾上腺素≤0.1或去甲≤0.1",4,"0.肌酐＜110","3.39-40.9或30-31.9",40.5,"0.70-109",84,"2.110-139或55-69",126,"0.12-24",14,NA,100,96.1,72.3,"2.7.25-7.32",7.286,"0.130-149",140,"0.3.5-5.4",4,"0.未手术",NA
"ZZRM_087",5,"5",5,"5",14,14,"2.NIMV",73,80,223,19.9,"0.MAP大于70",15,"0.肌酐＜110","2.NIMV","73","80","186","19.899999999999999","0.MAP大于70",15,"0.肌酐＜110","0.36-38.4",36.7,"0.70-109",81,"2.110-139或55-69",116,"1.25-34或10-11",30,NA,80,34.6,73,"0.7.33-7.49",7.452,"0.130-149",140.6,"0.3.5-5.4",4.7,"1.择期手术",NA
"ZZRM_088",7,"4",4,"2",24,16,"1.IMV",63.3,40,318,12.5,"1.MAP小于70（未使用血管活性药物）",7,"0.肌酐＜110","1.IMV","70.099999999999994","30","318","17.100000000000001","0.MAP大于70",11,"0.肌酐＜110","1.38.5-38.9或34-35.9",38.9,"2.110-129或50-69",62,"2.110-139或55-69",110,"0.12-24",15,63.3,NA,NA,NA,"0.7.33-7.49",7.469,"2.155-159或120-129",123,"0.3.5-5.4",4.6,"0.未手术",NA
"ZZRM_089",11,"11",8,"8",33,24,"1.IMV",70.3,60,27,11.4,"1.MAP小于70（未使用血管活性药物）",6,"1.肌酐110-170","1.IMV","70.3","60","25","10.8","1.MAP小于70（未使用血管活性药物）",6,"1.肌酐110-170","3.39-40.9或30-31.9",40,"2.110-129或50-69",58,"2.110-139或55-69",136,"0.12-24",20,NA,60,23.8,70.3,"2.7.25-7.32",7.296,"0.130-149",137,"0.3.5-5.4",5.1,"0.未手术",NA
"ZZRM_090",10,"11",7,"7",27,19,"1.IMV",90.7,70,479,13.3,"4.多巴胺＞15或去甲＞0.1或肾上腺素＞0.1",7,"0.肌酐＜110","1.IMV","77.599999999999994","50","488","16.2","4.多巴胺＞15或去甲＞0.1或肾上腺素＞0.1",3,"0.肌酐＜110","0.36-38.4",36.9,"0.70-109",71,"2.110-139或55-69",118,"3.35-49",35,NA,70,55.2,90,"2.7.25-7.32",7.282,"0.130-149",147,"1.5.5-5.9或3-3.4",3.3,"0.未手术",NA
"ZZRM_091",7,"6",4,"3",18,10,"1.IMV",64.4,70,197,14,"0.MAP大于70",7,"0.肌酐＜110","1.IMV","79","70","197","7.8","0.MAP大于70",6,"0.肌酐＜110","0.36-38.4",38,"0.70-109",81,"0.70-109",96,"0.12-24",15,NA,70,34.2,64.4,"0.7.33-7.49",7.452,"0.130-149",149,"0.3.5-5.4",4.2,"0.未手术",NA
"ZZRM_092",4,"7",4,"6",9,9,"2.NIMV",68.5,35,100,8.8,"0.MAP大于70",15,"0.肌酐＜110","2.NIMV","64.3","35","77","6.1","1.MAP小于70（未使用血管活性药物）",13,"0.肌酐＜110","0.36-38.4",37,"2.110-129或50-69",69,"0.70-109",90,"0.12-24",19,68.5,NA,NA,NA,"0.7.33-7.49",7.478,"0.130-149",140,"1.5.5-5.9或3-3.4",3.4,"0.未手术",NA
"ZZRM_093",6,"7",4,"5",13,9,"1.IMV",58.7,60,219,7.3,"0.MAP大于70",11,"0.肌酐＜110","1.IMV","52.7","60","205","32.1","0.MAP大于70",11,"0.肌酐＜110","0.36-38.4",36.6,"0.70-109",92,"0.70-109",82,"0.12-24",20,NA,60,59.6,58.7,"0.7.33-7.49",7.454,"0.130-149",140,"0.3.5-5.4",3.9,"0.未手术",NA
"ZZRM_094",7,"8",6,"7",15,14,"3.HFNC",74.6,41,169,15.1,"3.多巴胺＞5或肾上腺素≤0.1或去甲≤0.1",14,"0.肌酐＜110","3.HFNC","50.9","41","127","8.9","3.多巴胺＞5或肾上腺素≤0.1或去甲≤0.1",14,"0.肌酐＜110","0.36-38.4",37.1,"0.70-109",72,"2.110-139或55-69",112,"0.12-24",18,74.6,NA,NA,NA,"0.7.33-7.49",7.392,"0.130-149",144,"2.2.5-2.9",2.74,"0.未手术",NA
"ZZRM_095",4,"4",2,"2",12,7,"3.HFNC",109,40,252,12.1,"0.MAP大于70",10,"0.肌酐＜110","3.HFNC","109","40","252","5.0999999999999996","0.MAP大于70",10,"0.肌酐＜110","0.36-38.4",36.6,"0.70-109",81,"0.70-109",88,"0.12-24",18,109,NA,NA,NA,"0.7.33-7.49",7.487,"0.130-149",134,"1.5.5-5.9或3-3.4",3.26,"0.未手术",NA
"ZZRM_096",7,"10",4,"7",20,12,"1.IMV",83,90,236,10.2,"0.MAP大于70",7,"0.肌酐＜110","1.IMV","164","100","11","4.5999999999999996","0.MAP大于70",6,"0.肌酐＜110","0.36-38.4",36.8,"0.70-109",87,"2.110-139或55-69",65,"0.12-24",18,NA,90,41.9,83,"0.7.33-7.49",7.426,"0.130-149",139,"0.3.5-5.4",3.9,"0.未手术",NA
"ZZRM_097",9,"8",6,"5",20,12,"1.IMV",71.2,70,378,2.5,"3.多巴胺＞5或肾上腺素≤0.1或去甲≤0.1",7,"0.肌酐＜110","1.IMV","99","35","341","2.2999999999999998","3.多巴胺＞5或肾上腺素≤0.1或去甲≤0.1",7,"0.肌酐＜110","0.36-38.4",36.5,"0.70-109",75,"0.70-109",75,"1.25-34或10-11",25,NA,70,47,71.2,"0.7.33-7.49",7.48,"0.130-149",143,"0.3.5-5.4",4.1,"0.未手术",NA
"ZZRM_098",4,"4",3,"3",9,8,"3.HFNC",89,35,121,6.7,"0.MAP大于70",14,"0.肌酐＜110","3.HFNC","89","35","105","8.4","0.MAP大于70",14,"0.肌酐＜110","0.36-38.4",36.9,"0.70-109",72,"0.70-109",104,"0.12-24",24,89,NA,NA,NA,"2.7.25-7.32",7.312,"0.130-149",131,"0.3.5-5.4",3.9,"0.未手术",NA
"JXSY_001",8,"7",5,"4",19,13,"1.IMV",102,50,219,6.8,"3.多巴胺＞5或肾上腺素≤0.1或去甲≤0.1",9,"0.肌酐＜110","1.IMV","128","40","219","6.8","3.多巴胺＞5或肾上腺素≤0.1或去甲≤0.1",9,"0.肌酐＜110","0.36-38.4",38.3,"0.70-109",76,"2.110-139或55-69",122,"1.25-34或10-11",28,NA,50,36,102,"0.7.33-7.49",7.39,"0.130-149",135,"0.3.5-5.4",3.7,"0.未手术",NA
"JXSY_002",10,"6",7,"3",31,22,"1.IMV",92,40,182,3.5,"4.多巴胺＞15或去甲＞0.1或肾上腺素＞0.1",6,"1.肌酐110-170","1.IMV","83","40","116","15.7","0.MAP大于70",7,"0.肌酐＜110","0.36-38.4",37.6,"2.110-129或50-69",53,"2.110-139或55-69",127,"1.25-34或10-11",28,92,NA,NA,NA,"2.7.25-7.32",7.28,"3.160-179或111-119",167,"0.3.5-5.4",3.9,"0.未手术",NA
"JXSY_003",4,"3",4,"3",13,13,"1.IMV",74,60,263,4.2,"0.MAP大于70",15,"1.肌酐110-170","1.IMV","70.900000000000006","40","316","3.3","0.MAP大于70",15,"0.肌酐＜110","1.38.5-38.9或34-35.9",38.8,"2.110-129或50-69",113,"0.70-109",86,"1.25-34或10-11",30,NA,60,32,74,"0.7.33-7.49",7.34,"0.130-149",135,"0.3.5-5.4",3.5,"0.未手术",NA
"JXSY_004",8,"6",8,"6",15,15,"1.IMV",95,65,121,15.5,"3.多巴胺＞5或肾上腺素≤0.1或去甲≤0.1",15,"1.肌酐110-170","1.IMV","105","50","86","6.6","0.MAP大于70",15,"2.肌酐171-299","1.38.5-38.9或34-35.9",35.4,"2.110-129或50-69",68,"2.110-139或55-69",122,"1.25-34或10-11",30,NA,65,28,95,"0.7.33-7.49",7.36,"0.130-149",140,"0.3.5-5.4",4,"0.未手术",NA
"JXSY_005",6,"4",6,"4",16,16,"1.IMV",150,40,47,11.8,"1.MAP小于70（未使用血管活性药物）",15,"1.肌酐110-170","1.IMV","170","45","85","4.9000000000000004","0.MAP大于70",15,"1.肌酐110-170","0.36-38.4",38,"2.110-129或50-69",55,"2.110-139或55-69",110,"1.25-34或10-11",30,150,NA,NA,NA,"1.7.5-7.59",7.5,"0.130-149",141,"0.3.5-5.4",3.7,"0.未手术",NA
"JXSY_006",8,"6",5,"3",23,16,"1.IMV",84.5,55,114,3.9,"1.MAP小于70（未使用血管活性药物）",8,"0.肌酐＜110","1.IMV","112","55","117","7.2","0.MAP大于70",8,"0.肌酐＜110","3.39-40.9或30-31.9",39.7,"2.110-129或50-69",96,"2.110-139或55-69",55,"0.12-24",20,NA,55,25,84.7,"1.7.5-7.59",7.581,"0.130-149",146,"1.5.5-5.9或3-3.4",3.4,"0.未手术",NA
"JXSY_007",6,"NA",6,"NA",24,24,"1.IMV",122,60,160,7.9,"4.多巴胺＞15或去甲＞0.1或肾上腺素＞0.1",15,"0.肌酐＜110","1.IMV",NA,NA,NA,NA,NA,NA,NA,"3.39-40.9或30-31.9",39.3,"0.70-109",102,"3.140-179或40-54",153,"0.12-24",30,NA,60,37,122,"0.7.33-7.49",7.4,"0.130-149",134,"1.5.5-5.9或3-3.4",3.1,"0.未手术",NA
"JXSY_008",7,"7",7,"7",19,19,"1.IMV",86,50,691,4.2,"4.多巴胺＞15或去甲＞0.1或肾上腺素＞0.1",15,"0.肌酐＜110","1.IMV","98.5","50","213","7.1","4.多巴胺＞15或去甲＞0.1或肾上腺素＞0.1",15,"0.肌酐＜110","0.36-38.4",36.9,"0.70-109",73,"0.70-109",99,"1.25-34或10-11",31,NA,50,19,86,"4.≥7.7或＜7.15",7.14,"0.130-149",137,"1.5.5-5.9或3-3.4",3,"0.未手术",NA
"JXSY_009",8,"2",4,"2",19,7,"1.IMV",99,40,103,5.8,"0.MAP大于70",3,"1.肌酐110-170","1.IMV","73","30","174","4.8","0.MAP大于70",15,"0.肌酐＜110","0.36-38.4",36.2,"2.110-129或50-69",110,"0.70-109",90,"0.12-24",22,99,NA,NA,NA,"2.7.25-7.32",7.25,"0.130-149",138,"0.3.5-5.4",3.6,"0.未手术",NA
"JXSY_010",5,"5",5,"5",19,19,"1.IMV",133,40,266,9.2,"0.MAP大于70",15,"4.肌酐大于440或尿量<200/天","1.IMV","76.400000000000006","30","290","9.1999999999999993","0.MAP大于70",15,"3.肌酐300-440或尿量<500/天","1.38.5-38.9或34-35.9",35.3,"3.>129或<55",131,"3.140-179或40-54",52,"0.12-24",20,132.5,NA,NA,NA,"0.7.33-7.49",7.467,"0.130-149",142,"4.≥7或＜2.5",4.7,"0.未手术",NA
"JXSY_011",3,"3",3,"3",11,11,"1.IMV",78,35,178,7.8,"1.MAP小于70（未使用血管活性药物）",15,"0.肌酐＜110","1.IMV","108","45","147","5.8","0.MAP大于70",15,"0.肌酐＜110","0.36-38.4",38.3,"2.110-129或50-69",67,"2.110-139或55-69",113,"0.12-24",24,78,NA,NA,NA,"0.7.33-7.49",7.41,"0.130-149",129,"0.3.5-5.4",3.8,"0.未手术",NA
"JXSY_012",5,"4",5,"4",7,7,"1.IMV",94,45,261,9.2,"3.多巴胺＞5或肾上腺素≤0.1或去甲≤0.1",15,"0.肌酐＜110","1.IMV","94.6","35","270","12","2.多巴胺剂量≤5ug/kg/min或使用任意剂量的多巴酚丁胺",15,"0.肌酐＜110","1.38.5-38.9或34-35.9",38.5,"0.70-109",72,"2.110-139或55-69",117,"0.12-24",18,94,NA,NA,NA,"0.7.33-7.49",7.36,"0.130-149",139,"0.3.5-5.4",3.8,"0.未手术",NA
"JXSY_013",14,"NA",11,"NA",16,9,"1.IMV",85,45,90,19.8,"3.多巴胺＞5或肾上腺素≤0.1或去甲≤0.1",8,"2.肌酐171-299","1.IMV",NA,NA,NA,NA,NA,NA,NA,"1.38.5-38.9或34-35.9",38.6,"0.70-109",75,"0.70-109",95,"0.12-24",12,85,NA,NA,NA,"0.7.33-7.49",7.42,"0.130-149",136,"0.3.5-5.4",4.2,"0.未手术",NA
"JXSY_014",5,"6",4,"5",15,14,"1.IMV",85,65,327,13,"1.MAP小于70（未使用血管活性药物）",14,"0.肌酐＜110","1.IMV","98","45","189","36","1.MAP小于70（未使用血管活性药物）",14,"0.肌酐＜110","1.38.5-38.9或34-35.9",35.8,"2.110-129或50-69",56,"3.140-179或40-54",176,"0.12-24",22,NA,65,81,86,"0.7.33-7.49",7.24,"0.130-149",142,"0.3.5-5.4",4.3,"0.未手术",NA
"JXSY_015",7,"5",5,"5",14,10,"1.IMV",63,50,56,7.2,"0.MAP大于70",11,"0.肌酐＜110","1.IMV","87","35","66","6","1.MAP小于70（未使用血管活性药物）",15,"0.肌酐＜110","1.38.5-38.9或34-35.9",38.9,"2.110-129或50-69",122,"3.140-179或40-54",54,"0.12-24",28,NA,50,76,63,"0.7.33-7.49",7.22,"0.130-149",146,"0.3.5-5.4",4.6,"0.未手术",NA
"JXSY_016",7,"7",4,"4",23,15,"1.IMV",125,40,184,10.8,"3.多巴胺＞5或肾上腺素≤0.1或去甲≤0.1",7,"0.肌酐＜110","1.IMV","120","40","189","17","3.多巴胺＞5或肾上腺素≤0.1或去甲≤0.1",7,"0.肌酐＜110","0.36-38.4",37.6,"0.70-109",72,"2.110-139或55-69",136,"3.35-49",35,125,NA,NA,NA,"0.7.33-7.49",7.48,"0.130-149",145,"0.3.5-5.4",3.4,"0.未手术",NA
"JXSY_017",3,"7",2,"7",10,8,"1.IMV",115,45,268,7.5,"0.MAP大于70",13,"0.肌酐＜110","1.IMV","88","40","143","40","2.多巴胺剂量≤5ug/kg/min或使用任意剂量的多巴酚丁胺",15,"0.肌酐＜110","0.36-38.4",38.2,"2.110-129或50-69",118,"2.110-139或55-69",119,"0.12-24",34,115,NA,NA,NA,"0.7.33-7.49",7.43,"0.130-149",136,"0.3.5-5.4",3.7,"0.未手术",NA
"JXSY_018",3,"3",3,"3",8,8,"1.IMV",122,40,155,26.2,"1.MAP小于70（未使用血管活性药物）",15,"0.肌酐＜110","1.IMV","90","45","187","12","1.MAP小于70（未使用血管活性药物）",15,"0.肌酐＜110","0.36-38.4",36.9,"0.70-109",85,"0.70-109",84,"0.12-24",18,122,NA,NA,NA,"0.7.33-7.49",7.36,"0.130-149",138,"0.3.5-5.4",3.5,"0.未手术",NA
"JXSY_019",9,"4",8,"4",19,17,"1.IMV",116,50,222,3.2,"3.多巴胺＞5或肾上腺素≤0.1或去甲≤0.1",13,"3.肌酐300-440或尿量<500/天","1.IMV","98","50","196","5.6","1.MAP小于70（未使用血管活性药物）",15,"0.肌酐＜110","0.36-38.4",36.4,"2.110-129或50-69",55,"3.140-179或40-54",52,"0.12-24",28,NA,50,42.7,116,"0.7.33-7.49",7.3,"0.130-149",144,"0.3.5-5.4",4.1,"0.未手术",NA
"JXSY_020",5,"3",5,"3",14,14,"1.IMV",108,50,288,11.6,"3.多巴胺＞5或肾上腺素≤0.1或去甲≤0.1",15,"0.肌酐＜110","1.IMV","93.7","35","259","14.5","1.MAP小于70（未使用血管活性药物）",15,"0.肌酐＜110","0.36-38.4",37,"0.70-109",87,"0.70-109",100,"0.12-24",20,NA,50,52.7,108,"2.7.25-7.32",7.297,"0.130-149",134,"0.3.5-5.4",4.3,"0.未手术",NA
"JXSY_021",8,"6",8,"6",13,13,"1.IMV",68,60,83,6.6,"3.多巴胺＞5或肾上腺素≤0.1或去甲≤0.1",15,"0.肌酐＜110","1.IMV","82.7","55","99","12","1.MAP小于70（未使用血管活性药物）",15,"0.肌酐＜110","3.39-40.9或30-31.9",39.3,"2.110-129或50-69",111,"0.70-109",99,"1.25-34或10-11",30,NA,60,41,68,"0.7.33-7.49",7.48,"0.130-149",131,"0.3.5-5.4",4,"0.未手术",NA
"JXSY_022",7,"5",7,"5",10,10,"1.IMV",140,60,146,8.4,"4.多巴胺＞15或去甲＞0.1或肾上腺素＞0.1",15,"0.肌酐＜110","1.IMV","128","40","135","9.9","3.多巴胺＞5或肾上腺素≤0.1或去甲≤0.1",15,"0.肌酐＜110","1.38.5-38.9或34-35.9",38.5,"0.70-109",106,"0.70-109",100,"0.12-24",24,NA,60,49,140,"0.7.33-7.49",7.43,"0.130-149",137,"0.3.5-5.4",3.5,"0.未手术",NA
"JXSY_023",10,"10",10,"10",23,23,"1.IMV",97,35,101,10.3,"3.多巴胺＞5或肾上腺素≤0.1或去甲≤0.1",15,"4.肌酐大于440或尿量<200/天","1.IMV","83","35","131","4","3.多巴胺＞5或肾上腺素≤0.1或去甲≤0.1",15,"4.肌酐大于440或尿量<200/天","0.36-38.4",36,"2.110-129或50-69",117,"2.110-139或55-69",110,"3.35-49",36,97,NA,NA,NA,"2.7.25-7.32",7.26,"0.130-149",130,"0.3.5-5.4",5.1,"2.急诊手术",NA
"JXSY_024",10,"6",10,"6",28,28,"1.IMV",91,70,245,19.8,"3.多巴胺＞5或肾上腺素≤0.1或去甲≤0.1",15,"3.肌酐300-440或尿量<500/天","1.IMV","92","30","161","10.8","2.多巴胺剂量≤5ug/kg/min或使用任意剂量的多巴酚丁胺",15,"3.肌酐300-440或尿量<500/天","3.39-40.9或30-31.9",39.3,"2.110-129或50-69",63,"2.110-139或55-69",112,"1.25-34或10-11",25,NA,70,55,91,"3.7.6-7.69或7.15-7.24",7.17,"0.130-149",143,"1.5.5-5.9或3-3.4",3.4,"0.未手术",NA
"JXSY_025",5,"6",5,"6",10,10,"1.IMV",81,35,170,10.8,"3.多巴胺＞5或肾上腺素≤0.1或去甲≤0.1",15,"0.肌酐＜110","1.IMV","103","30","87","10.6","3.多巴胺＞5或肾上腺素≤0.1或去甲≤0.1",15,"0.肌酐＜110","0.36-38.4",36.3,"2.110-129或50-69",112,"2.110-139或55-69",118,"0.12-24",14,81,NA,NA,NA,"0.7.33-7.49",7.48,"0.130-149",134,"0.3.5-5.4",3.9,"0.未手术",NA
"JXSY_026",6,"5",6,"5",11,11,"1.IMV",88.5,35,199,5,"3.多巴胺＞5或肾上腺素≤0.1或去甲≤0.1",15,"1.肌酐110-170","1.IMV","60.3","30","186","7.1","3.多巴胺＞5或肾上腺素≤0.1或去甲≤0.1",15,"0.肌酐＜110","0.36-38.4",37.3,"0.70-109",102,"0.70-109",100,"0.12-24",23,88.5,NA,NA,NA,"3.7.6-7.69或7.15-7.24",7.16,"0.130-149",134,"0.3.5-5.4",3.9,"0.未手术",NA
"JXSY_027",7,"3",7,"3",16,16,"1.IMV",111,50,87,11.8,"3.多巴胺＞5或肾上腺素≤0.1或去甲≤0.1",15,"0.肌酐＜110","1.IMV","132","40","159","37.799999999999997","0.MAP大于70",15,"0.肌酐＜110","3.39-40.9或30-31.9",39.5,"0.70-109",70,"2.110-139或55-69",55,"1.25-34或10-11",29,NA,50,25.8,111,"0.7.33-7.49",7.415,"0.130-149",133,"1.5.5-5.9或3-3.4",3.1,"0.未手术",NA
"JXSY_028",6,"4",6,"4",11,11,"1.IMV",55,30,178,11.7,"2.多巴胺剂量≤5ug/kg/min或使用任意剂量的多巴酚丁胺",15,"1.肌酐110-170","3.HFNC","74","35","144","23.1","0.MAP大于70",15,"0.肌酐＜110","0.36-38.4",37.4,"2.110-129或50-69",65,"0.70-109",100,"0.12-24",18,55,NA,NA,NA,"0.7.33-7.49",7.33,"0.130-149",136,"0.3.5-5.4",4.8,"0.未手术",NA
"JXSY_029",11,"6",11,"6",17,17,"1.IMV",118,60,139,59.9,"3.多巴胺＞5或肾上腺素≤0.1或去甲≤0.1",15,"2.肌酐171-299","1.IMV","88.5","45","203","71.900000000000006","0.MAP大于70",15,"1.肌酐110-170","1.38.5-38.9或34-35.9",34.5,"0.70-109",100,"0.70-109",97,"0.12-24",17,NA,60,40,118,"2.7.25-7.32",7.32,"0.130-149",137,"1.5.5-5.9或3-3.4",3.4,"0.未手术",NA
"JXSY_030",5,"1",3,"1",17,12,"1.IMV",68.9,30,357,4.5,"0.MAP大于70",10,"1.肌酐110-170","4.鼻导管","94","21","297","5.0999999999999996","0.MAP大于70",15,"1.肌酐110-170","0.36-38.4",37,"0.70-109",87,"0.70-109",100,"0.12-24",20,68.9,NA,NA,NA,"0.7.33-7.49",7.35,"0.130-149",135,"0.3.5-5.4",4,"0.未手术",NA
"JXSY_031",8,"2",8,"2",16,16,"1.IMV",88,100,105,10.5,"3.多巴胺＞5或肾上腺素≤0.1或去甲≤0.1",15,"0.肌酐＜110","1.IMV","87.2","35","296","8","0.MAP大于70",15,"0.肌酐＜110","1.38.5-38.9或34-35.9",35.9,"0.70-109",75,"0.70-109",110,"0.12-24",20,NA,100,54,88,"2.7.25-7.32",7.27,"0.130-149",140,"1.5.5-5.9或3-3.4",3.3,"0.未手术",NA
"PHYY_001",16,"15",12,"11",35,24,"1.IMV",78,80,98,20.8,"3.多巴胺＞5或肾上腺素≤0.1或去甲≤0.1",4,"2.肌酐171-299","1.IMV","67.099999999999994","40","20","13.7","3.多巴胺＞5或肾上腺素≤0.1或去甲≤0.1",4,"2.肌酐171-299","0.36-38.4",36.5,"2.110-129或50-69",62,"2.110-139或55-69",125,"0.12-24",16,NA,80,27.3,78,"1.7.5-7.59",7.5,"0.130-149",141,"4.≥7或＜2.5",2.4,"0.未手术",NA
"PHYY_002",8,"NA",7,"NA",14,13,"1.IMV",83.9,30,92,25.7,"2.多巴胺剂量≤5ug/kg/min或使用任意剂量的多巴酚丁胺",14,"0.肌酐＜110",NA,NA,NA,NA,NA,NA,NA,NA,"0.36-38.4",37.2,"2.110-129或50-69",68,"2.110-139或55-69",59,"0.12-24",15,83.9,NA,NA,NA,"1.7.5-7.59",7.58,"0.130-149",143,"0.3.5-5.4",4.6,"0.未手术",NA
"PHYY_003",5,"5",4,"4",13,11,"1.IMV",71,30,234,6.3,"2.多巴胺剂量≤5ug/kg/min或使用任意剂量的多巴酚丁胺",13,"0.肌酐＜110","1.IMV","74.2","35","192","6.4","2.多巴胺剂量≤5ug/kg/min或使用任意剂量的多巴酚丁胺",14,"0.肌酐＜110","0.36-38.4",38,"2.110-129或50-69",65,"2.110-139或55-69",121,"0.12-24",19,71,NA,NA,NA,"0.7.33-7.49",7.47,"0.130-149",139,"1.5.5-5.9或3-3.4",3.1,"0.未手术",NA
"PHYY_004",5,"6",5,"6",15,15,"1.IMV",91.2,50,201,4.3,"2.多巴胺剂量≤5ug/kg/min或使用任意剂量的多巴酚丁胺",15,"0.肌酐＜110","1.IMV","68.8","40","185","6.3","2.多巴胺剂量≤5ug/kg/min或使用任意剂量的多巴酚丁胺",15,"1.肌酐110-170","0.36-38.4",38.3,"0.70-109",79,"2.110-139或55-69",132,"1.25-34或10-11",28,NA,50,32,91.2,"1.7.5-7.59",7.56,"0.130-149",139,"2.2.5-2.9",2.7,"0.未手术",NA
"PHYY_005",9,"10",9,"10",21,21,"1.IMV",73.6,100,153,16,"4.多巴胺＞15或去甲＞0.1或肾上腺素＞0.1",15,"1.肌酐110-170","1.IMV","102","40","28","31","3.多巴胺＞5或肾上腺素≤0.1或去甲≤0.1",15,"1.肌酐110-170","0.36-38.4",38.2,"2.110-129或50-69",64,"2.110-139或55-69",125,"0.12-24",23,NA,100,36.3,73.6,"2.7.25-7.32",7.26,"0.130-149",133,"0.3.5-5.4",5.3,"0.未手术",NA
"PHYY_006",7,"NA",7,"NA",16,16,"3.HFNC",76.8,80,107,11,"0.MAP大于70",15,"2.肌酐171-299",NA,NA,NA,NA,NA,NA,NA,NA,"0.36-38.4",37.7,"3.130-159",145,"3.140-179或40-54",141,"1.25-34或10-11",34,NA,80,76,76.8,"1.7.5-7.59",7.52,"0.130-149",135,"0.3.5-5.4",4,"0.未手术",NA
"PHYY_007",7,"7",7,"7",23,23,"3.HFNC",51,46,255,13.3,"2.多巴胺剂量≤5ug/kg/min或使用任意剂量的多巴酚丁胺",15,"2.肌酐171-299","1.IMV","88","30","133","12.3","2.多巴胺剂量≤5ug/kg/min或使用任意剂量的多巴酚丁胺",15,"2.肌酐171-299","0.36-38.4",38.2,"2.110-129或50-69",66,"0.70-109",103,"0.12-24",19,51,NA,NA,NA,"3.7.6-7.69或7.15-7.24",7.63,"0.130-149",138,"2.2.5-2.9",2.8,"0.未手术",NA
"PHYY_008",2,"1",2,"1",10,10,"3.HFNC",86.9,30,165,9.7,"0.MAP大于70",15,"0.肌酐＜110","2.NIMV","101","31","305","9.6","0.MAP大于70",15,"0.肌酐＜110","1.38.5-38.9或34-35.9",38.6,"0.70-109",98,"0.70-109",80,"3.35-49",36,86.9,NA,NA,NA,"0.7.33-7.49",7.49,"2.155-159或120-129",128,"1.5.5-5.9或3-3.4",3,"0.未手术",NA
"PHYY_009",6,"3",6,"3",13,13,"3.HFNC",60.5,67,191,34.9,"0.MAP大于70",15,"0.肌酐＜110","3.HFNC","76","47","164","7.4","0.MAP大于70",15,"0.肌酐＜110","1.38.5-38.9或34-35.9",38.7,"0.70-109",75,"2.110-139或55-69",118,"1.25-34或10-11",33,NA,67,28.9,43.4,"0.7.33-7.49",7.47,"0.130-149",133,"1.5.5-5.9或3-3.4",3.1,"0.未手术",NA
"PHYY_010",5,"9",5,"5",19,19,"1.IMV",75,50,211,12.3,"2.多巴胺剂量≤5ug/kg/min或使用任意剂量的多巴酚丁胺",15,"0.肌酐＜110","1.IMV","69","30","239","14.7","3.多巴胺＞5或肾上腺素≤0.1或去甲≤0.1",3,"0.肌酐＜110","0.36-38.4",38.1,"2.110-129或50-69",66,"0.70-109",89,"1.25-34或10-11",27,NA,50,42.4,75,"2.7.25-7.32",7.3,"0.130-149",141,"2.2.5-2.9",2.8,"0.未手术",NA
"PHYY_011",3,"3",3,"3",10,10,"3.HFNC",62,50,383,7.9,"0.MAP大于70",15,"0.肌酐＜110","3.HFNC","56","33","460","10.199999999999999","0.MAP大于70",15,"0.肌酐＜110","1.38.5-38.9或34-35.9",38.7,"2.110-129或50-69",115,"0.70-109",88,"1.25-34或10-11",33,NA,50,43,62,"0.7.33-7.49",7.48,"0.130-149",141,"1.5.5-5.9或3-3.4",3.2,"0.未手术",NA
"PHYY_013",4,"NA",4,"NA",8,8,"3.HFNC",69,50,173,12.2,"0.MAP大于70",15,"1.肌酐110-170",NA,NA,NA,NA,NA,NA,NA,NA,"0.36-38.4",38.1,"0.70-109",95,"0.70-109",85,"1.25-34或10-11",31,NA,50,31.6,54.2,"0.7.33-7.49",7.47,"0.130-149",133,"0.3.5-5.4",3.8,"0.未手术",NA
"PHYY_014",6,"4",6,"4",15,15,"1.IMV",99.4,45,297,7.1,"0.MAP大于70",15,"4.肌酐大于440或尿量<200/天","1.IMV","99.7","30","306","6.9","0.MAP大于70",15,"3.肌酐300-440或尿量<500/天","0.36-38.4",37.5,"0.70-109",75,"0.70-109",72,"1.25-34或10-11",26,NA,50,33.1,99.6,"0.7.33-7.49",7.41,"0.130-149",142,"0.3.5-5.4",4.2,"0.未手术",NA
"PHYY_015",6,"5",5,"4",16,14,"1.IMV",94,50,144,12.8,"0.MAP大于70",13,"1.肌酐110-170","1.IMV","90","35","130","9.3000000000000007","0.MAP大于70",13,"1.肌酐110-170","0.36-38.4",37.9,"0.70-109",85,"2.110-139或55-69",55,"0.12-24",21,NA,50,47,94,"0.7.33-7.49",7.34,"0.130-149",142,"0.3.5-5.4",4.1,"0.未手术",NA
"PHYY_016",16,"22",13,"18",37,30,"1.IMV",79,100,92,7.7,"3.多巴胺＞5或肾上腺素≤0.1或去甲≤0.1",8,"4.肌酐大于440或尿量<200/天","1.IMV","57.7","100","15","45","4.多巴胺＞15或去甲＞0.1或肾上腺素＞0.1",3,"4.肌酐大于440或尿量<200/天","1.38.5-38.9或34-35.9",35.7,"4.≥160或≤49",30,"4.≥180或≤39",20,"1.25-34或10-11",25,NA,100,48.7,79.7,"4.≥7.7或＜7.15",6.95,"0.130-149",146,"1.5.5-5.9或3-3.4",5.7,"0.未手术",NA
"PHYY_017",7,"NA",6,"NA",15,13,"1.IMV",91,45,142,14.7,"2.多巴胺剂量≤5ug/kg/min或使用任意剂量的多巴酚丁胺",13,"1.肌酐110-170",NA,NA,NA,NA,NA,NA,NA,NA,"0.36-38.4",38.3,"0.70-109",75,"2.110-139或55-69",115,"1.25-34或10-11",30,91,NA,NA,NA,"0.7.33-7.49",7.43,"0.130-149",145,"0.3.5-5.4",4.2,"1.择期手术",NA
"PHYY_018",16,"NA",12,"NA",36,24,"1.IMV",77,60,109,8.3,"4.多巴胺＞15或去甲＞0.1或肾上腺素＞0.1",3,"4.肌酐大于440或尿量<200/天",NA,NA,NA,NA,NA,NA,NA,NA,"1.38.5-38.9或34-35.9",38.8,"2.110-129或50-69",55,"0.70-109",89,"1.25-34或10-11",27,NA,60,32,77,"0.7.33-7.49",7.37,"2.155-159或120-129",156,"0.3.5-5.4",3.5,"0.未手术",NA
"PHYY_019",7,"7",7,"7",13,13,"1.IMV",63,100,187,3.2,"3.多巴胺＞5或肾上腺素≤0.1或去甲≤0.1",15,"0.肌酐＜110","1.IMV","74","80","160","8.4","3.多巴胺＞5或肾上腺素≤0.1或去甲≤0.1",15,"0.肌酐＜110","0.36-38.4",38.1,"2.110-129或50-69",67,"0.70-109",88,"0.12-24",24,NA,100,50.3,63.1,"0.7.33-7.49",7.45,"1.150-154",153,"0.3.5-5.4",4.5,"0.未手术",NA
"PHYY_020",8,"NA",8,"NA",14,14,"3.HFNC",62,33,192,18.2,"3.多巴胺＞5或肾上腺素≤0.1或去甲≤0.1",15,"2.肌酐171-299",NA,NA,NA,NA,NA,NA,NA,NA,"0.36-38.4",37.2,"2.110-129或50-69",66,"0.70-109",100,"1.25-34或10-11",27,60.8,NA,NA,NA,"0.7.33-7.49",7.45,"0.130-149",133,"0.3.5-5.4",3.8,"0.未手术",NA
"PHYY_021",10,"10",6,"6",23,11,"1.IMV",72,60,181,16,"3.多巴胺＞5或肾上腺素≤0.1或去甲≤0.1",3,"0.肌酐＜110","1.IMV","62","60","181","16","3.多巴胺＞5或肾上腺素≤0.1或去甲≤0.1",3,"0.肌酐＜110","0.36-38.4",37.1,"0.70-109",77,"0.70-109",88,"0.12-24",16,NA,60,56.7,72.5,"0.7.33-7.49",7.36,"0.130-149",145,"0.3.5-5.4",3.8,"0.未手术",NA
"PHYY_022",15,"15",11,"11",31,19,"1.IMV",97,60,86,17,"3.多巴胺＞5或肾上腺素≤0.1或去甲≤0.1",3,"3.肌酐300-440或尿量<500/天","1.IMV","74","40","52","19.600000000000001","2.多巴胺剂量≤5ug/kg/min或使用任意剂量的多巴酚丁胺",4,"3.肌酐300-440或尿量<500/天","3.39-40.9或30-31.9",39.9,"2.110-129或50-69",65,"0.70-109",90,"0.12-24",23,NA,60,35,97,"0.7.33-7.49",7.41,"0.130-149",143,"1.5.5-5.9或3-3.4",3.1,"2.急诊手术",NA
"TZEZ_001",6,"5",6,"5",21,21,"1.IMV",79,100,250,39.1,"0.MAP大于70",15,"0.肌酐＜110","1.IMV","117","40","133","15.2","2.多巴胺剂量≤5ug/kg/min或使用任意剂量的多巴酚丁胺",15,"0.肌酐＜110","0.36-38.4",37.6,"3.130-159",137,"2.110-139或55-69",130,"1.25-34或10-11",25,NA,100,37,79,"3.7.6-7.69或7.15-7.24",7.16,"0.130-149",133,"2.2.5-2.9",2.94,"0.未手术",NA
"TZEZ_002",4,"5",4,"5",11,11,"3.HFNC",65,60,128,15,"0.MAP大于70",15,"0.肌酐＜110","3.HFNC","83","60","143","11.3","0.MAP大于70",15,"1.肌酐110-170","0.36-38.4",36.9,"0.70-109",87,"2.110-139或55-69",58,"0.12-24",21,NA,60,31,65,"0.7.33-7.49",7.45,"0.130-149",145,"1.5.5-5.9或3-3.4",3.2,"0.未手术",NA
"TZEZ_003",4,"4",4,"4",13,13,"1.IMV",66,100,286,10.4,"0.MAP大于70",15,"0.肌酐＜110","1.IMV","60","50","250","4.5999999999999996","0.MAP大于70",15,"1.肌酐110-170","0.36-38.4",36.6,"0.70-109",92,"0.70-109",105,"1.25-34或10-11",26,NA,100,42,66,"0.7.33-7.49",7.42,"0.130-149",140,"2.2.5-2.9",2.69,"0.未手术",NA
"TZEZ_004",4,"4",1,"1",12,5,"1.IMV",127,40,183,6.3,"0.MAP大于70",8,"0.肌酐＜110","1.IMV","148","40","241","6.2","0.MAP大于70",7,"0.肌酐＜110","0.36-38.4",37.9,"0.70-109",78,"2.110-139或55-69",120,"0.12-24",12,127,NA,NA,NA,"0.7.33-7.49",7.48,"0.130-149",141,"0.3.5-5.4",3.52,"0.未手术",NA
"TZEZ_005",6,"4",6,"4",7,7,"1.IMV",66,60,146,65.8,"0.MAP大于70",15,"0.肌酐＜110","1.IMV","75","50","135","12.2","0.MAP大于70",15,"0.肌酐＜110","0.36-38.4",37,"0.70-109",83,"0.70-109",73,"0.12-24",18,NA,60,43,66,"0.7.33-7.49",7.33,"0.130-149",138,"0.3.5-5.4",4.1,"0.未手术",NA
"TZEZ_006",4,"3",4,"3",11,11,"1.IMV",70,60,309,27,"0.MAP大于70",15,"0.肌酐＜110","1.IMV","78","40","310","13.6","0.MAP大于70",15,"0.肌酐＜110","1.38.5-38.9或34-35.9",38.9,"0.70-109",76,"2.110-139或55-69",55,"1.25-34或10-11",25,NA,60,51,70,"0.7.33-7.49",7.4,"0.130-149",138,"1.5.5-5.9或3-3.4",3.44,"0.未手术",NA
"TZEZ_007",11,"14",11,"14",17,17,"1.IMV",42,100,29,29.3,"2.多巴胺剂量≤5ug/kg/min或使用任意剂量的多巴酚丁胺",15,"1.肌酐110-170","1.IMV","88","40","15","118","3.多巴胺＞5或肾上腺素≤0.1或去甲≤0.1",15,"2.肌酐171-299","0.36-38.4",38,"0.70-109",78,"2.110-139或55-69",129,"0.12-24",12,NA,100,43,42,"0.7.33-7.49",7.34,"0.130-149",137,"0.3.5-5.4",4.45,"0.未手术",NA
"TZEZ_008",5,"4",2,"1",16,9,"1.IMV",130,50,246,12.3,"0.MAP大于70",8,"0.肌酐＜110","1.IMV","144","40","224","12.1","0.MAP大于70",8,"0.肌酐＜110","0.36-38.4",36.9,"2.110-129或50-69",64,"3.140-179或40-54",49,"0.12-24",17,NA,50,44,130,"2.7.25-7.32",7.29,"0.130-149",140,"2.2.5-2.9",2.83,"0.未手术",NA
"TZEZ_009",6,"4",3,"1",13,6,"1.IMV",89,40,229,16.5,"0.MAP大于70",8,"1.肌酐110-170","4.鼻导管","87","21","116","18.100000000000001","0.MAP大于70",8,"0.肌酐＜110","1.38.5-38.9或34-35.9",35.6,"0.70-109",77,"0.70-109",108,"1.25-34或10-11",28,89,NA,NA,NA,"2.7.25-7.32",7.25,"0.130-149",149,"1.5.5-5.9或3-3.4",3.38,"0.未手术",NA
"TZEZ_011",6,"12",3,"9",21,15,"1.IMV",88,40,107,14.2,"0.MAP大于70",9,"0.肌酐＜110","1.IMV","85","60","96","9.1","3.多巴胺＞5或肾上腺素≤0.1或去甲≤0.1",9,"1.肌酐110-170","1.38.5-38.9或34-35.9",38.9,"0.70-109",77,"3.140-179或40-54",141,"1.25-34或10-11",31,88,NA,NA,NA,"2.7.25-7.32",7.25,"0.130-149",135,"1.5.5-5.9或3-3.4",3.47,"1.择期手术",NA
"TZEZ_012",7,"5",7,"5",12,12,"5.文丘里",70,40,156,16.9,"3.多巴胺＞5或肾上腺素≤0.1或去甲≤0.1",15,"1.肌酐110-170","4.鼻导管","94","75","249","79","0.MAP大于70",15,"0.肌酐＜110","0.36-38.4",36.8,"3.130-159",130,"2.110-139或55-69",113,"1.25-34或10-11",25,70,NA,NA,NA,"0.7.33-7.49",7.41,"0.130-149",142.3,"0.3.5-5.4",4.38,"0.未手术",NA
"TZEZ_013",3,"3",3,"3",7,7,"1.IMV",85,50,320,4.2,"0.MAP大于70",15,"0.肌酐＜110","1.IMV","85","50","320","4.2","0.MAP大于70",15,"0.肌酐＜110","0.36-38.4",36.5,"0.70-109",96,"0.70-109",96,"0.12-24",16,NA,50,67,85,"3.7.6-7.69或7.15-7.24",7.15,"0.130-149",144.8,"2.2.5-2.9",2.99,"0.未手术",NA
"TZEZ_014",11,"10",8,"7",26,18,"1.IMV",60,100,123,13.5,"3.多巴胺＞5或肾上腺素≤0.1或去甲≤0.1",7,"0.肌酐＜110","1.IMV","69","80","174","11","3.多巴胺＞5或肾上腺素≤0.1或去甲≤0.1",9,"0.肌酐＜110","0.36-38.4",38,"2.110-129或50-69",62,"2.110-139或55-69",130,"0.12-24",22,NA,100,120,60,"3.7.6-7.69或7.15-7.24",7.23,"0.130-149",132.4,"0.3.5-5.4",4.03,"0.未手术",NA
"TZEZ_015",10,"7",10,"7",16,16,"3.HFNC",72,60,80,15.5,"4.多巴胺＞15或去甲＞0.1或肾上腺素＞0.1",15,"1.肌酐110-170","2.NIMV","55","80","44","14.5","0.MAP大于70",15,"0.肌酐＜110","3.39-40.9或30-31.9",39.2,"2.110-129或50-69",68,"2.110-139或55-69",122,"1.25-34或10-11",34,NA,60,26,72,"0.7.33-7.49",7.44,"0.130-149",141,"0.3.5-5.4",3.53,"1.择期手术",NA
"TZEZ_016",11,"11",8,"8",25,18,"1.IMV",69,100,221,13.6,"4.多巴胺＞15或去甲＞0.1或肾上腺素＞0.1",8,"0.肌酐＜110","1.IMV","63","65","203","10.7","3.多巴胺＞5或肾上腺素≤0.1或去甲≤0.1",8,"1.肌酐110-170","0.36-38.4",38,"2.110-129或50-69",115,"2.110-139或55-69",120,"3.35-49",40,NA,100,44,69,"0.7.33-7.49",7.35,"0.130-149",142,"0.3.5-5.4",4.18,"0.未手术",NA
"TZEZ_017",11,"NA",11,"NA",21,21,"1.IMV",128,80,29,26.5,"4.多巴胺＞15或去甲＞0.1或肾上腺素＞0.1",15,"0.肌酐＜110",NA,NA,NA,NA,NA,NA,NA,NA,"0.36-38.4",37.8,"4.≥160或≤49",48,"2.110-139或55-69",127,"1.25-34或10-11",29,NA,80,37,128,"0.7.33-7.49",7.39,"2.155-159或120-129",128,"1.5.5-5.9或3-3.4",3.4,"0.未手术",NA
"TZEZ_018",12,"10",8,"6",25,14,"1.IMV",83,40,112,12.3,"4.多巴胺＞15或去甲＞0.1或肾上腺素＞0.1",4,"1.肌酐110-170","1.IMV","89","40","97","9.1","1.MAP小于70（未使用血管活性药物）",4,"1.肌酐110-170","0.36-38.4",36.8,"2.110-129或50-69",52,"3.140-179或40-54",51,"0.12-24",15,83,NA,NA,NA,"0.7.33-7.49",7.43,"1.150-154",150,"0.3.5-5.4",4.05,"0.未手术",NA
"WZZX_001",17,"NA",13,"NA",44,32,"1.IMV",57.75,100,111,11.2,"4.多巴胺＞15或去甲＞0.1或肾上腺素＞0.1",3,"4.肌酐大于440或尿量<200/天",NA,NA,NA,NA,NA,NA,NA,NA,"2.32-33.9",32.2,"2.110-129或50-69",68,"2.110-139或55-69",116,"0.12-24",18,NA,100,21.225,57.75,"3.7.6-7.69或7.15-7.24",7.24,"2.155-159或120-129",129,"4.≥7或＜2.5",2.2,"0.未手术",NA
"WZZX_002",17,"19",13,"15",38,26,"1.IMV",63,100,96,46.2,"4.多巴胺＞15或去甲＞0.1或肾上腺素＞0.1",3,"1.肌酐110-170","1.IMV","72","100","45","47.5","4.多巴胺＞15或去甲＞0.1或肾上腺素＞0.1",3,"2.肌酐171-299","2.32-33.9",33,"0.70-109",76,"2.110-139或55-69",60,"0.12-24",12,NA,100,32,63,"3.7.6-7.69或7.15-7.24",7.18,"0.130-149",134,"1.5.5-5.9或3-3.4",3.1,"1.择期手术",NA
"WZZX_003",12,"7",8,"4",21,10,"1.IMV",82.5,45,177,22,"3.多巴胺＞5或肾上腺素≤0.1或去甲≤0.1",4,"1.肌酐110-170","1.IMV","83.25","60","300","30.6","0.MAP大于70",8,"0.肌酐＜110","0.36-38.4",36.2,"0.70-109",79,"2.110-139或55-69",119,"1.25-34或10-11",30,82.5,NA,NA,NA,"0.7.33-7.49",7.35,"0.130-149",140,"0.3.5-5.4",3.9,"2.急诊手术",NA
"WZZX_004",15,"NA",11,"NA",42,30,"1.IMV",56.25,100,103,24.8,"4.多巴胺＞15或去甲＞0.1或肾上腺素＞0.1",3,"1.肌酐110-170",NA,NA,NA,NA,NA,NA,NA,NA,"3.39-40.9或30-31.9",40.1,"2.110-129或50-69",63,"4.≥180或≤39",180,"1.25-34或10-11",31,NA,100,56.25,45.6,"3.7.6-7.69或7.15-7.24",7.16,"0.130-149",141,"1.5.5-5.9或3-3.4",3.3,"0.未手术",NA
"WZZX_005",13,"15",9,"11",28,16,"1.IMV",112.5,50,76,16.3,"4.多巴胺＞15或去甲＞0.1或肾上腺素＞0.1",3,"1.肌酐110-170","1.IMV","65.25","60","34","27.5","4.多巴胺＞15或去甲＞0.1或肾上腺素＞0.1",3,"0.肌酐＜110","0.36-38.4",37.9,"2.110-129或50-69",66,"3.140-179或40-54",156,"1.25-34或10-11",26,NA,50,42,112.5,"2.7.25-7.32",7.29,"0.130-149",143,"0.3.5-5.4",3.5,"2.急诊手术",NA
"WZZX_006",8,"7",4,"3",24,13,"1.IMV",68.25,50,197,13.3,"0.MAP大于70",4,"1.肌酐110-170","1.IMV","88.5","40","164","9.9","0.MAP大于70",3,"1.肌酐110-170","1.38.5-38.9或34-35.9",35.8,"3.130-159",139,"2.110-139或55-69",69,"0.12-24",15,NA,50,40.05,68.25,"0.7.33-7.49",7.37,"0.130-149",142.7,"0.3.5-5.4",4.1,"2.急诊手术",NA
"WZZX_007",15,"13",11,"9",30,19,"1.IMV",100.5,90,83,9.6,"4.多巴胺＞15或去甲＞0.1或肾上腺素＞0.1",4,"2.肌酐171-299","1.IMV","85.5","90","52","17.100000000000001","1.MAP小于70（未使用血管活性药物）",5,"2.肌酐171-299","0.36-38.4",37.5,"2.110-129或50-69",121,"0.70-109",104,"0.12-24",16,NA,90,31.875,100.5,"0.7.33-7.49",7.35,"2.155-159或120-129",156,"1.5.5-5.9或3-3.4",3.3,"2.急诊手术",NA
"WZZX_008",14,"8",10,"4",31,19,"1.IMV",153.75,40,97,12.9,"3.多巴胺＞5或肾上腺素≤0.1或去甲≤0.1",3,"4.肌酐大于440或尿量<200/天","1.IMV","151.5","30","133","11.9","3.多巴胺＞5或肾上腺素≤0.1或去甲≤0.1",4,"0.肌酐＜110","2.32-33.9",33.8,"2.110-129或50-69",124,"3.140-179或40-54",151,"0.12-24",17,153.75,NA,NA,NA,"1.7.5-7.59",7.51,"0.130-149",141,"2.2.5-2.9",2.9,"0.未手术",NA
"WZZX_009",7,"6",3,"2",17,7,"1.IMV",71.25,40,259,16.4,"0.MAP大于70",5,"0.肌酐＜110","4.鼻导管","95.25","41","307","16.600000000000001","0.MAP大于70",5,"0.肌酐＜110","0.36-38.4",37.9,"2.110-129或50-69",120,"0.70-109",109,"1.25-34或10-11",28,71.25,NA,NA,NA,"2.7.25-7.32",7.28,"0.130-149",141,"0.3.5-5.4",4.01,"2.急诊手术",NA
"WZZX_010",15,"7",11,"4",36,24,"1.IMV",42,50,288,80.5,"4.多巴胺＞15或去甲＞0.1或肾上腺素＞0.1",3,"1.肌酐110-170","1.IMV","72.2","45","171","24.9","0.MAP大于70",7,"0.肌酐＜110","0.36-38.4",38.3,"0.70-109",100,"2.110-139或55-69",125,"0.12-24",23,42,NA,NA,NA,"0.7.33-7.49",7.42,"1.150-154",154,"0.3.5-5.4",3.9,"0.未手术",NA
"WZZX_011",11,"8",7,"4",27,15,"1.IMV",54,100,195,15,"3.多巴胺＞5或肾上腺素≤0.1或去甲≤0.1",3,"0.肌酐＜110","1.IMV","78","40","141","12.7","0.MAP大于70",3,"0.肌酐＜110","1.38.5-38.9或34-35.9",34.5,"0.70-109",86,"0.70-109",103,"1.25-34或10-11",32,NA,100,35.55,54,"4.≥7.7或＜7.15",7.05,"0.130-149",146.1,"2.2.5-2.9",2.88,"0.未手术",NA
"WZZX_012",11,"5",7,"3",31,19,"1.IMV",63.675,55,195,10.2,"4.多巴胺＞15或去甲＞0.1或肾上腺素＞0.1",3,"0.肌酐＜110","3.HFNC","81","45","192","13.2","0.MAP大于70",12,"0.肌酐＜110","1.38.5-38.9或34-35.9",35.8,"0.70-109",72,"2.110-139或55-69",119,"0.12-24",22,NA,55,53.925,63.675,"4.≥7.7或＜7.15",6.94,"0.130-149",138,"1.5.5-5.9或3-3.4",3.4,"0.未手术",NA
"WZZX_013",14,"2",10,"2",38,26,"1.IMV",51.75,100,200,9.5,"4.多巴胺＞15或去甲＞0.1或肾上腺素＞0.1",3,"2.肌酐171-299","4.鼻导管","136.5","29","127","10.7","0.MAP大于70",15,"1.肌酐110-170","0.36-38.4",38.1,"0.70-109",73,"3.140-179或40-54",140,"1.25-34或10-11",11,NA,100,49.875,51.75,"3.7.6-7.69或7.15-7.24",7.15,"0.130-149",148,"1.5.5-5.9或3-3.4",3.4,"0.未手术",NA
"WZZX_014",7,"6",3,"3",24,14,"1.IMV",70.5,40,156,6.6,"0.MAP大于70",5,"0.肌酐＜110","1.IMV","76.5","40","151","8.5","0.MAP大于70",8,"0.肌酐＜110","1.38.5-38.9或34-35.9",35.4,"2.110-129或50-69",67,"2.110-139或55-69",61,"0.12-24",24,70.5,NA,NA,NA,"3.7.6-7.69或7.15-7.24",7.22,"2.155-159或120-129",128,"0.3.5-5.4",3.9,"0.未手术",NA
"WZZX_015",9,"10",6,"7",21,13,"1.IMV",132.75,35,117,13.2,"4.多巴胺＞15或去甲＞0.1或肾上腺素＞0.1",7,"0.肌酐＜110","1.IMV","90.75","35","62","11.5","3.多巴胺＞5或肾上腺素≤0.1或去甲≤0.1",9,"0.肌酐＜110","1.38.5-38.9或34-35.9",35.4,"2.110-129或50-69",64,"2.110-139或55-69",118,"0.12-24",16,132.75,NA,NA,NA,"2.7.25-7.32",7.3,"0.130-149",137,"0.3.5-5.4",3.9,"0.未手术",NA
"WZZX_016",13,"18",9,"14",40,28,"1.IMV",94.5,55,267,5,"4.多巴胺＞15或去甲＞0.1或肾上腺素＞0.1",3,"2.肌酐171-299","1.IMV","105.75","65","13","47.6","4.多巴胺＞15或去甲＞0.1或肾上腺素＞0.1",3,"1.肌酐110-170","1.38.5-38.9或34-35.9",34.5,"2.110-129或50-69",58,"3.140-179或40-54",162,"1.25-34或10-11",25,NA,50,21.75,94.5,"2.7.25-7.32",7.31,"0.130-149",143,"0.3.5-5.4",4.5,"1.择期手术",NA
"WZZX_017",17,"11",13,"8",23,13,"1.IMV",82.5,60,35,78.2,"4.多巴胺＞15或去甲＞0.1或肾上腺素＞0.1",5,"1.肌酐110-170","1.IMV","112.5","40","47","122.6","0.MAP大于70",9,"0.肌酐＜110","0.36-38.4",36.5,"2.110-129或50-69",64,"0.70-109",100,"0.12-24",23,NA,60,47.1,82.5,"0.7.33-7.49",7.34,"2.155-159或120-129",124,"0.3.5-5.4",4.6,"0.未手术",NA
"WZZX_018",6,"5",3,"3",17,11,"1.IMV",78.75,55,273,15.2,"0.MAP大于70",9,"0.肌酐＜110","1.IMV","67.5","50","280","8.5","0.MAP大于70",10,"0.肌酐＜110","0.36-38.4",36.3,"0.70-109",106,"2.110-139或55-69",60,"0.12-24",21,NA,55,30.025,78.75,"2.7.25-7.32",7.31,"0.130-149",140,"0.3.5-5.4",3.7,"0.未手术",NA
"WZZX_019",13,"9",11,"8",28,25,"2.NIMV",60.75,34,62,12.7,"4.多巴胺＞15或去甲＞0.1或肾上腺素＞0.1",12,"2.肌酐171-299","1.IMV","48.75","40","45","18.100000000000001","0.MAP大于70",13,"2.肌酐171-299","0.36-38.4",36.4,"2.110-129或50-69",64,"2.110-139或55-69",131,"3.35-49",35,NA,55,33.9,60.75,"2.7.25-7.32",7.27,"0.130-149",137,"0.3.5-5.4",3.7,"0.未手术",NA
"LSRM_001",15,"15",11,"11",32,20,"1.IMV",80,90,92,30.7,"3.多巴胺＞5或肾上腺素≤0.1或去甲≤0.1",3,"1.肌酐110-170","1.IMV","90","65","96","46.3","4.多巴胺＞15或去甲＞0.1或肾上腺素＞0.1",3,"0.肌酐＜110","1.38.5-38.9或34-35.9",38.5,"0.70-109",104,"2.110-139或55-69",120,"0.12-24",16,NA,90,46.5,80.4,"0.7.33-7.49",7.418,"1.150-154",150.5,"2.2.5-2.9",2.94,"2.急诊手术",NA
"LSRM_002",10,"4",6,"2",27,15,"1.IMV",128.4,40,159,16,"4.多巴胺＞15或去甲＞0.1或肾上腺素＞0.1",3,"1.肌酐110-170","1.IMV","133.30000000000001","35","280","7.3","0.MAP大于70",10,"1.肌酐110-170","0.36-38.4",38,"2.110-129或50-69",112,"2.110-139或55-69",127,"0.12-24",22,128.4,NA,NA,NA,"0.7.33-7.49",7.488,"0.130-149",149,"1.5.5-5.9或3-3.4",3.24,"0.未手术",NA
"LSRM_003",10,"7",6,"3",20,8,"1.IMV",92.7,45,118,10.7,"3.多巴胺＞5或肾上腺素≤0.1或去甲≤0.1",3,"0.肌酐＜110","1.IMV","119.1","45","140","10.7","0.MAP大于70",3,"0.肌酐＜110","0.36-38.4",37.6,"0.70-109",94,"0.70-109",76,"0.12-24",15,92.7,NA,NA,NA,"0.7.33-7.49",7.456,"0.130-149",131.5,"0.3.5-5.4",4.02,"0.未手术",NA
"LSRM_004",10,"11",7,"8",27,19,"1.IMV",62.1,80,152,10.1,"3.多巴胺＞5或肾上腺素≤0.1或去甲≤0.1",7,"0.肌酐＜110","1.IMV","92","55","117","3.9","4.多巴胺＞15或去甲＞0.1或肾上腺素＞0.1",7,"0.肌酐＜110","0.36-38.4",37.1,"2.110-129或50-69",64,"2.110-139或55-69",137,"1.25-34或10-11",25,NA,80,44,62.1,"2.7.25-7.32",7.32,"0.130-149",142,"1.5.5-5.9或3-3.4",3.49,"0.未手术",NA
"LSRM_005",14,"15",10,"11",25,13,"1.IMV",159,40,46,47.1,"4.多巴胺＞15或去甲＞0.1或肾上腺素＞0.1",3,"0.肌酐＜110","1.IMV","110.6","60","54","60.9","4.多巴胺＞15或去甲＞0.1或肾上腺素＞0.1",3,"0.肌酐＜110","2.32-33.9",32.9,"2.110-129或50-69",68,"3.140-179或40-54",52,"0.12-24",21,159,NA,NA,NA,"0.7.33-7.49",7.484,"0.130-149",142.5,"0.3.5-5.4",3.88,"0.未手术",NA
"LSRM_006",11,"11",7,"7",33,21,"1.IMV",77.1,45,187,4.5,"4.多巴胺＞15或去甲＞0.1或肾上腺素＞0.1",3,"0.肌酐＜110","1.IMV","63.2","45","112","3","3.多巴胺＞5或肾上腺素≤0.1或去甲≤0.1",3,"0.肌酐＜110","1.38.5-38.9或34-35.9",34.9,"2.110-129或50-69",111,"2.110-139或55-69",115,"0.12-24",22,NA,60,44.1,77.1,"1.7.5-7.59",7.547,"0.130-149",147.5,"4.≥7或＜2.5",2.33,"0.未手术",NA
"LSRM_007",13,"13",9,"9",24,12,"1.IMV",81,50,83,19.8,"3.多巴胺＞5或肾上腺素≤0.1或去甲≤0.1",3,"0.肌酐＜110","1.IMV","79.3","45","83","19.8","3.多巴胺＞5或肾上腺素≤0.1或去甲≤0.1",3,"0.肌酐＜110","1.38.5-38.9或34-35.9",38.8,"2.110-129或50-69",58,"0.70-109",94,"0.12-24",21,NA,50,44,80.8,"0.7.33-7.49",7.451,"1.150-154",152.7,"1.5.5-5.9或3-3.4",3.19,"2.急诊手术",NA
"LSRM_008",7,"8",3,"4",17,5,"1.IMV",70.4,40,159,8.3,"0.MAP大于70",3,"0.肌酐＜110","1.IMV","78.099999999999994","50","196","6.8","1.MAP小于70（未使用血管活性药物）",3,"0.肌酐＜110","0.36-38.4",38.3,"2.110-129或50-69",116,"2.110-139或55-69",121,"0.12-24",16,70.4,NA,NA,NA,"0.7.33-7.49",7.422,"0.130-149",137.1,"1.5.5-5.9或3-3.4",3.27,"0.未手术",NA
"LSRM_009",15,"11",14,"10",22,20,"1.IMV",98.6,45,48,110.3,"4.多巴胺＞15或去甲＞0.1或肾上腺素＞0.1",13,"2.肌酐171-299","4.鼻导管","94.3","33","72","120.6","0.MAP大于70",14,"3.肌酐300-440或尿量<500/天","0.36-38.4",36,"2.110-129或50-69",111,"0.70-109",100,"0.12-24",21,98.6,NA,NA,NA,"0.7.33-7.49",7.335,"0.130-149",133.1,"4.≥7或＜2.5",2.13,"0.未手术",NA
"LSRM_010",11,"NA",7,"NA",25,13,"1.IMV",90,50,114,19,"3.多巴胺＞5或肾上腺素≤0.1或去甲≤0.1",3,"0.肌酐＜110",NA,NA,NA,NA,NA,NA,NA,NA,"0.36-38.4",37.4,"0.70-109",80,"2.110-139或55-69",68,"1.25-34或10-11",11,NA,50,40.3,90,"0.7.33-7.49",7.43,"2.155-159或120-129",155,"1.5.5-5.9或3-3.4",3.2,"2.急诊手术",NA
"LSRM_011",8,"8",4,"4",22,10,"1.IMV",67,45,118,10.8,"0.MAP大于70",3,"0.肌酐＜110","1.IMV","85.2","45","100","10.7","0.MAP大于70",3,"0.肌酐＜110","1.38.5-38.9或34-35.9",38.8,"3.130-159",136,"2.110-139或55-69",67,"0.12-24",15,67,NA,NA,NA,"0.7.33-7.49",7.46,"0.130-149",149,"1.5.5-5.9或3-3.4",3.4,"2.急诊手术",NA
"LSRM_012",9,"8",5,"4",22,10,"1.IMV",90,50,140,22.4,"0.MAP大于70",3,"0.肌酐＜110","1.IMV","100","50","140","22.4","0.MAP大于70",3,"0.肌酐＜110","1.38.5-38.9或34-35.9",38.8,"3.130-159",132,"2.110-139或55-69",60,"2.6-9",8,NA,50,36.5,90,"0.7.33-7.49",7.38,"0.130-149",142,"0.3.5-5.4",4.2,"0.未手术",NA
"SLTD_001",7,"NA",7,"NA",22,22,"1.IMV",106,100,165,7.9,"4.多巴胺＞15或去甲＞0.1或肾上腺素＞0.1",15,"0.肌酐＜110",NA,NA,NA,NA,NA,NA,NA,NA,"0.36-38.4",37.1,"3.130-159",132,"3.140-179或40-54",146,"0.12-24",12,NA,100,51,106,"3.7.6-7.69或7.15-7.24",7.172,"0.130-149",144,"1.5.5-5.9或3-3.4",3.1,"0.未手术",NA
"SLTD_002",9,"7",6,"4",20,11,"1.IMV",110,40,244,13,"4.多巴胺＞15或去甲＞0.1或肾上腺素＞0.1",6,"0.肌酐＜110","1.IMV","125","35","244","8.1","3.多巴胺＞5或肾上腺素≤0.1或去甲≤0.1",8,"0.肌酐＜110","0.36-38.4",37.4,"2.110-129或50-69",60,"2.110-139或55-69",57,"0.12-24",12,110,NA,NA,NA,"0.7.33-7.49",7.436,"0.130-149",140,"0.3.5-5.4",4.1,"0.未手术",NA
"SLTD_003",10,"8",10,"4",16,16,"1.IMV",68,50,99,23,"4.多巴胺＞15或去甲＞0.1或肾上腺素＞0.1",15,"0.肌酐＜110","1.IMV","105","40","78","15.5","0.MAP大于70",3,"0.肌酐＜110","0.36-38.4",37.9,"0.70-109",100,"3.140-179或40-54",156,"0.12-24",15,68,NA,NA,NA,"0.7.33-7.49",7.353,"0.130-149",148,"0.3.5-5.4",3.9,"0.未手术",NA
"SLTD_004",11,"13",11,"9",19,19,"1.IMV",67,100,111,55.7,"4.多巴胺＞15或去甲＞0.1或肾上腺素＞0.1",15,"0.肌酐＜110","1.IMV","117","40","54","60.1","3.多巴胺＞5或肾上腺素≤0.1或去甲≤0.1",3,"0.肌酐＜110","0.36-38.4",37.1,"0.70-109",76,"2.110-139或55-69",111,"1.25-34或10-11",31,NA,100,39,67,"2.7.25-7.32",7.259,"2.155-159或120-129",129,"0.3.5-5.4",3.9,"0.未手术",NA
"SLTD_005",18,"17",14,"13",45,33,"1.IMV",51,100,76,35,"4.多巴胺＞15或去甲＞0.1或肾上腺素＞0.1",3,"2.肌酐171-299","1.IMV","144","60","50","94","4.多巴胺＞15或去甲＞0.1或肾上腺素＞0.1",3,"3.肌酐300-440或尿量<500/天","1.38.5-38.9或34-35.9",35.8,"0.70-109",76,"2.110-139或55-69",113,"1.25-34或10-11",25,NA,100,43,51,"2.7.25-7.32",7.263,"3.160-179或111-119",166,"0.3.5-5.4",3.9,"0.未手术",NA
"SLTD_006",11,"11",7,"7",25,13,"1.IMV",90,50,352,5.8,"4.多巴胺＞15或去甲＞0.1或肾上腺素＞0.1",3,"0.肌酐＜110","1.IMV","80","50","367","5.5","4.多巴胺＞15或去甲＞0.1或肾上腺素＞0.1",3,"0.肌酐＜110","0.36-38.4",36.1,"3.130-159",135,"0.70-109",93,"0.12-24",12,NA,50,32,90,"0.7.33-7.49",7.485,"0.130-149",141,"0.3.5-5.4",3.9,"0.未手术",NA
"SLTD_007",14,"16",10,"12",42,30,"1.IMV",78,60,158,5,"4.多巴胺＞15或去甲＞0.1或肾上腺素＞0.1",3,"3.肌酐300-440或尿量<500/天","1.IMV","68","40","91","10.9","4.多巴胺＞15或去甲＞0.1或肾上腺素＞0.1",3,"3.肌酐300-440或尿量<500/天","1.38.5-38.9或34-35.9",38.8,"2.110-129或50-69",57,"3.140-179或40-54",53,"0.12-24",14,NA,61,63,78,"4.≥7.7或＜7.15",7.063,"1.150-154",154,"3.6-6.9",6.9,"0.未手术",NA
"SLTD_008",14,"17",10,"13",33,21,"1.IMV",58,60,135,12.2,"4.多巴胺＞15或去甲＞0.1或肾上腺素＞0.1",3,"1.肌酐110-170","1.IMV","111","66","97","36.6","4.多巴胺＞15或去甲＞0.1或肾上腺素＞0.1",3,"2.肌酐171-299","3.39-40.9或30-31.9",39.1,"2.110-129或50-69",66,"2.110-139或55-69",134,"1.25-34或10-11",27,NA,60,23,58,"0.7.33-7.49",7.488,"0.130-149",141,"2.2.5-2.9",2.6,"0.未手术",NA
"SLTD_009",6,"10",6,"6",17,17,"1.IMV",89,80,164,36.2,"1.MAP小于70（未使用血管活性药物）",15,"0.肌酐＜110","1.IMV","65","40","173","19.2","3.多巴胺＞5或肾上腺素≤0.1或去甲≤0.1",3,"0.肌酐＜110","3.39-40.9或30-31.9",39.5,"2.110-129或50-69",128,"0.70-109",94,"0.12-24",17,NA,80,29,89,"0.7.33-7.49",7.416,"0.130-149",136,"1.5.5-5.9或3-3.4",3.3,"0.未手术",NA
"SLTD_010",12,"18",11,"14",33,31,"1.IMV",81,70,122,24.5,"4.多巴胺＞15或去甲＞0.1或肾上腺素＞0.1",13,"2.肌酐171-299","1.IMV","53","90","91","65.7","4.多巴胺＞15或去甲＞0.1或肾上腺素＞0.1",3,"2.肌酐171-299","3.39-40.9或30-31.9",39,"2.110-129或50-69",60,"3.140-179或40-54",140,"3.35-49",37,NA,70,36,81,"0.7.33-7.49",7.423,"1.150-154",154,"1.5.5-5.9或3-3.4",3.2,"0.未手术",NA
"SLTD_011",13,"NA",9,"NA",34,22,"1.IMV",106,40,341,8.1,"4.多巴胺＞15或去甲＞0.1或肾上腺素＞0.1",3,"3.肌酐300-440或尿量<500/天",NA,NA,NA,NA,NA,NA,NA,NA,"1.38.5-38.9或34-35.9",35.8,"2.110-129或50-69",56,"0.70-109",106,"1.25-34或10-11",26,106,NA,NA,NA,"2.7.25-7.32",7.293,"0.130-149",134,"0.3.5-5.4",4.7,"0.未手术",NA
"SLTD_012",4,"10",4,"6",8,8,"1.IMV",62,40,111,19.3,"0.MAP大于70",15,"0.肌酐＜110","1.IMV","60","40","106","23.8","1.MAP小于70（未使用血管活性药物）",3,"0.肌酐＜110","0.36-38.4",37.4,"2.110-129或50-69",58,"0.70-109",80,"0.12-24",14,62,NA,NA,NA,"0.7.33-7.49",7.43,"0.130-149",144,"2.2.5-2.9",2.8,"2.急诊手术",NA
"LXZY_001",10,"9",8,"6",21,16,"1.IMV",61,40,84,20.1,"1.MAP小于70（未使用血管活性药物）",10,"1.肌酐110-170","1.IMV","83","30","57","6.7","0.MAP大于70",9,"2.肌酐171-299","0.36-38.4",37.5,"0.70-109",76,"2.110-139或55-69",128,"0.12-24",22,61,NA,NA,NA,"3.7.6-7.69或7.15-7.24",7.2,"2.155-159或120-129",129,"1.5.5-5.9或3-3.4",3,"0.未手术",NA
"LXZY_002",16,"NA",12,"NA",41,29,"1.IMV",56,70,54,4.1,"4.多巴胺＞15或去甲＞0.1或肾上腺素＞0.1",3,"2.肌酐171-299",NA,NA,NA,NA,NA,NA,NA,NA,"1.38.5-38.9或34-35.9",34.8,"0.70-109",72,"2.110-139或55-69",134,"0.12-24",20,NA,70,69,56,"4.≥7.7或＜7.15",7.04,"2.155-159或120-129",158,"0.3.5-5.4",3.91,"0.未手术",NA
"LXZY_003",6,"NA",3,"NA",20,11,"1.IMV",90,30,64,11.8,"0.MAP大于70",6,"0.肌酐＜110",NA,NA,NA,NA,NA,NA,NA,NA,"0.36-38.4",36,"0.70-109",79,"0.70-109",88,"0.12-24",22,90,NA,NA,NA,"1.7.5-7.59",7.51,"0.130-149",144,"1.5.5-5.9或3-3.4",3.49,"2.急诊手术",NA
"LXZY_004",6,"4",4,"1",24,19,"1.IMV",53,40,280,32,"0.MAP大于70",10,"0.肌酐＜110","1.IMV","120","40","268","7.6","0.MAP大于70",9,"0.肌酐＜110","0.36-38.4",37.2,"0.70-109",78,"0.70-109",73,"0.12-24",20,53,NA,NA,NA,"4.≥7.7或＜7.15",7.7,"2.155-159或120-129",129,"0.3.5-5.4",3.56,"0.未手术",NA
"LXZY_005",6,"5",3,"2",18,11,"1.IMV",58,40,208,11.8,"0.MAP大于70",8,"0.肌酐＜110","1.IMV","111","40","184","11.1","0.MAP大于70",6,"0.肌酐＜110","0.36-38.4",36.3,"0.70-109",82,"2.110-139或55-69",67,"0.12-24",20,58,NA,NA,NA,"0.7.33-7.49",7.45,"0.130-149",140,"0.3.5-5.4",4.58,"0.未手术",NA
"LXZY_006",13,"11",10,"8",26,19,"1.IMV",74,25,230,43.6,"4.多巴胺＞15或去甲＞0.1或肾上腺素＞0.1",8,"2.肌酐171-299","1.IMV","86","35","104","28.1","4.多巴胺＞15或去甲＞0.1或肾上腺素＞0.1",9,"0.肌酐＜110","0.36-38.4",37.2,"0.70-109",78,"0.70-109",101,"0.12-24",20,74,NA,NA,NA,"4.≥7.7或＜7.15",7.12,"0.130-149",142,"0.3.5-5.4",4.15,"0.未手术",NA
"LXZY_007",14,"16",11,"12",31,22,"1.IMV",62,50,84,4,"4.多巴胺＞15或去甲＞0.1或肾上腺素＞0.1",6,"2.肌酐171-299","1.IMV","43","100","43.8","8.1","4.多巴胺＞15或去甲＞0.1或肾上腺素＞0.1",5,"1.肌酐110-170","0.36-38.4",36.7,"0.70-109",78,"0.70-109",84,"0.12-24",20,NA,50,36,62,"0.7.33-7.49",7.35,"3.160-179或111-119",164,"1.5.5-5.9或3-3.4",3.2,"0.未手术",NA
"LXZY_008",16,"10",13,"7",25,17,"1.IMV",70,55,94,35.6,"4.多巴胺＞15或去甲＞0.1或肾上腺素＞0.1",7,"2.肌酐171-299","1.IMV","69","45","83","15.2","0.MAP大于70",6,"2.肌酐171-299","0.36-38.4",37.6,"0.70-109",86,"0.70-109",104,"0.12-24",23,NA,55,53,70,"0.7.33-7.49",7.46,"1.150-154",152,"0.3.5-5.4",4.63,"0.未手术",NA
"LXZY_009",10,"6",6,"3",21,11,"1.IMV",62,40,247,7.52,"2.多巴胺剂量≤5ug/kg/min或使用任意剂量的多巴酚丁胺",5,"1.肌酐110-170","1.IMV","101","40","199","7.52","0.MAP大于70",9,"1.肌酐110-170","0.36-38.4",37.5,"0.70-109",79,"0.70-109",77,"0.12-24",21,62,NA,NA,NA,"2.7.25-7.32",7.3,"0.130-149",142.7,"1.5.5-5.9或3-3.4",5.63,"0.未手术",NA
"LXZY_010",9,"10",6,"7",19,11,"1.IMV",58,40,256,11.42,"3.多巴胺＞5或肾上腺素≤0.1或去甲≤0.1",7,"0.肌酐＜110","1.IMV","58","40","256","31.12","2.多巴胺剂量≤5ug/kg/min或使用任意剂量的多巴酚丁胺",7,"1.肌酐110-170","0.36-38.4",37.1,"0.70-109",92,"0.70-109",75,"1.25-34或10-11",26,58,NA,NA,NA,"0.7.33-7.49",7.48,"0.130-149",144.4,"0.3.5-5.4",4.46,"0.未手术",NA
"HZSY_001",3,"3",3,"3",11,11,"3.HFNC",64,50,239,9,"0.MAP大于70",15,"0.肌酐＜110","3.HFNC","63","50","231","6.7","0.MAP大于70",15,"0.肌酐＜110","0.36-38.4",36.2,"0.70-109",108,"2.110-139或55-69",62,"0.12-24",23,NA,50,25,64,"1.7.5-7.59",7.51,"0.130-149",134,"0.3.5-5.4",3.6,"0.未手术",NA
"HZSY_002",7,"6",7,"6",22,22,"1.IMV",57.5,40,174,22.8,"3.多巴胺＞5或肾上腺素≤0.1或去甲≤0.1",15,"0.肌酐＜110","1.IMV","139","40","96","10.4","3.多巴胺＞5或肾上腺素≤0.1或去甲≤0.1",15,"0.肌酐＜110","0.36-38.4",36.8,"2.110-129或50-69",63,"3.140-179或40-54",149,"0.12-24",20,57.5,NA,NA,NA,"0.7.33-7.49",7.339,"0.130-149",140,"0.3.5-5.4",4,"0.未手术",NA
"HZSY_003",7,"6",7,"6",18,18,"1.IMV",71.8,50,186,5.7,"0.MAP大于70",15,"4.肌酐大于440或尿量<200/天","1.IMV","107","35","123","5.8","0.MAP大于70",15,"4.肌酐大于440或尿量<200/天","1.38.5-38.9或34-35.9",38.7,"2.110-129或50-69",112,"2.110-139或55-69",133,"0.12-24",20,NA,50,41.6,71.8,"0.7.33-7.49",7.47,"2.155-159或120-129",129,"3.6-6.9",6.89,"0.未手术",NA
"HZSY_004",12,"12",12,"12",10,10,"1.IMV",87.9,45,38,26.3,"2.多巴胺剂量≤5ug/kg/min或使用任意剂量的多巴酚丁胺",15,"3.肌酐300-440或尿量<500/天","1.IMV","99.5","50","29","59.1","2.多巴胺剂量≤5ug/kg/min或使用任意剂量的多巴酚丁胺",15,"2.肌酐171-299","0.36-38.4",36.1,"2.110-129或50-69",63,"0.70-109",109,"0.12-24",14,87.9,NA,NA,NA,"0.7.33-7.49",7.37,"0.130-149",136,"0.3.5-5.4",3.93,"2.急诊手术",NA
"HZSY_005",3,"3",3,"3",9,9,"1.IMV",54.7,50,196,16.2,"0.MAP大于70",15,"0.肌酐＜110","1.IMV","94","40","135","12.3","0.MAP大于70",15,"0.肌酐＜110","1.38.5-38.9或34-35.9",38.6,"2.110-129或50-69",66,"0.70-109",109,"1.25-34或10-11",27,NA,50,47.1,54.7,"0.7.33-7.49",7.34,"0.130-149",133,"0.3.5-5.4",4.01,"0.未手术",NA
"XARM_001",4,"3",4,"3",5,5,"4.鼻导管",61,33,309,22.2,"0.MAP大于70",15,"0.肌酐＜110","3.HFNC","72","50","273","18.100000000000001","0.MAP大于70",15,"0.肌酐＜110","0.36-38.4",36.5,"0.70-109",102,"0.70-109",95,"0.12-24",20,61,NA,NA,NA,"0.7.33-7.49",7.49,"0.130-149",135,"1.5.5-5.9或3-3.4",3.3,"0.未手术",NA
"XARM_002",8,"9",8,"9",15,15,"3.HFNC",59,45,101,10.5,"0.MAP大于70",15,"4.肌酐大于440或尿量<200/天","3.HFNC","64","40","91","8.6999999999999993","0.MAP大于70",15,"4.肌酐大于440或尿量<200/天","0.36-38.4",36.8,"0.70-109",95,"0.70-109",70,"0.12-24",19,59,NA,NA,NA,"0.7.33-7.49",7.38,"0.130-149",135,"0.3.5-5.4",3.66,"0.未手术",NA
"XARM_003",7,"6",4,"3",11,4,"3.HFNC",65,40,288,21.8,"0.MAP大于70",8,"0.肌酐＜110","4.鼻导管","62","40","317","14.7","0.MAP大于70",6,"0.肌酐＜110","1.38.5-38.9或34-35.9",38.5,"0.70-109",99,"0.70-109",78,"0.12-24",20,65,NA,NA,NA,"0.7.33-7.49",7.4,"2.155-159或120-129",126,"0.3.5-5.4",3.53,"0.未手术",NA
"XARM_004",8,"4",6,"2",21,16,"3.HFNC",58,40,181,27.9,"1.MAP小于70（未使用血管活性药物）",10,"1.肌酐110-170","3.HFNC","81","40","171","16.5","0.MAP大于70",10,"0.肌酐＜110","0.36-38.4",36.8,"2.110-129或50-69",54,"0.70-109",92,"0.12-24",20,58,NA,NA,NA,"0.7.33-7.49",7.43,"0.130-149",140,"1.5.5-5.9或3-3.4",3.04,"0.未手术",NA
"XARM_005",3,"3",1,"1",8,3,"1.IMV",160,50,473,8.6,"0.MAP大于70",10,"0.肌酐＜110","1.IMV","116","35","526","7.6","0.MAP大于70",10,"0.肌酐＜110","0.36-38.4",36.7,"0.70-109",106,"0.70-109",86,"0.12-24",20,NA,50,32.8,160,"0.7.33-7.49",7.38,"0.130-149",135,"0.3.5-5.4",4.79,"2.急诊手术",NA
"XARM_006",5,"5",3,"3",11,8,"3.HFNC",77,40,360,18.2,"0.MAP大于70",12,"0.肌酐＜110","3.HFNC","65","40","152","12.7","0.MAP大于70",12,"0.肌酐＜110","0.36-38.4",36.7,"0.70-109",88,"0.70-109",88,"0.12-24",21,77,NA,NA,NA,"2.7.25-7.32",7.26,"0.130-149",136,"0.3.5-5.4",4.27,"0.未手术",NA
"XARM_007",5,"5",5,"5",13,13,"3.HFNC",57,50,67,11.9,"0.MAP大于70",15,"0.肌酐＜110","3.HFNC","77","40","86","13.7","0.MAP大于70",15,"0.肌酐＜110","0.36-38.4",36.2,"0.70-109",82,"2.110-139或55-69",66,"0.12-24",20,NA,50,29,57.6,"0.7.33-7.49",7.46,"0.130-149",132,"0.3.5-5.4",5,"0.未手术",NA
"XARM_008",2,"1",2,"1",5,5,"1.IMV",272,100,186,9.7,"0.MAP大于70",15,"0.肌酐＜110","3.HFNC","137","35","219","9.3000000000000007","0.MAP大于70",15,"0.肌酐＜110","0.36-38.4",36.6,"0.70-109",79,"0.70-109",95,"0.12-24",20,NA,100,71.4,272,"0.7.33-7.49",7.36,"0.130-149",136,"0.3.5-5.4",4.48,"0.未手术",NA
"XARM_009",7,"7",7,"7",16,16,"3.HFNC",48,21,87,58.2,"1.MAP小于70（未使用血管活性药物）",15,"0.肌酐＜110","3.HFNC","48","40","93","25.3","1.MAP小于70（未使用血管活性药物）",15,"0.肌酐＜110","0.36-38.4",37.5,"2.110-129或50-69",64,"2.110-139或55-69",65,"0.12-24",20,48,NA,NA,NA,"2.7.25-7.32",7.32,"0.130-149",132,"0.3.5-5.4",3.83,"0.未手术",NA
"XARM_010",10,"12",6,"8",25,15,"1.IMV",120,40,201,22.4,"4.多巴胺＞15或去甲＞0.1或肾上腺素＞0.1",5,"0.肌酐＜110","1.IMV","101","40","53","21.54","3.多巴胺＞5或肾上腺素≤0.1或去甲≤0.1",5,"0.肌酐＜110","0.36-38.4",36.5,"4.≥160或≤49",47,"2.110-139或55-69",114,"0.12-24",18,120,NA,NA,NA,"1.7.5-7.59",7.5,"0.130-149",133,"1.5.5-5.9或3-3.4",3.38,"0.未手术",NA
"XARM_011",6,"10",3,"6",21,15,"3.HFNC",58,50,290,9.8,"0.MAP大于70",9,"0.肌酐＜110","3.HFNC","107","50","210","11.7","4.多巴胺＞15或去甲＞0.1或肾上腺素＞0.1",4,"0.肌酐＜110","0.36-38.4",36.3,"0.70-109",83,"2.110-139或55-69",68,"0.12-24",20,NA,50,16,58,"1.7.5-7.59",7.5,"2.155-159或120-129",126,"1.5.5-5.9或3-3.4",5.71,"0.未手术",NA
"XARM_012",8,"12",5,"8",27,19,"1.IMV",137,60,241,10.4,"3.多巴胺＞5或肾上腺素≤0.1或去甲≤0.1",7,"0.肌酐＜110","1.IMV","90","60","201","6.7","3.多巴胺＞5或肾上腺素≤0.1或去甲≤0.1",5,"2.肌酐171-299","3.39-40.9或30-31.9",39,"2.110-129或50-69",67,"2.110-139或55-69",116,"0.12-24",23,NA,60,27.7,137,"2.7.25-7.32",7.31,"0.130-149",134,"0.3.5-5.4",4.45,"0.未手术",NA
"XARM_013",11,"NA",7,"NA",31,21,"1.IMV",72,60,252,18.6,"4.多巴胺＞15或去甲＞0.1或肾上腺素＞0.1",5,"0.肌酐＜110",NA,NA,NA,NA,NA,NA,NA,NA,"3.39-40.9或30-31.9",39.3,"0.70-109",87,"3.140-179或40-54",157,"3.35-49",42,NA,60,35.5,72.4,"2.7.25-7.32",7.27,"0.130-149",140,"0.3.5-5.4",4.69,"1.择期手术",NA
"XARM_014",15,"NA",11,"NA",51,39,"2.NIMV",48,50,102,11.5,"3.多巴胺＞5或肾上腺素≤0.1或去甲≤0.1",3,"3.肌酐300-440或尿量<500/天",NA,NA,NA,NA,NA,NA,NA,NA,"0.36-38.4",36.2,"4.≥160或≤49",43,"3.140-179或40-54",43,"4.≥50或≤5",4,48,NA,NA,NA,"4.≥7.7或＜7.15",6.99,"0.130-149",137,"0.3.5-5.4",4.76,"0.未手术",NA
"XARM_015",11,"8",7,"5",36,25,"1.IMV",47,50,195,16.3,"3.多巴胺＞5或肾上腺素≤0.1或去甲≤0.1",4,"0.肌酐＜110","1.IMV","101","60","129","23.6","0.MAP大于70",7,"0.肌酐＜110","0.36-38.4",36,"4.≥160或≤49",38,"4.≥180或≤39",31,"2.6-9",9,NA,50,70,47,"4.≥7.7或＜7.15",7.09,"0.130-149",144,"2.2.5-2.9",2.62,"0.未手术",NA
"XARM_016",11,"9",8,"5",24,15,"1.IMV",59,33,211,15,"2.多巴胺剂量≤5ug/kg/min或使用任意剂量的多巴酚丁胺",6,"3.肌酐300-440或尿量<500/天","1.IMV","83","33","188","17","1.MAP小于70（未使用血管活性药物）",5,"2.肌酐171-299","0.36-38.4",36,"2.110-129或50-69",61,"0.70-109",75,"1.25-34或10-11",29,59,NA,NA,NA,"1.7.5-7.59",7.5,"0.130-149",132,"1.5.5-5.9或3-3.4",5.75,"0.未手术",NA
"XARM_017",3,"4",3,"4",6,6,"3.HFNC",59,45,169,10.9,"0.MAP大于70",15,"0.肌酐＜110","3.HFNC","65","35","229","20.9","0.MAP大于70",15,"0.肌酐＜110","0.36-38.4",36.1,"0.70-109",97,"0.70-109",73,"0.12-24",18,59,NA,NA,NA,"0.7.33-7.49",7.4,"0.130-149",139,"0.3.5-5.4",4.17,"0.未手术",NA
"XARM_018",5,"6",3,"4",14,11,"3.HFNC",48,33,215,14,"0.MAP大于70",12,"0.肌酐＜110","3.HFNC","51","40","372","19.600000000000001","0.MAP大于70",12,"0.肌酐＜110","0.36-38.4",37.4,"0.70-109",107,"0.70-109",99,"0.12-24",24,48,NA,NA,NA,"1.7.5-7.59",7.5,"0.130-149",133,"1.5.5-5.9或3-3.4",3.13,"0.未手术",NA
"XARM_019",3,"2",3,"2",16,16,"3.HFNC",58,40,194,9,"0.MAP大于70",15,"0.肌酐＜110","3.HFNC","107","40","166","10.7","0.MAP大于70",15,"0.肌酐＜110","0.36-38.4",38.1,"0.70-109",94,"3.140-179或40-54",153,"0.12-24",22,58,NA,NA,NA,"0.7.33-7.49",7.45,"0.130-149",139,"0.3.5-5.4",3.51,"0.未手术",NA
"XARM_020",7,"6",5,"4",13,8,"3.HFNC",64,45,128,31.7,"0.MAP大于70",10,"0.肌酐＜110","3.HFNC","137","40","109","32.1","0.MAP大于70",10,"1.肌酐110-170","0.36-38.4",37.8,"0.70-109",96,"0.70-109",98,"0.12-24",19,64,NA,NA,NA,"0.7.33-7.49",7.42,"0.130-149",144,"1.5.5-5.9或3-3.4",3.3,"0.未手术",NA
"XARM_021",3,"4",3,"4",11,11,"3.HFNC",60,35,226,14.7,"0.MAP大于70",15,"0.肌酐＜110","3.HFNC","84","30","258","60.6","0.MAP大于70",15,"0.肌酐＜110","0.36-38.4",36.6,"0.70-109",108,"0.70-109",95,"0.12-24",20,60,NA,NA,NA,"0.7.33-7.49",7.47,"0.130-149",138,"2.2.5-2.9",2.85,"0.未手术",NA
"XARM_022",5,"NA",5,"NA",7,7,"3.HFNC",78,40,233,8.2,"0.MAP大于70",15,"2.肌酐171-299",NA,NA,NA,NA,NA,NA,NA,NA,"0.36-38.4",36.5,"0.70-109",100,"0.70-109",102,"0.12-24",17,78,NA,NA,NA,"0.7.33-7.49",7.45,"0.130-149",143,"0.3.5-5.4",3.56,"0.未手术",NA
"XARM_023",6,"12",4,"8",25,20,"2.NIMV",73,33,176,12.5,"0.MAP大于70",10,"2.肌酐171-299","2.NIMV","129","40","93","31","4.多巴胺＞15或去甲＞0.1或肾上腺素＞0.1",3,"0.肌酐＜110","0.36-38.4",36.4,"0.70-109",87,"2.110-139或55-69",110,"0.12-24",23,73,NA,NA,NA,"2.7.25-7.32",7.28,"2.155-159或120-129",129.9,"0.3.5-5.4",4.89,"0.未手术",NA
"XARM_024",8,"NA",8,"NA",21,21,"3.HFNC",78,60,290,19.8,"0.MAP大于70",15,"4.肌酐大于440或尿量<200/天",NA,NA,NA,NA,NA,NA,NA,NA,"0.36-38.4",36.3,"2.110-129或50-69",129,"0.70-109",105,"0.12-24",24,NA,60,13.5,78.9,"4.≥7.7或＜7.15",7.1,"2.155-159或120-129",127.5,"1.5.5-5.9或3-3.4",5.66,"0.未手术",NA
"XARM_025",3,"3",3,"3",11,11,"3.HFNC",57,40,221,12.6,"0.MAP大于70",15,"0.肌酐＜110","3.HFNC","70","40","210","12.8","0.MAP大于70",15,"0.肌酐＜110","0.36-38.4",36.4,"0.70-109",96,"0.70-109",84,"0.12-24",20,57,NA,NA,NA,"0.7.33-7.49",7.46,"0.130-149",130,"0.3.5-5.4",4.4,"1.择期手术",NA
"XARM_026",4,"3",4,"3",8,8,"3.HFNC",63,27,143,9.4,"0.MAP大于70",15,"1.肌酐110-170","3.HFNC","80","40","111","12.6","0.MAP大于70",15,"0.肌酐＜110","1.38.5-38.9或34-35.9",38.5,"0.70-109",100,"0.70-109",95,"0.12-24",18,63,NA,NA,NA,"0.7.33-7.49",7.47,"0.130-149",135.6,"0.3.5-5.4",4.02,"0.未手术",NA
"XARM_027",6,"5",6,"5",16,16,"3.HFNC",65,40,143,7,"0.MAP大于70",15,"2.肌酐171-299","3.HFNC","144","45","92","5.4","0.MAP大于70",15,"2.肌酐171-299","0.36-38.4",37,"2.110-129或50-69",113,"0.70-109",88,"1.25-34或10-11",26,65,NA,NA,NA,"1.7.5-7.59",7.5,"0.130-149",135,"0.3.5-5.4",4.42,"0.未手术",NA
"XARM_028",9,"9",7,"7",22,17,"2.NIMV",53,40,277,13.5,"0.MAP大于70",10,"4.肌酐大于440或尿量<200/天","3.HFNC","72","45","260","10.7","0.MAP大于70",10,"4.肌酐大于440或尿量<200/天","1.38.5-38.9或34-35.9",38.8,"3.130-159",141,"2.110-139或55-69",124,"0.12-24",23,53,NA,NA,NA,"1.7.5-7.59",7.5,"0.130-149",133,"0.3.5-5.4",4.53,"0.未手术",NA
"XARM_029",10,"4",7,"4",23,14,"1.IMV",93,60,118,10.5,"3.多巴胺＞5或肾上腺素≤0.1或去甲≤0.1",6,"0.肌酐＜110","3.HFNC","116","40","53","17.100000000000001","0.MAP大于70",15,"0.肌酐＜110","0.36-38.4",36.7,"4.≥160或≤49",46,"3.140-179或40-54",150,"2.6-9",7,NA,60,43.7,93,"0.7.33-7.49",7.34,"0.130-149",136,"0.3.5-5.4",4.62,"1.择期手术",NA
"XARM_030",10,"8",8,"8",17,14,"2.NIMV",53,33,130,11.9,"0.MAP大于70",12,"4.肌酐大于440或尿量<200/天","3.HFNC","63","45","106","10.4","0.MAP大于70",15,"4.肌酐大于440或尿量<200/天","3.39-40.9或30-31.9",39.3,"2.110-129或50-69",121,"0.70-109",102,"0.12-24",24,53,NA,NA,NA,"0.7.33-7.49",7.36,"0.130-149",137.3,"0.3.5-5.4",4.79,"0.未手术",NA
"XARM_031",6,"5",3,"3",19,11,"2.NIMV",81,40,216,9.7,"0.MAP大于70",7,"1.肌酐110-170","3.HFNC","75","40","162","13.8","0.MAP大于70",11,"0.肌酐＜110","0.36-38.4",36.6,"0.70-109",81,"0.70-109",82,"0.12-24",23,81,NA,NA,NA,"0.7.33-7.49",7.4,"0.130-149",145,"1.5.5-5.9或3-3.4",3.49,"0.未手术",NA
"XARM_032",12,"NA",9,"NA",39,31,"1.IMV",196,100,177,27.3,"4.多巴胺＞15或去甲＞0.1或肾上腺素＞0.1",7,"1.肌酐110-170",NA,NA,NA,NA,NA,NA,NA,NA,"0.36-38.4",36.8,"4.≥160或≤49",42,"3.140-179或40-54",141,"2.6-9",6,NA,100,24.7,196,"4.≥7.7或＜7.15",7,"0.130-149",140,"3.6-6.9",6.49,"0.未手术",NA
"XARM_033",4,"5",4,"5",11,11,"3.HFNC",59,70,178,7.4,"0.MAP大于70",15,"0.肌酐＜110","3.HFNC","72","37","97","10.5","0.MAP大于70",15,"0.肌酐＜110","0.36-38.4",36.5,"0.70-109",96,"2.110-139或55-69",128,"0.12-24",20,NA,70,40.6,59,"0.7.33-7.49",7.4,"0.130-149",135,"0.3.5-5.4",4,"0.未手术",NA
"XARM_034",8,"9",5,"6",22,16,"3.HFNC",51,60,169,19.6,"0.MAP大于70",9,"0.肌酐＜110","3.HFNC","108","60","102","19.600000000000001","0.MAP大于70",9,"1.肌酐110-170","3.39-40.9或30-31.9",39,"0.70-109",98,"2.110-139或55-69",114,"1.25-34或10-11",28,NA,60,26.1,51,"0.7.33-7.49",7.48,"0.130-149",134.2,"1.5.5-5.9或3-3.4",3.4,"0.未手术",NA
"XARM_035",4,"5",3,"4",14,12,"3.HFNC",54.5,33,267,18.5,"0.MAP大于70",13,"0.肌酐＜110","3.HFNC","64","44","238","6.9","0.MAP大于70",13,"1.肌酐110-170","0.36-38.4",37.9,"0.70-109",80,"2.110-139或55-69",123,"0.12-24",20,54.5,NA,NA,NA,"0.7.33-7.49",7.45,"0.130-149",134,"0.3.5-5.4",4.44,"0.未手术",NA
"HZSY_006",5,"5",2,"2",12,6,"1.IMV",109.6,40,276,12,"0.MAP大于70",9,"0.肌酐＜110","3.HFNC","79.900000000000006","28","214","8.4","0.MAP大于70",9,"0.肌酐＜110","0.36-38.4",38.3,"0.70-109",105,"0.70-109",93,"3.35-49",40,109.6,NA,NA,NA,"0.7.33-7.49",7.48,"0.130-149",142,"0.3.5-5.4",3.95,"2.急诊手术",NA
"HZSY_007",7,"NA",3,"NA",17,7,"1.IMV",75.4,50,165,15.1,"0.MAP大于70",5,"0.肌酐＜110",NA,NA,NA,NA,NA,NA,NA,NA,"0.36-38.4",38.2,"2.110-129或50-69",112,"2.110-139或55-69",57,"0.12-24",19,NA,50,40.9,75.4,"0.7.33-7.49",7.41,"0.130-149",144,"0.3.5-5.4",4.01,"2.急诊手术",NA
"HZSY_008",7,"4",7,"4",10,10,"2.NIMV",50.4,41,81,67.8,"0.MAP大于70",15,"0.肌酐＜110","2.NIMV","80.099999999999994","45","163","20.3","0.MAP大于70",15,"0.肌酐＜110","0.36-38.4",37.4,"0.70-109",80,"0.70-109",109,"1.25-34或10-11",30,50.4,NA,NA,NA,"0.7.33-7.49",7.45,"0.130-149",140,"1.5.5-5.9或3-3.4",3.18,"1.择期手术",NA
"HZSY_009",12,"4",12,"4",28,28,"3.HFNC",75,40,78,20.1,"4.多巴胺＞15或去甲＞0.1或肾上腺素＞0.1",15,"2.肌酐171-299","3.HFNC","107.2","30","28",NA,"0.MAP大于70",15,"0.肌酐＜110","1.38.5-38.9或34-35.9",38.6,"2.110-129或50-69",50,"2.110-139或55-69",136,"3.35-49",42,75,NA,NA,NA,"2.7.25-7.32",7.3,"0.130-149",133,"1.5.5-5.9或3-3.4",3.4,"0.未手术",NA
"HZSY_010",18,"NA",18,"NA",29,29,"1.IMV",78.7,60,11,454.8,"4.多巴胺＞15或去甲＞0.1或肾上腺素＞0.1",15,"3.肌酐300-440或尿量<500/天",NA,NA,NA,NA,NA,NA,NA,NA,"1.38.5-38.9或34-35.9",35.3,"0.70-109",70,"3.140-179或40-54",159,"3.35-49",36,NA,60,76.5,78.7,"3.7.6-7.69或7.15-7.24",7.15,"0.130-149",134,"0.3.5-5.4",4.06,"0.未手术",NA
"HZSY_011",8,"9",8,"7",21,21,"1.IMV",54.8,55,389,7.1,"4.多巴胺＞15或去甲＞0.1或肾上腺素＞0.1",15,"0.肌酐＜110","1.IMV","78","45","336","8.6","4.多巴胺＞15或去甲＞0.1或肾上腺素＞0.1",10,"0.肌酐＜110","0.36-38.4",37.7,"2.110-129或50-69",54,"2.110-139或55-69",69,"3.35-49",36,NA,55,64.2,54.8,"2.7.25-7.32",7.32,"0.130-149",134,"0.3.5-5.4",3.8,"1.择期手术",NA
"HZSY_012",6,"6",6,"6",14,14,"3.HFNC",67,50,30,18.4,"0.MAP大于70",15,"0.肌酐＜110","3.HFNC","76.2","50","20","18.399999999999999","0.MAP大于70",15,"0.肌酐＜110","0.36-38.4",37.7,"0.70-109",77,"0.70-109",98,"1.25-34或10-11",28,NA,50,34,67,"1.7.5-7.59",7.5,"0.130-149",134,"1.5.5-5.9或3-3.4",3.4,"0.未手术",NA
"HZSY_013",2,"4",2,"4",13,13,"1.IMV",81.1,40,173,5.2,"0.MAP大于70",15,"0.肌酐＜110","1.IMV","95","40","175","8.1999999999999993","2.多巴胺剂量≤5ug/kg/min或使用任意剂量的多巴酚丁胺",15,"0.肌酐＜110","0.36-38.4",36,"0.70-109",72,"3.140-179或40-54",47,"0.12-24",15,81.1,NA,NA,NA,"2.7.25-7.32",7.29,"0.130-149",133,"0.3.5-5.4",3.9,"0.未手术",NA
"HZSY_014",9,"5",9,"5",13,13,"1.IMV",79,50,93,29.5,"3.多巴胺＞5或肾上腺素≤0.1或去甲≤0.1",15,"0.肌酐＜110","1.IMV","92.8","40","129","33","0.MAP大于70",15,"0.肌酐＜110","0.36-38.4",37.5,"2.110-129或50-69",113,"2.110-139或55-69",65,"0.12-24",20,NA,50,50,79,"2.7.25-7.32",7.29,"0.130-149",144,"1.5.5-5.9或3-3.4",3.48,"1.择期手术",NA
"HZSY_015",7,"5",7,"5",22,22,"1.IMV",80.4,60,314,6.8,"4.多巴胺＞15或去甲＞0.1或肾上腺素＞0.1",15,"0.肌酐＜110","1.IMV","84","40","196","6.5","3.多巴胺＞5或肾上腺素≤0.1或去甲≤0.1",15,"0.肌酐＜110","0.36-38.4",37.9,"2.110-129或50-69",63,"4.≥180或≤39",193,"3.35-49",35,NA,60,50.9,80.4,"2.7.25-7.32",7.32,"0.130-149",148,"0.3.5-5.4",4.92,"0.未手术",NA
"HZSY_016",4,"NA",4,"NA",13,13,"3.HFNC",67.1,50,128,16.5,"0.MAP大于70",15,"0.肌酐＜110","4.鼻导管",NA,"35","145","9.5","0.MAP大于70",15,"0.肌酐＜110","1.38.5-38.9或34-35.9",38.6,"0.70-109",108,"2.110-139或55-69",113,"1.25-34或10-11",30,NA,50,30.2,67.1,"1.7.5-7.59",7.5,"0.130-149",135,"0.3.5-5.4",4.15,"1.择期手术",NA
"HZSY_017",13,"8",9,"5",22,12,"1.IMV",76.1,50,161,109.5,"3.多巴胺＞5或肾上腺素≤0.1或去甲≤0.1",5,"0.肌酐＜110","1.IMV","88","40","147","39.200000000000003","0.MAP大于70",7,"0.肌酐＜110","0.36-38.4",36.5,"2.110-129或50-69",114,"3.140-179或40-54",50,"0.12-24",20,NA,50,41.7,76.1,"0.7.33-7.49",7.42,"0.130-149",146,"0.3.5-5.4",4.3,"0.未手术",NA
"LXZY_011",14,"10",11,"8",33,25,"1.IMV",68,45,114,18.45,"4.多巴胺＞15或去甲＞0.1或肾上腺素＞0.1",7,"3.肌酐300-440或尿量<500/天","1.IMV","63","60","81","22.58","0.MAP大于70",10,"2.肌酐171-299","1.38.5-38.9或34-35.9",35.4,"0.70-109",99,"2.110-139或55-69",55,"0.12-24",20,68,NA,NA,NA,"1.7.5-7.59",7.58,"0.130-149",149,"0.3.5-5.4",3.7,"0.未手术",NA
"LXZY_012",10,"9",7,"6",22,14,"1.IMV",85,50,279,9,"4.多巴胺＞15或去甲＞0.1或肾上腺素＞0.1",7,"0.肌酐＜110","1.IMV","71","25","204","5.4","4.多巴胺＞15或去甲＞0.1或肾上腺素＞0.1",8,"0.肌酐＜110","0.36-38.4",36,"2.110-129或50-69",61,"2.110-139或55-69",129,"0.12-24",22,NA,50,22,85,"1.7.5-7.59",7.51,"0.130-149",136.8,"0.3.5-5.4",4.14,"0.未手术",NA
"LXZY_013",6,"5",3,"2",19,12,"1.IMV",74,40,204,9.31,"0.MAP大于70",8,"0.肌酐＜110","1.IMV","86","35","175","6.2","0.MAP大于70",8,"0.肌酐＜110","0.36-38.4",38,"0.70-109",91,"2.110-139或55-69",57,"0.12-24",21,74,NA,NA,NA,"1.7.5-7.59",7.51,"2.155-159或120-129",155.2,"0.3.5-5.4",3.8,"0.未手术",NA
"JXSY_032",2,"2",2,"2",5,5,"2.NIMV",98.2,40,257,4.3,"0.MAP大于70",15,"0.肌酐＜110","5.文丘里","94","41","259","4.3","0.MAP大于70",15,"0.肌酐＜110","0.36-38.4",37.8,"0.70-109",85,"2.110-139或55-69",138,"3.35-49",38,98.2,40,NA,NA,"0.7.33-7.49",7.463,"0.130-149",134,"0.3.5-5.4",3.6,"0.未手术",NA
"JXSY_033",6,"9",6,"9",14,14,"1.IMV",95,55,257,4.3,"3.多巴胺＞5或肾上腺素≤0.1或去甲≤0.1",15,"0.肌酐＜110","1.IMV","94","35","315","46.1","3.多巴胺＞5或肾上腺素≤0.1或去甲≤0.1",15,"2.肌酐171-299","1.38.5-38.9或34-35.9",38.7,"0.70-109",70,"2.110-139或55-69",137,"3.35-49",38,NA,55,26,95,"0.7.33-7.49",7.37,"0.130-149",141,"0.3.5-5.4",3.7,"0.未手术",NA
"JXSY_034",5,"1",5,"1",10,10,"3.HFNC",106,50,112,10.4,"2.多巴胺剂量≤5ug/kg/min或使用任意剂量的多巴酚丁胺",15,"0.肌酐＜110","3.HFNC","186","45","110","10.4","0.MAP大于70",15,"0.肌酐＜110","1.38.5-38.9或34-35.9",38.5,"0.70-109",70,"0.70-109",98,"1.25-34或10-11",29,NA,50,32,106,"0.7.33-7.49",7.38,"0.130-149",136,"1.5.5-5.9或3-3.4",3.4,"0.未手术",NA
"JXSY_035",8,"4",8,"4",12,12,"1.IMV",82.2,60,118,19,"3.多巴胺＞5或肾上腺素≤0.1或去甲≤0.1",15,"1.肌酐110-170","1.IMV","95","40","115","20.9","0.MAP大于70",15,"0.肌酐＜110","1.38.5-38.9或34-35.9",38.9,"0.70-109",85,"0.70-109",88,"1.25-34或10-11",34,NA,60,73.8,82.2,"2.7.25-7.32",7.27,"0.130-149",144,"0.3.5-5.4",4.4,"0.未手术",NA
"JXSY_036",8,"8",8,"8",17,17,"3.HFNC",94,60,173,29.7,"0.MAP大于70",15,"4.肌酐大于440或尿量<200/天","3.HFNC","74","80","177","24.7","0.MAP大于70",15,"3.肌酐300-440或尿量<500/天","1.38.5-38.9或34-35.9",38.6,"0.70-109",105,"2.110-139或55-69",125,"0.12-24",23,NA,60,18.7,128,"0.7.33-7.49",7.413,"0.130-149",136,"1.5.5-5.9或3-3.4",3.2,"0.未手术",NA
"JXSY_037",13,"NA",13,"NA",28,28,"1.IMV",56,80,207,19.8,"4.多巴胺＞15或去甲＞0.1或肾上腺素＞0.1",15,"4.肌酐大于440或尿量<200/天",NA,NA,NA,NA,NA,NA,NA,NA,"1.38.5-38.9或34-35.9",35,"2.110-129或50-69",55,"2.110-139或55-69",133,"0.12-24",23,NA,80,53,56,"3.7.6-7.69或7.15-7.24",7.17,"0.130-149",139,"0.3.5-5.4",4.4,"0.未手术",NA
"JXSY_038",6,"6",6,"6",9,9,"3.HFNC",93.3,50,97,14.6,"0.MAP大于70",15,"1.肌酐110-170","3.HFNC","71.599999999999994","40","88","18.8","0.MAP大于70",15,"1.肌酐110-170","0.36-38.4",37.8,"0.70-109",70,"0.70-109",88,"0.12-24",21,NA,50,29,93.3,"0.7.33-7.49",7.403,"0.130-149",135,"0.3.5-5.4",3.6,"0.未手术",NA
"JXSY_039",6,"4",6,"4",18,18,"2.NIMV",87.1,45,165,10.2,"3.多巴胺＞5或肾上腺素≤0.1或去甲≤0.1",15,"0.肌酐＜110","2.NIMV","99","35","186","5.2","2.多巴胺剂量≤5ug/kg/min或使用任意剂量的多巴酚丁胺",15,"0.肌酐＜110","3.39-40.9或30-31.9",39.3,"2.110-129或50-69",65,"2.110-139或55-69",135,"3.35-49",40,NA,45,33.5,87.1,"0.7.33-7.49",7.472,"0.130-149",138,"1.5.5-5.9或3-3.4",3.4,"0.未手术",NA
"JXSY_040",9,"10",9,"10",22,22,"1.IMV",56,100,136,18.5,"3.多巴胺＞5或肾上腺素≤0.1或去甲≤0.1",15,"1.肌酐110-170","1.IMV","146","60","113","26.4","3.多巴胺＞5或肾上腺素≤0.1或去甲≤0.1",15,"3.肌酐300-440或尿量<500/天","3.39-40.9或30-31.9",39.4,"2.110-129或50-69",62,"2.110-139或55-69",137,"1.25-34或10-11",28,NA,100,30.1,56,"3.7.6-7.69或7.15-7.24",7.18,"0.130-149",130,"0.3.5-5.4",4.2,"0.未手术",NA
"JXSY_041",10,"7",10,"7",17,17,"1.IMV",74,100,43,9.7,"3.多巴胺＞5或肾上腺素≤0.1或去甲≤0.1",15,"0.肌酐＜110","1.IMV","69","45","104","9.5","3.多巴胺＞5或肾上腺素≤0.1或去甲≤0.1",15,"0.肌酐＜110","0.36-38.4",38.1,"2.110-129或50-69",57,"2.110-139或55-69",126,"1.25-34或10-11",26,NA,100,58,74,"2.7.25-7.32",7.35,"0.130-149",139,"0.3.5-5.4",3.9,"0.未手术",NA
"JXSY_042",9,"5",9,"5",22,22,"1.IMV",69,90,148,6,"3.多巴胺＞5或肾上腺素≤0.1或去甲≤0.1",15,"1.肌酐110-170","1.IMV","98","45","157","4.4000000000000004","2.多巴胺剂量≤5ug/kg/min或使用任意剂量的多巴酚丁胺",15,"1.肌酐110-170","0.36-38.4",36.8,"2.110-129或50-69",63,"2.110-139或55-69",123,"1.25-34或10-11",28,NA,90,70,69,"4.≥7.7或＜7.15",7.07,"0.130-149",133,"0.3.5-5.4",4.5,"0.未手术",NA
"JXSY_043",14,"NA",14,"NA",32,32,"1.IMV",26,100,8,23.3,"4.多巴胺＞15或去甲＞0.1或肾上腺素＞0.1",15,"1.肌酐110-170",NA,NA,NA,NA,NA,NA,NA,NA,"3.39-40.9或30-31.9",40.1,"2.110-129或50-69",57,"2.110-139或55-69",126,"3.35-49",46,NA,100,97,26,"3.7.6-7.69或7.15-7.24",7.24,"1.150-154",152,"1.5.5-5.9或3-3.4",3.3,"0.未手术",NA
"JXSY_044",5,"5",5,"5",15,15,"2.NIMV",89.8,50,203,5.8,"2.多巴胺剂量≤5ug/kg/min或使用任意剂量的多巴酚丁胺",15,"0.肌酐＜110","2.NIMV","96","60","203","5.8","2.多巴胺剂量≤5ug/kg/min或使用任意剂量的多巴酚丁胺",15,"0.肌酐＜110","3.39-40.9或30-31.9",39.5,"0.70-109",75,"0.70-109",75,"0.12-24",22,NA,50,31.3,89.8,"0.7.33-7.49",7.467,"0.130-149",144,"0.3.5-5.4",3.5,"0.未手术",NA
"JXSY_045",7,"7",7,"7",12,12,"3.HFNC",83,50,76,14,"2.多巴胺剂量≤5ug/kg/min或使用任意剂量的多巴酚丁胺",15,"0.肌酐＜110","3.HFNC","90","50","76","14","2.多巴胺剂量≤5ug/kg/min或使用任意剂量的多巴酚丁胺",15,"0.肌酐＜110","0.36-38.4",36,"2.110-129或50-69",68,"2.110-139或55-69",138,"0.12-24",14,NA,50,31,83,"0.7.33-7.49",7.47,"0.130-149",137,"0.3.5-5.4",4.5,"0.未手术",NA
"JXSY_046",7,"7",7,"7",6,6,"3.HFNC",90,45,105,11,"3.多巴胺＞5或肾上腺素≤0.1或去甲≤0.1",15,"1.肌酐110-170","5.文丘里","87","41","105","11","3.多巴胺＞5或肾上腺素≤0.1或去甲≤0.1",15,"1.肌酐110-170","0.36-38.4",38.2,"2.110-129或50-69",65,"0.70-109",85,"0.12-24",18,90,45,NA,NA,"0.7.33-7.49",7.42,"0.130-149",133,"1.5.5-5.9或3-3.4",3.1,"0.未手术",NA
"JXSY_047",8,"NA",8,"NA",16,16,"1.IMV",84,45,128,10.4,"2.多巴胺剂量≤5ug/kg/min或使用任意剂量的多巴酚丁胺",15,"2.肌酐171-299",NA,NA,NA,NA,NA,NA,NA,NA,"1.38.5-38.9或34-35.9",38.7,"0.70-109",72,"0.70-109",82,"0.12-24",13,84,45,NA,NA,"0.7.33-7.49",7.43,"0.130-149",142,"0.3.5-5.4",3.8,"0.未手术",NA
"JXSY_048",11,"5",11,"5",12,12,"1.IMV",79.6,40,32,34.8,"3.多巴胺＞5或肾上腺素≤0.1或去甲≤0.1",15,"0.肌酐＜110","1.IMV","86.3","35","56","22.1","0.MAP大于70",15,"0.肌酐＜110","3.39-40.9或30-31.9",39,"0.70-109",75,"0.70-109",98,"0.12-24",18,79.6,40,NA,NA,"2.7.25-7.32",7.307,"0.130-149",138,"0.3.5-5.4",4.7,"0.未手术",NA
"ZYCZ_030",5,"9",5,"9",20,20,"1.IMV",81.2,100,567,2.9,"1.MAP小于70（未使用血管活性药物）",15,"0.肌酐＜110","1.IMV","74.3","100","9","11.3","0.MAP大于70",15,"1.肌酐110-170","0.36-38.4",36.5,"2.110-129或50-69",65,"2.110-139或55-69",112,"1.25-34或10-11",27,NA,100,33,81.2,"1.7.5-7.59",7.5,"0.130-149",133,"0.3.5-5.4",3.96,"0.未手术",NA
"ZYCZ_031",10,"3",10,"3",21,21,"1.IMV",98.1,70,37,43.3,"0.MAP大于70",15,"2.肌酐171-299","1.IMV","78.900000000000006","30","604","1.5","0.MAP大于70",15,"1.肌酐110-170","1.38.5-38.9或34-35.9",35.8,"0.70-109",78,"2.110-139或55-69",60,"3.35-49",39,NA,70,36.7,98.1,"2.7.25-7.32",7.32,"0.130-149",137,"1.5.5-5.9或3-3.4",5.61,"0.未手术",NA
"ZYCZ_032",13,"6",13,"6",17,17,"1.IMV",67.5,45,18,43.9,"4.多巴胺＞15或去甲＞0.1或肾上腺素＞0.1",15,"0.肌酐＜110","1.IMV","86.8","30","55","50.7","0.MAP大于70",15,"0.肌酐＜110","0.36-38.4",36,"2.110-129或50-69",67,"2.110-139或55-69",133,"3.35-49",46,67.5,45,NA,NA,"1.7.5-7.59",7.52,"0.130-149",143,"0.3.5-5.4",4.02,"0.未手术",NA
"ZYCZ_033",4,"8",4,"8",12,12,"1.IMV",81.2,55,379,17,"1.MAP小于70（未使用血管活性药物）",15,"0.肌酐＜110","1.IMV","99.5","40","14","51.8","0.MAP大于70",15,"0.肌酐＜110","1.38.5-38.9或34-35.9",38.5,"0.70-109",72,"3.140-179或40-54",140,"1.25-34或10-11",30,NA,55,36.9,81.2,"0.7.33-7.49",7.42,"0.130-149",139,"0.3.5-5.4",3.7,"0.未手术",NA
"ZYCZ_034",7,"8",7,"8",21,21,"1.IMV",78.4,90,210,15.5,"3.多巴胺＞5或肾上腺素≤0.1或去甲≤0.1",15,"0.肌酐＜110","1.IMV","84.2","70","57","19.100000000000001","3.多巴胺＞5或肾上腺素≤0.1或去甲≤0.1",15,"0.肌酐＜110","0.36-38.4",37,"0.70-109",83,"2.110-139或55-69",115,"1.25-34或10-11",25,NA,90,43.8,78.4,"1.7.5-7.59",7.51,"0.130-149",144,"1.5.5-5.9或3-3.4",3.4,"0.未手术",NA
"ZYCZ_035",8,"5",8,"5",15,15,"1.IMV",70.3,65,56,5.6,"3.多巴胺＞5或肾上腺素≤0.1或去甲≤0.1",15,"0.肌酐＜110","1.IMV","69.5","25","214","9.1999999999999993","3.多巴胺＞5或肾上腺素≤0.1或去甲≤0.1",15,"0.肌酐＜110","1.38.5-38.9或34-35.9",38.6,"2.110-129或50-69",50,"2.110-139或55-69",135,"1.25-34或10-11",33,NA,65,41.6,70.3,"2.7.25-7.32",7.32,"0.130-149",138,"0.3.5-5.4",4.41,"1.择期手术",NA
"ZYCZ_036",5,"7",5,"7",16,16,"1.IMV",96.2,30,147,5.4,"0.MAP大于70",15,"3.肌酐300-440或尿量<500/天","1.IMV","104","40","109","1.7","0.MAP大于70",15,"4.肌酐大于440或尿量<200/天","1.38.5-38.9或34-35.9",35,"2.110-129或50-69",114,"2.110-139或55-69",55,"3.35-49",36,96.2,30,NA,NA,"2.7.25-7.32",7.28,"0.130-149",140,"0.3.5-5.4",3.89,"0.未手术",NA
"ZYCZ_037",11,"NA",11,"NA",25,25,"1.IMV",56,100,128,59.6,"4.多巴胺＞15或去甲＞0.1或肾上腺素＞0.1",15,"0.肌酐＜110",NA,NA,NA,NA,NA,NA,NA,NA,"3.39-40.9或30-31.9",40,"4.≥160或≤49",42,"3.140-179或40-54",169,"3.35-49",44,NA,100,71.9,56,"4.≥7.7或＜7.15",6.88,"2.155-159或120-129",129,"0.3.5-5.4",4.27,"0.未手术",NA
"ZYYH_055",7,"3",7,"3",13,13,"1.IMV",73,35,109,17,"4.多巴胺＞15或去甲＞0.1或肾上腺素＞0.1",15,"0.肌酐＜110","1.IMV","57","40","151","13.6","0.MAP大于70",15,"0.肌酐＜110","0.36-38.4",37,"2.110-129或50-69",110,"0.70-109",74,"1.25-34或10-11",32,73,NA,NA,NA,"3.7.6-7.69或7.15-7.24",7.6,"1.150-154",154,"1.5.5-5.9或3-3.4",3.3,"0.未手术",NA
"ZYYH_056",6,"2",6,"2",18,18,"1.IMV",98.1,100,156,13.7,"2.多巴胺剂量≤5ug/kg/min或使用任意剂量的多巴酚丁胺",15,"0.肌酐＜110","4.鼻导管","77.099999999999994","33","208","2","0.MAP大于70",15,"0.肌酐＜110","0.36-38.4",36,"2.110-129或50-69",113,"2.110-139或55-69",120,"3.35-49",36,NA,100,38.5,98.1,"1.7.5-7.59",7.5,"0.130-149",137,"1.5.5-5.9或3-3.4",3,"0.未手术",NA
"ZYYH_057",11,"10",11,"10",17,17,"1.IMV",77,50,12,158.5,"1.MAP小于70（未使用血管活性药物）",15,"0.肌酐＜110","1.IMV","84","30","14","119.5","1.MAP小于70（未使用血管活性药物）",15,"0.肌酐＜110","0.36-38.4",37,"2.110-129或50-69",63,"2.110-139或55-69",137,"1.25-34或10-11",34,NA,50,35,77,"0.7.33-7.49",7.39,"1.150-154",150,"2.2.5-2.9",2.8,"0.未手术",NA
"ZYYH_058",5,"8",5,"8",14,14,"1.IMV",55,80,155,7,"1.MAP小于70（未使用血管活性药物）",15,"0.肌酐＜110","1.IMV","75","80","196","4.8","4.多巴胺＞15或去甲＞0.1或肾上腺素＞0.1",15,"0.肌酐＜110","0.36-38.4",36,"2.110-129或50-69",61,"0.70-109",74,"1.25-34或10-11",31,NA,80,51,55,"2.7.25-7.32",7.27,"0.130-149",136,"1.5.5-5.9或3-3.4",3.1,"0.未手术",NA
"ZYYH_059",9,"NA",9,"NA",19,19,"1.IMV",52,100,119,12,"4.多巴胺＞15或去甲＞0.1或肾上腺素＞0.1",15,"0.肌酐＜110",NA,NA,NA,NA,NA,NA,15,NA,"0.36-38.4",37.8,"2.110-129或50-69",60,"2.110-139或55-69",139,"1.25-34或10-11",34,NA,100,54,52,"3.7.6-7.69或7.15-7.24",7.22,"0.130-149",132,"0.3.5-5.4",4.1,"0.未手术",NA
"ZYYH_060",11,"10",11,"10",20,20,"1.IMV",60,75,144,19.4,"2.多巴胺剂量≤5ug/kg/min或使用任意剂量的多巴酚丁胺",15,"4.肌酐大于440或尿量<200/天","1.IMV","66","60","156","34.6","1.MAP小于70（未使用血管活性药物）",15,"4.肌酐大于440或尿量<200/天","1.38.5-38.9或34-35.9",35.8,"4.≥160或≤49",29,"2.110-139或55-69",133,"1.25-34或10-11",26,NA,75,34,60,"2.7.25-7.32",7.26,"0.130-149",131,"2.2.5-2.9",2.8,"0.未手术",NA
"ZYYH_061",9,"5",9,"5",23,23,"1.IMV",108,100,120,6.8,"4.多巴胺＞15或去甲＞0.1或肾上腺素＞0.1",15,"1.肌酐110-170","1.IMV","96","60","57","4.8","0.MAP大于70",15,"0.肌酐＜110","1.38.5-38.9或34-35.9",35.3,"4.≥160或≤49",40,"2.110-139或55-69",67,"0.12-24",12,NA,100,36,108,"4.≥7.7或＜7.15",7.13,"0.130-149",134,"1.5.5-5.9或3-3.4",3.1,"0.未手术",NA
"ZYYH_062",8,"7",8,"7",20,20,"1.IMV",84,45,388,20.1,"4.多巴胺＞15或去甲＞0.1或肾上腺素＞0.1",15,"0.肌酐＜110","1.IMV","76","50","368","9.9","4.多巴胺＞15或去甲＞0.1或肾上腺素＞0.1",15,"0.肌酐＜110","1.38.5-38.9或34-35.9",35.8,"2.110-129或50-69",51,"2.110-139或55-69",58,"3.35-49",39,84,NA,NA,NA,"0.7.33-7.49",7.33,"0.130-149",135,"1.5.5-5.9或3-3.4",3.3,"1.择期手术",NA
"ZYYH_063",12,"12",12,"12",31,31,"1.IMV",86,100,172,7.9,"4.多巴胺＞15或去甲＞0.1或肾上腺素＞0.1",15,"4.肌酐大于440或尿量<200/天","1.IMV","68","40","95","12.3","3.多巴胺＞5或肾上腺素≤0.1或去甲≤0.1",15,"4.肌酐大于440或尿量<200/天","1.38.5-38.9或34-35.9",35.3,"2.110-129或50-69",50,"2.110-139或55-69",129,"0.12-24",12,NA,100,50,86,"4.≥7.7或＜7.15",7.14,"0.130-149",139,"1.5.5-5.9或3-3.4",3.3,"0.未手术",NA
"ZYYH_064",9,"NA",9,"NA",19,19,"1.IMV",61.1,100,148,15.2,"4.多巴胺＞15或去甲＞0.1或肾上腺素＞0.1",15,"0.肌酐＜110",NA,NA,NA,NA,NA,NA,15,NA,"1.38.5-38.9或34-35.9",38.7,"2.110-129或50-69",58,"0.70-109",71,"3.35-49",35,NA,100,33.7,61.1,"0.7.33-7.49",7.35,"0.130-149",142,"0.3.5-5.4",3.6,"0.未手术",NA
"ZYYH_065",12,"9",12,"9",20,20,"1.IMV",67,100,13,10.1,"4.多巴胺＞15或去甲＞0.1或肾上腺素＞0.1",15,"0.肌酐＜110","1.IMV","115","40","29","6.3","4.多巴胺＞15或去甲＞0.1或肾上腺素＞0.1",15,"0.肌酐＜110","0.36-38.4",36.5,"2.110-129或50-69",68,"2.110-139或55-69",124,"0.12-24",12,NA,100,30,67,"0.7.33-7.49",7.36,"0.130-149",141,"1.5.5-5.9或3-3.4",3.4,"0.未手术",NA
"ZYYH_066",13,"9",13,"9",14,14,"1.IMV",60,100,74,69.1,"4.多巴胺＞15或去甲＞0.1或肾上腺素＞0.1",15,"1.肌酐110-170","1.IMV","79","40","142","116.5","1.MAP小于70（未使用血管活性药物）",15,"1.肌酐110-170","0.36-38.4",37.2,"2.110-129或50-69",68,"3.140-179或40-54",150,"1.25-34或10-11",31,NA,100,42,60,"2.7.25-7.32",7.28,"0.130-149",138,"0.3.5-5.4",4.3,"0.未手术",NA
"ZYYH_067",7,"4",7,"4",26,26,"1.IMV",126,40,163,15.8,"4.多巴胺＞15或去甲＞0.1或肾上腺素＞0.1",15,"2.肌酐171-299","1.IMV","65.8","28","104","15.8","1.MAP小于70（未使用血管活性药物）",15,"0.肌酐＜110","1.38.5-38.9或34-35.9",35.4,"2.110-129或50-69",62,"2.110-139或55-69",120,"0.12-24",15,126,NA,NA,NA,"3.7.6-7.69或7.15-7.24",7.2,"0.130-149",135,"1.5.5-5.9或3-3.4",3,"0.未手术",NA
"ZYYH_068",11,"NA",11,"NA",25,25,"1.IMV",59,100,67,8.7,"4.多巴胺＞15或去甲＞0.1或肾上腺素＞0.1",15,"1.肌酐110-170","VVECMO",NA,NA,"33","9.5","4.多巴胺＞15或去甲＞0.1或肾上腺素＞0.1",15,"1.肌酐110-170","0.36-38.4",36.2,"2.110-129或50-69",63,"0.70-109",79,"1.25-34或10-11",30,NA,100,58,59,"3.7.6-7.69或7.15-7.24",7.17,"2.155-159或120-129",129,"0.3.5-5.4",4,"0.未手术",NA
"ZYYH_069",14,"13",14,"13",37,37,"1.IMV",78,100,41,24.6,"4.多巴胺＞15或去甲＞0.1或肾上腺素＞0.1",15,"2.肌酐171-299","1.IMV","73","55","74","22.9","4.多巴胺＞15或去甲＞0.1或肾上腺素＞0.1",15,"3.肌酐300-440或尿量<500/天","3.39-40.9或30-31.9",40.1,"2.110-129或50-69",52,"4.≥180或≤39",38,"3.35-49",35,NA,100,34,78,"2.7.25-7.32",7.26,"2.155-159或120-129",126,"3.6-6.9",6.51,"0.未手术",NA
"ZYYH_070",10,"12",10,"12",30,30,"1.IMV",78,50,18,25.4,"1.MAP小于70（未使用血管活性药物）",15,"1.肌酐110-170","1.IMV","154","50","5","35.5","4.多巴胺＞15或去甲＞0.1或肾上腺素＞0.1",15,"1.肌酐110-170","0.36-38.4",37.5,"2.110-129或50-69",59,"3.140-179或40-54",140,"1.25-34或10-11",30,NA,50,36,78,"1.7.5-7.59",7.52,"3.160-179或111-119",175,"1.5.5-5.9或3-3.4",3.4,"0.未手术",NA
"ZYYH_071",11,"9",9,"6",22,18,"1.IMV",81,40,30,8.5,"4.多巴胺＞15或去甲＞0.1或肾上腺素＞0.1",11,"0.肌酐＜110","1.IMV","83.7","30","336","4.4000000000000004","4.多巴胺＞15或去甲＞0.1或肾上腺素＞0.1",9,"0.肌酐＜110","0.36-38.4",36.5,"2.110-129或50-69",118,"0.70-109",74,"3.35-49",40,81,NA,NA,NA,"1.7.5-7.59",7.5,"0.130-149",143,"1.5.5-5.9或3-3.4",3.3,"0.未手术",NA
"ZYYH_072",17,"12",17,"12",27,27,"1.IMV",70.8,75,42,39.1,"4.多巴胺＞15或去甲＞0.1或肾上腺素＞0.1",15,"4.肌酐大于440或尿量<200/天","1.IMV","82.8","50","17","76.2","2.多巴胺剂量≤5ug/kg/min或使用任意剂量的多巴酚丁胺",15,"1.肌酐110-170","1.38.5-38.9或34-35.9",38.8,"2.110-129或50-69",50,"2.110-139或55-69",137,"3.35-49",35,NA,75,39.7,70.8,"2.7.25-7.32",7.26,"0.130-149",136,"0.3.5-5.4",3.8,"0.未手术",NA
"ZYQC_063",11,"12",11,"12",22,22,"1.IMV",93.5,30,96,39.3,"4.多巴胺＞15或去甲＞0.1或肾上腺素＞0.1",15,"2.肌酐171-299","1.IMV","77.900000000000006","23","53","59.7","3.多巴胺＞5或肾上腺素≤0.1或去甲≤0.1",15,"4.肌酐大于440或尿量<200/天","1.38.5-38.9或34-35.9",35.8,"0.70-109",70,"2.110-139或55-69",138,"1.25-34或10-11",30,93.5,NA,NA,NA,"2.7.25-7.32",7.27,"0.130-149",131,"0.3.5-5.4",3.9,"0.未手术",NA
"ZYQC_064",16,"NA",16,"NA",21,21,"1.IMV",88,50,49,418.4,"4.多巴胺＞15或去甲＞0.1或肾上腺素＞0.1",15,"2.肌酐171-299",NA,NA,NA,NA,NA,NA,NA,NA,"0.36-38.4",36,"4.≥160或≤49",48,"3.140-179或40-54",142,"3.35-49",42,NA,50,32,88,"0.7.33-7.49",7.38,"0.130-149",135,"0.3.5-5.4",3.7,"0.未手术",NA
"ZYQC_065",7,"10",7,"10",15,15,"1.IMV",81,65,124,6.9,"3.多巴胺＞5或肾上腺素≤0.1或去甲≤0.1",15,"0.肌酐＜110","1.IMV","69","75","46","4.9000000000000004","3.多巴胺＞5或肾上腺素≤0.1或去甲≤0.1",15,"0.肌酐＜110","0.36-38.4",36,"2.110-129或50-69",116,"2.110-139或55-69",135,"3.35-49",39,NA,65,46,81,"1.7.5-7.59",7.53,"0.130-149",130,"0.3.5-5.4",3.7,"0.未手术",NA
"ZYQC_066",10,"6",10,"6",19,19,"1.IMV",70,45,12,7.1,"3.多巴胺＞5或肾上腺素≤0.1或去甲≤0.1",15,"0.肌酐＜110","1.IMV","64","30","9","8.8000000000000007","0.MAP大于70",15,"0.肌酐＜110","0.36-38.4",36,"2.110-129或50-69",116,"3.140-179或40-54",54,"1.25-34或10-11",29,70,NA,NA,NA,"1.7.5-7.59",7.53,"0.130-149",137,"1.5.5-5.9或3-3.4",3.4,"0.未手术",NA
"ZYQC_067",5,"5",5,"5",19,19,"1.IMV",67.2,30,182,8.9,"3.多巴胺＞5或肾上腺素≤0.1或去甲≤0.1",15,"0.肌酐＜110","1.IMV","66.400000000000006","30","87","15.9","1.MAP小于70（未使用血管活性药物）",15,"0.肌酐＜110","0.36-38.4",36.2,"2.110-129或50-69",67,"2.110-139或55-69",137,"1.25-34或10-11",29,67.2,NA,NA,NA,"0.7.33-7.49",7.39,"3.160-179或111-119",162,"1.5.5-5.9或3-3.4",3.2,"0.未手术",NA
"ZYQC_068",6,"4",6,"4",7,7,"3.HFNC",62,50,125,3.5,"0.MAP大于70",15,"2.肌酐171-299","3.HFNC","72","40","166","11","0.MAP大于70",15,"1.肌酐110-170","0.36-38.4",37,"0.70-109",96,"0.70-109",82,"0.12-24",23,NA,50,29,62,"0.7.33-7.49",7.46,"0.130-149",137,"0.3.5-5.4",3.9,"0.未手术",NA
"ZYQC_069",3,"NA",3,"NA",5,5,"3.HFNC",69,40,385,6,"0.MAP大于70",15,"0.肌酐＜110",NA,NA,NA,NA,NA,NA,NA,NA,"0.36-38.4",36.9,"0.70-109",93,"0.70-109",99,"0.12-24",16,69,NA,NA,NA,"0.7.33-7.49",7.46,"0.130-149",132,"1.5.5-5.9或3-3.4",3.2,"0.未手术",NA
"ZYQC_070",8,"5",7,"5",21,19,"1.IMV",62,40,148,2.7,"3.多巴胺＞5或肾上腺素≤0.1或去甲≤0.1",13,"0.肌酐＜110","1.IMV","64","25","99","2.6","1.MAP小于70（未使用血管活性药物）",15,"0.肌酐＜110","0.36-38.4",38.2,"2.110-129或50-69",65,"2.110-139或55-69",128,"0.12-24",18,62,NA,NA,NA,"3.7.6-7.69或7.15-7.24",7.2,"0.130-149",138,"0.3.5-5.4",4,"0.未手术",NA
"ZYQC_071",7,"5",7,"5",17,17,"1.IMV",61,30,82,7,"3.多巴胺＞5或肾上腺素≤0.1或去甲≤0.1",15,"0.肌酐＜110","3.HFNC","59","28","92","6.3","0.MAP大于70",15,"1.肌酐110-170","0.36-38.4",38.2,"0.70-109",104,"2.110-139或55-69",124,"1.25-34或10-11",25,61,NA,NA,NA,"0.7.33-7.49",7.36,"0.130-149",136,"0.3.5-5.4",3.9,"0.未手术",NA
"ZYQC_072",7,"2",7,"2",18,18,"1.IMV",59.9,40,209,6,"4.多巴胺＞15或去甲＞0.1或肾上腺素＞0.1",15,"0.肌酐＜110","1.IMV","68.900000000000006","27","231","5.8","0.MAP大于70",15,"0.肌酐＜110","0.36-38.4",37.2,"0.70-109",84,"2.110-139或55-69",127,"0.12-24",14,59.9,NA,NA,NA,"3.7.6-7.69或7.15-7.24",7.2,"0.130-149",146,"0.3.5-5.4",4.5,"0.未手术",NA
"ZYQC_073",8,"6",8,"6",20,20,"1.IMV",51,60,264,6.2,"4.多巴胺＞15或去甲＞0.1或肾上腺素＞0.1",15,"0.肌酐＜110","1.IMV","70.5","55","239","4","3.多巴胺＞5或肾上腺素≤0.1或去甲≤0.1",15,"0.肌酐＜110","1.38.5-38.9或34-35.9",35.7,"0.70-109",86,"2.110-139或55-69",113,"0.12-24",17,NA,60,91,51,"3.7.6-7.69或7.15-7.24",7.22,"0.130-149",135,"0.3.5-5.4",4.9,"0.未手术",NA
"ZYQC_074",6,"8",6,"8",15,15,"2.NIMV",75,60,254,11.4,"3.多巴胺＞5或肾上腺素≤0.1或去甲≤0.1",15,"0.肌酐＜110","1.IMV","65","50","178","12.5","3.多巴胺＞5或肾上腺素≤0.1或去甲≤0.1",15,"2.肌酐171-299","0.36-38.4",38,"0.70-109",86,"2.110-139或55-69",115,"1.25-34或10-11",30,NA,60,31,75,"0.7.33-7.49",7.46,"0.130-149",135,"0.3.5-5.4",4.3,"0.未手术",NA
"ZYQC_075",9,"5",9,"5",24,24,"1.IMV",76,45,122,8.9,"4.多巴胺＞15或去甲＞0.1或肾上腺素＞0.1",15,"1.肌酐110-170","1.IMV","74","35","168","5.4","3.多巴胺＞5或肾上腺素≤0.1或去甲≤0.1",15,"0.肌酐＜110","3.39-40.9或30-31.9",40.2,"2.110-129或50-69",118,"2.110-139或55-69",137,"1.25-34或10-11",30,76,NA,NA,NA,"0.7.33-7.49",7.4,"1.150-154",150,"0.3.5-5.4",4.5,"0.未手术",NA
"ZYQC_076",5,"3",5,"3",12,12,"3.HFNC",65,70,409,25,"0.MAP大于70",15,"0.肌酐＜110","3.HFNC","62","45","426","10.199999999999999","0.MAP大于70",15,"0.肌酐＜110","0.36-38.4",36.3,"0.70-109",83,"0.70-109",94,"1.25-34或10-11",26,NA,70,35.6,52,"0.7.33-7.49",7.45,"0.130-149",137,"0.3.5-5.4",4.1,"0.未手术",NA
"ZYQC_077",9,"14",9,"14",16,16,"1.IMV",59,100,35,7.6,"2.多巴胺剂量≤5ug/kg/min或使用任意剂量的多巴酚丁胺",15,"0.肌酐＜110","1.IMV","47.5","100","17","54","4.多巴胺＞15或去甲＞0.1或肾上腺素＞0.1",15,"0.肌酐＜110","0.36-38.4",36.9,"2.110-129或50-69",118,"2.110-139或55-69",135,"1.25-34或10-11",28,NA,100,42.3,59,"2.7.25-7.32",7.29,"0.130-149",131,"0.3.5-5.4",4.2,"0.未手术",NA
"ZYQC_078",6,"7",6,"7",13,13,"1.IMV",72.6,35,214,3.4,"4.多巴胺＞15或去甲＞0.1或肾上腺素＞0.1",15,"0.肌酐＜110","1.IMV","68.2","35","214","3.4","4.多巴胺＞15或去甲＞0.1或肾上腺素＞0.1",15,"0.肌酐＜110","0.36-38.4",37.8,"2.110-129或50-69",62,"2.110-139或55-69",129,"1.25-34或10-11",25,72.6,NA,NA,NA,"3.7.6-7.69或7.15-7.24",7.23,"0.130-149",141,"1.5.5-5.9或3-3.4",3.3,"0.未手术",NA
"ZYQC_079",8,"4",8,"4",15,15,"1.IMV",82,100,183,20,"3.多巴胺＞5或肾上腺素≤0.1或去甲≤0.1",15,"0.肌酐＜110","1.IMV","78","30","168","17.5","2.多巴胺剂量≤5ug/kg/min或使用任意剂量的多巴酚丁胺",15,"0.肌酐＜110","0.36-38.4",38,"2.110-129或50-69",110,"0.70-109",96,"1.25-34或10-11",28,NA,100,75,82,"4.≥7.7或＜7.15",7.11,"0.130-149",141,"1.5.5-5.9或3-3.4",3.4,"0.未手术",NA
"ZYQC_080",10,"7",10,"7",17,17,"1.IMV",88,25,16,25.5,"4.多巴胺＞15或去甲＞0.1或肾上腺素＞0.1",15,"0.肌酐＜110","1.IMV","70","25","57","11.1","3.多巴胺＞5或肾上腺素≤0.1或去甲≤0.1",15,"0.肌酐＜110","0.36-38.4",37.5,"0.70-109",73,"2.110-139或55-69",120,"0.12-24",19,88,NA,NA,NA,"1.7.5-7.59",7.52,"0.130-149",136,"1.5.5-5.9或3-3.4",3.1,"0.未手术",NA
"ZYQC_081",7,"11",7,"11",23,23,"3.HFNC",71,60,70,16.2,"1.MAP小于70（未使用血管活性药物）",15,"1.肌酐110-170","1.IMV","61","30","61","9.6999999999999993","3.多巴胺＞5或肾上腺素≤0.1或去甲≤0.1",15,"4.肌酐大于440或尿量<200/天","0.36-38.4",37.5,"2.110-129或50-69",69,"2.110-139或55-69",132,"1.25-34或10-11",29,NA,60,24,71,"2.7.25-7.32",7.26,"2.155-159或120-129",128,"3.6-6.9",6.3,"0.未手术",NA
"ZYQC_082",10,"13",10,"13",17,17,"1.IMV",55,75,158,36.8,"1.MAP小于70（未使用血管活性药物）",15,"3.肌酐300-440或尿量<500/天","1.IMV","62","80","29","49.2","4.多巴胺＞15或去甲＞0.1或肾上腺素＞0.1",15,"0.肌酐＜110","0.36-38.4",38.3,"0.70-109",85,"2.110-139或55-69",136,"0.12-24",15,NA,75,50,55,"0.7.33-7.49",7.47,"0.130-149",131,"1.5.5-5.9或3-3.4",3.2,"0.未手术",NA
"ZYQC_083",6,"8",6,"8",12,12,"1.IMV",70,40,116,7.8,"2.多巴胺剂量≤5ug/kg/min或使用任意剂量的多巴酚丁胺",15,"0.肌酐＜110","1.IMV","72","40","123","15.2","4.多巴胺＞15或去甲＞0.1或肾上腺素＞0.1",15,"0.肌酐＜110","0.36-38.4",37,"2.110-129或50-69",68,"2.110-139或55-69",61,"0.12-24",16,70,NA,NA,NA,"0.7.33-7.49",7.46,"0.130-149",139,"0.3.5-5.4",4.1,"0.未手术",NA
"ZYQC_084",8,"8",8,"8",26,26,"1.IMV",70.1,50,262,13,"4.多巴胺＞15或去甲＞0.1或肾上腺素＞0.1",15,"1.肌酐110-170","1.IMV","71.099999999999994","28","90","8.6","4.多巴胺＞15或去甲＞0.1或肾上腺素＞0.1",15,"0.肌酐＜110","3.39-40.9或30-31.9",40.3,"2.110-129或50-69",58,"3.140-179或40-54",154,"0.12-24",12,NA,50,36.7,70.1,"0.7.33-7.49",7.38,"3.160-179或111-119",174,"0.3.5-5.4",3.6,"0.未手术",NA
"ZYQC_085",8,"8",8,"8",20,20,"1.IMV",72.5,100,187,10.1,"4.多巴胺＞15或去甲＞0.1或肾上腺素＞0.1",15,"0.肌酐＜110","1.IMV","58.8","60","185","12.1","4.多巴胺＞15或去甲＞0.1或肾上腺素＞0.1",15,"0.肌酐＜110","0.36-38.4",38.4,"2.110-129或50-69",65,"2.110-139或55-69",122,"3.35-49",35,NA,100,60.2,72.5,"0.7.33-7.49",7.34,"0.130-149",140,"0.3.5-5.4",4,"0.未手术",NA
"ZYQC_086",17,"NA",17,"NA",28,28,"1.IMV",56.5,60,1,40.8,"4.多巴胺＞15或去甲＞0.1或肾上腺素＞0.1",15,"3.肌酐300-440或尿量<500/天",NA,NA,NA,NA,NA,NA,NA,NA,"0.36-38.4",38,"2.110-129或50-69",60,"3.140-179或40-54",162,"1.25-34或10-11",25,NA,60,54.7,56.5,"3.7.6-7.69或7.15-7.24",7.21,"0.130-149",131,"0.3.5-5.4",4.8,"0.未手术",NA
"ZYQC_087",7,"NA",7,"NA",17,17,"1.IMV",76,70,91,9.2,"2.多巴胺剂量≤5ug/kg/min或使用任意剂量的多巴酚丁胺",15,"0.肌酐＜110",NA,NA,NA,NA,NA,NA,NA,NA,"1.38.5-38.9或34-35.9",35.8,"0.70-109",77,"3.140-179或40-54",140,"1.25-34或10-11",10,NA,70,50,76,"0.7.33-7.49",7.41,"0.130-149",145,"1.5.5-5.9或3-3.4",3.2,"0.未手术",NA
"ZYQC_088",12,"NA",12,"NA",21,21,"1.IMV",62,65,274,316.6,"4.多巴胺＞15或去甲＞0.1或肾上腺素＞0.1",15,"0.肌酐＜110",NA,NA,NA,NA,NA,NA,NA,NA,"0.36-38.4",36.9,"2.110-129或50-69",62,"2.110-139或55-69",118,"3.35-49",36,NA,65,17,62,"0.7.33-7.49",7.48,"0.130-149",139,"0.3.5-5.4",4,"0.未手术",NA
"ZYQC_089",5,"4",5,"4",17,17,"3.HFNC",74,55,215,3.7,"1.MAP小于70（未使用血管活性药物）",15,"1.肌酐110-170","3.HFNC","70.5","55","284","3.4","0.MAP大于70",15,"1.肌酐110-170","0.36-38.4",36.1,"2.110-129或50-69",111,"3.140-179或40-54",50,"1.25-34或10-11",33,NA,55,28,52,"0.7.33-7.49",7.41,"0.130-149",137,"0.3.5-5.4",3.6,"0.未手术",NA
"ZYQC_090",5,"3",5,"3",15,15,"1.IMV",59,60,100,16.3,"0.MAP大于70",15,"0.肌酐＜110","1.IMV","77","30","128","12.9","0.MAP大于70",15,"0.肌酐＜110","0.36-38.4",36.2,"3.130-159",139,"3.140-179或40-54",52,"3.35-49",42,NA,60,26,59,"2.7.25-7.32",7.32,"0.130-149",141,"2.2.5-2.9",2.9,"0.未手术",NA
"ZYQC_091",5,"NA",5,"NA",11,11,"3.HFNC",54.8,60,193,21.2,"0.MAP大于70",15,"0.肌酐＜110",NA,NA,NA,NA,NA,NA,NA,NA,"0.36-38.4",36.1,"2.110-129或50-69",118,"2.110-139或55-69",58,"1.25-34或10-11",26,NA,60,34.7,54.8,"0.7.33-7.49",7.48,"0.130-149",141,"0.3.5-5.4",4.1,"0.未手术",NA
"ZYQC_092",17,"14",17,"14",25,25,"1.IMV",57,100,20,56.3,"4.多巴胺＞15或去甲＞0.1或肾上腺素＞0.1",15,"4.肌酐大于440或尿量<200/天","1.IMV","80","22","30","46.5","4.多巴胺＞15或去甲＞0.1或肾上腺素＞0.1",15,"4.肌酐大于440或尿量<200/天","0.36-38.4",37.4,"2.110-129或50-69",53,"3.140-179或40-54",174,"1.25-34或10-11",31,NA,100,48,57,"0.7.33-7.49",6.97,"0.130-149",145,"0.3.5-5.4",4.1,"0.未手术",NA
"ZYQC_093",9,"7",9,"7",24,24,"1.IMV",56,50,159,4.2,"3.多巴胺＞5或肾上腺素≤0.1或去甲≤0.1",15,"3.肌酐300-440或尿量<500/天","1.IMV","81","30","100","8.5","3.多巴胺＞5或肾上腺素≤0.1或去甲≤0.1",15,"1.肌酐110-170","1.38.5-38.9或34-35.9",35.1,"2.110-129或50-69",60,"0.70-109",80,"1.25-34或10-11",28,NA,50,44,56,"2.7.25-7.32",7.31,"0.130-149",139,"0.3.5-5.4",3.9,"0.未手术",NA
"ZYQC_094",8,"10",8,"10",22,22,"1.IMV",76,45,137,1.8,"0.MAP大于70",15,"4.肌酐大于440或尿量<200/天","1.IMV","69","60","123","2.5","4.多巴胺＞15或去甲＞0.1或肾上腺素＞0.1",15,"2.肌酐171-299","1.38.5-38.9或34-35.9",38.7,"2.110-129或50-69",118,"3.140-179或40-54",53,"1.25-34或10-11",32,76,NA,NA,NA,"2.7.25-7.32",7.25,"2.155-159或120-129",128,"0.3.5-5.4",3.8,"0.未手术",NA
"ZYQC_095",9,"9",9,"9",23,23,"1.IMV",89,75,236,1.6,"4.多巴胺＞15或去甲＞0.1或肾上腺素＞0.1",15,"2.肌酐171-299","1.IMV","88","50","169","3","4.多巴胺＞15或去甲＞0.1或肾上腺素＞0.1",15,"2.肌酐171-299","0.36-38.4",36.6,"2.110-129或50-69",59,"2.110-139或55-69",56,"1.25-34或10-11",30,NA,75,36,89,"2.7.25-7.32",7.31,"2.155-159或120-129",128,"0.3.5-5.4",3.9,"0.未手术",NA
"ZYQC_096",10,"4",10,"4",19,19,"1.IMV",76,50,144,3.1,"3.多巴胺＞5或肾上腺素≤0.1或去甲≤0.1",15,"3.肌酐300-440或尿量<500/天","1.IMV","78","35","111","3","0.MAP大于70",15,"1.肌酐110-170","0.36-38.4",36.2,"2.110-129或50-69",64,"2.110-139或55-69",65,"1.25-34或10-11",25,NA,50,27,76,"2.7.25-7.32",7.27,"0.130-149",135,"0.3.5-5.4",3.8,"0.未手术",NA
"ZYQC_097",5,"4",5,"4",12,12,"1.IMV",58,100,204,28.3,"0.MAP大于70",15,"0.肌酐＜110","1.IMV","65","30","174","26.7","1.MAP小于70（未使用血管活性药物）",15,"0.肌酐＜110","1.38.5-38.9或34-35.9",38.7,"3.130-159",132,"2.110-139或55-69",135,"0.12-24",12,NA,100,52,58,"1.7.5-7.59",7.59,"1.150-154",150,"1.5.5-5.9或3-3.4",3.3,"0.未手术",NA
"ZYQC_098",9,"8",9,"8",20,20,"1.IMV",79.7,70,36,15.9,"3.多巴胺＞5或肾上腺素≤0.1或去甲≤0.1",15,"0.肌酐＜110","1.IMV","71","90","30","6","1.MAP小于70（未使用血管活性药物）",15,"0.肌酐＜110","0.36-38.4",36.8,"2.110-129或50-69",68,"2.110-139或55-69",138,"3.35-49",39,NA,70,57.5,79.7,"0.7.33-7.49",7.36,"0.130-149",142,"0.3.5-5.4",4.49,"0.未手术",NA
"ZYQC_099",10,"3",10,"3",25,25,"3.HFNC",40,40,145,1.8,"4.多巴胺＞15或去甲＞0.1或肾上腺素＞0.1",15,"2.肌酐171-299","3.HFNC","95","21","40","4","0.MAP大于70",15,"0.肌酐＜110","0.36-38.4",37,"2.110-129或50-69",50,"2.110-139或55-69",123,"1.25-34或10-11",25,40,NA,NA,NA,"3.7.6-7.69或7.15-7.24",7.6,"0.130-149",144,"0.3.5-5.4",4,"0.未手术",NA
"ZYQC_100",3,"5",3,"5",9,9,"3.HFNC",67,65,420,11.1,"0.MAP大于70",15,"0.肌酐＜110","3.HFNC","73","40","483","6","1.MAP小于70（未使用血管活性药物）",15,"1.肌酐110-170","0.36-38.4",36.8,"0.70-109",70,"0.70-109",91,"1.25-34或10-11",34,NA,65,38,67,"1.7.5-7.59",7.5,"0.130-149",136,"0.3.5-5.4",3.7,"0.未手术",NA
"ZYQC_101",11,"5",11,"5",11,11,"1.IMV",63.2,65,14,16.3,"3.多巴胺＞5或肾上腺素≤0.1或去甲≤0.1",15,"0.肌酐＜110","1.IMV","65.2","55","157","26.1","0.MAP大于70",15,"1.肌酐110-170","0.36-38.4",37.5,"0.70-109",81,"2.110-139或55-69",138,"1.25-34或10-11",33,NA,65,34.4,63.2,"0.7.33-7.49",7.45,"0.130-149",140,"0.3.5-5.4",4,"0.未手术",NA
"ZYQC_102",12,"8",12,"8",31,31,"1.IMV",93,25,70,111.2,"4.多巴胺＞15或去甲＞0.1或肾上腺素＞0.1",15,"2.肌酐171-299","1.IMV","76","25","110","156.80000000000001","3.多巴胺＞5或肾上腺素≤0.1或去甲≤0.1",15,"0.肌酐＜110","3.39-40.9或30-31.9",40.9,"2.110-129或50-69",57,"2.110-139或55-69",131,"3.35-49",35,93,NA,NA,NA,"3.7.6-7.69或7.15-7.24",7.17,"2.155-159或120-129",128,"2.2.5-2.9",2.7,"0.未手术",NA
"ZYQC_103",8,"6",8,"6",22,22,"1.IMV",73,60,86,1.6,"1.MAP小于70（未使用血管活性药物）",15,"2.肌酐171-299","1.IMV","69","35","70","2.8","0.MAP大于70",15,"1.肌酐110-170","0.36-38.4",36,"2.110-129或50-69",64,"3.140-179或40-54",54,"3.35-49",35,NA,60,31,73,"2.7.25-7.32",7.29,"0.130-149",135,"0.3.5-5.4",3.5,"0.未手术",NA
"ZYQC_104",5,"4",5,"4",14,14,"1.IMV",66,40,79,8.3,"0.MAP大于70",15,"0.肌酐＜110","1.IMV","65","30","79","5","0.MAP大于70",15,"0.肌酐＜110","0.36-38.4",36.7,"2.110-129或50-69",66,"3.140-179或40-54",50,"1.25-34或10-11",26,66,NA,NA,NA,"1.7.5-7.59",7.51,"0.130-149",142,"1.5.5-5.9或3-3.4",3.2,"1.择期手术",NA
"ZYQC_105",8,"6",8,"6",24,24,"1.IMV",59.8,45,60,4.6,"0.MAP大于70",15,"3.肌酐300-440或尿量<500/天","1.IMV","68.7","25","26","4.0999999999999996","0.MAP大于70",15,"1.肌酐110-170","1.38.5-38.9或34-35.9",35.5,"2.110-129或50-69",68,"2.110-139或55-69",60,"1.25-34或10-11",27,59.8,NA,NA,NA,"3.7.6-7.69或7.15-7.24",7.24,"0.130-149",137,"0.3.5-5.4",3.5,"0.未手术",NA
"ZYQC_106",7,"7",7,"7",9,9,"1.IMV",105,60,176,28.1,"3.多巴胺＞5或肾上腺素≤0.1或去甲≤0.1",15,"0.肌酐＜110","1.IMV","88","45","195","17","3.多巴胺＞5或肾上腺素≤0.1或去甲≤0.1",15,"1.肌酐110-170","0.36-38.4",37.9,"0.70-109",95,"2.110-139或55-69",122,"0.12-24",17,NA,60,34.9,105,"0.7.33-7.49",7.47,"0.130-149",147,"0.3.5-5.4",4,"0.未手术",NA
"ZYQC_107",8,"9",8,"9",20,20,"1.IMV",44,22,146,24,"1.MAP小于70（未使用血管活性药物）",15,"3.肌酐300-440或尿量<500/天","1.IMV","66","40","54","17","3.多巴胺＞5或肾上腺素≤0.1或去甲≤0.1",15,"1.肌酐110-170","0.36-38.4",36.8,"2.110-129或50-69",64,"2.110-139或55-69",117,"0.12-24",20,44,NA,NA,NA,"2.7.25-7.32",7.29,"0.130-149",142,"0.3.5-5.4",4.4,"0.未手术",NA
"ZYQC_108",4,"4",4,"4",8,8,"1.IMV",94,30,169,17.5,"3.多巴胺＞5或肾上腺素≤0.1或去甲≤0.1",15,"0.肌酐＜110","4.鼻导管","98","25","229","10.9","3.多巴胺＞5或肾上腺素≤0.1或去甲≤0.1",15,"0.肌酐＜110","0.36-38.4",37,"2.110-129或50-69",60,"0.70-109",83,"0.12-24",14,94,NA,NA,NA,"1.7.5-7.59",7.55,"0.130-149",141,"0.3.5-5.4",4.2,"0.未手术",NA
"ZYQC_109",10,"9",10,"9",10,10,"1.IMV",76,45,92,11.1,"3.多巴胺＞5或肾上腺素≤0.1或去甲≤0.1",15,"2.肌酐171-299","1.IMV","93","35","33","5","3.多巴胺＞5或肾上腺素≤0.1或去甲≤0.1",15,"1.肌酐110-170","0.36-38.4",38,"0.70-109",70,"0.70-109",74,"0.12-24",18,76,NA,NA,NA,"0.7.33-7.49",7.38,"0.130-149",136,"0.3.5-5.4",4.6,"0.未手术",NA
"ZYQC_110",9,"9",9,"9",18,18,"1.IMV",83,55,32,11.7,"3.多巴胺＞5或肾上腺素≤0.1或去甲≤0.1",15,"0.肌酐＜110","1.IMV","76","45","27","11.7","3.多巴胺＞5或肾上腺素≤0.1或去甲≤0.1",15,"0.肌酐＜110","0.36-38.4",38.1,"2.110-129或50-69",65,"0.70-109",100,"0.12-24",18,NA,55,35,83,"0.7.33-7.49",7.39,"0.130-149",147,"0.3.5-5.4",4.9,"0.未手术",NA
"ZYQC_111",3,"3",3,"3",15,15,"1.IMV",83,25,85,8,"0.MAP大于70",15,"0.肌酐＜110","1.IMV","82","25","74","6.7","0.MAP大于70",15,"0.肌酐＜110","0.36-38.4",37.6,"0.70-109",73,"2.110-139或55-69",112,"1.25-34或10-11",26,83,NA,NA,NA,"0.7.33-7.49",7.48,"0.130-149",139,"0.3.5-5.4",3.5,"0.未手术",NA
"ZYQC_112",6,"3",6,"3",9,9,"1.IMV",75,50,245,7.3,"0.MAP大于70",15,"3.肌酐300-440或尿量<500/天","1.IMV","76","25","318","7.5","0.MAP大于70",15,"2.肌酐171-299","0.36-38.4",36.8,"0.70-109",82,"0.70-109",101,"0.12-24",18,NA,50,40,75,"2.7.25-7.32",7.32,"0.130-149",136,"0.3.5-5.4",4.4,"0.未手术",NA
"ZYQC_113",4,"3",4,"3",10,10,"1.IMV",63,50,197,24.8,"0.MAP大于70",15,"0.肌酐＜110","1.IMV","65","50","216","7.3","0.MAP大于70",15,"0.肌酐＜110","0.36-38.4",37.6,"0.70-109",98,"2.110-139或55-69",60,"0.12-24",19,NA,50,39,63,"1.7.5-7.59",7.51,"0.130-149",142,"0.3.5-5.4",4,"0.未手术",NA
"ZYQC_114",9,"9",9,"9",22,22,"1.IMV",66,45,114,15.5,"4.多巴胺＞15或去甲＞0.1或肾上腺素＞0.1",15,"1.肌酐110-170","1.IMV","71","55","139","15.5","4.多巴胺＞15或去甲＞0.1或肾上腺素＞0.1",15,"1.肌酐110-170","1.38.5-38.9或34-35.9",38.8,"2.110-129或50-69",66,"3.140-179或40-54",154,"1.25-34或10-11",28,66,NA,NA,NA,"2.7.25-7.32",7.3,"0.130-149",140,"0.3.5-5.4",4.7,"0.未手术",NA
"ZYQC_115",8,"5",8,"5",15,15,"1.IMV",61,40,112,6.9,"4.多巴胺＞15或去甲＞0.1或肾上腺素＞0.1",15,"0.肌酐＜110","1.IMV","68","40","65","4.5999999999999996","0.MAP大于70",15,"0.肌酐＜110","0.36-38.4",38,"0.70-109",70,"3.140-179或40-54",50,"0.12-24",21,61,NA,NA,NA,"0.7.33-7.49",7.43,"0.130-149",136,"0.3.5-5.4",3.8,"0.未手术",NA
"ZZRM_099",8,"7",5,"4",19,10,"1.IMV",67.3,50,87,8.4,"0.MAP大于70",6,"0.肌酐＜110","1.IMV","62.4","30","88","9.6999999999999993","0.MAP大于70",6,"0.肌酐＜110","0.36-38.4",36.9,"0.70-109",82.6,"0.70-109",90,"0.12-24",15,NA,50,81.7,67.3,"2.7.25-7.32",7.258,"0.130-149",141,"0.3.5-5.4",4.7,"0.未手术",NA
"ZZRM_100",7,"6",5,"4",21,16,"1.IMV",84.8,60,96,10.9,"0.MAP大于70",10,"0.肌酐＜110","1.IMV","89","50","138","10.9","0.MAP大于70",10,"0.肌酐＜110","0.36-38.4",36.6,"0.70-109",81,"2.110-139或55-69",120,"0.12-24",15,NA,60,31.7,84.8,"3.7.6-7.69或7.15-7.24",7.212,"0.130-149",134,"1.5.5-5.9或3-3.4",3.3,"0.未手术",NA
"ZZRM_101",9,"13",9,"10",24,24,"1.IMV",87.4,100,83,3.7,"0.MAP大于70",15,"3.肌酐300-440或尿量<500/天","1.IMV","67.900000000000006","100","43","12.4","0.MAP大于70",6,"3.肌酐300-440或尿量<500/天","3.39-40.9或30-31.9",40.2,"0.70-109",103,"3.140-179或40-54",156,"0.12-24",21,NA,100,28.5,87.4,"2.7.25-7.32",7.32,"0.130-149",135,"0.3.5-5.4",5.3,"0.未手术",NA
"ZZRM_102",5,"7",3,"5",18,14,"2.NIMV",46.6,40,156,15.2,"0.MAP大于70",11,"0.肌酐＜110","2.NIMV","83.7","50","84","10.7","0.MAP大于70",11,"0.肌酐＜110","0.36-38.4",36.1,"0.70-109",88.7,"2.110-139或55-69",124,"0.12-24",12,46.6,NA,NA,NA,"0.7.33-7.49",7.48,"0.130-149",140,"0.3.5-5.4",4.7,"0.未手术",NA
"ZZRM_103",7,"7",7,"7",15,15,"3.HFNC",90,50,187,3.7,"0.MAP大于70",15,"4.肌酐大于440或尿量<200/天","3.HFNC","73.3","40","176","3.8","0.MAP大于70",15,"4.肌酐大于440或尿量<200/天","0.36-38.4",38.1,"0.70-109",77.6,"2.110-139或55-69",124,"0.12-24",21,NA,50,31.5,90,"0.7.33-7.49",7.412,"2.155-159或120-129",128,"0.3.5-5.4",4.2,"0.未手术",NA
"ZZRM_104",5,"5",5,"5",17,17,"3.HFNC",100,45,235,2.2,"0.MAP大于70",15,"3.肌酐300-440或尿量<500/天","3.HFNC","100","45","235","2.2000000000000002","0.MAP大于70",15,"3.肌酐300-440或尿量<500/天","3.39-40.9或30-31.9",39,"0.70-109",93.3,"2.110-139或55-69",116,"0.12-24",23,100,NA,NA,NA,"0.7.33-7.49",7.415,"0.130-149",139,"0.3.5-5.4",3.9,"0.未手术",NA
"ZZRM_105",15,"17",15,"15",17,17,"1.IMV",78.7,100,25,236.8,"4.多巴胺＞15或去甲＞0.1或肾上腺素＞0.1",15,"0.肌酐＜110","1.IMV","57.5","100","10","254.4","3.多巴胺＞5或肾上腺素≤0.1或去甲≤0.1",11,"0.肌酐＜110","0.36-38.4",36.7,"2.110-129或50-69",67,"0.70-109",104,"1.25-34或10-11",27,NA,100,43.2,78.7,"2.7.25-7.32",7.312,"0.130-149",142,"1.5.5-5.9或3-3.4",3.4,"0.未手术",NA
"PHYY_023",9,"6",9,"6",15,15,"1.IMV",85,40,84,35.7,"3.多巴胺＞5或肾上腺素≤0.1或去甲≤0.1",15,"0.肌酐＜110","1.IMV","78","30","86","7.8","2.多巴胺剂量≤5ug/kg/min或使用任意剂量的多巴酚丁胺",15,"0.肌酐＜110","0.36-38.4",38.2,"0.70-109",88,"2.110-139或55-69",125,"0.12-24",20,85,NA,NA,NA,"1.7.5-7.59",7.5,"0.130-149",131,"2.2.5-2.9",2.7,"0.未手术",NA
"PHYY_024",4,"NA",4,"NA",20,20,"3.HFNC",82,33,392,14.9,"2.多巴胺剂量≤5ug/kg/min或使用任意剂量的多巴酚丁胺",15,"0.肌酐＜110",NA,NA,NA,NA,NA,NA,NA,NA,"0.36-38.4",38.2,"2.110-129或50-69",66,"2.110-139或55-69",135,"3.35-49",35,82,NA,NA,NA,"1.7.5-7.59",7.51,"2.155-159或120-129",157,"1.5.5-5.9或3-3.4",3.1,"0.未手术",NA
"PHYY_025",3,"8",3,"8",11,11,"1.IMV",122,60,276,21.4,"0.MAP大于70",15,"0.肌酐＜110","1.IMV","56.7","60","121","11","3.多巴胺＞5或肾上腺素≤0.1或去甲≤0.1",15,"0.肌酐＜110","0.36-38.4",38.2,"0.70-109",90,"2.110-139或55-69",125,"1.25-34或10-11",33,NA,60,34,122,"0.7.33-7.49",7.44,"0.130-149",142,"0.3.5-5.4",3.6,"0.未手术",NA
"PHYY_026",10,"8",10,"8",10,10,"1.IMV",128,70,9,13.7,"2.多巴胺剂量≤5ug/kg/min或使用任意剂量的多巴酚丁胺",15,"1.肌酐110-170","1.IMV","114","45","40","9.8000000000000007","2.多巴胺剂量≤5ug/kg/min或使用任意剂量的多巴酚丁胺",15,"1.肌酐110-170","0.36-38.4",37.9,"0.70-109",76,"0.70-109",100,"1.25-34或10-11",28,NA,70,38.7,128,"0.7.33-7.49",7.39,"0.130-149",142,"0.3.5-5.4",4.1,"0.未手术",NA
"PHYY_027",7,"NA",7,"NA",11,11,"1.IMV",77.8,40,165,10.1,"3.多巴胺＞5或肾上腺素≤0.1或去甲≤0.1",15,"1.肌酐110-170",NA,NA,NA,NA,NA,NA,NA,NA,"0.36-38.4",37.5,"0.70-109",90,"0.70-109",88,"0.12-24",22,77.8,NA,NA,NA,"0.7.33-7.49",7.36,"0.130-149",142,"2.2.5-2.9",2.9,"0.未手术",NA
"PHYY_028",4,"1",4,"1",8,8,"1.IMV",85.8,60,112,13.5,"0.MAP大于70",15,"0.肌酐＜110","4.鼻导管","103","25","102","10","0.MAP大于70",15,"0.肌酐＜110","0.36-38.4",38,"0.70-109",82,"0.70-109",85,"0.12-24",23,NA,60,38,85.8,"0.7.33-7.49",7.43,"0.130-149",141,"0.3.5-5.4",3.6,"0.未手术",NA
"XARM_036",11,"6",8,"6",29,22,"1.IMV",58,60,174,6.41,"0.MAP大于70",8,"4.肌酐大于440或尿量<200/天","1.IMV","70","70","151","5.96","0.MAP大于70",15,"3.肌酐300-440或尿量<500/天","0.36-38.4",36.3,"4.≥160或≤49",46,"4.≥180或≤39",34,"0.12-24",12,NA,60,31.4,58,"0.7.33-7.49",7.43,"0.130-149",133,"0.3.5-5.4",4.31,"0.未手术",NA
"XARM_037",5,"5",3,"3",10,7,"3.HFNC",63,40,328,13.22,"0.MAP大于70",12,"0.肌酐＜110","3.HFNC","115","40","115","9","0.MAP大于70",12,"0.肌酐＜110","0.36-38.4",36.8,"0.70-109",96,"0.70-109",96,"0.12-24",21,63,NA,NA,NA,"0.7.33-7.49",7.42,"0.130-149",137,"0.3.5-5.4",4.33,"0.未手术",NA
"HNSR_037",7,"NA",7,"NA",15,15,"1.IMV",103,40,66,138.83,"0.MAP大于70",15,"0.肌酐＜110",NA,NA,NA,NA,NA,NA,NA,NA,"1.38.5-38.9或34-35.9",38.9,"2.110-129或50-69",65,"2.110-139或55-69",117,"1.25-34或10-11",33,103,NA,NA,NA,"1.7.5-7.59",7.547,"0.130-149",137,"1.5.5-5.9或3-3.4",3.32,"1.择期手术",NA
"HNSR_038",4,"2",4,"2",12,12,"1.IMV",76.1,35,138,7.12,"0.MAP大于70",15,"1.肌酐110-170","1.IMV","151","40","132","7.12","0.MAP大于70",15,"0.肌酐＜110","0.36-38.4",36.5,"0.70-109",75,"2.110-139或55-69",58,"0.12-24",19,76.1,NA,NA,NA,"0.7.33-7.49",7.456,"0.130-149",143,"0.3.5-5.4",3.8,"0.未手术",NA
"HNSR_039",10,"9",10,"9",9,9,"1.IMV",75.7,50,48,16.3,"4.多巴胺＞15或去甲＞0.1或肾上腺素＞0.1",15,"0.肌酐＜110","1.IMV","80.8","30","44",NA,"3.多巴胺＞5或肾上腺素≤0.1或去甲≤0.1",15,"1.肌酐110-170","1.38.5-38.9或34-35.9",38.6,"0.70-109",78,"2.110-139或55-69",120,"0.12-24",17,75.8,NA,NA,NA,"0.7.33-7.49",7.464,"0.130-149",145.2,"0.3.5-5.4",3.61,"1.择期手术",NA
"HNSR_040",7,"5",4,"2",21,12,"1.IMV",91,40,146,4.65,"1.MAP小于70（未使用血管活性药物）",6,"0.肌酐＜110","3.HFNC","80","40","224","5.41","0.MAP大于70",7,"0.肌酐＜110","1.38.5-38.9或34-35.9",38.6,"0.70-109",92,"0.70-109",96,"0.12-24",17,91,NA,NA,NA,"0.7.33-7.49",7.451,"1.150-154",153,"1.5.5-5.9或3-3.4",3.32,"0.未手术",NA
"HNSR_041",7,"8",4,"5",13,4,"1.IMV",67.5,35,182,26.04,"0.MAP大于70",6,"0.肌酐＜110","1.IMV","87","40","227","4.12","3.多巴胺＞5或肾上腺素≤0.1或去甲≤0.1",6,"0.肌酐＜110","1.38.5-38.9或34-35.9",38.6,"0.70-109",71,"0.70-109",82,"0.12-24",17,67.5,NA,NA,NA,"0.7.33-7.49",7.44,"0.130-149",147,"0.3.5-5.4",3.81,"0.未手术",NA
"HNSR_042",11,"10",11,"10",14,14,"1.IMV",84.8,100,57,65.07,"3.多巴胺＞5或肾上腺素≤0.1或去甲≤0.1",15,"0.肌酐＜110","1.IMV","85","100","54","65","2.多巴胺剂量≤5ug/kg/min或使用任意剂量的多巴酚丁胺",15,"0.肌酐＜110","0.36-38.4",37,"0.70-109",82,"0.70-109",73,"0.12-24",15,NA,100,35,84.8,"0.7.33-7.49",7.467,"0.130-149",138,"0.3.5-5.4",3.99,"2.急诊手术",NA
"HNSR_043",9,"6",9,"6",8,8,"1.IMV",93.3,35,74,65.44,"3.多巴胺＞5或肾上腺素≤0.1或去甲≤0.1",15,"0.肌酐＜110","3.HFNC","114.3","30","189","36.92","3.多巴胺＞5或肾上腺素≤0.1或去甲≤0.1",15,"0.肌酐＜110","0.36-38.4",38,"0.70-109",74,"2.110-139或55-69",111,"0.12-24",20,93.3,NA,NA,NA,"0.7.33-7.49",7.418,"0.130-149",143.9,"0.3.5-5.4",4.34,"2.急诊手术",NA
"HNSR_044",7,"7",5,"5",13,8,"1.IMV",70,40,265,7.7,"2.多巴胺剂量≤5ug/kg/min或使用任意剂量的多巴酚丁胺",10,"0.肌酐＜110","1.IMV","75","45","258","6.9","2.多巴胺剂量≤5ug/kg/min或使用任意剂量的多巴酚丁胺",10,"0.肌酐＜110","0.36-38.4",38.4,"0.70-109",101,"0.70-109",97,"0.12-24",15,70,NA,NA,NA,"0.7.33-7.49",7.336,"0.130-149",145,"0.3.5-5.4",4.35,"0.未手术",NA
"HNSR_045",11,"NA",8,"NA",31,22,"1.IMV",104,50,121,16.5,"2.多巴胺剂量≤5ug/kg/min或使用任意剂量的多巴酚丁胺",6,"3.肌酐300-440或尿量<500/天",NA,NA,NA,NA,NA,NA,NA,NA,"0.36-38.4",36,"0.70-109",98,"0.70-109",92,"0.12-24",15,NA,104,25.9,104,"1.7.5-7.59",7.52,"0.130-149",148,"1.5.5-5.9或3-3.4",3.4,"0.未手术",NA
"HNSR_046",6,"5",6,"5",12,12,"4.面罩",87,40,188,12,"0.MAP大于70",15,"4.肌酐大于440或尿量<200/天","4.鼻导管","100","29","216","12","0.MAP大于70",15,"4.肌酐大于440或尿量<200/天","0.36-38.4",37.8,"2.110-129或50-69",125,"0.70-109",108,"1.25-34或10-11",25,87,NA,NA,NA,"0.7.33-7.49",7.383,"0.130-149",138,"0.3.5-5.4",4.6,"0.未手术",NA
"HNSR_047",9,"5",9,"5",15,15,"1.IMV",61.6,50,84,8.83,"4.多巴胺＞15或去甲＞0.1或肾上腺素＞0.1",15,"0.肌酐＜110","1.IMV","58.4","30","69","10.130000000000001","0.MAP大于70",15,"0.肌酐＜110","0.36-38.4",38.3,"0.70-109",76,"0.70-109",104,"0.12-24",15,NA,50,36.9,61.6,"1.7.5-7.59",7.503,"0.130-149",138,"0.3.5-5.4",3.8,"0.未手术",NA
"HNSR_048",18,"NA",14,"NA",31,19,"1.IMV",74.4,80,13,57,"4.多巴胺＞15或去甲＞0.1或肾上腺素＞0.1",3,"0.肌酐＜110",NA,NA,NA,NA,NA,NA,NA,NA,"0.36-38.4",36.1,"2.110-129或50-69",56,"3.140-179或40-54",164,"0.12-24",21,NA,80,98.1,74.4,"4.≥7.7或＜7.15",7.137,"1.150-154",151,"1.5.5-5.9或3-3.4",3.2,"0.未手术",NA
"HNSR_049",6,"6",6,"6",6,6,"1.IMV",77,40,212,12,"3.多巴胺＞5或肾上腺素≤0.1或去甲≤0.1",15,"0.肌酐＜110","1.IMV","63.3","50","337","16","3.多巴胺＞5或肾上腺素≤0.1或去甲≤0.1",15,"0.肌酐＜110","0.36-38.4",38.1,"0.70-109",86,"0.70-109",75,"0.12-24",22,77,NA,NA,NA,"0.7.33-7.49",7.365,"1.150-154",153,"0.3.5-5.4",3.6,"0.未手术",NA
"HNSR_050",6,"6",6,"6",8,8,"1.IMV",87.4,45,188,5.67,"3.多巴胺＞5或肾上腺素≤0.1或去甲≤0.1",15,"0.肌酐＜110","1.IMV","78.5","70","150","9.59","3.多巴胺＞5或肾上腺素≤0.1或去甲≤0.1",15,"0.肌酐＜110","0.36-38.4",37.7,"2.110-129或50-69",64,"2.110-139或55-69",131,"0.12-24",18,87.4,NA,NA,NA,"2.7.25-7.32",7.311,"0.130-149",135,"0.3.5-5.4",3.5,"0.未手术",NA
"SLTD_013",8,"7",8,"7",12,12,"1.IMV",74,80,173,12.6,"4.多巴胺＞15或去甲＞0.1或肾上腺素＞0.1",15,"0.肌酐＜110","1.IMV","71","40","290","6.4","4.多巴胺＞15或去甲＞0.1或肾上腺素＞0.1",15,"0.肌酐＜110","0.36-38.4",36.9,"4.≥160或≤49",47,"0.70-109",106,"0.12-24",14,NA,80,35,74,"0.7.33-7.49",7.417,"0.130-149",138,"0.3.5-5.4",3.5,"1.择期手术",NA
"SLTD_014",4,"3",4,"3",9,9,"1.IMV",75,80,218,13.2,"0.MAP大于70",15,"0.肌酐＜110","1.IMV","87","60","152","11.5","0.MAP大于70",15,"0.肌酐＜110","0.36-38.4",36.8,"0.70-109",97,"0.70-109",93,"0.12-24",19,NA,80,32,75,"0.7.33-7.49",7.431,"0.130-149",140,"0.3.5-5.4",3.7,"0.未手术",NA
"SLTD_015",8,"5",4,"2",19,9,"1.IMV",73,100,194,4.6,"0.MAP大于70",5,"0.肌酐＜110","1.IMV","80","35","421","4","0.MAP大于70",7,"0.肌酐＜110","0.36-38.4",37.2,"0.70-109",102,"0.70-109",103,"0.12-24",21,NA,100,57,73,"0.7.33-7.49",7.337,"0.130-149",130,"0.3.5-5.4",4,"0.未手术",NA
"SLTD_016",13,"12",11,"12",27,22,"1.IMV",91,60,117,7.6,"4.多巴胺＞15或去甲＞0.1或肾上腺素＞0.1",10,"3.肌酐300-440或尿量<500/天","1.IMV","87","35","66","11.5","4.多巴胺＞15或去甲＞0.1或肾上腺素＞0.1",15,"4.肌酐大于440或尿量<200/天","0.36-38.4",37.6,"2.110-129或50-69",69,"2.110-139或55-69",99,"1.25-34或10-11",31,NA,60,39,91,"0.7.33-7.49",7.436,"0.130-149",166,"0.3.5-5.4",5.5,"1.择期手术",NA
"SLTD_017",9,"7",9,"7",21,21,"1.IMV",57,35,113,17.4,"4.多巴胺＞15或去甲＞0.1或肾上腺素＞0.1",15,"1.肌酐110-170","1.IMV","128","35","113","17.399999999999999","4.多巴胺＞15或去甲＞0.1或肾上腺素＞0.1",15,"1.肌酐110-170","0.36-38.4",37.5,"0.70-109",75,"2.110-139或55-69",129,"0.12-24",22,57,NA,NA,NA,"0.7.33-7.49",7.348,"0.130-149",146,"0.3.5-5.4",3.7,"1.择期手术",NA
"SLTD_018",10,"11",10,"11",20,20,"1.IMV",49,100,64,7.9,"4.多巴胺＞15或去甲＞0.1或肾上腺素＞0.1",15,"0.肌酐＜110","1.IMV","52","70","26","5.9","4.多巴胺＞15或去甲＞0.1或肾上腺素＞0.1",15,"0.肌酐＜110","1.38.5-38.9或34-35.9",35.6,"2.110-129或50-69",65,"2.110-139或55-69",122,"0.12-24",16,NA,100,49,47,"0.7.33-7.49",7.197,"2.155-159或120-129",141,"0.3.5-5.4",3.9,"0.未手术",NA
"ZDFE_107",5,"5",5,"5",9,9,"1.IMV",117,45,93,11.4,"0.MAP大于70",15,"1.肌酐110-170","2.NIMV","77.400000000000006","50","103","16.600000000000001","0.MAP大于70",15,"1.肌酐110-170","0.36-38.4",36.9,"0.70-109",72.67,"2.110-139或55-69",55,"2.6-9",8,117,NA,NA,NA,"0.7.33-7.49",7.49,"0.130-149",145,"0.3.5-5.4",3.5,"0.未手术",NA
"ZDFE_108",2,"2",2,"2",8,8,"4.鼻导管",107,30,239,5,"1.MAP小于70（未使用血管活性药物）",15,"0.肌酐＜110","4.鼻导管","104","30","259","27","0.MAP大于70",15,"0.肌酐＜110","0.36-38.4",36.5,"2.110-129或50-69",63,"0.70-109",95,"0.12-24",17,107,NA,NA,NA,"0.7.33-7.49",7.416,"0.130-149",139,"1.5.5-5.9或3-3.4",3.2,"0.未手术",NA
"ZDFE_109",11,"6",11,"6",12,12,"1.IMV",43.9,50,86,33.4,"3.多巴胺＞5或肾上腺素≤0.1或去甲≤0.1",15,"0.肌酐＜110","1.IMV","91.6","40","44","26.6","0.MAP大于70",15,"0.肌酐＜110","0.36-38.4",36.8,"0.70-109",95,"2.110-139或55-69",130,"1.25-34或10-11",32,NA,70,36.6,78.1,"0.7.33-7.49",7.36,"0.130-149",142,"0.3.5-5.4",4,"1.择期手术",NA
"ZDFE_110",7,"NA",7,"NA",14,14,"1.IMV",132,70,270,28.9,"3.多巴胺＞5或肾上腺素≤0.1或去甲≤0.1",15,"0.肌酐＜110",NA,NA,NA,NA,NA,NA,NA,NA,"0.36-38.4",36.8,"2.110-129或50-69",63,"2.110-139或55-69",138,"0.12-24",20,NA,70,61.2,132,"4.≥7.7或＜7.15",7.051,"0.130-149",149,"0.3.5-5.4",4.6,"0.未手术",NA
"ZDFE_111",5,"5",5,"5",10,10,"1.IMV",74.2,100,138,15.6,"0.MAP大于70",15,"0.肌酐＜110","1.IMV","60.8","50","135","25.1","0.MAP大于70",15,"0.肌酐＜110","0.36-38.4",38.3,"0.70-109",85.67,"2.110-139或55-69",60,"0.12-24",14,NA,100,47,74.2,"0.7.33-7.49",7.395,"0.130-149",139,"0.3.5-5.4",4.1,"0.未手术",NA
"ZDFE_112",8,"NA",6,"NA",21,16,"1.IMV",98.2,55,92,12.1,"1.MAP小于70（未使用血管活性药物）",10,"0.肌酐＜110",NA,NA,NA,NA,NA,NA,NA,NA,"0.36-38.4",38,"2.110-129或50-69",66.7,"0.70-109",106,"0.12-24",14,NA,55,37,98.2,"0.7.33-7.49",7.49,"0.130-149",137,"1.5.5-5.9或3-3.4",3.3,"0.未手术",NA
"ZDFE_113",11,"6",11,"6",20,20,"1.IMV",68.8,70,175,14,"4.多巴胺＞15或去甲＞0.1或肾上腺素＞0.1",15,"3.肌酐300-440或尿量<500/天","3.HFNC","76","45","217","26","0.MAP大于70",15,"2.肌酐171-299","0.36-38.4",36.5,"2.110-129或50-69",64,"0.70-109",91,"0.12-24",15,NA,70,39.2,68.8,"0.7.33-7.49",7.409,"0.130-149",141,"0.3.5-5.4",3.6,"0.未手术",NA
"ZDFE_114",10,"5",10,"5",18,18,"1.IMV",71.8,100,166,30.5,"4.多巴胺＞15或去甲＞0.1或肾上腺素＞0.1",15,"1.肌酐110-170","1.IMV","119","50","76","17","0.MAP大于70",15,"1.肌酐110-170","0.36-38.4",36.8,"0.70-109",84,"2.110-139或55-69",118,"0.12-24",16,NA,100,40.3,71.8,"3.7.6-7.69或7.15-7.24",7.217,"0.130-149",140,"1.5.5-5.9或3-3.4",5.9,"0.未手术",NA
"ZDFE_115",7,"6",7,"6",13,13,"1.IMV",43.2,100,162,34.9,"1.MAP小于70（未使用血管活性药物）",15,"0.肌酐＜110","2.NIMV","49.3","70","103","26","0.MAP大于70",15,"0.肌酐＜110","0.36-38.4",36.7,"2.110-129或50-69",69,"2.110-139或55-69",64,"0.12-24",12,NA,100,50.4,43.2,"1.7.5-7.59",7.558,"0.130-149",134,"0.3.5-5.4",4.6,"0.未手术",NA
"ZDFE_116",10,"2",8,"2",12,8,"1.IMV",86.4,55,95,9.2,"3.多巴胺＞5或肾上腺素≤0.1或去甲≤0.1",11,"0.肌酐＜110","3.HFNC","115","50","337","7","0.MAP大于70",15,"0.肌酐＜110","0.36-38.4",37.1,"0.70-109",81,"2.110-139或55-69",129,"0.12-24",19,NA,55,45.8,86.4,"0.7.33-7.49",7.373,"0.130-149",143,"2.2.5-2.9",2.9,"0.未手术",NA
"ZDFE_117",4,"2",4,"2",17,17,"1.IMV",68.9,100,223,14,"0.MAP大于70",15,"0.肌酐＜110","1.IMV","108","45","169","5.9","0.MAP大于70",15,"0.肌酐＜110","0.36-38.4",36.8,"0.70-109",71,"2.110-139或55-69",55,"1.25-34或10-11",25,NA,100,34.5,68.9,"4.≥7.7或＜7.15",7.085,"0.130-149",142,"1.5.5-5.9或3-3.4",3.4,"0.未手术",NA
"TZEZ_019",14,"16",11,"13",31,22,"1.IMV",107,60,20,24.5,"4.多巴胺＞15或去甲＞0.1或肾上腺素＞0.1",6,"0.肌酐＜110","1.IMV","107","60","17","21.8","4.多巴胺＞15或去甲＞0.1或肾上腺素＞0.1",6,"1.肌酐110-170","0.36-38.4",38.1,"2.110-129或50-69",52,"3.140-179或40-54",166,"3.35-49",39,NA,60,29,107,"0.7.33-7.49",7.41,"0.130-149",133.6,"2.2.5-2.9",2.78,"0.未手术",NA
"TZEZ_020",11,"9",11,"9",12,12,"1.IMV",185,65,42,33,"4.多巴胺＞15或去甲＞0.1或肾上腺素＞0.1",15,"0.肌酐＜110","1.IMV","87","60","46","21.3","2.多巴胺剂量≤5ug/kg/min或使用任意剂量的多巴酚丁胺",15,"0.肌酐＜110","0.36-38.4",36.9,"2.110-129或50-69",66,"0.70-109",92,"0.12-24",15,NA,65,34,185,"0.7.33-7.49",7.48,"0.130-149",145,"0.3.5-5.4",3.98,"0.未手术",NA
"TZEZ_021",6,"5",3,"2",21,13,"1.IMV",87,35,400,8.3,"1.MAP小于70（未使用血管活性药物）",7,"0.肌酐＜110","1.IMV","109","35","343","5.6","1.MAP小于70（未使用血管活性药物）",7,"0.肌酐＜110","0.36-38.4",38,"2.110-129或50-69",62,"0.70-109",106,"0.12-24",21,87,NA,NA,NA,"0.7.33-7.49",7.39,"0.130-149",134.3,"0.3.5-5.4",3.66,"0.未手术",NA
"TZEZ_022",8,"6",5,"3",17,10,"1.IMV",87,40,109,6.6,"2.多巴胺剂量≤5ug/kg/min或使用任意剂量的多巴酚丁胺",8,"0.肌酐＜110","1.IMV","69","50","200","8.8000000000000007","0.MAP大于70",7,"0.肌酐＜110","0.36-38.4",38.4,"2.110-129或50-69",61,"2.110-139或55-69",133,"0.12-24",15,87,NA,NA,NA,"3.7.6-7.69或7.15-7.24",7.19,"0.130-149",144.6,"0.3.5-5.4",4.01,"0.未手术",NA
"TZEZ_023",4,"4",4,"4",11,11,"1.IMV",78,50,239,12.6,"1.MAP小于70（未使用血管活性药物）",15,"0.肌酐＜110","1.IMV","133","45","237","11.3","2.多巴胺剂量≤5ug/kg/min或使用任意剂量的多巴酚丁胺",15,"0.肌酐＜110","0.36-38.4",37.7,"2.110-129或50-69",67,"0.70-109",95,"0.12-24",16,NA,50,58,78,"2.7.25-7.32",7.27,"0.130-149",142.3,"0.3.5-5.4",3.57,"0.未手术",NA
"TZEZ_024",5,"2",5,"2",6,6,"1.IMV",150,40,217,46.7,"2.多巴胺剂量≤5ug/kg/min或使用任意剂量的多巴酚丁胺",15,"0.肌酐＜110","1.IMV","172","40","205","14","2.多巴胺剂量≤5ug/kg/min或使用任意剂量的多巴酚丁胺",15,"0.肌酐＜110","0.36-38.4",37.7,"2.110-129或50-69",64,"0.70-109",101,"0.12-24",16,150,NA,NA,NA,"0.7.33-7.49",7.49,"0.130-149",141,"1.5.5-5.9或3-3.4",3.34,"0.未手术",NA
"TZEZ_025",12,"10",11,"9",25,23,"1.IMV",66,80,74,25.7,"3.多巴胺＞5或肾上腺素≤0.1或去甲≤0.1",13,"1.肌酐110-170","1.IMV","86","70","82","27.9","2.多巴胺剂量≤5ug/kg/min或使用任意剂量的多巴酚丁胺",13,"1.肌酐110-170","0.36-38.4",36.8,"2.110-129或50-69",57,"2.110-139或55-69",110,"0.12-24",24,NA,80,47,66,"2.7.25-7.32",7.3,"0.130-149",141.5,"0.3.5-5.4",4.17,"0.未手术",NA
"TZEZ_026",3,"3",3,"3",10,10,"1.IMV",116,45,110,15.7,"0.MAP大于70",15,"0.肌酐＜110","1.IMV","132","45","144","12.3","0.MAP大于70",15,"0.肌酐＜110","0.36-38.4",38,"0.70-109",75,"0.70-109",76,"0.12-24",15,116,NA,NA,NA,"0.7.33-7.49",7.4,"0.130-149",143,"1.5.5-5.9或3-3.4",3.48,"2.急诊手术",NA
"TZEZ_027",4,"4",4,"4",8,8,"1.IMV",72,40,165,6.2,"1.MAP小于70（未使用血管活性药物）",15,"0.肌酐＜110","1.IMV","71","40","188","10.6","1.MAP小于70（未使用血管活性药物）",15,"0.肌酐＜110","0.36-38.4",38.2,"2.110-129或50-69",57,"0.70-109",93,"0.12-24",20,72,NA,NA,NA,"0.7.33-7.49",7.39,"0.130-149",142.5,"0.3.5-5.4",4.68,"0.未手术",NA
"TZEZ_028",9,"7",9,"7",15,15,"1.IMV",74,55,250,23.6,"4.多巴胺＞15或去甲＞0.1或肾上腺素＞0.1",15,"1.肌酐110-170","1.IMV","78","55","141","9.1999999999999993","3.多巴胺＞5或肾上腺素≤0.1或去甲≤0.1",15,"0.肌酐＜110","0.36-38.4",36.5,"0.70-109",77,"2.110-139或55-69",69,"0.12-24",14,NA,55,88,74,"0.7.33-7.49",7.48,"0.130-149",138.3,"0.3.5-5.4",3.66,"0.未手术",NA
"TZEZ_029",10,"9",7,"6",24,15,"1.IMV",114,40,98,22.1,"2.多巴胺剂量≤5ug/kg/min或使用任意剂量的多巴酚丁胺",6,"0.肌酐＜110","1.IMV","94","40","73","17.3","2.多巴胺剂量≤5ug/kg/min或使用任意剂量的多巴酚丁胺",6,"0.肌酐＜110","0.36-38.4",37.8,"4.≥160或≤49",39,"3.140-179或40-54",49,"1.25-34或10-11",30,114,NA,NA,NA,"1.7.5-7.59",7.58,"0.130-149",143,"0.3.5-5.4",4.01,"0.未手术",NA
"TZEZ_030",10,"8",6,"5",25,13,"1.IMV",87,40,99,5.8,"1.MAP小于70（未使用血管活性药物）",3,"1.肌酐110-170","1.IMV","127","40","90","5.8","1.MAP小于70（未使用血管活性药物）",6,"1.肌酐110-170","0.36-38.4",38.3,"2.110-129或50-69",57,"2.110-139或55-69",63,"0.12-24",15,87,NA,NA,NA,"2.7.25-7.32",7.27,"0.130-149",141.7,"0.3.5-5.4",4.95,"0.未手术",NA
"TZEZ_031",7,"5",4,"1",19,11,"1.IMV",107,60,288,10.4,"1.MAP小于70（未使用血管活性药物）",7,"0.肌酐＜110","1.IMV","149","40","204","8.6999999999999993","0.MAP大于70",5,"0.肌酐＜110","0.36-38.4",38.3,"2.110-129或50-69",66,"0.70-109",104,"0.12-24",13,NA,60,49,107,"0.7.33-7.49",7.42,"0.130-149",142,"1.5.5-5.9或3-3.4",3.39,"0.未手术",NA
"TZEZ_032",11,"10",8,"7",23,14,"1.IMV",110,40,43,7.6,"0.MAP大于70",6,"3.肌酐300-440或尿量<500/天","1.IMV","131","40","29","6.4","0.MAP大于70",7,"3.肌酐300-440或尿量<500/天","0.36-38.4",36,"2.110-129或50-69",61,"2.110-139或55-69",61,"0.12-24",15,110,NA,NA,NA,"0.7.33-7.49",7.41,"0.130-149",141.7,"1.5.5-5.9或3-3.4",3.34,"0.未手术",NA
"ZYQC_116",10,"7",6,"3",27,15,"1.IMV",70.9,35,384,6.7,"4.多巴胺＞15或去甲＞0.1或肾上腺素＞0.1",3,"0.肌酐＜110","1.IMV","80","30","363","4","1.MAP小于70（未使用血管活性药物）",5,"0.肌酐＜110","0.36-38.4",36.6,"2.110-129或50-69",63,"0.70-109",72,"0.12-24",12,70.9,NA,NA,NA,"1.7.5-7.59",7.53,"0.130-149",137,"0.3.5-5.4",3.5,"0.未手术",NA
"ZYQC_117",13,"NA",13,"NA",19,19,"1.IMV",81,35,34,46.8,"4.多巴胺＞15或去甲＞0.1或肾上腺素＞0.1",15,"2.肌酐171-299",NA,NA,NA,NA,NA,NA,NA,NA,"0.36-38.4",36.7,"0.70-109",82,"0.70-109",70,"0.12-24",12,81,NA,NA,NA,"2.7.25-7.32",7.3,"0.130-149",136,"0.3.5-5.4",4.4,"0.未手术",NA
"ZYQC_118",8,"7",8,"7",20,20,"1.IMV",78,40,409,9.1,"4.多巴胺＞15或去甲＞0.1或肾上腺素＞0.1",15,"1.肌酐110-170","1.IMV","67","45","149","7.6","3.多巴胺＞5或肾上腺素≤0.1或去甲≤0.1",15,"0.肌酐＜110","0.36-38.4",36,"2.110-129或50-69",61,"2.110-139或55-69",137,"1.25-34或10-11",28,78,NA,NA,NA,"3.7.6-7.69或7.15-7.24",7.24,"2.155-159或120-129",158,"0.3.5-5.4",3.6,"0.未手术",NA
"ZYQC_119",6,"7",6,"7",17,17,"1.IMV",60,55,150,18.3,"3.多巴胺＞5或肾上腺素≤0.1或去甲≤0.1",15,"0.肌酐＜110","1.IMV","63","55","150","20.6","3.多巴胺＞5或肾上腺素≤0.1或去甲≤0.1",15,"0.肌酐＜110","0.36-38.4",37.3,"2.110-129或50-69",65,"0.70-109",98,"0.12-24",15,NA,55,41,60,"2.7.25-7.32",7.26,"2.155-159或120-129",124,"0.3.5-5.4",4.4,"0.未手术",NA
"ZYQC_120",12,"12",12,"12",17,17,"1.IMV",69,55,67,111.6,"4.多巴胺＞15或去甲＞0.1或肾上腺素＞0.1",15,"0.肌酐＜110","1.IMV","68","50","37","188.3","3.多巴胺＞5或肾上腺素≤0.1或去甲≤0.1",15,"0.肌酐＜110","1.38.5-38.9或34-35.9",38.7,"2.110-129或50-69",62,"2.110-139或55-69",124,"1.25-34或10-11",30,NA,55,27,69,"1.7.5-7.59",7.52,"0.130-149",137,"1.5.5-5.9或3-3.4",3.1,"0.未手术",NA
"ZYQC_121",5,"6",5,"6",10,10,"1.IMV",80,40,393,3.2,"3.多巴胺＞5或肾上腺素≤0.1或去甲≤0.1",15,"0.肌酐＜110","1.IMV","87","22","541","1.9","4.多巴胺＞15或去甲＞0.1或肾上腺素＞0.1",15,"1.肌酐110-170","1.38.5-38.9或34-35.9",38.8,"0.70-109",78,"0.70-109",85,"0.12-24",18,80,NA,NA,NA,"2.7.25-7.32",7.31,"0.130-149",137,"0.3.5-5.4",3.9,"0.未手术",NA
"ZYQC_122",12,"10",12,"10",29,29,"1.IMV",74,100,237,3.8,"4.多巴胺＞15或去甲＞0.1或肾上腺素＞0.1",15,"4.肌酐大于440或尿量<200/天","1.IMV","58.2","30","201","3.9","3.多巴胺＞5或肾上腺素≤0.1或去甲≤0.1",15,"4.肌酐大于440或尿量<200/天","3.39-40.9或30-31.9",39.7,"2.110-129或50-69",66,"2.110-139或55-69",115,"3.35-49",39,NA,100,41,74,"2.7.25-7.32",7.28,"2.155-159或120-129",128,"3.6-6.9",6.2,"0.未手术",NA
"ZYQC_123",9,"11",5,"7",20,8,"1.IMV",90.4,25,122,3.9,"3.多巴胺＞5或肾上腺素≤0.1或去甲≤0.1",3,"0.肌酐＜110","1.IMV","87.9","23","30","8.8000000000000007","3.多巴胺＞5或肾上腺素≤0.1或去甲≤0.1",4,"0.肌酐＜110","0.36-38.4",36.3,"0.70-109",81,"0.70-109",76,"0.12-24",16,90.4,NA,NA,NA,"0.7.33-7.49",7.39,"3.160-179或111-119",171,"0.3.5-5.4",3.7,"0.未手术",NA
"ZYQC_124",9,"7",9,"7",26,26,"1.IMV",74,100,121,9.8,"3.多巴胺＞5或肾上腺素≤0.1或去甲≤0.1",15,"1.肌酐110-170","1.IMV","62.4","40","102","6.3","1.MAP小于70（未使用血管活性药物）",15,"2.肌酐171-299","0.36-38.4",36.2,"2.110-129或50-69",114,"2.110-139或55-69",114,"3.35-49",39,NA,100,27,74,"2.7.25-7.32",7.3,"1.150-154",150,"2.2.5-2.9",2.7,"0.未手术",NA
"ZYQC_125",3,"4",3,"4",16,16,"1.IMV",90,30,118,12.2,"0.MAP大于70",15,"1.肌酐110-170","1.IMV","71.099999999999994","30","165","16","0.MAP大于70",15,"2.肌酐171-299","0.36-38.4",37.1,"0.70-109",77,"0.70-109",74,"0.12-24",15,90,NA,NA,NA,"2.7.25-7.32",7.3,"0.130-149",140,"0.3.5-5.4",4.1,"0.未手术",NA
"ZYQC_126",8,"7",8,"7",21,21,"1.IMV",37,100,316,8.4,"4.多巴胺＞15或去甲＞0.1或肾上腺素＞0.1",15,"0.肌酐＜110","1.IMV","61","70","153","4.4000000000000004","3.多巴胺＞5或肾上腺素≤0.1或去甲≤0.1",15,"0.肌酐＜110","0.36-38.4",36.7,"2.110-129或50-69",118,"2.110-139或55-69",138,"3.35-49",49,NA,100,68,37,"2.7.25-7.32",7.28,"0.130-149",135,"0.3.5-5.4",3.6,"0.未手术",NA
"ZYQC_127",8,"6",8,"6",8,8,"1.IMV",76,40,108,11.1,"3.多巴胺＞5或肾上腺素≤0.1或去甲≤0.1",15,"1.肌酐110-170","1.IMV","87","40","131","14.4","3.多巴胺＞5或肾上腺素≤0.1或去甲≤0.1",15,"0.肌酐＜110","0.36-38.4",36.8,"0.70-109",88,"0.70-109",73,"0.12-24",14,76,NA,NA,NA,"0.7.33-7.49",7.43,"0.130-149",136,"1.5.5-5.9或3-3.4",3.4,"0.未手术",NA
"ZYQC_128",8,"5",8,"5",8,8,"1.IMV",169,45,59,26,"3.多巴胺＞5或肾上腺素≤0.1或去甲≤0.1",15,"1.肌酐110-170","4.鼻导管","84","25","48","15.1","0.MAP大于70",15,"1.肌酐110-170","0.36-38.4",36,"2.110-129或50-69",110,"2.110-139或55-69",137,"0.12-24",13,169,NA,NA,NA,"2.7.25-7.32",7.28,"0.130-149",137,"0.3.5-5.4",3.5,"0.未手术",NA
"ZYQC_129",11,"11",11,"11",16,16,"1.IMV",136,40,33,39.1,"4.多巴胺＞15或去甲＞0.1或肾上腺素＞0.1",15,"1.肌酐110-170","1.IMV","73","35","33","83.4","4.多巴胺＞15或去甲＞0.1或肾上腺素＞0.1",15,"0.肌酐＜110","0.36-38.4",37.4,"0.70-109",73,"0.70-109",80,"0.12-24",14,136,NA,NA,NA,"0.7.33-7.49",7.36,"0.130-149",131,"0.3.5-5.4",3.5,"0.未手术",NA
"ZYQC_130",7,"6",7,"6",14,14,"3.HFNC",65.8,100,241,10.6,"1.MAP小于70（未使用血管活性药物）",15,"2.肌酐171-299","1.IMV","90.2","30","240","20.2","2.多巴胺剂量≤5ug/kg/min或使用任意剂量的多巴酚丁胺",15,"2.肌酐171-299","0.36-38.4",36.9,"2.110-129或50-69",127,"0.70-109",107,"1.25-34或10-11",29,NA,100,36.6,65.8,"0.7.33-7.49",7.49,"0.130-149",146,"1.5.5-5.9或3-3.4",3,"0.未手术",NA
"ZYQC_131",11,"8",11,"8",14,14,"1.IMV",75.4,30,40,14.2,"3.多巴胺＞5或肾上腺素≤0.1或去甲≤0.1",15,"3.肌酐300-440或尿量<500/天","1.IMV","83.2","30","63","14.2","3.多巴胺＞5或肾上腺素≤0.1或去甲≤0.1",15,"1.肌酐110-170","0.36-38.4",37.1,"0.70-109",84,"0.70-109",94,"0.12-24",17,75.4,NA,NA,NA,"3.7.6-7.69或7.15-7.24",7.24,"0.130-149",140,"0.3.5-5.4",4.5,"0.未手术",NA
"ZYQC_132",10,"8",10,"8",17,17,"1.IMV",67,35,202,7.9,"3.多巴胺＞5或肾上腺素≤0.1或去甲≤0.1",15,"4.肌酐大于440或尿量<200/天","1.IMV","69.5","35","151","5.6","3.多巴胺＞5或肾上腺素≤0.1或去甲≤0.1",15,"2.肌酐171-299","0.36-38.4",37.5,"2.110-129或50-69",62,"2.110-139或55-69",64,"1.25-34或10-11",31,67,NA,NA,NA,"2.7.25-7.32",7.31,"0.130-149",144,"0.3.5-5.4",5.3,"0.未手术",NA
"ZYQC_133",13,"11",13,"11",21,21,"1.IMV",68,60,328,189.2,"3.多巴胺＞5或肾上腺素≤0.1或去甲≤0.1",15,"4.肌酐大于440或尿量<200/天","1.IMV","89.9","28","76","143.30000000000001","3.多巴胺＞5或肾上腺素≤0.1或去甲≤0.1",15,"2.肌酐171-299","0.36-38.4",37,"0.70-109",81,"2.110-139或55-69",124,"0.12-24",18,68,NA,NA,NA,"2.7.25-7.32",7.25,"0.130-149",146,"0.3.5-5.4",4.7,"0.未手术",NA
"ZYQC_134",7,"4",7,"4",22,22,"1.IMV",63.7,40,159,16.5,"3.多巴胺＞5或肾上腺素≤0.1或去甲≤0.1",15,"1.肌酐110-170","1.IMV","59.7","35","164","13.4","1.MAP小于70（未使用血管活性药物）",15,"0.肌酐＜110","3.39-40.9或30-31.9",39.3,"2.110-129或50-69",63,"2.110-139或55-69",117,"3.35-49",36,63.7,NA,NA,NA,"0.7.33-7.49",7.41,"0.130-149",142,"1.5.5-5.9或3-3.4",3.2,"0.未手术",NA
"ZYQC_135",7,"7",7,"7",13,13,"3.HFNC",69.4,90,180,17.9,"3.多巴胺＞5或肾上腺素≤0.1或去甲≤0.1",15,"0.肌酐＜110","3.HFNC","55","75","374","8.8000000000000007","3.多巴胺＞5或肾上腺素≤0.1或去甲≤0.1",15,"0.肌酐＜110","0.36-38.4",36.8,"3.130-159",131,"2.110-139或55-69",66,"0.12-24",14,NA,90,36.9,69.4,"0.7.33-7.49",7.45,"0.130-149",136,"0.3.5-5.4",3.5,"0.未手术",NA
"ZYQC_136",7,"NA",7,"NA",16,16,"1.IMV",49.4,100,303,4.9,"3.多巴胺＞5或肾上腺素≤0.1或去甲≤0.1",15,"0.肌酐＜110",NA,NA,NA,NA,NA,NA,NA,NA,"0.36-38.4",37.3,"0.70-109",70,"3.140-179或40-54",152,"0.12-24",24,NA,100,69.8,49.4,"2.7.25-7.32",7.29,"0.130-149",138,"0.3.5-5.4",3.6,"0.未手术",NA
"ZYQC_137",14,"11",14,"11",12,12,"1.IMV",71.1,50,23,206.4,"3.多巴胺＞5或肾上腺素≤0.1或去甲≤0.1",15,"1.肌酐110-170","1.IMV","74.3","50","23","92.7","3.多巴胺＞5或肾上腺素≤0.1或去甲≤0.1",15,"0.肌酐＜110","0.36-38.4",36.8,"0.70-109",88,"2.110-139或55-69",121,"0.12-24",12,NA,50,37.2,71.1,"0.7.33-7.49",7.38,"0.130-149",132,"0.3.5-5.4",3.8,"0.未手术",NA
"ZYQC_138",5,"NA",5,"NA",13,13,"1.IMV",55,100,305,22.4,"0.MAP大于70",15,"0.肌酐＜110",NA,NA,NA,NA,NA,NA,NA,NA,"0.36-38.4",37.5,"0.70-109",76,"2.110-139或55-69",68,"0.12-24",19,NA,100,50.5,55,"2.7.25-7.32",7.28,"0.130-149",143,"1.5.5-5.9或3-3.4",3.1,"0.未手术",NA
"ZYQC_139",10,"11",10,"11",9,9,"1.IMV",74.4,50,90,75.8,"3.多巴胺＞5或肾上腺素≤0.1或去甲≤0.1",15,"0.肌酐＜110","1.IMV","73","50","34","75.8","3.多巴胺＞5或肾上腺素≤0.1或去甲≤0.1",15,"0.肌酐＜110","0.36-38.4",38.1,"0.70-109",71,"0.70-109",99,"0.12-24",14,NA,50,38.3,74.4,"0.7.33-7.49",7.37,"0.130-149",146,"0.3.5-5.4",4.5,"0.未手术",NA
"ZYQC_140",10,"NA",10,"NA",33,33,"1.IMV",60.1,100,192,8,"4.多巴胺＞15或去甲＞0.1或肾上腺素＞0.1",15,"2.肌酐171-299",NA,NA,NA,NA,NA,NA,NA,NA,"0.36-38.4",37.1,"2.110-129或50-69",64,"3.140-179或40-54",159,"3.35-49",42,NA,100,55,60.1,"2.7.25-7.32",7.26,"0.130-149",133,"1.5.5-5.9或3-3.4",3.3,"0.未手术",NA
"ZYQC_141",4,"2",4,"2",10,10,"1.IMV",96.1,40,310,8.3,"0.MAP大于70",15,"2.肌酐171-299","1.IMV","92","30","178","9.5","0.MAP大于70",15,"1.肌酐110-170","0.36-38.4",37.9,"0.70-109",85,"0.70-109",93,"0.12-24",12,96.1,NA,NA,NA,"0.7.33-7.49",7.44,"0.130-149",137,"0.3.5-5.4",3.6,"2.急诊手术",NA
"ZYQC_142",8,"2",8,"2",15,15,"1.IMV",81.9,30,101,24.5,"4.多巴胺＞15或去甲＞0.1或肾上腺素＞0.1",15,"0.肌酐＜110","3.HFNC","62.8","25","150","14","0.MAP大于70",15,"0.肌酐＜110","0.36-38.4",37.7,"2.110-129或50-69",114,"0.70-109",85,"1.25-34或10-11",27,81.9,NA,NA,NA,"3.7.6-7.69或7.15-7.24",7.19,"0.130-149",142,"0.3.5-5.4",3.5,"0.未手术",NA
"ZYQC_143",11,"10",11,"10",18,18,"1.IMV",74.6,60,58,8.1,"3.多巴胺＞5或肾上腺素≤0.1或去甲≤0.1",15,"3.肌酐300-440或尿量<500/天","1.IMV","96","45","32","8.1","3.多巴胺＞5或肾上腺素≤0.1或去甲≤0.1",15,"2.肌酐171-299","0.36-38.4",38.3,"0.70-109",83,"0.70-109",87,"0.12-24",15,NA,60,43.8,74.6,"0.7.33-7.49",7.33,"0.130-149",136,"0.3.5-5.4",3.8,"0.未手术",NA
"ZYQC_144",5,"3",5,"3",15,15,"1.IMV",66.2,26,93,2,"1.MAP小于70（未使用血管活性药物）",15,"0.肌酐＜110","1.IMV","62.8","25","150","10.8","1.MAP小于70（未使用血管活性药物）",15,"0.肌酐＜110","0.36-38.4",36.8,"0.70-109",74,"2.110-139或55-69",110,"0.12-24",13,66.2,NA,NA,NA,"1.7.5-7.59",7.52,"0.130-149",137,"1.5.5-5.9或3-3.4",3.4,"0.未手术",NA
"ZYCZ_038",9,"4",9,"4",15,15,"1.IMV",77.9,40,173,15.4,"4.多巴胺＞15或去甲＞0.1或肾上腺素＞0.1",15,"2.肌酐171-299","3.HFNC","93","25","151","11.1","1.MAP小于70（未使用血管活性药物）",15,"2.肌酐171-299","0.36-38.4",37.2,"2.110-129或50-69",63,"2.110-139或55-69",120,"0.12-24",12,77.9,NA,NA,NA,"0.7.33-7.49",7.36,"0.130-149",137,"0.3.5-5.4",4.05,"0.未手术",NA
"ZYCZ_039",1,"2",1,"2",10,10,"1.IMV",78.6,25,191,10.9,"0.MAP大于70",15,"0.肌酐＜110","1.IMV","86","25","128","4.4000000000000004","0.MAP大于70",15,"0.肌酐＜110","0.36-38.4",36.8,"0.70-109",78,"2.110-139或55-69",65,"0.12-24",12,97.1,NA,NA,NA,"2.7.25-7.32",7.32,"0.130-149",143,"0.3.5-5.4",4.03,"0.未手术",NA
"ZYCZ_040",3,"2",3,"2",15,15,"3.HFNC",74.5,60,328,15.2,"0.MAP大于70",15,"0.肌酐＜110","3.HFNC","66","30","227","11.2","0.MAP大于70",15,"0.肌酐＜110","3.39-40.9或30-31.9",40.1,"0.70-109",80,"2.110-139或55-69",123,"3.35-49",44,NA,60,45.8,74.5,"1.7.5-7.59",7.55,"0.130-149",135,"0.3.5-5.4",4.09,"0.未手术",NA
"ZYCZ_041",6,"5",6,"5",8,8,"1.IMV",89.5,45,67,20.6,"0.MAP大于70",15,"0.肌酐＜110","1.IMV","66.8","45","66","19.399999999999999","0.MAP大于70",15,"0.肌酐＜110","0.36-38.4",37.4,"0.70-109",92,"2.110-139或55-69",133,"0.12-24",22,89.5,NA,NA,NA,"1.7.5-7.59",7.51,"0.130-149",144,"0.3.5-5.4",3.6,"0.未手术",NA
"ZYCZ_042",16,"14",16,"14",27,27,"1.IMV",88.9,100,37,228.6,"4.多巴胺＞15或去甲＞0.1或肾上腺素＞0.1",15,"1.肌酐110-170","1.IMV","91.9","30","15","437","1.MAP小于70（未使用血管活性药物）",15,"4.肌酐大于440或尿量<200/天","1.38.5-38.9或34-35.9",38.5,"2.110-129或50-69",60,"3.140-179或40-54",147,"1.25-34或10-11",27,NA,100,43.3,88.9,"4.≥7.7或＜7.15",7.02,"4.≥180或≤110",184,"0.3.5-5.4",4,"0.未手术",NA
"ZYYH_073",5,"2",5,"2",18,18,"1.IMV",83,40,140,14.4,"1.MAP小于70（未使用血管活性药物）",15,"1.肌酐110-170","1.IMV","92","35","235","8.6","0.MAP大于70",15,"0.肌酐＜110","0.36-38.4",37.5,"2.110-129或50-69",52,"2.110-139或55-69",113,"2.6-9",9,83,NA,NA,NA,"0.7.33-7.49",7.36,"1.150-154",152,"1.5.5-5.9或3-3.4",3.3,"0.未手术",NA
"ZYYH_074",7,"4",7,"4",13,13,"1.IMV",72,100,242,8.6,"3.多巴胺＞5或肾上腺素≤0.1或去甲≤0.1",15,"0.肌酐＜110","1.IMV","87","50","263","10.5","1.MAP小于70（未使用血管活性药物）",15,"0.肌酐＜110","0.36-38.4",38,"2.110-129或50-69",51,"0.70-109",105,"1.25-34或10-11",30,NA,100,25,72,"3.7.6-7.69或7.15-7.24",7.2,"0.130-149",139,"1.5.5-5.9或3-3.4",3.2,"0.未手术",NA
"ZYYH_075",10,"9",10,"9",28,28,"1.IMV",68.7,50,261,11,"4.多巴胺＞15或去甲＞0.1或肾上腺素＞0.1",15,"3.肌酐300-440或尿量<500/天","1.IMV","143","45","92","11.6","3.多巴胺＞5或肾上腺素≤0.1或去甲≤0.1",15,"3.肌酐300-440或尿量<500/天","1.38.5-38.9或34-35.9",38.7,"2.110-129或50-69",65,"3.140-179或40-54",149,"0.12-24",16,NA,50,46,68.7,"4.≥7.7或＜7.15",7.05,"0.130-149",135,"1.5.5-5.9或3-3.4",5.5,"0.未手术",NA
"ZYYH_076",4,"4",4,"4",15,15,"1.IMV",154,100,111,12.3,"0.MAP大于70",15,"0.肌酐＜110","1.IMV","97.3","35","72","10.6","0.MAP大于70",15,"0.肌酐＜110","0.36-38.4",36.2,"0.70-109",71,"2.110-139或55-69",135,"1.25-34或10-11",26,NA,100,40.1,154,"0.7.33-7.49",7.33,"0.130-149",133,"1.5.5-5.9或3-3.4",5.5,"0.未手术",NA
"ZYYH_077",7,"13",7,"9",29,29,"1.IMV",54.3,50,104,14.7,"1.MAP小于70（未使用血管活性药物）",15,"2.肌酐171-299","1.IMV","76","55","99","13.1","0.MAP大于70",3,"4.肌酐大于440或尿量<200/天","4.≥41或≤29.9",41.2,"2.110-129或50-69",62,"3.140-179或40-54",156,"0.12-24",12,NA,50,27.5,54.3,"3.7.6-7.69或7.15-7.24",7.15,"3.160-179或111-119",164,"1.5.5-5.9或3-3.4",5.71,"0.未手术",NA
"ZYYH_078",8,"8",8,"8",18,18,"1.IMV",85,40,135,13.5,"1.MAP小于70（未使用血管活性药物）",15,"4.肌酐大于440或尿量<200/天","1.IMV","81","35","98","17.899999999999999","0.MAP大于70",15,"4.肌酐大于440或尿量<200/天","1.38.5-38.9或34-35.9",35.8,"2.110-129或50-69",69,"0.70-109",83,"0.12-24",12,85,NA,NA,NA,"2.7.25-7.32",7.28,"0.130-149",133,"1.5.5-5.9或3-3.4",3.4,"0.未手术",NA
"ZYYH_079",7,"4",7,"4",21,21,"1.IMV",79.6,50,163,5.4,"0.MAP大于70",15,"4.肌酐大于440或尿量<200/天","1.IMV","129","30","263","4.5","0.MAP大于70",15,"4.肌酐大于440或尿量<200/天","1.38.5-38.9或34-35.9",35.5,"2.110-129或50-69",111,"0.70-109",76,"1.25-34或10-11",32,NA,50,41.8,79.6,"2.7.25-7.32",7.28,"0.130-149",143,"0.3.5-5.4",3.8,"0.未手术",NA
"ZYYH_080",7,"2",7,"2",14,14,"1.IMV",64,40,169,6.7,"4.多巴胺＞15或去甲＞0.1或肾上腺素＞0.1",15,"0.肌酐＜110","4.鼻导管","100","30","137","8.3000000000000007","0.MAP大于70",15,"0.肌酐＜110","0.36-38.4",36.8,"2.110-129或50-69",110,"2.110-139或55-69",132,"0.12-24",12,64,NA,NA,NA,"0.7.33-7.49",7.4,"0.130-149",146,"1.5.5-5.9或3-3.4",3.1,"0.未手术",NA
"HNSR_051",7,"8",7,"8",11,11,"1.IMV",96,60,85,39.5,"0.MAP大于70",15,"0.肌酐＜110","1.IMV","72","60","128","70","2.多巴胺剂量≤5ug/kg/min或使用任意剂量的多巴酚丁胺",15,"0.肌酐＜110","1.38.5-38.9或34-35.9",38.7,"0.70-109",81,"2.110-139或55-69",112,"0.12-24",22,NA,60,35,96,"0.7.33-7.49",7.43,"1.150-154",150,"0.3.5-5.4",4.9,"0.未手术",NA
"HNSR_052",7,"7",7,"7",15,15,"1.IMV",70.7,50,199,19.75,"3.多巴胺＞5或肾上腺素≤0.1或去甲≤0.1",15,"0.肌酐＜110","1.IMV","75.3","40","184","27.4","3.多巴胺＞5或肾上腺素≤0.1或去甲≤0.1",15,"0.肌酐＜110","3.39-40.9或30-31.9",39.2,"0.70-109",77,"0.70-109",79,"0.12-24",16,NA,50,36.6,70.7,"0.7.33-7.49",7.429,"0.130-149",139.6,"0.3.5-5.4",3.67,"0.未手术",NA
"HNSR_053",4,"3",4,"3",13,13,"3.HFNC",78.6,60,126,7.5,"0.MAP大于70",15,"0.肌酐＜110","1.IMV","127.4","50","162","2.37","0.MAP大于70",15,"1.肌酐110-170","0.36-38.4",37.3,"0.70-109",82,"0.70-109",108,"1.25-34或10-11",25,NA,60,42.9,78.6,"2.7.25-7.32",7.319,"0.130-149",149.4,"1.5.5-5.9或3-3.4",3.29,"0.未手术",NA
"HNSR_054",3,"7",3,"7",8,8,"1.IMV",93.7,50,170,18.84,"0.MAP大于70",15,"0.肌酐＜110","1.IMV","72.900000000000006","50","207","27.98","3.多巴胺＞5或肾上腺素≤0.1或去甲≤0.1",15,"0.肌酐＜110","0.36-38.4",36.7,"0.70-109",87,"2.110-139或55-69",58,"0.12-24",16,NA,50,43.1,93.7,"0.7.33-7.49",7.436,"0.130-149",141,"1.5.5-5.9或3-3.4",3.35,"0.未手术",NA
"HNSR_055",9,"8",9,"8",21,21,"3.HFNC",69.3,70,15,13.5,"1.MAP小于70（未使用血管活性药物）",15,"0.肌酐＜110","1.IMV","80.8","40","45","10.6","3.多巴胺＞5或肾上腺素≤0.1或去甲≤0.1",15,"0.肌酐＜110","1.38.5-38.9或34-35.9",38.9,"2.110-129或50-69",68,"2.110-139或55-69",127,"3.35-49",37,NA,70,37.3,69.3,"0.7.33-7.49",7.398,"0.130-149",139,"2.2.5-2.9",2.57,"0.未手术",NA
"HNSR_056",8,"7",8,"7",15,15,"1.IMV",91.2,85,65,18.8,"3.多巴胺＞5或肾上腺素≤0.1或去甲≤0.1",15,"0.肌酐＜110","1.IMV","71","100","238","10.24","3.多巴胺＞5或肾上腺素≤0.1或去甲≤0.1",15,"0.肌酐＜110","0.36-38.4",36,"2.110-129或50-69",61,"2.110-139或55-69",119,"0.12-24",22,NA,85,57,91.2,"2.7.25-7.32",7.289,"1.150-154",153,"1.5.5-5.9或3-3.4",3.24,"0.未手术",NA
"HNSR_057",11,"NA",11,"NA",19,19,"1.IMV",56.9,80,30,24.13,"3.多巴胺＞5或肾上腺素≤0.1或去甲≤0.1",15,"0.肌酐＜110",NA,NA,NA,NA,NA,NA,NA,NA,"3.39-40.9或30-31.9",39.7,"2.110-129或50-69",63,"2.110-139或55-69",129,"0.12-24",15,NA,80,40.8,56.9,"1.7.5-7.59",7.529,"1.150-154",149.6,"1.5.5-5.9或3-3.4",3.05,"0.未手术",NA
"HNSR_058",3,"7",3,"7",12,12,"1.IMV",65.2,45,237,9.82,"0.MAP大于70",15,"0.肌酐＜110","1.IMV","95.4","60","432","3.83","4.多巴胺＞15或去甲＞0.1或肾上腺素＞0.1",15,"0.肌酐＜110","1.38.5-38.9或34-35.9",38.5,"0.70-109",74,"2.110-139或55-69",112,"0.12-24",23,65.2,NA,NA,NA,"1.7.5-7.59",7.497,"0.130-149",143.4,"0.3.5-5.4",4.1,"0.未手术",NA
"HNSR_059",7,"3",7,"3",10,10,"1.IMV",116,70,120,12.15,"3.多巴胺＞5或肾上腺素≤0.1或去甲≤0.1",15,"0.肌酐＜110","1.IMV","86","50","192","9.16","0.MAP大于70",15,"0.肌酐＜110","0.36-38.4",37.5,"2.110-129或50-69",69,"2.110-139或55-69",114,"1.25-34或10-11",25,NA,70,34.4,116,"0.7.33-7.49",7.473,"0.130-149",145.3,"0.3.5-5.4",3.71,"0.未手术",NA
"HNSR_060",6,"10",6,"10",18,18,"1.IMV",81.3,60,254,11.85,"3.多巴胺＞5或肾上腺素≤0.1或去甲≤0.1",15,"0.肌酐＜110","1.IMV","72.7","40","58","22.38","4.多巴胺＞15或去甲＞0.1或肾上腺素＞0.1",15,"0.肌酐＜110","3.39-40.9或30-31.9",40.5,"0.70-109",74,"2.110-139或55-69",133,"0.12-24",17,NA,60,33.2,81.3,"0.7.33-7.49",7.487,"3.160-179或111-119",160.1,"4.≥7或＜2.5",2.15,"0.未手术",NA
"HNSR_061",8,"7",8,"7",14,14,"1.IMV",84.9,60,126,9.1,"4.多巴胺＞15或去甲＞0.1或肾上腺素＞0.1",15,"0.肌酐＜110","1.IMV","79","50","146","3.47","3.多巴胺＞5或肾上腺素≤0.1或去甲≤0.1",15,"0.肌酐＜110","0.36-38.4",38.4,"2.110-129或50-69",62,"0.70-109",108,"0.12-24",24,NA,60,97.6,84.9,"4.≥7.7或＜7.15",7.136,"0.130-149",140.4,"0.3.5-5.4",3.48,"0.未手术",NA
"HNSR_062",4,"4",4,"4",12,12,"1.IMV",71.2,70,143,16.7,"0.MAP大于70",15,"0.肌酐＜110","1.IMV","65.400000000000006","40","146","15.5","0.MAP大于70",15,"0.肌酐＜110","0.36-38.4",36.8,"0.70-109",74,"0.70-109",95,"0.12-24",18,NA,70,33.2,71.2,"0.7.33-7.49",7.421,"1.150-154",150.3,"0.3.5-5.4",4.84,"0.未手术",NA
"HNSR_063",5,"10",2,"7",13,6,"1.IMV",94.2,40,166,9,"0.MAP大于70",8,"0.肌酐＜110","1.IMV","79.3","60","142","7.05","3.多巴胺＞5或肾上腺素≤0.1或去甲≤0.1",8,"0.肌酐＜110","0.36-38.4",36.5,"0.70-109",97,"0.70-109",80,"0.12-24",12,94.2,NA,NA,NA,"0.7.33-7.49",7.44,"0.130-149",140,"0.3.5-5.4",3.65,"0.未手术",NA
"HNSR_064",7,"3",7,"3",23,23,"1.IMV",151.7,70,264,17.56,"4.多巴胺＞15或去甲＞0.1或肾上腺素＞0.1",15,"1.肌酐110-170","1.IMV","117.6","40","103","7.88","0.MAP大于70",15,"0.肌酐＜110","0.36-38.4",36.9,"0.70-109",89,"2.110-139或55-69",110,"0.12-24",15,NA,70,31.7,151.7,"3.7.6-7.69或7.15-7.24",7.121,"0.130-149",139.7,"4.≥7或＜2.5",7.67,"0.未手术",NA
"HNSR_065",10,"NA",10,"NA",25,25,"1.IMV",71.3,70,271,9.69,"4.多巴胺＞15或去甲＞0.1或肾上腺素＞0.1",15,"3.肌酐300-440或尿量<500/天",NA,NA,NA,NA,NA,NA,NA,NA,"3.39-40.9或30-31.9",39,"0.70-109",70,"2.110-139或55-69",125,"1.25-34或10-11",25,NA,70,54.2,71.3,"2.7.25-7.32",7.297,"0.130-149",149.3,"0.3.5-5.4",4.19,"0.未手术",NA
"HNSR_066",10,"6",10,"6",11,11,"1.IMV",89.5,55,45,21.28,"3.多巴胺＞5或肾上腺素≤0.1或去甲≤0.1",15,"0.肌酐＜110","1.IMV","130.5","40","39","23.73","1.MAP小于70（未使用血管活性药物）",15,"0.肌酐＜110","0.36-38.4",36.8,"0.70-109",77,"3.140-179或40-54",140,"0.12-24",15,NA,55,69.1,89.5,"2.7.25-7.32",7.321,"0.130-149",144.5,"0.3.5-5.4",5.34,"1.择期手术",NA
"HNSR_067",5,"4",5,"4",7,7,"1.IMV",93.2,40,284,10.19,"3.多巴胺＞5或肾上腺素≤0.1或去甲≤0.1",15,"0.肌酐＜110","1.IMV","125.4","35","298","7.75","3.多巴胺＞5或肾上腺素≤0.1或去甲≤0.1",15,"0.肌酐＜110","0.36-38.4",38.3,"0.70-109",82,"2.110-139或55-69",114,"0.12-24",15,93.2,NA,NA,NA,"0.7.33-7.49",7.46,"0.130-149",139,"0.3.5-5.4",4.45,"1.择期手术",NA
"ZDFE_118",11,"8",11,"8",8,8,"1.IMV",70.8,50,40,37.1,"3.多巴胺＞5或肾上腺素≤0.1或去甲≤0.1",15,"0.肌酐＜110","1.IMV","73.400000000000006","40","179","86","3.多巴胺＞5或肾上腺素≤0.1或去甲≤0.1",15,"0.肌酐＜110","0.36-38.4",37,"0.70-109",83.67,"0.70-109",106,"0.12-24",20,NA,50,37.8,70.8,"0.7.33-7.49",7.464,"0.130-149",141,"0.3.5-5.4",3.6,"2.急诊手术",NA
"ZDFE_119",5,"7",5,"7",13,13,"1.IMV",66.3,100,204,11.1,"1.MAP小于70（未使用血管活性药物）",15,"0.肌酐＜110","1.IMV","82.6","100","222","7.4","3.多巴胺＞5或肾上腺素≤0.1或去甲≤0.1",15,"0.肌酐＜110","0.36-38.4",36.8,"2.110-129或50-69",67,"2.110-139或55-69",68,"0.12-24",15,NA,100,53.3,66.3,"0.7.33-7.49",7.344,"0.130-149",145,"0.3.5-5.4",3.7,"0.未手术",NA
"ZDFE_120",10,"NA",6,"NA",34,23,"1.IMV",50.8,100,114,14.7,"1.MAP小于70（未使用血管活性药物）",4,"0.肌酐＜110",NA,NA,NA,NA,NA,NA,NA,NA,"4.≥41或≤29.9",41.3,"2.110-129或50-69",62,"2.110-139或55-69",124,"0.12-24",18,NA,100,60.5,50.8,"2.7.25-7.32",7.32,"1.150-154",154,"1.5.5-5.9或3-3.4",3,"0.未手术",NA
"ZDFE_121",8,"NA",6,"NA",22,17,"1.IMV",47.7,100,129,8.6,"1.MAP小于70（未使用血管活性药物）",10,"0.肌酐＜110",NA,NA,NA,NA,NA,NA,NA,NA,"1.38.5-38.9或34-35.9",38.7,"2.110-129或50-69",63,"3.140-179或40-54",155,"1.25-34或10-11",25,NA,100,35.8,47.7,"3.7.6-7.69或7.15-7.24",7.176,"0.130-149",137,"0.3.5-5.4",4,"0.未手术",NA
"ZDFE_122",3,"3",3,"3",12,12,"3.HFNC",75.1,60,200,11.8,"0.MAP大于70",15,"0.肌酐＜110","3.HFNC","80.2","50","213","10","0.MAP大于70",15,"0.肌酐＜110","0.36-38.4",36.9,"0.70-109",73.33,"0.70-109",109,"1.25-34或10-11",25,NA,60,45.7,75.1,"0.7.33-7.49",7.496,"0.130-149",139,"1.5.5-5.9或3-3.4",3.1,"0.未手术",NA
"ZDFE_123",12,"NA",9,"NA",31,22,"1.IMV",97.2,70,74,6.8,"0.MAP大于70",6,"4.肌酐大于440或尿量<200/天",NA,NA,NA,NA,NA,NA,NA,NA,"0.36-38.4",36.8,"0.70-109",78,"3.140-179或40-54",46,"0.12-24",20,NA,70,30.4,97.2,"0.7.33-7.49",7.365,"0.130-149",133,"0.3.5-5.4",3.6,"0.未手术",NA
"ZDFE_124",8,"8",5,"5",19,10,"1.IMV",72.3,55,57,11.5,"0.MAP大于70",6,"0.肌酐＜110","1.IMV","70.3","50","80","15.2","0.MAP大于70",9,"0.肌酐＜110","0.36-38.4",37,"0.70-109",103,"2.110-139或55-69",111,"0.12-24",18,NA,55,42.3,72.3,"2.7.25-7.32",7.31,"0.130-149",137,"2.2.5-2.9",2.8,"0.未手术",NA
"ZDFE_125",2,"1",2,"1",9,9,"4.鼻导管",110,37,172,8.4,"0.MAP大于70",15,"0.肌酐＜110","4.鼻导管","114","33","200","4","0.MAP大于70",15,"0.肌酐＜110","0.36-38.4",37,"0.70-109",100,"0.70-109",102,"0.12-24",24,110,NA,NA,NA,"0.7.33-7.49",7.445,"1.150-154",154,"0.3.5-5.4",3.6,"0.未手术",NA
"ZDFE_126",8,"NA",6,"NA",15,10,"1.IMV",82.8,45,85,12.9,"0.MAP大于70",10,"1.肌酐110-170",NA,NA,NA,NA,NA,NA,NA,NA,"0.36-38.4",36.5,"0.70-109",74.7,"0.70-109",100,"0.12-24",18,82.8,NA,NA,NA,"0.7.33-7.49",7.332,"0.130-149",144,"0.3.5-5.4",3.58,"0.未手术",NA
"ZDFE_127",3,"5",3,"5",6,6,"1.IMV",89.2,40,291,25.8,"0.MAP大于70",15,"0.肌酐＜110","1.IMV","67.7","40","367","54","0.MAP大于70",15,"0.肌酐＜110","3.39-40.9或30-31.9",39,"2.110-129或50-69",110,"0.70-109",108,"0.12-24",22,89.2,NA,NA,NA,"0.7.33-7.49",7.4,"0.130-149",141,"1.5.5-5.9或3-3.4",3.3,"0.未手术",NA
"ZDFE_128",8,"4",6,"3",21,18,"1.IMV",161,90,128,9.6,"0.MAP大于70",12,"2.肌酐171-299","1.IMV","149","40","57","11","0.MAP大于70",13,"0.肌酐＜110","3.39-40.9或30-31.9",39,"0.70-109",82,"0.70-109",78,"0.12-24",17,NA,90,35.2,161,"1.7.5-7.59",7.519,"0.130-149",147,"1.5.5-5.9或3-3.4",3.4,"1.择期手术",NA
"ZDFE_129",5,"6",5,"5",14,14,"5.文丘里",61.5,70,169,12.2,"0.MAP大于70",15,"1.肌酐110-170","1.IMV","90.6","40","91","10.3","0.MAP大于70",14,"1.肌酐110-170","0.36-38.4",36.8,"0.70-109",76,"2.110-139或55-69",55,"0.12-24",22,NA,90,41.3,61.5,"1.7.5-7.59",7.5,"0.130-149",135,"0.3.5-5.4",3.6,"0.未手术",NA
"ZDFE_130",4,"3",3,"3",11,9,"1.IMV",148,60,221,23.3,"0.MAP大于70",13,"0.肌酐＜110","2.NIMV","114","40","197","24","0.MAP大于70",15,"0.肌酐＜110","0.36-38.4",36.5,"0.70-109",73.3,"0.70-109",70,"0.12-24",15,NA,60,27.8,148,"0.7.33-7.49",7.347,"0.130-149",134,"0.3.5-5.4",4.4,"2.急诊手术",NA
"ZDFE_131",5,"5",5,"5",10,10,"3.HFNC",60,85,197,17.4,"0.MAP大于70",15,"1.肌酐110-170","1.IMV","55.7","80","313","16.5","0.MAP大于70",15,"1.肌酐110-170","0.36-38.4",36.8,"0.70-109",84,"2.110-139或55-69",115,"1.25-34或10-11",26,NA,85,26,60,"0.7.33-7.49",7.435,"0.130-149",137,"0.3.5-5.4",4.9,"0.未手术",NA
"ZDFE_132",8,"8",6,"5",21,16,"1.IMV",63.4,100,330,23,"1.MAP小于70（未使用血管活性药物）",10,"0.肌酐＜110","1.IMV","103","65","330","23","0.MAP大于70",9,"1.肌酐110-170","0.36-38.4",36.8,"2.110-129或50-69",56,"0.70-109",99,"1.25-34或10-11",30,NA,100,45.5,63.4,"2.7.25-7.32",7.323,"0.130-149",141,"1.5.5-5.9或3-3.4",3.3,"0.未手术",NA
"ZDFE_133",13,"7",11,"6",25,20,"1.IMV",52,100,40,14.9,"0.MAP大于70",10,"4.肌酐大于440或尿量<200/天","1.IMV","109","35","33","24","0.MAP大于70",14,"1.肌酐110-170","0.36-38.4",37.2,"2.110-129或50-69",119,"3.140-179或40-54",45,"0.12-24",15,NA,100,23.8,52,"1.7.5-7.59",7.58,"0.130-149",133,"2.2.5-2.9",2.9,"0.未手术",NA
"ZDFE_134",12,"8",9,"6",22,14,"1.IMV",71,65,35,17.1,"3.多巴胺＞5或肾上腺素≤0.1或去甲≤0.1",7,"0.肌酐＜110","1.IMV","80.2","60","63","24","0.MAP大于70",10,"0.肌酐＜110","0.36-38.4",36.7,"0.70-109",84.6,"0.70-109",89,"0.12-24",16,NA,65,32,71,"0.7.33-7.49",7.475,"0.130-149",140,"0.3.5-5.4",4.3,"0.未手术",NA
"ZDFE_135",9,"5",6,"4",17,10,"1.IMV",52,100,180,95.3,"0.MAP大于70",8,"0.肌酐＜110","1.IMV","88.8","60","157","30.3","0.MAP大于70",14,"0.肌酐＜110","0.36-38.4",36.5,"2.110-129或50-69",112,"0.70-109",86,"0.12-24",18,NA,100,57.5,52,"0.7.33-7.49",7.337,"0.130-149",145,"1.5.5-5.9或3-3.4",3.4,"1.择期手术",NA
"ZDFE_136",7,"3",6,"2",10,8,"1.IMV",60.5,100,144,10.8,"1.MAP小于70（未使用血管活性药物）",13,"0.肌酐＜110","1.IMV","88.5","40","176","10.1","0.MAP大于70",14,"0.肌酐＜110","0.36-38.4",36.9,"2.110-129或50-69",62.7,"0.70-109",84,"0.12-24",15,NA,100,40.4,60.5,"0.7.33-7.49",7.45,"0.130-149",138,"0.3.5-5.4",3.5,"0.未手术",NA
"ZDFE_137",3,"3",3,"3",14,14,"1.IMV",105,70,183,15.3,"0.MAP大于70",15,"0.肌酐＜110","1.IMV","71.099999999999994","50","204","6.1","0.MAP大于70",15,"0.肌酐＜110","0.36-38.4",36,"0.70-109",78,"2.110-139或55-69",115,"0.12-24",20,NA,70,38,105,"3.7.6-7.69或7.15-7.24",7.174,"0.130-149",141,"0.3.5-5.4",3.5,"0.未手术",NA
"ZDFE_138",9,"6",7,"5",13,8,"1.IMV",80.3,55,160,25.4,"3.多巴胺＞5或肾上腺素≤0.1或去甲≤0.1",10,"0.肌酐＜110","1.IMV","81.5","40","129","35","0.MAP大于70",13,"0.肌酐＜110","0.36-38.4",36.6,"0.70-109",85,"0.70-109",83,"0.12-24",18,NA,55,37.8,80.3,"0.7.33-7.49",7.409,"0.130-149",136,"0.3.5-5.4",4,"0.未手术",NA
"ZDFE_139",10,"NA",10,"NA",25,25,"1.IMV",69.2,90,117,13.4,"1.MAP小于70（未使用血管活性药物）",15,"4.肌酐大于440或尿量<200/天",NA,NA,NA,NA,NA,NA,NA,NA,"0.36-38.4",36,"0.70-109",99,"2.110-139或55-69",69,"1.25-34或10-11",27,NA,90,48.5,69.2,"4.≥7.7或＜7.15",7.04,"0.130-149",132,"0.3.5-5.4",5.2,"0.未手术",NA
"ZDFE_140",10,"11",9,"11",19,18,"1.IMV",80.6,100,164,18.9,"4.多巴胺＞15或去甲＞0.1或肾上腺素＞0.1",14,"1.肌酐110-170","1.IMV","98","75","76","61.3","3.多巴胺＞5或肾上腺素≤0.1或去甲≤0.1",15,"1.肌酐110-170","0.36-38.4",36.9,"0.70-109",70,"0.70-109",102,"0.12-24",15,NA,100,38.1,80.6,"2.7.25-7.32",7.26,"0.130-149",136,"0.3.5-5.4",4.2,"0.未手术",NA
"ZDFE_141",4,"4",3,"4",16,14,"1.IMV",86.6,70,171,11.7,"0.MAP大于70",13,"0.肌酐＜110","1.IMV","90","45","94","17.600000000000001","0.MAP大于70",15,"0.肌酐＜110","0.36-38.4",36.9,"2.110-129或50-69",66,"2.110-139或55-69",55,"0.12-24",20,NA,70,40.3,86.6,"0.7.33-7.49",7.396,"0.130-149",135,"0.3.5-5.4",3.5,"0.未手术",NA
"ZZRM_106",4,"4",4,"4",8,8,"2.NIMV",68.4,37,133,10.7,"0.MAP大于70",15,"0.肌酐＜110","2.NIMV","64","37","149","12.2","0.MAP大于70",15,"0.肌酐＜110","0.36-38.4",36.2,"0.70-109",102.3,"0.70-109",90,"0.12-24",20,NA,50,45,68.4,"0.7.33-7.49",7.438,"0.130-149",139,"1.5.5-5.9或3-3.4",3.4,"0.未手术",NA
"ZZRM_107",3,"3",3,"3",12,12,"2.NIMV",74.6,50,209,3.5,"0.MAP大于70",15,"0.肌酐＜110","2.NIMV","61.5","50","197","3.3","0.MAP大于70",15,"0.肌酐＜110","0.36-38.4",36.4,"0.70-109",86,"0.70-109",86,"0.12-24",20,NA,50,36.5,74.6,"2.7.25-7.32",7.306,"0.130-149",136,"0.3.5-5.4",5.29,"0.未手术",NA
"ZZRM_108",3,"4",3,"4",12,12,"2.NIMV",61.8,50,200,4.1,"0.MAP大于70",15,"0.肌酐＜110","2.NIMV","70.099999999999994","90","200","4","0.MAP大于70",15,"0.肌酐＜110","0.36-38.4",37.2,"0.70-109",93,"2.110-139或55-69",111,"0.12-24",23,NA,50,79.6,61.8,"0.7.33-7.49",7.448,"0.130-149",139,"0.3.5-5.4",4.4,"0.未手术",NA
"ZZRM_109",4,"5",4,"3",10,10,"2.NIMV",73.2,100,195,4.6,"0.MAP大于70",15,"0.肌酐＜110","2.NIMV","59.4","40","199","7.2","0.MAP大于70",11,"0.肌酐＜110","0.36-38.4",37.3,"0.70-109",89.3,"0.70-109",92,"0.12-24",24,NA,100,34.9,73.2,"0.7.33-7.49",7.486,"0.130-149",134,"0.3.5-5.4",3.69,"0.未手术",NA
"ZZRM_110",3,"NA",3,"NA",4,4,"3.HFNC",99.1,30,237,3.2,"0.MAP大于70",15,"2.肌酐171-299",NA,NA,NA,"292","3.1","0.MAP大于70",15,"2.肌酐171-299","0.36-38.4",36.2,"2.110-129或50-69",114.6,"0.70-109",79,"0.12-24",18,99.1,NA,NA,NA,"0.7.33-7.49",7.386,"0.130-149",132,"0.3.5-5.4",4.45,"0.未手术",NA
"ZZRM_111",2,"4",2,"2",10,10,"1.IMV",89.5,40,196,4.9,"0.MAP大于70",15,"0.肌酐＜110","1.IMV","78.099999999999994","35","220","3.9","0.MAP大于70",11,"0.肌酐＜110","3.39-40.9或30-31.9",39,"0.70-109",76.6,"0.70-109",104,"0.12-24",16,89.5,NA,NA,NA,"2.7.25-7.32",7.282,"0.130-149",145,"0.3.5-5.4",4.14,"0.未手术",NA
"ZZRM_112",5,"NA",5,"NA",7,7,"3.HFNC",63.9,40,266,2.5,"0.MAP大于70",15,"2.肌酐171-299",NA,NA,NA,"266","2.5","0.MAP大于70",15,"2.肌酐171-299","0.36-38.4",38.2,"0.70-109",82.3,"0.70-109",106,"0.12-24",20,63.9,NA,NA,NA,"0.7.33-7.49",7.416,"0.130-149",133,"0.3.5-5.4",4.68,"0.未手术",NA
"ZZRM_113",2,"1",2,"1",7,7,"3.HFNC",84.5,30,323,9.5,"0.MAP大于70",15,"0.肌酐＜110","3.HFNC","116","30","363","9.5","0.MAP大于70",15,"0.肌酐＜110","0.36-38.4",36.8,"0.70-109",83.6,"0.70-109",90,"0.12-24",20,84.5,NA,NA,NA,"0.7.33-7.49",7.384,"0.130-149",131,"0.3.5-5.4",3.99,"0.未手术",NA
"ZZRM_114",4,"NA",4,"NA",3,3,"2.NIMV",63.2,45,216,2.3,"0.MAP大于70",15,"1.肌酐110-170","2.NIMV",NA,"40","216","2.2999999999999998","0.MAP大于70",15,"1.肌酐110-170","0.36-38.4",36.9,"0.70-109",101.3,"0.70-109",72,"0.12-24",20,63.2,NA,NA,NA,"0.7.33-7.49",7.404,"0.130-149",137.6,"0.3.5-5.4",4.13,"0.未手术",NA
"ZZRM_115",2,"3",2,"1",7,7,"1.IMV",102,40,185,12.2,"0.MAP大于70",15,"0.肌酐＜110","1.IMV","146","40","210","5.7","0.MAP大于70",11,"0.肌酐＜110","0.36-38.4",37.8,"0.70-109",81.6,"0.70-109",96,"0.12-24",18,102,NA,NA,NA,"0.7.33-7.49",7.451,"0.130-149",137.4,"1.5.5-5.9或3-3.4",3.44,"0.未手术",NA
"ZZRM_116",6,"8",6,"8",9,9,"2.NIMV",62.6,60,87,5.3,"0.MAP大于70",15,"1.肌酐110-170","1.IMV","50.7","90","34","6.2","0.MAP大于70",15,"1.肌酐110-170","0.36-38.4",37.4,"0.70-109",84,"2.110-139或55-69",112,"1.25-34或10-11",26,NA,60,34.3,62.6,"0.7.33-7.49",7.455,"0.130-149",141.6,"0.3.5-5.4",4.12,"0.未手术",NA
"ZZRM_117",6,"NA",6,"NA",11,11,"2.NIMV",84.6,50,90,9.2,"0.MAP大于70",15,"1.肌酐110-170",NA,NA,NA,NA,NA,NA,NA,NA,"0.36-38.4",38,"0.70-109",95.6,"0.70-109",84,"0.12-24",20,NA,50,72,84.6,"4.≥7.7或＜7.15",7.116,"0.130-149",142.4,"0.3.5-5.4",3.91,"0.未手术",NA
"ZZRM_118",5,"4",5,"2",13,13,"1.IMV",66.6,70,143,6.4,"0.MAP大于70",15,"0.肌酐＜110","1.IMV","85.3","40","175","9.4","0.MAP大于70",11,"0.肌酐＜110","0.36-38.4",36.8,"0.70-109",88.3,"2.110-139或55-69",60,"0.12-24",21,NA,70,89.9,66.6,"3.7.6-7.69或7.15-7.24",7.2,"0.130-149",137.9,"0.3.5-5.4",4.2,"0.未手术",NA
"ZZRM_119",3,"2",3,"2",10,10,"2.NIMV",88,45,365,8.6,"0.MAP大于70",15,"0.肌酐＜110","3.HFNC","84.9","40","228","5.6","0.MAP大于70",15,"0.肌酐＜110","0.36-38.4",36.6,"0.70-109",73.3,"0.70-109",86,"0.12-24",21,88,NA,NA,NA,"0.7.33-7.49",7.363,"2.155-159或120-129",123.9,"0.3.5-5.4",4.5,"0.未手术",NA
"JXSY_049",8,"7",8,"7",16,16,"1.IMV",75,84,94,7.9,"0.MAP大于70",15,"2.肌酐171-299","1.IMV","65.5","30","63","6.2","0.MAP大于70",15,"3.肌酐300-440或尿量<500/天","0.36-38.4",36.5,"0.70-109",75,"0.70-109",80,"0.12-24",20,75,NA,NA,NA,"3.7.6-7.69或7.15-7.24",7.19,"0.130-149",140,"0.3.5-5.4",4.4,"0.未手术",NA
"JXSY_050",8,"8",8,"8",12,12,"1.IMV",85,50,110,10.4,"3.多巴胺＞5或肾上腺素≤0.1或去甲≤0.1",15,"1.肌酐110-170","1.IMV","88","40","98","7.7","3.多巴胺＞5或肾上腺素≤0.1或去甲≤0.1",15,"1.肌酐110-170","1.38.5-38.9或34-35.9",35.9,"0.70-109",70,"2.110-139或55-69",132,"0.12-24",18,NA,50,27,85,"0.7.33-7.49",7.34,"0.130-149",132,"0.3.5-5.4",4.2,"2.急诊手术",NA
"JXSY_051",7,"6",7,"6",15,15,"1.IMV",78,60,113,10.5,"2.多巴胺剂量≤5ug/kg/min或使用任意剂量的多巴酚丁胺",15,"1.肌酐110-170","1.IMV","72","50","306","15.3","2.多巴胺剂量≤5ug/kg/min或使用任意剂量的多巴酚丁胺",15,"1.肌酐110-170","3.39-40.9或30-31.9",39.3,"0.70-109",75,"2.110-139或55-69",132,"3.35-49",40,NA,60,31,78,"0.7.33-7.49",7.354,"0.130-149",135,"0.3.5-5.4",3.6,"0.未手术",NA
"JXSY_052",5,"5",5,"5",16,16,"1.IMV",79.3,50,106,5.3,"0.MAP大于70",15,"1.肌酐110-170","1.IMV","131","45","124","7.6","0.MAP大于70",15,"2.肌酐171-299","1.38.5-38.9或34-35.9",35.8,"0.70-109",78,"0.70-109",100,"0.12-24",15,NA,50,38.9,79.3,"0.7.33-7.49",7.325,"0.130-149",137,"0.3.5-5.4",4.4,"0.未手术",NA
"JXSY_053",4,"3",4,"3",9,9,"2.NIMV",74,60,141,15.3,"0.MAP大于70",15,"0.肌酐＜110","3.HFNC","95","40","142","11.5","0.MAP大于70",15,"0.肌酐＜110","0.36-38.4",37.8,"0.70-109",80,"0.70-109",105,"1.25-34或10-11",25,NA,60,29,74,"0.7.33-7.49",7.42,"0.130-149",135,"1.5.5-5.9或3-3.4",3.3,"0.未手术",NA
"JXSY_054",8,"2",6,"2",17,12,"1.IMV",82.1,50,141,14.6,"2.多巴胺剂量≤5ug/kg/min或使用任意剂量的多巴酚丁胺",10,"0.肌酐＜110","3.HFNC","96.3","35","156","12.1","0.MAP大于70",15,"0.肌酐＜110","3.39-40.9或30-31.9",39.4,"2.110-129或50-69",55,"0.70-109",107,"0.12-24",20,NA,50,72,82.1,"3.7.6-7.69或7.15-7.24",7.185,"0.130-149",143,"0.3.5-5.4",4.35,"0.未手术",NA
"JXSY_055",5,"5",5,"5",11,11,"3.HFNC",106,50,235,12.3,"3.多巴胺＞5或肾上腺素≤0.1或去甲≤0.1",15,"0.肌酐＜110","3.HFNC","92.7","40","140","18.899999999999999","2.多巴胺剂量≤5ug/kg/min或使用任意剂量的多巴酚丁胺",15,"0.肌酐＜110","0.36-38.4",37.8,"0.70-109",71,"2.110-139或55-69",112,"0.12-24",22,NA,50,41,106,"0.7.33-7.49",7.4,"0.130-149",135,"1.5.5-5.9或3-3.4",3.3,"0.未手术",NA
"JXSY_056",9,"8",9,"8",25,25,"1.IMV",58,100,192,30.3,"3.多巴胺＞5或肾上腺素≤0.1或去甲≤0.1",15,"1.肌酐110-170","1.IMV","81.400000000000006","50","128","12.9","2.多巴胺剂量≤5ug/kg/min或使用任意剂量的多巴酚丁胺",15,"2.肌酐171-299","1.38.5-38.9或34-35.9",38.5,"0.70-109",73,"2.110-139或55-69",118,"1.25-34或10-11",26,NA,100,48,58,"2.7.25-7.32",7.29,"0.130-149",135,"0.3.5-5.4",3.5,"0.未手术",NA
"PHYY_029",6,"6",6,"6",18,18,"1.IMV",88.1,35,176,4.5,"2.多巴胺剂量≤5ug/kg/min或使用任意剂量的多巴酚丁胺",15,"2.肌酐171-299","1.IMV","79","40","131","8.9","2.多巴胺剂量≤5ug/kg/min或使用任意剂量的多巴酚丁胺",15,"0.肌酐＜110","0.36-38.4",38.2,"2.110-129或50-69",62,"3.140-179或40-54",45,"0.12-24",23,88.1,NA,NA,NA,"0.7.33-7.49",7.39,"1.150-154",152,"0.3.5-5.4",4.19,"0.未手术",NA
"PHYY_030",7,"7",7,"7",12,12,"1.IMV",80.8,55,124,13.6,"3.多巴胺＞5或肾上腺素≤0.1或去甲≤0.1",15,"0.肌酐＜110","1.IMV","68.400000000000006","40","134","11.2","3.多巴胺＞5或肾上腺素≤0.1或去甲≤0.1",15,"0.肌酐＜110","1.38.5-38.9或34-35.9",38.6,"2.110-129或50-69",65,"0.70-109",78,"0.12-24",20,NA,55,39.1,80.8,"0.7.33-7.49",7.37,"0.130-149",141,"0.3.5-5.4",4.2,"0.未手术",NA
"PHYY_031",5,"4",5,"4",12,12,"1.IMV",79.6,40,261,6.3,"2.多巴胺剂量≤5ug/kg/min或使用任意剂量的多巴酚丁胺",15,"0.肌酐＜110","1.IMV","87.2","35","169","4.2","2.多巴胺剂量≤5ug/kg/min或使用任意剂量的多巴酚丁胺",15,"0.肌酐＜110","0.36-38.4",38.1,"2.110-129或50-69",68,"2.110-139或55-69",137,"0.12-24",23,79.6,NA,NA,NA,"0.7.33-7.49",7.45,"2.155-159或120-129",156,"0.3.5-5.4",3.6,"0.未手术",NA
"PHYY_032",4,"4",4,"4",5,5,"3.HFNC",82.6,35,323,3.2,"0.MAP大于70",15,"2.肌酐171-299","3.HFNC","92.3","46","319","3","0.MAP大于70",15,"2.肌酐171-299","0.36-38.4",38,"0.70-109",80,"0.70-109",104,"0.12-24",21,82.6,NA,NA,NA,"0.7.33-7.49",7.33,"0.130-149",140,"0.3.5-5.4",4.9,"0.未手术",NA
"TZEZ_033",3,"4",3,"4",11,11,"1.IMV",123,40,145,21.5,"0.MAP大于70",15,"0.肌酐＜110","1.IMV","82","50","113","10.8","0.MAP大于70",15,"0.肌酐＜110","0.36-38.4",37.2,"0.70-109",104,"0.70-109",104,"1.25-34或10-11",26,123,NA,NA,NA,"0.7.33-7.49",7.38,"0.130-149",140.7,"0.3.5-5.4",3.95,"0.未手术",NA
"TZEZ_034",2,"3",2,"3",9,9,"1.IMV",95,45,246,11.4,"0.MAP大于70",15,"0.肌酐＜110","1.IMV","69","45","223","7.1","0.MAP大于70",15,"0.肌酐＜110","0.36-38.4",37.2,"0.70-109",81,"0.70-109",99,"0.12-24",15,95,NA,NA,NA,"2.7.25-7.32",7.29,"0.130-149",131.7,"0.3.5-5.4",4.31,"0.未手术",NA
"TZEZ_035",3,"4",3,"4",8,8,"1.IMV",76,45,164,16.1,"0.MAP大于70",15,"0.肌酐＜110","1.IMV","54","40","143","11.4","0.MAP大于70",15,"0.肌酐＜110","0.36-38.4",38.2,"0.70-109",94,"2.110-139或55-69",65,"0.12-24",13,76,NA,NA,NA,"0.7.33-7.49",7.42,"0.130-149",143.1,"0.3.5-5.4",3.78,"0.未手术",NA
"TZEZ_036",4,"6",4,"6",11,11,"1.IMV",83,50,107,10.2,"0.MAP大于70",15,"0.肌酐＜110","1.IMV","120","55","197","10.9","4.多巴胺＞15或去甲＞0.1或肾上腺素＞0.1",15,"0.肌酐＜110","0.36-38.4",37,"0.70-109",88,"2.110-139或55-69",121,"0.12-24",17,NA,50,34,83,"0.7.33-7.49",7.47,"0.130-149",139.5,"0.3.5-5.4",3.85,"0.未手术",NA
"TZEZ_037",9,"4",9,"4",16,16,"1.IMV",63,55,100,14.8,"4.多巴胺＞15或去甲＞0.1或肾上腺素＞0.1",15,"1.肌酐110-170","1.IMV","104","55","100","1.9","0.MAP大于70",15,"0.肌酐＜110","0.36-38.4",37.4,"0.70-109",87,"0.70-109",90,"0.12-24",18,NA,55,39,63,"2.7.25-7.32",7.32,"0.130-149",144.9,"0.3.5-5.4",4.01,"0.未手术",NA
"TZEZ_038",6,"6",6,"6",20,20,"1.IMV",124,60,149,14.8,"0.MAP大于70",15,"3.肌酐300-440或尿量<500/天","1.IMV","185","100","206","11.8","0.MAP大于70",15,"3.肌酐300-440或尿量<500/天","0.36-38.4",37.6,"0.70-109",89,"0.70-109",88,"0.12-24",17,NA,60,28,124,"0.7.33-7.49",7.48,"0.130-149",146.7,"2.2.5-2.9",2.66,"0.未手术",NA
"TZEZ_040",6,"5",6,"5",14,14,"1.IMV",139,60,150,6.7,"3.多巴胺＞5或肾上腺素≤0.1或去甲≤0.1",15,"1.肌酐110-170","1.IMV","118","40","157","5.4","3.多巴胺＞5或肾上腺素≤0.1或去甲≤0.1",15,"0.肌酐＜110","0.36-38.4",37.3,"0.70-109",85,"0.70-109",91,"0.12-24",18,NA,60,33,139,"0.7.33-7.49",7.46,"0.130-149",135.1,"0.3.5-5.4",4.81,"0.未手术",NA
"TZEZ_041",6,"5",6,"5",10,10,"1.IMV",113,60,78,5.7,"0.MAP大于70",15,"1.肌酐110-170","1.IMV","115","40","58","7.3","0.MAP大于70",15,"1.肌酐110-170","0.36-38.4",37.9,"0.70-109",87,"0.70-109",94,"0.12-24",18,NA,60,24,113,"0.7.33-7.49",7.45,"0.130-149",136.7,"1.5.5-5.9或3-3.4",3.34,"0.未手术",NA
"TZEZ_042",7,"NA",7,"NA",16,16,"1.IMV",59,29,165,11.2,"3.多巴胺＞5或肾上腺素≤0.1或去甲≤0.1",15,"2.肌酐171-299",NA,NA,NA,NA,NA,NA,NA,NA,"0.36-38.4",37.5,"2.110-129或50-69",65,"0.70-109",76,"0.12-24",15,59,NA,NA,NA,"0.7.33-7.49",7.34,"0.130-149",146.7,"1.5.5-5.9或3-3.4",3.12,"0.未手术",NA
"TZEZ_043",2,"0",2,"0",8,8,"1.IMV",128,55,276,4.7,"0.MAP大于70",15,"0.肌酐＜110","1.IMV","163","40","260","4.8","0.MAP大于70",15,"0.肌酐＜110","0.36-38.4",37.1,"0.70-109",102,"0.70-109",103,"0.12-24",16,NA,50,55,128,"0.7.33-7.49",7.34,"0.130-149",139.8,"0.3.5-5.4",3.86,"0.未手术",NA
"TZEZ_044",5,"1",5,"1",10,10,"1.IMV",133,55,297,8.2,"3.多巴胺＞5或肾上腺素≤0.1或去甲≤0.1",15,"0.肌酐＜110","1.IMV","142","45","230","6.2","0.MAP大于70",15,"0.肌酐＜110","1.38.5-38.9或34-35.9",38.7,"0.70-109",89,"0.70-109",87,"0.12-24",20,NA,55,34,133,"0.7.33-7.49",7.45,"0.130-149",139.6,"0.3.5-5.4",4.01,"0.未手术",NA
"TZEZ_045",6,"5",6,"5",12,12,"1.IMV",145,50,130,4,"3.多巴胺＞5或肾上腺素≤0.1或去甲≤0.1",15,"0.肌酐＜110","1.IMV","97","40","171","5.6","3.多巴胺＞5或肾上腺素≤0.1或去甲≤0.1",15,"0.肌酐＜110","0.36-38.4",37.3,"0.70-109",72,"0.70-109",106,"0.12-24",15,NA,50,98,145,"3.7.6-7.69或7.15-7.24",7.21,"0.130-149",146,"0.3.5-5.4",4.82,"0.未手术",NA
"TZEZ_046",6,"8",6,"5",11,11,"1.IMV",94,35,91,10.2,"0.MAP大于70",15,"2.肌酐171-299","1.IMV","111","41","233","11","0.MAP大于70",7,"3.肌酐300-440或尿量<500/天","0.36-38.4",37.2,"2.110-129或50-69",123,"2.110-139或55-69",59,"0.12-24",20,91,NA,NA,NA,"0.7.33-7.49",7.42,"2.155-159或120-129",127.7,"2.2.5-2.9",2.84,"2.急诊手术",NA
"TZEZ_047",6,"5",6,"5",21,21,"1.IMV",157,60,549,5.2,"0.MAP大于70",15,"4.肌酐大于440或尿量<200/天","1.IMV","144","45","398","4.3","0.MAP大于70",15,"4.肌酐大于440或尿量<200/天","0.36-38.4",36.7,"0.70-109",86,"2.110-139或55-69",62,"0.12-24",17,NA,60,51,157,"2.7.25-7.32",7.29,"0.130-149",133.8,"1.5.5-5.9或3-3.4",5.53,"0.未手术",NA
"TZEZ_048",5,"2",5,"2",12,12,"1.IMV",146,35,178,7.6,"4.多巴胺＞15或去甲＞0.1或肾上腺素＞0.1",15,"1.肌酐110-170","1.IMV","169","40","74","8.5","0.MAP大于70",15,"0.肌酐＜110","0.36-38.4",36.7,"0.70-109",76,"0.70-109",80,"0.12-24",21,146,NA,NA,NA,"0.7.33-7.49",7.38,"0.130-149",135.3,"0.3.5-5.4",3.69,"0.未手术",NA
"TZEZ_049",3,"NA",3,"NA",5,5,"1.IMV",77,60,167,18.3,"0.MAP大于70",15,"0.肌酐＜110",NA,NA,NA,NA,NA,NA,NA,NA,"0.36-38.4",36,"0.70-109",75,"0.70-109",93,"0.12-24",24,NA,60,29,77,"0.7.33-7.49",7.48,"0.130-149",135.9,"0.3.5-5.4",4.02,"0.未手术",NA
"TZEZ_050",7,"2",7,"2",12,12,"1.IMV",57,41,246,6.6,"4.多巴胺＞15或去甲＞0.1或肾上腺素＞0.1",15,"0.肌酐＜110","1.IMV","97","40","275","5.2","0.MAP大于70",15,"0.肌酐＜110","0.36-38.4",37.1,"0.70-109",85,"0.70-109",79,"0.12-24",18,57,NA,NA,NA,"0.7.33-7.49",7.43,"0.130-149",143.1,"0.3.5-5.4",4.52,"0.未手术",NA
"TZEZ_051",7,"6",7,"6",16,16,"1.IMV",71,90,320,18.4,"3.多巴胺＞5或肾上腺素≤0.1或去甲≤0.1",15,"0.肌酐＜110","1.IMV","142","60","370","15.7","3.多巴胺＞5或肾上腺素≤0.1或去甲≤0.1",15,"1.肌酐110-170","0.36-38.4",37,"2.110-129或50-69",69,"2.110-139或55-69",62,"0.12-24",15,NA,90,70,71,"3.7.6-7.69或7.15-7.24",7.2,"0.130-149",147.4,"0.3.5-5.4",4.12,"0.未手术",NA
"TZEZ_052",5,"1",5,"1",15,15,"1.IMV",64,80,300,12.3,"1.MAP小于70（未使用血管活性药物）",15,"0.肌酐＜110","1.IMV","174","40","244","10.7","0.MAP大于70",15,"1.肌酐110-170","0.36-38.4",37.3,"2.110-129或50-69",62,"0.70-109",93,"0.12-24",15,NA,80,47,64,"2.7.25-7.32",7.26,"0.130-149",142.1,"0.3.5-5.4",4.04,"0.未手术",NA
"TZEZ_053",5,"2",5,"2",19,19,"1.IMV",88,40,307,10.7,"3.多巴胺＞5或肾上腺素≤0.1或去甲≤0.1",15,"0.肌酐＜110","1.IMV","78","33","350","6.5","0.MAP大于70",15,"0.肌酐＜110","3.39-40.9或30-31.9",39.3,"0.70-109",79,"2.110-139或55-69",136,"1.25-34或10-11",28,88,NA,NA,NA,"2.7.25-7.32",7.28,"0.130-149",138.3,"1.5.5-5.9或3-3.4",3.2,"0.未手术",NA
"TZEZ_054",4,"NA",4,"NA",11,11,"1.IMV",73,40,210,7.2,"1.MAP小于70（未使用血管活性药物）",15,"0.肌酐＜110","1.IMV","无","无","无","无","0.MAP大于70",15,"0.肌酐＜110","0.36-38.4",36.6,"2.110-129或50-69",60,"2.110-139或55-69",63,"0.12-24",18,73,NA,NA,NA,"0.7.33-7.49",7.41,"0.130-149",138.3,"0.3.5-5.4",4.05,"0.未手术",NA
"TZEZ_055",7,"7",7,"7",9,9,"1.IMV",94,35,93,10.7,"3.多巴胺＞5或肾上腺素≤0.1或去甲≤0.1",15,"0.肌酐＜110","1.IMV","118","35","124","49","3.多巴胺＞5或肾上腺素≤0.1或去甲≤0.1",15,"0.肌酐＜110","0.36-38.4",36.5,"0.70-109",98,"0.70-109",72,"0.12-24",13,94,NA,NA,NA,"2.7.25-7.32",7.3,"0.130-149",140,"0.3.5-5.4",4.48,"0.未手术",NA
"TZEZ_056",4,"1",4,"1",9,9,"1.IMV",60,53,205,16.3,"1.MAP小于70（未使用血管活性药物）",15,"0.肌酐＜110","1.IMV","161","41","304","14.9","0.MAP大于70",15,"0.肌酐＜110","0.36-38.4",36.5,"0.70-109",77,"0.70-109",72,"0.12-24",15,NA,60,27,53,"0.7.33-7.49",7.42,"0.130-149",141.1,"0.3.5-5.4",4.24,"0.未手术",NA
"TZEZ_057",7,"7",7,"7",19,19,"1.IMV",114,50,481,3.3,"4.多巴胺＞15或去甲＞0.1或肾上腺素＞0.1",15,"1.肌酐110-170","1.IMV","66","60","229","5.5","4.多巴胺＞15或去甲＞0.1或肾上腺素＞0.1",15,"0.肌酐＜110","0.36-38.4",37.6,"0.70-109",81,"2.110-139或55-69",123,"0.12-24",24,NA,50,28,114,"0.7.33-7.49",7.36,"1.150-154",152.6,"0.3.5-5.4",4.26,"0.未手术",NA
"TZEZ_058",8,"3",8,"3",14,14,"1.IMV",80,60,266,21.9,"4.多巴胺＞15或去甲＞0.1或肾上腺素＞0.1",15,"0.肌酐＜110","1.IMV","100","40","176","9.8000000000000007","1.MAP小于70（未使用血管活性药物）",15,"0.肌酐＜110","0.36-38.4",37.7,"2.110-129或50-69",59,"0.70-109",90,"1.25-34或10-11",31,NA,60,32,80,"0.7.33-7.49",7.46,"0.130-149",140.2,"0.3.5-5.4",3.55,"0.未手术",NA
"TZEZ_059",3,"3",3,"3",9,9,"1.IMV",75,40,238,4.2,"0.MAP大于70",15,"0.肌酐＜110","1.IMV","65","41","302","7.8","0.MAP大于70",15,"0.肌酐＜110","0.36-38.4",37,"0.70-109",73,"2.110-139或55-69",61,"0.12-24",20,75,NA,NA,NA,"0.7.33-7.49",7.35,"0.130-149",138.5,"0.3.5-5.4",3.98,"0.未手术",NA
"TZEZ_060",9,"4",9,"4",11,11,"1.IMV",159,60,18,13.3,"3.多巴胺＞5或肾上腺素≤0.1或去甲≤0.1",15,"0.肌酐＜110","1.IMV","165","60","66","7.1","0.MAP大于70",15,"0.肌酐＜110","0.36-38.4",37.3,"0.70-109",70,"0.70-109",76,"0.12-24",17,NA,60,33,159,"0.7.33-7.49",7.34,"0.130-149",136.3,"1.5.5-5.9或3-3.4",3.37,"0.未手术",NA
"TZEZ_061",7,"4",7,"4",10,10,"1.IMV",104,65,209,13.9,"4.多巴胺＞15或去甲＞0.1或肾上腺素＞0.1",15,"0.肌酐＜110","1.IMV","77","45","175","8.6999999999999993","1.MAP小于70（未使用血管活性药物）",15,"0.肌酐＜110","0.36-38.4",37.9,"0.70-109",102,"0.70-109",89,"0.12-24",20,NA,65,46,104,"0.7.33-7.49",7.46,"0.130-149",137,"0.3.5-5.4",3.75,"0.未手术",NA
"TZEZ_062",7,"4",7,"4",13,13,"1.IMV",131,60,134,15.4,"4.多巴胺＞15或去甲＞0.1或肾上腺素＞0.1",15,"0.肌酐＜110","1.IMV","148","45","253","3.2","3.多巴胺＞5或肾上腺素≤0.1或去甲≤0.1",15,"0.肌酐＜110","0.36-38.4",36,"2.110-129或50-69",110,"0.70-109",100,"0.12-24",13,NA,60,29,131,"0.7.33-7.49",7.33,"0.130-149",134.8,"0.3.5-5.4",3.93,"0.未手术",NA
"TZEZ_063",4,"5",4,"5",6,6,"1.IMV",83,41,149,8.6,"1.MAP小于70（未使用血管活性药物）",15,"0.肌酐＜110","1.IMV","73","41","163","10.199999999999999","1.MAP小于70（未使用血管活性药物）",15,"1.肌酐110-170","0.36-38.4",36.9,"0.70-109",78,"0.70-109",96,"0.12-24",17,83,NA,NA,NA,"0.7.33-7.49",7.37,"0.130-149",139.3,"1.5.5-5.9或3-3.4",4.44,"0.未手术",NA
"WZZX_020",14,"11",11,"9",24,16,"1.IMV",61.5,60,158,13.9,"4.多巴胺＞15或去甲＞0.1或肾上腺素＞0.1",7,"4.肌酐大于440或尿量<200/天","1.IMV","73.5","40","99","15.6","0.MAP大于70",11,"4.肌酐大于440或尿量<200/天","0.36-38.4",38.2,"2.110-129或50-69",64,"0.70-109",104,"0.12-24",21,NA,60,40.95,61.5,"0.7.33-7.49",7.41,"0.130-149",135,"1.5.5-5.9或3-3.4",3.2,"0.未手术",NA
"WZZX_021",7,"3",7,"3",12,12,"1.IMV",71.25,100,165,9.8,"3.多巴胺＞5或肾上腺素≤0.1或去甲≤0.1",15,"0.肌酐＜110","1.IMV","68.25","40","175","10.3","0.MAP大于70",15,"0.肌酐＜110","1.38.5-38.9或34-35.9",34.3,"2.110-129或50-69",67,"2.110-139或55-69",56,"0.12-24",21,NA,100,26.55,71.25,"0.7.33-7.49",7.46,"0.130-149",142,"1.5.5-5.9或3-3.4",3.1,"0.未手术",NA
"LSRM_013",8,"3",8,"3",14,14,"1.IMV",63.4,76,203,11.1,"4.多巴胺＞15或去甲＞0.1或肾上腺素＞0.1",15,"0.肌酐＜110","1.IMV","75","60","165","11.1","0.MAP大于70",15,"0.肌酐＜110","0.36-38.4",36,"2.110-129或50-69",114,"0.70-109",75,"0.12-24",14,NA,76,63.5,63.4,"0.7.33-7.49",7.413,"0.130-149",144,"1.5.5-5.9或3-3.4",3.05,"0.未手术",NA
"LSRM_014",10,"11",10,"11",20,20,"1.IMV",77.4,70,148,6.9,"4.多巴胺＞15或去甲＞0.1或肾上腺素＞0.1",15,"2.肌酐171-299","1.IMV","70","50","98","11","4.多巴胺＞15或去甲＞0.1或肾上腺素＞0.1",15,"2.肌酐171-299","0.36-38.4",37.7,"0.70-109",70,"0.70-109",104,"0.12-24",18,NA,70,37.5,77.4,"0.7.33-7.49",7.332,"0.130-149",148,"1.5.5-5.9或3-3.4",3.14,"0.未手术",NA
"LSRM_015",12,"12",12,"12",31,31,"1.IMV",75,80,96,7.4,"4.多巴胺＞15或去甲＞0.1或肾上腺素＞0.1",15,"2.肌酐171-299","1.IMV","47.4","80","70","16","4.多巴胺＞15或去甲＞0.1或肾上腺素＞0.1",15,"2.肌酐171-299","1.38.5-38.9或34-35.9",34.5,"4.≥160或≤49",49,"2.110-139或55-69",139,"0.12-24",17,NA,80,56,75,"4.≥7.7或＜7.15",7.104,"1.150-154",154,"2.2.5-2.9",2.81,"0.未手术",NA
"LSRM_016",3,"5",3,"5",12,12,"1.IMV",83.8,80,183,4.7,"0.MAP大于70",15,"0.肌酐＜110","1.IMV","65.3","65","173","4.7","1.MAP小于70（未使用血管活性药物）",15,"1.肌酐110-170","0.36-38.4",37.7,"0.70-109",80,"2.110-139或55-69",130,"0.12-24",20,NA,80,34.9,83.8,"0.7.33-7.49",7.406,"2.155-159或120-129",156,"2.2.5-2.9",2.75,"0.未手术",NA
"LSRM_017",9,"9",9,"9",19,19,"3.HFNC",69.7,45,164,24.2,"4.多巴胺＞15或去甲＞0.1或肾上腺素＞0.1",15,"1.肌酐110-170","3.HFNC","69.7","45","164","24.2","4.多巴胺＞15或去甲＞0.1或肾上腺素＞0.1",15,"1.肌酐110-170","0.36-38.4",36.5,"0.70-109",75,"2.110-139或55-69",67,"0.12-24",23,69.7,NA,NA,NA,"0.7.33-7.49",7.35,"0.130-149",142.9,"1.5.5-5.9或3-3.4",3.08,"0.未手术",NA
"SLTD_019",5,"2",5,"2",19,19,"1.IMV",76,35,227,14.1,"3.多巴胺＞5或肾上腺素≤0.1或去甲≤0.1",15,"0.肌酐＜110","1.IMV","128","35","183","28","0.MAP大于70",15,"0.肌酐＜110","3.39-40.9或30-31.9",39.2,"2.110-129或50-69",66,"3.140-179或40-54",140,"1.25-34或10-11",31,76,NA,NA,NA,"0.7.33-7.49",7.439,"0.130-149",142,"1.5.5-5.9或3-3.4",3.18,"2.急诊手术",NA
"SLTD_020",6,"2",6,"2",13,13,"1.IMV",103,60,194,17,"3.多巴胺＞5或肾上腺素≤0.1或去甲≤0.1",15,"0.肌酐＜110","1.IMV","85","35","184","12.3","0.MAP大于70",15,"0.肌酐＜110","1.38.5-38.9或34-35.9",38.7,"2.110-129或50-69",56,"0.70-109",86,"0.12-24",15,NA,60,55,103,"2.7.25-7.32",7.269,"0.130-149",141,"1.5.5-5.9或3-3.4",3.3,"0.未手术",NA
"SLTD_021",10,"4",10,"4",22,22,"1.IMV",59,40,78,12.5,"4.多巴胺＞15或去甲＞0.1或肾上腺素＞0.1",15,"1.肌酐110-170","1.IMV","96","35","78","13.8","0.MAP大于70",15,"0.肌酐＜110","1.38.5-38.9或34-35.9",35,"2.110-129或50-69",60,"3.140-179或40-54",54,"0.12-24",20,59,NA,NA,NA,"0.7.33-7.49",7.41,"2.155-159或120-129",155,"4.≥7或＜2.5",2.3,"0.未手术",NA
"SLTD_022",16,"13",16,"13",29,29,"1.IMV",61,70,9,132.1,"3.多巴胺＞5或肾上腺素≤0.1或去甲≤0.1",15,"2.肌酐171-299","1.IMV","131","55","32","158","3.多巴胺＞5或肾上腺素≤0.1或去甲≤0.1",15,"2.肌酐171-299","0.36-38.4",37,"2.110-129或50-69",60,"0.70-109",104,"1.25-34或10-11",30,NA,70,37,61,"0.7.33-7.49",7.458,"2.155-159或120-129",156.1,"2.2.5-2.9",2.9,"0.未手术",NA
"SLTD_023",7,"6",7,"6",11,11,"3.HFNC",61,50,47,21.9,"0.MAP大于70",15,"0.肌酐＜110","3.HFNC","81","41","71","22.8","0.MAP大于70",15,"0.肌酐＜110","1.38.5-38.9或34-35.9",38.9,"0.70-109",93,"0.70-109",93,"1.25-34或10-11",30,NA,50,28,61,"0.7.33-7.49",7.457,"0.130-149",133,"2.2.5-2.9",2.8,"0.未手术",NA
"SLTD_024",12,"12",12,"12",24,24,"1.IMV",74,60,224,42.9,"4.多巴胺＞15或去甲＞0.1或肾上腺素＞0.1",15,"3.肌酐300-440或尿量<500/天","1.IMV","81","55","59","25.5","3.多巴胺＞5或肾上腺素≤0.1或去甲≤0.1",15,"3.肌酐300-440或尿量<500/天","1.38.5-38.9或34-35.9",35.8,"4.≥160或≤49",49,"2.110-139或55-69",120,"0.12-24",19,NA,55,50,74,"2.7.25-7.32",7.308,"0.130-149",141,"1.5.5-5.9或3-3.4",3.2,"0.未手术",NA
"LXZY_014",5,"4",2,"2",16,10,"1.IMV",73,35,412,4.91,"0.MAP大于70",9,"0.肌酐＜110","1.IMV","61","25","312","3.41","0.MAP大于70",10,"0.肌酐＜110","1.38.5-38.9或34-35.9",35,"0.70-109",70,"2.110-139或55-69",55,"0.12-24",20,73,NA,NA,NA,"1.7.5-7.59",7.53,"0.130-149",135.2,"0.3.5-5.4",4.24,"0.未手术",NA
"LXZY_015",11,"9",9,"7",21,16,"1.IMV",89,60,268,9.21,"2.多巴胺剂量≤5ug/kg/min或使用任意剂量的多巴酚丁胺",10,"4.肌酐大于440或尿量<200/天","1.IMV","95","45","130","4.6900000000000004","0.MAP大于70",10,"4.肌酐大于440或尿量<200/天","0.36-38.4",36.1,"0.70-109",69,"0.70-109",95,"0.12-24",20,NA,60,28,89,"2.7.25-7.32",7.32,"0.130-149",135.8,"0.3.5-5.4",5.13,"0.未手术",NA
"HZSY_018",10,"9",10,"9",26,26,"1.IMV",61.1,50,337,4.9,"4.多巴胺＞15或去甲＞0.1或肾上腺素＞0.1",15,"3.肌酐300-440或尿量<500/天","1.IMV","69.400000000000006","50","391","4.9000000000000004","2.多巴胺剂量≤5ug/kg/min或使用任意剂量的多巴酚丁胺",15,"4.肌酐大于440或尿量<200/天","1.38.5-38.9或34-35.9",35.5,"0.70-109",109,"2.110-139或55-69",57,"0.12-24",21,NA,50,36.2,61.1,"2.7.25-7.32",7.27,"0.130-149",139,"0.3.5-5.4",4.64,"1.择期手术",NA
"HZSY_019",10,"5",10,"5",22,22,"1.IMV",88.5,40,90,5.8,"4.多巴胺＞15或去甲＞0.1或肾上腺素＞0.1",15,"2.肌酐171-299","1.IMV","74.3","30","53","5.8","1.MAP小于70（未使用血管活性药物）",15,"0.肌酐＜110","0.36-38.4",37.4,"2.110-129或50-69",65,"2.110-139或55-69",114,"0.12-24",18,88.5,NA,NA,NA,"3.7.6-7.69或7.15-7.24",7.2,"0.130-149",146,"0.3.5-5.4",3.5,"0.未手术",NA
"HZSY_020",10,"10",7,"7",25,18,"1.IMV",70.9,50,280,17.5,"4.多巴胺＞15或去甲＞0.1或肾上腺素＞0.1",8,"0.肌酐＜110","1.IMV","87","50","218","20.100000000000001","3.多巴胺＞5或肾上腺素≤0.1或去甲≤0.1",6,"0.肌酐＜110","0.36-38.4",37.9,"2.110-129或50-69",59,"2.110-139或55-69",122,"1.25-34或10-11",30,NA,50,32.2,70.9,"1.7.5-7.59",7.51,"2.155-159或120-129",157,"0.3.5-5.4",3.56,"2.急诊手术",NA
"HZSY_021",10,"6",10,"6",28,28,"1.IMV",70,60,295,10.1,"4.多巴胺＞15或去甲＞0.1或肾上腺素＞0.1",15,"3.肌酐300-440或尿量<500/天","1.IMV","90.3","50","251","18.600000000000001","0.MAP大于70",15,"3.肌酐300-440或尿量<500/天","1.38.5-38.9或34-35.9",35.5,"4.≥160或≤49",39,"0.70-109",71,"0.12-24",16,NA,60,51,70,"3.7.6-7.69或7.15-7.24",7.22,"0.130-149",131,"1.5.5-5.9或3-3.4",3.28,"0.未手术",NA
"HZSY_022",9,"2",9,"2",16,16,"1.IMV",82.9,45,351,7.8,"4.多巴胺＞15或去甲＞0.1或肾上腺素＞0.1",15,"2.肌酐171-299","1.IMV","119.7","35","293","10.4","0.MAP大于70",15,"1.肌酐110-170","0.36-38.4",36.1,"0.70-109",101,"0.70-109",74,"0.12-24",13,82.9,NA,NA,NA,"0.7.33-7.49",7.43,"0.130-149",135,"0.3.5-5.4",4.01,"0.未手术",NA
"HZSY_023",7,"5",7,"5",14,14,"1.IMV",69,60,122,8.8,"3.多巴胺＞5或肾上腺素≤0.1或去甲≤0.1",15,"0.肌酐＜110","1.IMV","63.6","60","136","9.5","0.MAP大于70",15,"1.肌酐110-170","0.36-38.4",36.5,"2.110-129或50-69",115,"2.110-139或55-69",58,"0.12-24",16,NA,60,39,69,"0.7.33-7.49",7.41,"0.130-149",135,"0.3.5-5.4",3.8,"0.未手术",NA
"HZSY_024",5,"4",5,"4",10,10,"1.IMV",70.3,50,99,11.5,"0.MAP大于70",15,"0.肌酐＜110","1.IMV","50.7","50","112","11.5","0.MAP大于70",15,"0.肌酐＜110","0.36-38.4",36.4,"2.110-129或50-69",112,"0.70-109",74,"0.12-24",16,NA,50,41,70.3,"0.7.33-7.49",7.42,"0.130-149",149,"0.3.5-5.4",4.81,"0.未手术",NA
"HZSY_025",3,"2",3,"2",12,12,"2.NIMV",57.2,35,224,17.9,"0.MAP大于70",15,"0.肌酐＜110","4.鼻导管","68.5","33","224","9.9","0.MAP大于70",15,"0.肌酐＜110","1.38.5-38.9或34-35.9",38.6,"0.70-109",72,"0.70-109",108,"1.25-34或10-11",30,57.2,NA,NA,NA,"0.7.33-7.49",7.44,"0.130-149",138,"0.3.5-5.4",4.01,"0.未手术",NA
"XARM_038",3,"4",3,"4",9,9,"2.NIMV",54,50,173,16.61,"0.MAP大于70",15,"0.肌酐＜110","3.HFNC","52","35","109","17","0.MAP大于70",15,"0.肌酐＜110","0.36-38.4",36.6,"0.70-109",105,"2.110-139或55-69",110,"0.12-24",22,NA,50,67.8,54,"0.7.33-7.49",7.33,"0.130-149",137,"0.3.5-5.4",4.96,"0.未手术",NA
"XARM_039",2,"6",2,"6",12,12,"2.NIMV",100,50,210,9.61,"0.MAP大于70",15,"0.肌酐＜110","3.HFNC","68","40","76","25","0.MAP大于70",15,"0.肌酐＜110","0.36-38.4",37,"0.70-109",70,"0.70-109",97,"0.12-24",20,NA,50,36.3,100,"0.7.33-7.49",7.37,"0.130-149",133,"0.3.5-5.4",4.7,"0.未手术",NA
"ZYQC_145",5,"6",5,"6",11,11,"1.IMV",85.8,35,304,7.6,"3.多巴胺＞5或肾上腺素≤0.1或去甲≤0.1",15,"0.肌酐＜110","1.IMV","84.5","25","72","7.6","3.多巴胺＞5或肾上腺素≤0.1或去甲≤0.1",15,"0.肌酐＜110","0.36-38.4",37.5,"0.70-109",87,"0.70-109",99,"0.12-24",15,85.8,NA,NA,NA,"0.7.33-7.49",7.45,"0.130-149",140,"0.3.5-5.4",3.9,"0.未手术",NA
"ZYQC_146",7,"5",7,"5",20,20,"1.IMV",139,100,96,10,"0.MAP大于70",15,"2.肌酐171-299","1.IMV","77.900000000000006","25","93","11.7","0.MAP大于70",15,"2.肌酐171-299","0.36-38.4",37.6,"0.70-109",73,"0.70-109",88,"0.12-24",20,NA,100,81.9,139,"4.≥7.7或＜7.15",7.08,"0.130-149",138,"0.3.5-5.4",5,"0.未手术",NA
"ZYQC_147",3,"2",3,"2",13,13,"1.IMV",76.3,45,308,4.3,"0.MAP大于70",15,"0.肌酐＜110","1.IMV","87.8","30","308","4.3","0.MAP大于70",15,"0.肌酐＜110","0.36-38.4",36.8,"0.70-109",86,"0.70-109",75,"0.12-24",13,76.3,NA,NA,NA,"1.7.5-7.59",7.5,"0.130-149",132,"0.3.5-5.4",3.5,"0.未手术",NA
"ZYQC_148",7,"10",7,"10",15,15,"1.IMV",43.1,100,159,43.1,"1.MAP小于70（未使用血管活性药物）",15,"0.肌酐＜110","1.IMV","77.3","50","1","111.3","0.MAP大于70",15,"0.肌酐＜110","0.36-38.4",37.6,"2.110-129或50-69",60,"2.110-139或55-69",110,"0.12-24",20,NA,100,32.6,43.1,"3.7.6-7.69或7.15-7.24",7.24,"0.130-149",135,"2.2.5-2.9",2.7,"0.未手术",NA
"ZYQC_149",6,NA,6,NA,5,5,"1.IMV",86,45,500,4.8,"3.多巴胺＞5或肾上腺素≤0.1或去甲≤0.1",15,"0.肌酐＜110",NA,NA,NA,NA,NA,NA,NA,NA,"0.36-38.4",36.9,"0.70-109",78,"0.70-109",78,"0.12-24",18,86,NA,NA,NA,"0.7.33-7.49",7.37,"0.130-149",143,"0.3.5-5.4",4,"0.未手术",NA
"ZYQC_150",4,"4",2,"4",13,8,"3.HFNC",81.9,45,150,12.8,"0.MAP大于70",10,"0.肌酐＜110","3.HFNC","78.900000000000006","45","212","8.1999999999999993","0.MAP大于70",10,"0.肌酐＜110","0.36-38.4",37.8,"0.70-109",74,"0.70-109",85,"0.12-24",20,81.9,NA,NA,NA,"0.7.33-7.49",7.48,"0.130-149",134,"0.3.5-5.4",4.5,"0.未手术",NA
"ZYQC_151",13,NA,13,NA,21,21,"1.IMV",75.6,30,51,581.9,"3.多巴胺＞5或肾上腺素≤0.1或去甲≤0.1",15,"2.肌酐171-299",NA,NA,NA,NA,NA,NA,NA,NA,"3.39-40.9或30-31.9",39,"2.110-129或50-69",61,"2.110-139或55-69",125,"1.25-34或10-11",25,75.6,NA,NA,NA,"4.≥7.7或＜7.15",7.1,"0.130-149",139,"0.3.5-5.4",3.5,"0.未手术",NA
"ZYQC_152",13,"10",13,"10",19,19,"1.IMV",92.5,50,48,79,"3.多巴胺＞5或肾上腺素≤0.1或去甲≤0.1",15,"2.肌酐171-299","1.IMV","91.7","35","48","88.1","3.多巴胺＞5或肾上腺素≤0.1或去甲≤0.1",15,"0.肌酐＜110","0.36-38.4",38,"2.110-129或50-69",68,"2.110-139或55-69",113,"0.12-24",12,NA,50,63.4,92.5,"2.7.25-7.32",7.3,"1.150-154",151,"1.5.5-5.9或3-3.4",5.9,"0.未手术",NA
"ZYQC_153",9,NA,9,NA,27,27,"3.HFNC",70.5,50,46,10,"0.MAP大于70",15,"4.肌酐大于440或尿量<200/天",NA,NA,NA,NA,NA,NA,NA,NA,"3.39-40.9或30-31.9",39.3,"2.110-129或50-69",114,"2.110-139或55-69",137,"3.35-49",40,NA,50,33.9,70.5,"3.7.6-7.69或7.15-7.24",7.22,"0.130-149",137,"0.3.5-5.4",3.7,"0.未手术",NA
"ZYQC_154",13,"11",10,"11",17,9,"1.IMV",73.7,45,126,92.5,"3.多巴胺＞5或肾上腺素≤0.1或去甲≤0.1",7,"1.肌酐110-170","1.IMV","93.9","35","104","50.6","3.多巴胺＞5或肾上腺素≤0.1或去甲≤0.1",7,"0.肌酐＜110","0.36-38.4",37.3,"0.70-109",86,"2.110-139或55-69",114,"0.12-24",12,73.7,NA,NA,NA,"0.7.33-7.49",7.39,"0.130-149",138,"0.3.5-5.4",4.5,"0.未手术",NA
"ZYQC_155",5,"4",5,"4",21,21,"3.HFNC",56.5,80,172,6.2,"1.MAP小于70（未使用血管活性药物）",15,"2.肌酐171-299","1.IMV","64.400000000000006","30","151","5.9","1.MAP小于70（未使用血管活性药物）",15,"1.肌酐110-170","1.38.5-38.9或34-35.9",34.9,"4.≥160或≤49",46,"3.140-179或40-54",49,"1.25-34或10-11",27,NA,80,31.8,56.5,"1.7.5-7.59",7.51,"0.130-149",141,"1.5.5-5.9或3-3.4",3.2,"1.择期手术","为肾透析半永久静脉插管"
"ZYQC_156",6,"6",6,"6",13,13,"1.IMV",97.6,60,426,6.9,"3.多巴胺＞5或肾上腺素≤0.1或去甲≤0.1",15,"0.肌酐＜110","1.IMV","72.3","65","341","8.8000000000000007","3.多巴胺＞5或肾上腺素≤0.1或去甲≤0.1",15,"0.肌酐＜110","0.36-38.4",36.6,"0.70-109",76,"0.70-109",103,"0.12-24",14,NA,60,43.5,97.6,"0.7.33-7.49",7.45,"0.130-149",135,"0.3.5-5.4",3.7,"0.未手术",NA
"ZYQC_157",9,"6",9,"6",23,23,"3.HFNC",48.8,100,144,8.7,"4.多巴胺＞15或去甲＞0.1或肾上腺素＞0.1",15,"2.肌酐171-299","1.IMV","60.8","25","111","48","0.MAP大于70",15,"1.肌酐110-170","1.38.5-38.9或34-35.9",34.9,"2.110-129或50-69",61,"3.140-179或40-54",49,"1.25-34或10-11",25,NA,100,22,48.8,"0.7.33-7.49",7.47,"0.130-149",138,"1.5.5-5.9或3-3.4",5.47,"0.未手术",NA
"ZYQC_158",7,"6",7,"6",10,10,"1.IMV",87,30,80,9.6,"3.多巴胺＞5或肾上腺素≤0.1或去甲≤0.1",15,"0.肌酐＜110","3.HFNC","87","40","123","10.9","3.多巴胺＞5或肾上腺素≤0.1或去甲≤0.1",15,"0.肌酐＜110","0.36-38.4",37.1,"0.70-109",77,"0.70-109",74,"0.12-24",12,87,NA,NA,NA,"0.7.33-7.49",7.4,"2.155-159或120-129",129,"0.3.5-5.4",3.8,"0.未手术",NA
"ZYQC_159",9,NA,9,NA,22,22,"1.IMV",45,100,57,11.3,"3.多巴胺＞5或肾上腺素≤0.1或去甲≤0.1",15,"0.肌酐＜110",NA,NA,NA,NA,NA,NA,NA,NA,"1.38.5-38.9或34-35.9",38.5,"2.110-129或50-69",66,"2.110-139或55-69",136,"3.35-49",36,NA,100,37,45,"2.7.25-7.32",7.29,"0.130-149",132,"0.3.5-5.4",3.8,"0.未手术",NA
"ZYQC_160",5,"8",5,"8",9,9,"1.IMV",73.2,35,150,9.5,"3.多巴胺＞5或肾上腺素≤0.1或去甲≤0.1",15,"0.肌酐＜110","1.IMV","66.2","35","107","21.4","3.多巴胺＞5或肾上腺素≤0.1或去甲≤0.1",15,"0.肌酐＜110","0.36-38.4",36.5,"0.70-109",74,"0.70-109",83,"0.12-24",14,73.2,NA,NA,NA,"2.7.25-7.32",7.28,"0.130-149",144,"1.5.5-5.9或3-3.4",3.2,"0.未手术",NA
"ZYQC_161",3,"7",3,"7",10,10,"3.HFNC",72.6,40,213,4.3,"0.MAP大于70",15,"1.肌酐110-170","1.IMV","58","35","229","5.9","3.多巴胺＞5或肾上腺素≤0.1或去甲≤0.1",15,"1.肌酐110-170","0.36-38.4",37.5,"3.130-159",134,"2.110-139或55-69",118,"3.35-49",44,72.6,NA,NA,NA,"0.7.33-7.49",7.42,"0.130-149",130,"0.3.5-5.4",3.5,"0.未手术",NA
"ZYQC_162",15,"13",13,"13",16,11,"1.IMV",91,35,6,221.8,"3.多巴胺＞5或肾上腺素≤0.1或去甲≤0.1",10,"0.肌酐＜110","1.IMV","72","35","9","74.7","3.多巴胺＞5或肾上腺素≤0.1或去甲≤0.1",10,"0.肌酐＜110","0.36-38.4",36.6,"0.70-109",72,"0.70-109",102,"0.12-24",15,91,NA,NA,NA,"0.7.33-7.49",7.46,"0.130-149",142,"0.3.5-5.4",4.2,"0.未手术",NA
"ZYQC_163",12,"7",12,"7",15,15,"1.IMV",55.5,60,68,33.7,"4.多巴胺＞15或去甲＞0.1或肾上腺素＞0.1",15,"0.肌酐＜110","1.IMV","65.900000000000006","35","146","14","3.多巴胺＞5或肾上腺素≤0.1或去甲≤0.1",15,"0.肌酐＜110","0.36-38.4",36.7,"2.110-129或50-69",67,"0.70-109",87,"1.25-34或10-11",25,NA,60,28,55.5,"1.7.5-7.59",7.51,"0.130-149",141,"0.3.5-5.4",3.5,"0.未手术",NA
"ZYQC_164",4,"2",4,"2",18,18,"1.IMV",74,40,284,2.6,"0.MAP大于70",15,"1.肌酐110-170","1.IMV","86","28","270","2.4","0.MAP大于70",15,"1.肌酐110-170","0.36-38.4",37.5,"0.70-109",71,"0.70-109",72,"0.12-24",14,74,NA,NA,NA,"0.7.33-7.49",7.36,"0.130-149",131,"0.3.5-5.4",3.7,"0.未手术",NA
"ZYQC_165",10,"2",6,"2",28,16,"1.IMV",74,25,184,16,"4.多巴胺＞15或去甲＞0.1或肾上腺素＞0.1",3,"0.肌酐＜110","3.HFNC","71","25","205","10.199999999999999","0.MAP大于70",15,"0.肌酐＜110","0.36-38.4",37.4,"2.110-129或50-69",63,"3.140-179或40-54",146,"0.12-24",21,74,NA,NA,NA,"1.7.5-7.59",7.51,"3.160-179或111-119",117,"4.≥7或＜2.5",2.4,"0.未手术",NA
"ZYQC_166",8,"9",8,"9",15,15,"1.IMV",72,85,206,7,"0.MAP大于70",15,"4.肌酐大于440或尿量<200/天","1.IMV","76","60","75","8.5","3.多巴胺＞5或肾上腺素≤0.1或去甲≤0.1",15,"1.肌酐110-170","0.36-38.4",37.1,"0.70-109",83,"0.70-109",108,"0.12-24",12,NA,85,27.1,72,"0.7.33-7.49",7.36,"0.130-149",134,"1.5.5-5.9或3-3.4",3,"0.未手术",NA
"ZYQC_169",11,"1",7,"1",19,8,"1.IMV",84,35,85,4,"3.多巴胺＞5或肾上腺素≤0.1或去甲≤0.1",4,"0.肌酐＜110","1.IMV","94","25","194","8.1","0.MAP大于70",15,"0.肌酐＜110","0.36-38.4",37.2,"0.70-109",74,"2.110-139或55-69",122,"0.12-24",12,84,NA,NA,NA,"2.7.25-7.32",7.32,"0.130-149",140,"0.3.5-5.4",3.8,"0.未手术",NA
"ZYQC_170",7,"7",7,"7",20,20,"1.IMV",57,100,484,45.8,"1.MAP小于70（未使用血管活性药物）",15,"0.肌酐＜110","1.IMV","52","25","362","43.3","3.多巴胺＞5或肾上腺素≤0.1或去甲≤0.1",15,"0.肌酐＜110","0.36-38.4",37,"2.110-129或50-69",67,"4.≥180或≤39",203,"1.25-34或10-11",31,NA,100,42,57,"1.7.5-7.59",7.51,"2.155-159或120-129",129,"1.5.5-5.9或3-3.4",3.4,"0.未手术",NA
"ZYQC_171",8,"8",8,"8",13,13,"1.IMV",77,40,82,16,"3.多巴胺＞5或肾上腺素≤0.1或去甲≤0.1",15,"0.肌酐＜110","1.IMV","68","35","82","16","3.多巴胺＞5或肾上腺素≤0.1或去甲≤0.1",15,"0.肌酐＜110","0.36-38.4",37.9,"0.70-109",75,"2.110-139或55-69",129,"0.12-24",14,77,NA,NA,NA,"3.7.6-7.69或7.15-7.24",7.18,"0.130-149",136,"0.3.5-5.4",3.8,"0.未手术",NA
"ZYQC_172",9,"9",9,"9",20,20,"1.IMV",84,55,118,10.5,"4.多巴胺＞15或去甲＞0.1或肾上腺素＞0.1",15,"1.肌酐110-170","1.IMV","74","30","86","6","3.多巴胺＞5或肾上腺素≤0.1或去甲≤0.1",15,"2.肌酐171-299","1.38.5-38.9或34-35.9",38.5,"2.110-129或50-69",63,"2.110-139或55-69",127,"0.12-24",19,NA,55,28,84,"2.7.25-7.32",7.31,"0.130-149",136,"1.5.5-5.9或3-3.4",3.1,"0.未手术",NA
"ZYQC_173",11,NA,11,NA,21,21,"1.IMV",91,35,30,24,"3.多巴胺＞5或肾上腺素≤0.1或去甲≤0.1",15,"2.肌酐171-299",NA,NA,NA,NA,NA,NA,NA,NA,"0.36-38.4",38.1,"0.70-109",80,"0.70-109",87,"0.12-24",12,91,NA,NA,NA,"0.7.33-7.49",7.46,"0.130-149",138,"0.3.5-5.4",4.5,"0.未手术",NA
"ZYQC_174",13,"15",13,"15",18,18,"1.IMV",62.4,55,27,56.8,"4.多巴胺＞15或去甲＞0.1或肾上腺素＞0.1",15,"1.肌酐110-170","1.IMV","49.9","90","6","102","4.多巴胺＞15或去甲＞0.1或肾上腺素＞0.1",15,"0.肌酐＜110","0.36-38.4",36,"2.110-129或50-69",56,"2.110-139或55-69",61,"3.35-49",35,NA,55,42.1,62.4,"2.7.25-7.32",7.31,"2.155-159或120-129",122,"1.5.5-5.9或3-3.4",5.54,"0.未手术",NA
"ZYQC_175",2,NA,2,NA,10,10,"3.HFNC",74,45,161,11.7,"0.MAP大于70",15,"0.肌酐＜110",NA,NA,NA,NA,NA,NA,NA,NA,"0.36-38.4",36.7,"0.70-109",87,"0.70-109",86,"0.12-24",16,74,NA,NA,NA,"1.7.5-7.59",7.5,"0.130-149",134,"0.3.5-5.4",3.7,"0.未手术",NA
"ZYQC_176",8,"7",8,"7",15,15,"1.IMV",56,100,127,8.4,"3.多巴胺＞5或肾上腺素≤0.1或去甲≤0.1",15,"0.肌酐＜110","1.IMV","74","55","84","4.5","2.多巴胺剂量≤5ug/kg/min或使用任意剂量的多巴酚丁胺",15,"0.肌酐＜110","0.36-38.4",38.3,"2.110-129或50-69",69,"2.110-139或55-69",122,"1.25-34或10-11",28,NA,100,32,56,"2.7.25-7.32",7.32,"0.130-149",130,"0.3.5-5.4",4.8,"0.未手术",NA
"ZYQC_177",7,"3",7,"3",9,9,"3.HFNC",72,35,110,22.8,"3.多巴胺＞5或肾上腺素≤0.1或去甲≤0.1",15,"0.肌酐＜110","3.HFNC","71","35","110","13.7","0.MAP大于70",15,"0.肌酐＜110","0.36-38.4",37.8,"0.70-109",76,"0.70-109",79,"0.12-24",18,72,NA,NA,NA,"1.7.5-7.59",7.5,"0.130-149",132,"1.5.5-5.9或3-3.4",3.3,"0.未手术",NA
"ZYQC_178",8,"5",8,"5",16,16,"1.IMV",62,35,214,26.5,"4.多巴胺＞15或去甲＞0.1或肾上腺素＞0.1",15,"0.肌酐＜110","1.IMV","73","25","208","13.7","3.多巴胺＞5或肾上腺素≤0.1或去甲≤0.1",15,"0.肌酐＜110","0.36-38.4",37.5,"2.110-129或50-69",59,"0.70-109",103,"1.25-34或10-11",26,62,NA,NA,NA,"1.7.5-7.59",7.51,"0.130-149",138,"1.5.5-5.9或3-3.4",3.1,"0.未手术",NA
"ZYQC_179",4,"5",4,"5",12,12,"1.IMV",82.3,40,199,19.3,"2.多巴胺剂量≤5ug/kg/min或使用任意剂量的多巴酚丁胺",15,"0.肌酐＜110","1.IMV","85.5","40","147","12.3","2.多巴胺剂量≤5ug/kg/min或使用任意剂量的多巴酚丁胺",15,"0.肌酐＜110","0.36-38.4",36.7,"0.70-109",73,"0.70-109",78,"0.12-24",14,58,NA,NA,NA,"0.7.33-7.49",7.42,"0.130-149",138,"0.3.5-5.4",3.7,"0.未手术",NA
"ZYQC_180",10,"7",6,"7",35,23,"1.IMV",62,50,200,4.8,"2.多巴胺剂量≤5ug/kg/min或使用任意剂量的多巴酚丁胺",3,"1.肌酐110-170","1.IMV","74","22","76","11.1","0.MAP大于70",15,"4.肌酐大于440或尿量<200/天","1.38.5-38.9或34-35.9",35.4,"2.110-129或50-69",59,"2.110-139或55-69",116,"1.25-34或10-11",25,NA,50,42,62,"0.7.33-7.49",7.4,"0.130-149",135,"1.5.5-5.9或3-3.4",5.75,"0.未手术",NA
"ZYQC_181",5,"3",5,"3",11,11,"1.IMV",92,35,105,5.9,"2.多巴胺剂量≤5ug/kg/min或使用任意剂量的多巴酚丁胺",15,"0.肌酐＜110","1.IMV","84.6","35","120","4.2","0.MAP大于70",15,"0.肌酐＜110","0.36-38.4",37.1,"0.70-109",77,"0.70-109",72,"0.12-24",13,92,NA,NA,NA,"2.7.25-7.32",7.31,"0.130-149",141,"0.3.5-5.4",4.4,"0.未手术",NA
"ZYQC_182",5,"4",5,"4",12,12,"1.IMV",67.2,35,126,5.4,"1.MAP小于70（未使用血管活性药物）",15,"0.肌酐＜110","1.IMV","64.7","25","103","3.1","1.MAP小于70（未使用血管活性药物）",15,"0.肌酐＜110","3.39-40.9或30-31.9",39,"2.110-129或50-69",63,"0.70-109",71,"1.25-34或10-11",34,67.2,NA,NA,NA,"1.7.5-7.59",7.5,"0.130-149",133,"0.3.5-5.4",3.7,"0.未手术",NA
"ZYQC_183",5,"4",5,"4",6,6,"3.HFNC",62.5,60,142,34.1,"0.MAP大于70",15,"0.肌酐＜110","1.IMV","78.8","40","157","31","0.MAP大于70",15,"0.肌酐＜110","0.36-38.4",36.8,"0.70-109",82,"0.70-109",88,"0.12-24",18,NA,60,30.3,62.5,"0.7.33-7.49",7.46,"0.130-149",136,"0.3.5-5.4",3.7,"0.未手术",NA
"ZYQC_184",14,NA,14,NA,25,25,"1.IMV",56.8,60,13,73.3,"4.多巴胺＞15或去甲＞0.1或肾上腺素＞0.1",15,"0.肌酐＜110",NA,NA,NA,NA,NA,NA,NA,NA,"1.38.5-38.9或34-35.9",35.5,"2.110-129或50-69",65,"2.110-139或55-69",118,"3.35-49",42,NA,60,32.5,56.8,"4.≥7.7或＜7.15",7.13,"2.155-159或120-129",157,"0.3.5-5.4",3.6,"0.未手术",NA
"ZYQC_185",6,"6",6,"6",10,10,"1.IMV",55,60,219,10.9,"2.多巴胺剂量≤5ug/kg/min或使用任意剂量的多巴酚丁胺",15,"0.肌酐＜110","1.IMV","79","40","152","25","2.多巴胺剂量≤5ug/kg/min或使用任意剂量的多巴酚丁胺",15,"0.肌酐＜110","0.36-38.4",37.2,"0.70-109",89,"0.70-109",78,"0.12-24",14,NA,60,33,55,"3.7.6-7.69或7.15-7.24",7.63,"0.130-149",130,"1.5.5-5.9或3-3.4",3.1,"0.未手术",NA
"ZYQC_186",10,"15",10,"15",25,25,"3.HFNC",74,45,38,21.7,"1.MAP小于70（未使用血管活性药物）",15,"3.肌酐300-440或尿量<500/天","1.IMV","63","45","14","60.1","2.多巴胺剂量≤5ug/kg/min或使用任意剂量的多巴酚丁胺",15,"4.肌酐大于440或尿量<200/天","1.38.5-38.9或34-35.9",35.7,"2.110-129或50-69",58,"2.110-139或55-69",124,"1.25-34或10-11",30,74,NA,NA,NA,"4.≥7.7或＜7.15",7.13,"1.150-154",150,"0.3.5-5.4",4,"0.未手术",NA
"ZYQC_187",2,"2",2,"2",10,10,"3.HFNC",65.6,60,340,9,"0.MAP大于70",15,"0.肌酐＜110","3.HFNC","75.599999999999994","35","256","12","0.MAP大于70",15,"0.肌酐＜110","0.36-38.4",37.2,"0.70-109",75,"0.70-109",89,"0.12-24",12,NA,60,34.9,65.6,"1.7.5-7.59",7.57,"0.130-149",137,"0.3.5-5.4",3.6,"0.未手术",NA
"ZYQC_189",5,"5",3,"5",13,9,"3.HFNC",69.9,25,244,12.9,"1.MAP小于70（未使用血管活性药物）",11,"0.肌酐＜110","1.IMV","93.8","25","198","11","2.多巴胺剂量≤5ug/kg/min或使用任意剂量的多巴酚丁胺",11,"0.肌酐＜110","1.38.5-38.9或34-35.9",38.5,"2.110-129或50-69",67,"2.110-139或55-69",131,"1.25-34或10-11",30,69.9,NA,NA,NA,"1.7.5-7.59",7.53,"1.150-154",151,"1.5.5-5.9或3-3.4",3.4,"0.未手术",NA
"ZYQC_190",9,"10",9,"10",14,14,"2.NIMV",81,35,19,17.1,"2.多巴胺剂量≤5ug/kg/min或使用任意剂量的多巴酚丁胺",15,"1.肌酐110-170","1.IMV","65","35","15","19.399999999999999","2.多巴胺剂量≤5ug/kg/min或使用任意剂量的多巴酚丁胺",15,"1.肌酐110-170","3.39-40.9或30-31.9",39,"0.70-109",77,"3.140-179或40-54",157,"0.12-24",20,81,NA,NA,NA,"3.7.6-7.69或7.15-7.24",7.19,"0.130-149",137,"1.5.5-5.9或3-3.4",5.5,"0.未手术",NA
"ZYQC_191",11,NA,11,NA,24,24,"3.HFNC",47.1,50,65,16.6,"3.多巴胺＞5或肾上腺素≤0.1或去甲≤0.1",15,"4.肌酐大于440或尿量<200/天",NA,NA,NA,NA,NA,NA,NA,NA,"3.39-40.9或30-31.9",39.8,"2.110-129或50-69",119,"3.140-179或40-54",147,"3.35-49",40,NA,50,36.9,47.1,"2.7.25-7.32",7.25,"0.130-149",132,"0.3.5-5.4",3.8,"0.未手术",NA
"ZYQC_192",8,"6",8,"6",20,20,"1.IMV",86.5,100,237,6.5,"0.MAP大于70",15,"4.肌酐大于440或尿量<200/天","1.IMV","87.9","35","230","5.8","0.MAP大于70",15,"4.肌酐大于440或尿量<200/天","0.36-38.4",36.5,"2.110-129或50-69",68,"2.110-139或55-69",65,"0.12-24",18,NA,100,55.7,86.5,"3.7.6-7.69或7.15-7.24",7.24,"0.130-149",137,"0.3.5-5.4",4.3,"0.未手术",NA
"ZYQC_193",11,"8",11,"8",18,18,"1.IMV",81.7,70,18,79.2,"2.多巴胺剂量≤5ug/kg/min或使用任意剂量的多巴酚丁胺",15,"0.肌酐＜110","1.IMV","64.5","45","107","34.9","2.多巴胺剂量≤5ug/kg/min或使用任意剂量的多巴酚丁胺",15,"0.肌酐＜110","0.36-38.4",37.2,"2.110-129或50-69",118,"3.140-179或40-54",175,"3.35-49",43,NA,70,46.2,81.7,"2.7.25-7.32",7.3,"0.130-149",136,"2.2.5-2.9",2.9,"0.未手术",NA
"ZYQC_194",16,NA,16,NA,24,24,"1.IMV",83,50,35,72,"4.多巴胺＞15或去甲＞0.1或肾上腺素＞0.1",15,"4.肌酐大于440或尿量<200/天",NA,NA,NA,NA,NA,NA,NA,NA,"0.36-38.4",37.1,"2.110-129或50-69",63,"2.110-139或55-69",124,"0.12-24",21,NA,50,26,83,"2.7.25-7.32",7.26,"0.130-149",132,"0.3.5-5.4",5.3,"1.择期手术","肾移植"
"ZYQC_195",11,"6",11,"6",22,22,"1.IMV",68,60,75,7.3,"2.多巴胺剂量≤5ug/kg/min或使用任意剂量的多巴酚丁胺",15,"4.肌酐大于440或尿量<200/天","3.HFNC","88","40","152","8.1999999999999993","0.MAP大于70",15,"4.肌酐大于440或尿量<200/天","0.36-38.4",36.5,"2.110-129或50-69",129,"2.110-139或55-69",135,"1.25-34或10-11",31,NA,60,72,68,"3.7.6-7.69或7.15-7.24",7.24,"0.130-149",135,"1.5.5-5.9或3-3.4",3.1,"0.未手术",NA
"ZYQC_196",7,"3",5,"3",16,13,"1.IMV",87.3,35,125,7.1,"2.多巴胺剂量≤5ug/kg/min或使用任意剂量的多巴酚丁胺",12,"0.肌酐＜110","1.IMV","105","30","108","9.3000000000000007","0.MAP大于70",15,"1.肌酐110-170","0.36-38.4",37.6,"2.110-129或50-69",56,"0.70-109",77,"0.12-24",12,87.3,NA,NA,NA,"0.7.33-7.49",7.45,"2.155-159或120-129",155,"0.3.5-5.4",3.8,"1.择期手术","颈动脉支架置入，大脑中动脉取栓"
"ZYQC_197",10,"9",10,"9",20,20,"1.IMV",44.1,80,272,3.6,"2.多巴胺剂量≤5ug/kg/min或使用任意剂量的多巴酚丁胺",15,"4.肌酐大于440或尿量<200/天","1.IMV","69.400000000000006","35","317","2.2999999999999998","2.多巴胺剂量≤5ug/kg/min或使用任意剂量的多巴酚丁胺",15,"4.肌酐大于440或尿量<200/天","0.36-38.4",37,"2.110-129或50-69",67,"2.110-139或55-69",115,"1.25-34或10-11",32,NA,80,31.9,44.1,"2.7.25-7.32",7.25,"0.130-149",136,"0.3.5-5.4",3.9,"0.未手术",NA
"ZYQC_198",6,"4",6,"4",16,16,"1.IMV",65.2,30,106,28.8,"2.多巴胺剂量≤5ug/kg/min或使用任意剂量的多巴酚丁胺",15,"0.肌酐＜110","1.IMV","89.7","30","135","15.5","1.MAP小于70（未使用血管活性药物）",15,"0.肌酐＜110","1.38.5-38.9或34-35.9",38.9,"2.110-129或50-69",60,"0.70-109",96,"0.12-24",18,65.2,NA,NA,NA,"0.7.33-7.49",7.43,"0.130-149",134,"0.3.5-5.4",3.7,"0.未手术",NA
"ZYQC_199",5,NA,5,NA,16,16,"3.HFNC",72,35,136,2.8,"0.MAP大于70",15,"2.肌酐171-299",NA,NA,NA,NA,NA,NA,NA,NA,"0.36-38.4",37.3,"2.110-129或50-69",112,"2.110-139或55-69",57,"1.25-34或10-11",28,72,NA,NA,NA,"2.7.25-7.32",7.31,"0.130-149",135,"0.3.5-5.4",5.02,"0.未手术",NA
"ZYYH_081",12,"11",12,"11",21,21,"1.IMV",95,35,28,302.9,"3.多巴胺＞5或肾上腺素≤0.1或去甲≤0.1",15,"0.肌酐＜110","1.IMV","119","35","8","200.3","3.多巴胺＞5或肾上腺素≤0.1或去甲≤0.1",15,"0.肌酐＜110","1.38.5-38.9或34-35.9",38.8,"2.110-129或50-69",60,"0.70-109",93,"1.25-34或10-11",26,95,NA,NA,NA,"1.7.5-7.59",7.52,"0.130-149",149,"1.5.5-5.9或3-3.4",3.2,"0.未手术",NA
"ZYYH_082",10,"11",10,"11",16,16,"1.IMV",93.8,40,57,94,"2.多巴胺剂量≤5ug/kg/min或使用任意剂量的多巴酚丁胺",15,"2.肌酐171-299","1.IMV","61.1","60","60","109","3.多巴胺＞5或肾上腺素≤0.1或去甲≤0.1",15,"0.肌酐＜110","0.36-38.4",36.7,"2.110-129或50-69",62,"2.110-139或55-69",113,"0.12-24",12,93.8,NA,NA,NA,"3.7.6-7.69或7.15-7.24",7.24,"2.155-159或120-129",128,"1.5.5-5.9或3-3.4",3.1,"0.未手术",NA
"ZYYH_083",9,"9",9,"9",17,17,"1.IMV",88,55,166,16.3,"3.多巴胺＞5或肾上腺素≤0.1或去甲≤0.1",15,"3.肌酐300-440或尿量<500/天","1.IMV","77","35","43","21.7","3.多巴胺＞5或肾上腺素≤0.1或去甲≤0.1",15,"0.肌酐＜110","0.36-38.4",36.2,"2.110-129或50-69",50,"2.110-139或55-69",124,"3.35-49",42,NA,55,36,88,"3.7.6-7.69或7.15-7.24",7.21,"0.130-149",135,"1.5.5-5.9或3-3.4",5.61,"0.未手术",NA
"ZYYH_084",8,"1",8,"1",13,13,"1.IMV",93,60,123,9,"4.多巴胺＞15或去甲＞0.1或肾上腺素＞0.1",15,"0.肌酐＜110","1.IMV","104","30","203","9.6","0.MAP大于70",15,"0.肌酐＜110","0.36-38.4",36.2,"2.110-129或50-69",122,"2.110-139或55-69",60,"0.12-24",12,NA,60,43,93,"0.7.33-7.49",7.39,"0.130-149",143,"1.5.5-5.9或3-3.4",3.4,"0.未手术",NA
"ZYYH_085",10,"12",10,"12",18,18,"1.IMV",60,50,61,48.7,"1.MAP小于70（未使用血管活性药物）",15,"2.肌酐171-299","1.IMV","73","35","31","32.5","3.多巴胺＞5或肾上腺素≤0.1或去甲≤0.1",15,"2.肌酐171-299","1.38.5-38.9或34-35.9",35.8,"2.110-129或50-69",69,"0.70-109",77,"0.12-24",13,NA,50,20,60,"0.7.33-7.49",7.37,"0.130-149",142,"1.5.5-5.9或3-3.4",3.3,"0.未手术",NA
"ZYYH_086",8,"4",8,"4",15,15,"1.IMV",110,55,22,43.5,"1.MAP小于70（未使用血管活性药物）",15,"0.肌酐＜110","1.IMV","98.9","50","182","24.7","0.MAP大于70",15,"0.肌酐＜110","3.39-40.9或30-31.9",40.5,"2.110-129或50-69",62,"3.140-179或40-54",145,"0.12-24",12,NA,55,44,110,"2.7.25-7.32",7.3,"0.130-149",134,"2.2.5-2.9",2.9,"0.未手术",NA
"ZYYH_087",7,"4",7,"4",18,18,"1.IMV",54.5,45,112,24.6,"2.多巴胺剂量≤5ug/kg/min或使用任意剂量的多巴酚丁胺",15,"0.肌酐＜110","1.IMV","68","50","120","18.5","0.MAP大于70",15,"0.肌酐＜110","0.36-38.4",36,"2.110-129或50-69",113,"2.110-139或55-69",59,"1.25-34或10-11",10,54.5,NA,NA,NA,"3.7.6-7.69或7.15-7.24",7.65,"0.130-149",136,"1.5.5-5.9或3-3.4",3.2,"0.未手术",NA
"ZYYH_088",9,"5",9,"5",12,12,"1.IMV",89.9,35,129,4.5,"3.多巴胺＞5或肾上腺素≤0.1或去甲≤0.1",15,"3.肌酐300-440或尿量<500/天","1.IMV","85","33","155","3.9","0.MAP大于70",15,"3.肌酐300-440或尿量<500/天","0.36-38.4",36.8,"0.70-109",84,"0.70-109",90,"0.12-24",12,89.9,NA,NA,NA,"0.7.33-7.49",7.33,"0.130-149",133,"0.3.5-5.4",3.5,"0.未手术",NA
"ZYYH_089",14,NA,14,NA,27,27,"1.IMV",55,70,8,73.6,"4.多巴胺＞15或去甲＞0.1或肾上腺素＞0.1",15,"0.肌酐＜110",NA,NA,NA,NA,NA,NA,NA,NA,"3.39-40.9或30-31.9",39.5,"2.110-129或50-69",65,"2.110-139或55-69",132,"0.12-24",15,NA,70,36,55,"3.7.6-7.69或7.15-7.24",7.24,"0.130-149",138,"0.3.5-5.4",4,"0.未手术",NA
"ZYYH_090",10,"7",6,"7",27,17,"1.IMV",99,40,36,9.5,"0.MAP大于70",5,"1.肌酐110-170","1.IMV","130","35","99","9.9","0.MAP大于70",5,"0.肌酐＜110","1.38.5-38.9或34-35.9",35,"0.70-109",73,"3.140-179或40-54",53,"0.12-24",12,99,NA,NA,NA,"1.7.5-7.59",7.51,"0.130-149",144,"1.5.5-5.9或3-3.4",3.4,"0.未手术",NA
"ZYYH_091",6,"6",6,"6",13,13,"1.IMV",70,65,95,10.5,"1.MAP小于70（未使用血管活性药物）",15,"0.肌酐＜110","1.IMV","73","50","40","13.8","0.MAP大于70",15,"0.肌酐＜110","0.36-38.4",36.1,"2.110-129或50-69",60,"0.70-109",75,"0.12-24",16,NA,65,35,70,"0.7.33-7.49",7.34,"0.130-149",134,"0.3.5-5.4",3.5,"0.未手术",NA
"ZYYH_092",4,"3",4,"3",17,17,"1.IMV",76,45,159,2.1,"1.MAP小于70（未使用血管活性药物）",15,"0.肌酐＜110","1.IMV","83","40","148","1.7","0.MAP大于70",15,"0.肌酐＜110","0.36-38.4",36.5,"2.110-129或50-69",115,"0.70-109",80,"1.25-34或10-11",30,76,NA,NA,NA,"2.7.25-7.32",7.31,"2.155-159或120-129",129,"1.5.5-5.9或3-3.4",3.1,"0.未手术",NA
"ZYYH_093",8,"8",8,"8",18,18,"1.IMV",94,35,9,42,"0.MAP大于70",15,"0.肌酐＜110","1.IMV","84","50","9","30.5","0.MAP大于70",15,"0.肌酐＜110","1.38.5-38.9或34-35.9",38.5,"2.110-129或50-69",69,"2.110-139或55-69",128,"1.25-34或10-11",29,94,NA,NA,NA,"1.7.5-7.59",7.5,"2.155-159或120-129",128,"0.3.5-5.4",3.7,"0.未手术",NA
"ZYYH_094",8,"3",8,"3",16,16,"1.IMV",95,100,195,13.1,"4.多巴胺＞15或去甲＞0.1或肾上腺素＞0.1",15,"0.肌酐＜110","1.IMV","89","60","237","5.5","0.MAP大于70",15,"0.肌酐＜110","1.38.5-38.9或34-35.9",35.8,"0.70-109",72,"2.110-139或55-69",61,"0.12-24",12,NA,100,46,95,"2.7.25-7.32",7.32,"0.130-149",134,"1.5.5-5.9或3-3.4",3.4,"0.未手术",NA
"ZYYH_095",15,"18",15,"18",20,20,"1.IMV",62.4,50,43,164.7,"3.多巴胺＞5或肾上腺素≤0.1或去甲≤0.1",15,"3.肌酐300-440或尿量<500/天","1.IMV","92","45","4","273.3","4.多巴胺＞15或去甲＞0.1或肾上腺素＞0.1",15,"4.肌酐大于440或尿量<200/天","0.36-38.4",36.5,"0.70-109",71,"2.110-139或55-69",133,"0.12-24",14,NA,50,45.7,62.4,"2.7.25-7.32",7.26,"0.130-149",132,"0.3.5-5.4",4.5,"0.未手术",NA
"ZYYH_096",8,"11",8,"11",22,22,"1.IMV",75,100,117,4.7,"0.MAP大于70",15,"3.肌酐300-440或尿量<500/天","1.IMV","118","55","32","25.7","1.MAP小于70（未使用血管活性药物）",15,"4.肌酐大于440或尿量<200/天","0.36-38.4",36.5,"0.70-109",82,"3.140-179或40-54",53,"0.12-24",15,NA,100,34.3,75,"1.7.5-7.59",7.51,"0.130-149",134,"1.5.5-5.9或3-3.4",3,"0.未手术",NA
"ZYYH_097",5,"5",5,"5",13,13,"1.IMV",71,60,242,3.4,"0.MAP大于70",15,"2.肌酐171-299","1.IMV","105","40","127","5.5","1.MAP小于70（未使用血管活性药物）",15,"1.肌酐110-170","0.36-38.4",36,"0.70-109",74,"0.70-109",74,"1.25-34或10-11",29,NA,60,35,71,"2.7.25-7.32",7.29,"0.130-149",136,"1.5.5-5.9或3-3.4",3.1,"0.未手术",NA
"ZYYH_098",3,"2",3,"2",6,6,"1.IMV",88,45,824,12.1,"0.MAP大于70",15,"0.肌酐＜110","1.IMV","85","30","746","8.5","0.MAP大于70",15,"0.肌酐＜110","0.36-38.4",38.2,"0.70-109",94,"2.110-139或55-69",126,"0.12-24",14,88,NA,NA,NA,"0.7.33-7.49",7.44,"0.130-149",139,"0.3.5-5.4",3.8,"0.未手术",NA
"ZYYH_099",8,"6",8,"6",19,19,"1.IMV",99,45,104,27.1,"3.多巴胺＞5或肾上腺素≤0.1或去甲≤0.1",15,"1.肌酐110-170","3.HFNC","99","45","91","23.5","0.MAP大于70",15,"1.肌酐110-170","0.36-38.4",36,"2.110-129或50-69",66,"2.110-139或55-69",118,"2.6-9",6,132,NA,NA,NA,"1.7.5-7.59",7.52,"0.130-149",141,"0.3.5-5.4",3.9,"0.未手术",NA
"ZYYH_100",7,"5",7,"5",17,17,"1.IMV",77,60,270,14.3,"1.MAP小于70（未使用血管活性药物）",15,"3.肌酐300-440或尿量<500/天","1.IMV","79","40","168","7.1","0.MAP大于70",15,"2.肌酐171-299","0.36-38.4",36.3,"3.130-159",139,"2.110-139或55-69",123,"1.25-34或10-11",25,NA,60,74.4,77,"4.≥7.7或＜7.15",7.05,"0.130-149",130,"2.2.5-2.9",2.8,"0.未手术",NA
"ZYYH_101",8,"5",8,"5",19,19,"1.IMV",76,50,95,6.8,"2.多巴胺剂量≤5ug/kg/min或使用任意剂量的多巴酚丁胺",15,"1.肌酐110-170","1.IMV","75","50","113","12.6","0.MAP大于70",15,"1.肌酐110-170","0.36-38.4",36.3,"2.110-129或50-69",62,"2.110-139或55-69",132,"1.25-34或10-11",32,NA,50,42,76,"3.7.6-7.69或7.15-7.24",7.2,"0.130-149",136,"0.3.5-5.4",3.7,"0.未手术",NA
"ZYYH_102",8,"5",8,"5",25,25,"1.IMV",106,65,62,9.2,"2.多巴胺剂量≤5ug/kg/min或使用任意剂量的多巴酚丁胺",15,"1.肌酐110-170","1.IMV","73","38","112","10.1","0.MAP大于70",15,"1.肌酐110-170","3.39-40.9或30-31.9",39,"2.110-129或50-69",67,"2.110-139或55-69",127,"0.12-24",16,NA,65,48,106,"2.7.25-7.32",7.29,"0.130-149",144,"0.3.5-5.4",4,"2.急诊手术","回肠切除术，单侧腹股沟修补"
"ZYYH_103",11,NA,11,NA,22,22,"1.IMV",83,70,77,228.2,"1.MAP小于70（未使用血管活性药物）",15,"1.肌酐110-170",NA,NA,NA,NA,NA,NA,NA,NA,"0.36-38.4",36.8,"2.110-129或50-69",63,"2.110-139或55-69",136,"3.35-49",38,NA,70,39,83,"0.7.33-7.49",7.38,"0.130-149",143,"0.3.5-5.4",3.7,"1.择期手术","右半肝切除术，胆管空肠吻合术"
"ZYYH_104",9,"10",6,"10",34,25,"1.IMV",86,35,31,19.5,"1.MAP小于70（未使用血管活性药物）",6,"0.肌酐＜110","1.IMV","128","35","31","22.3","2.多巴胺剂量≤5ug/kg/min或使用任意剂量的多巴酚丁胺",6,"0.肌酐＜110","0.36-38.4",36.2,"2.110-129或50-69",59,"3.140-179或40-54",66,"1.25-34或10-11",25,86,NA,NA,NA,"2.7.25-7.32",7.27,"0.130-149",138,"0.3.5-5.4",4.3,"2.急诊手术","经导管颅内动脉瘤栓塞术"
"ZYYH_105",10,NA,10,NA,24,24,"1.IMV",86,80,118,29.9,"2.多巴胺剂量≤5ug/kg/min或使用任意剂量的多巴酚丁胺",15,"3.肌酐300-440或尿量<500/天","已自动出院",NA,NA,NA,NA,NA,NA,NA,"3.39-40.9或30-31.9",39.5,"2.110-129或50-69",66,"3.140-179或40-54",110,"0.12-24",13,NA,80,39,86,"2.7.25-7.32",7.28,"2.155-159或120-129",120,"0.3.5-5.4",3.8,"0.未手术",NA
"ZYCZ_043",13,NA,13,NA,23,23,"1.IMV",63.3,100,9,17.5,"4.多巴胺＞15或去甲＞0.1或肾上腺素＞0.1",15,"1.肌酐110-170",NA,NA,NA,NA,NA,NA,NA,NA,"0.36-38.4",37.9,"2.110-129或50-69",62,"2.110-139或55-69",119,"0.12-24",18,NA,100,37.8,63.3,"0.7.33-7.49",7.37,"0.130-149",137,"0.3.5-5.4",3.9,"0.未手术",NA
"ZYCZ_044",7,"5",7,"5",15,15,"1.IMV",71.8,40,140,4.6,"1.MAP小于70（未使用血管活性药物）",15,"2.肌酐171-299","1.IMV","68","35","178","5.5","0.MAP大于70",15,"2.肌酐171-299","0.36-38.4",36.8,"2.110-129或50-69",68,"0.70-109",79,"0.12-24",14,71.8,NA,NA,NA,"1.7.5-7.59",7.53,"0.130-149",145,"0.3.5-5.4",3.5,"0.未手术",NA
"ZYCZ_045",13,"14",13,"14",33,33,"1.IMV",73.8,75,86,36.5,"4.多巴胺＞15或去甲＞0.1或肾上腺素＞0.1",15,"1.肌酐110-170","1.IMV","73.8","55","12","95.2","4.多巴胺＞15或去甲＞0.1或肾上腺素＞0.1",15,"1.肌酐110-170","3.39-40.9或30-31.9",39,"2.110-129或50-69",61,"2.110-139或55-69",125,"3.35-49",35,NA,75,47.7,73.8,"2.7.25-7.32",7.27,"0.130-149",135,"0.3.5-5.4",4.6,"0.未手术",NA
"ZYCZ_046",8,"7",8,"7",18,18,"1.IMV",68.7,30,9,5.5,"2.多巴胺剂量≤5ug/kg/min或使用任意剂量的多巴酚丁胺",15,"0.肌酐＜110","1.IMV","68.7","40","17","6.9","0.MAP大于70",15,"0.肌酐＜110","0.36-38.4",36.7,"2.110-129或50-69",63,"2.110-139或55-69",111,"0.12-24",17,68.7,NA,NA,NA,"0.7.33-7.49",7.46,"1.150-154",150,"0.3.5-5.4",4,"0.未手术",NA
"ZYCZ_047",7,"9",7,"9",15,15,"1.IMV",52,70,192,3.6,"3.多巴胺＞5或肾上腺素≤0.1或去甲≤0.1",15,"0.肌酐＜110","1.IMV","52.6","60","183","5.6","4.多巴胺＞15或去甲＞0.1或肾上腺素＞0.1",15,"1.肌酐110-170","0.36-38.4",36.9,"0.70-109",76,"2.110-139或55-69",116,"0.12-24",13,NA,70,44.2,52,"0.7.33-7.49",7.48,"0.130-149",140,"0.3.5-5.4",4.3,"0.未手术",NA
"ZYCZ_048",12,"10",12,"10",16,16,"1.IMV",73.9,40,91,17.6,"3.多巴胺＞5或肾上腺素≤0.1或去甲≤0.1",15,"4.肌酐大于440或尿量<200/天","1.IMV","67.400000000000006","40","133","12.7","2.多巴胺剂量≤5ug/kg/min或使用任意剂量的多巴酚丁胺",15,"4.肌酐大于440或尿量<200/天","0.36-38.4",36.2,"0.70-109",76,"2.110-139或55-69",64,"0.12-24",12,73.9,NA,NA,NA,"2.7.25-7.32",7.32,"0.130-149",135,"0.3.5-5.4",4.3,"0.未手术",NA
"ZYCZ_049",13,"13",13,"13",18,18,"1.IMV",65.5,60,89,39.9,"4.多巴胺＞15或去甲＞0.1或肾上腺素＞0.1",15,"2.肌酐171-299","1.IMV","78","40","78","50.2","2.多巴胺剂量≤5ug/kg/min或使用任意剂量的多巴酚丁胺",15,"4.肌酐大于440或尿量<200/天","1.38.5-38.9或34-35.9",35.5,"2.110-129或50-69",57,"0.70-109",84,"0.12-24",20,NA,60,32.4,65.5,"0.7.33-7.49",7.49,"0.130-149",141,"0.3.5-5.4",4.2,"0.未手术",NA
"ZYCZ_050",10,"7",10,"7",18,18,"1.IMV",103,45,95,4.2,"3.多巴胺＞5或肾上腺素≤0.1或去甲≤0.1",15,"3.肌酐300-440或尿量<500/天","1.IMV","73.099999999999994","55","95","4.2","2.多巴胺剂量≤5ug/kg/min或使用任意剂量的多巴酚丁胺",15,"0.肌酐＜110","0.36-38.4",37.6,"0.70-109",86,"0.70-109",68,"0.12-24",12,103,NA,NA,NA,"2.7.25-7.32",7.28,"0.130-149",140,"0.3.5-5.4",4.2,"0.未手术",NA
"ZYCZ_051",4,"3",4,"3",13,13,"1.IMV",107,50,381,4.8,"2.多巴胺剂量≤5ug/kg/min或使用任意剂量的多巴酚丁胺",15,"0.肌酐＜110","1.IMV","103","30","228","4.5999999999999996","2.多巴胺剂量≤5ug/kg/min或使用任意剂量的多巴酚丁胺",15,"0.肌酐＜110","0.36-38.4",37.6,"0.70-109",82,"0.70-109",91,"0.12-24",14,NA,50,32,107,"2.7.25-7.32",7.31,"4.≥180或≤110",109,"0.3.5-5.4",4.3,"0.未手术",NA
"ZYCZ_052",6,"4",6,"4",11,11,"1.IMV",107,45,43,6.3,"0.MAP大于70",15,"1.肌酐110-170","1.IMV","91.3","30","103","3.1","0.MAP大于70",15,"2.肌酐171-299","0.36-38.4",37.5,"0.70-109",86,"0.70-109",70,"0.12-24",22,107,NA,NA,NA,"0.7.33-7.49",7.43,"0.130-149",146,"0.3.5-5.4",4.4,"0.未手术",NA
"ZYCZ_053",5,"9",5,"9",17,17,"1.IMV",76.9,40,229,11,"0.MAP大于70",15,"2.肌酐171-299","1.IMV","102","30","48","8.8000000000000007","2.多巴胺剂量≤5ug/kg/min或使用任意剂量的多巴酚丁胺",15,"3.肌酐300-440或尿量<500/天","0.36-38.4",36.6,"0.70-109",87,"0.70-109",82,"0.12-24",12,76.9,NA,NA,NA,"0.7.33-7.49",7.38,"0.130-149",142,"0.3.5-5.4",3.7,"0.未手术",NA
"HNSR_068",8,"6",7,"6",9,8,"1.IMV",97.4,60,104,23.7,"2.多巴胺剂量≤5ug/kg/min或使用任意剂量的多巴酚丁胺",14,"0.肌酐＜110","1.IMV","77.2","45","183","23.7","2.多巴胺剂量≤5ug/kg/min或使用任意剂量的多巴酚丁胺",15,"0.肌酐＜110","1.38.5-38.9或34-35.9",38.8,"0.70-109",76.3,"2.110-139或55-69",110,"0.12-24",15,NA,60,34.8,97.4,"1.7.5-7.59",7.51,"0.130-149",140.6,"1.5.5-5.9或3-3.4",3.26,"1.择期手术","颈前路锥体次全切植骨融合内固定术"
"HNSR_069",9,"4",9,"4",13,13,"1.IMV",91.5,60,145,27.9,"2.多巴胺剂量≤5ug/kg/min或使用任意剂量的多巴酚丁胺",15,"2.肌酐171-299","1.IMV","91.5","60","197","27.9","0.MAP大于70",15,"0.肌酐＜110","1.38.5-38.9或34-35.9",38.5,"2.110-129或50-69",113.7,"0.70-109",101,"0.12-24",16,NA,60,44.3,91.5,"2.7.25-7.32",7.306,"0.130-149",139.6,"0.3.5-5.4",4.41,"1.择期手术","经皮颅内动脉支架植入术"
"HNSR_070",5,"6",5,"6",4,4,"1.IMV",99.3,40,187,29.5,"2.多巴胺剂量≤5ug/kg/min或使用任意剂量的多巴酚丁胺",15,"0.肌酐＜110","1.IMV","99.7","40","138","29.5","2.多巴胺剂量≤5ug/kg/min或使用任意剂量的多巴酚丁胺",15,"0.肌酐＜110","0.36-38.4",37.8,"0.70-109",93.6,"0.70-109",100,"0.12-24",12,99.3,NA,NA,NA,"0.7.33-7.49",7.41,"0.130-149",143.4,"0.3.5-5.4",4.47,"0.未手术",NA
"HNSR_071",10,NA,8,NA,28,25,"1.IMV",65.3,100,196,38.4,"2.多巴胺剂量≤5ug/kg/min或使用任意剂量的多巴酚丁胺",12,"0.肌酐＜110",NA,NA,NA,NA,NA,NA,NA,NA,"0.36-38.4",36.5,"2.110-129或50-69",65.3,"2.110-139或55-69",136,"3.35-49",35,NA,100,41.1,65.3,"4.≥7.7或＜7.15",7.094,"0.130-149",132.8,"0.3.5-5.4",4.27,"1.择期手术","荧光腹腔镜下肝癌切除术"
"HNSR_072",9,"9",5,"9",20,8,"1.IMV",112.9,40,352,12.3,"3.多巴胺＞5或肾上腺素≤0.1或去甲≤0.1",3,"0.肌酐＜110","1.IMV","120","50","227","4.29","3.多巴胺＞5或肾上腺素≤0.1或去甲≤0.1",4,"0.肌酐＜110","0.36-38.4",36.8,"3.130-159",135,"0.70-109",85,"0.12-24",15,112.9,NA,NA,NA,"0.7.33-7.49",7.41,"0.130-149",141.3,"1.5.5-5.9或3-3.4",3.4,"0.未手术",NA
"HNSR_073",9,"11",9,"11",15,15,"1.IMV",104,60,149,75.6,"3.多巴胺＞5或肾上腺素≤0.1或去甲≤0.1",15,"0.肌酐＜110","1.IMV","62.6","70","54","48.4","3.多巴胺＞5或肾上腺素≤0.1或去甲≤0.1",15,"0.肌酐＜110","3.39-40.9或30-31.9",39.1,"0.70-109",87.7,"2.110-139或55-69",113,"0.12-24",14,NA,60,32,104,"0.7.33-7.49",7.38,"0.130-149",146.3,"0.3.5-5.4",3.6,"1.择期手术","根治性胰十二指肠切除术"
"HNSR_074",7,"8",7,"8",15,15,"1.IMV",118.4,80,107,28.9,"2.多巴胺剂量≤5ug/kg/min或使用任意剂量的多巴酚丁胺",15,"0.肌酐＜110","1.IMV","81.099999999999994","55","68","28.9","2.多巴胺剂量≤5ug/kg/min或使用任意剂量的多巴酚丁胺",15,"0.肌酐＜110","1.38.5-38.9或34-35.9",35.7,"0.70-109",93,"2.110-139或55-69",60,"0.12-24",18,NA,80,47.2,118.4,"0.7.33-7.49",7.38,"0.130-149",141.6,"0.3.5-5.4",4.1,"0.未手术",NA
"HNSR_075",8,"9",5,"9",20,13,"1.IMV",120,50,202,21.9,"2.多巴胺剂量≤5ug/kg/min或使用任意剂量的多巴酚丁胺",8,"0.肌酐＜110","1.IMV","100.1","50","137","10.130000000000001","2.多巴胺剂量≤5ug/kg/min或使用任意剂量的多巴酚丁胺",3,"0.肌酐＜110","3.39-40.9或30-31.9",39,"0.70-109",86,"2.110-139或55-69",58,"0.12-24",15,NA,50,33.9,120,"0.7.33-7.49",7.38,"0.130-149",145.7,"0.3.5-5.4",4.02,"1.择期手术","脑血管搭桥术"
"HNSR_076",14,NA,14,NA,20,20,"1.IMV",72.3,90,71,42.1,"4.多巴胺＞15或去甲＞0.1或肾上腺素＞0.1",15,"2.肌酐171-299",NA,NA,NA,NA,NA,NA,NA,NA,"0.36-38.4",36.2,"4.≥160或≤49",42,"3.140-179或40-54",168,"0.12-24",18,NA,90,30.7,72.3,"0.7.33-7.49",7.37,"0.130-149",139.8,"1.5.5-5.9或3-3.4",3.06,"0.未手术",NA
"HNSR_077",13,"11",9,"11",22,10,"1.IMV",120,45,73,32.7,"3.多巴胺＞5或肾上腺素≤0.1或去甲≤0.1",3,"0.肌酐＜110","1.IMV","55.4","80","70",NA,"1.MAP小于70（未使用血管活性药物）",3,"0.肌酐＜110","0.36-38.4",36.3,"0.70-109",81.7,"0.70-109",102,"0.12-24",18,120,NA,NA,NA,"0.7.33-7.49",7.43,"0.130-149",143.3,"1.5.5-5.9或3-3.4",3.21,"0.未手术",NA
"HNSR_078",11,"11",7,"11",35,23,"1.IMV",81,80,302,7.9,"4.多巴胺＞15或去甲＞0.1或肾上腺素＞0.1",3,"0.肌酐＜110","1.IMV","55.6","40","149","7.67","3.多巴胺＞5或肾上腺素≤0.1或去甲≤0.1",3,"0.肌酐＜110","1.38.5-38.9或34-35.9",35.4,"0.70-109",78,"2.110-139或55-69",118,"0.12-24",20,NA,80,76.1,88,"4.≥7.7或＜7.15",7.119,"0.130-149",142.5,"0.3.5-5.4",5.19,"0.未手术",NA
"HNSR_079",12,"12",8,"12",28,16,"1.IMV",120,80,127,10.4,"4.多巴胺＞15或去甲＞0.1或肾上腺素＞0.1",3,"0.肌酐＜110","1.IMV","120","80","127","10.4","4.多巴胺＞15或去甲＞0.1或肾上腺素＞0.1",3,"0.肌酐＜110","0.36-38.4",36.9,"0.70-109",87.3,"3.140-179或40-54",167,"0.12-24",22,NA,80,56.1,120,"3.7.6-7.69或7.15-7.24",7.23,"1.150-154",151.1,"2.2.5-2.9",2.72,"2.急诊手术","肠破裂修补术"
"HNSR_080",8,"18",6,"18",20,15,"1.IMV",77.1,50,105,17.7,"2.多巴胺剂量≤5ug/kg/min或使用任意剂量的多巴酚丁胺",10,"0.肌酐＜110","1.IMV","80.400000000000006","70","32","63.1","4.多巴胺＞15或去甲＞0.1或肾上腺素＞0.1",3,"2.肌酐171-299","0.36-38.4",37.5,"0.70-109",100,"2.110-139或55-69",125,"0.12-24",12,NA,50,26.8,77.1,"0.7.33-7.49",7.39,"0.130-149",141.2,"0.3.5-5.4",4.44,"0.未手术",NA
"HNSR_081",3,"4",3,"4",9,9,"1.IMV",120,50,111,9,"0.MAP大于70",15,"0.肌酐＜110","1.IMV","64.400000000000006","40","105","8.83","0.MAP大于70",15,"0.肌酐＜110","0.36-38.4",37.2,"0.70-109",105,"0.70-109",90,"2.6-9",8,NA,50,43.8,120,"0.7.33-7.49",7.403,"0.130-149",140.3,"1.5.5-5.9或3-3.4",3.01,"0.未手术",NA
"HNSR_082",5,"6",5,"6",10,10,"1.IMV",120,50,152,14.55,"3.多巴胺＞5或肾上腺素≤0.1或去甲≤0.1",15,"0.肌酐＜110","1.IMV","105","50","178","14.55","4.多巴胺＞15或去甲＞0.1或肾上腺素＞0.1",15,"0.肌酐＜110","0.36-38.4",36.2,"0.70-109",70.3,"2.110-139或55-69",60,"0.12-24",18,NA,50,37.8,120,"0.7.33-7.49",7.361,"0.130-149",138.5,"0.3.5-5.4",3.88,"1.择期手术","冠脉支架植入术"
"HNSR_083",8,"2",6,"2",16,11,"1.IMV",86.5,30,112,13.1,"3.多巴胺＞5或肾上腺素≤0.1或去甲≤0.1",10,"0.肌酐＜110","5.鼻导管","74","40","158","6.89","0.MAP大于70",15,"0.肌酐＜110","0.36-38.4",37.5,"0.70-109",87.6,"2.110-139或55-69",64,"0.12-24",20,86.5,NA,NA,NA,"0.7.33-7.49",7.48,"0.130-149",134.5,"0.3.5-5.4",3.97,"1.择期手术","经导管支气管动脉栓塞术"
"HNSR_084",13,"13",13,"13",13,13,"1.IMV",120,80,34,126.86,"4.多巴胺＞15或去甲＞0.1或肾上腺素＞0.1",15,"0.肌酐＜110","1.IMV","101.5","100","36","126.86","4.多巴胺＞15或去甲＞0.1或肾上腺素＞0.1",15,"0.肌酐＜110","0.36-38.4",37.4,"0.70-109",75.3,"2.110-139或55-69",112,"0.12-24",17,NA,80,35.9,120,"2.7.25-7.32",7.32,"0.130-149",144.4,"0.3.5-5.4",3.97,"0.未手术",NA
"HNSR_085",6,NA,6,NA,11,11,"4.面罩或文丘里",112.6,60,95,84.8,"0.MAP大于70",15,"0.肌酐＜110",NA,NA,NA,NA,NA,NA,NA,NA,"0.36-38.4",37.3,"0.70-109",108,"0.70-109",105,"1.25-34或10-11",25,NA,60,35.1,112.6,"0.7.33-7.49",7.446,"0.130-149",137.4,"0.3.5-5.4",4.46,"1.择期手术","胃镜下静脉曲张套扎"
"HNSR_086",13,"12",9,"12",33,21,"1.IMV",59.3,80,442,29.6,"4.多巴胺＞15或去甲＞0.1或肾上腺素＞0.1",3,"0.肌酐＜110","1.IMV","82.7","50","385","29.6","4.多巴胺＞15或去甲＞0.1或肾上腺素＞0.1",3,"0.肌酐＜110","2.32-33.9",32.4,"2.110-129或50-69",117,"3.140-179或40-54",47,"0.12-24",20,NA,80,55,59.3,"3.7.6-7.69或7.15-7.24",7.24,"0.130-149",140.7,"0.3.5-5.4",4.68,"2.急诊手术","左侧小脑脑内血肿清除术+左侧小脑颅骨修补术+左侧小脑颅压监护探极植入术+右侧脑室钻孔引流术"
"HNSR_087",6,NA,6,NA,13,13,"1.IMV",86.3,45,101,7.21,"0.MAP大于70",15,"2.肌酐225.7",NA,NA,NA,NA,NA,NA,NA,NA,"0.36-38.4",36.8,"0.70-109",101,"0.70-109",92,"0.12-24",15,86,NA,NA,NA,"1.7.5-7.59",7.52,"0.130-149",137.8,"1.5.5-5.9或3-3.4",3.14,"1.择期手术","PCI血管瘤支架植入"
"HNSR_088",9,"5",9,"5",13,13,"1.IMV",79,40,131,23.2,"4.多巴胺＞15或去甲＞0.1或肾上腺素＞0.1",15,"0.肌酐＜110","1.IMV","72.8","60","137","18.13","1.MAP小于70（未使用血管活性药物）",15,"0.肌酐＜110","0.36-38.4",38,"2.110-129或50-69",68,"0.70-109",93,"0.12-24",13,NA,50,46.2,76.4,"1.7.5-7.59",7.511,"0.130-149",144,"0.3.5-5.4",3.93,"0.未手术",NA
"HNSR_089",10,"11",10,"11",14,14,"1.IMV",77.6,35,43,18.96,"3.多巴胺＞5或肾上腺素≤0.1或去甲≤0.1",15,"0.肌酐184","1.IMV","118.1","35","13","52.42","3.多巴胺＞5或肾上腺素≤0.1或去甲≤0.1",15,"1.肌酐110-170","0.36-38.4",37.6,"0.70-109",84,"0.70-109",109,"0.12-24",22,77,NA,NA,NA,"0.7.33-7.49",7.478,"0.130-149",149,"2.2.5-2.9",2.92,"1.择期手术","腹腔镜下直肠癌根治术+小肠造瘘术"
"HNSR_090",10,"12",7,"12",27,19,"4.面罩或文丘里",97.4,41,57,11,"1.MAP小于70（未使用血管活性药物）",7,"2.肌酐171-299","4.面罩或文丘里","96.3","41","26","16.850000000000001","4.多巴胺＞15或去甲＞0.1或肾上腺素＞0.1",7,"0.肌酐＜110","0.36-38.4",36,"2.110-129或50-69",66.7,"0.70-109",88,"2.6-9",9,97,NA,NA,NA,"0.7.33-7.49",7.333,"0.130-149",137.8,"1.5.5-5.9或3-3.4",3.13,"1.择期手术","腹腔镜下胰十二指肠根治术"
"HNSR_091",8,"7",8,"7",16,16,"1.IMV",53.9,100,278,5.4,"4.多巴胺＞15或去甲＞0.1或肾上腺素＞0.1",15,"0.肌酐＜110","1.IMV","95.1","80","190","5.4","4.多巴胺＞15或去甲＞0.1或肾上腺素＞0.1",15,"0.肌酐＜110","0.36-38.4",38,"2.110-129或50-69",61,"2.110-139或55-69",117,"0.12-24",15,NA,100,55.3,53.9,"0.7.33-7.49",7.354,"0.130-149",136.2,"0.3.5-5.4",3.85,"0.未手术",NA
"HNSR_092",9,"10",9,"10",12,12,"1.IMV",78.5,100,132,7.9,"4.多巴胺＞15或去甲＞0.1或肾上腺素＞0.1",15,"0.肌酐＜110","1.IMV","93.2","80","230","7.9","4.多巴胺＞15或去甲＞0.1或肾上腺素＞0.1",15,"3.肌酐300-440或尿量<500/天","0.36-38.4",38.3,"0.70-109",70,"2.110-139或55-69",130,"1.25-34或10-11",25,NA,100,39.7,78.5,"0.7.33-7.49",7.373,"0.130-149",136.9,"0.3.5-5.4",5.39,"1.择期手术","右下肢介入取栓"
"HNSR_093",6,"8",6,"8",21,21,"2.NIMV",59.4,100,55,8.5,"2.多巴胺剂量≤5ug/kg/min或使用任意剂量的多巴酚丁胺",15,"0.肌酐＜110","1.IMV","82","60","49","13.4","2.多巴胺剂量≤5ug/kg/min或使用任意剂量的多巴酚丁胺",15,"0.肌酐＜110","1.38.5-38.9或34-35.9",38.6,"2.110-129或50-69",66.67,"2.110-139或55-69",123,"1.25-34或10-11",29,NA,100,33,59.4,"0.7.33-7.49",7.43,"0.130-149",131.9,"0.3.5-5.4",3.7,"0.未手术",NA
"HNSR_094",6,"2",6,"2",9,9,"1.IMV",62.9,50,227,27.1,"2.多巴胺剂量≤5ug/kg/min或使用任意剂量的多巴酚丁胺",15,"0.肌酐＜110","3.HFNC","71.2","41","168","10.199999999999999","0.MAP大于70",15,"0.肌酐＜110","0.36-38.4",37.5,"0.70-109",86,"0.70-109",92,"0.12-24",20,62.9,NA,NA,NA,"2.7.25-7.32",7.319,"0.130-149",147.9,"0.3.5-5.4",5.12,"2.急诊手术","股骨内固定术"
"HNSR_095",9,"5",9,"5",17,17,"1.IMV",73.9,60,185,7.8,"3.多巴胺＞5或肾上腺素≤0.1或去甲≤0.1",15,"3.肌酐300-440或尿量<500/天","1.IMV","106.4","30","223","10.6","2.多巴胺剂量≤5ug/kg/min或使用任意剂量的多巴酚丁胺",15,"2.肌酐171-299","0.36-38.4",36,"2.110-129或50-69",65,"0.70-109",75,"0.12-24",22,NA,60,49.4,73.9,"2.7.25-7.32",7.223,"1.150-154",155.2,"0.3.5-5.4",3.96,"0.未手术",NA
"HNSR_096",7,"4",7,"4",18,18,"1.IMV",87.4,70,103,11.5,"2.多巴胺剂量≤5ug/kg/min或使用任意剂量的多巴酚丁胺",15,"1.肌酐110-170","1.IMV","83.1","35","112",NA,"0.MAP大于70",15,"1.肌酐110-170","0.36-38.4",37.6,"0.70-109",73.3,"2.110-139或55-69",60,"0.12-24",15,96.8,NA,NA,NA,"2.7.25-7.32",7.274,"0.130-149",138.9,"0.3.5-5.4",5.08,"0.未手术",NA
"HNSR_097",8,"3",8,"3",7,7,"1.IMV",95.7,50,114,17.6,"3.多巴胺＞5或肾上腺素≤0.1或去甲≤0.1",15,"1.肌酐110-170","1.IMV",NA,NA,"105","13.6","2.多巴胺剂量≤5ug/kg/min或使用任意剂量的多巴酚丁胺",15,"0.肌酐＜110","0.36-38.4",38.4,"2.110-129或50-69",64,"3.140-179或40-54",140,"0.12-24",15,NA,50,36.1,95.7,"0.7.33-7.49",7.401,"2.155-159或120-129",155.2,"1.5.5-5.9或3-3.4",3.35,"0.未手术",NA
"HNSR_098",9,"9",9,"9",14,14,"1.IMV",106.9,30,92,18.46,"2.多巴胺剂量≤5ug/kg/min或使用任意剂量的多巴酚丁胺",15,"4.肌酐大于440或尿量<200/天","1.IMV","109","30","90","17.97","2.多巴胺剂量≤5ug/kg/min或使用任意剂量的多巴酚丁胺",15,"4.肌酐大于440或尿量<200/天","0.36-38.4",36.8,"2.110-129或50-69",119,"2.110-139或55-69",110,"0.12-24",13,106.9,NA,NA,NA,"2.7.25-7.32",7.316,"0.130-149",132.1,"0.3.5-5.4",3.69,"0.未手术",NA
"HNSR_099",6,"5",6,"5",14,14,"1.IMV",129.9,50,89,6.94,"2.多巴胺剂量≤5ug/kg/min或使用任意剂量的多巴酚丁胺",15,"0.肌酐＜110","1.IMV","190.7","70","123","12.8","2.多巴胺剂量≤5ug/kg/min或使用任意剂量的多巴酚丁胺",15,"0.肌酐＜110","0.36-38.4",36.5,"2.110-129或50-69",68.8,"2.110-139或55-69",100,"0.12-24",20,NA,50,64.9,129.9,"0.7.33-7.49",7.425,"0.130-149",142.5,"0.3.5-5.4",4.96,"0.未手术",NA
"HNSR_100",10,"9",10,"9",15,15,"1.IMV",83.3,35,17,28.3,"2.多巴胺剂量≤5ug/kg/min或使用任意剂量的多巴酚丁胺",15,"1.肌酐110-170","1.IMV","161.1","60","22","17.600000000000001","3.多巴胺＞5或肾上腺素≤0.1或去甲≤0.1",15,"1.肌酐110-170","0.36-38.4",37.9,"2.110-129或50-69",87.2,"0.70-109",84,"0.12-24",15,83.3,NA,NA,NA,"2.7.25-7.32",7.306,"3.160-179或111-119",162.4,"0.3.5-5.4",3.85,"0.未手术",NA
"HNSR_101",5,NA,5,NA,18,18,"1.IMV",42.5,100,128,18.4,"0.MAP大于70",15,"0.肌酐＜110",NA,NA,NA,NA,NA,NA,NA,NA,"1.38.5-38.9或34-35.9",38.6,"2.110-129或50-69",72,"2.110-139或55-69",136,"0.12-24",20,NA,100,51.6,71.6,"2.7.25-7.32",7.363,"0.130-149",137.2,"0.3.5-5.4",3.84,"1.择期手术","腹腔镜下右半结肠癌根治术"
"HZSY_026",3,"4",2,"4",24,22,"3.HFNC",59,40,423,5.6,"0.MAP大于70",13,"0.肌酐＜110","3.HFNC","83","40","439","4.5","1.MAP小于70（未使用血管活性药物）",13,"0.肌酐＜110","0.36-38.4",37.5,"2.110-129或50-69",110,"0.70-109",101,"1.25-34或10-11",25,59,NA,NA,NA,"0.7.33-7.49",7.48,"0.130-149",131,"0.3.5-5.4",3.57,"2.急诊手术","经皮选择性动脉造影+栓塞术；骨盆骨折外固定术；胸廓成形术+胸腔镜探查"
"HZSY_027",7,"7",5,"7",17,13,"2.NIMV",66,50,73,21.8,"0.MAP大于70",11,"0.肌酐＜110","2.NIMV","55","45","101","25.2","0.MAP大于70",7,"0.肌酐＜110","0.36-38.4",37.9,"2.110-129或50-69",124,"0.70-109",73,"1.25-34或10-11",28,NA,50,33,66,"0.7.33-7.49",7.49,"0.130-149",138,"1.5.5-5.9或3-3.4",3.35,"0.未手术",NA
"HZSY_028",8,"6",8,"6",21,21,"1.IMV",81,100,248,20.1,"3.多巴胺＞5或肾上腺素≤0.1或去甲≤0.1",15,"0.肌酐＜110","1.IMV","80","50","330","13.3","0.MAP大于70",8,"0.肌酐＜110","1.38.5-38.9或34-35.9",38.7,"3.130-159",130,"3.140-179或40-54",54,"3.35-49",40,NA,100,68,81,"2.7.25-7.32",7.28,"0.130-149",146,"0.3.5-5.4",4.15,"2.急诊手术","胸廓成形术+胸腔镜探查"
"HZSY_029",6,"5",6,"5",16,16,"4.面罩或文丘里",92,35,253,3,"0.MAP大于70",15,"4.肌酐大于440或尿量<200/天","4.面罩或文丘里","98","30","270","3.7","0.MAP大于70",15,"4.肌酐大于440或尿量<200/天","0.36-38.4",36.5,"2.110-129或50-69",117,"2.110-139或55-69",56,"1.25-34或10-11",31,92,NA,NA,NA,"0.7.33-7.49",7.34,"0.130-149",137,"0.3.5-5.4",4,"0.未手术",NA
"HZSY_030",2,"2",2,"2",19,19,"3.HFNC",47,60,192,10.3,"0.MAP大于70",15,"0.肌酐＜110","2.NIMV","55","60","179","14.6","0.MAP大于70",15,"0.肌酐＜110","0.36-38.4",36,"2.110-129或50-69",64,"2.110-139或55-69",110,"3.35-49",37,NA,60,33,47,"0.7.33-7.49",7.46,"0.130-149",139,"0.3.5-5.4",3.9,"0.未手术",NA
"HZSY_031",10,"11",6,"11",27,17,"1.IMV",89,40,123,8.2,"3.多巴胺＞5或肾上腺素≤0.1或去甲≤0.1",5,"0.肌酐＜110","1.IMV","113","35","92","8.3000000000000007","4.多巴胺＞15或去甲＞0.1或肾上腺素＞0.1",5,"0.肌酐＜110","0.36-38.4",36,"2.110-129或50-69",61,"2.110-139或55-69",67,"0.12-24",12,89,NA,NA,NA,"1.7.5-7.59",7.55,"1.150-154",154,"1.5.5-5.9或3-3.4",3.01,"0.未手术",NA
"HZSY_032",10,"9",7,"9",24,15,"1.IMV",77.9,50,208,11.2,"4.多巴胺＞15或去甲＞0.1或肾上腺素＞0.1",6,"0.肌酐＜110","1.IMV","78.5","35","178","9.8000000000000007","4.多巴胺＞15或去甲＞0.1或肾上腺素＞0.1",8,"0.肌酐＜110","0.36-38.4",37.4,"0.70-109",109,"2.110-139或55-69",112,"0.12-24",14,NA,50,39.2,77.9,"0.7.33-7.49",7.35,"2.155-159或120-129",125,"2.2.5-2.9",2.72,"0.未手术",NA
"HZSY_033",9,"6",9,"6",12,12,"1.IMV",91.9,60,139,6.5,"4.多巴胺＞15或去甲＞0.1或肾上腺素＞0.1",15,"1.肌酐110-170","1.IMV","72.900000000000006","60","114","4.5999999999999996","0.MAP大于70",15,"2.肌酐171-299","0.36-38.4",38.1,"2.110-129或50-69",64,"0.70-109",108,"0.12-24",16,NA,60,47.4,91.9,"0.7.33-7.49",7.341,"0.130-149",138.1,"0.3.5-5.4",4.89,"0.未手术",NA
"HZSY_034",4,"3",4,"3",9,9,"1.IMV",91,45,169,15.7,"2.多巴胺剂量≤5ug/kg/min或使用任意剂量的多巴酚丁胺",15,"0.肌酐＜110","1.IMV","79","45","215","12.4","0.MAP大于70",15,"0.肌酐＜110","0.36-38.4",38.1,"2.110-129或50-69",118,"0.70-109",108,"1.25-34或10-11",33,91,NA,NA,NA,"0.7.33-7.49",7.34,"1.150-154",150,"0.3.5-5.4",3.58,"1.择期手术","颈后路单开门减压椎管扩大成型内固定术"
"HZSY_035",13,NA,13,NA,30,30,"1.IMV",41.7,70,88,39.7,"4.多巴胺＞15或去甲＞0.1或肾上腺素＞0.1",15,"1.肌酐110-170",NA,NA,NA,NA,NA,NA,NA,NA,"1.38.5-38.9或34-35.9",38.7,"2.110-129或50-69",58,"2.110-139或55-69",119,"0.12-24",19,NA,70,78.4,41.7,"4.≥7.7或＜7.15",7.07,"0.130-149",148.7,"1.5.5-5.9或3-3.4",5.86,"2.急诊手术","颅脑外伤"
"HZSY_036",4,"3",4,"3",15,15,"4.面罩或文丘里",77.1,50,112,22.4,"0.MAP大于70",15,"0.肌酐＜110","4.面罩或文丘里","74.900000000000006","50","148","18.5","0.MAP大于70",15,"0.肌酐＜110","0.36-38.4",37.8,"0.70-109",103,"2.110-139或55-69",64,"1.25-34或10-11",25,NA,50,32.2,77.1,"1.7.5-7.59",7.5,"0.130-149",136.9,"1.5.5-5.9或3-3.4",3.1,"0.未手术",NA
"HZSY_037",8,"10",8,"10",22,22,"2.NIMV",91.8,50,139,8.8,"2.多巴胺剂量≤5ug/kg/min或使用任意剂量的多巴酚丁胺",15,"3.肌酐300-440或尿量<500/天","1.IMV","67.599999999999994","55","130","9.3000000000000007","2.多巴胺剂量≤5ug/kg/min或使用任意剂量的多巴酚丁胺",15,"4.肌酐大于440或尿量<200/天","0.36-38.4",36,"2.110-129或50-69",63,"2.110-139或55-69",118,"1.25-34或10-11",28,NA,50,25.5,91.8,"0.7.33-7.49",7.36,"0.130-149",134.7,"0.3.5-5.4",5,"0.未手术",NA
"HZSY_038",12,"13",9,"13",27,18,"1.IMV",100.3,50,127,42,"3.多巴胺＞5或肾上腺素≤0.1或去甲≤0.1",6,"1.肌酐110-170","1.IMV","95.3","40","85","29.9","2.多巴胺剂量≤5ug/kg/min或使用任意剂量的多巴酚丁胺",5,"2.肌酐171-299","0.36-38.4",36,"0.70-109",108,"3.140-179或40-54",144,"0.12-24",15,NA,50,38.3,100.3,"2.7.25-7.32",7.25,"1.150-154",150.3,"0.3.5-5.4",4.13,"0.未手术",NA
"JXSY_057",8,"6",8,"6",14,14,"1.IMV",64,75,259,27.6,"3.多巴胺＞5或肾上腺素≤0.1或去甲≤0.1",15,"0.肌酐＜110","1.IMV","76","40","150","14","3.多巴胺＞5或肾上腺素≤0.1或去甲≤0.1",15,"0.肌酐＜110","0.36-38.4",38.3,"0.70-109",89,"0.70-109",109,"3.35-49",40,NA,75,36,64,"0.7.33-7.49",7.39,"0.130-149",140,"1.5.5-5.9或3-3.4",3.3,"0.未手术",NA
"JXSY_058",8,"6",8,"6",15,15,"1.IMV",78,60,104,9.6,"4.多巴胺＞15或去甲＞0.1或肾上腺素＞0.1",15,"0.肌酐＜110","1.IMV","88.3","40","68","5.4","0.MAP大于70",12,"0.肌酐＜110","0.36-38.4",37.5,"0.70-109",71,"0.70-109",87,"0.12-24",22,NA,60,21,74,"2.7.25-7.32",7.3,"0.130-149",135,"0.3.5-5.4",4.1,"0.未手术",NA
"JXSY_059",9,"6",8,"6",22,21,"1.IMV",55,65,135,15.7,"3.多巴胺＞5或肾上腺素≤0.1或去甲≤0.1",14,"0.肌酐＜110","1.IMV","114","35","124","17.399999999999999","3.多巴胺＞5或肾上腺素≤0.1或去甲≤0.1",14,"0.肌酐＜110","0.36-38.4",37.8,"2.110-129或50-69",57,"2.110-139或55-69",126,"3.35-49",40,NA,65,29,55,"4.≥7.7或＜7.15",7.12,"1.150-154",150,"1.5.5-5.9或3-3.4",3.1,"0.未手术",NA
"JXSY_060",8,"5",8,"5",11,11,"3.HFNC",119,40,23,10.8,"2.多巴胺剂量≤5ug/kg/min或使用任意剂量的多巴酚丁胺",15,"1.肌酐110-170","3.HFNC","120","40","27","11.3","0.MAP大于70",15,"1.肌酐110-170","0.36-38.4",37,"0.70-109",86,"0.70-109",103,"0.12-24",24,119,NA,NA,NA,"0.7.33-7.49",7.4,"0.130-149",131,"0.3.5-5.4",4.6,"0.未手术",NA
"JXSY_061",5,"2",5,"2",12,12,"3.HFNC",83,50,202,5.5,"3.多巴胺＞5或肾上腺素≤0.1或去甲≤0.1",15,"0.肌酐＜110","3.HFNC","118","50","414","7.1","0.MAP大于70",15,"0.肌酐＜110","1.38.5-38.9或34-35.9",38.7,"0.70-109",85,"2.110-139或55-69",110,"1.25-34或10-11",27,NA,50,37,83,"0.7.33-7.49",7.4,"0.130-149",137,"0.3.5-5.4",4.4,"0.未手术",NA
"JXSY_062",5,"1",5,"1",11,11,"1.IMV",92,35,222,7.7,"3.多巴胺＞5或肾上腺素≤0.1或去甲≤0.1",15,"0.肌酐＜110","4.面罩或文丘里","111","33","190","9.9","0.MAP大于70",15,"0.肌酐＜110","0.36-38.4",37.8,"0.70-109",76,"0.70-109",84,"0.12-24",15,92,NA,NA,NA,"1.7.5-7.59",7.51,"0.130-149",148,"0.3.5-5.4",4.2,"0.未手术",NA
"JXSY_063",6,"3",6,"3",12,12,"1.IMV",67,80,177,10.2,"2.多巴胺剂量≤5ug/kg/min或使用任意剂量的多巴酚丁胺",15,"0.肌酐＜110","1.IMV","85","40","134","7.3","0.MAP大于70",15,"0.肌酐＜110","0.36-38.4",37.3,"0.70-109",72,"0.70-109",75,"0.12-24",13,NA,80,59,67,"2.7.25-7.32",7.26,"0.130-149",136,"0.3.5-5.4",3.5,"1.择期手术","甲状腺癌手术治疗（2023.9）"
"JXSY_064",12,"9",12,"9",18,18,"1.IMV",95.2,50,62,22.5,"4.多巴胺＞15或去甲＞0.1或肾上腺素＞0.1",15,"2.肌酐171-299","1.IMV","85.5","35","33","10.7","3.多巴胺＞5或肾上腺素≤0.1或去甲≤0.1",15,"1.肌酐110-170","3.39-40.9或30-31.9",40,"2.110-129或50-69",68,"0.70-109",90,"0.12-24",15,NA,50,44,95,"0.7.33-7.49",7.33,"0.130-149",142,"0.3.5-5.4",4.5,"1.择期手术","经导管肝动脉栓塞术（2025/3/31）"
"JXSY_065",4,"3",4,"3",2,2,"1.IMV",71.2,45,112,7.3,"0.MAP大于70",15,"0.肌酐＜110","1.IMV","78.099999999999994","40","222","10.5","0.MAP大于70",15,"0.肌酐＜110","0.36-38.4",37.8,"0.70-109",75,"0.70-109",72,"0.12-24",22,71.2,NA,NA,NA,"0.7.33-7.49",7.47,"0.130-149",148,"0.3.5-5.4",3.6,"0.未手术",NA
"JXSY_066",4,"5",4,"5",12,12,"1.IMV",114,55,152,8.6,"0.MAP大于70",15,"2.肌酐171-299","1.IMV","75.5","45","136","10.4","0.MAP大于70",15,"1.肌酐110-170","1.38.5-38.9或34-35.9",38.5,"0.70-109",75,"0.70-109",86,"0.12-24",12,NA,55,45.3,114,"0.7.33-7.49",7.34,"0.130-149",138,"0.3.5-5.4",3.7,"0.未手术",NA
"JXSY_067",5,"3",5,"3",18,18,"2.NIMV",91,45,174,11.7,"2.多巴胺剂量≤5ug/kg/min或使用任意剂量的多巴酚丁胺",15,"1.肌酐110-170","3.HFNC","127","30","214","9","2.多巴胺剂量≤5ug/kg/min或使用任意剂量的多巴酚丁胺",15,"1.肌酐110-170","0.36-38.4",36.4,"0.70-109",97,"2.110-139或55-69",123,"0.12-24",21,91,NA,NA,NA,"2.7.25-7.32",7.3,"0.130-149",133,"1.5.5-5.9或3-3.4",3.2,"0.未手术",NA
"JXSY_068",4,"3",4,"3",9,9,"1.IMV",89,45,155,8.2,"0.MAP大于70",15,"1.肌酐110-170","1.IMV","93.6","40","137","7.9","0.MAP大于70",15,"0.肌酐＜110","0.36-38.4",37.6,"2.110-129或50-69",121,"0.70-109",106,"0.12-24",20,89,NA,NA,NA,"2.7.25-7.32",7.27,"0.130-149",144,"0.3.5-5.4",5.3,"0.未手术",NA
"PHYY_033",7,"4",7,"4",16,16,"3.HFNC",117,40,141,28.7,"2.多巴胺剂量≤5ug/kg/min或使用任意剂量的多巴酚丁胺",15,"1.肌酐110-170","1.IMV","81","30","172","10.6","2.多巴胺剂量≤5ug/kg/min或使用任意剂量的多巴酚丁胺",15,"0.肌酐＜110","1.38.5-38.9或34-35.9",38.6,"2.110-129或50-69",65,"2.110-139或55-69",124,"3.35-49",36,117,NA,NA,NA,"0.7.33-7.49",7.45,"0.130-149",140,"0.3.5-5.4",3.6,"0.未手术",NA
"PHYY_034",7,NA,7,NA,18,18,"2.NIMV",121,35,92,12.9,"3.多巴胺＞5或肾上腺素≤0.1或去甲≤0.1",15,"1.肌酐110-170",NA,NA,NA,NA,NA,NA,NA,NA,"0.36-38.4",37.9,"2.110-129或50-69",65,"2.110-139或55-69",56,"0.12-24",23,121,NA,NA,NA,"0.7.33-7.49",7.38,"0.130-149",138,"0.3.5-5.4",4.4,"0.未手术",NA
"PHYY_035",12,NA,8,NA,23,13,"1.IMV",116,40,285,10.5,"4.多巴胺＞15或去甲＞0.1或肾上腺素＞0.1",5,"2.肌酐171-299",NA,NA,NA,NA,NA,NA,NA,NA,"0.36-38.4",38.2,"2.110-129或50-69",55,"3.140-179或40-54",149,"0.12-24",22,116,NA,NA,NA,"1.7.5-7.59",7.56,"2.155-159或120-129",122,"1.5.5-5.9或3-3.4",3.1,"0.未手术",NA
"PHYY_036",5,"6",5,"6",12,12,"1.IMV",89,40,113,7.9,"2.多巴胺剂量≤5ug/kg/min或使用任意剂量的多巴酚丁胺",15,"0.肌酐＜110","1.IMV","73","30","95","7.6","2.多巴胺剂量≤5ug/kg/min或使用任意剂量的多巴酚丁胺",15,"0.肌酐＜110","0.36-38.4",37.6,"2.110-129或50-69",64,"2.110-139或55-69",59,"0.12-24",16,89,NA,NA,NA,"0.7.33-7.49",7.33,"0.130-149",131,"0.3.5-5.4",3.5,"0.未手术",NA
"PHYY_037",3,"2",3,"2",9,9,"1.IMV",130,40,294,7,"2.多巴胺剂量≤5ug/kg/min或使用任意剂量的多巴酚丁胺",15,"0.肌酐＜110","1.IMV","127","30","247","4.8","2.多巴胺剂量≤5ug/kg/min或使用任意剂量的多巴酚丁胺",15,"0.肌酐＜110","0.36-38.4",38.2,"0.70-109",79,"2.110-139或55-69",120,"0.12-24",23,130,NA,NA,NA,"0.7.33-7.49",7.39,"0.130-149",142,"0.3.5-5.4",3.9,"0.未手术",NA
"PHYY_038",9,"5",6,"5",23,16,"1.IMV",139,45,93,14.7,"2.多巴胺剂量≤5ug/kg/min或使用任意剂量的多巴酚丁胺",8,"1.肌酐110-170","1.IMV","127","30","88","8.6999999999999993","2.多巴胺剂量≤5ug/kg/min或使用任意剂量的多巴酚丁胺",15,"1.肌酐110-170","1.38.5-38.9或34-35.9",38.6,"2.110-129或50-69",62,"2.110-139或55-69",125,"0.12-24",22,139,NA,NA,NA,"1.7.5-7.59",7.55,"0.130-149",145,"0.3.5-5.4",3.5,"0.未手术",NA
"SLTD_025",14,"11",11,"11",25,16,"1.IMV",77,50,41,17.4,"4.多巴胺＞15或去甲＞0.1或肾上腺素＞0.1",6,"1.肌酐110-170","1.IMV","170","40","20","28.1","4.多巴胺＞15或去甲＞0.1或肾上腺素＞0.1",6,"0.肌酐＜110","1.38.5-38.9或34-35.9",35.8,"2.110-129或50-69",58,"0.70-109",102,"0.12-24",17,NA,60,37,77,"3.7.6-7.69或7.15-7.24",7.172,"2.155-159或120-129",121,"1.5.5-5.9或3-3.4",5.8,"0.未手术",NA
"SLTD_026",12,"11",8,"11",32,20,"1.IMV",63,100,247,11.6,"4.多巴胺＞15或去甲＞0.1或肾上腺素＞0.1",3,"0.肌酐＜110","1.IMV","77","35","118","8.9","4.多巴胺＞15或去甲＞0.1或肾上腺素＞0.1",3,"0.肌酐＜110","1.38.5-38.9或34-35.9",35.8,"4.≥160或≤49",49,"3.140-179或40-54",151,"1.25-34或10-11",10,NA,100,60,63,"4.≥7.7或＜7.15",7.143,"1.150-154",151,"2.2.5-2.9",2.9,"0.未手术",NA
"SLTD_027",8,"8",4,"8",35,24,"1.IMV",78,50,270,8.3,"0.MAP大于70",4,"1.肌酐110-170","1.IMV","91","35","269","6.7","0.MAP大于70",4,"2.肌酐171-299","3.39-40.9或30-31.9",40.3,"3.130-159",131,"3.140-179或40-54",149,"3.35-49",38,NA,50,41,78,"0.7.33-7.49",7.342,"0.130-149",134,"0.3.5-5.4",3.8,"0.未手术",NA
"SLTD_029",17,"16",16,"16",23,21,"1.IMV",64.4,50,56,125.1,"4.多巴胺＞15或去甲＞0.1或肾上腺素＞0.1",13,"4.肌酐大于440或尿量<200/天","1.IMV","127","40","60","152.9","4.多巴胺＞15或去甲＞0.1或肾上腺素＞0.1",10,"4.肌酐大于440或尿量<200/天","0.36-38.4",37.4,"4.≥160或≤49",80,"2.110-139或55-69",121,"0.12-24",12,NA,50,50.6,64.4,"0.7.33-7.49",7.441,"0.130-149",146,"1.5.5-5.9或3-3.4",3.3,"0.未手术",NA
"SLTD_030",10,"7",9,"7",28,26,"1.IMV",110,100,198,8.3,"2.多巴胺剂量≤5ug/kg/min或使用任意剂量的多巴酚丁胺",13,"4.肌酐大于440或尿量<200/天","1.IMV","111","35","118","9.6","0.MAP大于70",13,"4.肌酐大于440或尿量<200/天","2.32-33.9",35.1,"2.110-129或50-69",66,"0.70-109",76,"0.12-24",23,NA,100,46.2,110,"3.7.6-7.69或7.15-7.24",7.181,"0.130-149",146,"0.3.5-5.4",4.3,"0.未手术",NA
"ZEYY_001",7,"7",4,"7",16,10,"1.IMV",110,40,137,11.4,"1.MAP小于70（未使用血管活性药物）",9,"0.肌酐＜110","1.IMV","85","40","119","16.7","1.MAP小于70（未使用血管活性药物）",9,"0.肌酐＜110","0.36-38.4",36.7,"2.110-129或50-69",65,"0.70-109",98,"0.12-24",12,110,NA,NA,NA,"0.7.33-7.49",7.44,"0.130-149",138,"0.3.5-5.4",3.8,"0.未手术",NA
"ZEYY_002",11,"1",8,"1",18,12,"1.IMV",105,50,93,9.8,"3.多巴胺＞5或肾上腺素≤0.1或去甲≤0.1",9,"1.肌酐110-170","1.IMV","120","40","159","5.4","0.MAP大于70",15,"0.肌酐＜110","0.36-38.4",37.5,"0.70-109",80,"0.70-109",85,"0.12-24",12,NA,50,38,105,"0.7.33-7.49",7.35,"0.130-149",140,"0.3.5-5.4",4,"0.未手术",NA
"ZEYY_003",2,"2",2,"2",15,15,"1.IMV",94,40,492,14.2,"0.MAP大于70",15,"0.肌酐＜110","5.鼻导管","100","40","431","14","0.MAP大于70",15,"0.肌酐＜110","0.36-38.4",37,"0.70-109",84,"2.110-139或55-69",120,"3.35-49",35,94,NA,NA,NA,"0.7.33-7.49",7.4,"0.130-149",135,"0.3.5-5.4",4.5,"0.未手术",NA
"ZEYY_004",8,"9",6,"9",20,15,"1.IMV",68,40,79,13.6,"0.MAP大于70",10,"1.肌酐110-170","1.IMV","85.9","40","77","103.3","0.MAP大于70",11,"0.肌酐＜110","0.36-38.4",37.3,"2.110-129或50-69",112,"0.70-109",94,"1.25-34或10-11",26,68,NA,NA,NA,"0.7.33-7.49",7.37,"2.155-159或120-129",157,"0.3.5-5.4",3.7,"0.未手术",NA
"ZEYY_005",4,"6",4,"6",21,21,"1.IMV",58.7,100,330,16.8,"0.MAP大于70",15,"0.肌酐＜110","1.IMV","68.3","60","343","14.8","3.多巴胺＞5或肾上腺素≤0.1或去甲≤0.1",15,"0.肌酐＜110","1.38.5-38.9或34-35.9",38.8,"2.110-129或50-69",119,"3.140-179或40-54",178,"3.35-49",38,NA,100,39,58.7,"0.7.33-7.49",7.47,"0.130-149",141,"1.5.5-5.9或3-3.4",3.1,"0.未手术",NA
"ZEYY_006",8,"4",6,"4",22,17,"1.IMV",73.4,70,259,11.4,"3.多巴胺＞5或肾上腺素≤0.1或去甲≤0.1",10,"0.肌酐＜110","1.IMV","97.3","40","298","8","0.MAP大于70",10,"0.肌酐＜110","0.36-38.4",37,"2.110-129或50-69",58,"2.110-139或55-69",127,"1.25-34或10-11",25,NA,70,42,73,"0.7.33-7.49",7.33,"0.130-149",131,"0.3.5-5.4",4.7,"0.未手术",NA
"ZEYY_007",9,"7",6,"7",23,15,"1.IMV",65.1,40,170,17.5,"3.多巴胺＞5或肾上腺素≤0.1或去甲≤0.1",7,"0.肌酐＜110","1.IMV","71.900000000000006","40","189","17.5","0.MAP大于70",5,"0.肌酐＜110","3.39-40.9或30-31.9",39.5,"2.110-129或50-69",102,"2.110-139或55-69",115,"0.12-24",17,88.5,NA,NA,NA,"0.7.33-7.49",7.42,"0.130-149",140,"0.3.5-5.4",3.6,"2.急诊手术","左侧经导管颅内动脉瘤栓塞术"
"ZEYY_009",10,"5",7,"5",21,13,"1.IMV",96.5,100,266,2.3,"3.多巴胺＞5或肾上腺素≤0.1或去甲≤0.1",7,"0.肌酐＜110","1.IMV","129","60","317","8.6","0.MAP大于70",7,"0.肌酐＜110","0.36-38.4",38.1,"0.70-109",82,"2.110-139或55-69",61,"1.25-34或10-11",25,NA,100,55,96.5,"0.7.33-7.49",7.37,"0.130-149",137,"0.3.5-5.4",3.5,"2.急诊手术","左侧脑内血肿清除+颅骨去骨瓣减压术+右侧脑室外引流术+脑室冲洗术"
"ZEYY_010",6,"10",6,"10",23,23,"3.HFNC",68.3,60,115,3.3,"0.MAP大于70",15,"3.肌酐300-440或尿量<500/天","1.IMV","81.599999999999994","40","35","5.7","4.多巴胺＞15或去甲＞0.1或肾上腺素＞0.1",15,"1.肌酐110-170","0.36-38.4",37.6,"2.110-129或50-69",120,"2.110-139或55-69",138,"3.35-49",40,NA,60,21,68,"0.7.33-7.49",7.37,"0.130-149",144,"0.3.5-5.4",4.4,"2.急诊手术","左侧经导管颅内动脉瘤栓塞术"
"ZEYY_011",2,"2",2,"2",9,9,"3.HFNC",100,85,217,12.3,"0.MAP大于70",15,"0.肌酐＜110","3.HFNC","87.1","37","322","12.8","0.MAP大于70",15,"0.肌酐＜110","0.36-38.4",37,"0.70-109",108.6,"0.70-109",97,"1.25-34或10-11",25,NA,85,40,100,"0.7.33-7.49",7.45,"0.130-149",139,"0.3.5-5.4",4.4,"0.未手术",NA
"ZEYY_012",12,"6",9,"6",19,13,"1.IMV",78,40,61,8.6,"0.MAP大于70",9,"4.肌酐大于440或尿量<200/天","1.IMV","159","40","107","8.1","0.MAP大于70",15,"4.肌酐大于440或尿量<200/天","0.36-38.4",37.4,"0.70-109",83,"0.70-109",74,"0.12-24",22,171,NA,NA,NA,"0.7.33-7.49",7.26,"0.130-149",146,"0.3.5-5.4",5.1,"0.未手术",NA
"ZEYY_013",11,NA,11,NA,15,15,"1.IMV",71.7,95,61,30.2,"4.多巴胺＞15或去甲＞0.1或肾上腺素＞0.1",15,"0.肌酐＜110",NA,NA,NA,NA,NA,NA,NA,NA,"0.36-38.4",38.1,"0.70-109",91,"3.140-179或40-54",170,"1.25-34或10-11",29,NA,95,48,72,"0.7.33-7.49",7.42,"0.130-149",133,"0.3.5-5.4",3.8,"2.急诊手术","直肠癌术后"
"ZEYY_014",8,NA,8,NA,16,16,"1.IMV",113,50,126,15,"4.多巴胺＞15或去甲＞0.1或肾上腺素＞0.1",15,"1.肌酐110-170",NA,NA,NA,NA,NA,NA,NA,NA,"0.36-38.4",38.4,"0.70-109",75.3,"3.140-179或40-54",149,"0.12-24",18,NA,50,48,113,"0.7.33-7.49",7.33,"0.130-149",145,"0.3.5-5.4",4.2,"0.未手术",NA
"ZEYY_015",10,"9",7,"9",27,21,"1.IMV",127,40,189,8.8,"3.多巴胺＞5或肾上腺素≤0.1或去甲≤0.1",9,"3.肌酐300-440或尿量<500/天","1.IMV","118","40","38",NA,"4.多巴胺＞15或去甲＞0.1或肾上腺素＞0.1",15,"0.肌酐＜110","0.36-38.4",37.3,"0.70-109",56,"0.70-109",109,"0.12-24",22,NA,60,52,162,"4.≥7.7或＜7.15",7.15,"2.155-159或120-129",156,"1.5.5-5.9或3-3.4",5.5,"1.择期手术","肠癌切除术后、尿道狭窄扩张术后"
"ZEYY_016",11,"7",9,"7",22,17,"1.IMV",157,40,68,28.8,"3.多巴胺＞5或肾上腺素≤0.1或去甲≤0.1",10,"2.肌酐171-299","1.IMV","124","40","111",NA,"3.多巴胺＞5或肾上腺素≤0.1或去甲≤0.1",12,"0.肌酐＜110","0.36-38.4",37.6,"4.≥160或≤49",50,"0.70-109",106,"0.12-24",19,155,NA,NA,NA,"0.7.33-7.49",7.37,"0.130-149",137,"0.3.5-5.4",3.6,"0.未手术",NA
"ZEYY_017",7,"6",7,"6",19,19,"1.IMV",56.1,30,101,12.3,"3.多巴胺＞5或肾上腺素≤0.1或去甲≤0.1",15,"0.肌酐＜110","1.IMV","99.8","30","88","7.4","3.多巴胺＞5或肾上腺素≤0.1或去甲≤0.1",15,"0.肌酐＜110","0.36-38.4",37.2,"0.70-109",74,"2.110-139或55-69",133,"3.35-49",49,56.1,NA,NA,NA,"4.≥7.7或＜7.15",7.14,"0.130-149",133,"0.3.5-5.4",5.2,"0.未手术",NA
"ZEYY_018",3,"3",3,"3",19,19,"3.HFNC",56,80,181,9,"1.MAP小于70（未使用血管活性药物）",15,"0.肌酐＜110","3.HFNC","75.099999999999994","65","137","9.6999999999999993","0.MAP大于70",15,"0.肌酐＜110","1.38.5-38.9或34-35.9",38.7,"0.70-109",74,"3.140-179或40-54",145,"3.35-49",36,NA,80,58,56,"0.7.33-7.49",7.42,"0.130-149",132,"0.3.5-5.4",3.9,"0.未手术",NA
"ZEYY_019",8,"4",8,"4",15,15,"1.IMV",97.3,60,210,8.5,"3.多巴胺＞5或肾上腺素≤0.1或去甲≤0.1",15,"2.肌酐171-299","1.IMV","93.5","35","195","13.1","0.MAP大于70",15,"2.肌酐171-299","0.36-38.4",37,"0.70-109",88.6,"0.70-109",84,"0.12-24",22,NA,60,43,97,"0.7.33-7.49",7.35,"3.160-179或111-119",160,"0.3.5-5.4",4,"0.未手术","结肠恶性肿瘤手术史"
"ZEYY_020",3,NA,3,NA,9,9,"3.HFNC",85.7,50,110,18.9,"0.MAP大于70",15,"0.肌酐＜110",NA,NA,NA,NA,NA,NA,NA,NA,"0.36-38.4",37.6,"0.70-109",83.4,"0.70-109",97,"1.25-34或10-11",30,NA,50,41.2,85.7,"0.7.33-7.49",7.38,"0.130-149",135,"0.3.5-5.4",3.6,"0.未手术",NA
"ZEYY_021",12,"7",12,"7",20,20,"1.IMV",57.2,93,204,20.6,"4.多巴胺＞15或去甲＞0.1或肾上腺素＞0.1",15,"3.肌酐300-440或尿量<500/天","1.IMV","103","40","180","16.899999999999999","3.多巴胺＞5或肾上腺素≤0.1或去甲≤0.1",15,"2.肌酐171-299","0.36-38.4",36.9,"0.70-109",85.3,"2.110-139或55-69",138,"0.12-24",21,NA,93,28.6,57.2,"0.7.33-7.49",7.35,"0.130-149",131,"0.3.5-5.4",4.5,"0.未手术",NA
"ZDFE_142",7,NA,5,NA,17,13,"1.IMV",74.5,50,276,11.6,"1.MAP小于70（未使用血管活性药物）",11,"1.肌酐110-170",NA,NA,NA,NA,NA,NA,NA,NA,"0.36-38.4",36.8,"0.70-109",89,"0.70-109",80,"0.12-24",12,NA,50,41.1,74.5,"3.7.6-7.69或7.15-7.24",7.637,"0.130-149",134,"0.3.5-5.4",3.6,"0.未手术",NA
"ZDFE_143",2,NA,2,NA,5,5,"3.HFNC",108,55,162,11.4,"0.MAP大于70",15,"0.肌酐＜110","3.HFNC","未查","未查","170","13.6","0.MAP大于70",15,"0.肌酐＜110","0.36-38.4",37,"0.70-109",98.3,"0.70-109",98,"1.25-34或10-11",28,NA,55,39.1,108,"0.7.33-7.49",7.449,"0.130-149",143,"1.5.5-5.9或3-3.4",3.2,"0.未手术",NA
"ZDFE_144",5,NA,5,NA,14,14,"1.IMV",59.2,50,91,17.8,"0.MAP大于70",15,"0.肌酐＜110",NA,NA,NA,NA,NA,NA,NA,NA,"0.36-38.4",36.6,"0.70-109",80,"2.110-139或55-69",58,"0.12-24",20,NA,50,53.9,59.2,"0.7.33-7.49",7.46,"0.130-149",143,"0.3.5-5.4",3.8,"0.未手术",NA
"ZDFE_145",14,"20",14,"20",16,16,"1.IMV",77.8,100,95,100.5,"3.多巴胺＞5或肾上腺素≤0.1或去甲≤0.1",15,"3.肌酐300-440或尿量<500/天","1.IMV","94.5","100","49","137","3.多巴胺＞5或肾上腺素≤0.1或去甲≤0.1",3,"3.肌酐300-440或尿量<500/天","0.36-38.4",36,"2.110-129或50-69",127,"2.110-139或55-69",128,"0.12-24",15,NA,100,43.5,77.8,"2.7.25-7.32",7.265,"2.155-159或120-129",155,"0.3.5-5.4",4.9,"0.未手术",NA
"ZDFE_146",9,"2",5,"2",34,23,"1.IMV",49.5,100,161,6.4,"1.MAP小于70（未使用血管活性药物）",4,"0.肌酐＜110","3.HFNC","82.8","40","267","7.1","0.MAP大于70",15,"0.肌酐＜110","0.36-38.4",36.9,"2.110-129或50-69",66,"2.110-139或55-69",59,"0.12-24",20,NA,100,94,49.5,"4.≥7.7或＜7.15",7.046,"0.130-149",144,"1.5.5-5.9或3-3.4",3,"0.未手术",NA
"ZDFE_147",5,"4",5,"4",15,15,"1.IMV",73.2,60,98,17.1,"0.MAP大于70",15,"0.肌酐＜110","1.IMV","82.6","40","87","5.4","0.MAP大于70",15,"0.肌酐＜110","0.36-38.4",36.5,"0.70-109",70,"2.110-139或55-69",61,"0.12-24",14,NA,60,39.9,73.2,"2.7.25-7.32",7.317,"0.130-149",137,"1.5.5-5.9或3-3.4",3.2,"0.未手术",NA
"ZDFE_148",3,"3",3,"3",13,13,"1.IMV",99.4,80,231,4.8,"0.MAP大于70",15,"0.肌酐＜110","1.IMV","78.2","50","284","4.5","0.MAP大于70",15,"0.肌酐＜110","0.36-38.4",36.8,"0.70-109",100,"0.70-109",100,"0.12-24",20,NA,80,43.9,99.4,"0.7.33-7.49",7.43,"2.155-159或120-129",126,"0.3.5-5.4",4.1,"0.未手术",NA
"ZDFE_149",8,"6",6,"6",23,18,"1.IMV",64.8,80,116,21.7,"0.MAP大于70",10,"0.肌酐＜110","1.IMV","62.6","45","129","22","0.MAP大于70",13,"0.肌酐＜110","0.36-38.4",37.3,"0.70-109",91,"2.110-139或55-69",124,"0.12-24",22,NA,80,37.1,64.8,"1.7.5-7.59",7.501,"0.130-149",132,"1.5.5-5.9或3-3.4",3.4,"2.急诊手术","腹腔镜胃溃疡穿孔修补术"
"ZDFE_150",10,"8",7,"8",18,12,"1.IMV",131,70,169,9.2,"4.多巴胺＞15或去甲＞0.1或肾上腺素＞0.1",9,"0.肌酐＜110","1.IMV","77.400000000000006","100","102","9.3000000000000007","0.MAP大于70",9,"0.肌酐＜110","0.36-38.4",37,"0.70-109",87,"0.70-109",77,"0.12-24",14,NA,70,21.9,131,"1.7.5-7.59",7.533,"0.130-149",142,"0.3.5-5.4",3.5,"0.未手术",NA
"ZDFE_151",10,"15",7,"15",22,16,"1.IMV",95.3,70,85,34.7,"0.MAP大于70",9,"0.肌酐＜110","1.IMV","147","80","38","87","4.多巴胺＞15或去甲＞0.1或肾上腺素＞0.1",9,"0.肌酐＜110","0.36-38.4",36.9,"0.70-109",65,"3.140-179或40-54",147,"0.12-24",18,NA,70,47.8,95.3,"2.7.25-7.32",7.29,"0.130-149",144,"1.5.5-5.9或3-3.4",3.1,"0.未手术",NA
"ZDFE_152",4,"17",4,"17",21,21,"1.IMV",72.5,90,178,10.7,"0.MAP大于70",15,"0.肌酐＜110","1.IMV","63.1","100","12","46","4.多巴胺＞15或去甲＞0.1或肾上腺素＞0.1",9,"0.肌酐＜110","3.39-40.9或30-31.9",39,"4.≥160或≤49",49,"3.140-179或40-54",170,"1.25-34或10-11",25,NA,90,56.2,72.5,"4.≥7.7或＜7.15",7.095,"0.130-149",132.2,"0.3.5-5.4",3.6,"0.未手术",NA
"ZDFE_153",5,"5",5,"5",15,15,"1.IMV",76.4,70,239,6,"0.MAP大于70",15,"2.肌酐171-299","1.IMV","96.6","60","247","14","0.MAP大于70",15,"2.肌酐171-299","0.36-38.4",37.1,"0.70-109",88,"2.110-139或55-69",60,"0.12-24",15,NA,70,33.8,76.4,"0.7.33-7.49",7.364,"0.130-149",143,"0.3.5-5.4",4,"0.未手术",NA
"ZDFE_154",7,"5",6,"5",22,20,"1.IMV",83.2,100,177,10.8,"2.多巴胺剂量≤5ug/kg/min或使用任意剂量的多巴酚丁胺",13,"0.肌酐＜110","1.IMV","83.2","50","88","18","0.MAP大于70",15,"0.肌酐＜110","3.39-40.9或30-31.9",39.4,"0.70-109",74,"2.110-139或55-69",111,"0.12-24",19,NA,100,32.5,83.2,"0.7.33-7.49",7.349,"0.130-149",143,"0.3.5-5.4",4.1,"0.未手术",NA
"ZDFE_155",8,"8",5,"8",20,14,"1.IMV",108,50,136,12.2,"2.多巴胺剂量≤5ug/kg/min或使用任意剂量的多巴酚丁胺",9,"0.肌酐＜110","1.IMV","104","50","113","23","2.多巴胺剂量≤5ug/kg/min或使用任意剂量的多巴酚丁胺",10,"0.肌酐＜110","0.36-38.4",37,"0.70-109",86,"4.≥180或≤39",180,"1.25-34或10-11",11,NA,50,24.8,108,"1.7.5-7.59",7.55,"0.130-149",137,"0.3.5-5.4",3.7,"0.未手术",NA
"TZEZ_064",6,"6",6,"6",16,16,"1.IMV",81,65,157,15.4,"3.多巴胺＞5或肾上腺素≤0.1或去甲≤0.1",15,"0.肌酐＜110","1.IMV","81","60","275","12.6","3.多巴胺＞5或肾上腺素≤0.1或去甲≤0.1",15,"0.肌酐＜110","0.36-38.4",36.7,"0.70-109",83,"3.140-179或40-54",51,"0.12-24",15,NA,65,38,81,"0.7.33-7.49",7.38,"0.130-149",139.3,"1.5.5-5.9或3-3.4",3.31,"0.未手术",NA
"TZEZ_065",9,"6",9,"6",12,12,"1.IMV",93,50,142,9.5,"3.多巴胺＞5或肾上腺素≤0.1或去甲≤0.1",15,"2.肌酐171-299","1.IMV","120","45","101","6.5","3.多巴胺＞5或肾上腺素≤0.1或去甲≤0.1",15,"0.肌酐＜110","0.36-38.4",38.1,"0.70-109",101,"0.70-109",81,"0.12-24",16,NA,50,31,93,"0.7.33-7.49",7.37,"1.150-154",150.4,"0.3.5-5.4",4.5,"0.未手术",NA
"TZEZ_066",6,"5",4,"5",18,13,"1.IMV",70,40,193,14.3,"1.MAP小于70（未使用血管活性药物）",10,"0.肌酐＜110","1.IMV","63","40","215","8.6","0.MAP大于70",11,"0.肌酐＜110","0.36-38.4",37.2,"2.110-129或50-69",69,"3.140-179或40-54",48,"0.12-24",12,70,NA,NA,NA,"0.7.33-7.49",7.49,"0.130-149",146.1,"1.5.5-5.9或3-3.4",3.19,"1.择期手术","内镜辅助下腭咽成型术+悬雍垂缩短术"
"TZEZ_067",7,"5",7,"5",10,10,"1.IMV",92,50,112,16.2,"3.多巴胺＞5或肾上腺素≤0.1或去甲≤0.1",15,"0.肌酐＜110","1.IMV","111","30","147","13","3.多巴胺＞5或肾上腺素≤0.1或去甲≤0.1",15,"0.肌酐＜110","0.36-38.4",36.9,"0.70-109",76,"2.110-139或55-69",65,"0.12-24",15,NA,50,39,92,"0.7.33-7.49",7.48,"0.130-149",140,"0.3.5-5.4",3.9,"0.未手术",NA
"TZEZ_068",6,"4",6,"4",10,10,"1.IMV",110,45,186,7.8,"4.多巴胺＞15或去甲＞0.1或肾上腺素＞0.1",15,"0.肌酐＜110","1.IMV","76","25","189","8","3.多巴胺＞5或肾上腺素≤0.1或去甲≤0.1",15,"0.肌酐＜110","0.36-38.4",36.7,"0.70-109",92,"0.70-109",80,"0.12-24",16,110,NA,NA,NA,"1.7.5-7.59",7.51,"0.130-149",133.9,"0.3.5-5.4",4.22,"0.未手术",NA
"TZEZ_069",6,"5",6,"5",16,16,"1.IMV",77,40,221,7.5,"3.多巴胺＞5或肾上腺素≤0.1或去甲≤0.1",15,"0.肌酐＜110","1.IMV","96","45","165","4.5999999999999996","3.多巴胺＞5或肾上腺素≤0.1或去甲≤0.1",15,"0.肌酐＜110","0.36-38.4",37.1,"2.110-129或50-69",123,"2.110-139或55-69",62,"0.12-24",18,77,NA,NA,NA,"0.7.33-7.49",7.43,"0.130-149",131.5,"1.5.5-5.9或3-3.4",3.38,"0.未手术",NA
"TZEZ_070",6,"6",6,"6",10,10,"1.IMV",65,50,198,7.5,"3.多巴胺＞5或肾上腺素≤0.1或去甲≤0.1",15,"0.肌酐＜110","1.IMV","83","55","198","16.7","3.多巴胺＞5或肾上腺素≤0.1或去甲≤0.1",15,"0.肌酐＜110","0.36-38.4",37.4,"0.70-109",82,"0.70-109",77,"0.12-24",20,NA,50,43,65,"0.7.33-7.49",7.41,"0.130-149",138.6,"0.3.5-5.4",4.42,"0.未手术",NA
"TZEZ_071",12,"13",12,"13",16,16,"1.IMV",89,45,60,13,"4.多巴胺＞15或去甲＞0.1或肾上腺素＞0.1",15,"3.肌酐300-440或尿量<500/天","1.IMV","115","45","33","15.4","4.多巴胺＞15或去甲＞0.1或肾上腺素＞0.1",15,"4.肌酐大于440或尿量<200/天","0.36-38.4",37.4,"0.70-109",88,"0.70-109",83,"0.12-24",19,89,NA,NA,NA,"0.7.33-7.49",7.34,"0.130-149",136.4,"0.3.5-5.4",4.52,"0.未手术",NA
"TZEZ_072",3,"2",3,"2",9,9,"1.IMV",76,50,235,17.3,"0.MAP大于70",15,"0.肌酐＜110","1.IMV","93","41","264","6","0.MAP大于70",15,"0.肌酐＜110","0.36-38.4",36.7,"0.70-109",83,"0.70-109",78,"0.12-24",17,NA,50,32,76,"0.7.33-7.49",7.43,"0.130-149",141.6,"0.3.5-5.4",3.88,"0.未手术",NA
"TZEZ_073",10,"10",10,"10",8,8,"1.IMV",85,45,166,8.9,"3.多巴胺＞5或肾上腺素≤0.1或去甲≤0.1",15,"4.肌酐大于440或尿量<200/天","1.IMV","94","50","167","5.3","3.多巴胺＞5或肾上腺素≤0.1或去甲≤0.1",15,"4.肌酐大于440或尿量<200/天","0.36-38.4",38.4,"0.70-109",87,"0.70-109",73,"0.12-24",20,85,NA,NA,NA,"0.7.33-7.49",7.33,"0.130-149",146.8,"0.3.5-5.4",3.68,"0.未手术",NA
"TZEZ_074",4,"5",4,"5",6,6,"1.IMV",109,35,232,14.1,"3.多巴胺＞5或肾上腺素≤0.1或去甲≤0.1",15,"0.肌酐＜110","1.IMV","120","35","143","16.399999999999999","3.多巴胺＞5或肾上腺素≤0.1或去甲≤0.1",15,"0.肌酐＜110","0.36-38.4",37.5,"0.70-109",91,"0.70-109",80,"0.12-24",12,109,NA,NA,NA,"0.7.33-7.49",7.4,"0.130-149",149,"0.3.5-5.4",3.65,"0.未手术",NA
"TZEZ_075",9,"5",9,"5",12,12,"1.IMV",61,82,95,38.3,"0.MAP大于70",15,"1.肌酐110-170","1.IMV","86","45","128","25.5","0.MAP大于70",15,"0.肌酐＜110","1.38.5-38.9或34-35.9",38.9,"0.70-109",105,"2.110-139或55-69",127,"1.25-34或10-11",27,NA,82,31,61,"0.7.33-7.49",7.49,"0.130-149",143.6,"0.3.5-5.4",3.65,"2.急诊手术","髂内动脉造影+两侧髂内动脉、右侧阴部内动脉栓塞术"
"TZEZ_076",7,"6",7,"6",10,10,"1.IMV",111,37,260,32.1,"0.MAP大于70",15,"4.肌酐大于440或尿量<200/天","1.IMV","100","45","260","32.1","0.MAP大于70",15,"2.肌酐171-299","0.36-38.4",36.7,"2.110-129或50-69",115,"0.70-109",92,"3.35-49",40,91,NA,NA,NA,"0.7.33-7.49",7.36,"0.130-149",144.8,"0.3.5-5.4",4.12,"0.未手术",NA
"TZEZ_077",3,"4",3,"4",16,16,"1.IMV",100,42,108,13.8,"0.MAP大于70",15,"0.肌酐＜110","1.IMV","100","55","108","13.8","0.MAP大于70",15,"0.肌酐＜110","0.36-38.4",37,"0.70-109",81,"0.70-109",80,"0.12-24",22,NA,55,40,91,"0.7.33-7.49",7.34,"0.130-149",136.6,"0.3.5-5.4",3.74,"0.未手术",NA
"TZEZ_078",2,"2",2,"2",6,6,"1.IMV",90,39,290,9.6,"0.MAP大于70",15,"0.肌酐＜110","1.IMV","90","40","290","9.6","0.MAP大于70",15,"0.肌酐＜110","0.36-38.4",36.6,"0.70-109",84,"0.70-109",92,"0.12-24",14,90,NA,NA,NA,"0.7.33-7.49",7.36,"0.130-149",139.6,"0.3.5-5.4",3.59,"0.未手术",NA
"TZEZ_079",3,"3",3,"3",9,9,"1.IMV",78,58,270,11.7,"0.MAP大于70",15,"0.肌酐＜110","1.IMV","107","50","257","26.7","0.MAP大于70",15,"0.肌酐＜110","0.36-38.4",38,"0.70-109",73,"2.110-139或55-69",110,"0.12-24",15,NA,58,41,78,"0.7.33-7.49",7.34,"0.130-149",133.4,"0.3.5-5.4",3.82,"0.未手术",NA
"TZEZ_080",1,"3",1,"3",13,13,"1.IMV",120,35,179,17.4,"0.MAP大于70",15,"0.肌酐＜110","1.IMV","119","30","115","24.3","0.MAP大于70",15,"0.肌酐＜110","0.36-38.4",37.5,"0.70-109",104,"2.110-139或55-69",133,"0.12-24",15,120,NA,NA,NA,"1.7.5-7.59",7.5,"0.130-149",139.8,"0.3.5-5.4",3.59,"0.未手术",NA
"TZEZ_081",3,"4",3,"4",14,14,"1.IMV",111,40,197,4.7,"0.MAP大于70",15,"1.肌酐110-170","1.IMV","99","50","176","5.7","0.MAP大于70",15,"1.肌酐110-170","0.36-38.4",37.7,"0.70-109",70,"0.70-109",94,"1.25-34或10-11",29,111,NA,NA,NA,"0.7.33-7.49",7.37,"0.130-149",131,"1.5.5-5.9或3-3.4",5.58,"0.未手术",NA
"TZEZ_082",5,"3",5,"3",13,13,"1.IMV",71,40,136,25.9,"0.MAP大于70",15,"0.肌酐＜110","1.IMV","84","50","275","14.9","0.MAP大于70",15,"0.肌酐＜110","1.38.5-38.9或34-35.9",38.5,"3.130-159",138,"0.70-109",83,"0.12-24",16,71,NA,NA,NA,"0.7.33-7.49",7.42,"0.130-149",140.5,"0.3.5-5.4",4.03,"0.未手术",NA
"TZEZ_083",5,"6",5,"6",10,10,"3.HFNC",115,50,32,7.3,"0.MAP大于70",15,"0.肌酐＜110","3.HFNC","78","50","8","7.7","0.MAP大于70",15,"0.肌酐＜110","0.36-38.4",37.2,"0.70-109",80,"0.70-109",89,"0.12-24",19,115,NA,NA,NA,"0.7.33-7.49",7.43,"0.130-149",140.2,"0.3.5-5.4",3.46,"0.未手术",NA
"TZEZ_084",5,"4",5,"4",11,11,"1.IMV",87,45,290,5.3,"2.多巴胺剂量≤5ug/kg/min或使用任意剂量的多巴酚丁胺",15,"0.肌酐＜110","1.IMV","109","40","359","4.4000000000000004","2.多巴胺剂量≤5ug/kg/min或使用任意剂量的多巴酚丁胺",15,"0.肌酐＜110","0.36-38.4",37.5,"2.110-129或50-69",65,"0.70-109",85,"0.12-24",17,87,NA,NA,NA,"0.7.33-7.49",7.49,"0.130-149",133.6,"0.3.5-5.4",3.54,"0.未手术",NA
"TZEZ_085",3,"3",3,"3",10,10,"1.IMV",90,80,437,12.3,"0.MAP大于70",15,"0.肌酐＜110","1.IMV","99","55","222","14.1","0.MAP大于70",15,"0.肌酐＜110","0.36-38.4",36.8,"0.70-109",85,"0.70-109",84,"0.12-24",19,NA,80,37,90,"0.7.33-7.49",7.38,"0.130-149",141.9,"0.3.5-5.4",3.52,"0.未手术",NA
"TZEZ_086",5,"4",5,"4",12,12,"1.IMV",82,50,234,40.1,"0.MAP大于70",15,"0.肌酐＜110","1.IMV","88","50","199","20.399999999999999","0.MAP大于70",15,"0.肌酐＜110","0.36-38.4",37.9,"3.130-159",140,"2.110-139或55-69",120,"0.12-24",19,82,NA,NA,NA,"0.7.33-7.49",7.35,"0.130-149",132.7,"0.3.5-5.4",3.94,"0.未手术",NA
"TZEZ_087",4,"3",4,"3",13,13,"1.IMV",68,90,179,8.8,"0.MAP大于70",15,"0.肌酐＜110","1.IMV","84","70","244","无","0.MAP大于70",15,"0.肌酐＜110","0.36-38.4",36.8,"0.70-109",80,"0.70-109",95,"0.12-24",16,NA,90,32,68,"0.7.33-7.49",7.43,"0.130-149",141,"0.3.5-5.4",3.6,"0.未手术",NA
"TZEZ_088",2,"3",2,"3",10,10,"1.IMV",87,40,186,13.3,"0.MAP大于70",15,"0.肌酐＜110","1.IMV","92","40","115","11.3","0.MAP大于70",15,"0.肌酐＜110","0.36-38.4",37.2,"0.70-109",109,"2.110-139或55-69",126,"0.12-24",15,87,NA,NA,NA,"2.7.25-7.32",7.29,"0.130-149",139.8,"0.3.5-5.4",4.21,"0.未手术",NA
"NCFE_001",3,"3",3,"3",13,13,"1.IMV",56,50,272,9.11,"0.MAP大于70",15,"0.肌酐＜110","4.面罩或文丘里","69","50","126","9.11","0.MAP大于70",15,"0.肌酐＜110","0.36-38.4",37,"0.70-109",95,"2.110-139或55-69",121,"0.12-24",18,NA,50,29,56,"0.7.33-7.49",7.46,"0.130-149",144.04,"0.3.5-5.4",4.25,"0.未手术",NA
"ZZRM_120",4,"5",4,"5",17,17,"1.IMV",89.7,50,190,6.3,"0.MAP大于70",15,"1.肌酐110-170","1.IMV","105","45","185","4.5","0.MAP大于70",11,"1.肌酐110-170","1.38.5-38.9或34-35.9",38.6,"0.70-109",88.3,"2.110-139或55-69",116,"0.12-24",21,NA,50,99.2,89.7,"0.7.33-7.49",7.378,"0.130-149",142.5,"1.5.5-5.9或3-3.4",5.58,"0.未手术",NA
"ZZRM_121",7,"7",7,"7",24,24,"1.IMV",82,100,46,4.6,"0.MAP大于70",15,"0.肌酐＜110","1.IMV","87","45","64","18.399999999999999","0.MAP大于70",11,"0.肌酐＜110","3.39-40.9或30-31.9",39.6,"0.70-109",72.3,"3.140-179或40-54",156,"1.25-34或10-11",30,NA,100,32.5,82,"0.7.33-7.49",7.436,"0.130-149",143.5,"2.2.5-2.9",2.89,"0.未手术",NA
"ZZRM_122",12,"11",12,"11",18,18,"3.HFNC",95.4,53,51,28.3,"4.多巴胺＞15或去甲＞0.1或肾上腺素＞0.1",15,"3.肌酐300-440或尿量<500/天","5.鼻导管","81.5","35","63","12.7","4.多巴胺＞15或去甲＞0.1或肾上腺素＞0.1",15,"3.肌酐300-440或尿量<500/天","0.36-38.4",36.6,"0.70-109",101,"2.110-139或55-69",130,"3.35-49",48,NA,53,43.7,95.4,"0.7.33-7.49",7.376,"0.130-149",133.9,"0.3.5-5.4",4.25,"1择期手术","亲属肾移植术"
"ZZRM_123",8,NA,8,NA,12,12,"3.HFNC",59.5,50,16,25.2,"0.MAP大于70",15,"1.肌酐110-170",NA,NA,NA,NA,NA,NA,NA,NA,"0.36-38.4",36.9,"0.70-109",103,"0.70-109",98,"1.25-34或10-11",28,NA,50,35.8,59.5,"0.7.33-7.49",7.399,"0.130-149",134.5,"1.5.5-5.9或3-3.4",3.36,"1.择期手术","同种异体肝移植术"
"ZZRM_124",13,"9",13,"9",12,12,"1.IMV",67.6,70,16,41,"3.多巴胺＞5或肾上腺素≤0.1或去甲≤0.1",15,"0.肌酐＜110","3.HFNC","79.3","30","34","40.4","0.MAP大于70",11,"0.肌酐＜110","0.36-38.4",37.1,"2.110-129或50-69",67.3,"0.70-109",94,"0.12-24",20,NA,70,38.6,67.6,"0.7.33-7.49",7.421,"0.130-149",136.7,"0.3.5-5.4",3.9,"1.择期手术","同种异体肝移植术"
"ZZRM_125",9,NA,9,NA,18,18,"1.IMV",75.9,100,303,9.3,"4.多巴胺＞15或去甲＞0.1或肾上腺素＞0.1",15,"1.肌酐110-170",NA,NA,NA,NA,NA,NA,NA,NA,"0.36-38.4",37.2,"0.70-109",81,"2.110-139或55-69",118,"0.12-24",23,NA,100,28.3,75.9,"3.7.6-7.69或7.15-7.24",7.239,"0.130-149",133,"0.3.5-5.4",3.95,"0.未手术",NA
"ZZRM_126",4,"2",4,"2",16,16,"2.NIMV",92.1,50,98,7.1,"0.MAP大于70",15,"0.肌酐＜110","2.NIMV","107","35","104","7","0.MAP大于70",15,"0.肌酐＜110","0.36-38.4",36.6,"0.70-109",74,"2.110-139或55-69",116,"0.12-24",21,NA,50,35,92.1,"0.7.33-7.49",7.494,"0.130-149",137.4,"1.5.5-5.9或3-3.4",3.23,"0.未手术",NA
"ZZRM_127",8,"7",8,"7",8,8,"3.HFNC",70.7,41,21,103,"0.MAP大于70",15,"0.肌酐＜110","3.HFNC","106","33","33","77.400000000000006","0.MAP大于70",15,"1.肌酐110-170","0.36-38.4",36.6,"2.110-129或50-69",112.6,"0.70-109",91,"0.12-24",21,70.7,NA,NA,NA,"0.7.33-7.49",7.351,"0.130-149",136,"1.5.5-5.9或3-3.4",3.38,"0.未手术","同种异体肝移植术"
"ZZRM_129",8,"2",8,"2",8,8,"1.IMV",99.4,50,125,7.9,"4.多巴胺＞15或去甲＞0.1或肾上腺素＞0.1",15,"0.肌酐＜110","1.IMV","102","40","165","10","0.MAP大于70",15,"0.肌酐＜110","0.36-38.4",37,"0.70-109",81.3,"0.70-109",96,"0.12-24",20,NA,50,36.7,99.4,"0.7.33-7.49",7.474,"0.130-149",135.6,"0.3.5-5.4",3.71,"0.未手术",NA
"ZZRM_130",13,"13",13,"13",20,20,"1.IMV",49.4,100,64,73.6,"4.多巴胺＞15或去甲＞0.1或肾上腺素＞0.1",15,"1.肌酐110-170","1.IMV","73.8","80","22","201.8","0.MAP大于70",6,"0.肌酐＜110","0.36-38.4",36.9,"0.70-109",85,"2.110-139或55-69",110,"1.25-34或10-11",25,NA,100,32.2,49.4,"0.7.33-7.49",7.455,"0.130-149",142,"0.3.5-5.4",3.5,"1.择期手术","同种异体肾移植术"
"ZZRM_131",14,"14",14,"14",16,16,"1.IMV",55.4,50,96,381.1,"4.多巴胺＞15或去甲＞0.1或肾上腺素＞0.1",15,"1.肌酐110-170","1.IMV","108","40","18","384.5","3.多巴胺＞5或肾上腺素≤0.1或去甲≤0.1",7,"0.肌酐＜110","0.36-38.4",37.5,"0.70-109",70.3,"2.110-139或55-69",58,"0.12-24",18,NA,50,33,55.4,"0.7.33-7.49",7.38,"0.130-149",143.7,"2.2.5-2.9",2.91,"1.择期手术","同种异体肝移植手术"
"ZZRM_133",2,"2",2,"2",10,10,"1.IMV",118,50,243,7.8,"0.MAP大于70",15,"0.肌酐＜110","3.HFNC","118","50","236","6.5","0.MAP大于70",15,"0.肌酐＜110","0.36-38.4",36.6,"0.70-109",77.6,"2.110-139或55-69",64,"0.12-24",17,NA,50,41,118,"0.7.33-7.49",7.435,"0.130-149",142.2,"0.3.5-5.4",4.09,"0.未手术",NA
"ZZRM_134",1,"1",1,"1",16,16,"2.NIMV",156,50,315,9.6,"0.MAP大于70",15,"0.肌酐＜110","3.HFNC","134","40","315","9.6","0.MAP大于70",15,"0.肌酐＜110","0.36-38.4",36.6,"0.70-109",84.3,"0.70-109",76,"1.25-34或10-11",27,NA,50,40.8,88.8,"1.7.5-7.59",7.505,"0.130-149",132.6,"1.5.5-5.9或3-3.4",3.24,"0.未手术",NA
"ZZRM_135",7,"6",7,"6",10,10,"1.IMV",86.7,70,465,19.8,"4.多巴胺＞15或去甲＞0.1或肾上腺素＞0.1",15,"0.肌酐＜110","1.IMV","66.2","60","459","16.600000000000001","3.多巴胺＞5或肾上腺素≤0.1或去甲≤0.1",15,"0.肌酐＜110","0.36-38.4",37.2,"0.70-109",85.3,"0.70-109",108,"1.25-34或10-11",27,NA,70,54.9,86.7,"1.7.5-7.59",7.519,"0.130-149",133.4,"2.2.5-2.9",2.93,"0.未手术",NA
"ZZRMNY_201",8,"5",8,"5",12,12,"1.IMV",83,45,124,31.5,"1.MAP小于70（未使用血管活性药物）",15,"2.肌酐171-299","1.IMV","62","45","124","17.600000000000001","1.MAP小于70（未使用血管活性药物）",15,"0.肌酐＜110","0.36-38.4",36.5,"2.110-129或50-69",63,"0.70-109",83,"0.12-24",15,62,NA,NA,NA,"0.7.33-7.49",7.43,"0.130-149",142,"0.3.5-5.4",3.7,"0.未手术",NA
"ZZRMNY_203",6,"7",6,"7",20,20,"3.HFNC",66,61,292,15.9,"3.多巴胺＞5或肾上腺素≤0.1或去甲≤0.1",15,"0.肌酐＜110","1.IMV","61","35","38","11","1.MAP小于70（未使用血管活性药物）",15,"0.肌酐＜110","0.36-38.4",36.5,"2.110-129或50-69",56,"0.70-109",75,"0.12-24",15,70,NA,NA,NA,"1.7.5-7.59",7.56,"0.130-149",141,"0.3.5-5.4",3.9,"0.未手术",NA
"ZZRMNY_209",8,"7",8,"7",12,12,"1.IMV",90,60,343,29.7,"3.多巴胺＞5或肾上腺素≤0.1或去甲≤0.1",15,"1.肌酐110-170","1.IMV","123","60","126","16.8","3.多巴胺＞5或肾上腺素≤0.1或去甲≤0.1",15,"1.肌酐110-170","0.36-38.4",36.5,"0.70-109",76,"0.70-109",95,"0.12-24",15,NA,61,40,90,"2.7.25-7.32",7.32,"0.130-149",137,"0.3.5-5.4",4.5,"0.未手术",NA
"ZZRMNY_214",10,"10",9,"10",23,22,"1.IMV",65,100,75,4.8,"0.MAP大于70",14,"3.肌酐300-440或尿量<500/天","1.IMV","73","90","58","3","0.MAP大于70",11,"2.肌酐171-299","0.36-38.4",37.5,"0.70-109",100,"0.70-109",92,"0.12-24",15,NA,100,37,65,"2.7.25-7.32",7.28,"0.130-149",136,"0.3.5-5.4",3.7,"1.择期手术","胃癌切除"
"ZZRMNY_215",11,"8",7,"8",34,23,"1.IMV",95,100,292,10.3,"2.多巴胺剂量≤5ug/kg/min或使用任意剂量的多巴酚丁胺",4,"1.肌酐110-170","1.IMV","149","40","257","5.7","2.多巴胺剂量≤5ug/kg/min或使用任意剂量的多巴酚丁胺",4,"1.肌酐110-170","0.36-38.4",37,"2.110-129或50-69",66,"2.110-139或55-69",124,"3.35-49",35,NA,100,29.4,95,"3.7.6-7.69或7.15-7.24",7.15,"2.155-159或120-129",129,"0.3.5-5.4",4,"0.未手术",NA
"ZZRMNY_216",7,"5",3,"5",21,9,"1.IMV",109,100,381,5.1,"0.MAP大于70",3,"0.肌酐下于100","1.IMV","98","40","506","2.6","0.MAP大于70",9,"0.肌酐＜110","0.36-38.4",36.8,"0.70-109",121,"0.70-109",104,"0.12-24",21,117,NA,NA,NA,"1.7.5-7.59",7.51,"0.130-149",147,"1.5.5-5.9或3-3.4",3.25,"0.未手术",NA
"LSRM_101",8,"3",7,"3",17,15,"1.IMV",76.7,40,288,0.45,"3.多巴胺＞5或肾上腺素≤0.1或去甲≤0.1",13,"0.肌酐＜110","面罩吸氧","46.6","40","247","18.3","0.MAP大于70",14,"0.肌酐＜110","0.36-38.4",36.8,"2.110-129或50-69",75,"0.70-109",88,"0.12-24",19,76.7,NA,NA,NA,"0.7.33-7.49",7.355,"0.130-149",145.1,"0.3.5-5.4",4.27,"0.未手术",NA
"LSRM_102",16,"13",13,"13",21,15,"1.IMV",175.6,80,7,82.2,"4.多巴胺＞15或去甲＞0.1或肾上腺素＞0.1",7,"0.肌酐＜110","1.IMV","83.1","50","41","93.1","3.中剂量去甲肾上腺素+机械循环支持（或ECMO）",7,"0.肌酐＜110","0.36-38.4",36.5,"2.110-129或50-69",62,"2.110-139或55-69",96,"0.12-24",18,NA,100,37.8,63.3,"0.7.33-7.49",7.448,"0.130-149",144.3,"0.3.5-5.4",3.08,"0.未手术",NA
