"Pathway","NumDF","DenDF","F.value","p.value","p_adj_BH"
"GOBP_COPPER_ION_TRANSPORT",2,536.589616084836,10.9917956562978,2.0966167180826e-05,0.0188135300674998
"GOBP_NEGATIVE_REGULATION_OF_COMPLEMENT_ACTIVATION",2,528.110315827379,10.8974379686496,2.30332173937297e-05,0.0188135300674998
"GOBP_REGULATION_OF_RUFFLE_ASSEMBLY",2,565.90431428015,10.8080253950479,2.4749217365709e-05,0.0188135300674998
"GOBP_RESPONSE_TO_MINERALOCORTICOID",2,540.049854845936,12.164005218736,6.80410329453066e-06,0.0188135300674998
"GOBP_RETINOIC_ACID_METABOLIC_PROCESS",2,549.892513583653,11.4172543154785,1.38591356252603e-05,0.0188135300674998
"GOBP_RHYTHMIC_BEHAVIOR",2,545.737709380248,10.9666444276575,2.1402539413938e-05,0.0188135300674998
"GOBP_MYD88_DEPENDENT_TOLL_LIKE_RECEPTOR_SIGNALING_PATHWAY",2,538.825677542816,10.5934814276338,3.07225472443966e-05,0.0200179339973847
"GOBP_REGULATORY_NCRNA_MEDIATED_GENE_SILENCING",2,537.57322374262,10.356478516648,3.86122939397222e-05,0.0220138340823841
"GOBP_BRANCHING_INVOLVED_IN_SALIVARY_GLAND_MORPHOGENESIS",2,526.393764774222,10.1497433204908,4.73033414271161e-05,0.0239722822498974
"GOBP_DETECTION_OF_EXTERNAL_BIOTIC_STIMULUS",2,536.705893796936,9.83724286570327,6.37064026670907e-05,0.0288705081483354
"GOBP_POSITIVE_REGULATION_OF_MACROPHAGE_ACTIVATION",2,529.152671722673,9.74760688315853,6.9628500248123e-05,0.0288705081483354
"GOBP_DETECTION_OF_MOLECULE_OF_BACTERIAL_ORIGIN",2,541.205223573783,9.55529445895957,8.35170886845786e-05,0.0297139890698395
"GOBP_REGULATION_OF_T_HELPER_1_TYPE_IMMUNE_RESPONSE",2,532.152280861271,9.54365606180046,8.46923608655808e-05,0.0297139890698395
"GOBP_REGULATION_OF_CELL_CELL_ADHESION_MEDIATED_BY_INTEGRIN",2,526.362196854023,9.45740108444061,9.221021557143e-05,0.030040770944378
"GOBP_SOMATIC_STEM_CELL_DIVISION",2,528.74162130095,9.21187554990189,0.00011680353607697,0.0355160618698039
"GOBP_INNERVATION",2,534.111573106707,9.05837621376797,0.000135283670095164,0.0370772379821319
"GOBP_REGULATION_OF_HORMONE_METABOLIC_PROCESS",2,522.927823702586,9.0395878610148,0.00013819623891608,0.0370772379821319
"GOBP_DETECTION_OF_BIOTIC_STIMULUS",2,543.095797046228,8.75022510890751,0.000181873184651253,0.0414761797597183
"GOBP_MESENCHYMAL_CELL_PROLIFERATION",2,536.82543247608,8.75559407898459,0.000181215749968424,0.0414761797597183
"GOBP_NEURAL_TUBE_PATTERNING",2,524.074203156592,8.7921274069335,0.00017550467450971,0.0414761797597183
"GOBP_HETEROPHILIC_CELL_CELL_ADHESION_VIA_PLASMA_MEMBRANE_CELL_ADHESION_MOLECULES",2,551.412938427986,8.54544017611343,0.00022136826957651,0.0458936671608392
"GOBP_REGULATION_OF_NUCLEOTIDE_BINDING_DOMAIN_LEUCINE_RICH_REPEAT_CONTAINING_RECEPTOR_SIGNALING_PATHWAY",2,545.901567327579,8.5876541375477,0.000212763595057818,0.0458936671608392
"GOBP_AMINOACYL_TRNA_METABOLISM_INVOLVED_IN_TRANSLATIONAL_FIDELITY",2,554.792978119356,8.28116473563004,0.000285873396000358,0.0472782197844713
"GOBP_APICAL_PROTEIN_LOCALIZATION",2,558.750085372406,8.32878107112473,0.00027272542393388,0.0472782197844713
"GOBP_EXPLORATION_BEHAVIOR",2,544.037673731456,8.38452880565243,0.000259201545770132,0.0472782197844713
"GOBP_FUCOSYLATION",2,550.544224372356,8.22459850358176,0.000302289692695496,0.0472782197844713
"GOBP_NEGATIVE_REGULATION_OF_NITRIC_OXIDE_METABOLIC_PROCESS",2,544.596302050059,8.25004579765443,0.000295295233998947,0.0472782197844713
"GOBP_PHAGOSOME_LYSOSOME_FUSION",2,541.187715847556,8.19752340389649,0.000310972723861903,0.0472782197844713
"GOBP_POSITIVE_REGULATION_OF_T_HELPER_1_TYPE_IMMUNE_RESPONSE",2,516.007160346422,8.20655277235823,0.000310061650292649,0.0472782197844713
"GOBP_RIBOSOMAL_LARGE_SUBUNIT_ASSEMBLY",2,557.801712381725,8.24923669329278,0.000294687950503435,0.0472782197844713
"GOBP_GAMMA_AMINOBUTYRIC_ACID_TRANSPORT",2,556.848771118115,8.01255342980562,0.000370956676883695,0.0528729188520792
"GOBP_NEGATIVE_REGULATION_OF_B_CELL_APOPTOTIC_PROCESS",2,519.358817486404,8.04046954232788,0.000363947099263303,0.0528729188520792
"GOBP_HEMATOPOIETIC_STEM_CELL_HOMEOSTASIS",2,547.151104196895,7.81567182166296,0.000450067875007715,0.0567798221320373
"GOBP_MITOCHONDRIAL_RIBOSOME_ASSEMBLY",2,566.17492176964,7.82117089397783,0.000446050460456103,0.0567798221320373
"GOBP_POSITIVE_REGULATION_OF_RECEPTOR_CLUSTERING",2,563.823513125904,7.88813317677036,0.0004180994800778,0.0567798221320373
"GOBP_POSITIVE_REGULATION_OF_STEM_CELL_DIFFERENTIATION",2,558.246776247965,7.7826069909336,0.000463787553479109,0.0567798221320373
"GOBP_PROTEIN_LOCALIZATION_TO_NUCLEOLUS",2,540.681147456356,7.78571903680509,0.000463959604380411,0.0567798221320373
"GOBP_TOLL_LIKE_RECEPTOR_2_SIGNALING_PATHWAY",2,538.822622479884,7.76611355138954,0.000473061442889151,0.0567798221320373
"GOBP_CELL_SURFACE_TOLL_LIKE_RECEPTOR_SIGNALING_PATHWAY",2,527.457504293338,7.71281171013667,0.000499360672073686,0.0583995903930277
"GOBP_ANTIFUNGAL_INNATE_IMMUNE_RESPONSE",2,549.622970469882,7.66218217301179,0.000522278222779555,0.0589480351837579
"GOBP_REGULATION_OF_COMPLEMENT_ACTIVATION",2,526.767101185483,7.60286159146641,0.00055574775551449,0.0589480351837579
"GOBP_REGULATION_OF_TUMOR_NECROSIS_FACTOR_MEDIATED_SIGNALING_PATHWAY",2,538.125174151226,7.62564228558877,0.0005423600647703,0.0589480351837579
"GOBP_RESPONSE_TO_MAGNESIUM_ION",2,526.320804983711,7.6118137013487,0.000550982746781689,0.0589480351837579
"GOBP_MORPHOGENESIS_OF_A_POLARIZED_EPITHELIUM",2,548.102161792591,7.56511727484567,0.000574171007107991,0.0595180446231715
"GOBP_NEGATIVE_REGULATION_OF_EPITHELIAL_CELL_APOPTOTIC_PROCESS",2,533.212926373463,7.51229726582979,0.000606136368817166,0.0600997386559803
"GOBP_PHAGOSOME_MATURATION",2,541.443701181786,7.52182825958513,0.000599610774647193,0.0600997386559803
"GOBP_CD4_POSITIVE_ALPHA_BETA_T_CELL_CYTOKINE_PRODUCTION",2,523.57903432756,7.43418676998844,0.000655188820235123,0.0613384303709715
"GOBP_DETECTION_OF_OTHER_ORGANISM",2,532.412099397529,7.37802559692856,0.000690818387091818,0.0613384303709715
"GOBP_FAT_PAD_DEVELOPMENT",2,561.955819273875,7.44714556223544,0.000642486691805403,0.0613384303709715
"GOBP_NEGATIVE_REGULATION_OF_MONONUCLEAR_CELL_MIGRATION",2,542.380338744684,7.42412462035889,0.000659307643164231,0.0613384303709715
"GOBP_REGULATION_OF_AMINE_METABOLIC_PROCESS",2,551.495843095396,7.38122549110698,0.000686322175021478,0.0613384303709715
"GOBP_SALIVARY_GLAND_DEVELOPMENT",2,524.268442030736,7.3670240494357,0.000699319969149423,0.0613384303709715
"GOBP_EMBRYONIC_DIGESTIVE_TRACT_DEVELOPMENT",2,548.345670884842,7.2977032112188,0.000744892345158428,0.0639634582299567
"GOBP_IMP_METABOLIC_PROCESS",2,565.347731940475,7.27435755879819,0.000759892587030536,0.0639634582299567
"GOBP_RESPONSE_TO_UV_B",2,587.101051843532,7.2556244867853,0.000771319930420438,0.0639634582299567
"GOBP_BASE_EXCISION_REPAIR_GAP_FILLING",2,558.983450985453,7.1850138846883,0.000829893935646466,0.0675918971514916
"GOBP_ENDONUCLEOLYTIC_CLEAVAGE_OF_TRICISTRONIC_RRNA_TRANSCRIPT_SSU_RRNA_5_8S_RRNA_LSU_RRNA",2,553.599590645756,7.08846509810778,0.00091259121338664,0.06803845073249
"GOBP_MIDBRAIN_DOPAMINERGIC_NEURON_DIFFERENTIATION",2,546.012346280035,7.08798789903569,0.000914129496421815,0.06803845073249
"GOBP_NEGATIVE_REGULATION_OF_HUMORAL_IMMUNE_RESPONSE",2,528.341436519644,7.07903305322697,0.000924881373693133,0.06803845073249
"GOBP_PHAGOLYSOSOME_ASSEMBLY",2,541.013864335093,7.09719336338857,0.000906710632610538,0.06803845073249
"GOBP_PROTEIN_LOCALIZATION_TO_CELL_CELL_JUNCTION",2,529.869946924694,7.10282140685065,0.000903461132612018,0.06803845073249
"GOBP_PURINE_NUCLEOSIDE_MONOPHOSPHATE_BIOSYNTHETIC_PROCESS",2,564.464541758122,7.11197689051435,0.000890393621668944,0.06803845073249
"GOBP_ACUTE_PHASE_RESPONSE",2,558.234784573249,7.00646969659508,0.000987854475308307,0.0704000665918936
"GOBP_NUCLEOTIDE_BINDING_DOMAIN_LEUCINE_RICH_REPEAT_CONTAINING_RECEPTOR_SIGNALING_PATHWAY",2,542.312918401614,7.02385256914308,0.000973684647641913,0.0704000665918936
"GOBP_CELL_CELL_ADHESION_MEDIATED_BY_INTEGRIN",2,518.636845043339,6.93486883158666,0.0010660861999522,0.0710639597522848
"GOBP_CELL_SURFACE_PATTERN_RECOGNITION_RECEPTOR_SIGNALING_PATHWAY",2,530.15195399094,6.9290578068001,0.00107005708899862,0.0710639597522848
"GOBP_EMBRYONIC_ORGAN_MORPHOGENESIS",2,533.542618829038,6.9422351869543,0.00105581442097037,0.0710639597522848
"GOBP_NEGATIVE_REGULATION_OF_MULTICELLULAR_ORGANISM_GROWTH",2,537.591871789021,6.92301725361392,0.00107507415542812,0.0710639597522848
"GOBP_POSITIVE_REGULATION_OF_REPRODUCTIVE_PROCESS",2,544.361622248649,6.96837444545093,0.00102745940357986,0.0710639597522848
"GOBP_DEADENYLATION_DEPENDENT_DECAPPING_OF_NUCLEAR_TRANSCRIBED_MRNA",2,533.689009493585,6.79979415610782,0.0012130694232763,0.072872109924694
"GOBP_DISRUPTION_OF_ANATOMICAL_STRUCTURE_IN_ANOTHER_ORGANISM",2,540.231904217668,6.81425444126949,0.00119486617432184,0.072872109924694
"GOBP_HORMONE_BIOSYNTHETIC_PROCESS",2,527.919761377529,6.8583684680585,0.00114679615408147,0.072872109924694
"GOBP_REGULATION_OF_ACTIN_FILAMENT_BASED_MOVEMENT",2,547.048394455073,6.86881785143693,0.00113175107675123,0.072872109924694
"GOBP_REGULATION_OF_INFLAMMASOME_MEDIATED_SIGNALING_PATHWAY",2,551.039872781589,6.82984394262566,0.0011749083407927,0.072872109924694
"GOBP_RENAL_FILTRATION",2,522.743644037772,6.7921744454953,0.00122425681546156,0.072872109924694
"GOBP_RENAL_TUBULE_MORPHOGENESIS",2,541.532940576366,6.78413689321452,0.00123024610046074,0.072872109924694
"GOBP_RESPONSE_TO_CORTICOSTERONE",2,524.414575322774,6.81285583036048,0.00119949882286184,0.072872109924694
"GOBP_NEGATIVE_REGULATION_OF_INTERLEUKIN_1_PRODUCTION",2,539.169683920965,6.69598737701339,0.00134121244380476,0.0779711857793483
"GOBP_NEGATIVE_REGULATION_OF_STRIATED_MUSCLE_CELL_APOPTOTIC_PROCESS",2,549.869648272826,6.68729837213987,0.00135052042897797,0.0779711857793483
"GOBP_INFLAMMASOME_MEDIATED_SIGNALING_PATHWAY",2,550.890630431173,6.66237185575936,0.00138358895164975,0.0785309872633525
"GOBP_TRIF_DEPENDENT_TOLL_LIKE_RECEPTOR_SIGNALING_PATHWAY",2,553.932541221173,6.65377702400372,0.00139465248154605,0.0785309872633525
"GOBP_REGULATION_OF_MESENCHYMAL_CELL_PROLIFERATION",2,537.708492966109,6.60407412572892,0.00146739303584273,0.0816192638594964
"GOBP_CELLULAR_RESPONSE_TO_ATP",2,532.703582504387,6.57747219622826,0.00150709598605471,0.0822611471056303
"GOBP_INNER_EAR_MORPHOGENESIS",2,555.387743629633,6.56882538434016,0.0015150046824979,0.0822611471056303
"GOBP_ADHERENS_JUNCTION_ASSEMBLY",2,536.516877407645,6.40306931868975,0.00178587563540482,0.0822765532634482
"GOBP_CELLULAR_RESPONSE_TO_MACROPHAGE_COLONY_STIMULATING_FACTOR_STIMULUS",2,533.773356799018,6.47103365260889,0.00167184150071267,0.0822765532634482
"GOBP_MODIFICATION_OF_POSTSYNAPTIC_STRUCTURE",2,541.544529170972,6.4177170565661,0.00175929348793189,0.0822765532634482
"GOBP_NEGATIVE_REGULATION_OF_GTPASE_ACTIVITY",2,544.63702821426,6.52889131649285,0.00157759386927442,0.0822765532634482
"GOBP_NUCLEOTIDE_BINDING_OLIGOMERIZATION_DOMAIN_CONTAINING_2_SIGNALING_PATHWAY",2,529.61534612593,6.51611264320493,0.00160082982700586,0.0822765532634482
"GOBP_PEPTIDE_ANTIGEN_ASSEMBLY_WITH_MHC_CLASS_II_PROTEIN_COMPLEX",2,508.789664188672,6.47382562537341,0.00167352318174097,0.0822765532634482
"GOBP_PHOSPHATIDYLCHOLINE_BIOSYNTHETIC_PROCESS",2,558.643669562559,6.52121657326891,0.00158644930764948,0.0822765532634482
"GOBP_POSITIVE_REGULATION_OF_ADIPOSE_TISSUE_DEVELOPMENT",2,545.010486950332,6.49680465058792,0.00162773024290703,0.0822765532634482
"GOBP_PROTEINOGENIC_AMINO_ACID_METABOLIC_PROCESS",2,556.346696668574,6.43805761770535,0.00172128155571688,0.0822765532634482
"GOBP_PURINE_NUCLEOSIDE_MONOPHOSPHATE_METABOLIC_PROCESS",2,551.777554074627,6.47008594734118,0.00166924463422798,0.0822765532634482
"GOBP_REGULATION_OF_CALCIUM_ION_IMPORT",2,547.85905197749,6.40157032865776,0.00178575284460869,0.0822765532634482
"GOBP_REGULATION_OF_HORMONE_BIOSYNTHETIC_PROCESS",2,531.133373736729,6.4525812715945,0.00170287398834117,0.0822765532634482
"GOBP_REGULATION_OF_ICOSANOID_SECRETION",2,547.419793037878,6.41740417979187,0.00175843943962584,0.0822765532634482
"GOBP_RENAL_WATER_HOMEOSTASIS",2,525.463584666413,6.44367383545398,0.00171915087705367,0.0822765532634482
"GOBP_THYROID_HORMONE_GENERATION",2,560.077577438634,6.44183738586705,0.00171410812222764,0.0822765532634482
"GOBP_GROWTH_PLATE_CARTILAGE_DEVELOPMENT",2,573.11658499724,6.37127670133874,0.00183358804712115,0.0836299508291957
"GOBP_GMP_BIOSYNTHETIC_PROCESS",2,547.206629295938,6.36027937322032,0.00185944207684867,0.0839694585396712
"GOBP_GLUTAMINE_METABOLIC_PROCESS",2,562.393892456332,6.3336213572652,0.00190486133893965,0.0843502190961528
"GOBP_TOLL_LIKE_RECEPTOR_SIGNALING_PATHWAY",2,532.115844942716,6.33816359803539,0.00190390900914983,0.0843502190961528
"GOBP_CONNECTIVE_TISSUE_REPLACEMENT",2,534.176934595609,6.32220794174206,0.00193327043773916,0.0847850621781569
"GOBP_BILE_ACID_AND_BILE_SALT_TRANSPORT",2,524.720844872956,6.2964011225885,0.00198520169118426,0.0856404099200374
"GOBP_FATTY_ACID_DERIVATIVE_CATABOLIC_PROCESS",2,546.276600897602,6.28175993149403,0.00200800555723785,0.0856404099200374
"GOBP_MODULATION_OF_EXCITATORY_POSTSYNAPTIC_POTENTIAL",2,551.242099558505,6.27254036722296,0.00202490931462125,0.0856404099200374
"GOBP_POSITIVE_REGULATION_OF_INTERFERON_ALPHA_PRODUCTION",2,556.331291222192,6.27039294622497,0.00202788078740716,0.0856404099200374
"GOBP_RISC_COMPLEX_ASSEMBLY",2,559.520947116913,6.25771919886748,0.00205237236835579,0.0858795446978968
"GOBP_AMP_BIOSYNTHETIC_PROCESS",2,550.697255436912,6.19400011715591,0.00218670332321078,0.0886751459310704
"GOBP_CATECHOLAMINE_TRANSPORT",2,554.862312411428,6.21321756388776,0.00214489422149266,0.0886751459310704
"GOBP_MUSCLE_HYPERTROPHY_IN_RESPONSE_TO_STRESS",2,587.664220084324,6.20299067291121,0.00215832423087308,0.0886751459310704
"GOBP_REGULATION_OF_MEGAKARYOCYTE_DIFFERENTIATION",2,553.688363204502,6.18884680404455,0.00219695055694167,0.0886751459310704
"GOBP_CALCIUM_DEPENDENT_CELL_CELL_ADHESION_VIA_PLASMA_MEMBRANE_CELL_ADHESION_MOLECULES",2,556.936921874767,6.1500118343672,0.00228113180573316,0.0912652821574468
"GOBP_MATURATION_OF_5_8S_RRNA_FROM_TRICISTRONIC_RRNA_TRANSCRIPT_SSU_RRNA_5_8S_RRNA_LSU_RRNA",2,550.706797032314,6.12823598965723,0.00233198245654199,0.0924884520372872
"GOBP_PHOSPHATIDYLETHANOLAMINE_METABOLIC_PROCESS",2,550.092228574494,6.11336959910517,0.00236631877104884,0.0926622734513142
"GOBP_SMOOTHENED_SIGNALING_PATHWAY",2,525.766933092531,6.11188354982097,0.00237699758688966,0.0926622734513142
"GOBP_REGULATION_OF_TRANSLATIONAL_FIDELITY",2,556.64580480949,6.09844326395449,0.0023992699570702,0.092737883679637
"GOBP_COMMISSURAL_NEURON_AXON_GUIDANCE",2,531.156563911823,6.077608655492,0.00245627231154112,0.0941433446465465
"GOBP_AMINO_ACID_ACTIVATION",2,557.616390214622,6.01956539566731,0.00259153844989493,0.0943797995124964
"GOBP_CELL_PROLIFERATION_INVOLVED_IN_HEART_MORPHOGENESIS",2,547.940273102433,6.02299030992739,0.00258574956598901,0.0943797995124964
"GOBP_ENERGY_HOMEOSTASIS",2,528.322045833844,6.0576027108733,0.00250568860910542,0.0943797995124964
"GOBP_METHYLATION",2,542.415881238923,5.99112791910377,0.00266936946658892,0.0943797995124964
"GOBP_MITOCHONDRIAL_GENOME_MAINTENANCE",2,545.876031110511,6.04446899223958,0.00253259503712295,0.0943797995124964
"GOBP_NEGATIVE_REGULATION_OF_LIPID_STORAGE",2,538.727507450256,6.00704442546948,0.00262928654303701,0.0943797995124964
"GOBP_NEGATIVE_REGULATION_OF_MUSCLE_CELL_APOPTOTIC_PROCESS",2,522.563138433997,6.00220821695614,0.00264706375620973,0.0943797995124964
"GOBP_NUCLEOBASE_CONTAINING_SMALL_MOLECULE_BIOSYNTHETIC_PROCESS",2,554.829792575174,6.01111967468222,0.00261387905105928,0.0943797995124964
"GOBP_POSITIVE_REGULATION_OF_ENDOPLASMIC_RETICULUM_UNFOLDED_PROTEIN_RESPONSE",2,534.718973717286,5.99784146853354,0.00265435296481309,0.0943797995124964
"GOBP_STRIATED_MUSCLE_CELL_APOPTOTIC_PROCESS",2,557.12728183112,6.0465445856779,0.00252413863913893,0.0943797995124964
"GOBP_CELLULAR_RESPONSE_TO_LIPOPROTEIN_PARTICLE_STIMULUS",2,532.204094960797,5.98425273317187,0.00269069376958053,0.0944019560235137
"GOBP_BRANCHING_INVOLVED_IN_LABYRINTHINE_LAYER_MORPHOGENESIS",2,531.488355362617,5.97231794942247,0.00272252356788113,0.0947895419321056
"GOBP_ENDONUCLEOLYTIC_CLEAVAGE_IN_ITS1_TO_SEPARATE_SSU_RRNA_FROM_5_8S_RRNA_AND_LSU_RRNA_FROM_TRICISTRONIC_RRNA_TRANSCRIPT_SSU_RRNA_5_8S_RRNA_LSU_RRNA",2,556.940440066601,5.89016207887724,0.00294180227723291,0.0966200012628251
"GOBP_GROWTH_HORMONE_SECRETION",2,529.136320653024,5.91355438239408,0.00288441290232523,0.0966200012628251
"GOBP_INHIBITORY_SYNAPSE_ASSEMBLY",2,538.296342720774,5.9015316787267,0.00291536104049429,0.0966200012628251
"GOBP_MATURATION_OF_SSU_RRNA_FROM_TRICISTRONIC_RRNA_TRANSCRIPT_SSU_RRNA_5_8S_RRNA_LSU_RRNA",2,553.254391981238,5.91574477604884,0.0028701887157823,0.0966200012628251
"GOBP_NEGATIVE_REGULATION_OF_ORGANELLE_ASSEMBLY",2,549.444083496979,5.89004586528811,0.00294456921191245,0.0966200012628251
"GOBP_POSITIVE_REGULATION_OF_ORGANIC_ACID_TRANSPORT",2,512.676098377313,5.91074718952342,0.00289830048184766,0.0966200012628251
"GOBP_RENAL_SYSTEM_DEVELOPMENT",2,536.050167711328,5.93858657387609,0.00281230070063508,0.0966200012628251
"GOBP_REPLICATIVE_SENESCENCE",2,550.036708477402,5.91021139520077,0.00288681668743552,0.0966200012628251
"GOBP_ANTERIOR_POSTERIOR_AXIS_SPECIFICATION",2,546.329435125185,5.84306283557288,0.00308424732703621,0.0993180446053284
"GOBP_ANTIBACTERIAL_HUMORAL_RESPONSE",2,531.112666178608,5.84304003164037,0.00308968718974587,0.0993180446053284
"GOBP_NEPHRON_DEVELOPMENT",2,547.160601036706,5.84036463429449,0.00309212066081049,0.0993180446053284
"GOBP_CELL_DIFFERENTIATION_IN_HINDBRAIN",2,518.010638991465,5.80809325771655,0.00320216345439324,0.101129737100529
"GOBP_ENTRAINMENT_OF_CIRCADIAN_CLOCK_BY_PHOTOPERIOD",2,528.802610983098,5.80267199865535,0.00321504316587957,0.101129737100529
"GOBP_RIBOSOMAL_SUBUNIT_EXPORT_FROM_NUCLEUS",2,554.222578517963,5.81362700422617,0.00317171272428751,0.101129737100529
"GOBP_PSEUDOURIDINE_SYNTHESIS",2,558.423184333318,5.77637540216348,0.00328813212979267,0.102720346876605
"GOBP_ANTIMICROBIAL_HUMORAL_RESPONSE",2,534.396642082283,5.75428300559602,0.00336880425460579,0.103613914245761
"GOBP_CELLULAR_RESPONSE_TO_MANGANESE_ION",2,561.672556648043,5.72278746480259,0.0034642498658682,0.103613914245761
"GOBP_CELL_AGGREGATION",2,556.921937912789,5.68882812952596,0.00358320516396682,0.103613914245761
"GOBP_DOPAMINERGIC_NEURON_DIFFERENTIATION",2,537.694687067912,5.68706417079164,0.00359666401380944,0.103613914245761
"GOBP_INTERLEUKIN_1_MEDIATED_SIGNALING_PATHWAY",2,541.957622958769,5.72290790949839,0.00347099720625041,0.103613914245761
"GOBP_INTERLEUKIN_1_PRODUCTION",2,536.022172469078,5.68711821667696,0.00359713011068254,0.103613914245761
"GOBP_LATERAL_MESODERM_DEVELOPMENT",2,565.080148925048,5.69819692034959,0.00354754991242358,0.103613914245761
"GOBP_MAGNESIUM_ION_TRANSPORT",2,560.411496048098,5.74736603340854,0.00338224009542775,0.103613914245761
"GOBP_MYOTUBE_CELL_DEVELOPMENT",2,572.850807886039,5.69208449138043,0.00356616711654236,0.103613914245761
"GOBP_REGULATION_OF_EPITHELIAL_CELL_APOPTOTIC_PROCESS",2,536.567306736106,5.73626085395322,0.00342793662518507,0.103613914245761
"GOBP_RUFFLE_ORGANIZATION",2,536.055214512175,5.70029820796875,0.00355099159404445,0.103613914245761
"GOBP_SPERMATID_NUCLEUS_DIFFERENTIATION",2,558.635611084459,5.6804668803941,0.00361206147008903,0.103613914245761
"GOBP_THYMIC_T_CELL_SELECTION",2,518.320683454049,5.71528788040901,0.00350635077372167,0.103613914245761
"GOBP_MYD88_INDEPENDENT_TOLL_LIKE_RECEPTOR_SIGNALING_PATHWAY",2,541.983089270069,5.65072098143833,0.00372528134331418,0.10619380129285
"GOBP_CALCIUM_ION_IMPORT",2,561.117798054713,5.63756274812503,0.00376627232891991,0.106695453988843
"GOBP_CELL_CELL_ADHESION_VIA_PLASMA_MEMBRANE_ADHESION_MOLECULES",2,547.895232049174,5.6325718391133,0.00378977538925837,0.106698552780293
"GOBP_ADP_TRANSPORT",2,546.829786359644,5.60503723246241,0.00389384344383976,0.107635272408201
"GOBP_HOMOPHILIC_CELL_ADHESION_VIA_PLASMA_MEMBRANE_ADHESION_MOLECULES",2,542.698536402478,5.61202290611262,0.00386893049865653,0.107635272408201
"GOBP_TOLL_LIKE_RECEPTOR_9_SIGNALING_PATHWAY",2,540.726422049287,5.6105237246939,0.00387541500513057,0.107635272408201
"GOBP_NEGATIVE_REGULATION_OF_FIBROBLAST_MIGRATION",2,546.929101242333,5.57983477549737,0.00399116806240182,0.108355461503659
"GOBP_THYROID_HORMONE_METABOLIC_PROCESS",2,561.009099942979,5.58207139051075,0.00397688866463551,0.108355461503659
"GOBP_TRNA_PROCESSING",2,542.823481797901,5.58157512189319,0.00398603785217833,0.108355461503659
"GOBP_INTRACELLULAR_SODIUM_ION_HOMEOSTASIS",2,531.565033107967,5.54334187572998,0.00414304012235905,0.111813053243075
"GOBP_PEPTIDE_ANTIGEN_ASSEMBLY_WITH_MHC_PROTEIN_COMPLEX",2,517.590195832132,5.53745973570699,0.00417329767945297,0.111967121858735
"GOBP_POSITIVE_REGULATION_OF_AMINE_TRANSPORT",2,539.043943232822,5.51505647712249,0.00425615527734092,0.112209966589318
"GOBP_RESPONSE_TO_HEPATOCYTE_GROWTH_FACTOR",2,543.52602614418,5.52618927453563,0.00420806173000431,0.112209966589318
"GOBP_TRNA_MODIFICATION",2,545.629094929735,5.51771017007588,0.00424228566737657,0.112209966589318
"GOBP_MITOCHONDRIAL_DNA_METABOLIC_PROCESS",2,542.832602919862,5.48389454239817,0.00438647503548092,0.11498110710821
"GOBP_REGULATION_OF_TOLL_LIKE_RECEPTOR_2_SIGNALING_PATHWAY",2,536.01155957812,5.4781410804694,0.00441430507618201,0.115049402585521
"GOBP_MATURATION_OF_5_8S_RRNA",2,549.537880565043,5.45823971538158,0.0044952516352905,0.116493424480454
"GOBP_AMP_METABOLIC_PROCESS",2,548.32819069878,5.43614929757695,0.00459421643582625,0.117062688065941
"GOBP_NEGATIVE_REGULATION_OF_CYTOKINE_PRODUCTION_INVOLVED_IN_INFLAMMATORY_RESPONSE",2,538.429872619037,5.44615444266255,0.00455377337526298,0.117062688065941
"GOBP_SPONTANEOUS_SYNAPTIC_TRANSMISSION",2,556.365721590157,5.43796248746026,0.00458257558492042,0.117062688065941
"GOBP_ASPARTATE_FAMILY_AMINO_ACID_METABOLIC_PROCESS",2,558.441694766254,5.38441180792474,0.00482881578030552,0.118635080418443
"GOBP_BASE_EXCISION_REPAIR",2,550.684771153857,5.37249527420775,0.00488907062908595,0.118635080418443
"GOBP_CARTILAGE_DEVELOPMENT_INVOLVED_IN_ENDOCHONDRAL_BONE_MORPHOGENESIS",2,572.682910422702,5.37172304638197,0.00488318255167506,0.118635080418443
"GOBP_DENDRITIC_SPINE_MORPHOGENESIS",2,536.034326949314,5.38477156081983,0.00483733063287767,0.118635080418443
"GOBP_EAR_MORPHOGENESIS",2,558.991095901,5.36611602962148,0.0049160338081749,0.118635080418443
"GOBP_INTRACILIARY_TRANSPORT",2,533.097733770623,5.40060199759169,0.00476423357761708,0.118635080418443
"GOBP_NEGATIVE_REGULATION_OF_TRANSCRIPTION_BY_COMPETITIVE_PROMOTER_BINDING",2,545.750957671494,5.39911332155794,0.00476530293721641,0.118635080418443
"GOBP_ORGANIC_HYDROXY_COMPOUND_TRANSPORT",2,528.09274581687,5.40156098928136,0.00476216157834631,0.118635080418443
"GOBP_REGULATION_OF_ADIPOSE_TISSUE_DEVELOPMENT",2,539.896213054647,5.3704118538456,0.00490406991228863,0.118635080418443
"GOBP_TERPENOID_BIOSYNTHETIC_PROCESS",2,529.939595472063,5.40190956343088,0.00475964291461497,0.118635080418443
"GOBP_PEPTIDYL_GLUTAMIC_ACID_MODIFICATION",2,552.725422546169,5.34386576927039,0.00502737823299029,0.120683537477204
"GOBP_PROTEIN_HETEROTETRAMERIZATION",2,555.667119140968,5.33335940512226,0.00507811574959776,0.120983039333454
"GOBP_TRNA_METABOLIC_PROCESS",2,545.385413142805,5.33135329291082,0.00509290584346045,0.120983039333454
"GOBP_NEGATIVE_T_CELL_SELECTION",2,527.893457386535,5.32158827860481,0.00515054502549851,0.121718320524864
"GOBP_PYROPTOTIC_INFLAMMATORY_RESPONSE",2,531.999899409793,5.31336602947632,0.00519013859030176,0.122021763455496
"GOBP_DNA_STRAND_ELONGATION_INVOLVED_IN_DNA_REPLICATION",2,558.619029883111,5.28852334122084,0.00530513896821071,0.123146386687063
"GOBP_MICROTUBULE_BUNDLE_FORMATION",2,540.780825803068,5.29285088120191,0.00529118121658395,0.123146386687063
"GOBP_MRNA_PSEUDOURIDINE_SYNTHESIS",2,556.98495604814,5.2842641606661,0.00532812319858775,0.123146386687063
"GOBP_POSITIVE_REGULATION_OF_SMAD_PROTEIN_SIGNAL_TRANSDUCTION",2,550.780877758451,5.28141662584489,0.00534597337514547,0.123146386687063
"GOBP_CELL_CELL_JUNCTION_MAINTENANCE",2,549.137742512726,5.2486421967077,0.00552149776586167,0.124488450990261
"GOBP_POSITIVE_REGULATION_OF_MONOATOMIC_ION_TRANSPORT",2,519.354684551282,5.25391806649981,0.00550843704628698,0.124488450990261
"GOBP_REGULATION_OF_SULFUR_METABOLIC_PROCESS",2,545.30117681448,5.26478627053861,0.00543660384471781,0.124488450990261
"GOBP_RIBOSOMAL_LARGE_SUBUNIT_BIOGENESIS",2,550.938812420958,5.24494050327428,0.00554070501009054,0.124488450990261
"GOBP_TUMOR_NECROSIS_FACTOR_MEDIATED_SIGNALING_PATHWAY",2,538.929860151606,5.26100770678032,0.00545998721881579,0.124488450990261
"GOBP_PROTEIN_TETRAMERIZATION",2,554.260714458538,5.23876242732708,0.00557277588836187,0.124595249151071
"GOBP_MYOFIBRIL_ASSEMBLY",2,555.113743210361,5.2265305241044,0.00563966490000336,0.124988061617809
"GOBP_SYNAPTIC_VESICLE_ENDOSOMAL_PROCESSING",2,558.35064457058,5.22525625688522,0.00564515253086356,0.124988061617809
"GOBP_REGULATION_OF_INTEGRIN_ACTIVATION",2,546.973973214856,5.21936557756518,0.00568351280527525,0.125229477801258
"GOBP_GLYCOSYL_COMPOUND_BIOSYNTHETIC_PROCESS",2,551.882010685322,5.20607791892667,0.00575563199434584,0.126208834260632
"GOBP_3_UTR_MEDIATED_MRNA_STABILIZATION",2,557.377660616728,5.19087883656211,0.00583939538064682,0.127397940192235
"GOBP_EMBRYONIC_CAMERA_TYPE_EYE_DEVELOPMENT",2,534.761696358612,5.18832528892735,0.00586572406059403,0.127397940192235
"GOBP_NEURON_RECOGNITION",2,539.797443205412,5.1739657023622,0.00594622930481853,0.128534369001314
"GOBP_RRNA_PROCESSING",2,549.252355394803,5.1442720542168,0.00611699452173357,0.131601943460504
"GOBP_NEGATIVE_REGULATION_OF_MACROPHAGE_DERIVED_FOAM_CELL_DIFFERENTIATION",2,526.627577977118,5.12300160176831,0.00625857681209098,0.133389574018444
"GOBP_SINGLE_STRANDED_VIRAL_RNA_REPLICATION_VIA_DOUBLE_STRANDED_DNA_INTERMEDIATE",2,520.231525324879,5.12397796502308,0.00625632142380773,0.133389574018444
"GOBP_AMINO_ACID_METABOLIC_PROCESS",2,555.938936954262,5.10380657584233,0.00636133666590403,0.133788045670607
"GOBP_EMBRYONIC_SKELETAL_SYSTEM_DEVELOPMENT",2,521.144793858216,5.10148961037328,0.00639529016195815,0.133788045670607
"GOBP_INTERFERON_ALPHA_PRODUCTION",2,548.422174414157,5.10117402075331,0.00638179681137863,0.133788045670607
"GOBP_REGULATION_OF_FC_RECEPTOR_MEDIATED_STIMULATORY_SIGNALING_PATHWAY",2,552.552557832199,5.09992551241406,0.00638741384420687,0.133788045670607
"GOBP_SENSORY_PERCEPTION_OF_SMELL",2,533.548340377416,5.09578139453093,0.0064239381718621,0.133788045670607
"GOBP_POSITIVE_REGULATION_OF_B_CELL_DIFFERENTIATION",2,532.57155865344,5.08042185750581,0.00652205781134666,0.135214116716146
"GOBP_TRNA_METHYLATION",2,537.586201699618,5.06777559727244,0.00660060311310148,0.136223306782153
"GOBP_ENDOCHONDRAL_BONE_MORPHOGENESIS",2,545.46071351825,5.04949496524053,0.00671561854179169,0.136501140184013
"GOBP_MATURATION_OF_SSU_RRNA",2,552.273443511375,5.04617228947996,0.0067337769220353,0.136501140184013
"GOBP_RESPONSE_TO_X_RAY",2,557.041628502023,5.0537004551929,0.00668159548158706,0.136501140184013
"GOBP_RNA_MODIFICATION",2,545.46692540248,5.05524847784805,0.00667778637776189,0.136501140184013
"GOBP_CELLULAR_COMPONENT_ASSEMBLY_INVOLVED_IN_MORPHOGENESIS",2,543.463430169445,5.02155668102537,0.00690353460337391,0.136928705430852
"GOBP_DETECTION_OF_BACTERIUM",2,533.309318038861,4.99762296828646,0.00707372920412784,0.136928705430852
"GOBP_ESTABLISHMENT_OF_TISSUE_POLARITY",2,573.788879044092,5.02433012097679,0.00686827682761091,0.136928705430852
"GOBP_INTERLEUKIN_18_PRODUCTION",2,557.127130551097,4.99718497081031,0.00706295779710684,0.136928705430852
"GOBP_NEGATIVE_REGULATION_OF_BLOOD_PRESSURE",2,541.854070346082,5.00688220152768,0.0070046614173655,0.136928705430852
"GOBP_NEUROTRANSMITTER_GATED_ION_CHANNEL_CLUSTERING",2,531.378308666916,4.99671385895149,0.00708121958891901,0.136928705430852
"GOBP_NUCLEOBASE_BIOSYNTHETIC_PROCESS",2,546.597054383299,5.00734154930076,0.00699875975213999,0.136928705430852
"GOBP_POSITIVE_REGULATION_OF_MEIOTIC_CELL_CYCLE",2,567.89731645496,5.02954721257985,0.0068362055130592,0.136928705430852
"GOBP_REGULATION_OF_EXIT_FROM_MITOSIS",2,547.355244010822,4.99479225757747,0.00708510731893907,0.136928705430852
"GOBP_RESPONSE_TO_MACROPHAGE_COLONY_STIMULATING_FACTOR",2,546.591654796017,5.00469806589069,0.0070169547703859,0.136928705430852
"GOBP_SMALL_NUCLEOLAR_RIBONUCLEOPROTEIN_COMPLEX_ASSEMBLY",2,547.025029788342,5.01075194396059,0.00697511534348665,0.136928705430852
"GOBP_ASTROCYTE_DIFFERENTIATION",2,530.545375826804,4.93094788054762,0.00755399122226125,0.137379953440606
"GOBP_CARDIAC_MYOFIBRIL_ASSEMBLY",2,569.722714804884,4.94130161962097,0.00745452447251831,0.137379953440606
"GOBP_INTERLEUKIN_1_BETA_PRODUCTION",2,539.328078153777,4.93066864340807,0.00755056170134856,0.137379953440606
"GOBP_L_GLUTAMATE_IMPORT",2,547.477128443794,4.95376001690175,0.00737639502627496,0.137379953440606
"GOBP_MONOCARBOXYLIC_ACID_CATABOLIC_PROCESS",2,546.838888068359,4.96955605299143,0.00726320810281073,0.137379953440606
"GOBP_POSITIVE_REGULATION_OF_LIPID_STORAGE",2,545.464590306047,4.93941579705578,0.00748226230281346,0.137379953440606
"GOBP_RESPONSE_TO_AMINE",2,540.307552029493,4.9292797107122,0.00756026492295374,0.137379953440606
"GOBP_RESPONSE_TO_INTERLEUKIN_17",2,544.848094730515,4.97744903706513,0.00720828630137936,0.137379953440606
"GOBP_RIBONUCLEOSIDE_MONOPHOSPHATE_BIOSYNTHETIC_PROCESS",2,562.563212314745,4.97259505508437,0.00723262918209486,0.137379953440606
"GOBP_RIBOSOME_ASSEMBLY",2,553.515842407224,4.93209307032326,0.00753150052036787,0.137379953440606
"GOBP_RIBOSOME_BIOGENESIS",2,550.395498572062,4.93867305936793,0.00748479448926204,0.137379953440606
"GOBP_RRNA_METABOLIC_PROCESS",2,548.604081162012,4.93544927780189,0.00750959585881046,0.137379953440606
"GOBP_RRNA_MODIFICATION",2,551.177799457949,4.92929787997078,0.00755358603763676,0.137379953440606
"GOBP_SYNAPTONEMAL_COMPLEX_ORGANIZATION",2,551.750221683657,4.96446432538104,0.00729676276072863,0.137379953440606
"GOBP_XENOBIOTIC_METABOLIC_PROCESS",2,548.479625903629,4.97807467560304,0.00720174132721032,0.137379953440606
"GOBP_CARNITINE_METABOLIC_PROCESS",2,548.133040619914,4.91942766725091,0.00762900594970624,0.137456588582245
"GOBP_IMMUNOLOGICAL_MEMORY_PROCESS",2,527.70214623166,4.90919221658739,0.00771891943164308,0.137456588582245
"GOBP_INNATE_IMMUNE_RESPONSE_ACTIVATING_CELL_SURFACE_RECEPTOR_SIGNALING_PATHWAY",2,537.092769591783,4.9231244760869,0.00760809890306027,0.137456588582245
"GOBP_NEGATIVE_REGULATION_OF_GLIAL_CELL_DIFFERENTIATION",2,570.813603836776,4.89508774268611,0.00780037735805856,0.137456588582245
"GOBP_NEGATIVE_REGULATION_OF_INTERLEUKIN_1_BETA_PRODUCTION",2,542.168219956945,4.89661479019908,0.0078055813292702,0.137456588582245
"GOBP_REGULATION_OF_VENTRICULAR_CARDIAC_MUSCLE_CELL_ACTION_POTENTIAL",2,538.95021660476,4.9118406358132,0.00769171008979601,0.137456588582245
"GOBP_TRNA_WOBBLE_URIDINE_MODIFICATION",2,549.542188526728,4.90761350482806,0.00771721543634349,0.137456588582245
"GOBP_ZYMOGEN_ACTIVATION",2,533.91008229091,4.90445127510581,0.0077509201627049,0.137456588582245
"GOBP_SPERM_AXONEME_ASSEMBLY",2,527.861481918348,4.89356342621514,0.00783816521364105,0.137499505920834
"GOBP_MITOCHONDRIAL_RNA_METABOLIC_PROCESS",2,546.612819012063,4.88615659107684,0.00788342310080162,0.137625186830239
"GOBP_POSITIVE_REGULATION_OF_LONG_TERM_SYNAPTIC_POTENTIATION",2,543.707736623956,4.88351886916592,0.00790567834894157,0.137625186830239
"GOBP_RESPONSE_TO_FOOD",2,567.612074806726,4.86480193969895,0.00803797680477529,0.139396244131483
"GOBP_LIPOPOLYSACCHARIDE_MEDIATED_SIGNALING_PATHWAY",2,535.656802317274,4.86028222668465,0.00809338016195082,0.139825404994915
"GOBP_REGULATION_OF_T_HELPER_2_CELL_DIFFERENTIATION",2,543.064068611902,4.83860577694269,0.00826273156538676,0.142212523281996
"GOBP_DOUBLE_STRAND_BREAK_REPAIR_VIA_BREAK_INDUCED_REPLICATION",2,538.761337046364,4.83047933431319,0.0083317594286524,0.142861484037908
"GOBP_NEGATIVE_REGULATION_OF_MEGAKARYOCYTE_DIFFERENTIATION",2,551.330612047613,4.81564839900781,0.00844594183584997,0.143996807838361
"GOBP_REGULATION_OF_SHORT_TERM_NEURONAL_SYNAPTIC_PLASTICITY",2,537.604737678172,4.81488926131568,0.00846111477761034,0.143996807838361
"GOBP_GDP_MANNOSE_METABOLIC_PROCESS",2,580.960693467254,4.80660244252498,0.00850357907582013,0.144181502471434
"GOBP_SKELETAL_MUSCLE_CELL_DIFFERENTIATION",2,541.255040239189,4.78662334881258,0.00869693032040719,0.146913700708804
"GOBP_RESPONSE_TO_ALDOSTERONE",2,575.006543640969,4.77698484306251,0.00875847696044828,0.147407429581567
"GOBP_CELLULAR_RESPONSE_TO_PURINE_CONTAINING_COMPOUND",2,521.12470878735,4.76328559502251,0.00891276532575578,0.148021361767146
"GOBP_IMP_BIOSYNTHETIC_PROCESS",2,548.741503905192,4.75769886335085,0.00894268493396141,0.148021361767146
"GOBP_MITOCHONDRIAL_TRANSCRIPTION",2,540.896751192881,4.7618563419472,0.00891143154487822,0.148021361767146
"GOBP_NEGATIVE_REGULATION_OF_CARDIAC_MUSCLE_TISSUE_GROWTH",2,566.434529642574,4.75398165067459,0.00896413830992637,0.148021361767146
"GOBP_POSITIVE_REGULATION_OF_CANONICAL_NF_KAPPAB_SIGNAL_TRANSDUCTION",2,542.874623124705,4.7528092517122,0.00898967709044057,0.148021361767146
"GOBP_TRIGLYCERIDE_METABOLIC_PROCESS",2,526.532143388539,4.76979738158163,0.00885207647572753,0.148021361767146
"GOBP_MITOCHONDRIAL_RNA_MODIFICATION",2,548.809286294774,4.74323546837683,0.00907068840236442,0.148284622950481
"GOBP_POSITIVE_REGULATION_OF_TRANSCRIPTION_OF_NUCLEOLAR_LARGE_RRNA_BY_RNA_POLYMERASE_I",2,550.546278310833,4.74659924322381,0.00903960034960475,0.148284622950481
"GOBP_REGULATION_OF_DENDRITE_EXTENSION",2,555.039275291407,4.72694952880924,0.00921295910410106,0.150072523120732
"GOBP_EXOCRINE_SYSTEM_DEVELOPMENT",2,538.81192163555,4.7224108685673,0.00926511729451887,0.150347052332798
"GOBP_INTEGRIN_ACTIVATION",2,530.077886007851,4.71973049470005,0.0092957396969632,0.150347052332798
"GOBP_OLIGOSACCHARIDE_CATABOLIC_PROCESS",2,543.002968599404,4.70604492938902,0.00941242830823849,0.151696415243377
"GOBP_POSITIVE_REGULATION_OF_SYNCYTIUM_FORMATION_BY_PLASMA_MEMBRANE_FUSION",2,559.647192405483,4.69119828640859,0.00953955216307491,0.152527140498439
"GOBP_PURINE_NUCLEOBASE_BIOSYNTHETIC_PROCESS",2,541.656779674313,4.68319163771041,0.00962721455792209,0.152527140498439
"GOBP_REGULATION_OF_PINOCYTOSIS",2,535.934821974486,4.68460248049225,0.0096179371747488,0.152527140498439
"GOBP_RIBOSOMAL_SMALL_SUBUNIT_BIOGENESIS",2,550.948991179668,4.68209377187387,0.00963118098301917,0.152527140498439
"GOBP_SKELETAL_MUSCLE_ACETYLCHOLINE_GATED_CHANNEL_CLUSTERING",2,582.810527544967,4.6888830563547,0.0095467027506824,0.152527140498439
"GOBP_POSITIVE_REGULATION_OF_RAC_PROTEIN_SIGNAL_TRANSDUCTION",2,539.743452628384,4.66634184882372,0.0097893700253308,0.154495905486276
"GOBP_DICARBOXYLIC_ACID_CATABOLIC_PROCESS",2,550.391841880502,4.62736906644816,0.0101640777039403,0.159846918259272
"GOBP_ORGANIC_ACID_CATABOLIC_PROCESS",2,541.365052095044,4.61414188500219,0.0103036601552787,0.159846918259272
"GOBP_POSITIVE_REGULATION_OF_FOCAL_ADHESION_ASSEMBLY",2,545.165942845461,4.61495279033165,0.0102926874476549,0.159846918259272
"GOBP_PURINE_DEOXYRIBONUCLEOTIDE_METABOLIC_PROCESS",2,552.358961423273,4.62171497271031,0.0102193724705076,0.159846918259272
"GOBP_REGULATION_OF_DNA_TEMPLATED_DNA_REPLICATION_INITIATION",2,534.448366626535,4.61646398243911,0.0102852831440613,0.159846918259272
"GOBP_DETECTION_OF_TEMPERATURE_STIMULUS",2,551.977003151318,4.59340738100707,0.0105081812212767,0.16191829239947
"GOBP_POSITIVE_REGULATION_OF_NEUROINFLAMMATORY_RESPONSE",2,535.527504405262,4.59554255377661,0.0104981929437708,0.16191829239947
"GOBP_INTERFERON_MEDIATED_SIGNALING_PATHWAY",2,527.393702279201,4.58957633239183,0.0105662153733993,0.162114167557999
"GOBP_PHOSPHATE_ION_TRANSPORT",2,565.843833732519,4.58440406098886,0.0105919802526384,0.162114167557999
"GOBP_NEGATIVE_REGULATION_OF_LIPID_LOCALIZATION",2,551.903268683121,4.56499457282074,0.0108060712563518,0.164837762542544
"GOBP_REGULATION_OF_PROSTAGLANDIN_SECRETION",2,537.057156911116,4.55876408941087,0.0108835819291326,0.165466723929247
"GOBP_POSITIVE_REGULATION_OF_MUSCLE_HYPERTROPHY",2,546.275653066088,4.54945140967231,0.0109767207263013,0.166328316387576
"GOBP_MANNOSE_METABOLIC_PROCESS",2,563.526474264645,4.53765502609669,0.011092297712922,0.166463476064428
"GOBP_MATERNAL_PLACENTA_DEVELOPMENT",2,556.601305086866,4.53491648972909,0.0111271775233746,0.166463476064428
"GOBP_MODIFICATION_OF_SYNAPTIC_STRUCTURE",2,542.49499784583,4.53345977691645,0.011153610955618,0.166463476064428
"GOBP_MUSCLE_CELL_APOPTOTIC_PROCESS",2,545.795237419968,4.53190982370626,0.0111681262169952,0.166463476064428
"GOBP_T_HELPER_1_TYPE_IMMUNE_RESPONSE",2,524.061138852501,4.53944339227425,0.0111026570808332,0.166463476064428
"GOBP_POSITIVE_REGULATION_OF_TRANSCRIPTION_BY_RNA_POLYMERASE_III",2,562.704289066489,4.52544100672062,0.0112270230324084,0.16679626075184
"GOBP_NUCLEOSIDE_SALVAGE",2,558.808590707686,4.50948972406493,0.0114074823658439,0.167837184098755
"GOBP_POSITIVE_REGULATION_OF_FIBROBLAST_APOPTOTIC_PROCESS",2,561.907964451118,4.51110797089365,0.0113870906610536,0.167837184098755
"GOBP_REGULATION_OF_INFLAMMATORY_RESPONSE",2,538.478930348332,4.51720871816202,0.011336437260039,0.167837184098755
"GOBP_REGULATION_OF_CATECHOLAMINE_SECRETION",2,549.155578776911,4.50526636453294,0.0114621542800016,0.168099310839509
"GOBP_NEGATIVE_REGULATION_OF_FATTY_ACID_METABOLIC_PROCESS",2,541.300270659351,4.49225194533759,0.0116159259108531,0.169808455382696
"GOBP_ACUTE_INFLAMMATORY_RESPONSE",2,536.105861709547,4.48552292523834,0.0116971896058968,0.16990726685508
"GOBP_CELL_CELL_JUNCTION_ASSEMBLY",2,529.829465295275,4.486412964838,0.011692038929974,0.16990726685508
"GOBP_ETHER_METABOLIC_PROCESS",2,548.486305922052,4.4744325378611,0.0118157331463207,0.17044552541289
"GOBP_MAMMARY_GLAND_EPITHELIAL_CELL_DIFFERENTIATION",2,530.999137656027,4.46979369627933,0.0118837266128698,0.17044552541289
"GOBP_MITOCHONDRIAL_TRNA_PROCESSING",2,548.407539908557,4.47200194542837,0.0118440859725003,0.17044552541289
"GOBP_POSITIVE_REGULATION_OF_HORMONE_METABOLIC_PROCESS",2,534.814354745699,4.47157893061631,0.0118597647447137,0.17044552541289
"GOBP_MONOCARBOXYLIC_ACID_TRANSPORT",2,537.722983021171,4.46421115258825,0.011943665842295,0.17067817647895
"GOBP_NUCLEOSIDE_MONOPHOSPHATE_BIOSYNTHETIC_PROCESS",2,557.070957435232,4.46028703579113,0.0119747898428555,0.17067817647895
"GOBP_REGULATION_OF_PROGRAMMED_NECROTIC_CELL_DEATH",2,538.915446873628,4.44788790873499,0.0121360280260464,0.172437457404354
"GOBP_PURINE_NUCLEOSIDE_BIOSYNTHETIC_PROCESS",2,551.673281193115,4.44220091311239,0.012194006264937,0.172723175696825
"GOBP_GOLGI_TO_VACUOLE_TRANSPORT",2,549.81035123128,4.43857630328885,0.0122390318141597,0.172744648679052
"GOBP_POSITIVE_REGULATION_OF_INSULIN_SECRETION_INVOLVED_IN_CELLULAR_RESPONSE_TO_GLUCOSE_STIMULUS",2,582.908471145125,4.43388250531796,0.0122712708116669,0.172744648679052
"GOBP_ADRENAL_GLAND_DEVELOPMENT",2,562.828878182145,4.42362206226074,0.0124104778507183,0.174166736852696
"GOBP_GLUTAMATERGIC_NEURON_DIFFERENTIATION",2,539.321488684348,4.40776048588318,0.0126243903609056,0.176625289681259
"GOBP_GOLGI_TO_LYSOSOME_TRANSPORT",2,573.538782040703,4.39657845309249,0.0127373564974978,0.177660804235742
"GOBP_DETECTION_OF_MECHANICAL_STIMULUS_INVOLVED_IN_SENSORY_PERCEPTION_OF_PAIN",2,525.239594432095,4.39222733241941,0.0128308541566272,0.178419286001148
"GOBP_FUCOSE_METABOLIC_PROCESS",2,546.849247316645,4.3859273564856,0.0128923347603979,0.178729297392629
"GOBP_MACROMOLECULE_METHYLATION",2,543.129665582256,4.36918387923924,0.0131096239813602,0.180468477711068
"GOBP_POSITIVE_REGULATION_OF_FIBROBLAST_PROLIFERATION",2,532.714376062559,4.37237850152954,0.0130772769027616,0.180468477711068
"GOBP_TONGUE_DEVELOPMENT",2,546.952251438016,4.36623618163925,0.0131445534951522,0.180468477711068
"GOBP_TRIGLYCERIDE_BIOSYNTHETIC_PROCESS",2,537.830664352571,4.36439144184379,0.0131760585568484,0.180468477711068
"GOBP_NEGATIVE_REGULATION_OF_SIGNALING_RECEPTOR_ACTIVITY",2,570.915713237086,4.35270267095006,0.0133018669326175,0.181008671848608
"GOBP_POSITIVE_REGULATION_OF_INTERLEUKIN_1_PRODUCTION",2,541.355587371672,4.34598198271648,0.0134139292007958,0.181008671848608
"GOBP_REGULATION_OF_B_CELL_RECEPTOR_SIGNALING_PATHWAY",2,513.329382733075,4.3496463443548,0.0133906146421778,0.181008671848608
"GOBP_REGULATION_OF_TELOMERE_MAINTENANCE_IN_RESPONSE_TO_DNA_DAMAGE",2,542.967287649499,4.34884619361304,0.0133748115600327,0.181008671848608
"GOBP_TOLL_SIGNALING_PATHWAY",2,536.172647613575,4.35573979688572,0.0132901321151338,0.181008671848608
"GOBP_POSITIVE_REGULATION_OF_INFLAMMASOME_MEDIATED_SIGNALING_PATHWAY",2,539.517587044767,4.33981580659292,0.0134971492159734,0.181594388124054
"GOBP_FATTY_ACID_CATABOLIC_PROCESS",2,543.235052314184,4.31572287756716,0.0138178286618465,0.184818523538657
"GOBP_TRNA_WOBBLE_BASE_MODIFICATION",2,542.967262789697,4.31618802417461,0.0138117320642576,0.184818523538657
"GOBP_POSITIVE_REGULATION_OF_T_CELL_CYTOKINE_PRODUCTION",2,520.013599035343,4.31161497545433,0.0138945830273373,0.185301734466916
"GOBP_EMBRYONIC_SKELETAL_SYSTEM_MORPHOGENESIS",2,519.788739566167,4.30273628172334,0.0140166811491917,0.185304587598445
"GOBP_HUMORAL_IMMUNE_RESPONSE",2,540.146965795577,4.30210396276416,0.0140069923757486,0.185304587598445
"GOBP_PROTEIN_LOCALIZATION_TO_CELL_CORTEX",2,553.571371143058,4.30365440037882,0.0139742471243546,0.185304587598445
"GOBP_INNATE_IMMUNE_RESPONSE_IN_MUCOSA",2,546.859150647727,4.2861195341514,0.0142233089322226,0.187492809363779
"GOBP_CANONICAL_NF_KAPPAB_SIGNAL_TRANSDUCTION",2,538.367830776136,4.27909800304026,0.0143293881365752,0.188268356901877
"GOBP_LYMPHOCYTE_COSTIMULATION",2,520.346540918669,4.26340488298479,0.0145691338915603,0.188268356901877
"GOBP_NEGATIVE_REGULATION_OF_CHOLESTEROL_STORAGE",2,536.550409424311,4.26714309413364,0.0145006404856117,0.188268356901877
"GOBP_NEGATIVE_REGULATION_OF_STEROID_METABOLIC_PROCESS",2,560.880080731224,4.27184476423542,0.0144128417388979,0.188268356901877
"GOBP_POSITIVE_REGULATION_OF_PATTERN_RECOGNITION_RECEPTOR_SIGNALING_PATHWAY",2,537.942643146059,4.26213245098927,0.0145710874778256,0.188268356901877
"GOBP_PROTEIN_CONTAINING_COMPLEX_LOCALIZATION",2,538.491023777995,4.26530402963583,0.0145251763352967,0.188268356901877
"GOBP_RESPONSE_TO_FORSKOLIN",2,549.084949941299,4.26824867178336,0.0144738768209235,0.188268356901877
"GOBP_MODIFIED_AMINO_ACID_CATABOLIC_PROCESS",2,565.405204030011,4.25247736108606,0.01468672653324,0.188693407656641
"GOBP_RNA_METHYLATION",2,545.375106738361,4.25559316805549,0.0146586009313415,0.188693407656641
"GOBP_REGULATION_OF_STEROID_BIOSYNTHETIC_PROCESS",2,535.983909696391,4.24724503256308,0.0147879824405666,0.18946064020063
"GOBP_AMINO_ACID_BETAINE_TRANSPORT",2,552.15259433895,4.23811003005892,0.0149072282540745,0.1899214191811
"GOBP_MANGANESE_ION_TRANSPORT",2,532.814271345188,4.23971680012082,0.0149008923236447,0.1899214191811
"GOBP_CELLULAR_RESPONSE_TO_X_RAY",2,558.592517901431,4.21388983428884,0.0152615694376647,0.191195529698378
"GOBP_DNA_ALKYLATION_REPAIR",2,554.412515361272,4.21009412578685,0.0153223366774858,0.191195529698378
"GOBP_DNA_MODIFICATION",2,527.422804654859,4.22249522266777,0.0151607274812859,0.191195529698378
"GOBP_ENDOTHELIAL_CELL_CHEMOTAXIS",2,545.543444039719,4.21258512727473,0.0152925820094147,0.191195529698378
"GOBP_NEGATIVE_REGULATION_OF_DNA_DAMAGE_RESPONSE_SIGNAL_TRANSDUCTION_BY_P53_CLASS_MEDIATOR",2,546.333517127887,4.21240878713677,0.0152945330454647,0.191195529698378
"GOBP_NEGATIVE_REGULATION_OF_TUMOR_NECROSIS_FACTOR_MEDIATED_SIGNALING_PATHWAY",2,539.756821932922,4.21076781106153,0.015325205716063,0.191195529698378
"GOBP_PROXIMAL_DISTAL_PATTERN_FORMATION",2,571.459500566699,4.21412125431432,0.0152473857156216,0.191195529698378
"GOBP_REGULATION_OF_RECEPTOR_CLUSTERING",2,560.330836452131,4.20841721375467,0.0153425923853555,0.191195529698378
"GOBP_CYCLIC_NUCLEOTIDE_METABOLIC_PROCESS",2,530.839024402114,4.20170791158511,0.0154708551390451,0.191746114916262
"GOBP_MEGAKARYOCYTE_DIFFERENTIATION",2,552.638239863932,4.20141173810528,0.0154554932655105,0.191746114916262
"GOBP_GLUTAMINE_FAMILY_AMINO_ACID_METABOLIC_PROCESS",2,560.210155058743,4.18717684963855,0.0156671505220162,0.193129387921394
"GOBP_RENAL_SYSTEM_PROCESS",2,557.791519495683,4.18941048524505,0.0156347913545847,0.193129387921394
"GOBP_POSITIVE_REGULATION_OF_NUCLEOTIDE_BIOSYNTHETIC_PROCESS",2,548.948484845033,4.1797356792425,0.0157923395383396,0.19414787232983
"GOBP_REGULATION_OF_RESPONSE_TO_CYTOKINE_STIMULUS",2,529.940152005258,4.16728833027402,0.0160049435485513,0.196232654636942
"GOBP_ASTROCYTE_DEVELOPMENT",2,521.964049613091,4.16400151779417,0.0160646818118322,0.196325189318144
"GOBP_ATP_TRANSPORT",2,532.815847581102,4.1437816228719,0.01637687185017,0.196325189318144
"GOBP_DOPAMINE_TRANSPORT",2,570.423490153821,4.14962756874978,0.0162488986294815,0.196325189318144
"GOBP_MIDDLE_EAR_MORPHOGENESIS",2,553.962455390372,4.15482401656657,0.0161801482037117,0.196325189318144
"GOBP_NEGATIVE_REGULATION_OF_COLD_INDUCED_THERMOGENESIS",2,530.755618040059,4.14916310546853,0.0162923216852393,0.196325189318144
"GOBP_ODONTOGENESIS",2,539.530828718474,4.15012457954687,0.0162684913709608,0.196325189318144
"GOBP_POSITIVE_REGULATION_OF_DENDRITE_EXTENSION",2,560.450202572083,4.1427859234177,0.0163674378221888,0.196325189318144
"GOBP_POSITIVE_REGULATION_OF_MESENCHYMAL_CELL_PROLIFERATION",2,536.079413385901,4.14216021286725,0.0163998897457165,0.196325189318144
"GOBP_POSITIVE_REGULATION_OF_RESPONSE_TO_CYTOKINE_STIMULUS",2,535.457777690698,4.15576489759282,0.0161822335128878,0.196325189318144
"GOBP_PURINE_NUCLEOSIDE_METABOLIC_PROCESS",2,568.197966536342,4.13578922320633,0.0164739535654636,0.196695555529004
"GOBP_DOPAMINE_METABOLIC_PROCESS",2,558.21475194765,4.12773201736939,0.0166140419390132,0.197024822717859
"GOBP_NEGATIVE_REGULATION_OF_RECEPTOR_SIGNALING_PATHWAY_VIA_STAT",2,554.847072953141,4.13125572621955,0.0165594653945185,0.197024822717859
"GOBP_PLASMA_LIPOPROTEIN_PARTICLE_CLEARANCE",2,536.525356318451,4.12003533023745,0.0167607172143234,0.197024822717859
"GOBP_POSITIVE_REGULATION_OF_CALCIUM_ION_IMPORT",2,542.688991498637,4.12177508690203,0.0167261274791925,0.197024822717859
"GOBP_RESPONSE_TO_CAFFEINE",2,547.137248636704,4.12090114772625,0.0167363586803602,0.197024822717859
"GOBP_TELOMERE_MAINTENANCE_VIA_RECOMBINATION",2,543.093498163704,4.1248428100985,0.0166752790432007,0.197024822717859
"GOBP_GOLGI_RIBBON_FORMATION",2,559.665197808833,4.11487672930036,0.0168245541046523,0.197266815607504
"GOBP_PURINERGIC_NUCLEOTIDE_RECEPTOR_SIGNALING_PATHWAY",2,545.86740054372,4.10946367927078,0.0169272013407926,0.197961449526552
"GOBP_GROWTH_HORMONE_RECEPTOR_SIGNALING_PATHWAY_VIA_JAK_STAT",2,546.425725434067,4.10125829216346,0.0170640652281878,0.198038680676246
"GOBP_PROTEIN_LOCALIZATION_TO_CELL_JUNCTION",2,529.590493425297,4.1072808407974,0.016979439404496,0.198038680676246
"GOBP_REGULATION_OF_CELLULAR_RESPONSE_TO_HEAT",2,557.138538894459,4.10070773395687,0.0170634205091257,0.198038680676246
"GOBP_G1_TO_G0_TRANSITION",2,576.403839980069,4.09572465450137,0.0171305016278664,0.198305121636291
"GOBP_COCHLEA_DEVELOPMENT",2,548.488000329422,4.09228528683389,0.0172136431107849,0.198763104375417
"GOBP_NEUROTROPHIN_TRK_RECEPTOR_SIGNALING_PATHWAY",2,565.650404095296,4.08454106672002,0.0173298007462254,0.199480016299584
"GOBP_POSITIVE_REGULATION_OF_DNA_DAMAGE_RESPONSE_SIGNAL_TRANSDUCTION_BY_P53_CLASS_MEDIATOR",2,545.162440097126,4.08113658770187,0.01740693849753,0.199480016299584
"GOBP_POSITIVE_REGULATION_OF_PROTEIN_LOCALIZATION_TO_CELL_SURFACE",2,555.683928621305,4.08092657074533,0.0174006687988205,0.199480016299584
"GOBP_PHOSPHATE_ION_TRANSMEMBRANE_TRANSPORT",2,539.914447403159,4.06956069857255,0.0176117049127631,0.201320767185745
"GOBP_CILIUM_ORGANIZATION",2,529.691387474142,4.05502045885227,0.0178760980452396,0.202389545528863
"GOBP_INTRACILIARY_RETROGRADE_TRANSPORT",2,538.118157755599,4.05023937421465,0.0179519404529165,0.202389545528863
"GOBP_MITOCHONDRIAL_FISSION",2,575.168980037471,4.05344304263725,0.017860879772627,0.202389545528863
"GOBP_NEGATIVE_REGULATION_OF_AUTOPHAGOSOME_ASSEMBLY",2,551.670343648779,4.0409040869136,0.0181045679841649,0.202389545528863
"GOBP_POSITIVE_REGULATION_OF_ISOTYPE_SWITCHING",2,552.853194207405,4.04169457154013,0.0180893446978592,0.202389545528863
"GOBP_POSITIVE_REGULATION_OF_SIGNAL_TRANSDUCTION_BY_P53_CLASS_MEDIATOR",2,552.01737849911,4.04885753092227,0.0179628809683663,0.202389545528863
"GOBP_POSITIVE_REGULATION_OF_TRANSCRIPTION_BY_RNA_POLYMERASE_I",2,553.98563485197,4.04127827584709,0.0180956963791273,0.202389545528863
"GOBP_POSITIVE_REGULATION_OF_VASCULAR_PERMEABILITY",2,550.665943712006,4.0429819957887,0.0180684872434921,0.202389545528863
"GOBP_RIBOSOMAL_SMALL_SUBUNIT_ASSEMBLY",2,550.879717195062,4.06082241339409,0.0177533869084985,0.202389545528863
"GOBP_LONG_CHAIN_FATTY_ACID_METABOLIC_PROCESS",2,542.677612533528,4.0317517796698,0.0182773652480568,0.20316871134961
"GOBP_RESPONSE_TO_MUSCLE_STRETCH",2,515.00454910158,4.03165831209726,0.0183079018558846,0.20316871134961
"GOBP_REVERSE_CHOLESTEROL_TRANSPORT",2,527.971602821681,4.03551756128848,0.0182245967274322,0.20316871134961
"GOBP_NUCLEOSIDE_MONOPHOSPHATE_METABOLIC_PROCESS",2,559.861802697562,4.02031961690484,0.0184678570274287,0.204446349276947
"GOBP_CALCIUM_ION_TRANSMEMBRANE_IMPORT_INTO_CYTOSOL",2,535.067439596793,4.01496935968606,0.0185898337431448,0.204750538633962
"GOBP_ESTABLISHMENT_OR_MAINTENANCE_OF_BIPOLAR_CELL_POLARITY",2,549.589715609539,4.0115963296015,0.0186371840043732,0.204750538633962
"GOBP_PATTERN_SPECIFICATION_PROCESS",2,525.657204942726,4.01475290237194,0.01860362923748,0.204750538633962
"GOBP_RENAL_TUBULE_DEVELOPMENT",2,545.908216123739,4.00974143323593,0.0186749011339022,0.204750538633962
"GOBP_REGULATION_OF_LYSOSOMAL_LUMEN_PH",2,540.869435479807,4.00721603550658,0.018726469684452,0.204823568898766
"GOBP_MITOCHONDRIAL_GENE_EXPRESSION",2,550.661231229829,3.98728076144614,0.0190881983284746,0.206306333118893
"GOBP_POSITIVE_REGULATION_OF_INFLAMMATORY_RESPONSE",2,539.100610334525,3.99091723667642,0.0190314724398456,0.206306333118893
"GOBP_REGULATION_OF_RECEPTOR_SIGNALING_PATHWAY_VIA_JAK_STAT",2,541.895906768364,3.9903035982922,0.0190401391087466,0.206306333118893
"GOBP_RNA_DECAPPING",2,543.317703149703,3.98893988789405,0.0190643080748171,0.206306333118893
"GOBP_SPHINGOMYELIN_BIOSYNTHETIC_PROCESS",2,556.709787699569,3.99547647711654,0.0189287634805439,0.206306333118893
"GOBP_POSITIVE_REGULATION_OF_T_HELPER_17_TYPE_IMMUNE_RESPONSE",2,527.810897045232,3.98391391453836,0.0191751022863864,0.206755653730989
"GOBP_EPITHELIAL_STRUCTURE_MAINTENANCE",2,577.155977827621,3.97051291616221,0.0193813118949704,0.208153350779406
"GOBP_ESTABLISHMENT_OR_MAINTENANCE_OF_MONOPOLAR_CELL_POLARITY",2,549.100004355917,3.97113379669667,0.0193960039643165,0.208153350779406
"GOBP_REGULATION_OF_MODIFICATION_OF_POSTSYNAPTIC_STRUCTURE",2,539.891250191705,3.95598008026155,0.0196973082068981,0.210890663689348
"GOBP_REGULATION_OF_SMOOTHENED_SIGNALING_PATHWAY",2,512.8350793556,3.95312358506819,0.0197824312032133,0.211306015732684
"GOBP_CATECHOLAMINE_SECRETION",2,546.995271692246,3.94568747834847,0.019890828591278,0.211967451413128
"GOBP_FORELIMB_MORPHOGENESIS",2,560.426325586932,3.94198646241071,0.019950197647381,0.212104548880431
"GOBP_PYRIMIDINE_NUCLEOSIDE_CATABOLIC_PROCESS",2,543.461490175741,3.93704517153878,0.0200646397663216,0.212825167381844
"GOBP_NEGATIVE_REGULATION_OF_NERVOUS_SYSTEM_PROCESS",2,539.849745262111,3.93339605660251,0.0201407053082043,0.213136326939025
"GOBP_ACROSOME_ASSEMBLY",2,546.436138034413,3.92777641781584,0.020245731323571,0.213258153733966
"GOBP_SPINAL_CORD_DEVELOPMENT",2,532.115123978703,3.92929182252495,0.0202305924430465,0.213258153733966
"GOBP_ARACHIDONATE_METABOLIC_PROCESS",2,552.75592673382,3.92297853977991,0.0203352924930916,0.213707993228089
"GOBP_ALPHA_AMINO_ACID_METABOLIC_PROCESS",2,556.051970234625,3.91510572392771,0.0204904584603906,0.214843634569751
"GOBP_REGULATION_OF_T_HELPER_1_CELL_DIFFERENTIATION",2,545.204536388476,3.9094369988383,0.0206163834828412,0.215668176755135
"GOBP_PLASMA_MEMBRANE_FUSION",2,566.121175998376,3.90548833781698,0.0206758088661545,0.215794883841031
"GOBP_PROSTATE_GLAND_DEVELOPMENT",2,541.829023613043,3.90436108452075,0.0207233518577885,0.215797278135556
"GOBP_MITOCHONDRIAL_DNA_REPLICATION",2,545.600165538526,3.89653665235935,0.020879848604256,0.216931638915744
"GOBP_HIGH_DENSITY_LIPOPROTEIN_PARTICLE_REMODELING",2,543.779498839403,3.8827199957344,0.0211681505779244,0.218929557337671
"GOBP_REGULATION_OF_NEURONAL_SYNAPTIC_PLASTICITY",2,558.800462397441,3.88313676129141,0.0211439797193073,0.218929557337671
"GOBP_CELLULAR_RESPONSE_TO_TYPE_II_INTERFERON",2,535.953516382639,3.8785270113778,0.021264266421125,0.219426061417989
"GOBP_EAR_DEVELOPMENT",2,550.927582689358,3.87137508877325,0.0213987425933349,0.220315270808579
"GOBP_GMP_METABOLIC_PROCESS",2,544.905024592375,3.85613272754043,0.0217291893181385,0.221513095566002
"GOBP_INTERLEUKIN_6_MEDIATED_SIGNALING_PATHWAY",2,543.496572086577,3.84616823862613,0.0219452592551039,0.221513095566002
"GOBP_PROTEIN_CONTAINING_COMPLEX_REMODELING",2,545.21404305513,3.85325634846514,0.0217905759573221,0.221513095566002
"GOBP_PURINE_NUCLEOTIDE_SALVAGE",2,559.069639124109,3.84768030803127,0.021896248299439,0.221513095566002
"GOBP_RENAL_SODIUM_ION_ABSORPTION",2,561.871063892933,3.8461209194409,0.0219271147061524,0.221513095566002
"GOBP_RENAL_SODIUM_ION_TRANSPORT",2,561.871063892933,3.8461209194409,0.0219271147061524,0.221513095566002
"GOBP_SECRETION_BY_TISSUE",2,538.447099789826,3.85947889725395,0.0216645820360421,0.221513095566002
"GOBP_TYPE_II_INTERFERON_MEDIATED_SIGNALING_PATHWAY",2,538.564564687897,3.85630271666705,0.0217323984269866,0.221513095566002
"GOBP_UV_PROTECTION",2,558.813820004361,3.84510585068637,0.0219521857478257,0.221513095566002
"GOBP_NEUTRAL_LIPID_BIOSYNTHETIC_PROCESS",2,543.681687508533,3.83369648279096,0.0222166071612047,0.222839403201863
"GOBP_PYRIMIDINE_RIBONUCLEOSIDE_TRIPHOSPHATE_BIOSYNTHETIC_PROCESS",2,570.999231490918,3.83178979720088,0.0222301969868115,0.222839403201863
"GOBP_RESPONSE_TO_ATP",2,526.380112123812,3.8378974860695,0.0221441034360152,0.222839403201863
"GOBP_ESTABLISHMENT_OF_BLOOD_BRAIN_BARRIER",2,532.868938283921,3.83005785563745,0.022308447105546,0.223133393088587
"GOBP_NEGATIVE_REGULATION_OF_LYMPHOCYTE_APOPTOTIC_PROCESS",2,532.947840562117,3.8211102369287,0.0225060099817982,0.224149786915781
"GOBP_TRNA_THREONYLCARBAMOYLADENOSINE_METABOLIC_PROCESS",2,549.274379092359,3.82019429619973,0.022508353959094,0.224149786915781
"GOBP_AXONEME_ASSEMBLY",2,526.427054001175,3.80773122720734,0.0228123763379262,0.226682458556169
"GOBP_RELAXATION_OF_CARDIAC_MUSCLE",2,527.040851054939,3.80474260357159,0.0228789623696645,0.226849885582695
"GOBP_MECHANORECEPTOR_DIFFERENTIATION",2,543.297656283897,3.78875440547788,0.0232238344720691,0.227304525809243
"GOBP_NUCLEOBASE_METABOLIC_PROCESS",2,565.469193354036,3.79573438618557,0.0230409747901407,0.227304525809243
"GOBP_REGULATION_OF_PH",2,529.595107911941,3.7976917307104,0.023035555966735,0.227304525809243
"GOBP_RNA_5_END_PROCESSING",2,552.780745683677,3.7890791414998,0.0232060661973869,0.227304525809243
"GOBP_SIGNAL_TRANSDUCTION_INVOLVED_IN_REGULATION_OF_GENE_EXPRESSION",2,557.052667089734,3.790084490452,0.0231785262737395,0.227304525809243
"GOBP_XENOPHAGY",2,540.941360265578,3.79057267526259,0.0231848472950442,0.227304525809243
"GOBP_PURINE_CONTAINING_COMPOUND_SALVAGE",2,560.52242373342,3.78523732542623,0.0232859926290524,0.227424865912436
"GOBP_CELLULAR_RESPONSE_TO_LAMINAR_FLUID_SHEAR_STRESS",2,539.488469965438,3.78316788864062,0.0233564089404308,0.22762517345578
"GOBP_CYTOKINE_PRODUCTION_INVOLVED_IN_INFLAMMATORY_RESPONSE",2,544.796072904319,3.77094202055446,0.0236337637696647,0.22886113917928
"GOBP_L_SERINE_METABOLIC_PROCESS",2,526.301358538631,3.77429602074395,0.0235769616676807,0.22886113917928
"GOBP_REGULATION_OF_SMAD_PROTEIN_SIGNAL_TRANSDUCTION",2,549.3590189409,3.77258287814294,0.0235905180277541,0.22886113917928
"GOBP_RIBONUCLEOSIDE_MONOPHOSPHATE_METABOLIC_PROCESS",2,556.188982042653,3.7646457305943,0.0237685538691366,0.229678758892229
"GOBP_CELL_JUNCTION_MAINTENANCE",2,537.368721406983,3.75984771029062,0.0239022239047517,0.229991738735296
"GOBP_NEGATIVE_REGULATION_OF_MAP_KINASE_ACTIVITY",2,569.81610160158,3.75623997068053,0.0239522201050791,0.229991738735296
"GOBP_REGULATION_OF_HEART_GROWTH",2,567.198454917328,3.75901289035489,0.0238894430444395,0.229991738735296
"GOBP_ATRIAL_CARDIAC_MUSCLE_CELL_TO_AV_NODE_CELL_COMMUNICATION",2,544.986036211267,3.75244431300734,0.0240687243725235,0.230624898872016
"GOBP_NEGATIVE_REGULATION_OF_STEROID_BIOSYNTHETIC_PROCESS",2,555.557075156705,3.74891500735885,0.0241410261460857,0.230832746860161
"GOBP_CYTOPLASMIC_PATTERN_RECOGNITION_RECEPTOR_SIGNALING_PATHWAY",2,543.866464674168,3.74290972387528,0.0242974267901891,0.231358170334139
"GOBP_RESPONSE_TO_L_GLUTAMATE",2,551.542116450149,3.74425392425822,0.0242566840335772,0.231358170334139
"GOBP_G_PROTEIN_COUPLED_PURINERGIC_NUCLEOTIDE_RECEPTOR_SIGNALING_PATHWAY",2,542.172208341538,3.73942286334021,0.0243830662179334,0.231689927124988
"GOBP_NUCLEOTIDE_SUGAR_BIOSYNTHETIC_PROCESS",2,566.663784389463,3.72908443162994,0.0246061860136665,0.233323938478863
"GOBP_REGULATION_OF_MEIOTIC_NUCLEAR_DIVISION",2,563.738182165333,3.72450844599948,0.024720659111354,0.233923083416775
"GOBP_POSITIVE_REGULATION_OF_T_HELPER_CELL_DIFFERENTIATION",2,525.452018801424,3.7129743583655,0.0250474772868908,0.236524935622172
"GOBP_CELL_CELL_JUNCTION_ORGANIZATION",2,525.903818060234,3.70994324584768,0.0251218985636747,0.236737560638265
"GOBP_SPECIFICATION_OF_SYMMETRY",2,524.523401191858,3.69367041067418,0.0255299905327724,0.240087189319536
"GOBP_CELL_JUNCTION_DISASSEMBLY",2,543.301333854305,3.6833702696204,0.0257679985588854,0.241826834212091
"GOBP_REGULATION_OF_NATURAL_KILLER_CELL_PROLIFERATION",2,527.311923891003,3.67336216673947,0.0260429546222706,0.243905371729314
"GOBP_PROTEIN_INSERTION_INTO_MITOCHONDRIAL_INNER_MEMBRANE",2,576.216873296237,3.66664733989348,0.0261603228918932,0.244502526044928
"GOBP_SARCOMERE_ORGANIZATION",2,546.584394365168,3.66046081918082,0.0263532537425708,0.245802025193998
"GOBP_MITOCHONDRIAL_TRANSLATION",2,551.993614910534,3.64807403474805,0.0266711019457409,0.24825897137658
"GOBP_POSITIVE_REGULATION_OF_TUMOR_NECROSIS_FACTOR_MEDIATED_SIGNALING_PATHWAY",2,538.668442682971,3.64493254895021,0.0267695782570752,0.248668119003095
"GOBP_MESODERMAL_CELL_DIFFERENTIATION",2,547.823413417211,3.63552985864863,0.0270082012578964,0.25037480881558
"GOBP_LYTIC_VACUOLE_ORGANIZATION",2,535.372792037501,3.62842738677681,0.0272131185405078,0.251762745767254
"GOBP_PARASYMPATHETIC_NERVOUS_SYSTEM_DEVELOPMENT",2,529.046995460253,3.62262375112027,0.0273772696746395,0.252768678109374
"GOBP_AMINO_ACID_BETAINE_METABOLIC_PROCESS",2,557.068265366732,3.6125652009585,0.0276165933537843,0.253950165900424
"GOBP_WNT_SIGNALING_PATHWAY_PLANAR_CELL_POLARITY_PATHWAY",2,542.864138249165,3.61452376358897,0.0275798757432695,0.253950165900424
"GOBP_ACID_SECRETION",2,567.2594923144,3.60742178941275,0.0277457254776951,0.254112959646119
"GOBP_POSITIVE_REGULATION_OF_CALCIUM_ION_TRANSPORT",2,531.224792755997,3.61039049501211,0.0277069187383841,0.254112959646119
"GOBP_BEHAVIORAL_RESPONSE_TO_PAIN",2,551.104864062433,3.59673088318321,0.0280586178029909,0.25493098764829
"GOBP_CHONDROCYTE_PROLIFERATION",2,559.227080746118,3.5970869562646,0.0280393572013807,0.25493098764829
"GOBP_LIPOPROTEIN_LOCALIZATION",2,526.682370925976,3.59967205867828,0.0280072575583407,0.25493098764829
"GOBP_PHENOL_CONTAINING_COMPOUND_METABOLIC_PROCESS",2,553.330389978427,3.59999568999519,0.0279657383098564,0.25493098764829
"GOBP_PHYSIOLOGICAL_CARDIAC_MUSCLE_HYPERTROPHY",2,545.165578893801,3.59138291083662,0.0282142033019535,0.255419361148377
"GOBP_POLYSACCHARIDE_CATABOLIC_PROCESS",2,530.566542800522,3.59166594229254,0.0282243714138965,0.255419361148377
"GOBP_RRNA_METHYLATION",2,550.637159849378,3.58165912298084,0.0284797473807467,0.257220055056605
"GOBP_CELL_SURFACE_RECEPTOR_SIGNALING_PATHWAY_VIA_JAK_STAT",2,539.952254699121,3.57963097526513,0.028549741384185,0.257342629354284
"GOBP_ACTIVATION_OF_INNATE_IMMUNE_RESPONSE",2,540.677655532544,3.57377425557464,0.028714345392162,0.2578576936958
"GOBP_REGULATION_OF_STORE_OPERATED_CALCIUM_ENTRY",2,542.201278728004,3.57351030188522,0.0287199536061097,0.2578576936958
"GOBP_RESPONSE_TO_LIPOPROTEIN_PARTICLE",2,529.225797430026,3.56887064092997,0.0288681044329386,0.258678633238965
"GOBP_2_OXOGLUTARATE_METABOLIC_PROCESS",2,540.31004396193,3.55899506867325,0.029136720600935,0.258986777078954
"GOBP_ISOTYPE_SWITCHING_TO_IGG_ISOTYPES",2,548.886607460209,3.56057852666238,0.0290807388453946,0.258986777078954
"GOBP_POSITIVE_REGULATION_OF_TYPE_I_INTERFERON_MEDIATED_SIGNALING_PATHWAY",2,557.736493222724,3.55654031518847,0.0291864072393296,0.258986777078954
"GOBP_REGULATION_OF_MAMMARY_GLAND_EPITHELIAL_CELL_PROLIFERATION",2,545.252161399229,3.56376876885661,0.028993691954472,0.258986777078954
"GOBP_TRANSEPITHELIAL_TRANSPORT",2,522.164154212331,3.56002823135448,0.0291303422187698,0.258986777078954
"GOBP_PYRIMIDINE_NUCLEOBASE_METABOLIC_PROCESS",2,578.280033018577,3.55189683229658,0.0292973708547587,0.259466618385542
"GOBP_LEUKOTRIENE_BIOSYNTHETIC_PROCESS",2,522.637069372222,3.5520702379772,0.029359315912481,0.259511317590747
"GOBP_NUCLEOTIDE_SUGAR_METABOLIC_PROCESS",2,563.266961963764,3.54755337054513,0.0294401427954661,0.259722420290369
"GOBP_ANTIMICROBIAL_HUMORAL_IMMUNE_RESPONSE_MEDIATED_BY_ANTIMICROBIAL_PEPTIDE",2,553.099498460858,3.53503278319121,0.0298183892638711,0.261072916116723
"GOBP_CHOLESTEROL_EFFLUX",2,541.587214937708,3.53343950417048,0.0298794260497543,0.261072916116723
"GOBP_DICARBOXYLIC_ACID_BIOSYNTHETIC_PROCESS",2,566.093257423429,3.53423375437723,0.0298267154503931,0.261072916116723
"GOBP_MATURATION_OF_LSU_RRNA",2,548.238393649645,3.53490764904029,0.029827947345938,0.261072916116723
"GOBP_REGULATION_OF_FIBROBLAST_PROLIFERATION",2,536.226365579399,3.53408490090354,0.0298671629677785,0.261072916116723
"GOBP_FOAM_CELL_DIFFERENTIATION",2,535.039956805063,3.52816516803476,0.0300437007813938,0.261492360863196
"GOBP_NUCLEOSOME_ORGANIZATION",2,547.770616443208,3.52800065902995,0.0300326157792725,0.261492360863196
"GOBP_REGULATION_OF_CHOLESTEROL_STORAGE",2,528.102401427271,3.52659158508514,0.0300994276371799,0.261492360863196
"GOBP_NEGATIVE_REGULATION_OF_PROGRAMMED_NECROTIC_CELL_DEATH",2,540.460936837411,3.52285703451274,0.0301946106280173,0.261820568582484
"GOBP_POSITIVE_REGULATION_OF_DENDRITE_DEVELOPMENT",2,539.658630042917,3.51039117138374,0.0305694912732271,0.264568215744191
"GOBP_GLYCEROL_ETHER_METABOLIC_PROCESS",2,558.99190426483,3.4989933634952,0.0308915495365671,0.26645934499435
"GOBP_INTRACILIARY_ANTEROGRADE_TRANSPORT",2,537.580588704462,3.49574374765333,0.0310173968024748,0.26645934499435
"GOBP_POSITIVE_REGULATION_OF_FATTY_ACID_TRANSPORT",2,524.406760941668,3.49617227178445,0.0310216865143608,0.26645934499435
"GOBP_REGULATION_OF_LIPID_STORAGE",2,537.126836054106,3.49875534379493,0.03092590636208,0.26645934499435
"GOBP_TRNA_5_END_PROCESSING",2,546.015833607043,3.49059815410176,0.0311646237864836,0.267183926861188
"GOBP_LIVER_MORPHOGENESIS",2,541.464309156372,3.48381700676678,0.0313797544866432,0.268523565128667
"GOBP_ANTIGEN_RECEPTOR_MEDIATED_SIGNALING_PATHWAY",2,516.639234773992,3.47906136965187,0.0315607336829694,0.268658005800481
"GOBP_DNA_STRAND_ELONGATION",2,550.592512263863,3.47831008386708,0.0315393413499348,0.268658005800481
"GOBP_PROTEIN_K63_LINKED_UBIQUITINATION",2,544.028309567172,3.47752031535084,0.0315721752047923,0.268658005800481
"GOBP_REGULATION_OF_NITRIC_OXIDE_METABOLIC_PROCESS",2,523.897048982323,3.47465529922958,0.0316881640764506,0.269142860991976
"GOBP_DETECTION_OF_STIMULUS",2,550.079951476386,3.4680958502097,0.0318597255453224,0.270097041286646
"GOBP_KIDNEY_EPITHELIUM_DEVELOPMENT",2,545.679293350347,3.46255188541477,0.0320401730657559,0.2711228744952
"GOBP_PHOSPHATIDYLCHOLINE_METABOLIC_PROCESS",2,545.445438158658,3.45816793745724,0.0321794743592998,0.271797375097716
"GOBP_POSITIVE_REGULATION_OF_CELL_DIVISION",2,546.798041024247,3.45479289762478,0.0322851824603718,0.272186168579956
"GOBP_REGULATION_OF_AMYLOID_FIBRIL_FORMATION",2,555.989607588442,3.45058578866114,0.0324081184301235,0.27271850213984
"GOBP_COMPLEMENT_DEPENDENT_CYTOTOXICITY",2,537.625519607676,3.4454864620152,0.0325951354050292,0.27283403406592
"GOBP_CYTOKINE_MEDIATED_SIGNALING_PATHWAY",2,538.144709587794,3.44579191761858,0.0325846239251554,0.27283403406592
"GOBP_HEMATOPOIETIC_STEM_CELL_MIGRATION",2,542.747952181455,3.44422705858721,0.0326290099073508,0.27283403406592
"GOBP_IMMUNOLOGICAL_SYNAPSE_FORMATION",2,543.066984141979,3.44321808831011,0.0326611231308907,0.27283403406592
"GOBP_REGULATION_OF_CELL_DIVISION",2,547.590815355063,3.43750309016652,0.0328401612077882,0.273828108352325
"GOBP_NUCLEOLAR_LARGE_RRNA_TRANSCRIPTION_BY_RNA_POLYMERASE_I",2,556.790263425908,3.42008506290253,0.0333983871269354,0.27746820343525
"GOBP_QUATERNARY_AMMONIUM_GROUP_TRANSPORT",2,551.463640845062,3.42209193665588,0.0333389023071207,0.27746820343525
"GOBP_MRNA_SPLICE_SITE_RECOGNITION",2,551.879821944381,3.40839330584796,0.0337925498158381,0.279426783696276
"GOBP_POSITIVE_REGULATION_OF_CELL_CYCLE_G2_M_PHASE_TRANSITION",2,541.199048219724,3.40804680006029,0.033817931287074,0.279426783696276
"GOBP_STRIATED_MUSCLE_ADAPTATION",2,596.281536695234,3.40703042314539,0.0337859447692733,0.279426783696276
"GOBP_TUMOR_NECROSIS_FACTOR_SUPERFAMILY_CYTOKINE_PRODUCTION",2,544.554555455957,3.4045977700791,0.0339289125301679,0.279836835533627
"GOBP_LONG_CHAIN_FATTY_ACID_IMPORT_INTO_CELL",2,541.661765099705,3.39796579274703,0.0341556853573858,0.280692037684751
"GOBP_SODIUM_ION_HOMEOSTASIS",2,534.946935167325,3.39868970378034,0.0341402606516016,0.280692037684751
"GOBP_RESPONSE_TO_POTASSIUM_ION",2,536.349593176723,3.39516475673045,0.0342574027471125,0.281021607787015
"GOBP_RETINAL_METABOLIC_PROCESS",2,543.366906956107,3.39301437446669,0.0343208679024521,0.281036765714693
"GOBP_NEGATIVE_REGULATION_OF_RECEPTOR_MEDIATED_ENDOCYTOSIS",2,554.705279829885,3.3907371216134,0.0343835160141664,0.281045190932998
"GOBP_REGULATION_OF_CATECHOLAMINE_METABOLIC_PROCESS",2,552.084760013122,3.38654519216333,0.0345295387274829,0.281230760957231
"GOBP_REGULATION_OF_MACROPHAGE_ACTIVATION",2,531.969768808416,3.38836008325245,0.0344943542239945,0.281230760957231
"GOBP_ANDROGEN_METABOLIC_PROCESS",2,566.536439778652,3.38075007568864,0.0347097421172452,0.281914073860309
"GOBP_CELLULAR_RESPONSE_TO_ALKALOID",2,552.433884239502,3.3804668782866,0.034737055362748,0.281914073860309
"GOBP_NEGATIVE_REGULATION_OF_SYSTEMIC_ARTERIAL_BLOOD_PRESSURE",2,548.779554800491,3.37525032525125,0.0349212537464054,0.282403968683254
"GOBP_RESPONSE_TO_TYPE_II_INTERFERON",2,538.427583449351,3.37660330307732,0.034888317110915,0.282403968683254
"GOBP_CELLULAR_RESPONSE_TO_GROWTH_HORMONE_STIMULUS",2,549.738629118638,3.34719133385813,0.0359015338906315,0.287835710130342
"GOBP_CELL_SURFACE_RECEPTOR_SIGNALING_PATHWAY_VIA_STAT",2,542.124801559254,3.35060018160435,0.0357909255272854,0.287835710130342
"GOBP_LABYRINTHINE_LAYER_DEVELOPMENT",2,548.951910658532,3.3470249660713,0.0359084672361685,0.287835710130342
"GOBP_LOW_DENSITY_LIPOPROTEIN_PARTICLE_CLEARANCE",2,536.153852469162,3.35326068618886,0.0357051018341309,0.287835710130342
"GOBP_NEGATIVE_REGULATION_OF_GLIOGENESIS",2,566.440621296216,3.34729553269172,0.0358766118143109,0.287835710130342
"GOBP_RIBONUCLEOPROTEIN_COMPLEX_BIOGENESIS",2,550.115992751822,3.34322742103342,0.0360419143504094,0.28839854623196
"GOBP_REGULATION_OF_POSTSYNAPTIC_SPECIALIZATION_ASSEMBLY",2,534.058214477914,3.33909962399519,0.0362109054858028,0.2885818791978
"GOBP_REGULATION_OF_VASOCONSTRICTION",2,533.908620702767,3.33889762559476,0.0362183387669919,0.2885818791978
"GOBP_RESPONSE_TO_TYPE_III_INTERFERON",2,541.069524079106,3.3376082684649,0.03625464082007,0.2885818791978
"GOBP_ISOPRENOID_BIOSYNTHETIC_PROCESS",2,522.037928915634,3.33138616400516,0.0365049982303141,0.289061279389692
"GOBP_POSITIVE_REGULATION_OF_RUFFLE_ASSEMBLY",2,593.727046666213,3.33000603872092,0.0364626178641706,0.289061279389692
"GOBP_REGULATION_OF_OSTEOCLAST_DEVELOPMENT",2,570.416339013702,3.33054251811007,0.0364706938390941,0.289061279389692
"GOBP_ESTROGEN_METABOLIC_PROCESS",2,536.31790028055,3.325788953366,0.0366869497321994,0.289371156505758
"GOBP_FOREBRAIN_CELL_MIGRATION",2,558.108805237241,3.32651710288383,0.0366315235513657,0.289371156505758
"GOBP_MONOAMINE_TRANSPORT",2,545.573709090431,3.32238375884455,0.0367979107154877,0.289371156505758
"GOBP_POSITIVE_REGULATION_OF_BLOOD_PRESSURE",2,553.071830623233,3.323276752287,0.0367555321494202,0.289371156505758
"GOBP_EMBRYONIC_ORGAN_DEVELOPMENT",2,528.34212516655,3.30577893904228,0.0374306274512435,0.290434210431645
"GOBP_ENDOLYSOSOMAL_TOLL_LIKE_RECEPTOR_SIGNALING_PATHWAY",2,543.787335079009,3.29888193793346,0.037664784807835,0.290434210431645
"GOBP_FIBROBLAST_PROLIFERATION",2,534.562968586711,3.29494002979903,0.037824582546897,0.290434210431645
"GOBP_NEGATIVE_REGULATION_OF_KERATINOCYTE_PROLIFERATION",2,558.308434355456,3.30231681213532,0.0375179138366215,0.290434210431645
"GOBP_NEUROPEPTIDE_SIGNALING_PATHWAY",2,562.009384100112,3.31413781683034,0.0370774301448376,0.290434210431645
"GOBP_POSITIVE_REGULATION_OF_D_GLUCOSE_IMPORT",2,535.214617537134,3.31454682196076,0.0370981565297374,0.290434210431645
"GOBP_REACTIVE_NITROGEN_SPECIES_METABOLIC_PROCESS",2,528.043569538642,3.29852599688804,0.0377001523883151,0.290434210431645
"GOBP_REGULATION_OF_ACUTE_INFLAMMATORY_RESPONSE",2,543.393641929377,3.3038793717337,0.0374798103255072,0.290434210431645
"GOBP_REGULATION_OF_RECEPTOR_SIGNALING_PATHWAY_VIA_STAT",2,542.726157694315,3.30102961007232,0.0375863970447971,0.290434210431645
"GOBP_REGULATION_OF_UBIQUITIN_PROTEIN_LIGASE_ACTIVITY",2,543.148584372915,3.29606462630429,0.0377706460452214,0.290434210431645
"GOBP_RESPONSE_TO_MURAMYL_DIPEPTIDE",2,534.014410263934,3.30623659471816,0.0374056259227245,0.290434210431645
"GOBP_RRNA_3_END_PROCESSING",2,557.638060329566,3.30776607951089,0.0373172694372595,0.290434210431645
"GOBP_SMOOTH_MUSCLE_CELL_MIGRATION",2,544.310265100202,3.30941266671919,0.037274231220122,0.290434210431645
"GOBP_T_CELL_APOPTOTIC_PROCESS",2,532.620565086046,3.30845702616274,0.0373256448671195,0.290434210431645
"GOBP_VASCULAR_ASSOCIATED_SMOOTH_MUSCLE_CELL_APOPTOTIC_PROCESS",2,567.803963223499,3.28912578104015,0.0379981156725319,0.291276311903223
"GOBP_MITOCHONDRIAL_CALCIUM_ION_TRANSMEMBRANE_TRANSPORT",2,560.908803026816,3.28466404840861,0.0381748621539451,0.291650831296723
"GOBP_MITOCHONDRIAL_RNA_PROCESSING",2,551.674776044467,3.28653342489727,0.0381164833360746,0.291650831296723
"GOBP_T_CELL_TOLERANCE_INDUCTION",2,536.99483408961,3.28103867603574,0.0383441477681376,0.291966040017488
"GOBP_VESICLE_TARGETING_TO_FROM_OR_WITHIN_GOLGI",2,534.274631243493,3.28282311988474,0.038280458801704,0.291966040017488
"GOBP_NEURAL_TUBE_DEVELOPMENT",2,537.279970709755,3.26999544110312,0.0387643749958248,0.292851480000212
"GOBP_PROTEIN_N_LINKED_GLYCOSYLATION",2,541.389511612431,3.26772447155273,0.038845679763238,0.292851480000212
"GOBP_REGULATION_OF_ENDOSOME_SIZE",2,538.534507335567,3.27605498258243,0.0385312370188112,0.292851480000212
"GOBP_REGULATION_OF_SMOOTH_MUSCLE_CONTRACTION",2,533.942758462941,3.27260627341707,0.0386692541603273,0.292851480000212
"GOBP_RESPONSE_TO_TYPE_I_INTERFERON",2,529.813268636007,3.26981780518567,0.038781878220728,0.292851480000212
"GOBP_SPHINGOID_BIOSYNTHETIC_PROCESS",2,528.123541431404,3.27371071151185,0.0386354919633189,0.292851480000212
"GOBP_REGULATION_OF_LIPOPROTEIN_PARTICLE_CLEARANCE",2,554.958478500963,3.26539036944108,0.0389169205942981,0.292904413911871
"GOBP_SENSORY_PERCEPTION_OF_LIGHT_STIMULUS",2,556.876857032192,3.26352237281949,0.0389863005654237,0.292943190904279
"GOBP_REGULATION_OF_TRANSCRIPTION_BY_RNA_POLYMERASE_III",2,557.143947725961,3.26129777836241,0.0390717669383359,0.293102514812089
"GOBP_MATURATION_OF_LSU_RRNA_FROM_TRICISTRONIC_RRNA_TRANSCRIPT_SSU_RRNA_5_8S_RRNA_LSU_RRNA",2,550.05800686836,3.258523642489,0.0391885214694557,0.293495642729372
"GOBP_ACTIVATION_INDUCED_CELL_DEATH_OF_T_CELLS",2,542.332908656056,3.25588616248778,0.0393014220969491,0.293858665875713
"GOBP_POSITIVE_REGULATION_OF_DNA_TEMPLATED_DNA_REPLICATION",2,544.223125346416,3.25382943740636,0.0393787487368313,0.293954947608326
"GOBP_HYPEROSMOTIC_RESPONSE",2,532.325848446121,3.24870352410291,0.039595609084932,0.294725800434361
"GOBP_NEGATIVE_REGULATION_OF_EPITHELIAL_TO_MESENCHYMAL_TRANSITION",2,566.687050611704,3.24545834799081,0.0396758696484757,0.294725800434361
"GOBP_REGULATION_OF_SYNCYTIUM_FORMATION_BY_PLASMA_MEMBRANE_FUSION",2,554.278723332919,3.24639257066914,0.0396554951985436,0.294725800434361
"GOBP_REGULATION_OF_TELOMERE_CAPPING",2,558.072911172218,3.24109064283163,0.0398588015665205,0.295603242186829
"GOBP_ASTROCYTE_ACTIVATION",2,533.102848200219,3.23687298612036,0.0400599922982881,0.295607547634614
"GOBP_B_CELL_RECEPTOR_SIGNALING_PATHWAY",2,509.674857250428,3.23503566980232,0.0401684179438983,0.295607547634614
"GOBP_GENITALIA_DEVELOPMENT",2,510.38600188602,3.24106527809955,0.0399288400414362,0.295607547634614
"GOBP_NEGATIVE_REGULATION_OF_HYDROLASE_ACTIVITY",2,545.626064849898,3.23331038537647,0.0401834421252928,0.295607547634614
"GOBP_REGULATION_OF_VOLTAGE_GATED_CALCIUM_CHANNEL_ACTIVITY",2,527.32839820404,3.23696095469294,0.0400649943309951,0.295607547634614
"GOBP_POSITIVE_REGULATION_OF_ACTIN_FILAMENT_DEPOLYMERIZATION",2,538.298720889414,3.23190051695001,0.0402497935372523,0.295618853982943
"GOBP_WOUND_HEALING_SPREADING_OF_EPIDERMAL_CELLS",2,547.996411892463,3.22912252760496,0.0403468160249435,0.295855028761684
"GOBP_GAMMA_DELTA_T_CELL_ACTIVATION",2,514.229594554816,3.22470157925357,0.0405732140183064,0.295963749559061
"GOBP_NEGATIVE_REGULATION_OF_SINGLE_STRANDED_VIRAL_RNA_REPLICATION_VIA_DOUBLE_STRANDED_DNA_INTERMEDIATE",2,523.354599254174,3.22369054509673,0.0405996727825079,0.295963749559061
"GOBP_NEGATIVE_REGULATION_OF_TELOMERE_MAINTENANCE",2,551.126752025844,3.2270082541878,0.0404269188073834,0.295963749559061
"GOBP_PROTEIN_LOCALIZATION_TO_CENP_A_CONTAINING_CHROMATIN",2,543.001338526867,3.22243866749049,0.0406212030747582,0.295963749559061
"GOBP_CERAMIDE_CATABOLIC_PROCESS",2,525.154676948298,3.21809438603118,0.040822009732473,0.296479596162117
"GOBP_KERATINOCYTE_DIFFERENTIATION",2,542.988739341465,3.21782911037896,0.0408066939501489,0.296479596162117
"GOBP_3_UTR_MEDIATED_MRNA_DESTABILIZATION",2,549.877172466932,3.21115188840055,0.0410672517095325,0.296658251619037
"GOBP_PROTEIN_N_LINKED_GLYCOSYLATION_VIA_ASPARAGINE",2,540.680137763277,3.21386817025893,0.0409700233569368,0.296658251619037
"GOBP_RESPONSE_TO_INTERLEUKIN_18",2,526.508361885405,3.2114968930146,0.0410869027452829,0.296658251619037
"GOBP_RESPONSE_TO_SALT",2,571.21965637751,3.2094812272944,0.041106778123927,0.296658251619037
"GOBP_MEMBRANE_FUSION",2,546.520270024777,3.20190676715058,0.0414489400611916,0.29818393630772
"GOBP_MOTOR_NEURON_APOPTOTIC_PROCESS",2,544.911664574222,3.20257415235023,0.041423866484681,0.29818393630772
"GOBP_CYTOPLASMIC_MICROTUBULE_ORGANIZATION",2,551.401573954528,3.19874153418988,0.0415720350403718,0.298598506801789
"GOBP_BRANCHED_CHAIN_AMINO_ACID_METABOLIC_PROCESS",2,551.621122495652,3.19656014963857,0.0416614740494267,0.298770413741251
"GOBP_MEIOTIC_SPINDLE_ORGANIZATION",2,548.023699400829,3.19195351165527,0.0418566258478787,0.299698697789913
"GOBP_ADHERENS_JUNCTION_ORGANIZATION",2,544.200985718762,3.16978276055482,0.0427895221346467,0.301611035667771
"GOBP_CARDIAC_ATRIUM_MORPHOGENESIS",2,527.101907763031,3.18008013590653,0.0423813354442207,0.301611035667771
"GOBP_DECIDUALIZATION",2,541.980836696543,3.18341139705875,0.0422201249207168,0.301611035667771
"GOBP_HINDBRAIN_DEVELOPMENT",2,528.488140113428,3.18173748622033,0.0423098914711481,0.301611035667771
"GOBP_KIDNEY_MORPHOGENESIS",2,553.803996655126,3.1640534474157,0.0430190271183565,0.301611035667771
"GOBP_LOCOMOTOR_RHYTHM",2,545.068327758594,3.17692809169467,0.0424871316016156,0.301611035667771
"GOBP_METABOLIC_COMPOUND_SALVAGE",2,568.202140519421,3.16509081500535,0.0429555259323752,0.301611035667771
"GOBP_MITOTIC_DNA_REPLICATION",2,521.079095376904,3.16136319475858,0.0431817597656335,0.301611035667771
"GOBP_NEGATIVE_REGULATION_OF_EXTRINSIC_APOPTOTIC_SIGNALING_PATHWAY_VIA_DEATH_DOMAIN_RECEPTORS",2,548.709377257845,3.16484507488674,0.0429924798832003,0.301611035667771
"GOBP_NEGATIVE_REGULATION_OF_TUMOR_NECROSIS_FACTOR_SUPERFAMILY_CYTOKINE_PRODUCTION",2,555.860113450146,3.17393595098278,0.0425979254326322,0.301611035667771
"GOBP_NEGATIVE_REGULATION_OF_VIRAL_TRANSCRIPTION",2,540.438880026599,3.16204829858286,0.0431233538539928,0.301611035667771
"GOBP_PROTEIN_LOCALIZATION_TO_CHROMOSOME_CENTROMERIC_REGION",2,536.261425480086,3.17125059746503,0.0427389938424802,0.301611035667771
"GOBP_REGULATION_OF_PEPTIDYL_SERINE_PHOSPHORYLATION",2,548.84359979434,3.16168295150312,0.0431268988847297,0.301611035667771
"GOBP_REGULATION_OF_PHAGOCYTOSIS",2,532.050810849566,3.17702734946858,0.0425019163747894,0.301611035667771
"GOBP_REGULATION_OF_PLASMA_LIPOPROTEIN_PARTICLE_LEVELS",2,544.592066592987,3.16787521136231,0.0428697227314667,0.301611035667771
"GOBP_SYNAPTIC_TRANSMISSION_GLUTAMATERGIC",2,532.162577276486,3.16940790123293,0.0428229809202642,0.301611035667771
"GOBP_CALCIUM_MEDIATED_SIGNALING",2,524.959540360055,3.15862853086281,0.0432925597725798,0.301891531399807
"GOBP_SYNAPTIC_VESICLE_LUMEN_ACIDIFICATION",2,552.714832039592,3.15623682576475,0.0433542979756355,0.301891531399807
"GOBP_DETECTION_OF_CHEMICAL_STIMULUS",2,544.747887212295,3.15117021979896,0.0435833004257096,0.302349574547577
"GOBP_ENDOPLASMIC_RETICULUM_TUBULAR_NETWORK_ORGANIZATION",2,548.087302143969,3.1502326108682,0.0436189476106788,0.302349574547577
"GOBP_REGULATION_OF_DEFENSE_RESPONSE_TO_BACTERIUM",2,553.479459111429,3.15229175184975,0.0435226692265482,0.302349574547577
"GOBP_AROMATIC_AMINO_ACID_METABOLIC_PROCESS",2,561.31608723425,3.13696848720855,0.0441763019943622,0.303903640115062
"GOBP_NEURAL_CREST_CELL_DIFFERENTIATION",2,535.072938562183,3.14072228126467,0.0440499890008306,0.303903640115062
"GOBP_PHOSPHOLIPID_HOMEOSTASIS",2,548.110354537927,3.14051993513306,0.0440397815169403,0.303903640115062
"GOBP_POSITIVE_REGULATION_OF_T_CELL_APOPTOTIC_PROCESS",2,537.427361310123,3.13793008301618,0.0441682205865135,0.303903640115062
"GOBP_PRESYNAPSE_ASSEMBLY",2,544.440817993032,3.14188121816449,0.0439858082851812,0.303903640115062
"GOBP_FACE_DEVELOPMENT",2,553.455820586979,3.13297063271286,0.0443621600097508,0.303933388049657
"GOBP_REGULATION_OF_MITOCHONDRIAL_TRANSLATION",2,553.808903429628,3.13254048323532,0.0443805385751089,0.303933388049657
"GOBP_RETICULOPHAGY",2,533.210902684271,3.13437314115894,0.0443300941862945,0.303933388049657
"GOBP_NAD_METABOLIC_PROCESS",2,541.536133601899,3.123886494868,0.0447795567775642,0.305747842009686
"GOBP_POSITIVE_REGULATION_OF_MORPHOGENESIS_OF_AN_EPITHELIUM",2,515.904572366974,3.12567392442675,0.0447399593977986,0.305747842009686
"GOBP_MITOTIC_CHROMOSOME_CONDENSATION",2,526.777067232466,3.11687199909437,0.045113484635528,0.306866655768054
"GOBP_REGULATION_OF_CYTOPLASMIC_PATTERN_RECOGNITION_RECEPTOR_SIGNALING_PATHWAY",2,548.480563674777,3.11543314370318,0.0451452589389091,0.306866655768054
"GOBP_REGULATION_OF_RECEPTOR_CATABOLIC_PROCESS",2,542.005907529977,3.1162652255306,0.0451175296693752,0.306866655768054
"GOBP_TRANSCYTOSIS",2,539.157757976401,3.11194543852165,0.0453148377494049,0.307560974665232
"GOBP_FATTY_ACID_BETA_OXIDATION",2,543.611022669362,3.10402237912577,0.0456645869006055,0.307736487961134
"GOBP_FILOPODIUM_ASSEMBLY",2,557.283430342471,3.10192529905138,0.0457397944624552,0.307736487961134
"GOBP_PARAXIAL_MESODERM_DEVELOPMENT",2,554.031046175896,3.10896837270295,0.0454268603822436,0.307736487961134
"GOBP_REGULATION_OF_MITOCHONDRIAL_GENE_EXPRESSION",2,548.412599523435,3.10207687564742,0.0457455248492981,0.307736487961134
"GOBP_RESPONSE_TO_COBALT_ION",2,531.648945623751,3.10634155714674,0.0455779214809913,0.307736487961134
"GOBP_T_CELL_DIFFERENTIATION_IN_THYMUS",2,532.563990286511,3.1056012484518,0.0456098858808047,0.307736487961134
"GOBP_CELL_PROLIFERATION_INVOLVED_IN_KIDNEY_DEVELOPMENT",2,533.558632684511,3.09522403134533,0.0460786283173318,0.30861178231329
"GOBP_POSITIVE_REGULATION_OF_DEFENSE_RESPONSE",2,541.186195634687,3.09560068516601,0.046049993517166,0.30861178231329
"GOBP_REGULATION_OF_KETONE_METABOLIC_PROCESS",2,555.007023497841,3.09626718284671,0.0459996642403453,0.30861178231329
"GOBP_POSITIVE_REGULATION_OF_CELLULAR_RESPIRATION",2,550.733062095706,3.0924350818198,0.0461804102699751,0.308668713507982
"GOBP_REGULATION_OF_CELL_FATE_SPECIFICATION",2,522.985948332117,3.09223794306502,0.0462313350187122,0.308668713507982
"GOBP_SPHINGOMYELIN_METABOLIC_PROCESS",2,558.806646940326,3.08978526077111,0.0462901556762683,0.308668713507982
"GOBP_MULTICELLULAR_ORGANISMAL_LEVEL_IRON_ION_HOMEOSTASIS",2,538.238587140607,3.08861029320684,0.0463737754168855,0.308774875440022
"GOBP_RESPONSE_TO_AUDITORY_STIMULUS",2,557.360434991264,3.086193693122,0.046456909589867,0.30887749947432
"GOBP_POSITIVE_REGULATION_OF_CALCIUM_MEDIATED_SIGNALING",2,534.871430464742,3.08535141300707,0.046528530836746,0.308903390314991
"GOBP_MONOCYTE_ACTIVATION",2,527.928626431792,3.08326022496867,0.046635553697062,0.30916389594811
"GOBP_CIRCADIAN_SLEEP_WAKE_CYCLE",2,552.462292697703,3.0806702243971,0.0467183485929262,0.309263262601359
"GOBP_TISSUE_REMODELING",2,547.895498509813,3.06784555864146,0.0473212951898706,0.312437842669904
"GOBP_TOLL_LIKE_RECEPTOR_7_SIGNALING_PATHWAY",2,525.672715617269,3.06827802687618,0.0473349154319017,0.312437842669904
"GOBP_GLYCOSYLCERAMIDE_METABOLIC_PROCESS",2,530.818999324508,3.05894939658085,0.0477652982621268,0.314019351530293
"GOBP_METANEPHROS_MORPHOGENESIS",2,542.251351655582,3.05958967344469,0.0477175948892554,0.314019351530293
"GOBP_MITOCHONDRIAL_TRANSPORT",2,555.592092153281,3.05783290140069,0.0477810633549711,0.314019351530293
"GOBP_MITOCHONDRION_DISTRIBUTION",2,569.96431385419,3.04994945179199,0.0481350674779422,0.315436843055883
"GOBP_NEGATIVE_REGULATION_OF_FIBROBLAST_PROLIFERATION",2,551.888382127203,3.05152445071682,0.0480854712194726,0.315436843055883
"GOBP_NEUROTROPHIN_SIGNALING_PATHWAY",2,552.239303900794,3.04011908445749,0.048630477369945,0.318226122359138
"GOBP_POSITIVE_REGULATION_OF_TUMOR_NECROSIS_FACTOR_SUPERFAMILY_CYTOKINE_PRODUCTION",2,544.922698659291,3.0365994842038,0.0488108516539208,0.318810673776212
"GOBP_STEM_CELL_PROLIFERATION",2,539.455514649313,3.03576077781519,0.0488596055622829,0.318810673776212
"GOBP_CORONARY_VASCULATURE_DEVELOPMENT",2,530.032250959537,3.02456357542571,0.0494182998784647,0.320664050556933
"GOBP_HORMONE_METABOLIC_PROCESS",2,514.263050963567,3.0254598767239,0.0494002794584238,0.320664050556933
"GOBP_REGULATION_OF_RAC_PROTEIN_SIGNAL_TRANSDUCTION",2,537.053107975571,3.02420439321268,0.0494248690071309,0.320664050556933
"GOBP_TRNA_5_LEADER_REMOVAL",2,547.590695903327,3.02598518785042,0.0493219634259447,0.320664050556933
"GOBP_POSITIVE_REGULATION_OF_B_CELL_PROLIFERATION",2,529.114133365705,3.02096229949731,0.0495960349456643,0.321317493447692
"GOBP_NEUTROPHIL_ACTIVATION_INVOLVED_IN_IMMUNE_RESPONSE",2,536.399276110648,3.01458317515904,0.0498983669989645,0.321904458107888
"GOBP_REGULATION_OF_RECEPTOR_RECYCLING",2,550.204088748917,3.01570462808512,0.0498221723329131,0.321904458107888
"GOBP_UNSATURATED_FATTY_ACID_METABOLIC_PROCESS",2,538.894149488501,3.01572873868586,0.0498380183413264,0.321904458107888
"GOBP_PURINE_NUCLEOTIDE_TRANSPORT",2,532.30742017688,3.0132211269189,0.0499720262167669,0.32192431013372
"GOBP_BASE_CONVERSION_OR_SUBSTITUTION_EDITING",2,511.348200720634,3.00770581069679,0.0502797797318534,0.322087184490145
"GOBP_POSITIVE_REGULATION_OF_MONOATOMIC_ION_TRANSMEMBRANE_TRANSPORT",2,510.754169568757,3.00779483350469,0.0502763744136387,0.322087184490145
"GOBP_PROGESTERONE_METABOLIC_PROCESS",2,538.583259253108,3.00718154781823,0.0502615502945565,0.322087184490145
"GOBP_REGULATION_OF_PROTEIN_TYROSINE_KINASE_ACTIVITY",2,570.261495458505,3.00658595559418,0.0502449662781473,0.322087184490145
"GOBP_LIPID_IMPORT_INTO_CELL",2,541.316162048096,2.99686679967139,0.0507726816631382,0.322152019845374
"GOBP_NEGATIVE_REGULATION_OF_GENE_EXPRESSION_VIA_CHROMOSOMAL_CPG_ISLAND_METHYLATION",2,539.733418782343,2.99668345006883,0.0507843241106827,0.322152019845374
"GOBP_POSITIVE_REGULATION_OF_ACUTE_INFLAMMATORY_RESPONSE",2,541.494530722099,3.00263111887773,0.0504837705140093,0.322152019845374
"GOBP_POSITIVE_REGULATION_OF_T_CELL_MEDIATED_IMMUNITY",2,530.172350125985,3.00539522996102,0.0503636200790333,0.322152019845374
"GOBP_POSITIVE_THYMIC_T_CELL_SELECTION",2,518.513314102996,3.00230120545069,0.0505369612877163,0.322152019845374
"GOBP_REGULATION_OF_POSITIVE_CHEMOTAXIS",2,548.690817065696,2.9974592436874,0.0507317851093445,0.322152019845374
"GOBP_REGULATION_OF_TRIGLYCERIDE_METABOLIC_PROCESS",2,555.932881173064,2.99666122113446,0.0507611798166872,0.322152019845374
"GOBP_POSITIVE_REGULATION_OF_NEUROBLAST_PROLIFERATION",2,515.806000069769,2.99592144306889,0.0508612455874453,0.322191862672691
"GOBP_MIRNA_CATABOLIC_PROCESS",2,541.211104486165,2.990982346516,0.0510692054396922,0.323060535382019
"GOBP_REGULATION_OF_VENTRICULAR_CARDIAC_MUSCLE_CELL_MEMBRANE_REPOLARIZATION",2,572.775381798637,2.98097898975476,0.0515310125113264,0.325530398980831
"GOBP_SINGLE_STRAND_BREAK_REPAIR",2,543.740581161185,2.97770558277982,0.051740379405468,0.326400927342102
"GOBP_ARACHIDONATE_SECRETION",2,576.131591087971,2.97333050139959,0.0519179672308641,0.327068851574546
"GOBP_DETECTION_OF_VISIBLE_LIGHT",2,547.510595192047,2.9681691597093,0.0522250262728688,0.328549441145592
"GOBP_AMYLOID_PRECURSOR_PROTEIN_CATABOLIC_PROCESS",2,543.771322182558,2.96399887074679,0.0524466341816665,0.32948911639474
"GOBP_POSITIVE_REGULATION_OF_LIPID_LOCALIZATION",2,525.114999547792,2.96012219072675,0.0526778575141385,0.330486531116899
"GOBP_PLATELET_DERIVED_GROWTH_FACTOR_RECEPTOR_BETA_SIGNALING_PATHWAY",2,549.511759821682,2.95483734744625,0.0529153619266538,0.331520557345423
"GOBP_MITOTIC_RECOMBINATION",2,544.888396125995,2.94883020032864,0.0532378361561897,0.333083361739892
"GOBP_SNRNA_3_END_PROCESSING",2,537.063975167365,2.94371805733149,0.0535199868754679,0.334389945395903
"GOBP_NEGATIVE_REGULATION_OF_NEURON_PROJECTION_REGENERATION",2,575.632552059839,2.93951167444364,0.0536860406476095,0.334510971849381
"GOBP_REGULATORY_T_CELL_DIFFERENTIATION",2,531.918410300635,2.94134071567668,0.0536542302943214,0.334510971849381
"GOBP_L_GLUTAMATE_IMPORT_ACROSS_PLASMA_MEMBRANE",2,545.778782069773,2.93611164577031,0.0539105700453899,0.33462326921496
"GOBP_PYRIMIDINE_NUCLEOSIDE_TRIPHOSPHATE_BIOSYNTHETIC_PROCESS",2,569.752547327285,2.93763857947519,0.0537938854632085,0.33462326921496
"GOBP_REGULATION_OF_DNA_TEMPLATED_DNA_REPLICATION",2,533.233509819145,2.9362270994972,0.0539241619980258,0.33462326921496
"GOBP_NEGATIVE_REGULATION_OF_CANONICAL_NF_KAPPAB_SIGNAL_TRANSDUCTION",2,538.021211685697,2.93410280658391,0.0540299335637336,0.334824085576344
"GOBP_B_CELL_PROLIFERATION",2,525.536593078801,2.9233775216957,0.0546265417533997,0.335404163845696
"GOBP_GRANZYME_MEDIATED_PROGRAMMED_CELL_DEATH_SIGNALING_PATHWAY",2,533.47794546238,2.92507925512498,0.0545216595523748,0.335404163845696
"GOBP_INTERSTRAND_CROSS_LINK_REPAIR",2,533.08495557045,2.9235338981266,0.0546057006486305,0.335404163845696
"GOBP_REGULATION_OF_PATTERN_RECOGNITION_RECEPTOR_SIGNALING_PATHWAY",2,546.847957311398,2.92808974723441,0.0543384948914848,0.335404163845696
"GOBP_REGULATION_OF_RETROGRADE_PROTEIN_TRANSPORT_ER_TO_CYTOSOL",2,525.863156303037,2.92483641159416,0.0545472382343723,0.335404163845696
"GOBP_RNA_SURVEILLANCE",2,528.817935505044,2.92432369534533,0.0545700185408154,0.335404163845696
"GOBP_SMAD_PROTEIN_SIGNAL_TRANSDUCTION",2,558.133190055352,2.9222139871587,0.0546383016306407,0.335404163845696
"GOBP_CRISTAE_FORMATION",2,560.901441436973,2.91760192868345,0.0548841827114386,0.336196966172844
"GOBP_POSITIVE_REGULATION_OF_CYTOKINESIS",2,550.667987029119,2.91731803890459,0.0549148738870354,0.336196966172844
"GOBP_ESTABLISHMENT_OF_PROTEIN_LOCALIZATION_TO_MITOCHONDRIAL_MEMBRANE",2,562.069109277211,2.9106030963195,0.0552639670040187,0.336632533628485
"GOBP_POSITIVE_REGULATION_OF_PHAGOCYTOSIS",2,537.570199378024,2.91445813756784,0.0550909079557976,0.336632533628485
"GOBP_POSITIVE_REGULATION_OF_RESPONSE_TO_BIOTIC_STIMULUS",2,539.936950897807,2.90955426456284,0.0553550537648243,0.336632533628485
"GOBP_PRODUCTION_OF_MOLECULAR_MEDIATOR_INVOLVED_IN_INFLAMMATORY_RESPONSE",2,543.664929217739,2.90992681157488,0.0553287889888148,0.336632533628485
"GOBP_PROSTAGLANDIN_TRANSPORT",2,530.99237622346,2.91228371154643,0.055220178655447,0.336632533628485
"GOBP_MAMMARY_GLAND_DUCT_MORPHOGENESIS",2,531.726484141785,2.90513088949309,0.0556110610246493,0.337739080337451
"GOBP_DENDRITE_EXTENSION",2,565.181516808239,2.90282991287887,0.0556862510053695,0.33774599845145
"GOBP_POSITIVE_REGULATION_OF_DNA_BINDING_TRANSCRIPTION_FACTOR_ACTIVITY",2,535.774820129716,2.90195476071806,0.0557794755873023,0.337862135662265
"GOBP_CYTIDINE_TO_URIDINE_EDITING",2,521.057818728655,2.89776458673823,0.0560356196454122,0.338066747622652
"GOBP_POSITIVE_REGULATION_OF_RIG_I_SIGNALING_PATHWAY",2,555.133460306213,2.89887345254365,0.0559196025087932,0.338066747622652
"GOBP_TRANSCRIPTION_INITIATION_AT_RNA_POLYMERASE_I_PROMOTER",2,555.238238833908,2.89771051069337,0.0559838411813867,0.338066747622652
"GOBP_DENDRITIC_CELL_CHEMOTAXIS",2,534.184173808362,2.8898245115657,0.056455473954976,0.338257846227478
"GOBP_NEGATIVE_REGULATION_OF_INFLAMMASOME_MEDIATED_SIGNALING_PATHWAY",2,566.25137682414,2.88792669427803,0.0565122733666604,0.338257846227478
"GOBP_NEGATIVE_REGULATION_OF_VIRAL_GENOME_REPLICATION",2,523.123578270188,2.89560295404628,0.0561520282074047,0.338257846227478
"GOBP_NUCLEOLUS_ORGANIZATION",2,554.984642633307,2.89286826521206,0.0562531566793299,0.338257846227478
"GOBP_REGULATION_OF_WNT_SIGNALING_PATHWAY_PLANAR_CELL_POLARITY_PATHWAY",2,567.302201988381,2.88896447342851,0.0564527276245817,0.338257846227478
"GOBP_SPINDLE_MIDZONE_ASSEMBLY",2,532.946144226432,2.89116319226812,0.0563827769285536,0.338257846227478
"GOBP_ASPARTATE_FAMILY_AMINO_ACID_BIOSYNTHETIC_PROCESS",2,549.37670633049,2.88531688662623,0.0566837027447617,0.338366699455612
"GOBP_POSITIVE_REGULATION_OF_TRIGLYCERIDE_METABOLIC_PROCESS",2,556.449259416117,2.88632741130775,0.0566162832237431,0.338366699455612
"GOBP_T_CELL_CYTOKINE_PRODUCTION",2,517.413194905192,2.88501418580381,0.056753020189332,0.338366699455612
"GOBP_VACUOLAR_ACIDIFICATION",2,541.234873533484,2.88051452067014,0.056966493598326,0.339196053919014
"GOBP_NUCLEAR_RECEPTOR_MEDIATED_CORTICOSTEROID_SIGNALING_PATHWAY",2,552.90348298696,2.87878905316585,0.0570456540677953,0.339224547852952
"GOBP_CEREBELLAR_CORTEX_FORMATION",2,546.806504741873,2.87649563933788,0.0571846922651353,0.339608569558961
"GOBP_CELLULAR_HYPEROSMOTIC_RESPONSE",2,530.036648478241,2.87203972822471,0.0574644425299317,0.340826166942807
"GOBP_NEGATIVE_REGULATION_OF_LYMPHOCYTE_MIGRATION",2,532.023934862051,2.86831516242987,0.0576732736653517,0.341620521022947
"GOBP_SMOOTH_MUSCLE_CELL_APOPTOTIC_PROCESS",2,517.894359610348,2.86657143211891,0.0577968532097002,0.341908492204205
"GOBP_POSITIVE_REGULATION_OF_DOUBLE_STRAND_BREAK_REPAIR",2,548.540240066619,2.85760612303463,0.058261015398356,0.344207890196764
"GOBP_REGULATION_OF_VASCULAR_PERMEABILITY",2,531.691329025657,2.85667238455804,0.0583419948550567,0.344240412074921
"GOBP_REGULATION_OF_REPRODUCTIVE_PROCESS",2,544.559873120025,2.8493041229049,0.0587479577403743,0.346187900844764
"GOBP_POSITIVE_REGULATION_OF_SMOOTHENED_SIGNALING_PATHWAY",2,530.262473908386,2.84606669526434,0.0589597950926732,0.346987903764751
"GOBP_AMINO_ACID_IMPORT_ACROSS_PLASMA_MEMBRANE",2,538.42394015856,2.83685496962793,0.0594861187635929,0.34963426247519
"GOBP_CELLULAR_RESPONSE_TO_INTERLEUKIN_1",2,539.787033161987,2.83261084461242,0.0597342631513382,0.349658953586469
"GOBP_MIRNA_MEDIATED_GENE_SILENCING_BY_MRNA_DESTABILIZATION",2,559.961683986904,2.82931352663531,0.0598979221331425,0.349658953586469
"GOBP_POSITIVE_REGULATION_OF_NEURON_DIFFERENTIATION",2,547.505922005366,2.83025299043663,0.0598614549632543,0.349658953586469
"GOBP_PURINE_RIBONUCLEOSIDE_METABOLIC_PROCESS",2,567.25607407053,2.83158510363529,0.0597525153762519,0.349658953586469
"GOBP_REGULATION_OF_VITAMIN_METABOLIC_PROCESS",2,514.84639430726,2.83452372996623,0.0596636885203469,0.349658953586469
"GOBP_SYNAPTIC_VESICLE_MATURATION",2,554.356251064506,2.82857466911513,0.0599502963614599,0.349658953586469
"GOBP_DICARBOXYLIC_ACID_METABOLIC_PROCESS",2,544.56929415153,2.8259769420204,0.0601200092094574,0.349754288270836
"GOBP_REGULATION_OF_DEPHOSPHORYLATION",2,546.233228742192,2.8263228876302,0.0600967794150062,0.349754288270836
"GOBP_POSITIVE_REGULATION_OF_D_GLUCOSE_TRANSMEMBRANE_TRANSPORT",2,541.212308159005,2.81882600675357,0.0605524271765584,0.35182117242329
"GOBP_COBALAMIN_METABOLIC_PROCESS",2,551.637299286072,2.81530588248717,0.0607471646732406,0.352503585336705
"GOBP_FATTY_ACID_BETA_OXIDATION_USING_ACYL_COA_OXIDASE",2,545.144092514828,2.8139377702573,0.060839750094051,0.352592249274418
"GOBP_PEPTIDYL_SERINE_MODIFICATION",2,551.350450853377,2.80782490777369,0.0611991457732456,0.353776050534567
"GOBP_SERTOLI_CELL_DIFFERENTIATION",2,579.705873785583,2.8072881153209,0.0611894392670111,0.353776050534567
"GOBP_POSITIVE_REGULATION_OF_PROTEIN_TARGETING_TO_MEMBRANE",2,548.876548187371,2.80630987366688,0.0612948918072061,0.353881014598313
"GOBP_RUFFLE_ASSEMBLY",2,557.31497024221,2.80479247160163,0.0613738864854062,0.353889122958202
"GOBP_NEUTRAL_LIPID_METABOLIC_PROCESS",2,541.581375145942,2.80282504658007,0.0615183966501642,0.35427450394116
"GOBP_THYROID_GLAND_DEVELOPMENT",2,538.271305186562,2.79998049963362,0.0616972577682116,0.354856485095603
"GOBP_PROTEIN_LOCALIZATION_TO_AXON",2,533.583074704431,2.78442067819,0.0626625735698922,0.359954657496572
"GOBP_NEGATIVE_REGULATION_OF_LIPOPROTEIN_PARTICLE_CLEARANCE",2,546.335987517458,2.77420369793338,0.063278389568222,0.362453504991626
"GOBP_POSITIVE_REGULATION_OF_SODIUM_ION_TRANSPORT",2,543.234142333561,2.77336474079652,0.0633359884846144,0.362453504991626
"GOBP_PROTEINOGENIC_AMINO_ACID_BIOSYNTHETIC_PROCESS",2,548.568758535552,2.77409145080343,0.0632818416843555,0.362453504991626
"GOBP_INNER_MITOCHONDRIAL_MEMBRANE_ORGANIZATION",2,559.041917963076,2.76385429212033,0.0639099991295125,0.363688853479736
"GOBP_INTRACELLULAR_STEROL_TRANSPORT",2,544.575104275694,2.76671160841762,0.0637523113828836,0.363688853479736
"GOBP_LUNG_ALVEOLUS_DEVELOPMENT",2,544.382020329042,2.76358034228451,0.0639505504255093,0.363688853479736
"GOBP_NEGATIVE_REGULATION_OF_TRIGLYCERIDE_METABOLIC_PROCESS",2,538.636431785091,2.76378828828545,0.0639468288367498,0.363688853479736
"GOBP_RETINA_DEVELOPMENT_IN_CAMERA_TYPE_EYE",2,549.190941120206,2.7678918756757,0.063670438731512,0.363688853479736
"GOBP_BLOOD_VESSEL_REMODELING",2,528.248157307164,2.7622032657621,0.0640648354288749,0.363885073961518
"GOBP_CELL_CELL_SIGNALING_INVOLVED_IN_CARDIAC_CONDUCTION",2,550.191757173042,2.75460574259368,0.0645118834363295,0.364274828197753
"GOBP_DNA_TEMPLATED_DNA_REPLICATION",2,545.284650961846,2.75455982827802,0.0645227171374322,0.364274828197753
"GOBP_LABYRINTHINE_LAYER_BLOOD_VESSEL_DEVELOPMENT",2,524.389418182173,2.75495474753432,0.0645327913141382,0.364274828197753
"GOBP_NEGATIVE_REGULATION_OF_POTASSIUM_ION_TRANSMEMBRANE_TRANSPORT",2,547.199875110352,2.75712099728078,0.0643562259884253,0.364274828197753
"GOBP_NUCLEOSIDE_TRIPHOSPHATE_CATABOLIC_PROCESS",2,534.255452811816,2.75815242786208,0.0643119108587123,0.364274828197753
"GOBP_FATTY_ACID_METABOLIC_PROCESS",2,531.28510192242,2.74964820122551,0.0648605995766676,0.365672675734463
"GOBP_GLUTAMINE_FAMILY_AMINO_ACID_CATABOLIC_PROCESS",2,564.99154499039,2.74547297291965,0.0650748155325411,0.366427448943111
"GOBP_REGULATION_OF_TYPE_I_INTERFERON_MEDIATED_SIGNALING_PATHWAY",2,547.718056384137,2.74288901132397,0.065268609375066,0.367065508458293
"GOBP_REGULATION_OF_PROTEIN_LOCALIZATION_TO_CILIUM",2,538.013839597718,2.74013385559603,0.0654628642374822,0.367704585944774
"GOBP_ICOSANOID_TRANSPORT",2,549.221063980234,2.73354225788478,0.0658729961153465,0.369099183393237
"GOBP_REGULATION_OF_CELL_PROJECTION_SIZE",2,547.344684045358,2.73397608392473,0.0658477381424909,0.369099183393237
"GOBP_POSITIVE_REGULATION_OF_MYELOID_LEUKOCYTE_MEDIATED_IMMUNITY",2,536.093987594339,2.73219895443481,0.0659823347570541,0.369258194879661
"GOBP_POSITIVE_REGULATION_OF_CHROMOSOME_SEGREGATION",2,535.899303870249,2.7274564164744,0.0662931617366241,0.370543027795027
"GOBP_CELLULAR_RESPONSE_TO_EXTERNAL_STIMULUS",2,537.913568698591,2.72615804419233,0.0663750217809422,0.37054648022384
"GOBP_POSITIVE_REGULATION_OF_RRNA_PROCESSING",2,548.73148680909,2.72129158688372,0.0666777059993239,0.371781194453443
"GOBP_B_CELL_MEDIATED_IMMUNITY",2,509.229507858428,2.71986557849089,0.066840838386059,0.371816340589923
"GOBP_RESPIRATORY_SYSTEM_DEVELOPMENT",2,542.94106853437,2.71887309725392,0.0668470509282475,0.371816340589923
"GOBP_POSITIVE_REGULATION_OF_INTERLEUKIN_10_PRODUCTION",2,544.729121326562,2.71533655721252,0.0670785750079702,0.372649671877408
"GOBP_CALCIUM_ION_TRANSMEMBRANE_TRANSPORT",2,526.709469090464,2.71266218586887,0.0672871081528328,0.372899757333014
"GOBP_CELLULAR_RESPONSE_TO_MOLECULE_OF_BACTERIAL_ORIGIN",2,525.783969012556,2.7133342669191,0.067243993724376,0.372899757333014
"GOBP_PRE_MIRNA_PROCESSING",2,549.203918178346,2.71046194763963,0.0673958051243149,0.373048867927185
"GOBP_DETECTION_OF_TEMPERATURE_STIMULUS_INVOLVED_IN_SENSORY_PERCEPTION_OF_PAIN",2,545.934473476558,2.7064650600657,0.0676684104677605,0.373650871844377
"GOBP_WALKING_BEHAVIOR",2,577.305954180863,2.70577747325033,0.0676657962384611,0.373650871844377
"GOBP_GLYCOPHAGY",2,532.857884391141,2.70530820340451,0.0677679653227476,0.37374811346681
"GOBP_NEGATIVE_REGULATION_OF_FAT_CELL_DIFFERENTIATION",2,548.513288302559,2.70228941990547,0.0679445594029235,0.374089352936807
"GOBP_POSITIVE_REGULATION_OF_MYOBLAST_FUSION",2,550.71492873236,2.70150366313632,0.0679938771288343,0.374089352936807
"GOBP_NEGATIVE_REGULATION_OF_SMOOTH_MUSCLE_CELL_DIFFERENTIATION",2,522.950479113367,2.69982048391156,0.068154546417853,0.374521549652805
"GOBP_CEREBELLAR_CORTEX_MORPHOGENESIS",2,541.243739007661,2.69295688291411,0.0685874084041648,0.376446654309742
"GOBP_CELLULAR_RESPONSE_TO_BIOTIC_STIMULUS",2,527.023861632214,2.68098060801231,0.0694301400406243,0.378453852943309
"GOBP_NEGATIVE_REGULATION_OF_PEPTIDE_SECRETION",2,554.090364705663,2.68106641702733,0.0693786091322074,0.378453852943309
"GOBP_NEGATIVE_REGULATION_OF_VIRAL_PROCESS",2,524.073812877066,2.68144920246135,0.0694031987129113,0.378453852943309
"GOBP_PROTEIN_INSERTION_INTO_MITOCHONDRIAL_OUTER_MEMBRANE",2,562.378179245043,2.68236477510864,0.0692763613925237,0.378453852943309
"GOBP_REGULATION_OF_CHROMOSOME_CONDENSATION",2,538.096540337584,2.68039797519125,0.0694509701630234,0.378453852943309
"GOBP_TRANSCRIPTION_BY_RNA_POLYMERASE_I",2,548.574383947327,2.68602535484999,0.0690476242591421,0.378453852943309
"GOBP_CATECHOL_CONTAINING_COMPOUND_METABOLIC_PROCESS",2,564.356546189998,2.6749579949173,0.0697834298208046,0.378714543493694
"GOBP_NEGATIVE_REGULATION_OF_POTASSIUM_ION_TRANSPORT",2,546.262969306597,2.6742017137285,0.0698646746004712,0.378714543493694
"GOBP_NEGATIVE_REGULATION_OF_UBIQUITIN_PROTEIN_TRANSFERASE_ACTIVITY",2,546.124979913779,2.67339456622689,0.06992076949895,0.378714543493694
"GOBP_POSITIVE_REGULATION_OF_DNA_METABOLIC_PROCESS",2,542.935050566944,2.67326957032451,0.0699347320339231,0.378714543493694
"GOBP_RESPONSE_TO_GROWTH_HORMONE",2,550.431438720664,2.67730862612137,0.0696432155121791,0.378714543493694
"GOBP_SECRETORY_GRANULE_ORGANIZATION",2,534.123351100741,2.67258699985905,0.0699970094639736,0.378714543493694
"GOBP_TERPENOID_METABOLIC_PROCESS",2,536.031579459883,2.66749889546898,0.070347233328881,0.380158449304533
"GOBP_PERIPHERAL_NERVOUS_SYSTEM_DEVELOPMENT",2,556.919568322113,2.66294100579874,0.070630825377223,0.380802672359289
"GOBP_RESPONSE_TO_XENOBIOTIC_STIMULUS",2,536.943580067378,2.6627435182723,0.0706776811337229,0.380802672359289
"GOBP_SHORT_CHAIN_FATTY_ACID_METABOLIC_PROCESS",2,566.023392055084,2.66150724271282,0.0707169181075022,0.380802672359289
"GOBP_CARBOHYDRATE_DERIVATIVE_TRANSPORT",2,523.6843121453,2.6568343194885,0.0711157991337309,0.381272749618615
"GOBP_KINETOCHORE_ASSEMBLY",2,548.376272902973,2.65757376538472,0.0710211829800425,0.381272749618615
"GOBP_POSITIVE_REGULATION_OF_GLYCOPROTEIN_METABOLIC_PROCESS",2,538.860883393927,2.65834359136104,0.0709829972333142,0.381272749618615
"GOBP_POSITIVE_REGULATION_OF_STRIATED_MUSCLE_CONTRACTION",2,553.17548467739,2.65579476027119,0.0711385902050957,0.381272749618615
"GOBP_REGULATION_OF_THYMOCYTE_APOPTOTIC_PROCESS",2,541.043492237588,2.65481607735406,0.0712276699340359,0.381302115691476
"GOBP_EPITHELIAL_TUBE_MORPHOGENESIS",2,539.857797626038,2.65295739409929,0.0713609065934029,0.3815675204836
"GOBP_REGULATORY_NCRNA_MEDIATED_HETEROCHROMATIN_FORMATION",2,548.721029732188,2.64662126280618,0.071795215690547,0.383440256164619
"GOBP_NEGATIVE_REGULATION_OF_FATTY_ACID_BIOSYNTHETIC_PROCESS",2,546.640652992806,2.64369338491108,0.072007164153794,0.383673686571793
"GOBP_TETRAPYRROLE_METABOLIC_PROCESS",2,549.397021402419,2.64405741694264,0.0719766473857658,0.383673686571793
"GOBP_CELL_DIFFERENTIATION_IN_SPINAL_CORD",2,538.942447846044,2.62596497793773,0.0732957509231469,0.387038468310646
"GOBP_CRANIAL_NERVE_MORPHOGENESIS",2,526.138347887888,2.62403302616934,0.0734586622032574,0.387038468310646
"GOBP_L_AMINO_ACID_CATABOLIC_PROCESS",2,547.442568273217,2.61671443511106,0.0739559245103227,0.387038468310646
"GOBP_MAINTENANCE_OF_BLOOD_BRAIN_BARRIER",2,527.272804790496,2.61658058904914,0.0740006692595576,0.387038468310646
"GOBP_NEGATIVE_REGULATION_OF_INFLAMMATORY_RESPONSE_TO_ANTIGENIC_STIMULUS",2,552.478379498021,2.62200498094165,0.0735610648190997,0.387038468310646
"GOBP_NEUTROPHIL_MEDIATED_KILLING_OF_BACTERIUM",2,544.023396298752,2.62123600044514,0.0736311721322932,0.387038468310646
"GOBP_POSITIVE_REGULATION_OF_VASOCONSTRICTION",2,533.189586356914,2.61533796741161,0.074081250347554,0.387038468310646
"GOBP_PRESYNAPSE_ORGANIZATION",2,547.747170908668,2.6174111054267,0.0739043993347076,0.387038468310646
"GOBP_REGULATION_OF_BEHAVIOR",2,526.110031976342,2.61577754782016,0.0740616306003714,0.387038468310646
"GOBP_REGULATION_OF_DENDRITIC_SPINE_MORPHOGENESIS",2,544.879570483138,2.61914646705175,0.0737822734808726,0.387038468310646
"GOBP_REGULATION_OF_DNA_STRAND_ELONGATION",2,540.942328997401,2.62437780358331,0.0734076284598867,0.387038468310646
"GOBP_REGULATION_OF_LOW_DENSITY_LIPOPROTEIN_PARTICLE_CLEARANCE",2,551.036701583837,2.61948260991641,0.0737474654435868,0.387038468310646
"GOBP_REGULATION_OF_PRESYNAPSE_ORGANIZATION",2,538.107424041324,2.62722925389079,0.0732054729576693,0.387038468310646
"GOBP_REGULATION_OF_RESPONSE_TO_TYPE_II_INTERFERON",2,552.963833539067,2.62693854015465,0.0732016468744492,0.387038468310646
"GOBP_REGULATION_OF_TRANSCRIPTION_BY_RNA_POLYMERASE_I",2,550.916724487289,2.62765554001204,0.0731530252302045,0.387038468310646
"GOBP_TRANSPOSITION",2,540.324843391003,2.62475624361933,0.0733811745559805,0.387038468310646
"GOBP_VACUOLE_ORGANIZATION",2,544.252446250195,2.61916555966461,0.073781934979815,0.387038468310646
"GOBP_NEURON_PROJECTION_GUIDANCE",2,545.76051697072,2.61032367005137,0.0744283934153692,0.387078565983465
"GOBP_POSITIVE_REGULATION_OF_CELL_MIGRATION_INVOLVED_IN_SPROUTING_ANGIOGENESIS",2,545.811934668308,2.6114346812967,0.0743464449498556,0.387078565983465
"GOBP_REGULATION_OF_CELL_CYCLE_G2_M_PHASE_TRANSITION",2,535.176810198719,2.61208124392338,0.0743170700011796,0.387078565983465
"GOBP_REGULATION_OF_VIRAL_ENTRY_INTO_HOST_CELL",2,548.361059622651,2.61278168192988,0.0742430534800476,0.387078565983465
"GOBP_POST_ANAL_TAIL_MORPHOGENESIS",2,525.980896739,2.60595753769149,0.074785515475478,0.388492865698924
"GOBP_CALCIUM_IMPORT_INTO_THE_MITOCHONDRION",2,563.987497957611,2.60067124375128,0.0751137086306429,0.389361712100383
"GOBP_FEMALE_MEIOTIC_NUCLEAR_DIVISION",2,543.549869454985,2.59869730217497,0.0752942403140841,0.389361712100383
"GOBP_POSITIVE_REGULATION_OF_CELL_SUBSTRATE_JUNCTION_ORGANIZATION",2,545.978284908058,2.59968844116413,0.0752162490412357,0.389361712100383
"GOBP_POSITIVE_REGULATION_OF_G1_S_TRANSITION_OF_MITOTIC_CELL_CYCLE",2,545.877170588648,2.59874896731248,0.075286449187032,0.389361712100383
"GOBP_ANATOMICAL_STRUCTURE_ARRANGEMENT",2,533.058489964168,2.59451725277659,0.0756248380832376,0.390186523187383
"GOBP_NUCLEOSIDE_PHOSPHATE_BIOSYNTHETIC_PROCESS",2,551.119399296555,2.59457638997216,0.0755895145383118,0.390186523187383
"GOBP_AXONAL_FASCICULATION",2,529.550930935709,2.59244098107519,0.0757867498979611,0.390580074897854
"GOBP_CYCLIC_NUCLEOTIDE_CATABOLIC_PROCESS",2,539.35540797794,2.5906951703051,0.0759006245744409,0.39072544998197
"GOBP_PROTEIN_LIPID_COMPLEX_ORGANIZATION",2,564.954713638193,2.58660138690076,0.0761667217904014,0.391653233467893
"GOBP_ESTABLISHMENT_OF_PIGMENT_GRANULE_LOCALIZATION",2,544.281568133485,2.58193559322906,0.0765535748383757,0.39245733684899
"GOBP_NEGATIVE_REGULATION_OF_SMOOTH_MUSCLE_CONTRACTION",2,537.67276981489,2.57747898695996,0.0769036792063677,0.39245733684899
"GOBP_POSITIVE_REGULATION_OF_MITOCHONDRIAL_TRANSLATION",2,557.211300053867,2.57935261877409,0.0767282069162975,0.39245733684899
"GOBP_POSITIVE_REGULATION_OF_VASCULAR_ENDOTHELIAL_CELL_PROLIFERATION",2,550.397488656077,2.57822175141942,0.0768254344419545,0.39245733684899
"GOBP_PYRIMIDINE_NUCLEOSIDE_METABOLIC_PROCESS",2,522.622302879707,2.57829544891015,0.0768685248033329,0.39245733684899
"GOBP_RESPONSE_TO_ESTROGEN",2,547.546113018544,2.57797788597837,0.0768487701257946,0.39245733684899
"GOBP_RESPONSE_TO_FLUID_SHEAR_STRESS",2,541.463511028585,2.57710735604155,0.0769254240611701,0.39245733684899
"GOBP_CELLULAR_PIGMENTATION",2,528.852745556578,2.57152320561226,0.0773743640711249,0.393427507835452
"GOBP_POSITIVE_REGULATION_OF_DENDRITIC_SPINE_MORPHOGENESIS",2,561.299901261233,2.57090751913807,0.0773663397354591,0.393427507835452
"GOBP_POSITIVE_REGULATION_OF_DNA_RECOMBINATION",2,554.274076030603,2.57222186426053,0.0772770475166961,0.393427507835452
"GOBP_NEGATIVE_REGULATION_OF_PHAGOCYTOSIS",2,536.938128759594,2.56690944629925,0.0777143283169877,0.394716092932941
"GOBP_DEOXYRIBONUCLEOTIDE_BIOSYNTHETIC_PROCESS",2,547.497899210123,2.56525839039726,0.0778233598768943,0.394830193991674
"GOBP_POSITIVE_REGULATION_OF_TYPE_I_INTERFERON_PRODUCTION",2,543.434133590377,2.56362157188043,0.0779565734268974,0.395066590444533
"GOBP_LIPID_OXIDATION",2,530.461438236814,2.56178732383726,0.0781211360331695,0.395461155879341
"GOBP_REGULATION_OF_HEPATOCYTE_PROLIFERATION",2,544.569624307739,2.5601287302025,0.0782248445190504,0.395547135090231
"GOBP_MATING_BEHAVIOR",2,519.396914854751,2.55775619839768,0.0784540094593144,0.395828249053023
"GOBP_NEUTROPHIL_DEGRANULATION",2,534.209179624221,2.55788959925665,0.078416603204667,0.395828249053023
"GOBP_SUBSTRATE_DEPENDENT_CELL_MIGRATION",2,545.988312188014,2.55068972670046,0.0789573539713136,0.397927614876421
"GOBP_HEART_FORMATION",2,528.697371945068,2.54894223896282,0.0791245747577678,0.398330226788277
"GOBP_DNA_TEMPLATED_DNA_REPLICATION_MAINTENANCE_OF_FIDELITY",2,554.872985424638,2.54433061405259,0.0794414815164661,0.399484671661083
"GOBP_NERVE_DEVELOPMENT",2,526.534905068102,2.54234442734787,0.0796472857632926,0.399638361239139
"GOBP_TRNA_TRANSCRIPTION",2,549.023780883556,2.54194701215901,0.079639099797683,0.399638361239139
"GOBP_AMINO_ACID_CATABOLIC_PROCESS",2,547.133381270561,2.5371030953692,0.080025449711552,0.400229522649916
"GOBP_CALCIUM_ION_TRANSMEMBRANE_TRANSPORT_VIA_HIGH_VOLTAGE_GATED_CALCIUM_CHANNEL",2,557.484813293229,2.53684870344562,0.0800283544522525,0.400229522649916
"GOBP_CENTRIOLE_ELONGATION",2,535.827043319982,2.53777762553531,0.0799916039985863,0.400229522649916
"GOBP_MIRNA_MEDIATED_GENE_SILENCING_BY_INHIBITION_OF_TRANSLATION",2,547.215280332131,2.53527975337646,0.0801700145945016,0.400498835230582
"GOBP_NEGATIVE_REGULATION_OF_CELL_KILLING",2,546.390793407688,2.53375902594682,0.0802923074364732,0.400670912710891
"GOBP_MESONEPHRIC_TUBULE_MORPHOGENESIS",2,544.413241238451,2.53008097188967,0.0805888363866403,0.40171112869887
"GOBP_MITOCHONDRIAL_TRANSMEMBRANE_TRANSPORT",2,563.855342495636,2.52807920537132,0.0807165439894111,0.40190846848876
"GOBP_AUTOPHAGOSOME_LYSOSOME_FUSION",2,536.553553119784,2.52687049852341,0.0808593109545128,0.402180280549109
"GOBP_ALDEHYDE_CATABOLIC_PROCESS",2,556.771598193928,2.51804730658125,0.0815346308479218,0.403048891549354
"GOBP_CELL_VOLUME_HOMEOSTASIS",2,544.522387231816,2.51999376359005,0.0813981317740088,0.403048891549354
"GOBP_CORTICOSTEROID_HORMONE_SECRETION",2,576.474991132797,2.51913846379793,0.0814151584070283,0.403048891549354
"GOBP_FATTY_ACYL_COA_METABOLIC_PROCESS",2,540.756340257878,2.51692522363896,0.0816525270317043,0.403048891549354
"GOBP_NEGATIVE_REGULATION_OF_DEFENSE_RESPONSE",2,536.039659701206,2.5186520343978,0.0815212594033851,0.403048891549354
"GOBP_POSITIVE_REGULATION_OF_REACTIVE_OXYGEN_SPECIES_BIOSYNTHETIC_PROCESS",2,545.634680935484,2.51773108056785,0.0815789139427257,0.403048891549354
"GOBP_SPERM_EGG_RECOGNITION",2,573.265070514622,2.51846658129463,0.0814743651971458,0.403048891549354
"GOBP_CELLULAR_RESPONSE_TO_GLUCOCORTICOID_STIMULUS",2,534.647973953216,2.51118793539432,0.0821288037883332,0.404325894155433
"GOBP_REGULATION_OF_NUCLEOTIDE_EXCISION_REPAIR",2,548.28645613453,2.51131843218683,0.0820943897340379,0.404325894155433
"GOBP_REGULATION_OF_STEROID_HORMONE_BIOSYNTHETIC_PROCESS",2,541.303528198429,2.50964635484165,0.0822425633508824,0.404325894155433
"GOBP_VENTRICULAR_SEPTUM_MORPHOGENESIS",2,530.068539643995,2.50960674492126,0.0822658254278101,0.404325894155433
"GOBP_EPIDERMIS_MORPHOGENESIS",2,568.889354001612,2.50710826966896,0.0824037870212023,0.404568000649842
"GOBP_REGULATION_OF_SENSORY_PERCEPTION",2,540.884727837707,2.50464017451381,0.0826522515591116,0.404916132503875
"GOBP_SPINDLE_ELONGATION",2,539.586902966889,2.50522674419613,0.082606506357871,0.404916132503875
"GOBP_POSITIVE_REGULATION_OF_CALCIUM_ION_TRANSMEMBRANE_TRANSPORTER_ACTIVITY",2,549.191844226564,2.50280540579981,0.0827883169071413,0.405147546580978
"GOBP_REGULATION_OF_INNATE_IMMUNE_RESPONSE",2,539.865946901621,2.50128883296604,0.0829289516160504,0.405400802058741
"GOBP_MULTICELLULAR_ORGANISM_GROWTH",2,536.696997151417,2.49496901623944,0.0834554829192982,0.406233145778996
"GOBP_NUCLEOTIDE_TRANSPORT",2,541.190824540423,2.49602382744518,0.0833603724747117,0.406233145778996
"GOBP_PHOTOPERIODISM",2,537.631605914644,2.49553485255512,0.0834070470876583,0.406233145778996
"GOBP_PROTEIN_TARGETING_TO_LYSOSOME",2,555.902019905297,2.49493466652363,0.0834252923053469,0.406233145778996
"GOBP_REGULATION_OF_EXTRINSIC_APOPTOTIC_SIGNALING_PATHWAY_VIA_DEATH_DOMAIN_RECEPTORS",2,549.609974513011,2.49177479202745,0.0836975456666971,0.406543669633446
"GOBP_RRNA_TRANSCRIPTION",2,543.793589610223,2.4929058205737,0.0836137748298498,0.406543669633446
"GOBP_KERATINOCYTE_MIGRATION",2,549.92732998128,2.49066911370983,0.0837887678548477,0.40655379807017
"GOBP_REGULATION_OF_STEROID_METABOLIC_PROCESS",2,538.543273514816,2.48707842704266,0.0841072136396565,0.407292043794121
"GOBP_RETINA_HOMEOSTASIS",2,527.184984382795,2.48652236354752,0.0841741290300355,0.407292043794121
"GOBP_SYNAPTIC_MEMBRANE_ADHESION",2,536.198881699626,2.48591004690529,0.084208813264165,0.407292043794121
"GOBP_INTERLEUKIN_4_MEDIATED_SIGNALING_PATHWAY",2,544.419514504644,2.47955498646855,0.0847262350696753,0.409360548890667
"GOBP_POSITIVE_REGULATION_OF_INTERFERON_BETA_PRODUCTION",2,541.391606096897,2.47663892472412,0.0849767170979363,0.409980392739397
"GOBP_TRANSLATIONAL_TERMINATION",2,557.789207667444,2.47562346438931,0.0850343020240012,0.409980392739397
"GOBP_OSTEOBLAST_DEVELOPMENT",2,544.496773969178,2.46510709598951,0.0859479241141672,0.413947710543523
"GOBP_NEGATIVE_REGULATION_OF_CILIUM_ASSEMBLY",2,553.093460579633,2.46045357463835,0.0863304709914823,0.4146201412303
"GOBP_NEPHRON_EPITHELIUM_DEVELOPMENT",2,546.455573130837,2.46025582056314,0.0863587379638559,0.4146201412303
"GOBP_POLARIZED_EPITHELIAL_CELL_DIFFERENTIATION",2,531.779818544949,2.46054285985442,0.0863602574366991,0.4146201412303
"GOBP_CHEMOKINE_PRODUCTION",2,545.457523880167,2.45915310810344,0.0864548985785904,0.414638057220769
"GOBP_PHOSPHATIDYLCHOLINE_ACYL_CHAIN_REMODELING",2,545.121328037417,2.45700581996224,0.0866396641677929,0.415087718770277
"GOBP_POSITIVE_REGULATION_OF_MRNA_CATABOLIC_PROCESS",2,557.643905231864,2.4548020846595,0.0868077981429744,0.415456838751423
"GOBP_NEGATIVE_REGULATION_OF_INFLAMMATORY_RESPONSE",2,544.139529886992,2.45036491501962,0.0872134898303885,0.416960929891407
"GOBP_NEGATIVE_REGULATION_OF_MACROPHAGE_ACTIVATION",2,525.513957198718,2.44707387816145,0.0875321389080587,0.418046162889692
"GOBP_ACIDIC_AMINO_ACID_TRANSPORT",2,551.651906463138,2.44142988078097,0.0879762617377196,0.418414733874597
"GOBP_CELLULAR_RESPONSE_TO_XENOBIOTIC_STIMULUS",2,541.420352996087,2.44374717494045,0.0877921626000581,0.418414733874597
"GOBP_EPITHELIAL_CELL_MATURATION",2,541.000501884461,2.44273776839676,0.0878807745592377,0.418414733874597
"GOBP_NEGATIVE_REGULATION_OF_ENDOCYTOSIS",2,541.594089014522,2.44258577239496,0.087892963842581,0.418414733874597
"GOBP_NEGATIVE_REGULATION_OF_STEM_CELL_DIFFERENTIATION",2,538.529683828044,2.44053114096936,0.0880775660871429,0.418460186378603
"GOBP_DEFINITIVE_HEMOPOIESIS",2,520.180846129172,2.43949011349264,0.0882024372587986,0.418617394731926
"GOBP_NEGATIVE_REGULATION_OF_CELL_JUNCTION_ASSEMBLY",2,552.168604819294,2.4377510881644,0.0882967766490672,0.418629520058623
"GOBP_ENDOPLASMIC_RETICULUM_CALCIUM_ION_HOMEOSTASIS",2,550.000013250801,2.4356068865188,0.088488350541522,0.418667392966683
"GOBP_PURINE_CONTAINING_COMPOUND_BIOSYNTHETIC_PROCESS",2,539.571725620082,2.43645973566006,0.0884318049687076,0.418667392966683
"GOBP_CELL_MIGRATION_INVOLVED_IN_SPROUTING_ANGIOGENESIS",2,541.636488817373,2.43290001355992,0.0887406662101788,0.419426091797539
"GOBP_PHOTORECEPTOR_CELL_OUTER_SEGMENT_ORGANIZATION",2,542.162419236636,2.43091613239831,0.0889143920652101,0.419812155496297
"GOBP_BIOLOGICAL_PROCESS_INVOLVED_IN_INTERACTION_WITH_SYMBIONT",2,545.383981316796,2.42573040807187,0.0893668983716566,0.420814971256637
"GOBP_EMBRYONIC_EYE_MORPHOGENESIS",2,551.049354256149,2.42629747583136,0.0893068867549421,0.420814971256637
"GOBP_REGULATION_OF_BMP_SIGNALING_PATHWAY",2,543.187851531412,2.42535991103412,0.0894035753448106,0.420814971256637
"GOBP_NEGATIVE_REGULATION_OF_LEUKOCYTE_APOPTOTIC_PROCESS",2,532.322294922965,2.42295514661986,0.0896364590547009,0.4211738244613
"GOBP_POSITIVE_REGULATION_OF_SMOOTH_MUSCLE_CELL_APOPTOTIC_PROCESS",2,559.370796910386,2.42210806272095,0.0896644997921338,0.4211738244613
"GOBP_KERATAN_SULFATE_PROTEOGLYCAN_METABOLIC_PROCESS",2,539.47878848549,2.41648429175585,0.0902001343826121,0.423253922756269
"GOBP_REGULATION_OF_MORPHOGENESIS_OF_AN_EPITHELIUM",2,515.533813972721,2.41533690606151,0.0903475875226107,0.423510119928703
"GOBP_PURINE_CONTAINING_COMPOUND_TRANSMEMBRANE_TRANSPORT",2,536.342367387093,2.41356703999561,0.0904669579412077,0.423634286622021
"GOBP_SEQUESTERING_OF_CALCIUM_ION",2,536.818183660665,2.40991599263466,0.0907940449732664,0.424294712216258
"GOBP_STEROL_TRANSPORT",2,525.593571980049,2.41031340093298,0.0907790181417508,0.424294712216258
"GOBP_VERY_LONG_CHAIN_FATTY_ACID_METABOLIC_PROCESS",2,543.3822592742,2.40485102055891,0.091239237038999,0.425938751417477
"GOBP_MHC_CLASS_II_BIOSYNTHETIC_PROCESS",2,532.609461955595,2.40334202155476,0.091395227922519,0.426230710178537
"GOBP_ACYL_COA_METABOLIC_PROCESS",2,546.021532072318,2.4006728770065,0.0916132472915444,0.426811053009943
"GOBP_REGULATION_OF_SODIUM_ION_TRANSPORT",2,548.017646580162,2.39949677271678,0.0917166354304016,0.426856708365369
"GOBP_PHOSPHATIDYLSERINE_METABOLIC_PROCESS",2,539.920720125117,2.39811449442524,0.0918566857889277,0.427072725671049
"GOBP_DETECTION_OF_LIGHT_STIMULUS_INVOLVED_IN_SENSORY_PERCEPTION",2,564.445496158454,2.39588736048866,0.0920176574876019,0.427104699271863
"GOBP_PIRNA_PROCESSING",2,515.523664926361,2.39569068435489,0.0921234115014211,0.427104699271863
"GOBP_VESICLE_TARGETING_ROUGH_ER_TO_CIS_GOLGI",2,533.112815721428,2.39509369012113,0.0921444911386786,0.427104699271863
"GOBP_POSITIVE_REGULATION_OF_OSTEOBLAST_PROLIFERATION",2,535.681531091107,2.39291506099616,0.092338968081866,0.427571607534407
"GOBP_DETOXIFICATION_OF_INORGANIC_COMPOUND",2,536.383224683447,2.38975708598184,0.0926271679215606,0.428471108407949
"GOBP_ENDOCRINE_SYSTEM_DEVELOPMENT",2,558.273391521343,2.3881235156824,0.0927390405746205,0.428553965613824
"GOBP_REGULATION_OF_METAPHASE_PLATE_CONGRESSION",2,554.384624505062,2.38603631802228,0.09293773534675,0.429037460441829
"GOBP_MULTICELLULAR_ORGANISMAL_LEVEL_WATER_HOMEOSTASIS",2,530.608425903539,2.38436408032587,0.0931342415410731,0.429402184097952
"GOBP_REGULATION_OF_LIPID_LOCALIZATION",2,531.744340108697,2.38357461893905,0.0932050344786171,0.429402184097952
"GOBP_NEGATIVE_REGULATION_OF_NON_CANONICAL_NF_KAPPAB_SIGNAL_TRANSDUCTION",2,556.946290664524,2.3815717277892,0.0933456952680457,0.429616262479875
"GOBP_POSITIVE_REGULATION_OF_SPINDLE_CHECKPOINT",2,533.997602857539,2.3789240065756,0.0936314834279975,0.430497173301509
"GOBP_MIDBODY_ABSCISSION",2,541.939228659309,2.37600504366865,0.0938883934716854,0.431201402781595
"GOBP_NEGATIVE_REGULATION_OF_FIBROBLAST_GROWTH_FACTOR_RECEPTOR_SIGNALING_PATHWAY",2,550.635864862591,2.37492463740456,0.093973732594805,0.431201402781595
"GOBP_ORGANELLE_MEMBRANE_FUSION",2,546.289411463542,2.36460514770744,0.0949477365053335,0.435232790151584
"GOBP_COPULATION",2,538.943111634443,2.35947114103646,0.0954453567597917,0.437074570463263
"GOBP_NEGATIVE_REGULATION_OF_CYTOKINE_PRODUCTION",2,542.304849284915,2.35764260478499,0.0956124819700442,0.43740073246276
"GOBP_COENZYME_A_BIOSYNTHETIC_PROCESS",2,543.870019592182,2.35020826924815,0.0963169920003894,0.437987837002768
"GOBP_DOUBLE_STRAND_BREAK_REPAIR",2,544.619784859655,2.35184807674944,0.0961592007195537,0.437987837002768
"GOBP_FORMATION_OF_CYTOPLASMIC_TRANSLATION_INITIATION_COMPLEX",2,543.132053542492,2.35223182076338,0.0961252675621331,0.437987837002768
"GOBP_MONOCARBOXYLIC_ACID_METABOLIC_PROCESS",2,523.904880475901,2.35256367120388,0.0961291719537833,0.437987837002768
"GOBP_POSITIVE_REGULATION_OF_T_CELL_RECEPTOR_SIGNALING_PATHWAY",2,539.601546933974,2.35054826649183,0.096292179690533,0.437987837002768
"GOBP_RESPONSE_TO_UV",2,550.498274067546,2.35215526583551,0.096119609800214,0.437987837002768
"GOBP_REGULATION_OF_URINE_VOLUME",2,562.122428768677,2.34707385834994,0.0965853548638864,0.43877072065158
"GOBP_HYALURONAN_METABOLIC_PROCESS",2,538.812041889594,2.33907683316905,0.0973949527793468,0.441273434794407
"GOBP_REGULATION_OF_MRNA_EXPORT_FROM_NUCLEUS",2,543.299140399837,2.33786404016933,0.0975040508857495,0.441273434794407
"GOBP_REGULATION_OF_SYNAPTIC_VESICLE_CYCLE",2,536.610629034764,2.33779029719489,0.0975232673257537,0.441273434794407
"GOBP_SPINDLE_ASSEMBLY_INVOLVED_IN_FEMALE_MEIOSIS",2,554.113336329632,2.33903623585305,0.097371875445691,0.441273434794407
"GOBP_ERYTHROSE_4_PHOSPHATE_PHOSPHOENOLPYRUVATE_FAMILY_AMINO_ACID_METABOLIC_PROCESS",2,560.045673941162,2.33474095447665,0.0977774249181126,0.441431976417251
"GOBP_NEGATIVE_REGULATION_OF_SMALL_MOLECULE_METABOLIC_PROCESS",2,550.980605309406,2.33575817891059,0.0976943185157722,0.441431976417251
"GOBP_POSITIVE_REGULATION_OF_CELL_ADHESION_MEDIATED_BY_INTEGRIN",2,540.654402152004,2.33427402672785,0.09785647170935,0.441431976417251
"GOBP_TRANSITION_METAL_ION_TRANSPORT",2,535.249651128085,2.33345880205145,0.0979454418185174,0.441431976417251
"GOBP_INTERLEUKIN_6_PRODUCTION",2,547.499977557652,2.32667994089327,0.0985838277318592,0.443870521505439
"GOBP_ROOF_OF_MOUTH_DEVELOPMENT",2,530.725550366926,2.32477394980569,0.0988007909198147,0.444408685784295
"GOBP_AUTOPHAGOSOME_MATURATION",2,554.404979008811,2.32176127346186,0.0990538087227534,0.445107804516727
"GOBP_CELL_DIFFERENTIATION_INVOLVED_IN_EMBRYONIC_PLACENTA_DEVELOPMENT",2,550.901498448189,2.31933429549643,0.099298560669745,0.445478730357105
"GOBP_TELOMERE_ORGANIZATION",2,544.694797836553,2.31910876659042,0.0993316967272914,0.445478730357105
"GOBP_AROMATIC_AMINO_ACID_FAMILY_CATABOLIC_PROCESS",2,549.321871726661,2.31534223424272,0.0996951972760101,0.446325773300831
"GOBP_PROTEIN_LOCALIZATION_TO_SITE_OF_DOUBLE_STRAND_BREAK",2,562.031914138761,2.31490895886765,0.0997162821735467,0.446325773300831
"GOBP_MOTILE_CILIUM_ASSEMBLY",2,538.987828050189,2.31233974075177,0.100010926393309,0.446330562896168
"GOBP_NEGATIVE_REGULATION_OF_ENDOTHELIAL_CELL_PROLIFERATION",2,532.861935108143,2.31428296414286,0.099829695950271,0.446330562896168
"GOBP_NUCLEAR_MRNA_SURVEILLANCE",2,541.157396531862,2.31265780428232,0.0999754597904921,0.446330562896168
"GOBP_ANTIGEN_PROCESSING_AND_PRESENTATION_OF_EXOGENOUS_PEPTIDE_ANTIGEN_VIA_MHC_CLASS_II",2,521.011129933921,2.30540918254914,0.100734410638468,0.44703924235779
"GOBP_METALLO_SULFUR_CLUSTER_ASSEMBLY",2,562.317114289899,2.30663887097498,0.100537105082746,0.44703924235779
"GOBP_ORGAN_OR_TISSUE_SPECIFIC_IMMUNE_RESPONSE",2,547.147974446747,2.30439781366648,0.100786924742119,0.44703924235779
"GOBP_PYRIMIDINE_RIBONUCLEOSIDE_TRIPHOSPHATE_METABOLIC_PROCESS",2,541.934838524832,2.30184354675662,0.101051843646324,0.44703924235779
"GOBP_REGULATION_OF_CYTOKINESIS",2,550.74488313484,2.30201679949055,0.101018858227324,0.44703924235779
"GOBP_REGULATION_OF_LIPID_CATABOLIC_PROCESS",2,561.39572804617,2.30459705349574,0.100742464888027,0.44703924235779
"GOBP_SULFUR_AMINO_ACID_TRANSPORT",2,573.106087903115,2.30546744222348,0.100636269994222,0.44703924235779
"GOBP_TRICARBOXYLIC_ACID_CYCLE",2,553.69069137714,2.30630840540761,0.100584724689943,0.44703924235779
"GOBP_TUBE_CLOSURE",2,531.419566832149,2.30291319473684,0.100964048306368,0.44703924235779
"GOBP_NEGATIVE_REGULATION_OF_RECEPTOR_INTERNALIZATION",2,554.468872277526,2.29996528620039,0.101218133691534,0.447340995898342
"GOBP_RESPONSE_TO_LAMINAR_FLUID_SHEAR_STRESS",2,537.505359971487,2.29819503816308,0.101426145215152,0.447826377857025
"GOBP_POSTSYNAPTIC_SPECIALIZATION_ORGANIZATION",2,539.99790555227,2.29308117186367,0.10193718674024,0.44964749392866
"GOBP_NEGATIVE_REGULATION_OF_POST_TRANSCRIPTIONAL_GENE_SILENCING",2,565.533352630576,2.28746435137271,0.102462168836774,0.450692728696135
"GOBP_POSITIVE_REGULATION_OF_LYASE_ACTIVITY",2,559.928029817219,2.28743366250442,0.102474676975109,0.450692728696135
"GOBP_RESPONSE_TO_TUMOR_NECROSIS_FACTOR",2,539.523807004114,2.28685434293875,0.102569404162813,0.450692728696135
"GOBP_SODIUM_ION_IMPORT_ACROSS_PLASMA_MEMBRANE",2,548.40054680684,2.28702974385803,0.102535653391313,0.450692728696135
"GOBP_REGULATION_OF_RESPIRATORY_BURST",2,541.998707672743,2.284908171493,0.102763045515837,0.451108999612832
"GOBP_DNA_REPLICATION",2,542.859736144599,2.27920090996209,0.103344738832144,0.453222397651783
"GOBP_TELENCEPHALON_GLIAL_CELL_MIGRATION",2,561.92293764313,2.27791702323208,0.103443217705658,0.453222397651783
"GOBP_ACTIVATION_OF_GTPASE_ACTIVITY",2,553.32950183,2.27480620708448,0.103777598499044,0.454251081337944
"GOBP_POSITIVE_REGULATION_OF_SECRETION",2,526.783295754362,2.27289020412446,0.104023388812173,0.454454670854714
"GOBP_PYRIMIDINE_CONTAINING_COMPOUND_TRANSMEMBRANE_TRANSPORT",2,553.669524342591,2.27305144944213,0.10395778610121,0.454454670854714
"GOBP_POSITIVE_REGULATION_OF_BIOMINERAL_TISSUE_DEVELOPMENT",2,548.480537747961,2.26706214746016,0.104586279196266,0.456040171524061
"GOBP_REGULATION_OF_TOLL_LIKE_RECEPTOR_4_SIGNALING_PATHWAY",2,540.675032332213,2.26770964683803,0.104533129123472,0.456040171524061
"GOBP_MAINTENANCE_OF_SISTER_CHROMATID_COHESION",2,547.804798158747,2.26426185745941,0.104878351177032,0.456666916512469
"GOBP_SENSORY_ORGAN_DEVELOPMENT",2,537.262127359921,2.26394599572301,0.104930262772433,0.456666916512469
"GOBP_DNA_REPLICATION_INITIATION",2,543.071720957658,2.25906760119123,0.105428515012582,0.456995029478923
"GOBP_EYE_PHOTORECEPTOR_CELL_DEVELOPMENT",2,538.879035805358,2.25655737854433,0.105698934322452,0.456995029478923
"GOBP_GLYCOSPHINGOLIPID_METABOLIC_PROCESS",2,532.049321543693,2.25487945875034,0.105887643997651,0.456995029478923
"GOBP_MICROGLIA_DIFFERENTIATION",2,547.778613324803,2.26042057387968,0.10527872690923,0.456995029478923
"GOBP_MONOCYTE_CHEMOTACTIC_PROTEIN_1_PRODUCTION",2,531.225835678893,2.25921140800725,0.105435328925813,0.456995029478923
"GOBP_POSITIVE_REGULATION_OF_AXONOGENESIS",2,554.001774627256,2.25665998362407,0.105661216857985,0.456995029478923
"GOBP_REGULATION_OF_NERVOUS_SYSTEM_PROCESS",2,546.189134025188,2.25349104837348,0.106007617011335,0.456995029478923
"GOBP_REGULATION_OF_PROTEIN_AUTOPHOSPHORYLATION",2,533.713449278748,2.25625186715666,0.105740523341053,0.456995029478923
"GOBP_RRNA_CATABOLIC_PROCESS",2,537.302384143625,2.2591852048535,0.105426740266912,0.456995029478923
"GOBP_SMOOTH_MUSCLE_TISSUE_DEVELOPMENT",2,554.670999304797,2.25422803910218,0.105915251820802,0.456995029478923
"GOBP_MISMATCH_REPAIR",2,556.315427770401,2.25033562896034,0.106322148192358,0.457822944563341
"GOBP_MITOCHONDRIAL_MEMBRANE_ORGANIZATION",2,554.107906716068,2.24962990346475,0.106400421231559,0.457822944563341
"GOBP_INTERFERON_BETA_PRODUCTION",2,534.463499821877,2.24534532308511,0.106888946595274,0.458626985344349
"GOBP_NEGATIVE_REGULATION_OF_ORGAN_GROWTH",2,557.669149248832,2.24510205491002,0.106873242363757,0.458626985344349
"GOBP_PURINE_CONTAINING_COMPOUND_METABOLIC_PROCESS",2,534.774549079792,2.24578645033326,0.106841618184672,0.458626985344349
"GOBP_DENDRITIC_CELL_ANTIGEN_PROCESSING_AND_PRESENTATION",2,525.184496354944,2.24188504461338,0.107273985493762,0.459846473531059
"GOBP_POSITIVE_REGULATION_OF_LIPID_CATABOLIC_PROCESS",2,560.515447671128,2.23900729418411,0.107516514692503,0.460021410424491
"GOBP_POSITIVE_REGULATION_OF_NF_KAPPAB_TRANSCRIPTION_FACTOR_ACTIVITY",2,534.551004486445,2.23952043029462,0.107508005538868,0.460021410424491
"GOBP_RESPONSE_TO_ALCOHOL",2,540.984283930483,2.23800510977689,0.107657818364334,0.460194291995997
"GOBP_COCHLEA_MORPHOGENESIS",2,572.193828659442,2.23393538626348,0.10803944520755,0.460961561825666
"GOBP_POSITIVE_REGULATION_OF_ENDOCYTOSIS",2,545.356768012201,2.23501855970318,0.107969273239247,0.460961561825666
"GOBP_MAINTENANCE_OF_PROTEIN_LOCALIZATION_IN_ENDOPLASMIC_RETICULUM",2,542.640163324005,2.23068663988872,0.108439086293717,0.461873027024255
"GOBP_T_CELL_SELECTION",2,528.081634516359,2.23078516956001,0.108455604460201,0.461873027024255
"GOBP_BRANCHING_MORPHOGENESIS_OF_AN_EPITHELIAL_TUBE",2,531.084691891823,2.22977446061926,0.108558642549837,0.461880567788998
"GOBP_CALCIUM_ION_REGULATED_EXOCYTOSIS_OF_NEUROTRANSMITTER",2,533.423552753987,2.22777614767985,0.108769576785282,0.462029365849477
"GOBP_CEREBRAL_CORTEX_CELL_MIGRATION",2,557.530973140262,2.22498387859114,0.109027904767112,0.462029365849477
"GOBP_DIENCEPHALON_DEVELOPMENT",2,545.657071324662,2.22338977455425,0.109221314591369,0.462029365849477
"GOBP_GERMINAL_CENTER_FORMATION",2,542.299516024724,2.22417375563972,0.109142472359069,0.462029365849477
"GOBP_NEURON_CELLULAR_HOMEOSTASIS",2,546.774760832489,2.22642642251929,0.108890825396985,0.462029365849477
"GOBP_NUCLEOTIDE_METABOLIC_PROCESS",2,540.523096110089,2.22272445851249,0.109302715578072,0.462029365849477
"GOBP_PROTEIN_METHYLATION",2,536.863886054353,2.2254205147574,0.109017558663288,0.462029365849477
"GOBP_PTERIDINE_CONTAINING_COMPOUND_BIOSYNTHETIC_PROCESS",2,536.649656721895,2.22003874638864,0.109601400602162,0.462862951987464
"GOBP_ACETYL_COA_METABOLIC_PROCESS",2,546.147576248496,2.21839671878779,0.109762721524316,0.463115423563744
"GOBP_DNA_DEAMINATION",2,520.147131105692,2.21656349440306,0.110011417498142,0.463735744185791
"GOBP_REGULATION_OF_KETONE_BIOSYNTHETIC_PROCESS",2,552.997997402541,2.20865305123694,0.110816625002533,0.466698639553606
"GOBP_PROTEIN_DNA_COMPLEX_DISASSEMBLY",2,545.563498764515,2.20709436296872,0.111001300076445,0.467045138052273
"GOBP_MODIFICATION_OF_POSTSYNAPTIC_ACTIN_CYTOSKELETON",2,546.199298953615,2.2039525628441,0.111346644845923,0.46739052485976
"GOBP_REGULATION_OF_B_CELL_PROLIFERATION",2,522.078576253108,2.20396243850908,0.111390813532681,0.46739052485976
"GOBP_RESPONSE_TO_HYDROXYUREA",2,535.732072199793,2.20422941292563,0.111335209421076,0.46739052485976
"GOBP_INORGANIC_ANION_TRANSPORT",2,543.811747596068,2.20260390506849,0.111500012833955,0.4674187118894
"GOBP_POSITIVE_REGULATION_OF_LIPID_TRANSPORT",2,525.760843454573,2.19832425026226,0.112008167459799,0.46859086583538
"GOBP_REGULATION_OF_CILIUM_BEAT_FREQUENCY",2,553.588236097817,2.196516264914,0.112157986673721,0.46859086583538
"GOBP_REGULATION_OF_EPIDERMAL_GROWTH_FACTOR_ACTIVATED_RECEPTOR_ACTIVITY",2,572.053830541201,2.19594293384638,0.112190577832106,0.46859086583538
"GOBP_REGULATION_OF_RRNA_PROCESSING",2,543.545964536297,2.19806765926918,0.1120033560837,0.46859086583538
"GOBP_GLYCOPROTEIN_CATABOLIC_PROCESS",2,540.831715207527,2.19532737756641,0.112313174349041,0.468673731204003
"GOBP_METHIONINE_METABOLIC_PROCESS",2,552.251069986974,2.19371131594207,0.112472886057418,0.46891118218271
"GOBP_NEGATIVE_REGULATION_OF_EPITHELIAL_CELL_PROLIFERATION",2,539.812333673253,2.19252599351195,0.112627578773415,0.469127293868078
"GOBP_MAINTENANCE_OF_SYNAPSE_STRUCTURE",2,535.62627453537,2.19095298568904,0.112811208336093,0.469463431770912
"GOBP_REGULATION_OF_CARDIAC_MUSCLE_CELL_ACTION_POTENTIAL",2,547.03209352623,2.1889579171887,0.113013813932497,0.469490384253923
"GOBP_REGULATION_OF_LAMELLIPODIUM_MORPHOGENESIS",2,540.260006947975,2.18892535389827,0.113029741863597,0.469490384253923
"GOBP_REGULATION_OF_LEUKOCYTE_DEGRANULATION",2,557.879428222299,2.18778371198534,0.113126492500562,0.469490384253923
"GOBP_REGULATION_OF_FATTY_ACID_METABOLIC_PROCESS",2,556.411918734413,2.18625778315848,0.113300435931118,0.469784807528935
"GOBP_CELLULAR_RESPONSE_TO_LIGHT_STIMULUS",2,544.628171543819,2.18341341311885,0.113641488673326,0.470101910910415
"GOBP_POSITIVE_REGULATION_OF_SYNAPSE_ASSEMBLY",2,539.917456176126,2.18427396186303,0.113553100404969,0.470101910910415
"GOBP_REGULATION_OF_FILOPODIUM_ASSEMBLY",2,550.54656529058,2.18292376505284,0.113686123160313,0.470101910910415
"GOBP_T_CELL_RECEPTOR_SIGNALING_PATHWAY",2,520.078890468713,2.18223681745195,0.113820672323091,0.470231962378276
"GOBP_PSEUDOPODIUM_ORGANIZATION",2,524.47386251429,2.18120385783891,0.113928688526147,0.470252260966294
"GOBP_CDP_DIACYLGLYCEROL_METABOLIC_PROCESS",2,540.30428004098,2.17810634401954,0.114249257789556,0.471149063994726
"GOBP_POSITIVE_REGULATION_OF_CHOLESTEROL_EFFLUX",2,553.854260338896,2.17362881882067,0.114733563210444,0.472718863417194
"GOBP_CALCIUM_ION_TRANSPORT_INTO_CYTOSOL",2,535.078719967922,2.16994082668404,0.11518817147355,0.473771315223822
"GOBP_INTRACELLULAR_RECEPTOR_SIGNALING_PATHWAY",2,550.699491011567,2.16961682482814,0.115196752594435,0.473771315223822
"GOBP_POSITIVE_REGULATION_OF_AXON_EXTENSION",2,547.72764534377,2.16762179106974,0.115430291667012,0.47430410837229
"GOBP_POSITIVE_REGULATION_OF_HEART_GROWTH",2,557.019768583158,2.16465695545002,0.115753988335497,0.475206067325114
"GOBP_CALCIUM_ION_TRANSPORT",2,526.879052965815,2.16230741268104,0.116079313744677,0.475938531261536
"GOBP_CELLULAR_RESPONSE_TO_FLUID_SHEAR_STRESS",2,543.189869614782,2.16129368373375,0.116165488232098,0.475938531261536
"GOBP_SNRNA_METABOLIC_PROCESS",2,539.610565316315,2.16065690762399,0.1162454557828,0.475938531261536
"GOBP_KERATINIZATION",2,527.792182924989,2.1576886975289,0.116610547389214,0.476151035489886
"GOBP_REGULATION_OF_ASTROCYTE_DIFFERENTIATION",2,544.428988074612,2.15823878750084,0.116515845830859,0.476151035489886
"GOBP_REGULATION_OF_STEM_CELL_DIVISION",2,540.569915401992,2.15782564576689,0.116570656768448,0.476151035489886
"GOBP_REGULATORY_NCRNA_PROCESSING",2,550.646513973605,2.15519191345456,0.116857456622546,0.476732432607722
"GOBP_NEGATIVE_REGULATION_OF_PROTEIN_SERINE_THREONINE_KINASE_ACTIVITY",2,565.917554479719,2.15384821896735,0.116987034743873,0.476834553589639
"GOBP_ANIMAL_ORGAN_MATURATION",2,557.174644595949,2.14732075827429,0.117762265977979,0.477390372187905
"GOBP_CIRCADIAN_SLEEP_WAKE_CYCLE_SLEEP",2,551.102357725943,2.14904440247524,0.117571638493174,0.477390372187905
"GOBP_LACTONE_METABOLIC_PROCESS",2,514.49646478382,2.15110952041421,0.117400330390951,0.477390372187905
"GOBP_MEIOTIC_SPINDLE_ASSEMBLY",2,553.498883499282,2.14609344899103,0.117912185423669,0.477390372187905
"GOBP_NEGATIVE_REGULATION_OF_INNATE_IMMUNE_RESPONSE",2,528.45194036568,2.14473345176453,0.118117448483918,0.477390372187905
"GOBP_POSITIVE_REGULATION_OF_AMYLOID_PRECURSOR_PROTEIN_CATABOLIC_PROCESS",2,537.021826581848,2.1467339464594,0.117867061450251,0.477390372187905
"GOBP_POSITIVE_REGULATION_OF_LEUKOCYTE_PROLIFERATION",2,528.414707601442,2.14566957078546,0.11800788954895,0.477390372187905
"GOBP_REGULATION_OF_DIGESTIVE_SYSTEM_PROCESS",2,547.365588678497,2.15154653762129,0.117286754176746,0.477390372187905
"GOBP_REGULATION_OF_MONOCYTE_DIFFERENTIATION",2,554.278741586931,2.1492827712928,0.117538245197315,0.477390372187905
"GOBP_RESPONSE_TO_DEXAMETHASONE",2,536.99810230517,2.14414626618468,0.118170078973941,0.477390372187905
"GOBP_REGULATION_OF_T_CELL_DIFFERENTIATION_IN_THYMUS",2,538.985507184229,2.14198974241619,0.118419476750074,0.477974542882378
"GOBP_MOLTING_CYCLE_PROCESS",2,535.897116150532,2.13552186467539,0.119187562743078,0.480649402008116
"GOBP_ALPHA_AMINO_ACID_BIOSYNTHETIC_PROCESS",2,541.786428127822,2.13273485820593,0.119506659276775,0.481510488481776
"GOBP_POSITIVE_REGULATION_OF_LYMPHOCYTE_APOPTOTIC_PROCESS",2,540.974883057116,2.12768090742112,0.1201089225561,0.483509969795562
"GOBP_PYRIMIDINE_NUCLEOSIDE_TRIPHOSPHATE_METABOLIC_PROCESS",2,548.709460966996,2.12474964219893,0.120444733075931,0.4844342394703
"GOBP_MESONEPHROS_DEVELOPMENT",2,551.83868678006,2.12243339251759,0.120716326170172,0.48509882260983
"GOBP_NEGATIVE_REGULATION_OF_ADENYLATE_CYCLASE_ACTIVATING_G_PROTEIN_COUPLED_RECEPTOR_SIGNALING_PATHWAY",2,547.024565723591,2.12122341700132,0.120869946927311,0.485288580929107
"GOBP_MEMBRANE_LIPID_CATABOLIC_PROCESS",2,539.365757438695,2.11977649899654,0.121057588817668,0.485348295710763
"GOBP_POSTSYNAPTIC_SIGNAL_TRANSDUCTION",2,551.987257228188,2.11797884690348,0.121250880644005,0.485348295710763
"GOBP_PROTEIN_LIPID_COMPLEX_ASSEMBLY",2,575.456303676237,2.11627007652774,0.121416883447924,0.485348295710763
"GOBP_SMALL_MOLECULE_CATABOLIC_PROCESS",2,531.762493716915,2.119411393584,0.121115721318467,0.485348295710763
"GOBP_VENTRICULAR_CARDIAC_MUSCLE_CELL_MEMBRANE_REPOLARIZATION",2,574.749158731673,2.11670163991297,0.121366029420514,0.485348295710763
"GOBP_NEGATIVE_REGULATION_OF_BMP_SIGNALING_PATHWAY",2,540.968733646586,2.11183643331038,0.122012119664429,0.485622095040977
"GOBP_NEGATIVE_REGULATION_OF_RESPONSE_TO_CYTOKINE_STIMULUS",2,533.968786434547,2.11189778935471,0.12201774192435,0.485622095040977
"GOBP_PEPTIDYL_LYSINE_ACETYLATION",2,572.096484439406,2.11229539934777,0.121902399057733,0.485622095040977
"GOBP_PITUITARY_GLAND_DEVELOPMENT",2,567.892615787635,2.11311008289591,0.121810823863091,0.485622095040977
"GOBP_VISUAL_BEHAVIOR",2,559.597600831541,2.11444279669944,0.121663847406438,0.485622095040977
"GOBP_GLOMERULUS_DEVELOPMENT",2,536.168107908738,2.11071991465739,0.122156282078992,0.48574960990609
"GOBP_EPITHELIAL_CILIUM_MOVEMENT_INVOLVED_IN_DETERMINATION_OF_LEFT_RIGHT_ASYMMETRY",2,543.219935946228,2.10763824265449,0.122517319069026,0.486337243058162
"GOBP_RESOLUTION_OF_MEIOTIC_RECOMBINATION_INTERMEDIATES",2,545.68696176025,2.10768879901348,0.122506689899837,0.486337243058162
"GOBP_BINDING_OF_SPERM_TO_ZONA_PELLUCIDA",2,561.065263697384,2.10612278266601,0.122670156243914,0.486342462097423
"GOBP_REGULATION_OF_PEPTIDYL_THREONINE_PHOSPHORYLATION",2,559.277730696519,2.10564103366601,0.122731895170825,0.486342462097423
"GOBP_PROTEIN_K27_LINKED_UBIQUITINATION",2,539.080862065833,2.10348559699601,0.123030832920578,0.486681378101262
"GOBP_VIRAL_RNA_GENOME_REPLICATION",2,531.399668967564,2.10407767740556,0.12297301939342,0.486681378101262
"GOBP_VERY_LONG_CHAIN_FATTY_ACID_BIOSYNTHETIC_PROCESS",2,543.691590507678,2.10204057433111,0.123198889689973,0.486923861244337
"GOBP_PIGMENTATION",2,527.828215163863,2.10140715131196,0.12330613585112,0.486925788412951
"GOBP_AMINO_SUGAR_BIOSYNTHETIC_PROCESS",2,551.991183476512,2.09197529822073,0.12442068695018,0.487324561977772
"GOBP_CELLULAR_RESPONSE_TO_PH",2,555.758848164464,2.09602011229699,0.123915599754833,0.487324561977772
"GOBP_DEHYDROASCORBIC_ACID_TRANSPORT",2,541.286639855728,2.09839044554667,0.123650346833504,0.487324561977772
"GOBP_EPIBOLY",2,548.856095036759,2.09520224461383,0.124028425518395,0.487324561977772
"GOBP_GUANINE_NUCLEOTIDE_TRANSPORT",2,540.670379537481,2.09377853945579,0.124218659785998,0.487324561977772
"GOBP_MUSCLE_ADAPTATION",2,558.254347759801,2.09368617731495,0.124198643876607,0.487324561977772
"GOBP_MYELIN_ASSEMBLY",2,557.604359634774,2.09814684125938,0.123651105206828,0.487324561977772
"GOBP_NEGATIVE_REGULATION_OF_LIPID_TRANSPORT",2,556.225019310167,2.09147070386654,0.124475578755559,0.487324561977772
"GOBP_POSITIVE_REGULATION_OF_SODIUM_ION_TRANSMEMBRANE_TRANSPORT",2,543.885555668,2.09328011409438,0.124274219660934,0.487324561977772
"GOBP_SPLICEOSOMAL_SNRNP_ASSEMBLY",2,555.96712053506,2.09280138424221,0.124311736331988,0.487324561977772
"GOBP_REGULATION_OF_MUSCLE_HYPERTROPHY",2,541.574578412592,2.09047769207824,0.124624540271214,0.487489303753865
"GOBP_PHAGOCYTOSIS_RECOGNITION",2,524.398357421393,2.08427842448557,0.12542618327422,0.49020464602718
"GOBP_METANEPHROS_DEVELOPMENT",2,551.215829527803,2.07970775433574,0.125946208520584,0.491815631046561
"GOBP_NEGATIVE_REGULATION_OF_TISSUE_REMODELING",2,546.564233421932,2.07868120665735,0.126082922589985,0.491928323295913
"GOBP_AXIS_ELONGATION",2,557.2393401505,2.07561710310061,0.126448017580161,0.492931118105224
"GOBP_PROTEIN_HOMOTETRAMERIZATION",2,555.953838147581,2.0747348758567,0.126561035496439,0.492950369683399
"GOBP_PIGMENT_GRANULE_LOCALIZATION",2,540.794295768712,2.07391158568719,0.126691700112155,0.493038262979128
"GOBP_NEGATIVE_REGULATION_OF_INTERLEUKIN_12_PRODUCTION",2,521.546111824114,2.07328918056088,0.1268067871126,0.493065435652657
"GOBP_CELL_CYCLE_G2_M_PHASE_TRANSITION",2,528.71889423806,2.06949574611431,0.12727089715725,0.493308885541383
"GOBP_MALE_MEIOSIS_I",2,537.137291333932,2.06936648779858,0.12727123044421,0.493308885541383
"GOBP_NEUROTRANSMITTER_RECEPTOR_INTERNALIZATION",2,541.310908629077,2.06974606094757,0.127215556626505,0.493308885541383
"GOBP_NUCLEOTIDE_BIOSYNTHETIC_PROCESS",2,550.393931047129,2.06893118126684,0.127302029879897,0.493308885541383
"GOBP_POSITIVE_REGULATION_OF_TELOMERE_MAINTENANCE",2,545.390363457963,2.06745409551965,0.127497793118797,0.493648076752829
"GOBP_OSTEOBLAST_PROLIFERATION",2,557.289726663538,2.06475557565039,0.12781859478033,0.493813904442134
"GOBP_REGULATION_OF_MEIOTIC_CELL_CYCLE",2,554.007735934859,2.06511683130687,0.127778503199702,0.493813904442134
"GOBP_SNARE_COMPLEX_ASSEMBLY",2,563.413022224396,2.06430361322034,0.127865428885367,0.493813904442134
"GOBP_EPITHELIAL_CELL_APOPTOTIC_PROCESS",2,536.488792056892,2.06104860636037,0.128327341148025,0.494235341965437
"GOBP_KINETOCHORE_ORGANIZATION",2,548.785425542939,2.05906287522608,0.128557933796766,0.494235341965437
"GOBP_NON_LYTIC_VIRAL_RELEASE",2,545.353219388741,2.05588789044891,0.12896989368301,0.494235341965437
"GOBP_P38MAPK_CASCADE",2,542.781929283367,2.05712605968337,0.128816187595378,0.494235341965437
"GOBP_POSITIVE_REGULATION_OF_EXECUTION_PHASE_OF_APOPTOSIS",2,548.893027070047,2.05815581408534,0.128673534705169,0.494235341965437
"GOBP_POSITIVE_REGULATION_OF_INTERLEUKIN_6_PRODUCTION",2,551.580650719101,2.06099947411253,0.128306078164426,0.494235341965437
"GOBP_POSITIVE_REGULATION_OF_MONOCYTE_CHEMOTACTIC_PROTEIN_1_PRODUCTION",2,527.874140890385,2.06137965082741,0.128301603287589,0.494235341965437
"GOBP_REGULATION_OF_AMIDE_METABOLIC_PROCESS",2,544.181146022561,2.05467047705489,0.129127954431178,0.494235341965437
"GOBP_REGULATION_OF_ENDOCYTIC_RECYCLING",2,536.896629298819,2.05984542472414,0.128479892777658,0.494235341965437
"GOBP_REGULATION_OF_T_HELPER_17_TYPE_IMMUNE_RESPONSE",2,542.516138208178,2.05550177413545,0.129024503026862,0.494235341965437
"GOBP_RESPONSE_TO_ETHER",2,539.089034398571,2.05444262940893,0.129166526556194,0.494235341965437
"GOBP_CELLULAR_RESPONSE_TO_CORTICOSTEROID_STIMULUS",2,539.805227998799,2.04981732502769,0.129759481534372,0.494540565711811
"GOBP_MAMMARY_GLAND_EPITHELIUM_DEVELOPMENT",2,537.197817273246,2.05102921033962,0.129608360382913,0.494540565711811
"GOBP_REGULATION_OF_MEMBRANE_PROTEIN_ECTODOMAIN_PROTEOLYSIS",2,545.624174915509,2.04950973220198,0.129788436123008,0.494540565711811
"GOBP_REGULATION_OF_RECEPTOR_MEDIATED_ENDOCYTOSIS",2,558.156663445987,2.05082536273566,0.129596854761686,0.494540565711811
"GOBP_THYMOCYTE_APOPTOTIC_PROCESS",2,537.319977551023,2.05124067833078,0.129580934511874,0.494540565711811
"GOBP_ACTIN_MEDIATED_CELL_CONTRACTION",2,554.937776370273,2.04221111472675,0.130715469751959,0.496925905169264
"GOBP_ANGIOTENSIN_ACTIVATED_SIGNALING_PATHWAY",2,531.862750074417,2.04154174610161,0.130844561127586,0.496925905169264
"GOBP_NATURAL_KILLER_CELL_PROLIFERATION",2,527.351682534693,2.04361750877411,0.130583988149511,0.496925905169264
"GOBP_RESPONSE_TO_HYDROPEROXIDE",2,526.029257098299,2.04158457866812,0.130850254792433,0.496925905169264
"GOBP_POSITIVE_REGULATION_OF_NON_CANONICAL_WNT_SIGNALING_PATHWAY",2,567.08980529928,2.03882187645004,0.131135153803206,0.497593541178386
"GOBP_NUCLEOPHAGY",2,544.037803916054,2.0378599295913,0.13130079883071,0.497807933056416
"GOBP_REGULATION_OF_LONG_TERM_SYNAPTIC_POTENTIATION",2,548.552494440246,2.03654276126254,0.131464403299687,0.49801423874574
"GOBP_VENTRICULAR_CARDIAC_MUSCLE_TISSUE_DEVELOPMENT",2,540.056767009514,2.03286109770997,0.131961209304783,0.499481390571878
"GOBP_REGULATION_OF_T_CELL_APOPTOTIC_PROCESS",2,527.668611736249,2.03040264451845,0.132307070935724,0.500375249202187
"GOBP_PURINE_NUCLEOTIDE_BIOSYNTHETIC_PROCESS",2,545.843336457,2.02730061520933,0.132680916365795,0.500958327437408
"GOBP_SENSORY_PERCEPTION_OF_TEMPERATURE_STIMULUS",2,543.475008303627,2.02788254941034,0.132608607019396,0.500958327437408
"GOBP_POSITIVE_REGULATION_OF_RELEASE_OF_SEQUESTERED_CALCIUM_ION_INTO_CYTOSOL",2,537.543941181261,2.02587115271581,0.132884587311627,0.50131232649159
"GOBP_NON_CANONICAL_NF_KAPPAB_SIGNAL_TRANSDUCTION",2,543.692277183872,2.02488004176156,0.133004010706374,0.501348175894025
"GOBP_POSITIVE_REGULATION_OF_PROTEIN_DEPOLYMERIZATION",2,536.085130299833,2.02193317640313,0.133407722416008,0.50245468368242
"GOBP_STRESS_ACTIVATED_PROTEIN_KINASE_SIGNALING_CASCADE",2,545.458834889971,2.02055324988709,0.133573252883645,0.502663041586058
"GOBP_MITOCHONDRIAL_FUSION",2,561.461078502298,2.01915864084004,0.133730077423364,0.502838320797992
"GOBP_PROTEIN_LOCALIZATION_TO_CELL_SURFACE",2,544.832131434148,2.0166843424814,0.134088363624504,0.503355577359148
"GOBP_REGULATION_OF_DNA_BINDING_TRANSCRIPTION_FACTOR_ACTIVITY",2,545.926264823848,2.01738101562267,0.133993680104232,0.503355577359148
"GOBP_EMBRYONIC_PLACENTA_MORPHOGENESIS",2,539.826077215525,2.01472752355082,0.134358267389276,0.503642807483329
"GOBP_NEGATIVE_REGULATION_OF_TYPE_I_INTERFERON_PRODUCTION",2,549.683265762037,2.01438717739949,0.134385726092351,0.503642807483329
"GOBP_CD4_POSITIVE_ALPHA_BETA_T_CELL_PROLIFERATION",2,521.191983190455,2.0133334168177,0.134580081205384,0.503957102116384
"GOBP_PTERIDINE_CONTAINING_COMPOUND_METABOLIC_PROCESS",2,532.806389262713,2.01215819523418,0.134714538108896,0.504046766459946
"GOBP_CELL_FATE_COMMITMENT_INVOLVED_IN_FORMATION_OF_PRIMARY_GERM_LAYER",2,558.032200175415,2.01056710549899,0.134881626287783,0.50425827663818
"GOBP_POSITIVE_REGULATION_OF_CENTRIOLE_REPLICATION",2,540.406795363825,2.00455063509874,0.135721314526514,0.506981912821811
"GOBP_REGULATION_OF_MITOTIC_CYTOKINESIS",2,555.55556530822,2.00241042239268,0.135982707009155,0.507127658764313
"GOBP_SIGNAL_PEPTIDE_PROCESSING",2,572.82845068535,2.00269718836577,0.135914683571092,0.507127658764313
"GOBP_INSULIN_METABOLIC_PROCESS",2,545.533434151729,2.00073444137238,0.136227027231163,0.507209364245986
"GOBP_REGULATION_OF_HEMATOPOIETIC_STEM_CELL_PROLIFERATION",2,553.983264216815,2.00069751862482,0.13621692161357,0.507209364245986
"GOBP_ACTIN_FILAMENT_SEVERING",2,531.315379808172,1.9997796479899,0.136382698904862,0.507374787687663
"GOBP_POSITIVE_REGULATION_OF_AMYLOID_BETA_FORMATION",2,527.742015144169,1.99784120002858,0.136652229376211,0.507963177004807
"GOBP_NEGATIVE_REGULATION_OF_PEPTIDYL_TYROSINE_PHOSPHORYLATION",2,573.638460720891,1.9944038012785,0.137037356735036,0.508979954453176
"GOBP_POSITIVE_REGULATION_OF_T_CELL_MEDIATED_CYTOTOXICITY",2,537.541144631433,1.99233197431153,0.137382822578209,0.50984788753394
"GOBP_POSITIVE_REGULATION_OF_ENDOTHELIAL_CELL_APOPTOTIC_PROCESS",2,540.381311632297,1.99024434451674,0.137662533301303,0.510470580802637
"GOBP_DORSAL_VENTRAL_PATTERN_FORMATION",2,523.490158238608,1.98721769330372,0.138109007727194,0.511294792405628
"GOBP_RELAXATION_OF_MUSCLE",2,528.428226350169,1.98789719895705,0.138006262182684,0.511294792405628
"GOBP_PROTEIN_DNA_COMPLEX_ORGANIZATION",2,542.580175551274,1.98499585335108,0.138377599879983,0.511873668331389
"GOBP_DNA_RECOMBINATION",2,543.242104498213,1.9807222464955,0.138964714963755,0.51288424551916
"GOBP_IMPORT_INTO_THE_MITOCHONDRION",2,568.717916605868,1.98023182964829,0.138987863898018,0.51288424551916
"GOBP_POSTSYNAPSE_ASSEMBLY",2,552.80479534091,1.9804278306264,0.138988144587082,0.51288424551916
"GOBP_LYSOSOMAL_LUMEN_ACIDIFICATION",2,543.505224270944,1.97696450113628,0.139483619197909,0.513763367007616
"GOBP_PEPTIDYL_THREONINE_PHOSPHORYLATION",2,549.808967956352,1.97743825087167,0.13940664184858,0.513763367007616
"GOBP_REGULATION_OF_CALCIUM_ION_TRANSMEMBRANE_TRANSPORT",2,530.26798416812,1.97656095965971,0.139564308643376,0.513763367007616
"GOBP_AMYLOID_BETA_FORMATION",2,541.519244261927,1.9674818002114,0.140806613831905,0.514243919324736
"GOBP_AUTOPHAGOSOME_ORGANIZATION",2,549.45384436162,1.97075765113198,0.140335029788288,0.514243919324736
"GOBP_FATTY_ACYL_COA_BIOSYNTHETIC_PROCESS",2,562.219744512889,1.96710685816017,0.140822331777372,0.514243919324736
"GOBP_HEPARIN_PROTEOGLYCAN_BIOSYNTHETIC_PROCESS",2,520.647850778529,1.96808733188073,0.140761951730625,0.514243919324736
"GOBP_LONG_TERM_MEMORY",2,531.000880668046,1.96765592766567,0.140802020573376,0.514243919324736
"GOBP_NEURON_PROJECTION_EXTENSION_INVOLVED_IN_NEURON_PROJECTION_GUIDANCE",2,532.686377838496,1.97170524697517,0.140233985999688,0.514243919324736
"GOBP_OUTFLOW_TRACT_SEPTUM_MORPHOGENESIS",2,537.356349797297,1.9691383111171,0.14058296269421,0.514243919324736
"GOBP_REGULATION_OF_NUCLEAR_TRANSCRIBED_MRNA_CATABOLIC_PROCESS_NONSENSE_MEDIATED_DECAY",2,550.909458115982,1.97390291574225,0.139894872546026,0.514243919324736
"GOBP_REGULATION_OF_PROTEIN_FOLDING",2,564.649895995765,1.96763362562448,0.140744553183678,0.514243919324736
"GOBP_SNRNA_PROCESSING",2,528.095349093336,1.9717866037423,0.140231471535327,0.514243919324736
"GOBP_FIBROBLAST_ACTIVATION",2,567.584956984614,1.96329187475665,0.141347772515444,0.515749752354353
"GOBP_TRICARBOXYLIC_ACID_METABOLIC_PROCESS",2,562.209307900179,1.96159646416726,0.141595063565693,0.516239076677157
"GOBP_CELLULAR_COMPONENT_MAINTENANCE",2,542.787564452324,1.95496389480759,0.142565132678649,0.516993713437285
"GOBP_MESENCHYMAL_STEM_CELL_DIFFERENTIATION",2,515.484882680104,1.95663210113098,0.142381861760366,0.516993713437285
"GOBP_NEGATIVE_REGULATION_OF_T_HELPER_CELL_DIFFERENTIATION",2,545.727886531183,1.95437654528265,0.14264293674407,0.516993713437285
"GOBP_POSITIVE_REGULATION_OF_CHEMOKINE_PRODUCTION",2,552.211482077282,1.95641930409041,0.142342306389473,0.516993713437285
"GOBP_POSITIVE_T_CELL_SELECTION",2,531.801666932517,1.95388732629739,0.142738136257797,0.516993713437285
"GOBP_REGULATION_OF_AMYLOID_PRECURSOR_PROTEIN_CATABOLIC_PROCESS",2,544.532021156768,1.95693771204668,0.142282836878965,0.516993713437285
"GOBP_REGULATION_OF_NEURON_PROJECTION_ARBORIZATION",2,540.670993257697,1.95692556046024,0.14229163134893,0.516993713437285
"GOBP_TYPE_I_INTERFERON_PRODUCTION",2,542.218052838715,1.95439803180885,0.142646294937759,0.516993713437285
"GOBP_VITAMIN_TRANSMEMBRANE_TRANSPORT",2,568.624478803411,1.95283080798741,0.142822205422271,0.516993713437285
"GOBP_MONOATOMIC_ANION_TRANSPORT",2,522.786168237391,1.95079524361746,0.143194447718456,0.517029146891016
"GOBP_NEGATIVE_REGULATION_OF_G_PROTEIN_COUPLED_RECEPTOR_SIGNALING_PATHWAY",2,551.493624285971,1.94726461442574,0.143643429896481,0.517029146891016
"GOBP_NEUROINFLAMMATORY_RESPONSE",2,537.505590255182,1.95085653712054,0.14315747150025,0.517029146891016
"GOBP_NEUTRAL_AMINO_ACID_TRANSPORT",2,527.215969370338,1.95002482688961,0.143295320120788,0.517029146891016
"GOBP_POSITIVE_REGULATION_OF_AMIDE_METABOLIC_PROCESS",2,549.275407660909,1.94841611945114,0.143483229191141,0.517029146891016
"GOBP_POSITIVE_REGULATION_OF_ATTACHMENT_OF_SPINDLE_MICROTUBULES_TO_KINETOCHORE",2,553.773096018084,1.94746266263228,0.143611156432956,0.517029146891016
"GOBP_POSITIVE_REGULATION_OF_T_CELL_PROLIFERATION",2,524.440445972597,1.94694940830504,0.143738863902172,0.517029146891016
"GOBP_REGULATION_OF_AUTOPHAGOSOME_MATURATION",2,577.861202904139,1.95043013890409,0.143147972189396,0.517029146891016
"GOBP_CELLULAR_RESPONSE_TO_ALDEHYDE",2,552.902778570162,1.94212869373031,0.144375382697727,0.517029700282052
"GOBP_CELLULAR_RESPONSE_TO_UV",2,551.925888462594,1.94164879214441,0.144445928817235,0.517029700282052
"GOBP_CENTRIOLE_ASSEMBLY",2,529.413019692302,1.94107005858464,0.144570527632339,0.517029700282052
"GOBP_DEFENSE_RESPONSE_TO_TUMOR_CELL",2,551.183544153202,1.94308160707749,0.144241873742902,0.517029700282052
"GOBP_MUCOCILIARY_CLEARANCE",2,546.007219219909,1.94213870147208,0.144386270720968,0.517029700282052
"GOBP_NEGATIVE_REGULATION_OF_AMYLOID_FIBRIL_FORMATION",2,573.315773246189,1.94097116666372,0.144506688465098,0.517029700282052
"GOBP_ORGANELLE_FISSION",2,538.230931216361,1.94399828039791,0.144134192410532,0.517029700282052
"GOBP_REGULATION_OF_PEPTIDYL_TYROSINE_PHOSPHORYLATION",2,558.143592448279,1.9401798930772,0.144645888524424,0.517029700282052
"GOBP_VESICLE_ORGANIZATION",2,539.651944475559,1.93947073761531,0.144780910730202,0.51710707426817
"GOBP_GOLGI_LUMEN_ACIDIFICATION",2,539.551499033041,1.93789565180198,0.145007689514527,0.517154984200212
"GOBP_T_CELL_LINEAGE_COMMITMENT",2,547.245732221718,1.93691782528299,0.14513448361681,0.517154984200212
"GOBP_VENTRICULAR_CARDIAC_MUSCLE_TISSUE_MORPHOGENESIS",2,545.885901691786,1.9370257281314,0.145121389425492,0.517154984200212
"GOBP_RESPONSE_TO_INTERLEUKIN_15",2,543.842202928336,1.93555108840283,0.145337752369496,0.517475010583352
"GOBP_CARDIAC_MUSCLE_CELL_CONTRACTION",2,546.381893459803,1.93093259107308,0.146001177294081,0.518991023828812
"GOBP_INTRACELLULAR_LIPID_TRANSPORT",2,545.282760786179,1.93023107489452,0.146104905633895,0.518991023828812
"GOBP_REGULATION_OF_HETEROTYPIC_CELL_CELL_ADHESION",2,545.473659275949,1.93174802022042,0.14588465070467,0.518991023828812
"GOBP_CELLULAR_RESPONSE_TO_SALT_STRESS",2,533.058885465757,1.91622504214974,0.148173782247511,0.524705450955664
"GOBP_CENTRAL_NERVOUS_SYSTEM_PROJECTION_NEURON_AXONOGENESIS",2,545.446910295031,1.91694557500517,0.148044855945614,0.524705450955664
"GOBP_NERVE_GROWTH_FACTOR_SIGNALING_PATHWAY",2,548.948446367391,1.9171954070498,0.148001829449159,0.524705450955664
"GOBP_SOMATIC_DIVERSIFICATION_OF_IMMUNE_RECEPTORS_VIA_SOMATIC_MUTATION",2,533.542210835764,1.91684437641947,0.14808178047968,0.524705450955664
"GOBP_GLOMERULAR_EPITHELIUM_DEVELOPMENT",2,543.085628174566,1.91154622963917,0.148845056626931,0.525568457355228
"GOBP_GLUCAN_METABOLIC_PROCESS",2,531.758647528152,1.91232176796082,0.148751606527077,0.525568457355228
"GOBP_PHAGOCYTOSIS",2,540.084861291878,1.91135785544948,0.148878414142283,0.525568457355228
"GOBP_REGULATION_OF_VASCULAR_ASSOCIATED_SMOOTH_MUSCLE_CELL_DIFFERENTIATION",2,541.546538414163,1.91260358757538,0.148691676423237,0.525568457355228
"GOBP_LATE_ENDOSOME_TO_LYSOSOME_TRANSPORT",2,543.580891509357,1.90660217511014,0.149576710170525,0.527625193416677
"GOBP_REGULATION_OF_DENDRITIC_SPINE_DEVELOPMENT",2,531.046712435648,1.90429958159501,0.149942504748935,0.528098659582927
"GOBP_REGULATION_OF_T_HELPER_17_CELL_LINEAGE_COMMITMENT",2,554.131299790926,1.90421367041538,0.149913042508749,0.528098659582927
"GOBP_LYMPHOCYTE_APOPTOTIC_PROCESS",2,536.372485537846,1.90177226509653,0.150309163702931,0.528981555284776
"GOBP_TYROSINE_PHOSPHORYLATION_OF_STAT_PROTEIN",2,560.325522859505,1.90056520722143,0.150446506418459,0.529056681399069
"GOBP_ESCRT_COMPLEX_DISASSEMBLY",2,542.087856190493,1.8985072414631,0.15078668088707,0.529740011827958
"GOBP_PEPTIDYL_LYSINE_METHYLATION",2,540.4333072099,1.89795047082425,0.150873114528506,0.529740011827958
"GOBP_NK_T_CELL_DIFFERENTIATION",2,561.618244510556,1.89674761201895,0.151015855235437,0.529833319791406
"GOBP_GLYCOSYL_COMPOUND_METABOLIC_PROCESS",2,554.176124602777,1.89556300239198,0.151206528768367,0.530094525528458
"GOBP_REGULATION_OF_CELL_GROWTH_INVOLVED_IN_CARDIAC_MUSCLE_CELL_DEVELOPMENT",2,538.572933862427,1.89279014556744,0.151651670636903,0.530923518774425
"GOBP_REGULATION_OF_GLYCOGEN_BIOSYNTHETIC_PROCESS",2,542.622802147139,1.89180785996563,0.151792209708803,0.530923518774425
"GOBP_REGULATION_OF_PEROXISOME_PROLIFERATOR_ACTIVATED_RECEPTOR_SIGNALING_PATHWAY",2,555.434510120419,1.89228613390932,0.151697250044443,0.530923518774425
"GOBP_CELLULAR_RESPONSE_TO_RADIATION",2,545.948658007227,1.88923622949368,0.152174315570973,0.531852148137323
"GOBP_ADENYLATE_CYCLASE_ACTIVATING_ADRENERGIC_RECEPTOR_SIGNALING_PATHWAY",2,526.85680045442,1.88254775390482,0.153224215214235,0.534702100682574
"GOBP_NEGATIVE_REGULATION_OF_NATURAL_KILLER_CELL_MEDIATED_IMMUNITY",2,540.51358612706,1.88252794072499,0.153201433175737,0.534702100682574
"GOBP_RECEPTOR_RECYCLING",2,547.515418564473,1.87978877696762,0.15360601835154,0.535624655734994
"GOBP_POSITIVE_REGULATION_OF_DNA_REPAIR",2,542.378579449824,1.87744460375541,0.153973362171315,0.536429778390325
"GOBP_REGULATION_OF_CAMP_PKA_SIGNAL_TRANSDUCTION",2,526.940013390789,1.87698872383564,0.154072135428925,0.536429778390325
"GOBP_CEREBELLAR_PURKINJE_CELL_LAYER_MORPHOGENESIS",2,541.211522769299,1.86900105446436,0.155272090715339,0.536596188269807
"GOBP_EPIDERMAL_CELL_DIFFERENTIATION",2,537.996905220704,1.87205041003242,0.154808507308279,0.536596188269807
"GOBP_INTERMEDIATE_FILAMENT_ORGANIZATION",2,535.534901346112,1.87429908680073,0.154467780154458,0.536596188269807
"GOBP_MITOCHONDRIAL_PROTEIN_PROCESSING",2,566.52796122076,1.86918427312776,0.155199461214475,0.536596188269807
"GOBP_MONOCARBOXYLIC_ACID_BIOSYNTHETIC_PROCESS",2,520.737988800108,1.87065050576856,0.155056987239767,0.536596188269807
"GOBP_MUCUS_SECRETION",2,549.0633341395,1.86599588409592,0.155722006147609,0.536596188269807
"GOBP_N_GLYCAN_PROCESSING",2,528.995064100927,1.87014762290463,0.155118316515681,0.536596188269807
"GOBP_POSITIVE_REGULATION_OF_MUSCLE_CELL_APOPTOTIC_PROCESS",2,560.807177529326,1.86825961643199,0.155351770082758,0.536596188269807
"GOBP_REGULATION_OF_OSTEOBLAST_PROLIFERATION",2,566.608665088723,1.86550907859413,0.155767014529538,0.536596188269807
"GOBP_REGULATION_OF_VIRAL_LIFE_CYCLE",2,546.578876095992,1.86662071022282,0.155629842519612,0.536596188269807
"GOBP_RESPONSE_TO_LEAD_ION",2,546.545844763752,1.87029262938896,0.15506335596512,0.536596188269807
"GOBP_THIOESTER_BIOSYNTHETIC_PROCESS",2,550.727160912523,1.86595105402935,0.155725983569096,0.536596188269807
"GOBP_T_CELL_EXTRAVASATION",2,540.921569961725,1.87114464941255,0.15494241860052,0.536596188269807
"GOBP_UNSATURATED_FATTY_ACID_BIOSYNTHETIC_PROCESS",2,542.112526814394,1.87285284281485,0.154677605831936,0.536596188269807
"GOBP_PHOTORECEPTOR_CELL_MAINTENANCE",2,538.948375505414,1.86449525442705,0.155972647945255,0.536899054549666
"GOBP_ASYMMETRIC_CELL_DIVISION",2,530.915467200675,1.8600693270399,0.156674819845274,0.537692891884344
"GOBP_ENTRAINMENT_OF_CIRCADIAN_CLOCK",2,532.609233214071,1.86139388350274,0.156465657993212,0.537692891884344
"GOBP_NEGATIVE_REGULATION_OF_CD4_POSITIVE_ALPHA_BETA_T_CELL_DIFFERENTIATION",2,543.536327616898,1.86155080659311,0.15642100294871,0.537692891884344
"GOBP_PIGMENT_GRANULE_ORGANIZATION",2,533.682840305056,1.86042073140918,0.156614910797835,0.537692891884344
"GOBP_POSITIVE_REGULATION_OF_CELL_CYCLE_PROCESS",2,533.688200356764,1.85710348016466,0.157131688550749,0.538855362015012
"GOBP_POSITIVE_REGULATION_OF_MITOTIC_CELL_CYCLE_PHASE_TRANSITION",2,536.800618938731,1.85539356517091,0.157392908356022,0.539345646139608
"GOBP_NUTRIENT_STORAGE",2,533.510179122428,1.85422225033828,0.157582273929648,0.539424287713792
"GOBP_UV_DAMAGE_EXCISION_REPAIR",2,538.009760499779,1.85372052855741,0.157652395422601,0.539424287713792
"GOBP_CELL_CYCLE_DNA_REPLICATION",2,527.370689161151,1.85303911990869,0.157779248867971,0.539453638745738
"GOBP_HEPARIN_PROTEOGLYCAN_METABOLIC_PROCESS",2,524.799869359508,1.8499932073958,0.158262186554037,0.540294785084553
"GOBP_REGULATION_OF_TELOMERE_MAINTENANCE",2,545.310801631377,1.85030882284483,0.158174132181413,0.540294785084553
"GOBP_RESPONSE_TO_MOLECULE_OF_BACTERIAL_ORIGIN",2,527.835698779789,1.84881531310772,0.1584415260835,0.540502468561588
"GOBP_POSITIVE_CHEMOTAXIS",2,528.155561067867,1.8463310628757,0.158832265196229,0.541430464544095
"GOBP_RENAL_ABSORPTION",2,551.117237565511,1.84343973094342,0.159246661801002,0.54243765830797
"GOBP_REGULATION_OF_MODIFICATION_OF_SYNAPTIC_STRUCTURE",2,544.051076828903,1.84181063895784,0.159517213187195,0.542953738318504
"GOBP_ICOSANOID_BIOSYNTHETIC_PROCESS",2,537.002123410318,1.83975455426315,0.159856258793088,0.543702010704903
"GOBP_CYTOPLASMIC_TRANSLATION",2,551.795450718742,1.83846522289004,0.160034330152521,0.543708315236014
"GOBP_RESPONSE_TO_PARATHYROID_HORMONE",2,547.454622057506,1.83812249336694,0.160096528691508,0.543708315236014
"GOBP_ACTIVATED_T_CELL_PROLIFERATION",2,538.350614389841,1.83444204033698,0.160699455772265,0.544083514311891
"GOBP_COENZYME_A_METABOLIC_PROCESS",2,503.798546588017,1.82532358874337,0.162229708537982,0.544083514311891
"GOBP_INNER_CELL_MASS_CELL_PROLIFERATION",2,535.619967163744,1.83651311659399,0.160374304684514,0.544083514311891
"GOBP_INTESTINAL_LIPID_ABSORPTION",2,521.632354680336,1.82424799233346,0.162366712967653,0.544083514311891
"GOBP_INTRACELLULAR_PH_REDUCTION",2,537.716376419794,1.82589947315094,0.162069945108173,0.544083514311891
"GOBP_MALE_SEX_DIFFERENTIATION",2,554.151326567198,1.82446556902097,0.162271404191631,0.544083514311891
"GOBP_NEGATIVE_REGULATION_OF_HORMONE_SECRETION",2,562.601110864676,1.82181290984198,0.162685096531743,0.544083514311891
"GOBP_NEGATIVE_REGULATION_OF_TYPE_2_IMMUNE_RESPONSE",2,542.92270258375,1.82969244231971,0.161450965395784,0.544083514311891
"GOBP_NITROGEN_CYCLE_METABOLIC_PROCESS",2,563.810015792331,1.83244111888969,0.160974199521008,0.544083514311891
"GOBP_NOREPINEPHRINE_TRANSPORT",2,545.079795291168,1.82215711560706,0.162660054926474,0.544083514311891
"GOBP_PHOTORECEPTOR_CELL_DIFFERENTIATION",2,549.924307469871,1.81961679540069,0.163062390308942,0.544083514311891
"GOBP_POSITIVE_REGULATION_OF_ACTIVATED_T_CELL_PROLIFERATION",2,534.500960112323,1.82114040407188,0.162843852392086,0.544083514311891
"GOBP_POSITIVE_REGULATION_OF_FAT_CELL_DIFFERENTIATION",2,536.460361883914,1.82180421896629,0.162732863797499,0.544083514311891
"GOBP_RECEPTOR_CATABOLIC_PROCESS",2,532.836145164365,1.82728377471497,0.161856380330917,0.544083514311891
"GOBP_REGULATION_OF_HUMORAL_IMMUNE_RESPONSE",2,542.666094045903,1.83255804820466,0.160992530561677,0.544083514311891
"GOBP_REGULATION_OF_MITOCHONDRIAL_FISSION",2,550.162377460633,1.82024558602951,0.162960143048837,0.544083514311891
"GOBP_REGULATION_OF_TOLL_LIKE_RECEPTOR_9_SIGNALING_PATHWAY",2,539.259629134428,1.83117125469407,0.161220685968967,0.544083514311891
"GOBP_REGULATION_OF_TRANSCRIPTION_OF_NUCLEOLAR_LARGE_RRNA_BY_RNA_POLYMERASE_I",2,548.868322979505,1.83494793325114,0.160599652791845,0.544083514311891
"GOBP_REGULATION_OF_T_CELL_MEDIATED_CYTOTOXICITY",2,538.922265009971,1.82787008363294,0.161750805453969,0.544083514311891
"GOBP_RESPONSE_TO_RETINOIC_ACID",2,556.471606655003,1.82632025078743,0.161968657840997,0.544083514311891
"GOBP_RESPONSE_TO_THYROID_HORMONE",2,543.150222615264,1.81995645057526,0.163019516223324,0.544083514311891
"GOBP_RESPONSE_TO_ZINC_ION",2,560.967473468211,1.8355012590433,0.160490340624572,0.544083514311891
"GOBP_RIBONUCLEOSIDE_MONOPHOSPHATE_CATABOLIC_PROCESS",2,553.29966716465,1.81953331718262,0.163069976773592,0.544083514311891
"GOBP_TUBE_FORMATION",2,547.558212247086,1.82592933628968,0.162047238414831,0.544083514311891
"GOBP_NEGATIVE_REGULATION_BY_HOST_OF_VIRAL_TRANSCRIPTION",2,532.00145167036,1.81716551535137,0.163492735751112,0.544697127655823
"GOBP_NEGATIVE_REGULATION_OF_ALPHA_BETA_T_CELL_DIFFERENTIATION",2,545.867165153804,1.8174028955298,0.163428648291504,0.544697127655823
"GOBP_MEDIUM_CHAIN_FATTY_ACID_METABOLIC_PROCESS",2,559.22834778522,1.81381880244653,0.163988147706659,0.545153018724541
"GOBP_REGULATION_OF_ACTION_POTENTIAL",2,527.379467317162,1.81484969185686,0.163878032581985,0.545153018724541
"GOBP_STEM_CELL_DIVISION",2,534.856131461785,1.81458891806358,0.163906304418508,0.545153018724541
"GOBP_ICOSANOID_SECRETION",2,545.66064342555,1.81129731795278,0.164423268124987,0.545803876214021
"GOBP_TETRAHYDROFOLATE_METABOLIC_PROCESS",2,531.323081521769,1.81190871681355,0.16434987664751,0.545803876214021
"GOBP_CELLULAR_RESPONSE_TO_ESTROGEN_STIMULUS",2,545.185869980404,1.80832253313268,0.164910740515065,0.54662637172181
"GOBP_NEUROEPITHELIAL_CELL_DIFFERENTIATION",2,540.275691916437,1.808948587581,0.164817120905927,0.54662637172181
"GOBP_ENDODERM_DEVELOPMENT",2,545.148821322525,1.8042775235296,0.165574814749787,0.547900824957986
"GOBP_EXTRINSIC_APOPTOTIC_SIGNALING_PATHWAY_VIA_DEATH_DOMAIN_RECEPTORS",2,556.393379150264,1.80410314113871,0.165583693236958,0.547900824957986
"GOBP_RESPONSE_TO_PEPTIDOGLYCAN",2,537.599144751977,1.80387007886507,0.165655610089249,0.547900824957986
"GOBP_MULTICELLULAR_ORGANISMAL_RESPONSE_TO_STRESS",2,548.59923064567,1.8005016503489,0.166190901974183,0.549272973843658
"GOBP_RESPONSE_TO_INTERLEUKIN_12",2,531.816924571114,1.79740441999423,0.166733776349627,0.55066817808157
"GOBP_AUTOPHAGY_OF_PEROXISOME",2,545.063565949762,1.7954995502207,0.167025158784749,0.550771182323865
"GOBP_MYELIN_MAINTENANCE",2,559.057593670664,1.7947856755983,0.167119144192524,0.550771182323865
"GOBP_REGULATION_OF_DNA_DAMAGE_CHECKPOINT",2,535.496448631598,1.79498994279188,0.167127234452144,0.550771182323865
"GOBP_PROTEIN_LOCALIZATION_TO_CHROMATIN",2,529.684015126839,1.79321564329856,0.167432988439313,0.551179211872028
"GOBP_T_HELPER_1_CELL_DIFFERENTIATION",2,531.942721384058,1.79283071301789,0.167492740112833,0.551179211872028
"GOBP_REGULATION_OF_VESICLE_SIZE",2,529.506738400368,1.79111665843251,0.167782766886976,0.551735544175558
"GOBP_RNA_CAPPING",2,562.334808560529,1.7885374754856,0.168154355170354,0.55255908784725
"GOBP_AMINO_ACID_BIOSYNTHETIC_PROCESS",2,529.080727147758,1.78292104924759,0.169155014647517,0.55544709993328
"GOBP_NEGATIVE_REGULATION_OF_ALCOHOL_BIOSYNTHETIC_PROCESS",2,555.078000710015,1.78020336409864,0.169565104202169,0.55559440893165
"GOBP_NEGATIVE_REGULATION_OF_VASOCONSTRICTION",2,539.287409969092,1.78179657711551,0.169324996022421,0.55559440893165
"GOBP_POSITIVE_REGULATION_OF_INTERLEUKIN_8_PRODUCTION",2,545.395300417413,1.78030324129102,0.169565318402293,0.55559440893165
"GOBP_CELLULAR_RESPONSE_TO_COPPER_ION",2,574.446778314669,1.77387589433124,0.170602214473192,0.555797643008733
"GOBP_HOST_MEDIATED_SUPPRESSION_OF_SYMBIONT_INVASION",2,552.476948061609,1.77868159837906,0.169826210852507,0.555797643008733
"GOBP_NEGATIVE_REGULATION_OF_IMMUNE_RESPONSE",2,539.270048778922,1.77676045561659,0.17017430176322,0.555797643008733
"GOBP_POTASSIUM_ION_TRANSPORT",2,523.686886154507,1.77583155051942,0.170360795666356,0.555797643008733
"GOBP_REGULATION_OF_CALCIUM_ION_IMPORT_ACROSS_PLASMA_MEMBRANE",2,525.95800897492,1.77763093586456,0.170052197757003,0.555797643008733
"GOBP_REGULATION_OF_SYNAPTIC_PLASTICITY",2,562.457696961815,1.77455054458209,0.170507620281334,0.555797643008733
"GOBP_REGULATION_OF_VIRAL_TRANSCRIPTION",2,541.624970862331,1.77798691850843,0.169962788069576,0.555797643008733
"GOBP_VITAMIN_BIOSYNTHETIC_PROCESS",2,527.823621091641,1.77597063835039,0.17032929345722,0.555797643008733
"GOBP_KETONE_BIOSYNTHETIC_PROCESS",2,521.005761871293,1.7699380109992,0.171366223971103,0.556696116475927
"GOBP_POSITIVE_REGULATION_OF_RECEPTOR_RECYCLING",2,562.004915064121,1.77067432366084,0.171166434564823,0.556696116475927
"GOBP_SKELETAL_SYSTEM_DEVELOPMENT",2,528.488809246024,1.77197417227456,0.171005538463148,0.556696116475927
"GOBP_TRANSCRIPTION_BY_RNA_POLYMERASE_III",2,546.345914644945,1.77017762989959,0.171278077816412,0.556696116475927
"GOBP_MUSCLE_CELL_MIGRATION",2,542.236581493734,1.76877134719278,0.171524939767144,0.556815124752985
"GOBP_AMINE_TRANSPORT",2,541.456719248842,1.76433778125441,0.172283562646672,0.558482821060035
"GOBP_POSITIVE_REGULATION_OF_CELL_CYCLE_CHECKPOINT",2,543.972609117279,1.76465558169279,0.172224632293401,0.558482821060035
"GOBP_HEPARAN_SULFATE_PROTEOGLYCAN_BIOSYNTHETIC_PROCESS",2,524.278506426657,1.76152167613385,0.172798426875674,0.559376564605822
"GOBP_POSITIVE_REGULATION_OF_ANTIGEN_RECEPTOR_MEDIATED_SIGNALING_PATHWAY",2,526.994884765718,1.76145553192906,0.172804555915282,0.559376564605822
"GOBP_CELLULAR_RESPONSE_TO_INCREASED_OXYGEN_LEVELS",2,524.773146991331,1.7579960057674,0.173403700618826,0.560580569573367
"GOBP_CELLULAR_RESPONSE_TO_METAL_ION",2,537.564121369994,1.7570350450075,0.17354522346801,0.560580569573367
"GOBP_REGULATION_OF_ANTIGEN_RECEPTOR_MEDIATED_SIGNALING_PATHWAY",2,527.119319143325,1.75774995962922,0.173441582184679,0.560580569573367
"GOBP_GLYCOSYLATION",2,532.127988889595,1.75454350678215,0.173985433762809,0.560810998863726
"GOBP_PRO_B_CELL_DIFFERENTIATION",2,548.395164574379,1.75444829262966,0.173972294732809,0.560810998863726
"GOBP_VASCULAR_ASSOCIATED_SMOOTH_MUSCLE_CONTRACTION",2,542.093527748843,1.75540007119545,0.173819098938463,0.560810998863726
"GOBP_DEOXYRIBONUCLEOTIDE_METABOLIC_PROCESS",2,552.052971183281,1.7528047638921,0.174250224472535,0.561267848742396
"GOBP_DNA_BIOSYNTHETIC_PROCESS",2,554.780150407368,1.75170680162967,0.174435715228105,0.56146880533196
"GOBP_BONE_RESORPTION",2,558.740222480073,1.74965389916441,0.174785153157528,0.561800622657846
"GOBP_ZINC_ION_TRANSPORT",2,536.557016187668,1.75025888426983,0.174719365360875,0.561800622657846
"GOBP_LIPID_MODIFICATION",2,507.645966717979,1.74867646070623,0.175050572932022,0.561861831909185
"GOBP_REGULATION_OF_T_HELPER_17_CELL_DIFFERENTIATION",2,540.684201513902,1.74837718640488,0.175038763322687,0.561861831909185
"GOBP_MRNA_MODIFICATION",2,556.150052835527,1.74493928563657,0.175610417121399,0.563038445924957
"GOBP_SECRETORY_GRANULE_LOCALIZATION",2,518.000450575569,1.74503432443317,0.175664044847887,0.563038445924957
"GOBP_KERATINOCYTE_PROLIFERATION",2,534.407633488504,1.7425562718257,0.176065559128186,0.563576933208175
"GOBP_MITRAL_VALVE_DEVELOPMENT",2,522.308839218013,1.74229777705437,0.176133753801013,0.563576933208175
"GOBP_NEGATIVE_REGULATION_OF_LIPID_METABOLIC_PROCESS",2,559.863140148865,1.74151480989525,0.176202742108059,0.563576933208175
"GOBP_BONE_MORPHOGENESIS",2,546.368413566247,1.74003612733552,0.176485245579833,0.564084936993424
"GOBP_AMINE_CATABOLIC_PROCESS",2,538.150061240902,1.73414533822439,0.177536139402217,0.565122477408642
"GOBP_GOLGI_LOCALIZATION",2,554.776925351423,1.73250968672974,0.177795428899016,0.565122477408642
"GOBP_OVARIAN_FOLLICLE_DEVELOPMENT",2,549.111183652029,1.73438969161948,0.177473404686821,0.565122477408642
"GOBP_POSITIVE_REGULATION_OF_HETEROTYPIC_CELL_CELL_ADHESION",2,542.400073525436,1.73386314423722,0.177578218140212,0.565122477408642
"GOBP_REGULATION_OF_ENDOPLASMIC_RETICULUM_UNFOLDED_PROTEIN_RESPONSE",2,541.315097946785,1.73711011368741,0.177008173640769,0.565122477408642
"GOBP_REGULATION_OF_EPITHELIAL_TO_MESENCHYMAL_TRANSITION",2,546.092508367554,1.73256353067819,0.177801086402412,0.565122477408642
"GOBP_REGULATION_OF_TRIGLYCERIDE_BIOSYNTHETIC_PROCESS",2,561.470778237229,1.73458598549216,0.177417566014692,0.565122477408642
"GOBP_SENSORY_ORGAN_MORPHOGENESIS",2,548.215702260398,1.73281392176503,0.177753099294306,0.565122477408642
"GOBP_DNA_METHYLATION_DEPENDENT_CONSTITUTIVE_HETEROCHROMATIN_FORMATION",2,523.122014924459,1.72970963060809,0.178348564887994,0.566073628708517
"GOBP_POSITIVE_REGULATION_OF_PSEUDOPODIUM_ASSEMBLY",2,530.291312280482,1.72975602605582,0.178326674842905,0.566073628708517
"GOBP_REGULATION_OF_T_HELPER_CELL_DIFFERENTIATION",2,536.982998869608,1.72440112775208,0.179265524603831,0.568193229824931
"GOBP_WATER_SOLUBLE_VITAMIN_METABOLIC_PROCESS",2,530.39454772288,1.72482571010304,0.179202140091855,0.568193229824931
"GOBP_RIG_I_SIGNALING_PATHWAY",2,550.78467101927,1.72164415116077,0.179732623840774,0.569278123151229
"GOBP_NEGATIVE_REGULATION_OF_CENTROSOME_DUPLICATION",2,548.434221170124,1.71798113974914,0.18039220139628,0.57097073599475
"GOBP_DNA_REPLICATION_CHECKPOINT_SIGNALING",2,535.301014565773,1.71727665063717,0.180542155559944,0.5710490787163
"GOBP_AXON_ENSHEATHMENT_IN_CENTRAL_NERVOUS_SYSTEM",2,581.672181641283,1.71400981456641,0.181050567399433,0.571197663626312
"GOBP_CELLULAR_RESPONSE_TO_ANGIOTENSIN",2,528.252757689863,1.71278822307528,0.181362292731014,0.571197663626312
"GOBP_CONSTITUTIVE_HETEROCHROMATIN_FORMATION",2,539.569612903692,1.70517677789074,0.182718130065948,0.571197663626312
"GOBP_COPII_COATED_VESICLE_BUDDING",2,538.601903081361,1.71266153756305,0.181365935037966,0.571197663626312
"GOBP_DIOL_BIOSYNTHETIC_PROCESS",2,516.998964109366,1.70739409379692,0.182358615648918,0.571197663626312
"GOBP_EOSINOPHIL_MIGRATION",2,531.049384767048,1.71240788175169,0.181425582591848,0.571197663626312
"GOBP_FOCAL_ADHESION_ASSEMBLY",2,530.735559057581,1.70556022036623,0.182664774154338,0.571197663626312
"GOBP_FRUCTOSE_6_PHOSPHATE_METABOLIC_PROCESS",2,551.163357634861,1.71345843451075,0.181200050459076,0.571197663626312
"GOBP_GLYCOSPHINGOLIPID_BIOSYNTHETIC_PROCESS",2,559.700372457751,1.70808570993764,0.182155581770086,0.571197663626312
"GOBP_NADPH_REGENERATION",2,518.045056604342,1.71446407432974,0.181080247574023,0.571197663626312
"GOBP_NEGATIVE_REGULATION_OF_DNA_REPLICATION",2,557.268877238157,1.70594922623102,0.182546913702371,0.571197663626312
"GOBP_PEPTIDYL_THREONINE_DEPHOSPHORYLATION",2,557.180970615427,1.7080579047265,0.182164874696806,0.571197663626312
"GOBP_PHOSPHATIDYLINOSITOL_MEDIATED_SIGNALING",2,555.678175378017,1.70785143348454,0.182204819700853,0.571197663626312
"GOBP_POSITIVE_REGULATION_OF_CALCINEURIN_MEDIATED_SIGNALING",2,535.078561596195,1.70730396412937,0.182340503226793,0.571197663626312
"GOBP_POSITIVE_REGULATION_OF_KERATINOCYTE_DIFFERENTIATION",2,548.906568811409,1.70680978993861,0.182405250928259,0.571197663626312
"GOBP_REGULATION_OF_MUSCLE_ADAPTATION",2,545.450845774501,1.70958513265733,0.181908923985669,0.571197663626312
"GOBP_SYNAPTIC_VESICLE_CLUSTERING",2,555.021212942124,1.7116699997681,0.18151574801415,0.571197663626312
"GOBP_CRANIAL_NERVE_DEVELOPMENT",2,526.470295114483,1.69946017764209,0.183783329451543,0.573151635110184
"GOBP_EMBRYONIC_FORELIMB_MORPHOGENESIS",2,552.932930568726,1.69885609674241,0.183845832529313,0.573151635110184
"GOBP_PROTEIN_HETEROOLIGOMERIZATION",2,547.298265865898,1.69953303198052,0.18373198285448,0.573151635110184
"GOBP_RIBOSE_PHOSPHATE_BIOSYNTHETIC_PROCESS",2,546.38766787584,1.69978630155555,0.183687344989508,0.573151635110184
"GOBP_CGMP_METABOLIC_PROCESS",2,546.047172059525,1.69817650001084,0.183982053305814,0.573184525360531
"GOBP_COLUMNAR_CUBOIDAL_EPITHELIAL_CELL_DIFFERENTIATION",2,532.694655508724,1.69603557580333,0.184398073031839,0.573529171139673
"GOBP_MEMBRANELESS_ORGANELLE_ASSEMBLY",2,546.941017401983,1.69479960409585,0.184598968241272,0.573529171139673
"GOBP_NEGATIVE_REGULATION_OF_T_CELL_APOPTOTIC_PROCESS",2,533.664930813747,1.69472749297601,0.184636116454812,0.573529171139673
"GOBP_POSITIVE_REGULATION_OF_EPIDERMIS_DEVELOPMENT",2,545.342382156291,1.69396759685129,0.184754491419398,0.573529171139673
"GOBP_POSITIVE_REGULATION_OF_NEURON_MIGRATION",2,549.170910843039,1.69364748357508,0.184806556730662,0.573529171139673
"GOBP_RESPONSE_TO_COPPER_ION",2,567.258722937099,1.69298093829794,0.1848984984418,0.573529171139673
"GOBP_RESPONSE_TO_INTERLEUKIN_1",2,535.831669236402,1.69287186098187,0.184972903035838,0.573529171139673
"GOBP_CELLULAR_RESPONSE_TO_CHOLESTEROL",2,545.595747934212,1.68784572647398,0.185881543012508,0.573776053163306
"GOBP_CELLULAR_RESPONSE_TO_L_LEUCINE",2,556.345262647818,1.68843921713302,0.185753332709474,0.573776053163306
"GOBP_COLLAGEN_ACTIVATED_SIGNALING_PATHWAY",2,517.806945290058,1.68856487376947,0.185800399835057,0.573776053163306
"GOBP_DETERMINATION_OF_ADULT_LIFESPAN",2,533.984171095478,1.68961842314969,0.185575285688468,0.573776053163306
"GOBP_GLUCOCORTICOID_BIOSYNTHETIC_PROCESS",2,546.834295991194,1.68687418832352,0.186058930635503,0.573776053163306
"GOBP_LEUKOCYTE_TETHERING_OR_ROLLING",2,521.052263715173,1.69139760934812,0.185271904270297,0.573776053163306
"GOBP_NEGATIVE_REGULATION_OF_CELLULAR_RESPONSE_TO_GROWTH_FACTOR_STIMULUS",2,550.611521377739,1.69049586631652,0.185383833151737,0.573776053163306
"GOBP_PORPHYRIN_CONTAINING_COMPOUND_METABOLIC_PROCESS",2,546.709918378576,1.68711158234503,0.186015255865847,0.573776053163306
"GOBP_POSITIVE_REGULATION_OF_TRIGLYCERIDE_BIOSYNTHETIC_PROCESS",2,558.865126844403,1.68230760231207,0.186884646032515,0.575933020644798
"GOBP_DETECTION_OF_LIGHT_STIMULUS",2,567.489924283354,1.6759995122377,0.188045919127659,0.577138565307802
"GOBP_MESENCHYMAL_CELL_MIGRATION",2,539.318346212968,1.67645686578958,0.188008680905394,0.577138565307802
"GOBP_NADH_DEHYDROGENASE_COMPLEX_ASSEMBLY",2,534.207619085597,1.67830414942362,0.187673138476402,0.577138565307802
"GOBP_NEGATIVE_REGULATION_OF_BLOOD_CIRCULATION",2,563.531967163571,1.67271325159867,0.188667748492421,0.577138565307802
"GOBP_NEGATIVE_REGULATION_OF_NOTCH_SIGNALING_PATHWAY",2,540.279449111375,1.67790136777668,0.187737245281353,0.577138565307802
"GOBP_POSITIVE_REGULATION_OF_PEPTIDASE_ACTIVITY",2,555.589890762737,1.67893834069258,0.187517125181491,0.577138565307802
"GOBP_POSITIVE_REGULATION_OF_REACTIVE_OXYGEN_SPECIES_METABOLIC_PROCESS",2,544.365127914205,1.6741382318302,0.188433407693088,0.577138565307802
"GOBP_POSITIVE_REGULATION_OF_STRIATED_MUSCLE_CELL_APOPTOTIC_PROCESS",2,545.476003817777,1.67303291229544,0.188638568458051,0.577138565307802
"GOBP_REGULATION_OF_MONOCYTE_CHEMOTAXIS",2,552.579856209795,1.67320485693696,0.188593989930046,0.577138565307802
"GOBP_REGULATION_OF_POTASSIUM_ION_TRANSPORT",2,537.340805289364,1.67554720137363,0.188182301562213,0.577138565307802
"GOBP_SLEEP",2,553.078185705186,1.67478900362483,0.188296408024564,0.577138565307802
"GOBP_REGULATION_OF_POSTSYNAPTIC_NEUROTRANSMITTER_RECEPTOR_INTERNALIZATION",2,555.923403643842,1.67023374468022,0.189146079731702,0.578213987705291
"GOBP_SPHINGOID_METABOLIC_PROCESS",2,528.905144627092,1.66956466616958,0.189320009487541,0.578358046398308
"GOBP_BONE_MATURATION",2,558.998842668178,1.66751958311642,0.189651900246974,0.578596867576221
"GOBP_UDP_N_ACETYLGLUCOSAMINE_METABOLIC_PROCESS",2,550.217651475504,1.66770989481363,0.189630961894816,0.578596867576221
"GOBP_VASCULAR_ENDOTHELIAL_GROWTH_FACTOR_PRODUCTION",2,540.038960955581,1.66614457127547,0.189944153289386,0.579101125102199
"GOBP_ATRIOVENTRICULAR_VALVE_DEVELOPMENT",2,522.551204255837,1.66159689930131,0.190836987485591,0.579885076563478
"GOBP_FATTY_ACID_ELONGATION",2,545.036376305018,1.6622364316066,0.190674496686704,0.579885076563478
"GOBP_NUCLEOBASE_CONTAINING_SMALL_MOLECULE_CATABOLIC_PROCESS",2,544.889166392029,1.66289742831759,0.190549525931341,0.579885076563478
"GOBP_REGULATION_OF_EXTRACELLULAR_MATRIX_ASSEMBLY",2,584.408914812494,1.66125466820906,0.190796060277605,0.579885076563478
"GOBP_REGULATION_OF_TORC2_SIGNALING",2,546.492551742983,1.66262977984402,0.190597409500964,0.579885076563478
"GOBP_REGULATION_OF_ANIMAL_ORGAN_MORPHOGENESIS",2,542.7051798849,1.65998414722579,0.191105942813199,0.580315715826231
"GOBP_POSITIVE_REGULATION_OF_MITOTIC_CYTOKINESIS",2,551.379043167062,1.65816958908464,0.191435783873692,0.58093054574046
"GOBP_CAMP_MEDIATED_SIGNALING",2,557.927308815514,1.65650811215153,0.191741099299123,0.581470182116556
"GOBP_MITOCHONDRION_ORGANIZATION",2,550.012221627533,1.6549756048656,0.192046892325126,0.582010548767376
"GOBP_ENDODERM_FORMATION",2,541.600836057352,1.65314243373663,0.192411889689384,0.582729501243877
"GOBP_ATTACHMENT_OF_MITOTIC_SPINDLE_MICROTUBULES_TO_KINETOCHORE",2,546.677098562502,1.65200441460028,0.192620712551996,0.582974830756241
"GOBP_NEGATIVE_REGULATION_OF_LEUKOCYTE_DEGRANULATION",2,542.193938883145,1.64918737949478,0.193168713262545,0.583858516362138
"GOBP_RESPONSE_TO_PURINE_CONTAINING_COMPOUND",2,538.097523063821,1.64985236876179,0.193048395478482,0.583858516362138
"GOBP_NEGATIVE_REGULATION_OF_AXONOGENESIS",2,556.53755670973,1.64785818090016,0.193399322965061,0.58403256552025
"GOBP_POSITIVE_REGULATION_OF_NUCLEAR_TRANSCRIBED_MRNA_CATABOLIC_PROCESS_DEADENYLATION_DEPENDENT_DECAY",2,540.624882312088,1.64756945384615,0.193482395637162,0.58403256552025
"GOBP_POSITIVE_REGULATION_OF_VASCULAR_ENDOTHELIAL_GROWTH_FACTOR_RECEPTOR_SIGNALING_PATHWAY",2,557.680635353347,1.64260833462445,0.194409393689986,0.58644262210319
"GOBP_FIBRINOLYSIS",2,538.640241853095,1.64197687274863,0.194564458442376,0.586522468576125
"GOBP_REGULATION_OF_D_GLUCOSE_IMPORT",2,536.059437820043,1.63912155785231,0.195122069722761,0.587814900928346
"GOBP_EMBRYONIC_HEART_TUBE_MORPHOGENESIS",2,527.209319141751,1.63687732060262,0.195574070915796,0.588399299107484
"GOBP_PIGMENT_CELL_DIFFERENTIATION",2,538.082566426573,1.63729267632536,0.195473433839437,0.588399299107484
"GOBP_REGULATION_OF_CALCIUM_ION_TRANSPORT",2,535.252532066281,1.63525146935132,0.195875531309372,0.588790674574315
"GOBP_REGULATION_OF_MYOBLAST_FUSION",2,544.465936199314,1.63472134594249,0.195962342469592,0.588790674574315
"GOBP_APPENDAGE_MORPHOGENESIS",2,518.865402007516,1.63415236315538,0.196120275768133,0.588869556529337
"GOBP_POSITIVE_REGULATION_OF_CELL_CYCLE_PHASE_TRANSITION",2,538.461876495481,1.63331654158476,0.196246815594079,0.588869556529337
"GOBP_CELLULAR_RESPONSE_TO_HEAT",2,561.330350863636,1.63074957988809,0.196708906058998,0.589093447495134
"GOBP_NEGATIVE_REGULATION_OF_BONE_REMODELING",2,545.735905260753,1.63152739842853,0.196583273447144,0.589093447495134
"GOBP_POSITIVE_REGULATION_OF_ALPHA_BETA_T_CELL_DIFFERENTIATION",2,535.491568596842,1.63154913827783,0.196597223068834,0.589093447495134
"GOBP_POSITIVE_REGULATION_OF_NEURON_APOPTOTIC_PROCESS",2,533.17887456101,1.62768468857243,0.197358020277535,0.59031991237529
"GOBP_POSITIVE_REGULATION_OF_SMOOTH_MUSCLE_CONTRACTION",2,532.168048432443,1.62689763433764,0.197514317068732,0.59031991237529
"GOBP_REGULATION_OF_NUCLEAR_DIVISION",2,534.594214704619,1.62625468631872,0.197636155710824,0.59031991237529
"GOBP_RESPIRATORY_CHAIN_COMPLEX_IV_ASSEMBLY",2,556.307105189446,1.62715156821527,0.197422186214699,0.59031991237529
"GOBP_HEAT_GENERATION",2,548.654216495179,1.62422373721367,0.198010678731502,0.591051508962292
"GOBP_REGULATION_OF_MITOTIC_CELL_CYCLE_PHASE_TRANSITION",2,539.652603812175,1.62250438846336,0.198365164850276,0.591722378601771
"GOBP_CELLULAR_RESPONSE_TO_OXIDISED_LOW_DENSITY_LIPOPROTEIN_PARTICLE_STIMULUS",2,556.283026716323,1.61848810562508,0.199130009601719,0.592083090202217
"GOBP_CELL_RECOGNITION",2,533.612198070768,1.61981734467481,0.198906565118018,0.592083090202217
"GOBP_POSITIVE_REGULATION_OF_DNA_REPLICATION",2,530.404786468077,1.61869141312363,0.199135159037536,0.592083090202217
"GOBP_PYRAMIDAL_NEURON_DIFFERENTIATION",2,551.293130945644,1.61860457810344,0.199115373935589,0.592083090202217
"GOBP_REGULATION_OF_DNA_BIOSYNTHETIC_PROCESS",2,549.953826512443,1.61999461534861,0.198842689849621,0.592083090202217
"GOBP_CHOLESTEROL_STORAGE",2,531.067343988918,1.61722677301054,0.199424045960535,0.592555748290553
"GOBP_COPPER_ION_HOMEOSTASIS",2,560.918957903816,1.61482576076975,0.199848716101795,0.592963179000289
"GOBP_MITOCHONDRIAL_RESPIRATORY_CHAIN_COMPLEX_ASSEMBLY",2,552.586167398817,1.61438011990081,0.199951188182952,0.592963179000289
"GOBP_RECEPTOR_LOCALIZATION_TO_SYNAPSE",2,542.394786842439,1.61499359106246,0.199846858274842,0.592963179000289
"GOBP_REGULATION_OF_SKELETAL_MUSCLE_CELL_DIFFERENTIATION",2,527.80142076875,1.61365667938226,0.200138983317286,0.593134439837649
"GOBP_REGULATION_OF_TOLL_LIKE_RECEPTOR_3_SIGNALING_PATHWAY",2,546.277444907096,1.61281776461444,0.200272812823225,0.593145648887486
"GOBP_APOPTOTIC_PROCESS_INVOLVED_IN_DEVELOPMENT",2,557.262299325054,1.61179306302782,0.200458285325406,0.593216409235362
"GOBP_MONOCYTE_CHEMOTAXIS",2,551.58409614673,1.6113466128995,0.200556830309346,0.593216409235362
"GOBP_REGULATION_OF_DNA_RECOMBINATION",2,544.18115559491,1.60893243967444,0.201051512838241,0.594294199646934
"GOBP_LONG_CHAIN_FATTY_ACID_BIOSYNTHETIC_PROCESS",2,532.469367472111,1.60416465817462,0.202027564159769,0.596533596488439
"GOBP_RETINAL_GANGLION_CELL_AXON_GUIDANCE",2,529.46346707945,1.60397731669592,0.202070687694505,0.596533596488439
"GOBP_RESPONSE_TO_SALT_STRESS",2,535.500836193826,1.60319337655209,0.202217227265544,0.596580060516264
"GOBP_ACYLGLYCEROL_HOMEOSTASIS",2,530.010609562417,1.59936161179439,0.202998902951721,0.596955510227466
"GOBP_NEGATIVE_REGULATION_OF_EXOCYTOSIS",2,548.338295088475,1.60046354829434,0.202744179916879,0.596955510227466
"GOBP_REGULATION_OF_DNA_REPLICATION",2,535.542584056217,1.59958797352052,0.202943192548564,0.596955510227466
"GOBP_REGULATION_OF_DOPAMINE_SECRETION",2,575.233428152275,1.6007642006572,0.202639641796948,0.596955510227466
"GOBP_RESPONSE_TO_KETONE",2,531.471065416792,1.59948659075261,0.202971015328582,0.596955510227466
"GOBP_PROTEIN_LOCALIZATION_TO_CONDENSED_CHROMOSOME",2,545.563536117319,1.59803493726875,0.203239079400922,0.597276701770365
"GOBP_ADULT_LOCOMOTORY_BEHAVIOR",2,559.533878903819,1.59276861231868,0.204282431583864,0.597664232874227
"GOBP_AMYLOID_FIBRIL_FORMATION",2,552.067254138168,1.59215642507669,0.20441925088441,0.597664232874227
"GOBP_CARDIAC_CHAMBER_MORPHOGENESIS",2,523.297500544347,1.59534688919243,0.203823077774867,0.597664232874227
"GOBP_CELLULAR_RESPONSE_TO_ZINC_ION",2,543.68339751969,1.59521881794053,0.203812153660214,0.597664232874227
"GOBP_EMBRYONIC_CRANIAL_SKELETON_MORPHOGENESIS",2,546.387920321859,1.5954266686388,0.203765357217365,0.597664232874227
"GOBP_EXTRAEMBRYONIC_MEMBRANE_DEVELOPMENT",2,525.542853802733,1.59312882999409,0.204268728364526,0.597664232874227
"GOBP_PROTEIN_IMPORT_INTO_MITOCHONDRIAL_MATRIX",2,558.852410158115,1.59353828376567,0.204127272457398,0.597664232874227
"GOBP_RESPONSE_TO_FUNGUS",2,530.317506658074,1.59275858044425,0.204335107099561,0.597664232874227
"GOBP_PHOSPHATIDYLINOSITOL_DEPHOSPHORYLATION",2,579.730716315617,1.5888133827822,0.205055435833353,0.598373539882229
"GOBP_PYRUVATE_DECARBOXYLATION_TO_ACETYL_COA",2,555.512996003105,1.58964766982724,0.204924012388714,0.598373539882229
"GOBP_RESPONSE_TO_METAL_ION",2,539.655213552552,1.58934341977612,0.205013196253353,0.598373539882229
"GOBP_CELLULAR_RESPONSE_TO_ACIDIC_PH",2,565.072672415822,1.58727344468873,0.205392711524051,0.598974525103068
"GOBP_RESPONSE_TO_PAIN",2,549.101513624429,1.58611276678667,0.205656340335242,0.599360107520152
"GOBP_REGULATION_OF_MYELOID_LEUKOCYTE_MEDIATED_IMMUNITY",2,554.564512993501,1.58413682466502,0.206051563589373,0.600128468410683
"GOBP_CARDIAC_SEPTUM_MORPHOGENESIS",2,518.414854717633,1.58181102990484,0.206593107932491,0.60055523599751
"GOBP_POSITIVE_REGULATION_OF_INTERLEUKIN_2_PRODUCTION",2,546.063023864501,1.58270782626772,0.206358947978291,0.60055523599751
"GOBP_TELOMERE_MAINTENANCE_IN_RESPONSE_TO_DNA_DAMAGE",2,538.947868719807,1.58196414189473,0.206523984782724,0.60055523599751
"GOBP_PHOTOTRANSDUCTION",2,569.705570969182,1.58003419969179,0.206869269223421,0.600592448712938
"GOBP_TRNA_DECAY",2,556.859753446396,1.58055260329772,0.206783406993773,0.600592448712938
"GOBP_TROPHECTODERMAL_CELL_DIFFERENTIATION",2,565.212343834788,1.57746861748718,0.207404906476674,0.601764490101851
"GOBP_MYELOID_LEUKOCYTE_ACTIVATION",2,541.57814940245,1.5753171781309,0.207888653274313,0.602011760735492
"GOBP_NON_PROTEINOGENIC_AMINO_ACID_BIOSYNTHETIC_PROCESS",2,515.543228995296,1.57616834717376,0.207760545201769,0.602011760735492
"GOBP_REGULATION_OF_CELL_CYCLE_CHECKPOINT",2,527.726312231729,1.57481105104204,0.208018095794592,0.602011760735492
"GOBP_RESPONSE_TO_TESTOSTERONE",2,538.035536269577,1.57658967791088,0.207632037892868,0.602011760735492
"GOBP_RESPONSE_TO_YEAST",2,523.950863662652,1.57296839812761,0.208406462220145,0.602753249325354
"GOBP_NUCLEOBASE_TRANSPORT",2,555.41680216472,1.57089149360785,0.208781880107013,0.602858276917325
"GOBP_REGULATION_OF_SKELETAL_MUSCLE_CONTRACTION",2,540.785065771926,1.57179286816311,0.20861974701402,0.602858276917325
"GOBP_SYNAPTIC_VESICLE_LOCALIZATION",2,529.834577122043,1.57082898334251,0.208839306627795,0.602858276917325
"GOBP_MALE_MEIOTIC_NUCLEAR_DIVISION",2,548.851924432188,1.56974619240764,0.209030797632178,0.602904536721522
"GOBP_NEGATIVE_REGULATION_OF_LEUKOCYTE_MIGRATION",2,542.86748819422,1.56936788841701,0.209119705567518,0.602904536721522
"GOBP_DOLICHOL_LINKED_OLIGOSACCHARIDE_BIOSYNTHETIC_PROCESS",2,540.14598463973,1.56467509240625,0.210102445961231,0.604257275283145
"GOBP_NEGATIVE_REGULATION_OF_DEVELOPMENTAL_GROWTH",2,542.448784545155,1.56457740263154,0.210118842051977,0.604257275283145
"GOBP_REGULATION_OF_SPINDLE_CHECKPOINT",2,523.716668263077,1.56602789060374,0.209849701879319,0.604257275283145
"GOBP_RESPONSE_TO_PROGESTERONE",2,535.167871393699,1.56525063038881,0.209991046518317,0.604257275283145
"GOBP_PEPTIDYL_L_CYSTEINE_S_PALMITOYLATION",2,585.434187593103,1.56265218303002,0.210452373156347,0.604835081264082
"GOBP_NEGATIVE_REGULATION_OF_PROTEIN_EXIT_FROM_ENDOPLASMIC_RETICULUM",2,543.669839290092,1.5616901482498,0.210720787250371,0.605225132650469
"GOBP_REGULATION_OF_CELL_PROLIFERATION_INVOLVED_IN_KIDNEY_DEVELOPMENT",2,541.229825880754,1.56076383112986,0.210919184299741,0.605413719063009
"GOBP_REGULATION_OF_MAST_CELL_DEGRANULATION",2,559.747678493632,1.55952683065201,0.211147599077889,0.605688175719654
"GOBP_NUCLEOTIDE_EXCISION_REPAIR",2,553.800346207522,1.55725577837088,0.211634783238753,0.606704114614679
"GOBP_GLIAL_CELL_ACTIVATION",2,531.413204051745,1.55633342182235,0.211867720944338,0.606990373886385
"GOBP_STEM_CELL_DEVELOPMENT",2,539.330414699471,1.55485494767497,0.212165307229265,0.607461372424781
"GOBP_EPIGENETIC_PROGRAMMING_OF_GENE_EXPRESSION",2,546.47989778818,1.55402457447429,0.212328201680044,0.607546378834807
"GOBP_NEGATIVE_REGULATION_OF_MACROPHAGE_MIGRATION",2,525.815812462418,1.55350227094965,0.212475092381905,0.607585514955404
"GOBP_ARP2_3_COMPLEX_MEDIATED_ACTIN_NUCLEATION",2,550.777384504691,1.55203922140175,0.21274051765939,0.607963346519096
"GOBP_CELLULAR_RESPONSE_TO_NUTRIENT",2,548.440968617527,1.54946604656785,0.213289499034238,0.609150535438421
"GOBP_NEGATIVE_REGULATION_OF_CYTOKINE_PRODUCTION_INVOLVED_IN_IMMUNE_RESPONSE",2,531.997060554332,1.54618399629465,0.214015349177264,0.610507545090362
"GOBP_POSITIVE_REGULATION_OF_TRANSLATION",2,550.768185214917,1.54595124914163,0.214032353562703,0.610507545090362
"GOBP_LEARNING",2,539.292282109512,1.5444068853525,0.214380912524809,0.610737877592538
"GOBP_NEGATIVE_REGULATION_OF_CELL_CYCLE",2,534.198562353305,1.54470824909857,0.214325656564744,0.610737877592538
"GOBP_PYRIMIDINE_NUCLEOTIDE_METABOLIC_PROCESS",2,550.40081582476,1.5424762593777,0.214773860471538,0.611093934878779
"GOBP_REGULATION_OF_VESICLE_FUSION",2,565.73767085479,1.54264119074871,0.214713653795819,0.611093934878779
"GOBP_RIBONUCLEOSIDE_DIPHOSPHATE_BIOSYNTHETIC_PROCESS",2,551.846001813902,1.54118959225987,0.215046426843781,0.611488000520253
"GOBP_CARDIAC_MUSCLE_CONTRACTION",2,546.236646933351,1.5377366370125,0.21579554674858,0.61190683179804
"GOBP_GAMMA_DELTA_T_CELL_DIFFERENTIATION",2,529.748943190402,1.53709092767592,0.21596300325673,0.61190683179804
"GOBP_MEIOTIC_CELL_CYCLE_PROCESS",2,534.13825441777,1.53570268077201,0.216253439057715,0.61190683179804
"GOBP_MICROTUBULE_ANCHORING",2,558.447141159392,1.53606943941133,0.216133340269918,0.61190683179804
"GOBP_NEGATIVE_REGULATION_OF_MITOCHONDRIAL_OUTER_MEMBRANE_PERMEABILIZATION_INVOLVED_IN_APOPTOTIC_SIGNALING_PATHWAY",2,538.123229509471,1.53542052064509,0.216307100433751,0.61190683179804
"GOBP_NEGATIVE_REGULATION_OF_TELOMERE_MAINTENANCE_VIA_TELOMERE_LENGTHENING",2,549.676572030566,1.5353585139946,0.21630066957947,0.61190683179804
"GOBP_REGULATION_OF_TRANSLATIONAL_INITIATION_IN_RESPONSE_TO_STRESS",2,551.503750673354,1.53508470005692,0.216356524444233,0.61190683179804
"GOBP_RESPONSE_TO_IONIZING_RADIATION",2,545.110589150838,1.53492724548987,0.216401166342959,0.61190683179804
"GOBP_SKELETAL_MUSCLE_TISSUE_REGENERATION",2,554.327851027462,1.53739039748236,0.215856325500633,0.61190683179804
"GOBP_MUSCLE_CELL_CELLULAR_HOMEOSTASIS",2,556.325366667947,1.53135874077186,0.217151745546015,0.612510272996522
"GOBP_ORGANISM_EMERGENCE_FROM_PROTECTIVE_STRUCTURE",2,533.64931843812,1.53333884152861,0.21676317232786,0.612510272996522
"GOBP_POSITIVE_REGULATION_OF_MITOCHONDRIAL_FISSION",2,538.829541236334,1.53198639357622,0.217045747233756,0.612510272996522
"GOBP_SPINDLE_ORGANIZATION",2,537.994069518524,1.53202659727233,0.217038527787487,0.612510272996522
"GOBP_CARDIAC_SEPTUM_DEVELOPMENT",2,518.43355505403,1.52840962593249,0.217855929274895,0.614116745007909
"GOBP_REGULATION_OF_CELL_CYCLE_PHASE_TRANSITION",2,539.670588014859,1.5235288589382,0.218877306881129,0.616266694454145
"GOBP_RESPONSE_TO_ACETYLCHOLINE",2,557.039332456868,1.52334198523786,0.218888850036333,0.616266694454145
"GOBP_ANIMAL_ORGAN_FORMATION",2,531.424244948948,1.51927902390837,0.219818720328853,0.618121568076388
"GOBP_FEEDING_BEHAVIOR",2,569.067985878578,1.51921653851848,0.21976969319215,0.618121568076388
"GOBP_PROTEIN_LOCALIZATION_TO_LYSOSOME",2,549.862225511771,1.51749321906548,0.2201776334281,0.618749344464302
"GOBP_CHROMOSOME_CONDENSATION",2,524.908819328781,1.51584974056367,0.220581287709025,0.619502003227131
"GOBP_DEOXYRIBONUCLEOSIDE_MONOPHOSPHATE_METABOLIC_PROCESS",2,534.60530360578,1.51442782110813,0.220875984479126,0.619566645270169
"GOBP_ISOPRENOID_METABOLIC_PROCESS",2,534.662832796346,1.51456519087394,0.22084571460322,0.619566645270169
"GOBP_REGULATION_OF_DNA_METABOLIC_PROCESS",2,537.602481747749,1.51341008996478,0.2210943825349,0.619798081586773
"GOBP_CELLULAR_SENESCENCE",2,531.429355430945,1.51146215182542,0.221533919230726,0.62064877494554
"GOBP_REGULATION_OF_LIPID_METABOLIC_PROCESS",2,551.103128524476,1.50976910691762,0.221873455468034,0.621218434861695
"GOBP_INTRACELLULAR_ZINC_ION_HOMEOSTASIS",2,532.816754578786,1.5092338664878,0.222022854840555,0.621255362532376
"GOBP_SECONDARY_METABOLITE_BIOSYNTHETIC_PROCESS",2,553.101247095294,1.50438914580558,0.22306052941032,0.623776256677174
"GOBP_CEREBRAL_CORTEX_NEURON_DIFFERENTIATION",2,557.622732510551,1.50098069523928,0.223810655293166,0.624342751554819
"GOBP_NUCLEOTIDE_TRANSMEMBRANE_TRANSPORT",2,546.084548361051,1.50208678601175,0.223583537811015,0.624342751554819
"GOBP_POSITIVE_REGULATION_OF_GLUCONEOGENESIS",2,551.753664439755,1.50143333199017,0.223719466889815,0.624342751554819
"GOBP_POSITIVE_REGULATION_OF_PROTEIN_CONTAINING_COMPLEX_DISASSEMBLY",2,551.12796844512,1.50286932870433,0.223401205055233,0.624342751554819
"GOBP_NEGATIVE_REGULATION_OF_INTERLEUKIN_6_PRODUCTION",2,540.914163173591,1.49579764903383,0.224995137851313,0.62459088480818
"GOBP_NEGATIVE_REGULATION_OF_NLRP3_INFLAMMASOME_COMPLEX_ASSEMBLY",2,556.81153593199,1.49631153120891,0.224853800239572,0.62459088480818
"GOBP_POSITIVE_REGULATION_OF_CALCIUM_ION_TRANSMEMBRANE_TRANSPORT",2,518.141049970882,1.49874999863437,0.224376141184902,0.62459088480818
"GOBP_POSITIVE_REGULATION_OF_LEUKOCYTE_DEGRANULATION",2,557.348668135298,1.49698874731458,0.224701525506125,0.62459088480818
"GOBP_REGULATION_OF_IRE1_MEDIATED_UNFOLDED_PROTEIN_RESPONSE",2,537.450935391738,1.49934251911068,0.224209307893191,0.62459088480818
"GOBP_REGULATION_OF_TOLL_LIKE_RECEPTOR_SIGNALING_PATHWAY",2,553.244325402233,1.49638556968443,0.224843030298012,0.62459088480818
"GOBP_SPROUTING_ANGIOGENESIS",2,544.083825376447,1.49585085287333,0.224977851262244,0.62459088480818
"GOBP_STEROID_HORMONE_BIOSYNTHETIC_PROCESS",2,528.003539420495,1.49841344005059,0.224433206626579,0.62459088480818
"GOBP_FATTY_ACID_DERIVATIVE_METABOLIC_PROCESS",2,511.593634110038,1.49476184396678,0.225279950700021,0.625001128432358
"GOBP_NUCLEAR_TRANSCRIBED_MRNA_CATABOLIC_PROCESS_DEADENYLATION_DEPENDENT_DECAY",2,553.003571756643,1.49089795866073,0.226074002792115,0.626822812604765
"GOBP_CELLULAR_RESPONSE_TO_STEROL",2,559.929942893393,1.48835417660482,0.226635577635271,0.627483083073622
"GOBP_CYTOKINE_PRODUCTION_INVOLVED_IN_IMMUNE_RESPONSE",2,537.789798237864,1.48851731830232,0.226635454666912,0.627483083073622
"GOBP_PROGRAMMED_NECROTIC_CELL_DEATH",2,551.739967707014,1.48668910668762,0.227024465936918,0.627483083073622
"GOBP_RESPONSE_TO_NERVE_GROWTH_FACTOR",2,550.134442088272,1.48696041499472,0.226965846200871,0.627483083073622
"GOBP_SYNAPTIC_VESICLE_CYTOSKELETAL_TRANSPORT",2,516.826938611888,1.48645821368281,0.227137594859581,0.627483083073622
"GOBP_VESICLE_COATING",2,529.789984652978,1.4872183777235,0.226942399201636,0.627483083073622
"GOBP_CEREBRAL_CORTEX_RADIALLY_ORIENTED_CELL_MIGRATION",2,556.907309076072,1.47933581681745,0.228682646700636,0.628251130797369
"GOBP_INORGANIC_ANION_TRANSMEMBRANE_TRANSPORT",2,537.631179901964,1.47981639261933,0.228605350617258,0.628251130797369
"GOBP_MITOTIC_G2_DNA_DAMAGE_CHECKPOINT_SIGNALING",2,540.045213973055,1.47897297000885,0.228793055964576,0.628251130797369
"GOBP_PEPTIDE_CROSS_LINKING",2,543.678920644151,1.47960505077977,0.228643123370288,0.628251130797369
"GOBP_REGULATION_OF_D_GLUCOSE_TRANSMEMBRANE_TRANSPORT",2,531.603549474317,1.48023244960066,0.228521260325246,0.628251130797369
"GOBP_REGULATION_OF_EPITHELIAL_CELL_PROLIFERATION",2,536.995827524428,1.47923658709546,0.228738303182129,0.628251130797369
"GOBP_REGULATION_OF_REACTIVE_OXYGEN_SPECIES_METABOLIC_PROCESS",2,538.598171467943,1.4819793236067,0.228112469730386,0.628251130797369
"GOBP_REGULATION_OF_VACUOLE_ORGANIZATION",2,545.773510953278,1.48064831601699,0.228402493515334,0.628251130797369
"GOBP_SNO_S_RNA_PROCESSING",2,538.477993821108,1.48208132744568,0.228089535999945,0.628251130797369
"GOBP_VENTRICULAR_SYSTEM_DEVELOPMENT",2,517.568393869045,1.48451306468791,0.227575931543766,0.628251130797369
"GOBP_T_CELL_DIFFERENTIATION",2,528.305605746974,1.47803382204868,0.22902729138106,0.628515930197962
"GOBP_DETECTION_OF_STIMULUS_INVOLVED_IN_SENSORY_PERCEPTION",2,544.882702747767,1.47529367109294,0.229623650841913,0.62877045681479
"GOBP_REGULATION_OF_FATTY_ACID_TRANSPORT",2,545.083480678308,1.47447953367984,0.22980932942562,0.62877045681479
"GOBP_REGULATION_OF_MEIOTIC_CELL_CYCLE_PHASE_TRANSITION",2,534.334842230746,1.47495245219015,0.229719567312,0.62877045681479
"GOBP_REGULATION_OF_SYNAPTIC_VESICLE_MEMBRANE_ORGANIZATION",2,540.728993526335,1.47546704128408,0.229591054313365,0.62877045681479
"GOBP_REGULATION_OF_VIRAL_PROCESS",2,549.350051949304,1.47594911758702,0.229466597264584,0.62877045681479
"GOBP_MITOTIC_NUCLEAR_DIVISION",2,536.099695808544,1.47088209989724,0.230648312896546,0.630687622974309
"GOBP_SYNAPSE_ASSEMBLY",2,534.069288452319,1.47001484902431,0.230850849209112,0.630863225430054
"GOBP_RECOMBINATIONAL_REPAIR",2,545.468555040603,1.46842396352319,0.231197018657125,0.631430899458172
"GOBP_L_ASCORBIC_ACID_METABOLIC_PROCESS",2,519.606260901974,1.46659988947337,0.231661993915633,0.632138169881183
"GOBP_NEUROBLAST_DIVISION",2,539.498436761747,1.46613866215298,0.231733176943946,0.632138169881183
"GOBP_HISTONE_MRNA_CATABOLIC_PROCESS",2,550.398241152793,1.46366211527715,0.232286541578051,0.632506644457018
"GOBP_NEGATIVE_REGULATION_OF_MEIOTIC_CELL_CYCLE",2,535.442147675562,1.46401165065394,0.232230871158689,0.632506644457018
"GOBP_PHOSPHATIDYLGLYCEROL_METABOLIC_PROCESS",2,529.549311387349,1.46340924515619,0.232380316497596,0.632506644457018
"GOBP_REGULATION_OF_CHOLESTEROL_BIOSYNTHETIC_PROCESS",2,544.962124306851,1.46311059306794,0.232422963409332,0.632506644457018
"GOBP_REGULATION_OF_CLATHRIN_DEPENDENT_ENDOCYTOSIS",2,555.571097810102,1.4607297395441,0.232956732173632,0.63358118988905
"GOBP_BASE_EXCISION_REPAIR_AP_SITE_FORMATION",2,564.006420800842,1.45954707191773,0.233217680866465,0.63375106187893
"GOBP_TYPE_B_PANCREATIC_CELL_PROLIFERATION",2,567.616258432003,1.45918090154191,0.233297091184986,0.63375106187893
"GOBP_REGULATION_OF_OSTEOCLAST_DIFFERENTIATION",2,553.211404158376,1.45802755748425,0.233587562096568,0.633785169971711
"GOBP_REGULATION_OF_TRANSLATION_IN_RESPONSE_TO_STRESS",2,539.550127566899,1.45812914742938,0.233586526118362,0.633785169971711
"GOBP_LIPID_LOCALIZATION",2,521.994775055099,1.45704824959016,0.233868508162959,0.633870170446614
"GOBP_NEGATIVE_REGULATION_OF_NERVOUS_SYSTEM_DEVELOPMENT",2,555.17634262739,1.45608674965232,0.234035818248651,0.633870170446614
"GOBP_SEMI_LUNAR_VALVE_DEVELOPMENT",2,548.513569784165,1.45640929784858,0.233971518610939,0.633870170446614
"GOBP_COLLATERAL_SPROUTING",2,554.204019766906,1.45044875336396,0.235353681069963,0.636484395164875
"GOBP_MALE_GENITALIA_DEVELOPMENT",2,532.1002805578,1.44913296394501,0.235698781721875,0.636484395164875
"GOBP_MESODERM_MORPHOGENESIS",2,541.586677251486,1.44960264468606,0.235572524848162,0.636484395164875
"GOBP_POSITIVE_REGULATION_OF_MITOTIC_NUCLEAR_DIVISION",2,538.382856002126,1.44981681809069,0.235527746446033,0.636484395164875
"GOBP_TELOMERASE_RNA_LOCALIZATION",2,546.562511963305,1.45024287000797,0.235414292154268,0.636484395164875
"GOBP_REGULATION_OF_MITOCHONDRIAL_MEMBRANE_PERMEABILITY_INVOLVED_IN_APOPTOTIC_PROCESS",2,547.303806525146,1.44802088427462,0.23593397833757,0.636742529702756
"GOBP_NEGATIVE_REGULATION_OF_PROTEIN_TYROSINE_KINASE_ACTIVITY",2,571.171935579956,1.44619663107952,0.236325023432329,0.637420716661651
"GOBP_REGULATION_OF_COLLATERAL_SPROUTING",2,542.396605718639,1.44542800250153,0.236551407677973,0.637654237836428
"GOBP_CELLULAR_RESPONSE_TO_REACTIVE_NITROGEN_SPECIES",2,520.522770658808,1.44445337372408,0.23681884962589,0.637710170721973
"GOBP_CYSTEINE_METABOLIC_PROCESS",2,545.331512049824,1.44353826725075,0.236991611351402,0.637710170721973
"GOBP_VESICLE_BUDDING_FROM_MEMBRANE",2,537.745135466531,1.44410407352273,0.236870952436408,0.637710170721973
"GOBP_REGULATION_OF_ATP_DEPENDENT_ACTIVITY",2,542.666326662074,1.44294559613298,0.237135786409574,0.637721887862068
"GOBP_NEGATIVE_REGULATION_OF_VASCULAR_PERMEABILITY",2,526.034374854216,1.43934347854982,0.238015511286979,0.638581615870535
"GOBP_POSITIVE_REGULATION_OF_CYTOKINE_PRODUCTION_INVOLVED_IN_INFLAMMATORY_RESPONSE",2,551.953522478442,1.44033675944128,0.237736778371214,0.638581615870535
"GOBP_REGULATION_OF_EXTRACELLULAR_MATRIX_DISASSEMBLY",2,529.969153479254,1.43983734291957,0.23789172185878,0.638581615870535
"GOBP_VESICLE_TARGETING",2,539.102127663863,1.4403010399109,0.237766378874732,0.638581615870535
"GOBP_EMBRYONIC_APPENDAGE_MORPHOGENESIS",2,516.683106002204,1.43615280551873,0.238788832805917,0.639509695993089
"GOBP_ERYTHROSE_4_PHOSPHATE_PHOSPHOENOLPYRUVATE_FAMILY_AMINO_ACID_CATABOLIC_PROCESS",2,563.467940740358,1.43408148508674,0.239202705846132,0.639509695993089
"GOBP_HOMOLOGOUS_RECOMBINATION",2,546.36931721657,1.43630567863304,0.238701115017609,0.639509695993089
"GOBP_NEGATIVE_REGULATION_OF_OSTEOCLAST_DIFFERENTIATION",2,547.526328530526,1.43600745379199,0.23877004877614,0.639509695993089
"GOBP_REGULATION_OF_P38MAPK_CASCADE",2,540.797227731482,1.43467828617564,0.239097073402367,0.639509695993089
"GOBP_REGULATION_OF_REGULATORY_NCRNA_PROCESSING",2,576.436470233852,1.43405435763693,0.239189652186674,0.639509695993089
"GOBP_TELOMERE_MAINTENANCE_VIA_TELOMERE_LENGTHENING",2,553.012528864159,1.43351007366291,0.239355126345747,0.639542314741039
"GOBP_NEGATIVE_REGULATION_OF_STEM_CELL_PROLIFERATION",2,518.779173870136,1.43252733976208,0.239647509865217,0.639948649001906
"GOBP_NUCLEOSIDE_DIPHOSPHATE_BIOSYNTHETIC_PROCESS",2,556.253798328659,1.4316686559664,0.239788865883418,0.639951443706419
"GOBP_REGULATION_OF_MITOTIC_SPINDLE_ASSEMBLY",2,536.559959096851,1.42896788565615,0.240466206109198,0.64100898075047
"GOBP_SYNAPSE_ORGANIZATION",2,545.205448849582,1.42928528199037,0.240375888230726,0.64100898075047
"GOBP_ENSHEATHMENT_OF_NEURONS",2,539.524864124691,1.42638184023723,0.241080578815806,0.64227133176337
"GOBP_APPENDAGE_DEVELOPMENT",2,523.301660502432,1.42466778436109,0.241519948861138,0.642691065785093
"GOBP_PROTEIN_TARGETING_TO_VACUOLE",2,545.119807116905,1.42506181045342,0.241388086447227,0.642691065785093
"GOBP_CELLULAR_PROCESS_INVOLVED_IN_REPRODUCTION_IN_MULTICELLULAR_ORGANISM",2,547.02167833456,1.42243179321402,0.242017367570369,0.643491583924682
"GOBP_TRANSLATIONAL_ELONGATION",2,562.926561235889,1.42197212626927,0.242102950671948,0.643491583924682
"GOBP_REGULATION_OF_LIPID_TRANSPORT",2,534.891435703899,1.41828841034567,0.24303714230344,0.64559837276994
"GOBP_REGULATION_OF_ENDOTHELIAL_CELL_DIFFERENTIATION",2,560.94669625251,1.41671158282603,0.243376517966318,0.646123573017682
"GOBP_G0_TO_G1_TRANSITION",2,538.810106953948,1.41424048967301,0.24401113844561,0.647055117703738
"GOBP_RESPONSE_TO_FIBROBLAST_GROWTH_FACTOR",2,556.77520964693,1.41467662310554,0.243876266340386,0.647055117703738
"GOBP_GLUTAMATE_METABOLIC_PROCESS",2,536.055207015846,1.41300837341559,0.244315022737376,0.647108489375826
"GOBP_NEUROTRANSMITTER_RECEPTOR_TRANSPORT",2,531.209914981169,1.41323702165534,0.244267702606065,0.647108489375826
"GOBP_DOUBLE_STRAND_BREAK_REPAIR_VIA_NONHOMOLOGOUS_END_JOINING",2,548.834412425949,1.41217867649046,0.244495717044716,0.647211239373737
"GOBP_NEGATIVE_REGULATION_OF_RECEPTOR_SIGNALING_PATHWAY_VIA_JAK_STAT",2,560.609556151703,1.4078714621659,0.245527177048311,0.648157704096529
"GOBP_PROTEIN_FOLDING_IN_ENDOPLASMIC_RETICULUM",2,556.369035627347,1.40835532367159,0.245415571756557,0.648157704096529
"GOBP_REGULATION_OF_CALCIUM_ION_TRANSPORT_INTO_CYTOSOL",2,532.853281390874,1.40674253609121,0.24584802194409,0.648157704096529
"GOBP_REGULATION_OF_CELLULAR_SENESCENCE",2,543.81579746682,1.40742539960632,0.245662797451884,0.648157704096529
"GOBP_REGULATION_OF_ISOTYPE_SWITCHING",2,555.020680096554,1.40668527522635,0.245825813077337,0.648157704096529
"GOBP_REGULATION_OF_STRIATED_MUSCLE_CONTRACTION",2,528.275841557079,1.40691560228477,0.245813557530715,0.648157704096529
"GOBP_VITAMIN_METABOLIC_PROCESS",2,522.52829856524,1.40788460998828,0.245586802324447,0.648157704096529
"GOBP_POSITIVE_REGULATION_OF_ATP_DEPENDENT_ACTIVITY",2,545.601879077662,1.40342914071072,0.24663852112764,0.64866806675284
"GOBP_REGULATION_OF_GLUCONEOGENESIS",2,544.229500324866,1.403629254818,0.246591652881744,0.64866806675284
"GOBP_REGULATION_OF_PROTEIN_DEACETYLATION",2,552.628093085032,1.40431445946234,0.24641013351844,0.64866806675284
"GOBP_RESPONSE_TO_MANGANESE_ION",2,569.46303318195,1.40341339879391,0.246605328872317,0.64866806675284
"GOBP_VIRAL_BUDDING",2,555.142540669704,1.40290200715629,0.246752706822227,0.64866806675284
"GOBP_REGULATION_OF_UBIQUITIN_PROTEIN_TRANSFERASE_ACTIVITY",2,540.950742048592,1.40098221784798,0.247247266961538,0.649593769937542
"GOBP_SNRNA_TRANSCRIPTION",2,544.120094341413,1.4002874682739,0.247413028055495,0.649655049488262
"GOBP_POSITIVE_REGULATION_OF_MACROPHAGE_DERIVED_FOAM_CELL_DIFFERENTIATION",2,534.179107412951,1.39936683423445,0.247656214759162,0.649919445061298
"GOBP_CELL_SUBSTRATE_JUNCTION_ORGANIZATION",2,533.467347894225,1.39487971368882,0.248765366907588,0.651282852624268
"GOBP_CORPUS_CALLOSUM_DEVELOPMENT",2,536.790403385201,1.3937782842243,0.249032513698032,0.651282852624268
"GOBP_NEGATIVE_REGULATION_OF_CELL_CYCLE_G2_M_PHASE_TRANSITION",2,533.576703366032,1.39576036454814,0.248547342225343,0.651282852624268
"GOBP_POSITIVE_REGULATION_OF_DOUBLE_STRAND_BREAK_REPAIR_VIA_NONHOMOLOGOUS_END_JOINING",2,571.645221473854,1.39398496074395,0.248926732666759,0.651282852624268
"GOBP_REGULATION_OF_TRANSLATION",2,545.580632906794,1.39572105611641,0.248537233310223,0.651282852624268
"GOBP_REGULATION_OF_TRANSLATION_IN_RESPONSE_TO_ENDOPLASMIC_RETICULUM_STRESS",2,537.988761174374,1.39508151249097,0.24870785933763,0.651282852624268
"GOBP_POSITIVE_REGULATION_OF_BROWN_FAT_CELL_DIFFERENTIATION",2,550.74889634244,1.39276997839093,0.249259768004827,0.65150361138683
"GOBP_EXIT_FROM_MITOSIS",2,547.987104715952,1.39124944271321,0.249641547551106,0.651982451759699
"GOBP_REGULATION_OF_LYMPHOCYTE_ACTIVATION",2,533.033887562782,1.39099684104327,0.249728862798551,0.651982451759699
"GOBP_CELLULAR_RESPONSE_TO_ANTIBIOTIC",2,553.942887574692,1.38939461800886,0.250093267320176,0.652548194858065
"GOBP_RESPONSE_TO_INTERLEUKIN_6",2,539.315310533462,1.38893275299069,0.250231701996658,0.652548194858065
"GOBP_CELLULAR_RESPONSE_TO_GAMMA_RADIATION",2,546.562449888266,1.38723954343615,0.250641803377584,0.653244151545806
"GOBP_ANTIGEN_PROCESSING_AND_PRESENTATION_OF_PEPTIDE_ANTIGEN_VIA_MHC_CLASS_I",2,533.49927266543,1.38669301598292,0.250799588743888,0.653246667817902
"GOBP_FATTY_ACID_TRANSPORT",2,544.124956035702,1.38571374716825,0.251026514264197,0.653246667817902
"GOBP_FOREBRAIN_REGIONALIZATION",2,547.666476133161,1.38550709643871,0.25107244215847,0.653246667817902
"GOBP_INCLUSION_BODY_ASSEMBLY",2,561.892520649008,1.38262671942165,0.251770916711143,0.654690508049899
"GOBP_MONOCYTE_EXTRAVASATION",2,536.127828866091,1.38170558141652,0.252042678464568,0.65502373588427
"GOBP_LEUKOCYTE_AGGREGATION",2,564.170141955237,1.37958181536936,0.252531510889348,0.655174187239087
"GOBP_SIGNAL_TRANSDUCTION_BY_P53_CLASS_MEDIATOR",2,541.303145604482,1.38023408249431,0.252403411573007,0.655174187239087
"GOBP_VIRION_ASSEMBLY",2,551.929823521952,1.38053901444272,0.252309857583971,0.655174187239087
"GOBP_CD40_SIGNALING_PATHWAY",2,554.761526468325,1.37726299535195,0.253129250648783,0.655252113894651
"GOBP_COLLAGEN_FIBRIL_ORGANIZATION",2,542.281903175955,1.37493408412857,0.253736301526773,0.655252113894651
"GOBP_IRON_COORDINATION_ENTITY_TRANSPORT",2,558.283380972882,1.3762905931655,0.253368875279676,0.655252113894651
"GOBP_NEGATIVE_REGULATION_OF_CANONICAL_WNT_SIGNALING_PATHWAY",2,557.614080920134,1.37790063210311,0.25296429494264,0.655252113894651
"GOBP_NEUROTRANSMITTER_TRANSPORT",2,550.535565800337,1.37517177055849,0.253663129469005,0.655252113894651
"GOBP_OLIGOSACCHARIDE_BIOSYNTHETIC_PROCESS",2,533.954859176989,1.37564758613991,0.253569943642641,0.655252113894651
"GOBP_POSITIVE_REGULATION_OF_GLIAL_CELL_DIFFERENTIATION",2,563.068144756477,1.37799014999046,0.252933473725754,0.655252113894651
"GOBP_POSITIVE_REGULATION_OF_NUCLEAR_DIVISION",2,542.486261740935,1.37446459314302,0.253854524282361,0.655252113894651
"GOBP_REGULATION_OF_ADAPTIVE_IMMUNE_RESPONSE",2,537.939648519545,1.37732626297729,0.253140201797849,0.655252113894651
"GOBP_NEGATIVE_REGULATION_OF_CYCLIN_DEPENDENT_PROTEIN_KINASE_ACTIVITY",2,550.681758454138,1.37366576529396,0.254043304851245,0.655368503069303
"GOBP_CAMERA_TYPE_EYE_PHOTORECEPTOR_CELL_DIFFERENTIATION",2,546.889147286576,1.37300603501527,0.254216122875553,0.655443604542339
"GOBP_DETECTION_OF_MECHANICAL_STIMULUS_INVOLVED_IN_SENSORY_PERCEPTION_OF_SOUND",2,564.802883553967,1.37032025422482,0.254868816785085,0.656755182687442
"GOBP_CD4_POSITIVE_OR_CD8_POSITIVE_ALPHA_BETA_T_CELL_LINEAGE_COMMITMENT",2,545.878789492501,1.36066683234635,0.257358186942686,0.658563596494957
"GOBP_CEREBELLAR_PURKINJE_CELL_LAYER_FORMATION",2,533.652465092082,1.36469269712456,0.256349209276436,0.658563596494957
"GOBP_DENTATE_GYRUS_DEVELOPMENT",2,548.831342898852,1.3599540188371,0.257536127145604,0.658563596494957
"GOBP_ENDOCYTIC_RECYCLING",2,543.303364703608,1.36039989911428,0.25743066246852,0.658563596494957
"GOBP_EXTERNAL_ENCAPSULATING_STRUCTURE_ORGANIZATION",2,553.435242348511,1.36486515446988,0.256273462202462,0.658563596494957
"GOBP_FACULTATIVE_HETEROCHROMATIN_FORMATION",2,560.924664957993,1.35910011735402,0.257736465631111,0.658563596494957
"GOBP_GLUTAMATE_SECRETION",2,551.278770801269,1.35999095762229,0.257522833497208,0.658563596494957
"GOBP_INTERLEUKIN_8_PRODUCTION",2,544.598022738733,1.35991645497706,0.257552455238551,0.658563596494957
"GOBP_MACROAUTOPHAGY",2,548.081829973353,1.36585266907783,0.256030128896941,0.658563596494957
"GOBP_MORPHOGENESIS_OF_EMBRYONIC_EPITHELIUM",2,534.306839490454,1.35973276874402,0.257616265466489,0.658563596494957
"GOBP_NEGATIVE_REGULATION_OF_MYOBLAST_DIFFERENTIATION",2,557.346066691663,1.36296531301639,0.256752403397283,0.658563596494957
"GOBP_OSTEOCLAST_DIFFERENTIATION",2,552.197745340442,1.36513453703736,0.256206695416926,0.658563596494957
"GOBP_REGULATION_OF_AEROBIC_RESPIRATION",2,547.161869796287,1.36453762692365,0.256366824269323,0.658563596494957
"GOBP_REGULATION_OF_EXTRINSIC_APOPTOTIC_SIGNALING_PATHWAY_IN_ABSENCE_OF_LIGAND",2,546.19945836025,1.36027217150051,0.257458763259491,0.658563596494957
"GOBP_REGULATION_OF_LONG_TERM_NEURONAL_SYNAPTIC_PLASTICITY",2,565.553749601911,1.35916343295479,0.25771332347994,0.658563596494957
"GOBP_DEVELOPMENTAL_PIGMENTATION",2,534.083847613942,1.35761629979074,0.258159684267282,0.658860135022382
"GOBP_FAT_CELL_PROLIFERATION",2,548.417921896196,1.35632235922738,0.258469137056615,0.658860135022382
"GOBP_INTRINSIC_APOPTOTIC_SIGNALING_PATHWAY_BY_P53_CLASS_MEDIATOR",2,551.327511929585,1.35705606055657,0.258275953244856,0.658860135022382
"GOBP_POSITIVE_REGULATION_OF_GLIOGENESIS",2,551.024825330657,1.35696978606219,0.2582985984629,0.658860135022382
"GOBP_SKELETAL_MUSCLE_CONTRACTION",2,560.745321802177,1.35583806208681,0.258574795371643,0.658860135022382
"GOBP_POLYSACCHARIDE_METABOLIC_PROCESS",2,532.323984253943,1.35339778021662,0.259248432578923,0.6602077615815
"GOBP_REGULATION_OF_MITOTIC_CELL_CYCLE",2,539.009676503619,1.35245412557369,0.259480965214134,0.660431184342448
"GOBP_NEGATIVE_REGULATION_OF_AMINE_TRANSPORT",2,538.341183250128,1.35033335059666,0.260030183498811,0.661043095531858
"GOBP_POSITIVE_REGULATION_OF_EXCITATORY_POSTSYNAPTIC_POTENTIAL",2,553.462453991703,1.34695896581913,0.260880853312288,0.661043095531858
"GOBP_POSITIVE_REGULATION_OF_EXTRACELLULAR_MATRIX_ORGANIZATION",2,542.598851510692,1.3489175489849,0.260389895645361,0.661043095531858
"GOBP_POSTSYNAPTIC_SPECIALIZATION_ASSEMBLY",2,537.796154123576,1.34855973805671,0.260490366752265,0.661043095531858
"GOBP_PURINE_NUCLEOBASE_METABOLIC_PROCESS",2,551.729563088025,1.34845992749914,0.260494140383762,0.661043095531858
"GOBP_REGULATION_OF_CARDIAC_MUSCLE_CELL_PROLIFERATION",2,565.177396259506,1.34775750908994,0.260656001111225,0.661043095531858
"GOBP_REGULATION_OF_RIG_I_SIGNALING_PATHWAY",2,558.746989005124,1.34780587104056,0.260653035657026,0.661043095531858
"GOBP_SIGNALING_RECEPTOR_LIGAND_PRECURSOR_PROCESSING",2,548.110148164688,1.34712243797432,0.260846714170179,0.661043095531858
"GOBP_INTRACELLULAR_COPPER_ION_HOMEOSTASIS",2,566.267435634168,1.34319642619324,0.261840331886814,0.663105915455723
"GOBP_ALDEHYDE_BIOSYNTHETIC_PROCESS",2,564.250454452456,1.34168654935743,0.262237069841731,0.663232014437966
"GOBP_CALCIUM_ION_HOMEOSTASIS",2,537.678550261164,1.34177927961981,0.262253951778543,0.663232014437966
"GOBP_REGULATION_OF_MAST_CELL_ACTIVATION",2,550.631243894711,1.34142321878691,0.26232636571938,0.663232014437966
"GOBP_CYTOCHROME_COMPLEX_ASSEMBLY",2,561.361299118403,1.34001303633807,0.262678490143685,0.663386818131421
"GOBP_NEUROTRANSMITTER_REUPTAKE",2,560.850546574115,1.3403378973001,0.262594335851051,0.663386818131421
"GOBP_REGULATION_OF_ENDOCYTOSIS",2,543.282094449646,1.33914694250174,0.262932782074589,0.663661548999558
"GOBP_NEGATIVE_REGULATION_OF_FERROPTOSIS",2,546.298279129659,1.33475493151296,0.264079694537005,0.665854306813243
"GOBP_SEX_CHROMOSOME_DOSAGE_COMPENSATION",2,554.858012676536,1.33465218747081,0.264093497264889,0.665854306813243
"GOBP_REGULATION_OF_CHOLESTEROL_EFFLUX",2,547.974765876512,1.33242879166892,0.264689089665868,0.666987258544765
"GOBP_FATTY_ACID_BIOSYNTHETIC_PROCESS",2,529.749814720563,1.33048678419451,0.265230408673114,0.667982271649958
"GOBP_REGULATION_OF_NUCLEOTIDE_BIOSYNTHETIC_PROCESS",2,537.995829068889,1.32984359805404,0.265386713254932,0.668007063551736
"GOBP_IRON_ION_TRANSMEMBRANE_TRANSPORT",2,529.592877503311,1.32814889081238,0.265848371413559,0.668348177795338
"GOBP_L_AMINO_ACID_TRANSPORT",2,531.218583003392,1.3263688137361,0.266316969605781,0.668348177795338
"GOBP_NUCLEOTIDE_SALVAGE",2,568.406266645276,1.32750718150788,0.265958120975724,0.668348177795338
"GOBP_REELIN_MEDIATED_SIGNALING_PATHWAY",2,532.847170460814,1.32708712466833,0.266124011230192,0.668348177795338
"GOBP_REGULATION_OF_LYMPHOCYTE_APOPTOTIC_PROCESS",2,533.321304985459,1.32651222714118,0.266275514091884,0.668348177795338
"GOBP_SOMATIC_DIVERSIFICATION_OF_IMMUNE_RECEPTORS",2,554.053434154341,1.32591389566701,0.266401444251682,0.668348177795338
"GOBP_B_CELL_HOMEOSTASIS",2,545.125607344834,1.3154922737648,0.269192668223863,0.670968120363518
"GOBP_CELLULAR_RESPONSE_TO_UV_B",2,568.268140476401,1.31507880892923,0.269268884364505,0.670968120363518
"GOBP_CELL_FATE_SPECIFICATION",2,557.845094563402,1.31113059415809,0.270344393021414,0.670968120363518
"GOBP_EPITHELIAL_TO_MESENCHYMAL_TRANSITION",2,550.451717570366,1.31922569201801,0.268186117477897,0.670968120363518
"GOBP_FC_EPSILON_RECEPTOR_SIGNALING_PATHWAY",2,552.110002549305,1.31861976989932,0.268345361345179,0.670968120363518
"GOBP_INTERLEUKIN_10_MEDIATED_SIGNALING_PATHWAY",2,559.5100883667,1.31314299769459,0.269800974013521,0.670968120363518
"GOBP_NEGATIVE_REGULATION_OF_CYTOPLASMIC_PATTERN_RECOGNITION_RECEPTOR_SIGNALING_PATHWAY",2,551.551947429073,1.31755116304283,0.268631755357786,0.670968120363518
"GOBP_NEGATIVE_REGULATION_OF_SUBSTRATE_ADHESION_DEPENDENT_CELL_SPREADING",2,544.931008775496,1.31801362108132,0.268518353540627,0.670968120363518
"GOBP_POSITIVE_REGULATION_BY_SYMBIONT_OF_ENTRY_INTO_HOST",2,557.291284503099,1.31492397349975,0.269326428041985,0.670968120363518
"GOBP_POSITIVE_REGULATION_OF_CATION_CHANNEL_ACTIVITY",2,527.974207739514,1.31772226973264,0.268623531350531,0.670968120363518
"GOBP_POSITIVE_REGULATION_OF_PEPTIDYL_SERINE_PHOSPHORYLATION",2,548.399831316089,1.31826582135093,0.268445587131039,0.670968120363518
"GOBP_REGULATION_OF_FIBROBLAST_GROWTH_FACTOR_RECEPTOR_SIGNALING_PATHWAY",2,574.098354102188,1.31046022094798,0.270501405635143,0.670968120363518
"GOBP_REGULATION_OF_HYPERSENSITIVITY",2,532.372043136444,1.31251572868751,0.270011578854951,0.670968120363518
"GOBP_REGULATION_OF_MITOCHONDRIAL_OUTER_MEMBRANE_PERMEABILIZATION_INVOLVED_IN_APOPTOTIC_SIGNALING_PATHWAY",2,541.052012333996,1.31484714040966,0.269371945551484,0.670968120363518
"GOBP_REGULATION_OF_NON_CANONICAL_NF_KAPPAB_SIGNAL_TRANSDUCTION",2,547.538812831327,1.31459171949381,0.269430294434399,0.670968120363518
"GOBP_REGULATION_OF_SIGNAL_TRANSDUCTION_BY_P53_CLASS_MEDIATOR",2,540.361363496096,1.31635167507944,0.268970023161816,0.670968120363518
"GOBP_RESPONSE_TO_REDOX_STATE",2,552.936229378003,1.3171789121122,0.268729193928974,0.670968120363518
"GOBP_SENSORY_PERCEPTION_OF_CHEMICAL_STIMULUS",2,538.782748614522,1.31053103069772,0.27053505225795,0.670968120363518
"GOBP_STEROID_CATABOLIC_PROCESS",2,542.17752596742,1.31078945108655,0.270460122214447,0.670968120363518
"GOBP_TRIGLYCERIDE_CATABOLIC_PROCESS",2,535.97257677816,1.31423646104832,0.269543801557705,0.670968120363518
"GOBP_VACUOLAR_LOCALIZATION",2,551.577022676849,1.31057012811905,0.270504650459178,0.670968120363518
"GOBP_NEGATIVE_REGULATION_OF_ANTIGEN_RECEPTOR_MEDIATED_SIGNALING_PATHWAY",2,526.192121582551,1.30883133401379,0.271013525185766,0.671789504550152
"GOBP_POSITIVE_REGULATION_OF_DNA_BIOSYNTHETIC_PROCESS",2,554.334210706901,1.30750005237385,0.271328304484864,0.671839520496994
"GOBP_REGULATION_OF_STEROL_TRANSPORT",2,527.921542395412,1.30802628899178,0.27122784053381,0.671839520496994
"GOBP_REGULATION_OF_TYROSINE_PHOSPHORYLATION_OF_STAT_PROTEIN",2,560.346627314695,1.30668207084317,0.271540375717233,0.671999812070701
"GOBP_AORTIC_VALVE_MORPHOGENESIS",2,546.183360587532,1.30509890524331,0.271989916140686,0.67274729258008
"GOBP_NEGATIVE_REGULATION_OF_B_CELL_PROLIFERATION",2,549.306923516014,1.3027559596748,0.272620098791271,0.673736098705667
"GOBP_REGULATION_OF_G_PROTEIN_COUPLED_RECEPTOR_SIGNALING_PATHWAY",2,547.866473762729,1.30252445505141,0.272685121291529,0.673736098705667
"GOBP_CELL_PROLIFERATION_IN_FOREBRAIN",2,562.83112261058,1.30029494821144,0.273268587552995,0.67374171437673
"GOBP_LIPID_DROPLET_ORGANIZATION",2,547.967397673375,1.2998717130579,0.273405861703414,0.67374171437673
"GOBP_POSITIVE_REGULATION_OF_NEUROTRANSMITTER_SECRETION",2,521.756141236295,1.30053290682004,0.273268097572289,0.67374171437673
"GOBP_REGULATION_OF_CHEMOTAXIS",2,543.017821161748,1.29928313891028,0.273573702044662,0.67374171437673
"GOBP_RESCUE_OF_STALLED_RIBOSOME",2,547.603295934802,1.29933562014214,0.273552336473784,0.67374171437673
"GOBP_RIBOSE_PHOSPHATE_METABOLIC_PROCESS",2,536.389296375935,1.29984168841209,0.273432114035786,0.67374171437673
"GOBP_DOPAMINE_SECRETION",2,554.585976397365,1.29664722683366,0.27427472624059,0.673791515929041
"GOBP_IRES_DEPENDENT_VIRAL_TRANSLATIONAL_INITIATION",2,537.492575422662,1.2966101104728,0.27431113661392,0.673791515929041
"GOBP_POSITIVE_REGULATION_OF_DOUBLE_STRAND_BREAK_REPAIR_VIA_HOMOLOGOUS_RECOMBINATION",2,551.61847708502,1.29754442210714,0.274034350825357,0.673791515929041
"GOBP_POSITIVE_REGULATION_OF_ORGAN_GROWTH",2,528.056038961376,1.29658740757808,0.274332568533266,0.673791515929041
"GOBP_REGULATION_OF_NOTCH_SIGNALING_PATHWAY",2,527.035494975276,1.29739385819998,0.27411418355323,0.673791515929041
"GOBP_RESPONSE_TO_ANGIOTENSIN",2,531.978200691225,1.29530536365579,0.274676387506796,0.674272875898007
"GOBP_VASCULAR_ENDOTHELIAL_CELL_RESPONSE_TO_FLUID_SHEAR_STRESS",2,567.193825139397,1.29397043961526,0.274988119913117,0.674674994579734
"GOBP_BENZENE_CONTAINING_COMPOUND_METABOLIC_PROCESS",2,529.353716476262,1.29316446642262,0.275266480119938,0.674707770589188
"GOBP_ESTABLISHMENT_OF_EPITHELIAL_CELL_APICAL_BASAL_POLARITY",2,551.562060859121,1.2925305819201,0.275405396857118,0.674707770589188
"GOBP_POSITIVE_REGULATION_OF_CILIUM_ASSEMBLY",2,546.802180258228,1.29187200979059,0.275593198116127,0.674707770589188
"GOBP_REGULATION_OF_TISSUE_REMODELING",2,555.656884941854,1.29212356008379,0.275510884780062,0.674707770589188
"GOBP_NON_PROTEINOGENIC_AMINO_ACID_METABOLIC_PROCESS",2,539.536945635705,1.28950617526043,0.276254147993666,0.675238568595449
"GOBP_REGULATION_OF_CELL_FATE_COMMITMENT",2,532.92604195572,1.2898679814057,0.276165187505387,0.675238568595449
"GOBP_REGULATION_OF_CHROMOSOME_ORGANIZATION",2,542.320928743638,1.29022759995276,0.276051526306842,0.675238568595449
"GOBP_DEVELOPMENTAL_INDUCTION",2,541.957726708724,1.286138758708,0.277177772291241,0.677133272319415
"GOBP_REGULATION_OF_LYMPHOID_PROGENITOR_CELL_DIFFERENTIATION",2,539.118251451708,1.28244966572529,0.278201772704135,0.679082984045286
"GOBP_TRAIL_ACTIVATED_APOPTOTIC_SIGNALING_PATHWAY",2,564.567406274193,1.28205288906777,0.278273645512089,0.679082984045286
"GOBP_PHOSPHOLIPID_BIOSYNTHETIC_PROCESS",2,522.056206544173,1.28087222745812,0.278666422025676,0.679389968888018
"GOBP_PROTEIN_AUTOPROCESSING",2,531.573107826863,1.28056893185803,0.278734965801903,0.679389968888018
"GOBP_RECEPTOR_METABOLIC_PROCESS",2,542.031343529737,1.2801082360968,0.278846310405255,0.679389968888018
"GOBP_POSITIVE_REGULATION_OF_CELL_CYCLE",2,536.863562222463,1.27757090765065,0.279559454360808,0.680763839476587
"GOBP_REGULATION_OF_VIRAL_GENOME_REPLICATION",2,540.404478989702,1.27679632666512,0.279769521996986,0.68091184089021
"GOBP_CATECHOL_CONTAINING_COMPOUND_BIOSYNTHETIC_PROCESS",2,545.679865876562,1.27602282469664,0.279976885226187,0.680967459130708
"GOBP_CELLULAR_RESPONSE_TO_VIRUS",2,533.42565980305,1.27326732249204,0.280764870777508,0.680967459130708
"GOBP_CYTOSKELETON_DEPENDENT_INTRACELLULAR_TRANSPORT",2,549.766696066348,1.27376296311614,0.280601196472128,0.680967459130708
"GOBP_INTRA_GOLGI_VESICLE_MEDIATED_TRANSPORT",2,545.49731846289,1.27073681449191,0.281454129901491,0.680967459130708
"GOBP_LYMPH_VESSEL_DEVELOPMENT",2,527.891034945943,1.26898816467803,0.281972026955182,0.680967459130708
"GOBP_MAMMARY_GLAND_EPITHELIAL_CELL_PROLIFERATION",2,542.440756124649,1.27201404875958,0.28110121134478,0.680967459130708
"GOBP_MICROTUBULE_POLYMERIZATION",2,544.254197477701,1.27352119407974,0.280677067106689,0.680967459130708
"GOBP_NEGATIVE_REGULATION_OF_PROTEIN_SECRETION",2,553.058155003522,1.27074930552658,0.281439310586609,0.680967459130708
"GOBP_NUCLEAR_MEMBRANE_REASSEMBLY",2,545.87341142506,1.27086579068096,0.28141742917088,0.680967459130708
"GOBP_PEPTIDYL_CYSTEINE_MODIFICATION",2,557.550214229973,1.27084025610631,0.281407251126269,0.680967459130708
"GOBP_POSITIVE_REGULATION_OF_CHROMOSOME_ORGANIZATION",2,546.491370754975,1.27215694402906,0.281055056885032,0.680967459130708
"GOBP_POSITIVE_REGULATION_OF_FATTY_ACID_BIOSYNTHETIC_PROCESS",2,541.935213962737,1.26870500794715,0.282029352408357,0.680967459130708
"GOBP_POST_TRANSLATIONAL_PROTEIN_TARGETING_TO_ENDOPLASMIC_RETICULUM_MEMBRANE",2,555.557117354235,1.27320450529875,0.280748645599193,0.680967459130708
"GOBP_REGULATION_OF_DOUBLE_STRAND_BREAK_REPAIR",2,544.534418777727,1.26906589997367,0.281924088459699,0.680967459130708
"GOBP_REGULATION_OF_FIBRINOLYSIS",2,550.911500983613,1.26864758932675,0.282031907541747,0.680967459130708
"GOBP_INTRINSIC_APOPTOTIC_SIGNALING_PATHWAY_IN_RESPONSE_TO_OXIDATIVE_STRESS",2,545.277104488823,1.26804770184369,0.28220882860577,0.681034109667153
"GOBP_NEGATIVE_REGULATION_BY_HOST_OF_VIRAL_PROCESS",2,533.956596988296,1.26696583794968,0.282530414085174,0.681449613242983
"GOBP_V_D_J_RECOMBINATION",2,570.594173406177,1.26550648821673,0.282886923263922,0.681948867339719
"GOBP_CELLULAR_DEFENSE_RESPONSE",2,543.179506093371,1.26329228860994,0.283550998480753,0.681983036689844
"GOBP_EMBRYONIC_DIGIT_MORPHOGENESIS",2,526.313049330473,1.26426966228943,0.283301827735426,0.681983036689844
"GOBP_MORPHOGENESIS_OF_AN_EPITHELIUM",2,541.892082793346,1.2629530696497,0.28364872190323,0.681983036689844
"GOBP_NEGATIVE_REGULATION_OF_PROTEIN_MATURATION",2,549.349031632607,1.26303303064628,0.283614883225308,0.681983036689844
"GOBP_POSITIVE_REGULATION_OF_ERK1_AND_ERK2_CASCADE",2,551.220072637616,1.26457952322586,0.283175838609454,0.681983036689844
"GOBP_ANOIKIS",2,546.088325995844,1.25740918263888,0.285211929655854,0.682503468604592
"GOBP_CYCLIC_NUCLEOTIDE_TRANSPORT",2,545.272419155994,1.25894084207208,0.284778646352769,0.682503468604592
"GOBP_IMMUNOLOGICAL_MEMORY_FORMATION_PROCESS",2,525.982306630848,1.25992407547141,0.284530253697758,0.682503468604592
"GOBP_MAMMARY_GLAND_MORPHOGENESIS",2,532.209466388851,1.25878509877522,0.284842988366508,0.682503468604592
"GOBP_NEGATIVE_REGULATION_OF_ACTIVATED_T_CELL_PROLIFERATION",2,549.565141930283,1.26033010110069,0.284378675243749,0.682503468604592
"GOBP_NEGATIVE_REGULATION_OF_CD4_POSITIVE_ALPHA_BETA_T_CELL_ACTIVATION",2,533.940003665408,1.25865808203741,0.284876268953094,0.682503468604592
"GOBP_SNO_S_RNA_METABOLIC_PROCESS",2,540.141398157338,1.26038398232443,0.284377676183301,0.682503468604592
"GOBP_VASCULAR_ENDOTHELIAL_GROWTH_FACTOR_SIGNALING_PATHWAY",2,541.092309607904,1.25846446208999,0.28492007145395,0.682503468604592
"GOBP_VESICLE_DOCKING",2,554.800671712322,1.25738084594317,0.285207086288446,0.682503468604592
"GOBP_RESPONSE_TO_RADIATION",2,522.949291626448,1.25652939702186,0.285498107806795,0.682830031309278
"GOBP_NEGATIVE_REGULATION_OF_TYPE_II_INTERFERON_PRODUCTION",2,518.107189955435,1.25563712240598,0.285759745235038,0.683097588059228
"GOBP_MESODERM_DEVELOPMENT",2,544.052266356095,1.25351545420053,0.286322594019909,0.683368577354686
"GOBP_REGULATION_OF_NEURON_DIFFERENTIATION",2,550.478757842999,1.25442539753711,0.28605376922254,0.683368577354686
"GOBP_REGULATION_OF_SYNAPTIC_TRANSMISSION_GABAERGIC",2,540.508334603232,1.25405693221454,0.286173700022537,0.683368577354686
"GOBP_MODIFIED_AMINO_ACID_BIOSYNTHETIC_PROCESS",2,521.507906557746,1.24988700293561,0.28739406293024,0.684982406515105
"GOBP_NEGATIVE_REGULATION_OF_CHROMOSOME_ORGANIZATION",2,540.367522717954,1.24958950246308,0.287449315077814,0.684982406515105
"GOBP_TIGHT_JUNCTION_ASSEMBLY",2,529.556071142955,1.24994263092011,0.287365150808485,0.684982406515105
"GOBP_PEPTIDYL_TYROSINE_AUTOPHOSPHORYLATION",2,547.175575392166,1.24877828441237,0.287671253108465,0.685153308317342
"GOBP_REGULATION_OF_DENDRITE_DEVELOPMENT",2,543.225541759328,1.24650552358671,0.288328747137284,0.686217349036137
"GOBP_REGULATION_OF_PLASMINOGEN_ACTIVATION",2,524.453886168317,1.24629359701803,0.288418912103108,0.686217349036137
"GOBP_INSULIN_SECRETION_INVOLVED_IN_CELLULAR_RESPONSE_TO_GLUCOSE_STIMULUS",2,563.160363552431,1.24477850583728,0.288795862610023,0.686455351837356
"GOBP_POSITIVE_REGULATION_OF_CYTOKINE_PRODUCTION_INVOLVED_IN_IMMUNE_RESPONSE",2,541.671448130523,1.24480369576476,0.28881995618853,0.686455351837356
"GOBP_ESTABLISHMENT_OF_LYMPHOCYTE_POLARITY",2,556.436014054467,1.24178275800283,0.289668033275275,0.687949719274265
"GOBP_GAP_JUNCTION_ASSEMBLY",2,539.883490327264,1.24001446789121,0.290202863381646,0.687949719274265
"GOBP_RECEPTOR_MEDIATED_ENDOCYTOSIS",2,545.759170468038,1.24058203756154,0.29003010526178,0.687949719274265
"GOBP_REGULATION_OF_CARDIOCYTE_DIFFERENTIATION",2,564.851393151779,1.24144825501872,0.289752627045207,0.687949719274265
"GOBP_RESPONSE_TO_INTERFERON_BETA",2,536.402326202011,1.24017616159902,0.290161489532987,0.687949719274265
"GOBP_BONE_CELL_DEVELOPMENT",2,566.354573621003,1.23855787278064,0.290585580428492,0.688499133680184
"GOBP_BLASTOCYST_GROWTH",2,544.282804203187,1.23584865140884,0.291402152120386,0.688641760976873
"GOBP_EMBRYONIC_PLACENTA_DEVELOPMENT",2,552.058427978602,1.23697373781727,0.291064508918059,0.688641760976873
"GOBP_FATTY_ACID_DERIVATIVE_BIOSYNTHETIC_PROCESS",2,521.399747108477,1.2359281237912,0.291414769723995,0.688641760976873
"GOBP_NEURON_INTRINSIC_APOPTOTIC_SIGNALING_PATHWAY_IN_RESPONSE_TO_OXIDATIVE_STRESS",2,541.416458492975,1.23674161301816,0.291147538372576,0.688641760976873
"GOBP_PLASMINOGEN_ACTIVATION",2,523.732230771155,1.23535351739589,0.291577699271782,0.688641760976873
"GOBP_REGULATION_OF_RESPONSE_TO_NUTRIENT_LEVELS",2,593.319273421211,1.23703966866215,0.290989628550607,0.688641760976873
"GOBP_RIBOSOME_DISASSEMBLY",2,548.232580752121,1.23479306604308,0.291702670950958,0.688641760976873
"GOBP_CAMP_METABOLIC_PROCESS",2,555.523937151512,1.22406183709649,0.294825214284305,0.689091908913715
"GOBP_COMPLEMENT_RECEPTOR_MEDIATED_SIGNALING_PATHWAY",2,553.373973403479,1.23016665696072,0.293041793844141,0.689091908913715
"GOBP_DEFENSE_RESPONSE_TO_BACTERIUM",2,536.128322327245,1.230550901657,0.292955344826348,0.689091908913715
"GOBP_EATING_BEHAVIOR",2,556.206489566026,1.22937278883343,0.293269437502988,0.689091908913715
"GOBP_GENOMIC_IMPRINTING",2,556.587735737197,1.23085192688635,0.292837336492439,0.689091908913715
"GOBP_GLYCOPROTEIN_BIOSYNTHETIC_PROCESS",2,513.849303224027,1.21691369029809,0.296994747401824,0.689091908913715
"GOBP_HEMATOPOIETIC_STEM_CELL_PROLIFERATION",2,559.668887593676,1.22166432418886,0.295523957907029,0.689091908913715
"GOBP_LEUKOCYTE_DEGRANULATION",2,554.219626562178,1.22252245401976,0.29527927828023,0.689091908913715
"GOBP_LYMPHOCYTE_DIFFERENTIATION",2,527.613187070777,1.21875629619541,0.296428368580994,0.689091908913715
"GOBP_MAINTENANCE_OF_PROTEIN_LOCALIZATION_IN_ORGANELLE",2,554.384885396406,1.22864666069227,0.293484130276087,0.689091908913715
"GOBP_MALE_GAMETE_GENERATION",2,539.194917904145,1.23105459199929,0.292803818518674,0.689091908913715
"GOBP_MEIOSIS_I_CELL_CYCLE_PROCESS",2,533.950185468137,1.22063568362369,0.295864491527197,0.689091908913715
"GOBP_MEMBRANE_PROTEIN_INTRACELLULAR_DOMAIN_PROTEOLYSIS",2,548.763813724102,1.22124477982449,0.29566299551274,0.689091908913715
"GOBP_MITOTIC_DNA_INTEGRITY_CHECKPOINT_SIGNALING",2,525.460737226862,1.22196653091038,0.295486062018076,0.689091908913715
"GOBP_NEGATIVE_REGULATION_OF_MEMBRANE_PERMEABILITY",2,537.874062964691,1.21739118531008,0.29681563108272,0.689091908913715
"GOBP_NEGATIVE_REGULATION_OF_REACTIVE_OXYGEN_SPECIES_BIOSYNTHETIC_PROCESS",2,577.355734003916,1.22204006449163,0.295389412053966,0.689091908913715
"GOBP_NEURON_MIGRATION",2,541.633180153882,1.22887988642775,0.293434698009381,0.689091908913715
"GOBP_NON_MOTILE_CILIUM_ASSEMBLY",2,546.422660768777,1.22931768957224,0.293299709674982,0.689091908913715
"GOBP_ODONTOGENESIS_OF_DENTIN_CONTAINING_TOOTH",2,530.730214228647,1.21789721905788,0.296677092616075,0.689091908913715
"GOBP_PHOSPHATIDYLCHOLINE_CATABOLIC_PROCESS",2,529.198413515153,1.21925078163444,0.296280013862671,0.689091908913715
"GOBP_PHOSPHOLIPID_DEPHOSPHORYLATION",2,565.748369493905,1.21705469491344,0.296875026106639,0.689091908913715
"GOBP_POSITIVE_REGULATION_OF_CD4_POSITIVE_ALPHA_BETA_T_CELL_DIFFERENTIATION",2,529.15904328315,1.21671056835028,0.297030189196309,0.689091908913715
"GOBP_POSITIVE_REGULATION_OF_MITOCHONDRIAL_OUTER_MEMBRANE_PERMEABILIZATION_INVOLVED_IN_APOPTOTIC_SIGNALING_PATHWAY",2,541.39271248256,1.23254822022223,0.292365467340542,0.689091908913715
"GOBP_POSITIVE_REGULATION_OF_TOLL_LIKE_RECEPTOR_4_SIGNALING_PATHWAY",2,538.50639864703,1.21948413292152,0.296196901240063,0.689091908913715
"GOBP_POSITIVE_REGULATION_OF_VASCULAR_ENDOTHELIAL_GROWTH_FACTOR_PRODUCTION",2,519.454240283073,1.23206922170412,0.292539334852034,0.689091908913715
"GOBP_PROTEIN_LOCALIZATION_TO_SYNAPSE",2,542.634567143174,1.22776985669598,0.293757628112819,0.689091908913715
"GOBP_REGULATION_OF_AUTOPHAGOSOME_ASSEMBLY",2,545.858152742492,1.22403880048369,0.294845974164641,0.689091908913715
"GOBP_REGULATION_OF_GENE_SILENCING_BY_REGULATORY_NCRNA",2,578.664373637045,1.22056275421698,0.295822558668001,0.689091908913715
"GOBP_REGULATION_OF_GLIAL_CELL_DIFFERENTIATION",2,557.878107977423,1.22643844963653,0.294125089924731,0.689091908913715
"GOBP_REGULATION_OF_INSULIN_LIKE_GROWTH_FACTOR_RECEPTOR_SIGNALING_PATHWAY",2,542.912377900998,1.21946497302113,0.296195952421319,0.689091908913715
"GOBP_REGULATION_OF_MITOTIC_NUCLEAR_DIVISION",2,529.333325591736,1.21996191041294,0.296070150589795,0.689091908913715
"GOBP_RELEASE_OF_SEQUESTERED_CALCIUM_ION_INTO_CYTOSOL_BY_ENDOPLASMIC_RETICULUM",2,557.498599767545,1.22022298951338,0.295951408197797,0.689091908913715
"GOBP_RESPONSE_TO_PROTOZOAN",2,532.374927385416,1.22017399245836,0.296002926536456,0.689091908913715
"GOBP_VESICLE_LOCALIZATION",2,533.685133205851,1.22721088058313,0.293934734667853,0.689091908913715
"GOBP_MEMBRANE_DISASSEMBLY",2,538.664096984057,1.21609214977813,0.297198525558539,0.689131914119216
"GOBP_NEGATIVE_REGULATION_OF_DNA_TEMPLATED_DNA_REPLICATION",2,552.233874535158,1.21508308207919,0.29747730395453,0.689427837061287
"GOBP_EXPORT_ACROSS_PLASMA_MEMBRANE",2,545.03608032496,1.21302439861929,0.298098087592501,0.689537702444294
"GOBP_NEGATIVE_REGULATION_OF_T_CELL_MEDIATED_IMMUNITY",2,519.064958157268,1.2131571674861,0.298098716204307,0.689537702444294
"GOBP_NEUTROPHIL_EXTRAVASATION",2,540.120316394692,1.21294331111046,0.298129434163593,0.689537702444294
"GOBP_SPERMATID_DIFFERENTIATION",2,544.135698536142,1.21418729995204,0.297754490353041,0.689537702444294
"GOBP_T_HELPER_17_TYPE_IMMUNE_RESPONSE",2,544.116240357944,1.2122086106467,0.298341645201689,0.689678785486519
"GOBP_MICROTUBULE_BASED_TRANSPORT",2,553.726649470182,1.20847929896139,0.299437517419203,0.689764907549992
"GOBP_MOTOR_NEURON_AXON_GUIDANCE",2,556.410242008466,1.21086259865887,0.298724022092849,0.689764907549992
"GOBP_NEGATIVE_REGULATION_OF_MYELOID_CELL_APOPTOTIC_PROCESS",2,535.738960685775,1.20879063985808,0.299371076473086,0.689764907549992
"GOBP_NEGATIVE_REGULATION_OF_RESPONSE_TO_BIOTIC_STIMULUS",2,535.578989771985,1.20906429387533,0.299289774018871,0.689764907549992
"GOBP_ORGANELLE_INHERITANCE",2,541.962364112735,1.20874763391685,0.299374573860699,0.689764907549992
"GOBP_POSITIVE_REGULATION_OF_B_CELL_ACTIVATION",2,528.157891047745,1.20930012411782,0.29923092884731,0.689764907549992
"GOBP_TETRAPYRROLE_BIOSYNTHETIC_PROCESS",2,551.138018423371,1.21092385562319,0.298713289779021,0.689764907549992
"GOBP_GLYCOSAMINOGLYCAN_METABOLIC_PROCESS",2,551.809683918743,1.20579650888253,0.300241150126973,0.690221716597341
"GOBP_POSTSYNAPTIC_DENSITY_ORGANIZATION",2,544.512798397971,1.20589805397002,0.300221336605012,0.690221716597341
"GOBP_RESPIRATORY_CHAIN_COMPLEX_III_ASSEMBLY",2,579.990402284103,1.20598680297922,0.300146047220752,0.690221716597341
"GOBP_RNA_TEMPLATED_DNA_BIOSYNTHETIC_PROCESS",2,554.410507383087,1.20600138841231,0.300176220639644,0.690221716597341
"GOBP_RESPONSE_TO_AXON_INJURY",2,574.69793162075,1.20303171716135,0.301037516276572,0.691703834628435
"GOBP_LYSOSOMAL_TRANSPORT",2,546.034658650545,1.20030009129661,0.301897028542328,0.693053243912771
"GOBP_NEGATIVE_REGULATION_OF_ALPHA_BETA_T_CELL_ACTIVATION",2,539.50590731919,1.20022660903176,0.301928698893812,0.693053243912771
"GOBP_AMINOGLYCAN_CATABOLIC_PROCESS",2,539.540598505158,1.19839787305305,0.30247885204775,0.693966823033092
"GOBP_CERAMIDE_METABOLIC_PROCESS",2,541.721892328321,1.19780042652594,0.302655599856504,0.694023223200358
"GOBP_POSITIVE_REGULATION_OF_NATURAL_KILLER_CELL_ACTIVATION",2,530.631369138034,1.19709639208301,0.302884462923867,0.694199012761688
"GOBP_ANTIGEN_PROCESSING_AND_PRESENTATION_VIA_MHC_CLASS_IB",2,537.450596840679,1.19616043107169,0.303156499419123,0.694406991049913
"GOBP_ARGININE_METABOLIC_PROCESS",2,566.113332759555,1.19478238965784,0.30353211021337,0.694406991049913
"GOBP_PROTEIN_LOCALIZATION_TO_PRESYNAPSE",2,541.154729805741,1.19539709110255,0.303381484419962,0.694406991049913
"GOBP_SKIN_EPIDERMIS_DEVELOPMENT",2,527.898964677568,1.19479231150524,0.303584200866811,0.694406991049913
"GOBP_DENDRITIC_CELL_MIGRATION",2,546.52207007041,1.19094087586007,0.304722674316988,0.694550683559941
"GOBP_ERAD_PATHWAY",2,546.756647447781,1.19034207735783,0.304904067185972,0.694550683559941
"GOBP_LYMPHOCYTE_MEDIATED_IMMUNITY",2,514.209882031821,1.1900749427381,0.305034885000163,0.694550683559941
"GOBP_NEGATIVE_REGULATION_OF_PHOSPHATIDYLINOSITOL_3_KINASE_PROTEIN_KINASE_B_SIGNAL_TRANSDUCTION",2,553.479480530432,1.1925303750519,0.304230908243593,0.694550683559941
"GOBP_NEURAL_TUBE_FORMATION",2,540.294620223269,1.19001482308232,0.305012825555652,0.694550683559941
"GOBP_PIECEMEAL_MICROAUTOPHAGY_OF_THE_NUCLEUS",2,547.054070885726,1.19112173162719,0.304667042860364,0.694550683559941
"GOBP_REGULATION_OF_KERATINOCYTE_MIGRATION",2,547.852229338058,1.19332175959785,0.303999259879394,0.694550683559941
"GOBP_REGULATION_OF_REGULATED_SECRETORY_PATHWAY",2,552.507590577459,1.19121117910677,0.30463215587125,0.694550683559941
"GOBP_RESPONSE_TO_NITRIC_OXIDE",2,518.32610012968,1.19238455659127,0.304327785323882,0.694550683559941
"GOBP_UROGENITAL_SYSTEM_DEVELOPMENT",2,524.156171241142,1.18957847572862,0.305169824567885,0.694550683559941
"GOBP_SYNAPTIC_VESICLE_TRANSPORT",2,531.844457114608,1.18885752101115,0.305377090206432,0.694675764803758
"GOBP_ESTABLISHMENT_OF_PROTEIN_LOCALIZATION_TO_VACUOLE",2,544.866180535073,1.18741115495263,0.305797867626321,0.695286178586067
"GOBP_ACTIN_NUCLEATION",2,551.746196926794,1.18371763526606,0.306914728978393,0.695406572572907
"GOBP_GOLGI_ORGANIZATION",2,550.74047882272,1.18422348534514,0.306761594228565,0.695406572572907
"GOBP_NUCLEUS_LOCALIZATION",2,554.449285579082,1.18587807889326,0.30625141826366,0.695406572572907
"GOBP_PROTEIN_ACTIVATION_CASCADE",2,535.084840455465,1.18378558665521,0.306918094845267,0.695406572572907
"GOBP_REGULATION_OF_AXONOGENESIS",2,554.102170227048,1.18430937352563,0.306730648669636,0.695406572572907
"GOBP_REGULATION_OF_GLIOGENESIS",2,547.23974573891,1.18382831960522,0.306887287665079,0.695406572572907
"GOBP_RETINA_VASCULATURE_DEVELOPMENT_IN_CAMERA_TYPE_EYE",2,527.355082933809,1.18671548221018,0.306035863405975,0.695406572572907
"GOBP_MULTIVESICULAR_BODY_ORGANIZATION",2,545.910066355312,1.18257194818938,0.307273333839205,0.6955204345611
"GOBP_REGULATION_OF_RECEPTOR_INTERNALIZATION",2,556.25355850645,1.1827765861491,0.307196176313256,0.6955204345611
"GOBP_CARDIAC_MUSCLE_TISSUE_MORPHOGENESIS",2,555.347704334944,1.1803271569162,0.307947613987954,0.696355511848815
"GOBP_CENTROSOME_SEPARATION",2,538.268723570984,1.1806856342559,0.307862087317556,0.696355511848815
"GOBP_NEGATIVE_REGULATION_OF_CGAS_STING_SIGNALING_PATHWAY",2,557.137475539619,1.17824316711449,0.30858485900864,0.697450714538359
"GOBP_POSTSYNAPSE_ORGANIZATION",2,557.182147115756,1.17733425349064,0.308864220296062,0.697487451806017
"GOBP_SENSORY_PERCEPTION_OF_MECHANICAL_STIMULUS",2,545.051309244132,1.17725057405718,0.308906961773329,0.697487451806017
"GOBP_POLY_A_PLUS_MRNA_EXPORT_FROM_NUCLEUS",2,564.64337812198,1.17641057739567,0.309138351350704,0.697664532662326
"GOBP_G_PROTEIN_COUPLED_DOPAMINE_RECEPTOR_SIGNALING_PATHWAY",2,535.022625563385,1.17312427619535,0.310193337797818,0.698854171345029
"GOBP_NEGATIVE_REGULATION_OF_CHEMOKINE_PRODUCTION",2,521.603298444931,1.17255173174663,0.310390611538583,0.698854171345029
"GOBP_NEURON_PROJECTION_ORGANIZATION",2,547.257222049394,1.17331654132945,0.310116227259945,0.698854171345029
"GOBP_REGULATION_OF_MONOATOMIC_ANION_TRANSPORT",2,542.249711721012,1.17346063104286,0.310078900526103,0.698854171345029
"GOBP_SULFUR_COMPOUND_METABOLIC_PROCESS",2,522.231157391457,1.17241591212765,0.310431605162251,0.698854171345029
"GOBP_KETONE_METABOLIC_PROCESS",2,535.319450244982,1.17020774681515,0.311094950759009,0.699095726338216
"GOBP_NEUROTRANSMITTER_RECEPTOR_LOCALIZATION_TO_POSTSYNAPTIC_SPECIALIZATION_MEMBRANE",2,550.800578613213,1.17117607182445,0.310772912259672,0.699095726338216
"GOBP_POSITIVE_REGULATION_OF_G_PROTEIN_COUPLED_RECEPTOR_SIGNALING_PATHWAY",2,541.815658595134,1.17072581708127,0.310925035045837,0.699095726338216
"GOBP_RIBONUCLEOSIDE_METABOLIC_PROCESS",2,562.169234947937,1.16990159110285,0.311152011503306,0.699095726338216
"GOBP_MACROPHAGE_ACTIVATION",2,527.755788849126,1.16788219814823,0.311827425786737,0.69928480076051
"GOBP_MOLTING_CYCLE",2,545.044577771867,1.16784276702147,0.311814254032102,0.69928480076051
"GOBP_POSITIVE_REGULATION_OF_ENDOPLASMIC_RETICULUM_STRESS_INDUCED_INTRINSIC_APOPTOTIC_SIGNALING_PATHWAY",2,548.14292692195,1.16722171895432,0.312002755875386,0.69928480076051
"GOBP_POSITIVE_REGULATION_OF_EPITHELIAL_CELL_DIFFERENTIATION",2,550.266626426733,1.1676719902372,0.311859920279155,0.69928480076051
"GOBP_PYRIMIDINE_NUCLEOTIDE_BIOSYNTHETIC_PROCESS",2,555.845366606731,1.167286419311,0.31197196947249,0.69928480076051
"GOBP_CELLULAR_RESPONSE_TO_KETONE",2,538.61875656006,1.16642215972312,0.312264888771125,0.69952856467834
"GOBP_EMBRYONIC_CAMERA_TYPE_EYE_MORPHOGENESIS",2,530.318564483095,1.16421395733395,0.312964472075975,0.700064226159157
"GOBP_NEGATIVE_REGULATION_OF_CELL_DIVISION",2,544.081812490332,1.16483231482425,0.312751727820078,0.700064226159157
"GOBP_ORGANIC_ACID_BIOSYNTHETIC_PROCESS",2,518.897389648909,1.16429527578171,0.312956638091887,0.700064226159157
"GOBP_AXONAL_TRANSPORT_OF_MITOCHONDRION",2,564.436934363739,1.16192832885473,0.313629485429446,0.701022174446489
"GOBP_BONE_MINERALIZATION",2,553.657523520482,1.16149366033335,0.313779801445213,0.701022174446489
"GOBP_VENTRICULAR_SEPTUM_DEVELOPMENT",2,530.29522213626,1.16136396047571,0.313853821578542,0.701022174446489
"GOBP_RENAL_SYSTEM_PROCESS_INVOLVED_IN_REGULATION_OF_SYSTEMIC_ARTERIAL_BLOOD_PRESSURE",2,548.100367896256,1.16042057086693,0.314122990935746,0.70127996165342
"GOBP_NEGATIVE_REGULATION_OF_GLYCOPROTEIN_METABOLIC_PROCESS",2,549.132684516305,1.15972175067643,0.314340215273519,0.701421586038414
"GOBP_CENTROMERE_COMPLEX_ASSEMBLY",2,540.189238819301,1.15587451711852,0.315559426376613,0.701509264246198
"GOBP_INTERLEUKIN_17_MEDIATED_SIGNALING_PATHWAY",2,537.358370412531,1.1591553275545,0.314534333611941,0.701509264246198
"GOBP_NEGATIVE_REGULATION_OF_DNA_METABOLIC_PROCESS",2,547.011965408054,1.15801260581131,0.314878630088551,0.701509264246198
"GOBP_OLEFINIC_COMPOUND_BIOSYNTHETIC_PROCESS",2,545.848020567267,1.15503689537595,0.31581468929697,0.701509264246198
"GOBP_POSITIVE_REGULATION_OF_NITRIC_OXIDE_METABOLIC_PROCESS",2,519.386166705963,1.1569203959333,0.315262072050243,0.701509264246198
"GOBP_PROTEIN_LOCALIZATION_TO_VACUOLE",2,549.125006112513,1.15469525622087,0.315917568244177,0.701509264246198
"GOBP_REGULATION_OF_ANOIKIS",2,556.533105587196,1.15469677901897,0.315906935297209,0.701509264246198
"GOBP_RESPONSE_TO_DSRNA",2,554.2554936909,1.15759652875112,0.314999089943023,0.701509264246198
"GOBP_SPLICEOSOMAL_TRI_SNRNP_COMPLEX_ASSEMBLY",2,564.241848797126,1.15507197321521,0.31577863464182,0.701509264246198
"GOBP_SYNAPSE_PRUNING",2,540.174143707882,1.15629754891718,0.315426553338556,0.701509264246198
"GOBP_POSITIVE_REGULATION_OF_FILOPODIUM_ASSEMBLY",2,562.555669539604,1.15377720438571,0.316188315197465,0.701768810518559
"GOBP_DENDRITIC_CELL_CYTOKINE_PRODUCTION",2,547.69216895945,1.15267233792768,0.316556603614882,0.701981847991054
"GOBP_PROTEIN_TRANSMEMBRANE_IMPORT_INTO_INTRACELLULAR_ORGANELLE",2,549.582034341796,1.15255134590758,0.316592120437974,0.701981847991054
"GOBP_POSITIVE_REGULATION_OF_MRNA_METABOLIC_PROCESS",2,554.561123614442,1.15085638695708,0.317120118820204,0.702526493365875
"GOBP_REGULATION_OF_ALTERNATIVE_MRNA_SPLICING_VIA_SPLICEOSOME",2,564.721984274703,1.15024459373084,0.317299841336045,0.702526493365875
"GOBP_TISSUE_MORPHOGENESIS",2,543.502689977516,1.15050049251519,0.317247854419221,0.702526493365875
"GOBP_HEMATOPOIETIC_STEM_CELL_DIFFERENTIATION",2,552.79440378025,1.14476459524709,0.319052228580988,0.704389328742184
"GOBP_NEGATIVE_REGULATION_OF_REGULATED_SECRETORY_PATHWAY",2,554.275146290594,1.14623453710292,0.318583505969079,0.704389328742184
"GOBP_NEUTROPHIL_MEDIATED_IMMUNITY",2,538.542576962325,1.14507095166184,0.318974812815616,0.704389328742184
"GOBP_POSITIVE_REGULATION_OF_BLOOD_VESSEL_ENDOTHELIAL_CELL_MIGRATION",2,547.102717865367,1.14573586046193,0.3187516031399,0.704389328742184
"GOBP_RETINA_LAYER_FORMATION",2,533.016317891477,1.14480334937549,0.319067825735881,0.704389328742184
"GOBP_SPERM_FLAGELLUM_ASSEMBLY",2,535.71615463774,1.14532523485075,0.318898131573698,0.704389328742184
"GOBP_MIRNA_PROCESSING",2,563.507739275361,1.14280655255239,0.319660698551319,0.704674937695778
"GOBP_NEGATIVE_REGULATION_OF_TOLL_LIKE_RECEPTOR_4_SIGNALING_PATHWAY",2,558.325477577321,1.14368306121506,0.319388611093293,0.704674937695778
"GOBP_POSITIVE_REGULATION_OF_AMINO_ACID_TRANSPORT",2,540.956450928964,1.14310944071762,0.3195950062922,0.704674937695778
"GOBP_TOOTH_MINERALIZATION",2,541.805175811886,1.14072588630935,0.320353276392385,0.705860528321579
"GOBP_MYOBLAST_PROLIFERATION",2,561.379353703525,1.13888822316385,0.320913406110492,0.70675328115401
"GOBP_MEIOTIC_CELL_CYCLE",2,540.840388062071,1.13785992328402,0.321270219780193,0.707197621823098
"GOBP_COMPLEMENT_ACTIVATION_ALTERNATIVE_PATHWAY",2,549.443434726375,1.137322625401,0.321430190011841,0.707208440252778
"GOBP_CHAPERONE_MEDIATED_PROTEIN_COMPLEX_ASSEMBLY",2,547.089975244187,1.13670444757512,0.321631368746463,0.707309871192197
"GOBP_POSITIVE_REGULATION_OF_REGULATED_SECRETORY_PATHWAY",2,550.963873330507,1.13619132721102,0.321790454041464,0.707318679943672
"GOBP_POSITIVE_REGULATION_OF_VIRAL_GENOME_REPLICATION",2,557.549354595498,1.13499981869356,0.322163673840183,0.707457157624013
"GOBP_PRIMARY_ALCOHOL_METABOLIC_PROCESS",2,523.310071208466,1.13529819193621,0.322116398171511,0.707457157624013
"GOBP_POSITIVE_REGULATION_OF_REGULATORY_T_CELL_DIFFERENTIATION",2,550.316264390961,1.13381825445374,0.322552733072576,0.707970652331096
"GOBP_CELLULAR_RESPONSE_TO_ARSENIC_CONTAINING_SUBSTANCE",2,563.0994322706,1.13218545303677,0.323060673531097,0.708744459824595
"GOBP_MEMBRANE_PROTEIN_ECTODOMAIN_PROTEOLYSIS",2,541.841520032286,1.13094173012736,0.323489780426484,0.709344657944805
"GOBP_MUSCLE_HYPERTROPHY",2,548.174475128637,1.12941526843061,0.323973134980993,0.70972212711254
"GOBP_SOMITOGENESIS",2,585.95914801209,1.12956752306404,0.323875657726839,0.70972212711254
"GOBP_GLYCEROLIPID_BIOSYNTHETIC_PROCESS",2,528.853885522028,1.12856030700525,0.324276471657957,0.710045601167519
"GOBP_CYTOSOLIC_TRANSPORT",2,541.223019245804,1.12393034643265,0.325757258800285,0.710477543056529
"GOBP_EMBRYONIC_HINDLIMB_MORPHOGENESIS",2,559.295509303122,1.12352364865287,0.325864796102088,0.710477543056529
"GOBP_INOSITOL_PHOSPHATE_BIOSYNTHETIC_PROCESS",2,553.187040365959,1.12297810220401,0.326049981726299,0.710477543056529
"GOBP_LYMPHOID_PROGENITOR_CELL_DIFFERENTIATION",2,536.158584968059,1.12410873671166,0.325706535503988,0.710477543056529
"GOBP_METANEPHRIC_NEPHRON_DEVELOPMENT",2,531.747102660662,1.12240462674462,0.326266053039106,0.710477543056529
"GOBP_NEGATIVE_REGULATION_OF_ATP_DEPENDENT_ACTIVITY",2,550.792734785117,1.12228747104165,0.326277540792241,0.710477543056529
"GOBP_ORGANIC_ACID_TRANSPORT",2,533.798107912221,1.12717160989033,0.324718006061763,0.710477543056529
"GOBP_REGULATION_OF_MUSCLE_ORGAN_DEVELOPMENT",2,573.267034339584,1.12399289355857,0.325694697180387,0.710477543056529
"GOBP_REGULATION_OF_RESPONSE_TO_FOOD",2,559.278413440374,1.12245179175461,0.326212887632313,0.710477543056529
"GOBP_RESPONSE_TO_TEMPERATURE_STIMULUS",2,548.581717117805,1.1243388360494,0.32561462158392,0.710477543056529
"GOBP_SCHWANN_CELL_DIFFERENTIATION",2,562.431276630332,1.12424534057745,0.325626566694499,0.710477543056529
"GOBP_SPINDLE_ASSEMBLY",2,542.212147501476,1.12212215641141,0.326343006512481,0.710477543056529
"GOBP_LYMPHOCYTE_MIGRATION",2,542.096122486226,1.12025348000182,0.326951050893714,0.711349594725631
"GOBP_POSITIVE_REGULATION_OF_LAMELLIPODIUM_ASSEMBLY",2,555.670226319968,1.11987633046062,0.327055492247237,0.711349594725631
"GOBP_REGULATION_OF_B_CELL_DIFFERENTIATION",2,541.914030228111,1.11879923209264,0.327425158698713,0.711814179611454
"GOBP_POSITIVE_REGULATION_OF_MUSCLE_ORGAN_DEVELOPMENT",2,565.283102488552,1.11748078432205,0.327824296276846,0.711834692374862
"GOBP_REGULATION_OF_PERK_MEDIATED_UNFOLDED_PROTEIN_RESPONSE",2,548.384579941534,1.11730834293393,0.327902803920102,0.711834692374862
"GOBP_VIRAL_RELEASE_FROM_HOST_CELL",2,541.26493192679,1.11817822270415,0.327628621075084,0.711834692374862
"GOBP_ANIMAL_ORGAN_REGENERATION",2,534.956333016494,1.11504314493085,0.328661994261387,0.712044615984655
"GOBP_INTERLEUKIN_12_PRODUCTION",2,526.643171781302,1.11424229200686,0.328936199491267,0.712044615984655
"GOBP_NEGATIVE_REGULATION_OF_CELL_SUBSTRATE_ADHESION",2,544.304359180556,1.11452064386154,0.328820011131203,0.712044615984655
"GOBP_POSITIVE_REGULATION_OF_CHROMOSOME_SEPARATION",2,533.807374700731,1.11549390276445,0.328516131149678,0.712044615984655
"GOBP_REGULATION_OF_PIGMENTATION",2,534.426090628606,1.11566130875125,0.328460487290168,0.712044615984655
"GOBP_RESPONSE_TO_CARBOHYDRATE",2,548.825280757074,1.11417262436239,0.328927853839508,0.712044615984655
"GOBP_ACTIN_FILAMENT_BUNDLE_ORGANIZATION",2,544.31883704078,1.11265507723742,0.329431495030856,0.71246378415906
"GOBP_NEGATIVE_REGULATION_OF_TYPE_I_INTERFERON_MEDIATED_SIGNALING_PATHWAY",2,541.599029899421,1.11263369035707,0.329442254065217,0.71246378415906
"GOBP_AMINOGLYCAN_METABOLIC_PROCESS",2,554.151373158103,1.10872520246001,0.330710202969027,0.712700517252125
"GOBP_ENDOPLASMIC_RETICULUM_TO_GOLGI_VESICLE_MEDIATED_TRANSPORT",2,545.16340283466,1.10895624764668,0.330646139862987,0.712700517252125
"GOBP_METENCEPHALON_DEVELOPMENT",2,536.221469792971,1.1085212136333,0.330801796760085,0.712700517252125
"GOBP_NADP_METABOLIC_PROCESS",2,516.826477400562,1.10884128703236,0.330724666519246,0.712700517252125
"GOBP_NEGATIVE_REGULATION_OF_REPRODUCTIVE_PROCESS",2,555.686236484255,1.1086342490216,0.330738148263642,0.712700517252125
"GOBP_REGULATION_OF_MICROGLIAL_CELL_ACTIVATION",2,521.487925575149,1.11137292510096,0.329885015507796,0.712700517252125
"GOBP_REGULATION_OF_PROTEIN_LOCALIZATION_TO_CENTROSOME",2,555.074242768384,1.10870429447532,0.330715876753141,0.712700517252125
"GOBP_SPECIFICATION_OF_ANIMAL_ORGAN_IDENTITY",2,508.1885566513,1.10878965888886,0.330754965126648,0.712700517252125
"GOBP_THROMBIN_ACTIVATED_RECEPTOR_SIGNALING_PATHWAY",2,530.821275251817,1.10499711019446,0.331972471556042,0.714885006027908
"GOBP_DNA_STRAND_RESECTION_INVOLVED_IN_REPLICATION_FORK_PROCESSING",2,553.089321034571,1.10405877674323,0.332252273373408,0.715083457559798
"GOBP_QUINONE_METABOLIC_PROCESS",2,554.675043188672,1.10367206568372,0.332378191192013,0.715083457559798
"GOBP_NEGATIVE_REGULATION_OF_PEPTIDASE_ACTIVITY",2,546.180444304921,1.10127807445243,0.333182966776055,0.716476903095515
"GOBP_CYTOPLASMIC_TRANSLATIONAL_INITIATION",2,551.285750377862,1.09925871329212,0.333846954294944,0.716890752607927
"GOBP_REGULATION_OF_ATTACHMENT_OF_MITOTIC_SPINDLE_MICROTUBULES_TO_KINETOCHORE",2,546.340276199374,1.09931197788258,0.333835832230797,0.716890752607927
"GOBP_RESPONSE_TO_ALKALOID",2,530.441592259284,1.09977631420426,0.333703499112943,0.716890752607927
"GOBP_MITOTIC_G2_M_TRANSITION_CHECKPOINT",2,536.799627784353,1.09794561569202,0.334303494275525,0.717533288183844
"GOBP_REGULATION_OF_EXECUTION_PHASE_OF_APOPTOSIS",2,555.558046735324,1.09484828097664,0.335311175423472,0.718767539480932
"GOBP_REGULATION_OF_PROTEIN_TARGETING_TO_MEMBRANE",2,559.312695648436,1.09471366163077,0.335351309803864,0.718767539480932
"GOBP_VENTRAL_SPINAL_CORD_DEVELOPMENT",2,547.932071226822,1.09479784046719,0.335338038603024,0.718767539480932
"GOBP_ANTIGEN_PROCESSING_AND_PRESENTATION_OF_EXOGENOUS_PEPTIDE_ANTIGEN",2,529.561274278115,1.09339412316632,0.335832495181818,0.719018082082487
"GOBP_POSITIVE_REGULATION_OF_ACTIN_NUCLEATION",2,541.168692565493,1.09332062697792,0.335840904943842,0.719018082082487
"GOBP_VIRAL_TRANSCRIPTION",2,552.471452101585,1.09297590754391,0.335941138548077,0.719018082082487
"GOBP_REGULATION_OF_RENAL_SYSTEM_PROCESS",2,538.303005634135,1.0910368744001,0.336609588985983,0.720110851484554
"GOBP_NEGATIVE_REGULATION_OF_GLIAL_CELL_PROLIFERATION",2,537.013387389103,1.09049816811438,0.336792016349375,0.720163331725036
"GOBP_FOLIC_ACID_CONTAINING_COMPOUND_METABOLIC_PROCESS",2,523.166188059631,1.08975570594252,0.337060773362153,0.720400275213111
"GOBP_ENDOSOME_TO_LYSOSOME_TRANSPORT",2,550.776948903111,1.08375735786652,0.339042286813635,0.72058335049254
"GOBP_FC_GAMMA_RECEPTOR_SIGNALING_PATHWAY",2,539.223988586272,1.08509125755411,0.338607537864023,0.72058335049254
"GOBP_HISTAMINE_TRANSPORT",2,559.520052454408,1.08702842579718,0.337928138032804,0.72058335049254
"GOBP_NEGATIVE_REGULATION_OF_CALCINEURIN_MEDIATED_SIGNALING",2,541.012477494923,1.08397392256757,0.3389821409937,0.72058335049254
"GOBP_NEGATIVE_REGULATION_OF_CELLULAR_SENESCENCE",2,545.156567610103,1.08439923343144,0.338833005373436,0.72058335049254
"GOBP_NUCLEOLAR_CHROMATIN_ORGANIZATION",2,563.15920293041,1.08399233404536,0.338947124091782,0.72058335049254
"GOBP_NUCLEOSIDE_METABOLIC_PROCESS",2,551.973749197324,1.0874026689922,0.337811893078083,0.72058335049254
"GOBP_PEPTIDE_METABOLIC_PROCESS",2,554.484077456549,1.08573693577269,0.338369601523377,0.72058335049254
"GOBP_POSITIVE_REGULATION_OF_TRANSFORMING_GROWTH_FACTOR_BETA_PRODUCTION",2,555.10473193942,1.0858243001277,0.338339356490001,0.72058335049254
"GOBP_PYRIMIDINE_NUCLEOSIDE_MONOPHOSPHATE_BIOSYNTHETIC_PROCESS",2,546.731379585278,1.08536284604342,0.338505856175905,0.72058335049254
"GOBP_REGULATION_OF_APOPTOTIC_PROCESS_INVOLVED_IN_DEVELOPMENT",2,563.279753656444,1.08593011670404,0.338293319536514,0.72058335049254
"GOBP_RESPONSE_TO_MECHANICAL_STIMULUS",2,541.118062483443,1.08621468485592,0.338226297797814,0.72058335049254
"GOBP_EMBRYONIC_HEART_TUBE_DEVELOPMENT",2,535.569730049626,1.08162697786315,0.339782895513007,0.721821046313378
"GOBP_POSITIVE_REGULATION_OF_PEPTIDYL_TYROSINE_PHOSPHORYLATION",2,555.091147816153,1.07907582292957,0.340621440901813,0.723265545602033
"GOBP_MACROPHAGE_APOPTOTIC_PROCESS",2,539.797868605883,1.0773944660367,0.341212517860468,0.723846648354231
"GOBP_MYELOID_CELL_ACTIVATION_INVOLVED_IN_IMMUNE_RESPONSE",2,549.645060000717,1.07777415146508,0.341070423678213,0.723846648354231
"GOBP_DETECTION_OF_ABIOTIC_STIMULUS",2,572.004116514511,1.07579619603061,0.341715092198409,0.724239096429807
"GOBP_MANNOSYLATION",2,540.238480548988,1.07631129518014,0.341580244506045,0.724239096429807
"GOBP_RESPONSE_TO_LIGHT_STIMULUS",2,520.661427455214,1.07533764907611,0.341939034656194,0.724377118934929
"GOBP_CELLULAR_RESPONSE_TO_INTERFERON_BETA",2,538.510550829505,1.07320402057931,0.342641391022174,0.725498228597516
"GOBP_MITOCHONDRION_LOCALIZATION",2,564.791184694749,1.07267996603531,0.342786380755897,0.725498228597516
"GOBP_REGULATION_OF_MYELINATION",2,569.584741832377,1.07158678701349,0.343154051511741,0.72593953105058
"GOBP_MYELOID_CELL_APOPTOTIC_PROCESS",2,554.141805684779,1.0706719492307,0.343486115204412,0.726305132798944
"GOBP_CELLULAR_RESPONSE_TO_VITAMIN_D",2,555.555987288378,1.06831251697469,0.344292584882322,0.726599475253292
"GOBP_MORPHOGENESIS_OF_AN_ENDOTHELIUM",2,534.877165088773,1.0687572406723,0.344167304023986,0.726599475253292
"GOBP_PROTEIN_RNA_COMPLEX_ORGANIZATION",2,554.757566560247,1.0683362923207,0.344285443432768,0.726599475253292
"GOBP_REGULATION_OF_FIBROBLAST_APOPTOTIC_PROCESS",2,553.110870044456,1.06854075378356,0.344217425944236,0.726599475253292
"GOBP_REGULATION_OF_SYNAPTIC_TRANSMISSION_GLUTAMATERGIC",2,533.386380927257,1.0680209085791,0.344421851676741,0.726599475253292
"GOBP_PROTEIN_LOCALIZATION_TO_GOLGI_APPARATUS",2,549.037973876699,1.06121257005724,0.346744643549916,0.731161497564108
"GOBP_INTERLEUKIN_10_PRODUCTION",2,550.108334401633,1.05918462583647,0.347444450807733,0.732006266550761
"GOBP_LIPOSACCHARIDE_METABOLIC_PROCESS",2,532.799417084392,1.05780365326676,0.347945623700374,0.732006266550761
"GOBP_N_ACETYLNEURAMINATE_METABOLIC_PROCESS",2,575.628437032993,1.05813367973336,0.347777160452607,0.732006266550761
"GOBP_PIGMENT_METABOLIC_PROCESS",2,536.144350978633,1.05822324553154,0.347795699676491,0.732006266550761
"GOBP_RESPONSE_TO_INTERFERON_ALPHA",2,525.44142294695,1.05782695289692,0.347947727665435,0.732006266550761
"GOBP_FIBROBLAST_GROWTH_FACTOR_RECEPTOR_SIGNALING_PATHWAY",2,569.490053177633,1.05704065326585,0.348163353287157,0.732122201172302
"GOBP_CELL_ADHESION_MOLECULE_PRODUCTION",2,573.630413334377,1.05609512507527,0.348486587025687,0.732464204342931
"GOBP_CELL_KILLING",2,538.477124014206,1.05409330236901,0.349226267110892,0.733680794238959
"GOBP_LACTATE_METABOLIC_PROCESS",2,544.172045332272,1.05338056167419,0.349466795060476,0.733848090364104
"GOBP_REGULATION_OF_ORGANIC_ACID_TRANSPORT",2,533.962521513894,1.05265838077646,0.349731836506581,0.734066684908659
"GOBP_POSITIVE_REGULATION_OF_MIRNA_TRANSCRIPTION",2,519.420790487544,1.05190490381765,0.350014613137627,0.734322286348077
"GOBP_AUTONOMIC_NERVOUS_SYSTEM_DEVELOPMENT",2,522.811300691527,1.05068000073248,0.350437074963578,0.734494485986479
"GOBP_KETONE_CATABOLIC_PROCESS",2,549.082712341935,1.04921312115006,0.350914270576526,0.734494485986479
"GOBP_MELANOSOME_ASSEMBLY",2,536.108323580707,1.05019180573011,0.35058926549177,0.734494485986479
"GOBP_OLIGOSACCHARIDE_METABOLIC_PROCESS",2,533.372920307094,1.05094785502344,0.350329019064439,0.734494485986479
"GOBP_POSITIVE_REGULATION_OF_SMOOTH_MUSCLE_CELL_MIGRATION",2,536.989823980678,1.04936006239795,0.350878671671087,0.734494485986479
"GOBP_REGULATION_OF_ENDOTHELIAL_CELL_CHEMOTAXIS",2,533.495828314509,1.04884644178036,0.351062920291718,0.734494485986479
"GOBP_REGULATION_OF_JUN_KINASE_ACTIVITY",2,567.380837464617,1.04777104658717,0.351396206244236,0.734854698156791
"GOBP_BODY_MORPHOGENESIS",2,558.220625690224,1.04415851350988,0.352674318042774,0.735549597190986
"GOBP_CENTRAL_NERVOUS_SYSTEM_NEURON_DEVELOPMENT",2,561.441878661849,1.04316782096554,0.353018651228035,0.735549597190986
"GOBP_DEFENSE_RESPONSE_TO_GRAM_NEGATIVE_BACTERIUM",2,537.391132666345,1.04562115763737,0.352187379140911,0.735549597190986
"GOBP_OOCYTE_DIFFERENTIATION",2,566.397321988777,1.04359652233163,0.352861945024194,0.735549597190986
"GOBP_POSITIVE_REGULATION_OF_INFLAMMATORY_RESPONSE_TO_ANTIGENIC_STIMULUS",2,535.74867161327,1.0447502145169,0.352495241946024,0.735549597190986
"GOBP_RESPONSE_TO_MONOAMINE",2,543.392965524379,1.04340754714314,0.352956965333563,0.735549597190986
"GOBP_RETROGRADE_TRANSPORT_ENDOSOME_TO_GOLGI",2,541.131146632723,1.0445503546383,0.352558319825188,0.735549597190986
"GOBP_VESICLE_MEDIATED_TRANSPORT_TO_THE_PLASMA_MEMBRANE",2,550.699604294058,1.04343878294566,0.352936647664981,0.735549597190986
"GOBP_POSITIVE_REGULATION_OF_SYNAPTIC_TRANSMISSION_GLUTAMATERGIC",2,520.955404828676,1.04228219359891,0.35338313854206,0.735972828717048
"GOBP_MITOTIC_METAPHASE_CHROMOSOME_ALIGNMENT",2,548.222099606638,1.04006250990632,0.354128893303973,0.73600373148059
"GOBP_MONOATOMIC_ANION_HOMEOSTASIS",2,567.04116350256,1.04152650512853,0.353589682003241,0.73600373148059
"GOBP_REGULATION_OF_CARDIAC_MUSCLE_CELL_DIFFERENTIATION",2,577.254431376418,1.03974824611043,0.354204821442643,0.73600373148059
"GOBP_REGULATION_OF_MACROAUTOPHAGY",2,548.501289540915,1.04118751024365,0.353731872990094,0.73600373148059
"GOBP_SENSORY_PERCEPTION",2,552.751605724105,1.04027749649569,0.354047358005723,0.73600373148059
"GOBP_DENDRITIC_CELL_DIFFERENTIATION",2,535.024646991966,1.03900731371381,0.354518484698557,0.736197690375755
"GOBP_MICROTUBULE_NUCLEATION",2,540.285975496108,1.03869748711742,0.354620987887642,0.736197690375755
"GOBP_BIOMINERAL_TISSUE_DEVELOPMENT",2,556.133919022854,1.03366389156678,0.356383667847103,0.73733654585036
"GOBP_CELLULAR_RESPONSE_TO_PEPTIDE_HORMONE_STIMULUS",2,540.798261235389,1.03465437498884,0.356051494542251,0.73733654585036
"GOBP_INNER_EAR_RECEPTOR_CELL_DEVELOPMENT",2,544.194225609377,1.03564193741894,0.355697004719254,0.73733654585036
"GOBP_MDA_5_SIGNALING_PATHWAY",2,553.808341253239,1.03617437949012,0.355496270030923,0.73733654585036
"GOBP_NEGATIVE_REGULATION_OF_ION_TRANSMEMBRANE_TRANSPORTER_ACTIVITY",2,565.673614989781,1.03573905340375,0.355636104469816,0.73733654585036
"GOBP_POSITIVE_REGULATION_OF_CYTOKINE_PRODUCTION",2,541.95135328027,1.03368519170397,0.356393934314221,0.73733654585036
"GOBP_REGULATION_OF_SPHINGOLIPID_BIOSYNTHETIC_PROCESS",2,586.233292497158,1.03484450852432,0.35592969834817,0.73733654585036
"GOBP_VENTRICULAR_CARDIAC_MUSCLE_CELL_ACTION_POTENTIAL",2,546.885734216684,1.0334733286156,0.356462855426451,0.73733654585036
"GOBP_CARDIAC_CELL_DEVELOPMENT",2,541.9585989803,1.032926530447,0.356663381930229,0.737411267356433
"GOBP_CYTOPLASM_ORGANIZATION",2,554.825569522547,1.03197902309308,0.356984011910327,0.737411267356433
"GOBP_RAC_PROTEIN_SIGNAL_TRANSDUCTION",2,540.629465662305,1.03234929784793,0.356870253634798,0.737411267356433
"GOBP_MODULATION_BY_SYMBIONT_OF_ENTRY_INTO_HOST",2,544.791159002366,1.03011654482429,0.357659576308695,0.738472307625152
"GOBP_REGULATION_OF_WNT_SIGNALING_PATHWAY",2,541.340132756313,1.02831780095078,0.358305478519726,0.739471170827362
"GOBP_PYRIMIDINE_CONTAINING_COMPOUND_METABOLIC_PROCESS",2,554.136192181169,1.0272375852105,0.35867520441362,0.739564921939656
"GOBP_REGULATION_OF_T_CELL_ACTIVATION",2,532.12127916974,1.02763192711739,0.358562441052511,0.739564921939656
"GOBP_CELLULAR_RESPONSE_TO_ACID_CHEMICAL",2,555.253481252625,1.0234942227172,0.360014040069311,0.74076451119098
"GOBP_GRANULOCYTE_ACTIVATION",2,545.234383622714,1.02403132418774,0.359833863726082,0.74076451119098
"GOBP_NEGATIVE_REGULATION_OF_ENDOTHELIAL_CELL_APOPTOTIC_PROCESS",2,530.611681459065,1.02381734652731,0.359929552407925,0.74076451119098
"GOBP_POSITIVE_REGULATION_OF_PEPTIDE_SECRETION",2,555.771856736626,1.0250077320911,0.359470936107678,0.74076451119098
"GOBP_REGULATION_OF_MAP_KINASE_ACTIVITY",2,556.232387253812,1.02333756625569,0.360069046549091,0.74076451119098
"GOBP_DEOXYRIBONUCLEOSIDE_MONOPHOSPHATE_CATABOLIC_PROCESS",2,534.621923552481,1.02287390246314,0.360262678598402,0.74082870923684
"GOBP_BONE_DEVELOPMENT",2,549.693463526426,1.02228119981988,0.360456233608724,0.74089269107228
"GOBP_NEGATIVE_REGULATION_OF_TOLL_LIKE_RECEPTOR_SIGNALING_PATHWAY",2,583.894686853681,1.02046551568227,0.361068999066209,0.74181788501846
"GOBP_PROTEIN_LOCALIZATION_TO_MITOCHONDRION",2,551.949641006707,1.0196238647636,0.361409025765946,0.742066250885981
"GOBP_RECEPTOR_INTERNALIZATION",2,543.602427686382,1.01935768264558,0.361515283812464,0.742066250885981
"GOBP_CELLULAR_RESPONSE_TO_ALCOHOL",2,544.412303415135,1.01690856954519,0.362397427988341,0.742225869590245
"GOBP_DEFENSE_RESPONSE_TO_GRAM_POSITIVE_BACTERIUM",2,536.27650022272,1.01697079262675,0.362385354888393,0.742225869590245
"GOBP_NATURAL_KILLER_CELL_DEGRANULATION",2,559.639985510013,1.01860867587811,0.361765459592279,0.742225869590245
"GOBP_PRIMARY_ALCOHOL_BIOSYNTHETIC_PROCESS",2,541.347697733375,1.01736840679713,0.362235321804492,0.742225869590245
"GOBP_REGULATION_OF_MUSCLE_CONTRACTION",2,525.942412736275,1.01649880966848,0.362569444737353,0.742225869590245
"GOBP_REGULATION_OF_NEUROINFLAMMATORY_RESPONSE",2,524.289517642127,1.01658525515313,0.362540458576783,0.742225869590245
"GOBP_CEREBROSPINAL_FLUID_CIRCULATION",2,533.236323440162,1.0144197426914,0.363311455362375,0.743411192421621
"GOBP_OPTIC_NERVE_DEVELOPMENT",2,562.185957333494,1.01330512700642,0.363679212145647,0.74382999398937
"GOBP_POSITIVE_REGULATION_OF_CARDIAC_MUSCLE_CELL_PROLIFERATION",2,557.561904727956,1.01259458261475,0.3639422641389,0.743907064992363
"GOBP_PROTEIN_MATURATION",2,534.511608887692,1.01228817797314,0.364082103781905,0.743907064992363
"GOBP_REGULATION_OF_CARDIAC_MUSCLE_CONTRACTION",2,534.063031194645,1.01194770706161,0.364206199545702,0.743907064992363
"GOBP_CELLULAR_RESPONSE_TO_DEXAMETHASONE_STIMULUS",2,539.905582985058,1.01090633954584,0.364576725400197,0.743974905133386
"GOBP_MAST_CELL_ACTIVATION",2,560.373803503252,1.01080526448357,0.36458836028228,0.743974905133386
"GOBP_REGULATION_OF_AMYLOID_BETA_CLEARANCE",2,536.683736706309,1.0104991800652,0.364728762963879,0.743974905133386
"GOBP_DIOL_METABOLIC_PROCESS",2,514.10305559933,1.0096349066442,0.365073241057572,0.744344681476792
"GOBP_MEIOTIC_CELL_CYCLE_PHASE_TRANSITION",2,531.741925241869,1.00864042832726,0.365411193126749,0.744700827458045
"GOBP_EXTRACELLULAR_VESICLE_BIOGENESIS",2,527.500657105658,1.00815074751664,0.365595085456924,0.744742824818683
"GOBP_CHROMATIN_LOOPING",2,564.361135780041,1.00671162047829,0.366073882772152,0.745052645838369
"GOBP_PROTEIN_TARGETING_TO_MITOCHONDRION",2,553.321520590751,1.0068633425132,0.366031598271104,0.745052645838369
"GOBP_POSITIVE_REGULATION_OF_FATTY_ACID_OXIDATION",2,570.588011863078,1.00614125890938,0.366274858095218,0.74512918277087
"GOBP_EMBRYONIC_EPITHELIAL_TUBE_FORMATION",2,539.479330253453,1.00211102883449,0.367785955448127,0.745265889141707
"GOBP_HISTONE_MRNA_METABOLIC_PROCESS",2,543.139363857145,1.00068887718444,0.368302853349135,0.745265889141707
"GOBP_NEGATIVE_REGULATION_OF_CELLULAR_RESPONSE_TO_HYPOXIA",2,542.249500969257,1.00099254249786,0.368192549282436,0.745265889141707
"GOBP_N_ACETYLGLUCOSAMINE_METABOLIC_PROCESS",2,558.426899039045,1.00100589710773,0.368168036131569,0.745265889141707
"GOBP_POSITIVE_REGULATION_OF_BONE_MINERALIZATION",2,551.084971520753,1.00130810240051,0.368065949829608,0.745265889141707
"GOBP_POSITIVE_REGULATION_OF_LYMPHOCYTE_CHEMOTAXIS",2,539.746342735404,1.00208194190687,0.367796276767193,0.745265889141707
"GOBP_PULMONARY_VALVE_MORPHOGENESIS",2,541.967119866878,1.00340143060615,0.367310294213668,0.745265889141707
"GOBP_REGULATION_OF_ATTACHMENT_OF_SPINDLE_MICROTUBULES_TO_KINETOCHORE",2,538.978627510161,1.00368290356863,0.367211068092411,0.745265889141707
"GOBP_REGULATION_OF_ENDOTHELIAL_CELL_DEVELOPMENT",2,574.421019408612,1.00059765397696,0.368299531830662,0.745265889141707
"GOBP_REGULATION_OF_GLUTAMATE_SECRETION",2,545.285104918097,1.0041264779097,0.367040920901817,0.745265889141707
"GOBP_RESPONSE_TO_GRANULOCYTE_MACROPHAGE_COLONY_STIMULATING_FACTOR",2,565.086046563153,1.00445900349381,0.366895664230474,0.745265889141707
"GOBP_SRP_DEPENDENT_COTRANSLATIONAL_PROTEIN_TARGETING_TO_MEMBRANE",2,547.378956993727,1.00090221976522,0.368219340745935,0.745265889141707
"GOBP_NEGATIVE_REGULATION_OF_SPROUTING_ANGIOGENESIS",2,562.509235499865,0.998633382053046,0.369034672992541,0.746415584709082
"GOBP_CARDIAC_MUSCLE_CELL_ACTION_POTENTIAL",2,549.243966658269,0.997764240959383,0.369370133122262,0.746432067864704
"GOBP_NEGATIVE_REGULATION_OF_PROTEIN_IMPORT_INTO_NUCLEUS",2,538.414563527925,0.997820641438296,0.369362777898995,0.746432067864704
"GOBP_POSITIVE_REGULATION_OF_RECEPTOR_MEDIATED_ENDOCYTOSIS",2,555.88562039285,0.99595391515671,0.370029049958914,0.747432460966611
"GOBP_REGULATION_OF_SYSTEMIC_ARTERIAL_BLOOD_PRESSURE_MEDIATED_BY_A_CHEMICAL_SIGNAL",2,544.23355428193,0.994478726331979,0.370587413078008,0.747897872145484
"GOBP_SULFUR_COMPOUND_BIOSYNTHETIC_PROCESS",2,538.279009933343,0.994728602387326,0.370502576141046,0.747897872145484
"GOBP_CYCLIC_NUCLEOTIDE_BIOSYNTHETIC_PROCESS",2,539.244571476798,0.992704340124753,0.371249354555822,0.748396656895357
"GOBP_ESTABLISHMENT_OF_SISTER_CHROMATID_COHESION",2,552.941821287497,0.992449733397181,0.371326821871123,0.748396656895357
"GOBP_OVULATION_CYCLE_PROCESS",2,532.216056542543,0.993325281050627,0.371028668934559,0.748396656895357
"GOBP_ENDOSOME_TO_LYSOSOME_TRANSPORT_VIA_MULTIVESICULAR_BODY_SORTING_PATHWAY",2,549.35172190258,0.990106386638142,0.372199165445867,0.7494924475049
"GOBP_RESPONSE_TO_INSULIN",2,535.222972309924,0.99049371667792,0.372073002455208,0.7494924475049
"GOBP_REGULATION_OF_HYDROGEN_PEROXIDE_MEDIATED_PROGRAMMED_CELL_DEATH",2,536.797652936043,0.98867482770473,0.372745892753966,0.750262143358711
"GOBP_SENSORY_PERCEPTION_OF_PAIN",2,552.866245077713,0.987591394477014,0.373128864031505,0.750701697771369
"GOBP_GOLGI_VESICLE_BUDDING",2,528.729797919329,0.985759704306862,0.37384036004545,0.751801535347134
"GOBP_GLUCOCORTICOID_METABOLIC_PROCESS",2,558.995244102988,0.98360864869442,0.374605450183374,0.753008134987381
"GOBP_REGULATION_OF_TRANSLATIONAL_ELONGATION",2,562.325885359369,0.983034717281929,0.374815935556507,0.753099331309793
"GOBP_REGULATION_OF_CELL_CYCLE_G1_S_PHASE_TRANSITION",2,543.832947968269,0.982337594331839,0.375098193474915,0.75333459288379
"GOBP_NEGATIVE_REGULATION_OF_MICROTUBULE_POLYMERIZATION_OR_DEPOLYMERIZATION",2,547.375625635614,0.98121263987546,0.375514597421588,0.753838943151347
"GOBP_CELLULAR_RESPONSE_TO_GLUCOSE_STARVATION",2,529.393036497449,0.977107737504787,0.377075931201314,0.755242001180215
"GOBP_ESTABLISHMENT_OF_EPITHELIAL_CELL_POLARITY",2,536.62888423104,0.976734564084495,0.377207033257735,0.755242001180215
"GOBP_HOMOCYSTEINE_METABOLIC_PROCESS",2,552.75285145552,0.977528202964259,0.376889387384689,0.755242001180215
"GOBP_REGULATION_OF_CARDIAC_MUSCLE_CELL_MEMBRANE_REPOLARIZATION",2,567.818243341093,0.977846346234836,0.376752712251598,0.755242001180215
"GOBP_REGULATION_OF_MESENCHYMAL_STEM_CELL_DIFFERENTIATION",2,524.579350619741,0.977299957954854,0.377009933836893,0.755242001180215
"GOBP_TELOMERE_CAPPING",2,529.905907082591,0.97731673147437,0.376996767551604,0.755242001180215
"GOBP_CHLORIDE_TRANSPORT",2,541.382540445097,0.976095045161136,0.377441610322491,0.75538007226015
"GOBP_CELLULAR_RESPONSE_TO_PEPTIDE",2,532.238971419552,0.975557925363098,0.37765501760422,0.755403289985463
"GOBP_REGULATION_OF_MRNA_CATABOLIC_PROCESS",2,556.539069202352,0.975136064631696,0.377784456140505,0.755403289985463
"GOBP_POSITIVE_REGULATION_OF_CELL_GROWTH",2,527.659932549001,0.97478856317338,0.377950448179344,0.755404028985971
"GOBP_ACETYL_COA_BIOSYNTHETIC_PROCESS",2,553.834009510085,0.974017832988993,0.37820880121045,0.7555126851692
"GOBP_IMMUNOGLOBULIN_PRODUCTION_INVOLVED_IN_IMMUNOGLOBULIN_MEDIATED_IMMUNE_RESPONSE",2,551.278269457236,0.973248758888973,0.378501750846661,0.7555126851692
"GOBP_REGULATION_OF_MITOCHONDRIAL_FUSION",2,547.873388583607,0.973634027165747,0.378360491563494,0.7555126851692
"GOBP_FOREBRAIN_NEURON_DEVELOPMENT",2,545.882121178387,0.971422933743356,0.379197412688779,0.756570165911426
"GOBP_REGULATION_OF_ALPHA_BETA_T_CELL_DIFFERENTIATION",2,534.593488423667,0.970683799965711,0.379490564988968,0.756823990780359
"GOBP_REGULATION_OF_STEM_CELL_DIFFERENTIATION",2,534.43261905983,0.966195445849744,0.381191704145584,0.7598843368042
"GOBP_CELLULAR_RESPONSE_TO_EXOGENOUS_DSRNA",2,550.195826081974,0.965570845305303,0.381410039558683,0.759987413904393
"GOBP_NEGATIVE_REGULATION_OF_MITOTIC_CELL_CYCLE_PHASE_TRANSITION",2,536.174304498773,0.964813455759559,0.38171482289877,0.76026257958135
"GOBP_PYRIMIDINE_CONTAINING_COMPOUND_BIOSYNTHETIC_PROCESS",2,550.153454907203,0.963646735611694,0.382142101025186,0.760781371792175
"GOBP_REGULATION_OF_SECONDARY_METABOLIC_PROCESS",2,538.822134587499,0.96155167156581,0.382954225535971,0.761245267072245
"GOBP_REGULATION_OF_STEM_CELL_PROLIFERATION",2,545.28728809575,0.961860601005431,0.382828601733856,0.761245267072245
"GOBP_RESPONSE_TO_BMP",2,560.210704827819,0.961254364808898,0.383042729210875,0.761245267072245
"GOBP_RESPONSE_TO_LITHIUM_ION",2,549.447279404024,0.962319781104756,0.382648575432288,0.761245267072245
"GOBP_CERAMIDE_BIOSYNTHETIC_PROCESS",2,556.265724773106,0.95983628661535,0.383588893393443,0.761638083507574
"GOBP_IRE1_MEDIATED_UNFOLDED_PROTEIN_RESPONSE",2,536.042933067141,0.959063273419668,0.38390834334223,0.761638083507574
"GOBP_PEPTIDYL_THREONINE_MODIFICATION",2,550.328046990754,0.959596259680992,0.383687480585475,0.761638083507574
"GOBP_POSITIVE_REGULATION_OF_NEUROTRANSMITTER_TRANSPORT",2,521.359394722201,0.959291810119836,0.383839397715734,0.761638083507574
"GOBP_REGULATION_OF_PROTEIN_LOCALIZATION_TO_CELL_SURFACE",2,549.128088658381,0.958193101746972,0.384225754640153,0.761936376919016
"GOBP_T_HELPER_CELL_LINEAGE_COMMITMENT",2,545.698572007998,0.957384853501692,0.384539364634644,0.762226876183664
"GOBP_NEGATIVE_REGULATION_OF_NEUROINFLAMMATORY_RESPONSE",2,529.306007864006,0.956493257317849,0.384901061854319,0.762612399269135
"GOBP_CORONARY_VASCULATURE_MORPHOGENESIS",2,534.148718574728,0.955187680103624,0.38539610314172,0.763126864070989
"GOBP_G_PROTEIN_COUPLED_PURINERGIC_RECEPTOR_SIGNALING_PATHWAY",2,548.79069302747,0.954193113200052,0.385760767417961,0.763126864070989
"GOBP_NECROPTOTIC_PROCESS",2,538.763344102376,0.953173917443365,0.386164613522438,0.763126864070989
"GOBP_ODONTOBLAST_DIFFERENTIATION",2,524.60190499777,0.953622829101788,0.386009414104712,0.763126864070989
"GOBP_PROTEIN_DEPHOSPHORYLATION",2,544.238714946708,0.953636652021833,0.385980068897203,0.763126864070989
"GOBP_SYNAPTIC_TRANSMISSION_GABAERGIC",2,545.653852150432,0.954070209332198,0.385811679245136,0.763126864070989
"GOBP_NEGATIVE_REGULATION_OF_CHEMOTAXIS",2,532.778884510417,0.951320579200733,0.386885710495482,0.764220755985229
"GOBP_REGULATION_OF_RESPONSE_TO_OSMOTIC_STRESS",2,569.545873500562,0.950656481494181,0.387099614392351,0.764312268936586
"GOBP_MACROPHAGE_ACTIVATION_INVOLVED_IN_IMMUNE_RESPONSE",2,530.056823883993,0.950188586568137,0.387325705683004,0.764324125507817
"GOBP_NEGATIVE_REGULATION_OF_BONE_MINERALIZATION",2,529.148808014303,0.9498933948371,0.387440775745247,0.764324125507817
"GOBP_REGULATION_OF_CELL_KILLING",2,539.963546689027,0.949364264753627,0.387631941258671,0.764370637302551
"GOBP_B_CELL_ACTIVATION_INVOLVED_IN_IMMUNE_RESPONSE",2,537.815269258617,0.945845946234412,0.388995931414646,0.765029219689206
"GOBP_ESTABLISHMENT_OF_PROTEIN_LOCALIZATION_TO_PLASMA_MEMBRANE",2,548.805017444539,0.947230072873792,0.388446852925377,0.765029219689206
"GOBP_MRNA_TRANSCRIPTION",2,542.506693546015,0.945459854654549,0.389140054742152,0.765029219689206
"GOBP_MYELOID_LEUKOCYTE_CYTOKINE_PRODUCTION",2,547.936487435002,0.947253697216242,0.388438709861036,0.765029219689206
"GOBP_REGULATION_OF_CELLULAR_RESPONSE_TO_HYPOXIA",2,545.719079136333,0.946213687819641,0.388844077061857,0.765029219689206
"GOBP_RESPONSE_TO_CORTICOSTEROID",2,530.595128168346,0.945670003887247,0.389072900475302,0.765029219689206
"GOBP_SODIUM_ION_TRANSPORT",2,538.363010749603,0.945540675277986,0.389113627374548,0.765029219689206
"GOBP_MITOTIC_SISTER_CHROMATID_SEGREGATION",2,539.706067779359,0.94435205766116,0.389573191389641,0.765550765156465
"GOBP_MITOTIC_SISTER_CHROMATID_SEPARATION",2,534.442066553388,0.943405714440584,0.389947053745212,0.765867519800988
"GOBP_UTERUS_DEVELOPMENT",2,576.60959541807,0.942967260331555,0.390070214535781,0.765867519800988
"GOBP_POSITIVE_REGULATION_OF_OSTEOBLAST_DIFFERENTIATION",2,543.05208492936,0.942424809341821,0.390318159563431,0.766024580795529
"GOBP_FC_RECEPTOR_MEDIATED_STIMULATORY_SIGNALING_PATHWAY",2,551.185637237749,0.941140663398516,0.390808608975784,0.7666572324897
"GOBP_GLYCOLIPID_CATABOLIC_PROCESS",2,544.714269571927,0.9387623690645,0.391743413476964,0.767543610248414
"GOBP_NEGATIVE_REGULATION_OF_NEURAL_PRECURSOR_CELL_PROLIFERATION",2,564.313209367361,0.938685610689569,0.391751470609956,0.767543610248414
"GOBP_POSITIVE_REGULATION_OF_MITOTIC_CELL_CYCLE",2,536.159532139633,0.938732095164273,0.391765298105307,0.767543610248414
"GOBP_POSTSYNAPTIC_DENSITY_ASSEMBLY",2,536.138716766937,0.937749427046359,0.39214914346511,0.767965754978259
"GOBP_REGULATION_OF_LIPOPOLYSACCHARIDE_MEDIATED_SIGNALING_PATHWAY",2,533.633458868824,0.93729803725878,0.392328582420229,0.767987409621744
"GOBP_POSITIVE_REGULATION_OF_AUTOPHAGY",2,548.971580545414,0.933942898429389,0.393624600484587,0.769203857245159
"GOBP_POSITIVE_REGULATION_OF_MEMBRANE_POTENTIAL",2,526.747054385993,0.935013645437224,0.393231081154021,0.769203857245159
"GOBP_PROTEIN_LOCALIZATION_TO_POSTSYNAPSE",2,537.257374549755,0.934730709347125,0.39332925865056,0.769203857245159
"GOBP_REGULATION_OF_INTRACELLULAR_ESTROGEN_RECEPTOR_SIGNALING_PATHWAY",2,552.732918465246,0.934346876499478,0.393461917267786,0.769203857245159
"GOBP_RNA_POLYMERASE_II_PREINITIATION_COMPLEX_ASSEMBLY",2,544.213136982851,0.933351164506847,0.393862240444247,0.769338620413795
"GOBP_CHROMOSOME_SEPARATION",2,535.347637221618,0.932352660841851,0.39426474587256,0.769340048381779
"GOBP_SECONDARY_PALATE_DEVELOPMENT",2,542.744352506038,0.932065244093947,0.394369005287568,0.769340048381779
"GOBP_SISTER_CHROMATID_SEGREGATION",2,538.361925864878,0.932311788322557,0.394277237124188,0.769340048381779
"GOBP_NEURAL_RETINA_DEVELOPMENT",2,567.740597480744,0.930701013565546,0.394877915831896,0.76951895380525
"GOBP_REGULATION_OF_APPETITE",2,567.102429251039,0.93047675760417,0.394966864910785,0.76951895380525
"GOBP_RESPONSE_TO_COCAINE",2,548.456450773199,0.93055773056186,0.39495540068865,0.76951895380525
"GOBP_CENTROMERIC_SISTER_CHROMATID_COHESION",2,555.057087798505,0.927952061498052,0.395975021011893,0.771153745019319
"GOBP_PORE_COMPLEX_ASSEMBLY",2,558.083585561168,0.927510550364342,0.396145989357981,0.77115742956114
"GOBP_AEROBIC_RESPIRATION",2,550.679576988276,0.925205906426221,0.397065142014297,0.772523911416662
"GOBP_NEUTRAL_LIPID_CATABOLIC_PROCESS",2,556.455046931179,0.924454895048498,0.397356083355292,0.772523911416662
"GOBP_POSITIVE_REGULATION_OF_VIRAL_LIFE_CYCLE",2,571.511334334008,0.92458120684129,0.397290052629946,0.772523911416662
"GOBP_D_GLUCOSE_IMPORT",2,534.729382677008,0.923936833551181,0.397585978724823,0.772641520649305
"GOBP_NEGATIVE_REGULATION_OF_MITOTIC_CELL_CYCLE",2,533.796904939927,0.9217057750499,0.398472049450812,0.773704136885975
"GOBP_REGULATION_OF_MITOCHONDRIAL_MEMBRANE_PERMEABILITY",2,558.539899770683,0.921924755914364,0.398357127945848,0.773704136885975
"GOBP_NEURAL_CREST_FORMATION",2,555.31567356057,0.920705306629294,0.398845100468648,0.774098937547874
"GOBP_POSITIVE_REGULATION_OF_UBIQUITIN_PROTEIN_TRANSFERASE_ACTIVITY",2,551.103952924753,0.920003523925669,0.399128804552849,0.774320067020648
"GOBP_EOSINOPHIL_ACTIVATION",2,544.631216415038,0.916635899171309,0.400477930875006,0.775617767609725
"GOBP_REGULATION_OF_KERATINOCYTE_PROLIFERATION",2,545.821575801575,0.916748294743881,0.400431730896128,0.775617767609725
"GOBP_RETINOIC_ACID_RECEPTOR_SIGNALING_PATHWAY",2,561.543451279834,0.917605095978183,0.400072732253872,0.775617767609725
"GOBP_T_CELL_MEDIATED_CYTOTOXICITY",2,533.857668896758,0.917016737325974,0.400338371853895,0.775617767609725
"GOBP_NEGATIVE_REGULATION_OF_BIOMINERAL_TISSUE_DEVELOPMENT",2,550.644084107074,0.915549148722338,0.400905218375985,0.776093171998365
"GOBP_NEGATIVE_REGULATION_OF_STRESS_ACTIVATED_PROTEIN_KINASE_SIGNALING_CASCADE",2,540.683929440355,0.914754938485069,0.401233874056598,0.776093171998365
"GOBP_PLATELET_DENSE_GRANULE_ORGANIZATION",2,535.839130334515,0.91513751591534,0.401086509603686,0.776093171998365
"GOBP_ERROR_PRONE_TRANSLESION_SYNTHESIS",2,550.753984282594,0.911900575035858,0.402365645539859,0.776120993230393
"GOBP_NATURAL_KILLER_CELL_ACTIVATION_INVOLVED_IN_IMMUNE_RESPONSE",2,558.732136700654,0.911794558950234,0.402399528556579,0.776120993230393
"GOBP_NEGATIVE_REGULATION_OF_INTRACELLULAR_PROTEIN_TRANSPORT",2,544.291185253364,0.911734558997708,0.402439409995589,0.776120993230393
"GOBP_NEGATIVE_REGULATION_OF_KINASE_ACTIVITY",2,556.187957907935,0.913288256991656,0.40180359974168,0.776120993230393
"GOBP_POSITIVE_REGULATION_OF_ACTIN_FILAMENT_BUNDLE_ASSEMBLY",2,552.215414761266,0.91239812048325,0.402164559074688,0.776120993230393
"GOBP_REGULATION_OF_FEEDING_BEHAVIOR",2,548.960756685314,0.911895484399042,0.402369662836634,0.776120993230393
"GOBP_REGULATION_OF_LYMPHOCYTE_CHEMOTAXIS",2,533.332834789183,0.914161063505,0.40147993806093,0.776120993230393
"GOBP_MYELOID_DENDRITIC_CELL_DIFFERENTIATION",2,542.786460484362,0.91107489013355,0.402705782576655,0.776265843503018
"GOBP_POSITIVE_REGULATION_OF_MACROPHAGE_DIFFERENTIATION",2,543.392026150658,0.90985427329951,0.403195304375937,0.776265843503018
"GOBP_PYRIMIDINE_RIBONUCLEOTIDE_BIOSYNTHETIC_PROCESS",2,554.08106842141,0.910657559668097,0.402860824966534,0.776265843503018
"GOBP_REGULATION_OF_CARBOHYDRATE_BIOSYNTHETIC_PROCESS",2,535.792934879539,0.91029038845315,0.403028767346615,0.776265843503018
"GOBP_MONONUCLEAR_CELL_MIGRATION",2,544.72705279846,0.908020148807883,0.403931527673364,0.777027287101735
"GOBP_REGULATION_OF_MACROPHAGE_DIFFERENTIATION",2,545.933443648294,0.908368659959488,0.403789899624855,0.777027287101735
"GOBP_POSITIVE_REGULATION_OF_INTRACELLULAR_STEROID_HORMONE_RECEPTOR_SIGNALING_PATHWAY",2,548.138935978966,0.907137548030854,0.404283225489402,0.777375966044334
"GOBP_REGULATION_OF_CD4_POSITIVE_ALPHA_BETA_T_CELL_DIFFERENTIATION",2,531.448352307082,0.906327362836061,0.404628779636196,0.777712542739439
"GOBP_GLUCAN_BIOSYNTHETIC_PROCESS",2,522.34000599195,0.905078997316099,0.405143341334278,0.777718341677458
"GOBP_LIPID_CATABOLIC_PROCESS",2,519.440626512984,0.905452432187264,0.404996129058119,0.777718341677458
"GOBP_POSITIVE_REGULATION_OF_PROTEIN_MATURATION",2,543.334265518526,0.905353556368222,0.405008057807803,0.777718341677458
"GOBP_MONOCYTE_DIFFERENTIATION",2,551.691670860657,0.903254679085746,0.405846995054101,0.778741331275454
"GOBP_HORMONE_MEDIATED_SIGNALING_PATHWAY",2,555.663655149957,0.902423750619247,0.406178996641979,0.778936618159769
"GOBP_MESENCHYMAL_CELL_DIFFERENTIATION",2,543.384196218053,0.902125181229325,0.406313283711151,0.778936618159769
"GOBP_PERIPHERAL_NERVOUS_SYSTEM_AXON_ENSHEATHMENT",2,551.837154490299,0.901737303602215,0.406461116250877,0.778936618159769
"GOBP_EPITHELIAL_CELL_CELL_ADHESION",2,547.789421853334,0.899677878203802,0.40730072110664,0.77923598530511
"GOBP_POSITIVE_REGULATION_OF_MULTICELLULAR_ORGANISM_GROWTH",2,538.756674685158,0.900462067542149,0.406992546398195,0.77923598530511
"GOBP_REGULATION_OF_AUTOPHAGY",2,546.097455790969,0.900419437600495,0.407001642123306,0.77923598530511
"GOBP_REGULATION_OF_T_CELL_MEDIATED_IMMUNITY",2,528.065702398405,0.899956728941709,0.407209919933264,0.77923598530511
"GOBP_GOLGI_TO_PLASMA_MEMBRANE_PROTEIN_TRANSPORT",2,562.319706398393,0.895715693751552,0.408897021161469,0.781792468300982
"GOBP_RESPONSE_TO_ETHANOL",2,568.961212710614,0.895496016426016,0.408979791573371,0.781792468300982
"GOBP_O_GLYCAN_PROCESSING",2,555.513574418574,0.894384485158569,0.40944708705806,0.782357839996569
"GOBP_REGULATION_OF_TELOMERE_MAINTENANCE_VIA_TELOMERE_LENGTHENING",2,552.913973582651,0.892733716949594,0.410124131003055,0.783323350713959
"GOBP_LUNG_MORPHOGENESIS",2,545.123232155514,0.891399550193307,0.410678306172243,0.784053476120384
"GOBP_REGULATION_OF_PROTEIN_EXIT_FROM_ENDOPLASMIC_RETICULUM",2,532.216710146509,0.890741748434226,0.41096210055286,0.784267004444182
"GOBP_REGULATION_OF_CALCIUM_MEDIATED_SIGNALING",2,543.476842056062,0.890224532382162,0.41116137319364,0.784319123018065
"GOBP_REGULATION_OF_MICROTUBULE_NUCLEATION",2,551.099868912352,0.888137731125328,0.412009240969831,0.785607921431186
"GOBP_PROTEIN_LOCALIZATION_TO_PHAGOPHORE_ASSEMBLY_SITE",2,552.493060895913,0.886880130311197,0.412524566126772,0.786261824531637
"GOBP_CHONDROCYTE_DIFFERENTIATION",2,550.059059469953,0.886049845113077,0.412868709848932,0.786589049966993
"GOBP_NEGATIVE_REGULATION_OF_TOR_SIGNALING",2,532.616680709888,0.885546622504555,0.413095061914773,0.786691681583832
"GOBP_DICARBOXYLIC_ACID_TRANSPORT",2,529.469399782987,0.884590037317125,0.413492696428796,0.787120278969841
"GOBP_NON_CANONICAL_WNT_SIGNALING_PATHWAY",2,556.54604867222,0.883835109039926,0.413774358987492,0.787123905084449
"GOBP_PLASMA_MEMBRANE_REPAIR",2,552.391751762871,0.883312933314997,0.413994140488528,0.787123905084449
"GOBP_VACUOLAR_TRANSPORT",2,541.52193612224,0.883297171090058,0.414012332448497,0.787123905084449
"GOBP_GLYCOPROTEIN_METABOLIC_PROCESS",2,516.577337104056,0.881972171347559,0.41458810660134,0.787890147586964
"GOBP_NEGATIVE_REGULATION_OF_PROTEIN_LOCALIZATION_TO_MEMBRANE",2,535.425908637118,0.881074386721958,0.414937363698883,0.787899552986722
"GOBP_REGULATION_OF_MRNA_METABOLIC_PROCESS",2,558.308614642448,0.881012163027683,0.41493854993951,0.787899552986722
"GOBP_GLUCOSE_CATABOLIC_PROCESS",2,529.529860135017,0.877757336518416,0.416318136662137,0.788222092700708
"GOBP_HYDROGEN_PEROXIDE_CATABOLIC_PROCESS",2,554.622455705299,0.878003663575223,0.416188642835715,0.788222092700708
"GOBP_MRNA_EXPORT_FROM_NUCLEUS",2,556.496000289324,0.878161136494732,0.416121376638204,0.788222092700708
"GOBP_MYELOID_LEUKOCYTE_MEDIATED_IMMUNITY",2,549.439598551891,0.878699236667743,0.415905605821352,0.788222092700708
"GOBP_NON_PROTEINOGENIC_AMINO_ACID_CATABOLIC_PROCESS",2,538.826396910479,0.879254736669759,0.415686841783236,0.788222092700708
"GOBP_PENTOSE_PHOSPHATE_SHUNT",2,519.819069453599,0.878675014552827,0.415948806659044,0.788222092700708
"GOBP_RESPONSE_TO_COLD",2,523.281808001178,0.879490681620985,0.415606737891371,0.788222092700708
"GOBP_FLUID_TRANSPORT",2,530.48976846776,0.876990691843664,0.416635281978779,0.788379338077639
"GOBP_INFLAMMATORY_RESPONSE_TO_WOUNDING",2,540.10013005997,0.876572005440915,0.416798487558051,0.788379338077639
"GOBP_T_HELPER_2_CELL_DIFFERENTIATION",2,545.273987730606,0.876266699186477,0.416919746424746,0.788379338077639
"GOBP_NEGATIVE_REGULATION_OF_VASCULAR_ASSOCIATED_SMOOTH_MUSCLE_CELL_PROLIFERATION",2,537.417952926518,0.875071146844252,0.417425428501103,0.789008445666611
"GOBP_GPI_ANCHOR_METABOLIC_PROCESS",2,541.224427721156,0.87278329372217,0.418374274053514,0.789075870457003
"GOBP_NEGATIVE_REGULATION_OF_CELL_CYCLE_PROCESS",2,537.012421153274,0.874083148579852,0.41783715527146,0.789075870457003
"GOBP_NEGATIVE_REGULATION_OF_PROTEIN_LOCALIZATION_TO_NUCLEUS",2,538.939014480507,0.872458213076821,0.418512349527024,0.789075870457003
"GOBP_PROGRAMMED_CELL_DEATH_IN_RESPONSE_TO_REACTIVE_OXYGEN_SPECIES",2,536.809698724368,0.872250611219457,0.418601295991264,0.789075870457003
"GOBP_REGULATION_OF_HUMORAL_IMMUNE_RESPONSE_MEDIATED_BY_CIRCULATING_IMMUNOGLOBULIN",2,553.790963428715,0.873219412163496,0.418179126947633,0.789075870457003
"GOBP_REGULATION_OF_PEPTIDASE_ACTIVITY",2,552.299730713566,0.872041157861421,0.41867213473053,0.789075870457003
"GOBP_RESPONSE_TO_ANTIBIOTIC",2,559.419902215945,0.872373727489783,0.418526048882145,0.789075870457003
"GOBP_MIRNA_TRANSCRIPTION",2,518.808088557133,0.871444455799603,0.418958270808573,0.789289001717431
"GOBP_EMBRYONIC_PATTERN_SPECIFICATION",2,554.579373441657,0.870007106043136,0.419519565668477,0.790020123457441
"GOBP_INDOLALKYLAMINE_METABOLIC_PROCESS",2,552.212252796115,0.869146312236318,0.419882152525838,0.790199008957098
"GOBP_PALLIUM_DEVELOPMENT",2,539.679324436505,0.868989531392076,0.419961060669153,0.790199008957098
"GOBP_ANTIGEN_PROCESSING_AND_PRESENTATION_OF_ENDOGENOUS_PEPTIDE_ANTIGEN",2,525.537885216625,0.867091260020578,0.420772161790408,0.791234049659341
"GOBP_CELLULAR_RESPIRATION",2,551.472250925065,0.866350722089139,0.421054690153808,0.791234049659341
"GOBP_ERYTHROCYTE_MATURATION",2,534.093332994654,0.865623633776455,0.421378536860894,0.791234049659341
"GOBP_REGULATION_OF_SKELETAL_MUSCLE_CELL_PROLIFERATION",2,527.982540962606,0.866047765797318,0.421207248299616,0.791234049659341
"GOBP_VIRAL_GENOME_REPLICATION",2,542.293719432905,0.866434910244002,0.421029014505729,0.791234049659341
"GOBP_POSITIVE_REGULATION_OF_CELL_ACTIVATION",2,535.075713252007,0.864165517292459,0.421990338972221,0.791730948602344
"GOBP_REGULATION_OF_ALCOHOL_BIOSYNTHETIC_PROCESS",2,534.139645484064,0.864406654656391,0.421889949216355,0.791730948602344
"GOBP_POSITIVE_REGULATION_OF_AUTOPHAGY_OF_MITOCHONDRION",2,536.465134661815,0.862852552116861,0.422541460402656,0.792438980631791
"GOBP_RNA_SPLICING_VIA_ENDONUCLEOLYTIC_CLEAVAGE_AND_LIGATION",2,544.54723651677,0.862389807195214,0.42272774635199,0.792462495319122
"GOBP_REGULATION_OF_HEMOPOIESIS",2,546.869223075562,0.861330565650882,0.423171902310344,0.792769410051176
"GOBP_REGULATION_OF_MEMBRANE_LIPID_METABOLIC_PROCESS",2,590.32159589686,0.861071585780751,0.42323909525863,0.792769410051176
"GOBP_NEGATIVE_REGULATION_OF_MYELOID_LEUKOCYTE_DIFFERENTIATION",2,554.442717814683,0.859934034766473,0.423753636287673,0.793407362523841
"GOBP_NUCLEAR_MIGRATION",2,558.05154798287,0.858969373316341,0.424157712454613,0.793838049448293
"GOBP_MUSCLE_ORGAN_DEVELOPMENT",2,543.399232027708,0.857615889412379,0.424745460947162,0.794286202287825
"GOBP_REGULATION_OF_PROTEIN_COMPLEX_STABILITY",2,552.003828847672,0.857598443804271,0.424743923666495,0.794286202287825
"GOBP_FIBROBLAST_APOPTOTIC_PROCESS",2,545.71295484765,0.856187361801583,0.425348322151874,0.794761858801596
"GOBP_REGULATION_OF_CELL_SUBSTRATE_JUNCTION_ORGANIZATION",2,541.638224893942,0.856463000348525,0.425235744628991,0.794761858801596
"GOBP_CARBOHYDRATE_TRANSPORT",2,523.796027100135,0.854822791047708,0.425951082745537,0.795282731295161
"GOBP_DEFENSE_RESPONSE_TO_VIRUS",2,535.432118786198,0.853425113888622,0.426532069001604,0.795282731295161
"GOBP_NUCLEAR_TRANSCRIBED_MRNA_POLY_A_TAIL_SHORTENING",2,546.608250568645,0.853481457566069,0.426496299689213,0.795282731295161
"GOBP_PROTEIN_ACETYLATION",2,543.383319665689,0.853295865546452,0.426578573243667,0.795282731295161
"GOBP_REGULATION_OF_ATP_BIOSYNTHETIC_PROCESS",2,538.451251896847,0.854598956287313,0.426030026974173,0.795282731295161
"GOBP_SOMATIC_DIVERSIFICATION_OF_IMMUNOGLOBULINS",2,555.457431728646,0.853044090546356,0.42667328293779,0.795282731295161
"GOBP_CEREBELLAR_CORTEX_DEVELOPMENT",2,551.334833865094,0.85059044231956,0.427722414373021,0.79528819076859
"GOBP_HYALURONAN_BIOSYNTHETIC_PROCESS",2,543.61658189394,0.852215090081455,0.427038170158319,0.79528819076859
"GOBP_INNER_DYNEIN_ARM_ASSEMBLY",2,543.261102726865,0.85099950676482,0.427556334128004,0.79528819076859
"GOBP_POSITIVE_REGULATION_OF_CELL_CYCLE_G1_S_PHASE_TRANSITION",2,547.555450518235,0.851006449023423,0.427548923666661,0.79528819076859
"GOBP_POSITIVE_REGULATION_OF_OSSIFICATION",2,550.475592095633,0.851171590709642,0.427475554045051,0.79528819076859
"GOBP_PROTEIN_STABILIZATION",2,542.85986083218,0.852628279846992,0.426863102614379,0.79528819076859
"GOBP_EPITHELIAL_TO_MESENCHYMAL_TRANSITION_INVOLVED_IN_ENDOCARDIAL_CUSHION_FORMATION",2,575.208925246906,0.849550475586407,0.428142924297682,0.795745671443247
"GOBP_NEGATIVE_REGULATION_OF_NUCLEAR_DIVISION",2,535.749756270742,0.848439139936732,0.428656945322097,0.796052250657201
"GOBP_REGULATION_OF_BIOLOGICAL_PROCESS_INVOLVED_IN_SYMBIOTIC_INTERACTION",2,550.659364514824,0.848454632479084,0.428634795511136,0.796052250657201
"GOBP_POSITIVE_REGULATION_OF_POTASSIUM_ION_TRANSMEMBRANE_TRANSPORT",2,535.463523819053,0.847107618017654,0.429226594567805,0.796785713399982
"GOBP_PROTEIN_INSERTION_INTO_MEMBRANE",2,541.094374986757,0.846329409873881,0.429553743738365,0.796833335686222
"GOBP_VASODILATION",2,532.51215821515,0.846238824332187,0.429601660261438,0.796833335686222
"GOBP_NEUTROPHIL_HOMEOSTASIS",2,550.080128895416,0.845141634510407,0.430053433089238,0.797347035902445
"GOBP_DNA_DOUBLE_STRAND_BREAK_PROCESSING",2,564.68305010531,0.844456293411148,0.430332995391266,0.7975411588702
"GOBP_INTESTINAL_EPITHELIAL_CELL_DIFFERENTIATION",2,562.074752203972,0.843259122804946,0.430849456581124,0.798173993284528
"GOBP_DIGESTIVE_TRACT_MORPHOGENESIS",2,566.005382701924,0.842825886752413,0.43103183007869,0.798187647985751
"GOBP_RENAL_SYSTEM_VASCULATURE_DEVELOPMENT",2,541.052721033954,0.841813691353754,0.431491856943848,0.79871524331205
"GOBP_NUCLEOTIDE_SUGAR_TRANSMEMBRANE_TRANSPORT",2,530.835611226551,0.841425600701664,0.431669654395626,0.798720200283347
"GOBP_ER_OVERLOAD_RESPONSE",2,537.607390124724,0.835098238296159,0.434393831761827,0.799697327497413
"GOBP_HEART_GROWTH",2,558.947083396264,0.834229134082936,0.434748959804517,0.799697327497413
"GOBP_INTERMEMBRANE_LIPID_TRANSFER",2,534.662190269675,0.834661692006253,0.434586008093534,0.799697327497413
"GOBP_MITOTIC_CELL_CYCLE_CHECKPOINT_SIGNALING",2,528.184913859084,0.838475095440742,0.432944014476918,0.799697327497413
"GOBP_NOREPINEPHRINE_SECRETION",2,533.830472284539,0.83617036763907,0.433933772999491,0.799697327497413
"GOBP_ORGANIC_CATION_TRANSPORT",2,536.818065620041,0.834098630405944,0.434827750974257,0.799697327497413
"GOBP_POSITIVE_REGULATION_OF_INTRACELLULAR_TRANSPORT",2,549.622375959441,0.839682715478133,0.432400731405316,0.799697327497413
"GOBP_POSITIVE_REGULATION_OF_MACROAUTOPHAGY",2,563.701814167619,0.835193056701347,0.434326790221529,0.799697327497413
"GOBP_POSITIVE_REGULATION_OF_NATURAL_KILLER_CELL_MEDIATED_IMMUNITY",2,528.894640439288,0.836989891206725,0.433584697768833,0.799697327497413
"GOBP_REGULATION_OF_INCLUSION_BODY_ASSEMBLY",2,561.115480823577,0.837824561299904,0.433191209521196,0.799697327497413
"GOBP_REGULATION_OF_LYMPHOCYTE_DIFFERENTIATION",2,536.483901071547,0.836850874840515,0.433636698365403,0.799697327497413
"GOBP_REGULATION_OF_LYSOSOME_ORGANIZATION",2,536.243799263038,0.836624085169988,0.433735000280848,0.799697327497413
"GOBP_RESPONSE_TO_STEROL",2,552.639062651952,0.836300377403018,0.433858270283572,0.799697327497413
"GOBP_SUPPRESSION_OF_VIRAL_RELEASE_BY_HOST",2,548.707171307171,0.835858939191596,0.434053172427304,0.799697327497413
"GOBP_SYNAPTIC_TRANSMISSION_DOPAMINERGIC",2,566.973980221162,0.835166932334985,0.434335013865795,0.799697327497413
"GOBP_SENSORY_SYSTEM_DEVELOPMENT",2,537.193194990789,0.832963934821758,0.435319507645483,0.800279030379302
"GOBP_COLUMNAR_CUBOIDAL_EPITHELIAL_CELL_DEVELOPMENT",2,539.974266735285,0.832317956175537,0.435597054712741,0.800466626327482
"GOBP_AMYLOID_PRECURSOR_PROTEIN_METABOLIC_PROCESS",2,540.376802871643,0.829405237961134,0.436863358985849,0.800535869961615
"GOBP_COTRANSLATIONAL_PROTEIN_TARGETING_TO_MEMBRANE",2,552.272859079355,0.829803701727293,0.436677914575455,0.800535869961615
"GOBP_EPHRIN_RECEPTOR_SIGNALING_PATHWAY",2,556.849232994611,0.829610403978692,0.436757623234449,0.800535869961615
"GOBP_MONOSACCHARIDE_TRANSMEMBRANE_TRANSPORT",2,531.509877580623,0.830825512617717,0.436254489408086,0.800535869961615
"GOBP_NEGATIVE_REGULATION_OF_NF_KAPPAB_TRANSCRIPTION_FACTOR_ACTIVITY",2,551.131932813577,0.83025712014475,0.436481678058422,0.800535869961615
"GOBP_PYRIDINE_CONTAINING_COMPOUND_BIOSYNTHETIC_PROCESS",2,552.723223980228,0.829386048084596,0.436859344685132,0.800535869961615
"GOBP_RESPONSE_TO_ELECTRICAL_STIMULUS",2,548.934864093319,0.829854398921999,0.436659140830026,0.800535869961615
"GOBP_NEGATIVE_REGULATION_OF_LIPID_BIOSYNTHETIC_PROCESS",2,563.093142148497,0.828188280714855,0.437371391686865,0.801144946780639
"GOBP_NEUROBLAST_PROLIFERATION",2,541.420226675289,0.827448245181503,0.437715451620604,0.801453301823194
"GOBP_REGULATION_OF_HEART_RATE_BY_CARDIAC_CONDUCTION",2,519.692144501229,0.82627031792561,0.438252789409909,0.802115157503449
"GOBP_NEGATIVE_REGULATION_OF_ACTIVIN_RECEPTOR_SIGNALING_PATHWAY",2,527.925077216251,0.825340120096163,0.438650419199739,0.802520883261134
"GOBP_NEGATIVE_REGULATION_OF_SMAD_PROTEIN_SIGNAL_TRANSDUCTION",2,554.264840955107,0.824445846827401,0.439014891647673,0.802865645872108
"GOBP_CARDIAC_MUSCLE_CELL_ACTION_POTENTIAL_INVOLVED_IN_CONTRACTION",2,548.576813801218,0.823824541236453,0.439292484766554,0.803051311831765
"GOBP_MITOTIC_CELL_CYCLE_PHASE_TRANSITION",2,538.181249341761,0.822127011408456,0.440047026097414,0.803464566064974
"GOBP_NEGATIVE_REGULATION_OF_DNA_TEMPLATED_TRANSCRIPTION_ELONGATION",2,557.50808235073,0.822212308236598,0.439990523582387,0.803464566064974
"GOBP_SULFUR_AMINO_ACID_BIOSYNTHETIC_PROCESS",2,559.834539974663,0.822090113914819,0.440041924998537,0.803464566064974
"GOBP_BASEMENT_MEMBRANE_ORGANIZATION",2,536.099082248934,0.820511624530078,0.440758412979241,0.80347686714561
"GOBP_ENDOPLASMIC_RETICULUM_TO_CYTOSOL_TRANSPORT",2,542.879431034134,0.820517994614339,0.440748728708961,0.80347686714561
"GOBP_MAINTENANCE_OF_PROTEIN_LOCATION",2,544.27471528743,0.820961830965197,0.440552344758255,0.80347686714561
"GOBP_MEMBRANE_LIPID_METABOLIC_PROCESS",2,532.376556987144,0.820771492064601,0.440648094511327,0.80347686714561
"GOBP_IMPORT_ACROSS_PLASMA_MEMBRANE",2,527.368413922526,0.819529268552469,0.441199398621701,0.803959431527598
"GOBP_DEVELOPMENTAL_GROWTH_INVOLVED_IN_MORPHOGENESIS",2,554.101462594557,0.818508941217737,0.441621441833324,0.804407107109342
"GOBP_POSITIVE_REGULATION_OF_NUCLEOTIDE_METABOLIC_PROCESS",2,531.811432025718,0.81754066385938,0.44207026066048,0.804688607790152
"GOBP_REGULATION_OF_ANGIOTENSIN_LEVELS_IN_BLOOD",2,553.259677503986,0.817359093745342,0.442128842605157,0.804688607790152
"GOBP_NATURAL_KILLER_CELL_DIFFERENTIATION",2,532.997358716607,0.816212360836008,0.442654824526889,0.805324553118125
"GOBP_PROTEIN_LOCALIZATION_TO_CHROMOSOME",2,538.353216662374,0.815244633355014,0.443076618274537,0.80577051672654
"GOBP_ACTOMYOSIN_STRUCTURE_ORGANIZATION",2,556.243119566395,0.808053638860146,0.446247276425177,0.805940824346894
"GOBP_AROMATIC_AMINO_ACID_TRANSPORT",2,532.032433347186,0.800671203319133,0.449567773046608,0.805940824346894
"GOBP_B_CELL_ACTIVATION",2,528.668986569565,0.80032622121049,0.449725857990825,0.805940824346894
"GOBP_CELLULAR_RESPONSE_TO_CADMIUM_ION",2,559.735326343942,0.80368058670531,0.448194114813905,0.805940824346894
"GOBP_CELLULAR_RESPONSE_TO_ESTRADIOL_STIMULUS",2,567.841891977756,0.800786294884925,0.449482156180999,0.805940824346894
"GOBP_CONNECTIVE_TISSUE_DEVELOPMENT",2,529.046824959747,0.814077838255377,0.443601904901961,0.805940824346894
"GOBP_ENDOSOMAL_TRANSPORT",2,544.547889840973,0.802638890977723,0.448674249149962,0.805940824346894
"GOBP_GDP_METABOLIC_PROCESS",2,563.360121288376,0.805573521778947,0.447345618147718,0.805940824346894
"GOBP_HEME_A_METABOLIC_PROCESS",2,551.604205110632,0.804647299258663,0.447769894987091,0.805940824346894
"GOBP_ICOSANOID_METABOLIC_PROCESS",2,539.476983939465,0.802429629047231,0.448772841662891,0.805940824346894
"GOBP_LATERAL_VENTRICLE_DEVELOPMENT",2,529.189800215653,0.804260736397984,0.447964677246659,0.805940824346894
"GOBP_MEMBRANE_BIOGENESIS",2,551.12875036565,0.808730940350093,0.445950857233346,0.805940824346894
"GOBP_METAPHASE_CHROMOSOME_ALIGNMENT",2,547.22533163467,0.813105686332201,0.444013680420767,0.805940824346894
"GOBP_MUSCLE_CONTRACTION",2,537.722377668081,0.809446423330917,0.445645991011961,0.805940824346894
"GOBP_MYOTUBE_DIFFERENTIATION",2,560.509618878824,0.804931413279593,0.447634743637267,0.805940824346894
"GOBP_NATURAL_KILLER_CELL_ACTIVATION",2,529.878311593392,0.801536576192748,0.449182260881854,0.805940824346894
"GOBP_NEGATIVE_REGULATION_OF_B_CELL_ACTIVATION",2,542.397515751602,0.808262195628844,0.446167811502542,0.805940824346894
"GOBP_NEGATIVE_REGULATION_OF_CARTILAGE_DEVELOPMENT",2,544.600340986414,0.807613661031817,0.446454237614816,0.805940824346894
"GOBP_NEGATIVE_REGULATION_OF_IMMUNE_EFFECTOR_PROCESS",2,534.994453059431,0.813385901672988,0.443901867198036,0.805940824346894
"GOBP_NEGATIVE_REGULATION_OF_MEMBRANE_POTENTIAL",2,599.675017144677,0.804344909840787,0.447862968829153,0.805940824346894
"GOBP_NEGATIVE_REGULATION_OF_PROTEIN_UBIQUITINATION",2,567.502084178879,0.805342624762189,0.447444880774181,0.805940824346894
"GOBP_NEGATIVE_REGULATION_OF_STEM_CELL_POPULATION_MAINTENANCE",2,566.208720782812,0.809324910421042,0.445672776517945,0.805940824346894
"GOBP_POSITIVE_REGULATION_OF_ESTABLISHMENT_OF_PROTEIN_LOCALIZATION_TO_MITOCHONDRION",2,544.551722543899,0.809795745932012,0.445484024824856,0.805940824346894
"GOBP_POSITIVE_REGULATION_OF_NEUTROPHIL_MIGRATION",2,536.3792402532,0.806253044673753,0.447068453185918,0.805940824346894
"GOBP_PROTEIN_DEGLYCOSYLATION",2,558.208626261845,0.800100105644337,0.449798541983855,0.805940824346894
"GOBP_PROTEIN_TRIMERIZATION",2,558.434719528515,0.809619548255821,0.445549011010335,0.805940824346894
"GOBP_REGULATION_OF_AMINO_ACID_TRANSMEMBRANE_TRANSPORT",2,545.950099439247,0.805834048795349,0.447245796079042,0.805940824346894
"GOBP_REGULATION_OF_BROWN_FAT_CELL_DIFFERENTIATION",2,554.727977982992,0.80875614034416,0.445936231765208,0.805940824346894
"GOBP_REGULATION_OF_B_CELL_ACTIVATION",2,533.634643084485,0.811879360584911,0.444570489204143,0.805940824346894
"GOBP_REGULATION_OF_CARDIAC_CONDUCTION",2,543.261675071451,0.803573655003006,0.448257526400823,0.805940824346894
"GOBP_REGULATION_OF_DNA_REPAIR",2,539.409161276657,0.807257964592576,0.446617721158291,0.805940824346894
"GOBP_REGULATION_OF_ENDOPEPTIDASE_ACTIVITY",2,553.871045665878,0.807684953547652,0.446413588414381,0.805940824346894
"GOBP_REGULATION_OF_GAMMA_DELTA_T_CELL_ACTIVATION",2,535.770358136828,0.801598579232745,0.449148529152239,0.805940824346894
"GOBP_REGULATION_OF_MITOTIC_SISTER_CHROMATID_SEGREGATION",2,534.428267237684,0.801438745399216,0.44922145687793,0.805940824346894
"GOBP_REGULATION_OF_MONONUCLEAR_CELL_MIGRATION",2,543.590094543343,0.808913811582968,0.445876864397251,0.805940824346894
"GOBP_REGULATION_OF_NEUROTRANSMITTER_TRANSPORT",2,555.609670223692,0.79967712594918,0.449990696118062,0.805940824346894
"GOBP_REGULATION_OF_SUPEROXIDE_METABOLIC_PROCESS",2,536.111719292208,0.7996750255984,0.450010401858888,0.805940824346894
"GOBP_SERINE_FAMILY_AMINO_ACID_METABOLIC_PROCESS",2,543.040912832412,0.802029675133562,0.4489483342083,0.805940824346894
"GOBP_T_HELPER_17_CELL_DIFFERENTIATION",2,540.133661751914,0.799551893861108,0.450061670601083,0.805940824346894
"GOBP_REGULATION_OF_RESPIRATORY_SYSTEM_PROCESS",2,568.015785400426,0.798676689036773,0.450428563908288,0.806281271579945
"GOBP_ESTABLISHMENT_OF_PROTEIN_LOCALIZATION_TO_CHROMOSOME",2,540.042081222895,0.797151878660741,0.451140021032926,0.807237989772922
"GOBP_AMIDE_METABOLIC_PROCESS",2,516.237951116467,0.794632394875228,0.452299032602711,0.808994465765085
"GOBP_NEGATIVE_REGULATION_OF_LIPOPOLYSACCHARIDE_MEDIATED_SIGNALING_PATHWAY",2,548.499837786335,0.793689431780506,0.45269206199389,0.80938004498398
"GOBP_BONE_REMODELING",2,557.858242039577,0.791279648070452,0.453772460002136,0.809429813128142
"GOBP_LYSOSOMAL_MEMBRANE_ORGANIZATION",2,549.672628661686,0.792133294500353,0.4533939249757,0.809429813128142
"GOBP_NEUROMUSCULAR_PROCESS_CONTROLLING_BALANCE",2,558.355793717425,0.79197672920256,0.453456695969572,0.809429813128142
"GOBP_POSITIVE_REGULATION_OF_PROTEIN_LOCALIZATION_TO_CELL_PERIPHERY",2,553.219930109022,0.791261991287424,0.453784703391506,0.809429813128142
"GOBP_RETINA_MORPHOGENESIS_IN_CAMERA_TYPE_EYE",2,556.323940877245,0.791919659439716,0.453484355415962,0.809429813128142
"GOBP_STEROL_HOMEOSTASIS",2,526.13856243323,0.79168066044717,0.453621647847144,0.809429813128142
"GOBP_CELL_CELL_ADHESION_MEDIATED_BY_CADHERIN",2,545.564937386956,0.787574117880715,0.455463651554388,0.810941017075809
"GOBP_CEREBRAL_CORTEX_DEVELOPMENT",2,548.873116804972,0.78789913650087,0.455312956862817,0.810941017075809
"GOBP_GOLGI_VESICLE_TRANSPORT",2,548.12053031571,0.788424623662875,0.455075148350843,0.810941017075809
"GOBP_MYOBLAST_DIFFERENTIATION",2,549.562575666165,0.78794135456354,0.455293146231593,0.810941017075809
"GOBP_PIGMENT_GRANULE_MATURATION",2,541.054615832086,0.78745750651894,0.455520913340983,0.810941017075809
"GOBP_DNA_INTEGRITY_CHECKPOINT_SIGNALING",2,537.335226854194,0.787016805217986,0.455724720710621,0.810987300492057
"GOBP_PROTEIN_POLY_ADP_RIBOSYLATION",2,534.783306591819,0.785770259216033,0.456293988964123,0.811068508071853
"GOBP_REGULATION_OF_T_CELL_RECEPTOR_SIGNALING_PATHWAY",2,534.437572788877,0.785749363755109,0.456303835060814,0.811068508071853
"GOBP_RESPONSE_TO_VIRUS",2,543.841656158607,0.785873517002977,0.456238271461018,0.811068508071853
"GOBP_ALPHA_LINOLENIC_ACID_METABOLIC_PROCESS",2,523.730503120703,0.783910060420817,0.457152130105467,0.811311620782504
"GOBP_MITOTIC_CYTOKINETIC_PROCESS",2,550.164875950301,0.78433006342056,0.456935049425703,0.811311620782504
"GOBP_PROTEIN_FOLDING",2,540.431016538854,0.784076307061217,0.457059848388327,0.811311620782504
"GOBP_REGULATION_OF_VASCULAR_ENDOTHELIAL_GROWTH_FACTOR_RECEPTOR_SIGNALING_PATHWAY",2,554.718730603718,0.784314065612776,0.456938160252307,0.811311620782504
"GOBP_VASOCONSTRICTION",2,533.76894347097,0.782112953260063,0.457961946510657,0.812432686905915
"GOBP_AMINO_SUGAR_METABOLIC_PROCESS",2,548.050765992504,0.7799021670575,0.458958984778348,0.812666935458546
"GOBP_BRANCHING_INVOLVED_IN_MAMMARY_GLAND_DUCT_MORPHOGENESIS",2,526.954628268729,0.779500704640745,0.459163054741651,0.812666935458546
"GOBP_NEGATIVE_REGULATION_OF_LYMPHOCYTE_DIFFERENTIATION",2,545.229954612434,0.780114631905642,0.458864385377431,0.812666935458546
"GOBP_NEGATIVE_REGULATION_OF_TELOMERE_MAINTENANCE_VIA_TELOMERASE",2,551.903483159694,0.779511995471522,0.459134043966565,0.812666935458546
"GOBP_POLYOL_BIOSYNTHETIC_PROCESS",2,525.377763731994,0.779806537924628,0.45902464664925,0.812666935458546
"GOBP_POSITIVE_REGULATION_OF_NUCLEOTIDE_CATABOLIC_PROCESS",2,554.251426210855,0.781308573782724,0.458310096883856,0.812666935458546
"GOBP_MICROTUBULE_POLYMERIZATION_OR_DEPOLYMERIZATION",2,547.524489484303,0.77886828146367,0.459432881031708,0.812829080832281
"GOBP_ARTERY_MORPHOGENESIS",2,531.934433832349,0.778379158019501,0.459671868251519,0.81283274949337
"GOBP_GLYCOSIDE_METABOLIC_PROCESS",2,542.658307842249,0.776930516435036,0.460326023227664,0.81283274949337
"GOBP_POSITIVE_REGULATION_OF_PHOSPHOLIPID_METABOLIC_PROCESS",2,567.405678384677,0.777104504852441,0.460223912483295,0.81283274949337
"GOBP_REGULATION_OF_SMOOTH_MUSCLE_CELL_DIFFERENTIATION",2,551.638520287986,0.777164317232489,0.460210411400546,0.81283274949337
"GOBP_RESPONSE_TO_GONADOTROPIN",2,541.336723670246,0.777898662566552,0.459883095264633,0.81283274949337
"GOBP_REGULATION_OF_GLIAL_CELL_APOPTOTIC_PROCESS",2,539.876072381306,0.776287477668377,0.460623906591365,0.813043977539944
"GOBP_RANDOM_INACTIVATION_OF_X_CHROMOSOME",2,550.332637137271,0.773872880163628,0.461724584552133,0.814671501022157
"GOBP_REGULATION_OF_CELL_CELL_ADHESION",2,540.263898078086,0.772488643890939,0.462371678126463,0.815497766409435
"GOBP_CARDIAC_CHAMBER_DEVELOPMENT",2,522.410896463389,0.77125816662924,0.462956694939155,0.816213948827787
"GOBP_NEGATIVE_REGULATION_OF_OSTEOBLAST_DIFFERENTIATION",2,522.111006099038,0.769291039152387,0.463865903798911,0.817500922421496
"GOBP_CELLULAR_RESPONSE_TO_GONADOTROPIN_STIMULUS",2,535.008097500783,0.767411276522706,0.464723530287572,0.817853538988144
"GOBP_NEGATIVE_REGULATION_OF_AUTOPHAGY_OF_MITOCHONDRION",2,556.012739269718,0.767689273118436,0.46457546524335,0.817853538988144
"GOBP_NEGATIVE_REGULATION_OF_DNA_BINDING_TRANSCRIPTION_FACTOR_ACTIVITY",2,544.86275506385,0.766907893384274,0.464947644153791,0.817853538988144
"GOBP_POSITIVE_REGULATION_OF_ALPHA_BETA_T_CELL_ACTIVATION",2,535.452224682535,0.766894679468401,0.464962557903148,0.817853538988144
"GOBP_PROTEIN_PROCESSING",2,545.171404144688,0.768283597799416,0.464309964368404,0.817853538988144
"GOBP_REGULATION_OF_MYELOID_CELL_APOPTOTIC_PROCESS",2,539.771846261194,0.76646789201448,0.465156404863814,0.817879091204262
"GOBP_NEGATIVE_REGULATION_OF_B_CELL_MEDIATED_IMMUNITY",2,525.143846252663,0.765712480064929,0.465520958237309,0.818146732117989
"GOBP_REGULATION_OF_SODIUM_ION_TRANSMEMBRANE_TRANSPORT",2,541.557638637787,0.765363303862778,0.465667379210327,0.818146732117989
"GOBP_ALTERNATIVE_MRNA_SPLICING_VIA_SPLICEOSOME",2,556.721859431095,0.763692421528306,0.466430278723233,0.818538364184861
"GOBP_AMYLOID_BETA_CLEARANCE",2,533.536692146371,0.763355553612909,0.466608144459688,0.818538364184861
"GOBP_NEUTROPHIL_MEDIATED_CYTOTOXICITY",2,538.915592078747,0.763771856262884,0.466409418276634,0.818538364184861
"GOBP_POSITIVE_REGULATION_OF_TYPE_II_INTERFERON_PRODUCTION",2,524.657438345527,0.763790843934793,0.466414255822314,0.818538364184861
"GOBP_REGULATION_OF_SYNAPSE_ASSEMBLY",2,553.088008153935,0.762879563978623,0.466811731054417,0.818580663336869
"GOBP_CAMP_PKA_SIGNAL_TRANSDUCTION",2,540.225041964966,0.760783010508939,0.467800371958818,0.818860464795341
"GOBP_CHEMICAL_SYNAPTIC_TRANSMISSION_POSTSYNAPTIC",2,571.610532959861,0.759108756234625,0.468554700209316,0.818860464795341
"GOBP_NEUROMUSCULAR_PROCESS",2,545.138974094958,0.761426447765475,0.467495808121985,0.818860464795341
"GOBP_PHARYNGEAL_SYSTEM_DEVELOPMENT",2,541.081826543375,0.760050414337421,0.468141453785599,0.818860464795341
"GOBP_POSITIVE_REGULATION_OF_ADAPTIVE_IMMUNE_RESPONSE",2,535.759311283878,0.758821341184931,0.468720511800074,0.818860464795341
"GOBP_POSITIVE_REGULATION_OF_PROTEIN_SUMOYLATION",2,545.493180639696,0.758703486169672,0.468766646257539,0.818860464795341
"GOBP_POSITIVE_REGULATION_OF_RAS_PROTEIN_SIGNAL_TRANSDUCTION",2,531.872406423985,0.76014121487877,0.468107690197537,0.818860464795341
"GOBP_POSITIVE_REGULATION_OF_TORC1_SIGNALING",2,553.034019379639,0.758924469165032,0.468656633011746,0.818860464795341
"GOBP_PROSTATE_GLAND_MORPHOGENESIS",2,543.635250334629,0.760496235292717,0.467931037142024,0.818860464795341
"GOBP_PROTEIN_QUALITY_CONTROL_FOR_MISFOLDED_OR_INCOMPLETELY_SYNTHESIZED_PROTEINS",2,547.247053938533,0.760143242716813,0.468092510094069,0.818860464795341
"GOBP_THYMUS_DEVELOPMENT",2,549.435476793641,0.756885129463209,0.46961391498009,0.820026441892875
"GOBP_TRANSLESION_SYNTHESIS",2,538.119357695226,0.756235454896768,0.46992851976084,0.820261759904015
"GOBP_PROSTANOID_BIOSYNTHETIC_PROCESS",2,562.798048694534,0.755174588040316,0.470404137034776,0.820777838185009
"GOBP_MYELOID_DENDRITIC_CELL_ACTIVATION",2,534.32394400859,0.754421859849024,0.470782686599128,0.821124219341729
"GOBP_COLLAGEN_CATABOLIC_PROCESS",2,544.864773388556,0.7533878151915,0.471258728750585,0.821198334693836
"GOBP_HYDROGEN_PEROXIDE_BIOSYNTHETIC_PROCESS",2,558.629039387155,0.753335090228096,0.471271457222251,0.821198334693836
"GOBP_REGULATION_OF_PROTEIN_BINDING",2,553.334038516067,0.753129150786607,0.47137282293333,0.821198334693836
"GOBP_SKELETAL_SYSTEM_MORPHOGENESIS",2,533.349112244685,0.75280050569668,0.471545371314001,0.821198334693836
"GOBP_PROTEIN_AUTO_ADP_RIBOSYLATION",2,527.473412365678,0.751987552135208,0.471933345003067,0.821560300213355
"GOBP_C4_DICARBOXYLATE_TRANSPORT",2,524.138108068171,0.750486270649189,0.472643565786688,0.822082448017315
"GOBP_EXTRACELLULAR_MATRIX_ASSEMBLY",2,556.688323248109,0.749764609723595,0.472954252049427,0.822082448017315
"GOBP_PHOTOTRANSDUCTION_VISIBLE_LIGHT",2,551.11798709919,0.749848046496631,0.472919708430699,0.822082448017315
"GOBP_REPLACEMENT_OSSIFICATION",2,548.536491564803,0.750341621808938,0.472689242197912,0.822082448017315
"GOBP_ENDOSOMAL_LUMEN_ACIDIFICATION",2,548.082637884931,0.74893812254217,0.473351715456026,0.822224881681237
"GOBP_POSITIVE_REGULATION_OF_STRIATED_MUSCLE_CELL_DIFFERENTIATION",2,557.58129939897,0.748825331216115,0.473396741787969,0.822224881681237
"GOBP_NEGATIVE_REGULATION_OF_CELLULAR_RESPONSE_TO_INSULIN_STIMULUS",2,564.121377405493,0.748364459904588,0.473608887013592,0.822280218374188
"GOBP_NEGATIVE_REGULATION_OF_MONOATOMIC_ION_TRANSMEMBRANE_TRANSPORT",2,555.88045949613,0.747972450654651,0.473801032417686,0.822300802457027
"GOBP_ERBB2_SIGNALING_PATHWAY",2,532.394223440113,0.745473660659627,0.475004134020876,0.823982038219861
"GOBP_NEGATIVE_REGULATION_OF_LEUKOCYTE_MEDIATED_IMMUNITY",2,531.03486350266,0.745208407568314,0.475131059091917,0.823982038219861
"GOBP_NEGATIVE_REGULATION_OF_LIPID_CATABOLIC_PROCESS",2,562.451574582662,0.743781534469209,0.475780010492226,0.824793853232628
"GOBP_MATERNAL_PROCESS_INVOLVED_IN_FEMALE_PREGNANCY",2,575.919262007096,0.740888511356054,0.477143960020074,0.825431708779775
"GOBP_NEGATIVE_REGULATION_OF_RESPONSE_TO_EXTERNAL_STIMULUS",2,542.659099190538,0.740613493997456,0.477302627192654,0.825431708779775
"GOBP_POSITIVE_REGULATION_OF_AUTOPHAGOSOME_ASSEMBLY",2,554.265312087166,0.74216355718663,0.476555271557475,0.825431708779775
"GOBP_POSITIVE_REGULATION_OF_BMP_SIGNALING_PATHWAY",2,569.181851877387,0.739574305209198,0.477775180529018,0.825431708779775
"GOBP_POSITIVE_REGULATION_OF_NON_CANONICAL_NF_KAPPAB_SIGNAL_TRANSDUCTION",2,549.881243920471,0.739477142389977,0.477837540696863,0.825431708779775
"GOBP_POSITIVE_REGULATION_OF_RECEPTOR_SIGNALING_PATHWAY_VIA_STAT",2,543.199279469982,0.742505921274229,0.476402198546084,0.825431708779775
"GOBP_PYRIMIDINE_NUCLEOSIDE_DIPHOSPHATE_METABOLIC_PROCESS",2,558.869758482409,0.739209030851104,0.477957716046346,0.825431708779775
"GOBP_REGULATION_OF_NEUROTRANSMITTER_SECRETION",2,555.237904497362,0.739507838722961,0.477818344170467,0.825431708779775
"GOBP_RESPONSE_TO_ENDOPLASMIC_RETICULUM_STRESS",2,545.260081432467,0.741597072975455,0.476832373856111,0.825431708779775
"GOBP_SPERM_CAPACITATION",2,538.831068081847,0.739603898735339,0.477786849954764,0.825431708779775
"GOBP_MITOCHONDRIAL_DEPOLARIZATION",2,561.361918133988,0.738541499610945,0.47827396727847,0.825665240256284
"GOBP_NEGATIVE_REGULATION_BY_HOST_OF_VIRAL_GENOME_REPLICATION",2,523.731511605156,0.737147834615735,0.478972426459906,0.826177252754935
"GOBP_POSITIVE_REGULATION_OF_ORGANELLE_ORGANIZATION",2,546.710886927918,0.736807992266338,0.479113973588424,0.826177252754935
"GOBP_RESPONSE_TO_IMMOBILIZATION_STRESS",2,538.741383190051,0.736885900208126,0.479083762042658,0.826177252754935
"GOBP_REGULATION_OF_PROTEIN_STABILITY",2,547.212137648519,0.735864279273428,0.479564683729635,0.826641920820433
"GOBP_INTRINSIC_APOPTOTIC_SIGNALING_PATHWAY_IN_RESPONSE_TO_HYPOXIA",2,530.470613483003,0.734941764004627,0.480021005662097,0.827115907376208
"GOBP_POSITIVE_REGULATION_OF_MAP_KINASE_ACTIVITY",2,538.229225192537,0.733815018836752,0.480553670516412,0.827414456350301
"GOBP_REGULATION_OF_EXTENT_OF_CELL_GROWTH",2,560.844455038499,0.733767576587233,0.480557091618493,0.827414456350301
"GOBP_REGULATION_OF_ADENYLATE_CYCLASE_ACTIVATING_G_PROTEIN_COUPLED_RECEPTOR_SIGNALING_PATHWAY",2,547.985787687951,0.73140923282183,0.481699531494783,0.828755776366543
"GOBP_REGULATION_OF_MEMBRANE_LIPID_DISTRIBUTION",2,529.117214212814,0.731698623666393,0.481577240725336,0.828755776366543
"GOBP_MRNA_CIS_SPLICING_VIA_SPLICEOSOME",2,551.466805999598,0.730114295568763,0.482319093638009,0.82950881828166
"GOBP_RESPONSE_TO_INTERLEUKIN_4",2,548.675346455259,0.729280419848785,0.482722753319145,0.829890116053004
"GOBP_NEGATIVE_REGULATION_OF_MACROAUTOPHAGY",2,560.137857764081,0.72782847540844,0.483412772228325,0.830028920426202
"GOBP_REGULATION_OF_LEUKOCYTE_PROLIFERATION",2,534.30655124071,0.7276280670136,0.483531427663324,0.830028920426202
"GOBP_REGULATION_OF_NUCLEAR_TRANSCRIBED_MRNA_CATABOLIC_PROCESS_DEADENYLATION_DEPENDENT_DECAY",2,542.667794016835,0.72796062645527,0.48336372822699,0.830028920426202
"GOBP_REGULATION_OF_SECRETION",2,538.046064647086,0.727775251364868,0.483457139080372,0.830028920426202
"GOBP_ENDOPLASMIC_RETICULUM_MEMBRANE_ORGANIZATION",2,548.971447267443,0.726013314942338,0.484298002579165,0.831032050324895
"GOBP_NEGATIVE_REGULATION_OF_TRANSPORT",2,540.637658023333,0.725085966367557,0.484753269723091,0.83150043746033
"GOBP_POSITIVE_REGULATION_OF_OSTEOCLAST_DIFFERENTIATION",2,543.536569636275,0.724075846167826,0.485239365048748,0.832021332326067
"GOBP_NLS_BEARING_PROTEIN_IMPORT_INTO_NUCLEUS",2,541.826784682271,0.723163690297657,0.485682473836737,0.832468156020052
"GOBP_CELL_COMMUNICATION_INVOLVED_IN_CARDIAC_CONDUCTION",2,555.075317302633,0.720674606294506,0.486878562803356,0.832905019544078
"GOBP_MEIOTIC_CHROMOSOME_SEGREGATION",2,535.052706246187,0.719850303920982,0.48729598714703,0.832905019544078
"GOBP_POSITIVE_REGULATION_OF_VACUOLE_ORGANIZATION",2,551.683634411181,0.719610716627705,0.48739826730172,0.832905019544078
"GOBP_PROTEIN_DENEDDYLATION",2,553.953027462791,0.721951776701961,0.486259664545288,0.832905019544078
"GOBP_PROTEIN_K6_LINKED_UBIQUITINATION",2,554.180441394547,0.720009028938143,0.487202618780931,0.832905019544078
"GOBP_REGULATION_OF_CD4_POSITIVE_ALPHA_BETA_T_CELL_ACTIVATION",2,525.239976726849,0.720576959956461,0.486951765641134,0.832905019544078
"GOBP_REGULATION_OF_TELOMERE_MAINTENANCE_VIA_TELOMERASE",2,552.999081721208,0.71973651598347,0.48733603155846,0.832905019544078
"GOBP_RESPONSE_TO_ORGANOPHOSPHORUS",2,534.125330351028,0.721828276924053,0.486336485772326,0.832905019544078
"GOBP_APOPTOTIC_PROCESS_INVOLVED_IN_MORPHOGENESIS",2,560.253182576104,0.718397971644148,0.487981218438328,0.833588890373488
"GOBP_REGULATION_OF_ACUTE_INFLAMMATORY_RESPONSE_TO_ANTIGENIC_STIMULUS",2,534.677220375523,0.717961850768296,0.488214950460364,0.83367592251955
"GOBP_POSITIVE_REGULATION_OF_B_CELL_MEDIATED_IMMUNITY",2,562.810263506221,0.71741183857772,0.488459407065612,0.83378119596791
"GOBP_NEGATIVE_REGULATION_OF_CELL_CYCLE_G1_S_PHASE_TRANSITION",2,551.246141869439,0.716427466798023,0.488948568641686,0.833991930282247
"GOBP_REGULATION_OF_MRNA_PROCESSING",2,557.689122970326,0.716618327260093,0.488850255183285,0.833991930282247
"GOBP_ORGANOPHOSPHATE_ESTER_TRANSPORT",2,520.638625027624,0.715843146448517,0.489260255707367,0.834211598609832
"GOBP_POSITIVE_REGULATION_OF_NATURAL_KILLER_CELL_MEDIATED_CYTOTOXICITY",2,523.404648669565,0.71513084254682,0.489605393631253,0.834488116723522
"GOBP_ADHESION_OF_SYMBIONT_TO_HOST",2,560.70554625434,0.713209803866274,0.490512681352571,0.835262311265728
"GOBP_ANTIGEN_PROCESSING_AND_PRESENTATION_OF_PEPTIDE_OR_POLYSACCHARIDE_ANTIGEN_VIA_MHC_CLASS_II",2,526.494466115456,0.712323273279114,0.490975393743195,0.835262311265728
"GOBP_CELL_CYCLE_PHASE_TRANSITION",2,536.959039634758,0.713405781550523,0.490436423688655,0.835262311265728
"GOBP_CRD_MEDIATED_MRNA_STABILIZATION",2,567.293466562464,0.712583617513504,0.490814005933012,0.835262311265728
"GOBP_POSITIVE_REGULATION_OF_PROTEIN_SECRETION",2,542.885039056612,0.712040972526864,0.491099414177796,0.835262311265728
"GOBP_REGULATION_OF_UNSATURATED_FATTY_ACID_BIOSYNTHETIC_PROCESS",2,558.863961260931,0.711893860752199,0.491158412368928,0.835262311265728
"GOBP_MICROTUBULE_DEPOLYMERIZATION",2,546.983942691685,0.711284892639952,0.491466473039514,0.835474686370937
"GOBP_POSITIVE_REGULATION_OF_DEVELOPMENTAL_GROWTH",2,534.438250552548,0.710746621891585,0.491741023334295,0.835629958058017
"GOBP_NEGATIVE_REGULATION_OF_RESPONSE_TO_NUTRIENT_LEVELS",2,581.659301169848,0.7083921435331,0.492859663246349,0.837218966132812
"GOBP_NEGATIVE_REGULATION_OF_SMOOTH_MUSCLE_CELL_MIGRATION",2,553.170003113692,0.706513758635012,0.493805814772199,0.837357432775615
"GOBP_ONE_CARBON_METABOLIC_PROCESS",2,532.650359144756,0.707241542671635,0.49346460654577,0.837357432775615
"GOBP_POSITIVE_REGULATION_OF_LIPOPOLYSACCHARIDE_MEDIATED_SIGNALING_PATHWAY",2,533.988810816579,0.707257444173216,0.493455623123613,0.837357432775615
"GOBP_REGULATION_OF_AXON_EXTENSION_INVOLVED_IN_AXON_GUIDANCE",2,534.292627957422,0.70611851435277,0.494016207929279,0.837357432775615
"GOBP_REGULATION_OF_FATTY_ACID_BIOSYNTHETIC_PROCESS",2,559.588636887049,0.706022565136627,0.494042721245161,0.837357432775615
"GOBP_REGULATION_OF_STRESS_ACTIVATED_PROTEIN_KINASE_SIGNALING_CASCADE",2,541.42377654357,0.706485770063374,0.493829234266678,0.837357432775615
"GOBP_ADENYLATE_CYCLASE_MODULATING_G_PROTEIN_COUPLED_RECEPTOR_SIGNALING_PATHWAY",2,548.496678220035,0.702332373710137,0.495873417184087,0.837379677911341
"GOBP_EARLY_ENDOSOME_TO_GOLGI_TRANSPORT",2,530.067134968278,0.702642975558918,0.49573527547252,0.837379677911341
"GOBP_NEGATIVE_REGULATION_OF_WNT_SIGNALING_PATHWAY",2,556.631503080686,0.702282073175406,0.4958918022448,0.837379677911341
"GOBP_NUCLEAR_CHROMOSOME_SEGREGATION",2,536.329781321883,0.70526462713325,0.494435367659467,0.837379677911341
"GOBP_POSITIVE_REGULATION_OF_MUSCLE_CELL_DIFFERENTIATION",2,549.637662539432,0.702345416114016,0.49586604376011,0.837379677911341
"GOBP_POSITIVE_REGULATION_OF_NOTCH_SIGNALING_PATHWAY",2,532.413412876932,0.704441701515924,0.494844707217373,0.837379677911341
"GOBP_REGULATION_OF_GLIAL_CELL_MIGRATION",2,527.584642628598,0.704141056503953,0.494997313653124,0.837379677911341
"GOBP_SECONDARY_ALCOHOL_METABOLIC_PROCESS",2,541.054812935934,0.705189063183549,0.494468642593116,0.837379677911341
"GOBP_TRANSCRIPTION_COUPLED_NUCLEOTIDE_EXCISION_REPAIR",2,549.920962892524,0.703761015171555,0.495166152416737,0.837379677911341
"GOBP_T_CELL_CHEMOTAXIS",2,546.83907537392,0.70250116193318,0.49579128802361,0.837379677911341
"GOBP_HEMATOPOIETIC_PROGENITOR_CELL_DIFFERENTIATION",2,548.308031982088,0.699981786729451,0.497037554611647,0.839003807025804
"GOBP_MITOCHONDRIAL_ELECTRON_TRANSPORT_NADH_TO_UBIQUINONE",2,543.155629351697,0.698989429289349,0.497533973063485,0.83953105850631
"GOBP_CARDIAC_ATRIUM_DEVELOPMENT",2,520.624910182455,0.695484993878411,0.499295301945686,0.839620309434657
"GOBP_CELL_JUNCTION_ASSEMBLY",2,536.897759400339,0.695190968574743,0.499427735035349,0.839620309434657
"GOBP_EYE_PHOTORECEPTOR_CELL_DIFFERENTIATION",2,547.346869537729,0.696664226790082,0.498685813860812,0.839620309434657
"GOBP_LYMPH_NODE_DEVELOPMENT",2,542.574697588869,0.695818636933119,0.499110474830832,0.839620309434657
"GOBP_MOTOR_BEHAVIOR",2,544.601203303858,0.695187664914659,0.499423043434536,0.839620309434657
"GOBP_NEGATIVE_REGULATION_OF_CALCIUM_MEDIATED_SIGNALING",2,528.187355731863,0.69603054175823,0.499017087395028,0.839620309434657
"GOBP_POSITIVE_REGULATION_OF_CATABOLIC_PROCESS",2,551.792233162425,0.696674090872362,0.498677356849436,0.839620309434657
"GOBP_POSITIVE_REGULATION_OF_STEROID_BIOSYNTHETIC_PROCESS",2,542.0158860211,0.695396823889677,0.499320969130331,0.839620309434657
"GOBP_REGULATION_OF_CELLULAR_RESPONSE_TO_VASCULAR_ENDOTHELIAL_GROWTH_FACTOR_STIMULUS",2,543.896774033687,0.697144706810652,0.498449669112086,0.839620309434657
"GOBP_TISSUE_HOMEOSTASIS",2,540.04983709492,0.695447995377437,0.499297100582814,0.839620309434657
"GOBP_FACE_MORPHOGENESIS",2,563.875473281833,0.69457460576729,0.499713452311519,0.839791103903035
"GOBP_REGULATION_OF_ORGAN_GROWTH",2,548.790274953504,0.694081227266221,0.499971157529152,0.839914714361129
"GOBP_AMINO_SUGAR_CATABOLIC_PROCESS",2,555.151633642485,0.693655622010516,0.50017844788075,0.839953571717269
"GOBP_IMMUNE_RESPONSE_REGULATING_CELL_SURFACE_RECEPTOR_SIGNALING_PATHWAY_INVOLVED_IN_PHAGOCYTOSIS",2,548.416078231315,0.692984588559372,0.500518660027265,0.840215534922472
"GOBP_LOCOMOTORY_EXPLORATION_BEHAVIOR",2,547.818451774161,0.690724782764452,0.501648635395675,0.841492984935517
"GOBP_REGULATION_OF_MOTOR_NEURON_APOPTOTIC_PROCESS",2,548.8355247043,0.690874809280532,0.501572762605714,0.841492984935517
"GOBP_NEGATIVE_REGULATION_OF_AUTOPHAGY",2,550.364154153209,0.689746729892412,0.50213626947834,0.842001295989231
"GOBP_RESPONSE_TO_ISCHEMIA",2,548.160790708196,0.689052313479215,0.50248594687967,0.842053367106457
"GOBP_TRANSMISSION_OF_NERVE_IMPULSE",2,554.812981657364,0.688940959947754,0.502536563311505,0.842053367106457
"GOBP_ALPHA_BETA_T_CELL_ACTIVATION",2,523.897240989296,0.688244390030737,0.502911120551924,0.842371509672173
"GOBP_CELLULAR_RESPONSE_TO_MURAMYL_DIPEPTIDE",2,551.233891288215,0.687750708901021,0.503136357657322,0.842439400614922
"GOBP_SPHINGOLIPID_METABOLIC_PROCESS",2,536.901868042466,0.686352460647865,0.503850062821544,0.84332482074461
"GOBP_BRANCHED_CHAIN_AMINO_ACID_TRANSPORT",2,568.201935635241,0.68433044118029,0.504843111057557,0.844057708773284
"GOBP_NEGATIVE_REGULATION_OF_INTERLEUKIN_10_PRODUCTION",2,548.344053583165,0.684374618731287,0.504835883106077,0.844057708773284
"GOBP_SMOOTH_MUSCLE_CONTRACTION",2,536.100511867501,0.68479400164074,0.504634557951325,0.844057708773284
"GOBP_GLYCEROPHOSPHOLIPID_BIOSYNTHETIC_PROCESS",2,529.64413981157,0.68387579075591,0.50510230375311,0.844181607701698
"GOBP_POSITIVE_REGULATION_OF_CARTILAGE_DEVELOPMENT",2,536.35304515394,0.68260022470289,0.50573979987086,0.844937445864832
"GOBP_BIOLOGICAL_PROCESS_INVOLVED_IN_SYMBIOTIC_INTERACTION",2,557.420366030151,0.681283454443021,0.506387982833792,0.845085546629598
"GOBP_HEPATOCYTE_APOPTOTIC_PROCESS",2,548.661466819145,0.679534082890916,0.507279144360904,0.845085546629598
"GOBP_MIDBRAIN_DEVELOPMENT",2,539.33573509285,0.681705483310063,0.506188942220704,0.845085546629598
"GOBP_NEGATIVE_REGULATION_OF_ACTIN_FILAMENT_POLYMERIZATION",2,545.058652620944,0.67981904537422,0.507137780873215,0.845085546629598
"GOBP_NEGATIVE_REGULATION_OF_LEUKOCYTE_CELL_CELL_ADHESION",2,541.262144781869,0.679483165315269,0.507310727180846,0.845085546629598
"GOBP_POSITIVE_REGULATION_OF_EPITHELIAL_TO_MESENCHYMAL_TRANSITION",2,540.501629065268,0.680511612345836,0.506791167552345,0.845085546629598
"GOBP_REGULATION_OF_ERAD_PATHWAY",2,556.299317197049,0.680472244378555,0.50679878024288,0.845085546629598
"GOBP_SMOOTH_MUSCLE_CELL_DIFFERENTIATION",2,556.43643103804,0.681336622599168,0.50636186873894,0.845085546629598
"GOBP_REGULATED_EXOCYTOSIS",2,550.56822624626,0.678832668195695,0.507632731139727,0.845313211656917
"GOBP_SECONDARY_METABOLIC_PROCESS",2,545.217904969134,0.677958082800925,0.50807994977233,0.845749142668467
"GOBP_REGULATION_OF_NEUROBLAST_PROLIFERATION",2,528.189867127666,0.676921908792548,0.508619109862525,0.846337745378686
"GOBP_NEGATIVE_REGULATION_OF_NEURON_PROJECTION_DEVELOPMENT",2,536.775319883705,0.675928909872161,0.509116107405041,0.846855786241572
"GOBP_PHOSPHATIDYLETHANOLAMINE_ACYL_CHAIN_REMODELING",2,523.374000516978,0.67501838380885,0.509589755848623,0.847334625018436
"GOBP_PROSTANOID_METABOLIC_PROCESS",2,544.782766691286,0.674554852913071,0.509808053654045,0.847388678103534
"GOBP_NEGATIVE_REGULATION_OF_ERK1_AND_ERK2_CASCADE",2,576.822736043264,0.67325231303883,0.510447375248183,0.848142250822209
"GOBP_GLUCOSAMINE_CONTAINING_COMPOUND_METABOLIC_PROCESS",2,554.489906592031,0.671729746691153,0.511239402590055,0.849148913041967
"GOBP_G_PROTEIN_COUPLED_RECEPTOR_SIGNALING_PATHWAY_COUPLED_TO_CYCLIC_NUCLEOTIDE_SECOND_MESSENGER",2,555.076758346003,0.669637311847794,0.512307234121102,0.850612775692154
"GOBP_REGULATION_OF_HORMONE_LEVELS",2,530.730126860409,0.669296274197627,0.512500470131407,0.850623960796705
"GOBP_MITOTIC_SISTER_CHROMATID_COHESION",2,550.551238811729,0.665535413066673,0.514411282429516,0.851262790221543
"GOBP_MULTIVESICULAR_BODY_LYSOSOME_FUSION",2,556.003348763637,0.666815239803574,0.513750877945918,0.851262790221543
"GOBP_NEGATIVE_REGULATION_OF_MUSCLE_HYPERTROPHY",2,559.35519540493,0.665820791645389,0.51425835860074,0.851262790221543
"GOBP_NK_T_CELL_ACTIVATION",2,540.05648864403,0.666784562682544,0.513778692725167,0.851262790221543
"GOBP_POSITIVE_REGULATION_OF_VASCULAR_ASSOCIATED_SMOOTH_MUSCLE_CELL_MIGRATION",2,551.682884513352,0.665234031793926,0.514565120070334,0.851262790221543
"GOBP_PROTEIN_COMPLEX_OLIGOMERIZATION",2,542.659384854162,0.665520657649154,0.514424853656517,0.851262790221543
"GOBP_RECEPTOR_CLUSTERING",2,555.519429405792,0.66552818693935,0.514411301293463,0.851262790221543
"GOBP_REGULATION_OF_CYCLIN_DEPENDENT_PROTEIN_SERINE_THREONINE_KINASE_ACTIVITY",2,538.713112103357,0.665976503851637,0.514194050651517,0.851262790221543
"GOBP_REGULATION_OF_NATURAL_KILLER_CELL_MEDIATED_IMMUNITY",2,529.993443549006,0.666350182810828,0.514009363984804,0.851262790221543
"GOBP_ENERGY_RESERVE_METABOLIC_PROCESS",2,533.434833899228,0.663734601596776,0.515349428193494,0.85126297019024
"GOBP_MAMMARY_GLAND_DEVELOPMENT",2,524.323684342557,0.663459129830445,0.515498426587468,0.85126297019024
"GOBP_PROTEIN_HYDROXYLATION",2,547.653498094659,0.664221215638072,0.515088310802103,0.85126297019024
"GOBP_REGULATION_OF_CANONICAL_WNT_SIGNALING_PATHWAY",2,548.385374730316,0.663854252071317,0.515276355088947,0.85126297019024
"GOBP_SUBTELOMERIC_HETEROCHROMATIN_FORMATION",2,546.749341961513,0.663634073666178,0.515390780823083,0.85126297019024
"GOBP_MEMBRANE_RAFT_ORGANIZATION",2,550.902814246173,0.661791473318709,0.516335906350228,0.851412895467603
"GOBP_NEGATIVE_REGULATION_OF_MICROTUBULE_DEPOLYMERIZATION",2,537.924281197362,0.661838182323463,0.516321720037688,0.851412895467603
"GOBP_POSITIVE_REGULATION_OF_NERVOUS_SYSTEM_PROCESS",2,538.965654721998,0.661850371952517,0.516314632031375,0.851412895467603
"GOBP_POSITIVE_REGULATION_OF_PLATELET_AGGREGATION",2,537.664692216199,0.662033158415633,0.516221508967584,0.851412895467603
"GOBP_CARBOHYDRATE_PHOSPHORYLATION",2,546.119893094186,0.661239135612411,0.516624072801098,0.851580193728156
"GOBP_CHROMOSOME_SEGREGATION",2,536.329662397505,0.659983391392953,0.517279167028676,0.852351980064232
"GOBP_PROTON_MOTIVE_FORCE_DRIVEN_ATP_SYNTHESIS",2,545.308705087351,0.659278664902924,0.517636055605766,0.852632015029938
"GOBP_NEGATIVE_REGULATION_OF_ESTABLISHMENT_OF_PROTEIN_LOCALIZATION",2,543.788472793313,0.658404161908614,0.51808898341716,0.852762126801034
"GOBP_SERTOLI_CELL_DEVELOPMENT",2,583.29476864483,0.658646809066313,0.517935690608657,0.852762126801034
"GOBP_REGULATION_OF_MICROTUBULE_DEPOLYMERIZATION",2,539.96387235008,0.657590198768274,0.518512752609436,0.853151754924833
"GOBP_PEPTIDE_TRANSPORT",2,540.073411417215,0.656751308493822,0.518946769508976,0.8535579573496
"GOBP_NEGATIVE_REGULATION_OF_ADAPTIVE_IMMUNE_RESPONSE",2,540.853557282305,0.654647841974962,0.520036262486217,0.855041598125319
"GOBP_POSITIVE_REGULATION_OF_MONOCYTE_CHEMOTAXIS",2,551.516331925782,0.654213695075721,0.520253604132632,0.855090698540156
"GOBP_REGULATION_OF_MUSCLE_CELL_DIFFERENTIATION",2,548.737764270669,0.653834087404861,0.520452702697783,0.855109789987244
"GOBP_PROTEIN_LOCALIZATION_TO_EARLY_ENDOSOME",2,558.472588816054,0.653273139911058,0.520736999757708,0.855268799385995
"GOBP_ACTIN_FILAMENT_BASED_MOVEMENT",2,555.700414291412,0.643227749354562,0.525984068305822,0.856476756617105
"GOBP_ADENYLATE_CYCLASE_INHIBITING_G_PROTEIN_COUPLED_RECEPTOR_SIGNALING_PATHWAY",2,535.359942895251,0.643902910139179,0.525644738166911,0.856476756617105
"GOBP_AMYLOID_BETA_METABOLIC_PROCESS",2,532.378004777167,0.642196452220613,0.526542605909749,0.856476756617105
"GOBP_CARTILAGE_DEVELOPMENT",2,545.141139960541,0.645896635792745,0.524592993055445,0.856476756617105
"GOBP_CELLULAR_RESPONSE_TO_IONIZING_RADIATION",2,547.75311979889,0.648799366109634,0.523074126546538,0.856476756617105
"GOBP_CELL_FATE_DETERMINATION",2,530.472642505296,0.65137405134263,0.521745411234348,0.856476756617105
"GOBP_CIRCADIAN_RHYTHM",2,538.96070495961,0.642282613487705,0.526492382563549,0.856476756617105
"GOBP_EOSINOPHIL_MEDIATED_IMMUNITY",2,529.969929711672,0.64253628337325,0.526365980115413,0.856476756617105
"GOBP_IMMUNE_RESPONSE_TO_TUMOR_CELL",2,528.847389180211,0.649193477030069,0.52288284114307,0.856476756617105
"GOBP_LEUKOCYTE_APOPTOTIC_PROCESS",2,544.976338878774,0.644751456136312,0.525192790546708,0.856476756617105
"GOBP_LEUKOCYTE_MIGRATION_INVOLVED_IN_INFLAMMATORY_RESPONSE",2,539.766176590015,0.647599266687172,0.523706674748413,0.856476756617105
"GOBP_LUNG_CELL_DIFFERENTIATION",2,545.927359019114,0.648210159855227,0.523383025882406,0.856476756617105
"GOBP_MAINTENANCE_OF_LOCATION",2,543.651051908117,0.642267544971861,0.52649683157296,0.856476756617105
"GOBP_MEGAKARYOCYTE_DEVELOPMENT",2,553.341766337848,0.648973619033864,0.522979154096454,0.856476756617105
"GOBP_MULTIVESICULAR_BODY_SORTING_PATHWAY",2,551.454141339548,0.649606241159475,0.522650544744422,0.856476756617105
"GOBP_NEGATIVE_REGULATION_OF_COLLAGEN_METABOLIC_PROCESS",2,573.409283753244,0.649978216954724,0.522441346476238,0.856476756617105
"GOBP_NEGATIVE_REGULATION_OF_MUSCLE_CELL_DIFFERENTIATION",2,542.6490555558,0.642972050094911,0.526127653119932,0.856476756617105
"GOBP_NUCLEOSIDE_TRIPHOSPHATE_METABOLIC_PROCESS",2,540.540650558644,0.642457948455333,0.526399123032315,0.856476756617105
"GOBP_POSITIVE_REGULATION_OF_WNT_SIGNALING_PATHWAY",2,548.183526112478,0.642424618819954,0.526411040308091,0.856476756617105
"GOBP_REGENERATION",2,552.418049739631,0.643263958967839,0.525967386871038,0.856476756617105
"GOBP_REGULATION_OF_CILIUM_ASSEMBLY",2,554.979751074843,0.643507702207895,0.525837685516758,0.856476756617105
"GOBP_REGULATION_OF_INFLAMMATORY_RESPONSE_TO_ANTIGENIC_STIMULUS",2,548.997807226839,0.642615211242109,0.526310368281601,0.856476756617105
"GOBP_REGULATION_OF_PROTEIN_DEUBIQUITINATION",2,554.165234698069,0.647564366763783,0.523714370010852,0.856476756617105
"GOBP_RESPONSE_TO_LECTIN",2,556.12333500949,0.648167147793263,0.523398123235124,0.856476756617105
"GOBP_RESPONSE_TO_PEPTIDE_HORMONE",2,536.607479937133,0.643451890248293,0.525880356395318,0.856476756617105
"GOBP_SPLICEOSOMAL_COMPLEX_ASSEMBLY",2,558.556294597082,0.646005407742065,0.524526455939804,0.856476756617105
"GOBP_T_CELL_MIGRATION",2,544.792303982855,0.642349817855236,0.526452784659263,0.856476756617105
"GOBP_REGULATION_OF_HEART_CONTRACTION",2,545.857378745975,0.640401245255199,0.527476429463249,0.857384174904447
"GOBP_SERINE_FAMILY_AMINO_ACID_BIOSYNTHETIC_PROCESS",2,526.10225629521,0.640592467748349,0.52739064996944,0.857384174904447
"GOBP_NEGATIVE_REGULATION_OF_CELL_DEVELOPMENT",2,545.581858004369,0.639967445731903,0.527704961755194,0.85745006432684
"GOBP_DOUBLE_STRAND_BREAK_REPAIR_VIA_CLASSICAL_NONHOMOLOGOUS_END_JOINING",2,541.172577943846,0.635863863757984,0.529873008114592,0.86066623575878
"GOBP_POSITIVE_REGULATION_OF_BEHAVIOR",2,568.401376764102,0.634849123118697,0.530390838807037,0.861200646421822
"GOBP_POSITIVE_REGULATION_OF_STEROL_TRANSPORT",2,530.55562999083,0.634539871731682,0.530581249794691,0.861203231428322
"GOBP_RETINOL_METABOLIC_PROCESS",2,533.670586905319,0.634115941527999,0.530803349428892,0.861257231143783
"GOBP_ADENYLATE_CYCLASE_ACTIVATING_G_PROTEIN_COUPLED_RECEPTOR_SIGNALING_PATHWAY",2,556.008859296793,0.632165554188001,0.531821225461394,0.861907949272454
"GOBP_MICROAUTOPHAGY",2,540.194357417047,0.632134593179263,0.531848809655771,0.861907949272454
"GOBP_NUCLEOSIDE_TRIPHOSPHATE_BIOSYNTHETIC_PROCESS",2,550.084406758345,0.632124631411465,0.531847044111336,0.861907949272454
"GOBP_POSITIVE_REGULATION_OF_FATTY_ACID_METABOLIC_PROCESS",2,536.503450888193,0.631929599537821,0.531960288796746,0.861907949272454
"GOBP_RESPONSE_TO_HEAT",2,560.746595364782,0.631013119845183,0.532429865099596,0.862362434204282
"GOBP_REGULATION_OF_ALPHA_BETA_T_CELL_ACTIVATION",2,531.134243266878,0.630525190369857,0.53271012520131,0.862510074917705
"GOBP_PROTEIN_LOCALIZATION_TO_ENDOPLASMIC_RETICULUM",2,543.708687570076,0.629679609298015,0.533150522119206,0.862916796091447
"GOBP_ALANINE_TRANSPORT",2,552.581666009713,0.62917377292966,0.533413436903484,0.863036071556151
"GOBP_INSULIN_RECEPTOR_SIGNALING_PATHWAY",2,540.830628561907,0.628365296131435,0.533852146544808,0.863191707259283
"GOBP_LATE_ENDOSOME_TO_VACUOLE_TRANSPORT",2,547.218066970308,0.628289206494256,0.533888139920727,0.863191707259283
"GOBP_AUDITORY_RECEPTOR_CELL_STEREOCILIUM_ORGANIZATION",2,569.927505352126,0.626569500059735,0.534789713999966,0.863227458064655
"GOBP_CELL_CYCLE_CHECKPOINT_SIGNALING",2,533.208373947264,0.626843062385251,0.534669064303636,0.863227458064655
"GOBP_GLYCOLIPID_BIOSYNTHETIC_PROCESS",2,562.507030219495,0.62751067327407,0.534292580457315,0.863227458064655
"GOBP_HINDBRAIN_MORPHOGENESIS",2,542.396250314022,0.625770056527326,0.535235091297269,0.863227458064655
"GOBP_POSITIVE_REGULATION_OF_MACROPHAGE_MIGRATION",2,534.79568710254,0.627707100775969,0.534207204694097,0.863227458064655
"GOBP_REGULATION_OF_GLIAL_CELL_PROLIFERATION",2,541.980882252353,0.62583357707402,0.535201467497346,0.863227458064655
"GOBP_REGULATION_OF_TYPE_B_PANCREATIC_CELL_PROLIFERATION",2,539.800882665681,0.626398090445196,0.534901679529245,0.863227458064655
"GOBP_RIBONUCLEOSIDE_CATABOLIC_PROCESS",2,563.471840889801,0.62519187372441,0.535529540759608,0.863397043267787
"GOBP_NEGATIVE_REGULATION_OF_NUCLEOTIDE_CATABOLIC_PROCESS",2,537.861992480687,0.624789834646388,0.535762030175783,0.863466650046553
"GOBP_ADAPTIVE_THERMOGENESIS",2,539.384266693895,0.622781133775582,0.536835712808024,0.863892141853489
"GOBP_CELLULAR_RESPONSE_TO_HYDROGEN_PEROXIDE",2,545.856523192148,0.620397198868873,0.538109531902162,0.863892141853489
"GOBP_CELLULAR_RESPONSE_TO_INSULIN_STIMULUS",2,540.478332501461,0.621416243391562,0.537566469736576,0.863892141853489
"GOBP_GLYCOSAMINOGLYCAN_CATABOLIC_PROCESS",2,528.65003278435,0.622659415538659,0.536908720783858,0.863892141853489
"GOBP_HEAD_MORPHOGENESIS",2,560.082321902708,0.623527524537617,0.536421850194367,0.863892141853489
"GOBP_POSITIVE_REGULATION_OF_CELLULAR_EXTRAVASATION",2,539.507062760984,0.623320109973262,0.536547027946279,0.863892141853489
"GOBP_POSITIVE_REGULATION_OF_SISTER_CHROMATID_COHESION",2,535.215631998935,0.620876740383447,0.537859661760117,0.863892141853489
"GOBP_REGULATION_OF_MORPHOGENESIS_OF_A_BRANCHING_STRUCTURE",2,510.177460508273,0.62145644077126,0.537567653116003,0.863892141853489
"GOBP_REGULATION_OF_SYSTEMIC_ARTERIAL_BLOOD_PRESSURE",2,543.110931242758,0.622038818651053,0.537230807438375,0.863892141853489
"GOBP_REGULATION_OF_TUBE_SIZE",2,519.527257857449,0.62088969184022,0.537864373928705,0.863892141853489
"GOBP_SYMBIONT_ENTRY_INTO_HOST",2,549.698160734451,0.620401838858301,0.538104397018462,0.863892141853489
"GOBP_MEMBRANE_DEPOLARIZATION_DURING_CARDIAC_MUSCLE_CELL_ACTION_POTENTIAL",2,555.420099373836,0.618542865984744,0.539099541152848,0.86401361943277
"GOBP_MYELOID_LEUKOCYTE_DIFFERENTIATION",2,544.19577821034,0.618861224564647,0.538935964800699,0.86401361943277
"GOBP_NEGATIVE_REGULATION_OF_T_HELPER_17_TYPE_IMMUNE_RESPONSE",2,549.282843751206,0.61778544221498,0.539511244934122,0.86401361943277
"GOBP_POSITIVE_REGULATION_BY_HOST_OF_VIRAL_TRANSCRIPTION",2,554.094501141622,0.617972647410488,0.539407234802825,0.86401361943277
"GOBP_POSITIVE_REGULATION_OF_CELLULAR_SENESCENCE",2,556.482375323291,0.618988718979501,0.538859062213245,0.86401361943277
"GOBP_POSITIVE_REGULATION_OF_CELL_SIZE",2,536.984258426831,0.618947633147013,0.538894582990327,0.86401361943277
"GOBP_REGULATION_OF_MACROPHAGE_CHEMOTAXIS",2,546.209427343394,0.618236966882422,0.539270349091394,0.86401361943277
"GOBP_CENTRAL_NERVOUS_SYSTEM_NEURON_AXONOGENESIS",2,553.854713822317,0.615575706883948,0.54069899339561,0.865611831827792
"GOBP_NEUROMUSCULAR_JUNCTION_DEVELOPMENT",2,553.799562987699,0.614348289996472,0.541361628253716,0.866064674312592
"GOBP_REGULATION_OF_DEFENSE_RESPONSE_TO_VIRUS_BY_HOST",2,536.285997526964,0.614640418377768,0.541215874998518,0.866064674312592
"GOBP_VITAMIN_D_METABOLIC_PROCESS",2,540.060084989487,0.612983042424949,0.542108918568623,0.866956093124645
"GOBP_CELLULAR_RESPONSE_TO_THYROID_HORMONE_STIMULUS",2,561.871278511743,0.610436925201333,0.543473308529582,0.867043631099054
"GOBP_DNA_CONFORMATION_CHANGE",2,560.621419412471,0.611980040373102,0.542637935187824,0.867043631099054
"GOBP_GRANULOCYTE_DIFFERENTIATION",2,552.869953696557,0.611849756049814,0.54271354914226,0.867043631099054
"GOBP_HIPPOCAMPUS_DEVELOPMENT",2,536.237830990578,0.609465676871379,0.544017408678322,0.867043631099054
"GOBP_NEGATIVE_CHEMOTAXIS",2,552.464743281065,0.609500986686982,0.543987207214625,0.867043631099054
"GOBP_NEGATIVE_REGULATION_OF_MRNA_CATABOLIC_PROCESS",2,567.08662560823,0.609918435850348,0.543751254350873,0.867043631099054
"GOBP_NEURON_PROJECTION_MAINTENANCE",2,568.636689575943,0.609814640713948,0.543806605559208,0.867043631099054
"GOBP_POSITIVE_REGULATION_OF_ERAD_PATHWAY",2,557.503706913042,0.609002141153309,0.544254750238235,0.867043631099054
"GOBP_REGULATION_OF_CIRCADIAN_RHYTHM",2,533.738832299453,0.611307714721798,0.543020268791638,0.867043631099054
"GOBP_REGULATION_OF_NUCLEOBASE_CONTAINING_COMPOUND_TRANSPORT",2,551.762849056209,0.610086101575433,0.543670170565876,0.867043631099054
"GOBP_REGULATION_OF_POSTSYNAPSE_ASSEMBLY",2,539.761373393355,0.609035741933065,0.544248370397537,0.867043631099054
"GOBP_LEUKOCYTE_MEDIATED_CYTOTOXICITY",2,542.476083466411,0.608534531558963,0.54451874353864,0.867161309106053
"GOBP_POSITIVE_REGULATION_OF_PROTEIN_POLYUBIQUITINATION",2,575.601710799626,0.607979177496597,0.544799249020865,0.867305191896742
"GOBP_AMMONIUM_ION_METABOLIC_PROCESS",2,566.379718621418,0.596694789813394,0.55097434098101,0.868152742716374
"GOBP_ANTIGEN_PROCESSING_AND_PRESENTATION_OF_PEPTIDE_ANTIGEN",2,531.199533027661,0.596328423931721,0.551198664771095,0.868152742716374
"GOBP_CELLULAR_OXIDANT_DETOXIFICATION",2,549.798962185093,0.597989687309702,0.550273294769908,0.868152742716374
"GOBP_CELLULAR_RESPONSE_TO_INSULIN_LIKE_GROWTH_FACTOR_STIMULUS",2,524.565611262753,0.597808584113862,0.550389901897923,0.868152742716374
"GOBP_CENTRIOLE_CENTRIOLE_COHESION",2,552.526435366059,0.596181482372222,0.551265287240692,0.868152742716374
"GOBP_ECTODERM_DEVELOPMENT",2,547.22484135013,0.597050942519633,0.550790657050207,0.868152742716374
"GOBP_EXTRACELLULAR_TRANSPORT",2,525.523347931696,0.598463700459679,0.550029588094682,0.868152742716374
"GOBP_GALACTOSE_METABOLIC_PROCESS",2,561.035214268619,0.60126589546575,0.548470143725161,0.868152742716374
"GOBP_MATURE_B_CELL_DIFFERENTIATION",2,526.440222416921,0.60024878324763,0.549050192452924,0.868152742716374
"GOBP_NEGATIVE_REGULATION_OF_CHROMOSOME_SEGREGATION",2,531.748357351612,0.597874338554474,0.550348744303446,0.868152742716374
"GOBP_NEGATIVE_REGULATION_OF_MONOATOMIC_ION_TRANSPORT",2,548.222614790209,0.60024551663224,0.549037096114852,0.868152742716374
"GOBP_NEGATIVE_REGULATION_OF_REACTIVE_OXYGEN_SPECIES_METABOLIC_PROCESS",2,538.939012975678,0.605839072735853,0.54598758141056,0.868152742716374
"GOBP_NEURONAL_ION_CHANNEL_CLUSTERING",2,545.854162183209,0.598891392703373,0.549780995287569,0.868152742716374
"GOBP_NEURON_PROJECTION_ARBORIZATION",2,561.479562998405,0.601798047947157,0.548178696583458,0.868152742716374
"GOBP_PANCREAS_DEVELOPMENT",2,574.50322253257,0.601455735823083,0.548357989019498,0.868152742716374
"GOBP_POSITIVE_REGULATION_OF_CHONDROCYTE_DIFFERENTIATION",2,533.213702690021,0.606324308593734,0.545727292225922,0.868152742716374
"GOBP_POSITIVE_REGULATION_OF_ENDOTHELIAL_CELL_MIGRATION",2,539.679406709266,0.605148453419682,0.546363427460721,0.868152742716374
"GOBP_POSITIVE_REGULATION_OF_EXOCYTOSIS",2,539.273956177905,0.601520575792841,0.548345004501517,0.868152742716374
"GOBP_POSITIVE_REGULATION_OF_MHC_CLASS_II_BIOSYNTHETIC_PROCESS",2,533.991793182932,0.601808812189656,0.548190957009788,0.868152742716374
"GOBP_POSITIVE_REGULATION_OF_PROTEIN_LOCALIZATION_TO_PLASMA_MEMBRANE",2,551.103401992352,0.605613006613097,0.546102568777589,0.868152742716374
"GOBP_PROTEIN_K63_LINKED_DEUBIQUITINATION",2,548.744812364252,0.599887370917007,0.549232994851789,0.868152742716374
"GOBP_PROTEIN_LOCALIZATION_TO_MICROTUBULE",2,549.038949281304,0.603502636471343,0.547255091911592,0.868152742716374
"GOBP_REGULATION_OF_ACTIVIN_RECEPTOR_SIGNALING_PATHWAY",2,543.114065891321,0.604391590323908,0.546773847368647,0.868152742716374
"GOBP_REGULATION_OF_DENDRITIC_CELL_DIFFERENTIATION",2,524.028774617631,0.596997405267999,0.550835914487824,0.868152742716374
"GOBP_REGULATION_OF_NATURAL_KILLER_CELL_ACTIVATION",2,517.575349700205,0.599280501671589,0.549587277331452,0.868152742716374
"GOBP_REGULATION_OF_NON_CANONICAL_WNT_SIGNALING_PATHWAY",2,555.828248283462,0.59684913434419,0.550896045355038,0.868152742716374
"GOBP_REGULATION_OF_PROTEIN_LOCALIZATION_TO_PLASMA_MEMBRANE",2,539.070194058683,0.602858278727897,0.547613743631558,0.868152742716374
"GOBP_REGULATION_OF_RESPIRATORY_GASEOUS_EXCHANGE",2,551.600428061154,0.605553222740833,0.546134819802515,0.868152742716374
"GOBP_REGULATION_OF_TELOMERASE_RNA_LOCALIZATION_TO_CAJAL_BODY",2,551.110752515306,0.604315335844036,0.546810130856037,0.868152742716374
"GOBP_RESPONSE_TO_MUSCLE_ACTIVITY",2,547.364815119157,0.60080003799464,0.548733957434697,0.868152742716374
"GOBP_SYNAPTIC_VESICLE_EXOCYTOSIS",2,551.731611796159,0.59589645915371,0.55142260373807,0.868152742716374
"GOBP_VACUOLE_FUSION",2,545.210645967269,0.596023875515672,0.551356733096988,0.868152742716374
"GOBP_CARBOHYDRATE_CATABOLIC_PROCESS",2,537.116764667473,0.595026163305809,0.551911287718563,0.868292120415589
"GOBP_NEGATIVE_REGULATION_OF_SUPRAMOLECULAR_FIBER_ORGANIZATION",2,551.23800216258,0.594583632974737,0.552145756366848,0.868292120415589
"GOBP_VITAMIN_TRANSPORT",2,569.54933605587,0.594332802412692,0.552272624715111,0.868292120415589
"GOBP_XENOBIOTIC_TRANSMEMBRANE_TRANSPORT",2,540.546138128787,0.594701912988494,0.55208757894215,0.868292120415589
"GOBP_REGULATION_OF_GOLGI_ORGANIZATION",2,542.021615532585,0.593970678410946,0.552489566909216,0.868333878247049
"GOBP_ENDOCARDIAL_CUSHION_FORMATION",2,560.059176625245,0.593565592361805,0.552701391050536,0.868367566166549
"GOBP_TOLL_LIKE_RECEPTOR_3_SIGNALING_PATHWAY",2,550.378652345678,0.59166496003936,0.553756720186662,0.869726033323473
"GOBP_POSITIVE_REGULATION_OF_CHEMOTAXIS",2,537.208724009223,0.591078561788945,0.554089438470021,0.869949028868078
"GOBP_POSITIVE_REGULATION_OF_TRANSLATIONAL_INITIATION",2,549.163267497889,0.590719277336451,0.554280297891528,0.869949221845581
"GOBP_DE_NOVO_POST_TRANSLATIONAL_PROTEIN_FOLDING",2,549.126747826975,0.586470530332491,0.556635268939073,0.870712688312209
"GOBP_EMBRYONIC_BRAIN_DEVELOPMENT",2,550.948360936814,0.587252938312504,0.556199699924171,0.870712688312209
"GOBP_MORPHOGENESIS_OF_AN_EPITHELIAL_SHEET",2,544.880204719116,0.58698755885722,0.556350873243087,0.870712688312209
"GOBP_PHAGOCYTOSIS_ENGULFMENT",2,553.861447363436,0.587402371617952,0.556114941558688,0.870712688312209
"GOBP_POSITIVE_REGULATION_BY_HOST_OF_VIRAL_PROCESS",2,542.601691855904,0.5886104159486,0.55545214698808,0.870712688312209
"GOBP_POSITIVE_REGULATION_OF_LEUKOCYTE_CELL_CELL_ADHESION",2,538.329259437789,0.586692211179613,0.556519126966708,0.870712688312209
"GOBP_POSITIVE_REGULATION_OF_LIPID_METABOLIC_PROCESS",2,532.553656482816,0.586417086166372,0.556675772663539,0.870712688312209
"GOBP_POSITIVE_REGULATION_OF_NEUROGENESIS",2,540.129821312822,0.589442900669191,0.55499255656043,0.870712688312209
"GOBP_RESPONSE_TO_GLUCAGON",2,530.154570840225,0.587561241367462,0.556042239129393,0.870712688312209
"GOBP_RESPONSE_TO_NICOTINE",2,564.633724819725,0.58677294572469,0.556457762796629,0.870712688312209
"GOBP_RESPONSE_TO_GAMMA_RADIATION",2,559.558451961054,0.585853197531997,0.556971799900294,0.870877058397408
"GOBP_POSITIVE_REGULATION_OF_HUMORAL_IMMUNE_RESPONSE",2,559.434372367535,0.58453445759382,0.557705325583657,0.871128078762692
"GOBP_REGULATION_OF_PHOSPHOLIPID_METABOLIC_PROCESS",2,531.202506919014,0.584693294867812,0.5576349917227,0.871128078762692
"GOBP_TRANSLATIONAL_INITIATION",2,545.7446967237,0.584615098887038,0.557668969143043,0.871128078762692
"GOBP_REGULATION_OF_T_CELL_CHEMOTAXIS",2,538.178274590268,0.583548757216484,0.55826756387797,0.871707757222671
"GOBP_BILE_ACID_BIOSYNTHETIC_PROCESS",2,540.486074600936,0.582894787095716,0.558630481930843,0.871756507960354
"GOBP_MEMBRANE_REPOLARIZATION_DURING_ACTION_POTENTIAL",2,528.11527710046,0.58281878342167,0.558681050815197,0.871756507960354
"GOBP_CELLULAR_RESPONSE_TO_COLD",2,533.894329725119,0.582272929195142,0.558981547734515,0.871776800810525
"GOBP_T_CELL_DIFFERENTIATION_INVOLVED_IN_IMMUNE_RESPONSE",2,526.306889909271,0.582112153910094,0.559076330272043,0.871776800810525
"GOBP_GENERATION_OF_PRECURSOR_METABOLITES_AND_ENERGY",2,537.272577173715,0.580842338771276,0.559777835044962,0.872274241762921
"GOBP_RESPONSE_TO_MISFOLDED_PROTEIN",2,554.568981133819,0.580907278352469,0.559730629117423,0.872274241762921
"GOBP_BASIC_AMINO_ACID_TRANSPORT",2,565.649694465867,0.577182551224467,0.561808406603159,0.872332796911432
"GOBP_BRAIN_MORPHOGENESIS",2,569.47098865055,0.576702814497567,0.562075230800046,0.872332796911432
"GOBP_CELL_MIGRATION_IN_HINDBRAIN",2,519.30815644898,0.57860788941123,0.561039387493303,0.872332796911432
"GOBP_CYTOKINESIS",2,552.239409413083,0.57788394392861,0.561423325563213,0.872332796911432
"GOBP_NEGATIVE_REGULATION_OF_AMIDE_METABOLIC_PROCESS",2,538.382843402793,0.576673597255608,0.562110521842293,0.872332796911432
"GOBP_NEGATIVE_REGULATION_OF_RESPONSE_TO_OXIDATIVE_STRESS",2,579.206906403693,0.579912545819324,0.560272111031435,0.872332796911432
"GOBP_ORGANELLE_FUSION",2,557.570446203085,0.577623614693134,0.561565959255157,0.872332796911432
"GOBP_POST_GOLGI_VESICLE_MEDIATED_TRANSPORT",2,555.429243211997,0.579171533218656,0.560700467059652,0.872332796911432
"GOBP_REGULATION_OF_PROTEIN_SERINE_THREONINE_KINASE_ACTIVITY",2,539.920661359525,0.578019121903809,0.561355323993294,0.872332796911432
"GOBP_RESPONSE_TO_ACIDIC_PH",2,542.063822038732,0.579864682605487,0.560321101332949,0.872332796911432
"GOBP_TYPE_II_HYPERSENSITIVITY",2,528.309891618901,0.578241567893189,0.561238349876757,0.872332796911432
"GOBP_VIRAL_LIFE_CYCLE",2,554.637200402955,0.57861639128704,0.561011655537435,0.872332796911432
"GOBP_ANTIGEN_PROCESSING_AND_PRESENTATION_OF_EXOGENOUS_ANTIGEN",2,534.755656623022,0.574586359711164,0.563284832851234,0.872967082104818
"GOBP_POSITIVE_REGULATION_OF_EMBRYONIC_DEVELOPMENT",2,564.468432898209,0.574604173966333,0.563256564676922,0.872967082104818
"GOBP_REGULATION_OF_LAMELLIPODIUM_ASSEMBLY",2,559.43277810124,0.574861000760603,0.563115177198737,0.872967082104818
"GOBP_REGULATION_OF_PROTEIN_SUMOYLATION",2,555.175511619478,0.574711839524497,0.563201549008048,0.872967082104818
"GOBP_MAST_CELL_ACTIVATION_INVOLVED_IN_IMMUNE_RESPONSE",2,560.468960621509,0.574175209864569,0.563500084551344,0.873004037241399
"GOBP_AMINE_BIOSYNTHETIC_PROCESS",2,537.158813787898,0.572460737251784,0.564479325743485,0.873038387492722
"GOBP_BODY_FLUID_SECRETION",2,545.532554543566,0.573118238298634,0.564103811470371,0.873038387492722
"GOBP_CORTICAL_ACTIN_CYTOSKELETON_ORGANIZATION",2,557.721516812515,0.573064510907774,0.564126655177244,0.873038387492722
"GOBP_ETHER_BIOSYNTHETIC_PROCESS",2,554.411269261346,0.572521598760749,0.564434356621777,0.873038387492722
"GOBP_POSITIVE_REGULATION_OF_SYSTEMIC_ARTERIAL_BLOOD_PRESSURE",2,540.665846251834,0.572659361596489,0.564365227400616,0.873038387492722
"GOBP_INTERLEUKIN_4_PRODUCTION",2,529.113847114201,0.571995774241442,0.564746505679052,0.87310846203119
"GOBP_POSITIVE_REGULATION_OF_CALCIUM_ION_DEPENDENT_EXOCYTOSIS",2,556.100803990236,0.571680183761586,0.564907492096917,0.87310846203119
"GOBP_ANTERIOR_POSTERIOR_PATTERN_SPECIFICATION",2,548.372344226967,0.569850053187211,0.565944816190497,0.874282346571309
"GOBP_REGULATION_OF_CENTRIOLE_REPLICATION",2,535.073956022762,0.569677859488602,0.566050376984231,0.874282346571309
"GOBP_NEGATIVE_REGULATION_OF_CELL_PROJECTION_ORGANIZATION",2,540.652211379098,0.567297617638129,0.567392943686594,0.875466581919674
"GOBP_POSITIVE_REGULATION_OF_MITOCHONDRIAL_MEMBRANE_PERMEABILITY",2,553.874438665506,0.567613339628598,0.567206161845435,0.875466581919674
"GOBP_SYNAPTIC_VESICLE_RECYCLING",2,547.449550390172,0.567699419286419,0.567161301319034,0.875466581919674
"GOBP_CGAS_STING_SIGNALING_PATHWAY",2,540.075636410053,0.565704802044682,0.56829588129872,0.876563244708644
"GOBP_PROTEIN_LOCALIZATION_TO_NUCLEOPLASM",2,550.627129711415,0.565239115467609,0.568553609929738,0.876631232826955
"GOBP_REGULATION_OF_CHONDROCYTE_DIFFERENTIATION",2,567.101989567073,0.564921389277114,0.568724362625512,0.876631232826955
"GOBP_DETECTION_OF_MECHANICAL_STIMULUS_INVOLVED_IN_SENSORY_PERCEPTION",2,559.705135002364,0.562165054189713,0.570295190905995,0.8774459700065
"GOBP_NEGATIVE_REGULATION_OF_EPITHELIAL_CELL_DIFFERENTIATION",2,533.691209244253,0.562213647185271,0.570283189795616,0.8774459700065
"GOBP_PIGMENT_ACCUMULATION",2,530.3950617279,0.56196885667104,0.570424605072433,0.8774459700065
"GOBP_REGULATION_OF_PROTEIN_UBIQUITINATION",2,556.527316073431,0.56329276797423,0.569655551873524,0.8774459700065
"GOBP_REGULATION_OF_TYPE_2_IMMUNE_RESPONSE",2,540.558596350849,0.56226057333592,0.570252206009035,0.8774459700065
"GOBP_RESPIRATORY_SYSTEM_PROCESS",2,578.401382050266,0.563168254995796,0.569714096258521,0.8774459700065
"GOBP_SMALL_MOLECULE_BIOSYNTHETIC_PROCESS",2,510.528112038301,0.56168461432501,0.570599593738058,0.8774459700065
"GOBP_BEHAVIORAL_RESPONSE_TO_COCAINE",2,527.66869251828,0.561011101279713,0.570971784283906,0.87772238224432
"GOBP_POSITIVE_REGULATION_OF_TRANSPORTER_ACTIVITY",2,517.019445571981,0.559860036889412,0.571634967312087,0.878445783662543
"GOBP_NADH_METABOLIC_PROCESS",2,534.06230467176,0.557869258987979,0.572760668008955,0.879377012281205
"GOBP_NEGATIVE_REGULATION_OF_PERK_MEDIATED_UNFOLDED_PROTEIN_RESPONSE",2,551.697940669865,0.557932621121627,0.572713811716524,0.879377012281205
"GOBP_UBIQUITIN_DEPENDENT_PROTEIN_CATABOLIC_PROCESS_VIA_THE_MULTIVESICULAR_BODY_SORTING_PATHWAY",2,554.400164478655,0.557745222993852,0.572819360554146,0.879377012281205
"GOBP_ACTIVATION_OF_PROTEIN_KINASE_ACTIVITY",2,578.157073906199,0.555460946144688,0.574113611392644,0.880178884558605
"GOBP_ENGULFMENT_OF_APOPTOTIC_CELL",2,560.323543659699,0.555801462909514,0.573928258822195,0.880178884558605
"GOBP_NEGATIVE_REGULATION_OF_MYELOID_CELL_DIFFERENTIATION",2,537.64812046825,0.556422662910845,0.573585881703786,0.880178884558605
"GOBP_REGULATION_OF_CELLULAR_RESPONSE_TO_INSULIN_STIMULUS",2,545.630624366911,0.555728184254666,0.573978729987369,0.880178884558605
"GOBP_CERAMIDE_TRANSPORT",2,529.410479125995,0.551902892008456,0.576183933899538,0.880216207078409
"GOBP_DIGESTIVE_SYSTEM_DEVELOPMENT",2,553.221571568165,0.551909330560126,0.576166002135214,0.880216207078409
"GOBP_EMBRYONIC_MORPHOGENESIS",2,540.869413276863,0.550441944516988,0.577017594659386,0.880216207078409
"GOBP_INTRACELLULAR_PROTEIN_TRANSMEMBRANE_TRANSPORT",2,543.029208472457,0.554382706680466,0.574751501828156,0.880216207078409
"GOBP_NEGATIVE_REGULATION_OF_CELL_SUBSTRATE_JUNCTION_ORGANIZATION",2,546.43378525125,0.551114113113522,0.576627371195358,0.880216207078409
"GOBP_NEGATIVE_REGULATION_OF_OSSIFICATION",2,546.366978910097,0.55040996135515,0.577032768946381,0.880216207078409
"GOBP_OOCYTE_MATURATION",2,553.562501978647,0.550729016043616,0.576844912133054,0.880216207078409
"GOBP_OSTEOBLAST_DIFFERENTIATION",2,532.937103768248,0.55445745428522,0.574714774033588,0.880216207078409
"GOBP_POSITIVE_REGULATION_OF_EXTRINSIC_APOPTOTIC_SIGNALING_PATHWAY_IN_ABSENCE_OF_LIGAND",2,546.766927865974,0.55148291213104,0.576414983931078,0.880216207078409
"GOBP_POSITIVE_REGULATION_OF_RECEPTOR_INTERNALIZATION",2,541.643729092775,0.551366445604864,0.576485009311677,0.880216207078409
"GOBP_PROTEIN_O_LINKED_GLYCOSYLATION",2,529.55202152313,0.553200820271204,0.575438040738979,0.880216207078409
"GOBP_REGULATION_OF_EXTRACELLULAR_MATRIX_ORGANIZATION",2,538.878942364658,0.551041000373232,0.576673927088759,0.880216207078409
"GOBP_REGULATION_OF_OXIDOREDUCTASE_ACTIVITY",2,551.647035494162,0.553618699878785,0.575184830899587,0.880216207078409
"GOBP_RESPONSE_TO_AMPHETAMINE",2,537.343406745043,0.550999078372498,0.576698979518587,0.880216207078409
"GOBP_VESICLE_FUSION_TO_PLASMA_MEMBRANE",2,533.448963618076,0.553039349704078,0.575528349241271,0.880216207078409
"GOBP_NEGATIVE_REGULATION_OF_LEUKOCYTE_PROLIFERATION",2,542.362663277193,0.548989120793636,0.577853921570086,0.880592348026224
"GOBP_NEGATIVE_REGULATION_OF_VASCULAR_ENDOTHELIAL_GROWTH_FACTOR_RECEPTOR_SIGNALING_PATHWAY",2,558.336465006741,0.548965188712656,0.577858561202037,0.880592348026224
"GOBP_RESPONSE_TO_TOPOLOGICALLY_INCORRECT_PROTEIN",2,542.820547712511,0.549505908039067,0.577555703980599,0.880592348026224
"GOBP_POSITIVE_REGULATION_OF_HORMONE_SECRETION",2,535.285388819099,0.547855754317147,0.578512111217791,0.880986861954201
"GOBP_POSITIVE_REGULATION_OF_INTRINSIC_APOPTOTIC_SIGNALING_PATHWAY",2,574.937863605324,0.547497102891794,0.578696916995129,0.880986861954201
"GOBP_REGULATION_OF_SISTER_CHROMATID_SEGREGATION",2,533.989403291476,0.547565768006328,0.578680337956936,0.880986861954201
"GOBP_AUDITORY_RECEPTOR_CELL_DEVELOPMENT",2,552.296255712506,0.546289705168377,0.579407025490336,0.881040338409841
"GOBP_REGULATION_OF_SMALL_MOLECULE_METABOLIC_PROCESS",2,536.565289837412,0.545802645460454,0.579697885456684,0.881040338409841
"GOBP_REGULATION_OF_STEM_CELL_POPULATION_MAINTENANCE",2,547.791724012698,0.546919911774017,0.57904528727274,0.881040338409841
"GOBP_REGULATION_OF_TRANSLATIONAL_INITIATION",2,546.823467548834,0.546169251746634,0.579479807602913,0.881040338409841
"GOBP_TYPE_B_PANCREATIC_CELL_DEVELOPMENT",2,554.66472261851,0.545998330760131,0.579574208800836,0.881040338409841
"GOBP_ACTION_POTENTIAL",2,537.265718068232,0.544629155843936,0.580376755770404,0.881266709438893
"GOBP_POSITIVE_REGULATION_OF_DNA_TEMPLATED_TRANSCRIPTION_ELONGATION",2,553.166268922174,0.5448615752546,0.580232961986632,0.881266709438893
"GOBP_REGULATION_OF_MEMBRANE_PERMEABILITY",2,548.037204389234,0.544532462210667,0.580426484357473,0.881266709438893
"GOBP_CELLULAR_RESPONSE_TO_PROSTAGLANDIN_STIMULUS",2,567.898330271977,0.543331450970079,0.581111700030922,0.881274614870192
"GOBP_CHROMOSOME_LOCALIZATION",2,545.737688827744,0.543192427710469,0.581204569508778,0.881274614870192
"GOBP_HEART_PROCESS",2,546.5091932041,0.543842883406622,0.580826952446911,0.881274614870192
"GOBP_NATURAL_KILLER_CELL_MEDIATED_IMMUNITY",2,537.212505824382,0.543904332403713,0.580796759334223,0.881274614870192
"GOBP_POLYAMINE_TRANSPORT",2,528.493941251334,0.542629265451768,0.581541533770364,0.881492501005859
"GOBP_REGULATION_OF_PROTEIN_K63_LINKED_UBIQUITINATION",2,550.929265216528,0.541996807649758,0.581895560386147,0.881736096651567
"GOBP_POSITIVE_REGULATION_OF_CELL_CELL_ADHESION",2,543.863596729684,0.54108240021225,0.58243085887034,0.882254117338964
"GOBP_POSITIVE_REGULATION_OF_MOLECULAR_FUNCTION",2,545.233559436006,0.540180070908132,0.582954812979411,0.882603218893728
"GOBP_RELEASE_OF_CYTOCHROME_C_FROM_MITOCHONDRIA",2,570.437860659869,0.539995706530507,0.583048344338259,0.882603218893728
"GOBP_REGULATION_OF_CELLULAR_RESPIRATION",2,544.43441989337,0.538979481566792,0.583654193685629,0.883227198871982
"GOBP_ALDEHYDE_METABOLIC_PROCESS",2,531.046443175874,0.536526987451012,0.585092308163937,0.883332165837161
"GOBP_CHROMOSOME_ORGANIZATION_INVOLVED_IN_MEIOTIC_CELL_CYCLE",2,537.550191373301,0.535216964089274,0.585853935903839,0.883332165837161
"GOBP_EPIGENETIC_REGULATION_OF_GENE_EXPRESSION",2,542.390474504917,0.535620035233887,0.585615530199376,0.883332165837161
"GOBP_FATTY_ACID_TRANSMEMBRANE_TRANSPORT",2,562.178812962019,0.535868917254668,0.585459204224673,0.883332165837161
"GOBP_FORMATION_OF_EXTRACHROMOSOMAL_CIRCULAR_DNA",2,558.236220425661,0.537382783578316,0.584577369433208,0.883332165837161
"GOBP_NUCLEOSIDE_MONOPHOSPHATE_CATABOLIC_PROCESS",2,548.877807216003,0.535480484204198,0.585693447986818,0.883332165837161
"GOBP_POLYSACCHARIDE_BIOSYNTHETIC_PROCESS",2,527.284235859477,0.536017182314659,0.585392319450054,0.883332165837161
"GOBP_REGULATION_OF_CD8_POSITIVE_ALPHA_BETA_T_CELL_ACTIVATION",2,544.328891061027,0.537098467913558,0.584750978573994,0.883332165837161
"GOBP_REGULATION_OF_CILIUM_DEPENDENT_CELL_MOTILITY",2,563.295201055813,0.537039829387732,0.584774795347075,0.883332165837161
"GOBP_RIBONUCLEOPROTEIN_COMPLEX_LOCALIZATION",2,555.098798109158,0.538407499066842,0.583981511323276,0.883332165837161
"GOBP_T_CELL_HOMEOSTASIS",2,547.91329684765,0.537695438082753,0.584400666058229,0.883332165837161
"GOBP_ATP_BIOSYNTHETIC_PROCESS",2,546.754639964878,0.533253097181578,0.586998104931544,0.88357158382164
"GOBP_ENERGY_DERIVATION_BY_OXIDATION_OF_ORGANIC_COMPOUNDS",2,541.373976277476,0.53260840535858,0.587378944024769,0.88357158382164
"GOBP_MITOTIC_SPINDLE_ORGANIZATION",2,536.982149438774,0.533641131566436,0.5867763644059,0.88357158382164
"GOBP_NEGATIVE_REGULATION_OF_COAGULATION",2,528.809547218635,0.533717639520788,0.586736359521952,0.88357158382164
"GOBP_POSITIVE_REGULATION_OF_FIBROBLAST_MIGRATION",2,546.425031973895,0.532302998951867,0.587555173194069,0.88357158382164
"GOBP_PURINE_CONTAINING_COMPOUND_CATABOLIC_PROCESS",2,546.517476797664,0.534009773947705,0.586555102190027,0.88357158382164
"GOBP_REGULATION_OF_IMMUNE_EFFECTOR_PROCESS",2,538.64267175951,0.532317697378992,0.587550944579316,0.88357158382164
"GOBP_REGULATION_OF_MEMBRANE_POTENTIAL",2,541.744567227083,0.532294962538016,0.587562511232413,0.88357158382164
"GOBP_CELLULAR_RESPONSE_TO_TESTOSTERONE_STIMULUS",2,547.013084701446,0.531841102920331,0.58782577127726,0.883676118258268
"GOBP_ANTIBODY_DEPENDENT_CELLULAR_CYTOTOXICITY",2,528.129137505733,0.528924764068359,0.589549997748974,0.883801462485303
"GOBP_FC_RECEPTOR_SIGNALING_PATHWAY",2,552.100044032443,0.529557968061238,0.58916400919699,0.883801462485303
"GOBP_GLIAL_CELL_DEVELOPMENT",2,544.426324484541,0.528079368918608,0.590038312844261,0.883801462485303
"GOBP_GLUCOSE_6_PHOSPHATE_METABOLIC_PROCESS",2,522.560619743199,0.530104650913002,0.588859525972947,0.883801462485303
"GOBP_LIPOPROTEIN_BIOSYNTHETIC_PROCESS",2,552.165548335871,0.52990355723683,0.588960790061751,0.883801462485303
"GOBP_MITOCHONDRIAL_OUTER_MEMBRANE_PERMEABILIZATION",2,541.320770419429,0.528600856007218,0.589733023368008,0.883801462485303
"GOBP_PYRIDINE_CONTAINING_COMPOUND_METABOLIC_PROCESS",2,527.398186655019,0.529984706769201,0.588927121621243,0.883801462485303
"GOBP_REGULATION_OF_LIPOPROTEIN_METABOLIC_PROCESS",2,553.739905708297,0.530237589899006,0.588763617484593,0.883801462485303
"GOBP_REGULATION_OF_PROTEIN_LOCALIZATION_TO_NUCLEUS",2,541.834711005213,0.528669864986565,0.589692119181699,0.883801462485303
"GOBP_RESPONSE_TO_LEPTIN",2,547.800222455823,0.528200878110702,0.589964903659175,0.883801462485303
"GOBP_TELENCEPHALON_DEVELOPMENT",2,541.35881943547,0.528078282623733,0.59004066065945,0.883801462485303
"GOBP_INTRINSIC_APOPTOTIC_SIGNALING_PATHWAY_IN_RESPONSE_TO_DNA_DAMAGE_BY_P53_CLASS_MEDIATOR",2,555.084306597632,0.526934374782013,0.590707212295017,0.883852211724442
"GOBP_MAINTENANCE_OF_PROTEIN_LOCATION_IN_NUCLEUS",2,578.983443677686,0.527537075828805,0.590339787450392,0.883852211724442
"GOBP_NEGATIVE_REGULATION_OF_ACTIN_FILAMENT_DEPOLYMERIZATION",2,545.107232634919,0.526422426826588,0.59101451465302,0.883852211724442
"GOBP_POSITIVE_REGULATION_OF_NEURAL_PRECURSOR_CELL_PROLIFERATION",2,522.159376260869,0.52565227981621,0.591482122235395,0.883852211724442
"GOBP_POSITIVE_REGULATION_OF_P38MAPK_CASCADE",2,540.618081417198,0.526880755841258,0.590746711475125,0.883852211724442
"GOBP_PROTON_TRANSPORTING_TWO_SECTOR_ATPASE_COMPLEX_ASSEMBLY",2,557.225496012575,0.525714798220631,0.591425570509168,0.883852211724442
"GOBP_REGULATION_OF_MULTICELLULAR_ORGANISM_GROWTH",2,532.963083011916,0.5253998597836,0.591624819643657,0.883852211724442
"GOBP_REGULATION_OF_NUCLEOCYTOPLASMIC_TRANSPORT",2,545.534136154165,0.526115292448937,0.59119547916306,0.883852211724442
"GOBP_GLYCOLYTIC_PROCESS_THROUGH_GLUCOSE_6_PHOSPHATE",2,538.667850879657,0.524445311183311,0.592185484507247,0.88419995470673
"GOBP_MONONUCLEAR_CELL_DIFFERENTIATION",2,530.507363120745,0.524351939863488,0.592245310596154,0.88419995470673
"GOBP_EXOCYTIC_PROCESS",2,556.617161006174,0.523226116591922,0.592896818670979,0.884593519777016
"GOBP_POSITIVE_REGULATION_OF_MITOTIC_SISTER_CHROMATID_SEPARATION",2,533.030205041196,0.52352366642257,0.592733641467077,0.884593519777016
"GOBP_CELL_REDOX_HOMEOSTASIS",2,552.209398449725,0.521999260591822,0.593625612813757,0.885101804525513
"GOBP_VESICLE_TRANSPORT_ALONG_MICROTUBULE",2,538.892060865721,0.522285539260285,0.593463241685506,0.885101804525513
"GOBP_CELLULAR_HYPOTONIC_RESPONSE",2,528.874857110652,0.521259799217645,0.5940767739031,0.88548502149413
"GOBP_EXTRACELLULAR_MATRIX_CONSTITUENT_SECRETION",2,541.832286720201,0.51962882553651,0.595037335532,0.886627013185707
"GOBP_MAINTENANCE_OF_GASTROINTESTINAL_EPITHELIUM",2,539.453282881343,0.518662609819499,0.595612747891789,0.886664078316075
"GOBP_NEUROTRANSMITTER_UPTAKE",2,560.921635739306,0.518588591162614,0.595645414593391,0.886664078316075
"GOBP_VESICLE_TETHERING",2,542.127424902674,0.519245552187214,0.595264843748908,0.886664078316075
"GOBP_NEGATIVE_REGULATION_OF_TRANSLATIONAL_INITIATION",2,538.027464314422,0.51796377248735,0.5960291144537,0.886841520602911
"GOBP_OXIDATIVE_PHOSPHORYLATION",2,546.992287122794,0.517746545773248,0.596153497515572,0.886841520602911
"GOBP_MITOTIC_G1_S_TRANSITION_CHECKPOINT_SIGNALING",2,533.822977058073,0.517036240563797,0.596583473187998,0.887191790417496
"GOBP_ANDROGEN_RECEPTOR_SIGNALING_PATHWAY",2,545.330418980569,0.516219465081635,0.597063731439516,0.887616583799098
"GOBP_NEGATIVE_REGULATION_OF_CARBOHYDRATE_METABOLIC_PROCESS",2,538.910432144335,0.51583689810273,0.597295223504912,0.887671396026688
"GOBP_VESICLE_CARGO_LOADING",2,536.984573252329,0.514673178041698,0.59799043585129,0.888415106813593
"GOBP_REGULATION_OF_LEUKOCYTE_MEDIATED_IMMUNITY",2,538.8020862473,0.514341618162835,0.598187367456277,0.888418294681889
"GOBP_INTERMEDIATE_FILAMENT_BASED_PROCESS",2,564.939122104441,0.513423549769958,0.598722231468131,0.888923208895229
"GOBP_PROTEIN_POLYUBIQUITINATION",2,548.730189943431,0.512822663154528,0.599089668732132,0.889179296806787
"GOBP_POSITIVE_REGULATION_OF_APOPTOTIC_SIGNALING_PATHWAY",2,554.091741517914,0.512443429781711,0.599313714391688,0.889222463025534
"GOBP_REGULATION_OF_DOUBLE_STRAND_BREAK_REPAIR_VIA_NONHOMOLOGOUS_END_JOINING",2,557.351104261047,0.511889753166537,0.599643365359546,0.889422240456875
"GOBP_INTRACELLULAR_POTASSIUM_ION_HOMEOSTASIS",2,543.099442934192,0.510550434817346,0.600452895060884,0.889465948156119
"GOBP_NEGATIVE_REGULATION_OF_T_CELL_RECEPTOR_SIGNALING_PATHWAY",2,534.864764861498,0.511427750890047,0.599931764698028,0.889465948156119
"GOBP_NUCLEAR_PORE_ORGANIZATION",2,552.501249799397,0.510587900147819,0.600425549131333,0.889465948156119
"GOBP_SYNCYTIUM_FORMATION",2,555.665265973729,0.510713764283374,0.600348511416854,0.889465948156119
"GOBP_POSITIVE_REGULATION_OF_TRANSFERASE_ACTIVITY",2,551.415071701072,0.510201541376776,0.600657701723228,0.889480447259624
"GOBP_NEGATIVE_REGULATION_OF_PROTEIN_POLYMERIZATION",2,544.331946840125,0.509530302558368,0.601063950481733,0.889793144481397
"GOBP_REGULATION_OF_PROTEIN_IMPORT_INTO_NUCLEUS",2,536.904625678738,0.507853597767005,0.602074655876535,0.891000164001582
"GOBP_BONE_GROWTH",2,568.016634752053,0.504640665964523,0.603992885237128,0.891239882906151
"GOBP_CANONICAL_WNT_SIGNALING_PATHWAY",2,548.330251051066,0.504004758368103,0.604386090293516,0.891239882906151
"GOBP_ENDOSOME_TO_PLASMA_MEMBRANE_PROTEIN_TRANSPORT",2,548.182652306249,0.506820013168945,0.602690180198508,0.891239882906151
"GOBP_ENUCLEATE_ERYTHROCYTE_DIFFERENTIATION",2,532.849091242615,0.505293330155846,0.603617371578322,0.891239882906151
"GOBP_LEUKOCYTE_ACTIVATION_INVOLVED_IN_INFLAMMATORY_RESPONSE",2,530.853524115512,0.505608399813264,0.60342866555492,0.891239882906151
"GOBP_NEGATIVE_REGULATION_OF_PRODUCTION_OF_MOLECULAR_MEDIATOR_OF_IMMUNE_RESPONSE",2,522.379379234384,0.505033786460476,0.603779538115428,0.891239882906151
"GOBP_NEGATIVE_REGULATION_OF_T_CELL_DIFFERENTIATION",2,541.166133904679,0.506982792261435,0.602595918157273,0.891239882906151
"GOBP_RESPONSE_TO_UV_C",2,569.97166815648,0.505312272854588,0.603587166650286,0.891239882906151
"GOBP_SULFUR_AMINO_ACID_METABOLIC_PROCESS",2,556.35120335489,0.505029196741698,0.603764348093833,0.891239882906151
"GOBP_SYNAPTIC_VESICLE_BUDDING",2,536.933210035001,0.504222820127293,0.604260485278268,0.891239882906151
"GOBP_UBIQUINONE_METABOLIC_PROCESS",2,564.369762168972,0.504436396345508,0.604117801011958,0.891239882906151
"GOBP_IMMATURE_B_CELL_DIFFERENTIATION",2,522.977037139339,0.50350522234944,0.604701043934417,0.89141611550901
"GOBP_CELLULAR_RESPONSE_TO_TOXIC_SUBSTANCE",2,547.741361357824,0.501984380282941,0.605606470880194,0.891732645413211
"GOBP_GANGLIOSIDE_BIOSYNTHETIC_PROCESS",2,556.859733019049,0.501513119807771,0.605886869699036,0.891732645413211
"GOBP_GAS_TRANSPORT",2,539.805685933114,0.501516702333692,0.605893327808713,0.891732645413211
"GOBP_NUCLEOBASE_CONTAINING_COMPOUND_TRANSPORT",2,549.288401393429,0.501746228605721,0.605749668159977,0.891732645413211
"GOBP_POSITIVE_REGULATION_OF_DEFENSE_RESPONSE_TO_VIRUS_BY_HOST",2,537.749293122953,0.502015511242767,0.605592817228094,0.891732645413211
"GOBP_POSITIVE_REGULATION_OF_GROWTH",2,532.015867856444,0.501016202936648,0.606200207716154,0.891896499159154
"GOBP_POSITIVE_REGULATION_OF_PHOSPHOLIPID_TRANSPORT",2,549.430862123469,0.499999689347562,0.606806557447425,0.892500712195326
"GOBP_LYMPH_VESSEL_MORPHOGENESIS",2,540.38528785701,0.499250122593213,0.607265343796714,0.892887567071828
"GOBP_AGGREPHAGY",2,558.568067633263,0.496478048740823,0.608938938726857,0.893069736666723
"GOBP_ATTACHMENT_OF_SPINDLE_MICROTUBULES_TO_KINETOCHORE",2,547.118599737154,0.497564043143625,0.608284795367054,0.893069736666723
"GOBP_CELL_MORPHOGENESIS_INVOLVED_IN_NEURON_DIFFERENTIATION",2,542.482599354014,0.497405574744883,0.608383367317667,0.893069736666723
"GOBP_DEVELOPMENT_OF_PRIMARY_SEXUAL_CHARACTERISTICS",2,548.139244446956,0.496250002756347,0.609082671118356,0.893069736666723
"GOBP_MEMBRANE_INVAGINATION",2,551.794231416324,0.496411836283294,0.608982478150768,0.893069736666723
"GOBP_MESENCHYME_DEVELOPMENT",2,544.396829428803,0.495817926304127,0.609347296756598,0.893069736666723
"GOBP_MUSCLE_CELL_DIFFERENTIATION",2,558.642004497936,0.49602599625515,0.609213749406542,0.893069736666723
"GOBP_REGULATION_OF_B_CELL_APOPTOTIC_PROCESS",2,534.656746035581,0.495953911736314,0.609269593329703,0.893069736666723
"GOBP_REGULATION_OF_NEUROGENESIS",2,541.36716530168,0.498370747832132,0.607798102145621,0.893069736666723
"GOBP_REGULATION_OF_SUPEROXIDE_ANION_GENERATION",2,541.19552356895,0.497573555782796,0.608282024696843,0.893069736666723
"GOBP_HEMOGLOBIN_BIOSYNTHETIC_PROCESS",2,553.782922269239,0.494257885985726,0.610292286023616,0.89311577350937
"GOBP_HINDLIMB_MORPHOGENESIS",2,538.543756924047,0.494162843187348,0.610357786895134,0.89311577350937
"GOBP_NODAL_SIGNALING_PATHWAY",2,565.612468050203,0.494963207427451,0.60985712316165,0.89311577350937
"GOBP_PIGMENT_BIOSYNTHETIC_PROCESS",2,540.70953542024,0.494587963129395,0.610097734813944,0.89311577350937
"GOBP_REGULATION_OF_POSTSYNAPTIC_MEMBRANE_POTENTIAL",2,561.503272863686,0.494254451976097,0.610290685217576,0.89311577350937
"GOBP_LONG_CHAIN_FATTY_ACYL_COA_BIOSYNTHETIC_PROCESS",2,551.638899900943,0.493652898519952,0.610662000975877,0.893274338181839
"GOBP_REGULATION_OF_MYELOID_LEUKOCYTE_DIFFERENTIATION",2,551.596823653262,0.493255482879327,0.610904322765777,0.893342294368294
"GOBP_GLIAL_CELL_MIGRATION",2,538.37483643701,0.492181497258958,0.611566186532482,0.893737064009821
"GOBP_MACROPHAGE_CHEMOTAXIS",2,543.539891953568,0.492455181999486,0.611396527840102,0.893737064009821
"GOBP_CELLULAR_RESPONSE_TO_RETINOIC_ACID",2,559.244142255312,0.489668435910102,0.613092052483362,0.894760428247764
"GOBP_NUCLEAR_MEMBRANE_ORGANIZATION",2,551.680282977892,0.4888607537298,0.613590157018099,0.894760428247764
"GOBP_PLATELET_MORPHOGENESIS",2,548.18895455953,0.489232473190859,0.613364210311996,0.894760428247764
"GOBP_POSITIVE_REGULATION_OF_INSULIN_SECRETION",2,565.235213271391,0.488769511038137,0.613639688568079,0.894760428247764
"GOBP_POSITIVE_REGULATION_OF_TELOMERE_MAINTENANCE_VIA_TELOMERE_LENGTHENING",2,559.152138707959,0.489190541449872,0.613384646705381,0.894760428247764
"GOBP_REGULATION_OF_MITOCHONDRION_ORGANIZATION",2,542.391864991054,0.489959507824647,0.612922091783367,0.894760428247764
"GOBP_REGULATION_OF_RELEASE_OF_SEQUESTERED_CALCIUM_ION_INTO_CYTOSOL",2,537.294640960546,0.489839428496456,0.612998129143086,0.894760428247764
"GOBP_MODIFIED_AMINO_ACID_TRANSPORT",2,567.942428942596,0.488240789674886,0.613962427225742,0.894944912296776
"GOBP_DEPHOSPHORYLATION",2,552.82100827733,0.487769677079438,0.614258266572766,0.895090081098526
"GOBP_PEROXISOME_ORGANIZATION",2,550.20143217898,0.486304629781212,0.615158508322968,0.895829488014385
"GOBP_REGULATION_OF_CHROMOSOME_SEGREGATION",2,536.167569507643,0.486509726438662,0.615039485733303,0.895829488014385
"GOBP_U2_TYPE_PRESPLICEOSOME_ASSEMBLY",2,556.714865136107,0.485867785036974,0.615423739461658,0.895929676247885
"GOBP_SIGNAL_RELEASE",2,543.244074090633,0.484567973482103,0.616229230434324,0.896244107146349
"GOBP_TRACHEA_DEVELOPMENT",2,548.901047147585,0.484569753659091,0.616225396837535,0.896244107146349
"GOBP_VESICLE_MEDIATED_TRANSPORT_BETWEEN_ENDOSOMAL_COMPARTMENTS",2,534.854992079594,0.485028499883826,0.615950185016646,0.896244107146349
"GOBP_CELLULAR_RESPONSE_TO_ETHANOL",2,547.85157489481,0.484202115127105,0.616452090607711,0.896282430749687
"GOBP_REGULATION_OF_ACTOMYOSIN_STRUCTURE_ORGANIZATION",2,549.019682528383,0.483119009599633,0.617118398820511,0.896679521191574
"GOBP_SOMATIC_STEM_CELL_POPULATION_MAINTENANCE",2,554.04157169718,0.483274595820764,0.617020186235066,0.896679521191574
"GOBP_NEGATIVE_REGULATION_OF_HEMOPOIESIS",2,549.130067838807,0.481764317091726,0.61795344996159,0.897606906138475
"GOBP_POSITIVE_REGULATION_OF_PROTEIN_IMPORT_INTO_NUCLEUS",2,541.918644376282,0.481373531937011,0.618198024441294,0.897676278088744
"GOBP_CALCIUM_ION_REGULATED_EXOCYTOSIS",2,531.609111962282,0.479900152271622,0.619113011332233,0.897963016953108
"GOBP_CELLULAR_RESPONSE_TO_OXIDATIVE_STRESS",2,541.951560816024,0.479778640439137,0.619183005550871,0.897963016953108
"GOBP_DENDRITIC_SPINE_MAINTENANCE",2,551.833930573926,0.480224253911208,0.618902933088687,0.897963016953108
"GOBP_REGULATION_OF_SUBSTRATE_ADHESION_DEPENDENT_CELL_SPREADING",2,545.166679976126,0.479800557349919,0.61916791165704,0.897963016953108
"GOBP_AORTA_MORPHOGENESIS",2,538.333300068779,0.47815853812929,0.620186939947472,0.898847357197464
"GOBP_PROTEIN_K29_LINKED_UBIQUITINATION",2,534.995091253066,0.478195485544728,0.62016570653244,0.898847357197464
"GOBP_CELL_FATE_COMMITMENT",2,542.537203748609,0.476968021462019,0.620922384826225,0.898974017412782
"GOBP_INOSITOL_PHOSPHATE_METABOLIC_PROCESS",2,556.899034538314,0.476730819520963,0.621062733801288,0.898974017412782
"GOBP_POSITIVE_REGULATION_OF_CD4_POSITIVE_ALPHA_BETA_T_CELL_ACTIVATION",2,528.428828156046,0.476829889282122,0.621014941545729,0.898974017412782
"GOBP_REGULATION_OF_CARDIAC_MUSCLE_CONTRACTION_BY_CALCIUM_ION_SIGNALING",2,541.825872642128,0.477669042825753,0.620488363315732,0.898974017412782
"GOBP_ESTABLISHMENT_OF_MITOTIC_SPINDLE_LOCALIZATION",2,548.139541253149,0.475622760173713,0.621754140216834,0.89934184532777
"GOBP_HEMOGLOBIN_METABOLIC_PROCESS",2,547.028671843288,0.475994528079997,0.621523955888365,0.89934184532777
"GOBP_LIGAND_GATED_ION_CHANNEL_SIGNALING_PATHWAY",2,540.539186204575,0.475380061263384,0.621908392932205,0.89934184532777
"GOBP_NITRIC_OXIDE_MEDIATED_SIGNAL_TRANSDUCTION",2,561.337274068349,0.474954105707158,0.622163291474951,0.899425284442869
"GOBP_REGULATION_OF_AUTOPHAGY_OF_MITOCHONDRION",2,535.579796205678,0.474166563318143,0.622664603181434,0.899772378174374
"GOBP_REGULATION_OF_TROPHOBLAST_CELL_MIGRATION",2,537.741341199887,0.473633121143576,0.622995213829132,0.899772378174374
"GOBP_T_CELL_ACTIVATION_INVOLVED_IN_IMMUNE_RESPONSE",2,528.262308838951,0.473687679306356,0.622965938333113,0.899772378174374
"GOBP_NEGATIVE_REGULATION_OF_INTERLEUKIN_2_PRODUCTION",2,544.90743383137,0.471742760522962,0.62416855341777,0.900932156880579
"GOBP_OLIGOPEPTIDE_TRANSPORT",2,539.452862502052,0.471695865898781,0.624200344796323,0.900932156880579
"GOBP_RESPONSE_TO_TUMOR_CELL",2,549.273357367928,0.471382861723639,0.624390823920085,0.900932156880579
"GOBP_RNA_POLYMERASE_II_TRANSCRIPTION_INITIATION_SURVEILLANCE",2,531.315153797615,0.47087413287172,0.624716509711074,0.901117014798295
"GOBP_INORGANIC_ION_HOMEOSTASIS",2,540.600810681526,0.470154479905897,0.625160998176991,0.90147306755778
"GOBP_ERK1_AND_ERK2_CASCADE",2,554.01437851408,0.469522344520367,0.625549461221958,0.901748132943537
"GOBP_ATP_METABOLIC_PROCESS",2,536.970979734037,0.468557490556492,0.626160152889669,0.902075069360496
"GOBP_DETOXIFICATION",2,544.260963545843,0.468497121538743,0.626194468347157,0.902075069360496
"GOBP_GLYCEROLIPID_METABOLIC_PROCESS",2,525.876610748538,0.46813916625511,0.626427070421763,0.902075069360496
"GOBP_NUCLEOSIDE_DIPHOSPHATE_CATABOLIC_PROCESS",2,545.559011357375,0.467704876657132,0.626689313788416,0.902075069360496
"GOBP_POSITIVE_REGULATION_OF_ORGANELLE_ASSEMBLY",2,553.268174137026,0.467578068871806,0.626765160009518,0.902075069360496
"GOBP_LYMPHANGIOGENESIS",2,534.03708421221,0.465945692803738,0.627796236738957,0.903274017591918
"GOBP_REGULATION_OF_GLYCOGEN_METABOLIC_PROCESS",2,555.169504812339,0.46535744215151,0.628155329633124,0.903505663341747
"GOBP_REGULATION_OF_NEUTROPHIL_MIGRATION",2,539.53471212551,0.464819788977004,0.628499656828261,0.903715931523865
"GOBP_RESPONSE_TO_CADMIUM_ION",2,551.917083484582,0.464114107524657,0.628936950430573,0.904059700886809
"GOBP_NEGATIVE_REGULATION_OF_MAPK_CASCADE",2,552.526261807339,0.463762896059998,0.62915723851765,0.904091419306554
"GOBP_NEGATIVE_REGULATION_OF_CELL_GROWTH_INVOLVED_IN_CARDIAC_MUSCLE_CELL_DEVELOPMENT",2,549.815053862886,0.463389930723736,0.62939274634995,0.904103548379472
"GOBP_OSSIFICATION",2,534.301445823337,0.463131713363371,0.629562128843062,0.904103548379472
"GOBP_MICROTUBULE_ANCHORING_AT_MICROTUBULE_ORGANIZING_CENTER",2,558.966800331219,0.46237417499961,0.630027302638119,0.904486788584344
"GOBP_NEUROTRANSMITTER_SECRETION",2,548.280872383568,0.461046583394313,0.630867561089658,0.90540810136247
"GOBP_PLASMA_MEMBRANE_ORGANIZATION",2,542.724796742216,0.460648076089187,0.631121089365284,0.90544398056503
"GOBP_POSITIVE_REGULATION_OF_EXTRINSIC_APOPTOTIC_SIGNALING_PATHWAY_VIA_DEATH_DOMAIN_RECEPTORS",2,545.118600734543,0.460378945204192,0.631289598376847,0.90544398056503
"GOBP_C21_STEROID_HORMONE_METABOLIC_PROCESS",2,530.141116328558,0.459850237261931,0.631629798182814,0.905647126536251
"GOBP_NEGATIVE_REGULATION_OF_PHOSPHORYLATION",2,554.873950239285,0.458526684616257,0.632453744290655,0.905974097898768
"GOBP_PYRUVATE_METABOLIC_PROCESS",2,544.453804296968,0.458747034265554,0.632319208299096,0.905974097898768
"GOBP_RESPONSE_TO_PH",2,561.38364113238,0.458971517935905,0.632170157674518,0.905974097898768
"GOBP_REGULATION_OF_INTRACELLULAR_LIPID_TRANSPORT",2,540.898724655856,0.458187174026283,0.632674322048706,0.906005520522496
"GOBP_POSITIVE_REGULATION_OF_CELL_MATRIX_ADHESION",2,547.073488513705,0.457743256227719,0.632952003578418,0.906118671789443
"GOBP_IMMUNE_RESPONSE_REGULATING_CELL_SURFACE_RECEPTOR_SIGNALING_PATHWAY",2,522.147537992641,0.456687952836307,0.633630701972655,0.906236949419028
"GOBP_PLATELET_AGGREGATION",2,537.282751187157,0.456718346292972,0.633604363697874,0.906236949419028
"GOBP_PROTEIN_KINASE_A_SIGNALING",2,577.763193153597,0.457243398112951,0.6332551130694,0.906236949419028
"GOBP_APICAL_JUNCTION_ASSEMBLY",2,549.52509854502,0.449036813548655,0.638476576984288,0.907831741529501
"GOBP_C21_STEROID_HORMONE_BIOSYNTHETIC_PROCESS",2,539.422867241864,0.44371881990732,0.64187979680749,0.907831741529501
"GOBP_CARDIAC_RIGHT_VENTRICLE_MORPHOGENESIS",2,533.866351240159,0.444307180361944,0.641505309610982,0.907831741529501
"GOBP_CD4_POSITIVE_ALPHA_BETA_T_CELL_ACTIVATION",2,523.077451593277,0.447007348088452,0.639783281374616,0.907831741529501
"GOBP_CELLULAR_RESPONSE_TO_PROSTAGLANDIN_E_STIMULUS",2,544.447963843796,0.444336334741541,0.641482037626944,0.907831741529501
"GOBP_CELL_COMMUNICATION_BY_ELECTRICAL_COUPLING_INVOLVED_IN_CARDIAC_CONDUCTION",2,557.664347687158,0.452794636545056,0.636082257556861,0.907831741529501
"GOBP_CHEMOKINE_C_X_C_MOTIF_LIGAND_2_PRODUCTION",2,531.953298597531,0.44441320169667,0.641438264487031,0.907831741529501
"GOBP_ELECTRON_TRANSPORT_CHAIN",2,548.209504471851,0.449376761549242,0.638260480830314,0.907831741529501
"GOBP_ENDOCYTOSIS_INVOLVED_IN_VIRAL_ENTRY_INTO_HOST_CELL",2,537.919140184248,0.447271865259029,0.639607624690452,0.907831741529501
"GOBP_ENDOTHELIAL_CELL_PROLIFERATION",2,534.028400490591,0.447004703580874,0.639779970066382,0.907831741529501
"GOBP_ESTABLISHMENT_OR_MAINTENANCE_OF_CELL_POLARITY",2,548.890859442584,0.447124006095617,0.639697304634145,0.907831741529501
"GOBP_LATE_ENDOSOME_TO_VACUOLE_TRANSPORT_VIA_MULTIVESICULAR_BODY_SORTING_PATHWAY",2,550.253358683418,0.447316199874073,0.639573994529447,0.907831741529501
"GOBP_LEUKOCYTE_CELL_CELL_ADHESION",2,537.52073189712,0.454301671476191,0.63513472513832,0.907831741529501
"GOBP_LEUKOCYTE_MEDIATED_IMMUNITY",2,525.532879802051,0.444195940359485,0.641580307698628,0.907831741529501
"GOBP_MITOTIC_DNA_REPLICATION_CHECKPOINT_SIGNALING",2,538.562151552286,0.448096603128057,0.639080925203112,0.907831741529501
"GOBP_MONOATOMIC_ION_HOMEOSTASIS",2,533.85709807351,0.44502668338106,0.641044681786855,0.907831741529501
"GOBP_NEGATIVE_REGULATION_OF_CELL_MATRIX_ADHESION",2,551.629114888402,0.445451476456681,0.640765225281375,0.907831741529501
"GOBP_NEURAL_NUCLEUS_DEVELOPMENT",2,549.806126227136,0.447116988439497,0.639701399506809,0.907831741529501
"GOBP_NUCLEAR_TRANSCRIBED_MRNA_CATABOLIC_PROCESS",2,554.425993819414,0.443722810288066,0.641870913471836,0.907831741529501
"GOBP_POLYAMINE_METABOLIC_PROCESS",2,562.906442213348,0.451876589745369,0.636663366045477,0.907831741529501
"GOBP_POSITIVE_REGULATION_OF_MRNA_PROCESSING",2,547.141059904047,0.444049457568016,0.641664649335174,0.907831741529501
"GOBP_POSITIVE_REGULATION_OF_VESICLE_FUSION",2,538.471432068414,0.451493621448444,0.636917287333288,0.907831741529501
"GOBP_PROTEIN_LOCALIZATION_TO_CELL_PERIPHERY",2,543.726368726741,0.447920513254373,0.639191027193982,0.907831741529501
"GOBP_PROTEIN_TRANSMEMBRANE_TRANSPORT",2,549.0074524368,0.445716344549645,0.640596902459678,0.907831741529501
"GOBP_P_BODY_ASSEMBLY",2,557.691437045453,0.450537759453635,0.637517100073717,0.907831741529501
"GOBP_RAB_PROTEIN_SIGNAL_TRANSDUCTION",2,551.390100833943,0.445141911406199,0.640963394267455,0.907831741529501
"GOBP_REGULATION_OF_PROTEIN_LOCALIZATION_TO_CHROMOSOME_TELOMERIC_REGION",2,555.621968998072,0.443659052698408,0.64191128402382,0.907831741529501
"GOBP_REGULATION_OF_REACTIVE_OXYGEN_SPECIES_BIOSYNTHETIC_PROCESS",2,542.450631959554,0.447587249569691,0.639404284309536,0.907831741529501
"GOBP_REGULATION_OF_WOUND_HEALING",2,524.107227942793,0.451035052692898,0.637215518690776,0.907831741529501
"GOBP_RESPONSE_TO_VITAMIN_D",2,573.309744862017,0.448020006414964,0.639115391200797,0.907831741529501
"GOBP_RNA_3_END_PROCESSING",2,544.990704657198,0.444861329164159,0.641145668776699,0.907831741529501
"GOBP_RNA_LOCALIZATION",2,550.185604785906,0.447002122091598,0.639774604554352,0.907831741529501
"GOBP_SEX_DIFFERENTIATION",2,547.912996048544,0.450074465126116,0.637816175712495,0.907831741529501
"GOBP_SINGLE_FERTILIZATION",2,553.096177220458,0.448184602078203,0.639018533397548,0.907831741529501
"GOBP_TORC2_SIGNALING",2,527.735903130914,0.444266914841748,0.641533846792757,0.907831741529501
"GOBP_XENOBIOTIC_CATABOLIC_PROCESS",2,513.750437072227,0.454251447168125,0.635177826964897,0.907831741529501
"GOBP_LONG_CHAIN_FATTY_ACID_TRANSPORT",2,549.489062795303,0.443286252402528,0.642152781144223,0.907848382329327
"GOBP_POSITIVE_REGULATION_OF_OLIGODENDROCYTE_DIFFERENTIATION",2,588.333039498298,0.44300011232448,0.642321142244407,0.907848382329327
"GOBP_ENDOPLASMIC_RETICULUM_MANNOSE_TRIMMING",2,551.445742143141,0.44137959210097,0.643375536895442,0.908400073295688
"GOBP_ENDOSOME_ORGANIZATION",2,545.507483777459,0.441177014831571,0.643508142253534,0.908400073295688
"GOBP_NEGATIVE_REGULATION_OF_GENE_EXPRESSION_EPIGENETIC",2,545.287812793384,0.441247274968098,0.643463096206487,0.908400073295688
"GOBP_POSITIVE_REGULATION_OF_GENE_EXPRESSION_VIA_CHROMOSOMAL_CPG_ISLAND_DEMETHYLATION",2,558.345987706436,0.441205723343362,0.643484429446491,0.908400073295688
"GOBP_CARDIAC_VENTRICLE_MORPHOGENESIS",2,544.222763483222,0.440159912594817,0.644162470878281,0.908573017683548
"GOBP_HYDROGEN_PEROXIDE_METABOLIC_PROCESS",2,551.454160907804,0.440052942360029,0.644228269938302,0.908573017683548
"GOBP_REGULATION_OF_SYSTEMIC_ARTERIAL_BLOOD_PRESSURE_BY_RENIN_ANGIOTENSIN",2,552.181857839673,0.440214204618734,0.644124256484208,0.908573017683548
"GOBP_GLIAL_CELL_DIFFERENTIATION",2,545.387855198053,0.439734342174952,0.644435734922796,0.908584663673223
"GOBP_NEGATIVE_REGULATION_OF_MUSCLE_CONTRACTION",2,558.321814407841,0.438874712521095,0.644983791733238,0.909076351698177
"GOBP_REGULATION_OF_INTRACELLULAR_PROTEIN_TRANSPORT",2,542.808963179498,0.438359256840576,0.645322150110539,0.909272266498044
"GOBP_NEUTROPHIL_MIGRATION",2,545.104757325454,0.437730474088074,0.645726432946118,0.909560920527252
"GOBP_ENDOTHELIAL_CELL_APOPTOTIC_PROCESS",2,528.734100427176,0.436374248790147,0.646608352180949,0.910367865508892
"GOBP_POSITIVE_REGULATION_OF_STEM_CELL_POPULATION_MAINTENANCE",2,540.251497580271,0.435807776396156,0.646969194462839,0.910367865508892
"GOBP_TEMPERATURE_HOMEOSTASIS",2,537.420716212728,0.43570907753199,0.64703414491924,0.910367865508892
"GOBP_T_CELL_PROLIFERATION",2,531.76132371184,0.435614450198221,0.647097702253854,0.910367865508892
"GOBP_HISTAMINE_SECRETION",2,566.092758722894,0.434284213389716,0.647943752605498,0.910715394648282
"GOBP_RESPONSE_TO_LIGHT_INTENSITY",2,536.207392369693,0.434412729590537,0.647872626278306,0.910715394648282
"GOBP_RRNA_BASE_METHYLATION",2,580.325424687114,0.434662426449687,0.647693822754941,0.910715394648282
"GOBP_POSITIVE_REGULATION_OF_CANONICAL_WNT_SIGNALING_PATHWAY",2,551.251974511131,0.433566908849852,0.648413765124041,0.911095250379159
"GOBP_REGULATION_OF_MYOBLAST_DIFFERENTIATION",2,550.052361770268,0.432868391260902,0.648866620499731,0.911170152739923
"GOBP_REGULATION_OF_OXIDATIVE_PHOSPHORYLATION",2,534.686164777157,0.433131546070391,0.648702503792806,0.911170152739923
"GOBP_POSITIVE_REGULATION_OF_STEM_CELL_PROLIFERATION",2,549.74342359303,0.432450845870864,0.649137306378723,0.911269699720947
"GOBP_PYRIMIDINE_DEOXYRIBONUCLEOTIDE_METABOLIC_PROCESS",2,544.024424411102,0.429886420227076,0.650803788223113,0.913162321223052
"GOBP_REGULATION_OF_FIBROBLAST_MIGRATION",2,548.092610138772,0.42975750122296,0.650885925519874,0.913162321223052
"GOBP_REGULATION_OF_EXOCYTOSIS",2,548.102839166333,0.428709379989911,0.651567418477419,0.913837329543514
"GOBP_CD8_POSITIVE_ALPHA_BETA_T_CELL_DIFFERENTIATION",2,544.937724939093,0.427978989043047,0.652044011022369,0.914224633960351
"GOBP_BEHAVIOR",2,531.158979041746,0.42656473488869,0.65297101744928,0.914820983593087
"GOBP_DNA_REPAIR_DEPENDENT_CHROMATIN_REMODELING",2,570.499326892269,0.426809943956907,0.652795772641979,0.914820983593087
"GOBP_NEGATIVE_REGULATION_OF_AXON_EXTENSION",2,551.93949414883,0.426398402051196,0.653071063928764,0.914820983593087
"GOBP_MEMBRANE_FISSION",2,553.870377304817,0.426050345963427,0.653297310729157,0.914856934060695
"GOBP_ATF6_MEDIATED_UNFOLDED_PROTEIN_RESPONSE",2,568.577182951119,0.424866184188708,0.654064687922912,0.915650411791406
"GOBP_HEPATICOBILIARY_SYSTEM_DEVELOPMENT",2,528.248992007721,0.424140275257808,0.654554720985462,0.916039396762917
"GOBP_POSITIVE_REGULATION_OF_DNA_TEMPLATED_TRANSCRIPTION_INITIATION",2,546.62768493588,0.423838900781112,0.654744230091452,0.916039396762917
"GOBP_MRNA_CATABOLIC_PROCESS",2,553.619774225712,0.422306935957836,0.655743794760954,0.91613470730887
"GOBP_NEGATIVE_REGULATION_OF_DEFENSE_RESPONSE_TO_VIRUS",2,568.932928690189,0.422186981601475,0.65581666725794,0.91613470730887
"GOBP_POSITIVE_REGULATION_OF_CELLULAR_RESPONSE_TO_INSULIN_STIMULUS",2,546.951539113552,0.422391383337196,0.655691076541398,0.91613470730887
"GOBP_POSITIVE_REGULATION_OF_POST_TRANSCRIPTIONAL_GENE_SILENCING",2,575.065878857812,0.423383514596826,0.655031396721901,0.91613470730887
"GOBP_REGULATION_OF_LIPID_BIOSYNTHETIC_PROCESS",2,533.821267820991,0.423046315430006,0.655267709120737,0.91613470730887
"GOBP_ENDOCRINE_PROCESS",2,560.111512742747,0.421135355050836,0.656508899175476,0.916589070623257
"GOBP_POSITIVE_REGULATION_OF_BONE_RESORPTION",2,556.511856507377,0.421084087653913,0.656543848657352,0.916589070623257
"GOBP_CELLULAR_RESPONSE_TO_STARVATION",2,537.506674953308,0.419319160652919,0.657709205892167,0.916606672954327
"GOBP_DE_NOVO_PROTEIN_FOLDING",2,548.128930506439,0.420245969754166,0.657096691826415,0.916606672954327
"GOBP_GLYCOLYTIC_PROCESS_THROUGH_FRUCTOSE_6_PHOSPHATE",2,539.684473807051,0.419590054136912,0.65753047117255,0.916606672954327
"GOBP_REGULATION_OF_POTASSIUM_ION_TRANSMEMBRANE_TRANSPORT",2,540.404814668507,0.420238517563858,0.657104600958936,0.916606672954327
"GOBP_REGULATION_OF_SYSTEM_PROCESS",2,542.08923133066,0.419235619393839,0.657762254018748,0.916606672954327
"GOBP_VASCULAR_ENDOTHELIAL_GROWTH_FACTOR_RECEPTOR_SIGNALING_PATHWAY",2,551.589083258025,0.419880665063794,0.657335085108064,0.916606672954327
"GOBP_CELL_CYCLE_G1_S_PHASE_TRANSITION",2,542.870436316149,0.417786511136049,0.658714337483971,0.91688371095289
"GOBP_EPITHELIAL_CELL_DIFFERENTIATION_INVOLVED_IN_KIDNEY_DEVELOPMENT",2,554.499116907264,0.418426732869732,0.658288954087688,0.91688371095289
"GOBP_FEAR_RESPONSE",2,553.159153360102,0.41632325109005,0.659673522981839,0.91688371095289
"GOBP_HAIR_CELL_DIFFERENTIATION",2,558.619668033849,0.415366889876339,0.660301753754319,0.91688371095289
"GOBP_HOMOTYPIC_CELL_CELL_ADHESION",2,534.156042854047,0.417346002735955,0.659007567077561,0.91688371095289
"GOBP_MODULATION_OF_PROCESS_OF_ANOTHER_ORGANISM",2,542.94215182318,0.416681527994257,0.65944146185783,0.91688371095289
"GOBP_NEGATIVE_REGULATION_OF_CALCIUM_ION_TRANSPORT",2,552.134695353911,0.416012435000847,0.659878666143748,0.91688371095289
"GOBP_NEGATIVE_REGULATION_OF_CATION_CHANNEL_ACTIVITY",2,549.787510512414,0.417246446323196,0.659066981570836,0.91688371095289
"GOBP_NEGATIVE_REGULATION_OF_NUCLEAR_TRANSCRIBED_MRNA_CATABOLIC_PROCESS_DEADENYLATION_DEPENDENT_DECAY",2,556.887026668087,0.415214087690322,0.660403140071869,0.91688371095289
"GOBP_NEGATIVE_REGULATION_OF_PROTEIN_CONTAINING_COMPLEX_DISASSEMBLY",2,547.854180694308,0.414705353092901,0.660742052908924,0.91688371095289
"GOBP_PRESYNAPTIC_ENDOCYTOSIS",2,551.820723449231,0.415917537827118,0.6599413129222,0.91688371095289
"GOBP_REGULATION_OF_COLLAGEN_METABOLIC_PROCESS",2,550.952340861177,0.415092621532668,0.660485438995423,0.91688371095289
"GOBP_REGULATION_OF_INSULIN_RECEPTOR_SIGNALING_PATHWAY",2,545.692841192311,0.417898455727349,0.658639621785875,0.91688371095289
"GOBP_REGULATION_OF_POLYSACCHARIDE_BIOSYNTHETIC_PROCESS",2,536.199988088163,0.414661574024171,0.660775434751622,0.91688371095289
"GOBP_METANEPHRIC_TUBULE_DEVELOPMENT",2,564.077503196335,0.413616323681313,0.6614549960364,0.91754751731205
"GOBP_GLAND_MORPHOGENESIS",2,541.752109382859,0.412336879598602,0.66230880366928,0.918259488100423
"GOBP_PROTEIN_EXIT_FROM_ENDOPLASMIC_RETICULUM",2,539.998272805257,0.412243988668925,0.66237090897838,0.918259488100423
"GOBP_LEUKOCYTE_PROLIFERATION",2,534.290717613721,0.411927495488778,0.662582478054649,0.91827368046407
"GOBP_INOSITOL_TRISPHOSPHATE_METABOLIC_PROCESS",2,558.147993773994,0.411532969721024,0.66283457036509,0.918344008333893
"GOBP_ACTIN_FILAMENT_POLYMERIZATION",2,536.941224107912,0.400392182299056,0.670257099225253,0.919130334891235
"GOBP_ANTIGEN_PROCESSING_AND_PRESENTATION_OF_ENDOGENOUS_ANTIGEN",2,529.965322989117,0.398750114794052,0.671359584108942,0.919130334891235
"GOBP_APOPTOTIC_DNA_FRAGMENTATION",2,502.810908230798,0.399451581258124,0.670900406916608,0.919130334891235
"GOBP_AXON_DEVELOPMENT",2,543.160518931871,0.403231907256889,0.668356976893955,0.919130334891235
"GOBP_CELL_COMMUNICATION_BY_ELECTRICAL_COUPLING",2,553.10284820254,0.406846560551084,0.665945403121861,0.919130334891235
"GOBP_CENTROSOME_DUPLICATION",2,531.813414246054,0.397863432490329,0.671953540442795,0.919130334891235
"GOBP_DENDRITIC_SPINE_DEVELOPMENT",2,527.285917310668,0.404689294292647,0.667391122235584,0.919130334891235
"GOBP_EPITHELIAL_CELL_DEVELOPMENT",2,557.273433186224,0.397441253211921,0.672227757013588,0.919130334891235
"GOBP_ESTABLISHMENT_OF_PROTEIN_LOCALIZATION_TO_ENDOPLASMIC_RETICULUM",2,550.881079673509,0.400222098620553,0.670365888419081,0.919130334891235
"GOBP_FOLIC_ACID_METABOLIC_PROCESS",2,528.937943058991,0.403259031710973,0.668344244790269,0.919130334891235
"GOBP_GAMMA_AMINOBUTYRIC_ACID_SIGNALING_PATHWAY",2,541.022447989621,0.404331020100325,0.667624662626954,0.919130334891235
"GOBP_GASTRULATION_WITH_MOUTH_FORMING_SECOND",2,542.407233672545,0.400451731478865,0.670215233448029,0.919130334891235
"GOBP_GLOMERULAR_MESANGIUM_DEVELOPMENT",2,541.929090150995,0.403223184304199,0.668363252036012,0.919130334891235
"GOBP_GLUTATHIONE_METABOLIC_PROCESS",2,540.152593603242,0.397461298317989,0.672220329851721,0.919130334891235
"GOBP_INTRINSIC_APOPTOTIC_SIGNALING_PATHWAY_IN_RESPONSE_TO_DNA_DAMAGE",2,548.347424278036,0.401592888528618,0.669449824723393,0.919130334891235
"GOBP_MITOTIC_CYTOKINESIS",2,543.277175948917,0.39867555421603,0.671404643532013,0.919130334891235
"GOBP_NEGATIVE_REGULATION_OF_ANOIKIS",2,552.344112932119,0.398277435766662,0.671668390597856,0.919130334891235
"GOBP_NEGATIVE_REGULATION_OF_DNA_BIOSYNTHETIC_PROCESS",2,550.446060325901,0.402066823950448,0.669132337376803,0.919130334891235
"GOBP_NEGATIVE_REGULATION_OF_LYMPHOCYTE_ACTIVATION",2,542.105892655412,0.409720443935459,0.664041194621178,0.919130334891235
"GOBP_NEGATIVE_REGULATION_OF_SIGNAL_TRANSDUCTION_IN_ABSENCE_OF_LIGAND",2,531.192171398096,0.40075050349606,0.670019497235241,0.919130334891235
"GOBP_NEURONAL_ACTION_POTENTIAL",2,517.47661432169,0.404435046557563,0.667564483813717,0.919130334891235
"GOBP_NEURON_FATE_COMMITMENT",2,546.673345764931,0.407518543626705,0.665501052344138,0.919130334891235
"GOBP_NEUROTRANSMITTER_RECEPTOR_TRANSPORT_TO_PLASMA_MEMBRANE",2,554.054903125782,0.407211369538521,0.665702519197793,0.919130334891235
"GOBP_NUCLEOSIDE_DIPHOSPHATE_METABOLIC_PROCESS",2,541.120347941988,0.406185600541683,0.666389458434139,0.919130334891235
"GOBP_ORGANIC_ANION_TRANSPORT",2,528.631069235545,0.403733632164274,0.668027725805488,0.919130334891235
"GOBP_PENTOSE_METABOLIC_PROCESS",2,533.479089114875,0.410139531902405,0.663766705184058,0.919130334891235
"GOBP_PEROXISOMAL_TRANSPORT",2,543.898519325476,0.409024636137276,0.664502028640234,0.919130334891235
"GOBP_POSITIVE_REGULATION_OF_EPITHELIAL_CELL_APOPTOTIC_PROCESS",2,555.715144462734,0.406883345827172,0.665920007431789,0.919130334891235
"GOBP_POSITIVE_REGULATION_OF_IMMUNE_EFFECTOR_PROCESS",2,537.920972470408,0.397390041125369,0.672268975487209,0.919130334891235
"GOBP_POSITIVE_REGULATION_OF_POTASSIUM_ION_TRANSPORT",2,544.02069331882,0.401896192869493,0.66924867024762,0.919130334891235
"GOBP_POSITIVE_REGULATION_OF_SMALL_GTPASE_MEDIATED_SIGNAL_TRANSDUCTION",2,547.658822900347,0.40592265261645,0.666562026095358,0.919130334891235
"GOBP_POTASSIUM_ION_EXPORT_ACROSS_PLASMA_MEMBRANE",2,539.315590011713,0.404907253905867,0.667241278439656,0.919130334891235
"GOBP_REGULATION_OF_LEUKOCYTE_APOPTOTIC_PROCESS",2,543.225116353485,0.399659171157659,0.67074555017384,0.919130334891235
"GOBP_REGULATION_OF_MEMBRANE_REPOLARIZATION",2,563.124662884748,0.40544127845484,0.666877007403568,0.919130334891235
"GOBP_REGULATION_OF_MONOATOMIC_ION_TRANSPORT",2,531.722007419493,0.408988854453166,0.66453044100038,0.919130334891235
"GOBP_REGULATION_OF_RNA_SPLICING",2,565.612437530539,0.407595730832057,0.665443004352763,0.919130334891235
"GOBP_REGULATION_OF_SNARE_COMPLEX_ASSEMBLY",2,543.026803170389,0.40081433760219,0.669972385741643,0.919130334891235
"GOBP_REGULATION_OF_VESICLE_MEDIATED_TRANSPORT",2,546.465393658436,0.398342113310756,0.671627084325628,0.919130334891235
"GOBP_RESPONSE_TO_FOLLICLE_STIMULATING_HORMONE",2,554.427644854532,0.403655029888337,0.668070594313975,0.919130334891235
"GOBP_STARTLE_RESPONSE",2,567.76778469918,0.401431643170628,0.669550903740057,0.919130334891235
"GOBP_STORE_OPERATED_CALCIUM_ENTRY",2,536.14042281135,0.403956629215999,0.667876119638842,0.919130334891235
"GOBP_TRANSFORMING_GROWTH_FACTOR_BETA_PRODUCTION",2,562.830198072886,0.404313528075301,0.667628522519938,0.919130334891235
"GOBP_TRANSPOSABLE_ELEMENT_SILENCING_BY_HETEROCHROMATIN_FORMATION",2,531.60579190336,0.400023606964871,0.670505818661816,0.919130334891235
"GOBP_VESICLE_CYTOSKELETAL_TRAFFICKING",2,536.870988134242,0.408000379783316,0.665184635355707,0.919130334891235
"GOBP_AMINE_METABOLIC_PROCESS",2,552.234220036789,0.39483869119317,0.673978777038714,0.919474311402822
"GOBP_CHAPERONE_MEDIATED_PROTEIN_FOLDING",2,549.803683855478,0.396032825602451,0.6731764293071,0.919474311402822
"GOBP_HYALURONAN_CATABOLIC_PROCESS",2,513.576926693292,0.396648464111761,0.672776272624682,0.919474311402822
"GOBP_LAYER_FORMATION_IN_CEREBRAL_CORTEX",2,563.139265299164,0.395994668517731,0.6731975410562,0.919474311402822
"GOBP_NEUROMUSCULAR_SYNAPTIC_TRANSMISSION",2,553.059310681265,0.393977297425636,0.674558477144454,0.919474311402822
"GOBP_POSITIVE_REGULATION_OF_INTRACELLULAR_ESTROGEN_RECEPTOR_SIGNALING_PATHWAY",2,558.113731664838,0.395780867226319,0.673342968161918,0.919474311402822
"GOBP_POSITIVE_REGULATION_OF_MUSCLE_CONTRACTION",2,540.366987777376,0.394289460988141,0.67435268090999,0.919474311402822
"GOBP_POSITIVE_REGULATION_OF_SPROUTING_ANGIOGENESIS",2,552.006286767443,0.394756788154676,0.674033979776711,0.919474311402822
"GOBP_REGULATION_OF_CARDIAC_EPITHELIAL_TO_MESENCHYMAL_TRANSITION",2,545.876251304306,0.394496978528901,0.674211003420955,0.919474311402822
"GOBP_REGULATION_OF_LEUKOCYTE_DIFFERENTIATION",2,541.635615675685,0.393417400553352,0.674939705015709,0.919474311402822
"GOBP_SYNAPTIC_TRANSMISSION_CHOLINERGIC",2,550.79415447275,0.395508402736577,0.673528699281378,0.919474311402822
"GOBP_XENOBIOTIC_TRANSPORT",2,563.870005677772,0.393546515708949,0.674845097364992,0.919474311402822
"GOBP_NEGATIVE_REGULATION_OF_EXTRACELLULAR_MATRIX_ORGANIZATION",2,551.276158807515,0.392236916184662,0.675732425679826,0.919913390756348
"GOBP_POSITIVE_REGULATION_OF_CELL_MORPHOGENESIS",2,539.577193496389,0.391814532077576,0.676021573002272,0.919913390756348
"GOBP_REGULATION_OF_HEART_RATE",2,534.069187835465,0.391747540771316,0.676068775666582,0.919913390756348
"GOBP_REGULATION_OF_MICROTUBULE_BASED_PROCESS",2,542.442077148298,0.392238002356067,0.675734758134479,0.919913390756348
"GOBP_HETEROCHROMATIN_FORMATION",2,546.338224408725,0.390903232862483,0.676634651762159,0.920001094004456
"GOBP_LONG_TERM_SYNAPTIC_DEPRESSION",2,560.317381324981,0.390690392061269,0.676773768316823,0.920001094004456
"GOBP_REGULATION_OF_POSTSYNAPTIC_MEMBRANE_NEUROTRANSMITTER_RECEPTOR_LEVELS",2,524.312931676853,0.390475945588734,0.676931338385385,0.920001094004456
"GOBP_REGULATION_OF_SYNAPTIC_VESICLE_ENDOCYTOSIS",2,549.065590933355,0.390449921558105,0.676940072676815,0.920001094004456
"GOBP_G_PROTEIN_COUPLED_RECEPTOR_INTERNALIZATION",2,541.704725549869,0.388260548731436,0.678424193085887,0.921743444940342
"GOBP_NEGATIVE_REGULATION_OF_PROTEIN_CONTAINING_COMPLEX_ASSEMBLY",2,547.27450318043,0.386711921189045,0.679472224748439,0.922343100320723
"GOBP_REGULATION_OF_CELL_ADHESION_MEDIATED_BY_INTEGRIN",2,541.331194759762,0.386938476499323,0.679320557951484,0.922343100320723
"GOBP_T_CELL_MEDIATED_IMMUNITY",2,520.384996799702,0.38685428797151,0.679385215114437,0.922343100320723
"GOBP_PRESYNAPTIC_MODULATION_OF_CHEMICAL_SYNAPTIC_TRANSMISSION",2,552.16449036363,0.386281956963114,0.679762385798265,0.922462434283215
"GOBP_CELLULAR_RESPONSE_TO_DSRNA",2,555.391815238939,0.384943511442351,0.680670489657752,0.922926159167761
"GOBP_ENDOTHELIAL_CELL_DIFFERENTIATION",2,548.305853684483,0.385030992406359,0.680613372455291,0.922926159167761
"GOBP_REGULATION_OF_SISTER_CHROMATID_COHESION",2,546.213666418432,0.384888160184745,0.680711159710666,0.922926159167761
"GOBP_REGULATION_OF_NEUROTRANSMITTER_RECEPTOR_LOCALIZATION_TO_POSTSYNAPTIC_SPECIALIZATION_MEMBRANE",2,558.98176918556,0.384292486133116,0.681111993335315,0.923195186211701
"GOBP_ERBB_SIGNALING_PATHWAY",2,543.319400223002,0.382712805953315,0.682192449486167,0.92361379464546
"GOBP_MACROPHAGE_CYTOKINE_PRODUCTION",2,542.028615727509,0.383179845384317,0.681874799387419,0.92361379464546
"GOBP_POSITIVE_REGULATION_OF_MYELOID_CELL_DIFFERENTIATION",2,550.925548060798,0.382652729894082,0.682230842832834,0.92361379464546
"GOBP_REGULATION_OF_SYNAPTIC_VESICLE_RECYCLING",2,547.980697058078,0.382784630581008,0.682141960040591,0.92361379464546
"GOBP_CELLULAR_RESPONSE_TO_OXYGEN_LEVELS",2,532.856823573591,0.38225429492276,0.682508471171432,0.923674086234941
"GOBP_POSITIVE_REGULATION_OF_MEMBRANE_PROTEIN_ECTODOMAIN_PROTEOLYSIS",2,543.808760133842,0.381926620489629,0.682728071187039,0.923674086234941
"GOBP_TYPE_II_INTERFERON_PRODUCTION",2,524.50145716596,0.38170936991042,0.682882924530634,0.923674086234941
"GOBP_CRANIAL_SKELETAL_SYSTEM_DEVELOPMENT",2,531.079675695478,0.379606585109192,0.684315981212977,0.923684932268545
"GOBP_CYTOKINETIC_PROCESS",2,551.772983334644,0.380359074137336,0.683794997025587,0.923684932268545
"GOBP_GANGLIOSIDE_METABOLIC_PROCESS",2,539.647381248035,0.379020577424678,0.684713605788193,0.923684932268545
"GOBP_GLANDULAR_EPITHELIAL_CELL_DEVELOPMENT",2,554.613153130625,0.381005826827222,0.683352583775122,0.923684932268545
"GOBP_NUCLEIC_ACID_CATABOLIC_PROCESS",2,545.35317112495,0.379289546549277,0.684527816402882,0.923684932268545
"GOBP_POSITIVE_REGULATION_OF_TOR_SIGNALING",2,548.490320576693,0.379725032898867,0.684229160099808,0.923684932268545
"GOBP_PROTEIN_MONOUBIQUITINATION",2,543.594878362726,0.380557880613781,0.683661949441207,0.923684932268545
"GOBP_REGULATION_OF_BIOMINERAL_TISSUE_DEVELOPMENT",2,557.197046679603,0.381157447725926,0.683248294807338,0.923684932268545
"GOBP_REGULATION_OF_CATION_CHANNEL_ACTIVITY",2,538.42436372697,0.37991469738494,0.684102937152809,0.923684932268545
"GOBP_NEGATIVE_REGULATION_OF_HEMATOPOIETIC_PROGENITOR_CELL_DIFFERENTIATION",2,547.150493334327,0.377893401711834,0.685482268368986,0.924175177662118
"GOBP_REGULATION_OF_BINDING",2,544.563687695505,0.378078880944436,0.685356161787267,0.924175177662118
"GOBP_COLLAGEN_BIOSYNTHETIC_PROCESS",2,553.936288248853,0.377023948843523,0.686075520698195,0.924565517197676
"GOBP_MITOTIC_INTRA_S_DNA_DAMAGE_CHECKPOINT_SIGNALING",2,535.577091736002,0.375932223519327,0.686829913575147,0.924565517197676
"GOBP_NEGATIVE_REGULATION_OF_TRANSMEMBRANE_TRANSPORT",2,546.024942104344,0.37487035841876,0.687555154022389,0.924565517197676
"GOBP_PLATELET_ACTIVATION",2,531.572536283835,0.37594895955567,0.686819797845352,0.924565517197676
"GOBP_REGULATION_OF_ACTIN_FILAMENT_POLYMERIZATION",2,540.17704539436,0.374518197885535,0.687798903716666,0.924565517197676
"GOBP_REGULATION_OF_BONE_REMODELING",2,561.596649493286,0.374571028551601,0.687755817189493,0.924565517197676
"GOBP_REGULATION_OF_ENDOCRINE_PROCESS",2,539.530458848753,0.376301375924156,0.686575443297227,0.924565517197676
"GOBP_REGULATION_OF_LEUKOCYTE_MIGRATION",2,542.745293973226,0.374831835419908,0.687582672035611,0.924565517197676
"GOBP_REGULATION_OF_PROTEIN_LOCALIZATION_TO_CELL_PERIPHERY",2,540.358695581211,0.376470058023256,0.68645952552819,0.924565517197676
"GOBP_RESPONSE_TO_HYPEROXIA",2,535.515634147809,0.374665480818372,0.68769930312081,0.924565517197676
"GOBP_CORTICAL_CYTOSKELETON_ORGANIZATION",2,550.162198892401,0.373733635201357,0.68833476529758,0.92474075538211
"GOBP_MODIFIED_AMINO_ACID_METABOLIC_PROCESS",2,503.529540707077,0.373968682732791,0.688189383002287,0.92474075538211
"GOBP_REGULATION_OF_RESPONSE_TO_TUMOR_CELL",2,531.614289768582,0.373065645110482,0.688800164347834,0.925093506946546
"GOBP_MITOTIC_NUCLEAR_MEMBRANE_ORGANIZATION",2,534.421076900975,0.372678698490607,0.689065427576091,0.925177337407874
"GOBP_INTERLEUKIN_2_PRODUCTION",2,537.370836107271,0.371440795037257,0.68991678881994,0.92562070861609
"GOBP_NUCLEOBASE_CONTAINING_COMPOUND_CATABOLIC_PROCESS",2,544.219805837865,0.371015828130233,0.690207417233791,0.92562070861609
"GOBP_PROTEIN_AUTOUBIQUITINATION",2,551.215152600599,0.371525603665444,0.689853918736855,0.92562070861609
"GOBP_REGULATION_OF_MYOTUBE_DIFFERENTIATION",2,551.810992990533,0.371306160293273,0.690004929421113,0.92562070861609
"GOBP_POSITIVE_REGULATION_OF_COLLAGEN_METABOLIC_PROCESS",2,548.236273620952,0.370567053154728,0.690515538709525,0.925761720180524
"GOBP_REGULATION_OF_CELL_MIGRATION_INVOLVED_IN_SPROUTING_ANGIOGENESIS",2,542.51426975113,0.370078217968453,0.690854530904415,0.92594402452396
"GOBP_REGULATION_OF_ANTIGEN_PROCESSING_AND_PRESENTATION",2,555.752748523261,0.369608676944601,0.69117441126496,0.926064604075413
"GOBP_RESPIRATORY_GASEOUS_EXCHANGE_BY_RESPIRATORY_SYSTEM",2,564.743217457689,0.369349587189895,0.691350575943166,0.926064604075413
"GOBP_REGULATION_OF_MYELOID_CELL_DIFFERENTIATION",2,553.21284748336,0.36897435091834,0.691613174482719,0.926144359605309
"GOBP_AXONEMAL_DYNEIN_COMPLEX_ASSEMBLY",2,534.943977450866,0.367753290842982,0.692462837806434,0.927009980403623
"GOBP_MUSCLE_SYSTEM_PROCESS",2,542.348354197552,0.366802192189649,0.693118471934856,0.927304511306045
"GOBP_NEGATIVE_REGULATION_OF_INTRACELLULAR_TRANSPORT",2,549.046234866946,0.36654737479239,0.693292783063717,0.927304511306045
"GOBP_SUBPALLIUM_DEVELOPMENT",2,565.104100567513,0.366949008964727,0.693009939214504,0.927304511306045
"GOBP_MONOSACCHARIDE_BIOSYNTHETIC_PROCESS",2,536.665323135605,0.365289741718237,0.694167962474231,0.928109382837846
"GOBP_RESPONSE_TO_OXYGEN_RADICAL",2,575.658691018378,0.365080288571553,0.694301515948856,0.928109382837846
"GOBP_NEGATIVE_REGULATION_OF_CELL_MIGRATION_INVOLVED_IN_SPROUTING_ANGIOGENESIS",2,549.704047284034,0.364293096398797,0.694855138001143,0.928577288140408
"GOBP_ORGAN_INDUCTION",2,509.776975940754,0.362802739409196,0.695903149470156,0.928694177921186
"GOBP_POSITIVE_REGULATION_OF_PROTEIN_SERINE_THREONINE_KINASE_ACTIVITY",2,535.822744151184,0.363853503072257,0.695164584137056,0.928694177921186
"GOBP_REGULATION_OF_PROTEIN_CONTAINING_COMPLEX_DISASSEMBLY",2,546.996737098221,0.362702390466721,0.69596068847503,0.928694177921186
"GOBP_REGULATION_OF_RETINOIC_ACID_RECEPTOR_SIGNALING_PATHWAY",2,551.858563516055,0.363505225257267,0.695401434139168,0.928694177921186
"GOBP_SUBSTRATE_ADHESION_DEPENDENT_CELL_SPREADING",2,539.295196207464,0.363231886443899,0.695595157537071,0.928694177921186
"GOBP_ACTIVIN_RECEPTOR_SIGNALING_PATHWAY",2,558.451221787016,0.361858977923382,0.696543726802893,0.929131394373083
"GOBP_TAIL_ANCHORED_MEMBRANE_PROTEIN_INSERTION_INTO_ER_MEMBRANE",2,554.133736817407,0.361642272569109,0.696695761621562,0.929131394373083
"GOBP_CARDIAC_MUSCLE_CELL_MEMBRANE_REPOLARIZATION",2,550.92500540766,0.359030317729315,0.698516453092194,0.930626638058959
"GOBP_CELLULAR_RESPONSE_TO_ABIOTIC_STIMULUS",2,533.050971424327,0.358629378074423,0.698801668281575,0.930626638058959
"GOBP_CELLULAR_RESPONSE_TO_NUTRIENT_LEVELS",2,540.488985223504,0.359584470782909,0.698133137411934,0.930626638058959
"GOBP_NEGATIVE_REGULATION_OF_CELL_CELL_ADHESION",2,545.52449565705,0.358662882191576,0.698774438407028,0.930626638058959
"GOBP_NEGATIVE_REGULATION_OF_PROTEIN_BINDING",2,555.662333906655,0.358413670925147,0.698945376265691,0.930626638058959
"GOBP_POSITIVE_REGULATION_OF_HOMOTYPIC_CELL_CELL_ADHESION",2,536.304735848372,0.358284756601576,0.699041188772197,0.930626638058959
"GOBP_LONG_TERM_SYNAPTIC_POTENTIATION",2,555.601892088479,0.357750833332352,0.699408237873642,0.930843587085405
"GOBP_PROTEIN_TRANSPORT_TO_VACUOLE_INVOLVED_IN_UBIQUITIN_DEPENDENT_PROTEIN_CATABOLIC_PROCESS_VIA_THE_MULTIVESICULAR_BODY_SORTING_PATHWAY",2,555.918050097816,0.356582012179519,0.700225057060308,0.931658834670965
"GOBP_AZOLE_TRANSMEMBRANE_TRANSPORT",2,537.842568290126,0.355900688583908,0.700707044675664,0.931749953451303
"GOBP_NEGATIVE_REGULATION_OF_CATABOLIC_PROCESS",2,551.65547844664,0.355609962057126,0.700906399976194,0.931749953451303
"GOBP_PYRIMIDINE_NUCLEOTIDE_CATABOLIC_PROCESS",2,544.365217347508,0.355768842637758,0.700797341418106,0.931749953451303
"GOBP_METANEPHRIC_EPITHELIUM_DEVELOPMENT",2,563.651133261327,0.353560821263642,0.702338899329737,0.933153606441028
"GOBP_REGULATION_OF_MEMBRANE_INVAGINATION",2,539.237569757557,0.353524406179848,0.702371482331078,0.933153606441028
"GOBP_POSITIVE_REGULATION_OF_MYELOID_LEUKOCYTE_DIFFERENTIATION",2,546.235125848919,0.353196204865169,0.702599658972428,0.933184928530356
"GOBP_GLYCEROLIPID_CATABOLIC_PROCESS",2,551.147349030145,0.35281084227382,0.702868692041505,0.933270481630657
"GOBP_DNA_DAMAGE_RESPONSE_SIGNAL_TRANSDUCTION_BY_P53_CLASS_MEDIATOR",2,540.479553529651,0.351851120058,0.70354582616561,0.933897704639507
"GOBP_ACTIN_CROSSLINK_FORMATION",2,549.786633463142,0.350074438390472,0.704792589348632,0.933915624997964
"GOBP_ENDOTHELIAL_CELL_MIGRATION",2,539.641662251849,0.351249659418576,0.703968807556373,0.933915624997964
"GOBP_HOMOLOGOUS_CHROMOSOME_PAIRING_AT_MEIOSIS",2,533.514143863659,0.350286706333526,0.704647978968919,0.933915624997964
"GOBP_NEGATIVE_REGULATION_OF_EPITHELIAL_CELL_MIGRATION",2,568.307629317757,0.350035518765944,0.704814874767219,0.933915624997964
"GOBP_PYRIMIDINE_DEOXYRIBONUCLEOSIDE_MONOPHOSPHATE_METABOLIC_PROCESS",2,511.56262344002,0.350258918577054,0.704674474933332,0.933915624997964
"GOBP_REGULATION_OF_ACTIN_FILAMENT_BUNDLE_ASSEMBLY",2,546.546274545758,0.351226616374966,0.703982978705557,0.933915624997964
"GOBP_RESPONSE_TO_CALCIUM_ION",2,533.177089315854,0.349797183531699,0.704992654432797,0.933915624997964
"GOBP_SKELETAL_MUSCLE_ORGAN_DEVELOPMENT",2,542.91887255168,0.348675101344344,0.705780239341713,0.934687477246677
"GOBP_NEGATIVE_REGULATION_OF_T_CELL_PROLIFERATION",2,537.645798557259,0.348128072382837,0.70616747542063,0.934800451717053
"GOBP_OLIGODENDROCYTE_DEVELOPMENT",2,556.137267086052,0.347967489761361,0.706275456394862,0.934800451717053
"GOBP_AXON_EXTENSION",2,548.97838163186,0.347491558711966,0.706613252125002,0.934888365905904
"GOBP_NEGATIVE_REGULATION_OF_CYTOSKELETON_ORGANIZATION",2,547.509389588158,0.347295806816771,0.706751827591221,0.934888365905904
"GOBP_FERROPTOSIS",2,561.996320288994,0.346388791927535,0.707388351465826,0.935459052199372
"GOBP_GLANDULAR_EPITHELIAL_CELL_DIFFERENTIATION",2,540.01171178468,0.345286827512003,0.708173444614198,0.935683395389732
"GOBP_NEURONAL_STEM_CELL_POPULATION_MAINTENANCE",2,523.718219959752,0.345580683870643,0.707970502392347,0.935683395389732
"GOBP_PYRIMIDINE_CONTAINING_COMPOUND_CATABOLIC_PROCESS",2,566.477728264492,0.345361857319462,0.70811308522146,0.935683395389732
"GOBP_EPIGENETIC_PROGRAMMING_IN_THE_ZYGOTIC_PRONUCLEI",2,551.522657248785,0.343666898424462,0.709316868505118,0.936208009372021
"GOBP_POSITIVE_REGULATION_OF_CIRCADIAN_RHYTHM",2,566.010442857172,0.342687273137282,0.710007345849117,0.936208009372021
"GOBP_PYRIMIDINE_NUCLEOSIDE_MONOPHOSPHATE_METABOLIC_PROCESS",2,536.612793529586,0.343516703161925,0.709427490318654,0.936208009372021
"GOBP_REGULATION_OF_HAIR_CYCLE",2,574.406516269854,0.343079721036111,0.709726942819289,0.936208009372021
"GOBP_REGULATION_OF_MONOATOMIC_ION_TRANSMEMBRANE_TRANSPORT",2,528.005195660677,0.343306865530314,0.709578716493374,0.936208009372021
"GOBP_REGULATION_OF_SYSTEMIC_ARTERIAL_BLOOD_PRESSURE_BY_CIRCULATORY_RENIN_ANGIOTENSIN",2,545.391087079199,0.342809207789371,0.709926444799027,0.936208009372021
"GOBP_RETROGRADE_VESICLE_MEDIATED_TRANSPORT_GOLGI_TO_ENDOPLASMIC_RETICULUM",2,545.96164569567,0.34364026201006,0.709337283312637,0.936208009372021
"GOBP_ENTEROENDOCRINE_CELL_DIFFERENTIATION",2,557.614363209128,0.342024070211695,0.710480019042974,0.936560510651736
"GOBP_REGULATION_OF_LYMPHOCYTE_MEDIATED_IMMUNITY",2,528.347322043303,0.34147623069261,0.710877098654983,0.936597033278271
"GOBP_SUBSTRATE_DEPENDENT_CELL_MIGRATION_CELL_EXTENSION",2,532.983380591511,0.341416106943097,0.710918423417973,0.936597033278271
"GOBP_PHOSPHATIDYLINOSITOL_METABOLIC_PROCESS",2,547.020301509115,0.340812644078054,0.7113430456574,0.936615366987125
"GOBP_REGULATION_OF_OSTEOBLAST_DIFFERENTIATION",2,528.259182300396,0.340963769244583,0.711241045011193,0.936615366987125
"GOBP_REGULATION_OF_MITOCHONDRIAL_MEMBRANE_POTENTIAL",2,558.128628200103,0.339982629843731,0.711929991930907,0.937117660374276
"GOBP_ESTABLISHMENT_OF_SKIN_BARRIER",2,542.230775041261,0.339324503528147,0.712402417959808,0.937400253868071
"GOBP_REGULATION_OF_THE_FORCE_OF_HEART_CONTRACTION",2,557.413897010969,0.339103280325958,0.712555729042008,0.937400253868071
"GOBP_AMIDE_TRANSPORT",2,539.269270605774,0.33517793748228,0.715359701942097,0.937437041380582
"GOBP_ASTRAL_MICROTUBULE_ORGANIZATION",2,545.843659487524,0.336980560772326,0.714071133786061,0.937437041380582
"GOBP_DENDRITIC_TRANSPORT",2,558.019650974371,0.334453883363341,0.715872224321106,0.937437041380582
"GOBP_DNA_TEMPLATED_TRANSCRIPTION_TERMINATION",2,540.806031621625,0.337900188878938,0.713416953696643,0.937437041380582
"GOBP_IMMUNE_SYSTEM_DEVELOPMENT",2,540.783249947159,0.335001908746881,0.7154850643961,0.937437041380582
"GOBP_MAST_CELL_MIGRATION",2,533.407974642326,0.334802366440824,0.715629719102729,0.937437041380582
"GOBP_MULTICELLULAR_ORGANISMAL_LEVEL_CHEMICAL_HOMEOSTASIS",2,535.967293701869,0.336221841421543,0.714615173746972,0.937437041380582
"GOBP_OUTFLOW_TRACT_MORPHOGENESIS",2,529.633407102479,0.336241155883758,0.714603188435535,0.937437041380582
"GOBP_POSITIVE_REGULATION_OF_NERVOUS_SYSTEM_DEVELOPMENT",2,547.707910305517,0.336900279201647,0.7141278875409,0.937437041380582
"GOBP_POSITIVE_REGULATION_OF_PROTEIN_LOCALIZATION_TO_CAJAL_BODY",2,550.991510717546,0.336800922201593,0.714197877433777,0.937437041380582
"GOBP_REACTIVE_OXYGEN_SPECIES_BIOSYNTHETIC_PROCESS",2,543.960946509578,0.337183753801747,0.713926747024936,0.937437041380582
"GOBP_REGULATION_OF_CALCIUM_ION_TRANSMEMBRANE_TRANSPORTER_ACTIVITY",2,549.026728893826,0.338422327311803,0.713042756240154,0.937437041380582
"GOBP_REGULATION_OF_GAMMA_DELTA_T_CELL_DIFFERENTIATION",2,535.445179542829,0.334515090687133,0.715834503586226,0.937437041380582
"GOBP_REGULATION_OF_INTRACELLULAR_STEROID_HORMONE_RECEPTOR_SIGNALING_PATHWAY",2,548.776203576379,0.335045824553121,0.715451523299912,0.937437041380582
"GOBP_REGULATION_OF_NEURAL_PRECURSOR_CELL_PROLIFERATION",2,538.409774328439,0.334507949290165,0.715838786956208,0.937437041380582
"GOBP_SKIN_DEVELOPMENT",2,537.642222280283,0.334642414700741,0.715742869513626,0.937437041380582
"GOBP_EXTRACELLULAR_MATRIX_DISASSEMBLY",2,547.541125530912,0.333271551684555,0.716720836227407,0.937740600697992
"GOBP_G_PROTEIN_COUPLED_SEROTONIN_RECEPTOR_SIGNALING_PATHWAY",2,537.145429935408,0.333515847215585,0.71654879144735,0.937740600697992
"GOBP_NEGATIVE_REGULATION_OF_BLOOD_VESSEL_ENDOTHELIAL_CELL_MIGRATION",2,544.335269814897,0.333539050647517,0.716530228940213,0.937740600697992
"GOBP_INTRINSIC_APOPTOTIC_SIGNALING_PATHWAY_IN_RESPONSE_TO_ENDOPLASMIC_RETICULUM_STRESS",2,558.675908098191,0.332574810873282,0.717216888976446,0.938120513513499
"GOBP_NEGATIVE_REGULATION_OF_POST_TRANSLATIONAL_PROTEIN_MODIFICATION",2,571.176232943778,0.332167264506932,0.717505803809377,0.938229349533993
"GOBP_REGULATION_OF_POSTSYNAPTIC_DENSITY_ASSEMBLY",2,537.516158010439,0.331498455023255,0.717993918278252,0.938598527161682
"GOBP_AORTA_DEVELOPMENT",2,532.083139452681,0.3309080192949,0.718418942544683,0.938807941168011
"GOBP_REGULATION_OF_MRNA_SPLICING_VIA_SPLICEOSOME",2,554.884605289925,0.33069495382468,0.718565780008228,0.938807941168011
"GOBP_SYNAPTIC_VESICLE_PRIMING",2,538.253584029387,0.330156226224611,0.718956891610038,0.939049937752974
"GOBP_LACTATION",2,536.341769374053,0.329559449176539,0.719386067664191,0.939341498601882
"GOBP_VASCULAR_PROCESS_IN_CIRCULATORY_SYSTEM",2,526.499228366452,0.328275726778181,0.720311721089575,0.940280984513323
"GOBP_PROTEIN_AUTOPHOSPHORYLATION",2,554.067541227938,0.327948149184166,0.720540112211197,0.940310000513668
"GOBP_PROTEIN_HOMOOLIGOMERIZATION",2,539.690719556362,0.32752056016075,0.720851620720812,0.940447437673805
"GOBP_IN_UTERO_EMBRYONIC_DEVELOPMENT",2,543.791675053678,0.327085394440849,0.72116392233186,0.940513557419054
"GOBP_NEGATIVE_REGULATION_OF_NUCLEOCYTOPLASMIC_TRANSPORT",2,552.916785009873,0.326872824543643,0.721314716915556,0.940513557419054
"GOBP_POSITIVE_REGULATION_OF_RNA_SPLICING",2,559.531294952556,0.326172589505183,0.72181774806817,0.940900471260052
"GOBP_CARDIAC_VENTRICLE_DEVELOPMENT",2,531.529267911127,0.325885094679466,0.722032263389244,0.940911186662383
"GOBP_ORGANOPHOSPHATE_CATABOLIC_PROCESS",2,535.838037534415,0.32530258594864,0.722451306361339,0.941188348561573
"GOBP_REGULATION_OF_KINASE_ACTIVITY",2,548.290214566453,0.324872550603982,0.722758448135446,0.941319612206102
"GOBP_IMMATURE_T_CELL_PROLIFERATION",2,577.94848053864,0.322747861204918,0.724286851801243,0.942502804868893
"GOBP_POSITIVE_REGULATION_OF_PROTEIN_CATABOLIC_PROCESS",2,543.978195059151,0.323187107185584,0.723977294734066,0.942502804868893
"GOBP_PROTEIN_LOCALIZATION_TO_NON_MOTILE_CILIUM",2,549.918095046363,0.322931250978724,0.72416083553497,0.942502804868893
"GOBP_NEGATIVE_REGULATION_OF_SMOOTHENED_SIGNALING_PATHWAY",2,529.541927361412,0.320628183065372,0.725833807966302,0.94397718794819
"GOBP_POSITIVE_REGULATION_OF_MONONUCLEAR_CELL_MIGRATION",2,539.105077984011,0.320677174964607,0.725795795646183,0.94397718794819
"GOBP_MEMBRANE_PROTEIN_PROTEOLYSIS",2,540.106896478938,0.319909366337419,0.726352364659377,0.944161704492519
"GOBP_WHITE_FAT_CELL_DIFFERENTIATION",2,541.621254930083,0.319857376410824,0.726389699860611,0.944161704492519
"GOBP_GLYCEROPHOSPHOLIPID_CATABOLIC_PROCESS",2,536.047708573823,0.319283017673993,0.726807956034021,0.944436207256743
"GOBP_AXONAL_TRANSPORT",2,551.972167144075,0.316448954725464,0.728864328063227,0.944470319697442
"GOBP_AXO_DENDRITIC_TRANSPORT",2,554.703792239063,0.314971189599239,0.729940336972919,0.944470319697442
"GOBP_CELLULAR_RESPONSE_TO_TOPOLOGICALLY_INCORRECT_PROTEIN",2,538.353883393939,0.315359845267599,0.72966098542707,0.944470319697442
"GOBP_DIACYLGLYCEROL_METABOLIC_PROCESS",2,583.097725051187,0.317036135971097,0.728429898558412,0.944470319697442
"GOBP_DNA_CATABOLIC_PROCESS",2,541.37810709253,0.317172726848654,0.72834018524623,0.944470319697442
"GOBP_EMBRYONIC_HEMOPOIESIS",2,537.925063234035,0.316248205769444,0.729013937974727,0.944470319697442
"GOBP_HYPOTHALAMUS_DEVELOPMENT",2,542.481321133309,0.315300308090944,0.729703354199542,0.944470319697442
"GOBP_NEGATIVE_REGULATION_OF_TRANSFORMING_GROWTH_FACTOR_BETA_RECEPTOR_SIGNALING_PATHWAY",2,549.001287726045,0.317482325628531,0.728113111437728,0.944470319697442
"GOBP_NEUROMUSCULAR_PROCESS_CONTROLLING_POSTURE",2,556.935716156721,0.315879820972189,0.729277619349083,0.944470319697442
"GOBP_POSITIVE_REGULATION_OF_ANIMAL_ORGAN_MORPHOGENESIS",2,519.936861713803,0.316608591018329,0.728756258875697,0.944470319697442
"GOBP_POSITIVE_REGULATION_OF_PROTEIN_UBIQUITINATION",2,548.662615534329,0.318233758072358,0.72756690419225,0.944470319697442
"GOBP_REGULATION_OF_INTRACELLULAR_TRANSPORT",2,547.335508538251,0.315420101122865,0.729614862661915,0.944470319697442
"GOBP_REGULATION_OF_MICROTUBULE_BASED_MOVEMENT",2,566.864236873339,0.315197462586193,0.729772577552265,0.944470319697442
"GOBP_REGULATION_OF_PLATELET_AGGREGATION",2,530.707754195042,0.3179709161609,0.727762472895205,0.944470319697442
"GOBP_RESPONSE_TO_PLATELET_DERIVED_GROWTH_FACTOR",2,548.473860361189,0.315863775605432,0.729291320245085,0.944470319697442
"GOBP_POSITIVE_REGULATION_OF_LEUKOCYTE_ADHESION_TO_VASCULAR_ENDOTHELIAL_CELL",2,525.501282233073,0.314400612780236,0.730363691856222,0.944750084672782
"GOBP_AMIDE_BIOSYNTHETIC_PROCESS",2,543.571209506037,0.308071504278273,0.73499099234788,0.944838860383279
"GOBP_BIOLOGICAL_PROCESS_INVOLVED_IN_INTERACTION_WITH_HOST",2,555.951724420939,0.31021341278325,0.73341729136004,0.944838860383279
"GOBP_CD4_POSITIVE_ALPHA_BETA_T_CELL_DIFFERENTIATION",2,523.424060283721,0.308968015579358,0.734338062631905,0.944838860383279
"GOBP_CHONDROITIN_SULFATE_PROTEOGLYCAN_METABOLIC_PROCESS",2,529.83294533609,0.307812483515434,0.735184497141743,0.944838860383279
"GOBP_COPII_COATED_VESICLE_CARGO_LOADING",2,552.052143931655,0.311983517377071,0.732122567147479,0.944838860383279
"GOBP_DIGESTION",2,552.726202857024,0.312278142201789,0.731906983573476,0.944838860383279
"GOBP_LAMELLIPODIUM_MORPHOGENESIS",2,546.684146197414,0.308642155068707,0.734571431931321,0.944838860383279
"GOBP_NEGATIVE_REGULATION_OF_CELL_DIFFERENTIATION",2,533.202308302,0.312133696278487,0.732017310245207,0.944838860383279
"GOBP_NEGATIVE_REGULATION_OF_GROWTH",2,550.196894215463,0.309562911403821,0.733895325090665,0.944838860383279
"GOBP_NEGATIVE_REGULATION_OF_RESPONSE_TO_WOUNDING",2,535.777388418237,0.310042862981896,0.733547015371788,0.944838860383279
"GOBP_NEGATIVE_REGULATION_OF_SMOOTH_MUSCLE_CELL_PROLIFERATION",2,546.14546997188,0.311639634738753,0.732375481849913,0.944838860383279
"GOBP_NOTOCHORD_DEVELOPMENT",2,559.516679224798,0.312848263819136,0.73148872799349,0.944838860383279
"GOBP_NUCLEAR_BODY_ORGANIZATION",2,563.200346743618,0.310825356881434,0.732967481829252,0.944838860383279
"GOBP_NUCLEAR_TRANSCRIBED_MRNA_CATABOLIC_PROCESS_NONSENSE_MEDIATED_DECAY",2,550.705103277326,0.30843327530288,0.734723779915408,0.944838860383279
"GOBP_PHOSPHOLIPID_TRANSPORT",2,530.735497933067,0.310214953874213,0.733422184921395,0.944838860383279
"GOBP_POSITIVE_REGULATION_OF_CELL_KILLING",2,528.075017434267,0.310449336066254,0.733251174506713,0.944838860383279
"GOBP_POSITIVE_REGULATION_OF_CYTOSKELETON_ORGANIZATION",2,552.090942768738,0.310773052010181,0.733008303946821,0.944838860383279
"GOBP_POSITIVE_REGULATION_OF_GTPASE_ACTIVITY",2,543.126805641793,0.3113415224252,0.732594317283266,0.944838860383279
"GOBP_REGULATION_OF_DOUBLE_STRAND_BREAK_REPAIR_VIA_HOMOLOGOUS_RECOMBINATION",2,547.296234427659,0.31162268297375,0.732387609462191,0.944838860383279
"GOBP_REGULATION_OF_HEAT_GENERATION",2,551.168233911693,0.307730438538506,0.735239668703185,0.944838860383279
"GOBP_REGULATION_OF_HYDROLASE_ACTIVITY",2,559.558961789737,0.3139615453613,0.730675728776641,0.944838860383279
"GOBP_REGULATION_OF_NUCLEOTIDE_METABOLIC_PROCESS",2,535.059950601118,0.309070247405363,0.734260172681511,0.944838860383279
"GOBP_REGULATION_OF_STEROID_HORMONE_SECRETION",2,555.312724685093,0.310774748738269,0.733006318786751,0.944838860383279
"GOBP_UBIQUITIN_DEPENDENT_PROTEIN_CATABOLIC_PROCESS_VIA_THE_C_END_DEGRON_RULE_PATHWAY",2,551.319670753665,0.307506567197392,0.735404068046622,0.944838860383279
"GOBP_POSITIVE_REGULATION_OF_STEROID_METABOLIC_PROCESS",2,537.400509074559,0.306946504857935,0.735818848771719,0.94485318462314
"GOBP_REGULATION_OF_DNA_BINDING",2,528.766085527468,0.30693482617516,0.735829535580222,0.94485318462314
"GOBP_REGULATION_OF_HOMOTYPIC_CELL_CELL_ADHESION",2,534.266278919014,0.306272286767353,0.736315305421274,0.94521083817237
"GOBP_ESTABLISHMENT_OF_ENDOTHELIAL_BARRIER",2,555.058698935262,0.304619588072342,0.737527035436949,0.945452491341353
"GOBP_NEGATIVE_REGULATION_OF_RELEASE_OF_CYTOCHROME_C_FROM_MITOCHONDRIA",2,545.141899889119,0.30460502302225,0.737540005304217,0.945452491341353
"GOBP_PROTEIN_HOMOTRIMERIZATION",2,548.819779388898,0.305219609872044,0.73708652550524,0.945452491341353
"GOBP_REGULATION_OF_NUCLEAR_TRANSCRIBED_MRNA_POLY_A_TAIL_SHORTENING",2,540.986562310977,0.304715427697499,0.737459636194682,0.945452491341353
"GOBP_TERMINATION_OF_RNA_POLYMERASE_II_TRANSCRIPTION",2,536.462189259633,0.305302588903327,0.73702831238226,0.945452491341353
"GOBP_MEMBRANE_LIPID_BIOSYNTHETIC_PROCESS",2,531.295012208243,0.303615798101405,0.73827239409459,0.946000349833468
"GOBP_REGULATION_OF_TRANS_SYNAPTIC_SIGNALING",2,557.190897834115,0.303458843670053,0.738382206842172,0.946000349833468
"GOBP_MEIOTIC_CELL_CYCLE_CHECKPOINT_SIGNALING",2,550.232991790775,0.303118068282605,0.73863513645124,0.946036061120561
"GOBP_VITAMIN_D_RECEPTOR_SIGNALING_PATHWAY",2,552.923534563433,0.302860072414168,0.738824917717921,0.946036061120561
"GOBP_EXECUTION_PHASE_OF_APOPTOSIS",2,554.720602645334,0.301647594257115,0.739719896800304,0.946650518885014
"GOBP_LAMELLIPODIUM_ASSEMBLY",2,556.361592681315,0.301922260402835,0.739516611536433,0.946650518885014
"GOBP_ASPARTATE_TRANSMEMBRANE_TRANSPORT",2,551.185882969733,0.300632883981179,0.740470836796723,0.947222671844943
"GOBP_REACTIVE_OXYGEN_SPECIES_METABOLIC_PROCESS",2,537.356233727504,0.300486362763924,0.7405823389167,0.947222671844943
"GOBP_MEMORY",2,545.651501076899,0.300118979921832,0.740852277189566,0.947302280981668
"GOBP_NEGATIVE_REGULATION_OF_CD4_POSITIVE_ALPHA_BETA_T_CELL_PROLIFERATION",2,515.798714630076,0.298702025474239,0.74190863349431,0.948275451889831
"GOBP_POSITIVE_REGULATION_OF_UBIQUITIN_DEPENDENT_PROTEIN_CATABOLIC_PROCESS",2,550.599739006738,0.298528452653311,0.742029179520896,0.948275451889831
"GOBP_POSITIVE_REGULATION_OF_PROTEIN_EXPORT_FROM_NUCLEUS",2,541.710054070356,0.297844092034078,0.742538579479017,0.948660633334397
"GOBP_CELLULAR_RESPONSE_TO_LEPTIN_STIMULUS",2,560.361888654729,0.296711874811345,0.743374832283892,0.948931600908713
"GOBP_OUTER_DYNEIN_ARM_ASSEMBLY",2,559.370092282106,0.296770904371644,0.743331205767354,0.948931600908713
"GOBP_RHO_PROTEIN_SIGNAL_TRANSDUCTION",2,542.76739904047,0.297218770593136,0.743002304472996,0.948931600908713
"GOBP_REGULATION_OF_PROTEIN_EXPORT_FROM_NUCLEUS",2,563.405427777403,0.296344267281688,0.743647234995835,0.949013720989369
"GOBP_MACROPHAGE_MIGRATION",2,538.618801963784,0.296027693114646,0.743887761384008,0.949055127181108
"GOBP_GLIAL_CELL_PROLIFERATION",2,536.198686808798,0.294700581529089,0.744875097137237,0.949446364355593
"GOBP_INTRACELLULAR_MONOATOMIC_ION_HOMEOSTASIS",2,537.707429985529,0.294165080282942,0.74527331070284,0.949446364355593
"GOBP_NEGATIVE_REGULATION_OF_RNA_CATABOLIC_PROCESS",2,564.26929895549,0.294391662491854,0.745099003619912,0.949446364355593
"GOBP_NEGATIVE_REGULATION_OF_SIGNAL_TRANSDUCTION_BY_P53_CLASS_MEDIATOR",2,550.04937169542,0.293932910476852,0.74544348804184,0.949446364355593
"GOBP_PROTEIN_INSERTION_INTO_ER_MEMBRANE",2,537.049113877027,0.293098485585817,0.746067917090648,0.949446364355593
"GOBP_PROTEIN_NEDDYLATION",2,549.702330059692,0.294178486124715,0.745260717143761,0.949446364355593
"GOBP_REGULATION_OF_FAT_CELL_DIFFERENTIATION",2,542.165836072215,0.293231790786494,0.745967451899109,0.949446364355593
"GOBP_REGULATION_OF_RESPONSE_TO_ENDOPLASMIC_RETICULUM_STRESS",2,552.634517454289,0.29347035043949,0.745787466691594,0.949446364355593
"GOBP_REPRODUCTIVE_BEHAVIOR",2,527.295362719449,0.295188389676278,0.744514268573633,0.949446364355593
"GOBP_NEGATIVE_REGULATION_OF_HIPPO_SIGNALING",2,547.035442522913,0.291973194222353,0.746904857520796,0.949716491539546
"GOBP_POSITIVE_REGULATION_OF_PROTEIN_LOCALIZATION_TO_MEMBRANE",2,541.621474779341,0.292120448823123,0.746796160545144,0.949716491539546
"GOBP_REGULATION_OF_ENDOTHELIAL_CELL_MIGRATION",2,536.116862041186,0.292346356959199,0.746628862021005,0.949716491539546
"GOBP_ENDOCRINE_PANCREAS_DEVELOPMENT",2,564.679435595841,0.291435500313539,0.747302523234545,0.949957304479588
"GOBP_REGULATION_OF_MEMBRANE_DEPOLARIZATION",2,558.061083008918,0.291130786677796,0.747531365280158,0.949983437459682
"GOBP_POSITIVE_REGULATION_OF_VASCULAR_ENDOTHELIAL_GROWTH_FACTOR_SIGNALING_PATHWAY",2,535.530420263128,0.290756538215917,0.747815647903599,0.950079991668054
"GOBP_NEUTROPHIL_DIFFERENTIATION",2,550.595464921275,0.288822879663712,0.749258311844653,0.951345368214268
"GOBP_POSITIVE_REGULATION_OF_CELL_ADHESION",2,548.67223928948,0.288401281703161,0.749574329619586,0.951345368214268
"GOBP_REGULATION_OF_BICELLULAR_TIGHT_JUNCTION_ASSEMBLY",2,558.545355692421,0.289010779971468,0.749116071503749,0.951345368214268
"GOBP_REGULATION_OF_MICROVILLUS_ORGANIZATION",2,537.697591375205,0.288308706677199,0.749645966534111,0.951345368214268
"GOBP_PROTEIN_LOCALIZATION_TO_CHROMOSOME_TELOMERIC_REGION",2,559.040576211797,0.287705495715281,0.75009341112396,0.951648413946143
"GOBP_PROTEOGLYCAN_BIOSYNTHETIC_PROCESS",2,526.859156832572,0.287023092927976,0.750611672462548,0.952041111819155
"GOBP_DIGESTIVE_SYSTEM_PROCESS",2,550.16057884554,0.285424447395568,0.751806372959651,0.952102548705166
"GOBP_FATTY_ACID_HOMEOSTASIS",2,524.191243439326,0.285734459531535,0.751579099395869,0.952102548705166
"GOBP_MICROTUBULE_BASED_MOVEMENT",2,554.361077597997,0.285132836490527,0.752024571765149,0.952102548705166
"GOBP_MONOACYLGLYCEROL_METABOLIC_PROCESS",2,541.310194176568,0.286146345889282,0.751266229310036,0.952102548705166
"GOBP_POSITIVE_REGULATION_OF_RESPONSE_TO_ENDOPLASMIC_RETICULUM_STRESS",2,546.022790149991,0.28485390001302,0.752235831672389,0.952102548705166
"GOBP_REGULATION_OF_CELLULAR_RESPONSE_TO_GROWTH_FACTOR_STIMULUS",2,549.340364316549,0.284727563443748,0.752330099875777,0.952102548705166
"GOBP_REGULATION_OF_OLIGODENDROCYTE_DIFFERENTIATION",2,563.961591468536,0.284756003627208,0.752305850906699,0.952102548705166
"GOBP_RETROGRADE_AXONAL_TRANSPORT",2,572.472160792494,0.28565226984789,0.751630952774103,0.952102548705166
"GOBP_NEGATIVE_REGULATION_OF_ENDOTHELIAL_CELL_MIGRATION",2,552.273685564437,0.28376763911675,0.753051293777229,0.95222260907068
"GOBP_REGULATION_OF_NON_MOTILE_CILIUM_ASSEMBLY",2,557.251854961296,0.283894379532665,0.75295497548987,0.95222260907068
"GOBP_SMOOTH_MUSCLE_CELL_PROLIFERATION",2,532.00618391729,0.284211785815081,0.752721434582582,0.95222260907068
"GOBP_ENDOPLASMIC_RETICULUM_ORGANIZATION",2,544.291744365009,0.283471798159695,0.753275486578023,0.952242099302207
"GOBP_NEGATIVE_REGULATION_OF_TRANSFERASE_ACTIVITY",2,548.912977181704,0.282280701843093,0.754171383812089,0.952858170868361
"GOBP_POSITIVE_REGULATION_OF_IMMUNOGLOBULIN_PRODUCTION",2,548.539886339933,0.282268486205769,0.754180661441523,0.952858170868361
"GOBP_ESTABLISHMENT_OF_CELL_POLARITY",2,550.394394623881,0.280076105750149,0.755833865471828,0.953098772578659
"GOBP_GASTRULATION",2,554.575029653677,0.280573598625625,0.755457506038547,0.953098772578659
"GOBP_HEPARAN_SULFATE_PROTEOGLYCAN_METABOLIC_PROCESS",2,533.468573340038,0.281741677429147,0.754580747414834,0.953098772578659
"GOBP_POSITIVE_REGULATION_OF_ALCOHOL_BIOSYNTHETIC_PROCESS",2,521.863085823867,0.28029866639677,0.755671725610009,0.953098772578659
"GOBP_POSITIVE_REGULATION_OF_TYPE_2_IMMUNE_RESPONSE",2,527.314975673459,0.280588385259325,0.755451883300348,0.953098772578659
"GOBP_RESPONSE_TO_OXYGEN_LEVELS",2,536.243236797437,0.280689488757999,0.755373713079346,0.953098772578659
"GOBP_SPHINGOSINE_1_PHOSPHATE_RECEPTOR_SIGNALING_PATHWAY",2,553.696360067986,0.280592202523741,0.755443635887111,0.953098772578659
"GOBP_ADAPTIVE_IMMUNE_RESPONSE_BASED_ON_SOMATIC_RECOMBINATION_OF_IMMUNE_RECEPTORS_BUILT_FROM_IMMUNOGLOBULIN_SUPERFAMILY_DOMAINS",2,518.388454798855,0.279789929095869,0.756056608533065,0.95309906121113
"GOBP_NEGATIVE_REGULATION_OF_NEURON_DIFFERENTIATION",2,544.71512084318,0.278694464499488,0.756878929994894,0.95309906121113
"GOBP_RESPONSE_TO_OSMOTIC_STRESS",2,535.332078963729,0.279113579216971,0.756563995649398,0.95309906121113
"GOBP_RESPONSE_TO_PROSTAGLANDIN_E",2,549.838346875592,0.278794595408222,0.756802219442342,0.95309906121113
"GOBP_TRABECULA_MORPHOGENESIS",2,542.052361359244,0.279176166229412,0.756515331743931,0.95309906121113
"GOBP_REGULATION_OF_PROTEIN_POLYUBIQUITINATION",2,565.314947623344,0.278273179984465,0.757193615522275,0.953232150261413
"GOBP_REGULATION_OF_HYDROGEN_PEROXIDE_METABOLIC_PROCESS",2,545.232279271793,0.277458917610407,0.757813610907789,0.953486311544945
"GOBP_RESPONSE_TO_EPINEPHRINE",2,543.699215794178,0.27770243756601,0.757629580054466,0.953486311544945
"GOBP_POSITIVE_REGULATION_OF_LEUKOCYTE_MEDIATED_IMMUNITY",2,528.327355493117,0.27704975529162,0.758126838231453,0.953617349468741
"GOBP_ALPHA_BETA_T_CELL_DIFFERENTIATION",2,522.605470504367,0.276100692408294,0.75884713370468,0.953997182146374
"GOBP_RESPONSE_TO_CAMP",2,531.170135349512,0.276232109947866,0.758745735928842,0.953997182146374
"GOBP_POSITIVE_REGULATION_OF_RELEASE_OF_CYTOCHROME_C_FROM_MITOCHONDRIA",2,583.437833164014,0.275549819559552,0.759253349869932,0.954244841211562
"GOBP_CARBOHYDRATE_HOMEOSTASIS",2,537.921053966918,0.275107814883504,0.759597027761983,0.954413786121875
"GOBP_AMINO_ACID_TRANSMEMBRANE_TRANSPORT",2,528.385673068,0.270337512281866,0.7632273725344,0.954613391895199
"GOBP_APOPTOTIC_MITOCHONDRIAL_CHANGES",2,561.930258789418,0.270769143676221,0.762892036911571,0.954613391895199
"GOBP_EPITHELIAL_CELL_PROLIFERATION",2,539.6753020975,0.271131780231947,0.762619809712904,0.954613391895199
"GOBP_FRUCTOSE_METABOLIC_PROCESS",2,576.813311356908,0.274384762644514,0.760138729857793,0.954613391895199
"GOBP_G_PROTEIN_COUPLED_ACETYLCHOLINE_RECEPTOR_SIGNALING_PATHWAY",2,562.604192367055,0.272872918437746,0.761290198223668,0.954613391895199
"GOBP_HYPOTONIC_RESPONSE",2,533.410878135952,0.269210899636918,0.764085854560335,0.954613391895199
"GOBP_MEIOTIC_SISTER_CHROMATID_COHESION",2,549.877375150517,0.269448871093578,0.763901119477437,0.954613391895199
"GOBP_MRNA_3_END_PROCESSING",2,554.334367949961,0.27001956855735,0.763464901599019,0.954613391895199
"GOBP_NEGATIVE_REGULATION_OF_AMYLOID_PRECURSOR_PROTEIN_CATABOLIC_PROCESS",2,548.095831176913,0.271789564869916,0.762117238370465,0.954613391895199
"GOBP_NEGATIVE_REGULATION_OF_INTRINSIC_APOPTOTIC_SIGNALING_PATHWAY_IN_RESPONSE_TO_DNA_DAMAGE",2,552.537593642544,0.273443869880588,0.760857923854628,0.954613391895199
"GOBP_NEURON_PROJECTION_REGENERATION",2,576.29337879416,0.270393709469235,0.763175759108223,0.954613391895199
"GOBP_N_TERMINAL_PROTEIN_AMINO_ACID_MODIFICATION",2,546.218370843191,0.269778484172961,0.763650291953197,0.954613391895199
"GOBP_POSITIVE_REGULATION_OF_PROTEIN_POLYMERIZATION",2,559.050460513038,0.269119107861908,0.764151171631083,0.954613391895199
"GOBP_POSITIVE_REGULATION_OF_PROTEOLYSIS",2,555.147743622652,0.273609415963154,0.760731617825864,0.954613391895199
"GOBP_PROTON_TRANSMEMBRANE_TRANSPORT",2,532.202224386088,0.269195191467326,0.764098080372205,0.954613391895199
"GOBP_REGULATION_OF_ANDROGEN_RECEPTOR_SIGNALING_PATHWAY",2,551.880498834533,0.272936576929636,0.761243740179775,0.954613391895199
"GOBP_RENAL_TUBULAR_SECRETION",2,543.918980102725,0.271557277041117,0.762294900681507,0.954613391895199
"GOBP_RESPONSE_TO_STEROID_HORMONE",2,540.419055228796,0.269475792549033,0.76388233779683,0.954613391895199
"GOBP_TRANSCRIPTION_PREINITIATION_COMPLEX_ASSEMBLY",2,545.216450291423,0.27138780168497,0.762423727622339,0.954613391895199
"GOBP_TRANSFERRIN_TRANSPORT",2,552.618975672506,0.269297227463913,0.764016356352922,0.954613391895199
"GOBP_VIRAL_PROCESS",2,552.839764162582,0.271458110078911,0.762368759060164,0.954613391895199
"GOBP_SPINAL_CORD_MOTOR_NEURON_DIFFERENTIATION",2,541.471478397512,0.268573537237249,0.764570981495375,0.954876299726289
"GOBP_ATP_SYNTHESIS_COUPLED_ELECTRON_TRANSPORT",2,549.009133100655,0.267645459145582,0.765278801591639,0.954975817800127
"GOBP_POSITIVE_REGULATION_OF_CYTOSOLIC_CALCIUM_ION_CONCENTRATION",2,524.194965194132,0.267688209407404,0.765250840121759,0.954975817800127
"GOBP_SPHINGOLIPID_MEDIATED_SIGNALING_PATHWAY",2,545.209586731783,0.267806807005122,0.76515615143516,0.954975817800127
"GOBP_POSITIVE_REGULATION_OF_RESPONSE_TO_WOUNDING",2,524.940454266252,0.266517289876929,0.766146351547431,0.955535550836159
"GOBP_REGULATION_OF_CELL_SIZE",2,525.959550785186,0.266660796296032,0.766036323273721,0.955535550836159
"GOBP_CELLULAR_RESPONSE_TO_FATTY_ACID",2,544.310575282609,0.265150904671614,0.767189205806339,0.955790758722402
"GOBP_DEVELOPMENTAL_MATURATION",2,541.437853438248,0.265311180682574,0.767066898957698,0.955790758722402
"GOBP_FERTILIZATION",2,548.926221617161,0.265219604262583,0.767135720816056,0.955790758722402
"GOBP_NAD_BIOSYNTHETIC_PROCESS",2,551.078494082881,0.265831207953819,0.766666749442061,0.955790758722402
"GOBP_CD8_POSITIVE_ALPHA_BETA_T_CELL_ACTIVATION",2,535.982707747717,0.261703181739787,0.769837763113283,0.956483348610563
"GOBP_CELLULAR_RESPONSE_TO_INTERFERON_ALPHA",2,532.614842736988,0.263348108806513,0.768574342336359,0.956483348610563
"GOBP_NEGATIVE_REGULATION_OF_TRANSCRIPTION_BY_RNA_POLYMERASE_I",2,559.160482079922,0.261887822629465,0.769691694041077,0.956483348610563
"GOBP_PROTEIN_K48_LINKED_DEUBIQUITINATION",2,550.18776773024,0.262047605534035,0.769570374752709,0.956483348610563
"GOBP_PROTOPORPHYRINOGEN_IX_METABOLIC_PROCESS",2,549.428484579942,0.262932399087766,0.76889054685689,0.956483348610563
"GOBP_PYRIMIDINE_RIBONUCLEOSIDE_MONOPHOSPHATE_METABOLIC_PROCESS",2,547.528266810945,0.262117445000325,0.769517147562416,0.956483348610563
"GOBP_REGULATION_OF_CARDIAC_MUSCLE_CONTRACTION_BY_REGULATION_OF_THE_RELEASE_OF_SEQUESTERED_CALCIUM_ION",2,547.880561106552,0.262367023176035,0.769325238477008,0.956483348610563
"GOBP_REGULATION_OF_GLYCOPROTEIN_METABOLIC_PROCESS",2,535.889891680157,0.261424772630245,0.770051930738432,0.956483348610563
"GOBP_REGULATION_OF_LEUKOCYTE_TETHERING_OR_ROLLING",2,539.275042036023,0.261740030300642,0.769808823965169,0.956483348610563
"GOBP_REGULATION_OF_VASCULATURE_DEVELOPMENT",2,547.273766671958,0.261456689142316,0.770025337123834,0.956483348610563
"GOBP_TIGHT_JUNCTION_ORGANIZATION",2,533.934548616424,0.261767131376752,0.769788958889911,0.956483348610563
"GOBP_GRANULOCYTE_MIGRATION",2,548.578962750409,0.260681213383355,0.770621907715677,0.956693589250735
"GOBP_LIVER_REGENERATION",2,544.387825721439,0.26038534744872,0.770850458341691,0.956693589250735
"GOBP_NEGATIVE_REGULATION_OF_CALCIUM_ION_TRANSMEMBRANE_TRANSPORT",2,568.428095482002,0.260415849120802,0.770822912887866,0.956693589250735
"GOBP_B_CELL_APOPTOTIC_PROCESS",2,541.099700603493,0.259226130489729,0.771744284455844,0.956731594775899
"GOBP_MESENCHYME_MORPHOGENESIS",2,562.633683280616,0.258165039230254,0.772559189554843,0.956731594775899
"GOBP_NEGATIVE_REGULATION_OF_PLASMA_MEMBRANE_BOUNDED_CELL_PROJECTION_ASSEMBLY",2,537.065046347351,0.258433569463878,0.772356311544012,0.956731594775899
"GOBP_ORGANELLE_DISASSEMBLY",2,556.105635919052,0.259239880285594,0.771731100197655,0.956731594775899
"GOBP_POSITIVE_REGULATION_OF_TRANSMEMBRANE_RECEPTOR_PROTEIN_SERINE_THREONINE_KINASE_SIGNALING_PATHWAY",2,561.644528728537,0.258792942107268,0.772074856365513,0.956731594775899
"GOBP_REGULATION_OF_LYMPHOCYTE_MIGRATION",2,545.291247787438,0.258975967340191,0.771936451282543,0.956731594775899
"GOBP_REGULATION_OF_PROTEIN_LOCALIZATION_TO_ENDOSOME",2,538.072326979222,0.259535554487482,0.771506293508073,0.956731594775899
"GOBP_RESPONSE_TO_DIETARY_EXCESS",2,555.672256389405,0.258537795869686,0.772272678766915,0.956731594775899
"GOBP_RESPONSE_TO_AMYLOID_BETA",2,539.48862104397,0.257424822278252,0.773134640505386,0.957184336412884
"GOBP_NEUTROPHIL_CHEMOTAXIS",2,549.869005865479,0.256543764423162,0.773813688249477,0.957765056202405
"GOBP_DEVELOPMENT_OF_PRIMARY_FEMALE_SEXUAL_CHARACTERISTICS",2,550.006824017948,0.247216863522089,0.781058044526721,0.961831243309986
"GOBP_FEMALE_SEX_DIFFERENTIATION",2,547.125303886433,0.248652811948552,0.77993876032603,0.961831243309986
"GOBP_NEGATIVE_REGULATION_OF_CELL_ACTIVATION",2,540.796423221116,0.24900936071352,0.779662009113976,0.961831243309986
"GOBP_NEGATIVE_REGULATION_OF_DNA_RECOMBINATION",2,547.732933703442,0.246048595966068,0.781970600849164,0.961831243309986
"GOBP_NEGATIVE_REGULATION_OF_D_GLUCOSE_IMPORT",2,542.763403106473,0.246107257772244,0.781925562293294,0.961831243309986
"GOBP_NUCLEAR_EXPORT",2,554.700629707829,0.248944675197504,0.779710160181392,0.961831243309986
"GOBP_PINOCYTOSIS",2,547.265112584051,0.249847584544254,0.779008291890382,0.961831243309986
"GOBP_POSITIVE_REGULATION_OF_CATALYTIC_ACTIVITY",2,546.374735406544,0.251793978958969,0.777495041645609,0.961831243309986
"GOBP_POSITIVE_REGULATION_OF_CHOLESTEROL_METABOLIC_PROCESS",2,547.578559108013,0.247760565585157,0.780634264600442,0.961831243309986
"GOBP_POSITIVE_REGULATION_OF_NEURON_PROJECTION_DEVELOPMENT",2,538.038502397651,0.249410749488554,0.779349871324227,0.961831243309986
"GOBP_POSTSYNAPTIC_MEMBRANE_ORGANIZATION",2,555.339373185922,0.247087005359235,0.781158555161039,0.961831243309986
"GOBP_POTASSIUM_ION_IMPORT_ACROSS_PLASMA_MEMBRANE",2,533.441594304669,0.249406725714424,0.779353779845903,0.961831243309986
"GOBP_REGULATION_OF_CELL_PROJECTION_ASSEMBLY",2,558.709067094489,0.247210321870788,0.78106179921974,0.961831243309986
"GOBP_REGULATION_OF_DNA_DAMAGE_RESPONSE_SIGNAL_TRANSDUCTION_BY_P53_CLASS_MEDIATOR",2,543.866994917118,0.249035903659797,0.779640829729099,0.961831243309986
"GOBP_REGULATION_OF_ERYTHROCYTE_DIFFERENTIATION",2,556.933913277481,0.250403767114435,0.778573990212726,0.961831243309986
"GOBP_REGULATION_OF_FATTY_ACID_BETA_OXIDATION",2,557.16645244555,0.250338823597525,0.778624473240393,0.961831243309986
"GOBP_REGULATION_OF_GRANULOCYTE_DIFFERENTIATION",2,554.870012306471,0.246198827148847,0.781852127191292,0.961831243309986
"GOBP_REGULATION_OF_PHOSPHORUS_METABOLIC_PROCESS",2,546.926871332002,0.247054302347557,0.781185398141821,0.961831243309986
"GOBP_REGULATION_OF_SYNAPSE_MATURATION",2,541.60780222185,0.247808937742832,0.780597502592083,0.961831243309986
"GOBP_RESPONSE_TO_INCREASED_OXYGEN_LEVELS",2,529.934140918746,0.245809814032416,0.782160070475057,0.961831243309986
"GOBP_SENSORY_PERCEPTION_OF_BITTER_TASTE",2,532.503498693833,0.246719149899075,0.781449374818842,0.961831243309986
"GOBP_TRANSCRIPTION_INITIATION_AT_RNA_POLYMERASE_II_PROMOTER",2,537.712315092704,0.251451350311206,0.777762682299416,0.961831243309986
"GOBP_TRIPARTITE_REGIONAL_SUBDIVISION",2,549.135225740894,0.248970221469898,0.779691141580471,0.961831243309986
"GOBP_T_CELL_ACTIVATION_VIA_T_CELL_RECEPTOR_CONTACT_WITH_ANTIGEN_BOUND_TO_MHC_MOLECULE_ON_ANTIGEN_PRESENTING_CELL",2,544.063170197721,0.250754050396898,0.778303637814074,0.961831243309986
"GOBP_MEMBRANE_RAFT_ASSEMBLY",2,554.030896617678,0.245094084807933,0.782715712869553,0.962012919556907
"GOBP_POSITIVE_REGULATION_OF_STRESS_ACTIVATED_PROTEIN_KINASE_SIGNALING_CASCADE",2,557.24688902419,0.245075634586284,0.782729652373533,0.962012919556907
"GOBP_ADRENERGIC_RECEPTOR_SIGNALING_PATHWAY",2,547.987840335018,0.242674938681518,0.784610757766881,0.962948045079859
"GOBP_AMYLOID_PRECURSOR_PROTEIN_BIOSYNTHETIC_PROCESS",2,547.244791995359,0.243517839787659,0.783950387949385,0.962948045079859
"GOBP_BIOLOGICAL_PROCESS_INVOLVED_IN_INTRASPECIES_INTERACTION_BETWEEN_ORGANISMS",2,561.379157394122,0.241941956971985,0.785183566989503,0.962948045079859
"GOBP_BROWN_FAT_CELL_DIFFERENTIATION",2,557.841291771983,0.242830931990529,0.784486992274616,0.962948045079859
"GOBP_CARDIAC_MUSCLE_CELL_PROLIFERATION",2,565.868457510844,0.242831496160908,0.784485375094161,0.962948045079859
"GOBP_CELL_SUBSTRATE_ADHESION",2,532.183032374166,0.24190092558328,0.785220242059856,0.962948045079859
"GOBP_CLATHRIN_DEPENDENT_ENDOCYTOSIS",2,539.059070972138,0.240631325420375,0.786215796830974,0.962948045079859
"GOBP_ENDOTHELIUM_DEVELOPMENT",2,546.806348416009,0.239182355659306,0.787353628424712,0.962948045079859
"GOBP_NEGATIVE_REGULATION_OF_CATALYTIC_ACTIVITY",2,543.250683688703,0.242735686084603,0.784563873057355,0.962948045079859
"GOBP_NEGATIVE_REGULATION_OF_PROTEOLYSIS",2,551.193184064789,0.2401266900155,0.78661044546125,0.962948045079859
"GOBP_NEGATIVE_REGULATION_OF_WOUND_HEALING",2,525.670309283557,0.23899807941773,0.787501909262854,0.962948045079859
"GOBP_POSTSYNAPTIC_CYTOSKELETON_ORGANIZATION",2,543.613289686037,0.239434125613066,0.787156078887357,0.962948045079859
"GOBP_PROTEIN_LOCALIZATION_TO_CILIUM",2,519.909245709025,0.23938919853727,0.787195192153054,0.962948045079859
"GOBP_PROTEIN_TARGETING_TO_MEMBRANE",2,540.811348439825,0.240923131702961,0.785986338408382,0.962948045079859
"GOBP_RAS_PROTEIN_SIGNAL_TRANSDUCTION",2,543.483382248902,0.240820369795094,0.78606662617915,0.962948045079859
"GOBP_REGULATION_OF_EMBRYONIC_DEVELOPMENT",2,547.928604075959,0.240547628985795,0.786280179745384,0.962948045079859
"GOBP_REGULATION_OF_GLUCOSE_METABOLIC_PROCESS",2,537.713319744778,0.242281402966902,0.784920922445668,0.962948045079859
"GOBP_RESPONSE_TO_INTERLEUKIN_7",2,542.771306961837,0.240385685206428,0.786408198667167,0.962948045079859
"GOBP_SYNAPTIC_VESICLE_MEMBRANE_ORGANIZATION",2,543.034062117004,0.239001745296742,0.787496292023381,0.962948045079859
"GOBP_ARTERY_DEVELOPMENT",2,526.689060649427,0.23847050788156,0.787916940569517,0.963174850763291
"GOBP_DETECTION_OF_MECHANICAL_STIMULUS",2,554.354556581034,0.238220240275323,0.788109744145714,0.963174850763291
"GOBP_HEMOSTASIS",2,532.887006767635,0.237898049178108,0.788366727665638,0.963230818345291
"GOBP_POSITIVE_REGULATION_OF_TYPE_2_MITOPHAGY",2,553.836875555341,0.237365920948749,0.788782826442566,0.963385706792074
"GOBP_POTASSIUM_ION_HOMEOSTASIS",2,529.672766974852,0.237201662131544,0.788915942746853,0.963385706792074
"GOBP_RESPONSE_TO_L_LEUCINE",2,550.338368813991,0.236748614845357,0.789269987680017,0.96356006793591
"GOBP_CARDIAC_CONDUCTION",2,545.788959854829,0.233324030810743,0.79197588019838,0.964892351393167
"GOBP_EYE_MORPHOGENESIS",2,555.697673292323,0.22992720862286,0.794666995493055,0.964892351393167
"GOBP_FOREBRAIN_DEVELOPMENT",2,541.910461223276,0.229757224563506,0.794803894800292,0.964892351393167
"GOBP_HEART_MORPHOGENESIS",2,529.922292556755,0.233747798607594,0.791642994382602,0.964892351393167
"GOBP_INTERLEUKIN_5_PRODUCTION",2,550.22950185836,0.23190399979304,0.793099720249799,0.964892351393167
"GOBP_MEMBRANE_DEPOLARIZATION_DURING_ACTION_POTENTIAL",2,564.63104377655,0.234729210219239,0.790862084481765,0.964892351393167
"GOBP_MEMBRANE_DOCKING",2,551.153084352118,0.233205434249337,0.792068963884233,0.964892351393167
"GOBP_MITOCHONDRIAL_CALCIUM_ION_HOMEOSTASIS",2,570.927337606705,0.234544424297663,0.791007267813614,0.964892351393167
"GOBP_MULTICELLULAR_ORGANISMAL_MOVEMENT",2,555.50138648859,0.233692323292421,0.791683120955408,0.964892351393167
"GOBP_NEGATIVE_REGULATION_OF_BINDING",2,548.567271516516,0.231237689559841,0.793628135506849,0.964892351393167
"GOBP_PHOSPHOLIPASE_C_ACTIVATING_G_PROTEIN_COUPLED_RECEPTOR_SIGNALING_PATHWAY",2,550.859558028988,0.231880531173986,0.793118229200618,0.964892351393167
"GOBP_PHOSPHOLIPID_METABOLIC_PROCESS",2,521.543054794319,0.231021748100769,0.793803384056263,0.964892351393167
"GOBP_POSITIVE_REGULATION_OF_HEMOPOIESIS",2,542.526369942046,0.232265172571537,0.79281466972244,0.964892351393167
"GOBP_POSITIVE_REGULATION_OF_PROTEASOMAL_UBIQUITIN_DEPENDENT_PROTEIN_CATABOLIC_PROCESS",2,547.965714297301,0.233155058054619,0.792109286505287,0.964892351393167
"GOBP_PROTEIN_LOCALIZATION_TO_MICROTUBULE_ORGANIZING_CENTER",2,548.850549345905,0.230460309373682,0.79424476729515,0.964892351393167
"GOBP_REGULATION_OF_ESTABLISHMENT_OF_PROTEIN_LOCALIZATION_TO_MITOCHONDRION",2,543.699355528422,0.23263539889627,0.792521284039158,0.964892351393167
"GOBP_REGULATION_OF_NEURON_PROJECTION_REGENERATION",2,569.448199684547,0.232616877862987,0.792532387387671,0.964892351393167
"GOBP_REGULATION_OF_RESPONSE_TO_OXIDATIVE_STRESS",2,565.933589352046,0.231302753440228,0.793574171794856,0.964892351393167
"GOBP_REGULATION_OF_SYNAPSE_STRUCTURE_OR_ACTIVITY",2,547.305733597913,0.229961111188108,0.794641235195914,0.964892351393167
"GOBP_SPLEEN_DEVELOPMENT",2,539.873824301177,0.230776041780621,0.79399552817813,0.964892351393167
"GOBP_SUBSTANTIA_NIGRA_DEVELOPMENT",2,555.076016376645,0.234130959154497,0.791336288347774,0.964892351393167
"GOBP_ACROSOME_REACTION",2,562.199895110642,0.218767313175929,0.803577031071209,0.964944071181293
"GOBP_ACUTE_INFLAMMATORY_RESPONSE_TO_ANTIGENIC_STIMULUS",2,536.438569289766,0.220486095092471,0.802201447772575,0.964944071181293
"GOBP_ALDITOL_METABOLIC_PROCESS",2,530.695136116933,0.221716516904474,0.801216614316015,0.964944071181293
"GOBP_AUDITORY_RECEPTOR_CELL_MORPHOGENESIS",2,556.075923264196,0.224849994909292,0.798708584105157,0.964944071181293
"GOBP_BARBED_END_ACTIN_FILAMENT_CAPPING",2,537.920336084274,0.220371635593524,0.802292997343877,0.964944071181293
"GOBP_CALCIUM_ION_IMPORT_ACROSS_PLASMA_MEMBRANE",2,556.662750695234,0.218790324065483,0.80355923450879,0.964944071181293
"GOBP_CGMP_MEDIATED_SIGNALING",2,545.575444463955,0.218576682917399,0.803732191716232,0.964944071181293
"GOBP_CHONDROCYTE_DEVELOPMENT",2,559.291648912082,0.225382039737936,0.798283673134835,0.964944071181293
"GOBP_DENDRITE_MORPHOGENESIS",2,536.460027204216,0.22465188683797,0.798869350799128,0.964944071181293
"GOBP_DETECTION_OF_CHEMICAL_STIMULUS_INVOLVED_IN_SENSORY_PERCEPTION_OF_TASTE",2,537.736238103474,0.22653933067287,0.797364035709732,0.964944071181293
"GOBP_ECTOPIC_GERM_CELL_PROGRAMMED_CELL_DEATH",2,538.035884828243,0.227606814193474,0.796513991686033,0.964944071181293
"GOBP_EPITHELIAL_TUBE_BRANCHING_INVOLVED_IN_LUNG_MORPHOGENESIS",2,538.99016343737,0.220649912125107,0.802069808000818,0.964944071181293
"GOBP_EXOCYTOSIS",2,549.366044931019,0.224684155621903,0.79884183015846,0.964944071181293
"GOBP_FEMALE_GAMETE_GENERATION",2,551.076922758205,0.223110291112538,0.800098838444505,0.964944071181293
"GOBP_GLIAL_CELL_APOPTOTIC_PROCESS",2,547.414524161463,0.22452345604972,0.798970370195021,0.964944071181293
"GOBP_GOLGI_TO_ENDOSOME_TRANSPORT",2,564.850575339141,0.225730346027561,0.798005183609325,0.964944071181293
"GOBP_HETEROTYPIC_CELL_CELL_ADHESION",2,541.387229070307,0.220707849309324,0.802023057116509,0.964944071181293
"GOBP_L_ARGININE_TRANSMEMBRANE_TRANSPORT",2,561.835734335426,0.225020575948923,0.798571716640669,0.964944071181293
"GOBP_NEGATIVE_REGULATION_OF_ENDOPLASMIC_RETICULUM_STRESS_INDUCED_INTRINSIC_APOPTOTIC_SIGNALING_PATHWAY",2,558.929464715807,0.220223801421395,0.802408798955292,0.964944071181293
"GOBP_NEGATIVE_REGULATION_OF_MOLECULAR_FUNCTION",2,542.834936051165,0.218785261482598,0.803565057694883,0.964944071181293
"GOBP_NUCLEOSIDE_PHOSPHATE_CATABOLIC_PROCESS",2,546.137192111488,0.227288962118504,0.796765858052408,0.964944071181293
"GOBP_POLYOL_METABOLIC_PROCESS",2,524.8232079036,0.221100711797865,0.801710573289091,0.964944071181293
"GOBP_POSITIVE_REGULATION_OF_BINDING",2,545.455870272421,0.226834533019524,0.797127806670152,0.964944071181293
"GOBP_POSITIVE_REGULATION_OF_CELL_DEVELOPMENT",2,543.789528763939,0.221932891626044,0.801041626566439,0.964944071181293
"GOBP_POSITIVE_REGULATION_OF_LEUKOCYTE_MIGRATION",2,537.427550917207,0.219689302280743,0.802840233586674,0.964944071181293
"GOBP_POSITIVE_REGULATION_OF_PROTEIN_LOCALIZATION_TO_EARLY_ENDOSOME",2,548.303114261495,0.22384739987638,0.799510140843181,0.964944071181293
"GOBP_POSITIVE_REGULATION_OF_SMOOTH_MUSCLE_CELL_PROLIFERATION",2,532.514684410884,0.22289528153959,0.800273258875803,0.964944071181293
"GOBP_PRODUCTION_OF_MOLECULAR_MEDIATOR_OF_IMMUNE_RESPONSE",2,539.599705876777,0.224652797381659,0.798868187193659,0.964944071181293
"GOBP_PROTEIN_LOCALIZATION_TO_CYTOSKELETON",2,546.636845257595,0.225892712060721,0.797878127720179,0.964944071181293
"GOBP_PROTEIN_TARGETING",2,537.746199592375,0.218880079546726,0.8034896005289,0.964944071181293
"GOBP_REGULATION_OF_CELL_COMMUNICATION_BY_ELECTRICAL_COUPLING",2,559.525386822677,0.221738296735096,0.80119535809932,0.964944071181293
"GOBP_REGULATION_OF_CELL_MATRIX_ADHESION",2,542.512721012195,0.2215576644648,0.801342180575534,0.964944071181293
"GOBP_REGULATION_OF_CHROMATIN_ORGANIZATION",2,567.183951906621,0.224622425805426,0.798888801247347,0.964944071181293
"GOBP_REGULATION_OF_CILIUM_MOVEMENT",2,558.058768001291,0.220583249574086,0.802120762466367,0.964944071181293
"GOBP_REGULATION_OF_PHOSPHORYLATION",2,551.208131462425,0.220864087631122,0.801896576309727,0.964944071181293
"GOBP_REGULATION_OF_PROTEIN_DEPOLYMERIZATION",2,542.881366849264,0.219454315839271,0.803028036113168,0.964944071181293
"GOBP_REGULATION_OF_RHO_PROTEIN_SIGNAL_TRANSDUCTION",2,551.659684167112,0.222519310888006,0.800571362595582,0.964944071181293
"GOBP_REGULATION_OF_SUPRAMOLECULAR_FIBER_ORGANIZATION",2,544.36950764805,0.221882528079403,0.801081860792582,0.964944071181293
"GOBP_REPRODUCTIVE_SYSTEM_DEVELOPMENT",2,546.467934439995,0.228049508299824,0.796160569790118,0.964944071181293
"GOBP_RESPONSE_TO_ACID_CHEMICAL",2,552.894325233,0.218633110225591,0.803685945745432,0.964944071181293
"GOBP_RESPONSE_TO_FATTY_ACID",2,530.786810236772,0.224887749033791,0.79868191153966,0.964944071181293
"GOBP_SEMAPHORIN_PLEXIN_SIGNALING_PATHWAY",2,555.266123635238,0.22168151151468,0.801241358648785,0.964944071181293
"GOBP_POSITIVE_REGULATION_BY_HOST_OF_VIRAL_GENOME_REPLICATION",2,541.034181498863,0.217560136903795,0.804549569859883,0.965671207402876
"GOBP_REGULATION_OF_NEUTROPHIL_ACTIVATION",2,550.33747018253,0.216880584026027,0.805094868698271,0.966071480171748
"GOBP_NEGATIVE_REGULATION_OF_HOMOTYPIC_CELL_CELL_ADHESION",2,523.689045133185,0.216238256954574,0.805615241438496,0.966441640242235
"GOBP_ANTEROGRADE_AXONAL_TRANSPORT",2,528.483699861221,0.215927728156216,0.805864590463704,0.966474645740684
"GOBP_CELLULAR_RESPONSE_TO_AMYLOID_BETA",2,537.667195459126,0.213835488972372,0.807549851988105,0.966474645740684
"GOBP_CELLULAR_RESPONSE_TO_REACTIVE_OXYGEN_SPECIES",2,549.653568473737,0.214147556095394,0.807296581932865,0.966474645740684
"GOBP_EPIDERMIS_DEVELOPMENT",2,538.883165519027,0.214700222315541,0.806852238275356,0.966474645740684
"GOBP_ESTABLISHMENT_OF_MITOCHONDRION_LOCALIZATION_MICROTUBULE_MEDIATED",2,557.741908410246,0.214021712831066,0.807397127326769,0.966474645740684
"GOBP_NEGATIVE_REGULATION_OF_TRANSMEMBRANE_RECEPTOR_PROTEIN_SERINE_THREONINE_KINASE_SIGNALING_PATHWAY",2,549.753322649022,0.214618095339613,0.806917090258038,0.966474645740684
"GOBP_POSITIVE_REGULATION_OF_CELLULAR_COMPONENT_BIOGENESIS",2,549.170021748928,0.214427931208033,0.807070503473381,0.966474645740684
"GOBP_POSITIVE_REGULATION_OF_RHO_PROTEIN_SIGNAL_TRANSDUCTION",2,543.438347035174,0.214274373309853,0.807195059386089,0.966474645740684
"GOBP_REGULATION_OF_DEFENSE_RESPONSE_TO_VIRUS",2,544.323322810678,0.214752341476588,0.806809531031095,0.966474645740684
"GOBP_POSITIVE_REGULATION_OF_CYTOPLASMIC_TRANSLATION",2,566.3095217409,0.213568242316887,0.807762062174024,0.966475017202446
"GOBP_NEURAL_PRECURSOR_CELL_PROLIFERATION",2,548.804378458713,0.213138087531842,0.808111403499847,0.966639420761291
"GOBP_CELLULAR_RESPONSE_TO_UNFOLDED_PROTEIN",2,537.159477046832,0.212380419453029,0.808724880432277,0.96711960662077
"GOBP_PROTEASOME_ASSEMBLY",2,564.469437141284,0.21164824731474,0.809313493722464,0.967569815168587
"GOBP_CIRCULATORY_SYSTEM_PROCESS",2,538.358000178018,0.211011693242561,0.809831538978623,0.967935442683831
"GOBP_RESPONSE_TO_HYDROGEN_PEROXIDE",2,546.649183290078,0.210551356054507,0.81020311767117,0.968125863164319
"GOBP_RESPONSE_TO_OXIDATIVE_STRESS",2,543.453915335703,0.210003434344441,0.810647209864175,0.968402808850315
"GOBP_DEOXYRIBONUCLEOTIDE_CATABOLIC_PROCESS",2,546.476428762049,0.208222755383343,0.81209052829061,0.968533529705048
"GOBP_ENDOCARDIAL_CUSHION_DEVELOPMENT",2,562.782072805385,0.207619316688,0.812578494968178,0.968533529705048
"GOBP_MICROTUBULE_CYTOSKELETON_ORGANIZATION_INVOLVED_IN_MITOSIS",2,536.364560931549,0.208431205406613,0.811922610192596,0.968533529705048
"GOBP_NEGATIVE_REGULATION_OF_IMMUNE_SYSTEM_PROCESS",2,540.037852374881,0.208029821667266,0.812247869882708,0.968533529705048
"GOBP_NEGATIVE_REGULATION_OF_INTRINSIC_APOPTOTIC_SIGNALING_PATHWAY_BY_P53_CLASS_MEDIATOR",2,553.045970098271,0.207510689800032,0.812667796137079,0.968533529705048
"GOBP_ORGAN_GROWTH",2,556.392748537862,0.208050466390095,0.812229202635598,0.968533529705048
"GOBP_PYRIDINE_CONTAINING_COMPOUND_CATABOLIC_PROCESS",2,549.13640592553,0.208319510271406,0.812011706165046,0.968533529705048
"GOBP_REGULATION_OF_DEVELOPMENTAL_GROWTH",2,540.185714389709,0.207513708180864,0.812666849952403,0.968533529705048
"GOBP_SNRNA_TRANSCRIPTION_BY_RNA_POLYMERASE_II",2,544.875095217543,0.207873718429459,0.812374000227263,0.968533529705048
"GOBP_CALCINEURIN_MEDIATED_SIGNALING",2,543.80940156661,0.204770582480425,0.814897031755639,0.968582871303923
"GOBP_EMBRYONIC_AXIS_SPECIFICATION",2,561.420927723331,0.205542994484116,0.814266330277233,0.968582871303923
"GOBP_EXTRINSIC_APOPTOTIC_SIGNALING_PATHWAY",2,549.142367129199,0.20522227526851,0.814528696925716,0.968582871303923
"GOBP_HEART_VALVE_MORPHOGENESIS",2,536.998712854955,0.206309169614581,0.813645958172409,0.968582871303923
"GOBP_HEME_B_METABOLIC_PROCESS",2,554.627127070593,0.205265206349654,0.814493137807862,0.968582871303923
"GOBP_LIPID_HOMEOSTASIS",2,522.253273963896,0.20573539798999,0.814114390853839,0.968582871303923
"GOBP_NEGATIVE_REGULATION_OF_MRNA_PROCESSING",2,559.46654791434,0.204698720867083,0.81495379401082,0.968582871303923
"GOBP_NEGATIVE_REGULATION_OF_OXIDATIVE_STRESS_INDUCED_INTRINSIC_APOPTOTIC_SIGNALING_PATHWAY",2,536.378839271869,0.205002828647615,0.814708810823957,0.968582871303923
"GOBP_POLYAMINE_BIOSYNTHETIC_PROCESS",2,548.648035135497,0.204587985167231,0.815045178703016,0.968582871303923
"GOBP_REGULATION_OF_ER_TO_GOLGI_VESICLE_MEDIATED_TRANSPORT",2,565.923039429227,0.206986249074037,0.813092352813182,0.968582871303923
"GOBP_REGULATION_OF_JNK_CASCADE",2,558.101432575419,0.205425389246423,0.814362391561114,0.968582871303923
"GOBP_VASCULAR_ASSOCIATED_SMOOTH_MUSCLE_CELL_DIFFERENTIATION",2,558.309322711181,0.204115143508444,0.815429299663033,0.968786932993773
"GOBP_REGULATION_OF_MICROTUBULE_POLYMERIZATION",2,543.950997468819,0.202979445560346,0.816356820230014,0.969636316945077
"GOBP_APOPTOTIC_CELL_CLEARANCE",2,533.970682049508,0.202680163534179,0.816602147093784,0.969675186903085
"GOBP_PLACENTA_BLOOD_VESSEL_DEVELOPMENT",2,543.080407668704,0.202249158892974,0.816952866731716,0.969839152827527
"GOBP_CELLULAR_RESPONSE_TO_CAMP",2,547.244912305498,0.201824576212249,0.817299080383575,0.969976415315323
"GOBP_PROTEIN_LOCALIZATION_TO_ENDOSOME",2,550.235539841771,0.201325443622712,0.817706493507436,0.969976415315323
"GOBP_REGULATION_OF_GROWTH",2,541.123061677687,0.201552097573463,0.817522329076172,0.969976415315323
"GOBP_PROTEIN_SUMOYLATION",2,553.560090416491,0.200338477042174,0.818512993376934,0.970680645551793
"GOBP_IMPORT_INTO_NUCLEUS",2,541.95733568142,0.19933770550908,0.819333214217845,0.970698066696966
"GOBP_NEGATIVE_REGULATION_OF_PROTEIN_LOCALIZATION_TO_CELL_PERIPHERY",2,535.396708222579,0.199493555595452,0.819206361324292,0.970698066696966
"GOBP_POSITIVE_REGULATION_OF_LIPID_BIOSYNTHETIC_PROCESS",2,520.06617772494,0.199490444551704,0.819210701199736,0.970698066696966
"GOBP_POSITIVE_REGULATION_OF_STRESS_FIBER_ASSEMBLY",2,544.405604607781,0.199281471411796,0.819378986358982,0.970698066696966
"GOBP_BLASTODERM_SEGMENTATION",2,546.043362546266,0.198836327194323,0.81974336433428,0.970877560303467
"GOBP_TOLERANCE_INDUCTION",2,541.817088492174,0.198448166051226,0.820061848078703,0.971002619181454
"GOBP_HOMEOSTASIS_OF_NUMBER_OF_CELLS_WITHIN_A_TISSUE",2,543.099958359404,0.197093239569636,0.82117277408731,0.971422783402597
"GOBP_INSULIN_LIKE_GROWTH_FACTOR_RECEPTOR_SIGNALING_PATHWAY",2,542.582647529532,0.197678909365306,0.820692384176743,0.971422783402597
"GOBP_NEGATIVE_REGULATION_OF_ENDOPLASMIC_RETICULUM_UNFOLDED_PROTEIN_RESPONSE",2,548.372816862268,0.196975736029656,0.821268636877968,0.971422783402597
"GOBP_PROTEIN_DESTABILIZATION",2,554.371698851769,0.197285373433453,0.821013933427283,0.971422783402597
"GOBP_ENDOSOMAL_VESICLE_FUSION",2,529.892737286087,0.196459775148501,0.821694199745994,0.97167416257233
"GOBP_NEGATIVE_REGULATION_OF_TRANSPORTER_ACTIVITY",2,558.829858715313,0.195816824863044,0.822219209139988,0.972042978975502
"GOBP_LIPID_DIGESTION",2,519.376598774165,0.195371086458047,0.822589792891813,0.972229086649276
"GOBP_EPITHELIAL_CELL_MORPHOGENESIS",2,533.922892276541,0.19486879841326,0.823001125573449,0.972463247083031
"GOBP_NEGATIVE_REGULATION_OF_RHO_PROTEIN_SIGNAL_TRANSDUCTION",2,548.493181407299,0.194094328208646,0.823636755660761,0.972878468450986
"GOBP_POSITIVE_REGULATION_OF_LYMPHOCYTE_DIFFERENTIATION",2,538.972809378044,0.193922562211949,0.823779137285181,0.972878468450986
"GOBP_ANTIGEN_PROCESSING_AND_PRESENTATION",2,539.84913742729,0.193210615385203,0.824365319195804,0.973055920087589
"GOBP_ARF_PROTEIN_SIGNAL_TRANSDUCTION",2,569.074665877646,0.192441659608845,0.824996106770162,0.973055920087589
"GOBP_LIPOPROTEIN_METABOLIC_PROCESS",2,531.913142125485,0.192832663525557,0.8246775724358,0.973055920087589
"GOBP_NEURON_MATURATION",2,535.897854584959,0.193337415915141,0.824261291048335,0.973055920087589
"GOBP_VASCULOGENESIS",2,554.921081569709,0.192603990252112,0.824863656220947,0.973055920087589
"GOBP_RESPONSE_TO_AMINO_ACID_STARVATION",2,547.739314416523,0.191139077214549,0.826072771417686,0.97407391686558
"GOBP_ADIPOSE_TISSUE_DEVELOPMENT",2,525.057980395664,0.190632152597235,0.826493708885355,0.974254731439061
"GOBP_POSITIVE_REGULATION_OF_MIRNA_METABOLIC_PROCESS",2,523.052747266571,0.190439172652676,0.826653323979208,0.974254731439061
"GOBP_HORMONE_TRANSPORT",2,543.723500630151,0.189745996763067,0.827223959624535,0.974451478781065
"GOBP_REGULATION_OF_RECEPTOR_LOCALIZATION_TO_SYNAPSE",2,546.228957860588,0.18971714284816,0.827247561026153,0.974451478781065
"GOBP_INFLAMMATORY_CELL_APOPTOTIC_PROCESS",2,546.788345496686,0.186301161764708,0.830076250576328,0.976048529787512
"GOBP_LIMBIC_SYSTEM_DEVELOPMENT",2,535.133285815447,0.186092814095756,0.830250239518843,0.976048529787512
"GOBP_MAINTENANCE_OF_CELL_NUMBER",2,548.576748823653,0.184602942114876,0.83148597402387,0.976048529787512
"GOBP_MYELOID_CELL_DEVELOPMENT",2,545.226602242451,0.185521602568869,0.830723306010866,0.976048529787512
"GOBP_NEGATIVE_REGULATION_OF_SYNAPTIC_TRANSMISSION",2,552.995215237719,0.187179318945036,0.829347534320406,0.976048529787512
"GOBP_OLFACTORY_LOBE_DEVELOPMENT",2,548.485236357236,0.186136509488538,0.830212680124163,0.976048529787512
"GOBP_PERK_MEDIATED_UNFOLDED_PROTEIN_RESPONSE",2,531.603038258387,0.186491567609107,0.829919828421026,0.976048529787512
"GOBP_PHOSPHATIDIC_ACID_METABOLIC_PROCESS",2,547.438351516503,0.184781240030204,0.8313379422684,0.976048529787512
"GOBP_POSITIVE_REGULATION_OF_ACTIN_FILAMENT_POLYMERIZATION",2,549.523616219295,0.185763738567719,0.830521908533249,0.976048529787512
"GOBP_PROTEIN_LOCALIZATION_TO_PLASMA_MEMBRANE",2,544.405939314727,0.184466994172813,0.831599339345379,0.976048529787512
"GOBP_REGULATION_OF_BLOOD_CIRCULATION",2,540.408514742961,0.186859681332609,0.829613707048811,0.976048529787512
"GOBP_REGULATION_OF_KIDNEY_DEVELOPMENT",2,544.929003016676,0.186465176639775,0.829940389531325,0.976048529787512
"GOBP_VASCULAR_TRANSPORT",2,546.490199626695,0.184541823655056,0.831536957462975,0.976048529787512
"GOBP_WNT_SIGNALING_PATHWAY",2,547.360116041637,0.185137734419323,0.831041835264269,0.976048529787512
"GOBP_DNA_TOPOLOGICAL_CHANGE",2,556.296348814277,0.183815902012182,0.832139494269082,0.97618010117317
"GOBP_REGULATION_OF_GTPASE_ACTIVITY",2,557.088518445924,0.18388859620323,0.832078972856528,0.97618010117317
"GOBP_ALCOHOL_BIOSYNTHETIC_PROCESS",2,513.862514043068,0.182346939876211,0.833366078254416,0.976416160758604
"GOBP_BLASTOCYST_DEVELOPMENT",2,538.554036714682,0.181032858251332,0.834458696496827,0.976416160758604
"GOBP_CARDIOLIPIN_METABOLIC_PROCESS",2,554.182185822278,0.179571239658656,0.835677021511065,0.976416160758604
"GOBP_CELLULAR_RESPONSE_TO_EPINEPHRINE_STIMULUS",2,534.454357973677,0.178446043907244,0.836619016075734,0.976416160758604
"GOBP_CELLULAR_RESPONSE_TO_LIPID",2,539.787743521089,0.178125017402783,0.836886966486408,0.976416160758604
"GOBP_CELLULAR_RESPONSE_TO_VASCULAR_ENDOTHELIAL_GROWTH_FACTOR_STIMULUS",2,540.577335018415,0.177331375696131,0.837550909878375,0.976416160758604
"GOBP_CELLULAR_RESPONSE_TO_VITAMIN",2,554.896086211107,0.17666155073591,0.838110495414126,0.976416160758604
"GOBP_DEVELOPMENTAL_GROWTH",2,541.896313870482,0.179279672662403,0.835921653366706,0.976416160758604
"GOBP_ESTABLISHMENT_OF_PROTEIN_LOCALIZATION_TO_MEMBRANE",2,537.649658158735,0.178497430837977,0.83657575845656,0.976416160758604
"GOBP_GLUTAMATE_RECEPTOR_SIGNALING_PATHWAY",2,551.366563319128,0.179777525009059,0.835505011662838,0.976416160758604
"GOBP_HEPARAN_SULFATE_PROTEOGLYCAN_CATABOLIC_PROCESS",2,549.182662883079,0.176817971187457,0.837979982266225,0.976416160758604
"GOBP_LEUKOCYTE_ADHESION_TO_VASCULAR_ENDOTHELIAL_CELL",2,528.391331443303,0.176991330873685,0.837836695275852,0.976416160758604
"GOBP_LEUKOCYTE_MIGRATION",2,545.43659103601,0.176577617145744,0.838181615344661,0.976416160758604
"GOBP_MAMMARY_GLAND_ALVEOLUS_DEVELOPMENT",2,531.208044638537,0.179074154289431,0.836094349351334,0.976416160758604
"GOBP_MICROTUBULE_BASED_PROTEIN_TRANSPORT",2,553.072460882257,0.176590709079201,0.838169988058819,0.976416160758604
"GOBP_NEGATIVE_REGULATION_OF_INTRACELLULAR_STEROID_HORMONE_RECEPTOR_SIGNALING_PATHWAY",2,552.481791626978,0.180985830334432,0.83449663551991,0.976416160758604
"GOBP_NEGATIVE_REGULATION_OF_LEUKOCYTE_CHEMOTAXIS",2,548.135411079285,0.181046637260044,0.834446319326631,0.976416160758604
"GOBP_PHOSPHATIDYLINOSITOL_3_KINASE_PROTEIN_KINASE_B_SIGNAL_TRANSDUCTION",2,548.20612354365,0.179484596045982,0.835749912980336,0.976416160758604
"GOBP_PHOSPHATIDYLINOSITOL_BIOSYNTHETIC_PROCESS",2,546.816505657239,0.176803407579481,0.837992384734774,0.976416160758604
"GOBP_POSITIVE_REGULATION_OF_CELL_JUNCTION_ASSEMBLY",2,537.310274742737,0.181519739035614,0.834052904686066,0.976416160758604
"GOBP_POSITIVE_REGULATION_OF_ENDOTHELIAL_CELL_PROLIFERATION",2,541.177269627375,0.176395032722948,0.838334945303814,0.976416160758604
"GOBP_POSITIVE_REGULATION_OF_JNK_CASCADE",2,555.749338465225,0.180368403734534,0.83501140920785,0.976416160758604
"GOBP_POSITIVE_REGULATION_OF_PRODUCTION_OF_MOLECULAR_MEDIATOR_OF_IMMUNE_RESPONSE",2,543.045747929292,0.181025871005085,0.834464103556688,0.976416160758604
"GOBP_PROTEIN_EXPORT_FROM_NUCLEUS",2,559.753579090503,0.177094427268787,0.837747596060621,0.976416160758604
"GOBP_PROTEIN_LOCALIZATION_TO_CILIARY_MEMBRANE",2,540.09809355916,0.180481218763849,0.834918690653091,0.976416160758604
"GOBP_REGULATION_OF_CALCINEURIN_MEDIATED_SIGNALING",2,544.186193147498,0.177080167512328,0.837760876071761,0.976416160758604
"GOBP_REGULATION_OF_MRNA_3_END_PROCESSING",2,559.807222949907,0.180977824357194,0.834502665320693,0.976416160758604
"GOBP_TISSUE_MIGRATION",2,556.88628610331,0.181116976623181,0.834386881742981,0.976416160758604
"GOBP_MAINTENANCE_OF_CELL_POLARITY",2,547.483464330974,0.176051633582943,0.838622138058883,0.976501294788503
"GOBP_CELL_DIFFERENTIATION_INVOLVED_IN_KIDNEY_DEVELOPMENT",2,556.171561894364,0.175144264055148,0.839382201255295,0.976598864343535
"GOBP_MYELOID_CELL_HOMEOSTASIS",2,546.583501258681,0.174930426086536,0.839562408921509,0.976598864343535
"GOBP_REGULATION_OF_AXON_EXTENSION",2,555.839998323252,0.175016658821353,0.839489277806144,0.976598864343535
"GOBP_REGULATION_OF_CYTOSOLIC_CALCIUM_ION_CONCENTRATION",2,559.20440555504,0.175428753755021,0.839143338392571,0.976598864343535
"GOBP_POSITIVE_REGULATION_OF_MEMBRANE_PERMEABILITY",2,552.240471800968,0.174064618105546,0.840288682550945,0.977194462293437
"GOBP_REGULATION_OF_ACTIN_FILAMENT_BASED_PROCESS",2,539.954898338344,0.173305093867051,0.840927782837687,0.977209542817743
"GOBP_REGULATION_OF_POTASSIUM_ION_EXPORT_ACROSS_PLASMA_MEMBRANE",2,553.163798137162,0.173283980913983,0.840944410339759,0.977209542817743
"GOBP_SPHINGOLIPID_BIOSYNTHETIC_PROCESS",2,537.251371504714,0.173564889592997,0.840709717815928,0.977209542817743
"GOBP_REGULATION_OF_CELL_SHAPE",2,546.059732420413,0.172641445847723,0.841485171699439,0.977588860958008
"GOBP_NUCLEAR_TRANSPORT",2,546.60505509622,0.172175061259313,0.841877425608451,0.977795502470116
"GOBP_ANAPHASE_PROMOTING_COMPLEX_DEPENDENT_CATABOLIC_PROCESS",2,544.639811353662,0.168991803501188,0.844560090530315,0.977870129216016
"GOBP_CIRCADIAN_REGULATION_OF_GENE_EXPRESSION",2,550.764337972128,0.169159714933125,0.844417886181876,0.977870129216016
"GOBP_ENDOCRINE_HORMONE_SECRETION",2,566.305123005804,0.170652920702947,0.843157491273505,0.977870129216016
"GOBP_LUNG_EPITHELIUM_DEVELOPMENT",2,561.720865450034,0.170449095785592,0.843329614627053,0.977870129216016
"GOBP_POSITIVE_REGULATION_OF_DENDRITIC_CELL_CYTOKINE_PRODUCTION",2,540.503590256107,0.171356615619747,0.842566815942886,0.977870129216016
"GOBP_POSITIVE_REGULATION_OF_PROTEIN_LOCALIZATION",2,538.642017773585,0.17033522332022,0.843427458937236,0.977870129216016
"GOBP_PROGRAMMED_CELL_DEATH_INVOLVED_IN_CELL_DEVELOPMENT",2,544.783485069059,0.171762267582188,0.842224952270448,0.977870129216016
"GOBP_REGULATION_OF_DNA_TEMPLATED_TRANSCRIPTION_INITIATION",2,542.964020704111,0.169933421596706,0.843765843829239,0.977870129216016
"GOBP_REGULATION_OF_RAS_PROTEIN_SIGNAL_TRANSDUCTION",2,545.168779147565,0.168791823125306,0.844728855319251,0.977870129216016
"GOBP_REGULATION_OF_SIGNALING_RECEPTOR_ACTIVITY",2,569.606035725713,0.169157605473652,0.844418216345728,0.977870129216016
"GOBP_REGULATION_OF_TOLERANCE_INDUCTION",2,540.494589450198,0.17038155227241,0.843388253767203,0.977870129216016
"GOBP_STRIATED_MUSCLE_CELL_DIFFERENTIATION",2,558.293397254103,0.169056178737729,0.844504674357376,0.977870129216016
"GOBP_VIRAL_GENE_EXPRESSION",2,543.917860672816,0.169045695022952,0.844514664123656,0.977870129216016
"GOBP_POSITIVE_REGULATION_OF_MACROPHAGE_CYTOKINE_PRODUCTION",2,543.504449150618,0.168474937080075,0.844996549579897,0.977931809853822
"GOBP_NEGATIVE_REGULATION_OF_MICROTUBULE_POLYMERIZATION",2,561.701943836447,0.168197803900887,0.845229189419306,0.977952900289562
"GOBP_ORGANIC_ACID_TRANSMEMBRANE_TRANSPORT",2,544.709547858392,0.167632947184646,0.845707791008582,0.978258492211551
"GOBP_ACTIN_FILAMENT_DEPOLYMERIZATION",2,541.117014499487,0.167048344577125,0.846202322340598,0.978264836997617
"GOBP_ANTIVIRAL_INNATE_IMMUNE_RESPONSE",2,527.109245365878,0.16664579944346,0.846543969116964,0.978264836997617
"GOBP_NEGATIVE_REGULATION_OF_PROTEIN_CATABOLIC_PROCESS",2,562.876689489337,0.166610248986964,0.8465712150032,0.978264836997617
"GOBP_REGULATION_OF_EARLY_ENDOSOME_TO_LATE_ENDOSOME_TRANSPORT",2,549.106603233215,0.167200199207367,0.846073276187517,0.978264836997617
"GOBP_NEGATIVE_REGULATION_OF_DOUBLE_STRAND_BREAK_REPAIR_VIA_HOMOLOGOUS_RECOMBINATION",2,553.955930630999,0.165700108872638,0.847342274211764,0.978907829959437
"GOBP_BRANCHING_INVOLVED_IN_BLOOD_VESSEL_MORPHOGENESIS",2,532.887862091102,0.16423077298109,0.84858910976991,0.979175370935078
"GOBP_CEREBELLAR_PURKINJE_CELL_LAYER_DEVELOPMENT",2,547.703782587074,0.164885434162068,0.848032926473367,0.979175370935078
"GOBP_NEGATIVE_REGULATION_OF_STRIATED_MUSCLE_CELL_DIFFERENTIATION",2,551.445451648623,0.165149521582994,0.847808849813463,0.979175370935078
"GOBP_POSITIVE_REGULATION_OF_LOCOMOTION",2,546.125274949811,0.163907866530123,0.848861963752971,0.979175370935078
"GOBP_POSITIVE_REGULATION_OF_PHOSPHORUS_METABOLIC_PROCESS",2,541.511862738922,0.164595765203107,0.848278942541222,0.979175370935078
"GOBP_PROTEIN_ACYLATION",2,546.48945090308,0.16411135353875,0.848689324740701,0.979175370935078
"GOBP_CELLULAR_RESPONSE_TO_OSMOTIC_STRESS",2,533.395854148427,0.162391776627603,0.850150100136917,0.980413301320981
"GOBP_ANGIOGENESIS_INVOLVED_IN_WOUND_HEALING",2,514.461314239445,0.161965356380652,0.85051401647268,0.980585042753259
"GOBP_XENOBIOTIC_EXPORT_FROM_CELL",2,576.046548972426,0.161538327027487,0.850872449739374,0.980750377372071
"GOBP_MICROTUBULE_ORGANIZING_CENTER_ORGANIZATION",2,535.936551244942,0.160886036865638,0.851430196928729,0.98114530777967
"GOBP_MACROPHAGE_DIFFERENTIATION",2,550.371674529885,0.160415631285533,0.851829496674349,0.981151913209181
"GOBP_NEGATIVE_REGULATION_OF_D_GLUCOSE_TRANSMEMBRANE_TRANSPORT",2,556.127900522593,0.1602349273948,0.851982938771911,0.981151913209181
"GOBP_PEROXISOME_FISSION",2,556.651489569157,0.159795219222113,0.852357392672239,0.981151913209181
"GOBP_REGULATION_OF_HORMONE_SECRETION",2,548.566622313091,0.159614984205273,0.852511517660159,0.981151913209181
"GOBP_VESICLE_MEDIATED_TRANSPORT_IN_SYNAPSE",2,553.983188910189,0.160018685643808,0.852167238705213,0.981151913209181
"GOBP_GLIOGENESIS",2,541.761683518472,0.158986770223656,0.853047427848376,0.981296178792775
"GOBP_REGULATION_OF_PROTEIN_LOCALIZATION_TO_MEMBRANE",2,538.537007377714,0.158963896519217,0.853067167049628,0.981296178792775
"GOBP_ATRIAL_SEPTUM_DEVELOPMENT",2,528.863538879354,0.15779376220768,0.854066088680594,0.981349635415471
"GOBP_CELL_ADHESION_MEDIATED_BY_INTEGRIN",2,533.093649886426,0.157144932172369,0.854619765812377,0.981349635415471
"GOBP_LYMPHOCYTE_CHEMOTAXIS",2,556.92156156538,0.15716687276874,0.854599333267941,0.981349635415471
"GOBP_NEGATIVE_REGULATION_OF_INTERLEUKIN_8_PRODUCTION",2,541.82008155176,0.158080078431804,0.853820772645745,0.981349635415471
"GOBP_PLASMA_MEMBRANE_TUBULATION",2,552.534180552317,0.158170795745117,0.853742601199905,0.981349635415471
"GOBP_POSITIVE_REGULATION_OF_CHOLESTEROL_BIOSYNTHETIC_PROCESS",2,541.743677199739,0.157403763528017,0.85439808891634,0.981349635415471
"GOBP_REGULATION_OF_GLYCOLYTIC_PROCESS",2,544.854041138715,0.158304101356257,0.853629410563517,0.981349635415471
"GOBP_AMEBOIDAL_TYPE_CELL_MIGRATION",2,550.119662913597,0.149653742167332,0.861041095830268,0.981518448237098
"GOBP_CELL_ACTIVATION_INVOLVED_IN_IMMUNE_RESPONSE",2,538.388308797131,0.155204109309807,0.856278688652264,0.981518448237098
"GOBP_CELL_CHEMOTAXIS",2,550.365425223358,0.149179097574008,0.861449643796771,0.981518448237098
"GOBP_CONVERGENT_EXTENSION",2,553.555548872731,0.155334310797803,0.856166220869051,0.981518448237098
"GOBP_DEVELOPMENTAL_CELL_GROWTH",2,542.085813968663,0.153106242118935,0.858075648295675,0.981518448237098
"GOBP_HEART_DEVELOPMENT",2,534.309234654888,0.14926324913865,0.861378240875535,0.981518448237098
"GOBP_LENS_DEVELOPMENT_IN_CAMERA_TYPE_EYE",2,553.719568274195,0.147693914020369,0.86272910742875,0.981518448237098
"GOBP_LONG_CHAIN_FATTY_ACYL_COA_METABOLIC_PROCESS",2,548.850212461436,0.151139901771057,0.859763182518395,0.981518448237098
"GOBP_NEGATIVE_REGULATION_OF_JNK_CASCADE",2,565.9899772627,0.150752260874045,0.860095265491472,0.981518448237098
"GOBP_NEGATIVE_REGULATION_OF_MRNA_METABOLIC_PROCESS",2,561.689020249164,0.153862042791441,0.857426420053727,0.981518448237098
"GOBP_NEGATIVE_REGULATION_OF_PROTEIN_LOCALIZATION",2,540.676749203544,0.155372774617084,0.856134197219787,0.981518448237098
"GOBP_NEGATIVE_REGULATION_OF_SODIUM_ION_TRANSPORT",2,552.726978120507,0.149252103418645,0.861386640460259,0.981518448237098
"GOBP_OVULATION_CYCLE",2,538.620385165423,0.153569769416129,0.857678463652083,0.981518448237098
"GOBP_PODOSOME_ASSEMBLY",2,540.214154618087,0.151054208891794,0.859837391737933,0.981518448237098
"GOBP_POSITIVE_REGULATION_OF_EPITHELIAL_CELL_PROLIFERATION",2,545.594614463389,0.148512076110694,0.862024431893005,0.981518448237098
"GOBP_POSITIVE_REGULATION_OF_ERYTHROCYTE_DIFFERENTIATION",2,560.418256362672,0.154373816120455,0.856988047281313,0.981518448237098
"GOBP_POSITIVE_REGULATION_OF_MYOBLAST_DIFFERENTIATION",2,548.604589915314,0.151870224317116,0.859135869675444,0.981518448237098
"GOBP_POSITIVE_REGULATION_OF_PLATELET_ACTIVATION",2,528.344947682395,0.148832773217604,0.86174931943871,0.981518448237098
"GOBP_POSITIVE_REGULATION_OF_SMALL_MOLECULE_METABOLIC_PROCESS",2,527.12333516454,0.156641286677306,0.855050491676857,0.981518448237098
"GOBP_POSITIVE_REGULATION_OF_SMOOTH_MUSCLE_CELL_DIFFERENTIATION",2,566.051402977436,0.150620938702085,0.860208158629327,0.981518448237098
"GOBP_POSITIVE_REGULATION_OF_VASCULAR_ASSOCIATED_SMOOTH_MUSCLE_CELL_PROLIFERATION",2,538.043324029052,0.155637539332923,0.855907870913614,0.981518448237098
"GOBP_PULMONARY_VALVE_DEVELOPMENT",2,542.669780051419,0.147888739518187,0.862561825060332,0.981518448237098
"GOBP_PURINE_NUCLEOTIDE_CATABOLIC_PROCESS",2,550.529384104778,0.152332719036944,0.858738708945981,0.981518448237098
"GOBP_REGULATION_OF_ACTIN_FILAMENT_LENGTH",2,541.024761576341,0.151739052890705,0.859249013666933,0.981518448237098
"GOBP_REGULATION_OF_ANIMAL_ORGAN_FORMATION",2,513.094571085243,0.152134974460458,0.858911075299872,0.981518448237098
"GOBP_REGULATION_OF_BLOOD_PRESSURE",2,543.634928390574,0.150957797948757,0.85992001905909,0.981518448237098
"GOBP_REGULATION_OF_COAGULATION",2,525.08294178918,0.148765706690091,0.861807307466577,0.981518448237098
"GOBP_REGULATION_OF_NATURAL_KILLER_CELL_DIFFERENTIATION",2,515.47842940708,0.14813851851965,0.862348357708699,0.981518448237098
"GOBP_REGULATION_OF_NUCLEAR_CELL_CYCLE_DNA_REPLICATION",2,520.831033646208,0.151190542682348,0.859721593190548,0.981518448237098
"GOBP_REGULATION_OF_POST_TRANSLATIONAL_PROTEIN_MODIFICATION",2,554.478603104016,0.149478366218777,0.861191758112747,0.981518448237098
"GOBP_REGULATION_OF_RELEASE_OF_CYTOCHROME_C_FROM_MITOCHONDRIA",2,570.565347196066,0.149318450702962,0.86132843705111,0.981518448237098
"GOBP_REGULATION_OF_TRANSCRIPTION_REGULATORY_REGION_DNA_BINDING",2,541.433034710689,0.148692285785864,0.861869453560462,0.981518448237098
"GOBP_RESPONSE_TO_CHEMOKINE",2,537.869483039737,0.150501073576523,0.860313021364591,0.981518448237098
"GOBP_RESPONSE_TO_STEROL_DEPLETION",2,543.078565963894,0.148336879390651,0.862175547814333,0.981518448237098
"GOBP_STEROID_HORMONE_SECRETION",2,566.309840007201,0.150821694588227,0.860035560247789,0.981518448237098
"GOBP_STEROID_METABOLIC_PROCESS",2,538.388043827174,0.151922145206515,0.859091973763244,0.981518448237098
"GOBP_UBIQUITIN_RECYCLING",2,553.603592138448,0.155281556799247,0.856211359686622,0.981518448237098
"GOBP_MACROMOLECULE_DEACYLATION",2,556.277254800477,0.146418880713129,0.863829078966554,0.981593542506666
"GOBP_MUSCLE_TISSUE_DEVELOPMENT",2,547.536236629914,0.146385316480493,0.86385858882968,0.981593542506666
"GOBP_NEGATIVE_REGULATION_OF_PLATELET_ACTIVATION",2,522.599199332785,0.146741824917883,0.86355245492696,0.981593542506666
"GOBP_NEGATIVE_REGULATION_OF_UBIQUITIN_DEPENDENT_PROTEIN_CATABOLIC_PROCESS",2,553.623904882719,0.146135969454723,0.864073530888202,0.981593542506666
"GOBP_POSITIVE_REGULATION_OF_GLIAL_CELL_PROLIFERATION",2,548.428412294415,0.146121432757347,0.864086400606066,0.981593542506666
"GOBP_REGULATION_OF_POSTSYNAPTIC_DENSITY_ORGANIZATION",2,527.557748277021,0.146762257728928,0.863534485934467,0.981593542506666
"GOBP_EXCRETION",2,536.063843771992,0.144600541255925,0.8654016452874,0.981620717273273
"GOBP_INTERLEUKIN_13_PRODUCTION",2,560.570128130729,0.144707223594873,0.865307900286568,0.981620717273273
"GOBP_INTESTINAL_ABSORPTION",2,537.258531706775,0.145054981486774,0.86500859815473,0.981620717273273
"GOBP_OLEFINIC_COMPOUND_METABOLIC_PROCESS",2,532.710639349038,0.144750603723557,0.865272073504487,0.981620717273273
"GOBP_POSITIVE_REGULATION_OF_GRANULOCYTE_CHEMOTAXIS",2,541.785794786723,0.14512908424469,0.864944252461078,0.981620717273273
"GOBP_STRIATUM_DEVELOPMENT",2,575.790832316581,0.144745255458735,0.865274154328928,0.981620717273273
"GOBP_PROTEASOME_MEDIATED_UBIQUITIN_DEPENDENT_PROTEIN_CATABOLIC_PROCESS",2,548.966751716276,0.14429741611652,0.865663078966014,0.981673123611136
"GOBP_ACTIN_POLYMERIZATION_OR_DEPOLYMERIZATION",2,536.738377859025,0.139735644770894,0.869619709589913,0.981776780708713
"GOBP_BILE_ACID_METABOLIC_PROCESS",2,534.204603794941,0.139603144348307,0.869735031941996,0.981776780708713
"GOBP_CELLULAR_RESPONSE_TO_STEROID_HORMONE_STIMULUS",2,543.384830798939,0.138332273360455,0.870839953456733,0.981776780708713
"GOBP_FAT_SOLUBLE_VITAMIN_METABOLIC_PROCESS",2,549.506504767392,0.140988611492171,0.868530609371373,0.981776780708713
"GOBP_FORMATION_OF_PRIMARY_GERM_LAYER",2,549.397729794532,0.141497807637628,0.868088702885911,0.981776780708713
"GOBP_LEUKOTRIENE_METABOLIC_PROCESS",2,533.156194461453,0.140765382893568,0.868725372502619,0.981776780708713
"GOBP_LIPOPROTEIN_CATABOLIC_PROCESS",2,529.477672813961,0.142865161912515,0.866904353248166,0.981776780708713
"GOBP_MARGINAL_ZONE_B_CELL_DIFFERENTIATION",2,551.92738708257,0.143635031491695,0.866236195531293,0.981776780708713
"GOBP_MEMBRANE_REPOLARIZATION",2,556.147409361236,0.140672955041674,0.868804296089948,0.981776780708713
"GOBP_MORPHOGENESIS_OF_AN_EPITHELIAL_FOLD",2,548.976608198364,0.14299405794384,0.866791492105283,0.981776780708713
"GOBP_NEGATIVE_REGULATION_OF_GLUCONEOGENESIS",2,566.248884339575,0.139071933332869,0.870195144771796,0.981776780708713
"GOBP_NEGATIVE_REGULATION_OF_INCLUSION_BODY_ASSEMBLY",2,552.058748347193,0.140060083098981,0.869336883208606,0.981776780708713
"GOBP_PHOSPHOLIPID_TRANSLOCATION",2,535.56759252895,0.141686121188523,0.867926148002335,0.981776780708713
"GOBP_PROTEIN_K11_LINKED_UBIQUITINATION",2,551.270124313776,0.141108005030851,0.868426871216993,0.981776780708713
"GOBP_REGULATION_OF_CELL_MORPHOGENESIS",2,545.680044396444,0.14089397989017,0.868612981446405,0.981776780708713
"GOBP_REGULATION_OF_LEUKOCYTE_CHEMOTAXIS",2,546.898098589923,0.139155412937864,0.870123592076241,0.981776780708713
"GOBP_REGULATION_OF_MUSCLE_SYSTEM_PROCESS",2,537.01569039958,0.139376275237735,0.869932101846262,0.981776780708713
"GOBP_REGULATION_OF_NEURON_APOPTOTIC_PROCESS",2,531.851919569534,0.14202457439058,0.867632828932955,0.981776780708713
"GOBP_REGULATION_OF_PROTEIN_NEDDYLATION",2,552.03972685201,0.142457454889788,0.867256320258799,0.981776780708713
"GOBP_RESPONSE_TO_NUTRIENT_LEVELS",2,543.146303957394,0.143483770397619,0.866367687238991,0.981776780708713
"GOBP_SARCOPLASMIC_RETICULUM_CALCIUM_ION_TRANSPORT",2,560.840830766021,0.139181593212484,0.870100058213379,0.981776780708713
"GOBP_SIGNAL_TRANSDUCTION_IN_ABSENCE_OF_LIGAND",2,544.735572074761,0.138608361765159,0.870599603995483,0.981776780708713
"GOBP_TISSUE_REGENERATION",2,561.87304935445,0.138238466201522,0.870920599593828,0.981776780708713
"GOBP_VASCULAR_WOUND_HEALING",2,503.724874118743,0.138970075736881,0.870287423468209,0.981776780708713
"GOBP_POSITIVE_REGULATION_OF_VASCULATURE_DEVELOPMENT",2,540.779449423573,0.13797474142076,0.871151350864212,0.981794245439009
"GOBP_CELL_MATURATION",2,543.908911069237,0.136535600887168,0.87240515272973,0.981863950150414
"GOBP_MUSCLE_CELL_DEVELOPMENT",2,563.638675111001,0.135679805834594,0.873150664724859,0.981863950150414
"GOBP_NEGATIVE_REGULATION_OF_ALPHA_BETA_T_CELL_PROLIFERATION",2,522.721390611475,0.1362277140812,0.872674867510656,0.981863950150414
"GOBP_PLACENTA_DEVELOPMENT",2,543.641072643461,0.13631887530536,0.872594165589881,0.981863950150414
"GOBP_PLATELET_DERIVED_GROWTH_FACTOR_RECEPTOR_SIGNALING_PATHWAY",2,557.281193495155,0.137494517360617,0.871568684463905,0.981863950150414
"GOBP_POSITIVE_REGULATION_OF_MICROTUBULE_POLYMERIZATION_OR_DEPOLYMERIZATION",2,549.107747732553,0.137102312351194,0.871910854161259,0.981863950150414
"GOBP_REGULATION_OF_ANATOMICAL_STRUCTURE_SIZE",2,533.527688056949,0.13737820071055,0.87167133171193,0.981863950150414
"GOBP_REGULATION_OF_ESTABLISHMENT_OR_MAINTENANCE_OF_CELL_POLARITY",2,556.04931652546,0.135938432755896,0.87292537276368,0.981863950150414
"GOBP_STRESS_GRANULE_ASSEMBLY",2,561.948068320929,0.135727149756532,0.873109433017787,0.981863950150414
"GOBP_REGULATION_OF_CELL_GROWTH",2,545.64704404509,0.135154056398023,0.873610556234186,0.982138956614277
"GOBP_GLYCEROPHOSPHOLIPID_METABOLIC_PROCESS",2,526.131299024553,0.134732103549656,0.873980151948101,0.982186312165594
"GOBP_PROTEIN_LOCALIZATION_TO_NUCLEAR_ENVELOPE",2,542.182818428807,0.134612931824949,0.874083367919348,0.982186312165594
"GOBP_PHOSPHATIDYLINOSITOL_PHOSPHATE_BIOSYNTHETIC_PROCESS",2,544.974746421411,0.134205549610066,0.874439201225418,0.98234413714018
"GOBP_ALCOHOL_CATABOLIC_PROCESS",2,550.927118302553,0.103506392448745,0.901687788901854,0.982680805923235
"GOBP_AMELOGENESIS",2,560.861800029185,0.10002470105302,0.904831204737698,0.982680805923235
"GOBP_AMINO_ACID_TRANSPORT",2,538.999718965866,0.125220799019553,0.882327729458604,0.982680805923235
"GOBP_ASSOCIATIVE_LEARNING",2,551.828363745563,0.0989135464344283,0.905837072562061,0.982680805923235
"GOBP_BICARBONATE_TRANSPORT",2,533.015942812853,0.102800306762696,0.902325025402207,0.982680805923235
"GOBP_BLASTOCYST_FORMATION",2,538.186875341131,0.130739547164222,0.877474137139718,0.982680805923235
"GOBP_BLOOD_VESSEL_ENDOTHELIAL_CELL_MIGRATION",2,539.88744320185,0.102913452813135,0.902222747990572,0.982680805923235
"GOBP_CAMERA_TYPE_EYE_MORPHOGENESIS",2,546.667363681768,0.100091785552663,0.904770947709334,0.982680805923235
"GOBP_CARBOHYDRATE_BIOSYNTHETIC_PROCESS",2,532.395188101756,0.125790011205065,0.881826195259739,0.982680805923235
"GOBP_CARBOHYDRATE_DERIVATIVE_CATABOLIC_PROCESS",2,540.208957989802,0.101891552127529,0.903144840975215,0.982680805923235
"GOBP_CAVEOLIN_MEDIATED_ENDOCYTOSIS",2,550.686083167144,0.100943116766496,0.904001175750286,0.982680805923235
"GOBP_CELLULAR_RESPONSE_TO_CHEMICAL_STRESS",2,535.583617821915,0.109609989537406,0.896203686285408,0.982680805923235
"GOBP_CELL_PROJECTION_MORPHOGENESIS",2,547.629542734944,0.121788077696236,0.885359943263352,0.982680805923235
"GOBP_CELL_SURFACE_RECEPTOR_PROTEIN_TYROSINE_KINASE_SIGNALING_PATHWAY",2,547.454141338958,0.105324571996243,0.900050583072446,0.982680805923235
"GOBP_CENTRAL_NERVOUS_SYSTEM_NEURON_DIFFERENTIATION",2,553.144619165441,0.11001681015578,0.895838673298992,0.982680805923235
"GOBP_CHONDROITIN_SULFATE_PROTEOGLYCAN_BIOSYNTHETIC_PROCESS",2,540.131645849662,0.0950268979068059,0.909363673938951,0.982680805923235
"GOBP_CILIUM_OR_FLAGELLUM_DEPENDENT_CELL_MOTILITY",2,527.561150961894,0.0968798550426234,0.907681195190393,0.982680805923235
"GOBP_COGNITION",2,535.829476743522,0.113308281321824,0.892896748893794,0.982680805923235
"GOBP_COLLAGEN_METABOLIC_PROCESS",2,555.517633901888,0.120835310277048,0.886203178116787,0.982680805923235
"GOBP_COMPLEMENT_ACTIVATION",2,522.348452938196,0.126660666681877,0.881059636474557,0.982680805923235
"GOBP_CYTOSKELETON_DEPENDENT_CYTOKINESIS",2,547.722682309186,0.115492954901436,0.890948539679644,0.982680805923235
"GOBP_DNA_TEMPLATED_TRANSCRIPTION_INITIATION",2,536.312338472296,0.123852884701168,0.883535071749642,0.982680805923235
"GOBP_ENDOTHELIAL_CELL_DEVELOPMENT",2,558.851710619534,0.124035909478046,0.88337243101372,0.982680805923235
"GOBP_ERYTHROCYTE_HOMEOSTASIS",2,544.735919804728,0.114047500445268,0.892236872262206,0.982680805923235
"GOBP_ESTABLISHMENT_OF_RNA_LOCALIZATION",2,553.402604300986,0.110614768124317,0.895303363771898,0.982680805923235
"GOBP_FATTY_ACID_BETA_OXIDATION_USING_ACYL_COA_DEHYDROGENASE",2,556.436479474328,0.122917391170995,0.884360718841396,0.982680805923235
"GOBP_FAT_CELL_DIFFERENTIATION",2,538.974284531051,0.113306430996871,0.892898275588577,0.982680805923235
"GOBP_FORMATION_OF_TRANSLATION_PREINITIATION_COMPLEX",2,541.077194854126,0.10419921327058,0.901063855556759,0.982680805923235
"GOBP_GLAND_DEVELOPMENT",2,531.632265179732,0.109328353176042,0.896456170827089,0.982680805923235
"GOBP_GOLGI_TO_PLASMA_MEMBRANE_TRANSPORT",2,559.192993591268,0.133107486295984,0.875398723766858,0.982680805923235
"GOBP_GRANULOCYTE_CHEMOTAXIS",2,549.801454155744,0.116612947346253,0.889951581344042,0.982680805923235
"GOBP_GTP_METABOLIC_PROCESS",2,557.080776220318,0.12867771519179,0.879283417412836,0.982680805923235
"GOBP_HETEROCHROMATIN_ORGANIZATION",2,551.775211790179,0.118160436070726,0.888575962600224,0.982680805923235
"GOBP_HOMOLOGOUS_CHROMOSOME_SEGREGATION",2,534.561670309206,0.0998659558088191,0.904975593950177,0.982680805923235
"GOBP_HUMORAL_IMMUNE_RESPONSE_MEDIATED_BY_CIRCULATING_IMMUNOGLOBULIN",2,518.711346270339,0.111315024724593,0.894678231303939,0.982680805923235
"GOBP_HYPERSENSITIVITY",2,528.225296072388,0.125037309479912,0.882490088873208,0.982680805923235
"GOBP_INFLAMMATORY_RESPONSE_TO_ANTIGENIC_STIMULUS",2,545.684889442099,0.117870770257162,0.888833529517101,0.982680805923235
"GOBP_INTEGRATED_STRESS_RESPONSE_SIGNALING",2,533.152261798488,0.11508861052598,0.89130929961332,0.982680805923235
"GOBP_INTERLEUKIN_17_PRODUCTION",2,545.001992170201,0.12067228374727,0.886348049758493,0.982680805923235
"GOBP_INTRACELLULAR_GLUCOSE_HOMEOSTASIS",2,541.679034025675,0.132097001766284,0.876284211518288,0.982680805923235
"GOBP_INTRACELLULAR_IRON_ION_HOMEOSTASIS",2,540.843557726541,0.109362324537986,0.896425386747073,0.982680805923235
"GOBP_INTRINSIC_APOPTOTIC_SIGNALING_PATHWAY",2,547.035334339811,0.118003364961555,0.888715677672692,0.982680805923235
"GOBP_IONOTROPIC_GLUTAMATE_RECEPTOR_SIGNALING_PATHWAY",2,552.98192923481,0.105174651736377,0.90018529540413,0.982680805923235
"GOBP_LENS_MORPHOGENESIS_IN_CAMERA_TYPE_EYE",2,539.670863573971,0.0960911581599916,0.908396744347664,0.982680805923235
"GOBP_LIPID_DROPLET_FORMATION",2,560.307049696623,0.131071631854747,0.877181826689697,0.982680805923235
"GOBP_LOCOMOTORY_BEHAVIOR",2,550.099977113448,0.111802018640994,0.894241592862202,0.982680805923235
"GOBP_LYMPHOCYTE_ACTIVATION_INVOLVED_IN_IMMUNE_RESPONSE",2,530.989643550319,0.116018482585526,0.89048133150519,0.982680805923235
"GOBP_LYMPHOCYTE_HOMEOSTASIS",2,546.632273345652,0.120099945118319,0.886855192082941,0.982680805923235
"GOBP_L_GLUTAMATE_TRANSMEMBRANE_TRANSPORT",2,533.035821412649,0.117993062370019,0.888725423548135,0.982680805923235
"GOBP_MACROPINOCYTOSIS",2,540.634062955611,0.105022005832281,0.900323073204989,0.982680805923235
"GOBP_MEMBRANE_DEPOLARIZATION",2,556.864707630888,0.12131617106097,0.885777269052669,0.982680805923235
"GOBP_MICROVILLUS_ORGANIZATION",2,559.945268088685,0.129652979156038,0.878426563577427,0.982680805923235
"GOBP_MIRNA_METABOLIC_PROCESS",2,521.643603494497,0.115278828586157,0.891140335592238,0.982680805923235
"GOBP_MITOTIC_SPINDLE_ASSEMBLY",2,535.797704485638,0.114222542414298,0.892081128666014,0.982680805923235
"GOBP_MONOSACCHARIDE_CATABOLIC_PROCESS",2,530.847345097254,0.129650310948546,0.878430350846191,0.982680805923235
"GOBP_MULTI_MULTICELLULAR_ORGANISM_PROCESS",2,556.68048391898,0.116324345410083,0.890208080771189,0.982680805923235
"GOBP_MYOBLAST_FUSION",2,558.367098775308,0.117497892415181,0.889164364042454,0.982680805923235
"GOBP_NEGATIVE_REGULATION_OF_ACTIN_FILAMENT_BUNDLE_ASSEMBLY",2,533.618616426832,0.104668607545393,0.900641418478849,0.982680805923235
"GOBP_NEGATIVE_REGULATION_OF_CELL_FATE_COMMITMENT",2,555.297473654413,0.100495561959519,0.904405570691193,0.982680805923235
"GOBP_NEGATIVE_REGULATION_OF_DNA_BINDING",2,540.812871379478,0.0950403977188105,0.909351382955011,0.982680805923235
"GOBP_NEGATIVE_REGULATION_OF_EXTRINSIC_APOPTOTIC_SIGNALING_PATHWAY",2,539.833519305093,0.106500276624328,0.89899368285204,0.982680805923235
"GOBP_NEGATIVE_REGULATION_OF_INTERFERON_BETA_PRODUCTION",2,559.26619226371,0.110994743134374,0.894963162838092,0.982680805923235
"GOBP_NEGATIVE_REGULATION_OF_INTRINSIC_APOPTOTIC_SIGNALING_PATHWAY",2,546.572310457078,0.10366796934278,0.901542303566851,0.982680805923235
"GOBP_NEGATIVE_REGULATION_OF_LOCOMOTION",2,555.485913205067,0.125393592544494,0.882174589648232,0.982680805923235
"GOBP_NEGATIVE_REGULATION_OF_MYOTUBE_DIFFERENTIATION",2,551.654185367317,0.124854916626606,0.882649881714499,0.982680805923235
"GOBP_NEGATIVE_REGULATION_OF_NUCLEOTIDE_METABOLIC_PROCESS",2,535.805625783159,0.116626053947145,0.889940496889141,0.982680805923235
"GOBP_NEGATIVE_REGULATION_OF_ORGANIC_ACID_TRANSPORT",2,545.354987491527,0.124341199540079,0.883103511393789,0.982680805923235
"GOBP_NEGATIVE_REGULATION_OF_OXIDATIVE_STRESS_INDUCED_NEURON_INTRINSIC_APOPTOTIC_SIGNALING_PATHWAY",2,536.904292491509,0.109014151468554,0.896737570743895,0.982680805923235
"GOBP_NEGATIVE_REGULATION_OF_PHOSPHORUS_METABOLIC_PROCESS",2,550.723803632875,0.103574469931596,0.901626435897323,0.982680805923235
"GOBP_NEGATIVE_REGULATION_OF_PROTEOLYSIS_INVOLVED_IN_PROTEIN_CATABOLIC_PROCESS",2,553.332082375341,0.126185352263674,0.881476810015187,0.982680805923235
"GOBP_NEGATIVE_REGULATION_OF_RESPONSE_TO_ENDOPLASMIC_RETICULUM_STRESS",2,553.748853699629,0.129879269278496,0.878228194750445,0.982680805923235
"GOBP_NEGATIVE_REGULATION_OF_SECRETION",2,540.380206703001,0.098680017385232,0.906048899355794,0.982680805923235
"GOBP_NEGATIVE_REGULATION_OF_TORC1_SIGNALING",2,528.630716158405,0.107031627644709,0.89851672116132,0.982680805923235
"GOBP_NEGATIVE_REGULATION_OF_VASCULATURE_DEVELOPMENT",2,565.28853711491,0.112095499254538,0.893978747168075,0.982680805923235
"GOBP_NEUROENDOCRINE_CELL_DIFFERENTIATION",2,550.876551984637,0.125355858641858,0.882208071840853,0.982680805923235
"GOBP_NEURON_APOPTOTIC_PROCESS",2,532.369961891149,0.107781370383083,0.897843452168007,0.982680805923235
"GOBP_NUCLEOSIDE_CATABOLIC_PROCESS",2,562.471755566243,0.103705826807693,0.90150768587155,0.982680805923235
"GOBP_ONE_CARBON_COMPOUND_TRANSPORT",2,535.176991371487,0.115877449639615,0.890606696624799,0.982680805923235
"GOBP_ORGANELLE_TRANSPORT_ALONG_MICROTUBULE",2,546.047643171062,0.0966526908411337,0.907886791651614,0.982680805923235
"GOBP_PEPTIDE_CATABOLIC_PROCESS",2,538.359211975954,0.0979147372357645,0.906742353978969,0.982680805923235
"GOBP_PEPTIDYL_AMINO_ACID_MODIFICATION",2,544.244207345753,0.131391351746245,0.87690234722184,0.982680805923235
"GOBP_PEPTIDYL_TYROSINE_DEPHOSPHORYLATION",2,546.177484297481,0.0949572619564275,0.909426810305191,0.982680805923235
"GOBP_PHENOL_CONTAINING_COMPOUND_BIOSYNTHETIC_PROCESS",2,552.361521904117,0.110873075807106,0.895072259852232,0.982680805923235
"GOBP_PHOTORECEPTOR_CELL_DEVELOPMENT",2,554.380078630668,0.130017115471532,0.878107168961787,0.982680805923235
"GOBP_POSITIVE_REGULATION_OF_ALPHA_BETA_T_CELL_PROLIFERATION",2,535.441640083174,0.113533445137233,0.892695824091507,0.982680805923235
"GOBP_POSITIVE_REGULATION_OF_BLOOD_CIRCULATION",2,521.251191953387,0.115686496054978,0.890777298617362,0.982680805923235
"GOBP_POSITIVE_REGULATION_OF_CARBOHYDRATE_METABOLIC_PROCESS",2,534.839832804027,0.114191718799258,0.892108653399278,0.982680805923235
"GOBP_POSITIVE_REGULATION_OF_CELLULAR_RESPONSE_TO_TRANSFORMING_GROWTH_FACTOR_BETA_STIMULUS",2,548.80590315171,0.119559234427056,0.88733455172371,0.982680805923235
"GOBP_POSITIVE_REGULATION_OF_CYCLASE_ACTIVITY",2,565.540392088779,0.109677409424743,0.89614222552071,0.982680805923235
"GOBP_POSITIVE_REGULATION_OF_DNA_BINDING",2,529.845769097277,0.10862905037768,0.897083094395439,0.982680805923235
"GOBP_POSITIVE_REGULATION_OF_EPITHELIAL_CELL_MIGRATION",2,540.381008220444,0.117949372065045,0.888763920785501,0.982680805923235
"GOBP_POSITIVE_REGULATION_OF_GLUCOSE_METABOLIC_PROCESS",2,539.637065667198,0.119814396180419,0.887108659488221,0.982680805923235
"GOBP_POSITIVE_REGULATION_OF_HIPPO_SIGNALING",2,549.028546092842,0.103921539242126,0.901313735692825,0.982680805923235
"GOBP_POSITIVE_REGULATION_OF_HYDROLASE_ACTIVITY",2,546.540452914843,0.109460549912003,0.896337168089768,0.982680805923235
"GOBP_POSITIVE_REGULATION_OF_INTEGRIN_MEDIATED_SIGNALING_PATHWAY",2,536.230053992964,0.119717707102937,0.887194548916339,0.982680805923235
"GOBP_POSITIVE_REGULATION_OF_INTERLEUKIN_13_PRODUCTION",2,549.709359566922,0.127432095676056,0.880379192414776,0.982680805923235
"GOBP_POSITIVE_REGULATION_OF_INTRACELLULAR_PROTEIN_TRANSPORT",2,548.141378891644,0.129631247764851,0.878446211729822,0.982680805923235
"GOBP_POSITIVE_REGULATION_OF_KINASE_ACTIVITY",2,548.698683893887,0.117044000916682,0.88956825461898,0.982680805923235
"GOBP_POSITIVE_REGULATION_OF_MAST_CELL_DEGRANULATION",2,560.060488516437,0.0984925866013208,0.906218103388144,0.982680805923235
"GOBP_POSITIVE_REGULATION_OF_PHOSPHORYLATION",2,544.70615130758,0.106539298378944,0.898958448068869,0.982680805923235
"GOBP_POSITIVE_REGULATION_OF_PLASMA_MEMBRANE_BOUNDED_CELL_PROJECTION_ASSEMBLY",2,548.87411278337,0.0978585523945124,0.906792973207845,0.982680805923235
"GOBP_POSITIVE_REGULATION_OF_PROTEIN_LOCALIZATION_TO_NUCLEUS",2,545.737611949645,0.101660808688962,0.903353006260385,0.982680805923235
"GOBP_POSITIVE_REGULATION_OF_PROTEIN_MODIFICATION_PROCESS",2,545.426588150162,0.131704680243518,0.876627703954992,0.982680805923235
"GOBP_POSITIVE_REGULATION_OF_RESPONSE_TO_TUMOR_CELL",2,532.473415914586,0.115760695937884,0.890710752507232,0.982680805923235
"GOBP_POSITIVE_REGULATION_OF_SUBSTRATE_ADHESION_DEPENDENT_CELL_SPREADING",2,543.531192101199,0.109387157618336,0.896403037008267,0.982680805923235
"GOBP_PROSTAGLANDIN_SECRETION",2,537.704927875937,0.123300966572665,0.884022555760133,0.982680805923235
"GOBP_PROTEIN_CATABOLIC_PROCESS_IN_THE_VACUOLE",2,537.159621139337,0.0960153699979919,0.908465640693062,0.982680805923235
"GOBP_PROTEIN_CONTAINING_COMPLEX_DISASSEMBLY",2,545.362576441103,0.096985512618164,0.90758480414307,0.982680805923235
"GOBP_PROTEIN_IMPORT_INTO_PEROXISOME_MATRIX",2,537.213133226299,0.117654954684384,0.889025647000229,0.982680805923235
"GOBP_PROTEIN_MODIFICATION_BY_SMALL_PROTEIN_REMOVAL",2,548.516490146152,0.106962115360322,0.898578451335854,0.982680805923235
"GOBP_PROTEIN_REFOLDING",2,562.848421373695,0.10801874503029,0.897629373756948,0.982680805923235
"GOBP_PYRIMIDINE_RIBONUCLEOSIDE_MONOPHOSPHATE_BIOSYNTHETIC_PROCESS",2,557.557270161661,0.101329184801959,0.903652157712749,0.982680805923235
"GOBP_REGULATION_OF_AMINO_ACID_TRANSPORT",2,552.611640156208,0.132976566115342,0.875513613623668,0.982680805923235
"GOBP_REGULATION_OF_BODY_FLUID_LEVELS",2,530.599093287519,0.124474074407334,0.882986927642915,0.982680805923235
"GOBP_REGULATION_OF_BONE_MINERALIZATION",2,547.927209795229,0.106838645782219,0.898689382156763,0.982680805923235
"GOBP_REGULATION_OF_CARBOHYDRATE_CATABOLIC_PROCESS",2,543.652727489828,0.111666089526641,0.894363345513718,0.982680805923235
"GOBP_REGULATION_OF_CELLULAR_RESPONSE_TO_TRANSFORMING_GROWTH_FACTOR_BETA_STIMULUS",2,547.99881071109,0.126398286867235,0.881289466197603,0.982680805923235
"GOBP_REGULATION_OF_CELL_SUBSTRATE_ADHESION",2,544.422004113813,0.109131494435803,0.89663211930649,0.982680805923235
"GOBP_REGULATION_OF_DNA_TEMPLATED_TRANSCRIPTION_ELONGATION",2,547.494122307312,0.122015668756312,0.885158561779083,0.982680805923235
"GOBP_REGULATION_OF_ENDOPLASMIC_RETICULUM_STRESS_INDUCED_INTRINSIC_APOPTOTIC_SIGNALING_PATHWAY",2,562.414740282986,0.114311197869534,0.89200104905575,0.982680805923235
"GOBP_REGULATION_OF_EXCITATORY_SYNAPSE_ASSEMBLY",2,566.984054946982,0.105193247071043,0.900168118053195,0.982680805923235
"GOBP_REGULATION_OF_HEMATOPOIETIC_PROGENITOR_CELL_DIFFERENTIATION",2,534.153010589331,0.104230672164984,0.901035754841932,0.982680805923235
"GOBP_REGULATION_OF_HEMATOPOIETIC_STEM_CELL_DIFFERENTIATION",2,532.414917601886,0.106785840134236,0.898737365459785,0.982680805923235
"GOBP_REGULATION_OF_IMMUNOGLOBULIN_PRODUCTION",2,540.02769029119,0.129519642305943,0.878544613968629,0.982680805923235
"GOBP_REGULATION_OF_INSULIN_SECRETION",2,562.402879094476,0.100667598207755,0.904249841478127,0.982680805923235
"GOBP_REGULATION_OF_INTRINSIC_APOPTOTIC_SIGNALING_PATHWAY_IN_RESPONSE_TO_DNA_DAMAGE",2,550.901732777361,0.130850435063875,0.877376244719165,0.982680805923235
"GOBP_REGULATION_OF_MICROTUBULE_CYTOSKELETON_ORGANIZATION",2,544.32425713338,0.117986010679554,0.888731206755375,0.982680805923235
"GOBP_REGULATION_OF_NEURON_PROJECTION_DEVELOPMENT",2,532.263317514171,0.12637616033205,0.881309716165446,0.982680805923235
"GOBP_REGULATION_OF_NEUROTRANSMITTER_UPTAKE",2,543.431706756856,0.104673812860457,0.900636398450125,0.982680805923235
"GOBP_REGULATION_OF_ORGANELLE_ASSEMBLY",2,551.225507184895,0.0977864513109507,0.906858265660734,0.982680805923235
"GOBP_REGULATION_OF_OXIDATIVE_STRESS_INDUCED_INTRINSIC_APOPTOTIC_SIGNALING_PATHWAY",2,542.940550974675,0.119883042481882,0.887047648229077,0.982680805923235
"GOBP_REGULATION_OF_PEPTIDE_TRANSPORT",2,555.257787149785,0.120708601144428,0.886315437330259,0.982680805923235
"GOBP_REGULATION_OF_PHOSPHOLIPID_BIOSYNTHETIC_PROCESS",2,557.43086389129,0.10222924113698,0.902839486180242,0.982680805923235
"GOBP_REGULATION_OF_PLATELET_ACTIVATION",2,534.430367276662,0.102868580868266,0.902263398448182,0.982680805923235
"GOBP_REGULATION_OF_POLYSACCHARIDE_METABOLIC_PROCESS",2,543.246427561208,0.0967898938663052,0.907762359757395,0.982680805923235
"GOBP_REGULATION_OF_PROTEASOMAL_UBIQUITIN_DEPENDENT_PROTEIN_CATABOLIC_PROCESS",2,550.960147302801,0.11351287763674,0.892713572266584,0.982680805923235
"GOBP_REGULATION_OF_PROTEIN_CATABOLIC_PROCESS_IN_THE_VACUOLE",2,537.657365607554,0.13358557665535,0.874981621219168,0.982680805923235
"GOBP_REGULATION_OF_PROTEIN_CONTAINING_COMPLEX_ASSEMBLY",2,540.60119899524,0.10811635919798,0.89754255700662,0.982680805923235
"GOBP_REGULATION_OF_PROTEIN_LOCALIZATION_TO_SYNAPSE",2,561.986514296297,0.0998069816938097,0.905028123120431,0.982680805923235
"GOBP_REGULATION_OF_PROTEIN_TRANSPORT",2,539.225862462335,0.130704332731372,0.877504968798115,0.982680805923235
"GOBP_REGULATION_OF_PROTEOLYSIS_INVOLVED_IN_PROTEIN_CATABOLIC_PROCESS",2,553.578324272808,0.112969252984064,0.893198707990396,0.982680805923235
"GOBP_REGULATION_OF_RELEASE_OF_SEQUESTERED_CALCIUM_ION_INTO_CYTOSOL_BY_SARCOPLASMIC_RETICULUM",2,557.744381254448,0.126037485332305,0.881606901424687,0.982680805923235
"GOBP_REGULATION_OF_RESPONSE_TO_WOUNDING",2,531.176316887824,0.126979503393711,0.880778451835021,0.982680805923235
"GOBP_REGULATION_OF_SPINDLE_ORGANIZATION",2,542.889017729576,0.108834880190346,0.896898061218787,0.982680805923235
"GOBP_REGULATION_OF_TRANSFERASE_ACTIVITY",2,548.635765905269,0.0964932931980396,0.908031394016058,0.982680805923235
"GOBP_REGULATION_OF_TRANSMEMBRANE_RECEPTOR_PROTEIN_SERINE_THREONINE_KINASE_SIGNALING_PATHWAY",2,552.335665433865,0.12414220809314,0.883278863601002,0.982680805923235
"GOBP_REGULATION_OF_T_CELL_MIGRATION",2,548.131842159727,0.10203352736739,0.903016422829679,0.982680805923235
"GOBP_RESPIRATORY_BURST_INVOLVED_IN_DEFENSE_RESPONSE",2,566.611562566157,0.098728546595634,0.906004190426523,0.982680805923235
"GOBP_RESPONSE_TO_ARSENIC_CONTAINING_SUBSTANCE",2,561.643746287918,0.0988566373797591,0.905888325655379,0.982680805923235
"GOBP_RESPONSE_TO_IRON_ION",2,556.834315999685,0.0972255369881447,0.907366741484382,0.982680805923235
"GOBP_RESPONSE_TO_LEUKEMIA_INHIBITORY_FACTOR",2,543.663167303421,0.0957040275455034,0.908748242428092,0.982680805923235
"GOBP_RESPONSE_TO_STARVATION",2,538.046506801727,0.123819506101516,0.88356446843336,0.982680805923235
"GOBP_RESPONSE_TO_TOXIC_SUBSTANCE",2,550.381761038886,0.095142992028577,0.909257861778432,0.982680805923235
"GOBP_SKELETAL_MUSCLE_CELL_PROLIFERATION",2,545.569045149927,0.122066548293766,0.885113631482544,0.982680805923235
"GOBP_SODIUM_ION_TRANSMEMBRANE_TRANSPORT",2,534.799755604022,0.121384530074826,0.885717712970243,0.982680805923235
"GOBP_SPINDLE_LOCALIZATION",2,547.167875603573,0.122630907903372,0.884614402638018,0.982680805923235
"GOBP_SULFUR_COMPOUND_TRANSPORT",2,551.054608469407,0.116202332902432,0.890316878915985,0.982680805923235
"GOBP_SYNAPSE_MATURATION",2,547.16112778847,0.106417400372178,0.899067909338206,0.982680805923235
"GOBP_TAXIS",2,551.621097272132,0.124933622980426,0.8825804472307,0.982680805923235
"GOBP_TOR_SIGNALING",2,536.399637646137,0.125981174796216,0.881657521883345,0.982680805923235
"GOBP_VENTRICULAR_TRABECULA_MYOCARDIUM_MORPHOGENESIS",2,544.980827695203,0.132753972650141,0.87570881602673,0.982680805923235
"GOBP_POSITIVE_REGULATION_OF_MACROPHAGE_CHEMOTAXIS",2,539.167767792802,0.0931801937743981,0.911043991293417,0.983803743824312
"GOBP_RESPONSE_TO_ACTIVITY",2,546.821164024616,0.0933835836132162,0.910858571027033,0.983803743824312
"GOBP_RHYTHMIC_PROCESS",2,541.003589604803,0.0931042196113881,0.911113136135473,0.983803743824312
"GOBP_POSITIVE_REGULATION_OF_HEART_RATE",2,525.315848868527,0.0922994123066067,0.911846878989263,0.983897235644672
"GOBP_POSITIVE_REGULATION_OF_JUN_KINASE_ACTIVITY",2,554.494263842218,0.0924976628667464,0.911665405325945,0.983897235644672
"GOBP_REGULATION_OF_UBIQUITIN_DEPENDENT_PROTEIN_CATABOLIC_PROCESS",2,551.499473540346,0.0925761852413136,0.911593922364402,0.983897235644672
"GOBP_DNA_SYNTHESIS_INVOLVED_IN_DNA_REPAIR",2,537.797495022175,0.0901235522391878,0.913832072249354,0.983957341078251
"GOBP_FIBROBLAST_MIGRATION",2,543.290201631992,0.0903555173904246,0.913620050577409,0.983957341078251
"GOBP_INTRACELLULAR_MRNA_LOCALIZATION",2,542.100206928374,0.0895610931373658,0.914345930029054,0.983957341078251
"GOBP_MITOCHONDRIAL_ELECTRON_TRANSPORT_CYTOCHROME_C_TO_OXYGEN",2,563.176630229124,0.0895070224364745,0.91439484885052,0.983957341078251
"GOBP_MODULATION_BY_HOST_OF_VIRAL_GENOME_REPLICATION",2,540.732163505214,0.0911764279606514,0.912870674339745,0.983957341078251
"GOBP_MYELOID_CELL_DIFFERENTIATION",2,547.064666039477,0.0907678518643054,0.913243441179128,0.983957341078251
"GOBP_OVULATION",2,555.992832878075,0.0891656605329026,0.914707109443496,0.983957341078251
"GOBP_POSITIVE_REGULATION_OF_COLD_INDUCED_THERMOGENESIS",2,542.485741845101,0.0902369222233982,0.913728392215532,0.983957341078251
"GOBP_POSITIVE_REGULATION_OF_METAPHASE_ANAPHASE_TRANSITION_OF_CELL_CYCLE",2,537.297503198282,0.0916548321578635,0.912434295742076,0.983957341078251
"GOBP_PROTEIN_LOCALIZATION_TO_NUCLEUS",2,545.932292806368,0.0896090639916939,0.914301988596025,0.983957341078251
"GOBP_REGULATION_OF_CARBOHYDRATE_METABOLIC_PROCESS",2,535.423751007672,0.0914748565221023,0.912598520216126,0.983957341078251
"GOBP_REGULATION_OF_PROTEASOMAL_PROTEIN_CATABOLIC_PROCESS",2,552.332039285768,0.0893813316663956,0.914510005170287,0.983957341078251
"GOBP_SUPEROXIDE_ANION_GENERATION",2,540.422331356405,0.089919076373333,0.914018818697599,0.983957341078251
"GOBP_ANATOMICAL_STRUCTURE_MATURATION",2,541.144273282834,0.0882090454373936,0.915582622835669,0.984666904681322
"GOBP_RESPONSE_TO_PROSTAGLANDIN",2,554.934698096967,0.0875096539674026,0.916222667411262,0.9848907815373
"GOBP_RESPONSE_TO_REACTIVE_OXYGEN_SPECIES",2,551.01304344572,0.0876613257321595,0.916083846932809,0.9848907815373
"GOBP_CILIUM_MOVEMENT",2,529.080036830582,0.0866426144721113,0.917017769639878,0.985103184815289
"GOBP_NUCLEAR_RECEPTOR_MEDIATED_SIGNALING_PATHWAY",2,552.098504948668,0.0867799430711804,0.916891342892473,0.985103184815289
"GOBP_REGULATION_OF_CELL_CELL_ADHESION_MEDIATED_BY_CADHERIN",2,553.611846348309,0.0865869612882333,0.917068213708774,0.985103184815289
"GOBP_REGULATION_OF_INTRINSIC_APOPTOTIC_SIGNALING_PATHWAY",2,555.243954359007,0.0862697550779703,0.917359032518849,0.98518355246491
"GOBP_ESTABLISHMENT_OF_SPINDLE_ORIENTATION",2,541.105512209655,0.0854615389933646,0.918100842529486,0.985479200522176
"GOBP_EXCITATORY_SYNAPSE_ASSEMBLY",2,559.701083780808,0.0855573928694245,0.918012458590554,0.985479200522176
"GOBP_LAMELLIPODIUM_ORGANIZATION",2,548.3987449145,0.0852634266727722,0.918282526248465,0.985479200522176
"GOBP_POSITIVE_REGULATION_OF_CELL_SUBSTRATE_ADHESION",2,550.911966145693,0.0845393350178482,0.918947427173966,0.985744317983827
"GOBP_REGULATION_OF_ACTIN_NUCLEATION",2,542.005723128746,0.0845238861088946,0.918961815406102,0.985744317983827
"GOBP_REGULATION_OF_TRANSPORTER_ACTIVITY",2,532.464152590597,0.083158480571536,0.920217249679092,0.986858893906969
"GOBP_AXIS_SPECIFICATION",2,544.115623844146,0.0820382175862532,0.921248143310559,0.987176488467865
"GOBP_CARDIAC_EPITHELIAL_TO_MESENCHYMAL_TRANSITION",2,548.447730256051,0.0817908614610021,0.92147588980658,0.987176488467865
"GOBP_CELLULAR_RESPONSE_TO_CALCIUM_ION",2,537.978041344572,0.0782187098593665,0.924772664723059,0.987176488467865
"GOBP_CELL_GROWTH",2,542.815441859321,0.0782903195443019,0.924706369820647,0.987176488467865
"GOBP_DENDRITE_DEVELOPMENT",2,534.668382084421,0.0792674109333911,0.923803713260336,0.987176488467865
"GOBP_MORPHOGENESIS_OF_A_BRANCHING_STRUCTURE",2,529.735336849309,0.0811499911029714,0.922066841084769,0.987176488467865
"GOBP_NEGATIVE_REGULATION_OF_CELL_CELL_ADHESION_MEDIATED_BY_CADHERIN",2,564.033195204645,0.0809119328254123,0.922285612886024,0.987176488467865
"GOBP_POSITIVE_REGULATION_OF_LAMELLIPODIUM_ORGANIZATION",2,547.167786648363,0.0810148515431801,0.922191055195647,0.987176488467865
"GOBP_POSITIVE_REGULATION_OF_MYELOID_LEUKOCYTE_CYTOKINE_PRODUCTION_INVOLVED_IN_IMMUNE_RESPONSE",2,554.692518371886,0.0801908873587442,0.922950849654491,0.987176488467865
"GOBP_POSTSYNAPTIC_MODULATION_OF_CHEMICAL_SYNAPTIC_TRANSMISSION",2,547.835252251876,0.0803668353354588,0.922788654030418,0.987176488467865
"GOBP_PROGESTERONE_RECEPTOR_SIGNALING_PATHWAY",2,554.546196271928,0.0815598812811942,0.921688570777952,0.987176488467865
"GOBP_REGULATION_OF_GENERATION_OF_PRECURSOR_METABOLITES_AND_ENERGY",2,534.029225209774,0.0782313631069756,0.924761044582045,0.987176488467865
"GOBP_REGULATION_OF_PLASMA_MEMBRANE_ORGANIZATION",2,559.031889003791,0.0807117270907795,0.922470320613559,0.987176488467865
"GOBP_REGULATION_OF_SKELETAL_MUSCLE_TISSUE_DEVELOPMENT",2,559.433277496215,0.080911062799182,0.92228650305457,0.987176488467865
"GOBP_RESPONSE_TO_TRANSFORMING_GROWTH_FACTOR_BETA",2,542.900620115241,0.0787871977036424,0.924247148748414,0.987176488467865
"GOBP_SENSORY_PERCEPTION_OF_TASTE",2,543.231100239966,0.0781434222864592,0.924842169529311,0.987176488467865
"GOBP_STEROID_BIOSYNTHETIC_PROCESS",2,527.230588599666,0.0786097153228717,0.924411465943765,0.987176488467865
"GOBP_TYPE_2_MITOPHAGY",2,558.275352769181,0.0796448345955002,0.923454754133744,0.987176488467865
"GOBP_TYPE_B_PANCREATIC_CELL_DIFFERENTIATION",2,551.630357569593,0.082097370069345,0.921193511854205,0.987176488467865
"GOBP_VASCULAR_ASSOCIATED_SMOOTH_MUSCLE_CELL_PROLIFERATION",2,536.465310698549,0.0787244076281863,0.924305293809148,0.987176488467865
"GOBP_ACTIN_FILAMENT_ORGANIZATION",2,540.11263606415,0.0754448867978436,0.927340608126248,0.987278933973643
"GOBP_CARDIAC_CONDUCTION_SYSTEM_DEVELOPMENT",2,560.928371835809,0.0751942452131978,0.927572642340165,0.987278933973643
"GOBP_EPITHELIAL_CELL_DIFFERENTIATION",2,542.539943435776,0.0750211389979845,0.927733497215416,0.987278933973643
"GOBP_ESTABLISHMENT_OF_PROTEIN_LOCALIZATION_TO_ORGANELLE",2,542.499256172278,0.0743254001914536,0.928379004955785,0.987278933973643
"GOBP_INORGANIC_ION_IMPORT_ACROSS_PLASMA_MEMBRANE",2,530.21539893052,0.0773254727374584,0.925598986610555,0.987278933973643
"GOBP_JNK_CASCADE",2,556.47411569099,0.0750206668729389,0.927733694203524,0.987278933973643
"GOBP_NEGATIVE_REGULATION_OF_CELLULAR_RESPONSE_TO_VASCULAR_ENDOTHELIAL_GROWTH_FACTOR_STIMULUS",2,548.07405494972,0.0736867635712883,0.928971834787307,0.987278933973643
"GOBP_NEGATIVE_REGULATION_OF_CELL_ADHESION_MEDIATED_BY_INTEGRIN",2,539.904250011395,0.074242112053146,0.928456355287186,0.987278933973643
"GOBP_POSITIVE_REGULATION_OF_PROGRAMMED_CELL_DEATH",2,546.696668237248,0.0766708180724694,0.926204647182785,0.987278933973643
"GOBP_PROTEIN_BRANCHED_POLYUBIQUITINATION",2,553.998258663326,0.0745943427104019,0.928129228919364,0.987278933973643
"GOBP_PROTEIN_DEACYLATION",2,557.234257392997,0.0765338461312988,0.926331296757103,0.987278933973643
"GOBP_REGULATION_OF_B_CELL_MEDIATED_IMMUNITY",2,558.123647459114,0.0751578661947192,0.927606425019067,0.987278933973643
"GOBP_REGULATION_OF_MACROPHAGE_MIGRATION",2,533.671278854356,0.0776724954891698,0.925277864116254,0.987278933973643
"GOBP_REGULATION_OF_PROTEIN_TARGETING",2,538.234561047304,0.0748456358138265,0.927896363324332,0.987278933973643
"GOBP_REGULATION_OF_SYNAPTIC_VESICLE_EXOCYTOSIS",2,562.336568861567,0.0736013761891597,0.929050906514991,0.987278933973643
"GOBP_SUPEROXIDE_METABOLIC_PROCESS",2,540.327553649382,0.075880180072536,0.926937139926119,0.987278933973643
"GOBP_TROPHOBLAST_CELL_MIGRATION",2,536.181904781859,0.0746234230046076,0.928102556182914,0.987278933973643
"GOBP_T_CELL_MEDIATED_IMMUNE_RESPONSE_TO_TUMOR_CELL",2,535.912437213993,0.0740235443873766,0.928659322456839,0.987278933973643
"GOBP_WOUND_HEALING",2,537.09023591598,0.0761286061886914,0.926707017771939,0.987278933973643
"GOBP_NEGATIVE_REGULATION_OF_MIRNA_METABOLIC_PROCESS",2,538.363940027506,0.0722970278712941,0.930263573313502,0.98810716299089
"GOBP_POSITIVE_REGULATION_OF_PROTEASOMAL_PROTEIN_CATABOLIC_PROCESS",2,548.9500296988,0.0723508609657421,0.930213334787208,0.98810716299089
"GOBP_ENDOCARDIAL_CUSHION_MORPHOGENESIS",2,558.295374952432,0.0693730979396486,0.932986563948088,0.989066556394167
"GOBP_GLYCOSAMINOGLYCAN_BIOSYNTHETIC_PROCESS",2,553.968727235875,0.0694497434839255,0.93291513812838,0.989066556394167
"GOBP_PEPTIDYL_TYROSINE_MODIFICATION",2,550.80650126122,0.0687669967976935,0.933552187081098,0.989066556394167
"GOBP_POSITIVE_REGULATION_OF_VIRAL_PROCESS",2,557.078406338658,0.0688130485987943,0.933509116723215,0.989066556394167
"GOBP_PROTEOGLYCAN_METABOLIC_PROCESS",2,532.445708585834,0.0695287781923366,0.932841755809069,0.989066556394167
"GOBP_REGULATION_OF_CENTROSOME_DUPLICATION",2,536.733628824665,0.0704185907208252,0.93201221931399,0.989066556394167
"GOBP_REGULATION_OF_KERATINOCYTE_DIFFERENTIATION",2,559.019014697671,0.0695411597133954,0.932829806288658,0.989066556394167
"GOBP_REGULATION_OF_TYPE_2_MITOPHAGY",2,561.122855801257,0.0698403267590733,0.932550815137447,0.989066556394167
"GOBP_STRIATED_MUSCLE_CONTRACTION",2,542.205240652419,0.0697528084031388,0.932632695776564,0.989066556394167
"GOBP_SYMPATHETIC_NERVOUS_SYSTEM_DEVELOPMENT",2,517.650097268543,0.0702116865647325,0.932205341473038,0.989066556394167
"GOBP_VASCULAR_ENDOTHELIAL_CELL_PROLIFERATION",2,550.378357584291,0.0691954853154509,0.933152362810729,0.989066556394167
"GOBP_CARDIOBLAST_DIFFERENTIATION",2,540.099571403719,0.0664137095814559,0.935751298713558,0.98968456743613
"GOBP_CELL_MATRIX_ADHESION",2,527.029373681001,0.0667072087636131,0.93547695550473,0.98968456743613
"GOBP_CHONDROCYTE_DIFFERENTIATION_INVOLVED_IN_ENDOCHONDRAL_BONE_MORPHOGENESIS",2,563.772119971112,0.0662019765854667,0.93594908166604,0.98968456743613
"GOBP_MAST_CELL_CHEMOTAXIS",2,542.892397391366,0.0669939049189008,0.935208631668895,0.98968456743613
"GOBP_NEGATIVE_REGULATION_OF_INTRACELLULAR_ESTROGEN_RECEPTOR_SIGNALING_PATHWAY",2,558.118225008234,0.0660531712824047,0.936088406910647,0.98968456743613
"GOBP_NEUROTRANSMITTER_RECEPTOR_TRANSPORT_ENDOSOME_TO_POSTSYNAPTIC_MEMBRANE",2,553.578758817323,0.0669074729864859,0.93528929828789,0.98968456743613
"GOBP_POSITIVE_REGULATION_OF_LEUKOCYTE_APOPTOTIC_PROCESS",2,549.202143730553,0.0676639038642221,0.934582317485154,0.98968456743613
"GOBP_REGULATION_OF_CELL_JUNCTION_ASSEMBLY",2,548.902272242246,0.0675259901094852,0.934711190644124,0.98968456743613
"GOBP_REGULATION_OF_INTRINSIC_APOPTOTIC_SIGNALING_PATHWAY_BY_P53_CLASS_MEDIATOR",2,553.50859961113,0.0664907371016886,0.935679055133896,0.98968456743613
"GOBP_ADULT_BEHAVIOR",2,547.516365455668,0.0605239671230268,0.941277505840081,0.989930953188062
"GOBP_BLOOD_VESSEL_ENDOTHELIAL_CELL_PROLIFERATION_INVOLVED_IN_SPROUTING_ANGIOGENESIS",2,546.996002212595,0.0645447849206802,0.937501266765615,0.989930953188062
"GOBP_ER_NUCLEUS_SIGNALING_PATHWAY",2,542.225356453404,0.0614075535279862,0.940446421362323,0.989930953188062
"GOBP_GLUTAMINE_FAMILY_AMINO_ACID_BIOSYNTHETIC_PROCESS",2,588.264807424176,0.064153813502628,0.937867293471022,0.989930953188062
"GOBP_INSULIN_SECRETION",2,551.882307790304,0.0607985061056344,0.941019130929623,0.989930953188062
"GOBP_MONOSACCHARIDE_METABOLIC_PROCESS",2,538.36883096144,0.0605122140707529,0.941288673275527,0.989930953188062
"GOBP_NEGATIVE_REGULATION_OF_TRANSLATION",2,540.324732911664,0.0603894974443472,0.941404143118878,0.989930953188062
"GOBP_PEPTIDYL_LYSINE_MODIFICATION",2,554.748585991667,0.0612275984233651,0.940615489686825,0.989930953188062
"GOBP_PLASMA_MEMBRANE_PHOSPHOLIPID_SCRAMBLING",2,550.391071375876,0.0626432076668441,0.939285237157346,0.989930953188062
"GOBP_POSITIVE_REGULATION_OF_CELL_PROJECTION_ORGANIZATION",2,545.176175522746,0.0650764130818837,0.937003139373077,0.989930953188062
"GOBP_POSITIVE_REGULATION_OF_MAPK_CASCADE",2,550.935884326777,0.0606135263776945,0.941193188960219,0.989930953188062
"GOBP_PYRIMIDINE_RIBONUCLEOTIDE_METABOLIC_PROCESS",2,546.578851471571,0.0614948813330514,0.94036426421437,0.989930953188062
"GOBP_RADIAL_GLIAL_CELL_DIFFERENTIATION",2,555.264552304008,0.06088235449264,0.940940210209054,0.989930953188062
"GOBP_REGULATION_OF_CELLULAR_COMPONENT_SIZE",2,537.339724472003,0.060255323668023,0.941530470276214,0.989930953188062
"GOBP_REGULATION_OF_CYTOPLASMIC_TRANSLATION",2,562.757662542436,0.063947998666515,0.938060593783046,0.989930953188062
"GOBP_REGULATION_OF_LEUKOCYTE_ADHESION_TO_VASCULAR_ENDOTHELIAL_CELL",2,537.257294123772,0.0603276188068144,0.941462420909116,0.989930953188062
"GOBP_REGULATION_OF_NEUTROPHIL_CHEMOTAXIS",2,548.01212880993,0.064886209545606,0.937181297708082,0.989930953188062
"GOBP_REGULATION_OF_PROTEIN_POLYMERIZATION",2,545.872851837902,0.0624735984534543,0.939444581009024,0.989930953188062
"GOBP_REGULATION_OF_SPINDLE_ASSEMBLY",2,539.049180435654,0.0619771912188191,0.93991102121337,0.989930953188062
"GOBP_RESPONSE_TO_ESTRADIOL",2,551.605395496549,0.0651883519158813,0.936898198165646,0.989930953188062
"GOBP_SIGNAL_TRANSDUCTION_IN_RESPONSE_TO_DNA_DAMAGE",2,530.725407003051,0.0624937183298116,0.939425875785575,0.989930953188062
"GOBP_SOMITE_DEVELOPMENT",2,562.463632601913,0.0608269195973046,0.940992280916019,0.989930953188062
"GOBP_SULFUR_COMPOUND_CATABOLIC_PROCESS",2,533.585514668409,0.0609790694924148,0.940849487453493,0.989930953188062
"GOBP_TYPE_2_IMMUNE_RESPONSE",2,541.368274104612,0.0614082253140227,0.940445800078382,0.989930953188062
"GOBP_MRNA_PROCESSING",2,558.403078918177,0.0593672265029978,0.942366592868422,0.990581707783561
"GOBP_REGULATION_OF_OSSIFICATION",2,547.136838202346,0.0581495372679787,0.943514677337083,0.991560009984893
"GOBP_REGULATION_OF_ERBB_SIGNALING_PATHWAY",2,549.067032113886,0.0576347694611204,0.944000370394546,0.991841900338522
"GOBP_NEGATIVE_REGULATION_OF_RESPONSE_TO_TUMOR_CELL",2,543.686998550789,0.0573758623212886,0.944244815280724,0.991870244701839
"GOBP_AMINOGLYCAN_BIOSYNTHETIC_PROCESS",2,558.088350633059,0.0562101902434816,0.945345764962232,0.992341089526522
"GOBP_REGULATION_OF_CARTILAGE_DEVELOPMENT",2,547.733799567468,0.0562916621931952,0.945268865892618,0.992341089526522
"GOBP_REGULATION_OF_DENDRITIC_SPINE_MAINTENANCE",2,549.904013102415,0.0564813654819497,0.945089577476019,0.992341089526522
"GOBP_CELLULAR_COMPONENT_DISASSEMBLY_INVOLVED_IN_EXECUTION_PHASE_OF_APOPTOSIS",2,546.810661665085,0.0552836044575942,0.946222046577163,0.992795486579686
"GOBP_CELLULAR_EXTRAVASATION",2,533.72941981055,0.0548104509262543,0.9466698980865,0.992795486579686
"GOBP_NEGATIVE_REGULATION_OF_PROTEIN_METABOLIC_PROCESS",2,550.747307993254,0.0553000594465135,0.94620644196566,0.992795486579686
"GOBP_POSITIVE_REGULATION_OF_EXTRINSIC_APOPTOTIC_SIGNALING_PATHWAY",2,554.371807718075,0.054593991475631,0.946874597072224,0.992795486579686
"GOBP_RNA_SPLICING_VIA_TRANSESTERIFICATION_REACTIONS",2,558.923328563257,0.0548712236172469,0.946612139337428,0.992795486579686
"GOBP_VIRAL_TRANSLATION",2,544.018410323774,0.0543722187829082,0.947084666105725,0.992795486579686
"GOBP_REGULATION_OF_SMALL_GTPASE_MEDIATED_SIGNAL_TRANSDUCTION",2,561.467738045503,0.054114820079754,0.947328268792578,0.992822664053987
"GOBP_SEGMENTATION",2,561.39648450124,0.0537969502276573,0.947629386491103,0.992910092300924
"GOBP_POSITIVE_REGULATION_OF_TRANSMEMBRANE_TRANSPORT",2,527.722410835801,0.0531348937158305,0.948257163091455,0.993111577694633
"GOBP_REGULATION_OF_PLATELET_DERIVED_GROWTH_FACTOR_RECEPTOR_SIGNALING_PATHWAY",2,558.138913389407,0.0532307162420275,0.948166043988368,0.993111577694633
"GOBP_B_CELL_DIFFERENTIATION",2,527.010794921855,0.0507055220120824,0.950563184656636,0.99347357589801
"GOBP_IMMUNOGLOBULIN_PRODUCTION",2,543.26366004445,0.0516658726420954,0.949650782156595,0.99347357589801
"GOBP_MICROTUBULE_ORGANIZING_CENTER_LOCALIZATION",2,551.534381502137,0.0511034381044884,0.950184879229953,0.99347357589801
"GOBP_POSITIVE_REGULATION_OF_DENDRITIC_SPINE_DEVELOPMENT",2,549.357486079958,0.0522631501638866,0.949083801951449,0.99347357589801
"GOBP_POSITIVE_REGULATION_OF_SYNAPTIC_TRANSMISSION",2,546.834937840065,0.0507923692916929,0.950480481673775,0.99347357589801
"GOBP_REGULATION_OF_ACTIN_FILAMENT_ORGANIZATION",2,539.855556261586,0.0514166440908227,0.949887476003349,0.99347357589801
"GOBP_REGULATION_OF_HIPPO_SIGNALING",2,546.458520903454,0.051803342638751,0.949520240080163,0.99347357589801
"GOBP_REGULATION_OF_PROTEIN_SECRETION",2,553.507435289412,0.0511775841809665,0.950114426343496,0.99347357589801
"GOBP_STEM_CELL_DIFFERENTIATION",2,534.052894062997,0.0510841974476712,0.950203305330583,0.99347357589801
"GOBP_EMBRYO_IMPLANTATION",2,544.074338874476,0.050298988795234,0.950949481508362,0.993649618593274
"GOBP_ESTABLISHMENT_OF_PROTEIN_LOCALIZATION_TO_PEROXISOME",2,552.233759807924,0.0481407836377854,0.95300360983579,0.993747019767041
"GOBP_MAINTENANCE_OF_ORGANELLE_LOCATION",2,563.116493286265,0.0491907126379336,0.952003644337625,0.993747019767041
"GOBP_MYELOID_LEUKOCYTE_MIGRATION",2,545.049852005948,0.0494551136184405,0.951752147977886,0.993747019767041
"GOBP_NEGATIVE_ADAPTATION_OF_SIGNALING_PATHWAY",2,547.798742109448,0.0483506188058723,0.952803724718279,0.993747019767041
"GOBP_POSITIVE_REGULATION_OF_INTERLEUKIN_17_PRODUCTION",2,544.511676149044,0.0487855892601366,0.952389471788544,0.993747019767041
"GOBP_RAP_PROTEIN_SIGNAL_TRANSDUCTION",2,565.669039878855,0.0485682055750564,0.952596336895446,0.993747019767041
"GOBP_REGULATION_OF_POSTSYNAPSE_ORGANIZATION",2,545.912071095551,0.0484039011017785,0.952752981545103,0.993747019767041
"GOBP_SEMINIFEROUS_TUBULE_DEVELOPMENT",2,532.999996192557,0.0488278646042253,0.952349307302235,0.993747019767041
"GOBP_STRESS_FIBER_ASSEMBLY",2,541.996261939626,0.0491034769512263,0.952086840975494,0.993747019767041
"GOBP_NUCLEAR_PORE_COMPLEX_ASSEMBLY",2,558.544218953949,0.0476832822271766,0.953439590064477,0.993974393207789
"GOBP_N_TERMINAL_PROTEIN_AMINO_ACID_ACETYLATION",2,543.766269352158,0.0469502352759326,0.954138746111043,0.994040585699699
"GOBP_POSITIVE_REGULATION_OF_GLYCOGEN_BIOSYNTHETIC_PROCESS",2,544.034820936991,0.0469311891598205,0.954156913877062,0.994040585699699
"GOBP_PROTEIN_LOCALIZATION_TO_EXTRACELLULAR_REGION",2,534.215590235417,0.0469413593841973,0.954147282627245,0.994040585699699
"GOBP_DNA_TEMPLATED_TRANSCRIPTION_ELONGATION",2,547.916030543058,0.0425427776405062,0.958352634032991,0.994261216897705
"GOBP_NEGATIVE_REGULATION_OF_ORGANELLE_ORGANIZATION",2,533.233742646676,0.0432368736748665,0.957687870070284,0.994261216897705
"GOBP_OLIGODENDROCYTE_DIFFERENTIATION",2,551.39889947631,0.0453174330451992,0.95569762387345,0.994261216897705
"GOBP_OOGENESIS",2,559.728615984543,0.042547201898754,0.958348327892964,0.994261216897705
"GOBP_PEROXISOME_PROLIFERATOR_ACTIVATED_RECEPTOR_SIGNALING_PATHWAY",2,548.474525305126,0.0422950206437386,0.958590062065478,0.994261216897705
"GOBP_PHOSPHOLIPID_CATABOLIC_PROCESS",2,536.217112933029,0.0432874465284072,0.95763942742487,0.994261216897705
"GOBP_POSITIVE_REGULATION_OF_EXOSOMAL_SECRETION",2,533.421175597361,0.042693043525123,0.958208746140284,0.994261216897705
"GOBP_POSITIVE_REGULATION_OF_GAMMA_DELTA_T_CELL_ACTIVATION",2,533.649852697726,0.0422521170624551,0.958631270217708,0.994261216897705
"GOBP_POSITIVE_REGULATION_OF_INTERLEUKIN_12_PRODUCTION",2,535.310326354119,0.044155319444853,0.95680881993051,0.994261216897705
"GOBP_POSITIVE_REGULATION_OF_PROTEOLYSIS_INVOLVED_IN_PROTEIN_CATABOLIC_PROCESS",2,553.81892047875,0.0448174280228742,0.956175503613926,0.994261216897705
"GOBP_POSITIVE_REGULATION_OF_SUPRAMOLECULAR_FIBER_ORGANIZATION",2,550.243818728428,0.0454735274932537,0.95554848849889,0.994261216897705
"GOBP_POSTREPLICATION_REPAIR",2,543.480424845844,0.0441717298212643,0.956793068642475,0.994261216897705
"GOBP_PROTEIN_K48_LINKED_UBIQUITINATION",2,557.942660847059,0.0444150960193808,0.956560193842629,0.994261216897705
"GOBP_PROTEIN_PALMITOYLATION",2,572.154807278462,0.0426413266377256,0.958258073983917,0.994261216897705
"GOBP_REGULATION_OF_ESTABLISHMENT_OF_PROTEIN_LOCALIZATION",2,537.654257057075,0.0440246524063004,0.956933815778726,0.994261216897705
"GOBP_REGULATION_OF_PROTEIN_CATABOLIC_PROCESS",2,550.964152011849,0.04609188028752,0.95495789849397,0.994261216897705
"GOBP_REGULATION_OF_PROTEIN_MATURATION",2,543.495603201592,0.044475356663587,0.956502651948301,0.994261216897705
"GOBP_RESPONSE_TO_EPIDERMAL_GROWTH_FACTOR",2,542.962810403609,0.0437435106044829,0.957202810475065,0.994261216897705
"GOBP_TERTIARY_ALCOHOL_METABOLIC_PROCESS",2,531.105070030693,0.0421506636816706,0.958728531444005,0.994261216897705
"GOBP_VIRAL_PROTEIN_PROCESSING",2,532.719330164383,0.0446168419904131,0.956367423452084,0.994261216897705
"GOBP_CARDIAC_MUSCLE_TISSUE_DEVELOPMENT",2,548.068034316772,0.0385620133875178,0.962174645684985,0.994300815484438
"GOBP_CO_TRANSCRIPTIONAL_RNA_3_END_PROCESSING_CLEAVAGE_AND_POLYADENYLATION_PATHWAY",2,566.512413248595,0.0416555701690513,0.959203038488705,0.994300815484438
"GOBP_DETECTION_OF_CALCIUM_ION",2,531.991786452714,0.0399748469716225,0.960816492011991,0.994300815484438
"GOBP_ENAMEL_MINERALIZATION",2,540.504311160262,0.0388850356959724,0.961863973029431,0.994300815484438
"GOBP_INNER_EAR_RECEPTOR_CELL_STEREOCILIUM_ORGANIZATION",2,549.29405794792,0.0391306090949566,0.961627784321513,0.994300815484438
"GOBP_INTEGRIN_MEDIATED_SIGNALING_PATHWAY",2,523.650688361882,0.0394689854508089,0.96130262728078,0.994300815484438
"GOBP_MELANOCYTE_DIFFERENTIATION",2,553.410787965303,0.037799233492023,0.962908726593897,0.994300815484438
"GOBP_NEGATIVE_REGULATION_OF_CELL_ADHESION",2,541.546620719435,0.0389096933987862,0.961840254194522,0.994300815484438
"GOBP_NEGATIVE_REGULATION_OF_COLLATERAL_SPROUTING",2,528.878526774363,0.0383881970372217,0.962341972291387,0.994300815484438
"GOBP_NUCLEAR_ENVELOPE_ORGANIZATION",2,554.396455850495,0.0404459626154325,0.960363892006718,0.994300815484438
"GOBP_NUCLEUS_ORGANIZATION",2,554.36277495438,0.0378288755246394,0.962880184070036,0.994300815484438
"GOBP_POSITIVE_REGULATION_OF_ESTABLISHMENT_OF_PROTEIN_LOCALIZATION",2,538.772067255171,0.0407298630906336,0.960091406141674,0.994300815484438
"GOBP_POSITIVE_REGULATION_OF_PROTEIN_CONTAINING_COMPLEX_ASSEMBLY",2,548.451503087249,0.0392520006811849,0.961511078679867,0.994300815484438
"GOBP_POSITIVE_REGULATION_OF_T_CELL_MIGRATION",2,542.277353528144,0.0413230053122485,0.959522171256971,0.994300815484438
"GOBP_POST_EMBRYONIC_DEVELOPMENT",2,535.996426085803,0.0394985334210725,0.961274161488392,0.994300815484438
"GOBP_REGULATION_OF_CELL_MATURATION",2,533.682642633798,0.0380236092777868,0.962692819973482,0.994300815484438
"GOBP_SKELETAL_MUSCLE_SATELLITE_CELL_PROLIFERATION",2,544.567069116577,0.041814249996487,0.959050986067853,0.994300815484438
"GOBP_STRIATED_MUSCLE_CELL_PROLIFERATION",2,556.683674183656,0.0399827497796501,0.960808771997002,0.994300815484438
"GOBP_VENTRICULAR_CARDIAC_MUSCLE_CELL_DIFFERENTIATION",2,558.743846125857,0.0397438708373114,0.961038273469262,0.994300815484438
"GOBP_PROTEIN_K11_LINKED_DEUBIQUITINATION",2,544.963627644606,0.0369644375055572,0.963712822750037,0.994905881521711
"GOBP_SYNAPTIC_VESICLE_BUDDING_FROM_PRESYNAPTIC_ENDOCYTIC_ZONE_MEMBRANE",2,541.547204542284,0.0365107156535561,0.964150135431662,0.995132104028923
"GOBP_CHRONIC_INFLAMMATORY_RESPONSE",2,525.432065082255,0.0359765728845595,0.964665268558656,0.995252179979139
"GOBP_MODULATION_BY_HOST_OF_VIRAL_PROCESS",2,557.889674348182,0.0357112277409924,0.96492110060683,0.995252179979139
"GOBP_PEPTIDE_BIOSYNTHETIC_PROCESS",2,539.877697256624,0.0358848229759094,0.964753705211474,0.995252179979139
"GOBP_AUTOPHAGY_OF_MITOCHONDRION",2,537.99015081827,0.033017622826685,0.967523469366429,0.995334077298531
"GOBP_CARDIOCYTE_DIFFERENTIATION",2,551.355606531266,0.0311139355126878,0.96936682356855,0.995334077298531
"GOBP_CELLULAR_COMPONENT_DISASSEMBLY",2,541.066924650693,0.0312988027305609,0.969187689003517,0.995334077298531
"GOBP_CELL_CELL_RECOGNITION",2,552.029333052029,0.0339760274283372,0.966596697240639,0.995334077298531
"GOBP_HIPPO_SIGNALING",2,552.602358722264,0.0318578500782602,0.96864604389957,0.995334077298531
"GOBP_LEUKOCYTE_CHEMOTAXIS",2,551.554630871825,0.0314751152495954,0.969016810231529,0.995334077298531
"GOBP_LEUKOCYTE_HOMEOSTASIS",2,547.113037315685,0.0334759735839131,0.967080127061678,0.995334077298531
"GOBP_NEURON_PROJECTION_EXTENSION",2,546.189015751907,0.0332524537033626,0.967296289796155,0.995334077298531
"GOBP_POSITIVE_REGULATION_OF_LEUKOCYTE_CHEMOTAXIS",2,541.145980534703,0.0339189977651617,0.966651857227934,0.995334077298531
"GOBP_POSITIVE_REGULATION_OF_PHOSPHATIDYLINOSITOL_3_KINASE_PROTEIN_KINASE_B_SIGNAL_TRANSDUCTION",2,537.105554341986,0.0314320941748343,0.9690585412083,0.995334077298531
"GOBP_PROTEIN_DEACETYLATION",2,562.344947205613,0.0305342368714475,0.969928832200503,0.995334077298531
"GOBP_PROTEIN_POLYMERIZATION",2,539.714785747405,0.0304405876198102,0.970019726724835,0.995334077298531
"GOBP_REGULATION_OF_FATTY_ACID_OXIDATION",2,578.912681112909,0.0346901982593994,0.965906616546795,0.995334077298531
"GOBP_REGULATION_OF_MICROTUBULE_POLYMERIZATION_OR_DEPOLYMERIZATION",2,549.422188132173,0.0342024612922032,0.96637788853176,0.995334077298531
"GOBP_REGULATION_OF_MIRNA_METABOLIC_PROCESS",2,522.711248813126,0.0314832221843286,0.969009051479743,0.995334077298531
"GOBP_REGULATION_OF_NERVOUS_SYSTEM_DEVELOPMENT",2,545.753871306791,0.034032322363145,0.966542314290799,0.995334077298531
"GOBP_REGULATION_OF_STRIATED_MUSCLE_CELL_DIFFERENTIATION",2,545.636768066231,0.0307058333788242,0.969762477980911,0.995334077298531
"GOBP_RESPONSE_TO_NUTRIENT",2,549.372848781885,0.0349604737281061,0.965645731960502,0.995334077298531
"GOBP_RESPONSE_TO_VITAMIN",2,555.671588833664,0.0312753175970958,0.969210402096401,0.995334077298531
"GOBP_RNA_SPLICING",2,558.711628356472,0.0329982704906523,0.967542118472081,0.995334077298531
"GOBP_SCF_DEPENDENT_PROTEASOMAL_UBIQUITIN_DEPENDENT_PROTEIN_CATABOLIC_PROCESS",2,538.687555229535,0.0311603974971895,0.969321831132063,0.995334077298531
"GOBP_STEROID_HORMONE_RECEPTOR_SIGNALING_PATHWAY",2,549.430392089772,0.0335116538874974,0.967045617818017,0.995334077298531
"GOBP_SURFACTANT_HOMEOSTASIS",2,555.888262293738,0.0318205561129902,0.968682154572435,0.995334077298531
"GOBP_FOREBRAIN_GENERATION_OF_NEURONS",2,550.051197201818,0.0293178534329173,0.971109262868026,0.99555615822456
"GOBP_REGULATION_OF_ADENYLATE_CYCLASE_ACTIVITY",2,567.482475944871,0.0296395697768393,0.970796877249841,0.99555615822456
"GOBP_RESPONSE_TO_WOUNDING",2,540.302843271957,0.0295825478704929,0.970852305043738,0.99555615822456
"GOBP_VESICLE_DOCKING_INVOLVED_IN_EXOCYTOSIS",2,564.23550805867,0.0293540046154029,0.971074122262733,0.99555615822456
"GOBP_IRON_ION_TRANSPORT",2,532.467308966351,0.0286918051503883,0.971717398369104,0.995832259725004
"GOBP_PROTEIN_TARGETING_TO_PEROXISOME",2,557.678305854598,0.0285910229102344,0.971815257188334,0.995832259725004
"GOBP_TRANSFORMING_GROWTH_FACTOR_BETA_RECEPTOR_SIGNALING_PATHWAY",2,542.770930440618,0.0283253135818582,0.972073523923486,0.995873167703284
"GOBP_SODIUM_ION_EXPORT_ACROSS_PLASMA_MEMBRANE",2,543.28449427003,0.0280504684201744,0.972340701259831,0.99592318402113
"GOBP_REGULATION_OF_ARP2_3_COMPLEX_MEDIATED_ACTIN_NUCLEATION",2,544.314281142544,0.0274315281815797,0.972942644288589,0.99609234581375
"GOBP_REGULATION_OF_CHOLESTEROL_METABOLIC_PROCESS",2,538.114702118095,0.0275034320445585,0.972872711102716,0.99609234581375
"GOBP_CELLULAR_RESPONSE_TO_LEUCINE_STARVATION",2,545.150291185477,0.0267211679975229,0.973633958781227,0.996107209373005
"GOBP_ERYTHROCYTE_DEVELOPMENT",2,532.187563052086,0.0265190807084812,0.973830749088847,0.996107209373005
"GOBP_MUSCLE_CELL_PROLIFERATION",2,535.237707275365,0.0266831226319921,0.973671021665103,0.996107209373005
"GOBP_NEGATIVE_REGULATION_OF_PROTEASOMAL_UBIQUITIN_DEPENDENT_PROTEIN_CATABOLIC_PROCESS",2,563.577465604718,0.0267429911190682,0.973612671606461,0.996107209373005
"GOBP_LONG_CHAIN_FATTY_ACID_IMPORT_ACROSS_PLASMA_MEMBRANE",2,540.292224418413,0.0262284327839691,0.974113785166751,0.996173312588689
"GOBP_CELL_SURFACE_RECEPTOR_PROTEIN_SERINE_THREONINE_KINASE_SIGNALING_PATHWAY",2,547.080040655692,0.0259261963234734,0.974408198900463,0.996251018871332
"GOBP_REGULATION_OF_EPIDERMIS_DEVELOPMENT",2,549.906227423672,0.0255303377041616,0.974793960882356,0.99642206534837
"GOBP_POSITIVE_REGULATION_OF_GENE_EXPRESSION_EPIGENETIC",2,545.320297491537,0.0249123303061612,0.975396530919841,0.996814603971632
"GOBP_LIPID_EXPORT_FROM_CELL",2,545.717842599326,0.0245525624236857,0.975747477770978,0.996949875921468
"GOBP_HOMEOSTASIS_OF_NUMBER_OF_CELLS",2,547.498208435373,0.023712322707949,0.97656760825394,0.997340989979002
"GOBP_REGULATION_OF_TRANSMEMBRANE_TRANSPORT",2,529.406733279613,0.0239193831381276,0.976365473127691,0.997340989979002
"GOBP_ALPHA_BETA_T_CELL_PROLIFERATION",2,526.720589995978,0.0223015688045514,0.977946196171564,0.997408899986248
"GOBP_CELLULAR_RESPONSE_TO_CARBOHYDRATE_STIMULUS",2,551.32284928748,0.0224937662007189,0.977758229593224,0.997408899986248
"GOBP_CELLULAR_RESPONSE_TO_OXYGEN_RADICAL",2,574.402094533773,0.0224779211621174,0.977773685069077,0.997408899986248
"GOBP_COMPLEMENT_ACTIVATION_CLASSICAL_PATHWAY",2,519.493334709896,0.0226621085143945,0.977593714631935,0.997408899986248
"GOBP_REGULATION_OF_APOPTOTIC_SIGNALING_PATHWAY",2,547.114363438606,0.0229534768663539,0.977308891223262,0.997408899986248
"GOBP_STEROL_BIOSYNTHETIC_PROCESS",2,546.589477888086,0.0229791564547634,0.977283797667845,0.997408899986248
"GOBP_CLATHRIN_COAT_ASSEMBLY",2,553.77155271366,0.0210034730883985,0.979216343685592,0.99803480302793
"GOBP_GLUCOSE_METABOLIC_PROCESS",2,533.920873158363,0.0210225317523388,0.97919771177555,0.99803480302793
"GOBP_RESPIRATORY_BURST",2,547.192086386591,0.0213018942394277,0.978924200374783,0.99803480302793
"GOBP_CELLULAR_RESPONSE_TO_STEROL_DEPLETION",2,536.277634072057,0.0172214084258647,0.982926575998356,0.998287094906421
"GOBP_DERMATAN_SULFATE_PROTEOGLYCAN_METABOLIC_PROCESS",2,515.891952162305,0.0169192461471104,0.983223626033491,0.998287094906421
"GOBP_ESTABLISHMENT_OF_PROTEIN_LOCALIZATION_TO_TELOMERE",2,535.707108313864,0.0174767281318443,0.982675664337242,0.998287094906421
"GOBP_GLYCOSYL_COMPOUND_CATABOLIC_PROCESS",2,558.756124552871,0.0182615026194525,0.981904814259196,0.998287094906421
"GOBP_HEART_TRABECULA_MORPHOGENESIS",2,537.998132397919,0.0164668497063226,0.983668483492532,0.998287094906421
"GOBP_LINOLEIC_ACID_METABOLIC_PROCESS",2,532.561539440906,0.0160921605681093,0.984037104969505,0.998287094906421
"GOBP_MITOCHONDRIAL_ELECTRON_TRANSPORT_UBIQUINOL_TO_CYTOCHROME_C",2,553.807612847915,0.0167892830882282,0.983351371955281,0.998287094906421
"GOBP_NEGATIVE_REGULATION_OF_ANDROGEN_RECEPTOR_SIGNALING_PATHWAY",2,571.633706768284,0.0178236199324198,0.982334827168792,0.998287094906421
"GOBP_NEGATIVE_REGULATION_OF_APOPTOTIC_SIGNALING_PATHWAY",2,543.631098483847,0.0192367844478162,0.980947729439913,0.998287094906421
"GOBP_NEGATIVE_REGULATION_OF_CELL_GROWTH",2,552.036353124487,0.0161626121123558,0.983967767650449,0.998287094906421
"GOBP_NEGATIVE_REGULATION_OF_SMOOTH_MUSCLE_CELL_APOPTOTIC_PROCESS",2,517.446426766324,0.0167314263800885,0.983408298559139,0.998287094906421
"GOBP_POSITIVE_REGULATION_OF_INTERLEUKIN_4_PRODUCTION",2,536.37428867869,0.0160686402943654,0.984060245274998,0.998287094906421
"GOBP_POSITIVE_REGULATION_OF_NUCLEOCYTOPLASMIC_TRANSPORT",2,546.965779717785,0.0181687065545086,0.981995941953436,0.998287094906421
"GOBP_PROTEIN_INSERTION_INTO_ER_MEMBRANE_BY_STOP_TRANSFER_MEMBRANE_ANCHOR_SEQUENCE",2,556.118247667147,0.0179350424808421,0.982225401281387,0.998287094906421
"GOBP_REGULATION_OF_CELLULAR_RESPONSE_TO_STRESS",2,541.992344201794,0.0181656204131479,0.981998977771057,0.998287094906421
"GOBP_REGULATION_OF_CENTROSOME_CYCLE",2,534.9276211699,0.0194399493762301,0.980748480774776,0.998287094906421
"GOBP_REGULATION_OF_CYTOSKELETON_ORGANIZATION",2,544.738156441157,0.0170373583928904,0.983107480493936,0.998287094906421
"GOBP_REGULATION_OF_DENDRITE_MORPHOGENESIS",2,541.129480273836,0.0168788563216747,0.983263311142017,0.998287094906421
"GOBP_REGULATION_OF_EPITHELIAL_CELL_MIGRATION",2,550.823385479201,0.0184819522780467,0.981688400408038,0.998287094906421
"GOBP_REGULATION_OF_NEURON_MIGRATION",2,536.153059705471,0.0172456021958948,0.982902797241403,0.998287094906421
"GOBP_SMALL_GTPASE_MEDIATED_SIGNAL_TRANSDUCTION",2,551.762378299908,0.0167130122815517,0.983426373119151,0.998287094906421
"GOBP_ALCOHOL_METABOLIC_PROCESS",2,513.745989794802,0.0137119906556781,0.986381951451221,0.998570265351013
"GOBP_L_ALPHA_AMINO_ACID_TRANSMEMBRANE_TRANSPORT",2,544.465053222459,0.0139512048167581,0.986146014763909,0.998570265351013
"GOBP_MACROMOLECULE_DEPALMITOYLATION",2,542.660422237826,0.0147654491275852,0.985343421423317,0.998570265351013
"GOBP_NEGATIVE_REGULATION_OF_ERBB_SIGNALING_PATHWAY",2,546.190927967001,0.0139376798366421,0.986159350664471,0.998570265351013
"GOBP_NEGATIVE_REGULATION_OF_INTERLEUKIN_17_PRODUCTION",2,547.500380793786,0.0135631494012015,0.986528747132573,0.998570265351013
"GOBP_NEGATIVE_REGULATION_OF_NEURON_APOPTOTIC_PROCESS",2,532.315079037655,0.0139006359882381,0.986195889710572,0.998570265351013
"GOBP_NEGATIVE_REGULATION_OF_SMALL_GTPASE_MEDIATED_SIGNAL_TRANSDUCTION",2,554.790220898899,0.0149082857244217,0.985202687246452,0.998570265351013
"GOBP_POSITIVE_REGULATION_OF_GLYCOGEN_METABOLIC_PROCESS",2,557.226030573621,0.014231155950574,0.985869986596458,0.998570265351013
"GOBP_REGULATION_OF_LAMELLIPODIUM_ORGANIZATION",2,549.200630994939,0.0137033041807027,0.986390495939783,0.998570265351013
"GOBP_RNA_EXPORT_FROM_NUCLEUS",2,556.285167515099,0.0138049478861395,0.986290241312663,0.998570265351013
"GOBP_BLOOD_VESSEL_MORPHOGENESIS",2,535.38060144382,0.00964747682029153,0.990399082962719,0.998606229963029
"GOBP_CARBOHYDRATE_METABOLIC_PROCESS",2,533.883596196509,0.0110751415917991,0.988986189215235,0.998606229963029
"GOBP_DETECTION_OF_STIMULUS_INVOLVED_IN_SENSORY_PERCEPTION_OF_PAIN",2,552.390619020467,0.00794301682705391,0.992088558883481,0.998606229963029
"GOBP_HEMATOPOIETIC_OR_LYMPHOID_ORGAN_DEVELOPMENT",2,541.460266694221,0.00792851862772955,0.992102944351161,0.998606229963029
"GOBP_INDOLE_CONTAINING_COMPOUND_METABOLIC_PROCESS",2,556.101955648546,0.00767863630669644,0.992350874321826,0.998606229963029
"GOBP_LENS_FIBER_CELL_DIFFERENTIATION",2,551.123955745576,0.00954287403381887,0.990502678358787,0.998606229963029
"GOBP_MICROVILLUS_ASSEMBLY",2,570.144877163048,0.011904066201033,0.988166752479169,0.998606229963029
"GOBP_MRNA_TRANSPORT",2,554.553949991259,0.0129706455436537,0.987113410219585,0.998606229963029
"GOBP_MUSCLE_ORGAN_MORPHOGENESIS",2,539.443950254249,0.0114644333375516,0.988601273723523,0.998606229963029
"GOBP_NEGATIVE_REGULATION_OF_DNA_REPAIR",2,562.843602805551,0.0111212457871036,0.988940583962013,0.998606229963029
"GOBP_NEGATIVE_REGULATION_OF_PROTEASOMAL_PROTEIN_CATABOLIC_PROCESS",2,561.128766568784,0.0113474692751248,0.988716897297107,0.998606229963029
"GOBP_NEGATIVE_REGULATION_OF_PROTEIN_MODIFICATION_PROCESS",2,564.146765679203,0.00733218317642258,0.992694726299578,0.998606229963029
"GOBP_POSITIVE_REGULATION_OF_COAGULATION",2,522.117487751431,0.00953071869487118,0.990514726980272,0.998606229963029
"GOBP_POSITIVE_REGULATION_OF_ERBB_SIGNALING_PATHWAY",2,546.857744832349,0.0082521282124103,0.991781950631571,0.998606229963029
"GOBP_POSITIVE_REGULATION_OF_LYMPHOCYTE_MIGRATION",2,541.613006257559,0.00817695988439023,0.99185650295904,0.998606229963029
"GOBP_POSITIVE_REGULATION_OF_POST_TRANSLATIONAL_PROTEIN_MODIFICATION",2,542.670270375604,0.00784242325384972,0.992188360762833,0.998606229963029
"GOBP_POSITIVE_REGULATION_OF_PROTEIN_BINDING",2,564.098042198904,0.00777484749313729,0.992255404783584,0.998606229963029
"GOBP_PROTEIN_DEPOLYMERIZATION",2,543.637758793049,0.0103232577410458,0.989730038211192,0.998606229963029
"GOBP_PROTEOGLYCAN_CATABOLIC_PROCESS",2,551.272555779452,0.0120172567502258,0.988054920931166,0.998606229963029
"GOBP_REGULATION_OF_CELLULAR_EXTRAVASATION",2,528.00809869904,0.00840361920720092,0.991631725123821,0.998606229963029
"GOBP_REGULATION_OF_EPITHELIAL_CELL_DIFFERENTIATION",2,548.970783699073,0.00978314733179855,0.990264724620512,0.998606229963029
"GOBP_REGULATION_OF_GRANULOCYTE_CHEMOTAXIS",2,543.727387898363,0.00873871367094464,0.991299497130257,0.998606229963029
"GOBP_REGULATION_OF_INTRINSIC_APOPTOTIC_SIGNALING_PATHWAY_IN_RESPONSE_TO_DNA_DAMAGE_BY_P53_CLASS_MEDIATOR",2,557.435621968478,0.00918604871032291,0.990856164129988,0.998606229963029
"GOBP_REGULATION_OF_MITOCHONDRIAL_DEPOLARIZATION",2,568.715498358127,0.0073836092655854,0.992643677765668,0.998606229963029
"GOBP_REGULATION_OF_PROTEOLYSIS",2,552.030368596435,0.00906066422814005,0.990980407268006,0.998606229963029
"GOBP_SEROTONIN_TRANSPORT",2,558.520720991068,0.00992690191214102,0.990122381833513,0.998606229963029
"GOBP_TORC1_SIGNALING",2,538.956246293358,0.0126634646339511,0.987416673434799,0.998606229963029
"GOBP_TRABECULA_FORMATION",2,550.91170730816,0.0112959303452162,0.988767858134439,0.998606229963029
"GOBP_ESTABLISHMENT_OF_ORGANELLE_LOCALIZATION",2,543.531347296019,0.00676393504370955,0.993258972480575,0.998904518156728
"GOBP_REGULATION_OF_CELLULAR_RESPONSE_TO_OXIDATIVE_STRESS",2,559.073492916048,0.00659249136241949,0.993429268660144,0.998904518156728
"GOBP_NOTCH_SIGNALING_PATHWAY",2,545.305845987593,0.00550091234047026,0.994514245159664,0.999641273339094
"GOBP_VASCULAR_ASSOCIATED_SMOOTH_MUSCLE_CELL_MIGRATION",2,547.722289825025,0.00541435591201934,0.994600328527255,0.999641273339094
"GOBP_CARDIAC_MUSCLE_CELL_DIFFERENTIATION",2,553.016644270304,0.000706654814579919,0.999293595709468,0.999958160191244
"GOBP_CHAPERONE_MEDIATED_AUTOPHAGY",2,558.64505609723,0.00172200959611927,0.998279477510619,0.999958160191244
"GOBP_ESTABLISHMENT_OF_ENDOTHELIAL_INTESTINAL_BARRIER",2,544.468975088182,0.00111794468864987,0.998882682271588,0.999958160191244
"GOBP_ESTABLISHMENT_OF_MITOCHONDRION_LOCALIZATION",2,563.544675589772,0.00249868670934537,0.997504443461,0.999958160191244
"GOBP_ESTROGEN_RECEPTOR_SIGNALING_PATHWAY",2,562.512413650522,0.00045136099303191,0.999548741217026,0.999958160191244
"GOBP_HEART_VALVE_DEVELOPMENT",2,543.140472606535,0.00419803764428736,0.995810794109156,0.999958160191244
"GOBP_MITOPHAGY",2,534.034595332968,0.000189878439129526,0.99981013965414,0.999958160191244
"GOBP_NEGATIVE_REGULATION_OF_INTRINSIC_APOPTOTIC_SIGNALING_PATHWAY_IN_RESPONSE_TO_DNA_DAMAGE_BY_P53_CLASS_MEDIATOR",2,556.572136381584,4.6265154703491e-05,0.999953735919358,0.999958160191244
"GOBP_NEGATIVE_REGULATION_OF_RAS_PROTEIN_SIGNAL_TRANSDUCTION",2,553.833162288454,0.00173920810840337,0.998262308889734,0.999958160191244
"GOBP_NEGATIVE_REGULATION_OF_RNA_SPLICING",2,549.485919493306,0.00124412674184639,0.998756649676372,0.999958160191244
"GOBP_NONRIBOSOMAL_PEPTIDE_BIOSYNTHETIC_PROCESS",2,534.005287403222,0.000266961288289627,0.999733074476129,0.999958160191244
"GOBP_PHOSPHATIDYLINOSITOL_3_PHOSPHATE_BIOSYNTHETIC_PROCESS",2,555.247295669948,0.00241362130746527,0.997589299600894,0.999958160191244
"GOBP_POSITIVE_REGULATION_OF_MYELINATION",2,550.596891075119,0.00157096245593815,0.998430275334881,0.999958160191244
"GOBP_POSITIVE_REGULATION_OF_PROTEIN_TRANSPORT",2,538.94089957386,0.00049928871257409,0.999500836373616,0.999958160191244
"GOBP_PRIMARY_MIRNA_PROCESSING",2,556.193854636061,0.000147685601086366,0.999852325343104,0.999958160191244
"GOBP_REGULATION_OF_CALCIUM_ION_DEPENDENT_EXOCYTOSIS",2,526.128273162791,0.00487311864206044,0.995138780652792,0.999958160191244
"GOBP_REGULATION_OF_EXOSOMAL_SECRETION",2,529.632984404556,0.00145083808392849,0.998550217841387,0.999958160191244
"GOBP_REGULATION_OF_EXTRINSIC_APOPTOTIC_SIGNALING_PATHWAY",2,549.811393713449,0.00371702676814836,0.996289897860228,0.999958160191244
"GOBP_REGULATION_OF_INTEGRIN_MEDIATED_SIGNALING_PATHWAY",2,522.765674032653,0.00127559220363622,0.998725224126856,0.999958160191244
"GOBP_REGULATION_OF_PODOSOME_ASSEMBLY",2,533.074700567211,0.00424186509407539,0.995767152518996,0.999958160191244
"GOBP_REGULATION_OF_SPROUTING_ANGIOGENESIS",2,548.635875524013,0.0021780851441822,0.997824293790185,0.999958160191244
"GOBP_SISTER_CHROMATID_COHESION",2,546.256659039953,0.00167129412055156,0.998330106818574,0.999958160191244
"GOBP_WATER_TRANSPORT",2,535.313614369739,4.18406873359531e-05,0.999958160191244,0.999958160191244
