"HumanID","SampleID","Module","OriginalOutcome","Timepoint","TimeDays","TimeSinceD1","Module_ID","Score","hospital_days","status","diagnosis","Subgroup","hospital_death","Mortality28d","event_time","exclusion"
"JinHua_1","JinHua_1_d1","PRR/TLR/TNF/NF-kB signaling","Survival","D1",1,0,"M1",0.132361375643331,5,"是","Abdomen","non-lung infection",0,0,28,"included"
"JinHua_1","JinHua_1_d1","Phagolysosome/autophagy","Survival","D1",1,0,"M2",0.260903094647965,5,"是","Abdomen","non-lung infection",0,0,28,"included"
"JinHua_1","JinHua_1_d1","Type I interferon response","Survival","D1",1,0,"M3",0.0349438296410672,5,"是","Abdomen","non-lung infection",0,0,28,"included"
"JinHua_1","JinHua_1_d1","Ribosome biogenesis","Survival","D1",1,0,"M4",0.0153978922519897,5,"是","Abdomen","non-lung infection",0,0,28,"included"
"JinHua_10","JinHua_10_d1","PRR/TLR/TNF/NF-kB signaling","Mortality","D1",1,0,"M1",-0.621432720333635,24,"否","Lung/Chest","lung infection",1,1,24,"included"
"JinHua_10","JinHua_10_d1","Phagolysosome/autophagy","Mortality","D1",1,0,"M2",-0.596740882981025,24,"否","Lung/Chest","lung infection",1,1,24,"included"
"JinHua_10","JinHua_10_d1","Type I interferon response","Mortality","D1",1,0,"M3",-0.598848584110729,24,"否","Lung/Chest","lung infection",1,1,24,"included"
"JinHua_10","JinHua_10_d1","Ribosome biogenesis","Mortality","D1",1,0,"M4",0.642176498582169,24,"否","Lung/Chest","lung infection",1,1,24,"included"
"JinHua_100","JinHua_100_d1","PRR/TLR/TNF/NF-kB signaling","Survival","D1",1,0,"M1",-0.0118467674150229,14,"是","Abdomen","non-lung infection",0,0,28,"included"
"JinHua_100","JinHua_100_d1","Phagolysosome/autophagy","Survival","D1",1,0,"M2",0.0549365158694468,14,"是","Abdomen","non-lung infection",0,0,28,"included"
"JinHua_100","JinHua_100_d1","Type I interferon response","Survival","D1",1,0,"M3",0.196969165632447,14,"是","Abdomen","non-lung infection",0,0,28,"included"
"JinHua_100","JinHua_100_d1","Ribosome biogenesis","Survival","D1",1,0,"M4",0.409354867060623,14,"是","Abdomen","non-lung infection",0,0,28,"included"
"JinHua_101","JinHua_101_d1","PRR/TLR/TNF/NF-kB signaling","Survival","D1",1,0,"M1",0.550666729243751,11,"是","Lung/Chest","lung infection",0,0,28,"included"
"JinHua_101","JinHua_101_d1","Phagolysosome/autophagy","Survival","D1",1,0,"M2",0.558319636488481,11,"是","Lung/Chest","lung infection",0,0,28,"included"
"JinHua_101","JinHua_101_d1","Type I interferon response","Survival","D1",1,0,"M3",0.35395515636325,11,"是","Lung/Chest","lung infection",0,0,28,"included"
"JinHua_101","JinHua_101_d1","Ribosome biogenesis","Survival","D1",1,0,"M4",-0.452475157906332,11,"是","Lung/Chest","lung infection",0,0,28,"included"
"JinHua_102","JinHua_102_d1","PRR/TLR/TNF/NF-kB signaling","Survival","D1",1,0,"M1",0.301275429218091,11,"是","Lung/Chest","lung infection",0,0,28,"included"
"JinHua_102","JinHua_102_d1","Phagolysosome/autophagy","Survival","D1",1,0,"M2",0.366976431803708,11,"是","Lung/Chest","lung infection",0,0,28,"included"
"JinHua_102","JinHua_102_d1","Type I interferon response","Survival","D1",1,0,"M3",-0.0161885621717767,11,"是","Lung/Chest","lung infection",0,0,28,"included"
"JinHua_102","JinHua_102_d1","Ribosome biogenesis","Survival","D1",1,0,"M4",-0.539522854955189,11,"是","Lung/Chest","lung infection",0,0,28,"included"
"JinHua_103","JinHua_103_d1","PRR/TLR/TNF/NF-kB signaling","Survival","D1",1,0,"M1",0.657845363463185,18,"是","Lung/Chest","lung infection",0,0,28,"included"
"JinHua_103","JinHua_103_d1","Phagolysosome/autophagy","Survival","D1",1,0,"M2",0.618631658598549,18,"是","Lung/Chest","lung infection",0,0,28,"included"
"JinHua_103","JinHua_103_d1","Type I interferon response","Survival","D1",1,0,"M3",0.694150824173152,18,"是","Lung/Chest","lung infection",0,0,28,"included"
"JinHua_103","JinHua_103_d1","Ribosome biogenesis","Survival","D1",1,0,"M4",-0.726687646708206,18,"是","Lung/Chest","lung infection",0,0,28,"included"
"JinHua_104","JinHua_104_d1","PRR/TLR/TNF/NF-kB signaling","Survival","D1",1,0,"M1",0.262605359949116,18,"是","Lung/Chest","lung infection",0,0,28,"included"
"JinHua_104","JinHua_104_d1","Phagolysosome/autophagy","Survival","D1",1,0,"M2",0.218668874696143,18,"是","Lung/Chest","lung infection",0,0,28,"included"
"JinHua_104","JinHua_104_d1","Type I interferon response","Survival","D1",1,0,"M3",-0.0373592172231047,18,"是","Lung/Chest","lung infection",0,0,28,"included"
"JinHua_104","JinHua_104_d1","Ribosome biogenesis","Survival","D1",1,0,"M4",-0.425563293717419,18,"是","Lung/Chest","lung infection",0,0,28,"included"
"JinHua_105","JinHua_105_d1","PRR/TLR/TNF/NF-kB signaling","Survival","D1",1,0,"M1",0.423801670735923,29,"是","Lung/Chest","lung infection",0,0,28,"included"
"JinHua_105","JinHua_105_d1","Phagolysosome/autophagy","Survival","D1",1,0,"M2",0.327422683248888,29,"是","Lung/Chest","lung infection",0,0,28,"included"
"JinHua_105","JinHua_105_d1","Type I interferon response","Survival","D1",1,0,"M3",0.327277244228564,29,"是","Lung/Chest","lung infection",0,0,28,"included"
"JinHua_105","JinHua_105_d1","Ribosome biogenesis","Survival","D1",1,0,"M4",-0.241117961722414,29,"是","Lung/Chest","lung infection",0,0,28,"included"
"JinHua_106","JinHua_106_d1","PRR/TLR/TNF/NF-kB signaling","Survival","D1",1,0,"M1",0.44186130412753,19,"是","Abdomen","non-lung infection",0,0,28,"included"
"JinHua_106","JinHua_106_d1","Phagolysosome/autophagy","Survival","D1",1,0,"M2",0.444177004727319,19,"是","Abdomen","non-lung infection",0,0,28,"included"
"JinHua_106","JinHua_106_d1","Type I interferon response","Survival","D1",1,0,"M3",0.103698527436544,19,"是","Abdomen","non-lung infection",0,0,28,"included"
"JinHua_106","JinHua_106_d1","Ribosome biogenesis","Survival","D1",1,0,"M4",-0.467925438622608,19,"是","Abdomen","non-lung infection",0,0,28,"included"
"JinHua_107","JinHua_107_d1","PRR/TLR/TNF/NF-kB signaling","Survival","D1",1,0,"M1",0.387779545452005,20,"是","Abdomen","non-lung infection",0,0,28,"included"
"JinHua_107","JinHua_107_d1","Phagolysosome/autophagy","Survival","D1",1,0,"M2",0.445046653974446,20,"是","Abdomen","non-lung infection",0,0,28,"included"
"JinHua_107","JinHua_107_d1","Type I interferon response","Survival","D1",1,0,"M3",-0.0716706146401985,20,"是","Abdomen","non-lung infection",0,0,28,"included"
"JinHua_107","JinHua_107_d1","Ribosome biogenesis","Survival","D1",1,0,"M4",0.150722827266323,20,"是","Abdomen","non-lung infection",0,0,28,"included"
"JinHua_108","JinHua_108_d1","PRR/TLR/TNF/NF-kB signaling","Survival","D1",1,0,"M1",0.515505770798539,7,"是","Lung/Chest","lung infection",0,0,28,"included"
"JinHua_108","JinHua_108_d1","Phagolysosome/autophagy","Survival","D1",1,0,"M2",0.514438474717213,7,"是","Lung/Chest","lung infection",0,0,28,"included"
"JinHua_108","JinHua_108_d1","Type I interferon response","Survival","D1",1,0,"M3",-0.0671729540804383,7,"是","Lung/Chest","lung infection",0,0,28,"included"
"JinHua_108","JinHua_108_d1","Ribosome biogenesis","Survival","D1",1,0,"M4",-0.598641668340031,7,"是","Lung/Chest","lung infection",0,0,28,"included"
"JinHua_109","JinHua_109_d1","PRR/TLR/TNF/NF-kB signaling","Survival","D1",1,0,"M1",-0.253754250446953,7,"是","Lung/Chest","lung infection",0,0,28,"included"
"JinHua_109","JinHua_109_d1","Phagolysosome/autophagy","Survival","D1",1,0,"M2",-0.0696090440875041,7,"是","Lung/Chest","lung infection",0,0,28,"included"
"JinHua_109","JinHua_109_d1","Type I interferon response","Survival","D1",1,0,"M3",-0.41907694288847,7,"是","Lung/Chest","lung infection",0,0,28,"included"
"JinHua_109","JinHua_109_d1","Ribosome biogenesis","Survival","D1",1,0,"M4",0.0119198209184532,7,"是","Lung/Chest","lung infection",0,0,28,"included"
"JinHua_11","JinHua_11_d1","PRR/TLR/TNF/NF-kB signaling","Survival","D1",1,0,"M1",-0.677623599905774,21,"是","Abdomen","non-lung infection",0,0,28,"included"
"JinHua_11","JinHua_11_d1","Phagolysosome/autophagy","Survival","D1",1,0,"M2",-0.688959703852449,21,"是","Abdomen","non-lung infection",0,0,28,"included"
"JinHua_11","JinHua_11_d1","Type I interferon response","Survival","D1",1,0,"M3",-0.631581478423389,21,"是","Abdomen","non-lung infection",0,0,28,"included"
"JinHua_11","JinHua_11_d1","Ribosome biogenesis","Survival","D1",1,0,"M4",0.48598996534019,21,"是","Abdomen","non-lung infection",0,0,28,"included"
"JinHua_110","JinHua_110_d1","PRR/TLR/TNF/NF-kB signaling","Survival","D1",1,0,"M1",-0.127705189220168,16,"是","Abdomen","non-lung infection",0,0,28,"included"
"JinHua_110","JinHua_110_d1","Phagolysosome/autophagy","Survival","D1",1,0,"M2",-0.0567682049151754,16,"是","Abdomen","non-lung infection",0,0,28,"included"
"JinHua_110","JinHua_110_d1","Type I interferon response","Survival","D1",1,0,"M3",-0.35734791386988,16,"是","Abdomen","non-lung infection",0,0,28,"included"
"JinHua_110","JinHua_110_d1","Ribosome biogenesis","Survival","D1",1,0,"M4",0.391166710055941,16,"是","Abdomen","non-lung infection",0,0,28,"included"
"JinHua_111","JinHua_111_d1","PRR/TLR/TNF/NF-kB signaling","Survival","D1",1,0,"M1",0.548476084599388,10,"是","Urinary","non-lung infection",0,0,28,"included"
"JinHua_111","JinHua_111_d1","Phagolysosome/autophagy","Survival","D1",1,0,"M2",0.492506565187422,10,"是","Urinary","non-lung infection",0,0,28,"included"
"JinHua_111","JinHua_111_d1","Type I interferon response","Survival","D1",1,0,"M3",0.216220305458393,10,"是","Urinary","non-lung infection",0,0,28,"included"
"JinHua_111","JinHua_111_d1","Ribosome biogenesis","Survival","D1",1,0,"M4",-0.637462058182177,10,"是","Urinary","non-lung infection",0,0,28,"included"
"JinHua_112","JinHua_112_d1","PRR/TLR/TNF/NF-kB signaling","Survival","D1",1,0,"M1",0.179156322342727,7,"是","Lung/Chest","lung infection",0,0,28,"included"
"JinHua_112","JinHua_112_d1","Phagolysosome/autophagy","Survival","D1",1,0,"M2",0.176418321996504,7,"是","Lung/Chest","lung infection",0,0,28,"included"
"JinHua_112","JinHua_112_d1","Type I interferon response","Survival","D1",1,0,"M3",-0.0025531150532509,7,"是","Lung/Chest","lung infection",0,0,28,"included"
"JinHua_112","JinHua_112_d1","Ribosome biogenesis","Survival","D1",1,0,"M4",0.15104631314825,7,"是","Lung/Chest","lung infection",0,0,28,"included"
"JinHua_113","JinHua_113_d1","PRR/TLR/TNF/NF-kB signaling","Survival","D1",1,0,"M1",-0.14053367003675,21,"是","Lung/Chest","lung infection",0,0,28,"included"
"JinHua_113","JinHua_113_d1","Phagolysosome/autophagy","Survival","D1",1,0,"M2",-0.139746320727786,21,"是","Lung/Chest","lung infection",0,0,28,"included"
"JinHua_113","JinHua_113_d1","Type I interferon response","Survival","D1",1,0,"M3",-0.476824797102128,21,"是","Lung/Chest","lung infection",0,0,28,"included"
"JinHua_113","JinHua_113_d1","Ribosome biogenesis","Survival","D1",1,0,"M4",0.327435076828774,21,"是","Lung/Chest","lung infection",0,0,28,"included"
"JinHua_114","JinHua_114_d1","PRR/TLR/TNF/NF-kB signaling","Survival","D1",1,0,"M1",0.324041073119238,9,"是","Intestine","non-lung infection",0,0,28,"included"
"JinHua_114","JinHua_114_d1","Phagolysosome/autophagy","Survival","D1",1,0,"M2",0.327270389325608,9,"是","Intestine","non-lung infection",0,0,28,"included"
"JinHua_114","JinHua_114_d1","Type I interferon response","Survival","D1",1,0,"M3",0.16189052335973,9,"是","Intestine","non-lung infection",0,0,28,"included"
"JinHua_114","JinHua_114_d1","Ribosome biogenesis","Survival","D1",1,0,"M4",0.29728326045929,9,"是","Intestine","non-lung infection",0,0,28,"included"
"JinHua_115","JinHua_115_d1","PRR/TLR/TNF/NF-kB signaling","Mortality","D1",1,0,"M1",0.54574767965091,24,"否","SoftTissue","non-lung infection",1,1,24,"included"
"JinHua_115","JinHua_115_d1","Phagolysosome/autophagy","Mortality","D1",1,0,"M2",0.529392361858058,24,"否","SoftTissue","non-lung infection",1,1,24,"included"
"JinHua_115","JinHua_115_d1","Type I interferon response","Mortality","D1",1,0,"M3",-0.00467384590866404,24,"否","SoftTissue","non-lung infection",1,1,24,"included"
"JinHua_115","JinHua_115_d1","Ribosome biogenesis","Mortality","D1",1,0,"M4",-0.675021126508076,24,"否","SoftTissue","non-lung infection",1,1,24,"included"
"JinHua_116","JinHua_116_d1","PRR/TLR/TNF/NF-kB signaling","Survival","D1",1,0,"M1",0.274533783641688,17,"是","Lung/Chest","lung infection",0,0,28,"included"
"JinHua_116","JinHua_116_d1","Phagolysosome/autophagy","Survival","D1",1,0,"M2",0.306880256125753,17,"是","Lung/Chest","lung infection",0,0,28,"included"
"JinHua_116","JinHua_116_d1","Type I interferon response","Survival","D1",1,0,"M3",-0.169214318421653,17,"是","Lung/Chest","lung infection",0,0,28,"included"
"JinHua_116","JinHua_116_d1","Ribosome biogenesis","Survival","D1",1,0,"M4",-0.108373684584528,17,"是","Lung/Chest","lung infection",0,0,28,"included"
"JinHua_117","JinHua_117_d1","PRR/TLR/TNF/NF-kB signaling","Survival","D1",1,0,"M1",-0.0371109627940748,40,"是","Lung/Chest","lung infection",0,0,28,"included"
"JinHua_117","JinHua_117_d1","Phagolysosome/autophagy","Survival","D1",1,0,"M2",-0.0671530876116385,40,"是","Lung/Chest","lung infection",0,0,28,"included"
"JinHua_117","JinHua_117_d1","Type I interferon response","Survival","D1",1,0,"M3",-0.21073373256897,40,"是","Lung/Chest","lung infection",0,0,28,"included"
"JinHua_117","JinHua_117_d1","Ribosome biogenesis","Survival","D1",1,0,"M4",0.299441723181897,40,"是","Lung/Chest","lung infection",0,0,28,"included"
"JinHua_118","JinHua_118_d1","PRR/TLR/TNF/NF-kB signaling","Survival","D1",1,0,"M1",0.331435493646006,3,"是","Lung/Chest","lung infection",0,0,28,"included"
"JinHua_118","JinHua_118_d1","Phagolysosome/autophagy","Survival","D1",1,0,"M2",0.220660782097382,3,"是","Lung/Chest","lung infection",0,0,28,"included"
"JinHua_118","JinHua_118_d1","Type I interferon response","Survival","D1",1,0,"M3",0.0457943105527286,3,"是","Lung/Chest","lung infection",0,0,28,"included"
"JinHua_118","JinHua_118_d1","Ribosome biogenesis","Survival","D1",1,0,"M4",-0.327650401755182,3,"是","Lung/Chest","lung infection",0,0,28,"included"
"JinHua_119","JinHua_119_d1","PRR/TLR/TNF/NF-kB signaling","Survival","D1",1,0,"M1",0.289124644049426,50,"是","Lung/Chest","lung infection",0,0,28,"included"
"JinHua_119","JinHua_119_d1","Phagolysosome/autophagy","Survival","D1",1,0,"M2",0.245051776112746,50,"是","Lung/Chest","lung infection",0,0,28,"included"
"JinHua_119","JinHua_119_d1","Type I interferon response","Survival","D1",1,0,"M3",-0.124514294431318,50,"是","Lung/Chest","lung infection",0,0,28,"included"
"JinHua_119","JinHua_119_d1","Ribosome biogenesis","Survival","D1",1,0,"M4",0.117129514949606,50,"是","Lung/Chest","lung infection",0,0,28,"included"
"JinHua_12","JinHua_12_d1","PRR/TLR/TNF/NF-kB signaling","Survival","D1",1,0,"M1",-0.571657903574633,23,"是","Lung/Chest","lung infection",0,0,28,"included"
"JinHua_12","JinHua_12_d1","Phagolysosome/autophagy","Survival","D1",1,0,"M2",-0.555051593286755,23,"是","Lung/Chest","lung infection",0,0,28,"included"
"JinHua_12","JinHua_12_d1","Type I interferon response","Survival","D1",1,0,"M3",-0.502067996972831,23,"是","Lung/Chest","lung infection",0,0,28,"included"
"JinHua_12","JinHua_12_d1","Ribosome biogenesis","Survival","D1",1,0,"M4",0.663138123249669,23,"是","Lung/Chest","lung infection",0,0,28,"included"
"JinHua_120","JinHua_120_d1","PRR/TLR/TNF/NF-kB signaling","Mortality","D1",1,0,"M1",0.442981443892483,38,"否","Abdomen","non-lung infection",1,0,28,"included"
"JinHua_120","JinHua_120_d1","Phagolysosome/autophagy","Mortality","D1",1,0,"M2",0.466633485636547,38,"否","Abdomen","non-lung infection",1,0,28,"included"
"JinHua_120","JinHua_120_d1","Type I interferon response","Mortality","D1",1,0,"M3",0.0359115152652125,38,"否","Abdomen","non-lung infection",1,0,28,"included"
"JinHua_120","JinHua_120_d1","Ribosome biogenesis","Mortality","D1",1,0,"M4",-0.547651617697165,38,"否","Abdomen","non-lung infection",1,0,28,"included"
"JinHua_121","JinHua_121_d1","PRR/TLR/TNF/NF-kB signaling","Mortality","D1",1,0,"M1",0.226798859238473,5,"否","Lung/Chest","lung infection",1,1,5,"included"
"JinHua_121","JinHua_121_d1","Phagolysosome/autophagy","Mortality","D1",1,0,"M2",0.271172312722057,5,"否","Lung/Chest","lung infection",1,1,5,"included"
"JinHua_121","JinHua_121_d1","Type I interferon response","Mortality","D1",1,0,"M3",-0.261672542498691,5,"否","Lung/Chest","lung infection",1,1,5,"included"
"JinHua_121","JinHua_121_d1","Ribosome biogenesis","Mortality","D1",1,0,"M4",-0.40711219193465,5,"否","Lung/Chest","lung infection",1,1,5,"included"
"JinHua_122","JinHua_122_d1","PRR/TLR/TNF/NF-kB signaling","Survival","D1",1,0,"M1",0.56671656910625,28,"是","Lung/Chest","lung infection",0,0,28,"included"
"JinHua_122","JinHua_122_d1","Phagolysosome/autophagy","Survival","D1",1,0,"M2",0.514466167837056,28,"是","Lung/Chest","lung infection",0,0,28,"included"
"JinHua_122","JinHua_122_d1","Type I interferon response","Survival","D1",1,0,"M3",0.419066133885743,28,"是","Lung/Chest","lung infection",0,0,28,"included"
"JinHua_122","JinHua_122_d1","Ribosome biogenesis","Survival","D1",1,0,"M4",-0.470565374791669,28,"是","Lung/Chest","lung infection",0,0,28,"included"
"JinHua_123","JinHua_123_d1","PRR/TLR/TNF/NF-kB signaling","Mortality","D1",1,0,"M1",-0.0298631075471903,18,"否","Lung/Chest","lung infection",1,1,18,"included"
"JinHua_123","JinHua_123_d1","Phagolysosome/autophagy","Mortality","D1",1,0,"M2",0.016639659492374,18,"否","Lung/Chest","lung infection",1,1,18,"included"
"JinHua_123","JinHua_123_d1","Type I interferon response","Mortality","D1",1,0,"M3",-0.0883458277494873,18,"否","Lung/Chest","lung infection",1,1,18,"included"
"JinHua_123","JinHua_123_d1","Ribosome biogenesis","Mortality","D1",1,0,"M4",0.452722335244327,18,"否","Lung/Chest","lung infection",1,1,18,"included"
"JinHua_124","JinHua_124_d1","PRR/TLR/TNF/NF-kB signaling","Survival","D1",1,0,"M1",0.537737290658729,9,"是","Abdomen","non-lung infection",0,0,28,"included"
"JinHua_124","JinHua_124_d1","Phagolysosome/autophagy","Survival","D1",1,0,"M2",0.563490704570363,9,"是","Abdomen","non-lung infection",0,0,28,"included"
"JinHua_124","JinHua_124_d1","Type I interferon response","Survival","D1",1,0,"M3",0.277088276136214,9,"是","Abdomen","non-lung infection",0,0,28,"included"
"JinHua_124","JinHua_124_d1","Ribosome biogenesis","Survival","D1",1,0,"M4",-0.634957248866137,9,"是","Abdomen","non-lung infection",0,0,28,"included"
"JinHua_125","JinHua_125_d1","PRR/TLR/TNF/NF-kB signaling","Survival","D1",1,0,"M1",0.192605263472188,1,"是","Intestine","non-lung infection",0,0,28,"included"
"JinHua_125","JinHua_125_d1","Phagolysosome/autophagy","Survival","D1",1,0,"M2",0.10270205407322,1,"是","Intestine","non-lung infection",0,0,28,"included"
"JinHua_125","JinHua_125_d1","Type I interferon response","Survival","D1",1,0,"M3",-0.103903522509203,1,"是","Intestine","non-lung infection",0,0,28,"included"
"JinHua_125","JinHua_125_d1","Ribosome biogenesis","Survival","D1",1,0,"M4",0.429509523371399,1,"是","Intestine","non-lung infection",0,0,28,"included"
"JinHua_126","JinHua_126_d1","PRR/TLR/TNF/NF-kB signaling","Survival","D1",1,0,"M1",0.546991236722472,23,"是","Others/Unknown","non-lung infection",0,0,28,"included"
"JinHua_126","JinHua_126_d1","Phagolysosome/autophagy","Survival","D1",1,0,"M2",0.462682020165957,23,"是","Others/Unknown","non-lung infection",0,0,28,"included"
"JinHua_126","JinHua_126_d1","Type I interferon response","Survival","D1",1,0,"M3",0.316486875768628,23,"是","Others/Unknown","non-lung infection",0,0,28,"included"
"JinHua_126","JinHua_126_d1","Ribosome biogenesis","Survival","D1",1,0,"M4",-0.522738674138636,23,"是","Others/Unknown","non-lung infection",0,0,28,"included"
"JinHua_127","JinHua_127_d1","PRR/TLR/TNF/NF-kB signaling","Mortality","D1",1,0,"M1",0.432167313155703,1,"否","Lung/Chest","lung infection",1,1,1,"included"
"JinHua_127","JinHua_127_d1","Phagolysosome/autophagy","Mortality","D1",1,0,"M2",0.423189894558967,1,"否","Lung/Chest","lung infection",1,1,1,"included"
"JinHua_127","JinHua_127_d1","Type I interferon response","Mortality","D1",1,0,"M3",0.102006648425336,1,"否","Lung/Chest","lung infection",1,1,1,"included"
"JinHua_127","JinHua_127_d1","Ribosome biogenesis","Mortality","D1",1,0,"M4",-0.59124461975311,1,"否","Lung/Chest","lung infection",1,1,1,"included"
"JinHua_128","JinHua_128_d1","PRR/TLR/TNF/NF-kB signaling","Survival","D1",1,0,"M1",0.215915017040265,10,"是","Biliary/Liver","non-lung infection",0,0,28,"included"
"JinHua_128","JinHua_128_d1","Phagolysosome/autophagy","Survival","D1",1,0,"M2",0.0686735477712786,10,"是","Biliary/Liver","non-lung infection",0,0,28,"included"
"JinHua_128","JinHua_128_d1","Type I interferon response","Survival","D1",1,0,"M3",0.531214747562404,10,"是","Biliary/Liver","non-lung infection",0,0,28,"included"
"JinHua_128","JinHua_128_d1","Ribosome biogenesis","Survival","D1",1,0,"M4",0.115424333385047,10,"是","Biliary/Liver","non-lung infection",0,0,28,"included"
"JinHua_129","JinHua_129_d1","PRR/TLR/TNF/NF-kB signaling","Survival","D1",1,0,"M1",0.674438443722064,13,"是","SoftTissue","non-lung infection",0,0,28,"included"
"JinHua_129","JinHua_129_d1","Phagolysosome/autophagy","Survival","D1",1,0,"M2",0.715393272278236,13,"是","SoftTissue","non-lung infection",0,0,28,"included"
"JinHua_129","JinHua_129_d1","Type I interferon response","Survival","D1",1,0,"M3",0.39428924832869,13,"是","SoftTissue","non-lung infection",0,0,28,"included"
"JinHua_129","JinHua_129_d1","Ribosome biogenesis","Survival","D1",1,0,"M4",-0.762586735971526,13,"是","SoftTissue","non-lung infection",0,0,28,"included"
"JinHua_13","JinHua_13_d1","PRR/TLR/TNF/NF-kB signaling","Mortality","D1",1,0,"M1",-0.0193256716935397,35,"否","Lung/Chest","lung infection",1,0,28,"included"
"JinHua_13","JinHua_13_d1","Phagolysosome/autophagy","Mortality","D1",1,0,"M2",0.0740172352868158,35,"否","Lung/Chest","lung infection",1,0,28,"included"
"JinHua_13","JinHua_13_d1","Type I interferon response","Mortality","D1",1,0,"M3",0.141931282748237,35,"否","Lung/Chest","lung infection",1,0,28,"included"
"JinHua_13","JinHua_13_d1","Ribosome biogenesis","Mortality","D1",1,0,"M4",0.410272414423447,35,"否","Lung/Chest","lung infection",1,0,28,"included"
"JinHua_130","JinHua_130_d1","PRR/TLR/TNF/NF-kB signaling","Mortality","D1",1,0,"M1",0.390753652986948,20,"否","Others/Unknown","non-lung infection",1,1,20,"included"
"JinHua_130","JinHua_130_d1","Phagolysosome/autophagy","Mortality","D1",1,0,"M2",0.370376733938254,20,"否","Others/Unknown","non-lung infection",1,1,20,"included"
"JinHua_130","JinHua_130_d1","Type I interferon response","Mortality","D1",1,0,"M3",0.100721748780689,20,"否","Others/Unknown","non-lung infection",1,1,20,"included"
"JinHua_130","JinHua_130_d1","Ribosome biogenesis","Mortality","D1",1,0,"M4",-0.429631881259678,20,"否","Others/Unknown","non-lung infection",1,1,20,"included"
"JinHua_131","JinHua_131_d1","PRR/TLR/TNF/NF-kB signaling","Survival","D1",1,0,"M1",-0.193415444379786,21,"是","Lung/Chest","lung infection",0,0,28,"included"
"JinHua_131","JinHua_131_d1","Phagolysosome/autophagy","Survival","D1",1,0,"M2",0.0522226950580051,21,"是","Lung/Chest","lung infection",0,0,28,"included"
"JinHua_131","JinHua_131_d1","Type I interferon response","Survival","D1",1,0,"M3",-0.36203710716483,21,"是","Lung/Chest","lung infection",0,0,28,"included"
"JinHua_131","JinHua_131_d1","Ribosome biogenesis","Survival","D1",1,0,"M4",0.53741866479267,21,"是","Lung/Chest","lung infection",0,0,28,"included"
"JinHua_132","JinHua_132_d1","PRR/TLR/TNF/NF-kB signaling","Survival","D1",1,0,"M1",-0.159523879930953,7,"是","Intestine","non-lung infection",0,0,28,"included"
"JinHua_132","JinHua_132_d1","Phagolysosome/autophagy","Survival","D1",1,0,"M2",-0.0268815839473874,7,"是","Intestine","non-lung infection",0,0,28,"included"
"JinHua_132","JinHua_132_d1","Type I interferon response","Survival","D1",1,0,"M3",-0.270231535819829,7,"是","Intestine","non-lung infection",0,0,28,"included"
"JinHua_132","JinHua_132_d1","Ribosome biogenesis","Survival","D1",1,0,"M4",0.394900887175939,7,"是","Intestine","non-lung infection",0,0,28,"included"
"JinHua_133","JinHua_133_d1","PRR/TLR/TNF/NF-kB signaling","Survival","D1",1,0,"M1",0.378075487656928,13,"是","Others/Unknown","non-lung infection",0,0,28,"included"
"JinHua_133","JinHua_133_d1","Phagolysosome/autophagy","Survival","D1",1,0,"M2",0.402463438066884,13,"是","Others/Unknown","non-lung infection",0,0,28,"included"
"JinHua_133","JinHua_133_d1","Type I interferon response","Survival","D1",1,0,"M3",0.313943682044478,13,"是","Others/Unknown","non-lung infection",0,0,28,"included"
"JinHua_133","JinHua_133_d1","Ribosome biogenesis","Survival","D1",1,0,"M4",0.275711165961664,13,"是","Others/Unknown","non-lung infection",0,0,28,"included"
"JinHua_134","JinHua_134_d1","PRR/TLR/TNF/NF-kB signaling","Survival","D1",1,0,"M1",-0.438568533308657,15,"是","Abdomen","non-lung infection",0,0,28,"included"
"JinHua_134","JinHua_134_d1","Phagolysosome/autophagy","Survival","D1",1,0,"M2",-0.453863034833475,15,"是","Abdomen","non-lung infection",0,0,28,"included"
"JinHua_134","JinHua_134_d1","Type I interferon response","Survival","D1",1,0,"M3",-0.386555659287226,15,"是","Abdomen","non-lung infection",0,0,28,"included"
"JinHua_134","JinHua_134_d1","Ribosome biogenesis","Survival","D1",1,0,"M4",0.237563681758249,15,"是","Abdomen","non-lung infection",0,0,28,"included"
"JinHua_135","JinHua_135_d1","PRR/TLR/TNF/NF-kB signaling","Survival","D1",1,0,"M1",-0.323834859211348,9,"是","Lung/Chest","lung infection",0,0,28,"included"
"JinHua_135","JinHua_135_d1","Phagolysosome/autophagy","Survival","D1",1,0,"M2",-0.419056290495218,9,"是","Lung/Chest","lung infection",0,0,28,"included"
"JinHua_135","JinHua_135_d1","Type I interferon response","Survival","D1",1,0,"M3",0.137439120460489,9,"是","Lung/Chest","lung infection",0,0,28,"included"
"JinHua_135","JinHua_135_d1","Ribosome biogenesis","Survival","D1",1,0,"M4",0.480759368040374,9,"是","Lung/Chest","lung infection",0,0,28,"included"
"JinHua_136","JinHua_136_d1","PRR/TLR/TNF/NF-kB signaling","Survival","D1",1,0,"M1",0.317148796845936,32,"是","Lung/Chest","lung infection",0,0,28,"included"
"JinHua_136","JinHua_136_d1","Phagolysosome/autophagy","Survival","D1",1,0,"M2",0.259237624295283,32,"是","Lung/Chest","lung infection",0,0,28,"included"
"JinHua_136","JinHua_136_d1","Type I interferon response","Survival","D1",1,0,"M3",0.162142781895769,32,"是","Lung/Chest","lung infection",0,0,28,"included"
"JinHua_136","JinHua_136_d1","Ribosome biogenesis","Survival","D1",1,0,"M4",0.171740642893398,32,"是","Lung/Chest","lung infection",0,0,28,"included"
"JinHua_137","JinHua_137_d1","PRR/TLR/TNF/NF-kB signaling","Survival","D1",1,0,"M1",0.115497216543957,24,"是","Abdomen","non-lung infection",0,0,28,"included"
"JinHua_137","JinHua_137_d1","Phagolysosome/autophagy","Survival","D1",1,0,"M2",0.00570617601024637,24,"是","Abdomen","non-lung infection",0,0,28,"included"
"JinHua_137","JinHua_137_d1","Type I interferon response","Survival","D1",1,0,"M3",0.106824003622801,24,"是","Abdomen","non-lung infection",0,0,28,"included"
"JinHua_137","JinHua_137_d1","Ribosome biogenesis","Survival","D1",1,0,"M4",0.202770255248853,24,"是","Abdomen","non-lung infection",0,0,28,"included"
"JinHua_138","JinHua_138_d1","PRR/TLR/TNF/NF-kB signaling","Mortality","D1",1,0,"M1",-0.568431610500141,24,"否","Brain","non-lung infection",1,1,24,"included"
"JinHua_138","JinHua_138_d1","Phagolysosome/autophagy","Mortality","D1",1,0,"M2",-0.559256143084236,24,"否","Brain","non-lung infection",1,1,24,"included"
"JinHua_138","JinHua_138_d1","Type I interferon response","Mortality","D1",1,0,"M3",-0.213073567472986,24,"否","Brain","non-lung infection",1,1,24,"included"
"JinHua_138","JinHua_138_d1","Ribosome biogenesis","Mortality","D1",1,0,"M4",0.487746222640483,24,"否","Brain","non-lung infection",1,1,24,"included"
"JinHua_139","JinHua_139_d1","PRR/TLR/TNF/NF-kB signaling","Survival","D1",1,0,"M1",0.281274483511746,16,"是","Others/Unknown","non-lung infection",0,0,28,"included"
"JinHua_139","JinHua_139_d1","Phagolysosome/autophagy","Survival","D1",1,0,"M2",0.12277058574649,16,"是","Others/Unknown","non-lung infection",0,0,28,"included"
"JinHua_139","JinHua_139_d1","Type I interferon response","Survival","D1",1,0,"M3",0.358440099605447,16,"是","Others/Unknown","non-lung infection",0,0,28,"included"
"JinHua_139","JinHua_139_d1","Ribosome biogenesis","Survival","D1",1,0,"M4",0.265056142838268,16,"是","Others/Unknown","non-lung infection",0,0,28,"included"
"JinHua_14","JinHua_14_d1","PRR/TLR/TNF/NF-kB signaling","Survival","D1",1,0,"M1",-0.140986647016514,87,"是","Lung/Chest","lung infection",0,0,28,"included"
"JinHua_14","JinHua_14_d1","Phagolysosome/autophagy","Survival","D1",1,0,"M2",-0.23983443184125,87,"是","Lung/Chest","lung infection",0,0,28,"included"
"JinHua_14","JinHua_14_d1","Type I interferon response","Survival","D1",1,0,"M3",0.408102339024564,87,"是","Lung/Chest","lung infection",0,0,28,"included"
"JinHua_14","JinHua_14_d1","Ribosome biogenesis","Survival","D1",1,0,"M4",0.472456636365277,87,"是","Lung/Chest","lung infection",0,0,28,"included"
"JinHua_140","JinHua_140_d1","PRR/TLR/TNF/NF-kB signaling","Survival","D1",1,0,"M1",0.128429658312236,17,"是","Lung/Chest","lung infection",0,0,28,"included"
"JinHua_140","JinHua_140_d1","Phagolysosome/autophagy","Survival","D1",1,0,"M2",0.162537787676178,17,"是","Lung/Chest","lung infection",0,0,28,"included"
"JinHua_140","JinHua_140_d1","Type I interferon response","Survival","D1",1,0,"M3",0.0120097094737293,17,"是","Lung/Chest","lung infection",0,0,28,"included"
"JinHua_140","JinHua_140_d1","Ribosome biogenesis","Survival","D1",1,0,"M4",0.492996925696306,17,"是","Lung/Chest","lung infection",0,0,28,"included"
"JinHua_141","JinHua_141_d1","PRR/TLR/TNF/NF-kB signaling","Survival","D1",1,0,"M1",0.548534463874521,25,"是","Lung/Chest","lung infection",0,0,28,"included"
"JinHua_141","JinHua_141_d1","Phagolysosome/autophagy","Survival","D1",1,0,"M2",0.5154347570803,25,"是","Lung/Chest","lung infection",0,0,28,"included"
"JinHua_141","JinHua_141_d1","Type I interferon response","Survival","D1",1,0,"M3",0.412172492587841,25,"是","Lung/Chest","lung infection",0,0,28,"included"
"JinHua_141","JinHua_141_d1","Ribosome biogenesis","Survival","D1",1,0,"M4",-0.453256475460062,25,"是","Lung/Chest","lung infection",0,0,28,"included"
"JinHua_143","JinHua_143_d1","PRR/TLR/TNF/NF-kB signaling","Survival","D1",1,0,"M1",0.522740653006755,12,"是","Urinary","non-lung infection",0,0,28,"included"
"JinHua_143","JinHua_143_d1","Phagolysosome/autophagy","Survival","D1",1,0,"M2",0.558107745528528,12,"是","Urinary","non-lung infection",0,0,28,"included"
"JinHua_143","JinHua_143_d1","Type I interferon response","Survival","D1",1,0,"M3",0.257246315414184,12,"是","Urinary","non-lung infection",0,0,28,"included"
"JinHua_143","JinHua_143_d1","Ribosome biogenesis","Survival","D1",1,0,"M4",-0.423092698025726,12,"是","Urinary","non-lung infection",0,0,28,"included"
"JinHua_144","JinHua_144_d1","PRR/TLR/TNF/NF-kB signaling","Mortality","D1",1,0,"M1",0.464038130181779,5,"否","Lung/Chest","lung infection",1,1,5,"included"
"JinHua_144","JinHua_144_d1","Phagolysosome/autophagy","Mortality","D1",1,0,"M2",0.433502495505743,5,"否","Lung/Chest","lung infection",1,1,5,"included"
"JinHua_144","JinHua_144_d1","Type I interferon response","Mortality","D1",1,0,"M3",0.56923320189857,5,"否","Lung/Chest","lung infection",1,1,5,"included"
"JinHua_144","JinHua_144_d1","Ribosome biogenesis","Mortality","D1",1,0,"M4",-0.106074084161324,5,"否","Lung/Chest","lung infection",1,1,5,"included"
"JinHua_145","JinHua_145_d1","PRR/TLR/TNF/NF-kB signaling","Survival","D1",1,0,"M1",-0.57176354825873,11,"是","Urinary","non-lung infection",0,0,28,"included"
"JinHua_145","JinHua_145_d1","Phagolysosome/autophagy","Survival","D1",1,0,"M2",-0.611921243292887,11,"是","Urinary","non-lung infection",0,0,28,"included"
"JinHua_145","JinHua_145_d1","Type I interferon response","Survival","D1",1,0,"M3",-0.294302144755317,11,"是","Urinary","non-lung infection",0,0,28,"included"
"JinHua_145","JinHua_145_d1","Ribosome biogenesis","Survival","D1",1,0,"M4",0.62197357894628,11,"是","Urinary","non-lung infection",0,0,28,"included"
"JinHua_146","JinHua_146_d1","PRR/TLR/TNF/NF-kB signaling","Survival","D1",1,0,"M1",-0.347464252814223,27,"是","Others/Unknown","non-lung infection",0,0,28,"included"
"JinHua_146","JinHua_146_d1","Phagolysosome/autophagy","Survival","D1",1,0,"M2",-0.430161163159996,27,"是","Others/Unknown","non-lung infection",0,0,28,"included"
"JinHua_146","JinHua_146_d1","Type I interferon response","Survival","D1",1,0,"M3",-0.373754212874027,27,"是","Others/Unknown","non-lung infection",0,0,28,"included"
"JinHua_146","JinHua_146_d1","Ribosome biogenesis","Survival","D1",1,0,"M4",-0.0367164067571514,27,"是","Others/Unknown","non-lung infection",0,0,28,"included"
"JinHua_147","JinHua_147_d1","PRR/TLR/TNF/NF-kB signaling","Survival","D1",1,0,"M1",0.428368421118414,21,"是","Lung/Chest","lung infection",0,0,28,"included"
"JinHua_147","JinHua_147_d1","Phagolysosome/autophagy","Survival","D1",1,0,"M2",0.48538669896523,21,"是","Lung/Chest","lung infection",0,0,28,"included"
"JinHua_147","JinHua_147_d1","Type I interferon response","Survival","D1",1,0,"M3",0.322015913708707,21,"是","Lung/Chest","lung infection",0,0,28,"included"
"JinHua_147","JinHua_147_d1","Ribosome biogenesis","Survival","D1",1,0,"M4",-0.479630122823668,21,"是","Lung/Chest","lung infection",0,0,28,"included"
"JinHua_148","JinHua_148_d1","PRR/TLR/TNF/NF-kB signaling","Survival","D1",1,0,"M1",0.480561686991862,13,"是","Intestine","non-lung infection",0,0,28,"included"
"JinHua_148","JinHua_148_d1","Phagolysosome/autophagy","Survival","D1",1,0,"M2",0.483350835974897,13,"是","Intestine","non-lung infection",0,0,28,"included"
"JinHua_148","JinHua_148_d1","Type I interferon response","Survival","D1",1,0,"M3",0.304529842210111,13,"是","Intestine","non-lung infection",0,0,28,"included"
"JinHua_148","JinHua_148_d1","Ribosome biogenesis","Survival","D1",1,0,"M4",-0.357461403579128,13,"是","Intestine","non-lung infection",0,0,28,"included"
"JinHua_149","JinHua_149_d1","PRR/TLR/TNF/NF-kB signaling","Survival","D1",1,0,"M1",0.377074770042038,23,"是","Biliary/Liver","non-lung infection",0,0,28,"included"
"JinHua_149","JinHua_149_d1","Phagolysosome/autophagy","Survival","D1",1,0,"M2",0.508734523272213,23,"是","Biliary/Liver","non-lung infection",0,0,28,"included"
"JinHua_149","JinHua_149_d1","Type I interferon response","Survival","D1",1,0,"M3",0.0644695694205023,23,"是","Biliary/Liver","non-lung infection",0,0,28,"included"
"JinHua_149","JinHua_149_d1","Ribosome biogenesis","Survival","D1",1,0,"M4",0.00155238548924239,23,"是","Biliary/Liver","non-lung infection",0,0,28,"included"
"JinHua_15","JinHua_15_d1","PRR/TLR/TNF/NF-kB signaling","Survival","D1",1,0,"M1",-0.55668042332205,27,"是","Lung/Chest","lung infection",0,0,28,"included"
"JinHua_15","JinHua_15_d1","Phagolysosome/autophagy","Survival","D1",1,0,"M2",-0.563269817835518,27,"是","Lung/Chest","lung infection",0,0,28,"included"
"JinHua_15","JinHua_15_d1","Type I interferon response","Survival","D1",1,0,"M3",-0.537234690974785,27,"是","Lung/Chest","lung infection",0,0,28,"included"
"JinHua_15","JinHua_15_d1","Ribosome biogenesis","Survival","D1",1,0,"M4",0.560790078803377,27,"是","Lung/Chest","lung infection",0,0,28,"included"
"JinHua_150","JinHua_150_d1","PRR/TLR/TNF/NF-kB signaling","Survival","D1",1,0,"M1",0.450604825998519,7,"是","Abdomen","non-lung infection",0,0,28,"included"
"JinHua_150","JinHua_150_d1","Phagolysosome/autophagy","Survival","D1",1,0,"M2",0.403480731316938,7,"是","Abdomen","non-lung infection",0,0,28,"included"
"JinHua_150","JinHua_150_d1","Type I interferon response","Survival","D1",1,0,"M3",0.42932646703141,7,"是","Abdomen","non-lung infection",0,0,28,"included"
"JinHua_150","JinHua_150_d1","Ribosome biogenesis","Survival","D1",1,0,"M4",0.204717514188558,7,"是","Abdomen","non-lung infection",0,0,28,"included"
"JinHua_151","JinHua_151_d1","PRR/TLR/TNF/NF-kB signaling","Survival","D1",1,0,"M1",0.493010478975035,8,"是","Others/Unknown","non-lung infection",0,0,28,"included"
"JinHua_151","JinHua_151_d1","Phagolysosome/autophagy","Survival","D1",1,0,"M2",0.450722093512973,8,"是","Others/Unknown","non-lung infection",0,0,28,"included"
"JinHua_151","JinHua_151_d1","Type I interferon response","Survival","D1",1,0,"M3",0.711285977407459,8,"是","Others/Unknown","non-lung infection",0,0,28,"included"
"JinHua_151","JinHua_151_d1","Ribosome biogenesis","Survival","D1",1,0,"M4",-0.579190473999506,8,"是","Others/Unknown","non-lung infection",0,0,28,"included"
"JinHua_152","JinHua_152_d1","PRR/TLR/TNF/NF-kB signaling","Survival","D1",1,0,"M1",0.414777376802064,12,"是","Lung/Chest","lung infection",0,0,28,"included"
"JinHua_152","JinHua_152_d1","Phagolysosome/autophagy","Survival","D1",1,0,"M2",0.292933918066965,12,"是","Lung/Chest","lung infection",0,0,28,"included"
"JinHua_152","JinHua_152_d1","Type I interferon response","Survival","D1",1,0,"M3",0.563149691208254,12,"是","Lung/Chest","lung infection",0,0,28,"included"
"JinHua_152","JinHua_152_d1","Ribosome biogenesis","Survival","D1",1,0,"M4",0.203145199563176,12,"是","Lung/Chest","lung infection",0,0,28,"included"
"JinHua_153","JinHua_153_d1","PRR/TLR/TNF/NF-kB signaling","Survival","D1",1,0,"M1",0.578859279746575,47,"是","Urinary","non-lung infection",0,0,28,"included"
"JinHua_153","JinHua_153_d1","Phagolysosome/autophagy","Survival","D1",1,0,"M2",0.573291685077801,47,"是","Urinary","non-lung infection",0,0,28,"included"
"JinHua_153","JinHua_153_d1","Type I interferon response","Survival","D1",1,0,"M3",0.602579925099814,47,"是","Urinary","non-lung infection",0,0,28,"included"
"JinHua_153","JinHua_153_d1","Ribosome biogenesis","Survival","D1",1,0,"M4",-0.503143037504441,47,"是","Urinary","non-lung infection",0,0,28,"included"
"JinHua_155","JinHua_155_d1","PRR/TLR/TNF/NF-kB signaling","Survival","D1",1,0,"M1",0.472200535137886,42,"是","Lung/Chest","lung infection",0,0,28,"included"
"JinHua_155","JinHua_155_d1","Phagolysosome/autophagy","Survival","D1",1,0,"M2",0.534636559809679,42,"是","Lung/Chest","lung infection",0,0,28,"included"
"JinHua_155","JinHua_155_d1","Type I interferon response","Survival","D1",1,0,"M3",0.112666327366717,42,"是","Lung/Chest","lung infection",0,0,28,"included"
"JinHua_155","JinHua_155_d1","Ribosome biogenesis","Survival","D1",1,0,"M4",-0.151805566054612,42,"是","Lung/Chest","lung infection",0,0,28,"included"
"JinHua_156","JinHua_156_d1","PRR/TLR/TNF/NF-kB signaling","Mortality","D1",1,0,"M1",0.518274032210606,14,"否","Lung/Chest","lung infection",1,1,14,"included"
"JinHua_156","JinHua_156_d1","Phagolysosome/autophagy","Mortality","D1",1,0,"M2",0.616447831341843,14,"否","Lung/Chest","lung infection",1,1,14,"included"
"JinHua_156","JinHua_156_d1","Type I interferon response","Mortality","D1",1,0,"M3",0.258394251797493,14,"否","Lung/Chest","lung infection",1,1,14,"included"
"JinHua_156","JinHua_156_d1","Ribosome biogenesis","Mortality","D1",1,0,"M4",-0.378087777169304,14,"否","Lung/Chest","lung infection",1,1,14,"included"
"JinHua_157","JinHua_157_d1","PRR/TLR/TNF/NF-kB signaling","Survival","D1",1,0,"M1",0.123955446989112,8,"是","Lung/Chest","lung infection",0,0,28,"included"
"JinHua_157","JinHua_157_d1","Phagolysosome/autophagy","Survival","D1",1,0,"M2",0.185874800800013,8,"是","Lung/Chest","lung infection",0,0,28,"included"
"JinHua_157","JinHua_157_d1","Type I interferon response","Survival","D1",1,0,"M3",0.316654175446227,8,"是","Lung/Chest","lung infection",0,0,28,"included"
"JinHua_157","JinHua_157_d1","Ribosome biogenesis","Survival","D1",1,0,"M4",0.477415778549811,8,"是","Lung/Chest","lung infection",0,0,28,"included"
"JinHua_158","JinHua_158_d1","PRR/TLR/TNF/NF-kB signaling","Survival","D1",1,0,"M1",-0.0822022251153743,14,"是","Urinary","non-lung infection",0,0,28,"included"
"JinHua_158","JinHua_158_d1","Phagolysosome/autophagy","Survival","D1",1,0,"M2",-0.337012110697886,14,"是","Urinary","non-lung infection",0,0,28,"included"
"JinHua_158","JinHua_158_d1","Type I interferon response","Survival","D1",1,0,"M3",0.132825285385099,14,"是","Urinary","non-lung infection",0,0,28,"included"
"JinHua_158","JinHua_158_d1","Ribosome biogenesis","Survival","D1",1,0,"M4",0.57460130884123,14,"是","Urinary","non-lung infection",0,0,28,"included"
"JinHua_159","JinHua_159_d1","PRR/TLR/TNF/NF-kB signaling","Survival","D1",1,0,"M1",-0.210244789179048,7,"是","Lung/Chest","lung infection",0,0,28,"included"
"JinHua_159","JinHua_159_d1","Phagolysosome/autophagy","Survival","D1",1,0,"M2",-0.297087003564468,7,"是","Lung/Chest","lung infection",0,0,28,"included"
"JinHua_159","JinHua_159_d1","Type I interferon response","Survival","D1",1,0,"M3",-0.228559267682378,7,"是","Lung/Chest","lung infection",0,0,28,"included"
"JinHua_159","JinHua_159_d1","Ribosome biogenesis","Survival","D1",1,0,"M4",0.00761972225220586,7,"是","Lung/Chest","lung infection",0,0,28,"included"
"JinHua_16","JinHua_16_d1","PRR/TLR/TNF/NF-kB signaling","Survival","D1",1,0,"M1",0.0843099263611184,58,"是","Abdomen","non-lung infection",0,0,28,"included"
"JinHua_16","JinHua_16_d1","Phagolysosome/autophagy","Survival","D1",1,0,"M2",0.230114156638822,58,"是","Abdomen","non-lung infection",0,0,28,"included"
"JinHua_16","JinHua_16_d1","Type I interferon response","Survival","D1",1,0,"M3",-0.144881019786341,58,"是","Abdomen","non-lung infection",0,0,28,"included"
"JinHua_16","JinHua_16_d1","Ribosome biogenesis","Survival","D1",1,0,"M4",-0.530711149277682,58,"是","Abdomen","non-lung infection",0,0,28,"included"
"JinHua_160","JinHua_160_d1","PRR/TLR/TNF/NF-kB signaling","Survival","D1",1,0,"M1",-0.61198403483117,7,"是","Biliary/Liver","non-lung infection",0,0,28,"included"
"JinHua_160","JinHua_160_d1","Phagolysosome/autophagy","Survival","D1",1,0,"M2",-0.668429260790887,7,"是","Biliary/Liver","non-lung infection",0,0,28,"included"
"JinHua_160","JinHua_160_d1","Type I interferon response","Survival","D1",1,0,"M3",-0.672514063815188,7,"是","Biliary/Liver","non-lung infection",0,0,28,"included"
"JinHua_160","JinHua_160_d1","Ribosome biogenesis","Survival","D1",1,0,"M4",0.617531285022676,7,"是","Biliary/Liver","non-lung infection",0,0,28,"included"
"JinHua_161","JinHua_161_d1","PRR/TLR/TNF/NF-kB signaling","Survival","D1",1,0,"M1",-0.241109698032951,10,"是","Lung/Chest","lung infection",0,0,28,"included"
"JinHua_161","JinHua_161_d1","Phagolysosome/autophagy","Survival","D1",1,0,"M2",-0.333929363216582,10,"是","Lung/Chest","lung infection",0,0,28,"included"
"JinHua_161","JinHua_161_d1","Type I interferon response","Survival","D1",1,0,"M3",0.3957084724935,10,"是","Lung/Chest","lung infection",0,0,28,"included"
"JinHua_161","JinHua_161_d1","Ribosome biogenesis","Survival","D1",1,0,"M4",0.261101564415702,10,"是","Lung/Chest","lung infection",0,0,28,"included"
"JinHua_162","JinHua_162_d1","PRR/TLR/TNF/NF-kB signaling","Survival","D1",1,0,"M1",0.374877658314244,35,"是","Biliary/Liver","non-lung infection",0,0,28,"included"
"JinHua_162","JinHua_162_d1","Phagolysosome/autophagy","Survival","D1",1,0,"M2",0.390639883729667,35,"是","Biliary/Liver","non-lung infection",0,0,28,"included"
"JinHua_162","JinHua_162_d1","Type I interferon response","Survival","D1",1,0,"M3",0.310290121503693,35,"是","Biliary/Liver","non-lung infection",0,0,28,"included"
"JinHua_162","JinHua_162_d1","Ribosome biogenesis","Survival","D1",1,0,"M4",0.365990567311895,35,"是","Biliary/Liver","non-lung infection",0,0,28,"included"
"JinHua_163","JinHua_163_d1","PRR/TLR/TNF/NF-kB signaling","Survival","D1",1,0,"M1",0.428031752062304,14,"是","Biliary/Liver","non-lung infection",0,0,28,"included"
"JinHua_163","JinHua_163_d1","Phagolysosome/autophagy","Survival","D1",1,0,"M2",0.287717942334037,14,"是","Biliary/Liver","non-lung infection",0,0,28,"included"
"JinHua_163","JinHua_163_d1","Type I interferon response","Survival","D1",1,0,"M3",0.489667840526679,14,"是","Biliary/Liver","non-lung infection",0,0,28,"included"
"JinHua_163","JinHua_163_d1","Ribosome biogenesis","Survival","D1",1,0,"M4",-0.3137394890135,14,"是","Biliary/Liver","non-lung infection",0,0,28,"included"
"JinHua_165","JinHua_165_d1","PRR/TLR/TNF/NF-kB signaling","Survival","D1",1,0,"M1",-0.494202254546133,11,"是","SoftTissue","non-lung infection",0,0,28,"included"
"JinHua_165","JinHua_165_d1","Phagolysosome/autophagy","Survival","D1",1,0,"M2",-0.42216449820213,11,"是","SoftTissue","non-lung infection",0,0,28,"included"
"JinHua_165","JinHua_165_d1","Type I interferon response","Survival","D1",1,0,"M3",-0.319510195618907,11,"是","SoftTissue","non-lung infection",0,0,28,"included"
"JinHua_165","JinHua_165_d1","Ribosome biogenesis","Survival","D1",1,0,"M4",0.544551355213438,11,"是","SoftTissue","non-lung infection",0,0,28,"included"
"JinHua_166","JinHua_166_d1","PRR/TLR/TNF/NF-kB signaling","Survival","D1",1,0,"M1",0.244979627257324,30,"是","Lung/Chest","lung infection",0,0,28,"included"
"JinHua_166","JinHua_166_d1","Phagolysosome/autophagy","Survival","D1",1,0,"M2",0.401731837706733,30,"是","Lung/Chest","lung infection",0,0,28,"included"
"JinHua_166","JinHua_166_d1","Type I interferon response","Survival","D1",1,0,"M3",0.00965719755494077,30,"是","Lung/Chest","lung infection",0,0,28,"included"
"JinHua_166","JinHua_166_d1","Ribosome biogenesis","Survival","D1",1,0,"M4",-0.290327892986639,30,"是","Lung/Chest","lung infection",0,0,28,"included"
"JinHua_167","JinHua_167_d1","PRR/TLR/TNF/NF-kB signaling","Survival","D1",1,0,"M1",0.477002921473838,7,"是","Lung/Chest","lung infection",0,0,28,"included"
"JinHua_167","JinHua_167_d1","Phagolysosome/autophagy","Survival","D1",1,0,"M2",0.518186475952017,7,"是","Lung/Chest","lung infection",0,0,28,"included"
"JinHua_167","JinHua_167_d1","Type I interferon response","Survival","D1",1,0,"M3",0.304782013503392,7,"是","Lung/Chest","lung infection",0,0,28,"included"
"JinHua_167","JinHua_167_d1","Ribosome biogenesis","Survival","D1",1,0,"M4",-0.597512166177462,7,"是","Lung/Chest","lung infection",0,0,28,"included"
"JinHua_168","JinHua_168_d1","PRR/TLR/TNF/NF-kB signaling","Survival","D1",1,0,"M1",0.482039834217242,14,"是","Abdomen","non-lung infection",0,0,28,"included"
"JinHua_168","JinHua_168_d1","Phagolysosome/autophagy","Survival","D1",1,0,"M2",0.549076240010883,14,"是","Abdomen","non-lung infection",0,0,28,"included"
"JinHua_168","JinHua_168_d1","Type I interferon response","Survival","D1",1,0,"M3",0.0877149906099844,14,"是","Abdomen","non-lung infection",0,0,28,"included"
"JinHua_168","JinHua_168_d1","Ribosome biogenesis","Survival","D1",1,0,"M4",-0.453945991764316,14,"是","Abdomen","non-lung infection",0,0,28,"included"
"JinHua_169","JinHua_169_d1","PRR/TLR/TNF/NF-kB signaling","Survival","D1",1,0,"M1",0.0757643150503084,5,"是","Abdomen","non-lung infection",0,0,28,"included"
"JinHua_169","JinHua_169_d1","Phagolysosome/autophagy","Survival","D1",1,0,"M2",0.00519412699217575,5,"是","Abdomen","non-lung infection",0,0,28,"included"
"JinHua_169","JinHua_169_d1","Type I interferon response","Survival","D1",1,0,"M3",0.289049379027213,5,"是","Abdomen","non-lung infection",0,0,28,"included"
"JinHua_169","JinHua_169_d1","Ribosome biogenesis","Survival","D1",1,0,"M4",0.553989534035406,5,"是","Abdomen","non-lung infection",0,0,28,"included"
"JinHua_17","JinHua_17_d1","PRR/TLR/TNF/NF-kB signaling","Survival","D1",1,0,"M1",-0.464941497586082,22,"是","Abdomen","non-lung infection",0,0,28,"included"
"JinHua_17","JinHua_17_d1","Phagolysosome/autophagy","Survival","D1",1,0,"M2",-0.430661522209257,22,"是","Abdomen","non-lung infection",0,0,28,"included"
"JinHua_17","JinHua_17_d1","Type I interferon response","Survival","D1",1,0,"M3",-0.419220897168251,22,"是","Abdomen","non-lung infection",0,0,28,"included"
"JinHua_17","JinHua_17_d1","Ribosome biogenesis","Survival","D1",1,0,"M4",0.583134966664783,22,"是","Abdomen","non-lung infection",0,0,28,"included"
"JinHua_170","JinHua_170_d1","PRR/TLR/TNF/NF-kB signaling","Mortality","D1",1,0,"M1",-0.141979151876834,6,"否","Lung/Chest","lung infection",1,1,6,"included"
"JinHua_170","JinHua_170_d1","Phagolysosome/autophagy","Mortality","D1",1,0,"M2",-0.192324465433583,6,"否","Lung/Chest","lung infection",1,1,6,"included"
"JinHua_170","JinHua_170_d1","Type I interferon response","Mortality","D1",1,0,"M3",-0.0752595863482653,6,"否","Lung/Chest","lung infection",1,1,6,"included"
"JinHua_170","JinHua_170_d1","Ribosome biogenesis","Mortality","D1",1,0,"M4",-0.387189424692598,6,"否","Lung/Chest","lung infection",1,1,6,"included"
"JinHua_171","JinHua_171_d1","PRR/TLR/TNF/NF-kB signaling","Survival","D1",1,0,"M1",0.401823901761669,20,"是","Biliary/Liver","non-lung infection",0,0,28,"included"
"JinHua_171","JinHua_171_d1","Phagolysosome/autophagy","Survival","D1",1,0,"M2",0.507452207177368,20,"是","Biliary/Liver","non-lung infection",0,0,28,"included"
"JinHua_171","JinHua_171_d1","Type I interferon response","Survival","D1",1,0,"M3",0.105939810209063,20,"是","Biliary/Liver","non-lung infection",0,0,28,"included"
"JinHua_171","JinHua_171_d1","Ribosome biogenesis","Survival","D1",1,0,"M4",0.133191644488023,20,"是","Biliary/Liver","non-lung infection",0,0,28,"included"
"JinHua_172","JinHua_172_d1","PRR/TLR/TNF/NF-kB signaling","Survival","D1",1,0,"M1",0.542588743625525,29,"是","Biliary/Liver","non-lung infection",0,0,28,"included"
"JinHua_172","JinHua_172_d1","Phagolysosome/autophagy","Survival","D1",1,0,"M2",0.423428865921665,29,"是","Biliary/Liver","non-lung infection",0,0,28,"included"
"JinHua_172","JinHua_172_d1","Type I interferon response","Survival","D1",1,0,"M3",0.345493737624212,29,"是","Biliary/Liver","non-lung infection",0,0,28,"included"
"JinHua_172","JinHua_172_d1","Ribosome biogenesis","Survival","D1",1,0,"M4",-0.401077019526125,29,"是","Biliary/Liver","non-lung infection",0,0,28,"included"
"JinHua_173","JinHua_173_d1","PRR/TLR/TNF/NF-kB signaling","Mortality","D1",1,0,"M1",0.18483454517201,4,"否","Lung/Chest","lung infection",1,1,4,"included"
"JinHua_173","JinHua_173_d1","Phagolysosome/autophagy","Mortality","D1",1,0,"M2",0.087884120083015,4,"否","Lung/Chest","lung infection",1,1,4,"included"
"JinHua_173","JinHua_173_d1","Type I interferon response","Mortality","D1",1,0,"M3",-0.0793522367644344,4,"否","Lung/Chest","lung infection",1,1,4,"included"
"JinHua_173","JinHua_173_d1","Ribosome biogenesis","Mortality","D1",1,0,"M4",0.367448356944705,4,"否","Lung/Chest","lung infection",1,1,4,"included"
"JinHua_174","JinHua_174_d1","PRR/TLR/TNF/NF-kB signaling","Survival","D1",1,0,"M1",0.345400101668099,30,"是","Biliary/Liver","non-lung infection",0,0,28,"included"
"JinHua_174","JinHua_174_d1","Phagolysosome/autophagy","Survival","D1",1,0,"M2",0.172917858495493,30,"是","Biliary/Liver","non-lung infection",0,0,28,"included"
"JinHua_174","JinHua_174_d1","Type I interferon response","Survival","D1",1,0,"M3",-0.0670844309789609,30,"是","Biliary/Liver","non-lung infection",0,0,28,"included"
"JinHua_174","JinHua_174_d1","Ribosome biogenesis","Survival","D1",1,0,"M4",-0.457090215057211,30,"是","Biliary/Liver","non-lung infection",0,0,28,"included"
"JinHua_175","JinHua_175_d1","PRR/TLR/TNF/NF-kB signaling","Survival","D1",1,0,"M1",0.374158004673599,14,"是","Intestine","non-lung infection",0,0,28,"included"
"JinHua_175","JinHua_175_d1","Phagolysosome/autophagy","Survival","D1",1,0,"M2",0.459139289589596,14,"是","Intestine","non-lung infection",0,0,28,"included"
"JinHua_175","JinHua_175_d1","Type I interferon response","Survival","D1",1,0,"M3",0.199727409954097,14,"是","Intestine","non-lung infection",0,0,28,"included"
"JinHua_175","JinHua_175_d1","Ribosome biogenesis","Survival","D1",1,0,"M4",0.292778589467503,14,"是","Intestine","non-lung infection",0,0,28,"included"
"JinHua_176","JinHua_176_d1","PRR/TLR/TNF/NF-kB signaling","Survival","D1",1,0,"M1",0.460406226187656,53,"是","Others/Unknown","non-lung infection",0,0,28,"included"
"JinHua_176","JinHua_176_d1","Phagolysosome/autophagy","Survival","D1",1,0,"M2",0.184327120778895,53,"是","Others/Unknown","non-lung infection",0,0,28,"included"
"JinHua_176","JinHua_176_d1","Type I interferon response","Survival","D1",1,0,"M3",0.525011338771457,53,"是","Others/Unknown","non-lung infection",0,0,28,"included"
"JinHua_176","JinHua_176_d1","Ribosome biogenesis","Survival","D1",1,0,"M4",-0.59332748086672,53,"是","Others/Unknown","non-lung infection",0,0,28,"included"
"JinHua_177","JinHua_177_d1","PRR/TLR/TNF/NF-kB signaling","Survival","D1",1,0,"M1",-0.14088106255968,26,"是","Lung/Chest","lung infection",0,0,28,"included"
"JinHua_177","JinHua_177_d1","Phagolysosome/autophagy","Survival","D1",1,0,"M2",-0.365946208227384,26,"是","Lung/Chest","lung infection",0,0,28,"included"
"JinHua_177","JinHua_177_d1","Type I interferon response","Survival","D1",1,0,"M3",0.204591880440519,26,"是","Lung/Chest","lung infection",0,0,28,"included"
"JinHua_177","JinHua_177_d1","Ribosome biogenesis","Survival","D1",1,0,"M4",0.754082217435562,26,"是","Lung/Chest","lung infection",0,0,28,"included"
"JinHua_178","JinHua_178_d1","PRR/TLR/TNF/NF-kB signaling","Survival","D1",1,0,"M1",0.417059413294712,15,"是","Lung/Chest","lung infection",0,0,28,"included"
"JinHua_178","JinHua_178_d1","Phagolysosome/autophagy","Survival","D1",1,0,"M2",0.197765673579613,15,"是","Lung/Chest","lung infection",0,0,28,"included"
"JinHua_178","JinHua_178_d1","Type I interferon response","Survival","D1",1,0,"M3",0.0428453335387091,15,"是","Lung/Chest","lung infection",0,0,28,"included"
"JinHua_178","JinHua_178_d1","Ribosome biogenesis","Survival","D1",1,0,"M4",-0.313775252015089,15,"是","Lung/Chest","lung infection",0,0,28,"included"
"JinHua_179","JinHua_179_d1","PRR/TLR/TNF/NF-kB signaling","Mortality","D1",1,0,"M1",0.612256292042187,14,"否","Lung/Chest","lung infection",1,1,14,"included"
"JinHua_179","JinHua_179_d1","Phagolysosome/autophagy","Mortality","D1",1,0,"M2",0.610644331214823,14,"否","Lung/Chest","lung infection",1,1,14,"included"
"JinHua_179","JinHua_179_d1","Type I interferon response","Mortality","D1",1,0,"M3",0.309442379033259,14,"否","Lung/Chest","lung infection",1,1,14,"included"
"JinHua_179","JinHua_179_d1","Ribosome biogenesis","Mortality","D1",1,0,"M4",-0.653552037362718,14,"否","Lung/Chest","lung infection",1,1,14,"included"
"JinHua_18","JinHua_18_d1","PRR/TLR/TNF/NF-kB signaling","Mortality","D1",1,0,"M1",0.147953572332711,46,"否","Abdomen","non-lung infection",1,0,28,"included"
"JinHua_18","JinHua_18_d1","Phagolysosome/autophagy","Mortality","D1",1,0,"M2",0.142062818928712,46,"否","Abdomen","non-lung infection",1,0,28,"included"
"JinHua_18","JinHua_18_d1","Type I interferon response","Mortality","D1",1,0,"M3",0.0390969611271889,46,"否","Abdomen","non-lung infection",1,0,28,"included"
"JinHua_18","JinHua_18_d1","Ribosome biogenesis","Mortality","D1",1,0,"M4",0.111307660004887,46,"否","Abdomen","non-lung infection",1,0,28,"included"
"JinHua_180","JinHua_180_d1","PRR/TLR/TNF/NF-kB signaling","Survival","D1",1,0,"M1",0.525160896290434,17,"是","Others/Unknown","non-lung infection",0,0,28,"included"
"JinHua_180","JinHua_180_d1","Phagolysosome/autophagy","Survival","D1",1,0,"M2",0.616986320356656,17,"是","Others/Unknown","non-lung infection",0,0,28,"included"
"JinHua_180","JinHua_180_d1","Type I interferon response","Survival","D1",1,0,"M3",0.0782184849978921,17,"是","Others/Unknown","non-lung infection",0,0,28,"included"
"JinHua_180","JinHua_180_d1","Ribosome biogenesis","Survival","D1",1,0,"M4",-0.501083110361125,17,"是","Others/Unknown","non-lung infection",0,0,28,"included"
"JinHua_181","JinHua_181_d1","PRR/TLR/TNF/NF-kB signaling","Survival","D1",1,0,"M1",0.503190701245535,7,"是","Others/Unknown","non-lung infection",0,0,28,"included"
"JinHua_181","JinHua_181_d1","Phagolysosome/autophagy","Survival","D1",1,0,"M2",0.419887316708158,7,"是","Others/Unknown","non-lung infection",0,0,28,"included"
"JinHua_181","JinHua_181_d1","Type I interferon response","Survival","D1",1,0,"M3",0.327738185765897,7,"是","Others/Unknown","non-lung infection",0,0,28,"included"
"JinHua_181","JinHua_181_d1","Ribosome biogenesis","Survival","D1",1,0,"M4",-0.464981419645658,7,"是","Others/Unknown","non-lung infection",0,0,28,"included"
"JinHua_182","JinHua_182_d1","PRR/TLR/TNF/NF-kB signaling","Survival","D1",1,0,"M1",0.59963760181702,18,"是","Abdomen","non-lung infection",0,0,28,"included"
"JinHua_182","JinHua_182_d1","Phagolysosome/autophagy","Survival","D1",1,0,"M2",0.663559124736683,18,"是","Abdomen","non-lung infection",0,0,28,"included"
"JinHua_182","JinHua_182_d1","Type I interferon response","Survival","D1",1,0,"M3",0.11736865056329,18,"是","Abdomen","non-lung infection",0,0,28,"included"
"JinHua_182","JinHua_182_d1","Ribosome biogenesis","Survival","D1",1,0,"M4",-0.552483938213605,18,"是","Abdomen","non-lung infection",0,0,28,"included"
"JinHua_183","JinHua_183_d1","PRR/TLR/TNF/NF-kB signaling","Survival","D1",1,0,"M1",0.350396481496589,7,"是","Urinary","non-lung infection",0,0,28,"included"
"JinHua_183","JinHua_183_d1","Phagolysosome/autophagy","Survival","D1",1,0,"M2",0.515472933873576,7,"是","Urinary","non-lung infection",0,0,28,"included"
"JinHua_183","JinHua_183_d1","Type I interferon response","Survival","D1",1,0,"M3",-0.232319240585482,7,"是","Urinary","non-lung infection",0,0,28,"included"
"JinHua_183","JinHua_183_d1","Ribosome biogenesis","Survival","D1",1,0,"M4",-0.441834435220285,7,"是","Urinary","non-lung infection",0,0,28,"included"
"JinHua_184","JinHua_184_d1","PRR/TLR/TNF/NF-kB signaling","Survival","D1",1,0,"M1",0.588409489369028,59,"是","Abdomen","non-lung infection",0,0,28,"included"
"JinHua_184","JinHua_184_d1","Phagolysosome/autophagy","Survival","D1",1,0,"M2",0.578329575295074,59,"是","Abdomen","non-lung infection",0,0,28,"included"
"JinHua_184","JinHua_184_d1","Type I interferon response","Survival","D1",1,0,"M3",0.465486299120671,59,"是","Abdomen","non-lung infection",0,0,28,"included"
"JinHua_184","JinHua_184_d1","Ribosome biogenesis","Survival","D1",1,0,"M4",-0.263685265611536,59,"是","Abdomen","non-lung infection",0,0,28,"included"
"JinHua_185","JinHua_185_d1","PRR/TLR/TNF/NF-kB signaling","Survival","D1",1,0,"M1",-0.509265978918791,13,"是","Lung/Chest","lung infection",0,0,28,"included"
"JinHua_185","JinHua_185_d1","Phagolysosome/autophagy","Survival","D1",1,0,"M2",-0.503492495178934,13,"是","Lung/Chest","lung infection",0,0,28,"included"
"JinHua_185","JinHua_185_d1","Type I interferon response","Survival","D1",1,0,"M3",-0.519039707305547,13,"是","Lung/Chest","lung infection",0,0,28,"included"
"JinHua_185","JinHua_185_d1","Ribosome biogenesis","Survival","D1",1,0,"M4",0.560527894224515,13,"是","Lung/Chest","lung infection",0,0,28,"included"
"JinHua_186","JinHua_186_d1","PRR/TLR/TNF/NF-kB signaling","Survival","D1",1,0,"M1",0.37074129432843,4,"是","Abdomen","non-lung infection",0,0,28,"included"
"JinHua_186","JinHua_186_d1","Phagolysosome/autophagy","Survival","D1",1,0,"M2",0.487819219383668,4,"是","Abdomen","non-lung infection",0,0,28,"included"
"JinHua_186","JinHua_186_d1","Type I interferon response","Survival","D1",1,0,"M3",0.122840944304877,4,"是","Abdomen","non-lung infection",0,0,28,"included"
"JinHua_186","JinHua_186_d1","Ribosome biogenesis","Survival","D1",1,0,"M4",0.0839954237211096,4,"是","Abdomen","non-lung infection",0,0,28,"included"
"JinHua_187","JinHua_187_d1","PRR/TLR/TNF/NF-kB signaling","Survival","D1",1,0,"M1",0.496020599701258,1,"是","Lung/Chest","lung infection",0,0,28,"included"
"JinHua_187","JinHua_187_d1","Phagolysosome/autophagy","Survival","D1",1,0,"M2",0.547702504447051,1,"是","Lung/Chest","lung infection",0,0,28,"included"
"JinHua_187","JinHua_187_d1","Type I interferon response","Survival","D1",1,0,"M3",0.0541975622916125,1,"是","Lung/Chest","lung infection",0,0,28,"included"
"JinHua_187","JinHua_187_d1","Ribosome biogenesis","Survival","D1",1,0,"M4",-0.437138217323312,1,"是","Lung/Chest","lung infection",0,0,28,"included"
"JinHua_188","JinHua_188_d1","PRR/TLR/TNF/NF-kB signaling","Survival","D1",1,0,"M1",0.547142926963905,11,"是","Lung/Chest","lung infection",0,0,28,"included"
"JinHua_188","JinHua_188_d1","Phagolysosome/autophagy","Survival","D1",1,0,"M2",0.484549601222042,11,"是","Lung/Chest","lung infection",0,0,28,"included"
"JinHua_188","JinHua_188_d1","Type I interferon response","Survival","D1",1,0,"M3",0.19474982586676,11,"是","Lung/Chest","lung infection",0,0,28,"included"
"JinHua_188","JinHua_188_d1","Ribosome biogenesis","Survival","D1",1,0,"M4",-0.531036869011778,11,"是","Lung/Chest","lung infection",0,0,28,"included"
"JinHua_189","JinHua_189_d1","PRR/TLR/TNF/NF-kB signaling","Survival","D1",1,0,"M1",0.262265984137638,24,"是","Lung/Chest","lung infection",0,0,28,"included"
"JinHua_189","JinHua_189_d1","Phagolysosome/autophagy","Survival","D1",1,0,"M2",0.0972039305888479,24,"是","Lung/Chest","lung infection",0,0,28,"included"
"JinHua_189","JinHua_189_d1","Type I interferon response","Survival","D1",1,0,"M3",0.487753039155393,24,"是","Lung/Chest","lung infection",0,0,28,"included"
"JinHua_189","JinHua_189_d1","Ribosome biogenesis","Survival","D1",1,0,"M4",-0.158592927741224,24,"是","Lung/Chest","lung infection",0,0,28,"included"
"JinHua_19","JinHua_19_d1","PRR/TLR/TNF/NF-kB signaling","Survival","D1",1,0,"M1",-0.0559251876257285,8,"是","Lung/Chest","lung infection",0,0,28,"included"
"JinHua_19","JinHua_19_d1","Phagolysosome/autophagy","Survival","D1",1,0,"M2",-0.0744370250691136,8,"是","Lung/Chest","lung infection",0,0,28,"included"
"JinHua_19","JinHua_19_d1","Type I interferon response","Survival","D1",1,0,"M3",-0.1657732279439,8,"是","Lung/Chest","lung infection",0,0,28,"included"
"JinHua_19","JinHua_19_d1","Ribosome biogenesis","Survival","D1",1,0,"M4",-0.361663573293147,8,"是","Lung/Chest","lung infection",0,0,28,"included"
"JinHua_190","JinHua_190_d1","PRR/TLR/TNF/NF-kB signaling","Survival","D1",1,0,"M1",-0.593327778708931,14,"是","Lung/Chest","lung infection",0,0,28,"included"
"JinHua_190","JinHua_190_d1","Phagolysosome/autophagy","Survival","D1",1,0,"M2",-0.564075799469192,14,"是","Lung/Chest","lung infection",0,0,28,"included"
"JinHua_190","JinHua_190_d1","Type I interferon response","Survival","D1",1,0,"M3",-0.413553244315322,14,"是","Lung/Chest","lung infection",0,0,28,"included"
"JinHua_190","JinHua_190_d1","Ribosome biogenesis","Survival","D1",1,0,"M4",0.660943495980954,14,"是","Lung/Chest","lung infection",0,0,28,"included"
"JinHua_191","JinHua_191_d1","PRR/TLR/TNF/NF-kB signaling","Survival","D1",1,0,"M1",-0.552208807051919,20,"是","Lung/Chest","lung infection",0,0,28,"included"
"JinHua_191","JinHua_191_d1","Phagolysosome/autophagy","Survival","D1",1,0,"M2",-0.589484764738473,20,"是","Lung/Chest","lung infection",0,0,28,"included"
"JinHua_191","JinHua_191_d1","Type I interferon response","Survival","D1",1,0,"M3",-0.0466308592706654,20,"是","Lung/Chest","lung infection",0,0,28,"included"
"JinHua_191","JinHua_191_d1","Ribosome biogenesis","Survival","D1",1,0,"M4",0.733105944663576,20,"是","Lung/Chest","lung infection",0,0,28,"included"
"JinHua_192","JinHua_192_d1","PRR/TLR/TNF/NF-kB signaling","Survival","D1",1,0,"M1",0.494898905454019,5,"是","Urinary","non-lung infection",0,0,28,"included"
"JinHua_192","JinHua_192_d1","Phagolysosome/autophagy","Survival","D1",1,0,"M2",0.495431637585941,5,"是","Urinary","non-lung infection",0,0,28,"included"
"JinHua_192","JinHua_192_d1","Type I interferon response","Survival","D1",1,0,"M3",0.388223628126268,5,"是","Urinary","non-lung infection",0,0,28,"included"
"JinHua_192","JinHua_192_d1","Ribosome biogenesis","Survival","D1",1,0,"M4",-0.274651795105999,5,"是","Urinary","non-lung infection",0,0,28,"included"
"JinHua_193","JinHua_193_d1","PRR/TLR/TNF/NF-kB signaling","Survival","D1",1,0,"M1",0.0367010103512135,8,"是","Abdomen","non-lung infection",0,0,28,"included"
"JinHua_193","JinHua_193_d1","Phagolysosome/autophagy","Survival","D1",1,0,"M2",0.286774338215771,8,"是","Abdomen","non-lung infection",0,0,28,"included"
"JinHua_193","JinHua_193_d1","Type I interferon response","Survival","D1",1,0,"M3",-0.0394084412801138,8,"是","Abdomen","non-lung infection",0,0,28,"included"
"JinHua_193","JinHua_193_d1","Ribosome biogenesis","Survival","D1",1,0,"M4",0.422368004083802,8,"是","Abdomen","non-lung infection",0,0,28,"included"
"JinHua_194","JinHua_194_d1","PRR/TLR/TNF/NF-kB signaling","Survival","D1",1,0,"M1",0.555090750966872,43,"是","Lung/Chest","lung infection",0,0,28,"included"
"JinHua_194","JinHua_194_d1","Phagolysosome/autophagy","Survival","D1",1,0,"M2",0.605958116826795,43,"是","Lung/Chest","lung infection",0,0,28,"included"
"JinHua_194","JinHua_194_d1","Type I interferon response","Survival","D1",1,0,"M3",0.392225273800596,43,"是","Lung/Chest","lung infection",0,0,28,"included"
"JinHua_194","JinHua_194_d1","Ribosome biogenesis","Survival","D1",1,0,"M4",-0.108698274256066,43,"是","Lung/Chest","lung infection",0,0,28,"included"
"JinHua_195","JinHua_195_d1","PRR/TLR/TNF/NF-kB signaling","Survival","D1",1,0,"M1",0.311085974405679,11,"是","Lung/Chest","lung infection",0,0,28,"included"
"JinHua_195","JinHua_195_d1","Phagolysosome/autophagy","Survival","D1",1,0,"M2",0.480504656664694,11,"是","Lung/Chest","lung infection",0,0,28,"included"
"JinHua_195","JinHua_195_d1","Type I interferon response","Survival","D1",1,0,"M3",0.134687329200436,11,"是","Lung/Chest","lung infection",0,0,28,"included"
"JinHua_195","JinHua_195_d1","Ribosome biogenesis","Survival","D1",1,0,"M4",-0.247315036731934,11,"是","Lung/Chest","lung infection",0,0,28,"included"
"JinHua_196","JinHua_196_d1","PRR/TLR/TNF/NF-kB signaling","Mortality","D1",1,0,"M1",0.465862075285761,1,"否","Others/Unknown","non-lung infection",1,1,1,"included"
"JinHua_196","JinHua_196_d1","Phagolysosome/autophagy","Mortality","D1",1,0,"M2",0.0111796155023423,1,"否","Others/Unknown","non-lung infection",1,1,1,"included"
"JinHua_196","JinHua_196_d1","Type I interferon response","Mortality","D1",1,0,"M3",0.538950707517722,1,"否","Others/Unknown","non-lung infection",1,1,1,"included"
"JinHua_196","JinHua_196_d1","Ribosome biogenesis","Mortality","D1",1,0,"M4",0.00347932589085892,1,"否","Others/Unknown","non-lung infection",1,1,1,"included"
"JinHua_197","JinHua_197_d1","PRR/TLR/TNF/NF-kB signaling","Survival","D1",1,0,"M1",0.520280888510346,29,"是","Lung/Chest","lung infection",0,0,28,"included"
"JinHua_197","JinHua_197_d1","Phagolysosome/autophagy","Survival","D1",1,0,"M2",0.519699178848734,29,"是","Lung/Chest","lung infection",0,0,28,"included"
"JinHua_197","JinHua_197_d1","Type I interferon response","Survival","D1",1,0,"M3",0.359436069772071,29,"是","Lung/Chest","lung infection",0,0,28,"included"
"JinHua_197","JinHua_197_d1","Ribosome biogenesis","Survival","D1",1,0,"M4",-0.487749580600419,29,"是","Lung/Chest","lung infection",0,0,28,"included"
"JinHua_198","JinHua_198_d1","PRR/TLR/TNF/NF-kB signaling","Survival","D1",1,0,"M1",0.543441375483675,10,"是","Lung/Chest","lung infection",0,0,28,"included"
"JinHua_198","JinHua_198_d1","Phagolysosome/autophagy","Survival","D1",1,0,"M2",0.604681271049502,10,"是","Lung/Chest","lung infection",0,0,28,"included"
"JinHua_198","JinHua_198_d1","Type I interferon response","Survival","D1",1,0,"M3",0.29176016527785,10,"是","Lung/Chest","lung infection",0,0,28,"included"
"JinHua_198","JinHua_198_d1","Ribosome biogenesis","Survival","D1",1,0,"M4",-0.428484493074283,10,"是","Lung/Chest","lung infection",0,0,28,"included"
"JinHua_199","JinHua_199_d1","PRR/TLR/TNF/NF-kB signaling","Mortality","D1",1,0,"M1",0.495062304132076,25,"否","Lung/Chest","lung infection",1,1,25,"included"
"JinHua_199","JinHua_199_d1","Phagolysosome/autophagy","Mortality","D1",1,0,"M2",0.542690189429683,25,"否","Lung/Chest","lung infection",1,1,25,"included"
"JinHua_199","JinHua_199_d1","Type I interferon response","Mortality","D1",1,0,"M3",0.355831253493782,25,"否","Lung/Chest","lung infection",1,1,25,"included"
"JinHua_199","JinHua_199_d1","Ribosome biogenesis","Mortality","D1",1,0,"M4",-0.634111827843099,25,"否","Lung/Chest","lung infection",1,1,25,"included"
"JinHua_2","JinHua_2_d1","PRR/TLR/TNF/NF-kB signaling","Survival","D1",1,0,"M1",-0.00130140330994188,9,"是","Abdomen","non-lung infection",0,0,28,"included"
"JinHua_2","JinHua_2_d1","Phagolysosome/autophagy","Survival","D1",1,0,"M2",0.130895001772629,9,"是","Abdomen","non-lung infection",0,0,28,"included"
"JinHua_2","JinHua_2_d1","Type I interferon response","Survival","D1",1,0,"M3",-0.0559018129169181,9,"是","Abdomen","non-lung infection",0,0,28,"included"
"JinHua_2","JinHua_2_d1","Ribosome biogenesis","Survival","D1",1,0,"M4",0.4311173582483,9,"是","Abdomen","non-lung infection",0,0,28,"included"
"JinHua_20","JinHua_20_d1","PRR/TLR/TNF/NF-kB signaling","Survival","D1",1,0,"M1",-0.212209331046145,7,"是","Abdomen","non-lung infection",0,0,28,"included"
"JinHua_20","JinHua_20_d1","Phagolysosome/autophagy","Survival","D1",1,0,"M2",-0.168800274484151,7,"是","Abdomen","non-lung infection",0,0,28,"included"
"JinHua_20","JinHua_20_d1","Type I interferon response","Survival","D1",1,0,"M3",0.0405438859846718,7,"是","Abdomen","non-lung infection",0,0,28,"included"
"JinHua_20","JinHua_20_d1","Ribosome biogenesis","Survival","D1",1,0,"M4",-0.192953894791149,7,"是","Abdomen","non-lung infection",0,0,28,"included"
"JinHua_200","JinHua_200_d1","PRR/TLR/TNF/NF-kB signaling","Survival","D1",1,0,"M1",0.282497183885346,11,"是","Lung/Chest","lung infection",0,0,28,"included"
"JinHua_200","JinHua_200_d1","Phagolysosome/autophagy","Survival","D1",1,0,"M2",0.464603710237692,11,"是","Lung/Chest","lung infection",0,0,28,"included"
"JinHua_200","JinHua_200_d1","Type I interferon response","Survival","D1",1,0,"M3",-0.0885928972761765,11,"是","Lung/Chest","lung infection",0,0,28,"included"
"JinHua_200","JinHua_200_d1","Ribosome biogenesis","Survival","D1",1,0,"M4",0.520437159055517,11,"是","Lung/Chest","lung infection",0,0,28,"included"
"JinHua_201","JinHua_201_d1","PRR/TLR/TNF/NF-kB signaling","Survival","D1",1,0,"M1",-0.274768909408942,13,"是","Abdomen","non-lung infection",0,0,28,"included"
"JinHua_201","JinHua_201_d1","Phagolysosome/autophagy","Survival","D1",1,0,"M2",-0.174451085798691,13,"是","Abdomen","non-lung infection",0,0,28,"included"
"JinHua_201","JinHua_201_d1","Type I interferon response","Survival","D1",1,0,"M3",-0.453764730990426,13,"是","Abdomen","non-lung infection",0,0,28,"included"
"JinHua_201","JinHua_201_d1","Ribosome biogenesis","Survival","D1",1,0,"M4",0.209620202323644,13,"是","Abdomen","non-lung infection",0,0,28,"included"
"JinHua_202","JinHua_202_d1","PRR/TLR/TNF/NF-kB signaling","Mortality","D1",1,0,"M1",-0.174142944299753,1,"否","Lung/Chest","lung infection",1,1,1,"included"
"JinHua_202","JinHua_202_d1","Phagolysosome/autophagy","Mortality","D1",1,0,"M2",-0.463236107318412,1,"否","Lung/Chest","lung infection",1,1,1,"included"
"JinHua_202","JinHua_202_d1","Type I interferon response","Mortality","D1",1,0,"M3",0.18716069592826,1,"否","Lung/Chest","lung infection",1,1,1,"included"
"JinHua_202","JinHua_202_d1","Ribosome biogenesis","Mortality","D1",1,0,"M4",0.151330550768124,1,"否","Lung/Chest","lung infection",1,1,1,"included"
"JinHua_203","JinHua_203_d1","PRR/TLR/TNF/NF-kB signaling","Survival","D1",1,0,"M1",-0.53140359556934,7,"是","Others/Unknown","non-lung infection",0,0,28,"included"
"JinHua_203","JinHua_203_d1","Phagolysosome/autophagy","Survival","D1",1,0,"M2",-0.529375579827472,7,"是","Others/Unknown","non-lung infection",0,0,28,"included"
"JinHua_203","JinHua_203_d1","Type I interferon response","Survival","D1",1,0,"M3",-0.426220177320978,7,"是","Others/Unknown","non-lung infection",0,0,28,"included"
"JinHua_203","JinHua_203_d1","Ribosome biogenesis","Survival","D1",1,0,"M4",0.0836949519333168,7,"是","Others/Unknown","non-lung infection",0,0,28,"included"
"JinHua_204","JinHua_204_d1","PRR/TLR/TNF/NF-kB signaling","Survival","D1",1,0,"M1",-0.0353529966011395,16,"是","Others/Unknown","non-lung infection",0,0,28,"included"
"JinHua_204","JinHua_204_d1","Phagolysosome/autophagy","Survival","D1",1,0,"M2",-0.135727784466255,16,"是","Others/Unknown","non-lung infection",0,0,28,"included"
"JinHua_204","JinHua_204_d1","Type I interferon response","Survival","D1",1,0,"M3",-0.144434185296872,16,"是","Others/Unknown","non-lung infection",0,0,28,"included"
"JinHua_204","JinHua_204_d1","Ribosome biogenesis","Survival","D1",1,0,"M4",-0.272892148972064,16,"是","Others/Unknown","non-lung infection",0,0,28,"included"
"JinHua_205","JinHua_205_d1","PRR/TLR/TNF/NF-kB signaling","Survival","D1",1,0,"M1",0.518390628943998,10,"是","Others/Unknown","non-lung infection",0,0,28,"included"
"JinHua_205","JinHua_205_d1","Phagolysosome/autophagy","Survival","D1",1,0,"M2",0.535807848842319,10,"是","Others/Unknown","non-lung infection",0,0,28,"included"
"JinHua_205","JinHua_205_d1","Type I interferon response","Survival","D1",1,0,"M3",0.505774972513255,10,"是","Others/Unknown","non-lung infection",0,0,28,"included"
"JinHua_205","JinHua_205_d1","Ribosome biogenesis","Survival","D1",1,0,"M4",-0.409135529137083,10,"是","Others/Unknown","non-lung infection",0,0,28,"included"
"JinHua_206","JinHua_206_d1","PRR/TLR/TNF/NF-kB signaling","Survival","D1",1,0,"M1",0.566210788417373,9,"是","Lung/Chest","lung infection",0,0,28,"included"
"JinHua_206","JinHua_206_d1","Phagolysosome/autophagy","Survival","D1",1,0,"M2",0.590667954218672,9,"是","Lung/Chest","lung infection",0,0,28,"included"
"JinHua_206","JinHua_206_d1","Type I interferon response","Survival","D1",1,0,"M3",0.530962941974029,9,"是","Lung/Chest","lung infection",0,0,28,"included"
"JinHua_206","JinHua_206_d1","Ribosome biogenesis","Survival","D1",1,0,"M4",-0.32310037219628,9,"是","Lung/Chest","lung infection",0,0,28,"included"
"JinHua_207","JinHua_207_d1","PRR/TLR/TNF/NF-kB signaling","Mortality","D1",1,0,"M1",0.489847322324563,33,"否","Lung/Chest","lung infection",1,0,28,"included"
"JinHua_207","JinHua_207_d1","Phagolysosome/autophagy","Mortality","D1",1,0,"M2",0.533197187456338,33,"否","Lung/Chest","lung infection",1,0,28,"included"
"JinHua_207","JinHua_207_d1","Type I interferon response","Mortality","D1",1,0,"M3",0.0070210281084912,33,"否","Lung/Chest","lung infection",1,0,28,"included"
"JinHua_207","JinHua_207_d1","Ribosome biogenesis","Mortality","D1",1,0,"M4",-0.702948635334444,33,"否","Lung/Chest","lung infection",1,0,28,"included"
"JinHua_208","JinHua_208_d1","PRR/TLR/TNF/NF-kB signaling","Survival","D1",1,0,"M1",-0.305633472914607,20,"是","Lung/Chest","lung infection",0,0,28,"included"
"JinHua_208","JinHua_208_d1","Phagolysosome/autophagy","Survival","D1",1,0,"M2",-0.399753238940603,20,"是","Lung/Chest","lung infection",0,0,28,"included"
"JinHua_208","JinHua_208_d1","Type I interferon response","Survival","D1",1,0,"M3",-0.441908195450521,20,"是","Lung/Chest","lung infection",0,0,28,"included"
"JinHua_208","JinHua_208_d1","Ribosome biogenesis","Survival","D1",1,0,"M4",0.56240415455876,20,"是","Lung/Chest","lung infection",0,0,28,"included"
"JinHua_209","JinHua_209_d1","PRR/TLR/TNF/NF-kB signaling","Survival","D1",1,0,"M1",-0.279785045857821,20,"是","Brain","non-lung infection",0,0,28,"included"
"JinHua_209","JinHua_209_d1","Phagolysosome/autophagy","Survival","D1",1,0,"M2",-0.45713251018504,20,"是","Brain","non-lung infection",0,0,28,"included"
"JinHua_209","JinHua_209_d1","Type I interferon response","Survival","D1",1,0,"M3",0.0757525191067492,20,"是","Brain","non-lung infection",0,0,28,"included"
"JinHua_209","JinHua_209_d1","Ribosome biogenesis","Survival","D1",1,0,"M4",0.0960917965121874,20,"是","Brain","non-lung infection",0,0,28,"included"
"JinHua_21","JinHua_21_d1","PRR/TLR/TNF/NF-kB signaling","Survival","D1",1,0,"M1",-0.372590774502643,15,"是","Abdomen","non-lung infection",0,0,28,"included"
"JinHua_21","JinHua_21_d1","Phagolysosome/autophagy","Survival","D1",1,0,"M2",-0.302851745690054,15,"是","Abdomen","non-lung infection",0,0,28,"included"
"JinHua_21","JinHua_21_d1","Type I interferon response","Survival","D1",1,0,"M3",-0.187556467621606,15,"是","Abdomen","non-lung infection",0,0,28,"included"
"JinHua_21","JinHua_21_d1","Ribosome biogenesis","Survival","D1",1,0,"M4",-0.128680252361254,15,"是","Abdomen","non-lung infection",0,0,28,"included"
"JinHua_210","JinHua_210_d1","PRR/TLR/TNF/NF-kB signaling","Survival","D1",1,0,"M1",0.523507629777381,10,"是","Biliary/Liver","non-lung infection",0,0,28,"included"
"JinHua_210","JinHua_210_d1","Phagolysosome/autophagy","Survival","D1",1,0,"M2",0.523799844828308,10,"是","Biliary/Liver","non-lung infection",0,0,28,"included"
"JinHua_210","JinHua_210_d1","Type I interferon response","Survival","D1",1,0,"M3",0.266780297588873,10,"是","Biliary/Liver","non-lung infection",0,0,28,"included"
"JinHua_210","JinHua_210_d1","Ribosome biogenesis","Survival","D1",1,0,"M4",-0.0517716661434683,10,"是","Biliary/Liver","non-lung infection",0,0,28,"included"
"JinHua_211","JinHua_211_d1","PRR/TLR/TNF/NF-kB signaling","Survival","D1",1,0,"M1",-0.131934653890208,13,"是","Others/Unknown","non-lung infection",0,0,28,"included"
"JinHua_211","JinHua_211_d1","Phagolysosome/autophagy","Survival","D1",1,0,"M2",-0.288943588599652,13,"是","Others/Unknown","non-lung infection",0,0,28,"included"
"JinHua_211","JinHua_211_d1","Type I interferon response","Survival","D1",1,0,"M3",0.31073842562283,13,"是","Others/Unknown","non-lung infection",0,0,28,"included"
"JinHua_211","JinHua_211_d1","Ribosome biogenesis","Survival","D1",1,0,"M4",0.218094149885196,13,"是","Others/Unknown","non-lung infection",0,0,28,"included"
"JinHua_212","JinHua_212_d1","PRR/TLR/TNF/NF-kB signaling","Survival","D1",1,0,"M1",-0.372173296391056,3,"是","Lung/Chest","lung infection",0,0,28,"included"
"JinHua_212","JinHua_212_d1","Phagolysosome/autophagy","Survival","D1",1,0,"M2",-0.48387242050069,3,"是","Lung/Chest","lung infection",0,0,28,"included"
"JinHua_212","JinHua_212_d1","Type I interferon response","Survival","D1",1,0,"M3",-0.326881126748901,3,"是","Lung/Chest","lung infection",0,0,28,"included"
"JinHua_212","JinHua_212_d1","Ribosome biogenesis","Survival","D1",1,0,"M4",0.369288361865847,3,"是","Lung/Chest","lung infection",0,0,28,"included"
"JinHua_213","JinHua_213_d1","PRR/TLR/TNF/NF-kB signaling","Survival","D1",1,0,"M1",-0.35018650974574,14,"是","Lung/Chest","lung infection",0,0,28,"included"
"JinHua_213","JinHua_213_d1","Phagolysosome/autophagy","Survival","D1",1,0,"M2",-0.512015753830102,14,"是","Lung/Chest","lung infection",0,0,28,"included"
"JinHua_213","JinHua_213_d1","Type I interferon response","Survival","D1",1,0,"M3",0.274765129286699,14,"是","Lung/Chest","lung infection",0,0,28,"included"
"JinHua_213","JinHua_213_d1","Ribosome biogenesis","Survival","D1",1,0,"M4",0.665595284443766,14,"是","Lung/Chest","lung infection",0,0,28,"included"
"JinHua_214","JinHua_214_d1","PRR/TLR/TNF/NF-kB signaling","Survival","D1",1,0,"M1",-0.0528537586423746,37,"是","Abdomen","non-lung infection",0,0,28,"included"
"JinHua_214","JinHua_214_d1","Phagolysosome/autophagy","Survival","D1",1,0,"M2",-0.0336204158733476,37,"是","Abdomen","non-lung infection",0,0,28,"included"
"JinHua_214","JinHua_214_d1","Type I interferon response","Survival","D1",1,0,"M3",-0.257013950331661,37,"是","Abdomen","non-lung infection",0,0,28,"included"
"JinHua_214","JinHua_214_d1","Ribosome biogenesis","Survival","D1",1,0,"M4",0.440972698085638,37,"是","Abdomen","non-lung infection",0,0,28,"included"
"JinHua_215","JinHua_215_d1","PRR/TLR/TNF/NF-kB signaling","Survival","D1",1,0,"M1",0.357824955869385,58,"是","Lung/Chest","lung infection",0,0,28,"included"
"JinHua_215","JinHua_215_d1","Phagolysosome/autophagy","Survival","D1",1,0,"M2",0.377584006092039,58,"是","Lung/Chest","lung infection",0,0,28,"included"
"JinHua_215","JinHua_215_d1","Type I interferon response","Survival","D1",1,0,"M3",0.314365730843742,58,"是","Lung/Chest","lung infection",0,0,28,"included"
"JinHua_215","JinHua_215_d1","Ribosome biogenesis","Survival","D1",1,0,"M4",0.00279233701827059,58,"是","Lung/Chest","lung infection",0,0,28,"included"
"JinHua_216","JinHua_216_d1","PRR/TLR/TNF/NF-kB signaling","Survival","D1",1,0,"M1",0.376601513612843,13,"是","Lung/Chest","lung infection",0,0,28,"included"
"JinHua_216","JinHua_216_d1","Phagolysosome/autophagy","Survival","D1",1,0,"M2",0.191020453823732,13,"是","Lung/Chest","lung infection",0,0,28,"included"
"JinHua_216","JinHua_216_d1","Type I interferon response","Survival","D1",1,0,"M3",0.215251572396469,13,"是","Lung/Chest","lung infection",0,0,28,"included"
"JinHua_216","JinHua_216_d1","Ribosome biogenesis","Survival","D1",1,0,"M4",-0.46510569829761,13,"是","Lung/Chest","lung infection",0,0,28,"included"
"JinHua_217","JinHua_217_d1","PRR/TLR/TNF/NF-kB signaling","Survival","D1",1,0,"M1",0.0727141262775757,21,"是","Abdomen","non-lung infection",0,0,28,"included"
"JinHua_217","JinHua_217_d1","Phagolysosome/autophagy","Survival","D1",1,0,"M2",0.260425437704546,21,"是","Abdomen","non-lung infection",0,0,28,"included"
"JinHua_217","JinHua_217_d1","Type I interferon response","Survival","D1",1,0,"M3",-0.420152270048644,21,"是","Abdomen","non-lung infection",0,0,28,"included"
"JinHua_217","JinHua_217_d1","Ribosome biogenesis","Survival","D1",1,0,"M4",0.14998554283253,21,"是","Abdomen","non-lung infection",0,0,28,"included"
"JinHua_218","JinHua_218_d1","PRR/TLR/TNF/NF-kB signaling","Survival","D1",1,0,"M1",0.45723616458606,8,"是","Others/Unknown","non-lung infection",0,0,28,"included"
"JinHua_218","JinHua_218_d1","Phagolysosome/autophagy","Survival","D1",1,0,"M2",0.497210640559736,8,"是","Others/Unknown","non-lung infection",0,0,28,"included"
"JinHua_218","JinHua_218_d1","Type I interferon response","Survival","D1",1,0,"M3",0.132879033373165,8,"是","Others/Unknown","non-lung infection",0,0,28,"included"
"JinHua_218","JinHua_218_d1","Ribosome biogenesis","Survival","D1",1,0,"M4",-0.183068882018012,8,"是","Others/Unknown","non-lung infection",0,0,28,"included"
"JinHua_219","JinHua_219_d1","PRR/TLR/TNF/NF-kB signaling","Survival","D1",1,0,"M1",-0.498284966271614,20,"是","Lung/Chest","lung infection",0,0,28,"included"
"JinHua_219","JinHua_219_d1","Phagolysosome/autophagy","Survival","D1",1,0,"M2",-0.369493093681374,20,"是","Lung/Chest","lung infection",0,0,28,"included"
"JinHua_219","JinHua_219_d1","Type I interferon response","Survival","D1",1,0,"M3",-0.551645402491388,20,"是","Lung/Chest","lung infection",0,0,28,"included"
"JinHua_219","JinHua_219_d1","Ribosome biogenesis","Survival","D1",1,0,"M4",0.467439013831992,20,"是","Lung/Chest","lung infection",0,0,28,"included"
"JinHua_22","JinHua_22_d1","PRR/TLR/TNF/NF-kB signaling","Mortality","D1",1,0,"M1",-0.243963546420546,30,"否","Lung/Chest","lung infection",1,0,28,"included"
"JinHua_22","JinHua_22_d1","Phagolysosome/autophagy","Mortality","D1",1,0,"M2",-0.370020219215738,30,"否","Lung/Chest","lung infection",1,0,28,"included"
"JinHua_22","JinHua_22_d1","Type I interferon response","Mortality","D1",1,0,"M3",-0.183379161617494,30,"否","Lung/Chest","lung infection",1,0,28,"included"
"JinHua_22","JinHua_22_d1","Ribosome biogenesis","Mortality","D1",1,0,"M4",-0.415799614199718,30,"否","Lung/Chest","lung infection",1,0,28,"included"
"JinHua_220","JinHua_220_d1","PRR/TLR/TNF/NF-kB signaling","Survival","D1",1,0,"M1",0.270402954267153,21,"是","Urinary","non-lung infection",0,0,28,"included"
"JinHua_220","JinHua_220_d1","Phagolysosome/autophagy","Survival","D1",1,0,"M2",0.075689595364552,21,"是","Urinary","non-lung infection",0,0,28,"included"
"JinHua_220","JinHua_220_d1","Type I interferon response","Survival","D1",1,0,"M3",-0.0103044050737267,21,"是","Urinary","non-lung infection",0,0,28,"included"
"JinHua_220","JinHua_220_d1","Ribosome biogenesis","Survival","D1",1,0,"M4",-0.506310252544775,21,"是","Urinary","non-lung infection",0,0,28,"included"
"JinHua_221","JinHua_221_d1","PRR/TLR/TNF/NF-kB signaling","Survival","D1",1,0,"M1",0.191678300221312,7,"是","Urinary","non-lung infection",0,0,28,"included"
"JinHua_221","JinHua_221_d1","Phagolysosome/autophagy","Survival","D1",1,0,"M2",0.061008453825475,7,"是","Urinary","non-lung infection",0,0,28,"included"
"JinHua_221","JinHua_221_d1","Type I interferon response","Survival","D1",1,0,"M3",-0.112509964850968,7,"是","Urinary","non-lung infection",0,0,28,"included"
"JinHua_221","JinHua_221_d1","Ribosome biogenesis","Survival","D1",1,0,"M4",-0.474863629671963,7,"是","Urinary","non-lung infection",0,0,28,"included"
"JinHua_222","JinHua_222_d1","PRR/TLR/TNF/NF-kB signaling","Survival","D1",1,0,"M1",0.0927618613493208,10,"是","Lung/Chest","lung infection",0,0,28,"included"
"JinHua_222","JinHua_222_d1","Phagolysosome/autophagy","Survival","D1",1,0,"M2",-0.202933221029844,10,"是","Lung/Chest","lung infection",0,0,28,"included"
"JinHua_222","JinHua_222_d1","Type I interferon response","Survival","D1",1,0,"M3",0.410826860320232,10,"是","Lung/Chest","lung infection",0,0,28,"included"
"JinHua_222","JinHua_222_d1","Ribosome biogenesis","Survival","D1",1,0,"M4",0.297974197408204,10,"是","Lung/Chest","lung infection",0,0,28,"included"
"JinHua_223","JinHua_223_d1","PRR/TLR/TNF/NF-kB signaling","Survival","D1",1,0,"M1",-0.315692145917534,38,"是","Lung/Chest","lung infection",0,0,28,"included"
"JinHua_223","JinHua_223_d1","Phagolysosome/autophagy","Survival","D1",1,0,"M2",-0.303015584431217,38,"是","Lung/Chest","lung infection",0,0,28,"included"
"JinHua_223","JinHua_223_d1","Type I interferon response","Survival","D1",1,0,"M3",-0.428013206986494,38,"是","Lung/Chest","lung infection",0,0,28,"included"
"JinHua_223","JinHua_223_d1","Ribosome biogenesis","Survival","D1",1,0,"M4",0.363224646928305,38,"是","Lung/Chest","lung infection",0,0,28,"included"
"JinHua_224","JinHua_224_d1","PRR/TLR/TNF/NF-kB signaling","Survival","D1",1,0,"M1",-0.335706139025099,23,"是","Lung/Chest","lung infection",0,0,28,"included"
"JinHua_224","JinHua_224_d1","Phagolysosome/autophagy","Survival","D1",1,0,"M2",-0.36100768025638,23,"是","Lung/Chest","lung infection",0,0,28,"included"
"JinHua_224","JinHua_224_d1","Type I interferon response","Survival","D1",1,0,"M3",-0.536136225146719,23,"是","Lung/Chest","lung infection",0,0,28,"included"
"JinHua_224","JinHua_224_d1","Ribosome biogenesis","Survival","D1",1,0,"M4",-0.0347434087301821,23,"是","Lung/Chest","lung infection",0,0,28,"included"
"JinHua_225","JinHua_225_d1","PRR/TLR/TNF/NF-kB signaling","Mortality","D1",1,0,"M1",0.119367046475665,6,"否","Lung/Chest","lung infection",1,1,6,"included"
"JinHua_225","JinHua_225_d1","Phagolysosome/autophagy","Mortality","D1",1,0,"M2",0.172241905053475,6,"否","Lung/Chest","lung infection",1,1,6,"included"
"JinHua_225","JinHua_225_d1","Type I interferon response","Mortality","D1",1,0,"M3",0.180425427616704,6,"否","Lung/Chest","lung infection",1,1,6,"included"
"JinHua_225","JinHua_225_d1","Ribosome biogenesis","Mortality","D1",1,0,"M4",0.493743155719781,6,"否","Lung/Chest","lung infection",1,1,6,"included"
"JinHua_23","JinHua_23_d1","PRR/TLR/TNF/NF-kB signaling","Survival","D1",1,0,"M1",0.0335432538014032,6.30833333333333,"是","Lung/Chest","lung infection",0,0,28,"included"
"JinHua_23","JinHua_23_d1","Phagolysosome/autophagy","Survival","D1",1,0,"M2",0.026005506996965,6.30833333333333,"是","Lung/Chest","lung infection",0,0,28,"included"
"JinHua_23","JinHua_23_d1","Type I interferon response","Survival","D1",1,0,"M3",-0.0892244628696645,6.30833333333333,"是","Lung/Chest","lung infection",0,0,28,"included"
"JinHua_23","JinHua_23_d1","Ribosome biogenesis","Survival","D1",1,0,"M4",-0.633323281471226,6.30833333333333,"是","Lung/Chest","lung infection",0,0,28,"included"
"JinHua_24","JinHua_24_d1","PRR/TLR/TNF/NF-kB signaling","Survival","D1",1,0,"M1",0.0835849112679671,9.81666666666667,"是","Urinary","non-lung infection",0,0,28,"included"
"JinHua_24","JinHua_24_d1","Phagolysosome/autophagy","Survival","D1",1,0,"M2",0.102146972518482,9.81666666666667,"是","Urinary","non-lung infection",0,0,28,"included"
"JinHua_24","JinHua_24_d1","Type I interferon response","Survival","D1",1,0,"M3",-0.00209055071730632,9.81666666666667,"是","Urinary","non-lung infection",0,0,28,"included"
"JinHua_24","JinHua_24_d1","Ribosome biogenesis","Survival","D1",1,0,"M4",-0.544997437295357,9.81666666666667,"是","Urinary","non-lung infection",0,0,28,"included"
"JinHua_25","JinHua_25_d1","PRR/TLR/TNF/NF-kB signaling","Mortality","D1",1,0,"M1",0.0695357178750499,26.3972222222222,"否","Lung/Chest","lung infection",1,1,26.3972222222222,"included"
"JinHua_25","JinHua_25_d1","Phagolysosome/autophagy","Mortality","D1",1,0,"M2",0.128086718568226,26.3972222222222,"否","Lung/Chest","lung infection",1,1,26.3972222222222,"included"
"JinHua_25","JinHua_25_d1","Type I interferon response","Mortality","D1",1,0,"M3",0.131627011183318,26.3972222222222,"否","Lung/Chest","lung infection",1,1,26.3972222222222,"included"
"JinHua_25","JinHua_25_d1","Ribosome biogenesis","Mortality","D1",1,0,"M4",-0.519816816187072,26.3972222222222,"否","Lung/Chest","lung infection",1,1,26.3972222222222,"included"
"JinHua_26","JinHua_26_d1","PRR/TLR/TNF/NF-kB signaling","Survival","D1",1,0,"M1",-0.28754214379519,13.1263888888889,"是","Urinary","non-lung infection",0,0,28,"included"
"JinHua_26","JinHua_26_d1","Phagolysosome/autophagy","Survival","D1",1,0,"M2",-0.246834580951265,13.1263888888889,"是","Urinary","non-lung infection",0,0,28,"included"
"JinHua_26","JinHua_26_d1","Type I interferon response","Survival","D1",1,0,"M3",-0.255134497130323,13.1263888888889,"是","Urinary","non-lung infection",0,0,28,"included"
"JinHua_26","JinHua_26_d1","Ribosome biogenesis","Survival","D1",1,0,"M4",-0.445278453126683,13.1263888888889,"是","Urinary","non-lung infection",0,0,28,"included"
"JinHua_27","JinHua_27_d1","PRR/TLR/TNF/NF-kB signaling","Mortality","D1",1,0,"M1",-0.361653700772894,10,"否","Lung/Chest","lung infection",1,1,10,"included"
"JinHua_27","JinHua_27_d1","Phagolysosome/autophagy","Mortality","D1",1,0,"M2",-0.391206306262268,10,"否","Lung/Chest","lung infection",1,1,10,"included"
"JinHua_27","JinHua_27_d1","Type I interferon response","Mortality","D1",1,0,"M3",-0.508520930298367,10,"否","Lung/Chest","lung infection",1,1,10,"included"
"JinHua_27","JinHua_27_d1","Ribosome biogenesis","Mortality","D1",1,0,"M4",-0.69884960611197,10,"否","Lung/Chest","lung infection",1,1,10,"included"
"JinHua_28","JinHua_28_d1","PRR/TLR/TNF/NF-kB signaling","Survival","D1",1,0,"M1",0.470427970681405,6,"是","Others/Unknown","non-lung infection",0,0,28,"included"
"JinHua_28","JinHua_28_d1","Phagolysosome/autophagy","Survival","D1",1,0,"M2",0.474338548234817,6,"是","Others/Unknown","non-lung infection",0,0,28,"included"
"JinHua_28","JinHua_28_d1","Type I interferon response","Survival","D1",1,0,"M3",0.157025845636207,6,"是","Others/Unknown","non-lung infection",0,0,28,"included"
"JinHua_28","JinHua_28_d1","Ribosome biogenesis","Survival","D1",1,0,"M4",-0.662323105265088,6,"是","Others/Unknown","non-lung infection",0,0,28,"included"
"JinHua_29","JinHua_29_d1","PRR/TLR/TNF/NF-kB signaling","Survival","D1",1,0,"M1",0.478471521661911,22,"是","Biliary/Liver","non-lung infection",0,0,28,"included"
"JinHua_29","JinHua_29_d1","Phagolysosome/autophagy","Survival","D1",1,0,"M2",0.528201580442802,22,"是","Biliary/Liver","non-lung infection",0,0,28,"included"
"JinHua_29","JinHua_29_d1","Type I interferon response","Survival","D1",1,0,"M3",0.0333947552331387,22,"是","Biliary/Liver","non-lung infection",0,0,28,"included"
"JinHua_29","JinHua_29_d1","Ribosome biogenesis","Survival","D1",1,0,"M4",-0.72870584698789,22,"是","Biliary/Liver","non-lung infection",0,0,28,"included"
"JinHua_3","JinHua_3_d1","PRR/TLR/TNF/NF-kB signaling","Survival","D1",1,0,"M1",-0.0079022465218305,31,"是","Abdomen","non-lung infection",0,0,28,"included"
"JinHua_3","JinHua_3_d1","Phagolysosome/autophagy","Survival","D1",1,0,"M2",0.0398215437443354,31,"是","Abdomen","non-lung infection",0,0,28,"included"
"JinHua_3","JinHua_3_d1","Type I interferon response","Survival","D1",1,0,"M3",-0.0538916630526411,31,"是","Abdomen","non-lung infection",0,0,28,"included"
"JinHua_3","JinHua_3_d1","Ribosome biogenesis","Survival","D1",1,0,"M4",0.428466480436649,31,"是","Abdomen","non-lung infection",0,0,28,"included"
"JinHua_30","JinHua_30_d1","PRR/TLR/TNF/NF-kB signaling","Survival","D1",1,0,"M1",0.440165754585385,9,"是","Urinary","non-lung infection",0,0,28,"included"
"JinHua_30","JinHua_30_d1","Phagolysosome/autophagy","Survival","D1",1,0,"M2",0.42865898875792,9,"是","Urinary","non-lung infection",0,0,28,"included"
"JinHua_30","JinHua_30_d1","Type I interferon response","Survival","D1",1,0,"M3",0.0964180202899217,9,"是","Urinary","non-lung infection",0,0,28,"included"
"JinHua_30","JinHua_30_d1","Ribosome biogenesis","Survival","D1",1,0,"M4",-0.658800575988772,9,"是","Urinary","non-lung infection",0,0,28,"included"
"JinHua_31","JinHua_31_d1","PRR/TLR/TNF/NF-kB signaling","Survival","D1",1,0,"M1",0.419587337051496,29,"是","Abdomen","non-lung infection",0,0,28,"included"
"JinHua_31","JinHua_31_d1","Phagolysosome/autophagy","Survival","D1",1,0,"M2",0.431507073036246,29,"是","Abdomen","non-lung infection",0,0,28,"included"
"JinHua_31","JinHua_31_d1","Type I interferon response","Survival","D1",1,0,"M3",0.0824672403508337,29,"是","Abdomen","non-lung infection",0,0,28,"included"
"JinHua_31","JinHua_31_d1","Ribosome biogenesis","Survival","D1",1,0,"M4",-0.674663731735617,29,"是","Abdomen","non-lung infection",0,0,28,"included"
"JinHua_32","JinHua_32_d1","PRR/TLR/TNF/NF-kB signaling","Mortality","D1",1,0,"M1",-0.0607946562309985,6,"否","Lung/Chest","lung infection",1,1,6,"included"
"JinHua_32","JinHua_32_d1","Phagolysosome/autophagy","Mortality","D1",1,0,"M2",-0.300277243078314,6,"否","Lung/Chest","lung infection",1,1,6,"included"
"JinHua_32","JinHua_32_d1","Type I interferon response","Mortality","D1",1,0,"M3",0.127964918974001,6,"否","Lung/Chest","lung infection",1,1,6,"included"
"JinHua_32","JinHua_32_d1","Ribosome biogenesis","Mortality","D1",1,0,"M4",0.030357527504649,6,"否","Lung/Chest","lung infection",1,1,6,"included"
"JinHua_33","JinHua_33_d1","PRR/TLR/TNF/NF-kB signaling","Survival","D1",1,0,"M1",-0.266412613798769,45,"是","Lung/Chest","lung infection",0,0,28,"included"
"JinHua_33","JinHua_33_d1","Phagolysosome/autophagy","Survival","D1",1,0,"M2",-0.3114596313389,45,"是","Lung/Chest","lung infection",0,0,28,"included"
"JinHua_33","JinHua_33_d1","Type I interferon response","Survival","D1",1,0,"M3",-0.0306024542649784,45,"是","Lung/Chest","lung infection",0,0,28,"included"
"JinHua_33","JinHua_33_d1","Ribosome biogenesis","Survival","D1",1,0,"M4",0.0186925450893004,45,"是","Lung/Chest","lung infection",0,0,28,"included"
"JinHua_34","JinHua_34_d1","PRR/TLR/TNF/NF-kB signaling","Survival","D1",1,0,"M1",-0.584070166062392,17,"是","Lung/Chest","lung infection",0,0,28,"included"
"JinHua_34","JinHua_34_d1","Phagolysosome/autophagy","Survival","D1",1,0,"M2",-0.574507300423228,17,"是","Lung/Chest","lung infection",0,0,28,"included"
"JinHua_34","JinHua_34_d1","Type I interferon response","Survival","D1",1,0,"M3",-0.300451091087203,17,"是","Lung/Chest","lung infection",0,0,28,"included"
"JinHua_34","JinHua_34_d1","Ribosome biogenesis","Survival","D1",1,0,"M4",0.319482407679965,17,"是","Lung/Chest","lung infection",0,0,28,"included"
"JinHua_35","JinHua_35_d1","PRR/TLR/TNF/NF-kB signaling","Survival","D1",1,0,"M1",-0.147130398954024,24,"是","Lung/Chest","lung infection",0,0,28,"included"
"JinHua_35","JinHua_35_d1","Phagolysosome/autophagy","Survival","D1",1,0,"M2",-0.206060661917,24,"是","Lung/Chest","lung infection",0,0,28,"included"
"JinHua_35","JinHua_35_d1","Type I interferon response","Survival","D1",1,0,"M3",-0.0946362155179201,24,"是","Lung/Chest","lung infection",0,0,28,"included"
"JinHua_35","JinHua_35_d1","Ribosome biogenesis","Survival","D1",1,0,"M4",-0.165203754871936,24,"是","Lung/Chest","lung infection",0,0,28,"included"
"JinHua_36","JinHua_36_d1","PRR/TLR/TNF/NF-kB signaling","Mortality","D1",1,0,"M1",0.139314859791216,5,"否","Lung/Chest","lung infection",1,1,5,"included"
"JinHua_36","JinHua_36_d1","Phagolysosome/autophagy","Mortality","D1",1,0,"M2",0.0690594897606237,5,"否","Lung/Chest","lung infection",1,1,5,"included"
"JinHua_36","JinHua_36_d1","Type I interferon response","Mortality","D1",1,0,"M3",0.123587000399744,5,"否","Lung/Chest","lung infection",1,1,5,"included"
"JinHua_36","JinHua_36_d1","Ribosome biogenesis","Mortality","D1",1,0,"M4",-0.320643786715283,5,"否","Lung/Chest","lung infection",1,1,5,"included"
"JinHua_37","JinHua_37_d1","PRR/TLR/TNF/NF-kB signaling","Survival","D1",1,0,"M1",0.185297640967413,32,"是","Brain","non-lung infection",0,0,28,"included"
"JinHua_37","JinHua_37_d1","Phagolysosome/autophagy","Survival","D1",1,0,"M2",0.17130302427501,32,"是","Brain","non-lung infection",0,0,28,"included"
"JinHua_37","JinHua_37_d1","Type I interferon response","Survival","D1",1,0,"M3",0.0682757769712843,32,"是","Brain","non-lung infection",0,0,28,"included"
"JinHua_37","JinHua_37_d1","Ribosome biogenesis","Survival","D1",1,0,"M4",0.510004652172935,32,"是","Brain","non-lung infection",0,0,28,"included"
"JinHua_38","JinHua_38_d1","PRR/TLR/TNF/NF-kB signaling","Survival","D1",1,0,"M1",0.591900678798748,24,"是","BloodStream","non-lung infection",0,0,28,"included"
"JinHua_38","JinHua_38_d1","Phagolysosome/autophagy","Survival","D1",1,0,"M2",0.636912365879585,24,"是","BloodStream","non-lung infection",0,0,28,"included"
"JinHua_38","JinHua_38_d1","Type I interferon response","Survival","D1",1,0,"M3",0.124431990887332,24,"是","BloodStream","non-lung infection",0,0,28,"included"
"JinHua_38","JinHua_38_d1","Ribosome biogenesis","Survival","D1",1,0,"M4",-0.532064773300567,24,"是","BloodStream","non-lung infection",0,0,28,"included"
"JinHua_39","JinHua_39_d1","PRR/TLR/TNF/NF-kB signaling","Survival","D1",1,0,"M1",-0.327445173341493,9,"是","Lung/Chest","lung infection",0,0,28,"included"
"JinHua_39","JinHua_39_d1","Phagolysosome/autophagy","Survival","D1",1,0,"M2",-0.303079694757982,9,"是","Lung/Chest","lung infection",0,0,28,"included"
"JinHua_39","JinHua_39_d1","Type I interferon response","Survival","D1",1,0,"M3",-0.23998432467043,9,"是","Lung/Chest","lung infection",0,0,28,"included"
"JinHua_39","JinHua_39_d1","Ribosome biogenesis","Survival","D1",1,0,"M4",0.10758766917084,9,"是","Lung/Chest","lung infection",0,0,28,"included"
"JinHua_4","JinHua_4_d1","PRR/TLR/TNF/NF-kB signaling","Survival","D1",1,0,"M1",-0.594608389762907,10,"是","Abdomen","non-lung infection",0,0,28,"included"
"JinHua_4","JinHua_4_d1","Phagolysosome/autophagy","Survival","D1",1,0,"M2",-0.538973717778595,10,"是","Abdomen","non-lung infection",0,0,28,"included"
"JinHua_4","JinHua_4_d1","Type I interferon response","Survival","D1",1,0,"M3",-0.528992797785244,10,"是","Abdomen","non-lung infection",0,0,28,"included"
"JinHua_4","JinHua_4_d1","Ribosome biogenesis","Survival","D1",1,0,"M4",0.599415744257803,10,"是","Abdomen","non-lung infection",0,0,28,"included"
"JinHua_40","JinHua_40_d1","PRR/TLR/TNF/NF-kB signaling","Survival","D1",1,0,"M1",-0.496949805286434,9,"是","Lung/Chest","lung infection",0,0,28,"included"
"JinHua_40","JinHua_40_d1","Phagolysosome/autophagy","Survival","D1",1,0,"M2",-0.439878973082425,9,"是","Lung/Chest","lung infection",0,0,28,"included"
"JinHua_40","JinHua_40_d1","Type I interferon response","Survival","D1",1,0,"M3",-0.557364828661418,9,"是","Lung/Chest","lung infection",0,0,28,"included"
"JinHua_40","JinHua_40_d1","Ribosome biogenesis","Survival","D1",1,0,"M4",0.667189194835186,9,"是","Lung/Chest","lung infection",0,0,28,"included"
"JinHua_41","JinHua_41_d1","PRR/TLR/TNF/NF-kB signaling","Survival","D1",1,0,"M1",-0.161168612006352,10,"是","Lung/Chest","lung infection",0,0,28,"included"
"JinHua_41","JinHua_41_d1","Phagolysosome/autophagy","Survival","D1",1,0,"M2",-0.292088348383941,10,"是","Lung/Chest","lung infection",0,0,28,"included"
"JinHua_41","JinHua_41_d1","Type I interferon response","Survival","D1",1,0,"M3",0.192122744859896,10,"是","Lung/Chest","lung infection",0,0,28,"included"
"JinHua_41","JinHua_41_d1","Ribosome biogenesis","Survival","D1",1,0,"M4",-0.136732683475829,10,"是","Lung/Chest","lung infection",0,0,28,"included"
"JinHua_42","JinHua_42_d1","PRR/TLR/TNF/NF-kB signaling","Survival","D1",1,0,"M1",-0.153614883628791,19,"是","Lung/Chest","lung infection",0,0,28,"included"
"JinHua_42","JinHua_42_d1","Phagolysosome/autophagy","Survival","D1",1,0,"M2",0.000900581581936399,19,"是","Lung/Chest","lung infection",0,0,28,"included"
"JinHua_42","JinHua_42_d1","Type I interferon response","Survival","D1",1,0,"M3",0.0370878935729726,19,"是","Lung/Chest","lung infection",0,0,28,"included"
"JinHua_42","JinHua_42_d1","Ribosome biogenesis","Survival","D1",1,0,"M4",0.134096404989687,19,"是","Lung/Chest","lung infection",0,0,28,"included"
"JinHua_43","JinHua_43_d1","PRR/TLR/TNF/NF-kB signaling","Survival","D1",1,0,"M1",0.454286221263024,12,"是","Lung/Chest","lung infection",0,0,28,"included"
"JinHua_43","JinHua_43_d1","Phagolysosome/autophagy","Survival","D1",1,0,"M2",0.402441169093327,12,"是","Lung/Chest","lung infection",0,0,28,"included"
"JinHua_43","JinHua_43_d1","Type I interferon response","Survival","D1",1,0,"M3",0.421625258611344,12,"是","Lung/Chest","lung infection",0,0,28,"included"
"JinHua_43","JinHua_43_d1","Ribosome biogenesis","Survival","D1",1,0,"M4",0.198918033454553,12,"是","Lung/Chest","lung infection",0,0,28,"included"
"JinHua_44","JinHua_44_d1","PRR/TLR/TNF/NF-kB signaling","Survival","D1",1,0,"M1",0.59242122623102,10,"是","Brain","non-lung infection",0,0,28,"included"
"JinHua_44","JinHua_44_d1","Phagolysosome/autophagy","Survival","D1",1,0,"M2",0.421918831707475,10,"是","Brain","non-lung infection",0,0,28,"included"
"JinHua_44","JinHua_44_d1","Type I interferon response","Survival","D1",1,0,"M3",0.359900517777809,10,"是","Brain","non-lung infection",0,0,28,"included"
"JinHua_44","JinHua_44_d1","Ribosome biogenesis","Survival","D1",1,0,"M4",-0.541987062250377,10,"是","Brain","non-lung infection",0,0,28,"included"
"JinHua_45","JinHua_45_d1","PRR/TLR/TNF/NF-kB signaling","Survival","D1",1,0,"M1",0.196303321611351,10,"是","Lung/Chest","lung infection",0,0,28,"included"
"JinHua_45","JinHua_45_d1","Phagolysosome/autophagy","Survival","D1",1,0,"M2",-0.00939164357492966,10,"是","Lung/Chest","lung infection",0,0,28,"included"
"JinHua_45","JinHua_45_d1","Type I interferon response","Survival","D1",1,0,"M3",0.336029551256094,10,"是","Lung/Chest","lung infection",0,0,28,"included"
"JinHua_45","JinHua_45_d1","Ribosome biogenesis","Survival","D1",1,0,"M4",0.565941905866627,10,"是","Lung/Chest","lung infection",0,0,28,"included"
"JinHua_46","JinHua_46_d1","PRR/TLR/TNF/NF-kB signaling","Survival","D1",1,0,"M1",0.575937832068379,13,"是","Urinary","non-lung infection",0,0,28,"included"
"JinHua_46","JinHua_46_d1","Phagolysosome/autophagy","Survival","D1",1,0,"M2",0.397270144178204,13,"是","Urinary","non-lung infection",0,0,28,"included"
"JinHua_46","JinHua_46_d1","Type I interferon response","Survival","D1",1,0,"M3",0.510210753148393,13,"是","Urinary","non-lung infection",0,0,28,"included"
"JinHua_46","JinHua_46_d1","Ribosome biogenesis","Survival","D1",1,0,"M4",-0.445217067044807,13,"是","Urinary","non-lung infection",0,0,28,"included"
"JinHua_48","JinHua_48_d1","PRR/TLR/TNF/NF-kB signaling","Survival","D1",1,0,"M1",0.548815790364949,19,"是","Lung/Chest","lung infection",0,0,28,"included"
"JinHua_48","JinHua_48_d1","Phagolysosome/autophagy","Survival","D1",1,0,"M2",0.482369532261635,19,"是","Lung/Chest","lung infection",0,0,28,"included"
"JinHua_48","JinHua_48_d1","Type I interferon response","Survival","D1",1,0,"M3",0.516916967673227,19,"是","Lung/Chest","lung infection",0,0,28,"included"
"JinHua_48","JinHua_48_d1","Ribosome biogenesis","Survival","D1",1,0,"M4",-0.635410245570846,19,"是","Lung/Chest","lung infection",0,0,28,"included"
"JinHua_49","JinHua_49_d1","PRR/TLR/TNF/NF-kB signaling","Survival","D1",1,0,"M1",0.112060962651633,22,"是","BloodStream","non-lung infection",0,0,28,"included"
"JinHua_49","JinHua_49_d1","Phagolysosome/autophagy","Survival","D1",1,0,"M2",-0.105798182396671,22,"是","BloodStream","non-lung infection",0,0,28,"included"
"JinHua_49","JinHua_49_d1","Type I interferon response","Survival","D1",1,0,"M3",0.100186975139956,22,"是","BloodStream","non-lung infection",0,0,28,"included"
"JinHua_49","JinHua_49_d1","Ribosome biogenesis","Survival","D1",1,0,"M4",0.202916404517012,22,"是","BloodStream","non-lung infection",0,0,28,"included"
"JinHua_5","JinHua_5_d1","PRR/TLR/TNF/NF-kB signaling","Survival","D1",1,0,"M1",-0.484347462255643,13,"是","Lung/Chest","lung infection",0,0,28,"included"
"JinHua_5","JinHua_5_d1","Phagolysosome/autophagy","Survival","D1",1,0,"M2",-0.414398995345939,13,"是","Lung/Chest","lung infection",0,0,28,"included"
"JinHua_5","JinHua_5_d1","Type I interferon response","Survival","D1",1,0,"M3",-0.44391434586975,13,"是","Lung/Chest","lung infection",0,0,28,"included"
"JinHua_5","JinHua_5_d1","Ribosome biogenesis","Survival","D1",1,0,"M4",0.649448983300215,13,"是","Lung/Chest","lung infection",0,0,28,"included"
"JinHua_50","JinHua_50_d1","PRR/TLR/TNF/NF-kB signaling","Survival","D1",1,0,"M1",-0.231959681777432,21,"是","Abdomen","non-lung infection",0,0,28,"included"
"JinHua_50","JinHua_50_d1","Phagolysosome/autophagy","Survival","D1",1,0,"M2",-0.371644113428523,21,"是","Abdomen","non-lung infection",0,0,28,"included"
"JinHua_50","JinHua_50_d1","Type I interferon response","Survival","D1",1,0,"M3",-0.147647683000101,21,"是","Abdomen","non-lung infection",0,0,28,"included"
"JinHua_50","JinHua_50_d1","Ribosome biogenesis","Survival","D1",1,0,"M4",0.264693873947234,21,"是","Abdomen","non-lung infection",0,0,28,"included"
"JinHua_51","JinHua_51_d1","PRR/TLR/TNF/NF-kB signaling","Survival","D1",1,0,"M1",0.666760365599488,21,"是","Lung/Chest","lung infection",0,0,28,"included"
"JinHua_51","JinHua_51_d1","Phagolysosome/autophagy","Survival","D1",1,0,"M2",0.643503922402382,21,"是","Lung/Chest","lung infection",0,0,28,"included"
"JinHua_51","JinHua_51_d1","Type I interferon response","Survival","D1",1,0,"M3",0.697524682701767,21,"是","Lung/Chest","lung infection",0,0,28,"included"
"JinHua_51","JinHua_51_d1","Ribosome biogenesis","Survival","D1",1,0,"M4",-0.680604651028341,21,"是","Lung/Chest","lung infection",0,0,28,"included"
"JinHua_52","JinHua_52_d1","PRR/TLR/TNF/NF-kB signaling","Mortality","D1",1,0,"M1",0.627612853272299,42,"否","Lung/Chest","lung infection",1,0,28,"included"
"JinHua_52","JinHua_52_d1","Phagolysosome/autophagy","Mortality","D1",1,0,"M2",0.494867957956156,42,"否","Lung/Chest","lung infection",1,0,28,"included"
"JinHua_52","JinHua_52_d1","Type I interferon response","Mortality","D1",1,0,"M3",0.664569273837217,42,"否","Lung/Chest","lung infection",1,0,28,"included"
"JinHua_52","JinHua_52_d1","Ribosome biogenesis","Mortality","D1",1,0,"M4",-0.684188591106862,42,"否","Lung/Chest","lung infection",1,0,28,"included"
"JinHua_53","JinHua_53_d1","PRR/TLR/TNF/NF-kB signaling","Survival","D1",1,0,"M1",0.129772485314344,1,"是","Abdomen","non-lung infection",0,0,28,"included"
"JinHua_53","JinHua_53_d1","Phagolysosome/autophagy","Survival","D1",1,0,"M2",-0.00200105126451183,1,"是","Abdomen","non-lung infection",0,0,28,"included"
"JinHua_53","JinHua_53_d1","Type I interferon response","Survival","D1",1,0,"M3",-0.149442982899059,1,"是","Abdomen","non-lung infection",0,0,28,"included"
"JinHua_53","JinHua_53_d1","Ribosome biogenesis","Survival","D1",1,0,"M4",-0.314365688882534,1,"是","Abdomen","non-lung infection",0,0,28,"included"
"JinHua_54","JinHua_54_d1","PRR/TLR/TNF/NF-kB signaling","Survival","D1",1,0,"M1",-0.0410988993374738,30,"是","Abdomen","non-lung infection",0,0,28,"included"
"JinHua_54","JinHua_54_d1","Phagolysosome/autophagy","Survival","D1",1,0,"M2",-0.0430940345413665,30,"是","Abdomen","non-lung infection",0,0,28,"included"
"JinHua_54","JinHua_54_d1","Type I interferon response","Survival","D1",1,0,"M3",-0.249369000963577,30,"是","Abdomen","non-lung infection",0,0,28,"included"
"JinHua_54","JinHua_54_d1","Ribosome biogenesis","Survival","D1",1,0,"M4",0.36092889414994,30,"是","Abdomen","non-lung infection",0,0,28,"included"
"JinHua_55","JinHua_55_d1","PRR/TLR/TNF/NF-kB signaling","Survival","D1",1,0,"M1",-0.0446506986600024,4,"是","Lung/Chest","lung infection",0,0,28,"included"
"JinHua_55","JinHua_55_d1","Phagolysosome/autophagy","Survival","D1",1,0,"M2",0.235891861402607,4,"是","Lung/Chest","lung infection",0,0,28,"included"
"JinHua_55","JinHua_55_d1","Type I interferon response","Survival","D1",1,0,"M3",-0.214905651718094,4,"是","Lung/Chest","lung infection",0,0,28,"included"
"JinHua_55","JinHua_55_d1","Ribosome biogenesis","Survival","D1",1,0,"M4",-0.294409009010449,4,"是","Lung/Chest","lung infection",0,0,28,"included"
"JinHua_56","JinHua_56_d1","PRR/TLR/TNF/NF-kB signaling","Survival","D1",1,0,"M1",0.211980419304224,10,"是","Abdomen","non-lung infection",0,0,28,"included"
"JinHua_56","JinHua_56_d1","Phagolysosome/autophagy","Survival","D1",1,0,"M2",0.144099391283156,10,"是","Abdomen","non-lung infection",0,0,28,"included"
"JinHua_56","JinHua_56_d1","Type I interferon response","Survival","D1",1,0,"M3",-0.0872926689779581,10,"是","Abdomen","non-lung infection",0,0,28,"included"
"JinHua_56","JinHua_56_d1","Ribosome biogenesis","Survival","D1",1,0,"M4",-0.382868590991334,10,"是","Abdomen","non-lung infection",0,0,28,"included"
"JinHua_57","JinHua_57_d1","PRR/TLR/TNF/NF-kB signaling","Survival","D1",1,0,"M1",-0.176645469645036,73,"是","Abdomen","non-lung infection",0,0,28,"included"
"JinHua_57","JinHua_57_d1","Phagolysosome/autophagy","Survival","D1",1,0,"M2",-0.407124278327162,73,"是","Abdomen","non-lung infection",0,0,28,"included"
"JinHua_57","JinHua_57_d1","Type I interferon response","Survival","D1",1,0,"M3",0.00794505278534971,73,"是","Abdomen","non-lung infection",0,0,28,"included"
"JinHua_57","JinHua_57_d1","Ribosome biogenesis","Survival","D1",1,0,"M4",0.578308964922241,73,"是","Abdomen","non-lung infection",0,0,28,"included"
"JinHua_58","JinHua_58_d1","PRR/TLR/TNF/NF-kB signaling","Survival","D1",1,0,"M1",0.346911387521109,13,"是","Lung/Chest","lung infection",0,0,28,"included"
"JinHua_58","JinHua_58_d1","Phagolysosome/autophagy","Survival","D1",1,0,"M2",0.310077953082726,13,"是","Lung/Chest","lung infection",0,0,28,"included"
"JinHua_58","JinHua_58_d1","Type I interferon response","Survival","D1",1,0,"M3",0.321035617340773,13,"是","Lung/Chest","lung infection",0,0,28,"included"
"JinHua_58","JinHua_58_d1","Ribosome biogenesis","Survival","D1",1,0,"M4",-0.0629792152506165,13,"是","Lung/Chest","lung infection",0,0,28,"included"
"JinHua_59","JinHua_59_d1","PRR/TLR/TNF/NF-kB signaling","Survival","D1",1,0,"M1",0.242694747182282,9,"是","Lung/Chest","lung infection",0,0,28,"included"
"JinHua_59","JinHua_59_d1","Phagolysosome/autophagy","Survival","D1",1,0,"M2",-0.0562167560285819,9,"是","Lung/Chest","lung infection",0,0,28,"included"
"JinHua_59","JinHua_59_d1","Type I interferon response","Survival","D1",1,0,"M3",0.49228370192283,9,"是","Lung/Chest","lung infection",0,0,28,"included"
"JinHua_59","JinHua_59_d1","Ribosome biogenesis","Survival","D1",1,0,"M4",-0.181697372749498,9,"是","Lung/Chest","lung infection",0,0,28,"included"
"JinHua_6","JinHua_6_d1","PRR/TLR/TNF/NF-kB signaling","Survival","D1",1,0,"M1",-0.00478230408606728,10,"是","Abdomen","non-lung infection",0,0,28,"included"
"JinHua_6","JinHua_6_d1","Phagolysosome/autophagy","Survival","D1",1,0,"M2",-0.00621419767197634,10,"是","Abdomen","non-lung infection",0,0,28,"included"
"JinHua_6","JinHua_6_d1","Type I interferon response","Survival","D1",1,0,"M3",-0.0759117715909933,10,"是","Abdomen","non-lung infection",0,0,28,"included"
"JinHua_6","JinHua_6_d1","Ribosome biogenesis","Survival","D1",1,0,"M4",0.230367937802018,10,"是","Abdomen","non-lung infection",0,0,28,"included"
"JinHua_60","JinHua_60_d1","PRR/TLR/TNF/NF-kB signaling","Mortality","D1",1,0,"M1",0.15138393889536,6,"否","Lung/Chest","lung infection",1,1,6,"included"
"JinHua_60","JinHua_60_d1","Phagolysosome/autophagy","Mortality","D1",1,0,"M2",-0.00888573138059279,6,"否","Lung/Chest","lung infection",1,1,6,"included"
"JinHua_60","JinHua_60_d1","Type I interferon response","Mortality","D1",1,0,"M3",0.2830103657616,6,"否","Lung/Chest","lung infection",1,1,6,"included"
"JinHua_60","JinHua_60_d1","Ribosome biogenesis","Mortality","D1",1,0,"M4",0.286240634821295,6,"否","Lung/Chest","lung infection",1,1,6,"included"
"JinHua_61","JinHua_61_d1","PRR/TLR/TNF/NF-kB signaling","Survival","D1",1,0,"M1",0.511066345879918,22,"是","Urinary","non-lung infection",0,0,28,"included"
"JinHua_61","JinHua_61_d1","Phagolysosome/autophagy","Survival","D1",1,0,"M2",0.508042250963246,22,"是","Urinary","non-lung infection",0,0,28,"included"
"JinHua_61","JinHua_61_d1","Type I interferon response","Survival","D1",1,0,"M3",0.166470006763506,22,"是","Urinary","non-lung infection",0,0,28,"included"
"JinHua_61","JinHua_61_d1","Ribosome biogenesis","Survival","D1",1,0,"M4",-0.586149294902441,22,"是","Urinary","non-lung infection",0,0,28,"included"
"JinHua_62","JinHua_62_d1","PRR/TLR/TNF/NF-kB signaling","Survival","D1",1,0,"M1",-0.0592464884359195,8,"是","Abdomen","non-lung infection",0,0,28,"included"
"JinHua_62","JinHua_62_d1","Phagolysosome/autophagy","Survival","D1",1,0,"M2",0.112107598684277,8,"是","Abdomen","non-lung infection",0,0,28,"included"
"JinHua_62","JinHua_62_d1","Type I interferon response","Survival","D1",1,0,"M3",-0.417456351398145,8,"是","Abdomen","non-lung infection",0,0,28,"included"
"JinHua_62","JinHua_62_d1","Ribosome biogenesis","Survival","D1",1,0,"M4",-0.305211201287624,8,"是","Abdomen","non-lung infection",0,0,28,"included"
"JinHua_63","JinHua_63_d1","PRR/TLR/TNF/NF-kB signaling","Mortality","D1",1,0,"M1",0.553276554527974,81,"否","SoftTissue","non-lung infection",1,0,28,"included"
"JinHua_63","JinHua_63_d1","Phagolysosome/autophagy","Mortality","D1",1,0,"M2",0.296001445255068,81,"否","SoftTissue","non-lung infection",1,0,28,"included"
"JinHua_63","JinHua_63_d1","Type I interferon response","Mortality","D1",1,0,"M3",0.484585916256454,81,"否","SoftTissue","non-lung infection",1,0,28,"included"
"JinHua_63","JinHua_63_d1","Ribosome biogenesis","Mortality","D1",1,0,"M4",-0.686172923207616,81,"否","SoftTissue","non-lung infection",1,0,28,"included"
"JinHua_64","JinHua_64_d1","PRR/TLR/TNF/NF-kB signaling","Survival","D1",1,0,"M1",0.502161105195267,10,"是","Abdomen","non-lung infection",0,0,28,"included"
"JinHua_64","JinHua_64_d1","Phagolysosome/autophagy","Survival","D1",1,0,"M2",0.546476684518071,10,"是","Abdomen","non-lung infection",0,0,28,"included"
"JinHua_64","JinHua_64_d1","Type I interferon response","Survival","D1",1,0,"M3",0.121979717807107,10,"是","Abdomen","non-lung infection",0,0,28,"included"
"JinHua_64","JinHua_64_d1","Ribosome biogenesis","Survival","D1",1,0,"M4",-0.538572455310971,10,"是","Abdomen","non-lung infection",0,0,28,"included"
"JinHua_65","JinHua_65_d1","PRR/TLR/TNF/NF-kB signaling","Survival","D1",1,0,"M1",0.55154738620633,35,"是","Lung/Chest","lung infection",0,0,28,"included"
"JinHua_65","JinHua_65_d1","Phagolysosome/autophagy","Survival","D1",1,0,"M2",0.327617597632422,35,"是","Lung/Chest","lung infection",0,0,28,"included"
"JinHua_65","JinHua_65_d1","Type I interferon response","Survival","D1",1,0,"M3",0.632221959675967,35,"是","Lung/Chest","lung infection",0,0,28,"included"
"JinHua_65","JinHua_65_d1","Ribosome biogenesis","Survival","D1",1,0,"M4",-0.636124692210983,35,"是","Lung/Chest","lung infection",0,0,28,"included"
"JinHua_66","JinHua_66_d1","PRR/TLR/TNF/NF-kB signaling","Survival","D1",1,0,"M1",-0.140230494217767,19,"是","Abdomen","non-lung infection",0,0,28,"included"
"JinHua_66","JinHua_66_d1","Phagolysosome/autophagy","Survival","D1",1,0,"M2",-0.32619618276868,19,"是","Abdomen","non-lung infection",0,0,28,"included"
"JinHua_66","JinHua_66_d1","Type I interferon response","Survival","D1",1,0,"M3",-0.233062100633726,19,"是","Abdomen","non-lung infection",0,0,28,"included"
"JinHua_66","JinHua_66_d1","Ribosome biogenesis","Survival","D1",1,0,"M4",0.401746533479227,19,"是","Abdomen","non-lung infection",0,0,28,"included"
"JinHua_67","JinHua_67_d1","PRR/TLR/TNF/NF-kB signaling","Survival","D1",1,0,"M1",0.627815187326103,56,"是","Lung/Chest","lung infection",0,0,28,"included"
"JinHua_67","JinHua_67_d1","Phagolysosome/autophagy","Survival","D1",1,0,"M2",0.559598290704368,56,"是","Lung/Chest","lung infection",0,0,28,"included"
"JinHua_67","JinHua_67_d1","Type I interferon response","Survival","D1",1,0,"M3",0.596973638074862,56,"是","Lung/Chest","lung infection",0,0,28,"included"
"JinHua_67","JinHua_67_d1","Ribosome biogenesis","Survival","D1",1,0,"M4",-0.733102271200776,56,"是","Lung/Chest","lung infection",0,0,28,"included"
"JinHua_68","JinHua_68_d1","PRR/TLR/TNF/NF-kB signaling","Survival","D1",1,0,"M1",-0.185286606528571,14,"是","Lung/Chest","lung infection",0,0,28,"included"
"JinHua_68","JinHua_68_d1","Phagolysosome/autophagy","Survival","D1",1,0,"M2",-0.294916023147291,14,"是","Lung/Chest","lung infection",0,0,28,"included"
"JinHua_68","JinHua_68_d1","Type I interferon response","Survival","D1",1,0,"M3",-0.0602675966144144,14,"是","Lung/Chest","lung infection",0,0,28,"included"
"JinHua_68","JinHua_68_d1","Ribosome biogenesis","Survival","D1",1,0,"M4",0.40870718799506,14,"是","Lung/Chest","lung infection",0,0,28,"included"
"JinHua_69","JinHua_69_d1","PRR/TLR/TNF/NF-kB signaling","Survival","D1",1,0,"M1",0.417123883965601,42,"是","Lung/Chest","lung infection",0,0,28,"included"
"JinHua_69","JinHua_69_d1","Phagolysosome/autophagy","Survival","D1",1,0,"M2",0.364645063115096,42,"是","Lung/Chest","lung infection",0,0,28,"included"
"JinHua_69","JinHua_69_d1","Type I interferon response","Survival","D1",1,0,"M3",-0.0821406186863301,42,"是","Lung/Chest","lung infection",0,0,28,"included"
"JinHua_69","JinHua_69_d1","Ribosome biogenesis","Survival","D1",1,0,"M4",-0.309416766477066,42,"是","Lung/Chest","lung infection",0,0,28,"included"
"JinHua_7","JinHua_7_d1","PRR/TLR/TNF/NF-kB signaling","Mortality","D1",1,0,"M1",-0.34028960246558,72,"否","Abdomen","non-lung infection",1,0,28,"included"
"JinHua_7","JinHua_7_d1","Phagolysosome/autophagy","Mortality","D1",1,0,"M2",-0.145608400543693,72,"否","Abdomen","non-lung infection",1,0,28,"included"
"JinHua_7","JinHua_7_d1","Type I interferon response","Mortality","D1",1,0,"M3",-0.341831401666254,72,"否","Abdomen","non-lung infection",1,0,28,"included"
"JinHua_7","JinHua_7_d1","Ribosome biogenesis","Mortality","D1",1,0,"M4",0.613566288667285,72,"否","Abdomen","non-lung infection",1,0,28,"included"
"JinHua_70","JinHua_70_d1","PRR/TLR/TNF/NF-kB signaling","Survival","D1",1,0,"M1",0.637702739390776,67,"是","Abdomen","non-lung infection",0,0,28,"included"
"JinHua_70","JinHua_70_d1","Phagolysosome/autophagy","Survival","D1",1,0,"M2",0.558204303523602,67,"是","Abdomen","non-lung infection",0,0,28,"included"
"JinHua_70","JinHua_70_d1","Type I interferon response","Survival","D1",1,0,"M3",0.461405025833886,67,"是","Abdomen","non-lung infection",0,0,28,"included"
"JinHua_70","JinHua_70_d1","Ribosome biogenesis","Survival","D1",1,0,"M4",-0.655009632544469,67,"是","Abdomen","non-lung infection",0,0,28,"included"
"JinHua_71","JinHua_71_d1","PRR/TLR/TNF/NF-kB signaling","Survival","D1",1,0,"M1",0.44326106058862,20,"是","SoftTissue","non-lung infection",0,0,28,"included"
"JinHua_71","JinHua_71_d1","Phagolysosome/autophagy","Survival","D1",1,0,"M2",0.441344603147867,20,"是","SoftTissue","non-lung infection",0,0,28,"included"
"JinHua_71","JinHua_71_d1","Type I interferon response","Survival","D1",1,0,"M3",0.369787180198533,20,"是","SoftTissue","non-lung infection",0,0,28,"included"
"JinHua_71","JinHua_71_d1","Ribosome biogenesis","Survival","D1",1,0,"M4",-0.344596551782163,20,"是","SoftTissue","non-lung infection",0,0,28,"included"
"JinHua_72","JinHua_72_d1","PRR/TLR/TNF/NF-kB signaling","Survival","D1",1,0,"M1",0.391646271889505,17,"是","Urinary","non-lung infection",0,0,28,"included"
"JinHua_72","JinHua_72_d1","Phagolysosome/autophagy","Survival","D1",1,0,"M2",0.252134534176756,17,"是","Urinary","non-lung infection",0,0,28,"included"
"JinHua_72","JinHua_72_d1","Type I interferon response","Survival","D1",1,0,"M3",0.50184716154898,17,"是","Urinary","non-lung infection",0,0,28,"included"
"JinHua_72","JinHua_72_d1","Ribosome biogenesis","Survival","D1",1,0,"M4",-0.420220713021292,17,"是","Urinary","non-lung infection",0,0,28,"included"
"JinHua_73","JinHua_73_d1","PRR/TLR/TNF/NF-kB signaling","Survival","D1",1,0,"M1",0.43104683689528,16,"是","Abdomen","non-lung infection",0,0,28,"included"
"JinHua_73","JinHua_73_d1","Phagolysosome/autophagy","Survival","D1",1,0,"M2",0.468850109510169,16,"是","Abdomen","non-lung infection",0,0,28,"included"
"JinHua_73","JinHua_73_d1","Type I interferon response","Survival","D1",1,0,"M3",0.0813551194844028,16,"是","Abdomen","non-lung infection",0,0,28,"included"
"JinHua_73","JinHua_73_d1","Ribosome biogenesis","Survival","D1",1,0,"M4",-0.558122930784518,16,"是","Abdomen","non-lung infection",0,0,28,"included"
"JinHua_74","JinHua_74_d1","PRR/TLR/TNF/NF-kB signaling","Survival","D1",1,0,"M1",0.444486789341327,23,"是","Urinary","non-lung infection",0,0,28,"included"
"JinHua_74","JinHua_74_d1","Phagolysosome/autophagy","Survival","D1",1,0,"M2",0.473248832225091,23,"是","Urinary","non-lung infection",0,0,28,"included"
"JinHua_74","JinHua_74_d1","Type I interferon response","Survival","D1",1,0,"M3",0.179971169533009,23,"是","Urinary","non-lung infection",0,0,28,"included"
"JinHua_74","JinHua_74_d1","Ribosome biogenesis","Survival","D1",1,0,"M4",-0.406008470354394,23,"是","Urinary","non-lung infection",0,0,28,"included"
"JinHua_75","JinHua_75_d1","PRR/TLR/TNF/NF-kB signaling","Survival","D1",1,0,"M1",-0.22224162567486,8,"是","Abdomen","non-lung infection",0,0,28,"included"
"JinHua_75","JinHua_75_d1","Phagolysosome/autophagy","Survival","D1",1,0,"M2",-0.362402595630181,8,"是","Abdomen","non-lung infection",0,0,28,"included"
"JinHua_75","JinHua_75_d1","Type I interferon response","Survival","D1",1,0,"M3",-0.18254166971315,8,"是","Abdomen","non-lung infection",0,0,28,"included"
"JinHua_75","JinHua_75_d1","Ribosome biogenesis","Survival","D1",1,0,"M4",0.165881620043832,8,"是","Abdomen","non-lung infection",0,0,28,"included"
"JinHua_76","JinHua_76_d1","PRR/TLR/TNF/NF-kB signaling","Survival","D1",1,0,"M1",0.0325831960337523,18,"是","Abdomen","non-lung infection",0,0,28,"included"
"JinHua_76","JinHua_76_d1","Phagolysosome/autophagy","Survival","D1",1,0,"M2",-0.0041081300120599,18,"是","Abdomen","non-lung infection",0,0,28,"included"
"JinHua_76","JinHua_76_d1","Type I interferon response","Survival","D1",1,0,"M3",0.181525963088858,18,"是","Abdomen","non-lung infection",0,0,28,"included"
"JinHua_76","JinHua_76_d1","Ribosome biogenesis","Survival","D1",1,0,"M4",0.410467850634478,18,"是","Abdomen","non-lung infection",0,0,28,"included"
"JinHua_77","JinHua_77_d1","PRR/TLR/TNF/NF-kB signaling","Survival","D1",1,0,"M1",0.111985724271311,21,"是","Lung/Chest","lung infection",0,0,28,"included"
"JinHua_77","JinHua_77_d1","Phagolysosome/autophagy","Survival","D1",1,0,"M2",0.0225610394997256,21,"是","Lung/Chest","lung infection",0,0,28,"included"
"JinHua_77","JinHua_77_d1","Type I interferon response","Survival","D1",1,0,"M3",0.0264160111199022,21,"是","Lung/Chest","lung infection",0,0,28,"included"
"JinHua_77","JinHua_77_d1","Ribosome biogenesis","Survival","D1",1,0,"M4",0.0720584380311328,21,"是","Lung/Chest","lung infection",0,0,28,"included"
"JinHua_78","JinHua_78_d1","PRR/TLR/TNF/NF-kB signaling","Survival","D1",1,0,"M1",0.275572111763726,34,"是","Abdomen","non-lung infection",0,0,28,"included"
"JinHua_78","JinHua_78_d1","Phagolysosome/autophagy","Survival","D1",1,0,"M2",0.0541083359951777,34,"是","Abdomen","non-lung infection",0,0,28,"included"
"JinHua_78","JinHua_78_d1","Type I interferon response","Survival","D1",1,0,"M3",-0.185639162089391,34,"是","Abdomen","non-lung infection",0,0,28,"included"
"JinHua_78","JinHua_78_d1","Ribosome biogenesis","Survival","D1",1,0,"M4",-0.641113849936543,34,"是","Abdomen","non-lung infection",0,0,28,"included"
"JinHua_79","JinHua_79_d1","PRR/TLR/TNF/NF-kB signaling","Survival","D1",1,0,"M1",0.238196197012366,11,"是","Lung/Chest","lung infection",0,0,28,"included"
"JinHua_79","JinHua_79_d1","Phagolysosome/autophagy","Survival","D1",1,0,"M2",0.308418122584293,11,"是","Lung/Chest","lung infection",0,0,28,"included"
"JinHua_79","JinHua_79_d1","Type I interferon response","Survival","D1",1,0,"M3",0.134881135296737,11,"是","Lung/Chest","lung infection",0,0,28,"included"
"JinHua_79","JinHua_79_d1","Ribosome biogenesis","Survival","D1",1,0,"M4",0.290746076371884,11,"是","Lung/Chest","lung infection",0,0,28,"included"
"JinHua_8","JinHua_8_d1","PRR/TLR/TNF/NF-kB signaling","Survival","D1",1,0,"M1",0.419574554233397,24,"是","Lung/Chest","lung infection",0,0,28,"included"
"JinHua_8","JinHua_8_d1","Phagolysosome/autophagy","Survival","D1",1,0,"M2",0.334587651204465,24,"是","Lung/Chest","lung infection",0,0,28,"included"
"JinHua_8","JinHua_8_d1","Type I interferon response","Survival","D1",1,0,"M3",0.2987949309042,24,"是","Lung/Chest","lung infection",0,0,28,"included"
"JinHua_8","JinHua_8_d1","Ribosome biogenesis","Survival","D1",1,0,"M4",-0.218869454161537,24,"是","Lung/Chest","lung infection",0,0,28,"included"
"JinHua_80","JinHua_80_d1","PRR/TLR/TNF/NF-kB signaling","Survival","D1",1,0,"M1",0.536888744799519,29,"是","Lung/Chest","lung infection",0,0,28,"included"
"JinHua_80","JinHua_80_d1","Phagolysosome/autophagy","Survival","D1",1,0,"M2",0.537383724930821,29,"是","Lung/Chest","lung infection",0,0,28,"included"
"JinHua_80","JinHua_80_d1","Type I interferon response","Survival","D1",1,0,"M3",0.168927937393891,29,"是","Lung/Chest","lung infection",0,0,28,"included"
"JinHua_80","JinHua_80_d1","Ribosome biogenesis","Survival","D1",1,0,"M4",-0.62326385824238,29,"是","Lung/Chest","lung infection",0,0,28,"included"
"JinHua_81","JinHua_81_d1","PRR/TLR/TNF/NF-kB signaling","Survival","D1",1,0,"M1",0.466857473388912,14,"是","Lung/Chest","lung infection",0,0,28,"included"
"JinHua_81","JinHua_81_d1","Phagolysosome/autophagy","Survival","D1",1,0,"M2",0.425939675261229,14,"是","Lung/Chest","lung infection",0,0,28,"included"
"JinHua_81","JinHua_81_d1","Type I interferon response","Survival","D1",1,0,"M3",0.0765924731684875,14,"是","Lung/Chest","lung infection",0,0,28,"included"
"JinHua_81","JinHua_81_d1","Ribosome biogenesis","Survival","D1",1,0,"M4",-0.416626187501669,14,"是","Lung/Chest","lung infection",0,0,28,"included"
"JinHua_82","JinHua_82_d1","PRR/TLR/TNF/NF-kB signaling","Survival","D1",1,0,"M1",0.224168988824159,26,"是","Lung/Chest","lung infection",0,0,28,"included"
"JinHua_82","JinHua_82_d1","Phagolysosome/autophagy","Survival","D1",1,0,"M2",0.199194405824177,26,"是","Lung/Chest","lung infection",0,0,28,"included"
"JinHua_82","JinHua_82_d1","Type I interferon response","Survival","D1",1,0,"M3",-0.135394117915927,26,"是","Lung/Chest","lung infection",0,0,28,"included"
"JinHua_82","JinHua_82_d1","Ribosome biogenesis","Survival","D1",1,0,"M4",-0.280590674508963,26,"是","Lung/Chest","lung infection",0,0,28,"included"
"JinHua_83","JinHua_83_d1","PRR/TLR/TNF/NF-kB signaling","Mortality","D1",1,0,"M1",0.497804706203672,10,"否","Lung/Chest","lung infection",1,1,10,"included"
"JinHua_83","JinHua_83_d1","Phagolysosome/autophagy","Mortality","D1",1,0,"M2",0.377142643024388,10,"否","Lung/Chest","lung infection",1,1,10,"included"
"JinHua_83","JinHua_83_d1","Type I interferon response","Mortality","D1",1,0,"M3",0.525153753040099,10,"否","Lung/Chest","lung infection",1,1,10,"included"
"JinHua_83","JinHua_83_d1","Ribosome biogenesis","Mortality","D1",1,0,"M4",-0.543003435408058,10,"否","Lung/Chest","lung infection",1,1,10,"included"
"JinHua_84","JinHua_84_d1","PRR/TLR/TNF/NF-kB signaling","Mortality","D1",1,0,"M1",0.5534516045653,12,"否","Lung/Chest","lung infection",1,1,12,"included"
"JinHua_84","JinHua_84_d1","Phagolysosome/autophagy","Mortality","D1",1,0,"M2",0.502644569696701,12,"否","Lung/Chest","lung infection",1,1,12,"included"
"JinHua_84","JinHua_84_d1","Type I interferon response","Mortality","D1",1,0,"M3",0.310398776692778,12,"否","Lung/Chest","lung infection",1,1,12,"included"
"JinHua_84","JinHua_84_d1","Ribosome biogenesis","Mortality","D1",1,0,"M4",-0.632421204138971,12,"否","Lung/Chest","lung infection",1,1,12,"included"
"JinHua_85","JinHua_85_d1","PRR/TLR/TNF/NF-kB signaling","Mortality","D1",1,0,"M1",0.605168815725717,3,"否","Lung/Chest","lung infection",1,1,3,"included"
"JinHua_85","JinHua_85_d1","Phagolysosome/autophagy","Mortality","D1",1,0,"M2",0.588890330562013,3,"否","Lung/Chest","lung infection",1,1,3,"included"
"JinHua_85","JinHua_85_d1","Type I interferon response","Mortality","D1",1,0,"M3",0.601888488898696,3,"否","Lung/Chest","lung infection",1,1,3,"included"
"JinHua_85","JinHua_85_d1","Ribosome biogenesis","Mortality","D1",1,0,"M4",-0.375140026440672,3,"否","Lung/Chest","lung infection",1,1,3,"included"
"JinHua_86","JinHua_86_d1","PRR/TLR/TNF/NF-kB signaling","Survival","D1",1,0,"M1",0.202199488396182,13,"是","Brain","non-lung infection",0,0,28,"included"
"JinHua_86","JinHua_86_d1","Phagolysosome/autophagy","Survival","D1",1,0,"M2",0.112918532074296,13,"是","Brain","non-lung infection",0,0,28,"included"
"JinHua_86","JinHua_86_d1","Type I interferon response","Survival","D1",1,0,"M3",0.457678246580108,13,"是","Brain","non-lung infection",0,0,28,"included"
"JinHua_86","JinHua_86_d1","Ribosome biogenesis","Survival","D1",1,0,"M4",-0.482606014656813,13,"是","Brain","non-lung infection",0,0,28,"included"
"JinHua_87","JinHua_87_d1","PRR/TLR/TNF/NF-kB signaling","Survival","D1",1,0,"M1",-0.428849353785272,23,"是","Abdomen","non-lung infection",0,0,28,"included"
"JinHua_87","JinHua_87_d1","Phagolysosome/autophagy","Survival","D1",1,0,"M2",-0.357861689157811,23,"是","Abdomen","non-lung infection",0,0,28,"included"
"JinHua_87","JinHua_87_d1","Type I interferon response","Survival","D1",1,0,"M3",-0.467901307457214,23,"是","Abdomen","non-lung infection",0,0,28,"included"
"JinHua_87","JinHua_87_d1","Ribosome biogenesis","Survival","D1",1,0,"M4",0.558936087319521,23,"是","Abdomen","non-lung infection",0,0,28,"included"
"JinHua_88","JinHua_88_d1","PRR/TLR/TNF/NF-kB signaling","Survival","D1",1,0,"M1",0.114835333730697,9,"是","Lung/Chest","lung infection",0,0,28,"included"
"JinHua_88","JinHua_88_d1","Phagolysosome/autophagy","Survival","D1",1,0,"M2",-0.28752411081908,9,"是","Lung/Chest","lung infection",0,0,28,"included"
"JinHua_88","JinHua_88_d1","Type I interferon response","Survival","D1",1,0,"M3",0.23116411034564,9,"是","Lung/Chest","lung infection",0,0,28,"included"
"JinHua_88","JinHua_88_d1","Ribosome biogenesis","Survival","D1",1,0,"M4",0.254463516672252,9,"是","Lung/Chest","lung infection",0,0,28,"included"
"JinHua_89","JinHua_89_d1","PRR/TLR/TNF/NF-kB signaling","Survival","D1",1,0,"M1",0.406500177215834,6,"是","Lung/Chest","lung infection",0,0,28,"included"
"JinHua_89","JinHua_89_d1","Phagolysosome/autophagy","Survival","D1",1,0,"M2",0.39586651163792,6,"是","Lung/Chest","lung infection",0,0,28,"included"
"JinHua_89","JinHua_89_d1","Type I interferon response","Survival","D1",1,0,"M3",0.479926149217689,6,"是","Lung/Chest","lung infection",0,0,28,"included"
"JinHua_89","JinHua_89_d1","Ribosome biogenesis","Survival","D1",1,0,"M4",-0.170118692845596,6,"是","Lung/Chest","lung infection",0,0,28,"included"
"JinHua_9","JinHua_9_d1","PRR/TLR/TNF/NF-kB signaling","Survival","D1",1,0,"M1",-0.3455349814618,16,"是","Abdomen","non-lung infection",0,0,28,"included"
"JinHua_9","JinHua_9_d1","Phagolysosome/autophagy","Survival","D1",1,0,"M2",-0.0747996043548556,16,"是","Abdomen","non-lung infection",0,0,28,"included"
"JinHua_9","JinHua_9_d1","Type I interferon response","Survival","D1",1,0,"M3",-0.179620232517827,16,"是","Abdomen","non-lung infection",0,0,28,"included"
"JinHua_9","JinHua_9_d1","Ribosome biogenesis","Survival","D1",1,0,"M4",0.609610481106488,16,"是","Abdomen","non-lung infection",0,0,28,"included"
"JinHua_90","JinHua_90_d1","PRR/TLR/TNF/NF-kB signaling","Survival","D1",1,0,"M1",0.62388744843548,18,"是","SoftTissue","non-lung infection",0,0,28,"included"
"JinHua_90","JinHua_90_d1","Phagolysosome/autophagy","Survival","D1",1,0,"M2",0.633251318268766,18,"是","SoftTissue","non-lung infection",0,0,28,"included"
"JinHua_90","JinHua_90_d1","Type I interferon response","Survival","D1",1,0,"M3",0.328234922397544,18,"是","SoftTissue","non-lung infection",0,0,28,"included"
"JinHua_90","JinHua_90_d1","Ribosome biogenesis","Survival","D1",1,0,"M4",-0.663626896359279,18,"是","SoftTissue","non-lung infection",0,0,28,"included"
"JinHua_91","JinHua_91_d1","PRR/TLR/TNF/NF-kB signaling","Mortality","D1",1,0,"M1",0.567367433020861,16,"否","Lung/Chest","lung infection",1,1,16,"included"
"JinHua_91","JinHua_91_d1","Phagolysosome/autophagy","Mortality","D1",1,0,"M2",0.596852440228253,16,"否","Lung/Chest","lung infection",1,1,16,"included"
"JinHua_91","JinHua_91_d1","Type I interferon response","Mortality","D1",1,0,"M3",0.130398382210008,16,"否","Lung/Chest","lung infection",1,1,16,"included"
"JinHua_91","JinHua_91_d1","Ribosome biogenesis","Mortality","D1",1,0,"M4",-0.634350464577499,16,"否","Lung/Chest","lung infection",1,1,16,"included"
"JinHua_92","JinHua_92_d1","PRR/TLR/TNF/NF-kB signaling","Survival","D1",1,0,"M1",0.454921024549652,6,"是","Urinary","non-lung infection",0,0,28,"included"
"JinHua_92","JinHua_92_d1","Phagolysosome/autophagy","Survival","D1",1,0,"M2",0.376830182776752,6,"是","Urinary","non-lung infection",0,0,28,"included"
"JinHua_92","JinHua_92_d1","Type I interferon response","Survival","D1",1,0,"M3",0.540780383238337,6,"是","Urinary","non-lung infection",0,0,28,"included"
"JinHua_92","JinHua_92_d1","Ribosome biogenesis","Survival","D1",1,0,"M4",-0.385149128674565,6,"是","Urinary","non-lung infection",0,0,28,"included"
"JinHua_93","JinHua_93_d1","PRR/TLR/TNF/NF-kB signaling","Mortality","D1",1,0,"M1",0.499572114971321,4,"否","Biliary/Liver","non-lung infection",1,1,4,"included"
"JinHua_93","JinHua_93_d1","Phagolysosome/autophagy","Mortality","D1",1,0,"M2",0.511236564747619,4,"否","Biliary/Liver","non-lung infection",1,1,4,"included"
"JinHua_93","JinHua_93_d1","Type I interferon response","Mortality","D1",1,0,"M3",0.199504761222935,4,"否","Biliary/Liver","non-lung infection",1,1,4,"included"
"JinHua_93","JinHua_93_d1","Ribosome biogenesis","Mortality","D1",1,0,"M4",-0.213507578028758,4,"否","Biliary/Liver","non-lung infection",1,1,4,"included"
"JinHua_94","JinHua_94_d1","PRR/TLR/TNF/NF-kB signaling","Survival","D1",1,0,"M1",0.0134756053754131,3,"是","Lung/Chest","lung infection",0,0,28,"included"
"JinHua_94","JinHua_94_d1","Phagolysosome/autophagy","Survival","D1",1,0,"M2",-0.0647117421190081,3,"是","Lung/Chest","lung infection",0,0,28,"included"
"JinHua_94","JinHua_94_d1","Type I interferon response","Survival","D1",1,0,"M3",0.309046681502258,3,"是","Lung/Chest","lung infection",0,0,28,"included"
"JinHua_94","JinHua_94_d1","Ribosome biogenesis","Survival","D1",1,0,"M4",0.544902400316802,3,"是","Lung/Chest","lung infection",0,0,28,"included"
"JinHua_95","JinHua_95_d1","PRR/TLR/TNF/NF-kB signaling","Survival","D1",1,0,"M1",0.599411929863078,10,"是","Lung/Chest","lung infection",0,0,28,"included"
"JinHua_95","JinHua_95_d1","Phagolysosome/autophagy","Survival","D1",1,0,"M2",0.560296218798045,10,"是","Lung/Chest","lung infection",0,0,28,"included"
"JinHua_95","JinHua_95_d1","Type I interferon response","Survival","D1",1,0,"M3",0.271685420321969,10,"是","Lung/Chest","lung infection",0,0,28,"included"
"JinHua_95","JinHua_95_d1","Ribosome biogenesis","Survival","D1",1,0,"M4",-0.647565500190293,10,"是","Lung/Chest","lung infection",0,0,28,"included"
"JinHua_96","JinHua_96_d1","PRR/TLR/TNF/NF-kB signaling","Survival","D1",1,0,"M1",0.600041099757365,21,"是","Urinary","non-lung infection",0,0,28,"included"
"JinHua_96","JinHua_96_d1","Phagolysosome/autophagy","Survival","D1",1,0,"M2",0.604821486909305,21,"是","Urinary","non-lung infection",0,0,28,"included"
"JinHua_96","JinHua_96_d1","Type I interferon response","Survival","D1",1,0,"M3",0.468206442466916,21,"是","Urinary","non-lung infection",0,0,28,"included"
"JinHua_96","JinHua_96_d1","Ribosome biogenesis","Survival","D1",1,0,"M4",-0.733696089122119,21,"是","Urinary","non-lung infection",0,0,28,"included"
"JinHua_97","JinHua_97_d1","PRR/TLR/TNF/NF-kB signaling","Survival","D1",1,0,"M1",0.384824047267031,13,"是","Lung/Chest","lung infection",0,0,28,"included"
"JinHua_97","JinHua_97_d1","Phagolysosome/autophagy","Survival","D1",1,0,"M2",0.317186230516933,13,"是","Lung/Chest","lung infection",0,0,28,"included"
"JinHua_97","JinHua_97_d1","Type I interferon response","Survival","D1",1,0,"M3",0.000611826165297535,13,"是","Lung/Chest","lung infection",0,0,28,"included"
"JinHua_97","JinHua_97_d1","Ribosome biogenesis","Survival","D1",1,0,"M4",0.0393883451953941,13,"是","Lung/Chest","lung infection",0,0,28,"included"
"JinHua_98","JinHua_98_d1","PRR/TLR/TNF/NF-kB signaling","Survival","D1",1,0,"M1",-0.283965483838033,20,"是","SoftTissue","non-lung infection",0,0,28,"included"
"JinHua_98","JinHua_98_d1","Phagolysosome/autophagy","Survival","D1",1,0,"M2",-0.356766699549973,20,"是","SoftTissue","non-lung infection",0,0,28,"included"
"JinHua_98","JinHua_98_d1","Type I interferon response","Survival","D1",1,0,"M3",-0.394721469811994,20,"是","SoftTissue","non-lung infection",0,0,28,"included"
"JinHua_98","JinHua_98_d1","Ribosome biogenesis","Survival","D1",1,0,"M4",0.669034406078671,20,"是","SoftTissue","non-lung infection",0,0,28,"included"
"JinHua_99","JinHua_99_d1","PRR/TLR/TNF/NF-kB signaling","Survival","D1",1,0,"M1",0.608567500202098,20,"是","Lung/Chest","lung infection",0,0,28,"included"
"JinHua_99","JinHua_99_d1","Phagolysosome/autophagy","Survival","D1",1,0,"M2",0.469861382815558,20,"是","Lung/Chest","lung infection",0,0,28,"included"
"JinHua_99","JinHua_99_d1","Type I interferon response","Survival","D1",1,0,"M3",0.679359195945161,20,"是","Lung/Chest","lung infection",0,0,28,"included"
"JinHua_99","JinHua_99_d1","Ribosome biogenesis","Survival","D1",1,0,"M4",-0.577252898176048,20,"是","Lung/Chest","lung infection",0,0,28,"included"
"SSR_1","SSR_1_d1","PRR/TLR/TNF/NF-kB signaling","Survival","D1",1,0,"M1",0.239994119757763,3.44166666666667,"是","泌尿系感染","non-lung infection",0,0,28,"included"
"SSR_1","SSR_1_d1","Phagolysosome/autophagy","Survival","D1",1,0,"M2",0.341945538960351,3.44166666666667,"是","泌尿系感染","non-lung infection",0,0,28,"included"
"SSR_1","SSR_1_d1","Type I interferon response","Survival","D1",1,0,"M3",0.0680295372368319,3.44166666666667,"是","泌尿系感染","non-lung infection",0,0,28,"included"
"SSR_1","SSR_1_d1","Ribosome biogenesis","Survival","D1",1,0,"M4",0.171891977670125,3.44166666666667,"是","泌尿系感染","non-lung infection",0,0,28,"included"
"SSR_10","SSR_10_d1","PRR/TLR/TNF/NF-kB signaling","Survival","D1",1,0,"M1",0.246468436047043,48.0513888888889,"是","胆源性","non-lung infection",0,0,28,"included"
"SSR_10","SSR_10_d1","Phagolysosome/autophagy","Survival","D1",1,0,"M2",0.30936022023711,48.0513888888889,"是","胆源性","non-lung infection",0,0,28,"included"
"SSR_10","SSR_10_d1","Type I interferon response","Survival","D1",1,0,"M3",0.100402800471261,48.0513888888889,"是","胆源性","non-lung infection",0,0,28,"included"
"SSR_10","SSR_10_d1","Ribosome biogenesis","Survival","D1",1,0,"M4",-0.401880081011674,48.0513888888889,"是","胆源性","non-lung infection",0,0,28,"included"
"SSR_100","SSR_100_d1","PRR/TLR/TNF/NF-kB signaling","Survival","D1",1,0,"M1",0.609956784508896,14.2013888888889,"是","血源性","non-lung infection",0,0,28,"included"
"SSR_100","SSR_100_d1","Phagolysosome/autophagy","Survival","D1",1,0,"M2",0.55739098289255,14.2013888888889,"是","血源性","non-lung infection",0,0,28,"included"
"SSR_100","SSR_100_d1","Type I interferon response","Survival","D1",1,0,"M3",0.772711666015078,14.2013888888889,"是","血源性","non-lung infection",0,0,28,"included"
"SSR_100","SSR_100_d1","Ribosome biogenesis","Survival","D1",1,0,"M4",-0.700371943531093,14.2013888888889,"是","血源性","non-lung infection",0,0,28,"included"
"SSR_101","SSR_101_d1","PRR/TLR/TNF/NF-kB signaling","Survival","D1",1,0,"M1",0.419182063987987,15.94375,"是","肺","lung infection",0,0,28,"included"
"SSR_101","SSR_101_d1","Phagolysosome/autophagy","Survival","D1",1,0,"M2",0.413875778930721,15.94375,"是","肺","lung infection",0,0,28,"included"
"SSR_101","SSR_101_d1","Type I interferon response","Survival","D1",1,0,"M3",0.0371169659936554,15.94375,"是","肺","lung infection",0,0,28,"included"
"SSR_101","SSR_101_d1","Ribosome biogenesis","Survival","D1",1,0,"M4",-0.638433660815566,15.94375,"是","肺","lung infection",0,0,28,"included"
"SSR_102","SSR_102_d1","PRR/TLR/TNF/NF-kB signaling","Survival","D1",1,0,"M1",0.610979104679797,13.1194444444444,"是","泌尿系","non-lung infection",0,0,28,"included"
"SSR_102","SSR_102_d1","Phagolysosome/autophagy","Survival","D1",1,0,"M2",0.51026080031038,13.1194444444444,"是","泌尿系","non-lung infection",0,0,28,"included"
"SSR_102","SSR_102_d1","Type I interferon response","Survival","D1",1,0,"M3",0.535530106872861,13.1194444444444,"是","泌尿系","non-lung infection",0,0,28,"included"
"SSR_102","SSR_102_d1","Ribosome biogenesis","Survival","D1",1,0,"M4",-0.5894851504803,13.1194444444444,"是","泌尿系","non-lung infection",0,0,28,"included"
"SSR_103","SSR_103_d1","PRR/TLR/TNF/NF-kB signaling","Survival","D1",1,0,"M1",0.146101678579749,17.8270833333333,"是","血源性、输尿管","non-lung infection",0,0,28,"included"
"SSR_103","SSR_103_d1","Phagolysosome/autophagy","Survival","D1",1,0,"M2",0.109594483658685,17.8270833333333,"是","血源性、输尿管","non-lung infection",0,0,28,"included"
"SSR_103","SSR_103_d1","Type I interferon response","Survival","D1",1,0,"M3",0.594054362910381,17.8270833333333,"是","血源性、输尿管","non-lung infection",0,0,28,"included"
"SSR_103","SSR_103_d1","Ribosome biogenesis","Survival","D1",1,0,"M4",-0.163294331156718,17.8270833333333,"是","血源性、输尿管","non-lung infection",0,0,28,"included"
"SSR_104","SSR_104_d1","PRR/TLR/TNF/NF-kB signaling","Mortality","D1",1,0,"M1",-0.0996153230534465,0.0111111111111111,"否","肺部","lung infection",1,1,0.0111111111111111,"included"
"SSR_104","SSR_104_d1","Phagolysosome/autophagy","Mortality","D1",1,0,"M2",-0.0489452560618139,0.0111111111111111,"否","肺部","lung infection",1,1,0.0111111111111111,"included"
"SSR_104","SSR_104_d1","Type I interferon response","Mortality","D1",1,0,"M3",0.0640732551458694,0.0111111111111111,"否","肺部","lung infection",1,1,0.0111111111111111,"included"
"SSR_104","SSR_104_d1","Ribosome biogenesis","Mortality","D1",1,0,"M4",-0.147469058031086,0.0111111111111111,"否","肺部","lung infection",1,1,0.0111111111111111,"included"
"SSR_105","SSR_105_d1","PRR/TLR/TNF/NF-kB signaling","Survival","D1",1,0,"M1",0.0125946396449977,12.9472222222222,"是","腹部","non-lung infection",0,0,28,"included"
"SSR_105","SSR_105_d1","Phagolysosome/autophagy","Survival","D1",1,0,"M2",-0.217657076987084,12.9472222222222,"是","腹部","non-lung infection",0,0,28,"included"
"SSR_105","SSR_105_d1","Type I interferon response","Survival","D1",1,0,"M3",0.0122622302940932,12.9472222222222,"是","腹部","non-lung infection",0,0,28,"included"
"SSR_105","SSR_105_d1","Ribosome biogenesis","Survival","D1",1,0,"M4",0.0915201287538611,12.9472222222222,"是","腹部","non-lung infection",0,0,28,"included"
"SSR_106","SSR_106_d1","PRR/TLR/TNF/NF-kB signaling","Survival","D1",1,0,"M1",-0.0303852155522096,15.3368055555556,"是","肺部","lung infection",0,0,28,"included"
"SSR_106","SSR_106_d1","Phagolysosome/autophagy","Survival","D1",1,0,"M2",-0.151361823779346,15.3368055555556,"是","肺部","lung infection",0,0,28,"included"
"SSR_106","SSR_106_d1","Type I interferon response","Survival","D1",1,0,"M3",0.147028027883178,15.3368055555556,"是","肺部","lung infection",0,0,28,"included"
"SSR_106","SSR_106_d1","Ribosome biogenesis","Survival","D1",1,0,"M4",-0.243373788057232,15.3368055555556,"是","肺部","lung infection",0,0,28,"included"
"SSR_107","SSR_107_d1","PRR/TLR/TNF/NF-kB signaling","Mortality","D1",1,0,"M1",-0.303774041237891,18.5958333333333,"否","肺部","lung infection",1,1,18.5958333333333,"included"
"SSR_107","SSR_107_d1","Phagolysosome/autophagy","Mortality","D1",1,0,"M2",-0.448904301590003,18.5958333333333,"否","肺部","lung infection",1,1,18.5958333333333,"included"
"SSR_107","SSR_107_d1","Type I interferon response","Mortality","D1",1,0,"M3",0.186855632237118,18.5958333333333,"否","肺部","lung infection",1,1,18.5958333333333,"included"
"SSR_107","SSR_107_d1","Ribosome biogenesis","Mortality","D1",1,0,"M4",0.00745811834738908,18.5958333333333,"否","肺部","lung infection",1,1,18.5958333333333,"included"
"SSR_108","SSR_108_d1","PRR/TLR/TNF/NF-kB signaling","Survival","D1",1,0,"M1",0.388298924896666,12.5770833333333,"是","泌尿道、腹部","non-lung infection",0,0,28,"included"
"SSR_108","SSR_108_d1","Phagolysosome/autophagy","Survival","D1",1,0,"M2",0.366070675555787,12.5770833333333,"是","泌尿道、腹部","non-lung infection",0,0,28,"included"
"SSR_108","SSR_108_d1","Type I interferon response","Survival","D1",1,0,"M3",-0.0536136480307535,12.5770833333333,"是","泌尿道、腹部","non-lung infection",0,0,28,"included"
"SSR_108","SSR_108_d1","Ribosome biogenesis","Survival","D1",1,0,"M4",-0.428404179663736,12.5770833333333,"是","泌尿道、腹部","non-lung infection",0,0,28,"included"
"SSR_109","SSR_109_d1","PRR/TLR/TNF/NF-kB signaling","Mortality","D1",1,0,"M1",-0.00415350637622997,16.3138888888889,"否","肺部","lung infection",1,1,16.3138888888889,"included"
"SSR_109","SSR_109_d1","Phagolysosome/autophagy","Mortality","D1",1,0,"M2",-0.357149100311508,16.3138888888889,"否","肺部","lung infection",1,1,16.3138888888889,"included"
"SSR_109","SSR_109_d1","Type I interferon response","Mortality","D1",1,0,"M3",0.0703722785983322,16.3138888888889,"否","肺部","lung infection",1,1,16.3138888888889,"included"
"SSR_109","SSR_109_d1","Ribosome biogenesis","Mortality","D1",1,0,"M4",0.265280511520063,16.3138888888889,"否","肺部","lung infection",1,1,16.3138888888889,"included"
"SSR_11","SSR_11_d1","PRR/TLR/TNF/NF-kB signaling","Mortality","D1",1,0,"M1",0.0141232347016238,8.39444444444444,"否","肺部","lung infection",1,1,8.39444444444444,"included"
"SSR_11","SSR_11_d1","Phagolysosome/autophagy","Mortality","D1",1,0,"M2",0.006221670472525,8.39444444444444,"否","肺部","lung infection",1,1,8.39444444444444,"included"
"SSR_11","SSR_11_d1","Type I interferon response","Mortality","D1",1,0,"M3",-0.129634082425225,8.39444444444444,"否","肺部","lung infection",1,1,8.39444444444444,"included"
"SSR_11","SSR_11_d1","Ribosome biogenesis","Mortality","D1",1,0,"M4",-0.171351901925546,8.39444444444444,"否","肺部","lung infection",1,1,8.39444444444444,"included"
"SSR_110","SSR_110_d1","PRR/TLR/TNF/NF-kB signaling","Survival","D1",1,0,"M1",0.435603625158186,12.4048611111111,"是","泌尿道、血源性","non-lung infection",0,0,28,"included"
"SSR_110","SSR_110_d1","Phagolysosome/autophagy","Survival","D1",1,0,"M2",0.365834817516498,12.4048611111111,"是","泌尿道、血源性","non-lung infection",0,0,28,"included"
"SSR_110","SSR_110_d1","Type I interferon response","Survival","D1",1,0,"M3",0.520940615838591,12.4048611111111,"是","泌尿道、血源性","non-lung infection",0,0,28,"included"
"SSR_110","SSR_110_d1","Ribosome biogenesis","Survival","D1",1,0,"M4",0.0156516979944068,12.4048611111111,"是","泌尿道、血源性","non-lung infection",0,0,28,"included"
"SSR_111","SSR_111_d1","PRR/TLR/TNF/NF-kB signaling","Survival","D1",1,0,"M1",0.445881163599251,8.54513888888889,"是","胆管","non-lung infection",0,0,28,"included"
"SSR_111","SSR_111_d1","Phagolysosome/autophagy","Survival","D1",1,0,"M2",0.539186986674836,8.54513888888889,"是","胆管","non-lung infection",0,0,28,"included"
"SSR_111","SSR_111_d1","Type I interferon response","Survival","D1",1,0,"M3",0.255021247915397,8.54513888888889,"是","胆管","non-lung infection",0,0,28,"included"
"SSR_111","SSR_111_d1","Ribosome biogenesis","Survival","D1",1,0,"M4",-0.603106790327962,8.54513888888889,"是","胆管","non-lung infection",0,0,28,"included"
"SSR_112","SSR_112_d1","PRR/TLR/TNF/NF-kB signaling","Mortality","D1",1,0,"M1",0.0700159776568988,367.416666666667,"否","肺部","lung infection",1,0,28,"included"
"SSR_112","SSR_112_d1","Phagolysosome/autophagy","Mortality","D1",1,0,"M2",-0.0393512562459495,367.416666666667,"否","肺部","lung infection",1,0,28,"included"
"SSR_112","SSR_112_d1","Type I interferon response","Mortality","D1",1,0,"M3",-0.0335812786566363,367.416666666667,"否","肺部","lung infection",1,0,28,"included"
"SSR_112","SSR_112_d1","Ribosome biogenesis","Mortality","D1",1,0,"M4",0.647923491875387,367.416666666667,"否","肺部","lung infection",1,0,28,"included"
"SSR_113","SSR_113_d1","PRR/TLR/TNF/NF-kB signaling","Survival","D1",1,0,"M1",0.575612691807782,8.03194444444444,"是","泌尿道","non-lung infection",0,0,28,"included"
"SSR_113","SSR_113_d1","Phagolysosome/autophagy","Survival","D1",1,0,"M2",0.55768162264294,8.03194444444444,"是","泌尿道","non-lung infection",0,0,28,"included"
"SSR_113","SSR_113_d1","Type I interferon response","Survival","D1",1,0,"M3",0.482089961317154,8.03194444444444,"是","泌尿道","non-lung infection",0,0,28,"included"
"SSR_113","SSR_113_d1","Ribosome biogenesis","Survival","D1",1,0,"M4",-0.535728473291756,8.03194444444444,"是","泌尿道","non-lung infection",0,0,28,"included"
"SSR_114","SSR_114_d1","PRR/TLR/TNF/NF-kB signaling","Survival","D1",1,0,"M1",0.426370188583212,8.23611111111111,"是","泌尿道","non-lung infection",0,0,28,"included"
"SSR_114","SSR_114_d1","Phagolysosome/autophagy","Survival","D1",1,0,"M2",0.323045054339465,8.23611111111111,"是","泌尿道","non-lung infection",0,0,28,"included"
"SSR_114","SSR_114_d1","Type I interferon response","Survival","D1",1,0,"M3",0.229701316383045,8.23611111111111,"是","泌尿道","non-lung infection",0,0,28,"included"
"SSR_114","SSR_114_d1","Ribosome biogenesis","Survival","D1",1,0,"M4",0.15151650093117,8.23611111111111,"是","泌尿道","non-lung infection",0,0,28,"included"
"SSR_115","SSR_115_d1","PRR/TLR/TNF/NF-kB signaling","Mortality","D1",1,0,"M1",0.205463422345658,32.4576388888889,"否","肺部","lung infection",1,0,28,"included"
"SSR_115","SSR_115_d1","Phagolysosome/autophagy","Mortality","D1",1,0,"M2",-0.0423725133179668,32.4576388888889,"否","肺部","lung infection",1,0,28,"included"
"SSR_115","SSR_115_d1","Type I interferon response","Mortality","D1",1,0,"M3",0.188575773624716,32.4576388888889,"否","肺部","lung infection",1,0,28,"included"
"SSR_115","SSR_115_d1","Ribosome biogenesis","Mortality","D1",1,0,"M4",-0.267232048177911,32.4576388888889,"否","肺部","lung infection",1,0,28,"included"
"SSR_116","SSR_116_d1","PRR/TLR/TNF/NF-kB signaling","Survival","D1",1,0,"M1",-0.458797715497823,8.46736111111111,"是","泌尿道","non-lung infection",0,0,28,"included"
"SSR_116","SSR_116_d1","Phagolysosome/autophagy","Survival","D1",1,0,"M2",-0.413820425282172,8.46736111111111,"是","泌尿道","non-lung infection",0,0,28,"included"
"SSR_116","SSR_116_d1","Type I interferon response","Survival","D1",1,0,"M3",-0.265970199065308,8.46736111111111,"是","泌尿道","non-lung infection",0,0,28,"included"
"SSR_116","SSR_116_d1","Ribosome biogenesis","Survival","D1",1,0,"M4",0.327234705235781,8.46736111111111,"是","泌尿道","non-lung infection",0,0,28,"included"
"SSR_117","SSR_117_d1","PRR/TLR/TNF/NF-kB signaling","Survival","D1",1,0,"M1",0.349198224228554,10,"是","胆管","non-lung infection",0,0,28,"included"
"SSR_117","SSR_117_d1","Phagolysosome/autophagy","Survival","D1",1,0,"M2",0.393075301430902,10,"是","胆管","non-lung infection",0,0,28,"included"
"SSR_117","SSR_117_d1","Type I interferon response","Survival","D1",1,0,"M3",0.201754408492279,10,"是","胆管","non-lung infection",0,0,28,"included"
"SSR_117","SSR_117_d1","Ribosome biogenesis","Survival","D1",1,0,"M4",0.172344222128103,10,"是","胆管","non-lung infection",0,0,28,"included"
"SSR_118","SSR_118_d1","PRR/TLR/TNF/NF-kB signaling","Survival","D1",1,0,"M1",0.61863392981898,8.00694444444444,"是","输尿管","non-lung infection",0,0,28,"included"
"SSR_118","SSR_118_d1","Phagolysosome/autophagy","Survival","D1",1,0,"M2",0.611220703690183,8.00694444444444,"是","输尿管","non-lung infection",0,0,28,"included"
"SSR_118","SSR_118_d1","Type I interferon response","Survival","D1",1,0,"M3",0.470938034771602,8.00694444444444,"是","输尿管","non-lung infection",0,0,28,"included"
"SSR_118","SSR_118_d1","Ribosome biogenesis","Survival","D1",1,0,"M4",-0.62826461542917,8.00694444444444,"是","输尿管","non-lung infection",0,0,28,"included"
"SSR_12","SSR_12_d1","PRR/TLR/TNF/NF-kB signaling","Survival","D1",1,0,"M1",-0.127527279354356,18.4409722222222,"是","颅内感染？胃肠道感染？血流感染？","non-lung infection",0,0,28,"included"
"SSR_12","SSR_12_d1","Phagolysosome/autophagy","Survival","D1",1,0,"M2",-0.170238915620046,18.4409722222222,"是","颅内感染？胃肠道感染？血流感染？","non-lung infection",0,0,28,"included"
"SSR_12","SSR_12_d1","Type I interferon response","Survival","D1",1,0,"M3",0.0395200852256803,18.4409722222222,"是","颅内感染？胃肠道感染？血流感染？","non-lung infection",0,0,28,"included"
"SSR_12","SSR_12_d1","Ribosome biogenesis","Survival","D1",1,0,"M4",0.169990408252348,18.4409722222222,"是","颅内感染？胃肠道感染？血流感染？","non-lung infection",0,0,28,"included"
"SSR_120","SSR_120_d1","PRR/TLR/TNF/NF-kB signaling","Survival","D1",1,0,"M1",-0.0696323722515305,13.3333333333333,"是","血源性","non-lung infection",0,0,28,"included"
"SSR_120","SSR_120_d1","Phagolysosome/autophagy","Survival","D1",1,0,"M2",-0.1438317607648,13.3333333333333,"是","血源性","non-lung infection",0,0,28,"included"
"SSR_120","SSR_120_d1","Type I interferon response","Survival","D1",1,0,"M3",0.24875351010433,13.3333333333333,"是","血源性","non-lung infection",0,0,28,"included"
"SSR_120","SSR_120_d1","Ribosome biogenesis","Survival","D1",1,0,"M4",0.69934830151874,13.3333333333333,"是","血源性","non-lung infection",0,0,28,"included"
"SSR_121","SSR_121_d1","PRR/TLR/TNF/NF-kB signaling","Survival","D1",1,0,"M1",0.29515380931924,11.9604166666667,"是","肝脏","non-lung infection",0,0,28,"included"
"SSR_121","SSR_121_d1","Phagolysosome/autophagy","Survival","D1",1,0,"M2",0.241239007506269,11.9604166666667,"是","肝脏","non-lung infection",0,0,28,"included"
"SSR_121","SSR_121_d1","Type I interferon response","Survival","D1",1,0,"M3",0.529462298817208,11.9604166666667,"是","肝脏","non-lung infection",0,0,28,"included"
"SSR_121","SSR_121_d1","Ribosome biogenesis","Survival","D1",1,0,"M4",0.237032231961417,11.9604166666667,"是","肝脏","non-lung infection",0,0,28,"included"
"SSR_122","SSR_122_d1","PRR/TLR/TNF/NF-kB signaling","Survival","D1",1,0,"M1",0.578904306627928,5.95069444444444,"是","消化道","non-lung infection",0,0,28,"included"
"SSR_122","SSR_122_d1","Phagolysosome/autophagy","Survival","D1",1,0,"M2",0.39695187893228,5.95069444444444,"是","消化道","non-lung infection",0,0,28,"included"
"SSR_122","SSR_122_d1","Type I interferon response","Survival","D1",1,0,"M3",0.44604132010736,5.95069444444444,"是","消化道","non-lung infection",0,0,28,"included"
"SSR_122","SSR_122_d1","Ribosome biogenesis","Survival","D1",1,0,"M4",-0.567150324429741,5.95069444444444,"是","消化道","non-lung infection",0,0,28,"included"
"SSR_123","SSR_123_d1","PRR/TLR/TNF/NF-kB signaling","Survival","D1",1,0,"M1",-0.228279814442924,14.4305555555556,"是","无","non-lung infection",0,0,28,"included"
"SSR_123","SSR_123_d1","Phagolysosome/autophagy","Survival","D1",1,0,"M2",-0.177791045808236,14.4305555555556,"是","无","non-lung infection",0,0,28,"included"
"SSR_123","SSR_123_d1","Type I interferon response","Survival","D1",1,0,"M3",0.0386978390878389,14.4305555555556,"是","无","non-lung infection",0,0,28,"included"
"SSR_123","SSR_123_d1","Ribosome biogenesis","Survival","D1",1,0,"M4",0.463321708311144,14.4305555555556,"是","无","non-lung infection",0,0,28,"included"
"SSR_124","SSR_124_d1","PRR/TLR/TNF/NF-kB signaling","Survival","D1",1,0,"M1",0.423909565529627,26.0694444444444,"是","腹腔","non-lung infection",0,0,28,"included"
"SSR_124","SSR_124_d1","Phagolysosome/autophagy","Survival","D1",1,0,"M2",0.481805629153946,26.0694444444444,"是","腹腔","non-lung infection",0,0,28,"included"
"SSR_124","SSR_124_d1","Type I interferon response","Survival","D1",1,0,"M3",0.119075671993606,26.0694444444444,"是","腹腔","non-lung infection",0,0,28,"included"
"SSR_124","SSR_124_d1","Ribosome biogenesis","Survival","D1",1,0,"M4",-0.173243279813821,26.0694444444444,"是","腹腔","non-lung infection",0,0,28,"included"
"SSR_125","SSR_125_d1","PRR/TLR/TNF/NF-kB signaling","Survival","D1",1,0,"M1",0.399856406535549,18.6548611111111,"是","泌尿道","non-lung infection",0,0,28,"included"
"SSR_125","SSR_125_d1","Phagolysosome/autophagy","Survival","D1",1,0,"M2",0.364527156221128,18.6548611111111,"是","泌尿道","non-lung infection",0,0,28,"included"
"SSR_125","SSR_125_d1","Type I interferon response","Survival","D1",1,0,"M3",0.35257569582641,18.6548611111111,"是","泌尿道","non-lung infection",0,0,28,"included"
"SSR_125","SSR_125_d1","Ribosome biogenesis","Survival","D1",1,0,"M4",-0.0719553343633775,18.6548611111111,"是","泌尿道","non-lung infection",0,0,28,"included"
"SSR_126","SSR_126_d1","PRR/TLR/TNF/NF-kB signaling","Survival","D1",1,0,"M1",0.344604845262086,27.725,"是","泌尿道","non-lung infection",0,0,28,"included"
"SSR_126","SSR_126_d1","Phagolysosome/autophagy","Survival","D1",1,0,"M2",0.339328468218001,27.725,"是","泌尿道","non-lung infection",0,0,28,"included"
"SSR_126","SSR_126_d1","Type I interferon response","Survival","D1",1,0,"M3",0.243520736431209,27.725,"是","泌尿道","non-lung infection",0,0,28,"included"
"SSR_126","SSR_126_d1","Ribosome biogenesis","Survival","D1",1,0,"M4",-0.238007133073051,27.725,"是","泌尿道","non-lung infection",0,0,28,"included"
"SSR_127","SSR_127_d1","PRR/TLR/TNF/NF-kB signaling","Survival","D1",1,0,"M1",0.00450731325348741,14.2256944444444,"是","肺部","lung infection",0,0,28,"included"
"SSR_127","SSR_127_d1","Phagolysosome/autophagy","Survival","D1",1,0,"M2",-0.00890913633692536,14.2256944444444,"是","肺部","lung infection",0,0,28,"included"
"SSR_127","SSR_127_d1","Type I interferon response","Survival","D1",1,0,"M3",-0.261607629934383,14.2256944444444,"是","肺部","lung infection",0,0,28,"included"
"SSR_127","SSR_127_d1","Ribosome biogenesis","Survival","D1",1,0,"M4",-0.0798131710076164,14.2256944444444,"是","肺部","lung infection",0,0,28,"included"
"SSR_128","SSR_128_d1","PRR/TLR/TNF/NF-kB signaling","Survival","D1",1,0,"M1",0.619572689618559,17.9701388888889,"是","泌尿道","non-lung infection",0,0,28,"included"
"SSR_128","SSR_128_d1","Phagolysosome/autophagy","Survival","D1",1,0,"M2",0.671189498632527,17.9701388888889,"是","泌尿道","non-lung infection",0,0,28,"included"
"SSR_128","SSR_128_d1","Type I interferon response","Survival","D1",1,0,"M3",0.384056943315411,17.9701388888889,"是","泌尿道","non-lung infection",0,0,28,"included"
"SSR_128","SSR_128_d1","Ribosome biogenesis","Survival","D1",1,0,"M4",-0.676366909940869,17.9701388888889,"是","泌尿道","non-lung infection",0,0,28,"included"
"SSR_129","SSR_129_d1","PRR/TLR/TNF/NF-kB signaling","Survival","D1",1,0,"M1",0.495672639461079,9.75277777777778,"是","胆道","non-lung infection",0,0,28,"included"
"SSR_129","SSR_129_d1","Phagolysosome/autophagy","Survival","D1",1,0,"M2",0.531225222897408,9.75277777777778,"是","胆道","non-lung infection",0,0,28,"included"
"SSR_129","SSR_129_d1","Type I interferon response","Survival","D1",1,0,"M3",0.396143361998025,9.75277777777778,"是","胆道","non-lung infection",0,0,28,"included"
"SSR_129","SSR_129_d1","Ribosome biogenesis","Survival","D1",1,0,"M4",-0.415736051697517,9.75277777777778,"是","胆道","non-lung infection",0,0,28,"included"
"SSR_13","SSR_13_d1","PRR/TLR/TNF/NF-kB signaling","Survival","D1",1,0,"M1",0.399267016378275,14.0319444444444,"是","泌尿系感染","non-lung infection",0,0,28,"included"
"SSR_13","SSR_13_d1","Phagolysosome/autophagy","Survival","D1",1,0,"M2",0.373337029778076,14.0319444444444,"是","泌尿系感染","non-lung infection",0,0,28,"included"
"SSR_13","SSR_13_d1","Type I interferon response","Survival","D1",1,0,"M3",0.586087917810402,14.0319444444444,"是","泌尿系感染","non-lung infection",0,0,28,"included"
"SSR_13","SSR_13_d1","Ribosome biogenesis","Survival","D1",1,0,"M4",-0.479324155735382,14.0319444444444,"是","泌尿系感染","non-lung infection",0,0,28,"included"
"SSR_130","SSR_130_d1","PRR/TLR/TNF/NF-kB signaling","Survival","D1",1,0,"M1",0.418641293801512,24.5625,"是","皮肤、腹腔","non-lung infection",0,0,28,"included"
"SSR_130","SSR_130_d1","Phagolysosome/autophagy","Survival","D1",1,0,"M2",0.417924606533718,24.5625,"是","皮肤、腹腔","non-lung infection",0,0,28,"included"
"SSR_130","SSR_130_d1","Type I interferon response","Survival","D1",1,0,"M3",0.303168889003283,24.5625,"是","皮肤、腹腔","non-lung infection",0,0,28,"included"
"SSR_130","SSR_130_d1","Ribosome biogenesis","Survival","D1",1,0,"M4",0.120708919540415,24.5625,"是","皮肤、腹腔","non-lung infection",0,0,28,"included"
"SSR_131","SSR_131_d1","PRR/TLR/TNF/NF-kB signaling","Survival","D1",1,0,"M1",0.225645234690941,18.33125,"是","肝脏","non-lung infection",0,0,28,"included"
"SSR_131","SSR_131_d1","Phagolysosome/autophagy","Survival","D1",1,0,"M2",0.382474363721755,18.33125,"是","肝脏","non-lung infection",0,0,28,"included"
"SSR_131","SSR_131_d1","Type I interferon response","Survival","D1",1,0,"M3",0.126945079704562,18.33125,"是","肝脏","non-lung infection",0,0,28,"included"
"SSR_131","SSR_131_d1","Ribosome biogenesis","Survival","D1",1,0,"M4",-0.261378013043688,18.33125,"是","肝脏","non-lung infection",0,0,28,"included"
"SSR_132","SSR_132_d1","PRR/TLR/TNF/NF-kB signaling","Survival","D1",1,0,"M1",0.252417745185226,18.6444444444444,"是","腹腔；腹部","non-lung infection",0,0,28,"included"
"SSR_132","SSR_132_d1","Phagolysosome/autophagy","Survival","D1",1,0,"M2",0.374549599507017,18.6444444444444,"是","腹腔；腹部","non-lung infection",0,0,28,"included"
"SSR_132","SSR_132_d1","Type I interferon response","Survival","D1",1,0,"M3",-0.118675072037106,18.6444444444444,"是","腹腔；腹部","non-lung infection",0,0,28,"included"
"SSR_132","SSR_132_d1","Ribosome biogenesis","Survival","D1",1,0,"M4",-0.0583312305627979,18.6444444444444,"是","腹腔；腹部","non-lung infection",0,0,28,"included"
"SSR_133","SSR_133_d1","PRR/TLR/TNF/NF-kB signaling","Survival","D1",1,0,"M1",-0.439704115411165,3.84375,"是","胃肠道","non-lung infection",0,0,28,"included"
"SSR_133","SSR_133_d1","Phagolysosome/autophagy","Survival","D1",1,0,"M2",-0.57506041935515,3.84375,"是","胃肠道","non-lung infection",0,0,28,"included"
"SSR_133","SSR_133_d1","Type I interferon response","Survival","D1",1,0,"M3",0.100953207100958,3.84375,"是","胃肠道","non-lung infection",0,0,28,"included"
"SSR_133","SSR_133_d1","Ribosome biogenesis","Survival","D1",1,0,"M4",0.49977313489376,3.84375,"是","胃肠道","non-lung infection",0,0,28,"included"
"SSR_134","SSR_134_d1","PRR/TLR/TNF/NF-kB signaling","Survival","D1",1,0,"M1",0.613789499213716,19.5888888888889,"是","泌尿系","non-lung infection",0,0,28,"included"
"SSR_134","SSR_134_d1","Phagolysosome/autophagy","Survival","D1",1,0,"M2",0.62480978883873,19.5888888888889,"是","泌尿系","non-lung infection",0,0,28,"included"
"SSR_134","SSR_134_d1","Type I interferon response","Survival","D1",1,0,"M3",0.57577939901039,19.5888888888889,"是","泌尿系","non-lung infection",0,0,28,"included"
"SSR_134","SSR_134_d1","Ribosome biogenesis","Survival","D1",1,0,"M4",-0.59743839236028,19.5888888888889,"是","泌尿系","non-lung infection",0,0,28,"included"
"SSR_135","SSR_135_d1","PRR/TLR/TNF/NF-kB signaling","Survival","D1",1,0,"M1",0.393247900871289,9.78819444444444,"是","血源性","non-lung infection",0,0,28,"included"
"SSR_135","SSR_135_d1","Phagolysosome/autophagy","Survival","D1",1,0,"M2",0.275922139401797,9.78819444444444,"是","血源性","non-lung infection",0,0,28,"included"
"SSR_135","SSR_135_d1","Type I interferon response","Survival","D1",1,0,"M3",0.524523489534292,9.78819444444444,"是","血源性","non-lung infection",0,0,28,"included"
"SSR_135","SSR_135_d1","Ribosome biogenesis","Survival","D1",1,0,"M4",-0.19032433900011,9.78819444444444,"是","血源性","non-lung infection",0,0,28,"included"
"SSR_136","SSR_136_d1","PRR/TLR/TNF/NF-kB signaling","Survival","D1",1,0,"M1",0.501129042288126,7.99305555555556,"是","左咽旁间隙","non-lung infection",0,0,28,"included"
"SSR_136","SSR_136_d1","Phagolysosome/autophagy","Survival","D1",1,0,"M2",0.502619981873338,7.99305555555556,"是","左咽旁间隙","non-lung infection",0,0,28,"included"
"SSR_136","SSR_136_d1","Type I interferon response","Survival","D1",1,0,"M3",0.0150855891640215,7.99305555555556,"是","左咽旁间隙","non-lung infection",0,0,28,"included"
"SSR_136","SSR_136_d1","Ribosome biogenesis","Survival","D1",1,0,"M4",-0.549869793698938,7.99305555555556,"是","左咽旁间隙","non-lung infection",0,0,28,"included"
"SSR_137","SSR_137_d1","PRR/TLR/TNF/NF-kB signaling","Survival","D1",1,0,"M1",0.502856080402012,6.99305555555556,"是","泌尿道","non-lung infection",0,0,28,"included"
"SSR_137","SSR_137_d1","Phagolysosome/autophagy","Survival","D1",1,0,"M2",0.541431878269168,6.99305555555556,"是","泌尿道","non-lung infection",0,0,28,"included"
"SSR_137","SSR_137_d1","Type I interferon response","Survival","D1",1,0,"M3",0.375111534975563,6.99305555555556,"是","泌尿道","non-lung infection",0,0,28,"included"
"SSR_137","SSR_137_d1","Ribosome biogenesis","Survival","D1",1,0,"M4",-0.234573897194221,6.99305555555556,"是","泌尿道","non-lung infection",0,0,28,"included"
"SSR_138","SSR_138_d1","PRR/TLR/TNF/NF-kB signaling","Survival","D1",1,0,"M1",0.0174078713797437,24.6465277777778,"是","胃肠道","non-lung infection",0,0,28,"included"
"SSR_138","SSR_138_d1","Phagolysosome/autophagy","Survival","D1",1,0,"M2",0.160739173434767,24.6465277777778,"是","胃肠道","non-lung infection",0,0,28,"included"
"SSR_138","SSR_138_d1","Type I interferon response","Survival","D1",1,0,"M3",-0.112750223319431,24.6465277777778,"是","胃肠道","non-lung infection",0,0,28,"included"
"SSR_138","SSR_138_d1","Ribosome biogenesis","Survival","D1",1,0,"M4",-0.563624331744799,24.6465277777778,"是","胃肠道","non-lung infection",0,0,28,"included"
"SSR_139","SSR_139_d1","PRR/TLR/TNF/NF-kB signaling","Survival","D1",1,0,"M1",0.489002732463944,11.4993055555556,"是","泌尿道","non-lung infection",0,0,28,"included"
"SSR_139","SSR_139_d1","Phagolysosome/autophagy","Survival","D1",1,0,"M2",0.427335428340712,11.4993055555556,"是","泌尿道","non-lung infection",0,0,28,"included"
"SSR_139","SSR_139_d1","Type I interferon response","Survival","D1",1,0,"M3",-0.00118322485122646,11.4993055555556,"是","泌尿道","non-lung infection",0,0,28,"included"
"SSR_139","SSR_139_d1","Ribosome biogenesis","Survival","D1",1,0,"M4",-0.404574052631984,11.4993055555556,"是","泌尿道","non-lung infection",0,0,28,"included"
"SSR_14","SSR_14_d1","PRR/TLR/TNF/NF-kB signaling","Mortality","D1",1,0,"M1",0.504025277845531,9.06388888888889,"否","肩关节软组织感染","non-lung infection",1,1,9.06388888888889,"included"
"SSR_14","SSR_14_d1","Phagolysosome/autophagy","Mortality","D1",1,0,"M2",0.600975480934779,9.06388888888889,"否","肩关节软组织感染","non-lung infection",1,1,9.06388888888889,"included"
"SSR_14","SSR_14_d1","Type I interferon response","Mortality","D1",1,0,"M3",0.281294809328141,9.06388888888889,"否","肩关节软组织感染","non-lung infection",1,1,9.06388888888889,"included"
"SSR_14","SSR_14_d1","Ribosome biogenesis","Mortality","D1",1,0,"M4",-0.601895713860177,9.06388888888889,"否","肩关节软组织感染","non-lung infection",1,1,9.06388888888889,"included"
"SSR_140","SSR_140_d1","PRR/TLR/TNF/NF-kB signaling","Survival","D1",1,0,"M1",0.223162982506917,10.6041666666667,"是","血源性、泌尿道","non-lung infection",0,0,28,"included"
"SSR_140","SSR_140_d1","Phagolysosome/autophagy","Survival","D1",1,0,"M2",-0.202573619763057,10.6041666666667,"是","血源性、泌尿道","non-lung infection",0,0,28,"included"
"SSR_140","SSR_140_d1","Type I interferon response","Survival","D1",1,0,"M3",0.386073556527302,10.6041666666667,"是","血源性、泌尿道","non-lung infection",0,0,28,"included"
"SSR_140","SSR_140_d1","Ribosome biogenesis","Survival","D1",1,0,"M4",-0.480796867431856,10.6041666666667,"是","血源性、泌尿道","non-lung infection",0,0,28,"included"
"SSR_141","SSR_141_d1","PRR/TLR/TNF/NF-kB signaling","Survival","D1",1,0,"M1",0.637744589586191,1,"是","胆道","non-lung infection",0,0,28,"included"
"SSR_141","SSR_141_d1","Phagolysosome/autophagy","Survival","D1",1,0,"M2",0.53355408070173,1,"是","胆道","non-lung infection",0,0,28,"included"
"SSR_141","SSR_141_d1","Type I interferon response","Survival","D1",1,0,"M3",0.509619958219447,1,"是","胆道","non-lung infection",0,0,28,"included"
"SSR_141","SSR_141_d1","Ribosome biogenesis","Survival","D1",1,0,"M4",-0.586555858664208,1,"是","胆道","non-lung infection",0,0,28,"included"
"SSR_142","SSR_142_d1","PRR/TLR/TNF/NF-kB signaling","Survival","D1",1,0,"M1",0.641174819224176,13.4118055555556,"是","泌尿道","non-lung infection",0,0,28,"included"
"SSR_142","SSR_142_d1","Phagolysosome/autophagy","Survival","D1",1,0,"M2",0.599921764332366,13.4118055555556,"是","泌尿道","non-lung infection",0,0,28,"included"
"SSR_142","SSR_142_d1","Type I interferon response","Survival","D1",1,0,"M3",0.610579364196428,13.4118055555556,"是","泌尿道","non-lung infection",0,0,28,"included"
"SSR_142","SSR_142_d1","Ribosome biogenesis","Survival","D1",1,0,"M4",-0.357019535524923,13.4118055555556,"是","泌尿道","non-lung infection",0,0,28,"included"
"SSR_143","SSR_143_d1","PRR/TLR/TNF/NF-kB signaling","Mortality","D1",1,0,"M1",0.584665369109115,22.6451388888889,"否","泌尿道 肠道","non-lung infection",1,1,22.6451388888889,"included"
"SSR_143","SSR_143_d1","Phagolysosome/autophagy","Mortality","D1",1,0,"M2",0.542448890593418,22.6451388888889,"否","泌尿道 肠道","non-lung infection",1,1,22.6451388888889,"included"
"SSR_143","SSR_143_d1","Type I interferon response","Mortality","D1",1,0,"M3",0.630463357995945,22.6451388888889,"否","泌尿道 肠道","non-lung infection",1,1,22.6451388888889,"included"
"SSR_143","SSR_143_d1","Ribosome biogenesis","Mortality","D1",1,0,"M4",-0.608060908194596,22.6451388888889,"否","泌尿道 肠道","non-lung infection",1,1,22.6451388888889,"included"
"SSR_144","SSR_144_d1","PRR/TLR/TNF/NF-kB signaling","Mortality","D1",1,0,"M1",0.136750833148833,1.55208333333333,"否","肺部、血源性","lung infection",1,1,1.55208333333333,"included"
"SSR_144","SSR_144_d1","Phagolysosome/autophagy","Mortality","D1",1,0,"M2",0.0790031619090274,1.55208333333333,"否","肺部、血源性","lung infection",1,1,1.55208333333333,"included"
"SSR_144","SSR_144_d1","Type I interferon response","Mortality","D1",1,0,"M3",0.119931013430478,1.55208333333333,"否","肺部、血源性","lung infection",1,1,1.55208333333333,"included"
"SSR_144","SSR_144_d1","Ribosome biogenesis","Mortality","D1",1,0,"M4",-0.324950466250829,1.55208333333333,"否","肺部、血源性","lung infection",1,1,1.55208333333333,"included"
"SSR_145","SSR_145_d1","PRR/TLR/TNF/NF-kB signaling","Mortality","D1",1,0,"M1",0.509888252065815,163,"否","血流","non-lung infection",1,0,28,"included"
"SSR_145","SSR_145_d1","Phagolysosome/autophagy","Mortality","D1",1,0,"M2",0.381244938952375,163,"否","血流","non-lung infection",1,0,28,"included"
"SSR_145","SSR_145_d1","Type I interferon response","Mortality","D1",1,0,"M3",0.19036240573819,163,"否","血流","non-lung infection",1,0,28,"included"
"SSR_145","SSR_145_d1","Ribosome biogenesis","Mortality","D1",1,0,"M4",-0.594197774537271,163,"否","血流","non-lung infection",1,0,28,"included"
"SSR_146","SSR_146_d1","PRR/TLR/TNF/NF-kB signaling","Survival","D1",1,0,"M1",0.549619024520404,7.28819444444444,"是","泌尿道","non-lung infection",0,0,28,"included"
"SSR_146","SSR_146_d1","Phagolysosome/autophagy","Survival","D1",1,0,"M2",0.54081795926138,7.28819444444444,"是","泌尿道","non-lung infection",0,0,28,"included"
"SSR_146","SSR_146_d1","Type I interferon response","Survival","D1",1,0,"M3",0.197145406354938,7.28819444444444,"是","泌尿道","non-lung infection",0,0,28,"included"
"SSR_146","SSR_146_d1","Ribosome biogenesis","Survival","D1",1,0,"M4",-0.623006143270778,7.28819444444444,"是","泌尿道","non-lung infection",0,0,28,"included"
"SSR_147","SSR_147_d1","PRR/TLR/TNF/NF-kB signaling","Survival","D1",1,0,"M1",0.56346301187639,9.45277777777778,"是","泌尿道 肠道；血源性、泌尿道、肝脏","non-lung infection",0,0,28,"included"
"SSR_147","SSR_147_d1","Phagolysosome/autophagy","Survival","D1",1,0,"M2",0.45753065259228,9.45277777777778,"是","泌尿道 肠道；血源性、泌尿道、肝脏","non-lung infection",0,0,28,"included"
"SSR_147","SSR_147_d1","Type I interferon response","Survival","D1",1,0,"M3",0.56258405821471,9.45277777777778,"是","泌尿道 肠道；血源性、泌尿道、肝脏","non-lung infection",0,0,28,"included"
"SSR_147","SSR_147_d1","Ribosome biogenesis","Survival","D1",1,0,"M4",-0.46269938703185,9.45277777777778,"是","泌尿道 肠道；血源性、泌尿道、肝脏","non-lung infection",0,0,28,"included"
"SSR_148","SSR_148_d1","PRR/TLR/TNF/NF-kB signaling","Survival","D1",1,0,"M1",-0.272248805989011,6.00486111111111,"是","胆囊","non-lung infection",0,0,28,"included"
"SSR_148","SSR_148_d1","Phagolysosome/autophagy","Survival","D1",1,0,"M2",0.100648286385682,6.00486111111111,"是","胆囊","non-lung infection",0,0,28,"included"
"SSR_148","SSR_148_d1","Type I interferon response","Survival","D1",1,0,"M3",-0.309851861528707,6.00486111111111,"是","胆囊","non-lung infection",0,0,28,"included"
"SSR_148","SSR_148_d1","Ribosome biogenesis","Survival","D1",1,0,"M4",0.568729465780723,6.00486111111111,"是","胆囊","non-lung infection",0,0,28,"included"
"SSR_149","SSR_149_d1","PRR/TLR/TNF/NF-kB signaling","Survival","D1",1,0,"M1",0.539263065952252,21.0777777777778,"是","肝脏、血源性","non-lung infection",0,0,28,"included"
"SSR_149","SSR_149_d1","Phagolysosome/autophagy","Survival","D1",1,0,"M2",0.483340685834507,21.0777777777778,"是","肝脏、血源性","non-lung infection",0,0,28,"included"
"SSR_149","SSR_149_d1","Type I interferon response","Survival","D1",1,0,"M3",0.174081347721658,21.0777777777778,"是","肝脏、血源性","non-lung infection",0,0,28,"included"
"SSR_149","SSR_149_d1","Ribosome biogenesis","Survival","D1",1,0,"M4",-0.499083678025769,21.0777777777778,"是","肝脏、血源性","non-lung infection",0,0,28,"included"
"SSR_15","SSR_15_d1","PRR/TLR/TNF/NF-kB signaling","Survival","D1",1,0,"M1",-0.473901993370651,9.43472222222222,"是","病毒性脑炎 血流感染？","non-lung infection",0,0,28,"included"
"SSR_15","SSR_15_d1","Phagolysosome/autophagy","Survival","D1",1,0,"M2",-0.441131981730696,9.43472222222222,"是","病毒性脑炎 血流感染？","non-lung infection",0,0,28,"included"
"SSR_15","SSR_15_d1","Type I interferon response","Survival","D1",1,0,"M3",0.104604097466787,9.43472222222222,"是","病毒性脑炎 血流感染？","non-lung infection",0,0,28,"included"
"SSR_15","SSR_15_d1","Ribosome biogenesis","Survival","D1",1,0,"M4",0.585245828301338,9.43472222222222,"是","病毒性脑炎 血流感染？","non-lung infection",0,0,28,"included"
"SSR_150","SSR_150_d1","PRR/TLR/TNF/NF-kB signaling","Mortality","D1",1,0,"M1",-0.545659562913786,95.5743055555556,"否","肺部","lung infection",1,0,28,"included"
"SSR_150","SSR_150_d1","Phagolysosome/autophagy","Mortality","D1",1,0,"M2",-0.54558543948418,95.5743055555556,"否","肺部","lung infection",1,0,28,"included"
"SSR_150","SSR_150_d1","Type I interferon response","Mortality","D1",1,0,"M3",-0.555521179056461,95.5743055555556,"否","肺部","lung infection",1,0,28,"included"
"SSR_150","SSR_150_d1","Ribosome biogenesis","Mortality","D1",1,0,"M4",0.698091694575915,95.5743055555556,"否","肺部","lung infection",1,0,28,"included"
"SSR_151","SSR_151_d1","PRR/TLR/TNF/NF-kB signaling","Survival","D1",1,0,"M1",0.351416851087049,10.4875,"是","血源性、胆管","non-lung infection",0,0,28,"included"
"SSR_151","SSR_151_d1","Phagolysosome/autophagy","Survival","D1",1,0,"M2",0.276000454785999,10.4875,"是","血源性、胆管","non-lung infection",0,0,28,"included"
"SSR_151","SSR_151_d1","Type I interferon response","Survival","D1",1,0,"M3",0.0663735471622408,10.4875,"是","血源性、胆管","non-lung infection",0,0,28,"included"
"SSR_151","SSR_151_d1","Ribosome biogenesis","Survival","D1",1,0,"M4",-0.24126881169661,10.4875,"是","血源性、胆管","non-lung infection",0,0,28,"included"
"SSR_152","SSR_152_d1","PRR/TLR/TNF/NF-kB signaling","Survival","D1",1,0,"M1",0.108153706823427,16.3444444444444,"是","肠道","non-lung infection",0,0,28,"included"
"SSR_152","SSR_152_d1","Phagolysosome/autophagy","Survival","D1",1,0,"M2",-0.185660624562592,16.3444444444444,"是","肠道","non-lung infection",0,0,28,"included"
"SSR_152","SSR_152_d1","Type I interferon response","Survival","D1",1,0,"M3",-0.082252195219964,16.3444444444444,"是","肠道","non-lung infection",0,0,28,"included"
"SSR_152","SSR_152_d1","Ribosome biogenesis","Survival","D1",1,0,"M4",0.451779344074125,16.3444444444444,"是","肠道","non-lung infection",0,0,28,"included"
"SSR_153","SSR_153_d1","PRR/TLR/TNF/NF-kB signaling","Survival","D1",1,0,"M1",0.510933569096251,10.2430555555556,"是","胆管","non-lung infection",0,0,28,"included"
"SSR_153","SSR_153_d1","Phagolysosome/autophagy","Survival","D1",1,0,"M2",0.478324549334696,10.2430555555556,"是","胆管","non-lung infection",0,0,28,"included"
"SSR_153","SSR_153_d1","Type I interferon response","Survival","D1",1,0,"M3",0.11846561382062,10.2430555555556,"是","胆管","non-lung infection",0,0,28,"included"
"SSR_153","SSR_153_d1","Ribosome biogenesis","Survival","D1",1,0,"M4",-0.318642472298406,10.2430555555556,"是","胆管","non-lung infection",0,0,28,"included"
"SSR_154","SSR_154_d1","PRR/TLR/TNF/NF-kB signaling","Mortality","D1",1,0,"M1",0.505703744436421,14.3111111111111,"否","肺部","lung infection",1,1,14.3111111111111,"included"
"SSR_154","SSR_154_d1","Phagolysosome/autophagy","Mortality","D1",1,0,"M2",0.525777046349761,14.3111111111111,"否","肺部","lung infection",1,1,14.3111111111111,"included"
"SSR_154","SSR_154_d1","Type I interferon response","Mortality","D1",1,0,"M3",0.531455188465334,14.3111111111111,"否","肺部","lung infection",1,1,14.3111111111111,"included"
"SSR_154","SSR_154_d1","Ribosome biogenesis","Mortality","D1",1,0,"M4",-0.414069371736611,14.3111111111111,"否","肺部","lung infection",1,1,14.3111111111111,"included"
"SSR_155","SSR_155_d1","PRR/TLR/TNF/NF-kB signaling","Survival","D1",1,0,"M1",0.5736759130129,13.5194444444444,"是","肺部","lung infection",0,0,28,"included"
"SSR_155","SSR_155_d1","Phagolysosome/autophagy","Survival","D1",1,0,"M2",0.610220031734864,13.5194444444444,"是","肺部","lung infection",0,0,28,"included"
"SSR_155","SSR_155_d1","Type I interferon response","Survival","D1",1,0,"M3",0.547305426593533,13.5194444444444,"是","肺部","lung infection",0,0,28,"included"
"SSR_155","SSR_155_d1","Ribosome biogenesis","Survival","D1",1,0,"M4",-0.629919868855599,13.5194444444444,"是","肺部","lung infection",0,0,28,"included"
"SSR_156","SSR_156_d1","PRR/TLR/TNF/NF-kB signaling","Survival","D1",1,0,"M1",0.39157011249424,10.3055555555556,"是","腹部","non-lung infection",0,0,28,"included"
"SSR_156","SSR_156_d1","Phagolysosome/autophagy","Survival","D1",1,0,"M2",0.392937321257217,10.3055555555556,"是","腹部","non-lung infection",0,0,28,"included"
"SSR_156","SSR_156_d1","Type I interferon response","Survival","D1",1,0,"M3",0.265329921882025,10.3055555555556,"是","腹部","non-lung infection",0,0,28,"included"
"SSR_156","SSR_156_d1","Ribosome biogenesis","Survival","D1",1,0,"M4",-0.55527028511291,10.3055555555556,"是","腹部","non-lung infection",0,0,28,"included"
"SSR_157","SSR_157_d1","PRR/TLR/TNF/NF-kB signaling","Survival","D1",1,0,"M1",0.433542848742004,12.4588194444444,"是","肺部","lung infection",0,0,28,"included"
"SSR_157","SSR_157_d1","Phagolysosome/autophagy","Survival","D1",1,0,"M2",0.214778913854401,12.4588194444444,"是","肺部","lung infection",0,0,28,"included"
"SSR_157","SSR_157_d1","Type I interferon response","Survival","D1",1,0,"M3",0.154212485463062,12.4588194444444,"是","肺部","lung infection",0,0,28,"included"
"SSR_157","SSR_157_d1","Ribosome biogenesis","Survival","D1",1,0,"M4",-0.470090410036837,12.4588194444444,"是","肺部","lung infection",0,0,28,"included"
"SSR_158","SSR_158_d1","PRR/TLR/TNF/NF-kB signaling","Mortality","D1",1,0,"M1",-0.179296291965054,9.63472222222222,"否","胆道、血源性","non-lung infection",1,1,9.63472222222222,"included"
"SSR_158","SSR_158_d1","Phagolysosome/autophagy","Mortality","D1",1,0,"M2",-0.115552179570195,9.63472222222222,"否","胆道、血源性","non-lung infection",1,1,9.63472222222222,"included"
"SSR_158","SSR_158_d1","Type I interferon response","Mortality","D1",1,0,"M3",-0.190747950686972,9.63472222222222,"否","胆道、血源性","non-lung infection",1,1,9.63472222222222,"included"
"SSR_158","SSR_158_d1","Ribosome biogenesis","Mortality","D1",1,0,"M4",0.656494494105691,9.63472222222222,"否","胆道、血源性","non-lung infection",1,1,9.63472222222222,"included"
"SSR_159","SSR_159_d1","PRR/TLR/TNF/NF-kB signaling","Survival","D1",1,0,"M1",0.226906156295648,16.4583333333333,"是","肺部","lung infection",0,0,28,"included"
"SSR_159","SSR_159_d1","Phagolysosome/autophagy","Survival","D1",1,0,"M2",0.0576801096901871,16.4583333333333,"是","肺部","lung infection",0,0,28,"included"
"SSR_159","SSR_159_d1","Type I interferon response","Survival","D1",1,0,"M3",0.410227311924896,16.4583333333333,"是","肺部","lung infection",0,0,28,"included"
"SSR_159","SSR_159_d1","Ribosome biogenesis","Survival","D1",1,0,"M4",-0.0485853693298966,16.4583333333333,"是","肺部","lung infection",0,0,28,"included"
"SSR_16","SSR_16_d1","PRR/TLR/TNF/NF-kB signaling","Survival","D1",1,0,"M1",-0.701840754228827,30.3756944444444,"是","后背脓肿 血流感染","non-lung infection",0,0,28,"included"
"SSR_16","SSR_16_d1","Phagolysosome/autophagy","Survival","D1",1,0,"M2",-0.723236516524411,30.3756944444444,"是","后背脓肿 血流感染","non-lung infection",0,0,28,"included"
"SSR_16","SSR_16_d1","Type I interferon response","Survival","D1",1,0,"M3",-0.617150649860178,30.3756944444444,"是","后背脓肿 血流感染","non-lung infection",0,0,28,"included"
"SSR_16","SSR_16_d1","Ribosome biogenesis","Survival","D1",1,0,"M4",0.556015480706314,30.3756944444444,"是","后背脓肿 血流感染","non-lung infection",0,0,28,"included"
"SSR_160","SSR_160_d1","PRR/TLR/TNF/NF-kB signaling","Survival","D1",1,0,"M1",0.21770136603697,7.01736111111111,"是","泌尿道、血源性","non-lung infection",0,0,28,"included"
"SSR_160","SSR_160_d1","Phagolysosome/autophagy","Survival","D1",1,0,"M2",0.328273291660724,7.01736111111111,"是","泌尿道、血源性","non-lung infection",0,0,28,"included"
"SSR_160","SSR_160_d1","Type I interferon response","Survival","D1",1,0,"M3",0.490941095051884,7.01736111111111,"是","泌尿道、血源性","non-lung infection",0,0,28,"included"
"SSR_160","SSR_160_d1","Ribosome biogenesis","Survival","D1",1,0,"M4",0.537662267919031,7.01736111111111,"是","泌尿道、血源性","non-lung infection",0,0,28,"included"
"SSR_161","SSR_161_d1","PRR/TLR/TNF/NF-kB signaling","Mortality","D1",1,0,"M1",-0.254557280161143,376.234027777778,"否","泌尿道、血源性","non-lung infection",1,0,28,"included"
"SSR_161","SSR_161_d1","Phagolysosome/autophagy","Mortality","D1",1,0,"M2",-0.466879744403389,376.234027777778,"否","泌尿道、血源性","non-lung infection",1,0,28,"included"
"SSR_161","SSR_161_d1","Type I interferon response","Mortality","D1",1,0,"M3",0.428468822863389,376.234027777778,"否","泌尿道、血源性","non-lung infection",1,0,28,"included"
"SSR_161","SSR_161_d1","Ribosome biogenesis","Mortality","D1",1,0,"M4",0.443166165071634,376.234027777778,"否","泌尿道、血源性","non-lung infection",1,0,28,"included"
"SSR_162","SSR_162_d1","PRR/TLR/TNF/NF-kB signaling","Survival","D1",1,0,"M1",0.0154645962450877,12.6847222222222,"是","腹部","non-lung infection",0,0,28,"included"
"SSR_162","SSR_162_d1","Phagolysosome/autophagy","Survival","D1",1,0,"M2",-0.00444250224242931,12.6847222222222,"是","腹部","non-lung infection",0,0,28,"included"
"SSR_162","SSR_162_d1","Type I interferon response","Survival","D1",1,0,"M3",0.0238021379659123,12.6847222222222,"是","腹部","non-lung infection",0,0,28,"included"
"SSR_162","SSR_162_d1","Ribosome biogenesis","Survival","D1",1,0,"M4",0.226664096665312,12.6847222222222,"是","腹部","non-lung infection",0,0,28,"included"
"SSR_163","SSR_163_d1","PRR/TLR/TNF/NF-kB signaling","Survival","D1",1,0,"M1",0.106125421021982,12.6222222222222,"是","肺","lung infection",0,0,28,"included"
"SSR_163","SSR_163_d1","Phagolysosome/autophagy","Survival","D1",1,0,"M2",-0.186288586713226,12.6222222222222,"是","肺","lung infection",0,0,28,"included"
"SSR_163","SSR_163_d1","Type I interferon response","Survival","D1",1,0,"M3",0.454320532483798,12.6222222222222,"是","肺","lung infection",0,0,28,"included"
"SSR_163","SSR_163_d1","Ribosome biogenesis","Survival","D1",1,0,"M4",-0.24273085419875,12.6222222222222,"是","肺","lung infection",0,0,28,"included"
"SSR_164","SSR_164_d1","PRR/TLR/TNF/NF-kB signaling","Survival","D1",1,0,"M1",-0.171729350482427,25.2236111111111,"是","肺部","lung infection",0,0,28,"included"
"SSR_164","SSR_164_d1","Phagolysosome/autophagy","Survival","D1",1,0,"M2",-0.386533155314492,25.2236111111111,"是","肺部","lung infection",0,0,28,"included"
"SSR_164","SSR_164_d1","Type I interferon response","Survival","D1",1,0,"M3",0.262121551423823,25.2236111111111,"是","肺部","lung infection",0,0,28,"included"
"SSR_164","SSR_164_d1","Ribosome biogenesis","Survival","D1",1,0,"M4",0.490183297653731,25.2236111111111,"是","肺部","lung infection",0,0,28,"included"
"SSR_165","SSR_165_d1","PRR/TLR/TNF/NF-kB signaling","Survival","D1",1,0,"M1",0.6112549784091,21.5555555555556,"是","肺部","lung infection",0,0,28,"included"
"SSR_165","SSR_165_d1","Phagolysosome/autophagy","Survival","D1",1,0,"M2",0.613739358890568,21.5555555555556,"是","肺部","lung infection",0,0,28,"included"
"SSR_165","SSR_165_d1","Type I interferon response","Survival","D1",1,0,"M3",0.41829110632404,21.5555555555556,"是","肺部","lung infection",0,0,28,"included"
"SSR_165","SSR_165_d1","Ribosome biogenesis","Survival","D1",1,0,"M4",-0.460530343006683,21.5555555555556,"是","肺部","lung infection",0,0,28,"included"
"SSR_166","SSR_166_d1","PRR/TLR/TNF/NF-kB signaling","Survival","D1",1,0,"M1",0.694432573544582,52.2756944444444,"是","肺部","lung infection",0,0,28,"included"
"SSR_166","SSR_166_d1","Phagolysosome/autophagy","Survival","D1",1,0,"M2",0.693369289209852,52.2756944444444,"是","肺部","lung infection",0,0,28,"included"
"SSR_166","SSR_166_d1","Type I interferon response","Survival","D1",1,0,"M3",0.636568111482779,52.2756944444444,"是","肺部","lung infection",0,0,28,"included"
"SSR_166","SSR_166_d1","Ribosome biogenesis","Survival","D1",1,0,"M4",-0.673508197032233,52.2756944444444,"是","肺部","lung infection",0,0,28,"included"
"SSR_167","SSR_167_d1","PRR/TLR/TNF/NF-kB signaling","Survival","D1",1,0,"M1",0.0626330075745137,8.51597222222222,"是","腹腔","non-lung infection",0,0,28,"included"
"SSR_167","SSR_167_d1","Phagolysosome/autophagy","Survival","D1",1,0,"M2",0.0498280303861018,8.51597222222222,"是","腹腔","non-lung infection",0,0,28,"included"
"SSR_167","SSR_167_d1","Type I interferon response","Survival","D1",1,0,"M3",0.140443415797756,8.51597222222222,"是","腹腔","non-lung infection",0,0,28,"included"
"SSR_167","SSR_167_d1","Ribosome biogenesis","Survival","D1",1,0,"M4",0.409667210094262,8.51597222222222,"是","腹腔","non-lung infection",0,0,28,"included"
"SSR_168","SSR_168_d1","PRR/TLR/TNF/NF-kB signaling","Survival","D1",1,0,"M1",0.34423747572991,6.62847222222222,"是","腹腔","non-lung infection",0,0,28,"included"
"SSR_168","SSR_168_d1","Phagolysosome/autophagy","Survival","D1",1,0,"M2",0.487089235976091,6.62847222222222,"是","腹腔","non-lung infection",0,0,28,"included"
"SSR_168","SSR_168_d1","Type I interferon response","Survival","D1",1,0,"M3",-0.00744665170525827,6.62847222222222,"是","腹腔","non-lung infection",0,0,28,"included"
"SSR_168","SSR_168_d1","Ribosome biogenesis","Survival","D1",1,0,"M4",-0.0543232659809759,6.62847222222222,"是","腹腔","non-lung infection",0,0,28,"included"
"SSR_169","SSR_169_d1","PRR/TLR/TNF/NF-kB signaling","Survival","D1",1,0,"M1",0.449932056124885,18.0173611111111,"是","肺部","lung infection",0,0,28,"included"
"SSR_169","SSR_169_d1","Phagolysosome/autophagy","Survival","D1",1,0,"M2",0.383929509911323,18.0173611111111,"是","肺部","lung infection",0,0,28,"included"
"SSR_169","SSR_169_d1","Type I interferon response","Survival","D1",1,0,"M3",0.459027088608631,18.0173611111111,"是","肺部","lung infection",0,0,28,"included"
"SSR_169","SSR_169_d1","Ribosome biogenesis","Survival","D1",1,0,"M4",0.0684158696546007,18.0173611111111,"是","肺部","lung infection",0,0,28,"included"
"SSR_17","SSR_17_d1","PRR/TLR/TNF/NF-kB signaling","Survival","D1",1,0,"M1",0.144452429122457,8.37222222222222,"是","肠道感染","non-lung infection",0,0,28,"included"
"SSR_17","SSR_17_d1","Phagolysosome/autophagy","Survival","D1",1,0,"M2",0.16699467960823,8.37222222222222,"是","肠道感染","non-lung infection",0,0,28,"included"
"SSR_17","SSR_17_d1","Type I interferon response","Survival","D1",1,0,"M3",0.582178774562777,8.37222222222222,"是","肠道感染","non-lung infection",0,0,28,"included"
"SSR_17","SSR_17_d1","Ribosome biogenesis","Survival","D1",1,0,"M4",-0.107832083034429,8.37222222222222,"是","肠道感染","non-lung infection",0,0,28,"included"
"SSR_170","SSR_170_d1","PRR/TLR/TNF/NF-kB signaling","Survival","D1",1,0,"M1",0.587224063523958,20.1666666666667,"是","肺部","lung infection",0,0,28,"included"
"SSR_170","SSR_170_d1","Phagolysosome/autophagy","Survival","D1",1,0,"M2",0.610258150373533,20.1666666666667,"是","肺部","lung infection",0,0,28,"included"
"SSR_170","SSR_170_d1","Type I interferon response","Survival","D1",1,0,"M3",0.419934821012657,20.1666666666667,"是","肺部","lung infection",0,0,28,"included"
"SSR_170","SSR_170_d1","Ribosome biogenesis","Survival","D1",1,0,"M4",-0.667511189717628,20.1666666666667,"是","肺部","lung infection",0,0,28,"included"
"SSR_171","SSR_171_d1","PRR/TLR/TNF/NF-kB signaling","Survival","D1",1,0,"M1",0.55727766806318,15.21875,"是","肾脏","non-lung infection",0,0,28,"included"
"SSR_171","SSR_171_d1","Phagolysosome/autophagy","Survival","D1",1,0,"M2",0.608554865933797,15.21875,"是","肾脏","non-lung infection",0,0,28,"included"
"SSR_171","SSR_171_d1","Type I interferon response","Survival","D1",1,0,"M3",0.356374733712736,15.21875,"是","肾脏","non-lung infection",0,0,28,"included"
"SSR_171","SSR_171_d1","Ribosome biogenesis","Survival","D1",1,0,"M4",-0.666417489401711,15.21875,"是","肾脏","non-lung infection",0,0,28,"included"
"SSR_172","SSR_172_d1","PRR/TLR/TNF/NF-kB signaling","Survival","D1",1,0,"M1",0.621710538212147,18.6666666666667,"是","肺部","lung infection",0,0,28,"included"
"SSR_172","SSR_172_d1","Phagolysosome/autophagy","Survival","D1",1,0,"M2",0.538225920913269,18.6666666666667,"是","肺部","lung infection",0,0,28,"included"
"SSR_172","SSR_172_d1","Type I interferon response","Survival","D1",1,0,"M3",0.700903131688309,18.6666666666667,"是","肺部","lung infection",0,0,28,"included"
"SSR_172","SSR_172_d1","Ribosome biogenesis","Survival","D1",1,0,"M4",-0.491328449509699,18.6666666666667,"是","肺部","lung infection",0,0,28,"included"
"SSR_173","SSR_173_d1","PRR/TLR/TNF/NF-kB signaling","Mortality","D1",1,0,"M1",0.422612338606448,6.20833333333333,"否","肺部","lung infection",1,1,6.20833333333333,"included"
"SSR_173","SSR_173_d1","Phagolysosome/autophagy","Mortality","D1",1,0,"M2",0.438739729896592,6.20833333333333,"否","肺部","lung infection",1,1,6.20833333333333,"included"
"SSR_173","SSR_173_d1","Type I interferon response","Mortality","D1",1,0,"M3",0.159591566373665,6.20833333333333,"否","肺部","lung infection",1,1,6.20833333333333,"included"
"SSR_173","SSR_173_d1","Ribosome biogenesis","Mortality","D1",1,0,"M4",-0.275757957419595,6.20833333333333,"否","肺部","lung infection",1,1,6.20833333333333,"included"
"SSR_174","SSR_174_d1","PRR/TLR/TNF/NF-kB signaling","Survival","D1",1,0,"M1",0.456619006746102,10.9138888888889,"是","胆道","non-lung infection",0,0,28,"included"
"SSR_174","SSR_174_d1","Phagolysosome/autophagy","Survival","D1",1,0,"M2",0.480687159703033,10.9138888888889,"是","胆道","non-lung infection",0,0,28,"included"
"SSR_174","SSR_174_d1","Type I interferon response","Survival","D1",1,0,"M3",0.063184294833681,10.9138888888889,"是","胆道","non-lung infection",0,0,28,"included"
"SSR_174","SSR_174_d1","Ribosome biogenesis","Survival","D1",1,0,"M4",-0.570345241649575,10.9138888888889,"是","胆道","non-lung infection",0,0,28,"included"
"SSR_175","SSR_175_d1","PRR/TLR/TNF/NF-kB signaling","Survival","D1",1,0,"M1",0.332733588150878,9.22291666666667,"是","腹部（子宫）","non-lung infection",0,0,28,"included"
"SSR_175","SSR_175_d1","Phagolysosome/autophagy","Survival","D1",1,0,"M2",0.209352917518461,9.22291666666667,"是","腹部（子宫）","non-lung infection",0,0,28,"included"
"SSR_175","SSR_175_d1","Type I interferon response","Survival","D1",1,0,"M3",0.244228311301363,9.22291666666667,"是","腹部（子宫）","non-lung infection",0,0,28,"included"
"SSR_175","SSR_175_d1","Ribosome biogenesis","Survival","D1",1,0,"M4",-0.354916883560504,9.22291666666667,"是","腹部（子宫）","non-lung infection",0,0,28,"included"
"SSR_176","SSR_176_d1","PRR/TLR/TNF/NF-kB signaling","Mortality","D1",1,0,"M1",0.538919613274015,0.375,"否","泌尿道、血源性","non-lung infection",1,1,0.375,"included"
"SSR_176","SSR_176_d1","Phagolysosome/autophagy","Mortality","D1",1,0,"M2",0.341622126315518,0.375,"否","泌尿道、血源性","non-lung infection",1,1,0.375,"included"
"SSR_176","SSR_176_d1","Type I interferon response","Mortality","D1",1,0,"M3",0.589575001095132,0.375,"否","泌尿道、血源性","non-lung infection",1,1,0.375,"included"
"SSR_176","SSR_176_d1","Ribosome biogenesis","Mortality","D1",1,0,"M4",-0.597391604760188,0.375,"否","泌尿道、血源性","non-lung infection",1,1,0.375,"included"
"SSR_177","SSR_177_d1","PRR/TLR/TNF/NF-kB signaling","Survival","D1",1,0,"M1",0.454558391431628,13.1979166666667,"是","肺部","lung infection",0,0,28,"included"
"SSR_177","SSR_177_d1","Phagolysosome/autophagy","Survival","D1",1,0,"M2",0.476027518293728,13.1979166666667,"是","肺部","lung infection",0,0,28,"included"
"SSR_177","SSR_177_d1","Type I interferon response","Survival","D1",1,0,"M3",0.192336303325775,13.1979166666667,"是","肺部","lung infection",0,0,28,"included"
"SSR_177","SSR_177_d1","Ribosome biogenesis","Survival","D1",1,0,"M4",-0.0168300574127296,13.1979166666667,"是","肺部","lung infection",0,0,28,"included"
"SSR_178","SSR_178_d1","PRR/TLR/TNF/NF-kB signaling","Survival","D1",1,0,"M1",-0.525771409618741,20.3631944444444,"是","肺部、耳部","lung infection",0,0,28,"included"
"SSR_178","SSR_178_d1","Phagolysosome/autophagy","Survival","D1",1,0,"M2",-0.42491944440259,20.3631944444444,"是","肺部、耳部","lung infection",0,0,28,"included"
"SSR_178","SSR_178_d1","Type I interferon response","Survival","D1",1,0,"M3",-0.480120784894472,20.3631944444444,"是","肺部、耳部","lung infection",0,0,28,"included"
"SSR_178","SSR_178_d1","Ribosome biogenesis","Survival","D1",1,0,"M4",0.340890347371465,20.3631944444444,"是","肺部、耳部","lung infection",0,0,28,"included"
"SSR_179","SSR_179_d1","PRR/TLR/TNF/NF-kB signaling","Survival","D1",1,0,"M1",-0.177056813657358,10.0972222222222,"是","肺部","lung infection",0,0,28,"included"
"SSR_179","SSR_179_d1","Phagolysosome/autophagy","Survival","D1",1,0,"M2",-0.360561705563353,10.0972222222222,"是","肺部","lung infection",0,0,28,"included"
"SSR_179","SSR_179_d1","Type I interferon response","Survival","D1",1,0,"M3",0.235113628112875,10.0972222222222,"是","肺部","lung infection",0,0,28,"included"
"SSR_179","SSR_179_d1","Ribosome biogenesis","Survival","D1",1,0,"M4",-0.00222368412932478,10.0972222222222,"是","肺部","lung infection",0,0,28,"included"
"SSR_18","SSR_18_d1","PRR/TLR/TNF/NF-kB signaling","Survival","D1",1,0,"M1",0.184516093322633,9.32569444444444,"是","肛周脓肿","non-lung infection",0,0,28,"included"
"SSR_18","SSR_18_d1","Phagolysosome/autophagy","Survival","D1",1,0,"M2",0.241279168615659,9.32569444444444,"是","肛周脓肿","non-lung infection",0,0,28,"included"
"SSR_18","SSR_18_d1","Type I interferon response","Survival","D1",1,0,"M3",0.140084180975651,9.32569444444444,"是","肛周脓肿","non-lung infection",0,0,28,"included"
"SSR_18","SSR_18_d1","Ribosome biogenesis","Survival","D1",1,0,"M4",-0.427017105426293,9.32569444444444,"是","肛周脓肿","non-lung infection",0,0,28,"included"
"SSR_180","SSR_180_d1","PRR/TLR/TNF/NF-kB signaling","Survival","D1",1,0,"M1",-0.15668194621767,54.2881944444444,"是","肺部","lung infection",0,0,28,"included"
"SSR_180","SSR_180_d1","Phagolysosome/autophagy","Survival","D1",1,0,"M2",0.114770724014906,54.2881944444444,"是","肺部","lung infection",0,0,28,"included"
"SSR_180","SSR_180_d1","Type I interferon response","Survival","D1",1,0,"M3",0.0160963785180743,54.2881944444444,"是","肺部","lung infection",0,0,28,"included"
"SSR_180","SSR_180_d1","Ribosome biogenesis","Survival","D1",1,0,"M4",0.598588651221477,54.2881944444444,"是","肺部","lung infection",0,0,28,"included"
"SSR_181","SSR_181_d1","PRR/TLR/TNF/NF-kB signaling","Survival","D1",1,0,"M1",-0.0781009855925614,24,"是","肺部","lung infection",0,0,28,"included"
"SSR_181","SSR_181_d1","Phagolysosome/autophagy","Survival","D1",1,0,"M2",0.018619569535514,24,"是","肺部","lung infection",0,0,28,"included"
"SSR_181","SSR_181_d1","Type I interferon response","Survival","D1",1,0,"M3",-0.0740997242370538,24,"是","肺部","lung infection",0,0,28,"included"
"SSR_181","SSR_181_d1","Ribosome biogenesis","Survival","D1",1,0,"M4",0.109092830503429,24,"是","肺部","lung infection",0,0,28,"included"
"SSR_182","SSR_182_d1","PRR/TLR/TNF/NF-kB signaling","Survival","D1",1,0,"M1",0.175368599676957,50.3763888888889,"是","胆囊","non-lung infection",0,0,28,"included"
"SSR_182","SSR_182_d1","Phagolysosome/autophagy","Survival","D1",1,0,"M2",0.148114149269783,50.3763888888889,"是","胆囊","non-lung infection",0,0,28,"included"
"SSR_182","SSR_182_d1","Type I interferon response","Survival","D1",1,0,"M3",-0.058750793089327,50.3763888888889,"是","胆囊","non-lung infection",0,0,28,"included"
"SSR_182","SSR_182_d1","Ribosome biogenesis","Survival","D1",1,0,"M4",0.235769230024606,50.3763888888889,"是","胆囊","non-lung infection",0,0,28,"included"
"SSR_183","SSR_183_d1","PRR/TLR/TNF/NF-kB signaling","Mortality","D1",1,0,"M1",0.519052521929529,1.32291666666667,"否","肝脏","non-lung infection",1,1,1.32291666666667,"included"
"SSR_183","SSR_183_d1","Phagolysosome/autophagy","Mortality","D1",1,0,"M2",0.492641927200451,1.32291666666667,"否","肝脏","non-lung infection",1,1,1.32291666666667,"included"
"SSR_183","SSR_183_d1","Type I interferon response","Mortality","D1",1,0,"M3",0.370107787696977,1.32291666666667,"否","肝脏","non-lung infection",1,1,1.32291666666667,"included"
"SSR_183","SSR_183_d1","Ribosome biogenesis","Mortality","D1",1,0,"M4",-0.400605949826054,1.32291666666667,"否","肝脏","non-lung infection",1,1,1.32291666666667,"included"
"SSR_184","SSR_184_d1","PRR/TLR/TNF/NF-kB signaling","Survival","D1",1,0,"M1",0.109474586571764,11.4791666666667,"是","肝脏","non-lung infection",0,0,28,"included"
"SSR_184","SSR_184_d1","Phagolysosome/autophagy","Survival","D1",1,0,"M2",0.378092219405171,11.4791666666667,"是","肝脏","non-lung infection",0,0,28,"included"
"SSR_184","SSR_184_d1","Type I interferon response","Survival","D1",1,0,"M3",-0.372827844788851,11.4791666666667,"是","肝脏","non-lung infection",0,0,28,"included"
"SSR_184","SSR_184_d1","Ribosome biogenesis","Survival","D1",1,0,"M4",0.0404296997353689,11.4791666666667,"是","肝脏","non-lung infection",0,0,28,"included"
"SSR_19","SSR_19_d1","PRR/TLR/TNF/NF-kB signaling","Survival","D1",1,0,"M1",-0.499761055991746,28.4875,"是","肺炎 脊髓炎？","lung infection",0,0,28,"included"
"SSR_19","SSR_19_d1","Phagolysosome/autophagy","Survival","D1",1,0,"M2",-0.468536841684578,28.4875,"是","肺炎 脊髓炎？","lung infection",0,0,28,"included"
"SSR_19","SSR_19_d1","Type I interferon response","Survival","D1",1,0,"M3",-0.581173731915609,28.4875,"是","肺炎 脊髓炎？","lung infection",0,0,28,"included"
"SSR_19","SSR_19_d1","Ribosome biogenesis","Survival","D1",1,0,"M4",0.137355770963476,28.4875,"是","肺炎 脊髓炎？","lung infection",0,0,28,"included"
"SSR_2","SSR_2_d1","PRR/TLR/TNF/NF-kB signaling","Survival","D1",1,0,"M1",0.262053676525707,23.4430555555556,"是","泌尿系感染","non-lung infection",0,0,28,"included"
"SSR_2","SSR_2_d1","Phagolysosome/autophagy","Survival","D1",1,0,"M2",0.299959621946957,23.4430555555556,"是","泌尿系感染","non-lung infection",0,0,28,"included"
"SSR_2","SSR_2_d1","Type I interferon response","Survival","D1",1,0,"M3",0.105566691293682,23.4430555555556,"是","泌尿系感染","non-lung infection",0,0,28,"included"
"SSR_2","SSR_2_d1","Ribosome biogenesis","Survival","D1",1,0,"M4",0.418847940311149,23.4430555555556,"是","泌尿系感染","non-lung infection",0,0,28,"included"
"SSR_20","SSR_20_d1","PRR/TLR/TNF/NF-kB signaling","Survival","D1",1,0,"M1",0.339839371346103,21.1118055555556,"是","气肿性肾盂肾炎","non-lung infection",0,0,28,"included"
"SSR_20","SSR_20_d1","Phagolysosome/autophagy","Survival","D1",1,0,"M2",0.434037318781704,21.1118055555556,"是","气肿性肾盂肾炎","non-lung infection",0,0,28,"included"
"SSR_20","SSR_20_d1","Type I interferon response","Survival","D1",1,0,"M3",0.0875175135447275,21.1118055555556,"是","气肿性肾盂肾炎","non-lung infection",0,0,28,"included"
"SSR_20","SSR_20_d1","Ribosome biogenesis","Survival","D1",1,0,"M4",-0.539418826521148,21.1118055555556,"是","气肿性肾盂肾炎","non-lung infection",0,0,28,"included"
"SSR_21","SSR_21_d1","PRR/TLR/TNF/NF-kB signaling","Survival","D1",1,0,"M1",0.105653808232658,9.14513888888889,"是","肾盂肾炎 败血症","non-lung infection",0,0,28,"included"
"SSR_21","SSR_21_d1","Phagolysosome/autophagy","Survival","D1",1,0,"M2",0.192034583434382,9.14513888888889,"是","肾盂肾炎 败血症","non-lung infection",0,0,28,"included"
"SSR_21","SSR_21_d1","Type I interferon response","Survival","D1",1,0,"M3",-0.0904377541188055,9.14513888888889,"是","肾盂肾炎 败血症","non-lung infection",0,0,28,"included"
"SSR_21","SSR_21_d1","Ribosome biogenesis","Survival","D1",1,0,"M4",-0.438968165968675,9.14513888888889,"是","肾盂肾炎 败血症","non-lung infection",0,0,28,"included"
"SSR_22","SSR_22_d1","PRR/TLR/TNF/NF-kB signaling","Survival","D1",1,0,"M1",-0.447089690799488,77.5152777777778,"是","化脓性胆管炎","non-lung infection",0,0,28,"included"
"SSR_22","SSR_22_d1","Phagolysosome/autophagy","Survival","D1",1,0,"M2",-0.44835377666526,77.5152777777778,"是","化脓性胆管炎","non-lung infection",0,0,28,"included"
"SSR_22","SSR_22_d1","Type I interferon response","Survival","D1",1,0,"M3",-0.395520539939904,77.5152777777778,"是","化脓性胆管炎","non-lung infection",0,0,28,"included"
"SSR_22","SSR_22_d1","Ribosome biogenesis","Survival","D1",1,0,"M4",0.531032065829236,77.5152777777778,"是","化脓性胆管炎","non-lung infection",0,0,28,"included"
"SSR_23","SSR_23_d1","PRR/TLR/TNF/NF-kB signaling","Survival","D1",1,0,"M1",-0.0857499521211049,11.3118055555556,"是","肺部感染","lung infection",0,0,28,"included"
"SSR_23","SSR_23_d1","Phagolysosome/autophagy","Survival","D1",1,0,"M2",-0.0850467456494658,11.3118055555556,"是","肺部感染","lung infection",0,0,28,"included"
"SSR_23","SSR_23_d1","Type I interferon response","Survival","D1",1,0,"M3",0.340633721087808,11.3118055555556,"是","肺部感染","lung infection",0,0,28,"included"
"SSR_23","SSR_23_d1","Ribosome biogenesis","Survival","D1",1,0,"M4",0.479161804210204,11.3118055555556,"是","肺部感染","lung infection",0,0,28,"included"
"SSR_24","SSR_24_d1","PRR/TLR/TNF/NF-kB signaling","Survival","D1",1,0,"M1",0.251813579840719,10.0944444444444,"是","泌尿系感染","non-lung infection",0,0,28,"included"
"SSR_24","SSR_24_d1","Phagolysosome/autophagy","Survival","D1",1,0,"M2",0.358564196671369,10.0944444444444,"是","泌尿系感染","non-lung infection",0,0,28,"included"
"SSR_24","SSR_24_d1","Type I interferon response","Survival","D1",1,0,"M3",0.259995859279313,10.0944444444444,"是","泌尿系感染","non-lung infection",0,0,28,"included"
"SSR_24","SSR_24_d1","Ribosome biogenesis","Survival","D1",1,0,"M4",-0.496902024866089,10.0944444444444,"是","泌尿系感染","non-lung infection",0,0,28,"included"
"SSR_25","SSR_25_d1","PRR/TLR/TNF/NF-kB signaling","Survival","D1",1,0,"M1",-0.610255090372444,7.61944444444444,"是","泌尿道感染","non-lung infection",0,0,28,"included"
"SSR_25","SSR_25_d1","Phagolysosome/autophagy","Survival","D1",1,0,"M2",-0.650211911505667,7.61944444444444,"是","泌尿道感染","non-lung infection",0,0,28,"included"
"SSR_25","SSR_25_d1","Type I interferon response","Survival","D1",1,0,"M3",-0.444975998602928,7.61944444444444,"是","泌尿道感染","non-lung infection",0,0,28,"included"
"SSR_25","SSR_25_d1","Ribosome biogenesis","Survival","D1",1,0,"M4",0.387608656428686,7.61944444444444,"是","泌尿道感染","non-lung infection",0,0,28,"included"
"SSR_26","SSR_26_d1","PRR/TLR/TNF/NF-kB signaling","Survival","D1",1,0,"M1",-0.610834837299049,45.5444444444444,"是","化脓性胆管炎","non-lung infection",0,0,28,"included"
"SSR_26","SSR_26_d1","Phagolysosome/autophagy","Survival","D1",1,0,"M2",-0.628031571910553,45.5444444444444,"是","化脓性胆管炎","non-lung infection",0,0,28,"included"
"SSR_26","SSR_26_d1","Type I interferon response","Survival","D1",1,0,"M3",-0.503570598532497,45.5444444444444,"是","化脓性胆管炎","non-lung infection",0,0,28,"included"
"SSR_26","SSR_26_d1","Ribosome biogenesis","Survival","D1",1,0,"M4",0.482766474522363,45.5444444444444,"是","化脓性胆管炎","non-lung infection",0,0,28,"included"
"SSR_27","SSR_27_d1","PRR/TLR/TNF/NF-kB signaling","Survival","D1",1,0,"M1",-0.00589943337420329,9.39930555555556,"是","消化道","non-lung infection",0,0,28,"included"
"SSR_27","SSR_27_d1","Phagolysosome/autophagy","Survival","D1",1,0,"M2",-0.0709836355831338,9.39930555555556,"是","消化道","non-lung infection",0,0,28,"included"
"SSR_27","SSR_27_d1","Type I interferon response","Survival","D1",1,0,"M3",0.44165175340575,9.39930555555556,"是","消化道","non-lung infection",0,0,28,"included"
"SSR_27","SSR_27_d1","Ribosome biogenesis","Survival","D1",1,0,"M4",-0.242646210960887,9.39930555555556,"是","消化道","non-lung infection",0,0,28,"included"
"SSR_28","SSR_28_d1","PRR/TLR/TNF/NF-kB signaling","Survival","D1",1,0,"M1",-0.118613825825759,11.3291666666667,"是","呼吸道","lung infection",0,0,28,"included"
"SSR_28","SSR_28_d1","Phagolysosome/autophagy","Survival","D1",1,0,"M2",-0.132962700458233,11.3291666666667,"是","呼吸道","lung infection",0,0,28,"included"
"SSR_28","SSR_28_d1","Type I interferon response","Survival","D1",1,0,"M3",-0.135403984332762,11.3291666666667,"是","呼吸道","lung infection",0,0,28,"included"
"SSR_28","SSR_28_d1","Ribosome biogenesis","Survival","D1",1,0,"M4",-0.439858725958558,11.3291666666667,"是","呼吸道","lung infection",0,0,28,"included"
"SSR_29","SSR_29_d1","PRR/TLR/TNF/NF-kB signaling","Survival","D1",1,0,"M1",-0.0427606702772936,41.6909722222222,"是","呼吸道","lung infection",0,0,28,"included"
"SSR_29","SSR_29_d1","Phagolysosome/autophagy","Survival","D1",1,0,"M2",0.0389698357449817,41.6909722222222,"是","呼吸道","lung infection",0,0,28,"included"
"SSR_29","SSR_29_d1","Type I interferon response","Survival","D1",1,0,"M3",-0.19830410006488,41.6909722222222,"是","呼吸道","lung infection",0,0,28,"included"
"SSR_29","SSR_29_d1","Ribosome biogenesis","Survival","D1",1,0,"M4",-0.146413349088458,41.6909722222222,"是","呼吸道","lung infection",0,0,28,"included"
"SSR_3","SSR_3_d1","PRR/TLR/TNF/NF-kB signaling","Survival","D1",1,0,"M1",0.360937710733229,12.5833333333333,"是","泌尿系感染","non-lung infection",0,0,28,"included"
"SSR_3","SSR_3_d1","Phagolysosome/autophagy","Survival","D1",1,0,"M2",0.436763111649591,12.5833333333333,"是","泌尿系感染","non-lung infection",0,0,28,"included"
"SSR_3","SSR_3_d1","Type I interferon response","Survival","D1",1,0,"M3",0.25733136021977,12.5833333333333,"是","泌尿系感染","non-lung infection",0,0,28,"included"
"SSR_3","SSR_3_d1","Ribosome biogenesis","Survival","D1",1,0,"M4",-0.214490747500221,12.5833333333333,"是","泌尿系感染","non-lung infection",0,0,28,"included"
"SSR_30","SSR_30_d1","PRR/TLR/TNF/NF-kB signaling","Survival","D1",1,0,"M1",0.455736682826775,30.0770833333333,"是","泌尿系","non-lung infection",0,0,28,"included"
"SSR_30","SSR_30_d1","Phagolysosome/autophagy","Survival","D1",1,0,"M2",0.441332884238378,30.0770833333333,"是","泌尿系","non-lung infection",0,0,28,"included"
"SSR_30","SSR_30_d1","Type I interferon response","Survival","D1",1,0,"M3",0.386039906609051,30.0770833333333,"是","泌尿系","non-lung infection",0,0,28,"included"
"SSR_30","SSR_30_d1","Ribosome biogenesis","Survival","D1",1,0,"M4",-0.233836549621281,30.0770833333333,"是","泌尿系","non-lung infection",0,0,28,"included"
"SSR_31","SSR_31_d1","PRR/TLR/TNF/NF-kB signaling","Survival","D1",1,0,"M1",0.316171064336187,10.2541666666667,"是","呼吸道","lung infection",0,0,28,"included"
"SSR_31","SSR_31_d1","Phagolysosome/autophagy","Survival","D1",1,0,"M2",0.395067964456536,10.2541666666667,"是","呼吸道","lung infection",0,0,28,"included"
"SSR_31","SSR_31_d1","Type I interferon response","Survival","D1",1,0,"M3",0.0243872997833687,10.2541666666667,"是","呼吸道","lung infection",0,0,28,"included"
"SSR_31","SSR_31_d1","Ribosome biogenesis","Survival","D1",1,0,"M4",-0.466967449619741,10.2541666666667,"是","呼吸道","lung infection",0,0,28,"included"
"SSR_32","SSR_32_d1","PRR/TLR/TNF/NF-kB signaling","Survival","D1",1,0,"M1",0.467969209329328,4,"是","泌尿系/呼吸道","lung infection",0,0,28,"included"
"SSR_32","SSR_32_d1","Phagolysosome/autophagy","Survival","D1",1,0,"M2",0.372262421461168,4,"是","泌尿系/呼吸道","lung infection",0,0,28,"included"
"SSR_32","SSR_32_d1","Type I interferon response","Survival","D1",1,0,"M3",0.397056339252729,4,"是","泌尿系/呼吸道","lung infection",0,0,28,"included"
"SSR_32","SSR_32_d1","Ribosome biogenesis","Survival","D1",1,0,"M4",-0.432400059019106,4,"是","泌尿系/呼吸道","lung infection",0,0,28,"included"
"SSR_33","SSR_33_d1","PRR/TLR/TNF/NF-kB signaling","Survival","D1",1,0,"M1",-0.414463290655934,15.3993055555556,"是","呼吸道+胃肠道","lung infection",0,0,28,"included"
"SSR_33","SSR_33_d1","Phagolysosome/autophagy","Survival","D1",1,0,"M2",-0.335784084261664,15.3993055555556,"是","呼吸道+胃肠道","lung infection",0,0,28,"included"
"SSR_33","SSR_33_d1","Type I interferon response","Survival","D1",1,0,"M3",-0.449364827975022,15.3993055555556,"是","呼吸道+胃肠道","lung infection",0,0,28,"included"
"SSR_33","SSR_33_d1","Ribosome biogenesis","Survival","D1",1,0,"M4",0.213782609390432,15.3993055555556,"是","呼吸道+胃肠道","lung infection",0,0,28,"included"
"SSR_34","SSR_34_d1","PRR/TLR/TNF/NF-kB signaling","Survival","D1",1,0,"M1",0.453273056567897,23.275,"是","呼吸道","lung infection",0,0,28,"included"
"SSR_34","SSR_34_d1","Phagolysosome/autophagy","Survival","D1",1,0,"M2",0.522550429310196,23.275,"是","呼吸道","lung infection",0,0,28,"included"
"SSR_34","SSR_34_d1","Type I interferon response","Survival","D1",1,0,"M3",0.174919939121417,23.275,"是","呼吸道","lung infection",0,0,28,"included"
"SSR_34","SSR_34_d1","Ribosome biogenesis","Survival","D1",1,0,"M4",-0.438161211165182,23.275,"是","呼吸道","lung infection",0,0,28,"included"
"SSR_35","SSR_35_d1","PRR/TLR/TNF/NF-kB signaling","Mortality","D1",1,0,"M1",0.530118904102651,9.00902777777778,"否","呼吸道","lung infection",1,1,9.00902777777778,"included"
"SSR_35","SSR_35_d1","Phagolysosome/autophagy","Mortality","D1",1,0,"M2",0.394680255786322,9.00902777777778,"否","呼吸道","lung infection",1,1,9.00902777777778,"included"
"SSR_35","SSR_35_d1","Type I interferon response","Mortality","D1",1,0,"M3",0.387637787603796,9.00902777777778,"否","呼吸道","lung infection",1,1,9.00902777777778,"included"
"SSR_35","SSR_35_d1","Ribosome biogenesis","Mortality","D1",1,0,"M4",-0.354697103716021,9.00902777777778,"否","呼吸道","lung infection",1,1,9.00902777777778,"included"
"SSR_36","SSR_36_d1","PRR/TLR/TNF/NF-kB signaling","Mortality","D1",1,0,"M1",0.450209112035402,13.5666666666667,"否","呼吸道","lung infection",1,1,13.5666666666667,"included"
"SSR_36","SSR_36_d1","Phagolysosome/autophagy","Mortality","D1",1,0,"M2",0.431002783418295,13.5666666666667,"否","呼吸道","lung infection",1,1,13.5666666666667,"included"
"SSR_36","SSR_36_d1","Type I interferon response","Mortality","D1",1,0,"M3",0.288274821943204,13.5666666666667,"否","呼吸道","lung infection",1,1,13.5666666666667,"included"
"SSR_36","SSR_36_d1","Ribosome biogenesis","Mortality","D1",1,0,"M4",-0.379575368333131,13.5666666666667,"否","呼吸道","lung infection",1,1,13.5666666666667,"included"
"SSR_37","SSR_37_d1","PRR/TLR/TNF/NF-kB signaling","Survival","D1",1,0,"M1",0.522593183686176,22.2972222222222,"是","泌尿道","non-lung infection",0,0,28,"included"
"SSR_37","SSR_37_d1","Phagolysosome/autophagy","Survival","D1",1,0,"M2",0.593771538152915,22.2972222222222,"是","泌尿道","non-lung infection",0,0,28,"included"
"SSR_37","SSR_37_d1","Type I interferon response","Survival","D1",1,0,"M3",0.286982200385002,22.2972222222222,"是","泌尿道","non-lung infection",0,0,28,"included"
"SSR_37","SSR_37_d1","Ribosome biogenesis","Survival","D1",1,0,"M4",-0.442801323129645,22.2972222222222,"是","泌尿道","non-lung infection",0,0,28,"included"
"SSR_38","SSR_38_d1","PRR/TLR/TNF/NF-kB signaling","Survival","D1",1,0,"M1",0.24399135500862,35.7958333333333,"是","胆道","non-lung infection",0,0,28,"included"
"SSR_38","SSR_38_d1","Phagolysosome/autophagy","Survival","D1",1,0,"M2",-0.045235966718509,35.7958333333333,"是","胆道","non-lung infection",0,0,28,"included"
"SSR_38","SSR_38_d1","Type I interferon response","Survival","D1",1,0,"M3",0.316016118782383,35.7958333333333,"是","胆道","non-lung infection",0,0,28,"included"
"SSR_38","SSR_38_d1","Ribosome biogenesis","Survival","D1",1,0,"M4",-0.519393866457355,35.7958333333333,"是","胆道","non-lung infection",0,0,28,"included"
"SSR_39","SSR_39_d1","PRR/TLR/TNF/NF-kB signaling","Survival","D1",1,0,"M1",0.388212418926113,6.12291666666667,"是","泌尿道","non-lung infection",0,0,28,"included"
"SSR_39","SSR_39_d1","Phagolysosome/autophagy","Survival","D1",1,0,"M2",0.501952498745109,6.12291666666667,"是","泌尿道","non-lung infection",0,0,28,"included"
"SSR_39","SSR_39_d1","Type I interferon response","Survival","D1",1,0,"M3",0.224418272647629,6.12291666666667,"是","泌尿道","non-lung infection",0,0,28,"included"
"SSR_39","SSR_39_d1","Ribosome biogenesis","Survival","D1",1,0,"M4",-0.48632058193785,6.12291666666667,"是","泌尿道","non-lung infection",0,0,28,"included"
"SSR_4","SSR_4_d1","PRR/TLR/TNF/NF-kB signaling","Survival","D1",1,0,"M1",-0.0214253856457665,73.2388888888889,"是","肺部感染","lung infection",0,0,28,"included"
"SSR_4","SSR_4_d1","Phagolysosome/autophagy","Survival","D1",1,0,"M2",0.208071363039199,73.2388888888889,"是","肺部感染","lung infection",0,0,28,"included"
"SSR_4","SSR_4_d1","Type I interferon response","Survival","D1",1,0,"M3",0.120466597004662,73.2388888888889,"是","肺部感染","lung infection",0,0,28,"included"
"SSR_4","SSR_4_d1","Ribosome biogenesis","Survival","D1",1,0,"M4",0.583933082781008,73.2388888888889,"是","肺部感染","lung infection",0,0,28,"included"
"SSR_40","SSR_40_d1","PRR/TLR/TNF/NF-kB signaling","Survival","D1",1,0,"M1",0.633560550252201,17.3777777777778,"是","呼吸道","lung infection",0,0,28,"included"
"SSR_40","SSR_40_d1","Phagolysosome/autophagy","Survival","D1",1,0,"M2",0.644138336273191,17.3777777777778,"是","呼吸道","lung infection",0,0,28,"included"
"SSR_40","SSR_40_d1","Type I interferon response","Survival","D1",1,0,"M3",0.442825465020483,17.3777777777778,"是","呼吸道","lung infection",0,0,28,"included"
"SSR_40","SSR_40_d1","Ribosome biogenesis","Survival","D1",1,0,"M4",-0.522559754833586,17.3777777777778,"是","呼吸道","lung infection",0,0,28,"included"
"SSR_41","SSR_41_d1","PRR/TLR/TNF/NF-kB signaling","Survival","D1",1,0,"M1",0.411547269767671,34.3847222222222,"是","泌尿道","non-lung infection",0,0,28,"included"
"SSR_41","SSR_41_d1","Phagolysosome/autophagy","Survival","D1",1,0,"M2",0.257309431235764,34.3847222222222,"是","泌尿道","non-lung infection",0,0,28,"included"
"SSR_41","SSR_41_d1","Type I interferon response","Survival","D1",1,0,"M3",0.616397974999072,34.3847222222222,"是","泌尿道","non-lung infection",0,0,28,"included"
"SSR_41","SSR_41_d1","Ribosome biogenesis","Survival","D1",1,0,"M4",-0.120718861703713,34.3847222222222,"是","泌尿道","non-lung infection",0,0,28,"included"
"SSR_42","SSR_42_d1","PRR/TLR/TNF/NF-kB signaling","Survival","D1",1,0,"M1",-0.0817084712920366,10.9493055555556,"是","泌尿道","non-lung infection",0,0,28,"included"
"SSR_42","SSR_42_d1","Phagolysosome/autophagy","Survival","D1",1,0,"M2",-0.329724249183451,10.9493055555556,"是","泌尿道","non-lung infection",0,0,28,"included"
"SSR_42","SSR_42_d1","Type I interferon response","Survival","D1",1,0,"M3",-0.0359362930132771,10.9493055555556,"是","泌尿道","non-lung infection",0,0,28,"included"
"SSR_42","SSR_42_d1","Ribosome biogenesis","Survival","D1",1,0,"M4",-0.549745917311971,10.9493055555556,"是","泌尿道","non-lung infection",0,0,28,"included"
"SSR_43","SSR_43_d1","PRR/TLR/TNF/NF-kB signaling","Survival","D1",1,0,"M1",0.344751953024345,19.9889699074074,"是","肺部","lung infection",0,0,28,"included"
"SSR_43","SSR_43_d1","Phagolysosome/autophagy","Survival","D1",1,0,"M2",0.124707453403077,19.9889699074074,"是","肺部","lung infection",0,0,28,"included"
"SSR_43","SSR_43_d1","Type I interferon response","Survival","D1",1,0,"M3",0.406623341780613,19.9889699074074,"是","肺部","lung infection",0,0,28,"included"
"SSR_43","SSR_43_d1","Ribosome biogenesis","Survival","D1",1,0,"M4",-0.629604583107609,19.9889699074074,"是","肺部","lung infection",0,0,28,"included"
"SSR_44","SSR_44_d1","PRR/TLR/TNF/NF-kB signaling","Mortality","D1",1,0,"M1",0.538482920091332,18.2790972222222,"否","呼吸道、泌尿道","lung infection",1,1,18.2790972222222,"included"
"SSR_44","SSR_44_d1","Phagolysosome/autophagy","Mortality","D1",1,0,"M2",0.274471017826644,18.2790972222222,"否","呼吸道、泌尿道","lung infection",1,1,18.2790972222222,"included"
"SSR_44","SSR_44_d1","Type I interferon response","Mortality","D1",1,0,"M3",0.569479245922816,18.2790972222222,"否","呼吸道、泌尿道","lung infection",1,1,18.2790972222222,"included"
"SSR_44","SSR_44_d1","Ribosome biogenesis","Mortality","D1",1,0,"M4",-0.664256079720053,18.2790972222222,"否","呼吸道、泌尿道","lung infection",1,1,18.2790972222222,"included"
"SSR_45","SSR_45_d1","PRR/TLR/TNF/NF-kB signaling","Survival","D1",1,0,"M1",0.377238437436999,16.4888888888889,"是","肺部","lung infection",0,0,28,"included"
"SSR_45","SSR_45_d1","Phagolysosome/autophagy","Survival","D1",1,0,"M2",0.06976131579219,16.4888888888889,"是","肺部","lung infection",0,0,28,"included"
"SSR_45","SSR_45_d1","Type I interferon response","Survival","D1",1,0,"M3",0.46002671491394,16.4888888888889,"是","肺部","lung infection",0,0,28,"included"
"SSR_45","SSR_45_d1","Ribosome biogenesis","Survival","D1",1,0,"M4",-0.662323479961231,16.4888888888889,"是","肺部","lung infection",0,0,28,"included"
"SSR_46","SSR_46_d1","PRR/TLR/TNF/NF-kB signaling","Survival","D1",1,0,"M1",0.112424016782493,14.740625,"是","呼吸道来源","lung infection",0,0,28,"included"
"SSR_46","SSR_46_d1","Phagolysosome/autophagy","Survival","D1",1,0,"M2",-0.0366746821061396,14.740625,"是","呼吸道来源","lung infection",0,0,28,"included"
"SSR_46","SSR_46_d1","Type I interferon response","Survival","D1",1,0,"M3",0.127322960584115,14.740625,"是","呼吸道来源","lung infection",0,0,28,"included"
"SSR_46","SSR_46_d1","Ribosome biogenesis","Survival","D1",1,0,"M4",-0.719063782068241,14.740625,"是","呼吸道来源","lung infection",0,0,28,"included"
"SSR_47","SSR_47_d1","PRR/TLR/TNF/NF-kB signaling","Survival","D1",1,0,"M1",0.422874255682566,10.1527777777778,"是","呼吸道来源","lung infection",0,0,28,"included"
"SSR_47","SSR_47_d1","Phagolysosome/autophagy","Survival","D1",1,0,"M2",0.22515746486387,10.1527777777778,"是","呼吸道来源","lung infection",0,0,28,"included"
"SSR_47","SSR_47_d1","Type I interferon response","Survival","D1",1,0,"M3",0.556404245675419,10.1527777777778,"是","呼吸道来源","lung infection",0,0,28,"included"
"SSR_47","SSR_47_d1","Ribosome biogenesis","Survival","D1",1,0,"M4",-0.633676281123773,10.1527777777778,"是","呼吸道来源","lung infection",0,0,28,"included"
"SSR_48","SSR_48_d1","PRR/TLR/TNF/NF-kB signaling","Survival","D1",1,0,"M1",0.0622663484167004,35.9946875,"是","呼吸道来源","lung infection",0,0,28,"included"
"SSR_48","SSR_48_d1","Phagolysosome/autophagy","Survival","D1",1,0,"M2",-0.120732615297566,35.9946875,"是","呼吸道来源","lung infection",0,0,28,"included"
"SSR_48","SSR_48_d1","Type I interferon response","Survival","D1",1,0,"M3",0.302235958163252,35.9946875,"是","呼吸道来源","lung infection",0,0,28,"included"
"SSR_48","SSR_48_d1","Ribosome biogenesis","Survival","D1",1,0,"M4",-0.486049548646375,35.9946875,"是","呼吸道来源","lung infection",0,0,28,"included"
"SSR_5","SSR_5_d1","PRR/TLR/TNF/NF-kB signaling","Survival","D1",1,0,"M1",0.390461816448332,5.89305555555556,"是","肺部感染","lung infection",0,0,28,"included"
"SSR_5","SSR_5_d1","Phagolysosome/autophagy","Survival","D1",1,0,"M2",0.473731081105968,5.89305555555556,"是","肺部感染","lung infection",0,0,28,"included"
"SSR_5","SSR_5_d1","Type I interferon response","Survival","D1",1,0,"M3",0.118699519792222,5.89305555555556,"是","肺部感染","lung infection",0,0,28,"included"
"SSR_5","SSR_5_d1","Ribosome biogenesis","Survival","D1",1,0,"M4",-0.136690655455243,5.89305555555556,"是","肺部感染","lung infection",0,0,28,"included"
"SSR_50","SSR_50_d1","PRR/TLR/TNF/NF-kB signaling","Survival","D1",1,0,"M1",-0.0488355049630431,13.5632291666667,"是","泌尿道来源","non-lung infection",0,0,28,"included"
"SSR_50","SSR_50_d1","Phagolysosome/autophagy","Survival","D1",1,0,"M2",-0.262077171007014,13.5632291666667,"是","泌尿道来源","non-lung infection",0,0,28,"included"
"SSR_50","SSR_50_d1","Type I interferon response","Survival","D1",1,0,"M3",-0.333293992125223,13.5632291666667,"是","泌尿道来源","non-lung infection",0,0,28,"included"
"SSR_50","SSR_50_d1","Ribosome biogenesis","Survival","D1",1,0,"M4",-0.624149542227188,13.5632291666667,"是","泌尿道来源","non-lung infection",0,0,28,"included"
"SSR_51","SSR_51_d1","PRR/TLR/TNF/NF-kB signaling","Survival","D1",1,0,"M1",0.113756377049983,12.5612152777778,"是","胆道来源","non-lung infection",0,0,28,"included"
"SSR_51","SSR_51_d1","Phagolysosome/autophagy","Survival","D1",1,0,"M2",-0.15500473819222,12.5612152777778,"是","胆道来源","non-lung infection",0,0,28,"included"
"SSR_51","SSR_51_d1","Type I interferon response","Survival","D1",1,0,"M3",0.357872176009149,12.5612152777778,"是","胆道来源","non-lung infection",0,0,28,"included"
"SSR_51","SSR_51_d1","Ribosome biogenesis","Survival","D1",1,0,"M4",-0.654096686028032,12.5612152777778,"是","胆道来源","non-lung infection",0,0,28,"included"
"SSR_52","SSR_52_d1","PRR/TLR/TNF/NF-kB signaling","Survival","D1",1,0,"M1",0.343444370771291,12.0326388888889,"是","呼吸道","lung infection",0,0,28,"included"
"SSR_52","SSR_52_d1","Phagolysosome/autophagy","Survival","D1",1,0,"M2",0.139402179614692,12.0326388888889,"是","呼吸道","lung infection",0,0,28,"included"
"SSR_52","SSR_52_d1","Type I interferon response","Survival","D1",1,0,"M3",0.259819669900616,12.0326388888889,"是","呼吸道","lung infection",0,0,28,"included"
"SSR_52","SSR_52_d1","Ribosome biogenesis","Survival","D1",1,0,"M4",-0.695543446961226,12.0326388888889,"是","呼吸道","lung infection",0,0,28,"included"
"SSR_53","SSR_53_d1","PRR/TLR/TNF/NF-kB signaling","Survival","D1",1,0,"M1",0.262362946542393,12.4101041666667,"是","胆道来源","non-lung infection",0,0,28,"included"
"SSR_53","SSR_53_d1","Phagolysosome/autophagy","Survival","D1",1,0,"M2",0.202194784662023,12.4101041666667,"是","胆道来源","non-lung infection",0,0,28,"included"
"SSR_53","SSR_53_d1","Type I interferon response","Survival","D1",1,0,"M3",-0.109482262424187,12.4101041666667,"是","胆道来源","non-lung infection",0,0,28,"included"
"SSR_53","SSR_53_d1","Ribosome biogenesis","Survival","D1",1,0,"M4",-0.621587185489686,12.4101041666667,"是","胆道来源","non-lung infection",0,0,28,"included"
"SSR_54","SSR_54_d1","PRR/TLR/TNF/NF-kB signaling","Survival","D1",1,0,"M1",0.126172688536119,94.6681481481481,"是","肺部来源","lung infection",0,0,28,"included"
"SSR_54","SSR_54_d1","Phagolysosome/autophagy","Survival","D1",1,0,"M2",-0.0238636149118914,94.6681481481481,"是","肺部来源","lung infection",0,0,28,"included"
"SSR_54","SSR_54_d1","Type I interferon response","Survival","D1",1,0,"M3",-0.144465827770018,94.6681481481481,"是","肺部来源","lung infection",0,0,28,"included"
"SSR_54","SSR_54_d1","Ribosome biogenesis","Survival","D1",1,0,"M4",-0.579067941584279,94.6681481481481,"是","肺部来源","lung infection",0,0,28,"included"
"SSR_55","SSR_55_d1","PRR/TLR/TNF/NF-kB signaling","Survival","D1",1,0,"M1",-0.170858477560522,5.25609953703704,"是","胆道来源","non-lung infection",0,0,28,"included"
"SSR_55","SSR_55_d1","Phagolysosome/autophagy","Survival","D1",1,0,"M2",-0.304746220612736,5.25609953703704,"是","胆道来源","non-lung infection",0,0,28,"included"
"SSR_55","SSR_55_d1","Type I interferon response","Survival","D1",1,0,"M3",0.0590730309598342,5.25609953703704,"是","胆道来源","non-lung infection",0,0,28,"included"
"SSR_55","SSR_55_d1","Ribosome biogenesis","Survival","D1",1,0,"M4",-0.431257374835008,5.25609953703704,"是","胆道来源","non-lung infection",0,0,28,"included"
"SSR_56","SSR_56_d1","PRR/TLR/TNF/NF-kB signaling","Survival","D1",1,0,"M1",0.387267546235352,15.2991898148148,"是","肺部","lung infection",0,0,28,"included"
"SSR_56","SSR_56_d1","Phagolysosome/autophagy","Survival","D1",1,0,"M2",0.272527704496216,15.2991898148148,"是","肺部","lung infection",0,0,28,"included"
"SSR_56","SSR_56_d1","Type I interferon response","Survival","D1",1,0,"M3",0.167588114057054,15.2991898148148,"是","肺部","lung infection",0,0,28,"included"
"SSR_56","SSR_56_d1","Ribosome biogenesis","Survival","D1",1,0,"M4",-0.6284188697897,15.2991898148148,"是","肺部","lung infection",0,0,28,"included"
"SSR_57","SSR_57_d1","PRR/TLR/TNF/NF-kB signaling","Survival","D1",1,0,"M1",-0.183423020359073,19.3571875,"是","腹腔来源","non-lung infection",0,0,28,"included"
"SSR_57","SSR_57_d1","Phagolysosome/autophagy","Survival","D1",1,0,"M2",-0.335349661059847,19.3571875,"是","腹腔来源","non-lung infection",0,0,28,"included"
"SSR_57","SSR_57_d1","Type I interferon response","Survival","D1",1,0,"M3",-0.277529113691801,19.3571875,"是","腹腔来源","non-lung infection",0,0,28,"included"
"SSR_57","SSR_57_d1","Ribosome biogenesis","Survival","D1",1,0,"M4",-0.404887150181421,19.3571875,"是","腹腔来源","non-lung infection",0,0,28,"included"
"SSR_58","SSR_58_d1","PRR/TLR/TNF/NF-kB signaling","Survival","D1",1,0,"M1",-0.269125981862157,4.89090277777778,"是","皮肤来源","non-lung infection",0,0,28,"included"
"SSR_58","SSR_58_d1","Phagolysosome/autophagy","Survival","D1",1,0,"M2",-0.410673510049814,4.89090277777778,"是","皮肤来源","non-lung infection",0,0,28,"included"
"SSR_58","SSR_58_d1","Type I interferon response","Survival","D1",1,0,"M3",0.152906641997807,4.89090277777778,"是","皮肤来源","non-lung infection",0,0,28,"included"
"SSR_58","SSR_58_d1","Ribosome biogenesis","Survival","D1",1,0,"M4",-0.463746157148805,4.89090277777778,"是","皮肤来源","non-lung infection",0,0,28,"included"
"SSR_59","SSR_59_d1","PRR/TLR/TNF/NF-kB signaling","Mortality","D1",1,0,"M1",0.479071176404897,14.5020833333333,"否","肺部","lung infection",1,1,14.5020833333333,"included"
"SSR_59","SSR_59_d1","Phagolysosome/autophagy","Mortality","D1",1,0,"M2",0.474687069435009,14.5020833333333,"否","肺部","lung infection",1,1,14.5020833333333,"included"
"SSR_59","SSR_59_d1","Type I interferon response","Mortality","D1",1,0,"M3",0.317201773865754,14.5020833333333,"否","肺部","lung infection",1,1,14.5020833333333,"included"
"SSR_59","SSR_59_d1","Ribosome biogenesis","Mortality","D1",1,0,"M4",-0.731493232525921,14.5020833333333,"否","肺部","lung infection",1,1,14.5020833333333,"included"
"SSR_6","SSR_6_d1","PRR/TLR/TNF/NF-kB signaling","Survival","D1",1,0,"M1",-0.529816190634421,38.5027777777778,"是","肠源性感染？肺部感染","lung infection",0,0,28,"included"
"SSR_6","SSR_6_d1","Phagolysosome/autophagy","Survival","D1",1,0,"M2",-0.45613669346734,38.5027777777778,"是","肠源性感染？肺部感染","lung infection",0,0,28,"included"
"SSR_6","SSR_6_d1","Type I interferon response","Survival","D1",1,0,"M3",-0.268721697362866,38.5027777777778,"是","肠源性感染？肺部感染","lung infection",0,0,28,"included"
"SSR_6","SSR_6_d1","Ribosome biogenesis","Survival","D1",1,0,"M4",0.523527926417144,38.5027777777778,"是","肠源性感染？肺部感染","lung infection",0,0,28,"included"
"SSR_60","SSR_60_d1","PRR/TLR/TNF/NF-kB signaling","Survival","D1",1,0,"M1",0.0299369681421665,12.6908333333333,"是","肺部","lung infection",0,0,28,"included"
"SSR_60","SSR_60_d1","Phagolysosome/autophagy","Survival","D1",1,0,"M2",-0.179396454531522,12.6908333333333,"是","肺部","lung infection",0,0,28,"included"
"SSR_60","SSR_60_d1","Type I interferon response","Survival","D1",1,0,"M3",-0.147334653669947,12.6908333333333,"是","肺部","lung infection",0,0,28,"included"
"SSR_60","SSR_60_d1","Ribosome biogenesis","Survival","D1",1,0,"M4",-0.581003401275962,12.6908333333333,"是","肺部","lung infection",0,0,28,"included"
"SSR_61","SSR_61_d1","PRR/TLR/TNF/NF-kB signaling","Survival","D1",1,0,"M1",0.32353257365948,36.2573726851852,"是","呼吸道来源","lung infection",0,0,28,"included"
"SSR_61","SSR_61_d1","Phagolysosome/autophagy","Survival","D1",1,0,"M2",0.0223662341357017,36.2573726851852,"是","呼吸道来源","lung infection",0,0,28,"included"
"SSR_61","SSR_61_d1","Type I interferon response","Survival","D1",1,0,"M3",0.530137972208403,36.2573726851852,"是","呼吸道来源","lung infection",0,0,28,"included"
"SSR_61","SSR_61_d1","Ribosome biogenesis","Survival","D1",1,0,"M4",-0.608923510841192,36.2573726851852,"是","呼吸道来源","lung infection",0,0,28,"included"
"SSR_62","SSR_62_d1","PRR/TLR/TNF/NF-kB signaling","Survival","D1",1,0,"M1",0.283851218510607,40.7966319444444,"是","肺部","lung infection",0,0,28,"included"
"SSR_62","SSR_62_d1","Phagolysosome/autophagy","Survival","D1",1,0,"M2",-0.0631812421213172,40.7966319444444,"是","肺部","lung infection",0,0,28,"included"
"SSR_62","SSR_62_d1","Type I interferon response","Survival","D1",1,0,"M3",0.596000986304093,40.7966319444444,"是","肺部","lung infection",0,0,28,"included"
"SSR_62","SSR_62_d1","Ribosome biogenesis","Survival","D1",1,0,"M4",-0.618064006898456,40.7966319444444,"是","肺部","lung infection",0,0,28,"included"
"SSR_63","SSR_63_d1","PRR/TLR/TNF/NF-kB signaling","Survival","D1",1,0,"M1",-0.0210781034563411,9.30396990740741,"是","消化道","non-lung infection",0,0,28,"included"
"SSR_63","SSR_63_d1","Phagolysosome/autophagy","Survival","D1",1,0,"M2",-0.183707189235596,9.30396990740741,"是","消化道","non-lung infection",0,0,28,"included"
"SSR_63","SSR_63_d1","Type I interferon response","Survival","D1",1,0,"M3",0.248800085215051,9.30396990740741,"是","消化道","non-lung infection",0,0,28,"included"
"SSR_63","SSR_63_d1","Ribosome biogenesis","Survival","D1",1,0,"M4",-0.556420554286679,9.30396990740741,"是","消化道","non-lung infection",0,0,28,"included"
"SSR_64","SSR_64_d1","PRR/TLR/TNF/NF-kB signaling","Survival","D1",1,0,"M1",0.227064679010682,18.7090277777778,"是","呼吸道","lung infection",0,0,28,"included"
"SSR_64","SSR_64_d1","Phagolysosome/autophagy","Survival","D1",1,0,"M2",-0.0039722042894394,18.7090277777778,"是","呼吸道","lung infection",0,0,28,"included"
"SSR_64","SSR_64_d1","Type I interferon response","Survival","D1",1,0,"M3",0.0126163151384692,18.7090277777778,"是","呼吸道","lung infection",0,0,28,"included"
"SSR_64","SSR_64_d1","Ribosome biogenesis","Survival","D1",1,0,"M4",-0.628653480136302,18.7090277777778,"是","呼吸道","lung infection",0,0,28,"included"
"SSR_65","SSR_65_d1","PRR/TLR/TNF/NF-kB signaling","Survival","D1",1,0,"M1",0.199055463892175,17.6013888888889,"是","肺","lung infection",0,0,28,"included"
"SSR_65","SSR_65_d1","Phagolysosome/autophagy","Survival","D1",1,0,"M2",0.0440745148098369,17.6013888888889,"是","肺","lung infection",0,0,28,"included"
"SSR_65","SSR_65_d1","Type I interferon response","Survival","D1",1,0,"M3",0.103049374263156,17.6013888888889,"是","肺","lung infection",0,0,28,"included"
"SSR_65","SSR_65_d1","Ribosome biogenesis","Survival","D1",1,0,"M4",-0.583990570834999,17.6013888888889,"是","肺","lung infection",0,0,28,"included"
"SSR_66","SSR_66_d1","PRR/TLR/TNF/NF-kB signaling","Survival","D1",1,0,"M1",-0.214372211949244,22.0243981481481,"是","胆囊来源","non-lung infection",0,0,28,"included"
"SSR_66","SSR_66_d1","Phagolysosome/autophagy","Survival","D1",1,0,"M2",-0.311890925784354,22.0243981481481,"是","胆囊来源","non-lung infection",0,0,28,"included"
"SSR_66","SSR_66_d1","Type I interferon response","Survival","D1",1,0,"M3",-0.319667596971926,22.0243981481481,"是","胆囊来源","non-lung infection",0,0,28,"included"
"SSR_66","SSR_66_d1","Ribosome biogenesis","Survival","D1",1,0,"M4",-0.552245517176593,22.0243981481481,"是","胆囊来源","non-lung infection",0,0,28,"included"
"SSR_67","SSR_67_d1","PRR/TLR/TNF/NF-kB signaling","Survival","D1",1,0,"M1",0.0182088854896143,12.2263888888889,"是","皮肤","non-lung infection",0,0,28,"included"
"SSR_67","SSR_67_d1","Phagolysosome/autophagy","Survival","D1",1,0,"M2",-0.135264549139574,12.2263888888889,"是","皮肤","non-lung infection",0,0,28,"included"
"SSR_67","SSR_67_d1","Type I interferon response","Survival","D1",1,0,"M3",0.176129693186871,12.2263888888889,"是","皮肤","non-lung infection",0,0,28,"included"
"SSR_67","SSR_67_d1","Ribosome biogenesis","Survival","D1",1,0,"M4",-0.656016894970519,12.2263888888889,"是","皮肤","non-lung infection",0,0,28,"included"
"SSR_68","SSR_68_d1","PRR/TLR/TNF/NF-kB signaling","Survival","D1",1,0,"M1",0.330020191105174,43.510150462963,"是","血培养","non-lung infection",0,0,28,"included"
"SSR_68","SSR_68_d1","Phagolysosome/autophagy","Survival","D1",1,0,"M2",0.171109377485536,43.510150462963,"是","血培养","non-lung infection",0,0,28,"included"
"SSR_68","SSR_68_d1","Type I interferon response","Survival","D1",1,0,"M3",0.0749980716428306,43.510150462963,"是","血培养","non-lung infection",0,0,28,"included"
"SSR_68","SSR_68_d1","Ribosome biogenesis","Survival","D1",1,0,"M4",-0.62213895202246,43.510150462963,"是","血培养","non-lung infection",0,0,28,"included"
"SSR_69","SSR_69_d1","PRR/TLR/TNF/NF-kB signaling","Mortality","D1",1,0,"M1",-0.25747641023186,11.5590277777778,"否","肺部感染","lung infection",1,1,11.5590277777778,"included"
"SSR_69","SSR_69_d1","Phagolysosome/autophagy","Mortality","D1",1,0,"M2",-0.435050379595925,11.5590277777778,"否","肺部感染","lung infection",1,1,11.5590277777778,"included"
"SSR_69","SSR_69_d1","Type I interferon response","Mortality","D1",1,0,"M3",0.167494129962363,11.5590277777778,"否","肺部感染","lung infection",1,1,11.5590277777778,"included"
"SSR_69","SSR_69_d1","Ribosome biogenesis","Mortality","D1",1,0,"M4",-0.399569622664274,11.5590277777778,"否","肺部感染","lung infection",1,1,11.5590277777778,"included"
"SSR_7","SSR_7_d1","PRR/TLR/TNF/NF-kB signaling","Survival","D1",1,0,"M1",0.073837853789942,6.84166666666667,"是","泌尿道感染","non-lung infection",0,0,28,"included"
"SSR_7","SSR_7_d1","Phagolysosome/autophagy","Survival","D1",1,0,"M2",0.229133170657869,6.84166666666667,"是","泌尿道感染","non-lung infection",0,0,28,"included"
"SSR_7","SSR_7_d1","Type I interferon response","Survival","D1",1,0,"M3",0.0205613493927667,6.84166666666667,"是","泌尿道感染","non-lung infection",0,0,28,"included"
"SSR_7","SSR_7_d1","Ribosome biogenesis","Survival","D1",1,0,"M4",-0.0880710555241497,6.84166666666667,"是","泌尿道感染","non-lung infection",0,0,28,"included"
"SSR_70","SSR_70_d1","PRR/TLR/TNF/NF-kB signaling","Survival","D1",1,0,"M1",-0.57802254331044,15.9009259259259,"是","肺部感染","lung infection",0,0,28,"included"
"SSR_70","SSR_70_d1","Phagolysosome/autophagy","Survival","D1",1,0,"M2",-0.568536261947336,15.9009259259259,"是","肺部感染","lung infection",0,0,28,"included"
"SSR_70","SSR_70_d1","Type I interferon response","Survival","D1",1,0,"M3",-0.534796192400204,15.9009259259259,"是","肺部感染","lung infection",0,0,28,"included"
"SSR_70","SSR_70_d1","Ribosome biogenesis","Survival","D1",1,0,"M4",0.00228935198496655,15.9009259259259,"是","肺部感染","lung infection",0,0,28,"included"
"SSR_71","SSR_71_d1","PRR/TLR/TNF/NF-kB signaling","Survival","D1",1,0,"M1",-0.444105507267765,26.9751273148148,"是","肾/肝","non-lung infection",0,0,28,"included"
"SSR_71","SSR_71_d1","Phagolysosome/autophagy","Survival","D1",1,0,"M2",-0.542506887411804,26.9751273148148,"是","肾/肝","non-lung infection",0,0,28,"included"
"SSR_71","SSR_71_d1","Type I interferon response","Survival","D1",1,0,"M3",-0.39514588503706,26.9751273148148,"是","肾/肝","non-lung infection",0,0,28,"included"
"SSR_71","SSR_71_d1","Ribosome biogenesis","Survival","D1",1,0,"M4",-0.406371850608485,26.9751273148148,"是","肾/肝","non-lung infection",0,0,28,"included"
"SSR_72","SSR_72_d1","PRR/TLR/TNF/NF-kB signaling","Survival","D1",1,0,"M1",0.162254309387319,0.242465277777778,"是","肺","lung infection",0,0,28,"included"
"SSR_72","SSR_72_d1","Phagolysosome/autophagy","Survival","D1",1,0,"M2",-0.0213796890847182,0.242465277777778,"是","肺","lung infection",0,0,28,"included"
"SSR_72","SSR_72_d1","Type I interferon response","Survival","D1",1,0,"M3",0.414835064080288,0.242465277777778,"是","肺","lung infection",0,0,28,"included"
"SSR_72","SSR_72_d1","Ribosome biogenesis","Survival","D1",1,0,"M4",-0.639613192266597,0.242465277777778,"是","肺","lung infection",0,0,28,"included"
"SSR_73","SSR_73_d1","PRR/TLR/TNF/NF-kB signaling","Survival","D1",1,0,"M1",0.36550993916088,16.7012962962963,"是","肠道、胆囊","non-lung infection",0,0,28,"included"
"SSR_73","SSR_73_d1","Phagolysosome/autophagy","Survival","D1",1,0,"M2",0.209993891190951,16.7012962962963,"是","肠道、胆囊","non-lung infection",0,0,28,"included"
"SSR_73","SSR_73_d1","Type I interferon response","Survival","D1",1,0,"M3",0.380070262302402,16.7012962962963,"是","肠道、胆囊","non-lung infection",0,0,28,"included"
"SSR_73","SSR_73_d1","Ribosome biogenesis","Survival","D1",1,0,"M4",-0.687761319808146,16.7012962962963,"是","肠道、胆囊","non-lung infection",0,0,28,"included"
"SSR_74","SSR_74_d1","PRR/TLR/TNF/NF-kB signaling","Survival","D1",1,0,"M1",-0.211403850618181,9.79347222222222,"是","胆道","non-lung infection",0,0,28,"included"
"SSR_74","SSR_74_d1","Phagolysosome/autophagy","Survival","D1",1,0,"M2",-0.295506256562339,9.79347222222222,"是","胆道","non-lung infection",0,0,28,"included"
"SSR_74","SSR_74_d1","Type I interferon response","Survival","D1",1,0,"M3",-0.0332765924392409,9.79347222222222,"是","胆道","non-lung infection",0,0,28,"included"
"SSR_74","SSR_74_d1","Ribosome biogenesis","Survival","D1",1,0,"M4",-0.484108415117691,9.79347222222222,"是","胆道","non-lung infection",0,0,28,"included"
"SSR_75","SSR_75_d1","PRR/TLR/TNF/NF-kB signaling","Survival","D1",1,0,"M1",-0.274120016765908,31.817037037037,"是","血培养","non-lung infection",0,0,28,"included"
"SSR_75","SSR_75_d1","Phagolysosome/autophagy","Survival","D1",1,0,"M2",-0.357234330279657,31.817037037037,"是","血培养","non-lung infection",0,0,28,"included"
"SSR_75","SSR_75_d1","Type I interferon response","Survival","D1",1,0,"M3",-0.416006756854933,31.817037037037,"是","血培养","non-lung infection",0,0,28,"included"
"SSR_75","SSR_75_d1","Ribosome biogenesis","Survival","D1",1,0,"M4",-0.502892538838218,31.817037037037,"是","血培养","non-lung infection",0,0,28,"included"
"SSR_76","SSR_76_d1","PRR/TLR/TNF/NF-kB signaling","Mortality","D1",1,0,"M1",0.45146614759046,19.081087962963,"否","肺","lung infection",1,1,19.081087962963,"included"
"SSR_76","SSR_76_d1","Phagolysosome/autophagy","Mortality","D1",1,0,"M2",0.374546997109198,19.081087962963,"否","肺","lung infection",1,1,19.081087962963,"included"
"SSR_76","SSR_76_d1","Type I interferon response","Mortality","D1",1,0,"M3",0.139941453374568,19.081087962963,"否","肺","lung infection",1,1,19.081087962963,"included"
"SSR_76","SSR_76_d1","Ribosome biogenesis","Mortality","D1",1,0,"M4",-0.683051583928224,19.081087962963,"否","肺","lung infection",1,1,19.081087962963,"included"
"SSR_77","SSR_77_d1","PRR/TLR/TNF/NF-kB signaling","Survival","D1",1,0,"M1",-0.079875798080436,10.3195833333333,"是","腹腔","non-lung infection",0,0,28,"included"
"SSR_77","SSR_77_d1","Phagolysosome/autophagy","Survival","D1",1,0,"M2",-0.238388219641503,10.3195833333333,"是","腹腔","non-lung infection",0,0,28,"included"
"SSR_77","SSR_77_d1","Type I interferon response","Survival","D1",1,0,"M3",0.210213372381321,10.3195833333333,"是","腹腔","non-lung infection",0,0,28,"included"
"SSR_77","SSR_77_d1","Ribosome biogenesis","Survival","D1",1,0,"M4",-0.585390707829808,10.3195833333333,"是","腹腔","non-lung infection",0,0,28,"included"
"SSR_78","SSR_78_d1","PRR/TLR/TNF/NF-kB signaling","Survival","D1",1,0,"M1",-0.286995178061567,87.4760416666667,"是","呼吸道","lung infection",0,0,28,"included"
"SSR_78","SSR_78_d1","Phagolysosome/autophagy","Survival","D1",1,0,"M2",-0.453740981107086,87.4760416666667,"是","呼吸道","lung infection",0,0,28,"included"
"SSR_78","SSR_78_d1","Type I interferon response","Survival","D1",1,0,"M3",-0.274868941580113,87.4760416666667,"是","呼吸道","lung infection",0,0,28,"included"
"SSR_78","SSR_78_d1","Ribosome biogenesis","Survival","D1",1,0,"M4",-0.391095710798507,87.4760416666667,"是","呼吸道","lung infection",0,0,28,"included"
"SSR_79","SSR_79_d1","PRR/TLR/TNF/NF-kB signaling","Survival","D1",1,0,"M1",0.378471905722311,15.8494212962963,"是","右侧肺","lung infection",0,0,28,"included"
"SSR_79","SSR_79_d1","Phagolysosome/autophagy","Survival","D1",1,0,"M2",0.336895095042361,15.8494212962963,"是","右侧肺","lung infection",0,0,28,"included"
"SSR_79","SSR_79_d1","Type I interferon response","Survival","D1",1,0,"M3",-0.187363739308619,15.8494212962963,"是","右侧肺","lung infection",0,0,28,"included"
"SSR_79","SSR_79_d1","Ribosome biogenesis","Survival","D1",1,0,"M4",-0.622712421932931,15.8494212962963,"是","右侧肺","lung infection",0,0,28,"included"
"SSR_8","SSR_8_d1","PRR/TLR/TNF/NF-kB signaling","Survival","D1",1,0,"M1",-0.580116720678767,8.12708333333333,"是","肺部？尿路？","lung infection",0,0,28,"included"
"SSR_8","SSR_8_d1","Phagolysosome/autophagy","Survival","D1",1,0,"M2",-0.61413745781183,8.12708333333333,"是","肺部？尿路？","lung infection",0,0,28,"included"
"SSR_8","SSR_8_d1","Type I interferon response","Survival","D1",1,0,"M3",-0.611302670412231,8.12708333333333,"是","肺部？尿路？","lung infection",0,0,28,"included"
"SSR_8","SSR_8_d1","Ribosome biogenesis","Survival","D1",1,0,"M4",0.432501086702504,8.12708333333333,"是","肺部？尿路？","lung infection",0,0,28,"included"
"SSR_80","SSR_80_d1","PRR/TLR/TNF/NF-kB signaling","Mortality","D1",1,0,"M1",0.564386745775665,9.74513888888889,"否","皮肤","non-lung infection",1,1,9.74513888888889,"included"
"SSR_80","SSR_80_d1","Phagolysosome/autophagy","Mortality","D1",1,0,"M2",0.515615244056277,9.74513888888889,"否","皮肤","non-lung infection",1,1,9.74513888888889,"included"
"SSR_80","SSR_80_d1","Type I interferon response","Mortality","D1",1,0,"M3",0.675832992865646,9.74513888888889,"否","皮肤","non-lung infection",1,1,9.74513888888889,"included"
"SSR_80","SSR_80_d1","Ribosome biogenesis","Mortality","D1",1,0,"M4",-0.699964786041872,9.74513888888889,"否","皮肤","non-lung infection",1,1,9.74513888888889,"included"
"SSR_81","SSR_81_d1","PRR/TLR/TNF/NF-kB signaling","Survival","D1",1,0,"M1",-0.652979569488995,6.73194444444444,"是","泌尿道","non-lung infection",0,0,28,"included"
"SSR_81","SSR_81_d1","Phagolysosome/autophagy","Survival","D1",1,0,"M2",-0.665093586985996,6.73194444444444,"是","泌尿道","non-lung infection",0,0,28,"included"
"SSR_81","SSR_81_d1","Type I interferon response","Survival","D1",1,0,"M3",-0.603968984406,6.73194444444444,"是","泌尿道","non-lung infection",0,0,28,"included"
"SSR_81","SSR_81_d1","Ribosome biogenesis","Survival","D1",1,0,"M4",0.190838002382866,6.73194444444444,"是","泌尿道","non-lung infection",0,0,28,"included"
"SSR_83","SSR_83_d1","PRR/TLR/TNF/NF-kB signaling","Survival","D1",1,0,"M1",0.0748152435628098,14.4916666666667,"是","呼吸道来源","lung infection",0,0,28,"included"
"SSR_83","SSR_83_d1","Phagolysosome/autophagy","Survival","D1",1,0,"M2",-0.147572671943965,14.4916666666667,"是","呼吸道来源","lung infection",0,0,28,"included"
"SSR_83","SSR_83_d1","Type I interferon response","Survival","D1",1,0,"M3",0.0144411192195932,14.4916666666667,"是","呼吸道来源","lung infection",0,0,28,"included"
"SSR_83","SSR_83_d1","Ribosome biogenesis","Survival","D1",1,0,"M4",-0.618297715427486,14.4916666666667,"是","呼吸道来源","lung infection",0,0,28,"included"
"SSR_84","SSR_84_d1","PRR/TLR/TNF/NF-kB signaling","Mortality","D1",1,0,"M1",-0.46515062637038,1.13170138888889,"否","呼吸道来源","lung infection",1,1,1.13170138888889,"included"
"SSR_84","SSR_84_d1","Phagolysosome/autophagy","Mortality","D1",1,0,"M2",-0.515843578323748,1.13170138888889,"否","呼吸道来源","lung infection",1,1,1.13170138888889,"included"
"SSR_84","SSR_84_d1","Type I interferon response","Mortality","D1",1,0,"M3",-0.116135407953579,1.13170138888889,"否","呼吸道来源","lung infection",1,1,1.13170138888889,"included"
"SSR_84","SSR_84_d1","Ribosome biogenesis","Mortality","D1",1,0,"M4",-0.45712265540556,1.13170138888889,"否","呼吸道来源","lung infection",1,1,1.13170138888889,"included"
"SSR_85","SSR_85_d1","PRR/TLR/TNF/NF-kB signaling","Survival","D1",1,0,"M1",0.365011874941463,7.80530092592593,"是","呼吸道来源","lung infection",0,0,28,"included"
"SSR_85","SSR_85_d1","Phagolysosome/autophagy","Survival","D1",1,0,"M2",0.326508303182602,7.80530092592593,"是","呼吸道来源","lung infection",0,0,28,"included"
"SSR_85","SSR_85_d1","Type I interferon response","Survival","D1",1,0,"M3",0.200354996791818,7.80530092592593,"是","呼吸道来源","lung infection",0,0,28,"included"
"SSR_85","SSR_85_d1","Ribosome biogenesis","Survival","D1",1,0,"M4",-0.719242110507926,7.80530092592593,"是","呼吸道来源","lung infection",0,0,28,"included"
"SSR_86","SSR_86_d1","PRR/TLR/TNF/NF-kB signaling","Survival","D1",1,0,"M1",0.134284032921361,18.7083680555556,"是","呼吸道来源","lung infection",0,0,28,"included"
"SSR_86","SSR_86_d1","Phagolysosome/autophagy","Survival","D1",1,0,"M2",0.0228896183306701,18.7083680555556,"是","呼吸道来源","lung infection",0,0,28,"included"
"SSR_86","SSR_86_d1","Type I interferon response","Survival","D1",1,0,"M3",0.0430551448542787,18.7083680555556,"是","呼吸道来源","lung infection",0,0,28,"included"
"SSR_86","SSR_86_d1","Ribosome biogenesis","Survival","D1",1,0,"M4",-0.659221308039474,18.7083680555556,"是","呼吸道来源","lung infection",0,0,28,"included"
"SSR_87","SSR_87_d1","PRR/TLR/TNF/NF-kB signaling","Survival","D1",1,0,"M1",-0.63205144248308,12.692349537037,"是","肺部来源","lung infection",0,0,28,"included"
"SSR_87","SSR_87_d1","Phagolysosome/autophagy","Survival","D1",1,0,"M2",-0.64006048416628,12.692349537037,"是","肺部来源","lung infection",0,0,28,"included"
"SSR_87","SSR_87_d1","Type I interferon response","Survival","D1",1,0,"M3",-0.580980985542386,12.692349537037,"是","肺部来源","lung infection",0,0,28,"included"
"SSR_87","SSR_87_d1","Ribosome biogenesis","Survival","D1",1,0,"M4",0.0816509493476593,12.692349537037,"是","肺部来源","lung infection",0,0,28,"included"
"SSR_88","SSR_88_d1","PRR/TLR/TNF/NF-kB signaling","Mortality","D1",1,0,"M1",-0.622338061890202,2.07707175925926,"否","泌尿道肠道","non-lung infection",1,1,2.07707175925926,"included"
"SSR_88","SSR_88_d1","Phagolysosome/autophagy","Mortality","D1",1,0,"M2",-0.662398291299292,2.07707175925926,"否","泌尿道肠道","non-lung infection",1,1,2.07707175925926,"included"
"SSR_88","SSR_88_d1","Type I interferon response","Mortality","D1",1,0,"M3",-0.648973651687393,2.07707175925926,"否","泌尿道肠道","non-lung infection",1,1,2.07707175925926,"included"
"SSR_88","SSR_88_d1","Ribosome biogenesis","Mortality","D1",1,0,"M4",0.364165273401348,2.07707175925926,"否","泌尿道肠道","non-lung infection",1,1,2.07707175925926,"included"
"SSR_89","SSR_89_d1","PRR/TLR/TNF/NF-kB signaling","Survival","D1",1,0,"M1",0.380413890846343,10.4340277777778,"是","肝脓肿","non-lung infection",0,0,28,"included"
"SSR_89","SSR_89_d1","Phagolysosome/autophagy","Survival","D1",1,0,"M2",0.17625084028698,10.4340277777778,"是","肝脓肿","non-lung infection",0,0,28,"included"
"SSR_89","SSR_89_d1","Type I interferon response","Survival","D1",1,0,"M3",0.311863502894444,10.4340277777778,"是","肝脓肿","non-lung infection",0,0,28,"included"
"SSR_89","SSR_89_d1","Ribosome biogenesis","Survival","D1",1,0,"M4",-0.671672758676861,10.4340277777778,"是","肝脓肿","non-lung infection",0,0,28,"included"
"SSR_9","SSR_9_d1","PRR/TLR/TNF/NF-kB signaling","Survival","D1",1,0,"M1",0.413754698306764,15.3805555555556,"是","颈部脓肿","non-lung infection",0,0,28,"included"
"SSR_9","SSR_9_d1","Phagolysosome/autophagy","Survival","D1",1,0,"M2",0.550443181500564,15.3805555555556,"是","颈部脓肿","non-lung infection",0,0,28,"included"
"SSR_9","SSR_9_d1","Type I interferon response","Survival","D1",1,0,"M3",0.156324990430926,15.3805555555556,"是","颈部脓肿","non-lung infection",0,0,28,"included"
"SSR_9","SSR_9_d1","Ribosome biogenesis","Survival","D1",1,0,"M4",-0.48361841121486,15.3805555555556,"是","颈部脓肿","non-lung infection",0,0,28,"included"
"SSR_90","SSR_90_d1","PRR/TLR/TNF/NF-kB signaling","Survival","D1",1,0,"M1",0.219801372124142,26.4729166666667,"是","颏下、咽旁、颌下间隙","non-lung infection",0,0,28,"included"
"SSR_90","SSR_90_d1","Phagolysosome/autophagy","Survival","D1",1,0,"M2",0.339397683257717,26.4729166666667,"是","颏下、咽旁、颌下间隙","non-lung infection",0,0,28,"included"
"SSR_90","SSR_90_d1","Type I interferon response","Survival","D1",1,0,"M3",-0.0577320478974219,26.4729166666667,"是","颏下、咽旁、颌下间隙","non-lung infection",0,0,28,"included"
"SSR_90","SSR_90_d1","Ribosome biogenesis","Survival","D1",1,0,"M4",0.172361367500927,26.4729166666667,"是","颏下、咽旁、颌下间隙","non-lung infection",0,0,28,"included"
"SSR_91","SSR_91_d1","PRR/TLR/TNF/NF-kB signaling","Survival","D1",1,0,"M1",0.503338072988011,2.17361111111111,"是","肺部","lung infection",0,0,28,"included"
"SSR_91","SSR_91_d1","Phagolysosome/autophagy","Survival","D1",1,0,"M2",0.42513040696584,2.17361111111111,"是","肺部","lung infection",0,0,28,"included"
"SSR_91","SSR_91_d1","Type I interferon response","Survival","D1",1,0,"M3",0.260875643692533,2.17361111111111,"是","肺部","lung infection",0,0,28,"included"
"SSR_91","SSR_91_d1","Ribosome biogenesis","Survival","D1",1,0,"M4",0.234434286521856,2.17361111111111,"是","肺部","lung infection",0,0,28,"included"
"SSR_92","SSR_92_d1","PRR/TLR/TNF/NF-kB signaling","Survival","D1",1,0,"M1",0.334682430160069,12.6458333333333,"是","无","non-lung infection",0,0,28,"included"
"SSR_92","SSR_92_d1","Phagolysosome/autophagy","Survival","D1",1,0,"M2",0.0895887027123112,12.6458333333333,"是","无","non-lung infection",0,0,28,"included"
"SSR_92","SSR_92_d1","Type I interferon response","Survival","D1",1,0,"M3",0.361364137420928,12.6458333333333,"是","无","non-lung infection",0,0,28,"included"
"SSR_92","SSR_92_d1","Ribosome biogenesis","Survival","D1",1,0,"M4",-0.489778539524539,12.6458333333333,"是","无","non-lung infection",0,0,28,"included"
"SSR_93","SSR_93_d1","PRR/TLR/TNF/NF-kB signaling","Survival","D1",1,0,"M1",0.559602266471131,16.0673611111111,"是","肝脏","non-lung infection",0,0,28,"included"
"SSR_93","SSR_93_d1","Phagolysosome/autophagy","Survival","D1",1,0,"M2",0.516891334113343,16.0673611111111,"是","肝脏","non-lung infection",0,0,28,"included"
"SSR_93","SSR_93_d1","Type I interferon response","Survival","D1",1,0,"M3",0.560571101859086,16.0673611111111,"是","肝脏","non-lung infection",0,0,28,"included"
"SSR_93","SSR_93_d1","Ribosome biogenesis","Survival","D1",1,0,"M4",-0.374489173306524,16.0673611111111,"是","肝脏","non-lung infection",0,0,28,"included"
"SSR_94","SSR_94_d1","PRR/TLR/TNF/NF-kB signaling","Survival","D1",1,0,"M1",-0.382049975322922,11.6909722222222,"是","腹腔","non-lung infection",0,0,28,"included"
"SSR_94","SSR_94_d1","Phagolysosome/autophagy","Survival","D1",1,0,"M2",-0.384116461181405,11.6909722222222,"是","腹腔","non-lung infection",0,0,28,"included"
"SSR_94","SSR_94_d1","Type I interferon response","Survival","D1",1,0,"M3",-0.276971864067058,11.6909722222222,"是","腹腔","non-lung infection",0,0,28,"included"
"SSR_94","SSR_94_d1","Ribosome biogenesis","Survival","D1",1,0,"M4",0.207616358558897,11.6909722222222,"是","腹腔","non-lung infection",0,0,28,"included"
"SSR_95","SSR_95_d1","PRR/TLR/TNF/NF-kB signaling","Survival","D1",1,0,"M1",0.518289163162316,22.0159722222222,"是","胆管","non-lung infection",0,0,28,"included"
"SSR_95","SSR_95_d1","Phagolysosome/autophagy","Survival","D1",1,0,"M2",0.48140444693862,22.0159722222222,"是","胆管","non-lung infection",0,0,28,"included"
"SSR_95","SSR_95_d1","Type I interferon response","Survival","D1",1,0,"M3",0.254996929599557,22.0159722222222,"是","胆管","non-lung infection",0,0,28,"included"
"SSR_95","SSR_95_d1","Ribosome biogenesis","Survival","D1",1,0,"M4",-0.378856366093771,22.0159722222222,"是","胆管","non-lung infection",0,0,28,"included"
"SSR_96","SSR_96_d1","PRR/TLR/TNF/NF-kB signaling","Survival","D1",1,0,"M1",0.470279700929882,10.3694444444444,"是","肝脏、肺部","lung infection",0,0,28,"included"
"SSR_96","SSR_96_d1","Phagolysosome/autophagy","Survival","D1",1,0,"M2",0.616589970024752,10.3694444444444,"是","肝脏、肺部","lung infection",0,0,28,"included"
"SSR_96","SSR_96_d1","Type I interferon response","Survival","D1",1,0,"M3",0.119478707168403,10.3694444444444,"是","肝脏、肺部","lung infection",0,0,28,"included"
"SSR_96","SSR_96_d1","Ribosome biogenesis","Survival","D1",1,0,"M4",-0.615667290879522,10.3694444444444,"是","肝脏、肺部","lung infection",0,0,28,"included"
"SSR_97","SSR_97_d1","PRR/TLR/TNF/NF-kB signaling","Survival","D1",1,0,"M1",0.537411480336524,29.3229166666667,"是","肺部","lung infection",0,0,28,"included"
"SSR_97","SSR_97_d1","Phagolysosome/autophagy","Survival","D1",1,0,"M2",0.494011968280623,29.3229166666667,"是","肺部","lung infection",0,0,28,"included"
"SSR_97","SSR_97_d1","Type I interferon response","Survival","D1",1,0,"M3",0.681047597473708,29.3229166666667,"是","肺部","lung infection",0,0,28,"included"
"SSR_97","SSR_97_d1","Ribosome biogenesis","Survival","D1",1,0,"M4",-0.63267585664753,29.3229166666667,"是","肺部","lung infection",0,0,28,"included"
"SSR_98","SSR_98_d1","PRR/TLR/TNF/NF-kB signaling","Survival","D1",1,0,"M1",0.627236118285032,6.25833333333333,"是","输尿管","non-lung infection",0,0,28,"included"
"SSR_98","SSR_98_d1","Phagolysosome/autophagy","Survival","D1",1,0,"M2",0.513716425245437,6.25833333333333,"是","输尿管","non-lung infection",0,0,28,"included"
"SSR_98","SSR_98_d1","Type I interferon response","Survival","D1",1,0,"M3",0.576051566670887,6.25833333333333,"是","输尿管","non-lung infection",0,0,28,"included"
"SSR_98","SSR_98_d1","Ribosome biogenesis","Survival","D1",1,0,"M4",-0.62995041664393,6.25833333333333,"是","输尿管","non-lung infection",0,0,28,"included"
"SSR_99","SSR_99_d1","PRR/TLR/TNF/NF-kB signaling","Survival","D1",1,0,"M1",0.298617637654078,8.51458333333333,"是","胆管","non-lung infection",0,0,28,"included"
"SSR_99","SSR_99_d1","Phagolysosome/autophagy","Survival","D1",1,0,"M2",0.2912046442157,8.51458333333333,"是","胆管","non-lung infection",0,0,28,"included"
"SSR_99","SSR_99_d1","Type I interferon response","Survival","D1",1,0,"M3",0.114047733069216,8.51458333333333,"是","胆管","non-lung infection",0,0,28,"included"
"SSR_99","SSR_99_d1","Ribosome biogenesis","Survival","D1",1,0,"M4",0.419035790144698,8.51458333333333,"是","胆管","non-lung infection",0,0,28,"included"
"JinHua_1","JinHua_1_d3","PRR/TLR/TNF/NF-kB signaling","Survival","D3",3,2,"M1",-0.636515403657889,5,"是","Abdomen","non-lung infection",0,0,28,"included"
"JinHua_1","JinHua_1_d3","Phagolysosome/autophagy","Survival","D3",3,2,"M2",-0.567756557788249,5,"是","Abdomen","non-lung infection",0,0,28,"included"
"JinHua_1","JinHua_1_d3","Type I interferon response","Survival","D3",3,2,"M3",-0.609975649024483,5,"是","Abdomen","non-lung infection",0,0,28,"included"
"JinHua_1","JinHua_1_d3","Ribosome biogenesis","Survival","D3",3,2,"M4",0.584510497526841,5,"是","Abdomen","non-lung infection",0,0,28,"included"
"JinHua_10","JinHua_10_d3","PRR/TLR/TNF/NF-kB signaling","Mortality","D3",3,2,"M1",-0.456849865615583,24,"否","Lung/Chest","lung infection",1,1,24,"included"
"JinHua_10","JinHua_10_d3","Phagolysosome/autophagy","Mortality","D3",3,2,"M2",-0.39698196607957,24,"否","Lung/Chest","lung infection",1,1,24,"included"
"JinHua_10","JinHua_10_d3","Type I interferon response","Mortality","D3",3,2,"M3",-0.317369691082618,24,"否","Lung/Chest","lung infection",1,1,24,"included"
"JinHua_10","JinHua_10_d3","Ribosome biogenesis","Mortality","D3",3,2,"M4",0.575463764259542,24,"否","Lung/Chest","lung infection",1,1,24,"included"
"JinHua_100","JinHua_100_d3","PRR/TLR/TNF/NF-kB signaling","Survival","D3",3,2,"M1",-0.374713929302698,14,"是","Abdomen","non-lung infection",0,0,28,"included"
"JinHua_100","JinHua_100_d3","Phagolysosome/autophagy","Survival","D3",3,2,"M2",-0.100997510966711,14,"是","Abdomen","non-lung infection",0,0,28,"included"
"JinHua_100","JinHua_100_d3","Type I interferon response","Survival","D3",3,2,"M3",-0.566476265174196,14,"是","Abdomen","non-lung infection",0,0,28,"included"
"JinHua_100","JinHua_100_d3","Ribosome biogenesis","Survival","D3",3,2,"M4",0.340738946576153,14,"是","Abdomen","non-lung infection",0,0,28,"included"
"JinHua_101","JinHua_101_d3","PRR/TLR/TNF/NF-kB signaling","Survival","D3",3,2,"M1",-0.402284472848163,11,"是","Lung/Chest","lung infection",0,0,28,"included"
"JinHua_101","JinHua_101_d3","Phagolysosome/autophagy","Survival","D3",3,2,"M2",-0.349963963280885,11,"是","Lung/Chest","lung infection",0,0,28,"included"
"JinHua_101","JinHua_101_d3","Type I interferon response","Survival","D3",3,2,"M3",-0.484426300484353,11,"是","Lung/Chest","lung infection",0,0,28,"included"
"JinHua_101","JinHua_101_d3","Ribosome biogenesis","Survival","D3",3,2,"M4",0.550441930729827,11,"是","Lung/Chest","lung infection",0,0,28,"included"
"JinHua_102","JinHua_102_d3","PRR/TLR/TNF/NF-kB signaling","Survival","D3",3,2,"M1",0.484282669742113,11,"是","Lung/Chest","lung infection",0,0,28,"included"
"JinHua_102","JinHua_102_d3","Phagolysosome/autophagy","Survival","D3",3,2,"M2",0.542337203893737,11,"是","Lung/Chest","lung infection",0,0,28,"included"
"JinHua_102","JinHua_102_d3","Type I interferon response","Survival","D3",3,2,"M3",0.329499298529709,11,"是","Lung/Chest","lung infection",0,0,28,"included"
"JinHua_102","JinHua_102_d3","Ribosome biogenesis","Survival","D3",3,2,"M4",-0.660315669289362,11,"是","Lung/Chest","lung infection",0,0,28,"included"
"JinHua_103","JinHua_103_d3","PRR/TLR/TNF/NF-kB signaling","Survival","D3",3,2,"M1",0.592238027940334,18,"是","Lung/Chest","lung infection",0,0,28,"included"
"JinHua_103","JinHua_103_d3","Phagolysosome/autophagy","Survival","D3",3,2,"M2",0.572632865565976,18,"是","Lung/Chest","lung infection",0,0,28,"included"
"JinHua_103","JinHua_103_d3","Type I interferon response","Survival","D3",3,2,"M3",0.430029808111089,18,"是","Lung/Chest","lung infection",0,0,28,"included"
"JinHua_103","JinHua_103_d3","Ribosome biogenesis","Survival","D3",3,2,"M4",-0.629670482227221,18,"是","Lung/Chest","lung infection",0,0,28,"included"
"JinHua_104","JinHua_104_d3","PRR/TLR/TNF/NF-kB signaling","Survival","D3",3,2,"M1",0.312810675403495,18,"是","Lung/Chest","lung infection",0,0,28,"included"
"JinHua_104","JinHua_104_d3","Phagolysosome/autophagy","Survival","D3",3,2,"M2",0.398332834976194,18,"是","Lung/Chest","lung infection",0,0,28,"included"
"JinHua_104","JinHua_104_d3","Type I interferon response","Survival","D3",3,2,"M3",-0.0184337399505404,18,"是","Lung/Chest","lung infection",0,0,28,"included"
"JinHua_104","JinHua_104_d3","Ribosome biogenesis","Survival","D3",3,2,"M4",-0.339850977187717,18,"是","Lung/Chest","lung infection",0,0,28,"included"
"JinHua_105","JinHua_105_d3","PRR/TLR/TNF/NF-kB signaling","Survival","D3",3,2,"M1",-0.228064734276855,29,"是","Lung/Chest","lung infection",0,0,28,"included"
"JinHua_105","JinHua_105_d3","Phagolysosome/autophagy","Survival","D3",3,2,"M2",-0.268189254409325,29,"是","Lung/Chest","lung infection",0,0,28,"included"
"JinHua_105","JinHua_105_d3","Type I interferon response","Survival","D3",3,2,"M3",-0.20547137713395,29,"是","Lung/Chest","lung infection",0,0,28,"included"
"JinHua_105","JinHua_105_d3","Ribosome biogenesis","Survival","D3",3,2,"M4",0.54736606400273,29,"是","Lung/Chest","lung infection",0,0,28,"included"
"JinHua_106","JinHua_106_d3","PRR/TLR/TNF/NF-kB signaling","Survival","D3",3,2,"M1",0.535038892292619,19,"是","Abdomen","non-lung infection",0,0,28,"included"
"JinHua_106","JinHua_106_d3","Phagolysosome/autophagy","Survival","D3",3,2,"M2",0.553220062588824,19,"是","Abdomen","non-lung infection",0,0,28,"included"
"JinHua_106","JinHua_106_d3","Type I interferon response","Survival","D3",3,2,"M3",0.173708509211799,19,"是","Abdomen","non-lung infection",0,0,28,"included"
"JinHua_106","JinHua_106_d3","Ribosome biogenesis","Survival","D3",3,2,"M4",-0.668375701325192,19,"是","Abdomen","non-lung infection",0,0,28,"included"
"JinHua_107","JinHua_107_d3","PRR/TLR/TNF/NF-kB signaling","Survival","D3",3,2,"M1",0.380636704956379,20,"是","Abdomen","non-lung infection",0,0,28,"included"
"JinHua_107","JinHua_107_d3","Phagolysosome/autophagy","Survival","D3",3,2,"M2",0.405737837603404,20,"是","Abdomen","non-lung infection",0,0,28,"included"
"JinHua_107","JinHua_107_d3","Type I interferon response","Survival","D3",3,2,"M3",-0.0739748286670583,20,"是","Abdomen","non-lung infection",0,0,28,"included"
"JinHua_107","JinHua_107_d3","Ribosome biogenesis","Survival","D3",3,2,"M4",-0.0832252230610239,20,"是","Abdomen","non-lung infection",0,0,28,"included"
"JinHua_108","JinHua_108_d3","PRR/TLR/TNF/NF-kB signaling","Survival","D3",3,2,"M1",0.585599156390665,7,"是","Lung/Chest","lung infection",0,0,28,"included"
"JinHua_108","JinHua_108_d3","Phagolysosome/autophagy","Survival","D3",3,2,"M2",0.602555651559874,7,"是","Lung/Chest","lung infection",0,0,28,"included"
"JinHua_108","JinHua_108_d3","Type I interferon response","Survival","D3",3,2,"M3",0.113421148674054,7,"是","Lung/Chest","lung infection",0,0,28,"included"
"JinHua_108","JinHua_108_d3","Ribosome biogenesis","Survival","D3",3,2,"M4",-0.675155542681797,7,"是","Lung/Chest","lung infection",0,0,28,"included"
"JinHua_11","JinHua_11_d3","PRR/TLR/TNF/NF-kB signaling","Survival","D3",3,2,"M1",-0.539960778400083,21,"是","Abdomen","non-lung infection",0,0,28,"included"
"JinHua_11","JinHua_11_d3","Phagolysosome/autophagy","Survival","D3",3,2,"M2",-0.497185018847347,21,"是","Abdomen","non-lung infection",0,0,28,"included"
"JinHua_11","JinHua_11_d3","Type I interferon response","Survival","D3",3,2,"M3",-0.538829067119215,21,"是","Abdomen","non-lung infection",0,0,28,"included"
"JinHua_11","JinHua_11_d3","Ribosome biogenesis","Survival","D3",3,2,"M4",0.525030947588451,21,"是","Abdomen","non-lung infection",0,0,28,"included"
"JinHua_110","JinHua_110_d3","PRR/TLR/TNF/NF-kB signaling","Survival","D3",3,2,"M1",0.00310671440130211,16,"是","Abdomen","non-lung infection",0,0,28,"included"
"JinHua_110","JinHua_110_d3","Phagolysosome/autophagy","Survival","D3",3,2,"M2",0.179245872777033,16,"是","Abdomen","non-lung infection",0,0,28,"included"
"JinHua_110","JinHua_110_d3","Type I interferon response","Survival","D3",3,2,"M3",-0.10325951711778,16,"是","Abdomen","non-lung infection",0,0,28,"included"
"JinHua_110","JinHua_110_d3","Ribosome biogenesis","Survival","D3",3,2,"M4",-0.144855911618698,16,"是","Abdomen","non-lung infection",0,0,28,"included"
"JinHua_111","JinHua_111_d3","PRR/TLR/TNF/NF-kB signaling","Survival","D3",3,2,"M1",0.494689594897753,10,"是","Urinary","non-lung infection",0,0,28,"included"
"JinHua_111","JinHua_111_d3","Phagolysosome/autophagy","Survival","D3",3,2,"M2",0.538044264064473,10,"是","Urinary","non-lung infection",0,0,28,"included"
"JinHua_111","JinHua_111_d3","Type I interferon response","Survival","D3",3,2,"M3",-0.0242303110506621,10,"是","Urinary","non-lung infection",0,0,28,"included"
"JinHua_111","JinHua_111_d3","Ribosome biogenesis","Survival","D3",3,2,"M4",-0.548783290796339,10,"是","Urinary","non-lung infection",0,0,28,"included"
"JinHua_112","JinHua_112_d3","PRR/TLR/TNF/NF-kB signaling","Survival","D3",3,2,"M1",-0.0105996911553557,7,"是","Lung/Chest","lung infection",0,0,28,"included"
"JinHua_112","JinHua_112_d3","Phagolysosome/autophagy","Survival","D3",3,2,"M2",0.0796696348407389,7,"是","Lung/Chest","lung infection",0,0,28,"included"
"JinHua_112","JinHua_112_d3","Type I interferon response","Survival","D3",3,2,"M3",0.154641558961582,7,"是","Lung/Chest","lung infection",0,0,28,"included"
"JinHua_112","JinHua_112_d3","Ribosome biogenesis","Survival","D3",3,2,"M4",-0.158374449326819,7,"是","Lung/Chest","lung infection",0,0,28,"included"
"JinHua_113","JinHua_113_d3","PRR/TLR/TNF/NF-kB signaling","Survival","D3",3,2,"M1",-0.392368358042586,21,"是","Lung/Chest","lung infection",0,0,28,"included"
"JinHua_113","JinHua_113_d3","Phagolysosome/autophagy","Survival","D3",3,2,"M2",-0.3629824495817,21,"是","Lung/Chest","lung infection",0,0,28,"included"
"JinHua_113","JinHua_113_d3","Type I interferon response","Survival","D3",3,2,"M3",-0.611015966821582,21,"是","Lung/Chest","lung infection",0,0,28,"included"
"JinHua_113","JinHua_113_d3","Ribosome biogenesis","Survival","D3",3,2,"M4",0.461609047056385,21,"是","Lung/Chest","lung infection",0,0,28,"included"
"JinHua_114","JinHua_114_d3","PRR/TLR/TNF/NF-kB signaling","Survival","D3",3,2,"M1",-0.125536808908835,9,"是","Intestine","non-lung infection",0,0,28,"included"
"JinHua_114","JinHua_114_d3","Phagolysosome/autophagy","Survival","D3",3,2,"M2",0.018224165198092,9,"是","Intestine","non-lung infection",0,0,28,"included"
"JinHua_114","JinHua_114_d3","Type I interferon response","Survival","D3",3,2,"M3",-0.215412488133867,9,"是","Intestine","non-lung infection",0,0,28,"included"
"JinHua_114","JinHua_114_d3","Ribosome biogenesis","Survival","D3",3,2,"M4",0.385944564137091,9,"是","Intestine","non-lung infection",0,0,28,"included"
"JinHua_115","JinHua_115_d3","PRR/TLR/TNF/NF-kB signaling","Mortality","D3",3,2,"M1",0.628451933963081,24,"否","SoftTissue","non-lung infection",1,1,24,"included"
"JinHua_115","JinHua_115_d3","Phagolysosome/autophagy","Mortality","D3",3,2,"M2",0.590433339551866,24,"否","SoftTissue","non-lung infection",1,1,24,"included"
"JinHua_115","JinHua_115_d3","Type I interferon response","Mortality","D3",3,2,"M3",0.320271590474148,24,"否","SoftTissue","non-lung infection",1,1,24,"included"
"JinHua_115","JinHua_115_d3","Ribosome biogenesis","Mortality","D3",3,2,"M4",-0.57944238461905,24,"否","SoftTissue","non-lung infection",1,1,24,"included"
"JinHua_116","JinHua_116_d3","PRR/TLR/TNF/NF-kB signaling","Survival","D3",3,2,"M1",0.0880589969364509,17,"是","Lung/Chest","lung infection",0,0,28,"included"
"JinHua_116","JinHua_116_d3","Phagolysosome/autophagy","Survival","D3",3,2,"M2",0.208328717387488,17,"是","Lung/Chest","lung infection",0,0,28,"included"
"JinHua_116","JinHua_116_d3","Type I interferon response","Survival","D3",3,2,"M3",-0.257553805581857,17,"是","Lung/Chest","lung infection",0,0,28,"included"
"JinHua_116","JinHua_116_d3","Ribosome biogenesis","Survival","D3",3,2,"M4",-0.0624429879332494,17,"是","Lung/Chest","lung infection",0,0,28,"included"
"JinHua_117","JinHua_117_d3","PRR/TLR/TNF/NF-kB signaling","Survival","D3",3,2,"M1",-0.187243573920596,40,"是","Lung/Chest","lung infection",0,0,28,"included"
"JinHua_117","JinHua_117_d3","Phagolysosome/autophagy","Survival","D3",3,2,"M2",-0.250104464772046,40,"是","Lung/Chest","lung infection",0,0,28,"included"
"JinHua_117","JinHua_117_d3","Type I interferon response","Survival","D3",3,2,"M3",-0.0733121307562348,40,"是","Lung/Chest","lung infection",0,0,28,"included"
"JinHua_117","JinHua_117_d3","Ribosome biogenesis","Survival","D3",3,2,"M4",0.560069199916399,40,"是","Lung/Chest","lung infection",0,0,28,"included"
"JinHua_118","JinHua_118_d3","PRR/TLR/TNF/NF-kB signaling","Survival","D3",3,2,"M1",0.227622758035831,3,"是","Lung/Chest","lung infection",0,0,28,"included"
"JinHua_118","JinHua_118_d3","Phagolysosome/autophagy","Survival","D3",3,2,"M2",0.101987109917087,3,"是","Lung/Chest","lung infection",0,0,28,"included"
"JinHua_118","JinHua_118_d3","Type I interferon response","Survival","D3",3,2,"M3",0.166440811992719,3,"是","Lung/Chest","lung infection",0,0,28,"included"
"JinHua_118","JinHua_118_d3","Ribosome biogenesis","Survival","D3",3,2,"M4",-0.421214119320246,3,"是","Lung/Chest","lung infection",0,0,28,"included"
"JinHua_119","JinHua_119_d3","PRR/TLR/TNF/NF-kB signaling","Survival","D3",3,2,"M1",0.0869782737041721,50,"是","Lung/Chest","lung infection",0,0,28,"included"
"JinHua_119","JinHua_119_d3","Phagolysosome/autophagy","Survival","D3",3,2,"M2",0.165418559211418,50,"是","Lung/Chest","lung infection",0,0,28,"included"
"JinHua_119","JinHua_119_d3","Type I interferon response","Survival","D3",3,2,"M3",-0.0167000624330209,50,"是","Lung/Chest","lung infection",0,0,28,"included"
"JinHua_119","JinHua_119_d3","Ribosome biogenesis","Survival","D3",3,2,"M4",0.195331167107861,50,"是","Lung/Chest","lung infection",0,0,28,"included"
"JinHua_12","JinHua_12_d3","PRR/TLR/TNF/NF-kB signaling","Survival","D3",3,2,"M1",-0.530867669087513,23,"是","Lung/Chest","lung infection",0,0,28,"included"
"JinHua_12","JinHua_12_d3","Phagolysosome/autophagy","Survival","D3",3,2,"M2",-0.535605204141324,23,"是","Lung/Chest","lung infection",0,0,28,"included"
"JinHua_12","JinHua_12_d3","Type I interferon response","Survival","D3",3,2,"M3",-0.453373982491326,23,"是","Lung/Chest","lung infection",0,0,28,"included"
"JinHua_12","JinHua_12_d3","Ribosome biogenesis","Survival","D3",3,2,"M4",0.660571773365895,23,"是","Lung/Chest","lung infection",0,0,28,"included"
"JinHua_120","JinHua_120_d3","PRR/TLR/TNF/NF-kB signaling","Mortality","D3",3,2,"M1",0.356689686653272,38,"否","Abdomen","non-lung infection",1,0,28,"included"
"JinHua_120","JinHua_120_d3","Phagolysosome/autophagy","Mortality","D3",3,2,"M2",0.488640323460499,38,"否","Abdomen","non-lung infection",1,0,28,"included"
"JinHua_120","JinHua_120_d3","Type I interferon response","Mortality","D3",3,2,"M3",-0.267759458142559,38,"否","Abdomen","non-lung infection",1,0,28,"included"
"JinHua_120","JinHua_120_d3","Ribosome biogenesis","Mortality","D3",3,2,"M4",-0.377124705593488,38,"否","Abdomen","non-lung infection",1,0,28,"included"
"JinHua_121","JinHua_121_d3","PRR/TLR/TNF/NF-kB signaling","Mortality","D3",3,2,"M1",0.063407093552154,5,"否","Lung/Chest","lung infection",1,1,5,"included"
"JinHua_121","JinHua_121_d3","Phagolysosome/autophagy","Mortality","D3",3,2,"M2",0.381462690461034,5,"否","Lung/Chest","lung infection",1,1,5,"included"
"JinHua_121","JinHua_121_d3","Type I interferon response","Mortality","D3",3,2,"M3",-0.272123012266737,5,"否","Lung/Chest","lung infection",1,1,5,"included"
"JinHua_121","JinHua_121_d3","Ribosome biogenesis","Mortality","D3",3,2,"M4",-0.22789448045742,5,"否","Lung/Chest","lung infection",1,1,5,"included"
"JinHua_122","JinHua_122_d3","PRR/TLR/TNF/NF-kB signaling","Survival","D3",3,2,"M1",0.100224613432898,28,"是","Lung/Chest","lung infection",0,0,28,"included"
"JinHua_122","JinHua_122_d3","Phagolysosome/autophagy","Survival","D3",3,2,"M2",0.184534046236404,28,"是","Lung/Chest","lung infection",0,0,28,"included"
"JinHua_122","JinHua_122_d3","Type I interferon response","Survival","D3",3,2,"M3",0.315303449553821,28,"是","Lung/Chest","lung infection",0,0,28,"included"
"JinHua_122","JinHua_122_d3","Ribosome biogenesis","Survival","D3",3,2,"M4",0.593255228547354,28,"是","Lung/Chest","lung infection",0,0,28,"included"
"JinHua_123","JinHua_123_d3","PRR/TLR/TNF/NF-kB signaling","Mortality","D3",3,2,"M1",0.202535003868263,18,"否","Lung/Chest","lung infection",1,1,18,"included"
"JinHua_123","JinHua_123_d3","Phagolysosome/autophagy","Mortality","D3",3,2,"M2",0.216405111927247,18,"否","Lung/Chest","lung infection",1,1,18,"included"
"JinHua_123","JinHua_123_d3","Type I interferon response","Mortality","D3",3,2,"M3",-0.204467491680886,18,"否","Lung/Chest","lung infection",1,1,18,"included"
"JinHua_123","JinHua_123_d3","Ribosome biogenesis","Mortality","D3",3,2,"M4",-0.431981147894479,18,"否","Lung/Chest","lung infection",1,1,18,"included"
"JinHua_124","JinHua_124_d3","PRR/TLR/TNF/NF-kB signaling","Survival","D3",3,2,"M1",-0.449553025771382,9,"是","Abdomen","non-lung infection",0,0,28,"included"
"JinHua_124","JinHua_124_d3","Phagolysosome/autophagy","Survival","D3",3,2,"M2",-0.336302469085209,9,"是","Abdomen","non-lung infection",0,0,28,"included"
"JinHua_124","JinHua_124_d3","Type I interferon response","Survival","D3",3,2,"M3",-0.520924287492664,9,"是","Abdomen","non-lung infection",0,0,28,"included"
"JinHua_124","JinHua_124_d3","Ribosome biogenesis","Survival","D3",3,2,"M4",0.457915798669646,9,"是","Abdomen","non-lung infection",0,0,28,"included"
"JinHua_126","JinHua_126_d3","PRR/TLR/TNF/NF-kB signaling","Survival","D3",3,2,"M1",0.572908737476296,23,"是","Others/Unknown","non-lung infection",0,0,28,"included"
"JinHua_126","JinHua_126_d3","Phagolysosome/autophagy","Survival","D3",3,2,"M2",0.502343348784687,23,"是","Others/Unknown","non-lung infection",0,0,28,"included"
"JinHua_126","JinHua_126_d3","Type I interferon response","Survival","D3",3,2,"M3",0.296298245579013,23,"是","Others/Unknown","non-lung infection",0,0,28,"included"
"JinHua_126","JinHua_126_d3","Ribosome biogenesis","Survival","D3",3,2,"M4",-0.392889449801564,23,"是","Others/Unknown","non-lung infection",0,0,28,"included"
"JinHua_128","JinHua_128_d3","PRR/TLR/TNF/NF-kB signaling","Survival","D3",3,2,"M1",-0.598703792794125,10,"是","Biliary/Liver","non-lung infection",0,0,28,"included"
"JinHua_128","JinHua_128_d3","Phagolysosome/autophagy","Survival","D3",3,2,"M2",-0.588435243170586,10,"是","Biliary/Liver","non-lung infection",0,0,28,"included"
"JinHua_128","JinHua_128_d3","Type I interferon response","Survival","D3",3,2,"M3",-0.565236235721656,10,"是","Biliary/Liver","non-lung infection",0,0,28,"included"
"JinHua_128","JinHua_128_d3","Ribosome biogenesis","Survival","D3",3,2,"M4",0.587024000092635,10,"是","Biliary/Liver","non-lung infection",0,0,28,"included"
"JinHua_129","JinHua_129_d3","PRR/TLR/TNF/NF-kB signaling","Survival","D3",3,2,"M1",0.567540646059153,13,"是","SoftTissue","non-lung infection",0,0,28,"included"
"JinHua_129","JinHua_129_d3","Phagolysosome/autophagy","Survival","D3",3,2,"M2",0.624418120923282,13,"是","SoftTissue","non-lung infection",0,0,28,"included"
"JinHua_129","JinHua_129_d3","Type I interferon response","Survival","D3",3,2,"M3",0.527222654078265,13,"是","SoftTissue","non-lung infection",0,0,28,"included"
"JinHua_129","JinHua_129_d3","Ribosome biogenesis","Survival","D3",3,2,"M4",-0.657852584806684,13,"是","SoftTissue","non-lung infection",0,0,28,"included"
"JinHua_13","JinHua_13_d3","PRR/TLR/TNF/NF-kB signaling","Mortality","D3",3,2,"M1",-0.074251246949947,35,"否","Lung/Chest","lung infection",1,0,28,"included"
"JinHua_13","JinHua_13_d3","Phagolysosome/autophagy","Mortality","D3",3,2,"M2",0.122622964560299,35,"否","Lung/Chest","lung infection",1,0,28,"included"
"JinHua_13","JinHua_13_d3","Type I interferon response","Mortality","D3",3,2,"M3",0.166544858655624,35,"否","Lung/Chest","lung infection",1,0,28,"included"
"JinHua_13","JinHua_13_d3","Ribosome biogenesis","Mortality","D3",3,2,"M4",0.341632193599273,35,"否","Lung/Chest","lung infection",1,0,28,"included"
"JinHua_131","JinHua_131_d3","PRR/TLR/TNF/NF-kB signaling","Survival","D3",3,2,"M1",-0.189744341491106,21,"是","Lung/Chest","lung infection",0,0,28,"included"
"JinHua_131","JinHua_131_d3","Phagolysosome/autophagy","Survival","D3",3,2,"M2",-0.185528558581307,21,"是","Lung/Chest","lung infection",0,0,28,"included"
"JinHua_131","JinHua_131_d3","Type I interferon response","Survival","D3",3,2,"M3",0.105163025391855,21,"是","Lung/Chest","lung infection",0,0,28,"included"
"JinHua_131","JinHua_131_d3","Ribosome biogenesis","Survival","D3",3,2,"M4",0.513095203481514,21,"是","Lung/Chest","lung infection",0,0,28,"included"
"JinHua_132","JinHua_132_d3","PRR/TLR/TNF/NF-kB signaling","Survival","D3",3,2,"M1",-0.415618422853379,7,"是","Intestine","non-lung infection",0,0,28,"included"
"JinHua_132","JinHua_132_d3","Phagolysosome/autophagy","Survival","D3",3,2,"M2",-0.339587047396355,7,"是","Intestine","non-lung infection",0,0,28,"included"
"JinHua_132","JinHua_132_d3","Type I interferon response","Survival","D3",3,2,"M3",-0.47036513677767,7,"是","Intestine","non-lung infection",0,0,28,"included"
"JinHua_132","JinHua_132_d3","Ribosome biogenesis","Survival","D3",3,2,"M4",0.537225060337943,7,"是","Intestine","non-lung infection",0,0,28,"included"
"JinHua_133","JinHua_133_d3","PRR/TLR/TNF/NF-kB signaling","Survival","D3",3,2,"M1",-0.178491234991073,13,"是","Others/Unknown","non-lung infection",0,0,28,"included"
"JinHua_133","JinHua_133_d3","Phagolysosome/autophagy","Survival","D3",3,2,"M2",-0.340145773507883,13,"是","Others/Unknown","non-lung infection",0,0,28,"included"
"JinHua_133","JinHua_133_d3","Type I interferon response","Survival","D3",3,2,"M3",-0.108401806997157,13,"是","Others/Unknown","non-lung infection",0,0,28,"included"
"JinHua_133","JinHua_133_d3","Ribosome biogenesis","Survival","D3",3,2,"M4",0.0881053405059571,13,"是","Others/Unknown","non-lung infection",0,0,28,"included"
"JinHua_134","JinHua_134_d3","PRR/TLR/TNF/NF-kB signaling","Survival","D3",3,2,"M1",-0.0801514570187182,15,"是","Abdomen","non-lung infection",0,0,28,"included"
"JinHua_134","JinHua_134_d3","Phagolysosome/autophagy","Survival","D3",3,2,"M2",-0.15511035872432,15,"是","Abdomen","non-lung infection",0,0,28,"included"
"JinHua_134","JinHua_134_d3","Type I interferon response","Survival","D3",3,2,"M3",-0.0827964105798386,15,"是","Abdomen","non-lung infection",0,0,28,"included"
"JinHua_134","JinHua_134_d3","Ribosome biogenesis","Survival","D3",3,2,"M4",0.436340647915938,15,"是","Abdomen","non-lung infection",0,0,28,"included"
"JinHua_135","JinHua_135_d3","PRR/TLR/TNF/NF-kB signaling","Survival","D3",3,2,"M1",-0.565083988860288,9,"是","Lung/Chest","lung infection",0,0,28,"included"
"JinHua_135","JinHua_135_d3","Phagolysosome/autophagy","Survival","D3",3,2,"M2",-0.54255802829671,9,"是","Lung/Chest","lung infection",0,0,28,"included"
"JinHua_135","JinHua_135_d3","Type I interferon response","Survival","D3",3,2,"M3",-0.150013391475893,9,"是","Lung/Chest","lung infection",0,0,28,"included"
"JinHua_135","JinHua_135_d3","Ribosome biogenesis","Survival","D3",3,2,"M4",0.73377940776481,9,"是","Lung/Chest","lung infection",0,0,28,"included"
"JinHua_136","JinHua_136_d3","PRR/TLR/TNF/NF-kB signaling","Survival","D3",3,2,"M1",0.470368777001868,32,"是","Lung/Chest","lung infection",0,0,28,"included"
"JinHua_136","JinHua_136_d3","Phagolysosome/autophagy","Survival","D3",3,2,"M2",0.318194545752499,32,"是","Lung/Chest","lung infection",0,0,28,"included"
"JinHua_136","JinHua_136_d3","Type I interferon response","Survival","D3",3,2,"M3",0.149700408360062,32,"是","Lung/Chest","lung infection",0,0,28,"included"
"JinHua_136","JinHua_136_d3","Ribosome biogenesis","Survival","D3",3,2,"M4",-0.0182168526425755,32,"是","Lung/Chest","lung infection",0,0,28,"included"
"JinHua_137","JinHua_137_d3","PRR/TLR/TNF/NF-kB signaling","Survival","D3",3,2,"M1",0.297171218565581,24,"是","Abdomen","non-lung infection",0,0,28,"included"
"JinHua_137","JinHua_137_d3","Phagolysosome/autophagy","Survival","D3",3,2,"M2",0.161382550186466,24,"是","Abdomen","non-lung infection",0,0,28,"included"
"JinHua_137","JinHua_137_d3","Type I interferon response","Survival","D3",3,2,"M3",0.17841323717015,24,"是","Abdomen","non-lung infection",0,0,28,"included"
"JinHua_137","JinHua_137_d3","Ribosome biogenesis","Survival","D3",3,2,"M4",0.314862844066552,24,"是","Abdomen","non-lung infection",0,0,28,"included"
"JinHua_138","JinHua_138_d3","PRR/TLR/TNF/NF-kB signaling","Mortality","D3",3,2,"M1",-0.472426761927966,24,"否","Brain","non-lung infection",1,1,24,"included"
"JinHua_138","JinHua_138_d3","Phagolysosome/autophagy","Mortality","D3",3,2,"M2",-0.477054855428029,24,"否","Brain","non-lung infection",1,1,24,"included"
"JinHua_138","JinHua_138_d3","Type I interferon response","Mortality","D3",3,2,"M3",-0.33805961679253,24,"否","Brain","non-lung infection",1,1,24,"included"
"JinHua_138","JinHua_138_d3","Ribosome biogenesis","Mortality","D3",3,2,"M4",0.381809331692648,24,"否","Brain","non-lung infection",1,1,24,"included"
"JinHua_139","JinHua_139_d3","PRR/TLR/TNF/NF-kB signaling","Survival","D3",3,2,"M1",-0.417818721263658,16,"是","Others/Unknown","non-lung infection",0,0,28,"included"
"JinHua_139","JinHua_139_d3","Phagolysosome/autophagy","Survival","D3",3,2,"M2",-0.372756088529519,16,"是","Others/Unknown","non-lung infection",0,0,28,"included"
"JinHua_139","JinHua_139_d3","Type I interferon response","Survival","D3",3,2,"M3",-0.0981654618245453,16,"是","Others/Unknown","non-lung infection",0,0,28,"included"
"JinHua_139","JinHua_139_d3","Ribosome biogenesis","Survival","D3",3,2,"M4",0.536165961042135,16,"是","Others/Unknown","non-lung infection",0,0,28,"included"
"JinHua_14","JinHua_14_d3","PRR/TLR/TNF/NF-kB signaling","Survival","D3",3,2,"M1",-0.627345972650775,87,"是","Lung/Chest","lung infection",0,0,28,"included"
"JinHua_14","JinHua_14_d3","Phagolysosome/autophagy","Survival","D3",3,2,"M2",-0.661047708036128,87,"是","Lung/Chest","lung infection",0,0,28,"included"
"JinHua_14","JinHua_14_d3","Type I interferon response","Survival","D3",3,2,"M3",-0.396834157230154,87,"是","Lung/Chest","lung infection",0,0,28,"included"
"JinHua_14","JinHua_14_d3","Ribosome biogenesis","Survival","D3",3,2,"M4",0.726299238266093,87,"是","Lung/Chest","lung infection",0,0,28,"included"
"JinHua_140","JinHua_140_d3","PRR/TLR/TNF/NF-kB signaling","Survival","D3",3,2,"M1",0.0234711801690566,17,"是","Lung/Chest","lung infection",0,0,28,"included"
"JinHua_140","JinHua_140_d3","Phagolysosome/autophagy","Survival","D3",3,2,"M2",-0.0671728095383323,17,"是","Lung/Chest","lung infection",0,0,28,"included"
"JinHua_140","JinHua_140_d3","Type I interferon response","Survival","D3",3,2,"M3",0.196882558545869,17,"是","Lung/Chest","lung infection",0,0,28,"included"
"JinHua_140","JinHua_140_d3","Ribosome biogenesis","Survival","D3",3,2,"M4",0.472618669407896,17,"是","Lung/Chest","lung infection",0,0,28,"included"
"JinHua_141","JinHua_141_d3","PRR/TLR/TNF/NF-kB signaling","Survival","D3",3,2,"M1",-0.014976212370334,25,"是","Lung/Chest","lung infection",0,0,28,"included"
"JinHua_141","JinHua_141_d3","Phagolysosome/autophagy","Survival","D3",3,2,"M2",0.252097788377405,25,"是","Lung/Chest","lung infection",0,0,28,"included"
"JinHua_141","JinHua_141_d3","Type I interferon response","Survival","D3",3,2,"M3",-0.112521707322359,25,"是","Lung/Chest","lung infection",0,0,28,"included"
"JinHua_141","JinHua_141_d3","Ribosome biogenesis","Survival","D3",3,2,"M4",0.0435511730642353,25,"是","Lung/Chest","lung infection",0,0,28,"included"
"JinHua_143","JinHua_143_d3","PRR/TLR/TNF/NF-kB signaling","Survival","D3",3,2,"M1",-0.306872905253429,12,"是","Urinary","non-lung infection",0,0,28,"included"
"JinHua_143","JinHua_143_d3","Phagolysosome/autophagy","Survival","D3",3,2,"M2",-0.31752378035035,12,"是","Urinary","non-lung infection",0,0,28,"included"
"JinHua_143","JinHua_143_d3","Type I interferon response","Survival","D3",3,2,"M3",-0.267379795691603,12,"是","Urinary","non-lung infection",0,0,28,"included"
"JinHua_143","JinHua_143_d3","Ribosome biogenesis","Survival","D3",3,2,"M4",0.533002449443853,12,"是","Urinary","non-lung infection",0,0,28,"included"
"JinHua_144","JinHua_144_d3","PRR/TLR/TNF/NF-kB signaling","Mortality","D3",3,2,"M1",0.127455810610638,5,"否","Lung/Chest","lung infection",1,1,5,"included"
"JinHua_144","JinHua_144_d3","Phagolysosome/autophagy","Mortality","D3",3,2,"M2",0.0400824770617081,5,"否","Lung/Chest","lung infection",1,1,5,"included"
"JinHua_144","JinHua_144_d3","Type I interferon response","Mortality","D3",3,2,"M3",0.491743714498656,5,"否","Lung/Chest","lung infection",1,1,5,"included"
"JinHua_144","JinHua_144_d3","Ribosome biogenesis","Mortality","D3",3,2,"M4",0.078674490496837,5,"否","Lung/Chest","lung infection",1,1,5,"included"
"JinHua_145","JinHua_145_d3","PRR/TLR/TNF/NF-kB signaling","Survival","D3",3,2,"M1",-0.605269369804204,11,"是","Urinary","non-lung infection",0,0,28,"included"
"JinHua_145","JinHua_145_d3","Phagolysosome/autophagy","Survival","D3",3,2,"M2",-0.639155014355531,11,"是","Urinary","non-lung infection",0,0,28,"included"
"JinHua_145","JinHua_145_d3","Type I interferon response","Survival","D3",3,2,"M3",-0.139185743344707,11,"是","Urinary","non-lung infection",0,0,28,"included"
"JinHua_145","JinHua_145_d3","Ribosome biogenesis","Survival","D3",3,2,"M4",0.53252762106787,11,"是","Urinary","non-lung infection",0,0,28,"included"
"JinHua_146","JinHua_146_d3","PRR/TLR/TNF/NF-kB signaling","Survival","D3",3,2,"M1",-0.602270158058117,27,"是","Others/Unknown","non-lung infection",0,0,28,"included"
"JinHua_146","JinHua_146_d3","Phagolysosome/autophagy","Survival","D3",3,2,"M2",-0.604427851261487,27,"是","Others/Unknown","non-lung infection",0,0,28,"included"
"JinHua_146","JinHua_146_d3","Type I interferon response","Survival","D3",3,2,"M3",-0.382772210955533,27,"是","Others/Unknown","non-lung infection",0,0,28,"included"
"JinHua_146","JinHua_146_d3","Ribosome biogenesis","Survival","D3",3,2,"M4",0.592414309324027,27,"是","Others/Unknown","non-lung infection",0,0,28,"included"
"JinHua_147","JinHua_147_d3","PRR/TLR/TNF/NF-kB signaling","Survival","D3",3,2,"M1",-0.204638143924204,21,"是","Lung/Chest","lung infection",0,0,28,"included"
"JinHua_147","JinHua_147_d3","Phagolysosome/autophagy","Survival","D3",3,2,"M2",0.150117678156655,21,"是","Lung/Chest","lung infection",0,0,28,"included"
"JinHua_147","JinHua_147_d3","Type I interferon response","Survival","D3",3,2,"M3",-0.48243893552534,21,"是","Lung/Chest","lung infection",0,0,28,"included"
"JinHua_147","JinHua_147_d3","Ribosome biogenesis","Survival","D3",3,2,"M4",0.330785772252816,21,"是","Lung/Chest","lung infection",0,0,28,"included"
"JinHua_148","JinHua_148_d3","PRR/TLR/TNF/NF-kB signaling","Survival","D3",3,2,"M1",0.486061656142555,13,"是","Intestine","non-lung infection",0,0,28,"included"
"JinHua_148","JinHua_148_d3","Phagolysosome/autophagy","Survival","D3",3,2,"M2",0.616126663675537,13,"是","Intestine","non-lung infection",0,0,28,"included"
"JinHua_148","JinHua_148_d3","Type I interferon response","Survival","D3",3,2,"M3",0.146404775324997,13,"是","Intestine","non-lung infection",0,0,28,"included"
"JinHua_148","JinHua_148_d3","Ribosome biogenesis","Survival","D3",3,2,"M4",-0.444012160840681,13,"是","Intestine","non-lung infection",0,0,28,"included"
"JinHua_149","JinHua_149_d3","PRR/TLR/TNF/NF-kB signaling","Survival","D3",3,2,"M1",-0.0405500438893941,23,"是","Biliary/Liver","non-lung infection",0,0,28,"included"
"JinHua_149","JinHua_149_d3","Phagolysosome/autophagy","Survival","D3",3,2,"M2",-0.0348923019397775,23,"是","Biliary/Liver","non-lung infection",0,0,28,"included"
"JinHua_149","JinHua_149_d3","Type I interferon response","Survival","D3",3,2,"M3",-0.0568987007435494,23,"是","Biliary/Liver","non-lung infection",0,0,28,"included"
"JinHua_149","JinHua_149_d3","Ribosome biogenesis","Survival","D3",3,2,"M4",0.140451692820828,23,"是","Biliary/Liver","non-lung infection",0,0,28,"included"
"JinHua_15","JinHua_15_d3","PRR/TLR/TNF/NF-kB signaling","Survival","D3",3,2,"M1",-0.680213596694387,27,"是","Lung/Chest","lung infection",0,0,28,"included"
"JinHua_15","JinHua_15_d3","Phagolysosome/autophagy","Survival","D3",3,2,"M2",-0.690571779942587,27,"是","Lung/Chest","lung infection",0,0,28,"included"
"JinHua_15","JinHua_15_d3","Type I interferon response","Survival","D3",3,2,"M3",-0.620207733297618,27,"是","Lung/Chest","lung infection",0,0,28,"included"
"JinHua_15","JinHua_15_d3","Ribosome biogenesis","Survival","D3",3,2,"M4",0.668787388706155,27,"是","Lung/Chest","lung infection",0,0,28,"included"
"JinHua_150","JinHua_150_d3","PRR/TLR/TNF/NF-kB signaling","Survival","D3",3,2,"M1",-0.370677959317767,7,"是","Abdomen","non-lung infection",0,0,28,"included"
"JinHua_150","JinHua_150_d3","Phagolysosome/autophagy","Survival","D3",3,2,"M2",-0.331179680087098,7,"是","Abdomen","non-lung infection",0,0,28,"included"
"JinHua_150","JinHua_150_d3","Type I interferon response","Survival","D3",3,2,"M3",-0.261082255816924,7,"是","Abdomen","non-lung infection",0,0,28,"included"
"JinHua_150","JinHua_150_d3","Ribosome biogenesis","Survival","D3",3,2,"M4",0.547517812738085,7,"是","Abdomen","non-lung infection",0,0,28,"included"
"JinHua_151","JinHua_151_d3","PRR/TLR/TNF/NF-kB signaling","Survival","D3",3,2,"M1",-0.0546426050272519,8,"是","Others/Unknown","non-lung infection",0,0,28,"included"
"JinHua_151","JinHua_151_d3","Phagolysosome/autophagy","Survival","D3",3,2,"M2",-0.0525639586957076,8,"是","Others/Unknown","non-lung infection",0,0,28,"included"
"JinHua_151","JinHua_151_d3","Type I interferon response","Survival","D3",3,2,"M3",0.294508849939418,8,"是","Others/Unknown","non-lung infection",0,0,28,"included"
"JinHua_151","JinHua_151_d3","Ribosome biogenesis","Survival","D3",3,2,"M4",0.289191600440714,8,"是","Others/Unknown","non-lung infection",0,0,28,"included"
"JinHua_152","JinHua_152_d3","PRR/TLR/TNF/NF-kB signaling","Survival","D3",3,2,"M1",0.25464360420651,12,"是","Lung/Chest","lung infection",0,0,28,"included"
"JinHua_152","JinHua_152_d3","Phagolysosome/autophagy","Survival","D3",3,2,"M2",0.328138189234099,12,"是","Lung/Chest","lung infection",0,0,28,"included"
"JinHua_152","JinHua_152_d3","Type I interferon response","Survival","D3",3,2,"M3",0.042319493415059,12,"是","Lung/Chest","lung infection",0,0,28,"included"
"JinHua_152","JinHua_152_d3","Ribosome biogenesis","Survival","D3",3,2,"M4",-0.117831518913912,12,"是","Lung/Chest","lung infection",0,0,28,"included"
"JinHua_153","JinHua_153_d3","PRR/TLR/TNF/NF-kB signaling","Survival","D3",3,2,"M1",0.661608558491102,47,"是","Urinary","non-lung infection",0,0,28,"included"
"JinHua_153","JinHua_153_d3","Phagolysosome/autophagy","Survival","D3",3,2,"M2",0.697114494609698,47,"是","Urinary","non-lung infection",0,0,28,"included"
"JinHua_153","JinHua_153_d3","Type I interferon response","Survival","D3",3,2,"M3",0.44561749340093,47,"是","Urinary","non-lung infection",0,0,28,"included"
"JinHua_153","JinHua_153_d3","Ribosome biogenesis","Survival","D3",3,2,"M4",-0.723960385496853,47,"是","Urinary","non-lung infection",0,0,28,"included"
"JinHua_155","JinHua_155_d3","PRR/TLR/TNF/NF-kB signaling","Survival","D3",3,2,"M1",-0.483950460479156,42,"是","Lung/Chest","lung infection",0,0,28,"included"
"JinHua_155","JinHua_155_d3","Phagolysosome/autophagy","Survival","D3",3,2,"M2",-0.383485855571848,42,"是","Lung/Chest","lung infection",0,0,28,"included"
"JinHua_155","JinHua_155_d3","Type I interferon response","Survival","D3",3,2,"M3",-0.402815481425198,42,"是","Lung/Chest","lung infection",0,0,28,"included"
"JinHua_155","JinHua_155_d3","Ribosome biogenesis","Survival","D3",3,2,"M4",0.559789577634848,42,"是","Lung/Chest","lung infection",0,0,28,"included"
"JinHua_156","JinHua_156_d3","PRR/TLR/TNF/NF-kB signaling","Mortality","D3",3,2,"M1",-0.437642542548293,14,"否","Lung/Chest","lung infection",1,1,14,"included"
"JinHua_156","JinHua_156_d3","Phagolysosome/autophagy","Mortality","D3",3,2,"M2",-0.490084473638506,14,"否","Lung/Chest","lung infection",1,1,14,"included"
"JinHua_156","JinHua_156_d3","Type I interferon response","Mortality","D3",3,2,"M3",-0.0640656853834856,14,"否","Lung/Chest","lung infection",1,1,14,"included"
"JinHua_156","JinHua_156_d3","Ribosome biogenesis","Mortality","D3",3,2,"M4",0.403611479270332,14,"否","Lung/Chest","lung infection",1,1,14,"included"
"JinHua_157","JinHua_157_d3","PRR/TLR/TNF/NF-kB signaling","Survival","D3",3,2,"M1",-0.595633620389117,8,"是","Lung/Chest","lung infection",0,0,28,"included"
"JinHua_157","JinHua_157_d3","Phagolysosome/autophagy","Survival","D3",3,2,"M2",-0.604240099840299,8,"是","Lung/Chest","lung infection",0,0,28,"included"
"JinHua_157","JinHua_157_d3","Type I interferon response","Survival","D3",3,2,"M3",0.00934875447328556,8,"是","Lung/Chest","lung infection",0,0,28,"included"
"JinHua_157","JinHua_157_d3","Ribosome biogenesis","Survival","D3",3,2,"M4",0.588018814256762,8,"是","Lung/Chest","lung infection",0,0,28,"included"
"JinHua_158","JinHua_158_d3","PRR/TLR/TNF/NF-kB signaling","Survival","D3",3,2,"M1",-0.457530823026352,14,"是","Urinary","non-lung infection",0,0,28,"included"
"JinHua_158","JinHua_158_d3","Phagolysosome/autophagy","Survival","D3",3,2,"M2",-0.396178021838798,14,"是","Urinary","non-lung infection",0,0,28,"included"
"JinHua_158","JinHua_158_d3","Type I interferon response","Survival","D3",3,2,"M3",-0.48584874260177,14,"是","Urinary","non-lung infection",0,0,28,"included"
"JinHua_158","JinHua_158_d3","Ribosome biogenesis","Survival","D3",3,2,"M4",0.522960177033253,14,"是","Urinary","non-lung infection",0,0,28,"included"
"JinHua_159","JinHua_159_d3","PRR/TLR/TNF/NF-kB signaling","Survival","D3",3,2,"M1",-0.553900852675662,7,"是","Lung/Chest","lung infection",0,0,28,"included"
"JinHua_159","JinHua_159_d3","Phagolysosome/autophagy","Survival","D3",3,2,"M2",-0.610937039309543,7,"是","Lung/Chest","lung infection",0,0,28,"included"
"JinHua_159","JinHua_159_d3","Type I interferon response","Survival","D3",3,2,"M3",-0.418460639024948,7,"是","Lung/Chest","lung infection",0,0,28,"included"
"JinHua_159","JinHua_159_d3","Ribosome biogenesis","Survival","D3",3,2,"M4",0.597091766612116,7,"是","Lung/Chest","lung infection",0,0,28,"included"
"JinHua_16","JinHua_16_d3","PRR/TLR/TNF/NF-kB signaling","Survival","D3",3,2,"M1",0.112425143842228,58,"是","Abdomen","non-lung infection",0,0,28,"included"
"JinHua_16","JinHua_16_d3","Phagolysosome/autophagy","Survival","D3",3,2,"M2",0.25725036852708,58,"是","Abdomen","non-lung infection",0,0,28,"included"
"JinHua_16","JinHua_16_d3","Type I interferon response","Survival","D3",3,2,"M3",-0.102992006219695,58,"是","Abdomen","non-lung infection",0,0,28,"included"
"JinHua_16","JinHua_16_d3","Ribosome biogenesis","Survival","D3",3,2,"M4",-0.156936553348359,58,"是","Abdomen","non-lung infection",0,0,28,"included"
"JinHua_160","JinHua_160_d3","PRR/TLR/TNF/NF-kB signaling","Survival","D3",3,2,"M1",-0.187036497508569,7,"是","Biliary/Liver","non-lung infection",0,0,28,"included"
"JinHua_160","JinHua_160_d3","Phagolysosome/autophagy","Survival","D3",3,2,"M2",-0.315908453306735,7,"是","Biliary/Liver","non-lung infection",0,0,28,"included"
"JinHua_160","JinHua_160_d3","Type I interferon response","Survival","D3",3,2,"M3",0.0499485540253009,7,"是","Biliary/Liver","non-lung infection",0,0,28,"included"
"JinHua_160","JinHua_160_d3","Ribosome biogenesis","Survival","D3",3,2,"M4",0.481011303250011,7,"是","Biliary/Liver","non-lung infection",0,0,28,"included"
"JinHua_161","JinHua_161_d3","PRR/TLR/TNF/NF-kB signaling","Survival","D3",3,2,"M1",-0.198570139281529,10,"是","Lung/Chest","lung infection",0,0,28,"included"
"JinHua_161","JinHua_161_d3","Phagolysosome/autophagy","Survival","D3",3,2,"M2",-0.051722730728292,10,"是","Lung/Chest","lung infection",0,0,28,"included"
"JinHua_161","JinHua_161_d3","Type I interferon response","Survival","D3",3,2,"M3",0.216356647856652,10,"是","Lung/Chest","lung infection",0,0,28,"included"
"JinHua_161","JinHua_161_d3","Ribosome biogenesis","Survival","D3",3,2,"M4",0.248917661554043,10,"是","Lung/Chest","lung infection",0,0,28,"included"
"JinHua_162","JinHua_162_d3","PRR/TLR/TNF/NF-kB signaling","Survival","D3",3,2,"M1",0.326261813491239,35,"是","Biliary/Liver","non-lung infection",0,0,28,"included"
"JinHua_162","JinHua_162_d3","Phagolysosome/autophagy","Survival","D3",3,2,"M2",0.34526133070718,35,"是","Biliary/Liver","non-lung infection",0,0,28,"included"
"JinHua_162","JinHua_162_d3","Type I interferon response","Survival","D3",3,2,"M3",0.204463522661167,35,"是","Biliary/Liver","non-lung infection",0,0,28,"included"
"JinHua_162","JinHua_162_d3","Ribosome biogenesis","Survival","D3",3,2,"M4",0.254456749636142,35,"是","Biliary/Liver","non-lung infection",0,0,28,"included"
"JinHua_163","JinHua_163_d3","PRR/TLR/TNF/NF-kB signaling","Survival","D3",3,2,"M1",-0.341164714582824,14,"是","Biliary/Liver","non-lung infection",0,0,28,"included"
"JinHua_163","JinHua_163_d3","Phagolysosome/autophagy","Survival","D3",3,2,"M2",-0.411260012001753,14,"是","Biliary/Liver","non-lung infection",0,0,28,"included"
"JinHua_163","JinHua_163_d3","Type I interferon response","Survival","D3",3,2,"M3",-0.134877113039728,14,"是","Biliary/Liver","non-lung infection",0,0,28,"included"
"JinHua_163","JinHua_163_d3","Ribosome biogenesis","Survival","D3",3,2,"M4",0.420605386004128,14,"是","Biliary/Liver","non-lung infection",0,0,28,"included"
"JinHua_165","JinHua_165_d3","PRR/TLR/TNF/NF-kB signaling","Survival","D3",3,2,"M1",-0.332050205407866,11,"是","SoftTissue","non-lung infection",0,0,28,"included"
"JinHua_165","JinHua_165_d3","Phagolysosome/autophagy","Survival","D3",3,2,"M2",-0.302749906036989,11,"是","SoftTissue","non-lung infection",0,0,28,"included"
"JinHua_165","JinHua_165_d3","Type I interferon response","Survival","D3",3,2,"M3",-0.184214668207434,11,"是","SoftTissue","non-lung infection",0,0,28,"included"
"JinHua_165","JinHua_165_d3","Ribosome biogenesis","Survival","D3",3,2,"M4",0.355574262963183,11,"是","SoftTissue","non-lung infection",0,0,28,"included"
"JinHua_166","JinHua_166_d3","PRR/TLR/TNF/NF-kB signaling","Survival","D3",3,2,"M1",0.0887817326637151,30,"是","Lung/Chest","lung infection",0,0,28,"included"
"JinHua_166","JinHua_166_d3","Phagolysosome/autophagy","Survival","D3",3,2,"M2",0.253424700922261,30,"是","Lung/Chest","lung infection",0,0,28,"included"
"JinHua_166","JinHua_166_d3","Type I interferon response","Survival","D3",3,2,"M3",-0.0821703717799015,30,"是","Lung/Chest","lung infection",0,0,28,"included"
"JinHua_166","JinHua_166_d3","Ribosome biogenesis","Survival","D3",3,2,"M4",-0.434834931503337,30,"是","Lung/Chest","lung infection",0,0,28,"included"
"JinHua_167","JinHua_167_d3","PRR/TLR/TNF/NF-kB signaling","Survival","D3",3,2,"M1",-0.136338137132722,7,"是","Lung/Chest","lung infection",0,0,28,"included"
"JinHua_167","JinHua_167_d3","Phagolysosome/autophagy","Survival","D3",3,2,"M2",-0.172116862665241,7,"是","Lung/Chest","lung infection",0,0,28,"included"
"JinHua_167","JinHua_167_d3","Type I interferon response","Survival","D3",3,2,"M3",-0.17724877718221,7,"是","Lung/Chest","lung infection",0,0,28,"included"
"JinHua_167","JinHua_167_d3","Ribosome biogenesis","Survival","D3",3,2,"M4",0.294434572663042,7,"是","Lung/Chest","lung infection",0,0,28,"included"
"JinHua_168","JinHua_168_d3","PRR/TLR/TNF/NF-kB signaling","Survival","D3",3,2,"M1",0.211792371312943,14,"是","Abdomen","non-lung infection",0,0,28,"included"
"JinHua_168","JinHua_168_d3","Phagolysosome/autophagy","Survival","D3",3,2,"M2",0.367657216466633,14,"是","Abdomen","non-lung infection",0,0,28,"included"
"JinHua_168","JinHua_168_d3","Type I interferon response","Survival","D3",3,2,"M3",0.0272802556387294,14,"是","Abdomen","non-lung infection",0,0,28,"included"
"JinHua_168","JinHua_168_d3","Ribosome biogenesis","Survival","D3",3,2,"M4",0.0753472131110932,14,"是","Abdomen","non-lung infection",0,0,28,"included"
"JinHua_169","JinHua_169_d3","PRR/TLR/TNF/NF-kB signaling","Survival","D3",3,2,"M1",-0.458052505440346,5,"是","Abdomen","non-lung infection",0,0,28,"included"
"JinHua_169","JinHua_169_d3","Phagolysosome/autophagy","Survival","D3",3,2,"M2",-0.440068928194113,5,"是","Abdomen","non-lung infection",0,0,28,"included"
"JinHua_169","JinHua_169_d3","Type I interferon response","Survival","D3",3,2,"M3",-0.403693499707696,5,"是","Abdomen","non-lung infection",0,0,28,"included"
"JinHua_169","JinHua_169_d3","Ribosome biogenesis","Survival","D3",3,2,"M4",0.437557707053678,5,"是","Abdomen","non-lung infection",0,0,28,"included"
"JinHua_17","JinHua_17_d3","PRR/TLR/TNF/NF-kB signaling","Survival","D3",3,2,"M1",-0.458253375481547,22,"是","Abdomen","non-lung infection",0,0,28,"included"
"JinHua_17","JinHua_17_d3","Phagolysosome/autophagy","Survival","D3",3,2,"M2",-0.315696478793359,22,"是","Abdomen","non-lung infection",0,0,28,"included"
"JinHua_17","JinHua_17_d3","Type I interferon response","Survival","D3",3,2,"M3",-0.399144718891449,22,"是","Abdomen","non-lung infection",0,0,28,"included"
"JinHua_17","JinHua_17_d3","Ribosome biogenesis","Survival","D3",3,2,"M4",0.678577075180793,22,"是","Abdomen","non-lung infection",0,0,28,"included"
"JinHua_170","JinHua_170_d3","PRR/TLR/TNF/NF-kB signaling","Mortality","D3",3,2,"M1",-0.254698689782772,6,"否","Lung/Chest","lung infection",1,1,6,"included"
"JinHua_170","JinHua_170_d3","Phagolysosome/autophagy","Mortality","D3",3,2,"M2",-0.330027405268648,6,"否","Lung/Chest","lung infection",1,1,6,"included"
"JinHua_170","JinHua_170_d3","Type I interferon response","Mortality","D3",3,2,"M3",-0.0229265674094958,6,"否","Lung/Chest","lung infection",1,1,6,"included"
"JinHua_170","JinHua_170_d3","Ribosome biogenesis","Mortality","D3",3,2,"M4",-0.289386370060876,6,"否","Lung/Chest","lung infection",1,1,6,"included"
"JinHua_171","JinHua_171_d3","PRR/TLR/TNF/NF-kB signaling","Survival","D3",3,2,"M1",0.0297564242366785,20,"是","Biliary/Liver","non-lung infection",0,0,28,"included"
"JinHua_171","JinHua_171_d3","Phagolysosome/autophagy","Survival","D3",3,2,"M2",0.147116422546258,20,"是","Biliary/Liver","non-lung infection",0,0,28,"included"
"JinHua_171","JinHua_171_d3","Type I interferon response","Survival","D3",3,2,"M3",-0.259425546615687,20,"是","Biliary/Liver","non-lung infection",0,0,28,"included"
"JinHua_171","JinHua_171_d3","Ribosome biogenesis","Survival","D3",3,2,"M4",0.440961438122732,20,"是","Biliary/Liver","non-lung infection",0,0,28,"included"
"JinHua_172","JinHua_172_d3","PRR/TLR/TNF/NF-kB signaling","Survival","D3",3,2,"M1",0.484295338669612,29,"是","Biliary/Liver","non-lung infection",0,0,28,"included"
"JinHua_172","JinHua_172_d3","Phagolysosome/autophagy","Survival","D3",3,2,"M2",0.583472801460581,29,"是","Biliary/Liver","non-lung infection",0,0,28,"included"
"JinHua_172","JinHua_172_d3","Type I interferon response","Survival","D3",3,2,"M3",0.111589656077461,29,"是","Biliary/Liver","non-lung infection",0,0,28,"included"
"JinHua_172","JinHua_172_d3","Ribosome biogenesis","Survival","D3",3,2,"M4",-0.441354898252839,29,"是","Biliary/Liver","non-lung infection",0,0,28,"included"
"JinHua_173","JinHua_173_d3","PRR/TLR/TNF/NF-kB signaling","Mortality","D3",3,2,"M1",0.514459410316113,4,"否","Lung/Chest","lung infection",1,1,4,"included"
"JinHua_173","JinHua_173_d3","Phagolysosome/autophagy","Mortality","D3",3,2,"M2",0.531228471237277,4,"否","Lung/Chest","lung infection",1,1,4,"included"
"JinHua_173","JinHua_173_d3","Type I interferon response","Mortality","D3",3,2,"M3",0.108620932474594,4,"否","Lung/Chest","lung infection",1,1,4,"included"
"JinHua_173","JinHua_173_d3","Ribosome biogenesis","Mortality","D3",3,2,"M4",-0.491246733918121,4,"否","Lung/Chest","lung infection",1,1,4,"included"
"JinHua_174","JinHua_174_d3","PRR/TLR/TNF/NF-kB signaling","Survival","D3",3,2,"M1",0.453322568368012,30,"是","Biliary/Liver","non-lung infection",0,0,28,"included"
"JinHua_174","JinHua_174_d3","Phagolysosome/autophagy","Survival","D3",3,2,"M2",0.376790389821631,30,"是","Biliary/Liver","non-lung infection",0,0,28,"included"
"JinHua_174","JinHua_174_d3","Type I interferon response","Survival","D3",3,2,"M3",0.0395123348543121,30,"是","Biliary/Liver","non-lung infection",0,0,28,"included"
"JinHua_174","JinHua_174_d3","Ribosome biogenesis","Survival","D3",3,2,"M4",0.0452151526618025,30,"是","Biliary/Liver","non-lung infection",0,0,28,"included"
"JinHua_175","JinHua_175_d3","PRR/TLR/TNF/NF-kB signaling","Survival","D3",3,2,"M1",-0.272217450174983,14,"是","Intestine","non-lung infection",0,0,28,"included"
"JinHua_175","JinHua_175_d3","Phagolysosome/autophagy","Survival","D3",3,2,"M2",0.16943729142547,14,"是","Intestine","non-lung infection",0,0,28,"included"
"JinHua_175","JinHua_175_d3","Type I interferon response","Survival","D3",3,2,"M3",-0.177584631898203,14,"是","Intestine","non-lung infection",0,0,28,"included"
"JinHua_175","JinHua_175_d3","Ribosome biogenesis","Survival","D3",3,2,"M4",0.624477630939961,14,"是","Intestine","non-lung infection",0,0,28,"included"
"JinHua_176","JinHua_176_d3","PRR/TLR/TNF/NF-kB signaling","Survival","D3",3,2,"M1",0.532668168185308,53,"是","Others/Unknown","non-lung infection",0,0,28,"included"
"JinHua_176","JinHua_176_d3","Phagolysosome/autophagy","Survival","D3",3,2,"M2",0.580284388377048,53,"是","Others/Unknown","non-lung infection",0,0,28,"included"
"JinHua_176","JinHua_176_d3","Type I interferon response","Survival","D3",3,2,"M3",0.337753687856581,53,"是","Others/Unknown","non-lung infection",0,0,28,"included"
"JinHua_176","JinHua_176_d3","Ribosome biogenesis","Survival","D3",3,2,"M4",-0.481060179144497,53,"是","Others/Unknown","non-lung infection",0,0,28,"included"
"JinHua_177","JinHua_177_d3","PRR/TLR/TNF/NF-kB signaling","Survival","D3",3,2,"M1",-0.520745618078423,26,"是","Lung/Chest","lung infection",0,0,28,"included"
"JinHua_177","JinHua_177_d3","Phagolysosome/autophagy","Survival","D3",3,2,"M2",-0.506862530689534,26,"是","Lung/Chest","lung infection",0,0,28,"included"
"JinHua_177","JinHua_177_d3","Type I interferon response","Survival","D3",3,2,"M3",-0.364336329171046,26,"是","Lung/Chest","lung infection",0,0,28,"included"
"JinHua_177","JinHua_177_d3","Ribosome biogenesis","Survival","D3",3,2,"M4",0.754788708866302,26,"是","Lung/Chest","lung infection",0,0,28,"included"
"JinHua_178","JinHua_178_d3","PRR/TLR/TNF/NF-kB signaling","Survival","D3",3,2,"M1",0.583918639114046,15,"是","Lung/Chest","lung infection",0,0,28,"included"
"JinHua_178","JinHua_178_d3","Phagolysosome/autophagy","Survival","D3",3,2,"M2",0.548181091808291,15,"是","Lung/Chest","lung infection",0,0,28,"included"
"JinHua_178","JinHua_178_d3","Type I interferon response","Survival","D3",3,2,"M3",0.265841308066443,15,"是","Lung/Chest","lung infection",0,0,28,"included"
"JinHua_178","JinHua_178_d3","Ribosome biogenesis","Survival","D3",3,2,"M4",-0.621876131825803,15,"是","Lung/Chest","lung infection",0,0,28,"included"
"JinHua_179","JinHua_179_d3","PRR/TLR/TNF/NF-kB signaling","Mortality","D3",3,2,"M1",0.645025875037454,14,"否","Lung/Chest","lung infection",1,1,14,"included"
"JinHua_179","JinHua_179_d3","Phagolysosome/autophagy","Mortality","D3",3,2,"M2",0.620528242915559,14,"否","Lung/Chest","lung infection",1,1,14,"included"
"JinHua_179","JinHua_179_d3","Type I interferon response","Mortality","D3",3,2,"M3",0.412694988066649,14,"否","Lung/Chest","lung infection",1,1,14,"included"
"JinHua_179","JinHua_179_d3","Ribosome biogenesis","Mortality","D3",3,2,"M4",-0.696649821515696,14,"否","Lung/Chest","lung infection",1,1,14,"included"
"JinHua_18","JinHua_18_d3","PRR/TLR/TNF/NF-kB signaling","Mortality","D3",3,2,"M1",-0.548717716334426,46,"否","Abdomen","non-lung infection",1,0,28,"included"
"JinHua_18","JinHua_18_d3","Phagolysosome/autophagy","Mortality","D3",3,2,"M2",-0.601809399728347,46,"否","Abdomen","non-lung infection",1,0,28,"included"
"JinHua_18","JinHua_18_d3","Type I interferon response","Mortality","D3",3,2,"M3",-0.534595378482895,46,"否","Abdomen","non-lung infection",1,0,28,"included"
"JinHua_18","JinHua_18_d3","Ribosome biogenesis","Mortality","D3",3,2,"M4",0.451568581537259,46,"否","Abdomen","non-lung infection",1,0,28,"included"
"JinHua_180","JinHua_180_d3","PRR/TLR/TNF/NF-kB signaling","Survival","D3",3,2,"M1",-0.357876793256239,17,"是","Others/Unknown","non-lung infection",0,0,28,"included"
"JinHua_180","JinHua_180_d3","Phagolysosome/autophagy","Survival","D3",3,2,"M2",-0.196696137314531,17,"是","Others/Unknown","non-lung infection",0,0,28,"included"
"JinHua_180","JinHua_180_d3","Type I interferon response","Survival","D3",3,2,"M3",-0.422722468083758,17,"是","Others/Unknown","non-lung infection",0,0,28,"included"
"JinHua_180","JinHua_180_d3","Ribosome biogenesis","Survival","D3",3,2,"M4",0.4509285374502,17,"是","Others/Unknown","non-lung infection",0,0,28,"included"
"JinHua_181","JinHua_181_d3","PRR/TLR/TNF/NF-kB signaling","Survival","D3",3,2,"M1",0.601332318880412,7,"是","Others/Unknown","non-lung infection",0,0,28,"included"
"JinHua_181","JinHua_181_d3","Phagolysosome/autophagy","Survival","D3",3,2,"M2",0.61106633986101,7,"是","Others/Unknown","non-lung infection",0,0,28,"included"
"JinHua_181","JinHua_181_d3","Type I interferon response","Survival","D3",3,2,"M3",0.217189983972015,7,"是","Others/Unknown","non-lung infection",0,0,28,"included"
"JinHua_181","JinHua_181_d3","Ribosome biogenesis","Survival","D3",3,2,"M4",-0.679339867772755,7,"是","Others/Unknown","non-lung infection",0,0,28,"included"
"JinHua_182","JinHua_182_d3","PRR/TLR/TNF/NF-kB signaling","Survival","D3",3,2,"M1",0.293325336563436,18,"是","Abdomen","non-lung infection",0,0,28,"included"
"JinHua_182","JinHua_182_d3","Phagolysosome/autophagy","Survival","D3",3,2,"M2",0.448253412792014,18,"是","Abdomen","non-lung infection",0,0,28,"included"
"JinHua_182","JinHua_182_d3","Type I interferon response","Survival","D3",3,2,"M3",-0.0889118097875914,18,"是","Abdomen","non-lung infection",0,0,28,"included"
"JinHua_182","JinHua_182_d3","Ribosome biogenesis","Survival","D3",3,2,"M4",-0.310950477439501,18,"是","Abdomen","non-lung infection",0,0,28,"included"
"JinHua_183","JinHua_183_d3","PRR/TLR/TNF/NF-kB signaling","Survival","D3",3,2,"M1",-0.389435741858704,7,"是","Urinary","non-lung infection",0,0,28,"included"
"JinHua_183","JinHua_183_d3","Phagolysosome/autophagy","Survival","D3",3,2,"M2",-0.256876455243131,7,"是","Urinary","non-lung infection",0,0,28,"included"
"JinHua_183","JinHua_183_d3","Type I interferon response","Survival","D3",3,2,"M3",-0.573036094121213,7,"是","Urinary","non-lung infection",0,0,28,"included"
"JinHua_183","JinHua_183_d3","Ribosome biogenesis","Survival","D3",3,2,"M4",0.496756614701098,7,"是","Urinary","non-lung infection",0,0,28,"included"
"JinHua_184","JinHua_184_d3","PRR/TLR/TNF/NF-kB signaling","Survival","D3",3,2,"M1",0.609180426459789,59,"是","Abdomen","non-lung infection",0,0,28,"included"
"JinHua_184","JinHua_184_d3","Phagolysosome/autophagy","Survival","D3",3,2,"M2",0.60542431732804,59,"是","Abdomen","non-lung infection",0,0,28,"included"
"JinHua_184","JinHua_184_d3","Type I interferon response","Survival","D3",3,2,"M3",0.546310401383681,59,"是","Abdomen","non-lung infection",0,0,28,"included"
"JinHua_184","JinHua_184_d3","Ribosome biogenesis","Survival","D3",3,2,"M4",0.0124943826948125,59,"是","Abdomen","non-lung infection",0,0,28,"included"
"JinHua_185","JinHua_185_d3","PRR/TLR/TNF/NF-kB signaling","Survival","D3",3,2,"M1",-0.326612112500513,13,"是","Lung/Chest","lung infection",0,0,28,"included"
"JinHua_185","JinHua_185_d3","Phagolysosome/autophagy","Survival","D3",3,2,"M2",-0.230055476952642,13,"是","Lung/Chest","lung infection",0,0,28,"included"
"JinHua_185","JinHua_185_d3","Type I interferon response","Survival","D3",3,2,"M3",-0.29497782823966,13,"是","Lung/Chest","lung infection",0,0,28,"included"
"JinHua_185","JinHua_185_d3","Ribosome biogenesis","Survival","D3",3,2,"M4",0.647674122259162,13,"是","Lung/Chest","lung infection",0,0,28,"included"
"JinHua_186","JinHua_186_d3","PRR/TLR/TNF/NF-kB signaling","Survival","D3",3,2,"M1",0.162608203186264,4,"是","Abdomen","non-lung infection",0,0,28,"included"
"JinHua_186","JinHua_186_d3","Phagolysosome/autophagy","Survival","D3",3,2,"M2",0.318753615213003,4,"是","Abdomen","non-lung infection",0,0,28,"included"
"JinHua_186","JinHua_186_d3","Type I interferon response","Survival","D3",3,2,"M3",0.248392851790749,4,"是","Abdomen","non-lung infection",0,0,28,"included"
"JinHua_186","JinHua_186_d3","Ribosome biogenesis","Survival","D3",3,2,"M4",0.282528870120762,4,"是","Abdomen","non-lung infection",0,0,28,"included"
"JinHua_188","JinHua_188_d3","PRR/TLR/TNF/NF-kB signaling","Survival","D3",3,2,"M1",0.276658777650116,11,"是","Lung/Chest","lung infection",0,0,28,"included"
"JinHua_188","JinHua_188_d3","Phagolysosome/autophagy","Survival","D3",3,2,"M2",0.411019995799135,11,"是","Lung/Chest","lung infection",0,0,28,"included"
"JinHua_188","JinHua_188_d3","Type I interferon response","Survival","D3",3,2,"M3",-0.163908782353086,11,"是","Lung/Chest","lung infection",0,0,28,"included"
"JinHua_188","JinHua_188_d3","Ribosome biogenesis","Survival","D3",3,2,"M4",-0.0922936267137112,11,"是","Lung/Chest","lung infection",0,0,28,"included"
"JinHua_189","JinHua_189_d3","PRR/TLR/TNF/NF-kB signaling","Survival","D3",3,2,"M1",0.598376381362959,24,"是","Lung/Chest","lung infection",0,0,28,"included"
"JinHua_189","JinHua_189_d3","Phagolysosome/autophagy","Survival","D3",3,2,"M2",0.61861176568026,24,"是","Lung/Chest","lung infection",0,0,28,"included"
"JinHua_189","JinHua_189_d3","Type I interferon response","Survival","D3",3,2,"M3",0.580271504607754,24,"是","Lung/Chest","lung infection",0,0,28,"included"
"JinHua_189","JinHua_189_d3","Ribosome biogenesis","Survival","D3",3,2,"M4",-0.62186438211879,24,"是","Lung/Chest","lung infection",0,0,28,"included"
"JinHua_19","JinHua_19_d3","PRR/TLR/TNF/NF-kB signaling","Survival","D3",3,2,"M1",-0.371860812705024,8,"是","Lung/Chest","lung infection",0,0,28,"included"
"JinHua_19","JinHua_19_d3","Phagolysosome/autophagy","Survival","D3",3,2,"M2",-0.375098749738322,8,"是","Lung/Chest","lung infection",0,0,28,"included"
"JinHua_19","JinHua_19_d3","Type I interferon response","Survival","D3",3,2,"M3",-0.4269095679326,8,"是","Lung/Chest","lung infection",0,0,28,"included"
"JinHua_19","JinHua_19_d3","Ribosome biogenesis","Survival","D3",3,2,"M4",-0.168974184469079,8,"是","Lung/Chest","lung infection",0,0,28,"included"
"JinHua_190","JinHua_190_d3","PRR/TLR/TNF/NF-kB signaling","Survival","D3",3,2,"M1",-0.631484360056313,14,"是","Lung/Chest","lung infection",0,0,28,"included"
"JinHua_190","JinHua_190_d3","Phagolysosome/autophagy","Survival","D3",3,2,"M2",-0.671615646752718,14,"是","Lung/Chest","lung infection",0,0,28,"included"
"JinHua_190","JinHua_190_d3","Type I interferon response","Survival","D3",3,2,"M3",-0.482178810320959,14,"是","Lung/Chest","lung infection",0,0,28,"included"
"JinHua_190","JinHua_190_d3","Ribosome biogenesis","Survival","D3",3,2,"M4",0.616295533840586,14,"是","Lung/Chest","lung infection",0,0,28,"included"
"JinHua_191","JinHua_191_d3","PRR/TLR/TNF/NF-kB signaling","Survival","D3",3,2,"M1",-0.532495036858912,20,"是","Lung/Chest","lung infection",0,0,28,"included"
"JinHua_191","JinHua_191_d3","Phagolysosome/autophagy","Survival","D3",3,2,"M2",-0.390856723375663,20,"是","Lung/Chest","lung infection",0,0,28,"included"
"JinHua_191","JinHua_191_d3","Type I interferon response","Survival","D3",3,2,"M3",-0.311901536228508,20,"是","Lung/Chest","lung infection",0,0,28,"included"
"JinHua_191","JinHua_191_d3","Ribosome biogenesis","Survival","D3",3,2,"M4",0.635726774180327,20,"是","Lung/Chest","lung infection",0,0,28,"included"
"JinHua_192","JinHua_192_d3","PRR/TLR/TNF/NF-kB signaling","Survival","D3",3,2,"M1",-0.543374092559308,5,"是","Urinary","non-lung infection",0,0,28,"included"
"JinHua_192","JinHua_192_d3","Phagolysosome/autophagy","Survival","D3",3,2,"M2",-0.531318855454241,5,"是","Urinary","non-lung infection",0,0,28,"included"
"JinHua_192","JinHua_192_d3","Type I interferon response","Survival","D3",3,2,"M3",-0.495464180360189,5,"是","Urinary","non-lung infection",0,0,28,"included"
"JinHua_192","JinHua_192_d3","Ribosome biogenesis","Survival","D3",3,2,"M4",0.493793548280269,5,"是","Urinary","non-lung infection",0,0,28,"included"
"JinHua_193","JinHua_193_d3","PRR/TLR/TNF/NF-kB signaling","Survival","D3",3,2,"M1",-0.548012272327251,8,"是","Abdomen","non-lung infection",0,0,28,"included"
"JinHua_193","JinHua_193_d3","Phagolysosome/autophagy","Survival","D3",3,2,"M2",-0.397248154309364,8,"是","Abdomen","non-lung infection",0,0,28,"included"
"JinHua_193","JinHua_193_d3","Type I interferon response","Survival","D3",3,2,"M3",-0.504079372873857,8,"是","Abdomen","non-lung infection",0,0,28,"included"
"JinHua_193","JinHua_193_d3","Ribosome biogenesis","Survival","D3",3,2,"M4",0.650881645418649,8,"是","Abdomen","non-lung infection",0,0,28,"included"
"JinHua_194","JinHua_194_d3","PRR/TLR/TNF/NF-kB signaling","Survival","D3",3,2,"M1",0.369766282603331,43,"是","Lung/Chest","lung infection",0,0,28,"included"
"JinHua_194","JinHua_194_d3","Phagolysosome/autophagy","Survival","D3",3,2,"M2",0.477524088175522,43,"是","Lung/Chest","lung infection",0,0,28,"included"
"JinHua_194","JinHua_194_d3","Type I interferon response","Survival","D3",3,2,"M3",0.214802382802732,43,"是","Lung/Chest","lung infection",0,0,28,"included"
"JinHua_194","JinHua_194_d3","Ribosome biogenesis","Survival","D3",3,2,"M4",-0.128467268466304,43,"是","Lung/Chest","lung infection",0,0,28,"included"
"JinHua_195","JinHua_195_d3","PRR/TLR/TNF/NF-kB signaling","Survival","D3",3,2,"M1",-0.660991702771153,11,"是","Lung/Chest","lung infection",0,0,28,"included"
"JinHua_195","JinHua_195_d3","Phagolysosome/autophagy","Survival","D3",3,2,"M2",-0.568008094830715,11,"是","Lung/Chest","lung infection",0,0,28,"included"
"JinHua_195","JinHua_195_d3","Type I interferon response","Survival","D3",3,2,"M3",-0.498165816508216,11,"是","Lung/Chest","lung infection",0,0,28,"included"
"JinHua_195","JinHua_195_d3","Ribosome biogenesis","Survival","D3",3,2,"M4",0.64215955815098,11,"是","Lung/Chest","lung infection",0,0,28,"included"
"JinHua_197","JinHua_197_d3","PRR/TLR/TNF/NF-kB signaling","Survival","D3",3,2,"M1",0.269342434377217,29,"是","Lung/Chest","lung infection",0,0,28,"included"
"JinHua_197","JinHua_197_d3","Phagolysosome/autophagy","Survival","D3",3,2,"M2",0.465602710685367,29,"是","Lung/Chest","lung infection",0,0,28,"included"
"JinHua_197","JinHua_197_d3","Type I interferon response","Survival","D3",3,2,"M3",-0.050175063979647,29,"是","Lung/Chest","lung infection",0,0,28,"included"
"JinHua_197","JinHua_197_d3","Ribosome biogenesis","Survival","D3",3,2,"M4",-0.166634136759755,29,"是","Lung/Chest","lung infection",0,0,28,"included"
"JinHua_198","JinHua_198_d3","PRR/TLR/TNF/NF-kB signaling","Survival","D3",3,2,"M1",0.11449044854904,10,"是","Lung/Chest","lung infection",0,0,28,"included"
"JinHua_198","JinHua_198_d3","Phagolysosome/autophagy","Survival","D3",3,2,"M2",0.283745835089006,10,"是","Lung/Chest","lung infection",0,0,28,"included"
"JinHua_198","JinHua_198_d3","Type I interferon response","Survival","D3",3,2,"M3",0.220242180027249,10,"是","Lung/Chest","lung infection",0,0,28,"included"
"JinHua_198","JinHua_198_d3","Ribosome biogenesis","Survival","D3",3,2,"M4",0.0803730472253619,10,"是","Lung/Chest","lung infection",0,0,28,"included"
"JinHua_199","JinHua_199_d3","PRR/TLR/TNF/NF-kB signaling","Mortality","D3",3,2,"M1",0.598553452035051,25,"否","Lung/Chest","lung infection",1,1,25,"included"
"JinHua_199","JinHua_199_d3","Phagolysosome/autophagy","Mortality","D3",3,2,"M2",0.579289478407336,25,"否","Lung/Chest","lung infection",1,1,25,"included"
"JinHua_199","JinHua_199_d3","Type I interferon response","Mortality","D3",3,2,"M3",0.512790209741989,25,"否","Lung/Chest","lung infection",1,1,25,"included"
"JinHua_199","JinHua_199_d3","Ribosome biogenesis","Mortality","D3",3,2,"M4",-0.607776969864262,25,"否","Lung/Chest","lung infection",1,1,25,"included"
"JinHua_2","JinHua_2_d3","PRR/TLR/TNF/NF-kB signaling","Survival","D3",3,2,"M1",-0.598799682481332,9,"是","Abdomen","non-lung infection",0,0,28,"included"
"JinHua_2","JinHua_2_d3","Phagolysosome/autophagy","Survival","D3",3,2,"M2",-0.561540010049918,9,"是","Abdomen","non-lung infection",0,0,28,"included"
"JinHua_2","JinHua_2_d3","Type I interferon response","Survival","D3",3,2,"M3",-0.572755518469565,9,"是","Abdomen","non-lung infection",0,0,28,"included"
"JinHua_2","JinHua_2_d3","Ribosome biogenesis","Survival","D3",3,2,"M4",0.632763423530194,9,"是","Abdomen","non-lung infection",0,0,28,"included"
"JinHua_20","JinHua_20_d3","PRR/TLR/TNF/NF-kB signaling","Survival","D3",3,2,"M1",-0.58480707080673,7,"是","Abdomen","non-lung infection",0,0,28,"included"
"JinHua_20","JinHua_20_d3","Phagolysosome/autophagy","Survival","D3",3,2,"M2",-0.646131207089565,7,"是","Abdomen","non-lung infection",0,0,28,"included"
"JinHua_20","JinHua_20_d3","Type I interferon response","Survival","D3",3,2,"M3",-0.415978927422502,7,"是","Abdomen","non-lung infection",0,0,28,"included"
"JinHua_20","JinHua_20_d3","Ribosome biogenesis","Survival","D3",3,2,"M4",0.0038167477423102,7,"是","Abdomen","non-lung infection",0,0,28,"included"
"JinHua_200","JinHua_200_d3","PRR/TLR/TNF/NF-kB signaling","Survival","D3",3,2,"M1",-0.512316170815337,11,"是","Lung/Chest","lung infection",0,0,28,"included"
"JinHua_200","JinHua_200_d3","Phagolysosome/autophagy","Survival","D3",3,2,"M2",-0.508922953048671,11,"是","Lung/Chest","lung infection",0,0,28,"included"
"JinHua_200","JinHua_200_d3","Type I interferon response","Survival","D3",3,2,"M3",-0.545164353649237,11,"是","Lung/Chest","lung infection",0,0,28,"included"
"JinHua_200","JinHua_200_d3","Ribosome biogenesis","Survival","D3",3,2,"M4",0.668635927332033,11,"是","Lung/Chest","lung infection",0,0,28,"included"
"JinHua_201","JinHua_201_d3","PRR/TLR/TNF/NF-kB signaling","Survival","D3",3,2,"M1",0.233618970253898,13,"是","Abdomen","non-lung infection",0,0,28,"included"
"JinHua_201","JinHua_201_d3","Phagolysosome/autophagy","Survival","D3",3,2,"M2",0.3566999269897,13,"是","Abdomen","non-lung infection",0,0,28,"included"
"JinHua_201","JinHua_201_d3","Type I interferon response","Survival","D3",3,2,"M3",-0.0592277487876284,13,"是","Abdomen","non-lung infection",0,0,28,"included"
"JinHua_201","JinHua_201_d3","Ribosome biogenesis","Survival","D3",3,2,"M4",-0.477509606789455,13,"是","Abdomen","non-lung infection",0,0,28,"included"
"JinHua_203","JinHua_203_d3","PRR/TLR/TNF/NF-kB signaling","Survival","D3",3,2,"M1",0.154530036688974,7,"是","Others/Unknown","non-lung infection",0,0,28,"included"
"JinHua_203","JinHua_203_d3","Phagolysosome/autophagy","Survival","D3",3,2,"M2",0.300763252600168,7,"是","Others/Unknown","non-lung infection",0,0,28,"included"
"JinHua_203","JinHua_203_d3","Type I interferon response","Survival","D3",3,2,"M3",-0.0482587647371111,7,"是","Others/Unknown","non-lung infection",0,0,28,"included"
"JinHua_203","JinHua_203_d3","Ribosome biogenesis","Survival","D3",3,2,"M4",-0.496390804424956,7,"是","Others/Unknown","non-lung infection",0,0,28,"included"
"JinHua_204","JinHua_204_d3","PRR/TLR/TNF/NF-kB signaling","Survival","D3",3,2,"M1",-0.516538415537771,16,"是","Others/Unknown","non-lung infection",0,0,28,"included"
"JinHua_204","JinHua_204_d3","Phagolysosome/autophagy","Survival","D3",3,2,"M2",-0.539149059184513,16,"是","Others/Unknown","non-lung infection",0,0,28,"included"
"JinHua_204","JinHua_204_d3","Type I interferon response","Survival","D3",3,2,"M3",-0.106426000756988,16,"是","Others/Unknown","non-lung infection",0,0,28,"included"
"JinHua_204","JinHua_204_d3","Ribosome biogenesis","Survival","D3",3,2,"M4",0.192172944831568,16,"是","Others/Unknown","non-lung infection",0,0,28,"included"
"JinHua_205","JinHua_205_d3","PRR/TLR/TNF/NF-kB signaling","Survival","D3",3,2,"M1",0.173004278519484,10,"是","Others/Unknown","non-lung infection",0,0,28,"included"
"JinHua_205","JinHua_205_d3","Phagolysosome/autophagy","Survival","D3",3,2,"M2",0.504473086177952,10,"是","Others/Unknown","non-lung infection",0,0,28,"included"
"JinHua_205","JinHua_205_d3","Type I interferon response","Survival","D3",3,2,"M3",0.0276213967071763,10,"是","Others/Unknown","non-lung infection",0,0,28,"included"
"JinHua_205","JinHua_205_d3","Ribosome biogenesis","Survival","D3",3,2,"M4",-0.402277115851716,10,"是","Others/Unknown","non-lung infection",0,0,28,"included"
"JinHua_206","JinHua_206_d3","PRR/TLR/TNF/NF-kB signaling","Survival","D3",3,2,"M1",0.0160606505341337,9,"是","Lung/Chest","lung infection",0,0,28,"included"
"JinHua_206","JinHua_206_d3","Phagolysosome/autophagy","Survival","D3",3,2,"M2",0.0863487856872089,9,"是","Lung/Chest","lung infection",0,0,28,"included"
"JinHua_206","JinHua_206_d3","Type I interferon response","Survival","D3",3,2,"M3",0.00802830133176119,9,"是","Lung/Chest","lung infection",0,0,28,"included"
"JinHua_206","JinHua_206_d3","Ribosome biogenesis","Survival","D3",3,2,"M4",0.128886647125117,9,"是","Lung/Chest","lung infection",0,0,28,"included"
"JinHua_207","JinHua_207_d3","PRR/TLR/TNF/NF-kB signaling","Mortality","D3",3,2,"M1",0.570232304045354,33,"否","Lung/Chest","lung infection",1,0,28,"included"
"JinHua_207","JinHua_207_d3","Phagolysosome/autophagy","Mortality","D3",3,2,"M2",0.557337220544681,33,"否","Lung/Chest","lung infection",1,0,28,"included"
"JinHua_207","JinHua_207_d3","Type I interferon response","Mortality","D3",3,2,"M3",0.236751853079899,33,"否","Lung/Chest","lung infection",1,0,28,"included"
"JinHua_207","JinHua_207_d3","Ribosome biogenesis","Mortality","D3",3,2,"M4",-0.531687236492285,33,"否","Lung/Chest","lung infection",1,0,28,"included"
"JinHua_208","JinHua_208_d3","PRR/TLR/TNF/NF-kB signaling","Survival","D3",3,2,"M1",0.262412346611763,20,"是","Lung/Chest","lung infection",0,0,28,"included"
"JinHua_208","JinHua_208_d3","Phagolysosome/autophagy","Survival","D3",3,2,"M2",0.403198541818617,20,"是","Lung/Chest","lung infection",0,0,28,"included"
"JinHua_208","JinHua_208_d3","Type I interferon response","Survival","D3",3,2,"M3",-0.250784846348855,20,"是","Lung/Chest","lung infection",0,0,28,"included"
"JinHua_208","JinHua_208_d3","Ribosome biogenesis","Survival","D3",3,2,"M4",-0.126418546378671,20,"是","Lung/Chest","lung infection",0,0,28,"included"
"JinHua_209","JinHua_209_d3","PRR/TLR/TNF/NF-kB signaling","Survival","D3",3,2,"M1",0.411164238203759,20,"是","Brain","non-lung infection",0,0,28,"included"
"JinHua_209","JinHua_209_d3","Phagolysosome/autophagy","Survival","D3",3,2,"M2",0.316424905277773,20,"是","Brain","non-lung infection",0,0,28,"included"
"JinHua_209","JinHua_209_d3","Type I interferon response","Survival","D3",3,2,"M3",0.314433379437073,20,"是","Brain","non-lung infection",0,0,28,"included"
"JinHua_209","JinHua_209_d3","Ribosome biogenesis","Survival","D3",3,2,"M4",-0.328936265289358,20,"是","Brain","non-lung infection",0,0,28,"included"
"JinHua_21","JinHua_21_d3","PRR/TLR/TNF/NF-kB signaling","Survival","D3",3,2,"M1",-0.58734389394867,15,"是","Abdomen","non-lung infection",0,0,28,"included"
"JinHua_21","JinHua_21_d3","Phagolysosome/autophagy","Survival","D3",3,2,"M2",-0.560048301893375,15,"是","Abdomen","non-lung infection",0,0,28,"included"
"JinHua_21","JinHua_21_d3","Type I interferon response","Survival","D3",3,2,"M3",-0.398961078667126,15,"是","Abdomen","non-lung infection",0,0,28,"included"
"JinHua_21","JinHua_21_d3","Ribosome biogenesis","Survival","D3",3,2,"M4",0.146418970874141,15,"是","Abdomen","non-lung infection",0,0,28,"included"
"JinHua_210","JinHua_210_d3","PRR/TLR/TNF/NF-kB signaling","Survival","D3",3,2,"M1",-0.410662788092633,10,"是","Biliary/Liver","non-lung infection",0,0,28,"included"
"JinHua_210","JinHua_210_d3","Phagolysosome/autophagy","Survival","D3",3,2,"M2",-0.210159683241383,10,"是","Biliary/Liver","non-lung infection",0,0,28,"included"
"JinHua_210","JinHua_210_d3","Type I interferon response","Survival","D3",3,2,"M3",-0.370798088434189,10,"是","Biliary/Liver","non-lung infection",0,0,28,"included"
"JinHua_210","JinHua_210_d3","Ribosome biogenesis","Survival","D3",3,2,"M4",0.523705024790824,10,"是","Biliary/Liver","non-lung infection",0,0,28,"included"
"JinHua_211","JinHua_211_d3","PRR/TLR/TNF/NF-kB signaling","Survival","D3",3,2,"M1",-0.556974311699469,13,"是","Others/Unknown","non-lung infection",0,0,28,"included"
"JinHua_211","JinHua_211_d3","Phagolysosome/autophagy","Survival","D3",3,2,"M2",-0.565990557951625,13,"是","Others/Unknown","non-lung infection",0,0,28,"included"
"JinHua_211","JinHua_211_d3","Type I interferon response","Survival","D3",3,2,"M3",-0.473686247780099,13,"是","Others/Unknown","non-lung infection",0,0,28,"included"
"JinHua_211","JinHua_211_d3","Ribosome biogenesis","Survival","D3",3,2,"M4",0.633118815413471,13,"是","Others/Unknown","non-lung infection",0,0,28,"included"
"JinHua_212","JinHua_212_d3","PRR/TLR/TNF/NF-kB signaling","Survival","D3",3,2,"M1",-0.592834015146404,3,"是","Lung/Chest","lung infection",0,0,28,"included"
"JinHua_212","JinHua_212_d3","Phagolysosome/autophagy","Survival","D3",3,2,"M2",-0.602103994590305,3,"是","Lung/Chest","lung infection",0,0,28,"included"
"JinHua_212","JinHua_212_d3","Type I interferon response","Survival","D3",3,2,"M3",-0.503921648424782,3,"是","Lung/Chest","lung infection",0,0,28,"included"
"JinHua_212","JinHua_212_d3","Ribosome biogenesis","Survival","D3",3,2,"M4",0.666235891736255,3,"是","Lung/Chest","lung infection",0,0,28,"included"
"JinHua_213","JinHua_213_d3","PRR/TLR/TNF/NF-kB signaling","Survival","D3",3,2,"M1",-0.360198282906392,14,"是","Lung/Chest","lung infection",0,0,28,"included"
"JinHua_213","JinHua_213_d3","Phagolysosome/autophagy","Survival","D3",3,2,"M2",-0.428844314765821,14,"是","Lung/Chest","lung infection",0,0,28,"included"
"JinHua_213","JinHua_213_d3","Type I interferon response","Survival","D3",3,2,"M3",0.0904976371327809,14,"是","Lung/Chest","lung infection",0,0,28,"included"
"JinHua_213","JinHua_213_d3","Ribosome biogenesis","Survival","D3",3,2,"M4",0.66197184675011,14,"是","Lung/Chest","lung infection",0,0,28,"included"
"JinHua_214","JinHua_214_d3","PRR/TLR/TNF/NF-kB signaling","Survival","D3",3,2,"M1",0.32352460244403,37,"是","Abdomen","non-lung infection",0,0,28,"included"
"JinHua_214","JinHua_214_d3","Phagolysosome/autophagy","Survival","D3",3,2,"M2",0.306895346527737,37,"是","Abdomen","non-lung infection",0,0,28,"included"
"JinHua_214","JinHua_214_d3","Type I interferon response","Survival","D3",3,2,"M3",-0.0928582897833105,37,"是","Abdomen","non-lung infection",0,0,28,"included"
"JinHua_214","JinHua_214_d3","Ribosome biogenesis","Survival","D3",3,2,"M4",-0.45430661946507,37,"是","Abdomen","non-lung infection",0,0,28,"included"
"JinHua_215","JinHua_215_d3","PRR/TLR/TNF/NF-kB signaling","Survival","D3",3,2,"M1",-0.328351698341552,58,"是","Lung/Chest","lung infection",0,0,28,"included"
"JinHua_215","JinHua_215_d3","Phagolysosome/autophagy","Survival","D3",3,2,"M2",-0.142540641990567,58,"是","Lung/Chest","lung infection",0,0,28,"included"
"JinHua_215","JinHua_215_d3","Type I interferon response","Survival","D3",3,2,"M3",-0.212114755931072,58,"是","Lung/Chest","lung infection",0,0,28,"included"
"JinHua_215","JinHua_215_d3","Ribosome biogenesis","Survival","D3",3,2,"M4",0.529042559376518,58,"是","Lung/Chest","lung infection",0,0,28,"included"
"JinHua_216","JinHua_216_d3","PRR/TLR/TNF/NF-kB signaling","Survival","D3",3,2,"M1",0.0213402189266416,13,"是","Lung/Chest","lung infection",0,0,28,"included"
"JinHua_216","JinHua_216_d3","Phagolysosome/autophagy","Survival","D3",3,2,"M2",-0.289384579435762,13,"是","Lung/Chest","lung infection",0,0,28,"included"
"JinHua_216","JinHua_216_d3","Type I interferon response","Survival","D3",3,2,"M3",0.0873191536825851,13,"是","Lung/Chest","lung infection",0,0,28,"included"
"JinHua_216","JinHua_216_d3","Ribosome biogenesis","Survival","D3",3,2,"M4",-0.359119637278935,13,"是","Lung/Chest","lung infection",0,0,28,"included"
"JinHua_217","JinHua_217_d3","PRR/TLR/TNF/NF-kB signaling","Survival","D3",3,2,"M1",-0.333573247659294,21,"是","Abdomen","non-lung infection",0,0,28,"included"
"JinHua_217","JinHua_217_d3","Phagolysosome/autophagy","Survival","D3",3,2,"M2",-0.146981072865256,21,"是","Abdomen","non-lung infection",0,0,28,"included"
"JinHua_217","JinHua_217_d3","Type I interferon response","Survival","D3",3,2,"M3",-0.53388329558161,21,"是","Abdomen","non-lung infection",0,0,28,"included"
"JinHua_217","JinHua_217_d3","Ribosome biogenesis","Survival","D3",3,2,"M4",0.226652652080327,21,"是","Abdomen","non-lung infection",0,0,28,"included"
"JinHua_218","JinHua_218_d3","PRR/TLR/TNF/NF-kB signaling","Survival","D3",3,2,"M1",-0.644910225578141,8,"是","Others/Unknown","non-lung infection",0,0,28,"included"
"JinHua_218","JinHua_218_d3","Phagolysosome/autophagy","Survival","D3",3,2,"M2",-0.596307269883428,8,"是","Others/Unknown","non-lung infection",0,0,28,"included"
"JinHua_218","JinHua_218_d3","Type I interferon response","Survival","D3",3,2,"M3",-0.583881672674552,8,"是","Others/Unknown","non-lung infection",0,0,28,"included"
"JinHua_218","JinHua_218_d3","Ribosome biogenesis","Survival","D3",3,2,"M4",0.627341373482287,8,"是","Others/Unknown","non-lung infection",0,0,28,"included"
"JinHua_219","JinHua_219_d3","PRR/TLR/TNF/NF-kB signaling","Survival","D3",3,2,"M1",-0.500775765864262,20,"是","Lung/Chest","lung infection",0,0,28,"included"
"JinHua_219","JinHua_219_d3","Phagolysosome/autophagy","Survival","D3",3,2,"M2",-0.507456437590597,20,"是","Lung/Chest","lung infection",0,0,28,"included"
"JinHua_219","JinHua_219_d3","Type I interferon response","Survival","D3",3,2,"M3",-0.530790461243047,20,"是","Lung/Chest","lung infection",0,0,28,"included"
"JinHua_219","JinHua_219_d3","Ribosome biogenesis","Survival","D3",3,2,"M4",0.480691240494546,20,"是","Lung/Chest","lung infection",0,0,28,"included"
"JinHua_22","JinHua_22_d3","PRR/TLR/TNF/NF-kB signaling","Mortality","D3",3,2,"M1",-0.372936765567411,30,"否","Lung/Chest","lung infection",1,0,28,"included"
"JinHua_22","JinHua_22_d3","Phagolysosome/autophagy","Mortality","D3",3,2,"M2",-0.441643664706363,30,"否","Lung/Chest","lung infection",1,0,28,"included"
"JinHua_22","JinHua_22_d3","Type I interferon response","Mortality","D3",3,2,"M3",-0.43409768106168,30,"否","Lung/Chest","lung infection",1,0,28,"included"
"JinHua_22","JinHua_22_d3","Ribosome biogenesis","Mortality","D3",3,2,"M4",-0.427956162204146,30,"否","Lung/Chest","lung infection",1,0,28,"included"
"JinHua_220","JinHua_220_d3","PRR/TLR/TNF/NF-kB signaling","Survival","D3",3,2,"M1",0.439304053023928,21,"是","Urinary","non-lung infection",0,0,28,"included"
"JinHua_220","JinHua_220_d3","Phagolysosome/autophagy","Survival","D3",3,2,"M2",0.453438324618649,21,"是","Urinary","non-lung infection",0,0,28,"included"
"JinHua_220","JinHua_220_d3","Type I interferon response","Survival","D3",3,2,"M3",0.241525857793291,21,"是","Urinary","non-lung infection",0,0,28,"included"
"JinHua_220","JinHua_220_d3","Ribosome biogenesis","Survival","D3",3,2,"M4",-0.385922187663235,21,"是","Urinary","non-lung infection",0,0,28,"included"
"JinHua_221","JinHua_221_d3","PRR/TLR/TNF/NF-kB signaling","Survival","D3",3,2,"M1",-0.224940872981443,7,"是","Urinary","non-lung infection",0,0,28,"included"
"JinHua_221","JinHua_221_d3","Phagolysosome/autophagy","Survival","D3",3,2,"M2",-0.10959316915911,7,"是","Urinary","non-lung infection",0,0,28,"included"
"JinHua_221","JinHua_221_d3","Type I interferon response","Survival","D3",3,2,"M3",-0.404023813399553,7,"是","Urinary","non-lung infection",0,0,28,"included"
"JinHua_221","JinHua_221_d3","Ribosome biogenesis","Survival","D3",3,2,"M4",0.08933460076191,7,"是","Urinary","non-lung infection",0,0,28,"included"
"JinHua_222","JinHua_222_d3","PRR/TLR/TNF/NF-kB signaling","Survival","D3",3,2,"M1",-0.637259571946915,10,"是","Lung/Chest","lung infection",0,0,28,"included"
"JinHua_222","JinHua_222_d3","Phagolysosome/autophagy","Survival","D3",3,2,"M2",-0.633623535236206,10,"是","Lung/Chest","lung infection",0,0,28,"included"
"JinHua_222","JinHua_222_d3","Type I interferon response","Survival","D3",3,2,"M3",-0.445399895244104,10,"是","Lung/Chest","lung infection",0,0,28,"included"
"JinHua_222","JinHua_222_d3","Ribosome biogenesis","Survival","D3",3,2,"M4",0.762152033492359,10,"是","Lung/Chest","lung infection",0,0,28,"included"
"JinHua_223","JinHua_223_d3","PRR/TLR/TNF/NF-kB signaling","Survival","D3",3,2,"M1",-0.359945652558691,38,"是","Lung/Chest","lung infection",0,0,28,"included"
"JinHua_223","JinHua_223_d3","Phagolysosome/autophagy","Survival","D3",3,2,"M2",-0.392189963836401,38,"是","Lung/Chest","lung infection",0,0,28,"included"
"JinHua_223","JinHua_223_d3","Type I interferon response","Survival","D3",3,2,"M3",-0.58515088052992,38,"是","Lung/Chest","lung infection",0,0,28,"included"
"JinHua_223","JinHua_223_d3","Ribosome biogenesis","Survival","D3",3,2,"M4",0.402603905560512,38,"是","Lung/Chest","lung infection",0,0,28,"included"
"JinHua_224","JinHua_224_d3","PRR/TLR/TNF/NF-kB signaling","Survival","D3",3,2,"M1",-0.56232045081456,23,"是","Lung/Chest","lung infection",0,0,28,"included"
"JinHua_224","JinHua_224_d3","Phagolysosome/autophagy","Survival","D3",3,2,"M2",-0.594900145697058,23,"是","Lung/Chest","lung infection",0,0,28,"included"
"JinHua_224","JinHua_224_d3","Type I interferon response","Survival","D3",3,2,"M3",-0.542510085357595,23,"是","Lung/Chest","lung infection",0,0,28,"included"
"JinHua_224","JinHua_224_d3","Ribosome biogenesis","Survival","D3",3,2,"M4",0.64204117372844,23,"是","Lung/Chest","lung infection",0,0,28,"included"
"JinHua_225","JinHua_225_d3","PRR/TLR/TNF/NF-kB signaling","Mortality","D3",3,2,"M1",-0.0271212534072477,6,"否","Lung/Chest","lung infection",1,1,6,"included"
"JinHua_225","JinHua_225_d3","Phagolysosome/autophagy","Mortality","D3",3,2,"M2",-0.31653183185306,6,"否","Lung/Chest","lung infection",1,1,6,"included"
"JinHua_225","JinHua_225_d3","Type I interferon response","Mortality","D3",3,2,"M3",0.304262065500433,6,"否","Lung/Chest","lung infection",1,1,6,"included"
"JinHua_225","JinHua_225_d3","Ribosome biogenesis","Mortality","D3",3,2,"M4",0.425185462653259,6,"否","Lung/Chest","lung infection",1,1,6,"included"
"JinHua_23","JinHua_23_d3","PRR/TLR/TNF/NF-kB signaling","Survival","D3",3,2,"M1",-0.133038477471236,6.30833333333333,"是","Lung/Chest","lung infection",0,0,28,"included"
"JinHua_23","JinHua_23_d3","Phagolysosome/autophagy","Survival","D3",3,2,"M2",-0.147605723326931,6.30833333333333,"是","Lung/Chest","lung infection",0,0,28,"included"
"JinHua_23","JinHua_23_d3","Type I interferon response","Survival","D3",3,2,"M3",-0.328724590054213,6.30833333333333,"是","Lung/Chest","lung infection",0,0,28,"included"
"JinHua_23","JinHua_23_d3","Ribosome biogenesis","Survival","D3",3,2,"M4",-0.597126683048095,6.30833333333333,"是","Lung/Chest","lung infection",0,0,28,"included"
"JinHua_24","JinHua_24_d3","PRR/TLR/TNF/NF-kB signaling","Survival","D3",3,2,"M1",0.264392604470356,9.81666666666667,"是","Urinary","non-lung infection",0,0,28,"included"
"JinHua_24","JinHua_24_d3","Phagolysosome/autophagy","Survival","D3",3,2,"M2",0.329768917329932,9.81666666666667,"是","Urinary","non-lung infection",0,0,28,"included"
"JinHua_24","JinHua_24_d3","Type I interferon response","Survival","D3",3,2,"M3",-0.0502585577703729,9.81666666666667,"是","Urinary","non-lung infection",0,0,28,"included"
"JinHua_24","JinHua_24_d3","Ribosome biogenesis","Survival","D3",3,2,"M4",-0.555990690555049,9.81666666666667,"是","Urinary","non-lung infection",0,0,28,"included"
"JinHua_25","JinHua_25_d3","PRR/TLR/TNF/NF-kB signaling","Mortality","D3",3,2,"M1",-0.0110094481171815,26.3972222222222,"否","Lung/Chest","lung infection",1,1,26.3972222222222,"included"
"JinHua_25","JinHua_25_d3","Phagolysosome/autophagy","Mortality","D3",3,2,"M2",0.0546436420109421,26.3972222222222,"否","Lung/Chest","lung infection",1,1,26.3972222222222,"included"
"JinHua_25","JinHua_25_d3","Type I interferon response","Mortality","D3",3,2,"M3",-0.124359134286043,26.3972222222222,"否","Lung/Chest","lung infection",1,1,26.3972222222222,"included"
"JinHua_25","JinHua_25_d3","Ribosome biogenesis","Mortality","D3",3,2,"M4",-0.478268279716787,26.3972222222222,"否","Lung/Chest","lung infection",1,1,26.3972222222222,"included"
"JinHua_26","JinHua_26_d3","PRR/TLR/TNF/NF-kB signaling","Survival","D3",3,2,"M1",-0.472876482301485,13.1263888888889,"是","Urinary","non-lung infection",0,0,28,"included"
"JinHua_26","JinHua_26_d3","Phagolysosome/autophagy","Survival","D3",3,2,"M2",-0.448340424912364,13.1263888888889,"是","Urinary","non-lung infection",0,0,28,"included"
"JinHua_26","JinHua_26_d3","Type I interferon response","Survival","D3",3,2,"M3",-0.511500431216141,13.1263888888889,"是","Urinary","non-lung infection",0,0,28,"included"
"JinHua_26","JinHua_26_d3","Ribosome biogenesis","Survival","D3",3,2,"M4",-0.376507456219304,13.1263888888889,"是","Urinary","non-lung infection",0,0,28,"included"
"JinHua_27","JinHua_27_d3","PRR/TLR/TNF/NF-kB signaling","Mortality","D3",3,2,"M1",-0.00909356513302978,10,"否","Lung/Chest","lung infection",1,1,10,"included"
"JinHua_27","JinHua_27_d3","Phagolysosome/autophagy","Mortality","D3",3,2,"M2",-0.0718823105461905,10,"否","Lung/Chest","lung infection",1,1,10,"included"
"JinHua_27","JinHua_27_d3","Type I interferon response","Mortality","D3",3,2,"M3",-0.0957811462194731,10,"否","Lung/Chest","lung infection",1,1,10,"included"
"JinHua_27","JinHua_27_d3","Ribosome biogenesis","Mortality","D3",3,2,"M4",-0.602094895397767,10,"否","Lung/Chest","lung infection",1,1,10,"included"
"JinHua_28","JinHua_28_d3","PRR/TLR/TNF/NF-kB signaling","Survival","D3",3,2,"M1",-0.310403084052008,6,"是","Others/Unknown","non-lung infection",0,0,28,"included"
"JinHua_28","JinHua_28_d3","Phagolysosome/autophagy","Survival","D3",3,2,"M2",-0.104411031581265,6,"是","Others/Unknown","non-lung infection",0,0,28,"included"
"JinHua_28","JinHua_28_d3","Type I interferon response","Survival","D3",3,2,"M3",-0.389548870553094,6,"是","Others/Unknown","non-lung infection",0,0,28,"included"
"JinHua_28","JinHua_28_d3","Ribosome biogenesis","Survival","D3",3,2,"M4",-0.36298597914061,6,"是","Others/Unknown","non-lung infection",0,0,28,"included"
"JinHua_29","JinHua_29_d3","PRR/TLR/TNF/NF-kB signaling","Survival","D3",3,2,"M1",-0.135617804863533,22,"是","Biliary/Liver","non-lung infection",0,0,28,"included"
"JinHua_29","JinHua_29_d3","Phagolysosome/autophagy","Survival","D3",3,2,"M2",0.0335383557638965,22,"是","Biliary/Liver","non-lung infection",0,0,28,"included"
"JinHua_29","JinHua_29_d3","Type I interferon response","Survival","D3",3,2,"M3",-0.51824506519735,22,"是","Biliary/Liver","non-lung infection",0,0,28,"included"
"JinHua_29","JinHua_29_d3","Ribosome biogenesis","Survival","D3",3,2,"M4",-0.444352895435461,22,"是","Biliary/Liver","non-lung infection",0,0,28,"included"
"JinHua_3","JinHua_3_d3","PRR/TLR/TNF/NF-kB signaling","Survival","D3",3,2,"M1",-0.422560419475111,31,"是","Abdomen","non-lung infection",0,0,28,"included"
"JinHua_3","JinHua_3_d3","Phagolysosome/autophagy","Survival","D3",3,2,"M2",-0.383757420189408,31,"是","Abdomen","non-lung infection",0,0,28,"included"
"JinHua_3","JinHua_3_d3","Type I interferon response","Survival","D3",3,2,"M3",-0.337202388582019,31,"是","Abdomen","non-lung infection",0,0,28,"included"
"JinHua_3","JinHua_3_d3","Ribosome biogenesis","Survival","D3",3,2,"M4",0.380098758181592,31,"是","Abdomen","non-lung infection",0,0,28,"included"
"JinHua_30","JinHua_30_d3","PRR/TLR/TNF/NF-kB signaling","Survival","D3",3,2,"M1",0.174083887906808,9,"是","Urinary","non-lung infection",0,0,28,"included"
"JinHua_30","JinHua_30_d3","Phagolysosome/autophagy","Survival","D3",3,2,"M2",0.262469927933952,9,"是","Urinary","non-lung infection",0,0,28,"included"
"JinHua_30","JinHua_30_d3","Type I interferon response","Survival","D3",3,2,"M3",-0.158839938859756,9,"是","Urinary","non-lung infection",0,0,28,"included"
"JinHua_30","JinHua_30_d3","Ribosome biogenesis","Survival","D3",3,2,"M4",-0.38771730821354,9,"是","Urinary","non-lung infection",0,0,28,"included"
"JinHua_31","JinHua_31_d3","PRR/TLR/TNF/NF-kB signaling","Survival","D3",3,2,"M1",0.418788019728046,29,"是","Abdomen","non-lung infection",0,0,28,"included"
"JinHua_31","JinHua_31_d3","Phagolysosome/autophagy","Survival","D3",3,2,"M2",0.419350362658735,29,"是","Abdomen","non-lung infection",0,0,28,"included"
"JinHua_31","JinHua_31_d3","Type I interferon response","Survival","D3",3,2,"M3",-0.097865540570816,29,"是","Abdomen","non-lung infection",0,0,28,"included"
"JinHua_31","JinHua_31_d3","Ribosome biogenesis","Survival","D3",3,2,"M4",-0.638360821472061,29,"是","Abdomen","non-lung infection",0,0,28,"included"
"JinHua_32","JinHua_32_d3","PRR/TLR/TNF/NF-kB signaling","Mortality","D3",3,2,"M1",-0.21779601413842,6,"否","Lung/Chest","lung infection",1,1,6,"included"
"JinHua_32","JinHua_32_d3","Phagolysosome/autophagy","Mortality","D3",3,2,"M2",-0.3995871970023,6,"否","Lung/Chest","lung infection",1,1,6,"included"
"JinHua_32","JinHua_32_d3","Type I interferon response","Mortality","D3",3,2,"M3",0.0718277247492331,6,"否","Lung/Chest","lung infection",1,1,6,"included"
"JinHua_32","JinHua_32_d3","Ribosome biogenesis","Mortality","D3",3,2,"M4",-0.10141787591468,6,"否","Lung/Chest","lung infection",1,1,6,"included"
"JinHua_33","JinHua_33_d3","PRR/TLR/TNF/NF-kB signaling","Survival","D3",3,2,"M1",0.0332402562803537,45,"是","Lung/Chest","lung infection",0,0,28,"included"
"JinHua_33","JinHua_33_d3","Phagolysosome/autophagy","Survival","D3",3,2,"M2",-0.133465739826489,45,"是","Lung/Chest","lung infection",0,0,28,"included"
"JinHua_33","JinHua_33_d3","Type I interferon response","Survival","D3",3,2,"M3",0.192660060350236,45,"是","Lung/Chest","lung infection",0,0,28,"included"
"JinHua_33","JinHua_33_d3","Ribosome biogenesis","Survival","D3",3,2,"M4",-0.378401473905353,45,"是","Lung/Chest","lung infection",0,0,28,"included"
"JinHua_34","JinHua_34_d3","PRR/TLR/TNF/NF-kB signaling","Survival","D3",3,2,"M1",-0.5756190077331,17,"是","Lung/Chest","lung infection",0,0,28,"included"
"JinHua_34","JinHua_34_d3","Phagolysosome/autophagy","Survival","D3",3,2,"M2",-0.578529413901011,17,"是","Lung/Chest","lung infection",0,0,28,"included"
"JinHua_34","JinHua_34_d3","Type I interferon response","Survival","D3",3,2,"M3",-0.456630444844312,17,"是","Lung/Chest","lung infection",0,0,28,"included"
"JinHua_34","JinHua_34_d3","Ribosome biogenesis","Survival","D3",3,2,"M4",0.26899019814391,17,"是","Lung/Chest","lung infection",0,0,28,"included"
"JinHua_35","JinHua_35_d3","PRR/TLR/TNF/NF-kB signaling","Survival","D3",3,2,"M1",-0.276535294105225,24,"是","Lung/Chest","lung infection",0,0,28,"included"
"JinHua_35","JinHua_35_d3","Phagolysosome/autophagy","Survival","D3",3,2,"M2",-0.332132405752351,24,"是","Lung/Chest","lung infection",0,0,28,"included"
"JinHua_35","JinHua_35_d3","Type I interferon response","Survival","D3",3,2,"M3",-0.0847038567772687,24,"是","Lung/Chest","lung infection",0,0,28,"included"
"JinHua_35","JinHua_35_d3","Ribosome biogenesis","Survival","D3",3,2,"M4",-0.179109081174788,24,"是","Lung/Chest","lung infection",0,0,28,"included"
"JinHua_36","JinHua_36_d3","PRR/TLR/TNF/NF-kB signaling","Mortality","D3",3,2,"M1",-0.00113659900030849,5,"否","Lung/Chest","lung infection",1,1,5,"included"
"JinHua_36","JinHua_36_d3","Phagolysosome/autophagy","Mortality","D3",3,2,"M2",-0.0729887838328872,5,"否","Lung/Chest","lung infection",1,1,5,"included"
"JinHua_36","JinHua_36_d3","Type I interferon response","Mortality","D3",3,2,"M3",0.10876881372351,5,"否","Lung/Chest","lung infection",1,1,5,"included"
"JinHua_36","JinHua_36_d3","Ribosome biogenesis","Mortality","D3",3,2,"M4",-0.142324894494268,5,"否","Lung/Chest","lung infection",1,1,5,"included"
"JinHua_37","JinHua_37_d3","PRR/TLR/TNF/NF-kB signaling","Survival","D3",3,2,"M1",-0.274103169423266,32,"是","Brain","non-lung infection",0,0,28,"included"
"JinHua_37","JinHua_37_d3","Phagolysosome/autophagy","Survival","D3",3,2,"M2",0.141773408316358,32,"是","Brain","non-lung infection",0,0,28,"included"
"JinHua_37","JinHua_37_d3","Type I interferon response","Survival","D3",3,2,"M3",-0.398757669666301,32,"是","Brain","non-lung infection",0,0,28,"included"
"JinHua_37","JinHua_37_d3","Ribosome biogenesis","Survival","D3",3,2,"M4",-0.00275683505795482,32,"是","Brain","non-lung infection",0,0,28,"included"
"JinHua_38","JinHua_38_d3","PRR/TLR/TNF/NF-kB signaling","Survival","D3",3,2,"M1",0.548107279702704,24,"是","BloodStream","non-lung infection",0,0,28,"included"
"JinHua_38","JinHua_38_d3","Phagolysosome/autophagy","Survival","D3",3,2,"M2",0.65214792373918,24,"是","BloodStream","non-lung infection",0,0,28,"included"
"JinHua_38","JinHua_38_d3","Type I interferon response","Survival","D3",3,2,"M3",0.218995152391424,24,"是","BloodStream","non-lung infection",0,0,28,"included"
"JinHua_38","JinHua_38_d3","Ribosome biogenesis","Survival","D3",3,2,"M4",-0.497667180927925,24,"是","BloodStream","non-lung infection",0,0,28,"included"
"JinHua_39","JinHua_39_d3","PRR/TLR/TNF/NF-kB signaling","Survival","D3",3,2,"M1",0.42618901473136,9,"是","Lung/Chest","lung infection",0,0,28,"included"
"JinHua_39","JinHua_39_d3","Phagolysosome/autophagy","Survival","D3",3,2,"M2",0.429242655131554,9,"是","Lung/Chest","lung infection",0,0,28,"included"
"JinHua_39","JinHua_39_d3","Type I interferon response","Survival","D3",3,2,"M3",0.119437872338014,9,"是","Lung/Chest","lung infection",0,0,28,"included"
"JinHua_39","JinHua_39_d3","Ribosome biogenesis","Survival","D3",3,2,"M4",-0.36844363433555,9,"是","Lung/Chest","lung infection",0,0,28,"included"
"JinHua_4","JinHua_4_d3","PRR/TLR/TNF/NF-kB signaling","Survival","D3",3,2,"M1",-0.638000588985914,10,"是","Abdomen","non-lung infection",0,0,28,"included"
"JinHua_4","JinHua_4_d3","Phagolysosome/autophagy","Survival","D3",3,2,"M2",-0.628591001667089,10,"是","Abdomen","non-lung infection",0,0,28,"included"
"JinHua_4","JinHua_4_d3","Type I interferon response","Survival","D3",3,2,"M3",-0.568969540637261,10,"是","Abdomen","non-lung infection",0,0,28,"included"
"JinHua_4","JinHua_4_d3","Ribosome biogenesis","Survival","D3",3,2,"M4",0.602292510148636,10,"是","Abdomen","non-lung infection",0,0,28,"included"
"JinHua_40","JinHua_40_d3","PRR/TLR/TNF/NF-kB signaling","Survival","D3",3,2,"M1",0.0594248893257682,9,"是","Lung/Chest","lung infection",0,0,28,"included"
"JinHua_40","JinHua_40_d3","Phagolysosome/autophagy","Survival","D3",3,2,"M2",0.0936530999491103,9,"是","Lung/Chest","lung infection",0,0,28,"included"
"JinHua_40","JinHua_40_d3","Type I interferon response","Survival","D3",3,2,"M3",-0.302728286069248,9,"是","Lung/Chest","lung infection",0,0,28,"included"
"JinHua_40","JinHua_40_d3","Ribosome biogenesis","Survival","D3",3,2,"M4",0.403473414765489,9,"是","Lung/Chest","lung infection",0,0,28,"included"
"JinHua_41","JinHua_41_d3","PRR/TLR/TNF/NF-kB signaling","Survival","D3",3,2,"M1",-0.384938697288008,10,"是","Lung/Chest","lung infection",0,0,28,"included"
"JinHua_41","JinHua_41_d3","Phagolysosome/autophagy","Survival","D3",3,2,"M2",-0.499692155685463,10,"是","Lung/Chest","lung infection",0,0,28,"included"
"JinHua_41","JinHua_41_d3","Type I interferon response","Survival","D3",3,2,"M3",0.19237012906676,10,"是","Lung/Chest","lung infection",0,0,28,"included"
"JinHua_41","JinHua_41_d3","Ribosome biogenesis","Survival","D3",3,2,"M4",0.622534005684329,10,"是","Lung/Chest","lung infection",0,0,28,"included"
"JinHua_42","JinHua_42_d3","PRR/TLR/TNF/NF-kB signaling","Survival","D3",3,2,"M1",-0.346353180279037,19,"是","Lung/Chest","lung infection",0,0,28,"included"
"JinHua_42","JinHua_42_d3","Phagolysosome/autophagy","Survival","D3",3,2,"M2",-0.0625732678530903,19,"是","Lung/Chest","lung infection",0,0,28,"included"
"JinHua_42","JinHua_42_d3","Type I interferon response","Survival","D3",3,2,"M3",-0.0685175678382614,19,"是","Lung/Chest","lung infection",0,0,28,"included"
"JinHua_42","JinHua_42_d3","Ribosome biogenesis","Survival","D3",3,2,"M4",0.476379642435396,19,"是","Lung/Chest","lung infection",0,0,28,"included"
"JinHua_43","JinHua_43_d3","PRR/TLR/TNF/NF-kB signaling","Survival","D3",3,2,"M1",-0.459011740669605,12,"是","Lung/Chest","lung infection",0,0,28,"included"
"JinHua_43","JinHua_43_d3","Phagolysosome/autophagy","Survival","D3",3,2,"M2",-0.523450793886531,12,"是","Lung/Chest","lung infection",0,0,28,"included"
"JinHua_43","JinHua_43_d3","Type I interferon response","Survival","D3",3,2,"M3",-0.167062847851563,12,"是","Lung/Chest","lung infection",0,0,28,"included"
"JinHua_43","JinHua_43_d3","Ribosome biogenesis","Survival","D3",3,2,"M4",0.576246796372179,12,"是","Lung/Chest","lung infection",0,0,28,"included"
"JinHua_44","JinHua_44_d3","PRR/TLR/TNF/NF-kB signaling","Survival","D3",3,2,"M1",-0.397883886385331,10,"是","Brain","non-lung infection",0,0,28,"included"
"JinHua_44","JinHua_44_d3","Phagolysosome/autophagy","Survival","D3",3,2,"M2",-0.394814696000855,10,"是","Brain","non-lung infection",0,0,28,"included"
"JinHua_44","JinHua_44_d3","Type I interferon response","Survival","D3",3,2,"M3",-0.495088652325013,10,"是","Brain","non-lung infection",0,0,28,"included"
"JinHua_44","JinHua_44_d3","Ribosome biogenesis","Survival","D3",3,2,"M4",0.436201170700188,10,"是","Brain","non-lung infection",0,0,28,"included"
"JinHua_45","JinHua_45_d3","PRR/TLR/TNF/NF-kB signaling","Survival","D3",3,2,"M1",0.392920869519954,10,"是","Lung/Chest","lung infection",0,0,28,"included"
"JinHua_45","JinHua_45_d3","Phagolysosome/autophagy","Survival","D3",3,2,"M2",0.272066577313779,10,"是","Lung/Chest","lung infection",0,0,28,"included"
"JinHua_45","JinHua_45_d3","Type I interferon response","Survival","D3",3,2,"M3",0.479926539642734,10,"是","Lung/Chest","lung infection",0,0,28,"included"
"JinHua_45","JinHua_45_d3","Ribosome biogenesis","Survival","D3",3,2,"M4",-0.296025090302355,10,"是","Lung/Chest","lung infection",0,0,28,"included"
"JinHua_46","JinHua_46_d3","PRR/TLR/TNF/NF-kB signaling","Survival","D3",3,2,"M1",0.396026766565751,13,"是","Urinary","non-lung infection",0,0,28,"included"
"JinHua_46","JinHua_46_d3","Phagolysosome/autophagy","Survival","D3",3,2,"M2",0.414468200675108,13,"是","Urinary","non-lung infection",0,0,28,"included"
"JinHua_46","JinHua_46_d3","Type I interferon response","Survival","D3",3,2,"M3",0.400541215948037,13,"是","Urinary","non-lung infection",0,0,28,"included"
"JinHua_46","JinHua_46_d3","Ribosome biogenesis","Survival","D3",3,2,"M4",-0.29644990889387,13,"是","Urinary","non-lung infection",0,0,28,"included"
"JinHua_48","JinHua_48_d3","PRR/TLR/TNF/NF-kB signaling","Survival","D3",3,2,"M1",0.430036521593349,19,"是","Lung/Chest","lung infection",0,0,28,"included"
"JinHua_48","JinHua_48_d3","Phagolysosome/autophagy","Survival","D3",3,2,"M2",0.295160863116325,19,"是","Lung/Chest","lung infection",0,0,28,"included"
"JinHua_48","JinHua_48_d3","Type I interferon response","Survival","D3",3,2,"M3",0.549662902444531,19,"是","Lung/Chest","lung infection",0,0,28,"included"
"JinHua_48","JinHua_48_d3","Ribosome biogenesis","Survival","D3",3,2,"M4",-0.231528780748747,19,"是","Lung/Chest","lung infection",0,0,28,"included"
"JinHua_49","JinHua_49_d3","PRR/TLR/TNF/NF-kB signaling","Survival","D3",3,2,"M1",-0.463109792501194,22,"是","BloodStream","non-lung infection",0,0,28,"included"
"JinHua_49","JinHua_49_d3","Phagolysosome/autophagy","Survival","D3",3,2,"M2",-0.530646093433597,22,"是","BloodStream","non-lung infection",0,0,28,"included"
"JinHua_49","JinHua_49_d3","Type I interferon response","Survival","D3",3,2,"M3",0.00884961579091065,22,"是","BloodStream","non-lung infection",0,0,28,"included"
"JinHua_49","JinHua_49_d3","Ribosome biogenesis","Survival","D3",3,2,"M4",0.675388711260435,22,"是","BloodStream","non-lung infection",0,0,28,"included"
"JinHua_5","JinHua_5_d3","PRR/TLR/TNF/NF-kB signaling","Survival","D3",3,2,"M1",-0.544914108650653,13,"是","Lung/Chest","lung infection",0,0,28,"included"
"JinHua_5","JinHua_5_d3","Phagolysosome/autophagy","Survival","D3",3,2,"M2",-0.415541585204852,13,"是","Lung/Chest","lung infection",0,0,28,"included"
"JinHua_5","JinHua_5_d3","Type I interferon response","Survival","D3",3,2,"M3",-0.511218780559905,13,"是","Lung/Chest","lung infection",0,0,28,"included"
"JinHua_5","JinHua_5_d3","Ribosome biogenesis","Survival","D3",3,2,"M4",0.51393541643414,13,"是","Lung/Chest","lung infection",0,0,28,"included"
"JinHua_50","JinHua_50_d3","PRR/TLR/TNF/NF-kB signaling","Survival","D3",3,2,"M1",0.476809966220993,21,"是","Abdomen","non-lung infection",0,0,28,"included"
"JinHua_50","JinHua_50_d3","Phagolysosome/autophagy","Survival","D3",3,2,"M2",0.515242406738257,21,"是","Abdomen","non-lung infection",0,0,28,"included"
"JinHua_50","JinHua_50_d3","Type I interferon response","Survival","D3",3,2,"M3",0.223652961281152,21,"是","Abdomen","non-lung infection",0,0,28,"included"
"JinHua_50","JinHua_50_d3","Ribosome biogenesis","Survival","D3",3,2,"M4",-0.405991008050465,21,"是","Abdomen","non-lung infection",0,0,28,"included"
"JinHua_51","JinHua_51_d3","PRR/TLR/TNF/NF-kB signaling","Survival","D3",3,2,"M1",0.264679659684019,21,"是","Lung/Chest","lung infection",0,0,28,"included"
"JinHua_51","JinHua_51_d3","Phagolysosome/autophagy","Survival","D3",3,2,"M2",0.280259013765702,21,"是","Lung/Chest","lung infection",0,0,28,"included"
"JinHua_51","JinHua_51_d3","Type I interferon response","Survival","D3",3,2,"M3",0.456208003396129,21,"是","Lung/Chest","lung infection",0,0,28,"included"
"JinHua_51","JinHua_51_d3","Ribosome biogenesis","Survival","D3",3,2,"M4",-0.344493343841045,21,"是","Lung/Chest","lung infection",0,0,28,"included"
"JinHua_52","JinHua_52_d3","PRR/TLR/TNF/NF-kB signaling","Mortality","D3",3,2,"M1",0.174820433357229,42,"否","Lung/Chest","lung infection",1,0,28,"included"
"JinHua_52","JinHua_52_d3","Phagolysosome/autophagy","Mortality","D3",3,2,"M2",0.123969976405386,42,"否","Lung/Chest","lung infection",1,0,28,"included"
"JinHua_52","JinHua_52_d3","Type I interferon response","Mortality","D3",3,2,"M3",0.294144038845158,42,"否","Lung/Chest","lung infection",1,0,28,"included"
"JinHua_52","JinHua_52_d3","Ribosome biogenesis","Mortality","D3",3,2,"M4",0.218894294980533,42,"否","Lung/Chest","lung infection",1,0,28,"included"
"JinHua_53","JinHua_53_d3","PRR/TLR/TNF/NF-kB signaling","Survival","D3",3,2,"M1",-0.495176801512255,1,"是","Abdomen","non-lung infection",0,0,28,"included"
"JinHua_53","JinHua_53_d3","Phagolysosome/autophagy","Survival","D3",3,2,"M2",-0.379124660124201,1,"是","Abdomen","non-lung infection",0,0,28,"included"
"JinHua_53","JinHua_53_d3","Type I interferon response","Survival","D3",3,2,"M3",-0.480900852013106,1,"是","Abdomen","non-lung infection",0,0,28,"included"
"JinHua_53","JinHua_53_d3","Ribosome biogenesis","Survival","D3",3,2,"M4",0.248417747187745,1,"是","Abdomen","non-lung infection",0,0,28,"included"
"JinHua_54","JinHua_54_d3","PRR/TLR/TNF/NF-kB signaling","Survival","D3",3,2,"M1",0.463477525888529,30,"是","Abdomen","non-lung infection",0,0,28,"included"
"JinHua_54","JinHua_54_d3","Phagolysosome/autophagy","Survival","D3",3,2,"M2",0.455365512924494,30,"是","Abdomen","non-lung infection",0,0,28,"included"
"JinHua_54","JinHua_54_d3","Type I interferon response","Survival","D3",3,2,"M3",0.00755266223205275,30,"是","Abdomen","non-lung infection",0,0,28,"included"
"JinHua_54","JinHua_54_d3","Ribosome biogenesis","Survival","D3",3,2,"M4",-0.451876552770904,30,"是","Abdomen","non-lung infection",0,0,28,"included"
"JinHua_55","JinHua_55_d3","PRR/TLR/TNF/NF-kB signaling","Survival","D3",3,2,"M1",-0.247514578511568,4,"是","Lung/Chest","lung infection",0,0,28,"included"
"JinHua_55","JinHua_55_d3","Phagolysosome/autophagy","Survival","D3",3,2,"M2",-0.0862983398520644,4,"是","Lung/Chest","lung infection",0,0,28,"included"
"JinHua_55","JinHua_55_d3","Type I interferon response","Survival","D3",3,2,"M3",-0.281887488595021,4,"是","Lung/Chest","lung infection",0,0,28,"included"
"JinHua_55","JinHua_55_d3","Ribosome biogenesis","Survival","D3",3,2,"M4",0.556241659426876,4,"是","Lung/Chest","lung infection",0,0,28,"included"
"JinHua_56","JinHua_56_d3","PRR/TLR/TNF/NF-kB signaling","Survival","D3",3,2,"M1",0.13081223218027,10,"是","Abdomen","non-lung infection",0,0,28,"included"
"JinHua_56","JinHua_56_d3","Phagolysosome/autophagy","Survival","D3",3,2,"M2",0.148760035563875,10,"是","Abdomen","non-lung infection",0,0,28,"included"
"JinHua_56","JinHua_56_d3","Type I interferon response","Survival","D3",3,2,"M3",-0.273021932603808,10,"是","Abdomen","non-lung infection",0,0,28,"included"
"JinHua_56","JinHua_56_d3","Ribosome biogenesis","Survival","D3",3,2,"M4",-0.198749787927251,10,"是","Abdomen","non-lung infection",0,0,28,"included"
"JinHua_57","JinHua_57_d3","PRR/TLR/TNF/NF-kB signaling","Survival","D3",3,2,"M1",0.126553188910203,73,"是","Abdomen","non-lung infection",0,0,28,"included"
"JinHua_57","JinHua_57_d3","Phagolysosome/autophagy","Survival","D3",3,2,"M2",-0.0215512762408086,73,"是","Abdomen","non-lung infection",0,0,28,"included"
"JinHua_57","JinHua_57_d3","Type I interferon response","Survival","D3",3,2,"M3",-0.0752144023244372,73,"是","Abdomen","non-lung infection",0,0,28,"included"
"JinHua_57","JinHua_57_d3","Ribosome biogenesis","Survival","D3",3,2,"M4",0.254254164646017,73,"是","Abdomen","non-lung infection",0,0,28,"included"
"JinHua_59","JinHua_59_d3","PRR/TLR/TNF/NF-kB signaling","Survival","D3",3,2,"M1",0.493797800083327,9,"是","Lung/Chest","lung infection",0,0,28,"included"
"JinHua_59","JinHua_59_d3","Phagolysosome/autophagy","Survival","D3",3,2,"M2",0.423915280905206,9,"是","Lung/Chest","lung infection",0,0,28,"included"
"JinHua_59","JinHua_59_d3","Type I interferon response","Survival","D3",3,2,"M3",0.410560531180523,9,"是","Lung/Chest","lung infection",0,0,28,"included"
"JinHua_59","JinHua_59_d3","Ribosome biogenesis","Survival","D3",3,2,"M4",0.0221334198646632,9,"是","Lung/Chest","lung infection",0,0,28,"included"
"JinHua_6","JinHua_6_d3","PRR/TLR/TNF/NF-kB signaling","Survival","D3",3,2,"M1",-0.601523411431135,10,"是","Abdomen","non-lung infection",0,0,28,"included"
"JinHua_6","JinHua_6_d3","Phagolysosome/autophagy","Survival","D3",3,2,"M2",-0.585659305700186,10,"是","Abdomen","non-lung infection",0,0,28,"included"
"JinHua_6","JinHua_6_d3","Type I interferon response","Survival","D3",3,2,"M3",-0.653215355462498,10,"是","Abdomen","non-lung infection",0,0,28,"included"
"JinHua_6","JinHua_6_d3","Ribosome biogenesis","Survival","D3",3,2,"M4",0.537509763686323,10,"是","Abdomen","non-lung infection",0,0,28,"included"
"JinHua_60","JinHua_60_d3","PRR/TLR/TNF/NF-kB signaling","Mortality","D3",3,2,"M1",0.665770919899933,6,"否","Lung/Chest","lung infection",1,1,6,"included"
"JinHua_60","JinHua_60_d3","Phagolysosome/autophagy","Mortality","D3",3,2,"M2",0.640283387612816,6,"否","Lung/Chest","lung infection",1,1,6,"included"
"JinHua_60","JinHua_60_d3","Type I interferon response","Mortality","D3",3,2,"M3",0.721353884263904,6,"否","Lung/Chest","lung infection",1,1,6,"included"
"JinHua_60","JinHua_60_d3","Ribosome biogenesis","Mortality","D3",3,2,"M4",-0.628014104595771,6,"否","Lung/Chest","lung infection",1,1,6,"included"
"JinHua_61","JinHua_61_d3","PRR/TLR/TNF/NF-kB signaling","Survival","D3",3,2,"M1",-0.106502333556786,22,"是","Urinary","non-lung infection",0,0,28,"included"
"JinHua_61","JinHua_61_d3","Phagolysosome/autophagy","Survival","D3",3,2,"M2",0.0603954054268143,22,"是","Urinary","non-lung infection",0,0,28,"included"
"JinHua_61","JinHua_61_d3","Type I interferon response","Survival","D3",3,2,"M3",0.0506737207030534,22,"是","Urinary","non-lung infection",0,0,28,"included"
"JinHua_61","JinHua_61_d3","Ribosome biogenesis","Survival","D3",3,2,"M4",0.218080401728674,22,"是","Urinary","non-lung infection",0,0,28,"included"
"JinHua_62","JinHua_62_d3","PRR/TLR/TNF/NF-kB signaling","Survival","D3",3,2,"M1",-0.590740171000956,8,"是","Abdomen","non-lung infection",0,0,28,"included"
"JinHua_62","JinHua_62_d3","Phagolysosome/autophagy","Survival","D3",3,2,"M2",-0.540885490181775,8,"是","Abdomen","non-lung infection",0,0,28,"included"
"JinHua_62","JinHua_62_d3","Type I interferon response","Survival","D3",3,2,"M3",-0.609881254927672,8,"是","Abdomen","non-lung infection",0,0,28,"included"
"JinHua_62","JinHua_62_d3","Ribosome biogenesis","Survival","D3",3,2,"M4",0.60116850199081,8,"是","Abdomen","non-lung infection",0,0,28,"included"
"JinHua_63","JinHua_63_d3","PRR/TLR/TNF/NF-kB signaling","Mortality","D3",3,2,"M1",0.277642663343633,81,"否","SoftTissue","non-lung infection",1,0,28,"included"
"JinHua_63","JinHua_63_d3","Phagolysosome/autophagy","Mortality","D3",3,2,"M2",0.00617277688428491,81,"否","SoftTissue","non-lung infection",1,0,28,"included"
"JinHua_63","JinHua_63_d3","Type I interferon response","Mortality","D3",3,2,"M3",0.14642091345516,81,"否","SoftTissue","non-lung infection",1,0,28,"included"
"JinHua_63","JinHua_63_d3","Ribosome biogenesis","Mortality","D3",3,2,"M4",0.166245566431965,81,"否","SoftTissue","non-lung infection",1,0,28,"included"
"JinHua_64","JinHua_64_d3","PRR/TLR/TNF/NF-kB signaling","Survival","D3",3,2,"M1",0.0881516379863877,10,"是","Abdomen","non-lung infection",0,0,28,"included"
"JinHua_64","JinHua_64_d3","Phagolysosome/autophagy","Survival","D3",3,2,"M2",0.172727542213221,10,"是","Abdomen","non-lung infection",0,0,28,"included"
"JinHua_64","JinHua_64_d3","Type I interferon response","Survival","D3",3,2,"M3",-0.1676083047713,10,"是","Abdomen","non-lung infection",0,0,28,"included"
"JinHua_64","JinHua_64_d3","Ribosome biogenesis","Survival","D3",3,2,"M4",0.159742278470455,10,"是","Abdomen","non-lung infection",0,0,28,"included"
"JinHua_65","JinHua_65_d3","PRR/TLR/TNF/NF-kB signaling","Survival","D3",3,2,"M1",0.271676462412139,35,"是","Lung/Chest","lung infection",0,0,28,"included"
"JinHua_65","JinHua_65_d3","Phagolysosome/autophagy","Survival","D3",3,2,"M2",0.245576059190011,35,"是","Lung/Chest","lung infection",0,0,28,"included"
"JinHua_65","JinHua_65_d3","Type I interferon response","Survival","D3",3,2,"M3",0.375508593388776,35,"是","Lung/Chest","lung infection",0,0,28,"included"
"JinHua_65","JinHua_65_d3","Ribosome biogenesis","Survival","D3",3,2,"M4",-0.167588859086154,35,"是","Lung/Chest","lung infection",0,0,28,"included"
"JinHua_66","JinHua_66_d3","PRR/TLR/TNF/NF-kB signaling","Survival","D3",3,2,"M1",0.29261091213732,19,"是","Abdomen","non-lung infection",0,0,28,"included"
"JinHua_66","JinHua_66_d3","Phagolysosome/autophagy","Survival","D3",3,2,"M2",0.397325379094702,19,"是","Abdomen","non-lung infection",0,0,28,"included"
"JinHua_66","JinHua_66_d3","Type I interferon response","Survival","D3",3,2,"M3",0.210486394197252,19,"是","Abdomen","non-lung infection",0,0,28,"included"
"JinHua_66","JinHua_66_d3","Ribosome biogenesis","Survival","D3",3,2,"M4",0.329805273089101,19,"是","Abdomen","non-lung infection",0,0,28,"included"
"JinHua_67","JinHua_67_d3","PRR/TLR/TNF/NF-kB signaling","Survival","D3",3,2,"M1",0.594058409869792,56,"是","Lung/Chest","lung infection",0,0,28,"included"
"JinHua_67","JinHua_67_d3","Phagolysosome/autophagy","Survival","D3",3,2,"M2",0.590346827741124,56,"是","Lung/Chest","lung infection",0,0,28,"included"
"JinHua_67","JinHua_67_d3","Type I interferon response","Survival","D3",3,2,"M3",0.488739576494874,56,"是","Lung/Chest","lung infection",0,0,28,"included"
"JinHua_67","JinHua_67_d3","Ribosome biogenesis","Survival","D3",3,2,"M4",-0.698335871884937,56,"是","Lung/Chest","lung infection",0,0,28,"included"
"JinHua_68","JinHua_68_d3","PRR/TLR/TNF/NF-kB signaling","Survival","D3",3,2,"M1",-0.28745266583696,14,"是","Lung/Chest","lung infection",0,0,28,"included"
"JinHua_68","JinHua_68_d3","Phagolysosome/autophagy","Survival","D3",3,2,"M2",-0.122632578954908,14,"是","Lung/Chest","lung infection",0,0,28,"included"
"JinHua_68","JinHua_68_d3","Type I interferon response","Survival","D3",3,2,"M3",-0.351299695643739,14,"是","Lung/Chest","lung infection",0,0,28,"included"
"JinHua_68","JinHua_68_d3","Ribosome biogenesis","Survival","D3",3,2,"M4",0.233354204262918,14,"是","Lung/Chest","lung infection",0,0,28,"included"
"JinHua_69","JinHua_69_d3","PRR/TLR/TNF/NF-kB signaling","Survival","D3",3,2,"M1",-0.38138918299396,42,"是","Lung/Chest","lung infection",0,0,28,"included"
"JinHua_69","JinHua_69_d3","Phagolysosome/autophagy","Survival","D3",3,2,"M2",-0.228691591680815,42,"是","Lung/Chest","lung infection",0,0,28,"included"
"JinHua_69","JinHua_69_d3","Type I interferon response","Survival","D3",3,2,"M3",-0.466482867029112,42,"是","Lung/Chest","lung infection",0,0,28,"included"
"JinHua_69","JinHua_69_d3","Ribosome biogenesis","Survival","D3",3,2,"M4",0.307667442474831,42,"是","Lung/Chest","lung infection",0,0,28,"included"
"JinHua_7","JinHua_7_d3","PRR/TLR/TNF/NF-kB signaling","Mortality","D3",3,2,"M1",-0.527539303073026,72,"否","Abdomen","non-lung infection",1,0,28,"included"
"JinHua_7","JinHua_7_d3","Phagolysosome/autophagy","Mortality","D3",3,2,"M2",-0.458631509422676,72,"否","Abdomen","non-lung infection",1,0,28,"included"
"JinHua_7","JinHua_7_d3","Type I interferon response","Mortality","D3",3,2,"M3",-0.48744343797111,72,"否","Abdomen","non-lung infection",1,0,28,"included"
"JinHua_7","JinHua_7_d3","Ribosome biogenesis","Mortality","D3",3,2,"M4",0.557460050326756,72,"否","Abdomen","non-lung infection",1,0,28,"included"
"JinHua_70","JinHua_70_d3","PRR/TLR/TNF/NF-kB signaling","Survival","D3",3,2,"M1",0.502232901091073,67,"是","Abdomen","non-lung infection",0,0,28,"included"
"JinHua_70","JinHua_70_d3","Phagolysosome/autophagy","Survival","D3",3,2,"M2",0.523730227011596,67,"是","Abdomen","non-lung infection",0,0,28,"included"
"JinHua_70","JinHua_70_d3","Type I interferon response","Survival","D3",3,2,"M3",0.393568397699976,67,"是","Abdomen","non-lung infection",0,0,28,"included"
"JinHua_70","JinHua_70_d3","Ribosome biogenesis","Survival","D3",3,2,"M4",-0.410220702933788,67,"是","Abdomen","non-lung infection",0,0,28,"included"
"JinHua_72","JinHua_72_d3","PRR/TLR/TNF/NF-kB signaling","Survival","D3",3,2,"M1",0.405723510202343,17,"是","Urinary","non-lung infection",0,0,28,"included"
"JinHua_72","JinHua_72_d3","Phagolysosome/autophagy","Survival","D3",3,2,"M2",0.331368667713004,17,"是","Urinary","non-lung infection",0,0,28,"included"
"JinHua_72","JinHua_72_d3","Type I interferon response","Survival","D3",3,2,"M3",0.474295124330054,17,"是","Urinary","non-lung infection",0,0,28,"included"
"JinHua_72","JinHua_72_d3","Ribosome biogenesis","Survival","D3",3,2,"M4",0.0321418036404434,17,"是","Urinary","non-lung infection",0,0,28,"included"
"JinHua_73","JinHua_73_d3","PRR/TLR/TNF/NF-kB signaling","Survival","D3",3,2,"M1",0.385461302092024,16,"是","Abdomen","non-lung infection",0,0,28,"included"
"JinHua_73","JinHua_73_d3","Phagolysosome/autophagy","Survival","D3",3,2,"M2",0.450990204607132,16,"是","Abdomen","non-lung infection",0,0,28,"included"
"JinHua_73","JinHua_73_d3","Type I interferon response","Survival","D3",3,2,"M3",-0.0791608990281313,16,"是","Abdomen","non-lung infection",0,0,28,"included"
"JinHua_73","JinHua_73_d3","Ribosome biogenesis","Survival","D3",3,2,"M4",-0.0336868301167488,16,"是","Abdomen","non-lung infection",0,0,28,"included"
"JinHua_74","JinHua_74_d3","PRR/TLR/TNF/NF-kB signaling","Survival","D3",3,2,"M1",-0.313985734077375,23,"是","Urinary","non-lung infection",0,0,28,"included"
"JinHua_74","JinHua_74_d3","Phagolysosome/autophagy","Survival","D3",3,2,"M2",-0.157407159539111,23,"是","Urinary","non-lung infection",0,0,28,"included"
"JinHua_74","JinHua_74_d3","Type I interferon response","Survival","D3",3,2,"M3",-0.455554564879621,23,"是","Urinary","non-lung infection",0,0,28,"included"
"JinHua_74","JinHua_74_d3","Ribosome biogenesis","Survival","D3",3,2,"M4",0.385509813626198,23,"是","Urinary","non-lung infection",0,0,28,"included"
"JinHua_75","JinHua_75_d3","PRR/TLR/TNF/NF-kB signaling","Survival","D3",3,2,"M1",-0.176922753773817,8,"是","Abdomen","non-lung infection",0,0,28,"included"
"JinHua_75","JinHua_75_d3","Phagolysosome/autophagy","Survival","D3",3,2,"M2",-0.276689053312387,8,"是","Abdomen","non-lung infection",0,0,28,"included"
"JinHua_75","JinHua_75_d3","Type I interferon response","Survival","D3",3,2,"M3",0.0454144453630843,8,"是","Abdomen","non-lung infection",0,0,28,"included"
"JinHua_75","JinHua_75_d3","Ribosome biogenesis","Survival","D3",3,2,"M4",-0.502984537487505,8,"是","Abdomen","non-lung infection",0,0,28,"included"
"JinHua_76","JinHua_76_d3","PRR/TLR/TNF/NF-kB signaling","Survival","D3",3,2,"M1",0.484168591587941,18,"是","Abdomen","non-lung infection",0,0,28,"included"
"JinHua_76","JinHua_76_d3","Phagolysosome/autophagy","Survival","D3",3,2,"M2",0.491719489329587,18,"是","Abdomen","non-lung infection",0,0,28,"included"
"JinHua_76","JinHua_76_d3","Type I interferon response","Survival","D3",3,2,"M3",-0.0840036829290078,18,"是","Abdomen","non-lung infection",0,0,28,"included"
"JinHua_76","JinHua_76_d3","Ribosome biogenesis","Survival","D3",3,2,"M4",-0.656720034335494,18,"是","Abdomen","non-lung infection",0,0,28,"included"
"JinHua_77","JinHua_77_d3","PRR/TLR/TNF/NF-kB signaling","Survival","D3",3,2,"M1",0.563771635845501,21,"是","Lung/Chest","lung infection",0,0,28,"included"
"JinHua_77","JinHua_77_d3","Phagolysosome/autophagy","Survival","D3",3,2,"M2",0.514341873958977,21,"是","Lung/Chest","lung infection",0,0,28,"included"
"JinHua_77","JinHua_77_d3","Type I interferon response","Survival","D3",3,2,"M3",0.415129669582323,21,"是","Lung/Chest","lung infection",0,0,28,"included"
"JinHua_77","JinHua_77_d3","Ribosome biogenesis","Survival","D3",3,2,"M4",-0.526592060148016,21,"是","Lung/Chest","lung infection",0,0,28,"included"
"JinHua_78","JinHua_78_d3","PRR/TLR/TNF/NF-kB signaling","Survival","D3",3,2,"M1",-0.114426547049976,34,"是","Abdomen","non-lung infection",0,0,28,"included"
"JinHua_78","JinHua_78_d3","Phagolysosome/autophagy","Survival","D3",3,2,"M2",-0.124225007143079,34,"是","Abdomen","non-lung infection",0,0,28,"included"
"JinHua_78","JinHua_78_d3","Type I interferon response","Survival","D3",3,2,"M3",-0.238790764815556,34,"是","Abdomen","non-lung infection",0,0,28,"included"
"JinHua_78","JinHua_78_d3","Ribosome biogenesis","Survival","D3",3,2,"M4",-0.274080394438334,34,"是","Abdomen","non-lung infection",0,0,28,"included"
"JinHua_79","JinHua_79_d3","PRR/TLR/TNF/NF-kB signaling","Survival","D3",3,2,"M1",-0.051640730728965,11,"是","Lung/Chest","lung infection",0,0,28,"included"
"JinHua_79","JinHua_79_d3","Phagolysosome/autophagy","Survival","D3",3,2,"M2",0.150440462602823,11,"是","Lung/Chest","lung infection",0,0,28,"included"
"JinHua_79","JinHua_79_d3","Type I interferon response","Survival","D3",3,2,"M3",-0.217227419978574,11,"是","Lung/Chest","lung infection",0,0,28,"included"
"JinHua_79","JinHua_79_d3","Ribosome biogenesis","Survival","D3",3,2,"M4",0.247212120923426,11,"是","Lung/Chest","lung infection",0,0,28,"included"
"JinHua_8","JinHua_8_d3","PRR/TLR/TNF/NF-kB signaling","Survival","D3",3,2,"M1",-0.616813275107933,24,"是","Lung/Chest","lung infection",0,0,28,"included"
"JinHua_8","JinHua_8_d3","Phagolysosome/autophagy","Survival","D3",3,2,"M2",-0.623142432039865,24,"是","Lung/Chest","lung infection",0,0,28,"included"
"JinHua_8","JinHua_8_d3","Type I interferon response","Survival","D3",3,2,"M3",-0.546196697770836,24,"是","Lung/Chest","lung infection",0,0,28,"included"
"JinHua_8","JinHua_8_d3","Ribosome biogenesis","Survival","D3",3,2,"M4",0.532239153223025,24,"是","Lung/Chest","lung infection",0,0,28,"included"
"JinHua_80","JinHua_80_d3","PRR/TLR/TNF/NF-kB signaling","Survival","D3",3,2,"M1",0.658617232639771,29,"是","Lung/Chest","lung infection",0,0,28,"included"
"JinHua_80","JinHua_80_d3","Phagolysosome/autophagy","Survival","D3",3,2,"M2",0.686756472031187,29,"是","Lung/Chest","lung infection",0,0,28,"included"
"JinHua_80","JinHua_80_d3","Type I interferon response","Survival","D3",3,2,"M3",0.311248971331506,29,"是","Lung/Chest","lung infection",0,0,28,"included"
"JinHua_80","JinHua_80_d3","Ribosome biogenesis","Survival","D3",3,2,"M4",-0.702928053654478,29,"是","Lung/Chest","lung infection",0,0,28,"included"
"JinHua_81","JinHua_81_d3","PRR/TLR/TNF/NF-kB signaling","Survival","D3",3,2,"M1",0.305953569724573,14,"是","Lung/Chest","lung infection",0,0,28,"included"
"JinHua_81","JinHua_81_d3","Phagolysosome/autophagy","Survival","D3",3,2,"M2",0.462628092551078,14,"是","Lung/Chest","lung infection",0,0,28,"included"
"JinHua_81","JinHua_81_d3","Type I interferon response","Survival","D3",3,2,"M3",-0.267912807329472,14,"是","Lung/Chest","lung infection",0,0,28,"included"
"JinHua_81","JinHua_81_d3","Ribosome biogenesis","Survival","D3",3,2,"M4",-0.417614516087305,14,"是","Lung/Chest","lung infection",0,0,28,"included"
"JinHua_82","JinHua_82_d3","PRR/TLR/TNF/NF-kB signaling","Survival","D3",3,2,"M1",0.225581116712907,26,"是","Lung/Chest","lung infection",0,0,28,"included"
"JinHua_82","JinHua_82_d3","Phagolysosome/autophagy","Survival","D3",3,2,"M2",0.0163023811065484,26,"是","Lung/Chest","lung infection",0,0,28,"included"
"JinHua_82","JinHua_82_d3","Type I interferon response","Survival","D3",3,2,"M3",-0.106104871093939,26,"是","Lung/Chest","lung infection",0,0,28,"included"
"JinHua_82","JinHua_82_d3","Ribosome biogenesis","Survival","D3",3,2,"M4",-0.0985367083714219,26,"是","Lung/Chest","lung infection",0,0,28,"included"
"JinHua_83","JinHua_83_d3","PRR/TLR/TNF/NF-kB signaling","Mortality","D3",3,2,"M1",0.546127820780336,10,"否","Lung/Chest","lung infection",1,1,10,"included"
"JinHua_83","JinHua_83_d3","Phagolysosome/autophagy","Mortality","D3",3,2,"M2",0.553688791330582,10,"否","Lung/Chest","lung infection",1,1,10,"included"
"JinHua_83","JinHua_83_d3","Type I interferon response","Mortality","D3",3,2,"M3",0.56711092794908,10,"否","Lung/Chest","lung infection",1,1,10,"included"
"JinHua_83","JinHua_83_d3","Ribosome biogenesis","Mortality","D3",3,2,"M4",-0.456397348137993,10,"否","Lung/Chest","lung infection",1,1,10,"included"
"JinHua_84","JinHua_84_d3","PRR/TLR/TNF/NF-kB signaling","Mortality","D3",3,2,"M1",0.596286364270901,12,"否","Lung/Chest","lung infection",1,1,12,"included"
"JinHua_84","JinHua_84_d3","Phagolysosome/autophagy","Mortality","D3",3,2,"M2",0.470793466659506,12,"否","Lung/Chest","lung infection",1,1,12,"included"
"JinHua_84","JinHua_84_d3","Type I interferon response","Mortality","D3",3,2,"M3",0.493291185071599,12,"否","Lung/Chest","lung infection",1,1,12,"included"
"JinHua_84","JinHua_84_d3","Ribosome biogenesis","Mortality","D3",3,2,"M4",-0.655074730083098,12,"否","Lung/Chest","lung infection",1,1,12,"included"
"JinHua_86","JinHua_86_d3","PRR/TLR/TNF/NF-kB signaling","Survival","D3",3,2,"M1",-0.59806248783039,13,"是","Brain","non-lung infection",0,0,28,"included"
"JinHua_86","JinHua_86_d3","Phagolysosome/autophagy","Survival","D3",3,2,"M2",-0.565489724701154,13,"是","Brain","non-lung infection",0,0,28,"included"
"JinHua_86","JinHua_86_d3","Type I interferon response","Survival","D3",3,2,"M3",-0.396799677574261,13,"是","Brain","non-lung infection",0,0,28,"included"
"JinHua_86","JinHua_86_d3","Ribosome biogenesis","Survival","D3",3,2,"M4",0.464038034225118,13,"是","Brain","non-lung infection",0,0,28,"included"
"JinHua_87","JinHua_87_d3","PRR/TLR/TNF/NF-kB signaling","Survival","D3",3,2,"M1",0.634509359185418,23,"是","Abdomen","non-lung infection",0,0,28,"included"
"JinHua_87","JinHua_87_d3","Phagolysosome/autophagy","Survival","D3",3,2,"M2",0.607193397255536,23,"是","Abdomen","non-lung infection",0,0,28,"included"
"JinHua_87","JinHua_87_d3","Type I interferon response","Survival","D3",3,2,"M3",0.57952414542338,23,"是","Abdomen","non-lung infection",0,0,28,"included"
"JinHua_87","JinHua_87_d3","Ribosome biogenesis","Survival","D3",3,2,"M4",-0.593890715416746,23,"是","Abdomen","non-lung infection",0,0,28,"included"
"JinHua_88","JinHua_88_d3","PRR/TLR/TNF/NF-kB signaling","Survival","D3",3,2,"M1",-0.166417393030406,9,"是","Lung/Chest","lung infection",0,0,28,"included"
"JinHua_88","JinHua_88_d3","Phagolysosome/autophagy","Survival","D3",3,2,"M2",-0.402522360119393,9,"是","Lung/Chest","lung infection",0,0,28,"included"
"JinHua_88","JinHua_88_d3","Type I interferon response","Survival","D3",3,2,"M3",-0.147639639310547,9,"是","Lung/Chest","lung infection",0,0,28,"included"
"JinHua_88","JinHua_88_d3","Ribosome biogenesis","Survival","D3",3,2,"M4",-0.117944311463285,9,"是","Lung/Chest","lung infection",0,0,28,"included"
"JinHua_89","JinHua_89_d3","PRR/TLR/TNF/NF-kB signaling","Survival","D3",3,2,"M1",-0.396260133791548,6,"是","Lung/Chest","lung infection",0,0,28,"included"
"JinHua_89","JinHua_89_d3","Phagolysosome/autophagy","Survival","D3",3,2,"M2",-0.358553642936005,6,"是","Lung/Chest","lung infection",0,0,28,"included"
"JinHua_89","JinHua_89_d3","Type I interferon response","Survival","D3",3,2,"M3",-0.24577965894474,6,"是","Lung/Chest","lung infection",0,0,28,"included"
"JinHua_89","JinHua_89_d3","Ribosome biogenesis","Survival","D3",3,2,"M4",0.606027269882934,6,"是","Lung/Chest","lung infection",0,0,28,"included"
"JinHua_9","JinHua_9_d3","PRR/TLR/TNF/NF-kB signaling","Survival","D3",3,2,"M1",-0.539246515324814,16,"是","Abdomen","non-lung infection",0,0,28,"included"
"JinHua_9","JinHua_9_d3","Phagolysosome/autophagy","Survival","D3",3,2,"M2",-0.417259592493477,16,"是","Abdomen","non-lung infection",0,0,28,"included"
"JinHua_9","JinHua_9_d3","Type I interferon response","Survival","D3",3,2,"M3",-0.493426067023284,16,"是","Abdomen","non-lung infection",0,0,28,"included"
"JinHua_9","JinHua_9_d3","Ribosome biogenesis","Survival","D3",3,2,"M4",0.599330534025358,16,"是","Abdomen","non-lung infection",0,0,28,"included"
"JinHua_90","JinHua_90_d3","PRR/TLR/TNF/NF-kB signaling","Survival","D3",3,2,"M1",0.378562378537548,18,"是","SoftTissue","non-lung infection",0,0,28,"included"
"JinHua_90","JinHua_90_d3","Phagolysosome/autophagy","Survival","D3",3,2,"M2",0.3495809407774,18,"是","SoftTissue","non-lung infection",0,0,28,"included"
"JinHua_90","JinHua_90_d3","Type I interferon response","Survival","D3",3,2,"M3",0.345489572995387,18,"是","SoftTissue","non-lung infection",0,0,28,"included"
"JinHua_90","JinHua_90_d3","Ribosome biogenesis","Survival","D3",3,2,"M4",-0.201978903278751,18,"是","SoftTissue","non-lung infection",0,0,28,"included"
"JinHua_91","JinHua_91_d3","PRR/TLR/TNF/NF-kB signaling","Mortality","D3",3,2,"M1",0.270691145820472,16,"否","Lung/Chest","lung infection",1,1,16,"included"
"JinHua_91","JinHua_91_d3","Phagolysosome/autophagy","Mortality","D3",3,2,"M2",0.260171004598699,16,"否","Lung/Chest","lung infection",1,1,16,"included"
"JinHua_91","JinHua_91_d3","Type I interferon response","Mortality","D3",3,2,"M3",-0.120376640490674,16,"否","Lung/Chest","lung infection",1,1,16,"included"
"JinHua_91","JinHua_91_d3","Ribosome biogenesis","Mortality","D3",3,2,"M4",-0.431901124834516,16,"否","Lung/Chest","lung infection",1,1,16,"included"
"JinHua_92","JinHua_92_d3","PRR/TLR/TNF/NF-kB signaling","Survival","D3",3,2,"M1",-0.635661499628649,6,"是","Urinary","non-lung infection",0,0,28,"included"
"JinHua_92","JinHua_92_d3","Phagolysosome/autophagy","Survival","D3",3,2,"M2",-0.618791808060071,6,"是","Urinary","non-lung infection",0,0,28,"included"
"JinHua_92","JinHua_92_d3","Type I interferon response","Survival","D3",3,2,"M3",-0.475815097920183,6,"是","Urinary","non-lung infection",0,0,28,"included"
"JinHua_92","JinHua_92_d3","Ribosome biogenesis","Survival","D3",3,2,"M4",0.698024977584702,6,"是","Urinary","non-lung infection",0,0,28,"included"
"JinHua_93","JinHua_93_d3","PRR/TLR/TNF/NF-kB signaling","Mortality","D3",3,2,"M1",0.496144489403275,4,"否","Biliary/Liver","non-lung infection",1,1,4,"included"
"JinHua_93","JinHua_93_d3","Phagolysosome/autophagy","Mortality","D3",3,2,"M2",0.512418500718523,4,"否","Biliary/Liver","non-lung infection",1,1,4,"included"
"JinHua_93","JinHua_93_d3","Type I interferon response","Mortality","D3",3,2,"M3",0.185767215065128,4,"否","Biliary/Liver","non-lung infection",1,1,4,"included"
"JinHua_93","JinHua_93_d3","Ribosome biogenesis","Mortality","D3",3,2,"M4",-0.366277771375875,4,"否","Biliary/Liver","non-lung infection",1,1,4,"included"
"JinHua_94","JinHua_94_d3","PRR/TLR/TNF/NF-kB signaling","Survival","D3",3,2,"M1",0.591228115099935,3,"是","Lung/Chest","lung infection",0,0,28,"included"
"JinHua_94","JinHua_94_d3","Phagolysosome/autophagy","Survival","D3",3,2,"M2",0.527917031264608,3,"是","Lung/Chest","lung infection",0,0,28,"included"
"JinHua_94","JinHua_94_d3","Type I interferon response","Survival","D3",3,2,"M3",0.595158687160939,3,"是","Lung/Chest","lung infection",0,0,28,"included"
"JinHua_94","JinHua_94_d3","Ribosome biogenesis","Survival","D3",3,2,"M4",-0.310052138799555,3,"是","Lung/Chest","lung infection",0,0,28,"included"
"JinHua_95","JinHua_95_d3","PRR/TLR/TNF/NF-kB signaling","Survival","D3",3,2,"M1",-0.110458863154211,10,"是","Lung/Chest","lung infection",0,0,28,"included"
"JinHua_95","JinHua_95_d3","Phagolysosome/autophagy","Survival","D3",3,2,"M2",-0.0901389526191989,10,"是","Lung/Chest","lung infection",0,0,28,"included"
"JinHua_95","JinHua_95_d3","Type I interferon response","Survival","D3",3,2,"M3",-0.367632214167446,10,"是","Lung/Chest","lung infection",0,0,28,"included"
"JinHua_95","JinHua_95_d3","Ribosome biogenesis","Survival","D3",3,2,"M4",0.290495822498927,10,"是","Lung/Chest","lung infection",0,0,28,"included"
"JinHua_96","JinHua_96_d3","PRR/TLR/TNF/NF-kB signaling","Survival","D3",3,2,"M1",0.449526088779608,21,"是","Urinary","non-lung infection",0,0,28,"included"
"JinHua_96","JinHua_96_d3","Phagolysosome/autophagy","Survival","D3",3,2,"M2",0.548747841415559,21,"是","Urinary","non-lung infection",0,0,28,"included"
"JinHua_96","JinHua_96_d3","Type I interferon response","Survival","D3",3,2,"M3",0.150458062671929,21,"是","Urinary","non-lung infection",0,0,28,"included"
"JinHua_96","JinHua_96_d3","Ribosome biogenesis","Survival","D3",3,2,"M4",-0.584100059580991,21,"是","Urinary","non-lung infection",0,0,28,"included"
"JinHua_97","JinHua_97_d3","PRR/TLR/TNF/NF-kB signaling","Survival","D3",3,2,"M1",-0.388771593689501,13,"是","Lung/Chest","lung infection",0,0,28,"included"
"JinHua_97","JinHua_97_d3","Phagolysosome/autophagy","Survival","D3",3,2,"M2",-0.400542105316219,13,"是","Lung/Chest","lung infection",0,0,28,"included"
"JinHua_97","JinHua_97_d3","Type I interferon response","Survival","D3",3,2,"M3",-0.420391566945339,13,"是","Lung/Chest","lung infection",0,0,28,"included"
"JinHua_97","JinHua_97_d3","Ribosome biogenesis","Survival","D3",3,2,"M4",0.522818221039892,13,"是","Lung/Chest","lung infection",0,0,28,"included"
"JinHua_99","JinHua_99_d3","PRR/TLR/TNF/NF-kB signaling","Survival","D3",3,2,"M1",0.378917103837981,20,"是","Lung/Chest","lung infection",0,0,28,"included"
"JinHua_99","JinHua_99_d3","Phagolysosome/autophagy","Survival","D3",3,2,"M2",0.425639791956107,20,"是","Lung/Chest","lung infection",0,0,28,"included"
"JinHua_99","JinHua_99_d3","Type I interferon response","Survival","D3",3,2,"M3",0.488805048870928,20,"是","Lung/Chest","lung infection",0,0,28,"included"
"JinHua_99","JinHua_99_d3","Ribosome biogenesis","Survival","D3",3,2,"M4",-0.0439608873331463,20,"是","Lung/Chest","lung infection",0,0,28,"included"
"SSR_1","SSR_1_d3","PRR/TLR/TNF/NF-kB signaling","Survival","D3",3,2,"M1",0.125113635749571,3.44166666666667,"是","泌尿系感染","non-lung infection",0,0,28,"included"
"SSR_1","SSR_1_d3","Phagolysosome/autophagy","Survival","D3",3,2,"M2",0.400097222817721,3.44166666666667,"是","泌尿系感染","non-lung infection",0,0,28,"included"
"SSR_1","SSR_1_d3","Type I interferon response","Survival","D3",3,2,"M3",-0.0950862790177502,3.44166666666667,"是","泌尿系感染","non-lung infection",0,0,28,"included"
"SSR_1","SSR_1_d3","Ribosome biogenesis","Survival","D3",3,2,"M4",-0.486936155278186,3.44166666666667,"是","泌尿系感染","non-lung infection",0,0,28,"included"
"SSR_10","SSR_10_d3","PRR/TLR/TNF/NF-kB signaling","Survival","D3",3,2,"M1",0.49514997389175,48.0513888888889,"是","胆源性","non-lung infection",0,0,28,"included"
"SSR_10","SSR_10_d3","Phagolysosome/autophagy","Survival","D3",3,2,"M2",0.599371516309942,48.0513888888889,"是","胆源性","non-lung infection",0,0,28,"included"
"SSR_10","SSR_10_d3","Type I interferon response","Survival","D3",3,2,"M3",0.350578118265811,48.0513888888889,"是","胆源性","non-lung infection",0,0,28,"included"
"SSR_10","SSR_10_d3","Ribosome biogenesis","Survival","D3",3,2,"M4",-0.256480225623602,48.0513888888889,"是","胆源性","non-lung infection",0,0,28,"included"
"SSR_101","SSR_101_d3","PRR/TLR/TNF/NF-kB signaling","Survival","D3",3,2,"M1",0.421739239295506,15.94375,"是","肺","lung infection",0,0,28,"included"
"SSR_101","SSR_101_d3","Phagolysosome/autophagy","Survival","D3",3,2,"M2",0.468858330727506,15.94375,"是","肺","lung infection",0,0,28,"included"
"SSR_101","SSR_101_d3","Type I interferon response","Survival","D3",3,2,"M3",-0.160184307173963,15.94375,"是","肺","lung infection",0,0,28,"included"
"SSR_101","SSR_101_d3","Ribosome biogenesis","Survival","D3",3,2,"M4",0.051395299787531,15.94375,"是","肺","lung infection",0,0,28,"included"
"SSR_102","SSR_102_d3","PRR/TLR/TNF/NF-kB signaling","Survival","D3",3,2,"M1",0.506242708189492,13.1194444444444,"是","泌尿系","non-lung infection",0,0,28,"included"
"SSR_102","SSR_102_d3","Phagolysosome/autophagy","Survival","D3",3,2,"M2",0.539790901218688,13.1194444444444,"是","泌尿系","non-lung infection",0,0,28,"included"
"SSR_102","SSR_102_d3","Type I interferon response","Survival","D3",3,2,"M3",0.0623966087233068,13.1194444444444,"是","泌尿系","non-lung infection",0,0,28,"included"
"SSR_102","SSR_102_d3","Ribosome biogenesis","Survival","D3",3,2,"M4",-0.432656172528902,13.1194444444444,"是","泌尿系","non-lung infection",0,0,28,"included"
"SSR_103","SSR_103_d3","PRR/TLR/TNF/NF-kB signaling","Survival","D3",3,2,"M1",0.526706454810152,17.8270833333333,"是","血源性、输尿管","non-lung infection",0,0,28,"included"
"SSR_103","SSR_103_d3","Phagolysosome/autophagy","Survival","D3",3,2,"M2",0.6271595021183,17.8270833333333,"是","血源性、输尿管","non-lung infection",0,0,28,"included"
"SSR_103","SSR_103_d3","Type I interferon response","Survival","D3",3,2,"M3",0.32902522113755,17.8270833333333,"是","血源性、输尿管","non-lung infection",0,0,28,"included"
"SSR_103","SSR_103_d3","Ribosome biogenesis","Survival","D3",3,2,"M4",-0.428727677290505,17.8270833333333,"是","血源性、输尿管","non-lung infection",0,0,28,"included"
"SSR_105","SSR_105_d3","PRR/TLR/TNF/NF-kB signaling","Survival","D3",3,2,"M1",-0.0546093836340368,12.9472222222222,"是","腹部","non-lung infection",0,0,28,"included"
"SSR_105","SSR_105_d3","Phagolysosome/autophagy","Survival","D3",3,2,"M2",0.14677085594641,12.9472222222222,"是","腹部","non-lung infection",0,0,28,"included"
"SSR_105","SSR_105_d3","Type I interferon response","Survival","D3",3,2,"M3",0.165036286785063,12.9472222222222,"是","腹部","non-lung infection",0,0,28,"included"
"SSR_105","SSR_105_d3","Ribosome biogenesis","Survival","D3",3,2,"M4",-0.0579159511651873,12.9472222222222,"是","腹部","non-lung infection",0,0,28,"included"
"SSR_106","SSR_106_d3","PRR/TLR/TNF/NF-kB signaling","Survival","D3",3,2,"M1",-0.444353283379196,15.3368055555556,"是","肺部","lung infection",0,0,28,"included"
"SSR_106","SSR_106_d3","Phagolysosome/autophagy","Survival","D3",3,2,"M2",-0.326496702541288,15.3368055555556,"是","肺部","lung infection",0,0,28,"included"
"SSR_106","SSR_106_d3","Type I interferon response","Survival","D3",3,2,"M3",-0.114892329989812,15.3368055555556,"是","肺部","lung infection",0,0,28,"included"
"SSR_106","SSR_106_d3","Ribosome biogenesis","Survival","D3",3,2,"M4",0.573892074492811,15.3368055555556,"是","肺部","lung infection",0,0,28,"included"
"SSR_108","SSR_108_d3","PRR/TLR/TNF/NF-kB signaling","Survival","D3",3,2,"M1",0.432104028196654,12.5770833333333,"是","泌尿道、腹部","non-lung infection",0,0,28,"included"
"SSR_108","SSR_108_d3","Phagolysosome/autophagy","Survival","D3",3,2,"M2",0.562266959222187,12.5770833333333,"是","泌尿道、腹部","non-lung infection",0,0,28,"included"
"SSR_108","SSR_108_d3","Type I interferon response","Survival","D3",3,2,"M3",-0.0958235308141616,12.5770833333333,"是","泌尿道、腹部","non-lung infection",0,0,28,"included"
"SSR_108","SSR_108_d3","Ribosome biogenesis","Survival","D3",3,2,"M4",-0.42618346114924,12.5770833333333,"是","泌尿道、腹部","non-lung infection",0,0,28,"included"
"SSR_11","SSR_11_d3","PRR/TLR/TNF/NF-kB signaling","Mortality","D3",3,2,"M1",-0.328745187704577,8.39444444444444,"否","肺部","lung infection",1,1,8.39444444444444,"included"
"SSR_11","SSR_11_d3","Phagolysosome/autophagy","Mortality","D3",3,2,"M2",-0.36824077078312,8.39444444444444,"否","肺部","lung infection",1,1,8.39444444444444,"included"
"SSR_11","SSR_11_d3","Type I interferon response","Mortality","D3",3,2,"M3",-0.0574031563542506,8.39444444444444,"否","肺部","lung infection",1,1,8.39444444444444,"included"
"SSR_11","SSR_11_d3","Ribosome biogenesis","Mortality","D3",3,2,"M4",0.319531667831904,8.39444444444444,"否","肺部","lung infection",1,1,8.39444444444444,"included"
"SSR_111","SSR_111_d3","PRR/TLR/TNF/NF-kB signaling","Survival","D3",3,2,"M1",0.0633297150886603,8.54513888888889,"是","胆管","non-lung infection",0,0,28,"included"
"SSR_111","SSR_111_d3","Phagolysosome/autophagy","Survival","D3",3,2,"M2",0.131161072342703,8.54513888888889,"是","胆管","non-lung infection",0,0,28,"included"
"SSR_111","SSR_111_d3","Type I interferon response","Survival","D3",3,2,"M3",0.0209291180648694,8.54513888888889,"是","胆管","non-lung infection",0,0,28,"included"
"SSR_111","SSR_111_d3","Ribosome biogenesis","Survival","D3",3,2,"M4",-0.328559046431169,8.54513888888889,"是","胆管","non-lung infection",0,0,28,"included"
"SSR_114","SSR_114_d3","PRR/TLR/TNF/NF-kB signaling","Survival","D3",3,2,"M1",0.0815181824394169,8.23611111111111,"是","泌尿道","non-lung infection",0,0,28,"included"
"SSR_114","SSR_114_d3","Phagolysosome/autophagy","Survival","D3",3,2,"M2",-0.227874079243251,8.23611111111111,"是","泌尿道","non-lung infection",0,0,28,"included"
"SSR_114","SSR_114_d3","Type I interferon response","Survival","D3",3,2,"M3",0.340218423035996,8.23611111111111,"是","泌尿道","non-lung infection",0,0,28,"included"
"SSR_114","SSR_114_d3","Ribosome biogenesis","Survival","D3",3,2,"M4",0.0553373356567045,8.23611111111111,"是","泌尿道","non-lung infection",0,0,28,"included"
"SSR_115","SSR_115_d3","PRR/TLR/TNF/NF-kB signaling","Mortality","D3",3,2,"M1",0.452721345649252,32.4576388888889,"否","肺部","lung infection",1,0,28,"included"
"SSR_115","SSR_115_d3","Phagolysosome/autophagy","Mortality","D3",3,2,"M2",0.326694146453484,32.4576388888889,"否","肺部","lung infection",1,0,28,"included"
"SSR_115","SSR_115_d3","Type I interferon response","Mortality","D3",3,2,"M3",0.428637648172861,32.4576388888889,"否","肺部","lung infection",1,0,28,"included"
"SSR_115","SSR_115_d3","Ribosome biogenesis","Mortality","D3",3,2,"M4",-0.52885903678014,32.4576388888889,"否","肺部","lung infection",1,0,28,"included"
"SSR_117","SSR_117_d3","PRR/TLR/TNF/NF-kB signaling","Survival","D3",3,2,"M1",-0.4149729488036,10,"是","胆管","non-lung infection",0,0,28,"included"
"SSR_117","SSR_117_d3","Phagolysosome/autophagy","Survival","D3",3,2,"M2",-0.0309830287329484,10,"是","胆管","non-lung infection",0,0,28,"included"
"SSR_117","SSR_117_d3","Type I interferon response","Survival","D3",3,2,"M3",-0.515640968463932,10,"是","胆管","non-lung infection",0,0,28,"included"
"SSR_117","SSR_117_d3","Ribosome biogenesis","Survival","D3",3,2,"M4",0.448871136189338,10,"是","胆管","non-lung infection",0,0,28,"included"
"SSR_118","SSR_118_d3","PRR/TLR/TNF/NF-kB signaling","Survival","D3",3,2,"M1",0.295773267409294,8.00694444444444,"是","输尿管","non-lung infection",0,0,28,"included"
"SSR_118","SSR_118_d3","Phagolysosome/autophagy","Survival","D3",3,2,"M2",0.502355923529872,8.00694444444444,"是","输尿管","non-lung infection",0,0,28,"included"
"SSR_118","SSR_118_d3","Type I interferon response","Survival","D3",3,2,"M3",0.262339755970139,8.00694444444444,"是","输尿管","non-lung infection",0,0,28,"included"
"SSR_118","SSR_118_d3","Ribosome biogenesis","Survival","D3",3,2,"M4",-0.169584149581185,8.00694444444444,"是","输尿管","non-lung infection",0,0,28,"included"
"SSR_12","SSR_12_d3","PRR/TLR/TNF/NF-kB signaling","Survival","D3",3,2,"M1",-0.0843616013044165,18.4409722222222,"是","颅内感染？胃肠道感染？血流感染？","non-lung infection",0,0,28,"included"
"SSR_12","SSR_12_d3","Phagolysosome/autophagy","Survival","D3",3,2,"M2",-0.119867503777008,18.4409722222222,"是","颅内感染？胃肠道感染？血流感染？","non-lung infection",0,0,28,"included"
"SSR_12","SSR_12_d3","Type I interferon response","Survival","D3",3,2,"M3",0.257735628240729,18.4409722222222,"是","颅内感染？胃肠道感染？血流感染？","non-lung infection",0,0,28,"included"
"SSR_12","SSR_12_d3","Ribosome biogenesis","Survival","D3",3,2,"M4",-0.24309278449717,18.4409722222222,"是","颅内感染？胃肠道感染？血流感染？","non-lung infection",0,0,28,"included"
"SSR_120","SSR_120_d3","PRR/TLR/TNF/NF-kB signaling","Survival","D3",3,2,"M1",-0.462369942873304,13.3333333333333,"是","血源性","non-lung infection",0,0,28,"included"
"SSR_120","SSR_120_d3","Phagolysosome/autophagy","Survival","D3",3,2,"M2",-0.508469510157139,13.3333333333333,"是","血源性","non-lung infection",0,0,28,"included"
"SSR_120","SSR_120_d3","Type I interferon response","Survival","D3",3,2,"M3",-0.0896004604414317,13.3333333333333,"是","血源性","non-lung infection",0,0,28,"included"
"SSR_120","SSR_120_d3","Ribosome biogenesis","Survival","D3",3,2,"M4",0.69296927657026,13.3333333333333,"是","血源性","non-lung infection",0,0,28,"included"
"SSR_121","SSR_121_d3","PRR/TLR/TNF/NF-kB signaling","Survival","D3",3,2,"M1",-0.34289044283037,11.9604166666667,"是","肝脏","non-lung infection",0,0,28,"included"
"SSR_121","SSR_121_d3","Phagolysosome/autophagy","Survival","D3",3,2,"M2",-0.165502188419953,11.9604166666667,"是","肝脏","non-lung infection",0,0,28,"included"
"SSR_121","SSR_121_d3","Type I interferon response","Survival","D3",3,2,"M3",-0.240770602191076,11.9604166666667,"是","肝脏","non-lung infection",0,0,28,"included"
"SSR_121","SSR_121_d3","Ribosome biogenesis","Survival","D3",3,2,"M4",0.284212744379464,11.9604166666667,"是","肝脏","non-lung infection",0,0,28,"included"
"SSR_124","SSR_124_d3","PRR/TLR/TNF/NF-kB signaling","Survival","D3",3,2,"M1",0.459714484050657,26.0694444444444,"是","腹腔","non-lung infection",0,0,28,"included"
"SSR_124","SSR_124_d3","Phagolysosome/autophagy","Survival","D3",3,2,"M2",0.601279283246856,26.0694444444444,"是","腹腔","non-lung infection",0,0,28,"included"
"SSR_124","SSR_124_d3","Type I interferon response","Survival","D3",3,2,"M3",-0.094222940746221,26.0694444444444,"是","腹腔","non-lung infection",0,0,28,"included"
"SSR_124","SSR_124_d3","Ribosome biogenesis","Survival","D3",3,2,"M4",-0.344376467387469,26.0694444444444,"是","腹腔","non-lung infection",0,0,28,"included"
"SSR_125","SSR_125_d3","PRR/TLR/TNF/NF-kB signaling","Survival","D3",3,2,"M1",-0.09923856315363,18.6548611111111,"是","泌尿道","non-lung infection",0,0,28,"included"
"SSR_125","SSR_125_d3","Phagolysosome/autophagy","Survival","D3",3,2,"M2",0.124013396134786,18.6548611111111,"是","泌尿道","non-lung infection",0,0,28,"included"
"SSR_125","SSR_125_d3","Type I interferon response","Survival","D3",3,2,"M3",0.0220836877681198,18.6548611111111,"是","泌尿道","non-lung infection",0,0,28,"included"
"SSR_125","SSR_125_d3","Ribosome biogenesis","Survival","D3",3,2,"M4",0.25851052412455,18.6548611111111,"是","泌尿道","non-lung infection",0,0,28,"included"
"SSR_127","SSR_127_d3","PRR/TLR/TNF/NF-kB signaling","Survival","D3",3,2,"M1",0.594933879071778,14.2256944444444,"是","肺部","lung infection",0,0,28,"included"
"SSR_127","SSR_127_d3","Phagolysosome/autophagy","Survival","D3",3,2,"M2",0.427740068329945,14.2256944444444,"是","肺部","lung infection",0,0,28,"included"
"SSR_127","SSR_127_d3","Type I interferon response","Survival","D3",3,2,"M3",0.566772739604383,14.2256944444444,"是","肺部","lung infection",0,0,28,"included"
"SSR_127","SSR_127_d3","Ribosome biogenesis","Survival","D3",3,2,"M4",-0.236860034687269,14.2256944444444,"是","肺部","lung infection",0,0,28,"included"
"SSR_128","SSR_128_d3","PRR/TLR/TNF/NF-kB signaling","Survival","D3",3,2,"M1",0.356128158556812,17.9701388888889,"是","泌尿道","non-lung infection",0,0,28,"included"
"SSR_128","SSR_128_d3","Phagolysosome/autophagy","Survival","D3",3,2,"M2",0.478463220560896,17.9701388888889,"是","泌尿道","non-lung infection",0,0,28,"included"
"SSR_128","SSR_128_d3","Type I interferon response","Survival","D3",3,2,"M3",0.0647088892400799,17.9701388888889,"是","泌尿道","non-lung infection",0,0,28,"included"
"SSR_128","SSR_128_d3","Ribosome biogenesis","Survival","D3",3,2,"M4",-0.14874290450553,17.9701388888889,"是","泌尿道","non-lung infection",0,0,28,"included"
"SSR_129","SSR_129_d3","PRR/TLR/TNF/NF-kB signaling","Survival","D3",3,2,"M1",-0.268567434439553,9.75277777777778,"是","胆道","non-lung infection",0,0,28,"included"
"SSR_129","SSR_129_d3","Phagolysosome/autophagy","Survival","D3",3,2,"M2",-0.0976554249574031,9.75277777777778,"是","胆道","non-lung infection",0,0,28,"included"
"SSR_129","SSR_129_d3","Type I interferon response","Survival","D3",3,2,"M3",-0.158549022314236,9.75277777777778,"是","胆道","non-lung infection",0,0,28,"included"
"SSR_129","SSR_129_d3","Ribosome biogenesis","Survival","D3",3,2,"M4",0.236676925591588,9.75277777777778,"是","胆道","non-lung infection",0,0,28,"included"
"SSR_13","SSR_13_d3","PRR/TLR/TNF/NF-kB signaling","Survival","D3",3,2,"M1",-0.57587198177568,14.0319444444444,"是","泌尿系感染","non-lung infection",0,0,28,"included"
"SSR_13","SSR_13_d3","Phagolysosome/autophagy","Survival","D3",3,2,"M2",-0.525328649083319,14.0319444444444,"是","泌尿系感染","non-lung infection",0,0,28,"included"
"SSR_13","SSR_13_d3","Type I interferon response","Survival","D3",3,2,"M3",-0.434190831921054,14.0319444444444,"是","泌尿系感染","non-lung infection",0,0,28,"included"
"SSR_13","SSR_13_d3","Ribosome biogenesis","Survival","D3",3,2,"M4",0.354106662160588,14.0319444444444,"是","泌尿系感染","non-lung infection",0,0,28,"included"
"SSR_130","SSR_130_d3","PRR/TLR/TNF/NF-kB signaling","Survival","D3",3,2,"M1",0.108984959207736,24.5625,"是","皮肤、腹腔","non-lung infection",0,0,28,"included"
"SSR_130","SSR_130_d3","Phagolysosome/autophagy","Survival","D3",3,2,"M2",0.37435189428645,24.5625,"是","皮肤、腹腔","non-lung infection",0,0,28,"included"
"SSR_130","SSR_130_d3","Type I interferon response","Survival","D3",3,2,"M3",-0.19710928573911,24.5625,"是","皮肤、腹腔","non-lung infection",0,0,28,"included"
"SSR_130","SSR_130_d3","Ribosome biogenesis","Survival","D3",3,2,"M4",0.501312347772973,24.5625,"是","皮肤、腹腔","non-lung infection",0,0,28,"included"
"SSR_131","SSR_131_d3","PRR/TLR/TNF/NF-kB signaling","Survival","D3",3,2,"M1",-0.529903884152309,18.33125,"是","肝脏","non-lung infection",0,0,28,"included"
"SSR_131","SSR_131_d3","Phagolysosome/autophagy","Survival","D3",3,2,"M2",-0.336724145512541,18.33125,"是","肝脏","non-lung infection",0,0,28,"included"
"SSR_131","SSR_131_d3","Type I interferon response","Survival","D3",3,2,"M3",-0.558755186661211,18.33125,"是","肝脏","non-lung infection",0,0,28,"included"
"SSR_131","SSR_131_d3","Ribosome biogenesis","Survival","D3",3,2,"M4",0.653915455628509,18.33125,"是","肝脏","non-lung infection",0,0,28,"included"
"SSR_132","SSR_132_d3","PRR/TLR/TNF/NF-kB signaling","Survival","D3",3,2,"M1",-0.488816743231417,18.6444444444444,"是","腹腔；腹部","non-lung infection",0,0,28,"included"
"SSR_132","SSR_132_d3","Phagolysosome/autophagy","Survival","D3",3,2,"M2",-0.375477492162801,18.6444444444444,"是","腹腔；腹部","non-lung infection",0,0,28,"included"
"SSR_132","SSR_132_d3","Type I interferon response","Survival","D3",3,2,"M3",-0.53507157707921,18.6444444444444,"是","腹腔；腹部","non-lung infection",0,0,28,"included"
"SSR_132","SSR_132_d3","Ribosome biogenesis","Survival","D3",3,2,"M4",0.59635614898052,18.6444444444444,"是","腹腔；腹部","non-lung infection",0,0,28,"included"
"SSR_134","SSR_134_d3","PRR/TLR/TNF/NF-kB signaling","Survival","D3",3,2,"M1",0.571568654240728,19.5888888888889,"是","泌尿系","non-lung infection",0,0,28,"included"
"SSR_134","SSR_134_d3","Phagolysosome/autophagy","Survival","D3",3,2,"M2",0.527277455933306,19.5888888888889,"是","泌尿系","non-lung infection",0,0,28,"included"
"SSR_134","SSR_134_d3","Type I interferon response","Survival","D3",3,2,"M3",0.375815859645587,19.5888888888889,"是","泌尿系","non-lung infection",0,0,28,"included"
"SSR_134","SSR_134_d3","Ribosome biogenesis","Survival","D3",3,2,"M4",0.316934004769524,19.5888888888889,"是","泌尿系","non-lung infection",0,0,28,"included"
"SSR_135","SSR_135_d3","PRR/TLR/TNF/NF-kB signaling","Survival","D3",3,2,"M1",0.0728997446767571,9.78819444444444,"是","血源性","non-lung infection",0,0,28,"included"
"SSR_135","SSR_135_d3","Phagolysosome/autophagy","Survival","D3",3,2,"M2",0.0121893676763895,9.78819444444444,"是","血源性","non-lung infection",0,0,28,"included"
"SSR_135","SSR_135_d3","Type I interferon response","Survival","D3",3,2,"M3",0.166087896424886,9.78819444444444,"是","血源性","non-lung infection",0,0,28,"included"
"SSR_135","SSR_135_d3","Ribosome biogenesis","Survival","D3",3,2,"M4",0.612440023377752,9.78819444444444,"是","血源性","non-lung infection",0,0,28,"included"
"SSR_139","SSR_139_d3","PRR/TLR/TNF/NF-kB signaling","Survival","D3",3,2,"M1",0.101681837071779,11.4993055555556,"是","泌尿道","non-lung infection",0,0,28,"included"
"SSR_139","SSR_139_d3","Phagolysosome/autophagy","Survival","D3",3,2,"M2",0.178943120878447,11.4993055555556,"是","泌尿道","non-lung infection",0,0,28,"included"
"SSR_139","SSR_139_d3","Type I interferon response","Survival","D3",3,2,"M3",-0.124126995731193,11.4993055555556,"是","泌尿道","non-lung infection",0,0,28,"included"
"SSR_139","SSR_139_d3","Ribosome biogenesis","Survival","D3",3,2,"M4",0.549769915391759,11.4993055555556,"是","泌尿道","non-lung infection",0,0,28,"included"
"SSR_14","SSR_14_d3","PRR/TLR/TNF/NF-kB signaling","Mortality","D3",3,2,"M1",0.540775766478214,9.06388888888889,"否","肩关节软组织感染","non-lung infection",1,1,9.06388888888889,"included"
"SSR_14","SSR_14_d3","Phagolysosome/autophagy","Mortality","D3",3,2,"M2",0.650087612831042,9.06388888888889,"否","肩关节软组织感染","non-lung infection",1,1,9.06388888888889,"included"
"SSR_14","SSR_14_d3","Type I interferon response","Mortality","D3",3,2,"M3",0.319127591342058,9.06388888888889,"否","肩关节软组织感染","non-lung infection",1,1,9.06388888888889,"included"
"SSR_14","SSR_14_d3","Ribosome biogenesis","Mortality","D3",3,2,"M4",-0.499279430360542,9.06388888888889,"否","肩关节软组织感染","non-lung infection",1,1,9.06388888888889,"included"
"SSR_140","SSR_140_d3","PRR/TLR/TNF/NF-kB signaling","Survival","D3",3,2,"M1",0.481738511768734,10.6041666666667,"是","血源性、泌尿道","non-lung infection",0,0,28,"included"
"SSR_140","SSR_140_d3","Phagolysosome/autophagy","Survival","D3",3,2,"M2",0.499313822130455,10.6041666666667,"是","血源性、泌尿道","non-lung infection",0,0,28,"included"
"SSR_140","SSR_140_d3","Type I interferon response","Survival","D3",3,2,"M3",0.596863371157574,10.6041666666667,"是","血源性、泌尿道","non-lung infection",0,0,28,"included"
"SSR_140","SSR_140_d3","Ribosome biogenesis","Survival","D3",3,2,"M4",-0.331622896616721,10.6041666666667,"是","血源性、泌尿道","non-lung infection",0,0,28,"included"
"SSR_143","SSR_143_d3","PRR/TLR/TNF/NF-kB signaling","Mortality","D3",3,2,"M1",0.424090819057066,22.6451388888889,"否","泌尿道 肠道","non-lung infection",1,1,22.6451388888889,"included"
"SSR_143","SSR_143_d3","Phagolysosome/autophagy","Mortality","D3",3,2,"M2",0.496386256966148,22.6451388888889,"否","泌尿道 肠道","non-lung infection",1,1,22.6451388888889,"included"
"SSR_143","SSR_143_d3","Type I interferon response","Mortality","D3",3,2,"M3",0.451348869240673,22.6451388888889,"否","泌尿道 肠道","non-lung infection",1,1,22.6451388888889,"included"
"SSR_143","SSR_143_d3","Ribosome biogenesis","Mortality","D3",3,2,"M4",0.132514788367454,22.6451388888889,"否","泌尿道 肠道","non-lung infection",1,1,22.6451388888889,"included"
"SSR_144","SSR_144_d3","PRR/TLR/TNF/NF-kB signaling","Mortality","D3",3,2,"M1",-0.451192592638653,1.55208333333333,"否","肺部、血源性","lung infection",1,1,1.55208333333333,"marker after event/follow-up time"
"SSR_144","SSR_144_d3","Phagolysosome/autophagy","Mortality","D3",3,2,"M2",-0.480860736755539,1.55208333333333,"否","肺部、血源性","lung infection",1,1,1.55208333333333,"marker after event/follow-up time"
"SSR_144","SSR_144_d3","Type I interferon response","Mortality","D3",3,2,"M3",-0.348727157924337,1.55208333333333,"否","肺部、血源性","lung infection",1,1,1.55208333333333,"marker after event/follow-up time"
"SSR_144","SSR_144_d3","Ribosome biogenesis","Mortality","D3",3,2,"M4",0.257761990340478,1.55208333333333,"否","肺部、血源性","lung infection",1,1,1.55208333333333,"marker after event/follow-up time"
"SSR_145","SSR_145_d3","PRR/TLR/TNF/NF-kB signaling","Mortality","D3",3,2,"M1",0.456593003486643,163,"否","血流","non-lung infection",1,0,28,"included"
"SSR_145","SSR_145_d3","Phagolysosome/autophagy","Mortality","D3",3,2,"M2",0.520010979201654,163,"否","血流","non-lung infection",1,0,28,"included"
"SSR_145","SSR_145_d3","Type I interferon response","Mortality","D3",3,2,"M3",0.247905274907288,163,"否","血流","non-lung infection",1,0,28,"included"
"SSR_145","SSR_145_d3","Ribosome biogenesis","Mortality","D3",3,2,"M4",-0.602172255336997,163,"否","血流","non-lung infection",1,0,28,"included"
"SSR_146","SSR_146_d3","PRR/TLR/TNF/NF-kB signaling","Survival","D3",3,2,"M1",0.537288346430278,7.28819444444444,"是","泌尿道","non-lung infection",0,0,28,"included"
"SSR_146","SSR_146_d3","Phagolysosome/autophagy","Survival","D3",3,2,"M2",0.681443957387737,7.28819444444444,"是","泌尿道","non-lung infection",0,0,28,"included"
"SSR_146","SSR_146_d3","Type I interferon response","Survival","D3",3,2,"M3",0.362442645283513,7.28819444444444,"是","泌尿道","non-lung infection",0,0,28,"included"
"SSR_146","SSR_146_d3","Ribosome biogenesis","Survival","D3",3,2,"M4",-0.6181494195928,7.28819444444444,"是","泌尿道","non-lung infection",0,0,28,"included"
"SSR_15","SSR_15_d3","PRR/TLR/TNF/NF-kB signaling","Survival","D3",3,2,"M1",-0.523463172048903,9.43472222222222,"是","病毒性脑炎 血流感染？","non-lung infection",0,0,28,"included"
"SSR_15","SSR_15_d3","Phagolysosome/autophagy","Survival","D3",3,2,"M2",-0.518263223812915,9.43472222222222,"是","病毒性脑炎 血流感染？","non-lung infection",0,0,28,"included"
"SSR_15","SSR_15_d3","Type I interferon response","Survival","D3",3,2,"M3",-0.14671280941827,9.43472222222222,"是","病毒性脑炎 血流感染？","non-lung infection",0,0,28,"included"
"SSR_15","SSR_15_d3","Ribosome biogenesis","Survival","D3",3,2,"M4",0.656259224652966,9.43472222222222,"是","病毒性脑炎 血流感染？","non-lung infection",0,0,28,"included"
"SSR_150","SSR_150_d3","PRR/TLR/TNF/NF-kB signaling","Mortality","D3",3,2,"M1",-0.535324047361999,95.5743055555556,"否","肺部","lung infection",1,0,28,"included"
"SSR_150","SSR_150_d3","Phagolysosome/autophagy","Mortality","D3",3,2,"M2",-0.415784749861619,95.5743055555556,"否","肺部","lung infection",1,0,28,"included"
"SSR_150","SSR_150_d3","Type I interferon response","Mortality","D3",3,2,"M3",-0.489829467445459,95.5743055555556,"否","肺部","lung infection",1,0,28,"included"
"SSR_150","SSR_150_d3","Ribosome biogenesis","Mortality","D3",3,2,"M4",0.67071362377442,95.5743055555556,"否","肺部","lung infection",1,0,28,"included"
"SSR_151","SSR_151_d3","PRR/TLR/TNF/NF-kB signaling","Survival","D3",3,2,"M1",-0.14640407953143,10.4875,"是","血源性、胆管","non-lung infection",0,0,28,"included"
"SSR_151","SSR_151_d3","Phagolysosome/autophagy","Survival","D3",3,2,"M2",0.148855202500684,10.4875,"是","血源性、胆管","non-lung infection",0,0,28,"included"
"SSR_151","SSR_151_d3","Type I interferon response","Survival","D3",3,2,"M3",-0.317842991767414,10.4875,"是","血源性、胆管","non-lung infection",0,0,28,"included"
"SSR_151","SSR_151_d3","Ribosome biogenesis","Survival","D3",3,2,"M4",0.564819955866334,10.4875,"是","血源性、胆管","non-lung infection",0,0,28,"included"
"SSR_152","SSR_152_d3","PRR/TLR/TNF/NF-kB signaling","Survival","D3",3,2,"M1",0.416368283985132,16.3444444444444,"是","肠道","non-lung infection",0,0,28,"included"
"SSR_152","SSR_152_d3","Phagolysosome/autophagy","Survival","D3",3,2,"M2",0.282340370681817,16.3444444444444,"是","肠道","non-lung infection",0,0,28,"included"
"SSR_152","SSR_152_d3","Type I interferon response","Survival","D3",3,2,"M3",0.084554196929125,16.3444444444444,"是","肠道","non-lung infection",0,0,28,"included"
"SSR_152","SSR_152_d3","Ribosome biogenesis","Survival","D3",3,2,"M4",0.180960277281401,16.3444444444444,"是","肠道","non-lung infection",0,0,28,"included"
"SSR_154","SSR_154_d3","PRR/TLR/TNF/NF-kB signaling","Mortality","D3",3,2,"M1",-0.128464979426441,14.3111111111111,"否","肺部","lung infection",1,1,14.3111111111111,"included"
"SSR_154","SSR_154_d3","Phagolysosome/autophagy","Mortality","D3",3,2,"M2",-0.276261927163265,14.3111111111111,"否","肺部","lung infection",1,1,14.3111111111111,"included"
"SSR_154","SSR_154_d3","Type I interferon response","Mortality","D3",3,2,"M3",0.0863721331657705,14.3111111111111,"否","肺部","lung infection",1,1,14.3111111111111,"included"
"SSR_154","SSR_154_d3","Ribosome biogenesis","Mortality","D3",3,2,"M4",0.580152700733015,14.3111111111111,"否","肺部","lung infection",1,1,14.3111111111111,"included"
"SSR_157","SSR_157_d3","PRR/TLR/TNF/NF-kB signaling","Survival","D3",3,2,"M1",0.264512949915634,12.4588194444444,"是","肺部","lung infection",0,0,28,"included"
"SSR_157","SSR_157_d3","Phagolysosome/autophagy","Survival","D3",3,2,"M2",0.199556046090824,12.4588194444444,"是","肺部","lung infection",0,0,28,"included"
"SSR_157","SSR_157_d3","Type I interferon response","Survival","D3",3,2,"M3",-0.205190363928909,12.4588194444444,"是","肺部","lung infection",0,0,28,"included"
"SSR_157","SSR_157_d3","Ribosome biogenesis","Survival","D3",3,2,"M4",-0.625378421980967,12.4588194444444,"是","肺部","lung infection",0,0,28,"included"
"SSR_158","SSR_158_d3","PRR/TLR/TNF/NF-kB signaling","Mortality","D3",3,2,"M1",-0.349701003059713,9.63472222222222,"否","胆道、血源性","non-lung infection",1,1,9.63472222222222,"included"
"SSR_158","SSR_158_d3","Phagolysosome/autophagy","Mortality","D3",3,2,"M2",-0.266501545564772,9.63472222222222,"否","胆道、血源性","non-lung infection",1,1,9.63472222222222,"included"
"SSR_158","SSR_158_d3","Type I interferon response","Mortality","D3",3,2,"M3",0.00572569833132544,9.63472222222222,"否","胆道、血源性","non-lung infection",1,1,9.63472222222222,"included"
"SSR_158","SSR_158_d3","Ribosome biogenesis","Mortality","D3",3,2,"M4",0.656922277349618,9.63472222222222,"否","胆道、血源性","non-lung infection",1,1,9.63472222222222,"included"
"SSR_159","SSR_159_d3","PRR/TLR/TNF/NF-kB signaling","Survival","D3",3,2,"M1",-0.401357533722873,16.4583333333333,"是","肺部","lung infection",0,0,28,"included"
"SSR_159","SSR_159_d3","Phagolysosome/autophagy","Survival","D3",3,2,"M2",-0.391507975257611,16.4583333333333,"是","肺部","lung infection",0,0,28,"included"
"SSR_159","SSR_159_d3","Type I interferon response","Survival","D3",3,2,"M3",0.0528818002876291,16.4583333333333,"是","肺部","lung infection",0,0,28,"included"
"SSR_159","SSR_159_d3","Ribosome biogenesis","Survival","D3",3,2,"M4",0.560584150549521,16.4583333333333,"是","肺部","lung infection",0,0,28,"included"
"SSR_16","SSR_16_d3","PRR/TLR/TNF/NF-kB signaling","Survival","D3",3,2,"M1",-0.674650881838126,30.3756944444444,"是","后背脓肿 血流感染","non-lung infection",0,0,28,"included"
"SSR_16","SSR_16_d3","Phagolysosome/autophagy","Survival","D3",3,2,"M2",-0.701058978376735,30.3756944444444,"是","后背脓肿 血流感染","non-lung infection",0,0,28,"included"
"SSR_16","SSR_16_d3","Type I interferon response","Survival","D3",3,2,"M3",-0.590433932327376,30.3756944444444,"是","后背脓肿 血流感染","non-lung infection",0,0,28,"included"
"SSR_16","SSR_16_d3","Ribosome biogenesis","Survival","D3",3,2,"M4",0.576363482186874,30.3756944444444,"是","后背脓肿 血流感染","non-lung infection",0,0,28,"included"
"SSR_161","SSR_161_d3","PRR/TLR/TNF/NF-kB signaling","Mortality","D3",3,2,"M1",0.034779461401531,376.234027777778,"否","泌尿道、血源性","non-lung infection",1,0,28,"included"
"SSR_161","SSR_161_d3","Phagolysosome/autophagy","Mortality","D3",3,2,"M2",-0.279478481976444,376.234027777778,"否","泌尿道、血源性","non-lung infection",1,0,28,"included"
"SSR_161","SSR_161_d3","Type I interferon response","Mortality","D3",3,2,"M3",0.498395840246816,376.234027777778,"否","泌尿道、血源性","non-lung infection",1,0,28,"included"
"SSR_161","SSR_161_d3","Ribosome biogenesis","Mortality","D3",3,2,"M4",-0.263263676058209,376.234027777778,"否","泌尿道、血源性","non-lung infection",1,0,28,"included"
"SSR_162","SSR_162_d3","PRR/TLR/TNF/NF-kB signaling","Survival","D3",3,2,"M1",0.367776681567336,12.6847222222222,"是","腹部","non-lung infection",0,0,28,"included"
"SSR_162","SSR_162_d3","Phagolysosome/autophagy","Survival","D3",3,2,"M2",0.340572461519252,12.6847222222222,"是","腹部","non-lung infection",0,0,28,"included"
"SSR_162","SSR_162_d3","Type I interferon response","Survival","D3",3,2,"M3",0.418954774202156,12.6847222222222,"是","腹部","non-lung infection",0,0,28,"included"
"SSR_162","SSR_162_d3","Ribosome biogenesis","Survival","D3",3,2,"M4",0.35915809277633,12.6847222222222,"是","腹部","non-lung infection",0,0,28,"included"
"SSR_163","SSR_163_d3","PRR/TLR/TNF/NF-kB signaling","Survival","D3",3,2,"M1",-0.224404172047535,12.6222222222222,"是","肺","lung infection",0,0,28,"included"
"SSR_163","SSR_163_d3","Phagolysosome/autophagy","Survival","D3",3,2,"M2",-0.302013005356187,12.6222222222222,"是","肺","lung infection",0,0,28,"included"
"SSR_163","SSR_163_d3","Type I interferon response","Survival","D3",3,2,"M3",0.323186378911877,12.6222222222222,"是","肺","lung infection",0,0,28,"included"
"SSR_163","SSR_163_d3","Ribosome biogenesis","Survival","D3",3,2,"M4",0.272841556179417,12.6222222222222,"是","肺","lung infection",0,0,28,"included"
"SSR_164","SSR_164_d3","PRR/TLR/TNF/NF-kB signaling","Survival","D3",3,2,"M1",-0.496407058020628,25.2236111111111,"是","肺部","lung infection",0,0,28,"included"
"SSR_164","SSR_164_d3","Phagolysosome/autophagy","Survival","D3",3,2,"M2",-0.534267189281475,25.2236111111111,"是","肺部","lung infection",0,0,28,"included"
"SSR_164","SSR_164_d3","Type I interferon response","Survival","D3",3,2,"M3",-0.422852675394039,25.2236111111111,"是","肺部","lung infection",0,0,28,"included"
"SSR_164","SSR_164_d3","Ribosome biogenesis","Survival","D3",3,2,"M4",0.600148773279599,25.2236111111111,"是","肺部","lung infection",0,0,28,"included"
"SSR_165","SSR_165_d3","PRR/TLR/TNF/NF-kB signaling","Survival","D3",3,2,"M1",0.463909353480187,21.5555555555556,"是","肺部","lung infection",0,0,28,"included"
"SSR_165","SSR_165_d3","Phagolysosome/autophagy","Survival","D3",3,2,"M2",0.277461452261585,21.5555555555556,"是","肺部","lung infection",0,0,28,"included"
"SSR_165","SSR_165_d3","Type I interferon response","Survival","D3",3,2,"M3",0.655466625711772,21.5555555555556,"是","肺部","lung infection",0,0,28,"included"
"SSR_165","SSR_165_d3","Ribosome biogenesis","Survival","D3",3,2,"M4",-0.581462502855044,21.5555555555556,"是","肺部","lung infection",0,0,28,"included"
"SSR_166","SSR_166_d3","PRR/TLR/TNF/NF-kB signaling","Survival","D3",3,2,"M1",0.5312906925044,52.2756944444444,"是","肺部","lung infection",0,0,28,"included"
"SSR_166","SSR_166_d3","Phagolysosome/autophagy","Survival","D3",3,2,"M2",0.451938203283175,52.2756944444444,"是","肺部","lung infection",0,0,28,"included"
"SSR_166","SSR_166_d3","Type I interferon response","Survival","D3",3,2,"M3",0.510933783821026,52.2756944444444,"是","肺部","lung infection",0,0,28,"included"
"SSR_166","SSR_166_d3","Ribosome biogenesis","Survival","D3",3,2,"M4",-0.496705548013321,52.2756944444444,"是","肺部","lung infection",0,0,28,"included"
"SSR_167","SSR_167_d3","PRR/TLR/TNF/NF-kB signaling","Survival","D3",3,2,"M1",-0.367043963411206,8.51597222222222,"是","腹腔","non-lung infection",0,0,28,"included"
"SSR_167","SSR_167_d3","Phagolysosome/autophagy","Survival","D3",3,2,"M2",-0.118142887134641,8.51597222222222,"是","腹腔","non-lung infection",0,0,28,"included"
"SSR_167","SSR_167_d3","Type I interferon response","Survival","D3",3,2,"M3",-0.415935274655326,8.51597222222222,"是","腹腔","non-lung infection",0,0,28,"included"
"SSR_167","SSR_167_d3","Ribosome biogenesis","Survival","D3",3,2,"M4",0.317394814334357,8.51597222222222,"是","腹腔","non-lung infection",0,0,28,"included"
"SSR_169","SSR_169_d3","PRR/TLR/TNF/NF-kB signaling","Survival","D3",3,2,"M1",0.549324150197489,18.0173611111111,"是","肺部","lung infection",0,0,28,"included"
"SSR_169","SSR_169_d3","Phagolysosome/autophagy","Survival","D3",3,2,"M2",0.453059142242659,18.0173611111111,"是","肺部","lung infection",0,0,28,"included"
"SSR_169","SSR_169_d3","Type I interferon response","Survival","D3",3,2,"M3",0.441760261053201,18.0173611111111,"是","肺部","lung infection",0,0,28,"included"
"SSR_169","SSR_169_d3","Ribosome biogenesis","Survival","D3",3,2,"M4",-0.464691064425759,18.0173611111111,"是","肺部","lung infection",0,0,28,"included"
"SSR_17","SSR_17_d3","PRR/TLR/TNF/NF-kB signaling","Survival","D3",3,2,"M1",-0.495573927711394,8.37222222222222,"是","肠道感染","non-lung infection",0,0,28,"included"
"SSR_17","SSR_17_d3","Phagolysosome/autophagy","Survival","D3",3,2,"M2",-0.551409188603577,8.37222222222222,"是","肠道感染","non-lung infection",0,0,28,"included"
"SSR_17","SSR_17_d3","Type I interferon response","Survival","D3",3,2,"M3",0.0218608729312609,8.37222222222222,"是","肠道感染","non-lung infection",0,0,28,"included"
"SSR_17","SSR_17_d3","Ribosome biogenesis","Survival","D3",3,2,"M4",0.591086976227522,8.37222222222222,"是","肠道感染","non-lung infection",0,0,28,"included"
"SSR_170","SSR_170_d3","PRR/TLR/TNF/NF-kB signaling","Survival","D3",3,2,"M1",0.534407653936989,20.1666666666667,"是","肺部","lung infection",0,0,28,"included"
"SSR_170","SSR_170_d3","Phagolysosome/autophagy","Survival","D3",3,2,"M2",0.663110233778834,20.1666666666667,"是","肺部","lung infection",0,0,28,"included"
"SSR_170","SSR_170_d3","Type I interferon response","Survival","D3",3,2,"M3",0.394581661268638,20.1666666666667,"是","肺部","lung infection",0,0,28,"included"
"SSR_170","SSR_170_d3","Ribosome biogenesis","Survival","D3",3,2,"M4",-0.515965798570799,20.1666666666667,"是","肺部","lung infection",0,0,28,"included"
"SSR_171","SSR_171_d3","PRR/TLR/TNF/NF-kB signaling","Survival","D3",3,2,"M1",0.356526307627928,15.21875,"是","肾脏","non-lung infection",0,0,28,"included"
"SSR_171","SSR_171_d3","Phagolysosome/autophagy","Survival","D3",3,2,"M2",0.432736443907308,15.21875,"是","肾脏","non-lung infection",0,0,28,"included"
"SSR_171","SSR_171_d3","Type I interferon response","Survival","D3",3,2,"M3",0.0568981882356818,15.21875,"是","肾脏","non-lung infection",0,0,28,"included"
"SSR_171","SSR_171_d3","Ribosome biogenesis","Survival","D3",3,2,"M4",0.23931860621776,15.21875,"是","肾脏","non-lung infection",0,0,28,"included"
"SSR_172","SSR_172_d3","PRR/TLR/TNF/NF-kB signaling","Survival","D3",3,2,"M1",-0.0186290323537495,18.6666666666667,"是","肺部","lung infection",0,0,28,"included"
"SSR_172","SSR_172_d3","Phagolysosome/autophagy","Survival","D3",3,2,"M2",0.0316776438223573,18.6666666666667,"是","肺部","lung infection",0,0,28,"included"
"SSR_172","SSR_172_d3","Type I interferon response","Survival","D3",3,2,"M3",0.410454274804219,18.6666666666667,"是","肺部","lung infection",0,0,28,"included"
"SSR_172","SSR_172_d3","Ribosome biogenesis","Survival","D3",3,2,"M4",0.450535168253038,18.6666666666667,"是","肺部","lung infection",0,0,28,"included"
"SSR_173","SSR_173_d3","PRR/TLR/TNF/NF-kB signaling","Mortality","D3",3,2,"M1",0.564046235349593,6.20833333333333,"否","肺部","lung infection",1,1,6.20833333333333,"included"
"SSR_173","SSR_173_d3","Phagolysosome/autophagy","Mortality","D3",3,2,"M2",0.542729695545402,6.20833333333333,"否","肺部","lung infection",1,1,6.20833333333333,"included"
"SSR_173","SSR_173_d3","Type I interferon response","Mortality","D3",3,2,"M3",0.363963519704795,6.20833333333333,"否","肺部","lung infection",1,1,6.20833333333333,"included"
"SSR_173","SSR_173_d3","Ribosome biogenesis","Mortality","D3",3,2,"M4",-0.461433771702987,6.20833333333333,"否","肺部","lung infection",1,1,6.20833333333333,"included"
"SSR_174","SSR_174_d3","PRR/TLR/TNF/NF-kB signaling","Survival","D3",3,2,"M1",0.344487006041084,10.9138888888889,"是","胆道","non-lung infection",0,0,28,"included"
"SSR_174","SSR_174_d3","Phagolysosome/autophagy","Survival","D3",3,2,"M2",0.379784921247516,10.9138888888889,"是","胆道","non-lung infection",0,0,28,"included"
"SSR_174","SSR_174_d3","Type I interferon response","Survival","D3",3,2,"M3",0.207733312036807,10.9138888888889,"是","胆道","non-lung infection",0,0,28,"included"
"SSR_174","SSR_174_d3","Ribosome biogenesis","Survival","D3",3,2,"M4",0.0987350404329496,10.9138888888889,"是","胆道","non-lung infection",0,0,28,"included"
"SSR_175","SSR_175_d3","PRR/TLR/TNF/NF-kB signaling","Survival","D3",3,2,"M1",0.395871732065289,9.22291666666667,"是","腹部（子宫）","non-lung infection",0,0,28,"included"
"SSR_175","SSR_175_d3","Phagolysosome/autophagy","Survival","D3",3,2,"M2",0.38430266725994,9.22291666666667,"是","腹部（子宫）","non-lung infection",0,0,28,"included"
"SSR_175","SSR_175_d3","Type I interferon response","Survival","D3",3,2,"M3",-0.0143549698057184,9.22291666666667,"是","腹部（子宫）","non-lung infection",0,0,28,"included"
"SSR_175","SSR_175_d3","Ribosome biogenesis","Survival","D3",3,2,"M4",-0.366051644401336,9.22291666666667,"是","腹部（子宫）","non-lung infection",0,0,28,"included"
"SSR_177","SSR_177_d3","PRR/TLR/TNF/NF-kB signaling","Survival","D3",3,2,"M1",0.0758231665371615,13.1979166666667,"是","肺部","lung infection",0,0,28,"included"
"SSR_177","SSR_177_d3","Phagolysosome/autophagy","Survival","D3",3,2,"M2",0.0906109611453635,13.1979166666667,"是","肺部","lung infection",0,0,28,"included"
"SSR_177","SSR_177_d3","Type I interferon response","Survival","D3",3,2,"M3",0.219460458286087,13.1979166666667,"是","肺部","lung infection",0,0,28,"included"
"SSR_177","SSR_177_d3","Ribosome biogenesis","Survival","D3",3,2,"M4",-0.261516240805575,13.1979166666667,"是","肺部","lung infection",0,0,28,"included"
"SSR_179","SSR_179_d3","PRR/TLR/TNF/NF-kB signaling","Survival","D3",3,2,"M1",0.547653224885035,10.0972222222222,"是","肺部","lung infection",0,0,28,"included"
"SSR_179","SSR_179_d3","Phagolysosome/autophagy","Survival","D3",3,2,"M2",0.463409511433028,10.0972222222222,"是","肺部","lung infection",0,0,28,"included"
"SSR_179","SSR_179_d3","Type I interferon response","Survival","D3",3,2,"M3",0.624178590780531,10.0972222222222,"是","肺部","lung infection",0,0,28,"included"
"SSR_179","SSR_179_d3","Ribosome biogenesis","Survival","D3",3,2,"M4",0.0193323580411092,10.0972222222222,"是","肺部","lung infection",0,0,28,"included"
"SSR_18","SSR_18_d3","PRR/TLR/TNF/NF-kB signaling","Survival","D3",3,2,"M1",0.289057750739089,9.32569444444444,"是","肛周脓肿","non-lung infection",0,0,28,"included"
"SSR_18","SSR_18_d3","Phagolysosome/autophagy","Survival","D3",3,2,"M2",0.422342972568864,9.32569444444444,"是","肛周脓肿","non-lung infection",0,0,28,"included"
"SSR_18","SSR_18_d3","Type I interferon response","Survival","D3",3,2,"M3",0.147765326250274,9.32569444444444,"是","肛周脓肿","non-lung infection",0,0,28,"included"
"SSR_18","SSR_18_d3","Ribosome biogenesis","Survival","D3",3,2,"M4",-0.501558396258827,9.32569444444444,"是","肛周脓肿","non-lung infection",0,0,28,"included"
"SSR_181","SSR_181_d3","PRR/TLR/TNF/NF-kB signaling","Survival","D3",3,2,"M1",-0.498037183374397,24,"是","肺部","lung infection",0,0,28,"included"
"SSR_181","SSR_181_d3","Phagolysosome/autophagy","Survival","D3",3,2,"M2",-0.516489764671631,24,"是","肺部","lung infection",0,0,28,"included"
"SSR_181","SSR_181_d3","Type I interferon response","Survival","D3",3,2,"M3",-0.39519943062039,24,"是","肺部","lung infection",0,0,28,"included"
"SSR_181","SSR_181_d3","Ribosome biogenesis","Survival","D3",3,2,"M4",0.67195816851569,24,"是","肺部","lung infection",0,0,28,"included"
"SSR_182","SSR_182_d3","PRR/TLR/TNF/NF-kB signaling","Survival","D3",3,2,"M1",0.584915225783876,50.3763888888889,"是","胆囊","non-lung infection",0,0,28,"included"
"SSR_182","SSR_182_d3","Phagolysosome/autophagy","Survival","D3",3,2,"M2",0.680727514067779,50.3763888888889,"是","胆囊","non-lung infection",0,0,28,"included"
"SSR_182","SSR_182_d3","Type I interferon response","Survival","D3",3,2,"M3",0.360860147098671,50.3763888888889,"是","胆囊","non-lung infection",0,0,28,"included"
"SSR_182","SSR_182_d3","Ribosome biogenesis","Survival","D3",3,2,"M4",-0.633868460016698,50.3763888888889,"是","胆囊","non-lung infection",0,0,28,"included"
"SSR_183","SSR_183_d3","PRR/TLR/TNF/NF-kB signaling","Mortality","D3",3,2,"M1",-0.262116764179305,1.32291666666667,"否","肝脏","non-lung infection",1,1,1.32291666666667,"marker after event/follow-up time"
"SSR_183","SSR_183_d3","Phagolysosome/autophagy","Mortality","D3",3,2,"M2",-0.29986924672279,1.32291666666667,"否","肝脏","non-lung infection",1,1,1.32291666666667,"marker after event/follow-up time"
"SSR_183","SSR_183_d3","Type I interferon response","Mortality","D3",3,2,"M3",-0.239033303727495,1.32291666666667,"否","肝脏","non-lung infection",1,1,1.32291666666667,"marker after event/follow-up time"
"SSR_183","SSR_183_d3","Ribosome biogenesis","Mortality","D3",3,2,"M4",0.668663605290066,1.32291666666667,"否","肝脏","non-lung infection",1,1,1.32291666666667,"marker after event/follow-up time"
"SSR_19","SSR_19_d3","PRR/TLR/TNF/NF-kB signaling","Survival","D3",3,2,"M1",-0.122137313766146,28.4875,"是","肺炎 脊髓炎？","lung infection",0,0,28,"included"
"SSR_19","SSR_19_d3","Phagolysosome/autophagy","Survival","D3",3,2,"M2",-0.105275311225373,28.4875,"是","肺炎 脊髓炎？","lung infection",0,0,28,"included"
"SSR_19","SSR_19_d3","Type I interferon response","Survival","D3",3,2,"M3",-0.0201008162985221,28.4875,"是","肺炎 脊髓炎？","lung infection",0,0,28,"included"
"SSR_19","SSR_19_d3","Ribosome biogenesis","Survival","D3",3,2,"M4",-0.104272745247094,28.4875,"是","肺炎 脊髓炎？","lung infection",0,0,28,"included"
"SSR_2","SSR_2_d3","PRR/TLR/TNF/NF-kB signaling","Survival","D3",3,2,"M1",0.0444794907434295,23.4430555555556,"是","泌尿系感染","non-lung infection",0,0,28,"included"
"SSR_2","SSR_2_d3","Phagolysosome/autophagy","Survival","D3",3,2,"M2",0.203541035709413,23.4430555555556,"是","泌尿系感染","non-lung infection",0,0,28,"included"
"SSR_2","SSR_2_d3","Type I interferon response","Survival","D3",3,2,"M3",0.0831944666669497,23.4430555555556,"是","泌尿系感染","non-lung infection",0,0,28,"included"
"SSR_2","SSR_2_d3","Ribosome biogenesis","Survival","D3",3,2,"M4",0.266266459785682,23.4430555555556,"是","泌尿系感染","non-lung infection",0,0,28,"included"
"SSR_20","SSR_20_d3","PRR/TLR/TNF/NF-kB signaling","Survival","D3",3,2,"M1",-0.53613556749438,21.1118055555556,"是","气肿性肾盂肾炎","non-lung infection",0,0,28,"included"
"SSR_20","SSR_20_d3","Phagolysosome/autophagy","Survival","D3",3,2,"M2",-0.554275739104927,21.1118055555556,"是","气肿性肾盂肾炎","non-lung infection",0,0,28,"included"
"SSR_20","SSR_20_d3","Type I interferon response","Survival","D3",3,2,"M3",-0.521397759030737,21.1118055555556,"是","气肿性肾盂肾炎","non-lung infection",0,0,28,"included"
"SSR_20","SSR_20_d3","Ribosome biogenesis","Survival","D3",3,2,"M4",0.412839167355872,21.1118055555556,"是","气肿性肾盂肾炎","non-lung infection",0,0,28,"included"
"SSR_21","SSR_21_d3","PRR/TLR/TNF/NF-kB signaling","Survival","D3",3,2,"M1",-0.629366712361744,9.14513888888889,"是","肾盂肾炎 败血症","non-lung infection",0,0,28,"included"
"SSR_21","SSR_21_d3","Phagolysosome/autophagy","Survival","D3",3,2,"M2",-0.537247172577819,9.14513888888889,"是","肾盂肾炎 败血症","non-lung infection",0,0,28,"included"
"SSR_21","SSR_21_d3","Type I interferon response","Survival","D3",3,2,"M3",-0.512836996330222,9.14513888888889,"是","肾盂肾炎 败血症","non-lung infection",0,0,28,"included"
"SSR_21","SSR_21_d3","Ribosome biogenesis","Survival","D3",3,2,"M4",0.601410153021549,9.14513888888889,"是","肾盂肾炎 败血症","non-lung infection",0,0,28,"included"
"SSR_22","SSR_22_d3","PRR/TLR/TNF/NF-kB signaling","Survival","D3",3,2,"M1",-0.618869379626155,77.5152777777778,"是","化脓性胆管炎","non-lung infection",0,0,28,"included"
"SSR_22","SSR_22_d3","Phagolysosome/autophagy","Survival","D3",3,2,"M2",-0.62757962860482,77.5152777777778,"是","化脓性胆管炎","non-lung infection",0,0,28,"included"
"SSR_22","SSR_22_d3","Type I interferon response","Survival","D3",3,2,"M3",-0.56657851768118,77.5152777777778,"是","化脓性胆管炎","non-lung infection",0,0,28,"included"
"SSR_22","SSR_22_d3","Ribosome biogenesis","Survival","D3",3,2,"M4",0.386673541964242,77.5152777777778,"是","化脓性胆管炎","non-lung infection",0,0,28,"included"
"SSR_23","SSR_23_d3","PRR/TLR/TNF/NF-kB signaling","Survival","D3",3,2,"M1",-0.081432906239185,11.3118055555556,"是","肺部感染","lung infection",0,0,28,"included"
"SSR_23","SSR_23_d3","Phagolysosome/autophagy","Survival","D3",3,2,"M2",-0.0853522146968348,11.3118055555556,"是","肺部感染","lung infection",0,0,28,"included"
"SSR_23","SSR_23_d3","Type I interferon response","Survival","D3",3,2,"M3",0.279157649263354,11.3118055555556,"是","肺部感染","lung infection",0,0,28,"included"
"SSR_23","SSR_23_d3","Ribosome biogenesis","Survival","D3",3,2,"M4",0.278298407800793,11.3118055555556,"是","肺部感染","lung infection",0,0,28,"included"
"SSR_24","SSR_24_d3","PRR/TLR/TNF/NF-kB signaling","Survival","D3",3,2,"M1",-0.592691165136093,10.0944444444444,"是","泌尿系感染","non-lung infection",0,0,28,"included"
"SSR_24","SSR_24_d3","Phagolysosome/autophagy","Survival","D3",3,2,"M2",-0.557955683105086,10.0944444444444,"是","泌尿系感染","non-lung infection",0,0,28,"included"
"SSR_24","SSR_24_d3","Type I interferon response","Survival","D3",3,2,"M3",-0.53692185571244,10.0944444444444,"是","泌尿系感染","non-lung infection",0,0,28,"included"
"SSR_24","SSR_24_d3","Ribosome biogenesis","Survival","D3",3,2,"M4",0.340291715282062,10.0944444444444,"是","泌尿系感染","non-lung infection",0,0,28,"included"
"SSR_25","SSR_25_d3","PRR/TLR/TNF/NF-kB signaling","Survival","D3",3,2,"M1",-0.671417806432066,7.61944444444444,"是","泌尿道感染","non-lung infection",0,0,28,"included"
"SSR_25","SSR_25_d3","Phagolysosome/autophagy","Survival","D3",3,2,"M2",-0.682209672671851,7.61944444444444,"是","泌尿道感染","non-lung infection",0,0,28,"included"
"SSR_25","SSR_25_d3","Type I interferon response","Survival","D3",3,2,"M3",-0.550873125312963,7.61944444444444,"是","泌尿道感染","non-lung infection",0,0,28,"included"
"SSR_25","SSR_25_d3","Ribosome biogenesis","Survival","D3",3,2,"M4",0.509201324401634,7.61944444444444,"是","泌尿道感染","non-lung infection",0,0,28,"included"
"SSR_26","SSR_26_d3","PRR/TLR/TNF/NF-kB signaling","Survival","D3",3,2,"M1",-0.636773794675419,45.5444444444444,"是","化脓性胆管炎","non-lung infection",0,0,28,"included"
"SSR_26","SSR_26_d3","Phagolysosome/autophagy","Survival","D3",3,2,"M2",-0.597811662170705,45.5444444444444,"是","化脓性胆管炎","non-lung infection",0,0,28,"included"
"SSR_26","SSR_26_d3","Type I interferon response","Survival","D3",3,2,"M3",-0.519750187563229,45.5444444444444,"是","化脓性胆管炎","non-lung infection",0,0,28,"included"
"SSR_26","SSR_26_d3","Ribosome biogenesis","Survival","D3",3,2,"M4",0.482590012909132,45.5444444444444,"是","化脓性胆管炎","non-lung infection",0,0,28,"included"
"SSR_27","SSR_27_d3","PRR/TLR/TNF/NF-kB signaling","Survival","D3",3,2,"M1",-0.460188559326168,9.39930555555556,"是","消化道","non-lung infection",0,0,28,"included"
"SSR_27","SSR_27_d3","Phagolysosome/autophagy","Survival","D3",3,2,"M2",-0.505577108244841,9.39930555555556,"是","消化道","non-lung infection",0,0,28,"included"
"SSR_27","SSR_27_d3","Type I interferon response","Survival","D3",3,2,"M3",-0.125874852152333,9.39930555555556,"是","消化道","non-lung infection",0,0,28,"included"
"SSR_27","SSR_27_d3","Ribosome biogenesis","Survival","D3",3,2,"M4",0.171464992573731,9.39930555555556,"是","消化道","non-lung infection",0,0,28,"included"
"SSR_28","SSR_28_d3","PRR/TLR/TNF/NF-kB signaling","Survival","D3",3,2,"M1",0.226239361281519,11.3291666666667,"是","呼吸道","lung infection",0,0,28,"included"
"SSR_28","SSR_28_d3","Phagolysosome/autophagy","Survival","D3",3,2,"M2",0.042906711115107,11.3291666666667,"是","呼吸道","lung infection",0,0,28,"included"
"SSR_28","SSR_28_d3","Type I interferon response","Survival","D3",3,2,"M3",0.38956436453003,11.3291666666667,"是","呼吸道","lung infection",0,0,28,"included"
"SSR_28","SSR_28_d3","Ribosome biogenesis","Survival","D3",3,2,"M4",-0.212272523752049,11.3291666666667,"是","呼吸道","lung infection",0,0,28,"included"
"SSR_29","SSR_29_d3","PRR/TLR/TNF/NF-kB signaling","Survival","D3",3,2,"M1",-0.0698221780442805,41.6909722222222,"是","呼吸道","lung infection",0,0,28,"included"
"SSR_29","SSR_29_d3","Phagolysosome/autophagy","Survival","D3",3,2,"M2",-0.00198523461277816,41.6909722222222,"是","呼吸道","lung infection",0,0,28,"included"
"SSR_29","SSR_29_d3","Type I interferon response","Survival","D3",3,2,"M3",-0.328547482807174,41.6909722222222,"是","呼吸道","lung infection",0,0,28,"included"
"SSR_29","SSR_29_d3","Ribosome biogenesis","Survival","D3",3,2,"M4",-0.261565639099574,41.6909722222222,"是","呼吸道","lung infection",0,0,28,"included"
"SSR_3","SSR_3_d3","PRR/TLR/TNF/NF-kB signaling","Survival","D3",3,2,"M1",0.511814350667914,12.5833333333333,"是","泌尿系感染","non-lung infection",0,0,28,"included"
"SSR_3","SSR_3_d3","Phagolysosome/autophagy","Survival","D3",3,2,"M2",0.547517574907101,12.5833333333333,"是","泌尿系感染","non-lung infection",0,0,28,"included"
"SSR_3","SSR_3_d3","Type I interferon response","Survival","D3",3,2,"M3",0.332297138628796,12.5833333333333,"是","泌尿系感染","non-lung infection",0,0,28,"included"
"SSR_3","SSR_3_d3","Ribosome biogenesis","Survival","D3",3,2,"M4",-0.265168236056165,12.5833333333333,"是","泌尿系感染","non-lung infection",0,0,28,"included"
"SSR_30","SSR_30_d3","PRR/TLR/TNF/NF-kB signaling","Survival","D3",3,2,"M1",0.245315148529292,30.0770833333333,"是","泌尿系","non-lung infection",0,0,28,"included"
"SSR_30","SSR_30_d3","Phagolysosome/autophagy","Survival","D3",3,2,"M2",0.443071592270556,30.0770833333333,"是","泌尿系","non-lung infection",0,0,28,"included"
"SSR_30","SSR_30_d3","Type I interferon response","Survival","D3",3,2,"M3",0.107602214712407,30.0770833333333,"是","泌尿系","non-lung infection",0,0,28,"included"
"SSR_30","SSR_30_d3","Ribosome biogenesis","Survival","D3",3,2,"M4",-0.449913057566213,30.0770833333333,"是","泌尿系","non-lung infection",0,0,28,"included"
"SSR_31","SSR_31_d3","PRR/TLR/TNF/NF-kB signaling","Survival","D3",3,2,"M1",0.085579488519,10.2541666666667,"是","呼吸道","lung infection",0,0,28,"included"
"SSR_31","SSR_31_d3","Phagolysosome/autophagy","Survival","D3",3,2,"M2",0.0277211617009893,10.2541666666667,"是","呼吸道","lung infection",0,0,28,"included"
"SSR_31","SSR_31_d3","Type I interferon response","Survival","D3",3,2,"M3",-0.0650722887906644,10.2541666666667,"是","呼吸道","lung infection",0,0,28,"included"
"SSR_31","SSR_31_d3","Ribosome biogenesis","Survival","D3",3,2,"M4",-0.0458218375185425,10.2541666666667,"是","呼吸道","lung infection",0,0,28,"included"
"SSR_32","SSR_32_d3","PRR/TLR/TNF/NF-kB signaling","Survival","D3",3,2,"M1",0.0741130202364023,4,"是","泌尿系/呼吸道","lung infection",0,0,28,"included"
"SSR_32","SSR_32_d3","Phagolysosome/autophagy","Survival","D3",3,2,"M2",0.346754728230555,4,"是","泌尿系/呼吸道","lung infection",0,0,28,"included"
"SSR_32","SSR_32_d3","Type I interferon response","Survival","D3",3,2,"M3",0.0572770420638406,4,"是","泌尿系/呼吸道","lung infection",0,0,28,"included"
"SSR_32","SSR_32_d3","Ribosome biogenesis","Survival","D3",3,2,"M4",0.0392705925849867,4,"是","泌尿系/呼吸道","lung infection",0,0,28,"included"
"SSR_33","SSR_33_d3","PRR/TLR/TNF/NF-kB signaling","Survival","D3",3,2,"M1",0.350508225449647,15.3993055555556,"是","呼吸道+胃肠道","lung infection",0,0,28,"included"
"SSR_33","SSR_33_d3","Phagolysosome/autophagy","Survival","D3",3,2,"M2",0.402836682531254,15.3993055555556,"是","呼吸道+胃肠道","lung infection",0,0,28,"included"
"SSR_33","SSR_33_d3","Type I interferon response","Survival","D3",3,2,"M3",-0.108913443297283,15.3993055555556,"是","呼吸道+胃肠道","lung infection",0,0,28,"included"
"SSR_33","SSR_33_d3","Ribosome biogenesis","Survival","D3",3,2,"M4",-0.492739481927293,15.3993055555556,"是","呼吸道+胃肠道","lung infection",0,0,28,"included"
"SSR_34","SSR_34_d3","PRR/TLR/TNF/NF-kB signaling","Survival","D3",3,2,"M1",-0.0238839822100532,23.275,"是","呼吸道","lung infection",0,0,28,"included"
"SSR_34","SSR_34_d3","Phagolysosome/autophagy","Survival","D3",3,2,"M2",0.102458701633934,23.275,"是","呼吸道","lung infection",0,0,28,"included"
"SSR_34","SSR_34_d3","Type I interferon response","Survival","D3",3,2,"M3",-0.178481928141239,23.275,"是","呼吸道","lung infection",0,0,28,"included"
"SSR_34","SSR_34_d3","Ribosome biogenesis","Survival","D3",3,2,"M4",0.175131000175234,23.275,"是","呼吸道","lung infection",0,0,28,"included"
"SSR_35","SSR_35_d3","PRR/TLR/TNF/NF-kB signaling","Mortality","D3",3,2,"M1",-0.194163466260338,9.00902777777778,"否","呼吸道","lung infection",1,1,9.00902777777778,"included"
"SSR_35","SSR_35_d3","Phagolysosome/autophagy","Mortality","D3",3,2,"M2",0.00445226563407519,9.00902777777778,"否","呼吸道","lung infection",1,1,9.00902777777778,"included"
"SSR_35","SSR_35_d3","Type I interferon response","Mortality","D3",3,2,"M3",-0.140969063311389,9.00902777777778,"否","呼吸道","lung infection",1,1,9.00902777777778,"included"
"SSR_35","SSR_35_d3","Ribosome biogenesis","Mortality","D3",3,2,"M4",0.09053918412105,9.00902777777778,"否","呼吸道","lung infection",1,1,9.00902777777778,"included"
"SSR_36","SSR_36_d3","PRR/TLR/TNF/NF-kB signaling","Mortality","D3",3,2,"M1",0.431467866486227,13.5666666666667,"否","呼吸道","lung infection",1,1,13.5666666666667,"included"
"SSR_36","SSR_36_d3","Phagolysosome/autophagy","Mortality","D3",3,2,"M2",0.513456196429967,13.5666666666667,"否","呼吸道","lung infection",1,1,13.5666666666667,"included"
"SSR_36","SSR_36_d3","Type I interferon response","Mortality","D3",3,2,"M3",0.173148808098272,13.5666666666667,"否","呼吸道","lung infection",1,1,13.5666666666667,"included"
"SSR_36","SSR_36_d3","Ribosome biogenesis","Mortality","D3",3,2,"M4",-0.471825865163044,13.5666666666667,"否","呼吸道","lung infection",1,1,13.5666666666667,"included"
"SSR_37","SSR_37_d3","PRR/TLR/TNF/NF-kB signaling","Survival","D3",3,2,"M1",0.431802912636806,22.2972222222222,"是","泌尿道","non-lung infection",0,0,28,"included"
"SSR_37","SSR_37_d3","Phagolysosome/autophagy","Survival","D3",3,2,"M2",0.428106951369305,22.2972222222222,"是","泌尿道","non-lung infection",0,0,28,"included"
"SSR_37","SSR_37_d3","Type I interferon response","Survival","D3",3,2,"M3",0.116202242399808,22.2972222222222,"是","泌尿道","non-lung infection",0,0,28,"included"
"SSR_37","SSR_37_d3","Ribosome biogenesis","Survival","D3",3,2,"M4",-0.333740559363923,22.2972222222222,"是","泌尿道","non-lung infection",0,0,28,"included"
"SSR_38","SSR_38_d3","PRR/TLR/TNF/NF-kB signaling","Survival","D3",3,2,"M1",-0.0845749159607185,35.7958333333333,"是","胆道","non-lung infection",0,0,28,"included"
"SSR_38","SSR_38_d3","Phagolysosome/autophagy","Survival","D3",3,2,"M2",-0.146652067152376,35.7958333333333,"是","胆道","non-lung infection",0,0,28,"included"
"SSR_38","SSR_38_d3","Type I interferon response","Survival","D3",3,2,"M3",-0.0216223682291771,35.7958333333333,"是","胆道","non-lung infection",0,0,28,"included"
"SSR_38","SSR_38_d3","Ribosome biogenesis","Survival","D3",3,2,"M4",-0.00505126447754267,35.7958333333333,"是","胆道","non-lung infection",0,0,28,"included"
"SSR_39","SSR_39_d3","PRR/TLR/TNF/NF-kB signaling","Survival","D3",3,2,"M1",0.184789584341871,6.12291666666667,"是","泌尿道","non-lung infection",0,0,28,"included"
"SSR_39","SSR_39_d3","Phagolysosome/autophagy","Survival","D3",3,2,"M2",0.220923501807886,6.12291666666667,"是","泌尿道","non-lung infection",0,0,28,"included"
"SSR_39","SSR_39_d3","Type I interferon response","Survival","D3",3,2,"M3",0.142321617079207,6.12291666666667,"是","泌尿道","non-lung infection",0,0,28,"included"
"SSR_39","SSR_39_d3","Ribosome biogenesis","Survival","D3",3,2,"M4",0.0768507687865804,6.12291666666667,"是","泌尿道","non-lung infection",0,0,28,"included"
"SSR_4","SSR_4_d3","PRR/TLR/TNF/NF-kB signaling","Survival","D3",3,2,"M1",0.262156372187062,73.2388888888889,"是","肺部感染","lung infection",0,0,28,"included"
"SSR_4","SSR_4_d3","Phagolysosome/autophagy","Survival","D3",3,2,"M2",0.439271320496445,73.2388888888889,"是","肺部感染","lung infection",0,0,28,"included"
"SSR_4","SSR_4_d3","Type I interferon response","Survival","D3",3,2,"M3",0.260748824085854,73.2388888888889,"是","肺部感染","lung infection",0,0,28,"included"
"SSR_4","SSR_4_d3","Ribosome biogenesis","Survival","D3",3,2,"M4",0.357645918571352,73.2388888888889,"是","肺部感染","lung infection",0,0,28,"included"
"SSR_40","SSR_40_d3","PRR/TLR/TNF/NF-kB signaling","Survival","D3",3,2,"M1",0.473679770879706,17.3777777777778,"是","呼吸道","lung infection",0,0,28,"included"
"SSR_40","SSR_40_d3","Phagolysosome/autophagy","Survival","D3",3,2,"M2",0.419755296456569,17.3777777777778,"是","呼吸道","lung infection",0,0,28,"included"
"SSR_40","SSR_40_d3","Type I interferon response","Survival","D3",3,2,"M3",0.462703884128576,17.3777777777778,"是","呼吸道","lung infection",0,0,28,"included"
"SSR_40","SSR_40_d3","Ribosome biogenesis","Survival","D3",3,2,"M4",-0.284330605671175,17.3777777777778,"是","呼吸道","lung infection",0,0,28,"included"
"SSR_41","SSR_41_d3","PRR/TLR/TNF/NF-kB signaling","Survival","D3",3,2,"M1",0.534710832125569,34.3847222222222,"是","泌尿道","non-lung infection",0,0,28,"included"
"SSR_41","SSR_41_d3","Phagolysosome/autophagy","Survival","D3",3,2,"M2",0.598728977754997,34.3847222222222,"是","泌尿道","non-lung infection",0,0,28,"included"
"SSR_41","SSR_41_d3","Type I interferon response","Survival","D3",3,2,"M3",0.285177124435149,34.3847222222222,"是","泌尿道","non-lung infection",0,0,28,"included"
"SSR_41","SSR_41_d3","Ribosome biogenesis","Survival","D3",3,2,"M4",-0.478688031417576,34.3847222222222,"是","泌尿道","non-lung infection",0,0,28,"included"
"SSR_42","SSR_42_d3","PRR/TLR/TNF/NF-kB signaling","Survival","D3",3,2,"M1",-0.376052441668624,10.9493055555556,"是","泌尿道","non-lung infection",0,0,28,"included"
"SSR_42","SSR_42_d3","Phagolysosome/autophagy","Survival","D3",3,2,"M2",-0.350354866205023,10.9493055555556,"是","泌尿道","non-lung infection",0,0,28,"included"
"SSR_42","SSR_42_d3","Type I interferon response","Survival","D3",3,2,"M3",-0.497280251450263,10.9493055555556,"是","泌尿道","non-lung infection",0,0,28,"included"
"SSR_42","SSR_42_d3","Ribosome biogenesis","Survival","D3",3,2,"M4",-0.459756036898425,10.9493055555556,"是","泌尿道","non-lung infection",0,0,28,"included"
"SSR_43","SSR_43_d3","PRR/TLR/TNF/NF-kB signaling","Survival","D3",3,2,"M1",0.523125321467831,19.9889699074074,"是","肺部","lung infection",0,0,28,"included"
"SSR_43","SSR_43_d3","Phagolysosome/autophagy","Survival","D3",3,2,"M2",0.473004385980756,19.9889699074074,"是","肺部","lung infection",0,0,28,"included"
"SSR_43","SSR_43_d3","Type I interferon response","Survival","D3",3,2,"M3",0.511475338805661,19.9889699074074,"是","肺部","lung infection",0,0,28,"included"
"SSR_43","SSR_43_d3","Ribosome biogenesis","Survival","D3",3,2,"M4",-0.633410967900783,19.9889699074074,"是","肺部","lung infection",0,0,28,"included"
"SSR_44","SSR_44_d3","PRR/TLR/TNF/NF-kB signaling","Mortality","D3",3,2,"M1",0.588496748630267,18.2790972222222,"否","呼吸道、泌尿道","lung infection",1,1,18.2790972222222,"included"
"SSR_44","SSR_44_d3","Phagolysosome/autophagy","Mortality","D3",3,2,"M2",0.466813106073258,18.2790972222222,"否","呼吸道、泌尿道","lung infection",1,1,18.2790972222222,"included"
"SSR_44","SSR_44_d3","Type I interferon response","Mortality","D3",3,2,"M3",0.504080164434011,18.2790972222222,"否","呼吸道、泌尿道","lung infection",1,1,18.2790972222222,"included"
"SSR_44","SSR_44_d3","Ribosome biogenesis","Mortality","D3",3,2,"M4",-0.639466867980022,18.2790972222222,"否","呼吸道、泌尿道","lung infection",1,1,18.2790972222222,"included"
"SSR_46","SSR_46_d3","PRR/TLR/TNF/NF-kB signaling","Survival","D3",3,2,"M1",0.488797081758977,14.740625,"是","呼吸道来源","lung infection",0,0,28,"included"
"SSR_46","SSR_46_d3","Phagolysosome/autophagy","Survival","D3",3,2,"M2",0.423921883685723,14.740625,"是","呼吸道来源","lung infection",0,0,28,"included"
"SSR_46","SSR_46_d3","Type I interferon response","Survival","D3",3,2,"M3",0.465558979095418,14.740625,"是","呼吸道来源","lung infection",0,0,28,"included"
"SSR_46","SSR_46_d3","Ribosome biogenesis","Survival","D3",3,2,"M4",-0.750207476520665,14.740625,"是","呼吸道来源","lung infection",0,0,28,"included"
"SSR_47","SSR_47_d3","PRR/TLR/TNF/NF-kB signaling","Survival","D3",3,2,"M1",0.418287073239359,10.1527777777778,"是","呼吸道来源","lung infection",0,0,28,"included"
"SSR_47","SSR_47_d3","Phagolysosome/autophagy","Survival","D3",3,2,"M2",0.224608884681218,10.1527777777778,"是","呼吸道来源","lung infection",0,0,28,"included"
"SSR_47","SSR_47_d3","Type I interferon response","Survival","D3",3,2,"M3",0.507670551081803,10.1527777777778,"是","呼吸道来源","lung infection",0,0,28,"included"
"SSR_47","SSR_47_d3","Ribosome biogenesis","Survival","D3",3,2,"M4",-0.645072229898164,10.1527777777778,"是","呼吸道来源","lung infection",0,0,28,"included"
"SSR_48","SSR_48_d3","PRR/TLR/TNF/NF-kB signaling","Survival","D3",3,2,"M1",-0.235550633842213,35.9946875,"是","呼吸道来源","lung infection",0,0,28,"included"
"SSR_48","SSR_48_d3","Phagolysosome/autophagy","Survival","D3",3,2,"M2",-0.380347156282919,35.9946875,"是","呼吸道来源","lung infection",0,0,28,"included"
"SSR_48","SSR_48_d3","Type I interferon response","Survival","D3",3,2,"M3",0.025670134763661,35.9946875,"是","呼吸道来源","lung infection",0,0,28,"included"
"SSR_48","SSR_48_d3","Ribosome biogenesis","Survival","D3",3,2,"M4",-0.483485089582507,35.9946875,"是","呼吸道来源","lung infection",0,0,28,"included"
"SSR_5","SSR_5_d3","PRR/TLR/TNF/NF-kB signaling","Survival","D3",3,2,"M1",-0.0638899638120705,5.89305555555556,"是","肺部感染","lung infection",0,0,28,"included"
"SSR_5","SSR_5_d3","Phagolysosome/autophagy","Survival","D3",3,2,"M2",0.112782999288162,5.89305555555556,"是","肺部感染","lung infection",0,0,28,"included"
"SSR_5","SSR_5_d3","Type I interferon response","Survival","D3",3,2,"M3",-0.05829403995638,5.89305555555556,"是","肺部感染","lung infection",0,0,28,"included"
"SSR_5","SSR_5_d3","Ribosome biogenesis","Survival","D3",3,2,"M4",0.490943500355443,5.89305555555556,"是","肺部感染","lung infection",0,0,28,"included"
"SSR_50","SSR_50_d3","PRR/TLR/TNF/NF-kB signaling","Survival","D3",3,2,"M1",0.0313215388727627,13.5632291666667,"是","泌尿道来源","non-lung infection",0,0,28,"included"
"SSR_50","SSR_50_d3","Phagolysosome/autophagy","Survival","D3",3,2,"M2",-0.059300081370395,13.5632291666667,"是","泌尿道来源","non-lung infection",0,0,28,"included"
"SSR_50","SSR_50_d3","Type I interferon response","Survival","D3",3,2,"M3",-0.291709947236214,13.5632291666667,"是","泌尿道来源","non-lung infection",0,0,28,"included"
"SSR_50","SSR_50_d3","Ribosome biogenesis","Survival","D3",3,2,"M4",-0.534542434481445,13.5632291666667,"是","泌尿道来源","non-lung infection",0,0,28,"included"
"SSR_51","SSR_51_d3","PRR/TLR/TNF/NF-kB signaling","Survival","D3",3,2,"M1",-0.39716537586697,12.5612152777778,"是","胆道来源","non-lung infection",0,0,28,"included"
"SSR_51","SSR_51_d3","Phagolysosome/autophagy","Survival","D3",3,2,"M2",-0.417298814798565,12.5612152777778,"是","胆道来源","non-lung infection",0,0,28,"included"
"SSR_51","SSR_51_d3","Type I interferon response","Survival","D3",3,2,"M3",-0.187662424257849,12.5612152777778,"是","胆道来源","non-lung infection",0,0,28,"included"
"SSR_51","SSR_51_d3","Ribosome biogenesis","Survival","D3",3,2,"M4",-0.351528935907924,12.5612152777778,"是","胆道来源","non-lung infection",0,0,28,"included"
"SSR_52","SSR_52_d3","PRR/TLR/TNF/NF-kB signaling","Survival","D3",3,2,"M1",-0.395596303510483,12.0326388888889,"是","呼吸道","lung infection",0,0,28,"included"
"SSR_52","SSR_52_d3","Phagolysosome/autophagy","Survival","D3",3,2,"M2",-0.419247596244722,12.0326388888889,"是","呼吸道","lung infection",0,0,28,"included"
"SSR_52","SSR_52_d3","Type I interferon response","Survival","D3",3,2,"M3",-0.256853713610422,12.0326388888889,"是","呼吸道","lung infection",0,0,28,"included"
"SSR_52","SSR_52_d3","Ribosome biogenesis","Survival","D3",3,2,"M4",-0.486802815991119,12.0326388888889,"是","呼吸道","lung infection",0,0,28,"included"
"SSR_53","SSR_53_d3","PRR/TLR/TNF/NF-kB signaling","Survival","D3",3,2,"M1",-0.00538069731034685,12.4101041666667,"是","胆道来源","non-lung infection",0,0,28,"included"
"SSR_53","SSR_53_d3","Phagolysosome/autophagy","Survival","D3",3,2,"M2",-0.0878247842267905,12.4101041666667,"是","胆道来源","non-lung infection",0,0,28,"included"
"SSR_53","SSR_53_d3","Type I interferon response","Survival","D3",3,2,"M3",-0.093741395482509,12.4101041666667,"是","胆道来源","non-lung infection",0,0,28,"included"
"SSR_53","SSR_53_d3","Ribosome biogenesis","Survival","D3",3,2,"M4",-0.589187638414939,12.4101041666667,"是","胆道来源","non-lung infection",0,0,28,"included"
"SSR_54","SSR_54_d3","PRR/TLR/TNF/NF-kB signaling","Survival","D3",3,2,"M1",-0.355807086169655,94.6681481481481,"是","肺部来源","lung infection",0,0,28,"included"
"SSR_54","SSR_54_d3","Phagolysosome/autophagy","Survival","D3",3,2,"M2",-0.461005146270836,94.6681481481481,"是","肺部来源","lung infection",0,0,28,"included"
"SSR_54","SSR_54_d3","Type I interferon response","Survival","D3",3,2,"M3",0.014507377867034,94.6681481481481,"是","肺部来源","lung infection",0,0,28,"included"
"SSR_54","SSR_54_d3","Ribosome biogenesis","Survival","D3",3,2,"M4",-0.29153148568898,94.6681481481481,"是","肺部来源","lung infection",0,0,28,"included"
"SSR_55","SSR_55_d3","PRR/TLR/TNF/NF-kB signaling","Survival","D3",3,2,"M1",-0.442712490484656,5.25609953703704,"是","胆道来源","non-lung infection",0,0,28,"included"
"SSR_55","SSR_55_d3","Phagolysosome/autophagy","Survival","D3",3,2,"M2",-0.416390620928838,5.25609953703704,"是","胆道来源","non-lung infection",0,0,28,"included"
"SSR_55","SSR_55_d3","Type I interferon response","Survival","D3",3,2,"M3",-0.172803047992637,5.25609953703704,"是","胆道来源","non-lung infection",0,0,28,"included"
"SSR_55","SSR_55_d3","Ribosome biogenesis","Survival","D3",3,2,"M4",-0.424774771102515,5.25609953703704,"是","胆道来源","non-lung infection",0,0,28,"included"
"SSR_56","SSR_56_d3","PRR/TLR/TNF/NF-kB signaling","Survival","D3",3,2,"M1",-0.315662865083498,15.2991898148148,"是","肺部","lung infection",0,0,28,"included"
"SSR_56","SSR_56_d3","Phagolysosome/autophagy","Survival","D3",3,2,"M2",-0.390314957696106,15.2991898148148,"是","肺部","lung infection",0,0,28,"included"
"SSR_56","SSR_56_d3","Type I interferon response","Survival","D3",3,2,"M3",-0.11525035171095,15.2991898148148,"是","肺部","lung infection",0,0,28,"included"
"SSR_56","SSR_56_d3","Ribosome biogenesis","Survival","D3",3,2,"M4",-0.464787346842623,15.2991898148148,"是","肺部","lung infection",0,0,28,"included"
"SSR_57","SSR_57_d3","PRR/TLR/TNF/NF-kB signaling","Survival","D3",3,2,"M1",-0.00719317513262102,19.3571875,"是","腹腔来源","non-lung infection",0,0,28,"included"
"SSR_57","SSR_57_d3","Phagolysosome/autophagy","Survival","D3",3,2,"M2",-0.109771425766004,19.3571875,"是","腹腔来源","non-lung infection",0,0,28,"included"
"SSR_57","SSR_57_d3","Type I interferon response","Survival","D3",3,2,"M3",-0.151157590670864,19.3571875,"是","腹腔来源","non-lung infection",0,0,28,"included"
"SSR_57","SSR_57_d3","Ribosome biogenesis","Survival","D3",3,2,"M4",-0.563178912695441,19.3571875,"是","腹腔来源","non-lung infection",0,0,28,"included"
"SSR_58","SSR_58_d3","PRR/TLR/TNF/NF-kB signaling","Survival","D3",3,2,"M1",-0.177411538298058,4.89090277777778,"是","皮肤来源","non-lung infection",0,0,28,"included"
"SSR_58","SSR_58_d3","Phagolysosome/autophagy","Survival","D3",3,2,"M2",-0.32036867530751,4.89090277777778,"是","皮肤来源","non-lung infection",0,0,28,"included"
"SSR_58","SSR_58_d3","Type I interferon response","Survival","D3",3,2,"M3",0.157253577436609,4.89090277777778,"是","皮肤来源","non-lung infection",0,0,28,"included"
"SSR_58","SSR_58_d3","Ribosome biogenesis","Survival","D3",3,2,"M4",-0.547891227728108,4.89090277777778,"是","皮肤来源","non-lung infection",0,0,28,"included"
"SSR_59","SSR_59_d3","PRR/TLR/TNF/NF-kB signaling","Mortality","D3",3,2,"M1",0.52862723623415,14.5020833333333,"否","肺部","lung infection",1,1,14.5020833333333,"included"
"SSR_59","SSR_59_d3","Phagolysosome/autophagy","Mortality","D3",3,2,"M2",0.438740033812934,14.5020833333333,"否","肺部","lung infection",1,1,14.5020833333333,"included"
"SSR_59","SSR_59_d3","Type I interferon response","Mortality","D3",3,2,"M3",0.307492696103697,14.5020833333333,"否","肺部","lung infection",1,1,14.5020833333333,"included"
"SSR_59","SSR_59_d3","Ribosome biogenesis","Mortality","D3",3,2,"M4",-0.71514056127292,14.5020833333333,"否","肺部","lung infection",1,1,14.5020833333333,"included"
"SSR_6","SSR_6_d3","PRR/TLR/TNF/NF-kB signaling","Survival","D3",3,2,"M1",0.0163878641354847,38.5027777777778,"是","肠源性感染？肺部感染","lung infection",0,0,28,"included"
"SSR_6","SSR_6_d3","Phagolysosome/autophagy","Survival","D3",3,2,"M2",0.199647025960512,38.5027777777778,"是","肠源性感染？肺部感染","lung infection",0,0,28,"included"
"SSR_6","SSR_6_d3","Type I interferon response","Survival","D3",3,2,"M3",-0.0402493533634952,38.5027777777778,"是","肠源性感染？肺部感染","lung infection",0,0,28,"included"
"SSR_6","SSR_6_d3","Ribosome biogenesis","Survival","D3",3,2,"M4",-0.111696865627283,38.5027777777778,"是","肠源性感染？肺部感染","lung infection",0,0,28,"included"
"SSR_60","SSR_60_d3","PRR/TLR/TNF/NF-kB signaling","Survival","D3",3,2,"M1",-0.384293758786233,12.6908333333333,"是","肺部","lung infection",0,0,28,"included"
"SSR_60","SSR_60_d3","Phagolysosome/autophagy","Survival","D3",3,2,"M2",-0.413778227165716,12.6908333333333,"是","肺部","lung infection",0,0,28,"included"
"SSR_60","SSR_60_d3","Type I interferon response","Survival","D3",3,2,"M3",-0.350390363506207,12.6908333333333,"是","肺部","lung infection",0,0,28,"included"
"SSR_60","SSR_60_d3","Ribosome biogenesis","Survival","D3",3,2,"M4",-0.451795129977408,12.6908333333333,"是","肺部","lung infection",0,0,28,"included"
"SSR_61","SSR_61_d3","PRR/TLR/TNF/NF-kB signaling","Survival","D3",3,2,"M1",-0.171146679860228,36.2573726851852,"是","呼吸道来源","lung infection",0,0,28,"included"
"SSR_61","SSR_61_d3","Phagolysosome/autophagy","Survival","D3",3,2,"M2",-0.233673415356821,36.2573726851852,"是","呼吸道来源","lung infection",0,0,28,"included"
"SSR_61","SSR_61_d3","Type I interferon response","Survival","D3",3,2,"M3",0.0152961431808009,36.2573726851852,"是","呼吸道来源","lung infection",0,0,28,"included"
"SSR_61","SSR_61_d3","Ribosome biogenesis","Survival","D3",3,2,"M4",-0.572606334551781,36.2573726851852,"是","呼吸道来源","lung infection",0,0,28,"included"
"SSR_62","SSR_62_d3","PRR/TLR/TNF/NF-kB signaling","Survival","D3",3,2,"M1",0.215777952581563,40.7966319444444,"是","肺部","lung infection",0,0,28,"included"
"SSR_62","SSR_62_d3","Phagolysosome/autophagy","Survival","D3",3,2,"M2",-0.018196251391398,40.7966319444444,"是","肺部","lung infection",0,0,28,"included"
"SSR_62","SSR_62_d3","Type I interferon response","Survival","D3",3,2,"M3",0.457040366393394,40.7966319444444,"是","肺部","lung infection",0,0,28,"included"
"SSR_62","SSR_62_d3","Ribosome biogenesis","Survival","D3",3,2,"M4",-0.579310696920261,40.7966319444444,"是","肺部","lung infection",0,0,28,"included"
"SSR_63","SSR_63_d3","PRR/TLR/TNF/NF-kB signaling","Survival","D3",3,2,"M1",-0.148301593677335,9.30396990740741,"是","消化道","non-lung infection",0,0,28,"included"
"SSR_63","SSR_63_d3","Phagolysosome/autophagy","Survival","D3",3,2,"M2",-0.313743938950729,9.30396990740741,"是","消化道","non-lung infection",0,0,28,"included"
"SSR_63","SSR_63_d3","Type I interferon response","Survival","D3",3,2,"M3",0.350711218772821,9.30396990740741,"是","消化道","non-lung infection",0,0,28,"included"
"SSR_63","SSR_63_d3","Ribosome biogenesis","Survival","D3",3,2,"M4",-0.492593943975572,9.30396990740741,"是","消化道","non-lung infection",0,0,28,"included"
"SSR_64","SSR_64_d3","PRR/TLR/TNF/NF-kB signaling","Survival","D3",3,2,"M1",0.351694467589143,18.7090277777778,"是","呼吸道","lung infection",0,0,28,"included"
"SSR_64","SSR_64_d3","Phagolysosome/autophagy","Survival","D3",3,2,"M2",0.0807402172488744,18.7090277777778,"是","呼吸道","lung infection",0,0,28,"included"
"SSR_64","SSR_64_d3","Type I interferon response","Survival","D3",3,2,"M3",-0.181324309904966,18.7090277777778,"是","呼吸道","lung infection",0,0,28,"included"
"SSR_64","SSR_64_d3","Ribosome biogenesis","Survival","D3",3,2,"M4",-0.680899224526496,18.7090277777778,"是","呼吸道","lung infection",0,0,28,"included"
"SSR_65","SSR_65_d3","PRR/TLR/TNF/NF-kB signaling","Survival","D3",3,2,"M1",0.259134107134759,17.6013888888889,"是","肺","lung infection",0,0,28,"included"
"SSR_65","SSR_65_d3","Phagolysosome/autophagy","Survival","D3",3,2,"M2",0.234596817154851,17.6013888888889,"是","肺","lung infection",0,0,28,"included"
"SSR_65","SSR_65_d3","Type I interferon response","Survival","D3",3,2,"M3",-0.191825385090529,17.6013888888889,"是","肺","lung infection",0,0,28,"included"
"SSR_65","SSR_65_d3","Ribosome biogenesis","Survival","D3",3,2,"M4",-0.624469892977356,17.6013888888889,"是","肺","lung infection",0,0,28,"included"
"SSR_66","SSR_66_d3","PRR/TLR/TNF/NF-kB signaling","Survival","D3",3,2,"M1",-0.330310432188174,22.0243981481481,"是","胆囊来源","non-lung infection",0,0,28,"included"
"SSR_66","SSR_66_d3","Phagolysosome/autophagy","Survival","D3",3,2,"M2",-0.267148122557309,22.0243981481481,"是","胆囊来源","non-lung infection",0,0,28,"included"
"SSR_66","SSR_66_d3","Type I interferon response","Survival","D3",3,2,"M3",-0.387149795709749,22.0243981481481,"是","胆囊来源","non-lung infection",0,0,28,"included"
"SSR_66","SSR_66_d3","Ribosome biogenesis","Survival","D3",3,2,"M4",-0.467715291179905,22.0243981481481,"是","胆囊来源","non-lung infection",0,0,28,"included"
"SSR_67","SSR_67_d3","PRR/TLR/TNF/NF-kB signaling","Survival","D3",3,2,"M1",-0.291965662445175,12.2263888888889,"是","皮肤","non-lung infection",0,0,28,"included"
"SSR_67","SSR_67_d3","Phagolysosome/autophagy","Survival","D3",3,2,"M2",-0.326358859768225,12.2263888888889,"是","皮肤","non-lung infection",0,0,28,"included"
"SSR_67","SSR_67_d3","Type I interferon response","Survival","D3",3,2,"M3",-0.365173709946942,12.2263888888889,"是","皮肤","non-lung infection",0,0,28,"included"
"SSR_67","SSR_67_d3","Ribosome biogenesis","Survival","D3",3,2,"M4",-0.603513926309268,12.2263888888889,"是","皮肤","non-lung infection",0,0,28,"included"
"SSR_68","SSR_68_d3","PRR/TLR/TNF/NF-kB signaling","Survival","D3",3,2,"M1",-0.196624992054639,43.510150462963,"是","血培养","non-lung infection",0,0,28,"included"
"SSR_68","SSR_68_d3","Phagolysosome/autophagy","Survival","D3",3,2,"M2",-0.252285451431765,43.510150462963,"是","血培养","non-lung infection",0,0,28,"included"
"SSR_68","SSR_68_d3","Type I interferon response","Survival","D3",3,2,"M3",-0.308776728257349,43.510150462963,"是","血培养","non-lung infection",0,0,28,"included"
"SSR_68","SSR_68_d3","Ribosome biogenesis","Survival","D3",3,2,"M4",-0.49731310013039,43.510150462963,"是","血培养","non-lung infection",0,0,28,"included"
"SSR_69","SSR_69_d3","PRR/TLR/TNF/NF-kB signaling","Mortality","D3",3,2,"M1",0.244569825897419,11.5590277777778,"否","肺部感染","lung infection",1,1,11.5590277777778,"included"
"SSR_69","SSR_69_d3","Phagolysosome/autophagy","Mortality","D3",3,2,"M2",-0.125477546606579,11.5590277777778,"否","肺部感染","lung infection",1,1,11.5590277777778,"included"
"SSR_69","SSR_69_d3","Type I interferon response","Mortality","D3",3,2,"M3",0.421912229669321,11.5590277777778,"否","肺部感染","lung infection",1,1,11.5590277777778,"included"
"SSR_69","SSR_69_d3","Ribosome biogenesis","Mortality","D3",3,2,"M4",-0.498630648873596,11.5590277777778,"否","肺部感染","lung infection",1,1,11.5590277777778,"included"
"SSR_7","SSR_7_d3","PRR/TLR/TNF/NF-kB signaling","Survival","D3",3,2,"M1",0.00867793007307396,6.84166666666667,"是","泌尿道感染","non-lung infection",0,0,28,"included"
"SSR_7","SSR_7_d3","Phagolysosome/autophagy","Survival","D3",3,2,"M2",0.27865609057339,6.84166666666667,"是","泌尿道感染","non-lung infection",0,0,28,"included"
"SSR_7","SSR_7_d3","Type I interferon response","Survival","D3",3,2,"M3",0.0382471616860832,6.84166666666667,"是","泌尿道感染","non-lung infection",0,0,28,"included"
"SSR_7","SSR_7_d3","Ribosome biogenesis","Survival","D3",3,2,"M4",-0.128182856855437,6.84166666666667,"是","泌尿道感染","non-lung infection",0,0,28,"included"
"SSR_70","SSR_70_d3","PRR/TLR/TNF/NF-kB signaling","Survival","D3",3,2,"M1",-0.492742489521838,15.9009259259259,"是","肺部感染","lung infection",0,0,28,"included"
"SSR_70","SSR_70_d3","Phagolysosome/autophagy","Survival","D3",3,2,"M2",-0.491786359847865,15.9009259259259,"是","肺部感染","lung infection",0,0,28,"included"
"SSR_70","SSR_70_d3","Type I interferon response","Survival","D3",3,2,"M3",-0.437322062376114,15.9009259259259,"是","肺部感染","lung infection",0,0,28,"included"
"SSR_70","SSR_70_d3","Ribosome biogenesis","Survival","D3",3,2,"M4",-0.305021387462254,15.9009259259259,"是","肺部感染","lung infection",0,0,28,"included"
"SSR_71","SSR_71_d3","PRR/TLR/TNF/NF-kB signaling","Survival","D3",3,2,"M1",-0.409152667085962,26.9751273148148,"是","肾/肝","non-lung infection",0,0,28,"included"
"SSR_71","SSR_71_d3","Phagolysosome/autophagy","Survival","D3",3,2,"M2",-0.467569621605768,26.9751273148148,"是","肾/肝","non-lung infection",0,0,28,"included"
"SSR_71","SSR_71_d3","Type I interferon response","Survival","D3",3,2,"M3",-0.211095459664941,26.9751273148148,"是","肾/肝","non-lung infection",0,0,28,"included"
"SSR_71","SSR_71_d3","Ribosome biogenesis","Survival","D3",3,2,"M4",-0.375387780469856,26.9751273148148,"是","肾/肝","non-lung infection",0,0,28,"included"
"SSR_73","SSR_73_d3","PRR/TLR/TNF/NF-kB signaling","Survival","D3",3,2,"M1",0.427201869946937,16.7012962962963,"是","肠道、胆囊","non-lung infection",0,0,28,"included"
"SSR_73","SSR_73_d3","Phagolysosome/autophagy","Survival","D3",3,2,"M2",0.288040375432271,16.7012962962963,"是","肠道、胆囊","non-lung infection",0,0,28,"included"
"SSR_73","SSR_73_d3","Type I interferon response","Survival","D3",3,2,"M3",0.442783271009084,16.7012962962963,"是","肠道、胆囊","non-lung infection",0,0,28,"included"
"SSR_73","SSR_73_d3","Ribosome biogenesis","Survival","D3",3,2,"M4",-0.699600197613608,16.7012962962963,"是","肠道、胆囊","non-lung infection",0,0,28,"included"
"SSR_74","SSR_74_d3","PRR/TLR/TNF/NF-kB signaling","Survival","D3",3,2,"M1",-0.276644251790486,9.79347222222222,"是","胆道","non-lung infection",0,0,28,"included"
"SSR_74","SSR_74_d3","Phagolysosome/autophagy","Survival","D3",3,2,"M2",-0.363877775130297,9.79347222222222,"是","胆道","non-lung infection",0,0,28,"included"
"SSR_74","SSR_74_d3","Type I interferon response","Survival","D3",3,2,"M3",-0.330053410080121,9.79347222222222,"是","胆道","non-lung infection",0,0,28,"included"
"SSR_74","SSR_74_d3","Ribosome biogenesis","Survival","D3",3,2,"M4",-0.491992857488987,9.79347222222222,"是","胆道","non-lung infection",0,0,28,"included"
"SSR_75","SSR_75_d3","PRR/TLR/TNF/NF-kB signaling","Survival","D3",3,2,"M1",-0.445418225792769,31.817037037037,"是","血培养","non-lung infection",0,0,28,"included"
"SSR_75","SSR_75_d3","Phagolysosome/autophagy","Survival","D3",3,2,"M2",-0.464396879274587,31.817037037037,"是","血培养","non-lung infection",0,0,28,"included"
"SSR_75","SSR_75_d3","Type I interferon response","Survival","D3",3,2,"M3",-0.375861084820259,31.817037037037,"是","血培养","non-lung infection",0,0,28,"included"
"SSR_75","SSR_75_d3","Ribosome biogenesis","Survival","D3",3,2,"M4",-0.325615462569955,31.817037037037,"是","血培养","non-lung infection",0,0,28,"included"
"SSR_76","SSR_76_d3","PRR/TLR/TNF/NF-kB signaling","Mortality","D3",3,2,"M1",0.231769757617008,19.081087962963,"否","肺","lung infection",1,1,19.081087962963,"included"
"SSR_76","SSR_76_d3","Phagolysosome/autophagy","Mortality","D3",3,2,"M2",-0.0444602079231216,19.081087962963,"否","肺","lung infection",1,1,19.081087962963,"included"
"SSR_76","SSR_76_d3","Type I interferon response","Mortality","D3",3,2,"M3",0.170552176233176,19.081087962963,"否","肺","lung infection",1,1,19.081087962963,"included"
"SSR_76","SSR_76_d3","Ribosome biogenesis","Mortality","D3",3,2,"M4",-0.682103222954966,19.081087962963,"否","肺","lung infection",1,1,19.081087962963,"included"
"SSR_77","SSR_77_d3","PRR/TLR/TNF/NF-kB signaling","Survival","D3",3,2,"M1",0.0012182207469455,10.3195833333333,"是","腹腔","non-lung infection",0,0,28,"included"
"SSR_77","SSR_77_d3","Phagolysosome/autophagy","Survival","D3",3,2,"M2",0.169977258044481,10.3195833333333,"是","腹腔","non-lung infection",0,0,28,"included"
"SSR_77","SSR_77_d3","Type I interferon response","Survival","D3",3,2,"M3",0.0636705165990418,10.3195833333333,"是","腹腔","non-lung infection",0,0,28,"included"
"SSR_77","SSR_77_d3","Ribosome biogenesis","Survival","D3",3,2,"M4",0.0374999333389968,10.3195833333333,"是","腹腔","non-lung infection",0,0,28,"included"
"SSR_78","SSR_78_d3","PRR/TLR/TNF/NF-kB signaling","Survival","D3",3,2,"M1",-0.472659353072316,87.4760416666667,"是","呼吸道","lung infection",0,0,28,"included"
"SSR_78","SSR_78_d3","Phagolysosome/autophagy","Survival","D3",3,2,"M2",-0.435901452901163,87.4760416666667,"是","呼吸道","lung infection",0,0,28,"included"
"SSR_78","SSR_78_d3","Type I interferon response","Survival","D3",3,2,"M3",-0.4274119121329,87.4760416666667,"是","呼吸道","lung infection",0,0,28,"included"
"SSR_78","SSR_78_d3","Ribosome biogenesis","Survival","D3",3,2,"M4",-0.311213175151428,87.4760416666667,"是","呼吸道","lung infection",0,0,28,"included"
"SSR_79","SSR_79_d3","PRR/TLR/TNF/NF-kB signaling","Survival","D3",3,2,"M1",0.243631255300423,15.8494212962963,"是","右侧肺","lung infection",0,0,28,"included"
"SSR_79","SSR_79_d3","Phagolysosome/autophagy","Survival","D3",3,2,"M2",-0.175368475626072,15.8494212962963,"是","右侧肺","lung infection",0,0,28,"included"
"SSR_79","SSR_79_d3","Type I interferon response","Survival","D3",3,2,"M3",0.101619704746893,15.8494212962963,"是","右侧肺","lung infection",0,0,28,"included"
"SSR_79","SSR_79_d3","Ribosome biogenesis","Survival","D3",3,2,"M4",-0.554179525947865,15.8494212962963,"是","右侧肺","lung infection",0,0,28,"included"
"SSR_8","SSR_8_d3","PRR/TLR/TNF/NF-kB signaling","Survival","D3",3,2,"M1",0.0833412034358656,8.12708333333333,"是","肺部？尿路？","lung infection",0,0,28,"included"
"SSR_8","SSR_8_d3","Phagolysosome/autophagy","Survival","D3",3,2,"M2",0.188923124361913,8.12708333333333,"是","肺部？尿路？","lung infection",0,0,28,"included"
"SSR_8","SSR_8_d3","Type I interferon response","Survival","D3",3,2,"M3",0.222378754173924,8.12708333333333,"是","肺部？尿路？","lung infection",0,0,28,"included"
"SSR_8","SSR_8_d3","Ribosome biogenesis","Survival","D3",3,2,"M4",-0.120079026835341,8.12708333333333,"是","肺部？尿路？","lung infection",0,0,28,"included"
"SSR_80","SSR_80_d3","PRR/TLR/TNF/NF-kB signaling","Mortality","D3",3,2,"M1",-0.444606722673849,9.74513888888889,"否","皮肤","non-lung infection",1,1,9.74513888888889,"included"
"SSR_80","SSR_80_d3","Phagolysosome/autophagy","Mortality","D3",3,2,"M2",-0.337580576299121,9.74513888888889,"否","皮肤","non-lung infection",1,1,9.74513888888889,"included"
"SSR_80","SSR_80_d3","Type I interferon response","Mortality","D3",3,2,"M3",-0.489147889322462,9.74513888888889,"否","皮肤","non-lung infection",1,1,9.74513888888889,"included"
"SSR_80","SSR_80_d3","Ribosome biogenesis","Mortality","D3",3,2,"M4",-0.295897564242703,9.74513888888889,"否","皮肤","non-lung infection",1,1,9.74513888888889,"included"
"SSR_81","SSR_81_d3","PRR/TLR/TNF/NF-kB signaling","Survival","D3",3,2,"M1",-0.39098737285217,6.73194444444444,"是","泌尿道","non-lung infection",0,0,28,"included"
"SSR_81","SSR_81_d3","Phagolysosome/autophagy","Survival","D3",3,2,"M2",-0.369122797724689,6.73194444444444,"是","泌尿道","non-lung infection",0,0,28,"included"
"SSR_81","SSR_81_d3","Type I interferon response","Survival","D3",3,2,"M3",-0.507967240242955,6.73194444444444,"是","泌尿道","non-lung infection",0,0,28,"included"
"SSR_81","SSR_81_d3","Ribosome biogenesis","Survival","D3",3,2,"M4",-0.485473921077078,6.73194444444444,"是","泌尿道","non-lung infection",0,0,28,"included"
"SSR_83","SSR_83_d3","PRR/TLR/TNF/NF-kB signaling","Survival","D3",3,2,"M1",0.168493818345035,14.4916666666667,"是","呼吸道来源","lung infection",0,0,28,"included"
"SSR_83","SSR_83_d3","Phagolysosome/autophagy","Survival","D3",3,2,"M2",-0.0611155920614084,14.4916666666667,"是","呼吸道来源","lung infection",0,0,28,"included"
"SSR_83","SSR_83_d3","Type I interferon response","Survival","D3",3,2,"M3",0.000912164252719727,14.4916666666667,"是","呼吸道来源","lung infection",0,0,28,"included"
"SSR_83","SSR_83_d3","Ribosome biogenesis","Survival","D3",3,2,"M4",-0.665021654916755,14.4916666666667,"是","呼吸道来源","lung infection",0,0,28,"included"
"SSR_9","SSR_9_d3","PRR/TLR/TNF/NF-kB signaling","Survival","D3",3,2,"M1",-0.334311905734124,15.3805555555556,"是","颈部脓肿","non-lung infection",0,0,28,"included"
"SSR_9","SSR_9_d3","Phagolysosome/autophagy","Survival","D3",3,2,"M2",-0.172475853459387,15.3805555555556,"是","颈部脓肿","non-lung infection",0,0,28,"included"
"SSR_9","SSR_9_d3","Type I interferon response","Survival","D3",3,2,"M3",-0.251366396551662,15.3805555555556,"是","颈部脓肿","non-lung infection",0,0,28,"included"
"SSR_9","SSR_9_d3","Ribosome biogenesis","Survival","D3",3,2,"M4",0.523445621863462,15.3805555555556,"是","颈部脓肿","non-lung infection",0,0,28,"included"
"SSR_90","SSR_90_d3","PRR/TLR/TNF/NF-kB signaling","Survival","D3",3,2,"M1",-0.11294293801541,26.4729166666667,"是","颏下、咽旁、颌下间隙","non-lung infection",0,0,28,"included"
"SSR_90","SSR_90_d3","Phagolysosome/autophagy","Survival","D3",3,2,"M2",0.187228114283159,26.4729166666667,"是","颏下、咽旁、颌下间隙","non-lung infection",0,0,28,"included"
"SSR_90","SSR_90_d3","Type I interferon response","Survival","D3",3,2,"M3",-0.335673251861236,26.4729166666667,"是","颏下、咽旁、颌下间隙","non-lung infection",0,0,28,"included"
"SSR_90","SSR_90_d3","Ribosome biogenesis","Survival","D3",3,2,"M4",-0.209957814024306,26.4729166666667,"是","颏下、咽旁、颌下间隙","non-lung infection",0,0,28,"included"
"SSR_94","SSR_94_d3","PRR/TLR/TNF/NF-kB signaling","Survival","D3",3,2,"M1",0.116538644222084,11.6909722222222,"是","腹腔","non-lung infection",0,0,28,"included"
"SSR_94","SSR_94_d3","Phagolysosome/autophagy","Survival","D3",3,2,"M2",0.12119147109585,11.6909722222222,"是","腹腔","non-lung infection",0,0,28,"included"
"SSR_94","SSR_94_d3","Type I interferon response","Survival","D3",3,2,"M3",0.172496923696131,11.6909722222222,"是","腹腔","non-lung infection",0,0,28,"included"
"SSR_94","SSR_94_d3","Ribosome biogenesis","Survival","D3",3,2,"M4",0.37048492461699,11.6909722222222,"是","腹腔","non-lung infection",0,0,28,"included"
"SSR_95","SSR_95_d3","PRR/TLR/TNF/NF-kB signaling","Survival","D3",3,2,"M1",0.3223174850429,22.0159722222222,"是","胆管","non-lung infection",0,0,28,"included"
"SSR_95","SSR_95_d3","Phagolysosome/autophagy","Survival","D3",3,2,"M2",0.391331789377191,22.0159722222222,"是","胆管","non-lung infection",0,0,28,"included"
"SSR_95","SSR_95_d3","Type I interferon response","Survival","D3",3,2,"M3",0.284008749636001,22.0159722222222,"是","胆管","non-lung infection",0,0,28,"included"
"SSR_95","SSR_95_d3","Ribosome biogenesis","Survival","D3",3,2,"M4",-0.372381530426917,22.0159722222222,"是","胆管","non-lung infection",0,0,28,"included"
"SSR_98","SSR_98_d3","PRR/TLR/TNF/NF-kB signaling","Survival","D3",3,2,"M1",-0.325302592217248,6.25833333333333,"是","输尿管","non-lung infection",0,0,28,"included"
"SSR_98","SSR_98_d3","Phagolysosome/autophagy","Survival","D3",3,2,"M2",-0.235287648185819,6.25833333333333,"是","输尿管","non-lung infection",0,0,28,"included"
"SSR_98","SSR_98_d3","Type I interferon response","Survival","D3",3,2,"M3",-0.260509535394545,6.25833333333333,"是","输尿管","non-lung infection",0,0,28,"included"
"SSR_98","SSR_98_d3","Ribosome biogenesis","Survival","D3",3,2,"M4",-0.210616377047332,6.25833333333333,"是","输尿管","non-lung infection",0,0,28,"included"
"SSR_99","SSR_99_d3","PRR/TLR/TNF/NF-kB signaling","Survival","D3",3,2,"M1",-0.0312650346416526,8.51458333333333,"是","胆管","non-lung infection",0,0,28,"included"
"SSR_99","SSR_99_d3","Phagolysosome/autophagy","Survival","D3",3,2,"M2",0.270462601708395,8.51458333333333,"是","胆管","non-lung infection",0,0,28,"included"
"SSR_99","SSR_99_d3","Type I interferon response","Survival","D3",3,2,"M3",-0.0638165981658796,8.51458333333333,"是","胆管","non-lung infection",0,0,28,"included"
"SSR_99","SSR_99_d3","Ribosome biogenesis","Survival","D3",3,2,"M4",-0.309891495961183,8.51458333333333,"是","胆管","non-lung infection",0,0,28,"included"
"JinHua_1","JinHua_1_d5","PRR/TLR/TNF/NF-kB signaling","Survival","D5",5,4,"M1",-0.607521414455617,5,"是","Abdomen","non-lung infection",0,0,28,"included"
"JinHua_1","JinHua_1_d5","Phagolysosome/autophagy","Survival","D5",5,4,"M2",-0.577787954233628,5,"是","Abdomen","non-lung infection",0,0,28,"included"
"JinHua_1","JinHua_1_d5","Type I interferon response","Survival","D5",5,4,"M3",-0.576514212300216,5,"是","Abdomen","non-lung infection",0,0,28,"included"
"JinHua_1","JinHua_1_d5","Ribosome biogenesis","Survival","D5",5,4,"M4",0.587748640332754,5,"是","Abdomen","non-lung infection",0,0,28,"included"
"JinHua_10","JinHua_10_d5","PRR/TLR/TNF/NF-kB signaling","Mortality","D5",5,4,"M1",-0.633944854179201,24,"否","Lung/Chest","lung infection",1,1,24,"included"
"JinHua_10","JinHua_10_d5","Phagolysosome/autophagy","Mortality","D5",5,4,"M2",-0.649042493714892,24,"否","Lung/Chest","lung infection",1,1,24,"included"
"JinHua_10","JinHua_10_d5","Type I interferon response","Mortality","D5",5,4,"M3",-0.531225952453296,24,"否","Lung/Chest","lung infection",1,1,24,"included"
"JinHua_10","JinHua_10_d5","Ribosome biogenesis","Mortality","D5",5,4,"M4",0.50663866372266,24,"否","Lung/Chest","lung infection",1,1,24,"included"
"JinHua_100","JinHua_100_d5","PRR/TLR/TNF/NF-kB signaling","Survival","D5",5,4,"M1",-0.658172213338559,14,"是","Abdomen","non-lung infection",0,0,28,"included"
"JinHua_100","JinHua_100_d5","Phagolysosome/autophagy","Survival","D5",5,4,"M2",-0.610639075132158,14,"是","Abdomen","non-lung infection",0,0,28,"included"
"JinHua_100","JinHua_100_d5","Type I interferon response","Survival","D5",5,4,"M3",-0.604161272405112,14,"是","Abdomen","non-lung infection",0,0,28,"included"
"JinHua_100","JinHua_100_d5","Ribosome biogenesis","Survival","D5",5,4,"M4",0.594375244946041,14,"是","Abdomen","non-lung infection",0,0,28,"included"
"JinHua_101","JinHua_101_d5","PRR/TLR/TNF/NF-kB signaling","Survival","D5",5,4,"M1",-0.427124769888394,11,"是","Lung/Chest","lung infection",0,0,28,"included"
"JinHua_101","JinHua_101_d5","Phagolysosome/autophagy","Survival","D5",5,4,"M2",-0.335549771048374,11,"是","Lung/Chest","lung infection",0,0,28,"included"
"JinHua_101","JinHua_101_d5","Type I interferon response","Survival","D5",5,4,"M3",-0.506119005184226,11,"是","Lung/Chest","lung infection",0,0,28,"included"
"JinHua_101","JinHua_101_d5","Ribosome biogenesis","Survival","D5",5,4,"M4",0.485143671633722,11,"是","Lung/Chest","lung infection",0,0,28,"included"
"JinHua_102","JinHua_102_d5","PRR/TLR/TNF/NF-kB signaling","Survival","D5",5,4,"M1",0.242620113782319,11,"是","Lung/Chest","lung infection",0,0,28,"included"
"JinHua_102","JinHua_102_d5","Phagolysosome/autophagy","Survival","D5",5,4,"M2",0.406219586419687,11,"是","Lung/Chest","lung infection",0,0,28,"included"
"JinHua_102","JinHua_102_d5","Type I interferon response","Survival","D5",5,4,"M3",0.132776193582374,11,"是","Lung/Chest","lung infection",0,0,28,"included"
"JinHua_102","JinHua_102_d5","Ribosome biogenesis","Survival","D5",5,4,"M4",-0.379886778630359,11,"是","Lung/Chest","lung infection",0,0,28,"included"
"JinHua_103","JinHua_103_d5","PRR/TLR/TNF/NF-kB signaling","Survival","D5",5,4,"M1",0.361384611372871,18,"是","Lung/Chest","lung infection",0,0,28,"included"
"JinHua_103","JinHua_103_d5","Phagolysosome/autophagy","Survival","D5",5,4,"M2",0.407135341369019,18,"是","Lung/Chest","lung infection",0,0,28,"included"
"JinHua_103","JinHua_103_d5","Type I interferon response","Survival","D5",5,4,"M3",0.152996876928184,18,"是","Lung/Chest","lung infection",0,0,28,"included"
"JinHua_103","JinHua_103_d5","Ribosome biogenesis","Survival","D5",5,4,"M4",-0.537162024346808,18,"是","Lung/Chest","lung infection",0,0,28,"included"
"JinHua_104","JinHua_104_d5","PRR/TLR/TNF/NF-kB signaling","Survival","D5",5,4,"M1",0.188111023751436,18,"是","Lung/Chest","lung infection",0,0,28,"included"
"JinHua_104","JinHua_104_d5","Phagolysosome/autophagy","Survival","D5",5,4,"M2",0.284657524374473,18,"是","Lung/Chest","lung infection",0,0,28,"included"
"JinHua_104","JinHua_104_d5","Type I interferon response","Survival","D5",5,4,"M3",0.153707047323736,18,"是","Lung/Chest","lung infection",0,0,28,"included"
"JinHua_104","JinHua_104_d5","Ribosome biogenesis","Survival","D5",5,4,"M4",0.0628070078305498,18,"是","Lung/Chest","lung infection",0,0,28,"included"
"JinHua_105","JinHua_105_d5","PRR/TLR/TNF/NF-kB signaling","Survival","D5",5,4,"M1",0.30490583099108,29,"是","Lung/Chest","lung infection",0,0,28,"included"
"JinHua_105","JinHua_105_d5","Phagolysosome/autophagy","Survival","D5",5,4,"M2",0.366270370031647,29,"是","Lung/Chest","lung infection",0,0,28,"included"
"JinHua_105","JinHua_105_d5","Type I interferon response","Survival","D5",5,4,"M3",-0.120428677850953,29,"是","Lung/Chest","lung infection",0,0,28,"included"
"JinHua_105","JinHua_105_d5","Ribosome biogenesis","Survival","D5",5,4,"M4",0.360833208485963,29,"是","Lung/Chest","lung infection",0,0,28,"included"
"JinHua_106","JinHua_106_d5","PRR/TLR/TNF/NF-kB signaling","Survival","D5",5,4,"M1",0.545766684552723,19,"是","Abdomen","non-lung infection",0,0,28,"included"
"JinHua_106","JinHua_106_d5","Phagolysosome/autophagy","Survival","D5",5,4,"M2",0.519965344379961,19,"是","Abdomen","non-lung infection",0,0,28,"included"
"JinHua_106","JinHua_106_d5","Type I interferon response","Survival","D5",5,4,"M3",0.435232717779089,19,"是","Abdomen","non-lung infection",0,0,28,"included"
"JinHua_106","JinHua_106_d5","Ribosome biogenesis","Survival","D5",5,4,"M4",-0.616304577004729,19,"是","Abdomen","non-lung infection",0,0,28,"included"
"JinHua_107","JinHua_107_d5","PRR/TLR/TNF/NF-kB signaling","Survival","D5",5,4,"M1",0.345078552827698,20,"是","Abdomen","non-lung infection",0,0,28,"included"
"JinHua_107","JinHua_107_d5","Phagolysosome/autophagy","Survival","D5",5,4,"M2",0.217308441968722,20,"是","Abdomen","non-lung infection",0,0,28,"included"
"JinHua_107","JinHua_107_d5","Type I interferon response","Survival","D5",5,4,"M3",0.45402191969825,20,"是","Abdomen","non-lung infection",0,0,28,"included"
"JinHua_107","JinHua_107_d5","Ribosome biogenesis","Survival","D5",5,4,"M4",-0.240494873690915,20,"是","Abdomen","non-lung infection",0,0,28,"included"
"JinHua_108","JinHua_108_d5","PRR/TLR/TNF/NF-kB signaling","Survival","D5",5,4,"M1",-0.182142195975372,7,"是","Lung/Chest","lung infection",0,0,28,"included"
"JinHua_108","JinHua_108_d5","Phagolysosome/autophagy","Survival","D5",5,4,"M2",-0.222190048727684,7,"是","Lung/Chest","lung infection",0,0,28,"included"
"JinHua_108","JinHua_108_d5","Type I interferon response","Survival","D5",5,4,"M3",-0.36672007267673,7,"是","Lung/Chest","lung infection",0,0,28,"included"
"JinHua_108","JinHua_108_d5","Ribosome biogenesis","Survival","D5",5,4,"M4",-0.103873344219458,7,"是","Lung/Chest","lung infection",0,0,28,"included"
"JinHua_11","JinHua_11_d5","PRR/TLR/TNF/NF-kB signaling","Survival","D5",5,4,"M1",-0.470018089285229,21,"是","Abdomen","non-lung infection",0,0,28,"included"
"JinHua_11","JinHua_11_d5","Phagolysosome/autophagy","Survival","D5",5,4,"M2",-0.457788217483676,21,"是","Abdomen","non-lung infection",0,0,28,"included"
"JinHua_11","JinHua_11_d5","Type I interferon response","Survival","D5",5,4,"M3",-0.358073253475146,21,"是","Abdomen","non-lung infection",0,0,28,"included"
"JinHua_11","JinHua_11_d5","Ribosome biogenesis","Survival","D5",5,4,"M4",0.537331908359515,21,"是","Abdomen","non-lung infection",0,0,28,"included"
"JinHua_110","JinHua_110_d5","PRR/TLR/TNF/NF-kB signaling","Survival","D5",5,4,"M1",-0.310310849043719,16,"是","Abdomen","non-lung infection",0,0,28,"included"
"JinHua_110","JinHua_110_d5","Phagolysosome/autophagy","Survival","D5",5,4,"M2",-0.393576189929532,16,"是","Abdomen","non-lung infection",0,0,28,"included"
"JinHua_110","JinHua_110_d5","Type I interferon response","Survival","D5",5,4,"M3",0.111969894020908,16,"是","Abdomen","non-lung infection",0,0,28,"included"
"JinHua_110","JinHua_110_d5","Ribosome biogenesis","Survival","D5",5,4,"M4",0.419977981579126,16,"是","Abdomen","non-lung infection",0,0,28,"included"
"JinHua_111","JinHua_111_d5","PRR/TLR/TNF/NF-kB signaling","Survival","D5",5,4,"M1",0.12862740991814,10,"是","Urinary","non-lung infection",0,0,28,"included"
"JinHua_111","JinHua_111_d5","Phagolysosome/autophagy","Survival","D5",5,4,"M2",0.318703459309816,10,"是","Urinary","non-lung infection",0,0,28,"included"
"JinHua_111","JinHua_111_d5","Type I interferon response","Survival","D5",5,4,"M3",-0.28935188282305,10,"是","Urinary","non-lung infection",0,0,28,"included"
"JinHua_111","JinHua_111_d5","Ribosome biogenesis","Survival","D5",5,4,"M4",-0.307309558698407,10,"是","Urinary","non-lung infection",0,0,28,"included"
"JinHua_112","JinHua_112_d5","PRR/TLR/TNF/NF-kB signaling","Survival","D5",5,4,"M1",-0.319158319528181,7,"是","Lung/Chest","lung infection",0,0,28,"included"
"JinHua_112","JinHua_112_d5","Phagolysosome/autophagy","Survival","D5",5,4,"M2",-0.226312869593341,7,"是","Lung/Chest","lung infection",0,0,28,"included"
"JinHua_112","JinHua_112_d5","Type I interferon response","Survival","D5",5,4,"M3",-0.450934580047796,7,"是","Lung/Chest","lung infection",0,0,28,"included"
"JinHua_112","JinHua_112_d5","Ribosome biogenesis","Survival","D5",5,4,"M4",0.493050596694683,7,"是","Lung/Chest","lung infection",0,0,28,"included"
"JinHua_113","JinHua_113_d5","PRR/TLR/TNF/NF-kB signaling","Survival","D5",5,4,"M1",-0.459326772027687,21,"是","Lung/Chest","lung infection",0,0,28,"included"
"JinHua_113","JinHua_113_d5","Phagolysosome/autophagy","Survival","D5",5,4,"M2",-0.48094246768491,21,"是","Lung/Chest","lung infection",0,0,28,"included"
"JinHua_113","JinHua_113_d5","Type I interferon response","Survival","D5",5,4,"M3",-0.53360666672043,21,"是","Lung/Chest","lung infection",0,0,28,"included"
"JinHua_113","JinHua_113_d5","Ribosome biogenesis","Survival","D5",5,4,"M4",0.523499607397855,21,"是","Lung/Chest","lung infection",0,0,28,"included"
"JinHua_114","JinHua_114_d5","PRR/TLR/TNF/NF-kB signaling","Survival","D5",5,4,"M1",-0.519659810933738,9,"是","Intestine","non-lung infection",0,0,28,"included"
"JinHua_114","JinHua_114_d5","Phagolysosome/autophagy","Survival","D5",5,4,"M2",-0.479372939088194,9,"是","Intestine","non-lung infection",0,0,28,"included"
"JinHua_114","JinHua_114_d5","Type I interferon response","Survival","D5",5,4,"M3",-0.529863769115795,9,"是","Intestine","non-lung infection",0,0,28,"included"
"JinHua_114","JinHua_114_d5","Ribosome biogenesis","Survival","D5",5,4,"M4",0.304574942191046,9,"是","Intestine","non-lung infection",0,0,28,"included"
"JinHua_116","JinHua_116_d5","PRR/TLR/TNF/NF-kB signaling","Survival","D5",5,4,"M1",-0.308595269463142,17,"是","Lung/Chest","lung infection",0,0,28,"included"
"JinHua_116","JinHua_116_d5","Phagolysosome/autophagy","Survival","D5",5,4,"M2",-0.142621118965464,17,"是","Lung/Chest","lung infection",0,0,28,"included"
"JinHua_116","JinHua_116_d5","Type I interferon response","Survival","D5",5,4,"M3",-0.45401316404836,17,"是","Lung/Chest","lung infection",0,0,28,"included"
"JinHua_116","JinHua_116_d5","Ribosome biogenesis","Survival","D5",5,4,"M4",0.356050664817766,17,"是","Lung/Chest","lung infection",0,0,28,"included"
"JinHua_117","JinHua_117_d5","PRR/TLR/TNF/NF-kB signaling","Survival","D5",5,4,"M1",-0.550973630222257,40,"是","Lung/Chest","lung infection",0,0,28,"included"
"JinHua_117","JinHua_117_d5","Phagolysosome/autophagy","Survival","D5",5,4,"M2",-0.564529724149006,40,"是","Lung/Chest","lung infection",0,0,28,"included"
"JinHua_117","JinHua_117_d5","Type I interferon response","Survival","D5",5,4,"M3",-0.249128501456028,40,"是","Lung/Chest","lung infection",0,0,28,"included"
"JinHua_117","JinHua_117_d5","Ribosome biogenesis","Survival","D5",5,4,"M4",0.633842412605776,40,"是","Lung/Chest","lung infection",0,0,28,"included"
"JinHua_119","JinHua_119_d5","PRR/TLR/TNF/NF-kB signaling","Survival","D5",5,4,"M1",-0.620369195877456,50,"是","Lung/Chest","lung infection",0,0,28,"included"
"JinHua_119","JinHua_119_d5","Phagolysosome/autophagy","Survival","D5",5,4,"M2",-0.653899952218827,50,"是","Lung/Chest","lung infection",0,0,28,"included"
"JinHua_119","JinHua_119_d5","Type I interferon response","Survival","D5",5,4,"M3",-0.597832652531647,50,"是","Lung/Chest","lung infection",0,0,28,"included"
"JinHua_119","JinHua_119_d5","Ribosome biogenesis","Survival","D5",5,4,"M4",0.619038869530662,50,"是","Lung/Chest","lung infection",0,0,28,"included"
"JinHua_12","JinHua_12_d5","PRR/TLR/TNF/NF-kB signaling","Survival","D5",5,4,"M1",-0.602637240406704,23,"是","Lung/Chest","lung infection",0,0,28,"included"
"JinHua_12","JinHua_12_d5","Phagolysosome/autophagy","Survival","D5",5,4,"M2",-0.575517956079754,23,"是","Lung/Chest","lung infection",0,0,28,"included"
"JinHua_12","JinHua_12_d5","Type I interferon response","Survival","D5",5,4,"M3",-0.633395686080143,23,"是","Lung/Chest","lung infection",0,0,28,"included"
"JinHua_12","JinHua_12_d5","Ribosome biogenesis","Survival","D5",5,4,"M4",0.474177005092969,23,"是","Lung/Chest","lung infection",0,0,28,"included"
"JinHua_120","JinHua_120_d5","PRR/TLR/TNF/NF-kB signaling","Mortality","D5",5,4,"M1",-0.067940262985382,38,"否","Abdomen","non-lung infection",1,0,28,"included"
"JinHua_120","JinHua_120_d5","Phagolysosome/autophagy","Mortality","D5",5,4,"M2",0.104518864030087,38,"否","Abdomen","non-lung infection",1,0,28,"included"
"JinHua_120","JinHua_120_d5","Type I interferon response","Mortality","D5",5,4,"M3",-0.376013515713582,38,"否","Abdomen","non-lung infection",1,0,28,"included"
"JinHua_120","JinHua_120_d5","Ribosome biogenesis","Mortality","D5",5,4,"M4",0.0317215447912217,38,"否","Abdomen","non-lung infection",1,0,28,"included"
"JinHua_121","JinHua_121_d5","PRR/TLR/TNF/NF-kB signaling","Mortality","D5",5,4,"M1",-0.42828751858547,5,"否","Lung/Chest","lung infection",1,1,5,"included"
"JinHua_121","JinHua_121_d5","Phagolysosome/autophagy","Mortality","D5",5,4,"M2",-0.18162332959797,5,"否","Lung/Chest","lung infection",1,1,5,"included"
"JinHua_121","JinHua_121_d5","Type I interferon response","Mortality","D5",5,4,"M3",-0.56869511982789,5,"否","Lung/Chest","lung infection",1,1,5,"included"
"JinHua_121","JinHua_121_d5","Ribosome biogenesis","Mortality","D5",5,4,"M4",0.423474809737626,5,"否","Lung/Chest","lung infection",1,1,5,"included"
"JinHua_122","JinHua_122_d5","PRR/TLR/TNF/NF-kB signaling","Survival","D5",5,4,"M1",0.0624586680569373,28,"是","Lung/Chest","lung infection",0,0,28,"included"
"JinHua_122","JinHua_122_d5","Phagolysosome/autophagy","Survival","D5",5,4,"M2",0.174210629945977,28,"是","Lung/Chest","lung infection",0,0,28,"included"
"JinHua_122","JinHua_122_d5","Type I interferon response","Survival","D5",5,4,"M3",-0.00769996632826481,28,"是","Lung/Chest","lung infection",0,0,28,"included"
"JinHua_122","JinHua_122_d5","Ribosome biogenesis","Survival","D5",5,4,"M4",-0.0179215587488079,28,"是","Lung/Chest","lung infection",0,0,28,"included"
"JinHua_123","JinHua_123_d5","PRR/TLR/TNF/NF-kB signaling","Mortality","D5",5,4,"M1",0.328408001543945,18,"否","Lung/Chest","lung infection",1,1,18,"included"
"JinHua_123","JinHua_123_d5","Phagolysosome/autophagy","Mortality","D5",5,4,"M2",0.33786651918456,18,"否","Lung/Chest","lung infection",1,1,18,"included"
"JinHua_123","JinHua_123_d5","Type I interferon response","Mortality","D5",5,4,"M3",-0.0968890241075836,18,"否","Lung/Chest","lung infection",1,1,18,"included"
"JinHua_123","JinHua_123_d5","Ribosome biogenesis","Mortality","D5",5,4,"M4",0.0170186581467517,18,"否","Lung/Chest","lung infection",1,1,18,"included"
"JinHua_124","JinHua_124_d5","PRR/TLR/TNF/NF-kB signaling","Survival","D5",5,4,"M1",0.153830476741098,9,"是","Abdomen","non-lung infection",0,0,28,"included"
"JinHua_124","JinHua_124_d5","Phagolysosome/autophagy","Survival","D5",5,4,"M2",0.260303140354812,9,"是","Abdomen","non-lung infection",0,0,28,"included"
"JinHua_124","JinHua_124_d5","Type I interferon response","Survival","D5",5,4,"M3",-0.207327985898213,9,"是","Abdomen","non-lung infection",0,0,28,"included"
"JinHua_124","JinHua_124_d5","Ribosome biogenesis","Survival","D5",5,4,"M4",-0.30087836582425,9,"是","Abdomen","non-lung infection",0,0,28,"included"
"JinHua_126","JinHua_126_d5","PRR/TLR/TNF/NF-kB signaling","Survival","D5",5,4,"M1",0.230029402653805,23,"是","Others/Unknown","non-lung infection",0,0,28,"included"
"JinHua_126","JinHua_126_d5","Phagolysosome/autophagy","Survival","D5",5,4,"M2",0.236023564944883,23,"是","Others/Unknown","non-lung infection",0,0,28,"included"
"JinHua_126","JinHua_126_d5","Type I interferon response","Survival","D5",5,4,"M3",0.103407702105866,23,"是","Others/Unknown","non-lung infection",0,0,28,"included"
"JinHua_126","JinHua_126_d5","Ribosome biogenesis","Survival","D5",5,4,"M4",0.5018013685287,23,"是","Others/Unknown","non-lung infection",0,0,28,"included"
"JinHua_128","JinHua_128_d5","PRR/TLR/TNF/NF-kB signaling","Survival","D5",5,4,"M1",-0.613800835674355,10,"是","Biliary/Liver","non-lung infection",0,0,28,"included"
"JinHua_128","JinHua_128_d5","Phagolysosome/autophagy","Survival","D5",5,4,"M2",-0.550941474852022,10,"是","Biliary/Liver","non-lung infection",0,0,28,"included"
"JinHua_128","JinHua_128_d5","Type I interferon response","Survival","D5",5,4,"M3",-0.573768497128121,10,"是","Biliary/Liver","non-lung infection",0,0,28,"included"
"JinHua_128","JinHua_128_d5","Ribosome biogenesis","Survival","D5",5,4,"M4",0.469547571809536,10,"是","Biliary/Liver","non-lung infection",0,0,28,"included"
"JinHua_129","JinHua_129_d5","PRR/TLR/TNF/NF-kB signaling","Survival","D5",5,4,"M1",0.238894143440172,13,"是","SoftTissue","non-lung infection",0,0,28,"included"
"JinHua_129","JinHua_129_d5","Phagolysosome/autophagy","Survival","D5",5,4,"M2",0.284486075164451,13,"是","SoftTissue","non-lung infection",0,0,28,"included"
"JinHua_129","JinHua_129_d5","Type I interferon response","Survival","D5",5,4,"M3",0.580336259679738,13,"是","SoftTissue","non-lung infection",0,0,28,"included"
"JinHua_129","JinHua_129_d5","Ribosome biogenesis","Survival","D5",5,4,"M4",-0.320390231215682,13,"是","SoftTissue","non-lung infection",0,0,28,"included"
"JinHua_13","JinHua_13_d5","PRR/TLR/TNF/NF-kB signaling","Mortality","D5",5,4,"M1",-0.260496516071526,35,"否","Lung/Chest","lung infection",1,0,28,"included"
"JinHua_13","JinHua_13_d5","Phagolysosome/autophagy","Mortality","D5",5,4,"M2",-0.0847058798438851,35,"否","Lung/Chest","lung infection",1,0,28,"included"
"JinHua_13","JinHua_13_d5","Type I interferon response","Mortality","D5",5,4,"M3",-0.023687939373819,35,"否","Lung/Chest","lung infection",1,0,28,"included"
"JinHua_13","JinHua_13_d5","Ribosome biogenesis","Mortality","D5",5,4,"M4",0.602580163410145,35,"否","Lung/Chest","lung infection",1,0,28,"included"
"JinHua_131","JinHua_131_d5","PRR/TLR/TNF/NF-kB signaling","Survival","D5",5,4,"M1",-0.122636534386965,21,"是","Lung/Chest","lung infection",0,0,28,"included"
"JinHua_131","JinHua_131_d5","Phagolysosome/autophagy","Survival","D5",5,4,"M2",-0.0885197832618907,21,"是","Lung/Chest","lung infection",0,0,28,"included"
"JinHua_131","JinHua_131_d5","Type I interferon response","Survival","D5",5,4,"M3",0.330318105384668,21,"是","Lung/Chest","lung infection",0,0,28,"included"
"JinHua_131","JinHua_131_d5","Ribosome biogenesis","Survival","D5",5,4,"M4",0.594493614126702,21,"是","Lung/Chest","lung infection",0,0,28,"included"
"JinHua_132","JinHua_132_d5","PRR/TLR/TNF/NF-kB signaling","Survival","D5",5,4,"M1",-0.552506004884719,7,"是","Intestine","non-lung infection",0,0,28,"included"
"JinHua_132","JinHua_132_d5","Phagolysosome/autophagy","Survival","D5",5,4,"M2",-0.511078635541787,7,"是","Intestine","non-lung infection",0,0,28,"included"
"JinHua_132","JinHua_132_d5","Type I interferon response","Survival","D5",5,4,"M3",-0.432710426660262,7,"是","Intestine","non-lung infection",0,0,28,"included"
"JinHua_132","JinHua_132_d5","Ribosome biogenesis","Survival","D5",5,4,"M4",0.588943572992978,7,"是","Intestine","non-lung infection",0,0,28,"included"
"JinHua_134","JinHua_134_d5","PRR/TLR/TNF/NF-kB signaling","Survival","D5",5,4,"M1",-0.540578648158368,15,"是","Abdomen","non-lung infection",0,0,28,"included"
"JinHua_134","JinHua_134_d5","Phagolysosome/autophagy","Survival","D5",5,4,"M2",-0.60628889809633,15,"是","Abdomen","non-lung infection",0,0,28,"included"
"JinHua_134","JinHua_134_d5","Type I interferon response","Survival","D5",5,4,"M3",-0.399005172014783,15,"是","Abdomen","non-lung infection",0,0,28,"included"
"JinHua_134","JinHua_134_d5","Ribosome biogenesis","Survival","D5",5,4,"M4",0.431265058833585,15,"是","Abdomen","non-lung infection",0,0,28,"included"
"JinHua_135","JinHua_135_d5","PRR/TLR/TNF/NF-kB signaling","Survival","D5",5,4,"M1",-0.66828214192181,9,"是","Lung/Chest","lung infection",0,0,28,"included"
"JinHua_135","JinHua_135_d5","Phagolysosome/autophagy","Survival","D5",5,4,"M2",-0.659259852439816,9,"是","Lung/Chest","lung infection",0,0,28,"included"
"JinHua_135","JinHua_135_d5","Type I interferon response","Survival","D5",5,4,"M3",-0.58781375904341,9,"是","Lung/Chest","lung infection",0,0,28,"included"
"JinHua_135","JinHua_135_d5","Ribosome biogenesis","Survival","D5",5,4,"M4",0.509953225560617,9,"是","Lung/Chest","lung infection",0,0,28,"included"
"JinHua_136","JinHua_136_d5","PRR/TLR/TNF/NF-kB signaling","Survival","D5",5,4,"M1",0.398659590688406,32,"是","Lung/Chest","lung infection",0,0,28,"included"
"JinHua_136","JinHua_136_d5","Phagolysosome/autophagy","Survival","D5",5,4,"M2",0.42355803236121,32,"是","Lung/Chest","lung infection",0,0,28,"included"
"JinHua_136","JinHua_136_d5","Type I interferon response","Survival","D5",5,4,"M3",0.0734866998691402,32,"是","Lung/Chest","lung infection",0,0,28,"included"
"JinHua_136","JinHua_136_d5","Ribosome biogenesis","Survival","D5",5,4,"M4",0.0370501118405454,32,"是","Lung/Chest","lung infection",0,0,28,"included"
"JinHua_137","JinHua_137_d5","PRR/TLR/TNF/NF-kB signaling","Survival","D5",5,4,"M1",-0.428946463799805,24,"是","Abdomen","non-lung infection",0,0,28,"included"
"JinHua_137","JinHua_137_d5","Phagolysosome/autophagy","Survival","D5",5,4,"M2",-0.44074501604405,24,"是","Abdomen","non-lung infection",0,0,28,"included"
"JinHua_137","JinHua_137_d5","Type I interferon response","Survival","D5",5,4,"M3",-0.354069508917146,24,"是","Abdomen","non-lung infection",0,0,28,"included"
"JinHua_137","JinHua_137_d5","Ribosome biogenesis","Survival","D5",5,4,"M4",0.141005520257937,24,"是","Abdomen","non-lung infection",0,0,28,"included"
"JinHua_138","JinHua_138_d5","PRR/TLR/TNF/NF-kB signaling","Mortality","D5",5,4,"M1",-0.0805363061848638,24,"否","Brain","non-lung infection",1,1,24,"included"
"JinHua_138","JinHua_138_d5","Phagolysosome/autophagy","Mortality","D5",5,4,"M2",-0.0938682178801211,24,"否","Brain","non-lung infection",1,1,24,"included"
"JinHua_138","JinHua_138_d5","Type I interferon response","Mortality","D5",5,4,"M3",-0.142239102987169,24,"否","Brain","non-lung infection",1,1,24,"included"
"JinHua_138","JinHua_138_d5","Ribosome biogenesis","Mortality","D5",5,4,"M4",0.085511972995525,24,"否","Brain","non-lung infection",1,1,24,"included"
"JinHua_139","JinHua_139_d5","PRR/TLR/TNF/NF-kB signaling","Survival","D5",5,4,"M1",-0.533690410880578,16,"是","Others/Unknown","non-lung infection",0,0,28,"included"
"JinHua_139","JinHua_139_d5","Phagolysosome/autophagy","Survival","D5",5,4,"M2",-0.518065789469301,16,"是","Others/Unknown","non-lung infection",0,0,28,"included"
"JinHua_139","JinHua_139_d5","Type I interferon response","Survival","D5",5,4,"M3",-0.179945911331775,16,"是","Others/Unknown","non-lung infection",0,0,28,"included"
"JinHua_139","JinHua_139_d5","Ribosome biogenesis","Survival","D5",5,4,"M4",0.655547706070546,16,"是","Others/Unknown","non-lung infection",0,0,28,"included"
"JinHua_14","JinHua_14_d5","PRR/TLR/TNF/NF-kB signaling","Survival","D5",5,4,"M1",-0.234515140225953,87,"是","Lung/Chest","lung infection",0,0,28,"included"
"JinHua_14","JinHua_14_d5","Phagolysosome/autophagy","Survival","D5",5,4,"M2",-0.169204730778129,87,"是","Lung/Chest","lung infection",0,0,28,"included"
"JinHua_14","JinHua_14_d5","Type I interferon response","Survival","D5",5,4,"M3",0.00250262876262464,87,"是","Lung/Chest","lung infection",0,0,28,"included"
"JinHua_14","JinHua_14_d5","Ribosome biogenesis","Survival","D5",5,4,"M4",0.420747937698123,87,"是","Lung/Chest","lung infection",0,0,28,"included"
"JinHua_140","JinHua_140_d5","PRR/TLR/TNF/NF-kB signaling","Survival","D5",5,4,"M1",-0.503860848978328,17,"是","Lung/Chest","lung infection",0,0,28,"included"
"JinHua_140","JinHua_140_d5","Phagolysosome/autophagy","Survival","D5",5,4,"M2",-0.519112796490677,17,"是","Lung/Chest","lung infection",0,0,28,"included"
"JinHua_140","JinHua_140_d5","Type I interferon response","Survival","D5",5,4,"M3",-0.326966789574591,17,"是","Lung/Chest","lung infection",0,0,28,"included"
"JinHua_140","JinHua_140_d5","Ribosome biogenesis","Survival","D5",5,4,"M4",0.649116620426037,17,"是","Lung/Chest","lung infection",0,0,28,"included"
"JinHua_141","JinHua_141_d5","PRR/TLR/TNF/NF-kB signaling","Survival","D5",5,4,"M1",-0.565535985475583,25,"是","Lung/Chest","lung infection",0,0,28,"included"
"JinHua_141","JinHua_141_d5","Phagolysosome/autophagy","Survival","D5",5,4,"M2",-0.552731781366523,25,"是","Lung/Chest","lung infection",0,0,28,"included"
"JinHua_141","JinHua_141_d5","Type I interferon response","Survival","D5",5,4,"M3",-0.437769559945323,25,"是","Lung/Chest","lung infection",0,0,28,"included"
"JinHua_141","JinHua_141_d5","Ribosome biogenesis","Survival","D5",5,4,"M4",0.486194286103858,25,"是","Lung/Chest","lung infection",0,0,28,"included"
"JinHua_143","JinHua_143_d5","PRR/TLR/TNF/NF-kB signaling","Survival","D5",5,4,"M1",-0.29382505199344,12,"是","Urinary","non-lung infection",0,0,28,"included"
"JinHua_143","JinHua_143_d5","Phagolysosome/autophagy","Survival","D5",5,4,"M2",-0.138803542748532,12,"是","Urinary","non-lung infection",0,0,28,"included"
"JinHua_143","JinHua_143_d5","Type I interferon response","Survival","D5",5,4,"M3",-0.302733915834479,12,"是","Urinary","non-lung infection",0,0,28,"included"
"JinHua_143","JinHua_143_d5","Ribosome biogenesis","Survival","D5",5,4,"M4",0.302414867313127,12,"是","Urinary","non-lung infection",0,0,28,"included"
"JinHua_144","JinHua_144_d5","PRR/TLR/TNF/NF-kB signaling","Mortality","D5",5,4,"M1",0.159726182444112,5,"否","Lung/Chest","lung infection",1,1,5,"included"
"JinHua_144","JinHua_144_d5","Phagolysosome/autophagy","Mortality","D5",5,4,"M2",0.182636816728391,5,"否","Lung/Chest","lung infection",1,1,5,"included"
"JinHua_144","JinHua_144_d5","Type I interferon response","Mortality","D5",5,4,"M3",0.505938058277434,5,"否","Lung/Chest","lung infection",1,1,5,"included"
"JinHua_144","JinHua_144_d5","Ribosome biogenesis","Mortality","D5",5,4,"M4",-0.233400341169402,5,"否","Lung/Chest","lung infection",1,1,5,"included"
"JinHua_145","JinHua_145_d5","PRR/TLR/TNF/NF-kB signaling","Survival","D5",5,4,"M1",-0.638170130482216,11,"是","Urinary","non-lung infection",0,0,28,"included"
"JinHua_145","JinHua_145_d5","Phagolysosome/autophagy","Survival","D5",5,4,"M2",-0.649076517543962,11,"是","Urinary","non-lung infection",0,0,28,"included"
"JinHua_145","JinHua_145_d5","Type I interferon response","Survival","D5",5,4,"M3",-0.35022072243384,11,"是","Urinary","non-lung infection",0,0,28,"included"
"JinHua_145","JinHua_145_d5","Ribosome biogenesis","Survival","D5",5,4,"M4",0.54886004609168,11,"是","Urinary","non-lung infection",0,0,28,"included"
"JinHua_146","JinHua_146_d5","PRR/TLR/TNF/NF-kB signaling","Survival","D5",5,4,"M1",-0.606676347327899,27,"是","Others/Unknown","non-lung infection",0,0,28,"included"
"JinHua_146","JinHua_146_d5","Phagolysosome/autophagy","Survival","D5",5,4,"M2",-0.619017376396913,27,"是","Others/Unknown","non-lung infection",0,0,28,"included"
"JinHua_146","JinHua_146_d5","Type I interferon response","Survival","D5",5,4,"M3",-0.522097760357036,27,"是","Others/Unknown","non-lung infection",0,0,28,"included"
"JinHua_146","JinHua_146_d5","Ribosome biogenesis","Survival","D5",5,4,"M4",0.525645135132995,27,"是","Others/Unknown","non-lung infection",0,0,28,"included"
"JinHua_147","JinHua_147_d5","PRR/TLR/TNF/NF-kB signaling","Survival","D5",5,4,"M1",-0.68418025602343,21,"是","Lung/Chest","lung infection",0,0,28,"included"
"JinHua_147","JinHua_147_d5","Phagolysosome/autophagy","Survival","D5",5,4,"M2",-0.685683237446068,21,"是","Lung/Chest","lung infection",0,0,28,"included"
"JinHua_147","JinHua_147_d5","Type I interferon response","Survival","D5",5,4,"M3",-0.546265994788917,21,"是","Lung/Chest","lung infection",0,0,28,"included"
"JinHua_147","JinHua_147_d5","Ribosome biogenesis","Survival","D5",5,4,"M4",0.610576917231686,21,"是","Lung/Chest","lung infection",0,0,28,"included"
"JinHua_148","JinHua_148_d5","PRR/TLR/TNF/NF-kB signaling","Survival","D5",5,4,"M1",-0.675081531037138,13,"是","Intestine","non-lung infection",0,0,28,"included"
"JinHua_148","JinHua_148_d5","Phagolysosome/autophagy","Survival","D5",5,4,"M2",-0.638512245687149,13,"是","Intestine","non-lung infection",0,0,28,"included"
"JinHua_148","JinHua_148_d5","Type I interferon response","Survival","D5",5,4,"M3",-0.451331484674007,13,"是","Intestine","non-lung infection",0,0,28,"included"
"JinHua_148","JinHua_148_d5","Ribosome biogenesis","Survival","D5",5,4,"M4",0.626756616244335,13,"是","Intestine","non-lung infection",0,0,28,"included"
"JinHua_149","JinHua_149_d5","PRR/TLR/TNF/NF-kB signaling","Survival","D5",5,4,"M1",-0.0674268497733177,23,"是","Biliary/Liver","non-lung infection",0,0,28,"included"
"JinHua_149","JinHua_149_d5","Phagolysosome/autophagy","Survival","D5",5,4,"M2",0.0831928670306417,23,"是","Biliary/Liver","non-lung infection",0,0,28,"included"
"JinHua_149","JinHua_149_d5","Type I interferon response","Survival","D5",5,4,"M3",-0.11153312236035,23,"是","Biliary/Liver","non-lung infection",0,0,28,"included"
"JinHua_149","JinHua_149_d5","Ribosome biogenesis","Survival","D5",5,4,"M4",0.329833964656339,23,"是","Biliary/Liver","non-lung infection",0,0,28,"included"
"JinHua_15","JinHua_15_d5","PRR/TLR/TNF/NF-kB signaling","Survival","D5",5,4,"M1",-0.590826932548135,27,"是","Lung/Chest","lung infection",0,0,28,"included"
"JinHua_15","JinHua_15_d5","Phagolysosome/autophagy","Survival","D5",5,4,"M2",-0.605005543871008,27,"是","Lung/Chest","lung infection",0,0,28,"included"
"JinHua_15","JinHua_15_d5","Type I interferon response","Survival","D5",5,4,"M3",-0.522239583765367,27,"是","Lung/Chest","lung infection",0,0,28,"included"
"JinHua_15","JinHua_15_d5","Ribosome biogenesis","Survival","D5",5,4,"M4",0.56735291049212,27,"是","Lung/Chest","lung infection",0,0,28,"included"
"JinHua_150","JinHua_150_d5","PRR/TLR/TNF/NF-kB signaling","Survival","D5",5,4,"M1",-0.44462355888081,7,"是","Abdomen","non-lung infection",0,0,28,"included"
"JinHua_150","JinHua_150_d5","Phagolysosome/autophagy","Survival","D5",5,4,"M2",-0.407700817250593,7,"是","Abdomen","non-lung infection",0,0,28,"included"
"JinHua_150","JinHua_150_d5","Type I interferon response","Survival","D5",5,4,"M3",0.0369604281364268,7,"是","Abdomen","non-lung infection",0,0,28,"included"
"JinHua_150","JinHua_150_d5","Ribosome biogenesis","Survival","D5",5,4,"M4",0.630448380861745,7,"是","Abdomen","non-lung infection",0,0,28,"included"
"JinHua_151","JinHua_151_d5","PRR/TLR/TNF/NF-kB signaling","Survival","D5",5,4,"M1",-0.723116249334977,8,"是","Others/Unknown","non-lung infection",0,0,28,"included"
"JinHua_151","JinHua_151_d5","Phagolysosome/autophagy","Survival","D5",5,4,"M2",-0.679005209602883,8,"是","Others/Unknown","non-lung infection",0,0,28,"included"
"JinHua_151","JinHua_151_d5","Type I interferon response","Survival","D5",5,4,"M3",-0.551824705546068,8,"是","Others/Unknown","non-lung infection",0,0,28,"included"
"JinHua_151","JinHua_151_d5","Ribosome biogenesis","Survival","D5",5,4,"M4",0.780761318597299,8,"是","Others/Unknown","non-lung infection",0,0,28,"included"
"JinHua_152","JinHua_152_d5","PRR/TLR/TNF/NF-kB signaling","Survival","D5",5,4,"M1",-0.537837496009938,12,"是","Lung/Chest","lung infection",0,0,28,"included"
"JinHua_152","JinHua_152_d5","Phagolysosome/autophagy","Survival","D5",5,4,"M2",-0.494408303487119,12,"是","Lung/Chest","lung infection",0,0,28,"included"
"JinHua_152","JinHua_152_d5","Type I interferon response","Survival","D5",5,4,"M3",-0.462250694690642,12,"是","Lung/Chest","lung infection",0,0,28,"included"
"JinHua_152","JinHua_152_d5","Ribosome biogenesis","Survival","D5",5,4,"M4",0.681104506106506,12,"是","Lung/Chest","lung infection",0,0,28,"included"
"JinHua_153","JinHua_153_d5","PRR/TLR/TNF/NF-kB signaling","Survival","D5",5,4,"M1",0.591749512098919,47,"是","Urinary","non-lung infection",0,0,28,"included"
"JinHua_153","JinHua_153_d5","Phagolysosome/autophagy","Survival","D5",5,4,"M2",0.667890519050561,47,"是","Urinary","non-lung infection",0,0,28,"included"
"JinHua_153","JinHua_153_d5","Type I interferon response","Survival","D5",5,4,"M3",0.24239263282285,47,"是","Urinary","non-lung infection",0,0,28,"included"
"JinHua_153","JinHua_153_d5","Ribosome biogenesis","Survival","D5",5,4,"M4",-0.437784018425013,47,"是","Urinary","non-lung infection",0,0,28,"included"
"JinHua_155","JinHua_155_d5","PRR/TLR/TNF/NF-kB signaling","Survival","D5",5,4,"M1",-0.508067973618985,42,"是","Lung/Chest","lung infection",0,0,28,"included"
"JinHua_155","JinHua_155_d5","Phagolysosome/autophagy","Survival","D5",5,4,"M2",-0.429659335337825,42,"是","Lung/Chest","lung infection",0,0,28,"included"
"JinHua_155","JinHua_155_d5","Type I interferon response","Survival","D5",5,4,"M3",-0.424598513727522,42,"是","Lung/Chest","lung infection",0,0,28,"included"
"JinHua_155","JinHua_155_d5","Ribosome biogenesis","Survival","D5",5,4,"M4",0.482775493047751,42,"是","Lung/Chest","lung infection",0,0,28,"included"
"JinHua_156","JinHua_156_d5","PRR/TLR/TNF/NF-kB signaling","Mortality","D5",5,4,"M1",0.163974730384427,14,"否","Lung/Chest","lung infection",1,1,14,"included"
"JinHua_156","JinHua_156_d5","Phagolysosome/autophagy","Mortality","D5",5,4,"M2",0.1986960511354,14,"否","Lung/Chest","lung infection",1,1,14,"included"
"JinHua_156","JinHua_156_d5","Type I interferon response","Mortality","D5",5,4,"M3",0.270020629416895,14,"否","Lung/Chest","lung infection",1,1,14,"included"
"JinHua_156","JinHua_156_d5","Ribosome biogenesis","Mortality","D5",5,4,"M4",0.319745721536704,14,"否","Lung/Chest","lung infection",1,1,14,"included"
"JinHua_157","JinHua_157_d5","PRR/TLR/TNF/NF-kB signaling","Survival","D5",5,4,"M1",-0.604509415799778,8,"是","Lung/Chest","lung infection",0,0,28,"included"
"JinHua_157","JinHua_157_d5","Phagolysosome/autophagy","Survival","D5",5,4,"M2",-0.581955327451726,8,"是","Lung/Chest","lung infection",0,0,28,"included"
"JinHua_157","JinHua_157_d5","Type I interferon response","Survival","D5",5,4,"M3",-0.374911410641635,8,"是","Lung/Chest","lung infection",0,0,28,"included"
"JinHua_157","JinHua_157_d5","Ribosome biogenesis","Survival","D5",5,4,"M4",0.651626902042712,8,"是","Lung/Chest","lung infection",0,0,28,"included"
"JinHua_158","JinHua_158_d5","PRR/TLR/TNF/NF-kB signaling","Survival","D5",5,4,"M1",-0.705959193846576,14,"是","Urinary","non-lung infection",0,0,28,"included"
"JinHua_158","JinHua_158_d5","Phagolysosome/autophagy","Survival","D5",5,4,"M2",-0.663133898262628,14,"是","Urinary","non-lung infection",0,0,28,"included"
"JinHua_158","JinHua_158_d5","Type I interferon response","Survival","D5",5,4,"M3",-0.607405358265864,14,"是","Urinary","non-lung infection",0,0,28,"included"
"JinHua_158","JinHua_158_d5","Ribosome biogenesis","Survival","D5",5,4,"M4",0.717549676304195,14,"是","Urinary","non-lung infection",0,0,28,"included"
"JinHua_159","JinHua_159_d5","PRR/TLR/TNF/NF-kB signaling","Survival","D5",5,4,"M1",-0.761735803413606,7,"是","Lung/Chest","lung infection",0,0,28,"included"
"JinHua_159","JinHua_159_d5","Phagolysosome/autophagy","Survival","D5",5,4,"M2",-0.739373275481788,7,"是","Lung/Chest","lung infection",0,0,28,"included"
"JinHua_159","JinHua_159_d5","Type I interferon response","Survival","D5",5,4,"M3",-0.622566323685533,7,"是","Lung/Chest","lung infection",0,0,28,"included"
"JinHua_159","JinHua_159_d5","Ribosome biogenesis","Survival","D5",5,4,"M4",0.662351604740299,7,"是","Lung/Chest","lung infection",0,0,28,"included"
"JinHua_16","JinHua_16_d5","PRR/TLR/TNF/NF-kB signaling","Survival","D5",5,4,"M1",-0.48707822519757,58,"是","Abdomen","non-lung infection",0,0,28,"included"
"JinHua_16","JinHua_16_d5","Phagolysosome/autophagy","Survival","D5",5,4,"M2",-0.375054317836065,58,"是","Abdomen","non-lung infection",0,0,28,"included"
"JinHua_16","JinHua_16_d5","Type I interferon response","Survival","D5",5,4,"M3",-0.427669003707818,58,"是","Abdomen","non-lung infection",0,0,28,"included"
"JinHua_16","JinHua_16_d5","Ribosome biogenesis","Survival","D5",5,4,"M4",0.38097037435311,58,"是","Abdomen","non-lung infection",0,0,28,"included"
"JinHua_160","JinHua_160_d5","PRR/TLR/TNF/NF-kB signaling","Survival","D5",5,4,"M1",-0.581556921790545,7,"是","Biliary/Liver","non-lung infection",0,0,28,"included"
"JinHua_160","JinHua_160_d5","Phagolysosome/autophagy","Survival","D5",5,4,"M2",-0.595265174159251,7,"是","Biliary/Liver","non-lung infection",0,0,28,"included"
"JinHua_160","JinHua_160_d5","Type I interferon response","Survival","D5",5,4,"M3",-0.484151820873114,7,"是","Biliary/Liver","non-lung infection",0,0,28,"included"
"JinHua_160","JinHua_160_d5","Ribosome biogenesis","Survival","D5",5,4,"M4",0.722163661293816,7,"是","Biliary/Liver","non-lung infection",0,0,28,"included"
"JinHua_161","JinHua_161_d5","PRR/TLR/TNF/NF-kB signaling","Survival","D5",5,4,"M1",-0.325428767295737,10,"是","Lung/Chest","lung infection",0,0,28,"included"
"JinHua_161","JinHua_161_d5","Phagolysosome/autophagy","Survival","D5",5,4,"M2",-0.468263183969568,10,"是","Lung/Chest","lung infection",0,0,28,"included"
"JinHua_161","JinHua_161_d5","Type I interferon response","Survival","D5",5,4,"M3",0.366909874552916,10,"是","Lung/Chest","lung infection",0,0,28,"included"
"JinHua_161","JinHua_161_d5","Ribosome biogenesis","Survival","D5",5,4,"M4",0.14608961656647,10,"是","Lung/Chest","lung infection",0,0,28,"included"
"JinHua_162","JinHua_162_d5","PRR/TLR/TNF/NF-kB signaling","Survival","D5",5,4,"M1",0.336953360175778,35,"是","Biliary/Liver","non-lung infection",0,0,28,"included"
"JinHua_162","JinHua_162_d5","Phagolysosome/autophagy","Survival","D5",5,4,"M2",0.385220772445724,35,"是","Biliary/Liver","non-lung infection",0,0,28,"included"
"JinHua_162","JinHua_162_d5","Type I interferon response","Survival","D5",5,4,"M3",-0.0693806687936503,35,"是","Biliary/Liver","non-lung infection",0,0,28,"included"
"JinHua_162","JinHua_162_d5","Ribosome biogenesis","Survival","D5",5,4,"M4",0.273703085950653,35,"是","Biliary/Liver","non-lung infection",0,0,28,"included"
"JinHua_163","JinHua_163_d5","PRR/TLR/TNF/NF-kB signaling","Survival","D5",5,4,"M1",-0.382172772084402,14,"是","Biliary/Liver","non-lung infection",0,0,28,"included"
"JinHua_163","JinHua_163_d5","Phagolysosome/autophagy","Survival","D5",5,4,"M2",-0.370150672388503,14,"是","Biliary/Liver","non-lung infection",0,0,28,"included"
"JinHua_163","JinHua_163_d5","Type I interferon response","Survival","D5",5,4,"M3",-0.363787957568327,14,"是","Biliary/Liver","non-lung infection",0,0,28,"included"
"JinHua_163","JinHua_163_d5","Ribosome biogenesis","Survival","D5",5,4,"M4",0.513694884915721,14,"是","Biliary/Liver","non-lung infection",0,0,28,"included"
"JinHua_165","JinHua_165_d5","PRR/TLR/TNF/NF-kB signaling","Survival","D5",5,4,"M1",-0.40173412141963,11,"是","SoftTissue","non-lung infection",0,0,28,"included"
"JinHua_165","JinHua_165_d5","Phagolysosome/autophagy","Survival","D5",5,4,"M2",-0.360476950792693,11,"是","SoftTissue","non-lung infection",0,0,28,"included"
"JinHua_165","JinHua_165_d5","Type I interferon response","Survival","D5",5,4,"M3",-0.17167329847114,11,"是","SoftTissue","non-lung infection",0,0,28,"included"
"JinHua_165","JinHua_165_d5","Ribosome biogenesis","Survival","D5",5,4,"M4",0.590592400264317,11,"是","SoftTissue","non-lung infection",0,0,28,"included"
"JinHua_166","JinHua_166_d5","PRR/TLR/TNF/NF-kB signaling","Survival","D5",5,4,"M1",0.365556532304703,30,"是","Lung/Chest","lung infection",0,0,28,"included"
"JinHua_166","JinHua_166_d5","Phagolysosome/autophagy","Survival","D5",5,4,"M2",0.370662341682636,30,"是","Lung/Chest","lung infection",0,0,28,"included"
"JinHua_166","JinHua_166_d5","Type I interferon response","Survival","D5",5,4,"M3",0.379710224568267,30,"是","Lung/Chest","lung infection",0,0,28,"included"
"JinHua_166","JinHua_166_d5","Ribosome biogenesis","Survival","D5",5,4,"M4",-0.310013398117523,30,"是","Lung/Chest","lung infection",0,0,28,"included"
"JinHua_169","JinHua_169_d5","PRR/TLR/TNF/NF-kB signaling","Survival","D5",5,4,"M1",-0.624913787721112,5,"是","Abdomen","non-lung infection",0,0,28,"included"
"JinHua_169","JinHua_169_d5","Phagolysosome/autophagy","Survival","D5",5,4,"M2",-0.64814073825423,5,"是","Abdomen","non-lung infection",0,0,28,"included"
"JinHua_169","JinHua_169_d5","Type I interferon response","Survival","D5",5,4,"M3",-0.514761974945668,5,"是","Abdomen","non-lung infection",0,0,28,"included"
"JinHua_169","JinHua_169_d5","Ribosome biogenesis","Survival","D5",5,4,"M4",0.587912129152038,5,"是","Abdomen","non-lung infection",0,0,28,"included"
"JinHua_17","JinHua_17_d5","PRR/TLR/TNF/NF-kB signaling","Survival","D5",5,4,"M1",-0.514684596186477,22,"是","Abdomen","non-lung infection",0,0,28,"included"
"JinHua_17","JinHua_17_d5","Phagolysosome/autophagy","Survival","D5",5,4,"M2",-0.510643540123676,22,"是","Abdomen","non-lung infection",0,0,28,"included"
"JinHua_17","JinHua_17_d5","Type I interferon response","Survival","D5",5,4,"M3",-0.426099795291857,22,"是","Abdomen","non-lung infection",0,0,28,"included"
"JinHua_17","JinHua_17_d5","Ribosome biogenesis","Survival","D5",5,4,"M4",0.661818217396916,22,"是","Abdomen","non-lung infection",0,0,28,"included"
"JinHua_170","JinHua_170_d5","PRR/TLR/TNF/NF-kB signaling","Mortality","D5",5,4,"M1",-0.362265333931703,6,"否","Lung/Chest","lung infection",1,1,6,"included"
"JinHua_170","JinHua_170_d5","Phagolysosome/autophagy","Mortality","D5",5,4,"M2",-0.42056836077047,6,"否","Lung/Chest","lung infection",1,1,6,"included"
"JinHua_170","JinHua_170_d5","Type I interferon response","Mortality","D5",5,4,"M3",-0.121706529279205,6,"否","Lung/Chest","lung infection",1,1,6,"included"
"JinHua_170","JinHua_170_d5","Ribosome biogenesis","Mortality","D5",5,4,"M4",-0.0839117329143491,6,"否","Lung/Chest","lung infection",1,1,6,"included"
"JinHua_171","JinHua_171_d5","PRR/TLR/TNF/NF-kB signaling","Survival","D5",5,4,"M1",-0.479927644951873,20,"是","Biliary/Liver","non-lung infection",0,0,28,"included"
"JinHua_171","JinHua_171_d5","Phagolysosome/autophagy","Survival","D5",5,4,"M2",-0.332093261435548,20,"是","Biliary/Liver","non-lung infection",0,0,28,"included"
"JinHua_171","JinHua_171_d5","Type I interferon response","Survival","D5",5,4,"M3",-0.423846178733559,20,"是","Biliary/Liver","non-lung infection",0,0,28,"included"
"JinHua_171","JinHua_171_d5","Ribosome biogenesis","Survival","D5",5,4,"M4",0.651976647859588,20,"是","Biliary/Liver","non-lung infection",0,0,28,"included"
"JinHua_172","JinHua_172_d5","PRR/TLR/TNF/NF-kB signaling","Survival","D5",5,4,"M1",-0.24648157451116,29,"是","Biliary/Liver","non-lung infection",0,0,28,"included"
"JinHua_172","JinHua_172_d5","Phagolysosome/autophagy","Survival","D5",5,4,"M2",-0.15055600316499,29,"是","Biliary/Liver","non-lung infection",0,0,28,"included"
"JinHua_172","JinHua_172_d5","Type I interferon response","Survival","D5",5,4,"M3",-0.120234331487805,29,"是","Biliary/Liver","non-lung infection",0,0,28,"included"
"JinHua_172","JinHua_172_d5","Ribosome biogenesis","Survival","D5",5,4,"M4",0.05492397241222,29,"是","Biliary/Liver","non-lung infection",0,0,28,"included"
"JinHua_173","JinHua_173_d5","PRR/TLR/TNF/NF-kB signaling","Mortality","D5",5,4,"M1",0.465739018142372,4,"否","Lung/Chest","lung infection",1,1,4,"included"
"JinHua_173","JinHua_173_d5","Phagolysosome/autophagy","Mortality","D5",5,4,"M2",0.471037980961136,4,"否","Lung/Chest","lung infection",1,1,4,"included"
"JinHua_173","JinHua_173_d5","Type I interferon response","Mortality","D5",5,4,"M3",0.0789657642935288,4,"否","Lung/Chest","lung infection",1,1,4,"included"
"JinHua_173","JinHua_173_d5","Ribosome biogenesis","Mortality","D5",5,4,"M4",-0.303432573039893,4,"否","Lung/Chest","lung infection",1,1,4,"included"
"JinHua_174","JinHua_174_d5","PRR/TLR/TNF/NF-kB signaling","Survival","D5",5,4,"M1",0.485128954090062,30,"是","Biliary/Liver","non-lung infection",0,0,28,"included"
"JinHua_174","JinHua_174_d5","Phagolysosome/autophagy","Survival","D5",5,4,"M2",0.356458514446438,30,"是","Biliary/Liver","non-lung infection",0,0,28,"included"
"JinHua_174","JinHua_174_d5","Type I interferon response","Survival","D5",5,4,"M3",0.0889759921357792,30,"是","Biliary/Liver","non-lung infection",0,0,28,"included"
"JinHua_174","JinHua_174_d5","Ribosome biogenesis","Survival","D5",5,4,"M4",-0.644704851108001,30,"是","Biliary/Liver","non-lung infection",0,0,28,"included"
"JinHua_175","JinHua_175_d5","PRR/TLR/TNF/NF-kB signaling","Survival","D5",5,4,"M1",-0.439341704618952,14,"是","Intestine","non-lung infection",0,0,28,"included"
"JinHua_175","JinHua_175_d5","Phagolysosome/autophagy","Survival","D5",5,4,"M2",-0.270095386586745,14,"是","Intestine","non-lung infection",0,0,28,"included"
"JinHua_175","JinHua_175_d5","Type I interferon response","Survival","D5",5,4,"M3",-0.446335976252533,14,"是","Intestine","non-lung infection",0,0,28,"included"
"JinHua_175","JinHua_175_d5","Ribosome biogenesis","Survival","D5",5,4,"M4",0.651162127655261,14,"是","Intestine","non-lung infection",0,0,28,"included"
"JinHua_176","JinHua_176_d5","PRR/TLR/TNF/NF-kB signaling","Survival","D5",5,4,"M1",0.0750133207201009,53,"是","Others/Unknown","non-lung infection",0,0,28,"included"
"JinHua_176","JinHua_176_d5","Phagolysosome/autophagy","Survival","D5",5,4,"M2",0.283209976628747,53,"是","Others/Unknown","non-lung infection",0,0,28,"included"
"JinHua_176","JinHua_176_d5","Type I interferon response","Survival","D5",5,4,"M3",-0.262315209815608,53,"是","Others/Unknown","non-lung infection",0,0,28,"included"
"JinHua_176","JinHua_176_d5","Ribosome biogenesis","Survival","D5",5,4,"M4",0.402837586047104,53,"是","Others/Unknown","non-lung infection",0,0,28,"included"
"JinHua_179","JinHua_179_d5","PRR/TLR/TNF/NF-kB signaling","Mortality","D5",5,4,"M1",0.598808929260242,14,"否","Lung/Chest","lung infection",1,1,14,"included"
"JinHua_179","JinHua_179_d5","Phagolysosome/autophagy","Mortality","D5",5,4,"M2",0.573310032659157,14,"否","Lung/Chest","lung infection",1,1,14,"included"
"JinHua_179","JinHua_179_d5","Type I interferon response","Mortality","D5",5,4,"M3",0.457393195096983,14,"否","Lung/Chest","lung infection",1,1,14,"included"
"JinHua_179","JinHua_179_d5","Ribosome biogenesis","Mortality","D5",5,4,"M4",-0.587477495891343,14,"否","Lung/Chest","lung infection",1,1,14,"included"
"JinHua_18","JinHua_18_d5","PRR/TLR/TNF/NF-kB signaling","Mortality","D5",5,4,"M1",-0.576668654632918,46,"否","Abdomen","non-lung infection",1,0,28,"included"
"JinHua_18","JinHua_18_d5","Phagolysosome/autophagy","Mortality","D5",5,4,"M2",-0.580227765128085,46,"否","Abdomen","non-lung infection",1,0,28,"included"
"JinHua_18","JinHua_18_d5","Type I interferon response","Mortality","D5",5,4,"M3",-0.536673674596778,46,"否","Abdomen","non-lung infection",1,0,28,"included"
"JinHua_18","JinHua_18_d5","Ribosome biogenesis","Mortality","D5",5,4,"M4",0.371427570245898,46,"否","Abdomen","non-lung infection",1,0,28,"included"
"JinHua_180","JinHua_180_d5","PRR/TLR/TNF/NF-kB signaling","Survival","D5",5,4,"M1",-0.166624840866198,17,"是","Others/Unknown","non-lung infection",0,0,28,"included"
"JinHua_180","JinHua_180_d5","Phagolysosome/autophagy","Survival","D5",5,4,"M2",0.0401890892709349,17,"是","Others/Unknown","non-lung infection",0,0,28,"included"
"JinHua_180","JinHua_180_d5","Type I interferon response","Survival","D5",5,4,"M3",-0.259919594335812,17,"是","Others/Unknown","non-lung infection",0,0,28,"included"
"JinHua_180","JinHua_180_d5","Ribosome biogenesis","Survival","D5",5,4,"M4",0.364677985572875,17,"是","Others/Unknown","non-lung infection",0,0,28,"included"
"JinHua_181","JinHua_181_d5","PRR/TLR/TNF/NF-kB signaling","Survival","D5",5,4,"M1",0.527830901309207,7,"是","Others/Unknown","non-lung infection",0,0,28,"included"
"JinHua_181","JinHua_181_d5","Phagolysosome/autophagy","Survival","D5",5,4,"M2",0.565314050137727,7,"是","Others/Unknown","non-lung infection",0,0,28,"included"
"JinHua_181","JinHua_181_d5","Type I interferon response","Survival","D5",5,4,"M3",0.160849688498312,7,"是","Others/Unknown","non-lung infection",0,0,28,"included"
"JinHua_181","JinHua_181_d5","Ribosome biogenesis","Survival","D5",5,4,"M4",-0.456968021055647,7,"是","Others/Unknown","non-lung infection",0,0,28,"included"
"JinHua_182","JinHua_182_d5","PRR/TLR/TNF/NF-kB signaling","Survival","D5",5,4,"M1",0.126467384475111,18,"是","Abdomen","non-lung infection",0,0,28,"included"
"JinHua_182","JinHua_182_d5","Phagolysosome/autophagy","Survival","D5",5,4,"M2",0.242609450774539,18,"是","Abdomen","non-lung infection",0,0,28,"included"
"JinHua_182","JinHua_182_d5","Type I interferon response","Survival","D5",5,4,"M3",-0.255990371026464,18,"是","Abdomen","non-lung infection",0,0,28,"included"
"JinHua_182","JinHua_182_d5","Ribosome biogenesis","Survival","D5",5,4,"M4",0.242394471648271,18,"是","Abdomen","non-lung infection",0,0,28,"included"
"JinHua_183","JinHua_183_d5","PRR/TLR/TNF/NF-kB signaling","Survival","D5",5,4,"M1",-0.301764072707807,7,"是","Urinary","non-lung infection",0,0,28,"included"
"JinHua_183","JinHua_183_d5","Phagolysosome/autophagy","Survival","D5",5,4,"M2",0.0329523802555206,7,"是","Urinary","non-lung infection",0,0,28,"included"
"JinHua_183","JinHua_183_d5","Type I interferon response","Survival","D5",5,4,"M3",-0.269659322171766,7,"是","Urinary","non-lung infection",0,0,28,"included"
"JinHua_183","JinHua_183_d5","Ribosome biogenesis","Survival","D5",5,4,"M4",0.125807687510718,7,"是","Urinary","non-lung infection",0,0,28,"included"
"JinHua_184","JinHua_184_d5","PRR/TLR/TNF/NF-kB signaling","Survival","D5",5,4,"M1",0.485610429686847,59,"是","Abdomen","non-lung infection",0,0,28,"included"
"JinHua_184","JinHua_184_d5","Phagolysosome/autophagy","Survival","D5",5,4,"M2",0.483065990191311,59,"是","Abdomen","non-lung infection",0,0,28,"included"
"JinHua_184","JinHua_184_d5","Type I interferon response","Survival","D5",5,4,"M3",0.521583634578211,59,"是","Abdomen","non-lung infection",0,0,28,"included"
"JinHua_184","JinHua_184_d5","Ribosome biogenesis","Survival","D5",5,4,"M4",0.459674926834793,59,"是","Abdomen","non-lung infection",0,0,28,"included"
"JinHua_185","JinHua_185_d5","PRR/TLR/TNF/NF-kB signaling","Survival","D5",5,4,"M1",-0.528328077909605,13,"是","Lung/Chest","lung infection",0,0,28,"included"
"JinHua_185","JinHua_185_d5","Phagolysosome/autophagy","Survival","D5",5,4,"M2",-0.539034523088776,13,"是","Lung/Chest","lung infection",0,0,28,"included"
"JinHua_185","JinHua_185_d5","Type I interferon response","Survival","D5",5,4,"M3",-0.548356837801666,13,"是","Lung/Chest","lung infection",0,0,28,"included"
"JinHua_185","JinHua_185_d5","Ribosome biogenesis","Survival","D5",5,4,"M4",0.540943257915734,13,"是","Lung/Chest","lung infection",0,0,28,"included"
"JinHua_188","JinHua_188_d5","PRR/TLR/TNF/NF-kB signaling","Survival","D5",5,4,"M1",0.343574505584002,11,"是","Lung/Chest","lung infection",0,0,28,"included"
"JinHua_188","JinHua_188_d5","Phagolysosome/autophagy","Survival","D5",5,4,"M2",0.515578141059198,11,"是","Lung/Chest","lung infection",0,0,28,"included"
"JinHua_188","JinHua_188_d5","Type I interferon response","Survival","D5",5,4,"M3",-0.0922839766654527,11,"是","Lung/Chest","lung infection",0,0,28,"included"
"JinHua_188","JinHua_188_d5","Ribosome biogenesis","Survival","D5",5,4,"M4",-0.387992291824004,11,"是","Lung/Chest","lung infection",0,0,28,"included"
"JinHua_189","JinHua_189_d5","PRR/TLR/TNF/NF-kB signaling","Survival","D5",5,4,"M1",0.377687639172157,24,"是","Lung/Chest","lung infection",0,0,28,"included"
"JinHua_189","JinHua_189_d5","Phagolysosome/autophagy","Survival","D5",5,4,"M2",0.381413421957499,24,"是","Lung/Chest","lung infection",0,0,28,"included"
"JinHua_189","JinHua_189_d5","Type I interferon response","Survival","D5",5,4,"M3",0.417666202569148,24,"是","Lung/Chest","lung infection",0,0,28,"included"
"JinHua_189","JinHua_189_d5","Ribosome biogenesis","Survival","D5",5,4,"M4",-0.448305863524329,24,"是","Lung/Chest","lung infection",0,0,28,"included"
"JinHua_19","JinHua_19_d5","PRR/TLR/TNF/NF-kB signaling","Survival","D5",5,4,"M1",-0.597796959103406,8,"是","Lung/Chest","lung infection",0,0,28,"included"
"JinHua_19","JinHua_19_d5","Phagolysosome/autophagy","Survival","D5",5,4,"M2",-0.638281596819405,8,"是","Lung/Chest","lung infection",0,0,28,"included"
"JinHua_19","JinHua_19_d5","Type I interferon response","Survival","D5",5,4,"M3",-0.449946279237748,8,"是","Lung/Chest","lung infection",0,0,28,"included"
"JinHua_19","JinHua_19_d5","Ribosome biogenesis","Survival","D5",5,4,"M4",0.160795399471534,8,"是","Lung/Chest","lung infection",0,0,28,"included"
"JinHua_190","JinHua_190_d5","PRR/TLR/TNF/NF-kB signaling","Survival","D5",5,4,"M1",-0.617453557593296,14,"是","Lung/Chest","lung infection",0,0,28,"included"
"JinHua_190","JinHua_190_d5","Phagolysosome/autophagy","Survival","D5",5,4,"M2",-0.684331982860523,14,"是","Lung/Chest","lung infection",0,0,28,"included"
"JinHua_190","JinHua_190_d5","Type I interferon response","Survival","D5",5,4,"M3",-0.412811901416816,14,"是","Lung/Chest","lung infection",0,0,28,"included"
"JinHua_190","JinHua_190_d5","Ribosome biogenesis","Survival","D5",5,4,"M4",0.686361902154051,14,"是","Lung/Chest","lung infection",0,0,28,"included"
"JinHua_191","JinHua_191_d5","PRR/TLR/TNF/NF-kB signaling","Survival","D5",5,4,"M1",-0.590240858826543,20,"是","Lung/Chest","lung infection",0,0,28,"included"
"JinHua_191","JinHua_191_d5","Phagolysosome/autophagy","Survival","D5",5,4,"M2",-0.49584719584453,20,"是","Lung/Chest","lung infection",0,0,28,"included"
"JinHua_191","JinHua_191_d5","Type I interferon response","Survival","D5",5,4,"M3",-0.472773790198628,20,"是","Lung/Chest","lung infection",0,0,28,"included"
"JinHua_191","JinHua_191_d5","Ribosome biogenesis","Survival","D5",5,4,"M4",0.711727810227397,20,"是","Lung/Chest","lung infection",0,0,28,"included"
"JinHua_192","JinHua_192_d5","PRR/TLR/TNF/NF-kB signaling","Survival","D5",5,4,"M1",-0.553205475408042,5,"是","Urinary","non-lung infection",0,0,28,"included"
"JinHua_192","JinHua_192_d5","Phagolysosome/autophagy","Survival","D5",5,4,"M2",-0.503196664395364,5,"是","Urinary","non-lung infection",0,0,28,"included"
"JinHua_192","JinHua_192_d5","Type I interferon response","Survival","D5",5,4,"M3",-0.522738552664562,5,"是","Urinary","non-lung infection",0,0,28,"included"
"JinHua_192","JinHua_192_d5","Ribosome biogenesis","Survival","D5",5,4,"M4",0.579420185079251,5,"是","Urinary","non-lung infection",0,0,28,"included"
"JinHua_193","JinHua_193_d5","PRR/TLR/TNF/NF-kB signaling","Survival","D5",5,4,"M1",-0.519090707693137,8,"是","Abdomen","non-lung infection",0,0,28,"included"
"JinHua_193","JinHua_193_d5","Phagolysosome/autophagy","Survival","D5",5,4,"M2",-0.406806032081861,8,"是","Abdomen","non-lung infection",0,0,28,"included"
"JinHua_193","JinHua_193_d5","Type I interferon response","Survival","D5",5,4,"M3",-0.466558206243887,8,"是","Abdomen","non-lung infection",0,0,28,"included"
"JinHua_193","JinHua_193_d5","Ribosome biogenesis","Survival","D5",5,4,"M4",0.571803661513373,8,"是","Abdomen","non-lung infection",0,0,28,"included"
"JinHua_194","JinHua_194_d5","PRR/TLR/TNF/NF-kB signaling","Survival","D5",5,4,"M1",0.446668640345656,43,"是","Lung/Chest","lung infection",0,0,28,"included"
"JinHua_194","JinHua_194_d5","Phagolysosome/autophagy","Survival","D5",5,4,"M2",0.377000007618554,43,"是","Lung/Chest","lung infection",0,0,28,"included"
"JinHua_194","JinHua_194_d5","Type I interferon response","Survival","D5",5,4,"M3",0.443268344923056,43,"是","Lung/Chest","lung infection",0,0,28,"included"
"JinHua_194","JinHua_194_d5","Ribosome biogenesis","Survival","D5",5,4,"M4",-0.504439438884351,43,"是","Lung/Chest","lung infection",0,0,28,"included"
"JinHua_195","JinHua_195_d5","PRR/TLR/TNF/NF-kB signaling","Survival","D5",5,4,"M1",-0.58985999561494,11,"是","Lung/Chest","lung infection",0,0,28,"included"
"JinHua_195","JinHua_195_d5","Phagolysosome/autophagy","Survival","D5",5,4,"M2",-0.536578052965721,11,"是","Lung/Chest","lung infection",0,0,28,"included"
"JinHua_195","JinHua_195_d5","Type I interferon response","Survival","D5",5,4,"M3",-0.634522835962901,11,"是","Lung/Chest","lung infection",0,0,28,"included"
"JinHua_195","JinHua_195_d5","Ribosome biogenesis","Survival","D5",5,4,"M4",0.638211986983276,11,"是","Lung/Chest","lung infection",0,0,28,"included"
"JinHua_197","JinHua_197_d5","PRR/TLR/TNF/NF-kB signaling","Survival","D5",5,4,"M1",0.599029069351559,29,"是","Lung/Chest","lung infection",0,0,28,"included"
"JinHua_197","JinHua_197_d5","Phagolysosome/autophagy","Survival","D5",5,4,"M2",0.612244506397859,29,"是","Lung/Chest","lung infection",0,0,28,"included"
"JinHua_197","JinHua_197_d5","Type I interferon response","Survival","D5",5,4,"M3",0.331289575507824,29,"是","Lung/Chest","lung infection",0,0,28,"included"
"JinHua_197","JinHua_197_d5","Ribosome biogenesis","Survival","D5",5,4,"M4",-0.700591176618074,29,"是","Lung/Chest","lung infection",0,0,28,"included"
"JinHua_198","JinHua_198_d5","PRR/TLR/TNF/NF-kB signaling","Survival","D5",5,4,"M1",-0.56539095235767,10,"是","Lung/Chest","lung infection",0,0,28,"included"
"JinHua_198","JinHua_198_d5","Phagolysosome/autophagy","Survival","D5",5,4,"M2",-0.487840412859626,10,"是","Lung/Chest","lung infection",0,0,28,"included"
"JinHua_198","JinHua_198_d5","Type I interferon response","Survival","D5",5,4,"M3",-0.267816153846525,10,"是","Lung/Chest","lung infection",0,0,28,"included"
"JinHua_198","JinHua_198_d5","Ribosome biogenesis","Survival","D5",5,4,"M4",0.51171865442666,10,"是","Lung/Chest","lung infection",0,0,28,"included"
"JinHua_199","JinHua_199_d5","PRR/TLR/TNF/NF-kB signaling","Mortality","D5",5,4,"M1",0.613557495805916,25,"否","Lung/Chest","lung infection",1,1,25,"included"
"JinHua_199","JinHua_199_d5","Phagolysosome/autophagy","Mortality","D5",5,4,"M2",0.539145043419985,25,"否","Lung/Chest","lung infection",1,1,25,"included"
"JinHua_199","JinHua_199_d5","Type I interferon response","Mortality","D5",5,4,"M3",0.476639317291454,25,"否","Lung/Chest","lung infection",1,1,25,"included"
"JinHua_199","JinHua_199_d5","Ribosome biogenesis","Mortality","D5",5,4,"M4",-0.63249903398772,25,"否","Lung/Chest","lung infection",1,1,25,"included"
"JinHua_2","JinHua_2_d5","PRR/TLR/TNF/NF-kB signaling","Survival","D5",5,4,"M1",-0.649105357985748,9,"是","Abdomen","non-lung infection",0,0,28,"included"
"JinHua_2","JinHua_2_d5","Phagolysosome/autophagy","Survival","D5",5,4,"M2",-0.614261518829553,9,"是","Abdomen","non-lung infection",0,0,28,"included"
"JinHua_2","JinHua_2_d5","Type I interferon response","Survival","D5",5,4,"M3",-0.650850708827854,9,"是","Abdomen","non-lung infection",0,0,28,"included"
"JinHua_2","JinHua_2_d5","Ribosome biogenesis","Survival","D5",5,4,"M4",0.378488271053237,9,"是","Abdomen","non-lung infection",0,0,28,"included"
"JinHua_200","JinHua_200_d5","PRR/TLR/TNF/NF-kB signaling","Survival","D5",5,4,"M1",-0.529127217170162,11,"是","Lung/Chest","lung infection",0,0,28,"included"
"JinHua_200","JinHua_200_d5","Phagolysosome/autophagy","Survival","D5",5,4,"M2",-0.534782625672326,11,"是","Lung/Chest","lung infection",0,0,28,"included"
"JinHua_200","JinHua_200_d5","Type I interferon response","Survival","D5",5,4,"M3",-0.512480045133726,11,"是","Lung/Chest","lung infection",0,0,28,"included"
"JinHua_200","JinHua_200_d5","Ribosome biogenesis","Survival","D5",5,4,"M4",0.615859957908458,11,"是","Lung/Chest","lung infection",0,0,28,"included"
"JinHua_201","JinHua_201_d5","PRR/TLR/TNF/NF-kB signaling","Survival","D5",5,4,"M1",-0.44270631186631,13,"是","Abdomen","non-lung infection",0,0,28,"included"
"JinHua_201","JinHua_201_d5","Phagolysosome/autophagy","Survival","D5",5,4,"M2",-0.249208294737132,13,"是","Abdomen","non-lung infection",0,0,28,"included"
"JinHua_201","JinHua_201_d5","Type I interferon response","Survival","D5",5,4,"M3",-0.565868458150245,13,"是","Abdomen","non-lung infection",0,0,28,"included"
"JinHua_201","JinHua_201_d5","Ribosome biogenesis","Survival","D5",5,4,"M4",0.26450412126583,13,"是","Abdomen","non-lung infection",0,0,28,"included"
"JinHua_203","JinHua_203_d5","PRR/TLR/TNF/NF-kB signaling","Survival","D5",5,4,"M1",-0.611016940323449,7,"是","Others/Unknown","non-lung infection",0,0,28,"included"
"JinHua_203","JinHua_203_d5","Phagolysosome/autophagy","Survival","D5",5,4,"M2",-0.600084200870955,7,"是","Others/Unknown","non-lung infection",0,0,28,"included"
"JinHua_203","JinHua_203_d5","Type I interferon response","Survival","D5",5,4,"M3",-0.455604785403403,7,"是","Others/Unknown","non-lung infection",0,0,28,"included"
"JinHua_203","JinHua_203_d5","Ribosome biogenesis","Survival","D5",5,4,"M4",0.107428080289096,7,"是","Others/Unknown","non-lung infection",0,0,28,"included"
"JinHua_204","JinHua_204_d5","PRR/TLR/TNF/NF-kB signaling","Survival","D5",5,4,"M1",-0.406533964498358,16,"是","Others/Unknown","non-lung infection",0,0,28,"included"
"JinHua_204","JinHua_204_d5","Phagolysosome/autophagy","Survival","D5",5,4,"M2",-0.440389003750841,16,"是","Others/Unknown","non-lung infection",0,0,28,"included"
"JinHua_204","JinHua_204_d5","Type I interferon response","Survival","D5",5,4,"M3",-0.279526716985597,16,"是","Others/Unknown","non-lung infection",0,0,28,"included"
"JinHua_204","JinHua_204_d5","Ribosome biogenesis","Survival","D5",5,4,"M4",0.526512203767821,16,"是","Others/Unknown","non-lung infection",0,0,28,"included"
"JinHua_205","JinHua_205_d5","PRR/TLR/TNF/NF-kB signaling","Survival","D5",5,4,"M1",-0.532839502151517,10,"是","Others/Unknown","non-lung infection",0,0,28,"included"
"JinHua_205","JinHua_205_d5","Phagolysosome/autophagy","Survival","D5",5,4,"M2",-0.387829455627093,10,"是","Others/Unknown","non-lung infection",0,0,28,"included"
"JinHua_205","JinHua_205_d5","Type I interferon response","Survival","D5",5,4,"M3",-0.522198437397387,10,"是","Others/Unknown","non-lung infection",0,0,28,"included"
"JinHua_205","JinHua_205_d5","Ribosome biogenesis","Survival","D5",5,4,"M4",0.607300311295464,10,"是","Others/Unknown","non-lung infection",0,0,28,"included"
"JinHua_206","JinHua_206_d5","PRR/TLR/TNF/NF-kB signaling","Survival","D5",5,4,"M1",0.543436114393829,9,"是","Lung/Chest","lung infection",0,0,28,"included"
"JinHua_206","JinHua_206_d5","Phagolysosome/autophagy","Survival","D5",5,4,"M2",0.51635739238601,9,"是","Lung/Chest","lung infection",0,0,28,"included"
"JinHua_206","JinHua_206_d5","Type I interferon response","Survival","D5",5,4,"M3",0.567636899571319,9,"是","Lung/Chest","lung infection",0,0,28,"included"
"JinHua_206","JinHua_206_d5","Ribosome biogenesis","Survival","D5",5,4,"M4",-0.512608566339056,9,"是","Lung/Chest","lung infection",0,0,28,"included"
"JinHua_207","JinHua_207_d5","PRR/TLR/TNF/NF-kB signaling","Mortality","D5",5,4,"M1",0.0564938970083484,33,"否","Lung/Chest","lung infection",1,0,28,"included"
"JinHua_207","JinHua_207_d5","Phagolysosome/autophagy","Mortality","D5",5,4,"M2",0.00335064638999649,33,"否","Lung/Chest","lung infection",1,0,28,"included"
"JinHua_207","JinHua_207_d5","Type I interferon response","Mortality","D5",5,4,"M3",-0.281700389546519,33,"否","Lung/Chest","lung infection",1,0,28,"included"
"JinHua_207","JinHua_207_d5","Ribosome biogenesis","Mortality","D5",5,4,"M4",0.116817405551114,33,"否","Lung/Chest","lung infection",1,0,28,"included"
"JinHua_208","JinHua_208_d5","PRR/TLR/TNF/NF-kB signaling","Survival","D5",5,4,"M1",-0.384155583160252,20,"是","Lung/Chest","lung infection",0,0,28,"included"
"JinHua_208","JinHua_208_d5","Phagolysosome/autophagy","Survival","D5",5,4,"M2",-0.440602359881187,20,"是","Lung/Chest","lung infection",0,0,28,"included"
"JinHua_208","JinHua_208_d5","Type I interferon response","Survival","D5",5,4,"M3",-0.472477136159919,20,"是","Lung/Chest","lung infection",0,0,28,"included"
"JinHua_208","JinHua_208_d5","Ribosome biogenesis","Survival","D5",5,4,"M4",0.0605877956503548,20,"是","Lung/Chest","lung infection",0,0,28,"included"
"JinHua_210","JinHua_210_d5","PRR/TLR/TNF/NF-kB signaling","Survival","D5",5,4,"M1",-0.583779264522986,10,"是","Biliary/Liver","non-lung infection",0,0,28,"included"
"JinHua_210","JinHua_210_d5","Phagolysosome/autophagy","Survival","D5",5,4,"M2",-0.559126388709119,10,"是","Biliary/Liver","non-lung infection",0,0,28,"included"
"JinHua_210","JinHua_210_d5","Type I interferon response","Survival","D5",5,4,"M3",-0.498672927156399,10,"是","Biliary/Liver","non-lung infection",0,0,28,"included"
"JinHua_210","JinHua_210_d5","Ribosome biogenesis","Survival","D5",5,4,"M4",0.611575535495846,10,"是","Biliary/Liver","non-lung infection",0,0,28,"included"
"JinHua_211","JinHua_211_d5","PRR/TLR/TNF/NF-kB signaling","Survival","D5",5,4,"M1",-0.632680710070554,13,"是","Others/Unknown","non-lung infection",0,0,28,"included"
"JinHua_211","JinHua_211_d5","Phagolysosome/autophagy","Survival","D5",5,4,"M2",-0.584002971455053,13,"是","Others/Unknown","non-lung infection",0,0,28,"included"
"JinHua_211","JinHua_211_d5","Type I interferon response","Survival","D5",5,4,"M3",-0.585857090562943,13,"是","Others/Unknown","non-lung infection",0,0,28,"included"
"JinHua_211","JinHua_211_d5","Ribosome biogenesis","Survival","D5",5,4,"M4",0.624647097858231,13,"是","Others/Unknown","non-lung infection",0,0,28,"included"
"JinHua_213","JinHua_213_d5","PRR/TLR/TNF/NF-kB signaling","Survival","D5",5,4,"M1",-0.570478487424859,14,"是","Lung/Chest","lung infection",0,0,28,"included"
"JinHua_213","JinHua_213_d5","Phagolysosome/autophagy","Survival","D5",5,4,"M2",-0.647465117252284,14,"是","Lung/Chest","lung infection",0,0,28,"included"
"JinHua_213","JinHua_213_d5","Type I interferon response","Survival","D5",5,4,"M3",-0.0979518786265907,14,"是","Lung/Chest","lung infection",0,0,28,"included"
"JinHua_213","JinHua_213_d5","Ribosome biogenesis","Survival","D5",5,4,"M4",0.69973457316418,14,"是","Lung/Chest","lung infection",0,0,28,"included"
"JinHua_214","JinHua_214_d5","PRR/TLR/TNF/NF-kB signaling","Survival","D5",5,4,"M1",0.386938897219715,37,"是","Abdomen","non-lung infection",0,0,28,"included"
"JinHua_214","JinHua_214_d5","Phagolysosome/autophagy","Survival","D5",5,4,"M2",0.436697450921105,37,"是","Abdomen","non-lung infection",0,0,28,"included"
"JinHua_214","JinHua_214_d5","Type I interferon response","Survival","D5",5,4,"M3",-0.149280104343187,37,"是","Abdomen","non-lung infection",0,0,28,"included"
"JinHua_214","JinHua_214_d5","Ribosome biogenesis","Survival","D5",5,4,"M4",-0.483676459201998,37,"是","Abdomen","non-lung infection",0,0,28,"included"
"JinHua_215","JinHua_215_d5","PRR/TLR/TNF/NF-kB signaling","Survival","D5",5,4,"M1",-0.672515202535424,58,"是","Lung/Chest","lung infection",0,0,28,"included"
"JinHua_215","JinHua_215_d5","Phagolysosome/autophagy","Survival","D5",5,4,"M2",-0.72712231775806,58,"是","Lung/Chest","lung infection",0,0,28,"included"
"JinHua_215","JinHua_215_d5","Type I interferon response","Survival","D5",5,4,"M3",-0.574733039808598,58,"是","Lung/Chest","lung infection",0,0,28,"included"
"JinHua_215","JinHua_215_d5","Ribosome biogenesis","Survival","D5",5,4,"M4",0.645362619531482,58,"是","Lung/Chest","lung infection",0,0,28,"included"
"JinHua_217","JinHua_217_d5","PRR/TLR/TNF/NF-kB signaling","Survival","D5",5,4,"M1",-0.599523178442623,21,"是","Abdomen","non-lung infection",0,0,28,"included"
"JinHua_217","JinHua_217_d5","Phagolysosome/autophagy","Survival","D5",5,4,"M2",-0.574935238628502,21,"是","Abdomen","non-lung infection",0,0,28,"included"
"JinHua_217","JinHua_217_d5","Type I interferon response","Survival","D5",5,4,"M3",-0.535349088056713,21,"是","Abdomen","non-lung infection",0,0,28,"included"
"JinHua_217","JinHua_217_d5","Ribosome biogenesis","Survival","D5",5,4,"M4",0.586740692261079,21,"是","Abdomen","non-lung infection",0,0,28,"included"
"JinHua_218","JinHua_218_d5","PRR/TLR/TNF/NF-kB signaling","Survival","D5",5,4,"M1",-0.646162894413449,8,"是","Others/Unknown","non-lung infection",0,0,28,"included"
"JinHua_218","JinHua_218_d5","Phagolysosome/autophagy","Survival","D5",5,4,"M2",-0.68137400903431,8,"是","Others/Unknown","non-lung infection",0,0,28,"included"
"JinHua_218","JinHua_218_d5","Type I interferon response","Survival","D5",5,4,"M3",-0.317527052250125,8,"是","Others/Unknown","non-lung infection",0,0,28,"included"
"JinHua_218","JinHua_218_d5","Ribosome biogenesis","Survival","D5",5,4,"M4",0.688091129703315,8,"是","Others/Unknown","non-lung infection",0,0,28,"included"
"JinHua_219","JinHua_219_d5","PRR/TLR/TNF/NF-kB signaling","Survival","D5",5,4,"M1",-0.501910965999131,20,"是","Lung/Chest","lung infection",0,0,28,"included"
"JinHua_219","JinHua_219_d5","Phagolysosome/autophagy","Survival","D5",5,4,"M2",-0.506313148699984,20,"是","Lung/Chest","lung infection",0,0,28,"included"
"JinHua_219","JinHua_219_d5","Type I interferon response","Survival","D5",5,4,"M3",-0.496854230824254,20,"是","Lung/Chest","lung infection",0,0,28,"included"
"JinHua_219","JinHua_219_d5","Ribosome biogenesis","Survival","D5",5,4,"M4",0.427722283898164,20,"是","Lung/Chest","lung infection",0,0,28,"included"
"JinHua_22","JinHua_22_d5","PRR/TLR/TNF/NF-kB signaling","Mortality","D5",5,4,"M1",-0.492647507077167,30,"否","Lung/Chest","lung infection",1,0,28,"included"
"JinHua_22","JinHua_22_d5","Phagolysosome/autophagy","Mortality","D5",5,4,"M2",-0.597643673780369,30,"否","Lung/Chest","lung infection",1,0,28,"included"
"JinHua_22","JinHua_22_d5","Type I interferon response","Mortality","D5",5,4,"M3",-0.52450962998027,30,"否","Lung/Chest","lung infection",1,0,28,"included"
"JinHua_22","JinHua_22_d5","Ribosome biogenesis","Mortality","D5",5,4,"M4",-0.554056647127077,30,"否","Lung/Chest","lung infection",1,0,28,"included"
"JinHua_220","JinHua_220_d5","PRR/TLR/TNF/NF-kB signaling","Survival","D5",5,4,"M1",-0.416759788381343,21,"是","Urinary","non-lung infection",0,0,28,"included"
"JinHua_220","JinHua_220_d5","Phagolysosome/autophagy","Survival","D5",5,4,"M2",-0.531128703322654,21,"是","Urinary","non-lung infection",0,0,28,"included"
"JinHua_220","JinHua_220_d5","Type I interferon response","Survival","D5",5,4,"M3",-0.335757413145551,21,"是","Urinary","non-lung infection",0,0,28,"included"
"JinHua_220","JinHua_220_d5","Ribosome biogenesis","Survival","D5",5,4,"M4",-0.104734636003729,21,"是","Urinary","non-lung infection",0,0,28,"included"
"JinHua_221","JinHua_221_d5","PRR/TLR/TNF/NF-kB signaling","Survival","D5",5,4,"M1",-0.664657681909288,7,"是","Urinary","non-lung infection",0,0,28,"included"
"JinHua_221","JinHua_221_d5","Phagolysosome/autophagy","Survival","D5",5,4,"M2",-0.648247585276874,7,"是","Urinary","non-lung infection",0,0,28,"included"
"JinHua_221","JinHua_221_d5","Type I interferon response","Survival","D5",5,4,"M3",-0.657910090347115,7,"是","Urinary","non-lung infection",0,0,28,"included"
"JinHua_221","JinHua_221_d5","Ribosome biogenesis","Survival","D5",5,4,"M4",0.705853441265961,7,"是","Urinary","non-lung infection",0,0,28,"included"
"JinHua_222","JinHua_222_d5","PRR/TLR/TNF/NF-kB signaling","Survival","D5",5,4,"M1",-0.724902257872647,10,"是","Lung/Chest","lung infection",0,0,28,"included"
"JinHua_222","JinHua_222_d5","Phagolysosome/autophagy","Survival","D5",5,4,"M2",-0.712560197550775,10,"是","Lung/Chest","lung infection",0,0,28,"included"
"JinHua_222","JinHua_222_d5","Type I interferon response","Survival","D5",5,4,"M3",-0.66885716246101,10,"是","Lung/Chest","lung infection",0,0,28,"included"
"JinHua_222","JinHua_222_d5","Ribosome biogenesis","Survival","D5",5,4,"M4",0.683268247923725,10,"是","Lung/Chest","lung infection",0,0,28,"included"
"JinHua_223","JinHua_223_d5","PRR/TLR/TNF/NF-kB signaling","Survival","D5",5,4,"M1",-0.627412132258606,38,"是","Lung/Chest","lung infection",0,0,28,"included"
"JinHua_223","JinHua_223_d5","Phagolysosome/autophagy","Survival","D5",5,4,"M2",-0.580115649874487,38,"是","Lung/Chest","lung infection",0,0,28,"included"
"JinHua_223","JinHua_223_d5","Type I interferon response","Survival","D5",5,4,"M3",-0.509541184303248,38,"是","Lung/Chest","lung infection",0,0,28,"included"
"JinHua_223","JinHua_223_d5","Ribosome biogenesis","Survival","D5",5,4,"M4",0.523123351352066,38,"是","Lung/Chest","lung infection",0,0,28,"included"
"JinHua_224","JinHua_224_d5","PRR/TLR/TNF/NF-kB signaling","Survival","D5",5,4,"M1",-0.523906300295825,23,"是","Lung/Chest","lung infection",0,0,28,"included"
"JinHua_224","JinHua_224_d5","Phagolysosome/autophagy","Survival","D5",5,4,"M2",-0.433025205131068,23,"是","Lung/Chest","lung infection",0,0,28,"included"
"JinHua_224","JinHua_224_d5","Type I interferon response","Survival","D5",5,4,"M3",-0.458510833811125,23,"是","Lung/Chest","lung infection",0,0,28,"included"
"JinHua_224","JinHua_224_d5","Ribosome biogenesis","Survival","D5",5,4,"M4",-0.0440453887744187,23,"是","Lung/Chest","lung infection",0,0,28,"included"
"JinHua_225","JinHua_225_d5","PRR/TLR/TNF/NF-kB signaling","Mortality","D5",5,4,"M1",0.272139978131643,6,"否","Lung/Chest","lung infection",1,1,6,"included"
"JinHua_225","JinHua_225_d5","Phagolysosome/autophagy","Mortality","D5",5,4,"M2",0.117001310363982,6,"否","Lung/Chest","lung infection",1,1,6,"included"
"JinHua_225","JinHua_225_d5","Type I interferon response","Mortality","D5",5,4,"M3",0.393964062453961,6,"否","Lung/Chest","lung infection",1,1,6,"included"
"JinHua_225","JinHua_225_d5","Ribosome biogenesis","Mortality","D5",5,4,"M4",0.176327365845591,6,"否","Lung/Chest","lung infection",1,1,6,"included"
"JinHua_23","JinHua_23_d5","PRR/TLR/TNF/NF-kB signaling","Survival","D5",5,4,"M1",-0.566510941504257,6.30833333333333,"是","Lung/Chest","lung infection",0,0,28,"included"
"JinHua_23","JinHua_23_d5","Phagolysosome/autophagy","Survival","D5",5,4,"M2",-0.547184530364846,6.30833333333333,"是","Lung/Chest","lung infection",0,0,28,"included"
"JinHua_23","JinHua_23_d5","Type I interferon response","Survival","D5",5,4,"M3",-0.537727974257165,6.30833333333333,"是","Lung/Chest","lung infection",0,0,28,"included"
"JinHua_23","JinHua_23_d5","Ribosome biogenesis","Survival","D5",5,4,"M4",-0.140910594774922,6.30833333333333,"是","Lung/Chest","lung infection",0,0,28,"included"
"JinHua_24","JinHua_24_d5","PRR/TLR/TNF/NF-kB signaling","Survival","D5",5,4,"M1",-0.372980919057701,9.81666666666667,"是","Urinary","non-lung infection",0,0,28,"included"
"JinHua_24","JinHua_24_d5","Phagolysosome/autophagy","Survival","D5",5,4,"M2",-0.325837592964975,9.81666666666667,"是","Urinary","non-lung infection",0,0,28,"included"
"JinHua_24","JinHua_24_d5","Type I interferon response","Survival","D5",5,4,"M3",-0.267086858019945,9.81666666666667,"是","Urinary","non-lung infection",0,0,28,"included"
"JinHua_24","JinHua_24_d5","Ribosome biogenesis","Survival","D5",5,4,"M4",-0.0149699020854493,9.81666666666667,"是","Urinary","non-lung infection",0,0,28,"included"
"JinHua_25","JinHua_25_d5","PRR/TLR/TNF/NF-kB signaling","Mortality","D5",5,4,"M1",-0.421355249276112,26.3972222222222,"否","Lung/Chest","lung infection",1,1,26.3972222222222,"included"
"JinHua_25","JinHua_25_d5","Phagolysosome/autophagy","Mortality","D5",5,4,"M2",-0.37066842984216,26.3972222222222,"否","Lung/Chest","lung infection",1,1,26.3972222222222,"included"
"JinHua_25","JinHua_25_d5","Type I interferon response","Mortality","D5",5,4,"M3",-0.339527641288535,26.3972222222222,"否","Lung/Chest","lung infection",1,1,26.3972222222222,"included"
"JinHua_25","JinHua_25_d5","Ribosome biogenesis","Mortality","D5",5,4,"M4",0.0332738900224009,26.3972222222222,"否","Lung/Chest","lung infection",1,1,26.3972222222222,"included"
"JinHua_26","JinHua_26_d5","PRR/TLR/TNF/NF-kB signaling","Survival","D5",5,4,"M1",-0.112826117243861,13.1263888888889,"是","Urinary","non-lung infection",0,0,28,"included"
"JinHua_26","JinHua_26_d5","Phagolysosome/autophagy","Survival","D5",5,4,"M2",-0.130281962929569,13.1263888888889,"是","Urinary","non-lung infection",0,0,28,"included"
"JinHua_26","JinHua_26_d5","Type I interferon response","Survival","D5",5,4,"M3",-0.304399306394936,13.1263888888889,"是","Urinary","non-lung infection",0,0,28,"included"
"JinHua_26","JinHua_26_d5","Ribosome biogenesis","Survival","D5",5,4,"M4",-0.420488152491601,13.1263888888889,"是","Urinary","non-lung infection",0,0,28,"included"
"JinHua_27","JinHua_27_d5","PRR/TLR/TNF/NF-kB signaling","Mortality","D5",5,4,"M1",-0.619810646982058,10,"否","Lung/Chest","lung infection",1,1,10,"included"
"JinHua_27","JinHua_27_d5","Phagolysosome/autophagy","Mortality","D5",5,4,"M2",-0.612230026112059,10,"否","Lung/Chest","lung infection",1,1,10,"included"
"JinHua_27","JinHua_27_d5","Type I interferon response","Mortality","D5",5,4,"M3",-0.491849362071728,10,"否","Lung/Chest","lung infection",1,1,10,"included"
"JinHua_27","JinHua_27_d5","Ribosome biogenesis","Mortality","D5",5,4,"M4",0.190227083983305,10,"否","Lung/Chest","lung infection",1,1,10,"included"
"JinHua_3","JinHua_3_d5","PRR/TLR/TNF/NF-kB signaling","Survival","D5",5,4,"M1",-0.609187526596484,31,"是","Abdomen","non-lung infection",0,0,28,"included"
"JinHua_3","JinHua_3_d5","Phagolysosome/autophagy","Survival","D5",5,4,"M2",-0.572117677124428,31,"是","Abdomen","non-lung infection",0,0,28,"included"
"JinHua_3","JinHua_3_d5","Type I interferon response","Survival","D5",5,4,"M3",-0.528649231539277,31,"是","Abdomen","non-lung infection",0,0,28,"included"
"JinHua_3","JinHua_3_d5","Ribosome biogenesis","Survival","D5",5,4,"M4",0.520719750541855,31,"是","Abdomen","non-lung infection",0,0,28,"included"
"JinHua_30","JinHua_30_d5","PRR/TLR/TNF/NF-kB signaling","Survival","D5",5,4,"M1",-0.515645011987223,9,"是","Urinary","non-lung infection",0,0,28,"included"
"JinHua_30","JinHua_30_d5","Phagolysosome/autophagy","Survival","D5",5,4,"M2",-0.487318845885373,9,"是","Urinary","non-lung infection",0,0,28,"included"
"JinHua_30","JinHua_30_d5","Type I interferon response","Survival","D5",5,4,"M3",-0.517938696548936,9,"是","Urinary","non-lung infection",0,0,28,"included"
"JinHua_30","JinHua_30_d5","Ribosome biogenesis","Survival","D5",5,4,"M4",-0.175615594687663,9,"是","Urinary","non-lung infection",0,0,28,"included"
"JinHua_31","JinHua_31_d5","PRR/TLR/TNF/NF-kB signaling","Survival","D5",5,4,"M1",0.379201308421641,29,"是","Abdomen","non-lung infection",0,0,28,"included"
"JinHua_31","JinHua_31_d5","Phagolysosome/autophagy","Survival","D5",5,4,"M2",0.310690286356992,29,"是","Abdomen","non-lung infection",0,0,28,"included"
"JinHua_31","JinHua_31_d5","Type I interferon response","Survival","D5",5,4,"M3",-0.0555089168209887,29,"是","Abdomen","non-lung infection",0,0,28,"included"
"JinHua_31","JinHua_31_d5","Ribosome biogenesis","Survival","D5",5,4,"M4",-0.568620784055877,29,"是","Abdomen","non-lung infection",0,0,28,"included"
"JinHua_32","JinHua_32_d5","PRR/TLR/TNF/NF-kB signaling","Mortality","D5",5,4,"M1",0.0553648249769249,6,"否","Lung/Chest","lung infection",1,1,6,"included"
"JinHua_32","JinHua_32_d5","Phagolysosome/autophagy","Mortality","D5",5,4,"M2",-0.159298067691355,6,"否","Lung/Chest","lung infection",1,1,6,"included"
"JinHua_32","JinHua_32_d5","Type I interferon response","Mortality","D5",5,4,"M3",0.149211170439973,6,"否","Lung/Chest","lung infection",1,1,6,"included"
"JinHua_32","JinHua_32_d5","Ribosome biogenesis","Mortality","D5",5,4,"M4",-0.310335041310208,6,"否","Lung/Chest","lung infection",1,1,6,"included"
"JinHua_33","JinHua_33_d5","PRR/TLR/TNF/NF-kB signaling","Survival","D5",5,4,"M1",-0.221190006109584,45,"是","Lung/Chest","lung infection",0,0,28,"included"
"JinHua_33","JinHua_33_d5","Phagolysosome/autophagy","Survival","D5",5,4,"M2",-0.35379626670682,45,"是","Lung/Chest","lung infection",0,0,28,"included"
"JinHua_33","JinHua_33_d5","Type I interferon response","Survival","D5",5,4,"M3",0.0815831457556355,45,"是","Lung/Chest","lung infection",0,0,28,"included"
"JinHua_33","JinHua_33_d5","Ribosome biogenesis","Survival","D5",5,4,"M4",0.119155371967031,45,"是","Lung/Chest","lung infection",0,0,28,"included"
"JinHua_34","JinHua_34_d5","PRR/TLR/TNF/NF-kB signaling","Survival","D5",5,4,"M1",-0.614723703505562,17,"是","Lung/Chest","lung infection",0,0,28,"included"
"JinHua_34","JinHua_34_d5","Phagolysosome/autophagy","Survival","D5",5,4,"M2",-0.600195932185974,17,"是","Lung/Chest","lung infection",0,0,28,"included"
"JinHua_34","JinHua_34_d5","Type I interferon response","Survival","D5",5,4,"M3",-0.446044121746427,17,"是","Lung/Chest","lung infection",0,0,28,"included"
"JinHua_34","JinHua_34_d5","Ribosome biogenesis","Survival","D5",5,4,"M4",0.37348919995695,17,"是","Lung/Chest","lung infection",0,0,28,"included"
"JinHua_35","JinHua_35_d5","PRR/TLR/TNF/NF-kB signaling","Survival","D5",5,4,"M1",-0.406368252053099,24,"是","Lung/Chest","lung infection",0,0,28,"included"
"JinHua_35","JinHua_35_d5","Phagolysosome/autophagy","Survival","D5",5,4,"M2",-0.418912293209213,24,"是","Lung/Chest","lung infection",0,0,28,"included"
"JinHua_35","JinHua_35_d5","Type I interferon response","Survival","D5",5,4,"M3",-0.207572996567,24,"是","Lung/Chest","lung infection",0,0,28,"included"
"JinHua_35","JinHua_35_d5","Ribosome biogenesis","Survival","D5",5,4,"M4",-0.274243270121825,24,"是","Lung/Chest","lung infection",0,0,28,"included"
"JinHua_37","JinHua_37_d5","PRR/TLR/TNF/NF-kB signaling","Survival","D5",5,4,"M1",0.319862009468208,32,"是","Brain","non-lung infection",0,0,28,"included"
"JinHua_37","JinHua_37_d5","Phagolysosome/autophagy","Survival","D5",5,4,"M2",0.497261674865915,32,"是","Brain","non-lung infection",0,0,28,"included"
"JinHua_37","JinHua_37_d5","Type I interferon response","Survival","D5",5,4,"M3",-0.13534486423535,32,"是","Brain","non-lung infection",0,0,28,"included"
"JinHua_37","JinHua_37_d5","Ribosome biogenesis","Survival","D5",5,4,"M4",0.195906901152013,32,"是","Brain","non-lung infection",0,0,28,"included"
"JinHua_38","JinHua_38_d5","PRR/TLR/TNF/NF-kB signaling","Survival","D5",5,4,"M1",-0.484794392786356,24,"是","BloodStream","non-lung infection",0,0,28,"included"
"JinHua_38","JinHua_38_d5","Phagolysosome/autophagy","Survival","D5",5,4,"M2",-0.457195102731728,24,"是","BloodStream","non-lung infection",0,0,28,"included"
"JinHua_38","JinHua_38_d5","Type I interferon response","Survival","D5",5,4,"M3",-0.473236928627611,24,"是","BloodStream","non-lung infection",0,0,28,"included"
"JinHua_38","JinHua_38_d5","Ribosome biogenesis","Survival","D5",5,4,"M4",0.653217028648564,24,"是","BloodStream","non-lung infection",0,0,28,"included"
"JinHua_39","JinHua_39_d5","PRR/TLR/TNF/NF-kB signaling","Survival","D5",5,4,"M1",0.329027364248728,9,"是","Lung/Chest","lung infection",0,0,28,"included"
"JinHua_39","JinHua_39_d5","Phagolysosome/autophagy","Survival","D5",5,4,"M2",0.338061141256592,9,"是","Lung/Chest","lung infection",0,0,28,"included"
"JinHua_39","JinHua_39_d5","Type I interferon response","Survival","D5",5,4,"M3",0.302133902322491,9,"是","Lung/Chest","lung infection",0,0,28,"included"
"JinHua_39","JinHua_39_d5","Ribosome biogenesis","Survival","D5",5,4,"M4",-0.289399170755751,9,"是","Lung/Chest","lung infection",0,0,28,"included"
"JinHua_4","JinHua_4_d5","PRR/TLR/TNF/NF-kB signaling","Survival","D5",5,4,"M1",-0.560954822940416,10,"是","Abdomen","non-lung infection",0,0,28,"included"
"JinHua_4","JinHua_4_d5","Phagolysosome/autophagy","Survival","D5",5,4,"M2",-0.544611226062748,10,"是","Abdomen","non-lung infection",0,0,28,"included"
"JinHua_4","JinHua_4_d5","Type I interferon response","Survival","D5",5,4,"M3",-0.429428768849957,10,"是","Abdomen","non-lung infection",0,0,28,"included"
"JinHua_4","JinHua_4_d5","Ribosome biogenesis","Survival","D5",5,4,"M4",0.604283875161513,10,"是","Abdomen","non-lung infection",0,0,28,"included"
"JinHua_42","JinHua_42_d5","PRR/TLR/TNF/NF-kB signaling","Survival","D5",5,4,"M1",-0.0496727610964672,19,"是","Lung/Chest","lung infection",0,0,28,"included"
"JinHua_42","JinHua_42_d5","Phagolysosome/autophagy","Survival","D5",5,4,"M2",0.272416002642165,19,"是","Lung/Chest","lung infection",0,0,28,"included"
"JinHua_42","JinHua_42_d5","Type I interferon response","Survival","D5",5,4,"M3",0.0881537190489372,19,"是","Lung/Chest","lung infection",0,0,28,"included"
"JinHua_42","JinHua_42_d5","Ribosome biogenesis","Survival","D5",5,4,"M4",0.403386793449956,19,"是","Lung/Chest","lung infection",0,0,28,"included"
"JinHua_43","JinHua_43_d5","PRR/TLR/TNF/NF-kB signaling","Survival","D5",5,4,"M1",-0.41844493606876,12,"是","Lung/Chest","lung infection",0,0,28,"included"
"JinHua_43","JinHua_43_d5","Phagolysosome/autophagy","Survival","D5",5,4,"M2",-0.383267089787976,12,"是","Lung/Chest","lung infection",0,0,28,"included"
"JinHua_43","JinHua_43_d5","Type I interferon response","Survival","D5",5,4,"M3",-0.169252117134002,12,"是","Lung/Chest","lung infection",0,0,28,"included"
"JinHua_43","JinHua_43_d5","Ribosome biogenesis","Survival","D5",5,4,"M4",0.532558359796611,12,"是","Lung/Chest","lung infection",0,0,28,"included"
"JinHua_44","JinHua_44_d5","PRR/TLR/TNF/NF-kB signaling","Survival","D5",5,4,"M1",-0.422142127635861,10,"是","Brain","non-lung infection",0,0,28,"included"
"JinHua_44","JinHua_44_d5","Phagolysosome/autophagy","Survival","D5",5,4,"M2",-0.149544919290631,10,"是","Brain","non-lung infection",0,0,28,"included"
"JinHua_44","JinHua_44_d5","Type I interferon response","Survival","D5",5,4,"M3",-0.460714985925373,10,"是","Brain","non-lung infection",0,0,28,"included"
"JinHua_44","JinHua_44_d5","Ribosome biogenesis","Survival","D5",5,4,"M4",0.53893479634449,10,"是","Brain","non-lung infection",0,0,28,"included"
"JinHua_45","JinHua_45_d5","PRR/TLR/TNF/NF-kB signaling","Survival","D5",5,4,"M1",-0.624857201276376,10,"是","Lung/Chest","lung infection",0,0,28,"included"
"JinHua_45","JinHua_45_d5","Phagolysosome/autophagy","Survival","D5",5,4,"M2",-0.730961477800665,10,"是","Lung/Chest","lung infection",0,0,28,"included"
"JinHua_45","JinHua_45_d5","Type I interferon response","Survival","D5",5,4,"M3",-0.398840714865924,10,"是","Lung/Chest","lung infection",0,0,28,"included"
"JinHua_45","JinHua_45_d5","Ribosome biogenesis","Survival","D5",5,4,"M4",0.705131504831662,10,"是","Lung/Chest","lung infection",0,0,28,"included"
"JinHua_46","JinHua_46_d5","PRR/TLR/TNF/NF-kB signaling","Survival","D5",5,4,"M1",-0.577161716891188,13,"是","Urinary","non-lung infection",0,0,28,"included"
"JinHua_46","JinHua_46_d5","Phagolysosome/autophagy","Survival","D5",5,4,"M2",-0.511052642076571,13,"是","Urinary","non-lung infection",0,0,28,"included"
"JinHua_46","JinHua_46_d5","Type I interferon response","Survival","D5",5,4,"M3",-0.511217502238974,13,"是","Urinary","non-lung infection",0,0,28,"included"
"JinHua_46","JinHua_46_d5","Ribosome biogenesis","Survival","D5",5,4,"M4",0.603768673980885,13,"是","Urinary","non-lung infection",0,0,28,"included"
"JinHua_48","JinHua_48_d5","PRR/TLR/TNF/NF-kB signaling","Survival","D5",5,4,"M1",0.0245410985532857,19,"是","Lung/Chest","lung infection",0,0,28,"included"
"JinHua_48","JinHua_48_d5","Phagolysosome/autophagy","Survival","D5",5,4,"M2",-0.108444880796253,19,"是","Lung/Chest","lung infection",0,0,28,"included"
"JinHua_48","JinHua_48_d5","Type I interferon response","Survival","D5",5,4,"M3",0.291523864363535,19,"是","Lung/Chest","lung infection",0,0,28,"included"
"JinHua_48","JinHua_48_d5","Ribosome biogenesis","Survival","D5",5,4,"M4",0.384123253321955,19,"是","Lung/Chest","lung infection",0,0,28,"included"
"JinHua_49","JinHua_49_d5","PRR/TLR/TNF/NF-kB signaling","Survival","D5",5,4,"M1",-0.48504564621584,22,"是","BloodStream","non-lung infection",0,0,28,"included"
"JinHua_49","JinHua_49_d5","Phagolysosome/autophagy","Survival","D5",5,4,"M2",-0.566037360931795,22,"是","BloodStream","non-lung infection",0,0,28,"included"
"JinHua_49","JinHua_49_d5","Type I interferon response","Survival","D5",5,4,"M3",-0.153225994621005,22,"是","BloodStream","non-lung infection",0,0,28,"included"
"JinHua_49","JinHua_49_d5","Ribosome biogenesis","Survival","D5",5,4,"M4",0.60030023548997,22,"是","BloodStream","non-lung infection",0,0,28,"included"
"JinHua_5","JinHua_5_d5","PRR/TLR/TNF/NF-kB signaling","Survival","D5",5,4,"M1",-0.520549418275353,13,"是","Lung/Chest","lung infection",0,0,28,"included"
"JinHua_5","JinHua_5_d5","Phagolysosome/autophagy","Survival","D5",5,4,"M2",-0.420068882306014,13,"是","Lung/Chest","lung infection",0,0,28,"included"
"JinHua_5","JinHua_5_d5","Type I interferon response","Survival","D5",5,4,"M3",-0.463446500962953,13,"是","Lung/Chest","lung infection",0,0,28,"included"
"JinHua_5","JinHua_5_d5","Ribosome biogenesis","Survival","D5",5,4,"M4",0.607101202875871,13,"是","Lung/Chest","lung infection",0,0,28,"included"
"JinHua_50","JinHua_50_d5","PRR/TLR/TNF/NF-kB signaling","Survival","D5",5,4,"M1",0.134787632035291,21,"是","Abdomen","non-lung infection",0,0,28,"included"
"JinHua_50","JinHua_50_d5","Phagolysosome/autophagy","Survival","D5",5,4,"M2",0.269182036238199,21,"是","Abdomen","non-lung infection",0,0,28,"included"
"JinHua_50","JinHua_50_d5","Type I interferon response","Survival","D5",5,4,"M3",-0.0773436376754131,21,"是","Abdomen","non-lung infection",0,0,28,"included"
"JinHua_50","JinHua_50_d5","Ribosome biogenesis","Survival","D5",5,4,"M4",0.382498671072356,21,"是","Abdomen","non-lung infection",0,0,28,"included"
"JinHua_51","JinHua_51_d5","PRR/TLR/TNF/NF-kB signaling","Survival","D5",5,4,"M1",0.310526909176553,21,"是","Lung/Chest","lung infection",0,0,28,"included"
"JinHua_51","JinHua_51_d5","Phagolysosome/autophagy","Survival","D5",5,4,"M2",0.237619126983995,21,"是","Lung/Chest","lung infection",0,0,28,"included"
"JinHua_51","JinHua_51_d5","Type I interferon response","Survival","D5",5,4,"M3",0.584964427717614,21,"是","Lung/Chest","lung infection",0,0,28,"included"
"JinHua_51","JinHua_51_d5","Ribosome biogenesis","Survival","D5",5,4,"M4",-0.591286999154175,21,"是","Lung/Chest","lung infection",0,0,28,"included"
"JinHua_53","JinHua_53_d5","PRR/TLR/TNF/NF-kB signaling","Survival","D5",5,4,"M1",-0.519046083066111,1,"是","Abdomen","non-lung infection",0,0,28,"included"
"JinHua_53","JinHua_53_d5","Phagolysosome/autophagy","Survival","D5",5,4,"M2",-0.527363365738376,1,"是","Abdomen","non-lung infection",0,0,28,"included"
"JinHua_53","JinHua_53_d5","Type I interferon response","Survival","D5",5,4,"M3",-0.441932874598184,1,"是","Abdomen","non-lung infection",0,0,28,"included"
"JinHua_53","JinHua_53_d5","Ribosome biogenesis","Survival","D5",5,4,"M4",0.501908136283801,1,"是","Abdomen","non-lung infection",0,0,28,"included"
"JinHua_54","JinHua_54_d5","PRR/TLR/TNF/NF-kB signaling","Survival","D5",5,4,"M1",0.167805486801672,30,"是","Abdomen","non-lung infection",0,0,28,"included"
"JinHua_54","JinHua_54_d5","Phagolysosome/autophagy","Survival","D5",5,4,"M2",0.265883808696665,30,"是","Abdomen","non-lung infection",0,0,28,"included"
"JinHua_54","JinHua_54_d5","Type I interferon response","Survival","D5",5,4,"M3",-0.16892790222165,30,"是","Abdomen","non-lung infection",0,0,28,"included"
"JinHua_54","JinHua_54_d5","Ribosome biogenesis","Survival","D5",5,4,"M4",0.18655576337352,30,"是","Abdomen","non-lung infection",0,0,28,"included"
"JinHua_56","JinHua_56_d5","PRR/TLR/TNF/NF-kB signaling","Survival","D5",5,4,"M1",0.086841357372604,10,"是","Abdomen","non-lung infection",0,0,28,"included"
"JinHua_56","JinHua_56_d5","Phagolysosome/autophagy","Survival","D5",5,4,"M2",-0.0830467738121081,10,"是","Abdomen","non-lung infection",0,0,28,"included"
"JinHua_56","JinHua_56_d5","Type I interferon response","Survival","D5",5,4,"M3",-0.181708644798866,10,"是","Abdomen","non-lung infection",0,0,28,"included"
"JinHua_56","JinHua_56_d5","Ribosome biogenesis","Survival","D5",5,4,"M4",-0.03122168636113,10,"是","Abdomen","non-lung infection",0,0,28,"included"
"JinHua_57","JinHua_57_d5","PRR/TLR/TNF/NF-kB signaling","Survival","D5",5,4,"M1",-0.160864174838389,73,"是","Abdomen","non-lung infection",0,0,28,"included"
"JinHua_57","JinHua_57_d5","Phagolysosome/autophagy","Survival","D5",5,4,"M2",-0.219369419623511,73,"是","Abdomen","non-lung infection",0,0,28,"included"
"JinHua_57","JinHua_57_d5","Type I interferon response","Survival","D5",5,4,"M3",-0.274011648179342,73,"是","Abdomen","non-lung infection",0,0,28,"included"
"JinHua_57","JinHua_57_d5","Ribosome biogenesis","Survival","D5",5,4,"M4",0.494556265587094,73,"是","Abdomen","non-lung infection",0,0,28,"included"
"JinHua_59","JinHua_59_d5","PRR/TLR/TNF/NF-kB signaling","Survival","D5",5,4,"M1",0.26263180673822,9,"是","Lung/Chest","lung infection",0,0,28,"included"
"JinHua_59","JinHua_59_d5","Phagolysosome/autophagy","Survival","D5",5,4,"M2",-0.0559511686681428,9,"是","Lung/Chest","lung infection",0,0,28,"included"
"JinHua_59","JinHua_59_d5","Type I interferon response","Survival","D5",5,4,"M3",0.41106990549609,9,"是","Lung/Chest","lung infection",0,0,28,"included"
"JinHua_59","JinHua_59_d5","Ribosome biogenesis","Survival","D5",5,4,"M4",0.0352672622744906,9,"是","Lung/Chest","lung infection",0,0,28,"included"
"JinHua_6","JinHua_6_d5","PRR/TLR/TNF/NF-kB signaling","Survival","D5",5,4,"M1",-0.630336434967968,10,"是","Abdomen","non-lung infection",0,0,28,"included"
"JinHua_6","JinHua_6_d5","Phagolysosome/autophagy","Survival","D5",5,4,"M2",-0.587660397439387,10,"是","Abdomen","non-lung infection",0,0,28,"included"
"JinHua_6","JinHua_6_d5","Type I interferon response","Survival","D5",5,4,"M3",-0.555394734582673,10,"是","Abdomen","non-lung infection",0,0,28,"included"
"JinHua_6","JinHua_6_d5","Ribosome biogenesis","Survival","D5",5,4,"M4",0.519680053522201,10,"是","Abdomen","non-lung infection",0,0,28,"included"
"JinHua_60","JinHua_60_d5","PRR/TLR/TNF/NF-kB signaling","Mortality","D5",5,4,"M1",0.683374010243466,6,"否","Lung/Chest","lung infection",1,1,6,"included"
"JinHua_60","JinHua_60_d5","Phagolysosome/autophagy","Mortality","D5",5,4,"M2",0.672211179729703,6,"否","Lung/Chest","lung infection",1,1,6,"included"
"JinHua_60","JinHua_60_d5","Type I interferon response","Mortality","D5",5,4,"M3",0.663640376042701,6,"否","Lung/Chest","lung infection",1,1,6,"included"
"JinHua_60","JinHua_60_d5","Ribosome biogenesis","Mortality","D5",5,4,"M4",-0.744580437880446,6,"否","Lung/Chest","lung infection",1,1,6,"included"
"JinHua_61","JinHua_61_d5","PRR/TLR/TNF/NF-kB signaling","Survival","D5",5,4,"M1",-0.238014590784699,22,"是","Urinary","non-lung infection",0,0,28,"included"
"JinHua_61","JinHua_61_d5","Phagolysosome/autophagy","Survival","D5",5,4,"M2",-0.367669040979153,22,"是","Urinary","non-lung infection",0,0,28,"included"
"JinHua_61","JinHua_61_d5","Type I interferon response","Survival","D5",5,4,"M3",0.0446765698236956,22,"是","Urinary","non-lung infection",0,0,28,"included"
"JinHua_61","JinHua_61_d5","Ribosome biogenesis","Survival","D5",5,4,"M4",-0.207399361937209,22,"是","Urinary","non-lung infection",0,0,28,"included"
"JinHua_62","JinHua_62_d5","PRR/TLR/TNF/NF-kB signaling","Survival","D5",5,4,"M1",-0.325688842339387,8,"是","Abdomen","non-lung infection",0,0,28,"included"
"JinHua_62","JinHua_62_d5","Phagolysosome/autophagy","Survival","D5",5,4,"M2",-0.514526435465758,8,"是","Abdomen","non-lung infection",0,0,28,"included"
"JinHua_62","JinHua_62_d5","Type I interferon response","Survival","D5",5,4,"M3",0.0626614072888372,8,"是","Abdomen","non-lung infection",0,0,28,"included"
"JinHua_62","JinHua_62_d5","Ribosome biogenesis","Survival","D5",5,4,"M4",0.2855240236752,8,"是","Abdomen","non-lung infection",0,0,28,"included"
"JinHua_63","JinHua_63_d5","PRR/TLR/TNF/NF-kB signaling","Mortality","D5",5,4,"M1",0.105224458975107,81,"否","SoftTissue","non-lung infection",1,0,28,"included"
"JinHua_63","JinHua_63_d5","Phagolysosome/autophagy","Mortality","D5",5,4,"M2",-0.201299817577173,81,"否","SoftTissue","non-lung infection",1,0,28,"included"
"JinHua_63","JinHua_63_d5","Type I interferon response","Mortality","D5",5,4,"M3",0.161892938151003,81,"否","SoftTissue","non-lung infection",1,0,28,"included"
"JinHua_63","JinHua_63_d5","Ribosome biogenesis","Mortality","D5",5,4,"M4",0.218512697750465,81,"否","SoftTissue","non-lung infection",1,0,28,"included"
"JinHua_64","JinHua_64_d5","PRR/TLR/TNF/NF-kB signaling","Survival","D5",5,4,"M1",-0.0806763850929758,10,"是","Abdomen","non-lung infection",0,0,28,"included"
"JinHua_64","JinHua_64_d5","Phagolysosome/autophagy","Survival","D5",5,4,"M2",-0.329422690548478,10,"是","Abdomen","non-lung infection",0,0,28,"included"
"JinHua_64","JinHua_64_d5","Type I interferon response","Survival","D5",5,4,"M3",-0.0879197854419063,10,"是","Abdomen","non-lung infection",0,0,28,"included"
"JinHua_64","JinHua_64_d5","Ribosome biogenesis","Survival","D5",5,4,"M4",0.35125678341686,10,"是","Abdomen","non-lung infection",0,0,28,"included"
"JinHua_65","JinHua_65_d5","PRR/TLR/TNF/NF-kB signaling","Survival","D5",5,4,"M1",0.0435035432907881,35,"是","Lung/Chest","lung infection",0,0,28,"included"
"JinHua_65","JinHua_65_d5","Phagolysosome/autophagy","Survival","D5",5,4,"M2",-0.115018987101559,35,"是","Lung/Chest","lung infection",0,0,28,"included"
"JinHua_65","JinHua_65_d5","Type I interferon response","Survival","D5",5,4,"M3",0.340055683722653,35,"是","Lung/Chest","lung infection",0,0,28,"included"
"JinHua_65","JinHua_65_d5","Ribosome biogenesis","Survival","D5",5,4,"M4",-0.0174662796368217,35,"是","Lung/Chest","lung infection",0,0,28,"included"
"JinHua_66","JinHua_66_d5","PRR/TLR/TNF/NF-kB signaling","Survival","D5",5,4,"M1",-0.0202400398435618,19,"是","Abdomen","non-lung infection",0,0,28,"included"
"JinHua_66","JinHua_66_d5","Phagolysosome/autophagy","Survival","D5",5,4,"M2",-0.00982015792656721,19,"是","Abdomen","non-lung infection",0,0,28,"included"
"JinHua_66","JinHua_66_d5","Type I interferon response","Survival","D5",5,4,"M3",-0.0450089715270932,19,"是","Abdomen","non-lung infection",0,0,28,"included"
"JinHua_66","JinHua_66_d5","Ribosome biogenesis","Survival","D5",5,4,"M4",0.56742944561506,19,"是","Abdomen","non-lung infection",0,0,28,"included"
"JinHua_67","JinHua_67_d5","PRR/TLR/TNF/NF-kB signaling","Survival","D5",5,4,"M1",0.0388345498581076,56,"是","Lung/Chest","lung infection",0,0,28,"included"
"JinHua_67","JinHua_67_d5","Phagolysosome/autophagy","Survival","D5",5,4,"M2",0.012178432169905,56,"是","Lung/Chest","lung infection",0,0,28,"included"
"JinHua_67","JinHua_67_d5","Type I interferon response","Survival","D5",5,4,"M3",0.0500308089320326,56,"是","Lung/Chest","lung infection",0,0,28,"included"
"JinHua_67","JinHua_67_d5","Ribosome biogenesis","Survival","D5",5,4,"M4",-0.333634286654483,56,"是","Lung/Chest","lung infection",0,0,28,"included"
"JinHua_68","JinHua_68_d5","PRR/TLR/TNF/NF-kB signaling","Survival","D5",5,4,"M1",-0.488103908593532,14,"是","Lung/Chest","lung infection",0,0,28,"included"
"JinHua_68","JinHua_68_d5","Phagolysosome/autophagy","Survival","D5",5,4,"M2",-0.408304203796432,14,"是","Lung/Chest","lung infection",0,0,28,"included"
"JinHua_68","JinHua_68_d5","Type I interferon response","Survival","D5",5,4,"M3",-0.528260981475003,14,"是","Lung/Chest","lung infection",0,0,28,"included"
"JinHua_68","JinHua_68_d5","Ribosome biogenesis","Survival","D5",5,4,"M4",0.451394226605441,14,"是","Lung/Chest","lung infection",0,0,28,"included"
"JinHua_69","JinHua_69_d5","PRR/TLR/TNF/NF-kB signaling","Survival","D5",5,4,"M1",-0.515248086836972,42,"是","Lung/Chest","lung infection",0,0,28,"included"
"JinHua_69","JinHua_69_d5","Phagolysosome/autophagy","Survival","D5",5,4,"M2",-0.482279719545563,42,"是","Lung/Chest","lung infection",0,0,28,"included"
"JinHua_69","JinHua_69_d5","Type I interferon response","Survival","D5",5,4,"M3",-0.604467942541742,42,"是","Lung/Chest","lung infection",0,0,28,"included"
"JinHua_69","JinHua_69_d5","Ribosome biogenesis","Survival","D5",5,4,"M4",0.362894693626231,42,"是","Lung/Chest","lung infection",0,0,28,"included"
"JinHua_7","JinHua_7_d5","PRR/TLR/TNF/NF-kB signaling","Mortality","D5",5,4,"M1",-0.651822993552395,72,"否","Abdomen","non-lung infection",1,0,28,"included"
"JinHua_7","JinHua_7_d5","Phagolysosome/autophagy","Mortality","D5",5,4,"M2",-0.647621466541171,72,"否","Abdomen","non-lung infection",1,0,28,"included"
"JinHua_7","JinHua_7_d5","Type I interferon response","Mortality","D5",5,4,"M3",-0.666835184052275,72,"否","Abdomen","non-lung infection",1,0,28,"included"
"JinHua_7","JinHua_7_d5","Ribosome biogenesis","Mortality","D5",5,4,"M4",0.571981098075587,72,"否","Abdomen","non-lung infection",1,0,28,"included"
"JinHua_70","JinHua_70_d5","PRR/TLR/TNF/NF-kB signaling","Survival","D5",5,4,"M1",0.448542136755482,67,"是","Abdomen","non-lung infection",0,0,28,"included"
"JinHua_70","JinHua_70_d5","Phagolysosome/autophagy","Survival","D5",5,4,"M2",0.568667291979285,67,"是","Abdomen","non-lung infection",0,0,28,"included"
"JinHua_70","JinHua_70_d5","Type I interferon response","Survival","D5",5,4,"M3",0.474477484763288,67,"是","Abdomen","non-lung infection",0,0,28,"included"
"JinHua_70","JinHua_70_d5","Ribosome biogenesis","Survival","D5",5,4,"M4",-0.579595595786177,67,"是","Abdomen","non-lung infection",0,0,28,"included"
"JinHua_72","JinHua_72_d5","PRR/TLR/TNF/NF-kB signaling","Survival","D5",5,4,"M1",0.172478996179963,17,"是","Urinary","non-lung infection",0,0,28,"included"
"JinHua_72","JinHua_72_d5","Phagolysosome/autophagy","Survival","D5",5,4,"M2",0.141634607006858,17,"是","Urinary","non-lung infection",0,0,28,"included"
"JinHua_72","JinHua_72_d5","Type I interferon response","Survival","D5",5,4,"M3",0.494709386584351,17,"是","Urinary","non-lung infection",0,0,28,"included"
"JinHua_72","JinHua_72_d5","Ribosome biogenesis","Survival","D5",5,4,"M4",0.307831776750796,17,"是","Urinary","non-lung infection",0,0,28,"included"
"JinHua_73","JinHua_73_d5","PRR/TLR/TNF/NF-kB signaling","Survival","D5",5,4,"M1",0.0748236349864501,16,"是","Abdomen","non-lung infection",0,0,28,"included"
"JinHua_73","JinHua_73_d5","Phagolysosome/autophagy","Survival","D5",5,4,"M2",0.0809711907451155,16,"是","Abdomen","non-lung infection",0,0,28,"included"
"JinHua_73","JinHua_73_d5","Type I interferon response","Survival","D5",5,4,"M3",-0.223193570089043,16,"是","Abdomen","non-lung infection",0,0,28,"included"
"JinHua_73","JinHua_73_d5","Ribosome biogenesis","Survival","D5",5,4,"M4",0.267188158560323,16,"是","Abdomen","non-lung infection",0,0,28,"included"
"JinHua_74","JinHua_74_d5","PRR/TLR/TNF/NF-kB signaling","Survival","D5",5,4,"M1",0.214490659909604,23,"是","Urinary","non-lung infection",0,0,28,"included"
"JinHua_74","JinHua_74_d5","Phagolysosome/autophagy","Survival","D5",5,4,"M2",0.159831622489479,23,"是","Urinary","non-lung infection",0,0,28,"included"
"JinHua_74","JinHua_74_d5","Type I interferon response","Survival","D5",5,4,"M3",-0.0985086147033314,23,"是","Urinary","non-lung infection",0,0,28,"included"
"JinHua_74","JinHua_74_d5","Ribosome biogenesis","Survival","D5",5,4,"M4",0.243380873040447,23,"是","Urinary","non-lung infection",0,0,28,"included"
"JinHua_75","JinHua_75_d5","PRR/TLR/TNF/NF-kB signaling","Survival","D5",5,4,"M1",-0.398342598645751,8,"是","Abdomen","non-lung infection",0,0,28,"included"
"JinHua_75","JinHua_75_d5","Phagolysosome/autophagy","Survival","D5",5,4,"M2",-0.271267797939307,8,"是","Abdomen","non-lung infection",0,0,28,"included"
"JinHua_75","JinHua_75_d5","Type I interferon response","Survival","D5",5,4,"M3",-0.265600454465254,8,"是","Abdomen","non-lung infection",0,0,28,"included"
"JinHua_75","JinHua_75_d5","Ribosome biogenesis","Survival","D5",5,4,"M4",-0.162342346762699,8,"是","Abdomen","non-lung infection",0,0,28,"included"
"JinHua_76","JinHua_76_d5","PRR/TLR/TNF/NF-kB signaling","Survival","D5",5,4,"M1",-0.378983626080765,18,"是","Abdomen","non-lung infection",0,0,28,"included"
"JinHua_76","JinHua_76_d5","Phagolysosome/autophagy","Survival","D5",5,4,"M2",-0.321682172133202,18,"是","Abdomen","non-lung infection",0,0,28,"included"
"JinHua_76","JinHua_76_d5","Type I interferon response","Survival","D5",5,4,"M3",-0.269548665450353,18,"是","Abdomen","non-lung infection",0,0,28,"included"
"JinHua_76","JinHua_76_d5","Ribosome biogenesis","Survival","D5",5,4,"M4",0.592050571385648,18,"是","Abdomen","non-lung infection",0,0,28,"included"
"JinHua_77","JinHua_77_d5","PRR/TLR/TNF/NF-kB signaling","Survival","D5",5,4,"M1",-0.271836317092669,21,"是","Lung/Chest","lung infection",0,0,28,"included"
"JinHua_77","JinHua_77_d5","Phagolysosome/autophagy","Survival","D5",5,4,"M2",-0.377383686873749,21,"是","Lung/Chest","lung infection",0,0,28,"included"
"JinHua_77","JinHua_77_d5","Type I interferon response","Survival","D5",5,4,"M3",-0.0234412723074691,21,"是","Lung/Chest","lung infection",0,0,28,"included"
"JinHua_77","JinHua_77_d5","Ribosome biogenesis","Survival","D5",5,4,"M4",0.14080989155516,21,"是","Lung/Chest","lung infection",0,0,28,"included"
"JinHua_78","JinHua_78_d5","PRR/TLR/TNF/NF-kB signaling","Survival","D5",5,4,"M1",-0.265487619961367,34,"是","Abdomen","non-lung infection",0,0,28,"included"
"JinHua_78","JinHua_78_d5","Phagolysosome/autophagy","Survival","D5",5,4,"M2",-0.347609119285734,34,"是","Abdomen","non-lung infection",0,0,28,"included"
"JinHua_78","JinHua_78_d5","Type I interferon response","Survival","D5",5,4,"M3",0.0560094823261995,34,"是","Abdomen","non-lung infection",0,0,28,"included"
"JinHua_78","JinHua_78_d5","Ribosome biogenesis","Survival","D5",5,4,"M4",0.304753545948659,34,"是","Abdomen","non-lung infection",0,0,28,"included"
"JinHua_79","JinHua_79_d5","PRR/TLR/TNF/NF-kB signaling","Survival","D5",5,4,"M1",-0.566106530641378,11,"是","Lung/Chest","lung infection",0,0,28,"included"
"JinHua_79","JinHua_79_d5","Phagolysosome/autophagy","Survival","D5",5,4,"M2",-0.602264114247153,11,"是","Lung/Chest","lung infection",0,0,28,"included"
"JinHua_79","JinHua_79_d5","Type I interferon response","Survival","D5",5,4,"M3",-0.43189011400436,11,"是","Lung/Chest","lung infection",0,0,28,"included"
"JinHua_79","JinHua_79_d5","Ribosome biogenesis","Survival","D5",5,4,"M4",0.442897520684473,11,"是","Lung/Chest","lung infection",0,0,28,"included"
"JinHua_8","JinHua_8_d5","PRR/TLR/TNF/NF-kB signaling","Survival","D5",5,4,"M1",-0.583651755161891,24,"是","Lung/Chest","lung infection",0,0,28,"included"
"JinHua_8","JinHua_8_d5","Phagolysosome/autophagy","Survival","D5",5,4,"M2",-0.628501876615495,24,"是","Lung/Chest","lung infection",0,0,28,"included"
"JinHua_8","JinHua_8_d5","Type I interferon response","Survival","D5",5,4,"M3",-0.444451784574449,24,"是","Lung/Chest","lung infection",0,0,28,"included"
"JinHua_8","JinHua_8_d5","Ribosome biogenesis","Survival","D5",5,4,"M4",0.58820205388142,24,"是","Lung/Chest","lung infection",0,0,28,"included"
"JinHua_82","JinHua_82_d5","PRR/TLR/TNF/NF-kB signaling","Survival","D5",5,4,"M1",-0.297774114026497,26,"是","Lung/Chest","lung infection",0,0,28,"included"
"JinHua_82","JinHua_82_d5","Phagolysosome/autophagy","Survival","D5",5,4,"M2",-0.27458558844321,26,"是","Lung/Chest","lung infection",0,0,28,"included"
"JinHua_82","JinHua_82_d5","Type I interferon response","Survival","D5",5,4,"M3",-0.469812341659206,26,"是","Lung/Chest","lung infection",0,0,28,"included"
"JinHua_82","JinHua_82_d5","Ribosome biogenesis","Survival","D5",5,4,"M4",0.236211294577772,26,"是","Lung/Chest","lung infection",0,0,28,"included"
"JinHua_83","JinHua_83_d5","PRR/TLR/TNF/NF-kB signaling","Mortality","D5",5,4,"M1",0.535752187545147,10,"否","Lung/Chest","lung infection",1,1,10,"included"
"JinHua_83","JinHua_83_d5","Phagolysosome/autophagy","Mortality","D5",5,4,"M2",0.539665929281554,10,"否","Lung/Chest","lung infection",1,1,10,"included"
"JinHua_83","JinHua_83_d5","Type I interferon response","Mortality","D5",5,4,"M3",0.5833438445336,10,"否","Lung/Chest","lung infection",1,1,10,"included"
"JinHua_83","JinHua_83_d5","Ribosome biogenesis","Mortality","D5",5,4,"M4",-0.380248812360058,10,"否","Lung/Chest","lung infection",1,1,10,"included"
"JinHua_84","JinHua_84_d5","PRR/TLR/TNF/NF-kB signaling","Mortality","D5",5,4,"M1",0.529424821569894,12,"否","Lung/Chest","lung infection",1,1,12,"included"
"JinHua_84","JinHua_84_d5","Phagolysosome/autophagy","Mortality","D5",5,4,"M2",0.335187377622397,12,"否","Lung/Chest","lung infection",1,1,12,"included"
"JinHua_84","JinHua_84_d5","Type I interferon response","Mortality","D5",5,4,"M3",0.312721215527817,12,"否","Lung/Chest","lung infection",1,1,12,"included"
"JinHua_84","JinHua_84_d5","Ribosome biogenesis","Mortality","D5",5,4,"M4",-0.603161475378626,12,"否","Lung/Chest","lung infection",1,1,12,"included"
"JinHua_86","JinHua_86_d5","PRR/TLR/TNF/NF-kB signaling","Survival","D5",5,4,"M1",-0.358057101917387,13,"是","Brain","non-lung infection",0,0,28,"included"
"JinHua_86","JinHua_86_d5","Phagolysosome/autophagy","Survival","D5",5,4,"M2",-0.438505696411124,13,"是","Brain","non-lung infection",0,0,28,"included"
"JinHua_86","JinHua_86_d5","Type I interferon response","Survival","D5",5,4,"M3",-0.268789773932263,13,"是","Brain","non-lung infection",0,0,28,"included"
"JinHua_86","JinHua_86_d5","Ribosome biogenesis","Survival","D5",5,4,"M4",0.283215881353185,13,"是","Brain","non-lung infection",0,0,28,"included"
"JinHua_87","JinHua_87_d5","PRR/TLR/TNF/NF-kB signaling","Survival","D5",5,4,"M1",0.0181574838946429,23,"是","Abdomen","non-lung infection",0,0,28,"included"
"JinHua_87","JinHua_87_d5","Phagolysosome/autophagy","Survival","D5",5,4,"M2",-0.31339165847195,23,"是","Abdomen","non-lung infection",0,0,28,"included"
"JinHua_87","JinHua_87_d5","Type I interferon response","Survival","D5",5,4,"M3",0.0778606376854493,23,"是","Abdomen","non-lung infection",0,0,28,"included"
"JinHua_87","JinHua_87_d5","Ribosome biogenesis","Survival","D5",5,4,"M4",0.484099751723568,23,"是","Abdomen","non-lung infection",0,0,28,"included"
"JinHua_88","JinHua_88_d5","PRR/TLR/TNF/NF-kB signaling","Survival","D5",5,4,"M1",-0.39445583898049,9,"是","Lung/Chest","lung infection",0,0,28,"included"
"JinHua_88","JinHua_88_d5","Phagolysosome/autophagy","Survival","D5",5,4,"M2",-0.431848787062724,9,"是","Lung/Chest","lung infection",0,0,28,"included"
"JinHua_88","JinHua_88_d5","Type I interferon response","Survival","D5",5,4,"M3",-0.145377685079802,9,"是","Lung/Chest","lung infection",0,0,28,"included"
"JinHua_88","JinHua_88_d5","Ribosome biogenesis","Survival","D5",5,4,"M4",-0.000246955076680488,9,"是","Lung/Chest","lung infection",0,0,28,"included"
"JinHua_89","JinHua_89_d5","PRR/TLR/TNF/NF-kB signaling","Survival","D5",5,4,"M1",-0.20862855298996,6,"是","Lung/Chest","lung infection",0,0,28,"included"
"JinHua_89","JinHua_89_d5","Phagolysosome/autophagy","Survival","D5",5,4,"M2",-0.0207745380356951,6,"是","Lung/Chest","lung infection",0,0,28,"included"
"JinHua_89","JinHua_89_d5","Type I interferon response","Survival","D5",5,4,"M3",-0.278507222535777,6,"是","Lung/Chest","lung infection",0,0,28,"included"
"JinHua_89","JinHua_89_d5","Ribosome biogenesis","Survival","D5",5,4,"M4",0.506812415375633,6,"是","Lung/Chest","lung infection",0,0,28,"included"
"JinHua_9","JinHua_9_d5","PRR/TLR/TNF/NF-kB signaling","Survival","D5",5,4,"M1",-0.59695265279852,16,"是","Abdomen","non-lung infection",0,0,28,"included"
"JinHua_9","JinHua_9_d5","Phagolysosome/autophagy","Survival","D5",5,4,"M2",-0.60071925728849,16,"是","Abdomen","non-lung infection",0,0,28,"included"
"JinHua_9","JinHua_9_d5","Type I interferon response","Survival","D5",5,4,"M3",-0.568739752003928,16,"是","Abdomen","non-lung infection",0,0,28,"included"
"JinHua_9","JinHua_9_d5","Ribosome biogenesis","Survival","D5",5,4,"M4",0.547109112013189,16,"是","Abdomen","non-lung infection",0,0,28,"included"
"JinHua_90","JinHua_90_d5","PRR/TLR/TNF/NF-kB signaling","Survival","D5",5,4,"M1",-0.186802261305503,18,"是","SoftTissue","non-lung infection",0,0,28,"included"
"JinHua_90","JinHua_90_d5","Phagolysosome/autophagy","Survival","D5",5,4,"M2",-0.243089213881581,18,"是","SoftTissue","non-lung infection",0,0,28,"included"
"JinHua_90","JinHua_90_d5","Type I interferon response","Survival","D5",5,4,"M3",0.170045547133633,18,"是","SoftTissue","non-lung infection",0,0,28,"included"
"JinHua_90","JinHua_90_d5","Ribosome biogenesis","Survival","D5",5,4,"M4",0.5194271206518,18,"是","SoftTissue","non-lung infection",0,0,28,"included"
"JinHua_91","JinHua_91_d5","PRR/TLR/TNF/NF-kB signaling","Mortality","D5",5,4,"M1",0.0109110106953877,16,"否","Lung/Chest","lung infection",1,1,16,"included"
"JinHua_91","JinHua_91_d5","Phagolysosome/autophagy","Mortality","D5",5,4,"M2",0.037905677426135,16,"否","Lung/Chest","lung infection",1,1,16,"included"
"JinHua_91","JinHua_91_d5","Type I interferon response","Mortality","D5",5,4,"M3",-0.266504744362976,16,"否","Lung/Chest","lung infection",1,1,16,"included"
"JinHua_91","JinHua_91_d5","Ribosome biogenesis","Mortality","D5",5,4,"M4",-0.344100319798427,16,"否","Lung/Chest","lung infection",1,1,16,"included"
"JinHua_92","JinHua_92_d5","PRR/TLR/TNF/NF-kB signaling","Survival","D5",5,4,"M1",-0.628080186294832,6,"是","Urinary","non-lung infection",0,0,28,"included"
"JinHua_92","JinHua_92_d5","Phagolysosome/autophagy","Survival","D5",5,4,"M2",-0.560890293665715,6,"是","Urinary","non-lung infection",0,0,28,"included"
"JinHua_92","JinHua_92_d5","Type I interferon response","Survival","D5",5,4,"M3",-0.612974634151379,6,"是","Urinary","non-lung infection",0,0,28,"included"
"JinHua_92","JinHua_92_d5","Ribosome biogenesis","Survival","D5",5,4,"M4",0.600379421476612,6,"是","Urinary","non-lung infection",0,0,28,"included"
"JinHua_95","JinHua_95_d5","PRR/TLR/TNF/NF-kB signaling","Survival","D5",5,4,"M1",0.134009701244713,10,"是","Lung/Chest","lung infection",0,0,28,"included"
"JinHua_95","JinHua_95_d5","Phagolysosome/autophagy","Survival","D5",5,4,"M2",0.0953982216108759,10,"是","Lung/Chest","lung infection",0,0,28,"included"
"JinHua_95","JinHua_95_d5","Type I interferon response","Survival","D5",5,4,"M3",0.0765072390047405,10,"是","Lung/Chest","lung infection",0,0,28,"included"
"JinHua_95","JinHua_95_d5","Ribosome biogenesis","Survival","D5",5,4,"M4",-0.519298586506227,10,"是","Lung/Chest","lung infection",0,0,28,"included"
"JinHua_96","JinHua_96_d5","PRR/TLR/TNF/NF-kB signaling","Survival","D5",5,4,"M1",0.116370847125565,21,"是","Urinary","non-lung infection",0,0,28,"included"
"JinHua_96","JinHua_96_d5","Phagolysosome/autophagy","Survival","D5",5,4,"M2",0.31295263372892,21,"是","Urinary","non-lung infection",0,0,28,"included"
"JinHua_96","JinHua_96_d5","Type I interferon response","Survival","D5",5,4,"M3",-0.0834067881317386,21,"是","Urinary","non-lung infection",0,0,28,"included"
"JinHua_96","JinHua_96_d5","Ribosome biogenesis","Survival","D5",5,4,"M4",-0.0757819752486408,21,"是","Urinary","non-lung infection",0,0,28,"included"
"JinHua_97","JinHua_97_d5","PRR/TLR/TNF/NF-kB signaling","Survival","D5",5,4,"M1",-0.587801915415193,13,"是","Lung/Chest","lung infection",0,0,28,"included"
"JinHua_97","JinHua_97_d5","Phagolysosome/autophagy","Survival","D5",5,4,"M2",-0.595932564300629,13,"是","Lung/Chest","lung infection",0,0,28,"included"
"JinHua_97","JinHua_97_d5","Type I interferon response","Survival","D5",5,4,"M3",-0.419670589903697,13,"是","Lung/Chest","lung infection",0,0,28,"included"
"JinHua_97","JinHua_97_d5","Ribosome biogenesis","Survival","D5",5,4,"M4",0.528284399184755,13,"是","Lung/Chest","lung infection",0,0,28,"included"
"JinHua_99","JinHua_99_d5","PRR/TLR/TNF/NF-kB signaling","Survival","D5",5,4,"M1",0.199067258158578,20,"是","Lung/Chest","lung infection",0,0,28,"included"
"JinHua_99","JinHua_99_d5","Phagolysosome/autophagy","Survival","D5",5,4,"M2",0.117417613770972,20,"是","Lung/Chest","lung infection",0,0,28,"included"
"JinHua_99","JinHua_99_d5","Type I interferon response","Survival","D5",5,4,"M3",0.0242069185862654,20,"是","Lung/Chest","lung infection",0,0,28,"included"
"JinHua_99","JinHua_99_d5","Ribosome biogenesis","Survival","D5",5,4,"M4",0.401854610724899,20,"是","Lung/Chest","lung infection",0,0,28,"included"
"SSR_1","SSR_1_d5","PRR/TLR/TNF/NF-kB signaling","Survival","D5",5,4,"M1",-0.464163577685344,3.44166666666667,"是","泌尿系感染","non-lung infection",0,0,28,"included"
"SSR_1","SSR_1_d5","Phagolysosome/autophagy","Survival","D5",5,4,"M2",-0.429827182099181,3.44166666666667,"是","泌尿系感染","non-lung infection",0,0,28,"included"
"SSR_1","SSR_1_d5","Type I interferon response","Survival","D5",5,4,"M3",-0.461761432998036,3.44166666666667,"是","泌尿系感染","non-lung infection",0,0,28,"included"
"SSR_1","SSR_1_d5","Ribosome biogenesis","Survival","D5",5,4,"M4",0.617775614786106,3.44166666666667,"是","泌尿系感染","non-lung infection",0,0,28,"included"
"SSR_10","SSR_10_d5","PRR/TLR/TNF/NF-kB signaling","Survival","D5",5,4,"M1",0.167576533032511,48.0513888888889,"是","胆源性","non-lung infection",0,0,28,"included"
"SSR_10","SSR_10_d5","Phagolysosome/autophagy","Survival","D5",5,4,"M2",0.359701305402943,48.0513888888889,"是","胆源性","non-lung infection",0,0,28,"included"
"SSR_10","SSR_10_d5","Type I interferon response","Survival","D5",5,4,"M3",0.0344202958473734,48.0513888888889,"是","胆源性","non-lung infection",0,0,28,"included"
"SSR_10","SSR_10_d5","Ribosome biogenesis","Survival","D5",5,4,"M4",0.307018778380667,48.0513888888889,"是","胆源性","non-lung infection",0,0,28,"included"
"SSR_101","SSR_101_d5","PRR/TLR/TNF/NF-kB signaling","Survival","D5",5,4,"M1",-0.485711400718257,15.94375,"是","肺","lung infection",0,0,28,"included"
"SSR_101","SSR_101_d5","Phagolysosome/autophagy","Survival","D5",5,4,"M2",-0.347622520380209,15.94375,"是","肺","lung infection",0,0,28,"included"
"SSR_101","SSR_101_d5","Type I interferon response","Survival","D5",5,4,"M3",-0.509213084548721,15.94375,"是","肺","lung infection",0,0,28,"included"
"SSR_101","SSR_101_d5","Ribosome biogenesis","Survival","D5",5,4,"M4",0.678900931757645,15.94375,"是","肺","lung infection",0,0,28,"included"
"SSR_102","SSR_102_d5","PRR/TLR/TNF/NF-kB signaling","Survival","D5",5,4,"M1",0.142953552627433,13.1194444444444,"是","泌尿系","non-lung infection",0,0,28,"included"
"SSR_102","SSR_102_d5","Phagolysosome/autophagy","Survival","D5",5,4,"M2",0.165169400466754,13.1194444444444,"是","泌尿系","non-lung infection",0,0,28,"included"
"SSR_102","SSR_102_d5","Type I interferon response","Survival","D5",5,4,"M3",0.0157176523936554,13.1194444444444,"是","泌尿系","non-lung infection",0,0,28,"included"
"SSR_102","SSR_102_d5","Ribosome biogenesis","Survival","D5",5,4,"M4",0.512956829214433,13.1194444444444,"是","泌尿系","non-lung infection",0,0,28,"included"
"SSR_103","SSR_103_d5","PRR/TLR/TNF/NF-kB signaling","Survival","D5",5,4,"M1",0.416596046710782,17.8270833333333,"是","血源性、输尿管","non-lung infection",0,0,28,"included"
"SSR_103","SSR_103_d5","Phagolysosome/autophagy","Survival","D5",5,4,"M2",0.359359777572895,17.8270833333333,"是","血源性、输尿管","non-lung infection",0,0,28,"included"
"SSR_103","SSR_103_d5","Type I interferon response","Survival","D5",5,4,"M3",0.398470486175053,17.8270833333333,"是","血源性、输尿管","non-lung infection",0,0,28,"included"
"SSR_103","SSR_103_d5","Ribosome biogenesis","Survival","D5",5,4,"M4",0.242082812612521,17.8270833333333,"是","血源性、输尿管","non-lung infection",0,0,28,"included"
"SSR_105","SSR_105_d5","PRR/TLR/TNF/NF-kB signaling","Survival","D5",5,4,"M1",-0.553069832401214,12.9472222222222,"是","腹部","non-lung infection",0,0,28,"included"
"SSR_105","SSR_105_d5","Phagolysosome/autophagy","Survival","D5",5,4,"M2",-0.56164242236148,12.9472222222222,"是","腹部","non-lung infection",0,0,28,"included"
"SSR_105","SSR_105_d5","Type I interferon response","Survival","D5",5,4,"M3",-0.427077080986013,12.9472222222222,"是","腹部","non-lung infection",0,0,28,"included"
"SSR_105","SSR_105_d5","Ribosome biogenesis","Survival","D5",5,4,"M4",0.472797009790476,12.9472222222222,"是","腹部","non-lung infection",0,0,28,"included"
"SSR_106","SSR_106_d5","PRR/TLR/TNF/NF-kB signaling","Survival","D5",5,4,"M1",-0.650250271442929,15.3368055555556,"是","肺部","lung infection",0,0,28,"included"
"SSR_106","SSR_106_d5","Phagolysosome/autophagy","Survival","D5",5,4,"M2",-0.618850213080421,15.3368055555556,"是","肺部","lung infection",0,0,28,"included"
"SSR_106","SSR_106_d5","Type I interferon response","Survival","D5",5,4,"M3",-0.439208276619131,15.3368055555556,"是","肺部","lung infection",0,0,28,"included"
"SSR_106","SSR_106_d5","Ribosome biogenesis","Survival","D5",5,4,"M4",0.608005507599651,15.3368055555556,"是","肺部","lung infection",0,0,28,"included"
"SSR_108","SSR_108_d5","PRR/TLR/TNF/NF-kB signaling","Survival","D5",5,4,"M1",-0.417342469024092,12.5770833333333,"是","泌尿道、腹部","non-lung infection",0,0,28,"included"
"SSR_108","SSR_108_d5","Phagolysosome/autophagy","Survival","D5",5,4,"M2",-0.495657900666279,12.5770833333333,"是","泌尿道、腹部","non-lung infection",0,0,28,"included"
"SSR_108","SSR_108_d5","Type I interferon response","Survival","D5",5,4,"M3",0.0276170787763735,12.5770833333333,"是","泌尿道、腹部","non-lung infection",0,0,28,"included"
"SSR_108","SSR_108_d5","Ribosome biogenesis","Survival","D5",5,4,"M4",0.294144120285786,12.5770833333333,"是","泌尿道、腹部","non-lung infection",0,0,28,"included"
"SSR_117","SSR_117_d5","PRR/TLR/TNF/NF-kB signaling","Survival","D5",5,4,"M1",-0.453497418997265,10,"是","胆管","non-lung infection",0,0,28,"included"
"SSR_117","SSR_117_d5","Phagolysosome/autophagy","Survival","D5",5,4,"M2",-0.363248512680576,10,"是","胆管","non-lung infection",0,0,28,"included"
"SSR_117","SSR_117_d5","Type I interferon response","Survival","D5",5,4,"M3",-0.501274240838683,10,"是","胆管","non-lung infection",0,0,28,"included"
"SSR_117","SSR_117_d5","Ribosome biogenesis","Survival","D5",5,4,"M4",0.416911640838771,10,"是","胆管","non-lung infection",0,0,28,"included"
"SSR_12","SSR_12_d5","PRR/TLR/TNF/NF-kB signaling","Survival","D5",5,4,"M1",-0.404307873620656,18.4409722222222,"是","颅内感染？胃肠道感染？血流感染？","non-lung infection",0,0,28,"included"
"SSR_12","SSR_12_d5","Phagolysosome/autophagy","Survival","D5",5,4,"M2",-0.396646950755162,18.4409722222222,"是","颅内感染？胃肠道感染？血流感染？","non-lung infection",0,0,28,"included"
"SSR_12","SSR_12_d5","Type I interferon response","Survival","D5",5,4,"M3",-0.137788829244315,18.4409722222222,"是","颅内感染？胃肠道感染？血流感染？","non-lung infection",0,0,28,"included"
"SSR_12","SSR_12_d5","Ribosome biogenesis","Survival","D5",5,4,"M4",-0.269010681454128,18.4409722222222,"是","颅内感染？胃肠道感染？血流感染？","non-lung infection",0,0,28,"included"
"SSR_120","SSR_120_d5","PRR/TLR/TNF/NF-kB signaling","Survival","D5",5,4,"M1",-0.303369275555639,13.3333333333333,"是","血源性","non-lung infection",0,0,28,"included"
"SSR_120","SSR_120_d5","Phagolysosome/autophagy","Survival","D5",5,4,"M2",-0.381440519244409,13.3333333333333,"是","血源性","non-lung infection",0,0,28,"included"
"SSR_120","SSR_120_d5","Type I interferon response","Survival","D5",5,4,"M3",0.126468375519026,13.3333333333333,"是","血源性","non-lung infection",0,0,28,"included"
"SSR_120","SSR_120_d5","Ribosome biogenesis","Survival","D5",5,4,"M4",0.712603870748192,13.3333333333333,"是","血源性","non-lung infection",0,0,28,"included"
"SSR_124","SSR_124_d5","PRR/TLR/TNF/NF-kB signaling","Survival","D5",5,4,"M1",-0.00629554385085684,26.0694444444444,"是","腹腔","non-lung infection",0,0,28,"included"
"SSR_124","SSR_124_d5","Phagolysosome/autophagy","Survival","D5",5,4,"M2",0.0591647530963921,26.0694444444444,"是","腹腔","non-lung infection",0,0,28,"included"
"SSR_124","SSR_124_d5","Type I interferon response","Survival","D5",5,4,"M3",0.284479400571202,26.0694444444444,"是","腹腔","non-lung infection",0,0,28,"included"
"SSR_124","SSR_124_d5","Ribosome biogenesis","Survival","D5",5,4,"M4",0.402725811296181,26.0694444444444,"是","腹腔","non-lung infection",0,0,28,"included"
"SSR_125","SSR_125_d5","PRR/TLR/TNF/NF-kB signaling","Survival","D5",5,4,"M1",-0.522922788937827,18.6548611111111,"是","泌尿道","non-lung infection",0,0,28,"included"
"SSR_125","SSR_125_d5","Phagolysosome/autophagy","Survival","D5",5,4,"M2",-0.562182496653101,18.6548611111111,"是","泌尿道","non-lung infection",0,0,28,"included"
"SSR_125","SSR_125_d5","Type I interferon response","Survival","D5",5,4,"M3",-0.104080365285392,18.6548611111111,"是","泌尿道","non-lung infection",0,0,28,"included"
"SSR_125","SSR_125_d5","Ribosome biogenesis","Survival","D5",5,4,"M4",0.62068230596367,18.6548611111111,"是","泌尿道","non-lung infection",0,0,28,"included"
"SSR_13","SSR_13_d5","PRR/TLR/TNF/NF-kB signaling","Survival","D5",5,4,"M1",-0.63994367354344,14.0319444444444,"是","泌尿系感染","non-lung infection",0,0,28,"included"
"SSR_13","SSR_13_d5","Phagolysosome/autophagy","Survival","D5",5,4,"M2",-0.601788231445459,14.0319444444444,"是","泌尿系感染","non-lung infection",0,0,28,"included"
"SSR_13","SSR_13_d5","Type I interferon response","Survival","D5",5,4,"M3",-0.566026601402506,14.0319444444444,"是","泌尿系感染","non-lung infection",0,0,28,"included"
"SSR_13","SSR_13_d5","Ribosome biogenesis","Survival","D5",5,4,"M4",0.300597481172031,14.0319444444444,"是","泌尿系感染","non-lung infection",0,0,28,"included"
"SSR_130","SSR_130_d5","PRR/TLR/TNF/NF-kB signaling","Survival","D5",5,4,"M1",0.213267994141501,24.5625,"是","皮肤、腹腔","non-lung infection",0,0,28,"included"
"SSR_130","SSR_130_d5","Phagolysosome/autophagy","Survival","D5",5,4,"M2",0.428362245043933,24.5625,"是","皮肤、腹腔","non-lung infection",0,0,28,"included"
"SSR_130","SSR_130_d5","Type I interferon response","Survival","D5",5,4,"M3",-0.10227713860161,24.5625,"是","皮肤、腹腔","non-lung infection",0,0,28,"included"
"SSR_130","SSR_130_d5","Ribosome biogenesis","Survival","D5",5,4,"M4",0.445535008555722,24.5625,"是","皮肤、腹腔","non-lung infection",0,0,28,"included"
"SSR_131","SSR_131_d5","PRR/TLR/TNF/NF-kB signaling","Survival","D5",5,4,"M1",-0.62045413740652,18.33125,"是","肝脏","non-lung infection",0,0,28,"included"
"SSR_131","SSR_131_d5","Phagolysosome/autophagy","Survival","D5",5,4,"M2",-0.467244231788924,18.33125,"是","肝脏","non-lung infection",0,0,28,"included"
"SSR_131","SSR_131_d5","Type I interferon response","Survival","D5",5,4,"M3",-0.619786510441966,18.33125,"是","肝脏","non-lung infection",0,0,28,"included"
"SSR_131","SSR_131_d5","Ribosome biogenesis","Survival","D5",5,4,"M4",0.635232136596584,18.33125,"是","肝脏","non-lung infection",0,0,28,"included"
"SSR_134","SSR_134_d5","PRR/TLR/TNF/NF-kB signaling","Survival","D5",5,4,"M1",0.429849679265817,19.5888888888889,"是","泌尿系","non-lung infection",0,0,28,"included"
"SSR_134","SSR_134_d5","Phagolysosome/autophagy","Survival","D5",5,4,"M2",0.397819995063468,19.5888888888889,"是","泌尿系","non-lung infection",0,0,28,"included"
"SSR_134","SSR_134_d5","Type I interferon response","Survival","D5",5,4,"M3",-0.00842328483596988,19.5888888888889,"是","泌尿系","non-lung infection",0,0,28,"included"
"SSR_134","SSR_134_d5","Ribosome biogenesis","Survival","D5",5,4,"M4",0.431957184538977,19.5888888888889,"是","泌尿系","non-lung infection",0,0,28,"included"
"SSR_139","SSR_139_d5","PRR/TLR/TNF/NF-kB signaling","Survival","D5",5,4,"M1",-0.537158693297979,11.4993055555556,"是","泌尿道","non-lung infection",0,0,28,"included"
"SSR_139","SSR_139_d5","Phagolysosome/autophagy","Survival","D5",5,4,"M2",-0.47518704205139,11.4993055555556,"是","泌尿道","non-lung infection",0,0,28,"included"
"SSR_139","SSR_139_d5","Type I interferon response","Survival","D5",5,4,"M3",-0.32687576319728,11.4993055555556,"是","泌尿道","non-lung infection",0,0,28,"included"
"SSR_139","SSR_139_d5","Ribosome biogenesis","Survival","D5",5,4,"M4",0.56765247438141,11.4993055555556,"是","泌尿道","non-lung infection",0,0,28,"included"
"SSR_14","SSR_14_d5","PRR/TLR/TNF/NF-kB signaling","Mortality","D5",5,4,"M1",0.494001644252629,9.06388888888889,"否","肩关节软组织感染","non-lung infection",1,1,9.06388888888889,"included"
"SSR_14","SSR_14_d5","Phagolysosome/autophagy","Mortality","D5",5,4,"M2",0.471630361432144,9.06388888888889,"否","肩关节软组织感染","non-lung infection",1,1,9.06388888888889,"included"
"SSR_14","SSR_14_d5","Type I interferon response","Mortality","D5",5,4,"M3",0.291077797967828,9.06388888888889,"否","肩关节软组织感染","non-lung infection",1,1,9.06388888888889,"included"
"SSR_14","SSR_14_d5","Ribosome biogenesis","Mortality","D5",5,4,"M4",-0.645736469130011,9.06388888888889,"否","肩关节软组织感染","non-lung infection",1,1,9.06388888888889,"included"
"SSR_143","SSR_143_d5","PRR/TLR/TNF/NF-kB signaling","Mortality","D5",5,4,"M1",0.309881049125442,22.6451388888889,"否","泌尿道 肠道","non-lung infection",1,1,22.6451388888889,"included"
"SSR_143","SSR_143_d5","Phagolysosome/autophagy","Mortality","D5",5,4,"M2",0.314637666442067,22.6451388888889,"否","泌尿道 肠道","non-lung infection",1,1,22.6451388888889,"included"
"SSR_143","SSR_143_d5","Type I interferon response","Mortality","D5",5,4,"M3",0.364553677215483,22.6451388888889,"否","泌尿道 肠道","non-lung infection",1,1,22.6451388888889,"included"
"SSR_143","SSR_143_d5","Ribosome biogenesis","Mortality","D5",5,4,"M4",0.257581252364367,22.6451388888889,"否","泌尿道 肠道","non-lung infection",1,1,22.6451388888889,"included"
"SSR_145","SSR_145_d5","PRR/TLR/TNF/NF-kB signaling","Mortality","D5",5,4,"M1",0.0831655333984792,163,"否","血流","non-lung infection",1,0,28,"included"
"SSR_145","SSR_145_d5","Phagolysosome/autophagy","Mortality","D5",5,4,"M2",0.162211362374512,163,"否","血流","non-lung infection",1,0,28,"included"
"SSR_145","SSR_145_d5","Type I interferon response","Mortality","D5",5,4,"M3",0.417282710763017,163,"否","血流","non-lung infection",1,0,28,"included"
"SSR_145","SSR_145_d5","Ribosome biogenesis","Mortality","D5",5,4,"M4",0.200599800851382,163,"否","血流","non-lung infection",1,0,28,"included"
"SSR_15","SSR_15_d5","PRR/TLR/TNF/NF-kB signaling","Survival","D5",5,4,"M1",-0.724434616546817,9.43472222222222,"是","病毒性脑炎 血流感染？","non-lung infection",0,0,28,"included"
"SSR_15","SSR_15_d5","Phagolysosome/autophagy","Survival","D5",5,4,"M2",-0.705620615922304,9.43472222222222,"是","病毒性脑炎 血流感染？","non-lung infection",0,0,28,"included"
"SSR_15","SSR_15_d5","Type I interferon response","Survival","D5",5,4,"M3",-0.49444294532209,9.43472222222222,"是","病毒性脑炎 血流感染？","non-lung infection",0,0,28,"included"
"SSR_15","SSR_15_d5","Ribosome biogenesis","Survival","D5",5,4,"M4",0.490909459308237,9.43472222222222,"是","病毒性脑炎 血流感染？","non-lung infection",0,0,28,"included"
"SSR_150","SSR_150_d5","PRR/TLR/TNF/NF-kB signaling","Mortality","D5",5,4,"M1",-0.619268182218237,95.5743055555556,"否","肺部","lung infection",1,0,28,"included"
"SSR_150","SSR_150_d5","Phagolysosome/autophagy","Mortality","D5",5,4,"M2",-0.518663997071603,95.5743055555556,"否","肺部","lung infection",1,0,28,"included"
"SSR_150","SSR_150_d5","Type I interferon response","Mortality","D5",5,4,"M3",-0.500071236652453,95.5743055555556,"否","肺部","lung infection",1,0,28,"included"
"SSR_150","SSR_150_d5","Ribosome biogenesis","Mortality","D5",5,4,"M4",0.664193229632403,95.5743055555556,"否","肺部","lung infection",1,0,28,"included"
"SSR_151","SSR_151_d5","PRR/TLR/TNF/NF-kB signaling","Survival","D5",5,4,"M1",-0.395016287607811,10.4875,"是","血源性、胆管","non-lung infection",0,0,28,"included"
"SSR_151","SSR_151_d5","Phagolysosome/autophagy","Survival","D5",5,4,"M2",-0.260486598979727,10.4875,"是","血源性、胆管","non-lung infection",0,0,28,"included"
"SSR_151","SSR_151_d5","Type I interferon response","Survival","D5",5,4,"M3",-0.421316055158635,10.4875,"是","血源性、胆管","non-lung infection",0,0,28,"included"
"SSR_151","SSR_151_d5","Ribosome biogenesis","Survival","D5",5,4,"M4",0.49998066651757,10.4875,"是","血源性、胆管","non-lung infection",0,0,28,"included"
"SSR_152","SSR_152_d5","PRR/TLR/TNF/NF-kB signaling","Survival","D5",5,4,"M1",0.120472631287652,16.3444444444444,"是","肠道","non-lung infection",0,0,28,"included"
"SSR_152","SSR_152_d5","Phagolysosome/autophagy","Survival","D5",5,4,"M2",0.109697967906299,16.3444444444444,"是","肠道","non-lung infection",0,0,28,"included"
"SSR_152","SSR_152_d5","Type I interferon response","Survival","D5",5,4,"M3",-0.0427694005416076,16.3444444444444,"是","肠道","non-lung infection",0,0,28,"included"
"SSR_152","SSR_152_d5","Ribosome biogenesis","Survival","D5",5,4,"M4",0.449948178177722,16.3444444444444,"是","肠道","non-lung infection",0,0,28,"included"
"SSR_154","SSR_154_d5","PRR/TLR/TNF/NF-kB signaling","Mortality","D5",5,4,"M1",-0.422341459531752,14.3111111111111,"否","肺部","lung infection",1,1,14.3111111111111,"included"
"SSR_154","SSR_154_d5","Phagolysosome/autophagy","Mortality","D5",5,4,"M2",-0.442810798947809,14.3111111111111,"否","肺部","lung infection",1,1,14.3111111111111,"included"
"SSR_154","SSR_154_d5","Type I interferon response","Mortality","D5",5,4,"M3",-0.212637810627036,14.3111111111111,"否","肺部","lung infection",1,1,14.3111111111111,"included"
"SSR_154","SSR_154_d5","Ribosome biogenesis","Mortality","D5",5,4,"M4",0.218060207622282,14.3111111111111,"否","肺部","lung infection",1,1,14.3111111111111,"included"
"SSR_157","SSR_157_d5","PRR/TLR/TNF/NF-kB signaling","Survival","D5",5,4,"M1",-0.376437596302217,12.4588194444444,"是","肺部","lung infection",0,0,28,"included"
"SSR_157","SSR_157_d5","Phagolysosome/autophagy","Survival","D5",5,4,"M2",-0.164425174161931,12.4588194444444,"是","肺部","lung infection",0,0,28,"included"
"SSR_157","SSR_157_d5","Type I interferon response","Survival","D5",5,4,"M3",-0.486962977132496,12.4588194444444,"是","肺部","lung infection",0,0,28,"included"
"SSR_157","SSR_157_d5","Ribosome biogenesis","Survival","D5",5,4,"M4",0.442186640830536,12.4588194444444,"是","肺部","lung infection",0,0,28,"included"
"SSR_158","SSR_158_d5","PRR/TLR/TNF/NF-kB signaling","Mortality","D5",5,4,"M1",0.321077223058731,9.63472222222222,"否","胆道、血源性","non-lung infection",1,1,9.63472222222222,"included"
"SSR_158","SSR_158_d5","Phagolysosome/autophagy","Mortality","D5",5,4,"M2",-0.086609503764258,9.63472222222222,"否","胆道、血源性","non-lung infection",1,1,9.63472222222222,"included"
"SSR_158","SSR_158_d5","Type I interferon response","Mortality","D5",5,4,"M3",0.586166342148023,9.63472222222222,"否","胆道、血源性","non-lung infection",1,1,9.63472222222222,"included"
"SSR_158","SSR_158_d5","Ribosome biogenesis","Mortality","D5",5,4,"M4",0.491693364718201,9.63472222222222,"否","胆道、血源性","non-lung infection",1,1,9.63472222222222,"included"
"SSR_159","SSR_159_d5","PRR/TLR/TNF/NF-kB signaling","Survival","D5",5,4,"M1",0.0385873316526782,16.4583333333333,"是","肺部","lung infection",0,0,28,"included"
"SSR_159","SSR_159_d5","Phagolysosome/autophagy","Survival","D5",5,4,"M2",0.201893755870659,16.4583333333333,"是","肺部","lung infection",0,0,28,"included"
"SSR_159","SSR_159_d5","Type I interferon response","Survival","D5",5,4,"M3",0.292755636141222,16.4583333333333,"是","肺部","lung infection",0,0,28,"included"
"SSR_159","SSR_159_d5","Ribosome biogenesis","Survival","D5",5,4,"M4",0.0552829997286342,16.4583333333333,"是","肺部","lung infection",0,0,28,"included"
"SSR_161","SSR_161_d5","PRR/TLR/TNF/NF-kB signaling","Mortality","D5",5,4,"M1",0.520168504072494,376.234027777778,"否","泌尿道、血源性","non-lung infection",1,0,28,"included"
"SSR_161","SSR_161_d5","Phagolysosome/autophagy","Mortality","D5",5,4,"M2",0.196602575528639,376.234027777778,"否","泌尿道、血源性","non-lung infection",1,0,28,"included"
"SSR_161","SSR_161_d5","Type I interferon response","Mortality","D5",5,4,"M3",0.630839078943259,376.234027777778,"否","泌尿道、血源性","non-lung infection",1,0,28,"included"
"SSR_161","SSR_161_d5","Ribosome biogenesis","Mortality","D5",5,4,"M4",-0.465413981639563,376.234027777778,"否","泌尿道、血源性","non-lung infection",1,0,28,"included"
"SSR_162","SSR_162_d5","PRR/TLR/TNF/NF-kB signaling","Survival","D5",5,4,"M1",-0.213142624988187,12.6847222222222,"是","腹部","non-lung infection",0,0,28,"included"
"SSR_162","SSR_162_d5","Phagolysosome/autophagy","Survival","D5",5,4,"M2",-0.20630667741701,12.6847222222222,"是","腹部","non-lung infection",0,0,28,"included"
"SSR_162","SSR_162_d5","Type I interferon response","Survival","D5",5,4,"M3",-0.137920364389573,12.6847222222222,"是","腹部","non-lung infection",0,0,28,"included"
"SSR_162","SSR_162_d5","Ribosome biogenesis","Survival","D5",5,4,"M4",0.560846375376493,12.6847222222222,"是","腹部","non-lung infection",0,0,28,"included"
"SSR_164","SSR_164_d5","PRR/TLR/TNF/NF-kB signaling","Survival","D5",5,4,"M1",-0.461749907208833,25.2236111111111,"是","肺部","lung infection",0,0,28,"included"
"SSR_164","SSR_164_d5","Phagolysosome/autophagy","Survival","D5",5,4,"M2",-0.585294420034454,25.2236111111111,"是","肺部","lung infection",0,0,28,"included"
"SSR_164","SSR_164_d5","Type I interferon response","Survival","D5",5,4,"M3",-0.442795816449711,25.2236111111111,"是","肺部","lung infection",0,0,28,"included"
"SSR_164","SSR_164_d5","Ribosome biogenesis","Survival","D5",5,4,"M4",0.366572469187365,25.2236111111111,"是","肺部","lung infection",0,0,28,"included"
"SSR_167","SSR_167_d5","PRR/TLR/TNF/NF-kB signaling","Survival","D5",5,4,"M1",-0.433308288295305,8.51597222222222,"是","腹腔","non-lung infection",0,0,28,"included"
"SSR_167","SSR_167_d5","Phagolysosome/autophagy","Survival","D5",5,4,"M2",-0.146258306682624,8.51597222222222,"是","腹腔","non-lung infection",0,0,28,"included"
"SSR_167","SSR_167_d5","Type I interferon response","Survival","D5",5,4,"M3",-0.279283276385945,8.51597222222222,"是","腹腔","non-lung infection",0,0,28,"included"
"SSR_167","SSR_167_d5","Ribosome biogenesis","Survival","D5",5,4,"M4",0.325194246976075,8.51597222222222,"是","腹腔","non-lung infection",0,0,28,"included"
"SSR_169","SSR_169_d5","PRR/TLR/TNF/NF-kB signaling","Survival","D5",5,4,"M1",0.228623338171396,18.0173611111111,"是","肺部","lung infection",0,0,28,"included"
"SSR_169","SSR_169_d5","Phagolysosome/autophagy","Survival","D5",5,4,"M2",0.118085498957554,18.0173611111111,"是","肺部","lung infection",0,0,28,"included"
"SSR_169","SSR_169_d5","Type I interferon response","Survival","D5",5,4,"M3",0.405936176143007,18.0173611111111,"是","肺部","lung infection",0,0,28,"included"
"SSR_169","SSR_169_d5","Ribosome biogenesis","Survival","D5",5,4,"M4",0.400222004118306,18.0173611111111,"是","肺部","lung infection",0,0,28,"included"
"SSR_17","SSR_17_d5","PRR/TLR/TNF/NF-kB signaling","Survival","D5",5,4,"M1",0.137391403126461,8.37222222222222,"是","肠道感染","non-lung infection",0,0,28,"included"
"SSR_17","SSR_17_d5","Phagolysosome/autophagy","Survival","D5",5,4,"M2",0.180314612713599,8.37222222222222,"是","肠道感染","non-lung infection",0,0,28,"included"
"SSR_17","SSR_17_d5","Type I interferon response","Survival","D5",5,4,"M3",0.223442171296124,8.37222222222222,"是","肠道感染","non-lung infection",0,0,28,"included"
"SSR_17","SSR_17_d5","Ribosome biogenesis","Survival","D5",5,4,"M4",0.0274348883727727,8.37222222222222,"是","肠道感染","non-lung infection",0,0,28,"included"
"SSR_170","SSR_170_d5","PRR/TLR/TNF/NF-kB signaling","Survival","D5",5,4,"M1",0.200996002386101,20.1666666666667,"是","肺部","lung infection",0,0,28,"included"
"SSR_170","SSR_170_d5","Phagolysosome/autophagy","Survival","D5",5,4,"M2",0.243291989234428,20.1666666666667,"是","肺部","lung infection",0,0,28,"included"
"SSR_170","SSR_170_d5","Type I interferon response","Survival","D5",5,4,"M3",0.0193232633504144,20.1666666666667,"是","肺部","lung infection",0,0,28,"included"
"SSR_170","SSR_170_d5","Ribosome biogenesis","Survival","D5",5,4,"M4",-0.0201437741928278,20.1666666666667,"是","肺部","lung infection",0,0,28,"included"
"SSR_171","SSR_171_d5","PRR/TLR/TNF/NF-kB signaling","Survival","D5",5,4,"M1",-0.655319841753643,15.21875,"是","肾脏","non-lung infection",0,0,28,"included"
"SSR_171","SSR_171_d5","Phagolysosome/autophagy","Survival","D5",5,4,"M2",-0.628395051906149,15.21875,"是","肾脏","non-lung infection",0,0,28,"included"
"SSR_171","SSR_171_d5","Type I interferon response","Survival","D5",5,4,"M3",-0.598740746459626,15.21875,"是","肾脏","non-lung infection",0,0,28,"included"
"SSR_171","SSR_171_d5","Ribosome biogenesis","Survival","D5",5,4,"M4",0.398749399152495,15.21875,"是","肾脏","non-lung infection",0,0,28,"included"
"SSR_172","SSR_172_d5","PRR/TLR/TNF/NF-kB signaling","Survival","D5",5,4,"M1",-0.553727290711648,18.6666666666667,"是","肺部","lung infection",0,0,28,"included"
"SSR_172","SSR_172_d5","Phagolysosome/autophagy","Survival","D5",5,4,"M2",-0.616694001245887,18.6666666666667,"是","肺部","lung infection",0,0,28,"included"
"SSR_172","SSR_172_d5","Type I interferon response","Survival","D5",5,4,"M3",0.118449693594495,18.6666666666667,"是","肺部","lung infection",0,0,28,"included"
"SSR_172","SSR_172_d5","Ribosome biogenesis","Survival","D5",5,4,"M4",0.611473305577992,18.6666666666667,"是","肺部","lung infection",0,0,28,"included"
"SSR_173","SSR_173_d5","PRR/TLR/TNF/NF-kB signaling","Mortality","D5",5,4,"M1",0.472335403715883,6.20833333333333,"否","肺部","lung infection",1,1,6.20833333333333,"included"
"SSR_173","SSR_173_d5","Phagolysosome/autophagy","Mortality","D5",5,4,"M2",0.456779790814947,6.20833333333333,"否","肺部","lung infection",1,1,6.20833333333333,"included"
"SSR_173","SSR_173_d5","Type I interferon response","Mortality","D5",5,4,"M3",0.152527274657655,6.20833333333333,"否","肺部","lung infection",1,1,6.20833333333333,"included"
"SSR_173","SSR_173_d5","Ribosome biogenesis","Mortality","D5",5,4,"M4",-0.35478446409784,6.20833333333333,"否","肺部","lung infection",1,1,6.20833333333333,"included"
"SSR_174","SSR_174_d5","PRR/TLR/TNF/NF-kB signaling","Survival","D5",5,4,"M1",-0.279593735815505,10.9138888888889,"是","胆道","non-lung infection",0,0,28,"included"
"SSR_174","SSR_174_d5","Phagolysosome/autophagy","Survival","D5",5,4,"M2",-0.283137551747223,10.9138888888889,"是","胆道","non-lung infection",0,0,28,"included"
"SSR_174","SSR_174_d5","Type I interferon response","Survival","D5",5,4,"M3",0.0414097582001313,10.9138888888889,"是","胆道","non-lung infection",0,0,28,"included"
"SSR_174","SSR_174_d5","Ribosome biogenesis","Survival","D5",5,4,"M4",0.663915864949276,10.9138888888889,"是","胆道","non-lung infection",0,0,28,"included"
"SSR_177","SSR_177_d5","PRR/TLR/TNF/NF-kB signaling","Survival","D5",5,4,"M1",0.0232716338681346,13.1979166666667,"是","肺部","lung infection",0,0,28,"included"
"SSR_177","SSR_177_d5","Phagolysosome/autophagy","Survival","D5",5,4,"M2",-0.0657973154827731,13.1979166666667,"是","肺部","lung infection",0,0,28,"included"
"SSR_177","SSR_177_d5","Type I interferon response","Survival","D5",5,4,"M3",0.394660293986818,13.1979166666667,"是","肺部","lung infection",0,0,28,"included"
"SSR_177","SSR_177_d5","Ribosome biogenesis","Survival","D5",5,4,"M4",0.389263503839596,13.1979166666667,"是","肺部","lung infection",0,0,28,"included"
"SSR_179","SSR_179_d5","PRR/TLR/TNF/NF-kB signaling","Survival","D5",5,4,"M1",-0.461858357321238,10.0972222222222,"是","肺部","lung infection",0,0,28,"included"
"SSR_179","SSR_179_d5","Phagolysosome/autophagy","Survival","D5",5,4,"M2",-0.441681898572519,10.0972222222222,"是","肺部","lung infection",0,0,28,"included"
"SSR_179","SSR_179_d5","Type I interferon response","Survival","D5",5,4,"M3",-0.0898555242385436,10.0972222222222,"是","肺部","lung infection",0,0,28,"included"
"SSR_179","SSR_179_d5","Ribosome biogenesis","Survival","D5",5,4,"M4",0.488234328151643,10.0972222222222,"是","肺部","lung infection",0,0,28,"included"
"SSR_18","SSR_18_d5","PRR/TLR/TNF/NF-kB signaling","Survival","D5",5,4,"M1",0.334468328280217,9.32569444444444,"是","肛周脓肿","non-lung infection",0,0,28,"included"
"SSR_18","SSR_18_d5","Phagolysosome/autophagy","Survival","D5",5,4,"M2",0.472130049370376,9.32569444444444,"是","肛周脓肿","non-lung infection",0,0,28,"included"
"SSR_18","SSR_18_d5","Type I interferon response","Survival","D5",5,4,"M3",0.305359944511193,9.32569444444444,"是","肛周脓肿","non-lung infection",0,0,28,"included"
"SSR_18","SSR_18_d5","Ribosome biogenesis","Survival","D5",5,4,"M4",-0.514555113704616,9.32569444444444,"是","肛周脓肿","non-lung infection",0,0,28,"included"
"SSR_181","SSR_181_d5","PRR/TLR/TNF/NF-kB signaling","Survival","D5",5,4,"M1",-0.679260990555738,24,"是","肺部","lung infection",0,0,28,"included"
"SSR_181","SSR_181_d5","Phagolysosome/autophagy","Survival","D5",5,4,"M2",-0.703664955068507,24,"是","肺部","lung infection",0,0,28,"included"
"SSR_181","SSR_181_d5","Type I interferon response","Survival","D5",5,4,"M3",-0.509203881247637,24,"是","肺部","lung infection",0,0,28,"included"
"SSR_181","SSR_181_d5","Ribosome biogenesis","Survival","D5",5,4,"M4",0.624735028011858,24,"是","肺部","lung infection",0,0,28,"included"
"SSR_182","SSR_182_d5","PRR/TLR/TNF/NF-kB signaling","Survival","D5",5,4,"M1",0.492650220894701,50.3763888888889,"是","胆囊","non-lung infection",0,0,28,"included"
"SSR_182","SSR_182_d5","Phagolysosome/autophagy","Survival","D5",5,4,"M2",0.532100928129359,50.3763888888889,"是","胆囊","non-lung infection",0,0,28,"included"
"SSR_182","SSR_182_d5","Type I interferon response","Survival","D5",5,4,"M3",0.362275521332759,50.3763888888889,"是","胆囊","non-lung infection",0,0,28,"included"
"SSR_182","SSR_182_d5","Ribosome biogenesis","Survival","D5",5,4,"M4",-0.482597114827558,50.3763888888889,"是","胆囊","non-lung infection",0,0,28,"included"
"SSR_19","SSR_19_d5","PRR/TLR/TNF/NF-kB signaling","Survival","D5",5,4,"M1",0.465335691664908,28.4875,"是","肺炎 脊髓炎？","lung infection",0,0,28,"included"
"SSR_19","SSR_19_d5","Phagolysosome/autophagy","Survival","D5",5,4,"M2",0.377630087139334,28.4875,"是","肺炎 脊髓炎？","lung infection",0,0,28,"included"
"SSR_19","SSR_19_d5","Type I interferon response","Survival","D5",5,4,"M3",0.60470376236462,28.4875,"是","肺炎 脊髓炎？","lung infection",0,0,28,"included"
"SSR_19","SSR_19_d5","Ribosome biogenesis","Survival","D5",5,4,"M4",-0.550180694103649,28.4875,"是","肺炎 脊髓炎？","lung infection",0,0,28,"included"
"SSR_2","SSR_2_d5","PRR/TLR/TNF/NF-kB signaling","Survival","D5",5,4,"M1",0.268891698595918,23.4430555555556,"是","泌尿系感染","non-lung infection",0,0,28,"included"
"SSR_2","SSR_2_d5","Phagolysosome/autophagy","Survival","D5",5,4,"M2",0.34183608360044,23.4430555555556,"是","泌尿系感染","non-lung infection",0,0,28,"included"
"SSR_2","SSR_2_d5","Type I interferon response","Survival","D5",5,4,"M3",0.233710770189011,23.4430555555556,"是","泌尿系感染","non-lung infection",0,0,28,"included"
"SSR_2","SSR_2_d5","Ribosome biogenesis","Survival","D5",5,4,"M4",0.294192393056782,23.4430555555556,"是","泌尿系感染","non-lung infection",0,0,28,"included"
"SSR_20","SSR_20_d5","PRR/TLR/TNF/NF-kB signaling","Survival","D5",5,4,"M1",-0.140475054778624,21.1118055555556,"是","气肿性肾盂肾炎","non-lung infection",0,0,28,"included"
"SSR_20","SSR_20_d5","Phagolysosome/autophagy","Survival","D5",5,4,"M2",-0.0981963936174039,21.1118055555556,"是","气肿性肾盂肾炎","non-lung infection",0,0,28,"included"
"SSR_20","SSR_20_d5","Type I interferon response","Survival","D5",5,4,"M3",-0.0608027197378233,21.1118055555556,"是","气肿性肾盂肾炎","non-lung infection",0,0,28,"included"
"SSR_20","SSR_20_d5","Ribosome biogenesis","Survival","D5",5,4,"M4",-0.447142407407126,21.1118055555556,"是","气肿性肾盂肾炎","non-lung infection",0,0,28,"included"
"SSR_21","SSR_21_d5","PRR/TLR/TNF/NF-kB signaling","Survival","D5",5,4,"M1",-0.688271530129273,9.14513888888889,"是","肾盂肾炎 败血症","non-lung infection",0,0,28,"included"
"SSR_21","SSR_21_d5","Phagolysosome/autophagy","Survival","D5",5,4,"M2",-0.647090060666145,9.14513888888889,"是","肾盂肾炎 败血症","non-lung infection",0,0,28,"included"
"SSR_21","SSR_21_d5","Type I interferon response","Survival","D5",5,4,"M3",-0.592009740564238,9.14513888888889,"是","肾盂肾炎 败血症","non-lung infection",0,0,28,"included"
"SSR_21","SSR_21_d5","Ribosome biogenesis","Survival","D5",5,4,"M4",0.425374409884403,9.14513888888889,"是","肾盂肾炎 败血症","non-lung infection",0,0,28,"included"
"SSR_22","SSR_22_d5","PRR/TLR/TNF/NF-kB signaling","Survival","D5",5,4,"M1",-0.724112208846096,77.5152777777778,"是","化脓性胆管炎","non-lung infection",0,0,28,"included"
"SSR_22","SSR_22_d5","Phagolysosome/autophagy","Survival","D5",5,4,"M2",-0.703949799736905,77.5152777777778,"是","化脓性胆管炎","non-lung infection",0,0,28,"included"
"SSR_22","SSR_22_d5","Type I interferon response","Survival","D5",5,4,"M3",-0.676774157552383,77.5152777777778,"是","化脓性胆管炎","non-lung infection",0,0,28,"included"
"SSR_22","SSR_22_d5","Ribosome biogenesis","Survival","D5",5,4,"M4",0.500664238240401,77.5152777777778,"是","化脓性胆管炎","non-lung infection",0,0,28,"included"
"SSR_23","SSR_23_d5","PRR/TLR/TNF/NF-kB signaling","Survival","D5",5,4,"M1",-0.539535208574302,11.3118055555556,"是","肺部感染","lung infection",0,0,28,"included"
"SSR_23","SSR_23_d5","Phagolysosome/autophagy","Survival","D5",5,4,"M2",-0.5825384264229,11.3118055555556,"是","肺部感染","lung infection",0,0,28,"included"
"SSR_23","SSR_23_d5","Type I interferon response","Survival","D5",5,4,"M3",-0.326753749807196,11.3118055555556,"是","肺部感染","lung infection",0,0,28,"included"
"SSR_23","SSR_23_d5","Ribosome biogenesis","Survival","D5",5,4,"M4",-0.0995411978127665,11.3118055555556,"是","肺部感染","lung infection",0,0,28,"included"
"SSR_24","SSR_24_d5","PRR/TLR/TNF/NF-kB signaling","Survival","D5",5,4,"M1",-0.576646872284535,10.0944444444444,"是","泌尿系感染","non-lung infection",0,0,28,"included"
"SSR_24","SSR_24_d5","Phagolysosome/autophagy","Survival","D5",5,4,"M2",-0.472538962289177,10.0944444444444,"是","泌尿系感染","non-lung infection",0,0,28,"included"
"SSR_24","SSR_24_d5","Type I interferon response","Survival","D5",5,4,"M3",-0.581828479130053,10.0944444444444,"是","泌尿系感染","non-lung infection",0,0,28,"included"
"SSR_24","SSR_24_d5","Ribosome biogenesis","Survival","D5",5,4,"M4",0.310964887254172,10.0944444444444,"是","泌尿系感染","non-lung infection",0,0,28,"included"
"SSR_25","SSR_25_d5","PRR/TLR/TNF/NF-kB signaling","Survival","D5",5,4,"M1",-0.649120862479462,7.61944444444444,"是","泌尿道感染","non-lung infection",0,0,28,"included"
"SSR_25","SSR_25_d5","Phagolysosome/autophagy","Survival","D5",5,4,"M2",-0.689690827301305,7.61944444444444,"是","泌尿道感染","non-lung infection",0,0,28,"included"
"SSR_25","SSR_25_d5","Type I interferon response","Survival","D5",5,4,"M3",-0.482993401645034,7.61944444444444,"是","泌尿道感染","non-lung infection",0,0,28,"included"
"SSR_25","SSR_25_d5","Ribosome biogenesis","Survival","D5",5,4,"M4",0.523589184666303,7.61944444444444,"是","泌尿道感染","non-lung infection",0,0,28,"included"
"SSR_26","SSR_26_d5","PRR/TLR/TNF/NF-kB signaling","Survival","D5",5,4,"M1",-0.654528325762392,45.5444444444444,"是","化脓性胆管炎","non-lung infection",0,0,28,"included"
"SSR_26","SSR_26_d5","Phagolysosome/autophagy","Survival","D5",5,4,"M2",-0.594506778950443,45.5444444444444,"是","化脓性胆管炎","non-lung infection",0,0,28,"included"
"SSR_26","SSR_26_d5","Type I interferon response","Survival","D5",5,4,"M3",-0.538646377566308,45.5444444444444,"是","化脓性胆管炎","non-lung infection",0,0,28,"included"
"SSR_26","SSR_26_d5","Ribosome biogenesis","Survival","D5",5,4,"M4",0.548290136045132,45.5444444444444,"是","化脓性胆管炎","non-lung infection",0,0,28,"included"
"SSR_27","SSR_27_d5","PRR/TLR/TNF/NF-kB signaling","Survival","D5",5,4,"M1",-0.544136297804462,9.39930555555556,"是","消化道","non-lung infection",0,0,28,"included"
"SSR_27","SSR_27_d5","Phagolysosome/autophagy","Survival","D5",5,4,"M2",-0.529485600378476,9.39930555555556,"是","消化道","non-lung infection",0,0,28,"included"
"SSR_27","SSR_27_d5","Type I interferon response","Survival","D5",5,4,"M3",-0.317221748473832,9.39930555555556,"是","消化道","non-lung infection",0,0,28,"included"
"SSR_27","SSR_27_d5","Ribosome biogenesis","Survival","D5",5,4,"M4",0.243082922257124,9.39930555555556,"是","消化道","non-lung infection",0,0,28,"included"
"SSR_28","SSR_28_d5","PRR/TLR/TNF/NF-kB signaling","Survival","D5",5,4,"M1",0.426035497765385,11.3291666666667,"是","呼吸道","lung infection",0,0,28,"included"
"SSR_28","SSR_28_d5","Phagolysosome/autophagy","Survival","D5",5,4,"M2",0.395771310740934,11.3291666666667,"是","呼吸道","lung infection",0,0,28,"included"
"SSR_28","SSR_28_d5","Type I interferon response","Survival","D5",5,4,"M3",0.368231601272536,11.3291666666667,"是","呼吸道","lung infection",0,0,28,"included"
"SSR_28","SSR_28_d5","Ribosome biogenesis","Survival","D5",5,4,"M4",-0.31076454962366,11.3291666666667,"是","呼吸道","lung infection",0,0,28,"included"
"SSR_29","SSR_29_d5","PRR/TLR/TNF/NF-kB signaling","Survival","D5",5,4,"M1",-0.174611018702563,41.6909722222222,"是","呼吸道","lung infection",0,0,28,"included"
"SSR_29","SSR_29_d5","Phagolysosome/autophagy","Survival","D5",5,4,"M2",-0.226779741301944,41.6909722222222,"是","呼吸道","lung infection",0,0,28,"included"
"SSR_29","SSR_29_d5","Type I interferon response","Survival","D5",5,4,"M3",-0.27299086369031,41.6909722222222,"是","呼吸道","lung infection",0,0,28,"included"
"SSR_29","SSR_29_d5","Ribosome biogenesis","Survival","D5",5,4,"M4",-0.0504830415298751,41.6909722222222,"是","呼吸道","lung infection",0,0,28,"included"
"SSR_3","SSR_3_d5","PRR/TLR/TNF/NF-kB signaling","Survival","D5",5,4,"M1",-0.376004413339618,12.5833333333333,"是","泌尿系感染","non-lung infection",0,0,28,"included"
"SSR_3","SSR_3_d5","Phagolysosome/autophagy","Survival","D5",5,4,"M2",-0.160514786124689,12.5833333333333,"是","泌尿系感染","non-lung infection",0,0,28,"included"
"SSR_3","SSR_3_d5","Type I interferon response","Survival","D5",5,4,"M3",-0.209211951899983,12.5833333333333,"是","泌尿系感染","non-lung infection",0,0,28,"included"
"SSR_3","SSR_3_d5","Ribosome biogenesis","Survival","D5",5,4,"M4",0.650264126820835,12.5833333333333,"是","泌尿系感染","non-lung infection",0,0,28,"included"
"SSR_30","SSR_30_d5","PRR/TLR/TNF/NF-kB signaling","Survival","D5",5,4,"M1",-0.398421116186377,30.0770833333333,"是","泌尿系","non-lung infection",0,0,28,"included"
"SSR_30","SSR_30_d5","Phagolysosome/autophagy","Survival","D5",5,4,"M2",-0.315763609783732,30.0770833333333,"是","泌尿系","non-lung infection",0,0,28,"included"
"SSR_30","SSR_30_d5","Type I interferon response","Survival","D5",5,4,"M3",-0.368594013852327,30.0770833333333,"是","泌尿系","non-lung infection",0,0,28,"included"
"SSR_30","SSR_30_d5","Ribosome biogenesis","Survival","D5",5,4,"M4",0.347785638119979,30.0770833333333,"是","泌尿系","non-lung infection",0,0,28,"included"
"SSR_31","SSR_31_d5","PRR/TLR/TNF/NF-kB signaling","Survival","D5",5,4,"M1",0.507549025512908,10.2541666666667,"是","呼吸道","lung infection",0,0,28,"included"
"SSR_31","SSR_31_d5","Phagolysosome/autophagy","Survival","D5",5,4,"M2",0.506435003829761,10.2541666666667,"是","呼吸道","lung infection",0,0,28,"included"
"SSR_31","SSR_31_d5","Type I interferon response","Survival","D5",5,4,"M3",0.30679109010695,10.2541666666667,"是","呼吸道","lung infection",0,0,28,"included"
"SSR_31","SSR_31_d5","Ribosome biogenesis","Survival","D5",5,4,"M4",-0.52838669044192,10.2541666666667,"是","呼吸道","lung infection",0,0,28,"included"
"SSR_32","SSR_32_d5","PRR/TLR/TNF/NF-kB signaling","Survival","D5",5,4,"M1",-0.458977212566733,4,"是","泌尿系/呼吸道","lung infection",0,0,28,"included"
"SSR_32","SSR_32_d5","Phagolysosome/autophagy","Survival","D5",5,4,"M2",-0.368695307340015,4,"是","泌尿系/呼吸道","lung infection",0,0,28,"included"
"SSR_32","SSR_32_d5","Type I interferon response","Survival","D5",5,4,"M3",-0.436854006822856,4,"是","泌尿系/呼吸道","lung infection",0,0,28,"included"
"SSR_32","SSR_32_d5","Ribosome biogenesis","Survival","D5",5,4,"M4",0.358362006891202,4,"是","泌尿系/呼吸道","lung infection",0,0,28,"included"
"SSR_33","SSR_33_d5","PRR/TLR/TNF/NF-kB signaling","Survival","D5",5,4,"M1",-0.151519066599493,15.3993055555556,"是","呼吸道+胃肠道","lung infection",0,0,28,"included"
"SSR_33","SSR_33_d5","Phagolysosome/autophagy","Survival","D5",5,4,"M2",0.0363545828118922,15.3993055555556,"是","呼吸道+胃肠道","lung infection",0,0,28,"included"
"SSR_33","SSR_33_d5","Type I interferon response","Survival","D5",5,4,"M3",-0.033634126422885,15.3993055555556,"是","呼吸道+胃肠道","lung infection",0,0,28,"included"
"SSR_33","SSR_33_d5","Ribosome biogenesis","Survival","D5",5,4,"M4",0.207238834503335,15.3993055555556,"是","呼吸道+胃肠道","lung infection",0,0,28,"included"
"SSR_34","SSR_34_d5","PRR/TLR/TNF/NF-kB signaling","Survival","D5",5,4,"M1",0.101156485492056,23.275,"是","呼吸道","lung infection",0,0,28,"included"
"SSR_34","SSR_34_d5","Phagolysosome/autophagy","Survival","D5",5,4,"M2",0.0297393008369066,23.275,"是","呼吸道","lung infection",0,0,28,"included"
"SSR_34","SSR_34_d5","Type I interferon response","Survival","D5",5,4,"M3",0.0384606153725989,23.275,"是","呼吸道","lung infection",0,0,28,"included"
"SSR_34","SSR_34_d5","Ribosome biogenesis","Survival","D5",5,4,"M4",0.0250485411593846,23.275,"是","呼吸道","lung infection",0,0,28,"included"
"SSR_35","SSR_35_d5","PRR/TLR/TNF/NF-kB signaling","Mortality","D5",5,4,"M1",-0.558348953222933,9.00902777777778,"否","呼吸道","lung infection",1,1,9.00902777777778,"included"
"SSR_35","SSR_35_d5","Phagolysosome/autophagy","Mortality","D5",5,4,"M2",-0.469272883265497,9.00902777777778,"否","呼吸道","lung infection",1,1,9.00902777777778,"included"
"SSR_35","SSR_35_d5","Type I interferon response","Mortality","D5",5,4,"M3",-0.475683360752744,9.00902777777778,"否","呼吸道","lung infection",1,1,9.00902777777778,"included"
"SSR_35","SSR_35_d5","Ribosome biogenesis","Mortality","D5",5,4,"M4",0.221087926275836,9.00902777777778,"否","呼吸道","lung infection",1,1,9.00902777777778,"included"
"SSR_36","SSR_36_d5","PRR/TLR/TNF/NF-kB signaling","Mortality","D5",5,4,"M1",0.325781552627324,13.5666666666667,"否","呼吸道","lung infection",1,1,13.5666666666667,"included"
"SSR_36","SSR_36_d5","Phagolysosome/autophagy","Mortality","D5",5,4,"M2",0.274279343321209,13.5666666666667,"否","呼吸道","lung infection",1,1,13.5666666666667,"included"
"SSR_36","SSR_36_d5","Type I interferon response","Mortality","D5",5,4,"M3",-0.0318341953651928,13.5666666666667,"否","呼吸道","lung infection",1,1,13.5666666666667,"included"
"SSR_36","SSR_36_d5","Ribosome biogenesis","Mortality","D5",5,4,"M4",-0.135375416426062,13.5666666666667,"否","呼吸道","lung infection",1,1,13.5666666666667,"included"
"SSR_37","SSR_37_d5","PRR/TLR/TNF/NF-kB signaling","Survival","D5",5,4,"M1",0.228992919528785,22.2972222222222,"是","泌尿道","non-lung infection",0,0,28,"included"
"SSR_37","SSR_37_d5","Phagolysosome/autophagy","Survival","D5",5,4,"M2",0.0281454696416417,22.2972222222222,"是","泌尿道","non-lung infection",0,0,28,"included"
"SSR_37","SSR_37_d5","Type I interferon response","Survival","D5",5,4,"M3",0.216418118269237,22.2972222222222,"是","泌尿道","non-lung infection",0,0,28,"included"
"SSR_37","SSR_37_d5","Ribosome biogenesis","Survival","D5",5,4,"M4",0.00151381892144153,22.2972222222222,"是","泌尿道","non-lung infection",0,0,28,"included"
"SSR_38","SSR_38_d5","PRR/TLR/TNF/NF-kB signaling","Survival","D5",5,4,"M1",-0.442607873590034,35.7958333333333,"是","胆道","non-lung infection",0,0,28,"included"
"SSR_38","SSR_38_d5","Phagolysosome/autophagy","Survival","D5",5,4,"M2",-0.382878530456533,35.7958333333333,"是","胆道","non-lung infection",0,0,28,"included"
"SSR_38","SSR_38_d5","Type I interferon response","Survival","D5",5,4,"M3",-0.329006597615547,35.7958333333333,"是","胆道","non-lung infection",0,0,28,"included"
"SSR_38","SSR_38_d5","Ribosome biogenesis","Survival","D5",5,4,"M4",0.384231039916925,35.7958333333333,"是","胆道","non-lung infection",0,0,28,"included"
"SSR_39","SSR_39_d5","PRR/TLR/TNF/NF-kB signaling","Survival","D5",5,4,"M1",-0.473835969732733,6.12291666666667,"是","泌尿道","non-lung infection",0,0,28,"included"
"SSR_39","SSR_39_d5","Phagolysosome/autophagy","Survival","D5",5,4,"M2",-0.368821219265095,6.12291666666667,"是","泌尿道","non-lung infection",0,0,28,"included"
"SSR_39","SSR_39_d5","Type I interferon response","Survival","D5",5,4,"M3",-0.256844157520264,6.12291666666667,"是","泌尿道","non-lung infection",0,0,28,"included"
"SSR_39","SSR_39_d5","Ribosome biogenesis","Survival","D5",5,4,"M4",0.256780239001144,6.12291666666667,"是","泌尿道","non-lung infection",0,0,28,"included"
"SSR_4","SSR_4_d5","PRR/TLR/TNF/NF-kB signaling","Survival","D5",5,4,"M1",0.457885136933416,73.2388888888889,"是","肺部感染","lung infection",0,0,28,"included"
"SSR_4","SSR_4_d5","Phagolysosome/autophagy","Survival","D5",5,4,"M2",0.5278398508307,73.2388888888889,"是","肺部感染","lung infection",0,0,28,"included"
"SSR_4","SSR_4_d5","Type I interferon response","Survival","D5",5,4,"M3",0.428062224839769,73.2388888888889,"是","肺部感染","lung infection",0,0,28,"included"
"SSR_4","SSR_4_d5","Ribosome biogenesis","Survival","D5",5,4,"M4",-0.375693623769234,73.2388888888889,"是","肺部感染","lung infection",0,0,28,"included"
"SSR_40","SSR_40_d5","PRR/TLR/TNF/NF-kB signaling","Survival","D5",5,4,"M1",-0.142863316514651,17.3777777777778,"是","呼吸道","lung infection",0,0,28,"included"
"SSR_40","SSR_40_d5","Phagolysosome/autophagy","Survival","D5",5,4,"M2",-0.053714352669757,17.3777777777778,"是","呼吸道","lung infection",0,0,28,"included"
"SSR_40","SSR_40_d5","Type I interferon response","Survival","D5",5,4,"M3",0.0177213284447388,17.3777777777778,"是","呼吸道","lung infection",0,0,28,"included"
"SSR_40","SSR_40_d5","Ribosome biogenesis","Survival","D5",5,4,"M4",-0.186751100941648,17.3777777777778,"是","呼吸道","lung infection",0,0,28,"included"
"SSR_42","SSR_42_d5","PRR/TLR/TNF/NF-kB signaling","Survival","D5",5,4,"M1",-0.345653134184708,10.9493055555556,"是","泌尿道","non-lung infection",0,0,28,"included"
"SSR_42","SSR_42_d5","Phagolysosome/autophagy","Survival","D5",5,4,"M2",-0.418268186800562,10.9493055555556,"是","泌尿道","non-lung infection",0,0,28,"included"
"SSR_42","SSR_42_d5","Type I interferon response","Survival","D5",5,4,"M3",-0.314844176739139,10.9493055555556,"是","泌尿道","non-lung infection",0,0,28,"included"
"SSR_42","SSR_42_d5","Ribosome biogenesis","Survival","D5",5,4,"M4",-0.318300413009277,10.9493055555556,"是","泌尿道","non-lung infection",0,0,28,"included"
"SSR_43","SSR_43_d5","PRR/TLR/TNF/NF-kB signaling","Survival","D5",5,4,"M1",0.224794378385803,19.9889699074074,"是","肺部","lung infection",0,0,28,"included"
"SSR_43","SSR_43_d5","Phagolysosome/autophagy","Survival","D5",5,4,"M2",0.0949489577846285,19.9889699074074,"是","肺部","lung infection",0,0,28,"included"
"SSR_43","SSR_43_d5","Type I interferon response","Survival","D5",5,4,"M3",0.0758702407408246,19.9889699074074,"是","肺部","lung infection",0,0,28,"included"
"SSR_43","SSR_43_d5","Ribosome biogenesis","Survival","D5",5,4,"M4",-0.677561268390592,19.9889699074074,"是","肺部","lung infection",0,0,28,"included"
"SSR_44","SSR_44_d5","PRR/TLR/TNF/NF-kB signaling","Mortality","D5",5,4,"M1",0.413938964991177,18.2790972222222,"否","呼吸道、泌尿道","lung infection",1,1,18.2790972222222,"included"
"SSR_44","SSR_44_d5","Phagolysosome/autophagy","Mortality","D5",5,4,"M2",0.236948807535491,18.2790972222222,"否","呼吸道、泌尿道","lung infection",1,1,18.2790972222222,"included"
"SSR_44","SSR_44_d5","Type I interferon response","Mortality","D5",5,4,"M3",0.429546311098891,18.2790972222222,"否","呼吸道、泌尿道","lung infection",1,1,18.2790972222222,"included"
"SSR_44","SSR_44_d5","Ribosome biogenesis","Mortality","D5",5,4,"M4",-0.653546169039249,18.2790972222222,"否","呼吸道、泌尿道","lung infection",1,1,18.2790972222222,"included"
"SSR_46","SSR_46_d5","PRR/TLR/TNF/NF-kB signaling","Survival","D5",5,4,"M1",0.0765283972828683,14.740625,"是","呼吸道来源","lung infection",0,0,28,"included"
"SSR_46","SSR_46_d5","Phagolysosome/autophagy","Survival","D5",5,4,"M2",0.019547899874844,14.740625,"是","呼吸道来源","lung infection",0,0,28,"included"
"SSR_46","SSR_46_d5","Type I interferon response","Survival","D5",5,4,"M3",0.159001779714802,14.740625,"是","呼吸道来源","lung infection",0,0,28,"included"
"SSR_46","SSR_46_d5","Ribosome biogenesis","Survival","D5",5,4,"M4",-0.714409671127609,14.740625,"是","呼吸道来源","lung infection",0,0,28,"included"
"SSR_47","SSR_47_d5","PRR/TLR/TNF/NF-kB signaling","Survival","D5",5,4,"M1",0.179186584279683,10.1527777777778,"是","呼吸道来源","lung infection",0,0,28,"included"
"SSR_47","SSR_47_d5","Phagolysosome/autophagy","Survival","D5",5,4,"M2",-0.0603665315425252,10.1527777777778,"是","呼吸道来源","lung infection",0,0,28,"included"
"SSR_47","SSR_47_d5","Type I interferon response","Survival","D5",5,4,"M3",0.320547769129353,10.1527777777778,"是","呼吸道来源","lung infection",0,0,28,"included"
"SSR_47","SSR_47_d5","Ribosome biogenesis","Survival","D5",5,4,"M4",-0.622053548398068,10.1527777777778,"是","呼吸道来源","lung infection",0,0,28,"included"
"SSR_48","SSR_48_d5","PRR/TLR/TNF/NF-kB signaling","Survival","D5",5,4,"M1",0.120947957562324,35.9946875,"是","呼吸道来源","lung infection",0,0,28,"included"
"SSR_48","SSR_48_d5","Phagolysosome/autophagy","Survival","D5",5,4,"M2",0.0431714745096751,35.9946875,"是","呼吸道来源","lung infection",0,0,28,"included"
"SSR_48","SSR_48_d5","Type I interferon response","Survival","D5",5,4,"M3",0.0516464979028051,35.9946875,"是","呼吸道来源","lung infection",0,0,28,"included"
"SSR_48","SSR_48_d5","Ribosome biogenesis","Survival","D5",5,4,"M4",-0.590581808420417,35.9946875,"是","呼吸道来源","lung infection",0,0,28,"included"
"SSR_5","SSR_5_d5","PRR/TLR/TNF/NF-kB signaling","Survival","D5",5,4,"M1",0.219278203118921,5.89305555555556,"是","肺部感染","lung infection",0,0,28,"included"
"SSR_5","SSR_5_d5","Phagolysosome/autophagy","Survival","D5",5,4,"M2",0.415428464925484,5.89305555555556,"是","肺部感染","lung infection",0,0,28,"included"
"SSR_5","SSR_5_d5","Type I interferon response","Survival","D5",5,4,"M3",0.243162381891212,5.89305555555556,"是","肺部感染","lung infection",0,0,28,"included"
"SSR_5","SSR_5_d5","Ribosome biogenesis","Survival","D5",5,4,"M4",-0.379273018921993,5.89305555555556,"是","肺部感染","lung infection",0,0,28,"included"
"SSR_50","SSR_50_d5","PRR/TLR/TNF/NF-kB signaling","Survival","D5",5,4,"M1",-0.542231683180958,13.5632291666667,"是","泌尿道来源","non-lung infection",0,0,28,"included"
"SSR_50","SSR_50_d5","Phagolysosome/autophagy","Survival","D5",5,4,"M2",-0.606650760685968,13.5632291666667,"是","泌尿道来源","non-lung infection",0,0,28,"included"
"SSR_50","SSR_50_d5","Type I interferon response","Survival","D5",5,4,"M3",-0.351582880768557,13.5632291666667,"是","泌尿道来源","non-lung infection",0,0,28,"included"
"SSR_50","SSR_50_d5","Ribosome biogenesis","Survival","D5",5,4,"M4",-0.336338675874406,13.5632291666667,"是","泌尿道来源","non-lung infection",0,0,28,"included"
"SSR_51","SSR_51_d5","PRR/TLR/TNF/NF-kB signaling","Survival","D5",5,4,"M1",-0.543319277474019,12.5612152777778,"是","胆道来源","non-lung infection",0,0,28,"included"
"SSR_51","SSR_51_d5","Phagolysosome/autophagy","Survival","D5",5,4,"M2",-0.53710667198878,12.5612152777778,"是","胆道来源","non-lung infection",0,0,28,"included"
"SSR_51","SSR_51_d5","Type I interferon response","Survival","D5",5,4,"M3",-0.456733491731864,12.5612152777778,"是","胆道来源","non-lung infection",0,0,28,"included"
"SSR_51","SSR_51_d5","Ribosome biogenesis","Survival","D5",5,4,"M4",-0.383431889593002,12.5612152777778,"是","胆道来源","non-lung infection",0,0,28,"included"
"SSR_52","SSR_52_d5","PRR/TLR/TNF/NF-kB signaling","Survival","D5",5,4,"M1",-0.189164466626764,12.0326388888889,"是","呼吸道","lung infection",0,0,28,"included"
"SSR_52","SSR_52_d5","Phagolysosome/autophagy","Survival","D5",5,4,"M2",-0.33836737417568,12.0326388888889,"是","呼吸道","lung infection",0,0,28,"included"
"SSR_52","SSR_52_d5","Type I interferon response","Survival","D5",5,4,"M3",0.0528609188356083,12.0326388888889,"是","呼吸道","lung infection",0,0,28,"included"
"SSR_52","SSR_52_d5","Ribosome biogenesis","Survival","D5",5,4,"M4",-0.473050086410592,12.0326388888889,"是","呼吸道","lung infection",0,0,28,"included"
"SSR_54","SSR_54_d5","PRR/TLR/TNF/NF-kB signaling","Survival","D5",5,4,"M1",-0.174307299550993,94.6681481481481,"是","肺部来源","lung infection",0,0,28,"included"
"SSR_54","SSR_54_d5","Phagolysosome/autophagy","Survival","D5",5,4,"M2",-0.354256819160204,94.6681481481481,"是","肺部来源","lung infection",0,0,28,"included"
"SSR_54","SSR_54_d5","Type I interferon response","Survival","D5",5,4,"M3",0.00707695123562063,94.6681481481481,"是","肺部来源","lung infection",0,0,28,"included"
"SSR_54","SSR_54_d5","Ribosome biogenesis","Survival","D5",5,4,"M4",-0.424927663898069,94.6681481481481,"是","肺部来源","lung infection",0,0,28,"included"
"SSR_56","SSR_56_d5","PRR/TLR/TNF/NF-kB signaling","Survival","D5",5,4,"M1",0.399631939572253,15.2991898148148,"是","肺部","lung infection",0,0,28,"included"
"SSR_56","SSR_56_d5","Phagolysosome/autophagy","Survival","D5",5,4,"M2",0.348057379755858,15.2991898148148,"是","肺部","lung infection",0,0,28,"included"
"SSR_56","SSR_56_d5","Type I interferon response","Survival","D5",5,4,"M3",0.362127540226729,15.2991898148148,"是","肺部","lung infection",0,0,28,"included"
"SSR_56","SSR_56_d5","Ribosome biogenesis","Survival","D5",5,4,"M4",-0.669097513917431,15.2991898148148,"是","肺部","lung infection",0,0,28,"included"
"SSR_57","SSR_57_d5","PRR/TLR/TNF/NF-kB signaling","Survival","D5",5,4,"M1",-0.296509242588382,19.3571875,"是","腹腔来源","non-lung infection",0,0,28,"included"
"SSR_57","SSR_57_d5","Phagolysosome/autophagy","Survival","D5",5,4,"M2",-0.33293887935215,19.3571875,"是","腹腔来源","non-lung infection",0,0,28,"included"
"SSR_57","SSR_57_d5","Type I interferon response","Survival","D5",5,4,"M3",-0.312837330004229,19.3571875,"是","腹腔来源","non-lung infection",0,0,28,"included"
"SSR_57","SSR_57_d5","Ribosome biogenesis","Survival","D5",5,4,"M4",-0.450151938119032,19.3571875,"是","腹腔来源","non-lung infection",0,0,28,"included"
"SSR_59","SSR_59_d5","PRR/TLR/TNF/NF-kB signaling","Mortality","D5",5,4,"M1",0.255112919559388,14.5020833333333,"否","肺部","lung infection",1,1,14.5020833333333,"included"
"SSR_59","SSR_59_d5","Phagolysosome/autophagy","Mortality","D5",5,4,"M2",-0.0138336427603367,14.5020833333333,"否","肺部","lung infection",1,1,14.5020833333333,"included"
"SSR_59","SSR_59_d5","Type I interferon response","Mortality","D5",5,4,"M3",0.125866748594419,14.5020833333333,"否","肺部","lung infection",1,1,14.5020833333333,"included"
"SSR_59","SSR_59_d5","Ribosome biogenesis","Mortality","D5",5,4,"M4",-0.68401813188933,14.5020833333333,"否","肺部","lung infection",1,1,14.5020833333333,"included"
"SSR_6","SSR_6_d5","PRR/TLR/TNF/NF-kB signaling","Survival","D5",5,4,"M1",-0.385757714789933,38.5027777777778,"是","肠源性感染？肺部感染","lung infection",0,0,28,"included"
"SSR_6","SSR_6_d5","Phagolysosome/autophagy","Survival","D5",5,4,"M2",-0.242284494305466,38.5027777777778,"是","肠源性感染？肺部感染","lung infection",0,0,28,"included"
"SSR_6","SSR_6_d5","Type I interferon response","Survival","D5",5,4,"M3",-0.275579664829962,38.5027777777778,"是","肠源性感染？肺部感染","lung infection",0,0,28,"included"
"SSR_6","SSR_6_d5","Ribosome biogenesis","Survival","D5",5,4,"M4",0.467891836788884,38.5027777777778,"是","肠源性感染？肺部感染","lung infection",0,0,28,"included"
"SSR_60","SSR_60_d5","PRR/TLR/TNF/NF-kB signaling","Survival","D5",5,4,"M1",-0.105938143217644,12.6908333333333,"是","肺部","lung infection",0,0,28,"included"
"SSR_60","SSR_60_d5","Phagolysosome/autophagy","Survival","D5",5,4,"M2",-0.107479826878576,12.6908333333333,"是","肺部","lung infection",0,0,28,"included"
"SSR_60","SSR_60_d5","Type I interferon response","Survival","D5",5,4,"M3",-0.408043211550791,12.6908333333333,"是","肺部","lung infection",0,0,28,"included"
"SSR_60","SSR_60_d5","Ribosome biogenesis","Survival","D5",5,4,"M4",-0.598256685871667,12.6908333333333,"是","肺部","lung infection",0,0,28,"included"
"SSR_61","SSR_61_d5","PRR/TLR/TNF/NF-kB signaling","Survival","D5",5,4,"M1",-0.406715700495586,36.2573726851852,"是","呼吸道来源","lung infection",0,0,28,"included"
"SSR_61","SSR_61_d5","Phagolysosome/autophagy","Survival","D5",5,4,"M2",-0.366905670925818,36.2573726851852,"是","呼吸道来源","lung infection",0,0,28,"included"
"SSR_61","SSR_61_d5","Type I interferon response","Survival","D5",5,4,"M3",-0.408452262863107,36.2573726851852,"是","呼吸道来源","lung infection",0,0,28,"included"
"SSR_61","SSR_61_d5","Ribosome biogenesis","Survival","D5",5,4,"M4",-0.503660231378067,36.2573726851852,"是","呼吸道来源","lung infection",0,0,28,"included"
"SSR_62","SSR_62_d5","PRR/TLR/TNF/NF-kB signaling","Survival","D5",5,4,"M1",-0.483809220343034,40.7966319444444,"是","肺部","lung infection",0,0,28,"included"
"SSR_62","SSR_62_d5","Phagolysosome/autophagy","Survival","D5",5,4,"M2",-0.572086059048626,40.7966319444444,"是","肺部","lung infection",0,0,28,"included"
"SSR_62","SSR_62_d5","Type I interferon response","Survival","D5",5,4,"M3",0.0301801896185936,40.7966319444444,"是","肺部","lung infection",0,0,28,"included"
"SSR_62","SSR_62_d5","Ribosome biogenesis","Survival","D5",5,4,"M4",-0.239128485025085,40.7966319444444,"是","肺部","lung infection",0,0,28,"included"
"SSR_64","SSR_64_d5","PRR/TLR/TNF/NF-kB signaling","Survival","D5",5,4,"M1",-0.555365247197491,18.7090277777778,"是","呼吸道","lung infection",0,0,28,"included"
"SSR_64","SSR_64_d5","Phagolysosome/autophagy","Survival","D5",5,4,"M2",-0.607796850211433,18.7090277777778,"是","呼吸道","lung infection",0,0,28,"included"
"SSR_64","SSR_64_d5","Type I interferon response","Survival","D5",5,4,"M3",-0.575495937934888,18.7090277777778,"是","呼吸道","lung infection",0,0,28,"included"
"SSR_64","SSR_64_d5","Ribosome biogenesis","Survival","D5",5,4,"M4",-0.377094666229581,18.7090277777778,"是","呼吸道","lung infection",0,0,28,"included"
"SSR_67","SSR_67_d5","PRR/TLR/TNF/NF-kB signaling","Survival","D5",5,4,"M1",-0.614733369799724,12.2263888888889,"是","皮肤","non-lung infection",0,0,28,"included"
"SSR_67","SSR_67_d5","Phagolysosome/autophagy","Survival","D5",5,4,"M2",-0.59893244529495,12.2263888888889,"是","皮肤","non-lung infection",0,0,28,"included"
"SSR_67","SSR_67_d5","Type I interferon response","Survival","D5",5,4,"M3",-0.662845861660394,12.2263888888889,"是","皮肤","non-lung infection",0,0,28,"included"
"SSR_67","SSR_67_d5","Ribosome biogenesis","Survival","D5",5,4,"M4",0.00314167077809796,12.2263888888889,"是","皮肤","non-lung infection",0,0,28,"included"
"SSR_69","SSR_69_d5","PRR/TLR/TNF/NF-kB signaling","Mortality","D5",5,4,"M1",0.176632918895959,11.5590277777778,"否","肺部感染","lung infection",1,1,11.5590277777778,"included"
"SSR_69","SSR_69_d5","Phagolysosome/autophagy","Mortality","D5",5,4,"M2",-0.0905634700309078,11.5590277777778,"否","肺部感染","lung infection",1,1,11.5590277777778,"included"
"SSR_69","SSR_69_d5","Type I interferon response","Mortality","D5",5,4,"M3",0.348028948144084,11.5590277777778,"否","肺部感染","lung infection",1,1,11.5590277777778,"included"
"SSR_69","SSR_69_d5","Ribosome biogenesis","Mortality","D5",5,4,"M4",-0.628747557597954,11.5590277777778,"否","肺部感染","lung infection",1,1,11.5590277777778,"included"
"SSR_70","SSR_70_d5","PRR/TLR/TNF/NF-kB signaling","Survival","D5",5,4,"M1",-0.505463060216982,15.9009259259259,"是","肺部感染","lung infection",0,0,28,"included"
"SSR_70","SSR_70_d5","Phagolysosome/autophagy","Survival","D5",5,4,"M2",-0.542801450345649,15.9009259259259,"是","肺部感染","lung infection",0,0,28,"included"
"SSR_70","SSR_70_d5","Type I interferon response","Survival","D5",5,4,"M3",-0.349502511595475,15.9009259259259,"是","肺部感染","lung infection",0,0,28,"included"
"SSR_70","SSR_70_d5","Ribosome biogenesis","Survival","D5",5,4,"M4",-0.229383120632282,15.9009259259259,"是","肺部感染","lung infection",0,0,28,"included"
"SSR_73","SSR_73_d5","PRR/TLR/TNF/NF-kB signaling","Survival","D5",5,4,"M1",0.342389818010041,16.7012962962963,"是","肠道、胆囊","non-lung infection",0,0,28,"included"
"SSR_73","SSR_73_d5","Phagolysosome/autophagy","Survival","D5",5,4,"M2",0.177515509773488,16.7012962962963,"是","肠道、胆囊","non-lung infection",0,0,28,"included"
"SSR_73","SSR_73_d5","Type I interferon response","Survival","D5",5,4,"M3",0.383991325453953,16.7012962962963,"是","肠道、胆囊","non-lung infection",0,0,28,"included"
"SSR_73","SSR_73_d5","Ribosome biogenesis","Survival","D5",5,4,"M4",-0.640491344128281,16.7012962962963,"是","肠道、胆囊","non-lung infection",0,0,28,"included"
"SSR_75","SSR_75_d5","PRR/TLR/TNF/NF-kB signaling","Survival","D5",5,4,"M1",-0.186710166817297,31.817037037037,"是","血培养","non-lung infection",0,0,28,"included"
"SSR_75","SSR_75_d5","Phagolysosome/autophagy","Survival","D5",5,4,"M2",-0.241009612973764,31.817037037037,"是","血培养","non-lung infection",0,0,28,"included"
"SSR_75","SSR_75_d5","Type I interferon response","Survival","D5",5,4,"M3",-0.264825322888208,31.817037037037,"是","血培养","non-lung infection",0,0,28,"included"
"SSR_75","SSR_75_d5","Ribosome biogenesis","Survival","D5",5,4,"M4",-0.533306179147984,31.817037037037,"是","血培养","non-lung infection",0,0,28,"included"
"SSR_76","SSR_76_d5","PRR/TLR/TNF/NF-kB signaling","Mortality","D5",5,4,"M1",-0.146455328472658,19.081087962963,"否","肺","lung infection",1,1,19.081087962963,"included"
"SSR_76","SSR_76_d5","Phagolysosome/autophagy","Mortality","D5",5,4,"M2",-0.28452525922982,19.081087962963,"否","肺","lung infection",1,1,19.081087962963,"included"
"SSR_76","SSR_76_d5","Type I interferon response","Mortality","D5",5,4,"M3",-0.135636445581147,19.081087962963,"否","肺","lung infection",1,1,19.081087962963,"included"
"SSR_76","SSR_76_d5","Ribosome biogenesis","Mortality","D5",5,4,"M4",-0.607020402449263,19.081087962963,"否","肺","lung infection",1,1,19.081087962963,"included"
"SSR_77","SSR_77_d5","PRR/TLR/TNF/NF-kB signaling","Survival","D5",5,4,"M1",-0.59042985226987,10.3195833333333,"是","腹腔","non-lung infection",0,0,28,"included"
"SSR_77","SSR_77_d5","Phagolysosome/autophagy","Survival","D5",5,4,"M2",-0.566019302628981,10.3195833333333,"是","腹腔","non-lung infection",0,0,28,"included"
"SSR_77","SSR_77_d5","Type I interferon response","Survival","D5",5,4,"M3",-0.393705832461621,10.3195833333333,"是","腹腔","non-lung infection",0,0,28,"included"
"SSR_77","SSR_77_d5","Ribosome biogenesis","Survival","D5",5,4,"M4",-0.0786860223151383,10.3195833333333,"是","腹腔","non-lung infection",0,0,28,"included"
"SSR_78","SSR_78_d5","PRR/TLR/TNF/NF-kB signaling","Survival","D5",5,4,"M1",-0.595436400358748,87.4760416666667,"是","呼吸道","lung infection",0,0,28,"included"
"SSR_78","SSR_78_d5","Phagolysosome/autophagy","Survival","D5",5,4,"M2",-0.629097026206703,87.4760416666667,"是","呼吸道","lung infection",0,0,28,"included"
"SSR_78","SSR_78_d5","Type I interferon response","Survival","D5",5,4,"M3",-0.396871853975582,87.4760416666667,"是","呼吸道","lung infection",0,0,28,"included"
"SSR_78","SSR_78_d5","Ribosome biogenesis","Survival","D5",5,4,"M4",-0.0089626028846112,87.4760416666667,"是","呼吸道","lung infection",0,0,28,"included"
"SSR_79","SSR_79_d5","PRR/TLR/TNF/NF-kB signaling","Survival","D5",5,4,"M1",-0.148781931081264,15.8494212962963,"是","右侧肺","lung infection",0,0,28,"included"
"SSR_79","SSR_79_d5","Phagolysosome/autophagy","Survival","D5",5,4,"M2",-0.241024002824667,15.8494212962963,"是","右侧肺","lung infection",0,0,28,"included"
"SSR_79","SSR_79_d5","Type I interferon response","Survival","D5",5,4,"M3",-0.420265893823744,15.8494212962963,"是","右侧肺","lung infection",0,0,28,"included"
"SSR_79","SSR_79_d5","Ribosome biogenesis","Survival","D5",5,4,"M4",-0.533545736312468,15.8494212962963,"是","右侧肺","lung infection",0,0,28,"included"
"SSR_8","SSR_8_d5","PRR/TLR/TNF/NF-kB signaling","Survival","D5",5,4,"M1",-0.600635924470677,8.12708333333333,"是","肺部？尿路？","lung infection",0,0,28,"included"
"SSR_8","SSR_8_d5","Phagolysosome/autophagy","Survival","D5",5,4,"M2",-0.668690039797777,8.12708333333333,"是","肺部？尿路？","lung infection",0,0,28,"included"
"SSR_8","SSR_8_d5","Type I interferon response","Survival","D5",5,4,"M3",-0.539273786657705,8.12708333333333,"是","肺部？尿路？","lung infection",0,0,28,"included"
"SSR_8","SSR_8_d5","Ribosome biogenesis","Survival","D5",5,4,"M4",0.236796794810179,8.12708333333333,"是","肺部？尿路？","lung infection",0,0,28,"included"
"SSR_81","SSR_81_d5","PRR/TLR/TNF/NF-kB signaling","Survival","D5",5,4,"M1",0.338804378820435,6.73194444444444,"是","泌尿道","non-lung infection",0,0,28,"included"
"SSR_81","SSR_81_d5","Phagolysosome/autophagy","Survival","D5",5,4,"M2",0.107102451210949,6.73194444444444,"是","泌尿道","non-lung infection",0,0,28,"included"
"SSR_81","SSR_81_d5","Type I interferon response","Survival","D5",5,4,"M3",0.177282833659843,6.73194444444444,"是","泌尿道","non-lung infection",0,0,28,"included"
"SSR_81","SSR_81_d5","Ribosome biogenesis","Survival","D5",5,4,"M4",-0.579268568721073,6.73194444444444,"是","泌尿道","non-lung infection",0,0,28,"included"
"SSR_9","SSR_9_d5","PRR/TLR/TNF/NF-kB signaling","Survival","D5",5,4,"M1",-0.263873670784779,15.3805555555556,"是","颈部脓肿","non-lung infection",0,0,28,"included"
"SSR_9","SSR_9_d5","Phagolysosome/autophagy","Survival","D5",5,4,"M2",-0.208748174374112,15.3805555555556,"是","颈部脓肿","non-lung infection",0,0,28,"included"
"SSR_9","SSR_9_d5","Type I interferon response","Survival","D5",5,4,"M3",0.147821191214968,15.3805555555556,"是","颈部脓肿","non-lung infection",0,0,28,"included"
"SSR_9","SSR_9_d5","Ribosome biogenesis","Survival","D5",5,4,"M4",-0.12704600039935,15.3805555555556,"是","颈部脓肿","non-lung infection",0,0,28,"included"
"SSR_90","SSR_90_d5","PRR/TLR/TNF/NF-kB signaling","Survival","D5",5,4,"M1",-0.621550264427196,26.4729166666667,"是","颏下、咽旁、颌下间隙","non-lung infection",0,0,28,"included"
"SSR_90","SSR_90_d5","Phagolysosome/autophagy","Survival","D5",5,4,"M2",-0.575524770492067,26.4729166666667,"是","颏下、咽旁、颌下间隙","non-lung infection",0,0,28,"included"
"SSR_90","SSR_90_d5","Type I interferon response","Survival","D5",5,4,"M3",-0.447774952696945,26.4729166666667,"是","颏下、咽旁、颌下间隙","non-lung infection",0,0,28,"included"
"SSR_90","SSR_90_d5","Ribosome biogenesis","Survival","D5",5,4,"M4",0.416117603760029,26.4729166666667,"是","颏下、咽旁、颌下间隙","non-lung infection",0,0,28,"included"
"SSR_94","SSR_94_d5","PRR/TLR/TNF/NF-kB signaling","Survival","D5",5,4,"M1",-0.358340898748881,11.6909722222222,"是","腹腔","non-lung infection",0,0,28,"included"
"SSR_94","SSR_94_d5","Phagolysosome/autophagy","Survival","D5",5,4,"M2",-0.403810971057154,11.6909722222222,"是","腹腔","non-lung infection",0,0,28,"included"
"SSR_94","SSR_94_d5","Type I interferon response","Survival","D5",5,4,"M3",-0.0364404702772191,11.6909722222222,"是","腹腔","non-lung infection",0,0,28,"included"
"SSR_94","SSR_94_d5","Ribosome biogenesis","Survival","D5",5,4,"M4",0.522002255284219,11.6909722222222,"是","腹腔","non-lung infection",0,0,28,"included"
"SSR_95","SSR_95_d5","PRR/TLR/TNF/NF-kB signaling","Survival","D5",5,4,"M1",-0.449766789952616,22.0159722222222,"是","胆管","non-lung infection",0,0,28,"included"
"SSR_95","SSR_95_d5","Phagolysosome/autophagy","Survival","D5",5,4,"M2",-0.337954868089608,22.0159722222222,"是","胆管","non-lung infection",0,0,28,"included"
"SSR_95","SSR_95_d5","Type I interferon response","Survival","D5",5,4,"M3",-0.393480959242424,22.0159722222222,"是","胆管","non-lung infection",0,0,28,"included"
"SSR_95","SSR_95_d5","Ribosome biogenesis","Survival","D5",5,4,"M4",0.157082753396086,22.0159722222222,"是","胆管","non-lung infection",0,0,28,"included"
