HumanID,SampleID,Timepoint,Mortality28d,Gender,Age,CenterGroup,PneumoniaTypeGroup,CCI,SOFA_24h,Immunosuppression,MV,Neutrophils,Monocytes,CD4+ T-cells,CD8+ T-cells,B-cells,NK cells,xCell_PC1,xCell_PC2,xCell_PC3,Module1_PRR_TLR_TNF_NFkB,Module2_Phagolysosome_Autophagy,Module3_IFN_I_Response,Module4_Ribosome_Biogenesis,Age_z,CCI_z,SOFA_24h_z,Module1_PRR_TLR_TNF_NFkB_z,Module2_Phagolysosome_Autophagy_z,Module3_IFN_I_Response_z,Module4_Ribosome_Biogenesis_z
HNSR_024,HNSR_024_D1,D1,0,M,42,Provincial,non-CAP,3,11,0,1,0.216385793031112,0.387784088355754,0.0,8.01424041271361e-19,0.0,3.88604633564365e-18,-1.07729763708671,-0.284287715024719,-0.77685093566325,0.158283591447854,0.362987886185798,-0.155511374165341,0.11217322882012,-1.63057542176967,0.296653956035478,0.990004298828117,0.415843143884067,0.910076172052341,-0.330138563065891,0.234224131109868
HNSR_031,HNSR_031_D1,D1,0,M,75,Provincial,CAP,2,8,0,1,0.18134982369217,0.316740852534654,0.0,0.00525014208440866,0.0700938887712668,0.0500680403654978,0.172191883272986,-0.11639932430157,0.970792726348597,0.179274930661503,0.0324540011981052,0.0322924918133233,0.362074911820774,0.53745790742947,-0.165357112530887,0.0706885660554489,0.468515192523832,0.0965500885334927,0.145582943094474,0.790051603272726
HNSR_032,HNSR_032_D1,D1,0,F,36,Provincial,CAP,1,3,0,1,0.203805593290898,0.354484687554457,0.0106878318863979,0.0462153752030105,0.127327363192639,0.00174881067211618,0.142653934794582,0.00296344282246133,-1.10989397759269,-0.0717350664609665,0.133920535934663,-0.223477882782961,0.61342156117678,-2.02476329980588,-0.627368181097252,-1.461504321899,-0.16132603117977,0.346284461805191,-0.502302909521404,1.34909294733517
HNSR_033,HNSR_033_D1,D1,0,F,68,Provincial,CAP,0,3,0,1,0.15808671758776,0.291165966354344,0.0271083236865931,0.0485213936159973,0.156666999161591,0.0115956715210591,1.36276358268636,0.65739507848237,-1.21568516756328,-0.370102057160517,-0.260633197531653,-0.433749772359215,0.638805973313927,0.0775720497205614,-1.08937924966362,-1.461504321899,-0.909996732304381,-0.624810388384051,-1.03493763187459,1.40555256561831
HNSR_044,HNSR_044_D1,D1,0,M,66,Provincial,non-CAP,4,7,0,1,0.22009530623344,0.283754625164031,0.0,1.28812796866561e-19,0.00837184797609485,1.76706522974036e-19,-0.665093324864185,0.363157904276717,0.263879002605562,0.388160024925043,0.476608004427909,0.0698334161394712,-0.62786441967885,-0.0538239096248412,0.758665024601843,-0.235750011535441,0.992655445472399,1.18972353651512,0.24067696562709,-1.41175620216164
HZSY_001,HZSY_001_D1,D1,0,F,80,NonProvincial,CAP,2,3,0,0,0.209049623749816,0.337828562493936,0.0,9.24633608925784e-19,0.096061582697878,0.0398585621272535,-0.253808324476399,-0.15979352962569,0.521880565756157,-0.127310057255923,-0.114900257596279,-0.134401437443605,0.640508930366235,0.865947805792977,-0.165357112530887,-1.461504321899,-0.300776334398304,-0.26612538436479,-0.276665484437386,1.40934025645024
HZSY_002,HZSY_002_D1,D1,0,F,84,NonProvincial,CAP,3,7,0,1,0.221117283780566,0.391840540131489,8.55181065882963e-19,0.0,0.05890695086592,0.0112371604375797,-0.909397455000367,-0.284813154433201,-0.607219184108515,0.376429682256039,0.320630796723516,0.169796717214069,-0.389896202648808,1.12873972448378,0.296653956035478,-0.235750011535441,0.963221345373576,0.805824842114441,0.493891626039736,-0.882470961107208
HZSY_003,HZSY_003_D1,D1,0,M,50,NonProvincial,CAP,3,7,0,1,0.178781327824288,0.41900854236814,0.0,0.00587076219861102,0.226552756976814,0.0,-0.215353706157314,0.802793603161212,-1.10403368057696,-0.112005571028318,-0.319515346669191,0.44347668827932,0.496276352952041,-1.10499158438806,0.296653956035478,-0.235750011535441,-0.262373894478564,-0.769733999404499,1.18714385150711,1.0885403804948
HZSY_005,HZSY_005_D1,D1,0,M,67,NonProvincial,CAP,1,3,0,1,0.21322152438275,0.289870723957794,1.7015232674248e-19,0.0855455594007337,0.0309393651162817,0.112790185328921,1.06403731720705,-2.35144092666428,2.3991713159118,-0.438374330245157,-0.324119913309512,-0.446194449322239,0.36969982292517,0.0118740700478601,-0.627368181097252,-1.461504321899,-1.08130740724804,-0.781066982905847,-1.06646094710391,0.807010813045682
HZSY_008,HZSY_008_D1,D1,0,F,51,NonProvincial,non-CAP,2,7,0,0,0.203379992578235,0.348928147325871,4.39176003121162e-18,0.0271800433051127,0.126869096144564,0.0520843081767015,0.169960427936826,-0.542723608670204,0.628202959720692,0.37357906524918,0.519845679709957,0.253302393387473,-0.365478870931204,-1.03929360471536,-0.165357112530887,-0.235750011535441,0.956068498377468,1.29614220712729,0.705417868245339,-0.828162308189803
HZSY_009,HZSY_009_D1,D1,0,M,68,NonProvincial,CAP,3,12,1,0,6.1435340232106e-18,0.0157180220660312,0.0379723192834821,0.0147231288658345,0.994241354585774,7.20374980816235e-18,5.98679539414606,8.00990518652929,0.702356184952128,-0.444011604121194,-0.308511222211608,-0.432196422718011,0.526951883498574,0.0775720497205614,0.296653956035478,1.29644287641901,-1.09545261069467,-0.74265011276194,-1.03100287884352,1.1567684228041
HZSY_011,HZSY_011_D1,D1,0,M,79,NonProvincial,non-CAP,2,8,0,1,0.189792789629413,0.364279522427633,1.63772392824405e-17,2.47964580639086e-18,0.0677869583068956,3.8076326440281e-20,-0.545664981042405,0.405911475229686,-0.525773283040529,0.159364084601436,0.404616762935478,-0.0805627484819987,-0.341028954433802,0.800249826120276,-0.165357112530887,0.0706885660554489,0.418554347174203,1.01253518942273,-0.140287981934725,-0.773781180707327
HZSY_012,HZSY_012_D1,D1,0,F,72,NonProvincial,CAP,3,6,1,0,0.119150114872842,0.164199638783648,4.03668794135365e-18,8.90211422909084e-18,0.00856783516524022,0.0,0.841589218954924,2.04102886131231,1.57591206525024,-0.599620824572486,-0.576978008929076,-0.452906554506442,0.670856813288677,0.340363968411367,0.296653956035478,-0.54218858912633,-1.48591156831454,-1.40341363345599,-1.08346322110448,1.47683954996333
HZSY_013,HZSY_013_D1,D1,0,M,82,NonProvincial,CAP,3,2,0,1,0.201547139649431,0.406884199505506,0.0,0.0124287573433581,0.0768756993068721,0.0,-0.705914155634708,-0.0621081697534979,-0.982564902229041,-0.295509981164774,-0.355189764258297,-0.330333905394154,0.447082283940796,0.99734376513838,0.296653956035478,-1.76794289948989,-0.722828233191462,-0.857537612108721,-0.772977358921066,0.979123690316476
HZSY_014,HZSY_014_D1,D1,0,F,48,NonProvincial,non-CAP,1,9,0,1,0.205249544530951,0.330999874363298,0.0,0.0220052895956149,0.048320587331235,3.8361511409737e-19,-0.415611390167545,0.144680345492546,-0.227679107147595,-0.288451903607775,-0.193588142362724,-0.594308469065879,-0.094815056013201,-1.23638754373346,-0.627368181097252,0.377127143646338,-0.705117909871844,-0.459795835782538,-1.4416450477545,-0.226156022175973
HZSY_015,HZSY_015_D1,D1,0,M,68,NonProvincial,CAP,3,7,0,1,0.219140040773754,0.275115090879633,5.82917308034018e-18,0.0,0.0260218490655034,3.88154146036211e-18,-0.576213435538472,0.503162125981579,0.34813077208848,0.479798903253066,0.51491012079232,0.472157439220701,-0.638648936795739,0.0775720497205614,0.296653956035478,-0.235750011535441,1.22259825223952,1.28399456932492,1.25979437957023,-1.43574295893576
HZSY_016,HZSY_016_D1,D1,0,M,76,NonProvincial,non-CAP,1,4,0,0,0.214193476821307,0.365285831425931,3.19402251173277e-18,0.0043518944995936,0.0475841220831927,0.0624398422733629,-0.326300697409109,-1.02070944328298,0.703452950714911,0.381816061293596,0.489866341367487,0.0889485418418306,-0.476170437505677,0.603155887102172,-0.627368181097252,-1.15506574430811,0.976736996555752,1.22235560062205,0.289097035907241,-1.07436078472697
HZSY_017,HZSY_017_D1,D1,0,M,69,NonProvincial,non-CAP,0,13,0,1,0.188539702304809,0.335977466466924,5.38579794422236e-18,1.8617446464013e-18,0.036021369594187,0.0,-0.49506503927713,0.453388494064487,-0.233057234978619,0.424210901110261,0.531316976667799,-0.0486353517725183,-0.529354593158052,0.143270029393263,-1.08937924966362,1.6028814540099,1.08311530058728,1.32437592146294,-0.0594134526950605,-1.19265216412236
HZSY_018,HZSY_018_D1,D1,0,M,73,NonProvincial,non-CAP,6,10,0,1,0.218219931592706,0.346918462011492,1.39563948215913e-17,1.72016928870019e-17,0.069095909951177,0.0,-0.756284225647205,0.255806569697305,-0.382206098157193,0.148162220426373,0.279016008843531,-0.411921138054054,-0.596059629949763,0.406061948084068,1.68268716173457,0.683565721237228,0.390446319921643,0.703400500955796,-0.979644037491107,-1.34101647898122
HZSY_022,HZSY_022_D1,D1,0,M,61,NonProvincial,CAP,2,9,0,1,0.196412917061551,0.333463216357334,0.0,1.51059535297251e-18,0.00309817202013593,0.0,-0.645234918944425,0.251284251196684,-0.209405527816602,0.407674389041194,0.381205844969444,0.567370933675986,-0.605114954376454,-0.382313807988348,-0.165357112530887,0.377127143646338,1.041621427368,0.954915098807215,1.50097741780548,-1.36115719202191
JXSY_020,JXSY_020_D1,D1,0,M,81,NonProvincial,CAP,3,5,0,1,0.203804882036929,0.354793812862587,1.40037035791325e-17,1.7535169766627e-18,0.0,0.0,-0.815025845952105,0.0368865671157599,-0.431346205019901,0.104814737786751,0.496513748749936,-0.418957634284291,-0.415148184202235,0.931645785465678,0.296653956035478,-0.84862716671722,0.281677618183882,1.23871652317496,-0.997468018735031,-0.938636029326887
JXSY_021,JXSY_021_D1,D1,0,M,57,NonProvincial,CAP,0,8,0,1,0.206792472527961,0.3509516962768,0.00332104222626291,0.00435251479623302,0.0684675109901762,0.0291199645844082,-0.330193586122915,-0.226790611689068,-0.0233268306150801,0.543436936856776,0.450121612945335,0.662969350779732,0.00132410268797073,-0.645105726679153,-1.08937924966362,0.0706885660554489,1.38228056536865,1.12453394080947,1.74313549444649,-0.0123247869673794
JXSY_022,JXSY_022_D1,D1,0,M,57,NonProvincial,non-CAP,2,7,1,1,0.208141376518238,0.374905497933891,0.0,2.54691838824433e-18,0.0484200227577721,0.0364672551069818,-0.541457186825075,-0.533203294629979,0.0910773689595996,0.486884747376124,0.320204277118297,0.641200515956583,-0.385047135286221,-0.645105726679153,-0.165357112530887,-0.235750011535441,1.24037824819427,0.804775071305041,1.68799337670861,-0.871685740207006
JXSY_024,JXSY_024_D1,D1,0,M,78,NonProvincial,CAP,1,10,0,1,0.209733783328641,0.37639129277365,0.0,0.0,0.0565434042670631,3.79118738650687e-18,-0.823614782268534,0.0965489523912068,-0.666869611581845,0.259046981532603,0.337426130807819,-0.32769649947784,-0.483684817075363,0.734551846447574,-0.627368181097252,0.683565721237228,0.668681427789296,0.847162335725731,-0.766296608722837,-1.0910741519638
JXSY_026,JXSY_026_D1,D1,0,M,75,NonProvincial,CAP,1,6,0,1,0.193985450607537,0.298229215346527,5.09269297410784e-18,0.0,0.019955121708721,2.26303076257884e-18,-0.433935570555995,0.566347680101464,0.144139162738283,0.292957094454086,0.482381577761851,-0.291877267510092,0.147180878201553,0.53745790742947,-0.627368181097252,-0.54218858912633,0.753769620543521,1.20393373618178,-0.675563764154342,0.312087605370642
JXSY_027,JXSY_027_D1,D1,0,M,58,NonProvincial,CAP,0,7,0,1,0.148363702632981,0.314403647323113,0.0,0.0335773888196808,0.120945402547251,0.130360829668627,1.50834450196318,-1.24069714081533,2.61687360880058,-0.141329545048303,-0.167128031290088,0.178465676018713,0.632111558193304,-0.579407747006452,-1.08937924966362,-0.235750011535441,-0.335954420721862,-0.394670922700792,0.5158507594042,1.39066295067284
JXSY_028,JXSY_028_D1,D1,0,M,82,NonProvincial,CAP,3,6,0,1,0.206588756494641,0.296651204471114,0.0,0.00589195325879209,0.0670594608184017,0.059969100328434,0.0758644996748137,-0.413882667911022,1.3462708097115,0.179398113347405,-0.121004418617864,-0.254871434297818,0.420703147446964,0.99734376513838,0.296653956035478,-0.54218858912633,0.468824285924561,-0.281149242536679,-0.581825168195608,0.920451621448627
JXSY_029,JXSY_029_D1,D1,0,M,62,NonProvincial,CAP,3,11,0,1,0.203750027906655,0.400919666408839,0.0,0.0,0.0,0.0,-1.00456949628784,-0.2486074354155,-0.895297633164934,0.355582972748429,0.527506935579096,-0.0110606708972275,-0.179246355781996,-0.316615828315646,0.296653956035478,0.990004298828117,0.910912205590349,1.31499846291567,0.0357660777493188,-0.413946817973818
JXSY_030,JXSY_030_D1,D1,0,F,73,NonProvincial,CAP,2,5,0,1,0.217954212089678,0.279663566098162,0.0,2.50168789893505e-19,0.0245277236712058,0.0886970266081208,0.0946451808234892,-1.02378639289275,2.10279314017834,0.517570975303628,0.551484281140638,0.483847277383856,-0.456480146837615,0.406061948084068,-0.165357112530887,-0.84862716671722,1.31737697960048,1.37401267269506,1.28940563058877,-1.03056594366481
JXSY_031,JXSY_031_D1,D1,0,M,85,NonProvincial,CAP,1,8,0,1,0.205387537450908,0.370126424611472,1.32120663303315e-18,8.41604730775214e-18,0.00260561239920576,8.75221954762808e-18,-0.88765569631953,-0.0614005153998458,-0.587847657828773,0.488515423790598,0.581209333798546,0.216210526897702,-0.302754650668342,1.19443770415648,-0.627368181097252,0.0706885660554489,1.24446998653191,1.44717341889837,0.611461343437603,-0.688652064107126
JXSY_032,JXSY_032_D1,D1,0,M,41,NonProvincial,CAP,6,2,1,0,0.172745300346168,0.289436240556401,0.0,0.145738018536658,0.202388665230291,0.0948903747992635,2.29589065822507,-1.56964169314452,1.98281827218037,-0.540443662257454,-0.642601881730193,-0.455598893766469,0.726724519979586,-1.69627340144237,1.68268716173457,-1.76794289948989,-1.33742259673935,-1.56493030285048,-1.09028312164913,1.60109964222314
JXSY_034,JXSY_034_D1,D1,0,M,37,NonProvincial,CAP,0,5,0,0,0.203454054475392,0.343599602314479,0.0,0.0164039324880021,0.0859230444418281,0.0379518649089109,-0.114846330985871,-0.333929269291772,0.415442440464993,0.501512803013674,0.582908523092072,0.407892011574202,-0.27415049005051,-1.95906532013318,-1.08937924966362,-0.84862716671722,1.27708336977819,1.45135554628047,1.0970051532957,-0.625031130871922
JXSY_035,JXSY_035_D1,D1,0,M,49,NonProvincial,CAP,0,8,0,1,0.206667960065983,0.290790768393091,1.03424805563866e-17,0.0250958905717583,0.0134553754865848,0.0632798866890017,0.163266126512576,-0.878351552361576,1.46254742221308,0.316686287268054,0.255522986375697,-0.0162200388603984,-0.427001020422617,-1.17068956406076,-1.08937924966362,0.0706885660554489,0.81331156712247,0.645578330744748,0.0226970054728512,-0.96499892498741
JXSY_036,JXSY_036_D1,D1,0,M,61,NonProvincial,CAP,0,8,0,0,0.218817658998397,0.329175702706202,0.0,6.14510364873783e-18,0.0157524877519943,1.36679467397789e-17,-0.821188578464705,0.125809940117351,-0.193202342333302,0.483737188126058,0.548551412408027,0.470383689292645,-0.510223752141878,-0.382313807988348,-1.08937924966362,0.0706885660554489,1.23248030551283,1.36679415343914,1.25530133581456,-1.1501016423544
JXSY_038,JXSY_038_D1,D1,0,M,62,NonProvincial,CAP,3,6,1,0,0.207968001009027,0.327764161848492,1.69406653806711e-19,1.55202563356405e-18,0.0712788576372606,0.013059620735664,-0.468685730213687,0.257873145899386,0.0859882952800649,0.430467058974142,0.401991032062963,0.19481064511903,-0.525073978428957,-0.316615828315646,0.296653956035478,-0.54218858912633,1.09881342484464,1.00607261281528,0.557253811881463,-1.1831312868093
JXSY_039,JXSY_039_D1,D1,0,M,70,NonProvincial,CAP,4,6,1,0,0.207681101629264,0.269479784787192,0.0,1.37268593730989e-19,0.0708715660534566,0.0539298324300119,0.0873656564187911,-0.0725040939697359,1.5015747099524,-0.132155458625802,0.0432446116267843,-0.376761798353355,-0.369999002922173,0.208968009065964,0.758665024601843,-0.54218858912633,-0.312934549461948,0.123108464057224,-0.890582750329316,-0.838215916105586
JXSY_044,JXSY_044_D1,D1,0,F,77,NonProvincial,CAP,2,5,1,1,0.189784724093506,0.386116411597937,2.222113236381e-18,9.46661504331452e-18,0.0219116598453243,0.0,-0.749119695201336,0.0689433331966502,-0.735834395916826,0.376125147137055,0.346131098098601,0.552922327303053,-0.412393585984923,0.668853866774873,-0.165357112530887,-0.84862716671722,0.962457197434448,0.868587424858403,1.46437799664963,-0.932509294422309
JXSY_046,JXSY_046_D1,D1,0,M,61,NonProvincial,CAP,0,7,0,0,0.199933532526345,0.279036491842631,0.0,0.00125187838033176,0.0263982228139438,7.77141940599526e-20,-0.387444644989856,0.644954625708436,0.328051257462109,0.534245852416341,0.560002215613899,0.524975085732829,-0.448786198785809,-0.382313807988348,-1.08937924966362,-0.235750011535441,1.35921804221224,1.39497742755509,1.39358550372871,-1.01345318297733
JXSY_047,JXSY_047_D1,D1,0,M,67,NonProvincial,CAP,1,8,0,1,0.218698515603209,0.361818981123621,1.76338569165417e-20,0.0,0.0453253129149041,1.73309534269177e-17,-0.881329552041951,0.0544969066111262,-0.527643661425468,0.492547174291148,0.463204391709828,0.574425714545415,-0.664921952050947,0.0118740700478601,-0.627368181097252,0.0706885660554489,1.25458656634166,1.15673391259215,1.51884771543405,-1.49417899458006
JXSY_048,JXSY_048_D1,D1,0,M,70,NonProvincial,CAP,1,11,0,1,0.18029159219008,0.315847789151653,2.16893761385758e-17,0.0,1.29113581019739e-18,0.0,-0.418448464067618,0.496326999245206,-0.0140816202534797,0.244623489595658,0.28289915719847,-0.0703751564012869,-0.147462239620227,0.208968009065964,-0.627368181097252,0.990004298828117,0.632489603097898,0.712957894664564,-0.114482034738014,-0.343253076623223
JXSY_050,JXSY_050_D1,D1,0,M,65,NonProvincial,CAP,4,8,1,1,0.188034431253287,0.370853419903899,4.30643294486754e-18,2.4973527887305e-19,0.0,0.0,-0.722876113705068,0.0834934185308231,-0.575810733291079,0.457297113635912,0.43659895973014,0.343972837558344,-0.415265604224361,-0.119521889297542,0.758665024601843,0.0706885660554489,1.16613613969237,1.09125132862177,0.935093013857604,-0.938897193130572
JXSY_052,JXSY_052_D1,D1,0,M,76,NonProvincial,CAP,2,5,0,1,0.215165184682717,0.39648672998528,1.94385811600941e-18,8.91310933147517e-19,0.0298558461244163,0.00120233334340923,-1.01777837396162,-0.216079491511402,-0.844939038717016,0.341469941070037,0.222252826606167,0.466753758547502,-0.30371139950959,0.603155887102172,-0.165357112530887,-0.84862716671722,0.875499396362081,0.56369219439186,1.24610644457875,-0.690780050135633
JXSY_053,JXSY_053_D1,D1,0,F,56,NonProvincial,CAP,1,4,0,0,0.215588381680456,0.411144327566249,1.84608465573385e-18,0.0039022579714841,0.0642752002986318,0.0,-0.971678841280832,-0.181557379850144,-1.02869463561628,0.175222548640291,0.274779248598665,-0.0184138637062142,-0.18225747820612,-0.710803706351854,-0.627368181097252,-1.15506574430811,0.458346843532101,0.692972780454636,0.0171398799341145,-0.420644110065962
JXSY_054,JXSY_054_D1,D1,0,M,54,NonProvincial,CAP,1,8,0,1,0.196229783410544,0.332429285372488,0.0,0.00607165866731114,0.0152972776768304,0.044081798679198,-0.216140126866129,-0.499924491434932,0.68601630293492,-0.0183103902046338,-0.0854508277978752,-0.0253178297023749,0.351203936291523,-0.842199665697257,-0.627368181097252,0.0706885660554489,-0.0272713566448755,-0.193643014556773,-0.000348392125985888,0.765872547030227
JXSY_055,JXSY_055_D1,D1,0,M,56,NonProvincial,CAP,1,5,0,0,0.204304744448952,0.39597469263667,9.28073540175903e-18,2.63061119700753e-18,0.0134956795625776,0.0166887545382119,-0.828149950646785,-0.446596699108877,-0.510522280700834,0.492713279508292,0.52794792680822,0.13577817216458,-0.471796956725634,-0.710803706351854,-0.627368181097252,-0.84862716671722,1.25500336214433,1.31608385199011,0.407720058676125,-1.06463335617453
LSRM_011,LSRM_011_D1,D1,0,M,67,NonProvincial,non-CAP,2,8,0,1,0.185776271124024,0.376559589081064,0.0,0.0389558121177495,0.00785621188491584,0.0055479027927212,-0.314208218343171,-0.413086453760328,-0.56240539968494,-0.179120016059771,-0.0547681224373373,-0.044195121912565,0.607833166104976,0.0118740700478601,-0.165357112530887,0.0706885660554489,-0.430779315264151,-0.118125246916549,-0.0481660120437845,1.33666332513771
LSRM_014,LSRM_014_D1,D1,0,M,84,NonProvincial,CAP,2,10,0,1,0.210513994156471,0.383522192889444,6.57743947938991e-19,0.0,0.0246889931794779,0.0,-0.939675611884381,-0.0949134617114171,-0.732782228129051,0.345397306074455,0.459996587783662,0.263976354835786,-0.279896232387433,1.12873972448378,-0.165357112530887,0.683565721237228,0.8853540491993,1.14883870945784,0.732455826119252,-0.637810722431626
LXZY_010,LXZY_010_D1,D1,0,M,72,NonProvincial,CAP,1,9,0,1,0.185266105398043,0.359320586405242,6.90950568442095e-18,9.26597001753841e-19,0.0562193565435821,0.0114440190911306,-0.420493944989844,0.233829631480858,-0.236470923611173,0.194596162932918,0.138356939530331,0.149782019504756,0.57616114826253,0.340363968411367,-0.627368181097252,0.377127143646338,0.506959652079628,0.357203554237203,0.443192871304301,1.26621891114144
LXZY_012,LXZY_012_D1,D1,0,F,73,NonProvincial,CAP,3,10,0,1,0.203370741148801,0.349501938923517,0.0,0.0307948279129141,0.0399900082232664,0.0201630943919448,-0.260324577342504,-0.426311397304766,-0.0106976851947308,0.525206813968779,0.522092552781644,0.18651858595827,-0.409280387614869,0.406061948084068,0.296653956035478,0.683565721237228,1.33653703706431,1.30167232047782,0.536249394040694,-0.925584966584293
LXZY_013,LXZY_013_D1,D1,0,F,82,NonProvincial,CAP,5,6,0,1,0.21482722560977,0.42150699843066,0.0,1.14263100117819e-19,0.0587650083084949,0.0,-1.05518564756209,-0.220638759537368,-1.12670329136968,0.416255070578492,0.48512013121556,0.275859908236923,-0.376468580389658,0.99734376513838,1.22067609316821,-0.54218858912633,1.06315231068587,1.2106739972167,0.76255777259978,-0.852605450607859
LXZY_014,LXZY_014_D1,D1,0,M,69,NonProvincial,CAP,5,5,0,1,0.216082575057192,0.33740453977838,0.0,0.0414158147730023,0.0110818127892775,0.0328903015125814,-0.217139847432407,-0.927120000352305,0.349797905374199,0.0929579583904682,0.150065156836641,-0.205724381242685,0.293118731956892,0.143270029393263,1.22067609316821,-0.84862716671722,0.251926259553752,0.386020388464485,-0.45733193702119,0.636680330684503
LXZY_015,LXZY_015_D1,D1,0,F,83,NonProvincial,CAP,9,11,0,1,0.177310572716937,0.342725799812044,0.0,0.0124324572730147,0.0613841204750191,8.44318221606446e-20,-0.236478194275842,0.492232554969595,-0.307649876871589,0.299604140211933,0.424222948655268,-0.0458837340858912,0.209217799063652,1.06304174481108,3.06872036743367,0.990004298828117,0.770448571510137,1.0607908878724,-0.052443395377878,0.450069168717926
PHYY_013,PHYY_013_D1,D1,0,M,67,NonProvincial,CAP,1,4,0,0,0.198957659980547,0.352943626711327,0.0,2.01480363424777e-18,0.0607641673765747,0.00618087077172273,-0.56086049379276,0.25562850551984,-0.294848400356415,0.295521109288729,0.421699128378785,0.161738178832541,0.36098507678437,0.0118740700478601,-0.627368181097252,-1.15506574430811,0.760203317446269,1.05457913858349,0.473478734130753,0.787627608979909
PHYY_020,PHYY_020_D1,D1,0,M,79,NonProvincial,CAP,1,8,0,0,0.220407603051127,0.349823953699943,0.0,0.0,0.0315813478122658,6.0290658507767e-19,-0.883070970431827,0.0526182203561889,-0.405952997167328,0.602112744532302,0.657249211703741,0.517362349186097,-0.555734448077888,0.800249826120276,-0.627368181097252,0.0706885660554489,1.52951152402293,1.63432646696111,1.37430186184445,-1.25132583090225
PHYY_021,PHYY_021_D1,D1,0,M,76,NonProvincial,CAP,1,10,0,1,0.182240206286599,0.353391441880817,7.97815262146252e-18,0.0,0.0202871346169971,0.0603520565056254,-0.0788852971365715,-0.688154012579385,0.825854095802637,0.143204777873354,-0.128562371502697,0.529906950472515,0.336893102958959,0.603155887102172,-0.627368181097252,0.683565721237228,0.378006968023996,-0.299751243992739,1.40607829300074,0.734042612072317
PHYY_022,PHYY_022_D1,D1,0,M,72,NonProvincial,non-CAP,8,15,0,1,0.196882377606067,0.348789575969324,0.0,5.4301757129443e-18,0.0,0.0,-0.720779419592985,0.138283853451097,-0.363443914989236,0.430686536994284,0.503419345387486,0.173996917405837,-0.501926665364257,0.340363968411367,2.6067092988673,2.21575860919168,1.09936414516004,1.25571291368759,0.504531053247427,-1.13164738980777
PHYY_027,PHYY_027_D1,D1,0,M,77,NonProvincial,CAP,5,7,0,1,0.176234259500655,0.310770212290751,8.85659354212081e-18,0.00733772475634239,0.108434335452853,0.0,-0.0229671704852295,0.962431432437632,0.0106906742339344,-0.52558954902013,-0.534590453549245,-0.4987506039133,0.709607398574985,0.668853866774873,1.22067609316821,-0.235750011535441,-1.30015024517694,-1.29908731931917,-1.19958969229649,1.56302800458235
PHYY_028,PHYY_028_D1,D1,0,M,40,NonProvincial,non-CAP,8,4,1,1,0.148733599248028,0.285062102249832,0.00615860407444324,0.102964120025582,0.0,0.0483944295882652,1.43964753394287,-0.994637559873069,0.830108718205121,-0.556280378583042,-0.583367526230967,-0.456824978849898,0.673416736280688,-1.76197138111507,2.6067092988673,-1.15506574430811,-1.37716052313392,-1.41913982439214,-1.0933888886126,1.48253329123188
SLTD_010,SLTD_010_D1,D1,0,M,76,Provincial,non-CAP,3,12,0,1,0.226560993263354,0.339639532419722,4.80453846778844e-18,2.4033756046784e-18,0.0240022644780618,0.0,-0.921636852263856,0.0254140354965101,-0.308582907259774,0.578574607737234,0.46219617896345,0.652804105445072,-0.636120876019195,0.603155887102172,0.296653956035478,1.29644287641901,1.47044898048816,1.15425245031501,1.71738615326071,-1.43012008511583
SLTD_012,SLTD_012_D1,D1,0,M,70,Provincial,non-CAP,2,4,0,1,0.190802851543141,0.311285761197639,0.0207022966957612,0.0205199027894652,0.0948714676053407,0.0,0.330352138285931,0.496704192851383,-1.26158742573645,0.249395275402318,0.295534971863618,-0.30237224625804,0.339475979705381,0.208968009065964,-0.165357112530887,-1.15506574430811,0.644463099955284,0.744057776653942,-0.702148345206907,0.739787406727695
SLTD_015,SLTD_015_D1,D1,0,F,60,Provincial,non-CAP,4,8,0,1,0.17056894068777,0.331761103563523,0.0413005867444824,0.0753767582743335,0.0963096919297955,0.0323639976904408,1.60618480585768,-0.704236786217359,-2.08296981178027,-0.477253139396776,-0.503816948827325,-0.339444988451035,0.562276456636517,-0.448011787661049,0.758665024601843,0.0706885660554489,-1.17886318993763,-1.22334607187186,-0.796056426713334,1.23533679400008
SLTD_017,SLTD_017_D1,D1,0,M,77,Provincial,non-CAP,3,9,0,1,0.201850415813819,0.289459815968441,3.17930803863171e-18,0.0426219665699281,0.0618998866820127,0.0656540749453682,0.51157391800002,-0.842886770582523,1.50004202649979,0.407912961206181,0.357692647606882,0.475079183701881,-0.519270890001127,0.668853866774873,0.296653956035478,0.377127143646338,1.04222005923948,0.89704327316343,1.26719538102438,-1.17022414695795
SLTD_019,SLTD_019_D1,D1,0,F,79,Provincial,non-CAP,2,5,0,1,0.207354931517436,0.345468002799931,2.61405751897622e-20,0.024701124648203,0.0905311023810316,0.0249204697945138,-0.176414245008916,-0.230590778450495,0.118117815904655,0.274246188573873,0.288899456151922,-0.0565531604284761,-0.432466986237633,0.800249826120276,-0.165357112530887,-0.84862716671722,0.706819698264344,0.727726122459805,-0.0794698654833347,-0.977156241918649
SLTD_020,SLTD_020_D1,D1,0,M,66,Provincial,CAP,0,6,0,1,0.187399557662391,0.324289047348633,2.52339172301885e-18,1.31399777232859e-18,0.0985193927119171,0.0111796010789296,-0.194880200612158,0.621675867164963,0.0994066141161312,0.369308700981013,0.406338207604698,0.0635655331398381,-0.442235393318076,-0.0538239096248412,-1.08937924966362,-0.54218858912633,0.945353182305773,1.01677209281857,0.224799940276817,-0.998882982408693
SLTD_021,SLTD_021_D1,D1,0,M,68,Provincial,CAP,1,10,0,1,0.178087212960901,0.391769133899421,0.0,0.0144297739011618,0.048685502656246,0.057475357702489,-0.0184662513334018,-0.87059367161229,0.364256597446159,0.246009968718265,0.0397655837666068,0.507514222877508,0.411976648986968,0.0775720497205614,-0.627368181097252,0.683565721237228,0.635968594840193,0.114545711377121,1.34935580732121,0.90104227805561
SLTD_024,SLTD_024_D1,D1,0,M,88,Provincial,CAP,2,12,0,1,0.213769588653262,0.366610874769893,1.80563658062155e-18,0.0,0.116911748050348,3.71815728139339e-18,-0.674415441767059,0.385129862957841,-0.585490830368194,0.280707988908642,0.182139287622161,0.13797103883771,0.126835721244372,1.39153164317459,-0.165357112530887,1.29644287641901,0.723033826294446,0.464962800075891,0.41327475709042,0.266836220800187
TZEZ_002,TZEZ_002_D1,D1,0,M,88,NonProvincial,CAP,1,4,0,0,0.198445734379141,0.384071436343076,0.0,1.76914314510442e-19,0.0435601305719985,0.0221355008765118,-0.604016941649018,-0.278640549888935,-0.280260203909681,0.434301160960356,0.497107169159118,0.120775409961463,-0.388384631827352,1.39153164317459,-0.627368181097252,-1.15506574430811,1.10843405953842,1.24017707836548,0.369716918566946,-0.879108948580534
TZEZ_015,TZEZ_015_D1,D1,0,M,51,NonProvincial,CAP,0,10,0,1,0.187279827173999,0.34500160017274,0.0,0.0,0.0814677195716443,0.0282343907555167,-0.190221957884075,0.130375995578572,0.240623756074466,0.349652282414966,0.427086384765501,0.261826727209664,0.18431482049576,-1.03929360471536,-1.08937924966362,0.683565721237228,0.896030753457536,1.0678385161791,0.727010655506529,0.394680347560283
TZEZ_022,TZEZ_022_D1,D1,0,M,55,NonProvincial,CAP,1,8,0,1,0.190372419799304,0.379231824044243,9.51228640159225e-18,1.3876241223996e-18,0.0111797591336714,0.0,-0.753208729854501,0.0590116504433702,-0.664968310575072,0.494882396069359,0.42789068958431,0.577894701190323,-0.366350917664304,-0.776501686024555,-0.627368181097252,0.0706885660554489,1.26044616938245,1.06981811034152,1.52763492299747,-0.830101901094688
TZEZ_023,TZEZ_023_D1,D1,0,M,68,NonProvincial,non-CAP,1,4,0,1,0.198164141003639,0.333650215554086,0.0,0.0064486140061056,0.0695985429089682,0.0924979662901778,0.269111815482932,-1.11135599218565,1.64176542637936,-0.425707863717745,-0.509892372334391,-0.402905273777007,-0.190060745998844,0.0775720497205614,-0.627368181097252,-1.15506574430811,-1.04952435928548,-1.23829919987447,-0.956806166125342,-0.438000018036491
TZEZ_024,TZEZ_024_D1,D1,0,M,64,NonProvincial,CAP,0,5,0,1,0.204091705586022,0.320632492725058,0.00984363797912916,0.0637481956698729,0.0574808987372124,0.0753346583564357,0.811073640871814,-1.52900113846529,0.768738049765584,-0.486268467511391,-0.285038800582579,-0.434953579872037,0.48909720393279,-0.185219868970244,-1.08937924966362,-0.84862716671722,-1.20148470046268,-0.684878646337921,-1.03798696805382,1.07257262788211
TZEZ_026,TZEZ_026_D1,D1,0,M,88,NonProvincial,non-CAP,2,3,0,1,0.201898466201146,0.386705139055704,0.0,0.0,0.120295369231902,0.0,-0.629668046998404,0.385447708813231,-0.775476446959993,0.29275654872015,0.134728025102351,-0.207476848244699,-0.490724646610722,1.39153164317459,-0.165357112530887,-1.461504321899,0.753266405644039,0.348271893442034,-0.461771069503102,-1.10673203232744
TZEZ_027,TZEZ_027_D1,D1,0,M,74,NonProvincial,CAP,1,4,0,1,0.141352543041139,0.195681434144503,1.36561600601284e-17,8.98470060939843e-18,0.032190206454778,0.0,0.5473998185282,1.74385278607646,1.23021134320198,-0.0910362068055239,-0.301928097883434,-0.0108282622446015,-0.162960742248225,0.471759927756769,-0.627368181097252,-1.15506574430811,-0.209756986093329,-0.72644740679061,0.0363547865796498,-0.377724607325187
TZEZ_029,TZEZ_029_D1,D1,0,M,79,NonProvincial,CAP,1,10,0,1,0.210238754411931,0.303594805860199,3.86947648223367e-19,0.0771110036468885,0.0299576274679078,0.0738856134570902,0.660890474521839,-1.66236934060248,1.48474887671016,0.310941006617531,0.369488079502846,0.335922777704629,0.37239733935938,0.800249826120276,-0.627368181097252,0.683565721237228,0.798895350091558,0.926074764183161,0.91470159870577,0.813010587527956
TZEZ_030,TZEZ_030_D1,D1,0,M,69,NonProvincial,CAP,1,10,0,1,0.187469721208005,0.345520477455936,1.913916641448e-18,0.072294287751463,0.0545300372711345,0.0904993869444774,0.862194278241235,-1.832563813761,1.42471304848496,0.282513642492523,0.0204271743707227,0.489354028178323,0.641616124574707,0.143270029393263,-0.627368181097252,0.683565721237228,0.727564622182633,0.0669490770474715,1.303354650053,1.41180286074606
TZEZ_031,TZEZ_031_D1,D1,0,F,71,NonProvincial,non-CAP,1,7,0,1,0.214692768534528,0.376284654588835,0.0,0.000663170792174784,0.038180269092941,0.0,-0.912497222917631,-0.0366667222773509,-0.668050848681888,0.287863977346232,0.0727980861822497,0.378007686322343,-0.135258801090923,0.274665988738665,-0.627368181097252,-0.235750011535441,0.740989830302292,0.195846913884772,1.02130587977267,-0.316110376710233
TZEZ_035,TZEZ_035_D1,D1,0,M,83,NonProvincial,CAP,2,3,0,1,0.19524896031926,0.220388333434593,0.0,0.00248605259675737,0.0,0.0555365985098005,0.273609979711892,-0.018589985602982,2.05359789405725,0.032344163550073,0.116706173094298,-0.306934446307196,-0.195707363403942,1.06304174481108,-0.165357112530887,-1.461504321899,0.0998324499316333,0.303915634226996,-0.713704745643498,-0.450559137450418
TZEZ_036,TZEZ_036_D1,D1,0,M,68,NonProvincial,CAP,0,4,0,1,0.192500290668634,0.360744327552694,0.0,0.0250177761446209,3.04222543272221e-20,0.02491094153139,-0.311544391298473,-0.588817374491348,-0.00104950598681237,-0.527457390808375,-0.548012870222895,-0.567082695675464,0.321174776054526,0.0775720497205614,-1.08937924966362,-1.15506574430811,-1.30483708542665,-1.3321232244527,-1.37268008872038,0.699082151602359
TZEZ_038,TZEZ_038_D1,D1,0,M,78,NonProvincial,CAP,3,6,0,1,0.183837349214275,0.330543652927782,1.60417344869359e-19,0.0884676522643582,0.0590190280648585,0.0667769845975437,0.933504297992247,-1.45973810693435,1.07962051948713,-0.566597507390053,-0.636100507932747,-0.429507869639858,0.49608387758741,0.734551846447574,0.296653956035478,-0.54218858912633,-1.40304854794333,-1.54892880526385,-1.02419256898613,1.08811227975498
TZEZ_041,TZEZ_041_D1,D1,0,M,62,NonProvincial,CAP,2,6,1,1,0.213851654463313,0.28456851568787,0.0206389860815552,0.0846456706698491,0.102374169233769,0.0494914420840291,1.1784886982194,-1.05238667114257,-0.0818407892899183,0.290359725442974,0.184469978621973,0.406535184365173,-0.21973829597946,-0.316615828315646,-0.165357112530887,-0.54218858912633,0.747252230419133,0.470699210190213,1.09356820656345,-0.504008367350687
TZEZ_043,TZEZ_043_D1,D1,0,M,82,NonProvincial,CAP,3,2,0,1,0.21471429560527,0.31652549456304,1.21470961013454e-19,0.040885574636854,0.0825045868947587,0.104990973209295,0.608584706707857,-1.68719485503669,2.00918449617962,-0.347627787758814,-0.311408454851613,-0.578896646677442,0.163181404945348,0.99734376513838,0.296653956035478,-1.76794289948989,-0.853603674242608,-0.749780922732464,-1.40260572701903,0.347675730374404
TZEZ_044,TZEZ_044_D1,D1,0,M,67,NonProvincial,CAP,1,5,0,1,0.189164274735076,0.291601674812061,3.42545532735667e-19,0.0,0.0310258214082351,0.0488261725038382,0.0442790442843913,-0.126676746001936,1.20393695614248,0.169693120638451,0.249139059953799,-0.306623620945534,-0.5559059645763,0.0118740700478601,-0.627368181097252,-0.84862716671722,0.444472249934298,0.629865900354525,-0.712917401312581,-1.25170731525483
TZEZ_045,TZEZ_045_D1,D1,0,M,74,NonProvincial,non-CAP,4,6,0,1,0.207370047079446,0.416481422015224,0.000537931863258429,0.0184474529817211,0.0284484411043408,0.0429485125904694,-0.529307957549892,-1.18485334270046,-0.243047833935641,-0.320689124270397,-0.39613265586845,-0.285863601838683,0.564024465744976,0.471759927756769,0.758665024601843,-0.54218858912633,-0.786008435124678,-0.958308249469501,-0.660330690671858,1.23922468892102
TZEZ_046,TZEZ_046_D1,D1,0,M,43,NonProvincial,CAP,0,6,0,1,0.209716145570436,0.293002755640696,8.54358309031694e-18,0.0,0.0400647700883706,1.7001348931804e-17,-0.520560509610528,0.541330063350925,0.175459781846695,0.391116174940631,0.481679351675115,0.0617032094044914,-0.658606435182275,-1.56487744209697,-1.08937924966362,-0.54218858912633,1.00007309881136,1.20220538316252,0.220082532316547,-1.48013211928748
TZEZ_048,TZEZ_048_D1,D1,0,F,85,NonProvincial,CAP,2,5,0,1,0.206783802141978,0.392984750279842,8.01162650045823e-18,2.52596486894557e-18,0.0083856036853946,6.26980053982619e-19,-0.981572666334849,-0.190669994417226,-0.82051774749538,0.180185796214292,-0.0802418368134565,0.546612707514912,-0.301603580621236,1.19443770415648,-0.165357112530887,-0.84862716671722,0.47080076154887,-0.180822392444771,1.44839524883306,-0.686091871847182
TZEZ_049,TZEZ_049_D1,D1,0,M,57,NonProvincial,CAP,3,3,0,0,0.173007461195583,0.329259222609912,0.00971771456888173,0.0493923735435021,0.0734308264656167,0.0451095705922515,0.764303358314257,-0.555506978140303,0.122528536993071,-0.509139133384882,-0.58018511687293,-0.30213472062038,0.574694345091657,-0.645105726679153,0.296653956035478,-1.461504321899,-1.25887240750945,-1.41130712360477,-0.701546674663489,1.26295647013329
TZEZ_050,TZEZ_050_D1,D1,0,F,73,NonProvincial,CAP,1,7,0,1,0.224126089580372,0.300403715911446,1.10101322424335e-18,4.77622534523544e-19,0.0949723140258601,3.42565848325475e-18,-0.559840707923985,0.603212319763843,0.0739005034610591,0.161608735979393,0.12282261500954,-0.256104738321812,-0.402596631345765,0.406061948084068,-0.627368181097252,-0.235750011535441,0.424186688462947,0.318969718732016,-0.584949221285733,-0.91071905889211
TZEZ_051,TZEZ_051_D1,D1,0,M,55,NonProvincial,CAP,0,7,0,1,0.18390105778199,0.363069477992573,5.87352270065666e-20,0.00430191690983349,0.11252433949679,0.102237422520331,0.452985793825525,-1.11464567256715,1.5521526469899,-0.529515453263498,-0.486713741474847,-0.677345062404896,0.551851177360468,-0.776501686024555,-1.08937924966362,-0.235750011535441,-1.31000123263215,-1.18125082558995,-1.65198306738904,1.21214904849545
TZEZ_053,TZEZ_053_D1,D1,0,F,79,NonProvincial,CAP,1,5,0,0,0.19071486311344,0.407877345224343,4.04921651378291e-18,0.0,0.107128965812444,0.0,-0.637227021740549,0.299963631807297,-0.973586795233401,0.247437325197321,-0.16679796278867,0.465380926484898,-0.16115056435341,0.800249826120276,-0.627368181097252,-0.84862716671722,0.639550157175303,-0.393858542041964,1.24262895633258,-0.373698437547701
TZEZ_055,TZEZ_055_D1,D1,0,M,67,NonProvincial,CAP,2,7,0,1,0.204934188657793,0.322177455441793,0.0,8.59141452633285e-18,0.0399718860185233,0.00415315252576119,-0.561109104894543,0.333966456117853,-0.0285985701901718,0.512636741439009,0.460284408643598,0.656102643773078,-0.514720478834806,0.0118740700478601,-0.165357112530887,-0.235750011535441,1.30499586358535,1.14954710816543,1.72574160224654,-1.16010319256697
TZEZ_056,TZEZ_056_D1,D1,0,M,74,NonProvincial,non-CAP,1,4,0,1,0.187793762213432,0.354640702457276,0.0,0.0,0.0952020298175198,0.0,-0.418018964294485,0.604709011796369,-0.43238184861582,-0.547232545904904,-0.511707942837941,-0.550122650784642,0.278115905783993,0.471759927756769,-0.627368181097252,-1.15506574430811,-1.35445745125953,-1.2427677703545,-1.32971900238723,0.603311275915234
TZEZ_059,TZEZ_059_D1,D1,0,F,78,NonProvincial,CAP,2,3,0,1,0.155917617650406,0.294086491386829,0.0,0.00542250662777292,0.124402315727828,0.0420445083635045,0.595205204616245,0.632630398682917,1.05197145426904,0.248355182971964,0.381855325838542,-0.220661263519226,-0.438653382850483,0.734551846447574,-0.165357112530887,-1.461504321899,0.64185327127671,0.956513632729925,-0.495168198255255,-0.990915929928066
TZEZ_060,TZEZ_060_D1,D1,0,M,20,NonProvincial,CAP,2,9,1,1,0.0959019931440405,0.292171781322915,0.0246151215208331,0.196146068048601,0.0,0.142687238300822,3.8686459529942,-3.26926648129197,1.52119310011025,-0.482673075840019,-0.5423184408247,-0.316472030115984,0.600643784654703,-3.0759309745691,-0.165357112530887,0.377127143646338,-1.19246304428982,-1.31810781769233,-0.737864172346476,1.32067281370962
TZEZ_061,TZEZ_061_D1,D1,0,M,64,NonProvincial,CAP,1,7,0,1,0.207074985396092,0.362352989845849,4.84175422791223e-18,8.46630221733091e-19,0.00907490714018667,1.3095853955111e-17,-0.856550157436486,-0.000407656293905719,-0.512832162204293,-0.0768076904688688,-0.0469125444974094,-0.273587054560567,0.109335661776383,-0.185219868970244,-0.627368181097252,-0.235750011535441,-0.174054399568088,-0.0987907161906456,-0.629233260748569,0.227912858220165
TZEZ_062,TZEZ_062_D1,D1,0,M,82,NonProvincial,CAP,0,7,0,1,0.1967258534332,0.37936118304548,0.0,0.0,1.08425529398139e-19,2.33864200024553e-17,-0.845199971692516,-0.0498239112372385,-0.670814578578242,0.364508009281798,0.334335445500491,0.44961087187353,-0.362336731004313,0.99734376513838,-1.08937924966362,-0.235750011535441,0.933307153983714,0.83955539063581,1.20268220607343,-0.82117360898708
WZZX_014,WZZX_014_D1,D1,0,M,89,NonProvincial,CAP,1,7,0,1,0.189867080867427,0.418736694549472,0.0,4.17226337840102e-19,0.00870957512916772,0.0,-0.91705675922787,-0.192110936220139,-1.06130963229144,-0.147635063081614,-0.137188239824543,0.126040739846744,0.637027801204971,1.45722962284729,-0.627368181097252,-0.235750011535441,-0.351776400880875,-0.320981650893629,0.383054400468099,1.4015975826165
WZZX_015,WZZX_015_D1,D1,0,F,45,NonProvincial,CAP,1,9,0,1,0.195090502117953,0.290949022549722,0.0168445120362772,0.00253880872541715,0.109416266940742,1.00320731529557e-19,0.168902754470126,0.865336135854838,-0.814052135895809,0.110258830119484,0.23136474036331,0.437684520128633,0.0165752445605355,-1.43348148275157,-0.627368181097252,0.377127143646338,0.295338085161741,0.586118879972027,1.17247184812625,0.0215965677543598
WZZX_017,WZZX_017_D1,D1,0,M,58,NonProvincial,CAP,1,17,0,1,0.202903055716045,0.326570918357299,0.0,0.0,0.0459048992090232,1.24543827785488e-18,-0.576044511500458,0.422015361755903,-0.156064166408233,0.500214647674629,0.595932230356412,0.576668402926355,-0.611657457529943,-0.579407747006452,-0.627368181097252,2.82863576437345,1.27382600251523,1.48341012841219,1.52452861603144,-1.37570892671115
WZZX_018,WZZX_018_D1,D1,0,F,73,NonProvincial,CAP,1,6,0,1,0.196467126570796,0.25975422912709,8.31131257188629e-18,0.0,0.0,2.44589682306385e-05,-0.349488945293241,0.693780474453784,0.53316833631515,-0.113270083623261,-0.160491331905134,-0.343932521471983,-0.302278249547681,0.406061948084068,-0.627368181097252,-0.54218858912633,-0.265546844437999,-0.378336355192428,-0.807423689876661,-0.687592460076241
XARM_033,XARM_033_D1,D1,0,M,76,Provincial,CAP,1,4,0,0,0.224982833985573,0.318659877366754,0.0,0.0246903122101467,0.0197163339078971,0.0513068198420166,-0.215571093644893,-0.986092466986211,0.9186584979938,0.210471466450368,0.378084893023356,0.31494285755392,-0.295398588708488,0.603155887102172,-0.627368181097252,-1.15506574430811,0.546794402522727,0.947233659993019,0.861557861961003,-0.672290824458299
XARM_034,XARM_034_D1,D1,0,M,95,Provincial,CAP,2,8,0,0,0.226079543875874,0.321785513803851,2.12208862657279e-18,0.0133523266417057,0.032544118234715,0.0289747893154128,-0.480399511746823,-0.457779693655333,0.442809561374658,0.584869245455992,0.582024409012215,0.653941411587884,-0.460477838287076,1.8514175008835,-0.165357112530887,0.0706885660554489,1.48624365946112,1.44917952168077,1.72026703640124,-1.03945754737936
XARM_035,XARM_035_D1,D1,0,M,85,Provincial,CAP,2,4,0,0,0.202102783053813,0.360098968255207,0.0,0.0771324661679269,0.0337881972032107,0.0892094197348228,0.637103723442262,-2.18039797473896,1.2351016643518,-0.424775378105011,-0.426970067695048,-0.485332529312905,0.473262265797945,1.19443770415648,-0.165357112530887,-1.15506574430811,-1.04718454060836,-1.03420678819295,-1.16560068666337,1.03735280251053
XARM_036,XARM_036_D1,D1,0,M,86,Provincial,non-CAP,6,11,0,1,0.20649600345178,0.36115868294591,0.00867506930066304,0.0336686507586279,0.0588734913356236,0.0377493982065389,0.0427652869729826,-0.826093996053034,-0.301283829901419,-0.234607666200858,-0.224206797341245,-0.21399186517689,-0.0879431485971107,1.26013568382918,1.68268716173457,0.990004298828117,-0.57001046089955,-0.535155959505462,-0.478274103940073,-0.21087163160221
XARM_037,XARM_037_D1,D1,0,M,80,Provincial,CAP,0,5,0,0,0.203060078663489,0.396726303384754,0.0,0.0482680655667637,0.0887884344586876,0.0677269892283186,0.190192589383204,-1.49740169896958,0.449916304778366,-0.48442324932689,-0.465791934311455,-0.465639056440173,0.627078109123055,0.865947805792977,-1.08937924966362,-0.84862716671722,-1.19685462798489,-1.12975705561716,-1.11571561892142,1.37946763081991
ZDFE_031,ZDFE_031_D1,D1,0,F,79,Provincial,CAP,0,7,0,1,0.216980024460721,0.306891806198243,0.0129447921131983,0.0621284732800422,0.212395024173648,0.05513926011934,1.01469421729834,-0.541223302941209,0.267055253665881,0.441494188721435,0.397666150577418,0.41357815372813,0.371221891430614,0.800249826120276,-1.08937924966362,-0.235750011535441,1.12648300364068,0.995428004028043,1.11140858474591,0.810396174359305
ZDFE_101,ZDFE_101_D1,D1,0,M,42,Provincial,CAP,0,15,0,1,0.171217300004317,0.338333463017338,0.0511366471480348,0.142883087365771,0.0669024758859503,0.0564225142981483,2.48518237980318,-2.07969636376102,-2.31841175993278,-0.373967603003777,-0.254887187993931,-0.253749418531183,0.598894995470326,-1.63057542176967,-1.08937924966362,2.21575860919168,-0.919696266793493,-0.610668030074073,-0.578983016743305,1.31678318375585
ZDFE_102,ZDFE_102_D1,D1,0,M,80,Provincial,non-CAP,1,6,0,1,0.211937260649712,0.36548985993704,0.0,0.0400637729856578,0.0319710396989833,0.0701636044024471,0.034719582639055,-1.58803070410348,0.824785588181105,-0.10386464038153,0.0852150015461505,-0.352484569150114,0.274648603265875,0.865947805792977,-0.627368181097252,-0.54218858912633,-0.241946446251642,0.22640803026095,-0.829086678447184,0.595599355088097
ZDFE_103,ZDFE_103_D1,D1,0,F,74,Provincial,CAP,3,12,0,1,0.204365750453419,0.344470155627881,2.15654139383883e-18,0.0,0.115136020808763,1.30357163265432e-17,-0.493149582358326,0.601776650116818,-0.352200254133535,-0.301754782141296,-0.0143791934434975,-0.248891024055226,0.324829789419583,0.471759927756769,0.296653956035478,1.29644287641901,-0.738497860433117,-0.0187180493062256,-0.566676333248909,0.707211576002497
ZDFE_105,ZDFE_105_D1,D1,0,M,56,Provincial,non-CAP,0,10,0,1,0.201151791947948,0.342337973328987,0.0144355867705542,0.0,0.0,0.0,-0.445790433610559,0.0516507803571688,-1.16764568364888,0.447398415635732,0.375730079111532,0.614517552855966,-0.522111410055031,-0.710803706351854,-1.08937924966362,0.683565721237228,1.14129805303057,0.941437877393685,1.62040339750931,-1.17654198788735
ZDFE_106,ZDFE_106_D1,D1,0,M,69,Provincial,non-CAP,1,5,0,1,0.188399311659347,0.344381087897175,1.43700444463046e-17,1.14768967022038e-17,0.0623972872264132,0.0,-0.463008284464566,0.518518016760447,-0.322963438706652,-0.231558247924385,0.0374087474324177,-0.405390020898957,0.334701013696311,0.143270029393263,-0.627368181097252,-0.84862716671722,-0.562358776262062,0.108744951093439,-0.963100219962423,0.72916700091603
ZDFE_109,ZDFE_109_D1,D1,0,M,31,Provincial,non-CAP,0,11,0,1,0.185067105505098,0.41287067695902,0.0206560212298542,0.0382603293397591,0.139024595413975,0.0147302685749976,0.349020523027341,-0.327758295494578,-2.00437437716106,-0.174691140171014,-0.302753915456171,-0.440086747006523,0.44274323566673,-2.35325319816939,-1.08937924966362,0.990004298828117,-0.419666257452175,-0.72847994918993,-1.05098967163431,0.969472846013197
ZDFE_111,ZDFE_111_D1,D1,0,M,28,Provincial,CAP,1,5,0,1,0.211887019117101,0.336797225030181,0.0,0.0130400130449618,0.146519355448761,0.0155836294178123,-0.223345327874111,0.312004914877193,0.0120819771238534,0.0712878751808664,0.282100073270101,-0.317441708245811,-0.127363856763594,-2.55034713718749,-0.627368181097252,-0.84862716671722,0.197551087716134,0.710991150411784,-0.740320440954197,-0.298550563204238
ZDFE_113,ZDFE_113_D1,D1,0,F,69,Provincial,non-CAP,7,11,0,1,0.209082641871736,0.429528364601213,0.0,1.39853380200225e-18,0.0634324746439399,0.0,-1.01901600673283,-0.196609960471289,-1.20214734441516,-0.145522056953271,-0.207160277021354,-0.265528982801299,0.0513016598812835,0.143270029393263,2.14469823030094,0.990004298828117,-0.346474387491666,-0.493200234106894,-0.608821550829334,0.0988345255513803
ZDFE_114,ZDFE_114_D1,D1,0,M,43,Provincial,non-CAP,0,10,0,1,0.193395289739855,0.288877509003645,4.09498404575693e-19,0.0,0.0865211184964474,7.71527026780444e-19,-0.224719328287799,0.922392373481314,0.224921008920508,-0.208868184020921,-0.0742254295519522,-0.422967898073859,-0.0110766719089734,-1.56487744209697,-1.08937924966362,0.683565721237228,-0.505424240671044,-0.166014518097824,-1.00762632255978,-0.0399063987209217
ZDFE_115,ZDFE_115_D1,D1,0,F,51,Provincial,CAP,1,7,0,1,0.198768550195813,0.330223925248848,0.0,0.0499771240058223,0.0751819978500695,0.00489735747770303,0.00624161492277654,-0.0588340982387996,-0.14967503127219,-0.423068664710576,-0.435013414592495,-0.345814028172764,0.563253431680209,-1.03929360471536,-0.627368181097252,-0.235750011535441,-1.04290200817864,-1.05400346501508,-0.812189689750423,1.23750976683636
ZDFE_116,ZDFE_116_D1,D1,0,M,15,Provincial,non-CAP,0,10,0,1,0.200445135180675,0.381999312743644,0.0,0.0485585126665723,0.200555676341927,0.0,0.03605549027881,0.254056858743889,-0.79634974008052,-0.405198998762688,-0.437325839812204,-0.508231517067327,0.362541813071977,-3.40442087293261,-1.08937924966362,0.683565721237228,-0.998062948392897,-1.05969491850249,-1.22360556791176,0.791090077840363
ZDFE_117,ZDFE_117_D1,D1,0,M,73,Provincial,CAP,0,4,0,1,0.208988016724156,0.328835383713419,0.0,0.0293056547387718,3.28932099133104e-18,0.0343821743362426,-0.23457266087964,-0.750831047006399,0.489479219209394,-0.018748348534835,-0.257265147963358,-0.0482046066494642,0.16400951374689,0.406061948084068,-1.08937924966362,-1.15506574430811,-0.0283702937939426,-0.616520780876807,-0.058322342468747,0.349517597209033
ZDFE_118,ZDFE_118_D1,D1,0,M,31,Provincial,non-CAP,0,11,0,1,0.199664383687882,0.366808543543013,0.0,0.000380579756714408,2.14563976873826e-18,0.0,-0.819576233853176,-0.00335920728250554,-0.548138833710305,-0.430264500690597,-0.395927486414672,-0.54966511870072,-0.0177225464669961,-2.35325319816939,-1.08937924966362,0.990004298828117,-1.0609579987415,-0.95780327642507,-1.32856003874744,-0.0546880504951018
ZDFE_122,ZDFE_122_D1,D1,0,F,78,Provincial,non-CAP,7,3,1,0,0.199156591312446,0.376850767934229,0.0,0.0,0.0687614110685389,0.0,-0.689074205928195,0.245449163347639,-0.662587012279161,-0.423499027790025,-0.443650508803123,-0.402584747099631,0.451475355065204,0.734551846447574,2.14469823030094,-1.461504321899,-1.04398188711455,-1.07526150161976,-0.955994247622326,0.988894691410954
ZDFE_127,ZDFE_127_D1,D1,0,M,51,Provincial,CAP,0,3,0,1,0.192598717863984,0.247908518935918,5.50195866434371e-18,0.0269485067195499,0.0258049338315097,0.0477464737165046,0.409004118413507,-0.184614918654684,1.58954301346091,0.326618309748468,0.0202405396333654,0.387722217275832,-0.271486258005711,-1.03929360471536,-1.08937924966362,-1.461504321899,0.838233272491294,0.0664897225491074,1.04591352707936,-0.619105387015639
ZDFE_128,ZDFE_128_D1,D1,0,F,49,Provincial,CAP,1,8,0,1,0.2106175931953,0.30053939726355,0.0240097330763891,0.187965503428795,0.177966931026249,0.101973532023179,2.72493654233291,-2.81986726956306,0.49494090724092,-0.50777798153574,-0.596696255936609,-0.116129994610191,0.491093795280171,-1.17068956406076,-0.627368181097252,0.0706885660554489,-1.25545696766189,-1.45194514260064,-0.230382527166303,1.07701341558802
ZDFE_129,ZDFE_129_D1,D1,0,F,65,Provincial,CAP,2,5,0,1,0.190920523202557,0.340515689239365,0.000735483820922537,0.00742240531874235,0.166730867467069,0.0,-0.133125294625094,0.892747395026136,-0.360792756704687,-0.319188350138568,-0.506455839981058,0.301187171075357,0.61975847121183,-0.119521889297542,-0.165357112530887,-0.84862716671722,-0.782242651185672,-1.2298410392039,0.82671365970909,1.36318740497873
ZDFE_133,ZDFE_133_D1,D1,0,F,49,Provincial,CAP,4,13,0,1,0.204658721594415,0.419529501134123,0.0,0.0,0.039924543536789,2.65193752317764e-19,-0.991574652857034,-0.196933190644943,-1.09184765805118,0.221324739150003,0.33168306755703,-0.0258787025024944,-0.414505261325119,-1.17068956406076,0.758665024601843,1.6028814540099,0.574027734408675,0.833027228960537,-0.0017691256761011,-0.937206050171516
ZDFE_135,ZDFE_135_D1,D1,0,M,68,Provincial,non-CAP,1,9,0,1,0.168259876438084,0.302387902452906,3.37666182744441e-18,0.0840944232853742,0.0503731920297113,0.0562419085010713,1.06460053025374,-0.952779383063026,1.17266389312607,-0.625101247649446,-0.680137965511405,-0.546688434204138,0.577824541343937,0.0775720497205614,-0.627368181097252,0.377127143646338,-1.54984775028042,-1.6573159389867,-1.32101987004698,1.269918604399
ZDFE_136,ZDFE_136_D1,D1,0,F,34,Provincial,CAP,0,7,0,1,0.209980152733735,0.311076647772524,0.0,1.62823622225685e-18,0.232730421734399,2.94453185058964e-18,-0.12085040708991,1.27367293282214,-0.0469700906749318,0.365674124731165,0.123947540360427,0.572131700014164,-0.148011362423751,-2.15615925915128,-1.08937924966362,-0.235750011535441,0.936233203105378,0.321738439751321,1.51303680178606,-0.344474427100438
ZDFE_137,ZDFE_137_D1,D1,0,F,57,Provincial,non-CAP,0,3,0,1,0.220714884664831,0.396983617062663,0.0,0.0,0.0386545815512997,1.80325203493416e-18,-1.06300476184417,-0.211552499594846,-0.882177124985915,-0.121078524740429,-0.158214565583964,-0.279586856184091,0.155584424365428,-0.645105726679153,-1.08937924966362,-1.461504321899,-0.285140000745853,-0.372732667121481,-0.6444312155411,0.330778643243557
ZDFE_138,ZDFE_138_D1,D1,0,M,52,Provincial,non-CAP,0,9,0,1,0.205355841584972,0.265506346865652,8.1680450162392e-20,0.00181428871836384,0.0531840221691735,0.015773845623636,-0.193633679625915,0.522897261567118,0.771965524630755,-0.167251511725497,0.0965209390425489,-0.425288933178776,-0.160804773840032,-0.973595625042659,-1.08937924966362,0.377127143646338,-0.40099853609549,0.254234753842698,-1.01350568138026,-0.37292933561673
ZYCZ_018,ZYCZ_018_D1,D1,0,M,76,Provincial,non-CAP,5,6,0,1,0.214426000196428,0.361660539002213,0.0,0.0,0.0663242848020073,3.75099902115422e-18,-0.785808268122215,0.187383830027096,-0.525815072436709,0.527109221296158,0.416754543876266,0.309294426554296,-0.126013822321274,0.603155887102172,1.22067609316821,-0.54218858912633,1.34131061012034,1.04240928657237,0.847249955738832,-0.295547837402645
ZYCZ_025,ZYCZ_025_D1,D1,0,M,79,Provincial,CAP,7,6,1,1,0.221425264014431,0.2661177125002,4.21433957598255e-18,0.0,0.016221080282791,0.00157937034194583,-0.574200601435501,0.467922323740727,0.470246831879818,0.458897072714371,0.517930288375966,0.219320492922653,-0.607268007289556,0.800249826120276,2.14469823030094,-0.54218858912633,1.17015080124133,1.29142795276149,0.619339124407593,-1.36594597913111
ZYCZ_026,ZYCZ_026_D1,D1,0,M,31,Provincial,CAP,0,7,0,1,0.189585412100662,0.256327985879132,7.40459161376997e-18,0.0,0.197363611310834,0.0,0.222010085308792,1.64673603630167,0.53328691384958,-0.388771422127236,-0.405900392673728,-0.0626379624125606,0.647414588601791,-2.35325319816939,-1.08937924966362,-0.235750011535441,-0.956842418975061,-0.982349078652072,-0.0948831326675422,1.42469971507654
ZYCZ_027,ZYCZ_027_D1,D1,0,M,78,Provincial,CAP,2,6,0,1,0.208268682996894,0.276970127464643,6.57220513402206e-18,0.0,5.41602077769451e-18,0.00483351505274834,-0.501981949733133,0.396138878602651,0.444723293083565,0.285854850448486,0.358091063044812,-0.281942814622472,-0.506116077201209,0.734551846447574,-0.165357112530887,-0.54218858912633,0.735948473550136,0.898023872628579,-0.650399037826958,-1.14096541505363
ZYCZ_028,ZYCZ_028_D1,D1,0,M,71,Provincial,CAP,1,7,0,1,0.199375109215454,0.358245291653968,3.50220488441394e-18,0.0,0.108437158540466,2.11696564488377e-19,-0.516393635672288,0.533180237521557,-0.483963293008941,0.287382891459046,0.152573909310849,0.46587721234931,0.224237604188346,0.274665988738665,-0.627368181097252,-0.235750011535441,0.73978267629502,0.392195052145145,1.24388608625199,0.483475987810119
ZYCZ_030,ZYCZ_030_D1,D1,0,M,30,Provincial,CAP,3,5,1,1,0.216103063056295,0.280271749431128,0.0,0.0,0.0693014590678104,0.0,-0.45985702953242,0.689574027596905,0.290488790753898,0.293504333010629,0.475278136258918,0.0564372437122513,-0.570052483548573,-2.41895117784209,0.296653956035478,-0.84862716671722,0.755142766657469,1.18645040025814,0.206743439867907,-1.28317178474478
ZYCZ_032,ZYCZ_032_D1,D1,0,F,42,Provincial,CAP,3,13,1,1,0.189561304114137,0.375044372915995,2.98492022435605e-19,0.0287673358515465,0.28108899884943,0.0467490651589761,0.555933217012175,0.174501887843431,0.238244190317801,0.11767540759539,-0.105220269364224,0.334880782120227,0.534953375484376,-1.63057542176967,0.296653956035478,1.6028814540099,0.313947966388257,-0.242300526241014,0.912062144473872,1.1745652179701
ZYCZ_034,ZYCZ_034_D1,D1,0,M,81,Provincial,non-CAP,0,7,0,1,0.204174762410143,0.342642031985332,1.65775820389179e-17,5.57874736382995e-18,0.0171642623238818,0.0685654494510046,-0.199438321486627,-0.977745697220379,1.07744541490961,0.335043461623089,0.42577571631225,0.0528190485919683,-0.636870646448961,0.931645785465678,-1.08937924966362,-0.235750011535441,0.85937389648011,1.06461263519687,0.197578275864315,-1.4317877129512
ZYCZ_036,ZYCZ_036_D1,D1,0,F,31,Provincial,CAP,2,5,1,1,0.184768031720725,0.294699283560468,0.037378589650642,0.0473834006995788,2.0559911363681e-18,0.0361611530312675,1.07836354223385,-0.76637202588674,-1.36294445280833,-0.407543344787076,-0.446857774847163,-0.180027031608453,0.18374520874073,-2.35325319816939,-0.165357112530887,-0.84862716671722,-1.00394544624443,-1.0831553808924,-0.392238591851633,0.393413425872878
ZYCZ_038,ZYCZ_038_D1,D1,0,F,83,Provincial,CAP,6,9,0,1,0.201609089511045,0.395073653464037,1.91047556568191e-18,0.0,0.1173494571551,0.0,-0.668542256285478,0.323292590891445,-0.858730753439405,-0.311628716148933,-0.421645966296307,0.0875029310737783,0.0720131288447343,1.06304174481108,1.68268716173457,0.377127143646338,-0.763273808600251,-1.02110285072724,0.285435193653272,0.144900655641045
ZYCZ_039,ZYCZ_039_D1,D1,0,M,73,Provincial,CAP,1,1,0,1,0.203597684951856,0.343799151850149,1.31338408320761e-18,0.0,0.105115772619625,0.00814986978249221,-0.444863326750722,0.430895176680641,-0.177237041224752,0.545823514118764,0.493393442766708,0.695241108842915,-0.411803891121372,0.406061948084068,-0.627368181097252,-2.07438147708078,1.388269031009,1.23103667423599,1.82488231724089,-0.931197704194427
ZYCZ_040,ZYCZ_040_D1,D1,0,F,52,Provincial,CAP,2,3,1,0,0.208247278135364,0.238840125663388,0.0,2.58263939434068e-19,0.0691300319155233,5.53143299324675e-19,-0.210661038815197,1.01853568522349,0.715826147119297,0.0997024531458226,-0.204821139378401,0.471109741070469,-0.395355411874663,-0.973595625042659,-0.165357112530887,-1.461504321899,0.268849732238796,-0.487443034703408,1.25714048030446,-0.894613250136959
ZYQC_039,ZYQC_039_D1,D1,0,M,76,Provincial,CAP,1,3,0,1,0.221555140176633,0.316445253005269,6.49958471210233e-18,0.0,0.0421592025146019,0.0272258082454924,-0.521694855105576,-0.165962688935523,0.478521377634641,0.309206333520862,0.411641477684541,0.267064572108028,-0.571510286208815,0.603155887102172,-0.627368181097252,-1.461504321899,0.794542660404069,1.02982475922842,0.74027851584103,-1.28641420695589
ZYQC_041,ZYQC_041_D1,D1,0,F,73,Provincial,CAP,1,4,0,1,0.221754547026083,0.276676412104879,5.48624954272062e-18,0.0,0.0,0.0,-0.673301537270807,0.354867660340681,0.335037728159526,0.554283466963088,0.590129250356605,0.325436469410469,-0.696649560235142,0.406061948084068,-0.627368181097252,-1.15506574430811,1.40949697855304,1.4691275516284,0.888138980573476,-1.56474705175777
ZYQC_042,ZYQC_042_D1,D1,0,M,60,Provincial,CAP,1,2,0,1,0.216266197761719,0.273853007758157,2.48078958711314e-19,1.94421857808483e-18,0.0923252203169632,2.15147666764673e-20,-0.378058149191429,0.829061485079812,0.35006338373434,0.560353603410633,0.645029605676602,0.481521367517189,-0.604049948863322,-0.448011787661049,-0.627368181097252,-1.76794289948989,1.42472833273015,1.60425097792684,1.28351392362524,-1.35878842317211
ZYQC_043,ZYQC_043_D1,D1,0,M,48,Provincial,CAP,0,4,0,1,0.192719425061441,0.359153334014844,3.76474055932182e-18,2.05880917642021e-18,0.0433945237548942,0.0,-0.614293411833849,0.303351554358149,-0.472271477013329,0.0781349832481064,0.259898703343067,-0.186363050233499,0.402289490915001,-1.23638754373346,-1.08937924966362,-1.15506574430811,0.214732040560004,0.656348058293813,-0.408288209934093,0.879496250358112
ZYQC_045,ZYQC_045_D1,D1,0,M,59,Provincial,CAP,2,4,1,0,0.223475367331128,0.237408406664775,0.0157091047620474,0.10387992171369,0.174031716532949,0.0309244919058456,1.38302031000647,-0.398495679579277,0.264837297715565,-0.251388623271722,-0.295641488448834,0.0560565327510241,0.616930444236014,-0.51370976733375,-0.165357112530887,-1.15506574430811,-0.612117702274776,-0.71097449770556,0.205779069986899,1.35689735096107
ZYQC_048,ZYQC_048_D1,D1,0,F,64,Provincial,CAP,7,11,0,1,0.190509225530097,0.303634119689285,0.0,2.16785950327357e-18,0.0891479988211028,1.01037849757601e-18,-0.25005693260213,0.869193037893389,0.079052062050714,0.379094250885879,0.00195018223519,0.513924925136403,-0.355991288148762,-0.185219868970244,2.14469823030094,0.990004298828117,0.969907354638943,0.0214726048007965,1.36559460474028,-0.807060172775666
ZYQC_050,ZYQC_050_D1,D1,0,M,35,Provincial,CAP,3,13,1,1,0.215511989044737,0.369896159882828,0.0,0.0,4.3249163643392e-19,0.0,-0.994804745151756,-0.165274233699248,-0.595957368582416,-0.0771336513823387,-0.00615580674264904,0.108799388067534,-0.389966140287924,-2.09046127947858,0.296653956035478,1.6028814540099,-0.174872309703034,0.00152175024186409,0.339380742346608,-0.88262651532634
ZYQC_051,ZYQC_051_D1,D1,0,M,81,Provincial,CAP,0,4,0,1,0.211398130313994,0.304924211904939,1.0293548624015e-17,0.0,0.0,0.0,-0.685738630790067,0.275716486008403,0.0620970240800319,0.616272594388149,0.643654950567672,0.709409300278236,-0.644302928072233,0.931645785465678,-1.08937924966362,-1.15506574430811,1.56504181071631,1.60086760987367,1.8607714259877,-1.4483184792008
ZYQC_052,ZYQC_052_D1,D1,0,M,59,Provincial,CAP,0,19,0,1,0.192386542249857,0.324803683864237,0.0,1.22046207570119e-18,0.232409837836858,0.00619976134137815,0.0460517102440339,1.24516461227226,-0.0401926274023705,-0.545443295717137,-0.561164101054766,-0.586291941012486,0.674034797749382,-0.51370976733375,-1.08937924966362,3.44151291955523,-1.34996781522632,-1.3644916737949,-1.42133857120854,1.48390797402577
ZYQC_055,ZYQC_055_D1,D1,0,M,77,Provincial,non-CAP,3,7,0,1,0.213540029587767,0.364253379835631,1.75908194382726e-18,7.31597833448519e-18,0.0100234211973741,0.00460514270055665,-0.891565275834076,-0.145994014695543,-0.445759271998063,0.296103104949585,0.353865828633081,-0.04589060169341,-0.502688205450729,0.668853866774873,0.296653956035478,-0.235750011535441,0.761663677047185,0.887624520068848,-0.0524607915511439,-1.13334119553221
ZYQC_057,ZYQC_057_D1,D1,0,M,57,Provincial,non-CAP,6,12,1,1,0.170276317516441,0.238504127361155,1.00574560182922e-17,3.09278495386027e-18,8.82008376567145e-18,5.59549617904615e-18,0.000854101721266187,1.06873144801575,0.774823266165388,-0.334139798602069,-0.3814187171653,-0.39772511381621,-0.24475518532565,-0.645105726679153,1.68268716173457,1.29644287641901,-0.81975923898834,-0.92209358746365,-0.943684426134207,-0.559650547105973
ZYQC_058,ZYQC_058_D1,D1,0,M,32,Provincial,CAP,1,3,0,1,0.169288892191202,0.325935320143072,0.0,0.035238723567226,0.132878586421328,0.0423276310407303,0.618787561403689,0.0201831269446588,0.688524389147184,0.20606561367262,0.0475938444589485,0.445694779084431,0.630592534746035,-2.28755521849669,-0.627368181097252,-1.461504321899,0.535739114937346,0.133813007563842,1.1927624445702,1.38728436213068
ZYQC_059,ZYQC_059_D1,D1,0,M,53,Provincial,CAP,2,8,1,1,0.209964047270006,0.248498140745716,0.0,0.0,8.29645631751007e-18,3.48476048680546e-18,-0.438796732122476,0.638878488710293,0.631278746757994,0.420356989863265,0.360467579888599,0.644018389833847,-0.312771906155564,-0.907897645369958,-0.165357112530887,0.0706885660554489,1.07344495994874,0.903873071540257,1.69513126600645,-0.710932289388593
ZYQC_060,ZYQC_060_D1,D1,0,M,38,Provincial,non-CAP,1,12,0,1,0.19955604188254,0.347487212442212,0.0,0.0,0.0389713133231978,0.0,-0.64580168638407,0.292873015182881,-0.361396905080183,0.526007872015502,0.58128048849837,0.185462786254997,-0.670005302147706,-1.89336734046048,-0.627368181097252,1.29644287641901,1.33854707405961,1.4473485483084,0.533574972923603,-1.50548530352714
ZYQC_067,ZYQC_067_D1,D1,0,M,82,Provincial,CAP,4,5,0,1,0.218757740008905,0.356686687798045,0.000506242312890369,0.000267879568975512,0.122079584999377,0.01222422610047,-0.564292598540938,0.210015627272308,-0.274839073882461,0.563101212168843,0.606370966653321,0.279523390633259,-0.436775495995881,0.99734376513838,0.758665024601843,-0.84862716671722,1.43162270858119,1.50910245419848,0.771837652725224,-0.986739162925666
ZYQC_068,ZYQC_068_D1,D1,0,F,45,Provincial,CAP,2,6,1,0,0.231464345122257,0.327640650043459,0.0,8.10558876197625e-18,0.0,0.0,-0.980821952292247,-0.0511400613227564,-0.188167822901825,0.506124345222968,0.642047501636079,0.246228334369022,-0.645785703528654,-1.43348148275157,-0.165357112530887,-0.54218858912633,1.28865477897129,1.596911278335,0.687498737595988,-1.45161644552032
ZYQC_069,ZYQC_069_D1,D1,0,F,33,Provincial,CAP,0,3,0,0,0.218271641219656,0.341888716520252,2.85471075559684e-19,8.31015275981742e-20,0.197720193950282,0.0,-0.417729933399323,0.851878812945573,-0.358586593672615,-0.554256941444284,-0.528008017442198,-0.676827853233087,0.529978711228053,-2.22185723882398,-1.08937924966362,-1.461504321899,-1.37208325872943,-1.28288630723117,-1.6506729371373,1.16350064639439
ZYQC_070,ZYQC_070_D1,D1,0,F,79,Provincial,CAP,1,8,0,1,0.225652770034832,0.394339244404171,0.0,0.0,0.0214827259628572,0.0116957372904811,-1.05433321590558,-0.514616827389157,-0.62013690774576,0.544764843073601,0.459978606612913,0.622219438997485,-0.454447109462038,0.800249826120276,-0.627368181097252,0.0706885660554489,1.38561258435656,1.14879445332532,1.63991286211179,-1.02604409326464
ZYQC_072,ZYQC_072_D1,D1,0,M,77,Provincial,CAP,3,7,0,1,0.202537029718665,0.274704636517404,0.0,5.59130275084282e-19,7.69145396015907e-21,0.0797447773509427,0.14039011959235,-0.806224123987958,1.99296300994826,-0.272241435208897,-0.134926594626633,-0.393388909816786,-0.34950280494356,0.668853866774873,0.296653956035478,-0.235750011535441,-0.664442154442963,-0.315415179667136,-0.932700490916074,-0.792628588422914
ZYQC_073,ZYQC_073_D1,D1,0,M,75,Provincial,CAP,3,8,0,1,0.227453979588065,0.340012398791362,6.78773150706355e-18,0.0,0.0180458705884208,3.29217694223957e-19,-0.946881125631478,-0.0113566246874822,-0.312054795822301,0.605974918151664,0.609045405656609,0.452105322512572,-0.417541441013014,0.53745790742947,0.296653956035478,0.0706885660554489,1.53920259683462,1.51568491362782,1.20900083965887,-0.943959074243589
ZYQC_076,ZYQC_076_D1,D1,0,M,67,Provincial,CAP,2,5,0,0,0.186314659160426,0.265458996520156,1.59313424358648e-18,0.0,0.0498137680035632,0.0,-0.147968022924941,0.9718860794421,0.475859649648201,0.160514751929308,0.354490402036909,-0.293642650052032,-0.169251698868825,0.0118740700478601,-0.165357112530887,-0.84862716671722,0.421441633442363,0.889161750525887,-0.680035612683255,-0.391716856092496
ZYQC_080,ZYQC_080_D1,D1,0,M,72,Provincial,CAP,2,10,0,1,0.207976246005677,0.27924999783576,0.0,0.0,0.121702564946928,7.54374204227527e-18,-0.244360603110974,1.00156859083858,0.298606038976199,-0.207000180487035,-0.216782118246643,-0.17978672814248,-0.254710010180551,0.340363968411367,-0.165357112530887,0.683565721237228,-0.500736994564701,-0.516881977987831,-0.391629884857384,-0.581791915137132
ZYQC_084,ZYQC_084_D1,D1,0,M,72,Provincial,CAP,3,8,0,1,0.197123495718747,0.347865321598049,0.0,1.53336009778357e-19,0.0785061728347818,1.02321262814138e-18,-0.525088589398889,0.486851490530492,-0.370839449872217,0.266704001523355,0.379570376103001,-0.128751482460851,-0.0273813451015995,0.340363968411367,0.296653956035478,0.0706885660554489,0.687894634020859,0.950889803241274,-0.262353717849795,-0.0761710015690552
ZYQC_085,ZYQC_085_D1,D1,0,F,61,Provincial,CAP,2,8,0,1,0.231065773199781,0.319625562839208,5.94205593869931e-18,0.0,0.0810978293214653,1.02286092621236e-18,-0.743071493350664,0.358715312914119,-0.124081164809865,0.261464915997439,0.333011522496207,-0.233630511955894,-0.481294602567457,-0.382313807988348,-0.165357112530887,0.0706885660554489,0.674748575789876,0.836296886907529,-0.528020293007983,-1.08575787369026
ZYQC_087,ZYQC_087_D1,D1,0,M,81,Provincial,CAP,1,7,1,1,0.237139049700805,0.279983241390823,0.0,4.74891471837014e-18,0.0279485803656168,2.14401647080215e-18,-0.77221686525227,0.314604400074477,0.279250681836328,0.582651790697899,0.609582474628939,0.633874484880103,-0.674358262431703,0.931645785465678,-0.627368181097252,-0.235750011535441,1.48067956068277,1.51700677391956,1.669435981632,-1.51516709070851
ZYQC_089,ZYQC_089_D1,D1,0,M,73,Provincial,CAP,1,5,1,0,0.225331838151996,0.329996885080894,2.31512384643123e-17,0.0112718356246837,0.0,0.0140194728348386,-0.720726980381735,-0.368786929110527,0.0667967299827363,0.396119228623936,0.305138008687546,0.238258981528552,-0.45028387165507,0.406061948084068,-0.627368181097252,-0.84862716671722,1.012626899418,0.767693238227113,0.667311759459859,-1.01678428389291
ZYQC_090,ZYQC_090_D1,D1,0,F,64,Provincial,CAP,2,5,1,1,0.203356906350056,0.308054724546372,4.67285147910186e-18,0.0,0.237323194308797,0.0455797662853925,0.319624737923926,0.601540318587326,0.914026327347174,-0.233813301144728,-0.0913173213707602,-0.479207273252878,0.374523191742373,-0.185219868970244,-0.165357112530887,-0.84862716671722,-0.56801721814127,-0.208081914037579,-1.15008494622155,0.817738875637274
ZYQC_091,ZYQC_091_D1,D1,0,M,66,Provincial,CAP,1,5,0,0,0.220517086861606,0.312978092198208,0.0,3.58224392284906e-18,0.0285327278750774,0.0233300557988789,-0.560637721852719,-0.12871493165611,0.438369055403916,-0.13868216860946,-0.0455324754193355,-0.320551983516876,-0.0832326274349039,-0.0538239096248412,-0.627368181097252,-0.84862716671722,-0.329311550577405,-0.0953940230131436,-0.748199005268163,-0.200394563025796
ZYQC_093,ZYQC_093_D1,D1,0,M,82,Provincial,non-CAP,9,9,1,1,0.207685413934285,0.320088995252547,0.0,7.61341197011993e-19,0.0,3.61634650332462e-18,-0.710960365340897,0.216102548246732,-0.086432368464199,0.400296275461983,0.490976682440415,-0.252453327003981,-0.654336210454778,0.99734376513838,3.06872036743367,0.377127143646338,1.02310806081437,1.22508842610668,-0.57569991812215,-1.47063435125586
ZYQC_094,ZYQC_094_D1,D1,0,M,68,Provincial,CAP,4,8,1,1,0.21315502316949,0.314753832851406,0.0,1.20877743920088e-18,0.146975674761971,2.99210398883302e-18,-0.380123254136938,0.844510387012346,-0.0694527222200757,0.274408898122525,0.256817125278819,0.358785159935524,-0.351460686136703,0.0775720497205614,0.758665024601843,0.0706885660554489,0.707227973561767,0.648763528393774,0.972613755373146,-0.796983277600326
ZYQC_095,ZYQC_095_D1,D1,0,F,61,Provincial,CAP,2,9,1,1,0.227013848532829,0.312139532825145,0.0,1.35783845456416e-19,0.0255611235209988,0.0233569439331271,-0.629557249156444,-0.197254459810586,0.440931683809583,0.593224858994661,0.568430777350932,0.502226929595923,-0.645739902380999,-0.382313807988348,-0.165357112530887,0.377127143646338,1.50720979593505,1.41572221388731,1.33596269046325,-1.45151457531354
ZYQC_096,ZYQC_096_D1,D1,0,M,60,Provincial,CAP,3,10,1,1,0.21383381250601,0.348402308108435,1.22150950597668e-17,9.34377125966714e-18,3.8023787354966e-19,5.8725868619978e-19,-0.889375209957335,-0.0164461653842333,-0.377917735458979,0.393309530942186,0.352259918846479,0.498911141144978,-0.494460060680353,-0.448011787661049,0.296653956035478,0.683565721237228,1.00557672832363,0.883671976748736,1.32756354560129,-1.11504028273566
ZYQC_097,ZYQC_097_D1,D1,0,M,36,Provincial,CAP,1,5,0,1,0.176999691060752,0.325439841318813,0.0,0.00803280553552958,0.0250124998881804,0.0426302368673061,0.0361196365002384,-0.232307273234424,0.74355477401873,-0.180901166157714,0.135037743730234,-0.335785309540675,0.432218539817696,-2.02476329980588,-0.627368181097252,-0.84862716671722,-0.435248626328048,0.34903418800177,-0.786786181107753,0.946063979699014
ZYQC_099,ZYQC_099_D1,D1,0,M,62,Provincial,CAP,2,10,1,0,0.222507809014126,0.269744824303505,0.0,0.0700191324741554,0.0187414968919893,0.0503691642244713,0.405539943816232,-1.14003085379378,1.3451339291406,0.416448279825637,0.411299104106699,0.130972197527381,-0.482890003533265,-0.316615828315646,-0.165357112530887,0.683565721237228,1.06363711666989,1.02898209271666,0.395546158628526,-1.08930633993212
ZYQC_100,ZYQC_100_D1,D1,0,M,74,Provincial,CAP,0,3,0,0,0.205872773957442,0.344268812749687,0.0,0.0,0.0149503903771839,1.12363661508793e-19,-0.755409476640325,0.148692367697057,-0.330838299691284,-0.369972410003365,-0.456991566881607,-0.497177931285697,0.211818654341206,0.471759927756769,-1.08937924966362,-1.461504321899,-0.909671418073687,-1.10809716301947,-1.19560599266815,0.455853950945185
ZYQC_101,ZYQC_101_D1,D1,0,M,61,Provincial,CAP,3,11,1,1,0.194381841501014,0.357215517952356,9.53924916850652e-20,0.0,0.08835371691475,0.0238300065262334,-0.328654984817334,0.0937211471760688,0.0192951555020812,0.0659006021097677,-0.0578380833060741,0.296637043265884,0.432907909242389,-0.382313807988348,0.296653956035478,0.990004298828117,0.18403319320028,-0.125681184009632,0.815187839175712,0.947597264549731
ZYQC_102,ZYQC_102_D1,D1,0,F,49,Provincial,CAP,2,12,0,1,7.901685259946e-18,0.146575352680908,0.027614667406099,0.0259500508211072,0.397291637630039,0.0,3.86120337881598,4.51531296991041,0.118938376159839,-0.602423120697936,-0.595768757616168,-0.568789989029346,0.689317950038139,-1.17068956406076,-0.165357112530887,1.29644287641901,-1.49294316721923,-1.44966233859667,-1.37700479290862,1.5179005258219
ZYQC_103,ZYQC_103_D1,D1,0,M,65,Provincial,CAP,4,8,1,1,0.220283935739591,0.378461419619034,0.0,0.0,0.0,0.0427052730527764,-0.749939948352281,-0.986353322426327,0.178792404828777,0.0623905624432792,-0.0234000567441137,0.299936172602319,-0.504883870748058,-0.119521889297542,0.758665024601843,0.0706885660554489,0.175225704637541,-0.0409206370717204,0.823544785230939,-1.13822476044973
ZYQC_104,ZYQC_104_D1,D1,0,M,66,Provincial,non-CAP,4,5,0,1,0.205082245191312,0.352353971210349,0.0127734420859084,0.027286348875035,0.101052090829434,0.0190940114249848,0.0800898884428654,-0.212317415553004,-0.836815159063706,-0.470535132414804,-0.501996657509347,-0.505914075545611,0.351337864781327,-0.0538239096248412,0.758665024601843,-0.84862716671722,-1.16200618110579,-1.21886588229362,-1.21773531191141,0.766170428713314
ZYQC_105,ZYQC_105_D1,D1,0,F,52,Provincial,CAP,5,8,1,1,0.228828040797894,0.33500816129621,5.16518064373088e-18,3.07433691307477e-18,0.00898528507392339,0.0,-0.962478060330891,-0.0328903714035338,-0.261306384343787,0.606328824492772,0.571937317544031,0.513341214557863,-0.645590195348922,-0.973595625042659,1.22067609316821,0.0706885660554489,1.54009062840912,1.42435268126011,1.36411602135683,-1.45118159923989
ZYQC_106,ZYQC_106_D1,D1,0,M,55,Provincial,CAP,1,7,0,1,0.203734644900053,0.362096816324739,9.04821850355596e-18,0.0,0.0528139175999589,3.97257698295327e-18,-0.71370356072453,0.224397710131173,-0.515790252008662,0.27157670060607,0.124640673070174,0.0892441635037542,-0.427567158057929,-0.776501686024555,-0.627368181097252,-0.235750011535441,0.70012134526017,0.3234444117086,0.289845868107958,-0.966258119591277
ZYQC_108,ZYQC_108_D1,D1,0,M,74,Provincial,CAP,3,4,0,1,0.201827307511975,0.384604480983841,5.13808255554757e-18,0.00356165737225442,2.37302215662901e-19,0.00631925312723497,-0.837714308731867,-0.275358013087714,-0.60481757227084,-0.454455048934224,-0.420216927721746,-0.301387712949111,-0.277163874864891,0.471759927756769,0.296653956035478,-1.15506574430811,-1.12165759111826,-1.01758563144184,-0.69965444729832,-0.63173345493761
ZYQC_109,ZYQC_109_D1,D1,0,M,72,Provincial,CAP,2,10,1,1,0.211614829388856,0.304612464306732,0.0,0.0367851100308592,0.0485954100161651,0.0348225358048662,0.029247927528802,-0.499995982851248,0.720904833875124,0.462052754846316,0.494749559781136,0.533356260076342,-0.530932100759395,0.340363968411367,-0.165357112530887,0.683565721237228,1.17806912608253,1.2343744154288,1.41481565711939,-1.19616083221872
ZYQC_111,ZYQC_111_D1,D1,0,M,77,Provincial,non-CAP,2,3,1,1,0.225478458553788,0.315007832824685,0.0,3.94955641766341e-18,0.0,0.0,-0.868661356511406,0.0826756345808812,-0.0545991774928158,0.502802772242058,0.552598238926716,0.521343673437755,-0.65983317672205,0.668853866774873,-0.165357112530887,-1.461504321899,1.28032019622598,1.37675439981011,1.38438685961402,-1.48286061891527
ZYQC_112,ZYQC_112_D1,D1,0,M,23,Provincial,CAP,3,6,0,1,0.207019092925262,0.260541133054246,9.51086537040309e-20,0.00135804859138279,0.0781793065335473,0.0,-0.25325514032262,0.920405719627435,0.495476091257822,-0.187814079297156,-0.12405111712928,-0.478665550166508,-0.421533266695834,-2.878837035551,0.296653956035478,-0.54218858912633,-0.452594699078204,-0.288647925183837,-1.14871272035588,-0.952837631410372
ZYQC_113,ZYQC_113_D1,D1,0,M,73,Provincial,CAP,1,4,0,1,0.177325245950681,0.334776182717283,0.0219830012801427,0.0589918604794153,0.0415551874645843,0.0860110359503598,1.26663454365415,-1.64113315646571,0.153542261774811,-0.593476439598651,-0.536209010334179,-0.621839607015095,0.61920139244756,0.406061948084068,-0.627368181097252,-1.15506574430811,-1.47049390768273,-1.30307099004705,-1.5113835184897,1.36194835897623
ZYQC_114,ZYQC_114_D1,D1,0,M,79,Provincial,CAP,0,9,0,1,0.201314591209079,0.359072991980097,0.0,1.46056409365369e-18,1.02906063785206e-19,0.0247080342676695,-0.617844574995754,-0.385295822193846,0.029396782819948,0.541104133339392,0.466725728357228,0.685899464836776,-0.548833783382744,0.800249826120276,-1.08937924966362,0.377127143646338,1.37642703029477,1.16540079771837,1.80121922099175,-1.23597747883159
ZYQC_115,ZYQC_115_D1,D1,0,M,65,Provincial,CAP,2,8,1,1,0.190610326357552,0.329432534972706,1.1500157432778e-18,7.49521107231775e-20,0.0389085199629105,0.0,-0.481735295515909,0.487466969309821,-0.17006553995052,0.298547586888101,0.248066846376446,0.251262366225622,-0.543210948128702,-0.119521889297542,-0.165357112530887,0.0706885660554489,0.767797438702603,0.627226916117516,0.70025032396191,-1.22347125531154
ZYQC_116,ZYQC_116_D1,D1,0,M,77,Provincial,non-CAP,4,10,0,1,0.22096706262621,0.381790291200328,0.0,0.0,0.0146667755311429,0.0149795049731864,-0.947214606030467,-0.478983291717269,-0.420797752903843,0.488990132353102,0.480077855127236,0.311108663128061,-0.418573277476475,0.668853866774873,0.758665024601843,0.683565721237228,1.2456611383798,1.19826370192033,0.851845555253811,-0.946254069004266
ZYQC_118,ZYQC_118_D1,D1,0,M,78,Provincial,CAP,1,8,0,1,0.213581743949585,0.379486644837612,7.17797306271076e-18,0.0,0.0282240577862676,0.0,-0.94509508791798,-0.0827893336941902,-0.696250262340513,0.391555252946781,0.39393252369365,0.269684290531189,-0.484449953047939,0.734551846447574,-0.627368181097252,0.0706885660554489,1.00117484548227,0.986238619840744,0.746914462271034,-1.0927759556027
ZYQC_121,ZYQC_121_D1,D1,0,F,64,Provincial,CAP,3,5,1,1,0.214752744975661,0.329649204000117,0.0,2.66991553423253e-18,0.0,5.47384236046592e-18,-0.821315756717011,0.0913140566877562,-0.190263505299333,-0.344572533418471,-0.416707186222682,-0.0345351715896469,-0.452523301371303,-0.185219868970244,0.296653956035478,-0.84862716671722,-0.845937345592325,-1.00894728485899,-0.0236966216342443,-1.02176518895651
ZYQC_122,ZYQC_122_D1,D1,0,M,37,Provincial,CAP,2,12,0,1,0.187449360971582,0.3739155802232,5.98923758775261e-19,2.49043953722113e-18,0.0956124488723364,6.74990451144328e-18,-0.492981243817191,0.490191913333592,-0.62599345051882,-0.102316464718216,-0.181941906184066,0.343157532188525,0.464505268838179,-1.95906532013318,-0.165357112530887,1.29644287641901,-0.238061721079465,-0.431131552523011,0.933027783216638,1.01787562482433
ZYQC_123,ZYQC_123_D1,D1,0,F,59,Provincial,CAP,2,9,0,1,0.212474105310934,0.357715417654672,0.0,0.0358190698537921,0.182679566503288,1.93948344263859e-18,-0.142502562642139,0.352765491705351,-0.547453908435317,0.204451363637796,0.0797361650121128,0.12973093341893,-0.237480208633636,-0.51370976733375,-0.165357112530887,0.377127143646338,0.531688594125615,0.212923251149902,0.392401942037787,-0.543469656060292
ZYQC_124,ZYQC_124_D1,D1,0,M,93,Provincial,CAP,3,9,0,1,0.203350748820075,0.354691476355165,0.0,1.24894474610061e-18,0.096057736805986,0.0305346641357393,-0.337725842624089,-0.0535285044681957,0.169328279663805,0.451170021437243,0.33191800466719,0.689580809849398,-0.321026503116272,1.72002154153809,0.296653956035478,0.377127143646338,1.15076187057004,0.83360546760953,1.81054434848566,-0.72929203673924
ZYQC_127,ZYQC_127_D1,D1,0,M,61,Provincial,CAP,1,8,0,1,0.20281564668954,0.280627080720335,0.0,0.0,0.0203214423296463,0.0374814320149828,-0.161198504404034,-0.0399590307668905,1.07170770171658,0.603453924093441,0.658660268180811,0.663621893912959,-0.66625458285014,-0.382313807988348,-0.627368181097252,0.0706885660554489,1.53287684885333,1.63779942783305,1.74478843593711,-1.49714301146681
ZYQC_128,ZYQC_128_D1,D1,0,M,24,Provincial,CAP,2,8,1,1,0.18526720863515,0.345266750638674,0.0,4.89218233842712e-18,0.140691610540984,0.00277768632505291,-0.220094824940541,0.839126043056598,-0.288533483287488,-0.311851813698691,-0.169140945677564,-0.225219033828439,-0.232892974317503,-2.8131390558783,-0.165357112530887,0.0706885660554489,-0.763833611139416,-0.399625205551893,-0.506713377822955,-0.533266800186975
ZYQC_132,ZYQC_132_D1,D1,0,M,66,Provincial,CAP,5,10,0,1,0.198798144723261,0.283434255526067,0.0269154177730884,0.0525216415910012,0.0489785803018404,0.0363020433813773,0.940945243721906,-0.606321925980681,-0.651239290777819,-0.388978644535642,-0.163746550496498,-0.500241599423788,-0.248039641084377,-0.0538239096248412,1.22067609316821,0.683565721237228,-0.957362387170692,-0.386348257608208,-1.20336649756209,-0.566955782988675
ZYQC_134,ZYQC_134_D1,D1,0,M,88,Provincial,CAP,0,7,0,1,0.202118780035255,0.344749818661346,1.19161534013608e-18,1.14297414369286e-17,0.093619997932819,2.57735883361173e-20,-0.524994737663653,0.526297765237295,-0.34807515085378,0.256181374707996,0.138343906475914,0.114854546768381,-0.510327675807285,1.39153164317459,-1.08937924966362,-0.235750011535441,0.661490967928116,0.357171476649404,0.354718920835087,-1.15033278776946
ZYQC_135,ZYQC_135_D1,D1,0,M,66,Provincial,CAP,0,7,0,1,0.204159527260135,0.356270322068193,0.0,0.0,0.0406959686308623,0.0,-0.723949047418641,0.203322198471048,-0.455101691314992,0.188320981822213,0.0347643716699618,0.421314462112345,0.153442479307002,-0.0538239096248412,-1.08937924966362,-0.235750011535441,0.491213794165451,0.102236484775491,1.13100524351266,0.326014562053541
ZYYH_041,ZYYH_041_D1,D1,0,M,40,Provincial,CAP,1,6,0,1,0.209357504261103,0.392661379671333,1.95018599836294e-18,0.0124258266413691,0.0609746565836379,1.10321341779271e-19,-0.765095877775842,-0.11617882203477,-0.844620405973335,0.195492174133595,0.0453785637755048,-0.154277779910194,0.115635771911618,-1.76197138111507,-0.627368181097252,-0.54218858912633,0.509207948153712,0.128360650936732,-0.327013774798135,0.241925466093663
ZYYH_042,ZYYH_042_D1,D1,0,M,66,Provincial,CAP,2,6,0,1,0.16947708097612,0.320206634988373,0.0176430389981695,0.1117960312802,0.139695360990434,0.0490627440392792,1.74791780907261,-0.967212898277474,-0.258981942226312,-0.552951692808919,-0.493970309732441,-0.462972088371444,0.751743436560384,-0.0538239096248412,-0.165357112530887,-0.54218858912633,-1.36880809277126,-1.19911104453425,-1.10895998553802,1.6567463309224
ZYYH_045,ZYYH_045_D1,D1,0,F,37,Provincial,non-CAP,0,5,0,1,0.216080996355524,0.33255853486082,0.0,0.0,0.104379250253546,8.26160501506102e-18,-0.588302912163389,0.519758888743267,-0.242817158649599,0.360950459526705,0.306858361664956,0.214170452068218,-0.543972888868264,-1.95906532013318,-1.08937924966362,-0.84862716671722,0.924380451793279,0.771927454697943,0.606293678408427,-1.22516595216241
ZYYH_047,ZYYH_047_D1,D1,0,M,57,Provincial,CAP,1,10,0,1,0.217600549322895,0.357108420557919,3.69568281936801e-19,3.18428656077566e-18,0.0794388937555751,0.0340958880988779,-0.504527319970566,-0.33400383494892,0.205274547791726,0.479728840594092,0.434322373244573,0.294983910361212,-0.168786599690597,-0.645105726679153,-0.627368181097252,0.683565721237228,1.22242244907881,1.08564808317096,0.811000327533204,-0.390682389667799
ZYYH_048,ZYYH_048_D1,D1,0,M,76,Provincial,CAP,3,2,0,1,0.204552626409007,0.355488872962413,0.0,1.14958649060926e-17,0.0783779231200588,0.0247701004786076,-0.441121428965844,-0.049631227310237,0.0467965449118568,0.113134736582436,-0.0878805311697314,0.0527644725005583,-0.0424585054162137,0.603155887102172,0.296653956035478,-1.76794289948989,0.302554389160179,-0.199623118739714,0.197440030465209,-0.109705389190783
ZYYH_049,ZYYH_049_D1,D1,0,M,89,Provincial,non-CAP,1,6,0,1,0.203961614794419,0.352150340452245,6.91521957555536e-18,0.0,0.0259782132695833,0.0,-0.741409110156928,0.166011100274371,-0.410361027220661,-0.47338154447845,-0.593178867052748,-0.325766135153054,0.499537417214229,1.45722962284729,-0.627368181097252,-0.54218858912633,-1.16914847694214,-1.44328797390217,-0.761406848763743,1.09579358937138
ZYYH_050,ZYYH_050_D1,D1,0,M,44,Provincial,CAP,1,6,0,1,0.214102908532798,0.358744552011479,5.65815276827279e-18,2.66431457728499e-18,0.044795452312161,0.0,-0.823830852763967,0.113829820369077,-0.491624935099355,0.334525381250001,0.170595525234631,0.474863510669699,0.268375953264588,-1.49917946242427,-0.627368181097252,-0.54218858912633,0.858073914886137,0.436550730298085,1.26664906479615,0.581647823621346
ZYYH_051,ZYYH_051_D1,D1,0,M,76,Provincial,CAP,2,8,0,1,0.192492367901455,0.307693699846059,0.00613417213669606,0.0376727107331567,0.0444720203607807,0.00664383442708918,0.11354113583731,0.0709567407319879,-0.228298353921333,-0.402406145779764,-0.48984657078607,-0.444505885418541,0.167399157206494,0.603155887102172,-0.165357112530887,0.0706885660554489,-0.991055044482477,-1.18896149755324,-1.06218368604046,0.357056789955006
ZYYH_052,ZYYH_052_D1,D1,0,M,26,Provincial,CAP,0,6,0,1,0.187217346623153,0.389422457320866,0.0,0.0,0.0967015494659847,5.7945240655404e-20,-0.551863421954056,0.400979588245146,-0.781964051114723,0.277229174036122,0.275913325219216,0.390572953413269,0.259711563649038,-2.68174309653289,-1.08937924966362,-0.54218858912633,0.714304687847911,0.695764025024195,1.05313465898684,0.562376621763003
ZYYH_053,ZYYH_053_D1,D1,0,M,72,Provincial,CAP,3,4,1,1,0.22404122687547,0.31049224560995,0.0,2.51460008798267e-19,0.0,0.00703814913581336,-0.781552822868132,0.00471960788923732,0.135120852218972,0.485060557414722,0.423755788733229,0.412998928467387,-0.595146889529515,0.340363968411367,0.296653956035478,-1.15506574430811,1.23580094031519,1.05964109113744,1.10994136301429,-1.3389863758045
ZYYH_055,ZYYH_055_D1,D1,0,M,58,Provincial,CAP,1,7,0,1,0.221585259183126,0.363753595049216,8.14981025599493e-18,0.0,0.0,1.72837901945202e-17,-1.03046535422564,-0.183483533982274,-0.540746558024029,0.531235812642026,0.546251002557815,0.43288017293409,-0.6114583820381,-0.579407747006452,-0.627368181097252,-0.235750011535441,1.35166516720095,1.36113227276388,1.16030207051493,-1.37526614607009
ZYYH_056,ZYYH_056_D1,D1,0,M,69,Provincial,CAP,0,6,0,1,0.17770238648919,0.298718644796303,1.14291034662771e-19,0.0639233981611314,0.0316168669569035,0.0312872171656195,0.566883074068977,-0.4582448491353,0.719186051211396,-0.629176054089515,-0.649976850397976,-0.674213550348394,0.542067598421272,0.143270029393263,-1.08937924966362,-0.54218858912633,-1.56007236724385,-1.58308193464641,-1.64405070867899,1.19038856299098
ZYYH_057,ZYYH_057_D1,D1,0,M,59,Provincial,CAP,3,11,0,1,0.207352164472383,0.320364990776478,0.0150024640846974,0.082801623142567,0.0708627439041554,0.0311299708531476,0.746995075029581,-0.987426009070675,-0.461126863294862,-0.0725326519491558,0.176238996289393,-0.125150114630793,0.426445528253008,-0.51370976733375,0.296653956035478,0.990004298828117,-0.163327354735199,0.450440715903656,-0.253231178654849,0.933223736343154
ZYYH_060,ZYYH_060_D1,D1,0,F,91,Provincial,CAP,1,11,0,1,0.210541794589302,0.345445407211592,1.15179034613676e-17,0.0,0.137752021400822,0.0312285585874118,-0.263294725414652,0.108650749521533,0.25989363139906,0.366786517329048,0.120473089827856,0.583520568274849,0.130280133109375,1.58862558219269,-0.627368181097252,0.990004298828117,0.939024449362982,0.313186953012684,1.54188567310297,0.274497228589427
ZYYH_062,ZYYH_062_D1,D1,0,M,76,Provincial,non-CAP,6,8,0,1,0.207340759801081,0.368254502763018,0.0,0.0247716920796133,0.0764205072065467,0.015641924206126,-0.375754700350532,-0.277289226208902,-0.29638866826074,-0.232331729524242,-0.417966754336332,-0.138906367755481,0.170921463771771,0.603155887102172,1.68268716173457,0.0706885660554489,-0.564299617674559,-1.01204739519855,-0.288076816264584,0.364891049936182
ZYYH_063,ZYYH_063_D1,D1,0,F,74,Provincial,CAP,3,12,0,1,0.193371795401806,0.371143467445476,0.0,1.84967090549214e-18,0.126717493654967,0.0172076521479117,-0.33183875371385,0.297581449513467,-0.262055415822807,0.247310432404442,0.223304234095722,0.12923429326313,-0.411878119224095,0.471759927756769,0.296653956035478,1.29644287641901,0.639231754271584,0.566279969673029,0.39114391467128,-0.931362801196595
ZYYH_066,ZYYH_066_D1,D1,0,M,36,Provincial,CAP,1,13,0,1,0.20476306148516,0.343160782402909,0.0,2.97043534527309e-18,0.0,0.0,-0.776703758184622,0.100135108980842,-0.315360097526997,0.244794217563668,0.256089356746107,-0.00702406224272206,0.11915848561795,-2.02476329980588,-0.627368181097252,1.6028814540099,0.632917998434836,0.646972309063425,0.0459911151248511,0.249760631631699
ZYYH_067,ZYYH_067_D1,D1,0,F,75,Provincial,CAP,7,7,1,1,0.206365510089892,0.393508155500985,1.59466656686966e-18,0.0,0.00915046363675981,0.00115661966207969,-0.96875158022511,-0.206277598842724,-0.802033001277363,0.505326926044239,0.472626913522338,0.445784090131582,-0.469111666315142,0.53745790742947,2.14469823030094,-0.235750011535441,1.28665387272415,1.17992508183426,1.19298867625955,-1.0586607746258
ZYYH_069,ZYYH_069_D1,D1,0,M,83,Provincial,non-CAP,1,14,0,1,0.220950486571352,0.353979039916999,2.99435760223871e-18,0.0,0.00496227885439033,0.0,-0.971527624867179,-0.095181000567542,-0.442768522082161,0.504819761696523,0.483844193498982,0.198776137519565,-0.644560064960538,1.06304174481108,-0.627368181097252,1.90932003160079,1.2853812819228,1.20753359721378,0.5672987063655,-1.4488903991051
ZYYH_074,ZYYH_074_D1,D1,0,F,53,Provincial,CAP,0,7,0,1,0.214415938392941,0.328963539186979,0.0,1.41642893990665e-18,0.0817760947161352,0.0122559614935191,-0.518558983269482,0.250427443678199,0.0484398079546078,0.500090024303973,0.399633632544251,0.600056714925234,-0.294392021153978,-0.907897645369958,-1.08937924966362,-0.235750011535441,1.27351329410849,1.00027046639444,1.58377299288532,-0.670052032415498
ZZRM_075,ZZRM_075_D1,D1,0,M,66,NonProvincial,CAP,1,11,0,1,0.0239160274624665,0.395949560828803,0.030687655579663,0.0545268421190858,0.113291136175109,0.0117471944902852,2.29758861976205,0.971414307971034,-2.33312800701098,-0.404800702516369,-0.435813371854249,-0.557443265916747,0.630412825247536,-0.0538239096248412,-0.627368181097252,0.990004298828117,-0.997063532441127,-1.05597235875849,-1.34826267846395,1.38688465503358
ZZRM_086,ZZRM_086_D1,D1,0,M,27,NonProvincial,CAP,9,12,1,1,0.212026014400883,0.238812973845997,0.00316023660460573,0.0920850856587838,0.132416493843335,0.0289093750553746,1.01530900337703,-0.246195853300145,0.995318504020027,-0.352479891137014,-0.156704777296417,-0.396080349590999,-0.320572051268528,-2.61604511686019,3.06872036743367,1.29644287641901,-0.865778706170801,-0.369016702712699,-0.939518112994599,-0.728281251942922
ZZRM_091,ZZRM_091_D1,D1,0,M,70,NonProvincial,non-CAP,4,7,0,1,0.222886296852911,0.268697115849072,1.21714250352032e-17,7.05586946146415e-18,0.0087826975796111,0.0,-0.630042743595019,0.432456503964142,0.412242098000284,0.291864222381433,0.405333153355349,0.0986774513869299,-0.628332379632404,0.208968009065964,0.758665024601843,-0.235750011535441,0.751027355727449,1.01429840438803,0.313741105282354,-1.41279703147874
ZZRM_094,ZZRM_094_D1,D1,0,M,88,NonProvincial,CAP,1,7,0,0,0.210331504168104,0.401645700988322,0.0,9.29304241947628e-18,1.36111670435877e-18,2.74951579881404e-17,-1.07363942551859,-0.314116169847428,-0.909733390110205,0.389031906888887,0.41589084977289,0.151011868059335,-0.0730025180592421,1.39153164317459,-0.627368181097252,-0.235750011535441,0.994843195798393,1.04028352061253,0.446308171427037,-0.177640911405896
ZZRM_095,ZZRM_095_D1,D1,0,F,80,NonProvincial,CAP,4,4,0,0,0.171614345420402,0.306148351612501,0.0576758588536346,0.00314065974040342,0.0415614444743758,0.00668696861059701,1.05461134638858,0.324342485464681,-3.23753946170547,-0.058958247154372,-0.0018093125924227,-0.0430390423229155,0.316834273589827,0.865947805792977,0.758665024601843,-1.15506574430811,-0.129266082973089,0.0122195531712154,-0.0452375743315822,0.689428072910684
ZZRM_097,ZZRM_097_D1,D1,0,M,93,NonProvincial,CAP,3,9,0,1,0.143269527212104,0.344055068379908,0.00895789225193161,0.031704259350902,0.109368581558395,0.0485133525372786,0.943897541524681,-0.0748288355225049,0.132225124301252,-0.311463278501046,-0.421529500483744,-0.0515566567415535,0.4782633524579,1.72002154153809,0.296653956035478,0.377127143646338,-0.762858687880812,-1.02081619940143,-0.0668133408314477,1.04847614238921
ZZRM_098,ZZRM_098_D1,D1,0,M,77,NonProvincial,CAP,10,4,0,0,0.213072213367706,0.309432167742296,0.0,5.59444396971759e-19,0.0,0.000168146593893651,-0.719832852510466,0.229397463236593,0.0183444353469628,0.418035106638434,0.505848412859253,0.0141434611154033,-0.465379483971859,0.668853866774873,3.53073143600003,-1.15506574430811,1.06761882637482,1.26169145276228,0.0996100650923459,-1.05035971217352
ZZRM_101,ZZRM_101_D1,D1,0,M,41,NonProvincial,CAP,4,9,1,0,0.21506713963849,0.204777572730351,6.70581455196641e-20,0.0879215518333001,0.0298401660449805,0.0418533998069952,0.869708430887948,-0.669356373676464,1.81218361102674,0.310322125713422,0.278091347190308,0.516315190221795,-0.339495415311998,-1.69627340144237,0.758665024601843,0.377127143646338,0.797342437018616,0.701124678695229,1.37164932837773,-0.770370306625567
ZZRM_104,ZZRM_104_D1,D1,0,F,52,NonProvincial,CAP,3,5,1,0,0.185182631011357,0.183432034653628,0.0216925921753723,0.0326070222531549,0.0,0.0173059009129311,0.939619766037472,0.494154398225886,0.329005420972088,-0.189590902978318,-0.146594583109384,-0.2333736727981,0.0462626693779973,-0.973595625042659,0.296653956035478,-0.84862716671722,-0.457053154177515,-0.344133000756096,-0.527369699846069,0.0876268805284899
ZZRM_106,ZZRM_106_D1,D1,0,M,74,NonProvincial,CAP,1,4,0,0,0.190084249093352,0.355770342459597,0.0,0.0411356399141342,0.117952142230978,0.0674777285521196,0.495908589644179,-0.913381629324462,0.872604911120302,0.0508164817184013,-0.114717706463522,0.111966193631442,0.580178110030373,0.471759927756769,-0.627368181097252,-1.15506574430811,0.146183701328627,-0.265676080632802,0.347402502200852,1.27515337560116
ZZRM_107,ZZRM_107_D1,D1,0,F,82,NonProvincial,CAP,3,3,0,0,0.154680704883028,0.311205043572339,0.0630985406016356,0.0813405845648077,0.300629640333598,0.0163849928003371,2.72636062311429,0.543213732525842,-3.53767314525512,-0.458413212216134,-0.574875067140708,-0.543829208709832,0.674876588040902,0.99734376513838,0.296653956035478,-1.461504321899,-1.13158952384475,-1.39823777078454,-1.31377723395152,1.48578027101957
ZZRM_109,ZZRM_109_D1,D1,0,M,96,NonProvincial,CAP,0,4,0,0,0.214033897638491,0.319340082737582,0.0,0.0315667487227286,0.14682205202573,0.050724673742466,0.262997795239344,-0.394867374453791,0.8777666515264,0.273436673679684,0.1616488703468,-0.0527394430930208,0.356499933547883,1.9171154805562,-1.08937924966362,-1.15506574430811,0.704788441113604,0.41453078788957,-0.0698094288068139,0.777651822512643
ZZRM_111,ZZRM_111_D1,D1,0,M,65,NonProvincial,CAP,2,2,0,1,0.199985134918733,0.293787317170329,0.0,0.0,0.0,0.0,-0.525255068050257,0.450563309219288,0.186498328450309,0.190099277759654,0.207272145022808,0.0734498070741748,-0.141896469069883,-0.119521889297542,-0.165357112530887,-1.76794289948989,0.495675943490916,0.52682101182791,0.249837559491102,-0.330873775537732
ZZRM_112,ZZRM_112_D1,D1,0,M,38,NonProvincial,CAP,1,5,1,0,0.127000789748356,0.198469766957515,0.0511007155980185,0.152090800573978,0.0108953547130451,0.0353412770944798,3.28635155449415,-0.791198321294195,-1.28722480141863,-0.276416607029346,-0.477353746495658,-0.351054330661838,0.65324770209366,-1.89336734046048,-0.627368181097252,-0.84862716671722,-0.674918610993342,-1.15821355043295,-0.8254637753495,1.43767363621262
ZZRM_113,ZZRM_113_D1,D1,0,M,74,NonProvincial,CAP,1,2,0,0,0.187376938781518,0.326270738653358,0.0327950043305571,0.0846377987372374,0.0650297488539443,0.0059277645374383,1.09053466009991,-0.564642596518261,-2.07629427158152,-0.18189901615389,-0.263597276718337,-0.371861868082861,0.472495332061455,0.471759927756769,-0.627368181097252,-1.76794289948989,-0.437752459123032,-0.63210572432842,-0.87817085350167,1.03564700031284
ZZRM_114,ZZRM_114_D1,D1,0,M,40,NonProvincial,CAP,0,4,1,0,0.153115645213482,0.247082738043826,0.015952511741804,0.0504317353129408,0.037202165882933,0.0559009277596763,1.43098853837557,-0.252590327218264,0.82268452909031,-0.11269406265567,-0.358772919654777,-0.219063472616107,0.354538884862261,-1.76197138111507,-1.08937924966362,-1.15506574430811,-0.264101476702588,-0.86635664854865,-0.49112087212062,0.773290088247273
HNSR_023,HNSR_023_D1,D1,1,F,55,Provincial,CAP,1,10,0,1,0.200178566866059,0.381363466492137,5.27031481225641e-18,0.034226864836485,0.0324592227621529,0.0420774556104559,-0.179259175924141,-1.03600280502984,0.114510602672238,0.347799215771328,0.29158184453557,0.210660798736371,0.16118543596598,-0.776501686024555,-0.627368181097252,0.683565721237228,0.891380987409119,0.734328147290956,0.597403459027551,0.343236326929831
HNSR_034,HNSR_034_D1,D1,1,F,87,Provincial,CAP,4,6,0,1,0.214111707684491,0.380458022525269,0.00194338576006147,0.0156827625162528,0.173929768605944,0.0207971992442992,-0.254941403362408,0.0123989870484492,-0.448809042269162,0.0840270242208358,0.0225196425418024,-0.0115569170779767,0.529234455228087,1.32583366350189,0.758665024601843,-0.54218858912633,0.229516512648441,0.0720991615423477,0.0345090483516431,1.16184528366879
HNSR_058,HNSR_058_D1,D1,1,M,68,Provincial,CAP,2,3,0,1,0.228698958814708,0.29939234333087,0.0,0.0,0.0252404901391453,0.0,-0.774170178492425,0.260590686528003,0.09371453913771,0.542012523210393,0.607984498327442,0.369766949786816,-0.641026413600713,0.0775720497205614,-0.165357112530887,-1.461504321899,1.37870638727063,1.51307375687908,1.00043146605322,-1.44103090620673
HZSY_004,HZSY_004_D1,D1,1,M,85,NonProvincial,non-CAP,4,12,0,1,0.206631548791498,0.304924655877527,0.0,0.0274510928126096,0.0623552100266496,0.0430365897269059,0.0919011938784574,-0.433196974563097,0.897055128685367,-0.264796008590071,-0.342711090392632,0.0509633003603137,0.418590461562956,1.19443770415648,0.758665024601843,1.29644287641901,-0.645759884149526,-0.826824492702457,0.192877524156054,0.915752618063447
HZSY_007,HZSY_007_D1,D1,1,M,56,NonProvincial,non-CAP,0,7,0,1,0.189638328843869,0.360910618036038,0.0,0.0579293680405732,0.0423218635812548,0.0590316831761012,0.376915331635029,-1.31261327483391,0.647592854871895,-0.367684445226921,-0.358295138327521,-0.295020816494974,0.647770899875101,-0.710803706351854,-1.08937924966362,-0.235750011535441,-0.903930393608104,-0.865180709894266,-0.683526613321392,1.42549221711962
HZSY_010,HZSY_010_D1,D1,1,M,53,NonProvincial,CAP,5,18,0,1,0.216617684870567,0.348451834612621,6.60642449968854e-18,8.34808061094885e-18,0.00256698240500941,1.33558688742702e-17,-0.911176022948521,-0.0312752435635984,-0.381970018348958,0.239389338559974,0.286486363326971,0.0648803337956577,-0.563988979942386,-0.907897645369958,1.22067609316821,3.13507434196434,0.619355926626215,0.721786900963277,0.228130430546694,-1.26968543346691
HZSY_019,HZSY_019_D1,D1,1,M,72,NonProvincial,CAP,1,10,0,1,0.209933364216024,0.324048606453955,7.70101596146486e-18,0.0,5.67081014160212e-18,8.41355010973346e-18,-0.749848100150595,0.170713687545804,-0.128700766870218,0.138833427294904,0.126131029723626,-0.358519282702826,-0.443095714086117,0.340363968411367,-0.627368181097252,0.683565721237228,0.367038254310872,0.327112550033886,-0.844373067817191,-1.0007964946028
HZSY_021,HZSY_021_D1,D1,1,M,78,NonProvincial,CAP,2,10,0,1,0.206467886740375,0.329002703238218,2.4020474426e-18,2.03023077184661e-18,0.0255862304056743,0.0,-0.672145846441185,0.284582752586496,-0.180137336367119,0.479360496174104,0.447459677407137,0.0620635739502192,-0.60970628043968,0.734551846447574,-0.165357112530887,0.683565721237228,1.22149818907766,1.1179822555169,0.220995363176375,-1.37136914869605
HZSY_023,HZSY_023_D1,D1,1,M,80,NonProvincial,CAP,2,7,0,1,0.177440246657035,0.367441793244211,0.00126620276950016,0.072212914401634,0.0582697851672143,0.0894052495980932,0.898220134288125,-1.84729136209284,1.11635012472173,0.0256736248750161,-0.125624281448772,0.241395877243786,0.58924034598653,0.865947805792977,-0.165357112530887,-0.235750011535441,0.0830945498877153,-0.292519873766705,0.675257755387806,1.29530946115918
HZSY_024,HZSY_024_D1,D1,1,M,76,NonProvincial,CAP,9,5,0,1,0.218522868780338,0.294020531639751,0.0,1.09940564943898e-19,0.00108653302739036,5.60511351441936e-20,-0.709645215466408,0.282057636866513,0.163836230611276,0.0423519896944335,0.00114596816468127,-0.0584388486239449,-0.538602468670934,0.603155887102172,3.06872036743367,-0.84862716671722,0.12494436394955,0.0194932339925174,-0.0842464574018373,-1.2132211463216
JXSY_023,JXSY_023_D1,D1,1,M,84,NonProvincial,CAP,6,10,0,1,0.195009946517985,0.34044998126873,9.029525506056e-19,0.0,5.9065656154148e-19,0.026536032347151,-0.463753598439824,-0.242362854042524,0.260642954264631,0.502167268996642,0.301162525025636,0.485958223646913,-0.26986328630248,1.12873972448378,1.68268716173457,0.683565721237228,1.27872557391472,0.75790858436723,1.29475281836072,-0.61549559836449
JXSY_033,JXSY_033_D1,D1,1,F,49,NonProvincial,CAP,1,6,0,1,0.179258466132069,0.279173354860055,0.0101884521142915,0.0263602374166977,0.0861868178401934,0.0714643597611365,0.946067997637236,-0.446424496261664,1.14836351355971,0.0650083411637395,-0.00438799567251344,0.408036177445754,0.493550048947288,-1.17068956406076,-0.627368181097252,-0.54218858912633,0.181794307368832,0.00587277288010957,1.09737033643607,1.08247657714177
JXSY_037,JXSY_037_D1,D1,1,M,66,NonProvincial,CAP,2,13,1,1,0.149989994874021,0.269089280017389,1.47637486639665e-17,0.0,2.54330539902991e-18,1.25491455515987e-17,0.0784801855368537,1.06713278987462,0.489130214278334,-0.26707575645564,-0.293126968164891,-0.420556936161204,-0.20806897657402,-0.0538239096248412,-0.165357112530887,1.6028814540099,-0.651480290515194,-0.704785638010884,-1.00151917228145,-0.478053646961831
JXSY_040,JXSY_040_D1,D1,1,F,88,NonProvincial,CAP,1,9,0,1,0.20048071224312,0.353638037072279,0.0,0.0,0.0796782569951695,0.0596375335294545,-0.121531876564872,-0.585601981807894,0.776685003891227,0.393795393776102,0.250461649883434,0.498697180242397,0.310693811217379,1.39153164317459,-0.627368181097252,0.377127143646338,1.00679586877769,0.633121123054604,1.32702156632783,0.675770551130889
JXSY_041,JXSY_041_D1,D1,1,M,79,NonProvincial,CAP,4,10,0,1,0.198051029232182,0.358817062102048,2.76806845713197e-18,0.0,0.137392370555097,3.33242229798982e-18,-0.433792222367879,0.669180428535742,-0.494340807353399,0.214482156998318,-0.205718854817467,0.648160661094847,0.069272200200304,0.800249826120276,0.758665024601843,0.683565721237228,0.55685813811723,-0.489652535630325,1.7056239548174,0.138804324389813
JXSY_042,JXSY_042_D1,D1,1,M,76,NonProvincial,non-CAP,3,9,0,1,0.21619109886027,0.28006538323486,1.55518121683038e-18,4.39515951176616e-20,0.0461562501470921,0.000918878109842291,-0.510115680386569,0.57273092606801,0.315949148697429,0.121075496527385,0.245396043900491,-0.268943438149716,-0.507372337633275,0.603155887102172,0.296653956035478,0.377127143646338,0.322479563528525,0.62065340708622,-0.617470626462585,-1.14375957014674
JXSY_043,JXSY_043_D1,D1,1,M,64,NonProvincial,CAP,1,14,0,1,0.173651172881516,0.307444367201705,2.42077276645407e-18,7.27856372012688e-18,0.0572663195308933,5.28637910651555e-19,-0.175412602818968,0.861698230922631,0.0656637194583714,-0.316177593225501,-0.271559730661865,-0.357106797525448,0.401426746109675,-0.185219868970244,-0.627368181097252,1.90932003160079,-0.774687976709997,-0.651703303475619,-0.840795135209096,0.877577346657632
JXSY_045,JXSY_045_D1,D1,1,M,87,NonProvincial,CAP,4,7,1,0,0.224029221984235,0.329407815653116,0.0,1.01977344372535e-17,7.26469496631784e-20,0.0,-0.913456443328454,0.00682250972267177,-0.197887773689734,0.439591778290923,0.488412816846075,0.24553279849749,-0.377263623722453,1.32583366350189,0.758665024601843,-0.235750011535441,1.12170942279818,1.21877811533261,0.685736892222521,-0.854373773736464
JXSY_051,JXSY_051_D1,D1,1,M,56,NonProvincial,CAP,0,7,0,1,0.19245886205165,0.312817234475362,0.0,0.0,0.214083575124316,0.0483784100156548,0.373395388440396,0.523451395886879,0.939548978653627,0.381935247568508,0.202667098573961,0.605642942577991,0.585843043362187,-0.710803706351854,-1.08937924966362,-0.235750011535441,0.977036062051548,0.515486847398467,1.59792333328899,1.28775323301703
JXSY_056,JXSY_056_D1,D1,1,M,77,NonProvincial,CAP,0,9,0,1,0.189147969329097,0.377050647734789,0.0,1.73334906179401e-18,0.00194147347335632,4.60218977653398e-19,-0.754790938591978,0.0432793852495373,-0.639765863870292,0.353452192783892,0.499257139660782,-0.0639641938132534,-0.536590787554796,0.668853866774873,-1.08937924966362,0.377127143646338,0.905565593600021,1.24546869039481,-0.0982425778853868,-1.20874679618456
LSRM_010,LSRM_010_D1,D1,1,M,60,NonProvincial,non-CAP,1,11,0,1,0.173257742243972,0.334963447657535,3.21496622729822e-20,0.00563569201321603,0.0853858613218628,0.0178453170755939,-0.0279209923795142,0.454740345756194,0.139133857156672,-0.393118289512664,-0.343280865173589,-0.511319333122429,0.218877547127909,-0.448011787661049,-0.627368181097252,0.990004298828117,-0.96774969878344,-0.828226850122051,-1.23142724131994,0.471554231498684
LSRM_015,LSRM_015_D1,D1,1,M,83,NonProvincial,CAP,6,12,0,1,0.185087523762392,0.313883057143517,0.0,6.10043298396187e-18,0.0720695913798802,0.0,-0.280130295323996,0.780833442903238,-0.0145989412101445,-0.0169129116805116,0.236869219947463,-0.193522596348124,0.378324030655256,1.06304174481108,1.68268716173457,1.29644287641901,-0.0237647649002321,0.599666773005965,-0.426423885913527,0.826192642973608
LSRM_016,LSRM_016_D1,D1,1,M,61,NonProvincial,CAP,5,3,0,1,0.211046471217784,0.383839723180559,0.0,0.0,0.0844986010100164,0.0,-0.7983016280624,0.161073493046965,-0.749072108230315,0.317668774186564,0.126281082509861,-0.0324370015894485,0.506994823789524,-0.382313807988348,1.22067609316821,-1.461504321899,0.815776850458277,0.327481867253848,-0.0183817971098744,1.11238023815208
LXZY_011,LXZY_011_D1,D1,1,M,78,NonProvincial,CAP,0,14,0,1,0.0304091014688414,0.405094981133564,0.0440685151665675,0.0128271115931417,3.2460677558779e-20,0.00852822134139794,1.78764726477854,0.782815909661119,-3.22954395877135,-0.518853251657389,-0.536447202080827,-0.553366588513739,0.578377714013891,0.734551846447574,-1.08937924966362,1.90932003160079,-1.28324734161605,-1.30365723916576,-1.33793614389459,1.27114896252672
PHYY_014,PHYY_014_D1,D1,1,M,75,NonProvincial,non-CAP,5,6,0,1,0.216542976419313,0.331644671834247,0.0,1.42413935275954e-18,0.0415245890454524,0.0,-0.744740097194858,0.244866913276691,-0.220968669435855,0.494322585465697,0.577743926490195,0.0121200321084709,-0.439546108282261,0.53745790742947,1.22067609316821,-0.54218858912633,1.25904147714033,1.43864418978328,0.0944845652003692,-0.992901516075877
PHYY_016,PHYY_016_D1,D1,1,F,85,NonProvincial,CAP,6,16,0,1,0.211668234482238,0.305963511482456,1.58062881732414e-18,0.0,0.0149639585026666,0.0,-0.655697876663884,0.332542293092869,0.0482172415714546,0.563567018537325,0.597486965343525,0.533077715851864,-0.660075080961545,1.19443770415648,1.68268716173457,2.52219718678257,1.43279152279774,1.48723671782533,1.41411008336929,-1.48339865859683
PHYY_017,PHYY_017_D1,D1,1,M,84,NonProvincial,non-CAP,3,7,0,1,0.180407352022693,0.322677744155743,0.0,0.0260191858157938,0.0514593138067193,0.0216257522016208,0.0778042188882628,0.0303076679855139,0.316503515466693,-0.535335069241229,-0.497723521093193,-0.474973114187829,0.537032996500085,1.12873972448378,0.296653956035478,-0.235750011535441,-1.32460397392102,-1.2083486309894,-1.13935949859964,1.17919067898476
PHYY_018,PHYY_018_D1,D1,1,M,89,NonProvincial,non-CAP,2,16,0,1,0.217059579817174,0.316188918727387,0.0,0.0,0.0355574541383336,1.82432841436208e-18,-0.700998999627846,0.309682973769228,-0.0647997476922522,0.501887516065326,0.524608876739231,0.150402584844313,-0.62913996266487,1.45722962284729,-0.165357112530887,2.52219718678257,1.27802361012597,1.30786561946185,0.444764810606331,-1.4145932452141
PHYY_019,PHYY_019_D1,D1,1,M,75,NonProvincial,CAP,1,7,0,1,0.216470419411272,0.246668475701829,1.38727059691894e-17,0.0,0.028035333920602,1.1749631849789e-17,-0.427192652797123,0.713141085861642,0.636765863901814,0.612687995454859,0.592202976475813,0.695929275381928,-0.49614397963385,0.53745790742947,-0.627368181097252,-0.235750011535441,1.5560472359802,1.47423150727311,1.82662549553343,-1.1187856293216
PHYY_023,PHYY_023_D1,D1,1,M,88,NonProvincial,CAP,2,9,0,1,0.212380770746022,0.360405506940944,1.03225468026733e-17,2.70763937088044e-18,0.0,0.0,-0.924254439770313,-0.0774028047180093,-0.497091351733269,0.528835740680213,0.534259162748216,0.31980400971117,-0.0884776768945014,1.39153164317459,-0.165357112530887,0.377127143646338,1.34564284028674,1.33161737302871,0.873871530872294,-0.212060521203795
PHYY_024,PHYY_024_D1,D1,1,F,83,NonProvincial,CAP,1,4,0,0,0.20144778137647,0.36387879001549,0.0,0.0,0.0813718203100524,1.75595681406581e-19,-0.627406677722569,0.360072214898139,-0.5372155210252,0.29472305698035,0.10243009316295,-0.11304749153394,0.258778474207047,1.06304174481108,-0.627368181097252,-1.15506574430811,0.758200822532715,0.268778651539172,-0.222574311938483,0.560301258605715
PHYY_026,PHYY_026_D1,D1,1,M,61,NonProvincial,CAP,7,10,1,1,0.195231878283032,0.279911641598465,3.15379851695276e-18,0.0149911935460642,0.0,0.0,-0.286641190702583,0.41801639801776,0.314875226724891,-0.0183031738995799,-0.041720008972027,0.0012808940806146,-0.00067303006251862,-0.382313807988348,2.14469823030094,0.683565721237228,-0.0272532492927466,-0.0860105950552464,0.067028202461395,-0.0167667788537455
PHYY_029,PHYY_029_D1,D1,1,M,90,NonProvincial,CAP,3,6,0,1,0.220853215929774,0.292432013289124,0.0,7.51066006471797e-18,5.62482129858157e-19,2.3409028282607e-18,-0.729184365075798,0.265530241950441,0.177518314727794,0.437438587706423,0.441634691004533,0.158965714510696,-0.577719048072884,1.52292760251999,0.296653956035478,-0.54218858912633,1.11630657746072,1.10364551550358,0.466455870697719,-1.3002236394124
PHYY_031,PHYY_031_D1,D1,1,F,78,NonProvincial,CAP,3,5,0,1,0.209585048336162,0.340255650207214,3.00611519404493e-19,9.7633246882742e-20,0.127922775772201,4.57827624942081e-19,-0.496535090831865,0.635732198955264,-0.31813603392575,0.442302690511423,0.280063028352116,-0.0192986849195418,0.0348194609155656,0.734551846447574,0.296653956035478,-0.84862716671722,1.12851171868235,0.705977476324656,0.0148985603633307,0.0621750726145376
SLTD_009,SLTD_009_D1,D1,1,F,78,Provincial,non-CAP,3,6,0,1,0.225475990401834,0.313747813563731,0.0,0.000749660157425007,0.0745920570021568,0.0547475336449077,-0.251556031774185,-0.517574524236904,1.05195593989502,0.232124089052236,0.283834730854464,0.153224227079375,-0.546314870203946,0.734551846447574,0.296653956035478,-0.54218858912633,0.601125761720739,0.715260574077395,0.451912245441682,-1.2303749509576
SLTD_011,SLTD_011_D1,D1,1,M,69,Provincial,non-CAP,3,13,0,1,0.201999070318485,0.356261779431262,0.00287129482681354,0.0195865758265535,0.116309968038576,0.044884139451324,0.062361328902016,-0.43471791286894,0.248450985956463,-0.232921904622381,-0.389540914307218,0.0338139354808791,-0.0316971648145923,0.143270029393263,0.296653956035478,1.6028814540099,-0.565780501345619,-0.942084334344802,0.149436875862557,-0.0857701812647644
SLTD_013,SLTD_013_D1,D1,1,M,72,Provincial,non-CAP,0,8,0,1,0.215832540299738,0.297798473781817,0.0,0.0202202566800485,0.0425355855602665,0.0134742570300805,-0.311759792500742,0.0180328147269069,0.37127114412324,-0.2782528071033,-0.224876878834743,-0.393839015523026,-0.429568959345561,0.340363968411367,-1.08937924966362,0.0706885660554489,-0.679526054978848,-0.536805196687496,-0.933840642975181,-0.97071049516601
SLTD_014,SLTD_014_D1,D1,1,M,78,Provincial,CAP,0,4,0,1,0.208371640914875,0.379542625642631,0.0,1.05678176237651e-18,0.055834063229955,0.0,-0.824681846668364,0.0865176572492711,-0.696946409771583,0.258757398982898,0.31176671660122,-0.294145162089227,-0.345697887297016,0.734551846447574,-1.08937924966362,-1.15506574430811,0.667954799250352,0.78400813673745,-0.681308513972866,-0.784165749230027
SLTD_018,SLTD_018_D1,D1,1,F,55,Provincial,non-CAP,1,10,0,1,0.21949952744052,0.275601253627358,0.0,0.0,4.30891040377509e-18,4.64486996823482e-18,-0.646230265749324,0.382437055982752,0.348297144368257,0.427875563385743,0.272942696660372,0.254258624247829,-0.658447356890413,-0.776501686024555,-0.627368181097252,0.683565721237228,1.09231077247489,0.688452569446333,0.707840073894595,-1.47977829980224
SLTD_022,SLTD_022_D1,D1,1,F,74,Provincial,non-CAP,2,16,1,1,0.170738725129337,0.349828731376343,0.0788054715887147,0.131194532194325,0.138716678094516,0.0619536502702707,3.1168651338266,-1.96467474541329,-3.98058351007065,-0.524394591597511,-0.508717941948017,-0.334619166994447,0.633695910444228,0.471759927756769,-0.165357112530887,2.52219718678257,-1.29715182497868,-1.23540863465261,-0.78383225315958,1.39418684253332
TZEZ_017,TZEZ_017_D1,D1,1,F,54,NonProvincial,non-CAP,2,11,1,1,0.0993384518008086,0.217112862242323,1.42815612888155e-17,4.92349038855287e-18,0.00474245712102578,4.96877382033593e-18,0.812963240306739,1.87977122142053,1.06589229699357,-0.510735033463542,-0.4489319398137,-0.580921759307351,0.548896193081889,-0.842199665697257,-0.165357112530887,0.990004298828117,-1.26287688410391,-1.08826041664951,-1.40773549165632,1.2055766180015
TZEZ_018,TZEZ_018_D1,D1,1,M,90,NonProvincial,non-CAP,2,12,0,1,0.217114518883706,0.350367019772691,0.00867115194195452,0.00129887166021417,0.141558319038116,4.55253283255115e-18,-0.393512261685315,0.496789775016276,-0.951556417020641,0.316917514630766,0.173079268015111,0.0588603626669865,-0.470658043170722,1.52292760251999,-0.165357112530887,1.29644287641901,0.813891769213039,0.442663838903417,0.212881384860389,-1.06210020219718
TZEZ_032,TZEZ_032_D1,D1,1,M,89,NonProvincial,CAP,2,11,0,1,0.127645201822977,0.269653506433414,0.0257705558945915,0.12801575726195,1.0372740291758e-20,0.117718229662529,2.86658616381925,-2.26853621147981,1.21208857204671,-0.580088294964241,-0.585402363811765,-0.520935271654276,0.644823766848053,1.45722962284729,-0.165357112530887,0.990004298828117,-1.436900005064,-1.42414806567356,-1.2557851465083,1.41893724925833
TZEZ_033,TZEZ_033_D1,D1,1,M,82,NonProvincial,CAP,2,3,0,1,0.184331965947487,0.295239615978239,3.21764545052912e-19,0.074101438100496,0.0225637814925941,0.0719898314133815,0.895721138107564,-1.33813993301857,1.56325777803706,-0.385649539438624,-0.446775688339606,-0.0883688221196475,0.654950520879883,0.99734376513838,-0.165357112530887,-1.461504321899,-0.949008904631427,-1.08295334558517,-0.16006136140564,1.44146101951526
TZEZ_034,TZEZ_034_D1,D1,1,M,72,NonProvincial,CAP,2,2,0,1,0.213956324212717,0.288437276981417,0.0,0.0,0.00500111997478431,0.0,-0.631098905140519,0.376212535313274,0.224131163808021,0.204628516706368,0.410937948705969,-0.369450055561589,-0.370888408119723,0.340363968411367,-0.165357112530887,-1.76794289948989,0.532133111502497,1.02809319946837,-0.872061548566881,-0.840194117439594
TZEZ_040,TZEZ_040_D1,D1,1,M,86,NonProvincial,CAP,2,6,0,1,0.209058720372471,0.314374364099775,0.0,2.36157507726352e-19,0.0815676155491567,0.0297870992849812,-0.270484365545369,0.0925251686650172,0.556591521695481,0.0346466502575014,-0.0581321816374121,-0.360396797047097,-0.380317197250657,1.26013568382918,-0.165357112530887,-0.54218858912633,0.105609913227888,-0.126405033135333,-0.849128954747632,-0.8611654849201
TZEZ_042,TZEZ_042_D1,D1,1,M,86,NonProvincial,CAP,1,7,0,1,0.202242808395737,0.286402638518552,9.14007899657947e-18,0.0,0.181906267683116,8.59619957572202e-19,-0.067270608467734,1.27498868220757,0.220264842739075,0.213300792434439,-0.17443188088529,0.53472554712249,0.10504695246885,1.26013568382918,-0.627368181097252,-0.235750011535441,0.553893825495886,-0.412647512774202,1.4182841655687,0.218373977070489
TZEZ_057,TZEZ_057_D1,D1,1,M,81,NonProvincial,CAP,1,7,0,1,0.193955290234628,0.29227565808148,0.0180857550079234,0.0367833558100089,0.132513709385869,0.00319321289735818,0.587002439114545,0.536027993230281,-0.87794233007017,-0.329628795089645,-0.526903278446393,-0.125511118961188,0.286404216011452,0.931645785465678,-0.627368181097252,-0.235750011535441,-0.808440104272722,-1.28016726985138,-0.254145630138001,0.621746007794243
WZZX_016,WZZX_016_D1,D1,1,M,83,NonProvincial,non-CAP,2,13,0,1,0.186067224800297,0.334741328324994,4.36045395825841e-18,0.0,8.93181860428754e-19,0.00298881612159611,-0.531338928099346,0.274988559463021,-0.149788509987189,0.438911063015011,0.472717047666149,0.505950627365146,-0.465619713182779,1.06304174481108,-0.165357112530887,1.6028814540099,1.12000135321016,1.18014692437548,1.34539510071759,-1.05089402628234
WZZX_019,WZZX_019_D1,D1,1,F,80,NonProvincial,CAP,4,13,0,1,0.198783622024735,0.268454353545618,6.48428316735193e-19,0.0292385789312677,0.0734357424042667,0.0705098812104841,0.575420578513578,-0.570602566381393,1.82534135383915,0.367533099007219,0.430135177582457,0.30648784302703,-0.419517042869739,0.865947805792977,0.758665024601843,1.6028814540099,0.940897792748364,1.07534235343298,0.840140665758041,-0.948353177447851
WZZX_020,WZZX_020_D1,D1,1,M,58,NonProvincial,CAP,7,14,0,1,0.212045857108341,0.332570051975241,4.69810938742783e-18,7.06365235953296e-18,0.038108417569668,0.0,-0.711857883049021,0.265799449283338,-0.22468930533407,0.536291367287123,0.448788631860877,0.710315487193473,-0.58857183845187,-0.579407747006452,2.14469823030094,1.90932003160079,1.36435070467225,1.12125314289345,1.86306686650983,-1.32436224852393
WZZX_021,WZZX_021_D1,D1,1,M,50,NonProvincial,CAP,0,7,0,1,0.226342783748176,0.338180230102056,0.0,1.21516499435313e-18,0.0518363925930954,0.03057088384844,-0.609688198578139,-0.359263027256855,0.320500818613598,0.613725412385014,0.539440653414811,0.61331079450667,-0.3469941829741,-1.10499158438806,-1.08937924966362,-0.235750011535441,1.55865035121971,1.34437031002015,1.6173465866364,-0.787048950098135
ZDFE_104,ZDFE_104_D1,D1,1,M,66,Provincial,non-CAP,1,9,0,1,0.203532791141052,0.360394491994549,7.044752520069e-18,0.0116498198326164,0.0849314615098126,3.41309098207108e-20,-0.521265489354606,0.251604158702903,-0.51788169037117,0.00221465746036947,-0.0231985773355127,-0.0793094380054005,0.310381266450851,-0.0538239096248412,-0.627368181097252,0.377127143646338,0.0242306603508578,-0.0404247461460594,-0.137113250975344,0.67507539387772
ZDFE_107,ZDFE_107_D1,D1,1,M,73,Provincial,CAP,2,5,0,1,0.193776347483654,0.375233168259789,0.0,0.0104973168838901,0.0767845916933564,0.00323861433203238,-0.490027173893774,0.171843378472186,-0.587937618435343,-0.322401843859328,-0.0723684490087536,-0.476285024471912,0.565023243548685,0.406061948084068,-0.165357112530887,-0.84862716671722,-0.790306038463668,-0.161444027212947,-1.14268266733761,1.24144615512014
ZDFE_110,ZDFE_110_D1,D1,1,M,52,Provincial,CAP,1,7,0,1,0.225749748179605,0.32591432266481,0.0,0.0,0.05178792362585,1.65616428862639e-17,-0.788158048976565,0.24016791804725,-0.175448459649677,-0.123860951766291,0.166440579343215,-0.253221543155272,-0.256463520834886,-0.973595625042659,-0.627368181097252,-0.235750011535441,-0.292121743556598,0.42632437526522,-0.577645868183638,-0.585692046511626
ZDFE_112,ZDFE_112_D1,D1,1,F,74,Provincial,CAP,1,8,1,1,0.200506274643418,0.340333669547091,8.8483254418731e-18,5.30989169357766e-18,0.0172966739487192,3.83918908081417e-17,-0.679505411815376,0.233149923212823,-0.285927686579351,-0.50878915258158,-0.519566950911816,-0.257572441930471,0.441276103924132,0.471759927756769,-0.627368181097252,0.0706885660554489,-1.25799422600293,-1.26211074349301,-0.588667026388784,0.96620967420088
ZDFE_119,ZDFE_119_D1,D1,1,M,72,Provincial,CAP,0,5,0,1,0.175130908064959,0.344216758157785,3.09819325114911e-18,3.82029431584171e-20,0.102433685207873,0.0146847197367954,-0.117214503331332,0.569641741070441,-0.0174982312623494,0.0459722231336881,0.000323265400069064,0.089113171621226,0.615721017656415,0.340363968411367,-1.08937924966362,-0.84862716671722,0.134028353773112,0.0174683579105386,0.289514055685853,1.35420736300088
ZDFE_120,ZDFE_120_D1,D1,1,M,57,Provincial,CAP,2,10,0,1,0.176141408852486,0.368593980475738,0.0280934588248746,0.0766427412996953,0.171071360237711,0.0300740817830824,1.31069700327195,-0.550934531627519,-1.73209556532455,-0.537023670147682,-0.531897425514046,-0.513902173910021,0.604698940194077,-0.645105726679153,-0.165357112530887,0.683565721237228,-1.3288410579952,-1.29245910765983,-1.23796977388839,1.3296922281674
ZDFE_121,ZDFE_121_D1,D1,1,F,57,Provincial,CAP,3,8,0,1,0.20487918735173,0.323855560538303,3.7552467538113e-18,3.05742134763609e-20,0.0210517992022068,2.06833118983368e-19,-0.646205605991397,0.311292980341411,-0.125688076316518,0.168820394196395,0.349536526006262,0.280421872929156,-0.0958618089905092,-0.645105726679153,0.296653956035478,0.0706885660554489,0.442282380620229,0.876969029753551,0.774113576859347,-0.228484194016875
ZDFE_123,ZDFE_123_D1,D1,1,M,83,Provincial,CAP,5,12,1,1,0.232037448213964,0.293621914540531,4.99998755781098e-18,1.45398966075865e-18,5.12167470927241e-19,5.77787349055782e-20,-0.846377493458813,0.154480080431483,0.153428385286183,0.503350412010568,0.501532533325777,0.392977606018709,-0.691048907056272,1.06304174481108,1.22067609316821,1.29644287641901,1.28169434907208,1.25106900001757,1.05922582730913,-1.55229016526747
ZDFE_124,ZDFE_124_D1,D1,1,M,43,Provincial,CAP,7,8,1,1,0.204708344699125,0.314988653729344,0.0,0.0187280925402713,0.00880467208960788,0.0,-0.471223329462397,0.110838175696068,-0.0541778968634206,0.345798009658319,0.403755607707877,0.294758953720682,-0.574047062271381,-1.56487744209697,2.14469823030094,0.0706885660554489,0.886359505708987,1.01041567226751,0.810430495217473,-1.29205646518068
ZDFE_125,ZDFE_125_D1,D1,1,F,82,Provincial,CAP,2,2,0,0,0.207012110021519,0.334521555372864,0.0,0.0741925893272253,0.129049620523384,0.046710290579676,0.576284602067517,-0.896454897119868,0.608447147063119,-0.519155048332668,-0.567348548295622,-0.490465283265746,0.165864829254411,0.99734376513838,-0.165357112530887,-1.76794289948989,-1.28400461817653,-1.37971313631688,-1.17860234362326,0.353644161369096
ZDFE_126,ZDFE_126_D1,D1,1,M,85,Provincial,CAP,5,8,0,1,0.203697918558505,0.292664248768531,0.0555246709946278,0.133161873785125,0.0829300706740855,0.0547140717902251,2.37566711576949,-1.91919829041236,-2.1843643986353,-0.47558075951396,-0.55623219821002,-0.574408653807188,0.452338588491288,1.19443770415648,1.22067609316821,0.0706885660554489,-1.17466680810438,-1.35235303449705,-1.39123729902236,0.990814681894193
ZDFE_130,ZDFE_130_D1,D1,1,M,67,Provincial,CAP,2,4,1,1,0.199394158307904,0.366438592937335,0.0,0.0321390607866732,1.0326254767648e-18,0.0532152108978041,-0.123269409438888,-1.24496721927163,0.50045149831979,0.361450323186494,0.139845836948805,0.533870828761823,-0.402436169725943,0.0118740700478601,-0.165357112530887,-1.15506574430811,0.92563472350666,0.360868101022346,1.41611909881802,-0.910362162630133
ZDFE_131,ZDFE_131_D1,D1,1,M,62,Provincial,CAP,1,5,0,1,0.211252353257095,0.346114897568775,0.0,1.47212125754377e-05,0.0819956153475202,0.00682933786749215,-0.59849534611395,0.266177130308979,-0.230785641691909,0.224260859102667,0.130135341552234,0.245040168145849,0.488313741681289,-0.316615828315646,-0.627368181097252,-0.84862716671722,0.581395127760041,0.336968157180599,0.68448902199556,1.07083006321605
ZDFE_132,ZDFE_132_D1,D1,1,F,70,Provincial,CAP,1,8,0,1,0.213943887292624,0.322668629133269,0.0,0.0574033706918271,0.082722544024284,0.0816007806719802,0.559174225968077,-1.49999209370353,1.45578623899782,-0.297566172979175,-0.434389846376147,-0.15455987291966,0.0509901150251099,0.208968009065964,-0.627368181097252,0.0706885660554489,-0.727987686533552,-1.05246870857438,-0.327728337891079,0.0981415922834124
ZDFE_134,ZDFE_134_D1,D1,1,M,73,Provincial,non-CAP,1,12,0,1,0.208933727755817,0.230432858279711,6.11182399250292e-19,0.00710490619435162,0.00685099835330075,0.0199240790885697,-0.120613990135224,0.37581472680817,1.20900948718873,-0.272765114144126,0.0234584646962029,-0.352825851242858,-0.189500067572597,0.406061948084068,-0.627368181097252,1.29644287641901,-0.665756184103827,0.0744098363175484,-0.829951171999218,-0.436752965721296
ZDFE_139,ZDFE_139_D1,D1,1,M,76,Provincial,non-CAP,5,10,0,1,0.209650569762373,0.382268430969197,0.0,0.0,0.0325094064100666,0.0,-0.906484339006282,-0.0447616007739252,-0.720871009448473,0.0655512912508786,-0.0946376111237901,-0.256074513513593,-0.0905639293393706,0.603155887102172,1.22067609316821,0.683565721237228,0.183156692736801,-0.216253972763209,-0.584872659542904,-0.216700731741002
ZDFE_140,ZDFE_140_D1,D1,1,M,64,Provincial,CAP,0,10,0,1,0.223074393412301,0.319579745941484,0.00873629148359317,0.0077097512395573,0.0666321387901896,0.0,-0.453417379528806,0.233158516395961,-0.643519049117102,0.389210615271083,0.36338318055712,0.499322473782358,0.414257263023301,-0.185219868970244,-1.08937924966362,0.683565721237228,0.995291615811217,0.911049089796464,1.32860548252185,0.906114784649296
ZYCZ_019,ZYCZ_019_D1,D1,1,M,77,Provincial,non-CAP,2,11,1,1,0.174071222658282,0.245082010060902,0.0,1.08552236583008e-18,0.0,0.0,-0.0643554546210392,0.992768552367421,0.704539545644667,-0.418019997901929,-0.39164468802553,-0.456558180289254,0.489414949695701,0.668853866774873,-0.165357112530887,0.990004298828117,-1.03023375385696,-0.947262244602723,-1.0927130675242,1.07327935311128
ZYCZ_020,ZYCZ_020_D1,D1,1,M,54,Provincial,CAP,2,10,1,1,0.211727896749687,0.330313560713237,0.0,0.0,0.0,0.0267929438834013,-0.58785322538543,-0.338833096051862,0.349705708691795,0.61847437436228,0.592576262805396,0.744825958550863,-0.635153951068463,-0.842199665697257,-0.165357112530887,0.683565721237228,1.57056657789344,1.47515025775386,1.95048452070394,-1.42796946554143
ZYCZ_021,ZYCZ_021_D1,D1,1,M,61,Provincial,non-CAP,7,17,1,1,0.143976545628104,0.237206616031714,0.0,0.0,0.196745320954407,0.0,0.757194417418684,2.18535127131575,0.775195545776697,-0.332821637414706,-0.241272223606527,-0.398524371962711,0.0792391100184753,-0.382313807988348,2.14469823030094,2.82863576437345,-0.816451672497743,-0.577158217136904,-0.945709007935455,0.16097257161004
ZYCZ_023,ZYCZ_023_D1,D1,1,M,82,Provincial,CAP,3,8,1,1,0.22297740558072,0.29575573893027,0.0,4.06985480699352e-18,0.0,0.0,-0.764208928870152,0.225231376232848,0.141780829860375,0.370804671764188,0.354981102073657,0.529109308668315,-0.492784586516576,0.99734376513838,0.296653956035478,0.0706885660554489,0.949106913549554,0.890369485336776,1.40405780551773,-1.11131371892086
ZYCZ_024,ZYCZ_024_D1,D1,1,M,63,Provincial,CAP,1,14,0,1,0.18650904982241,0.239909737187495,2.5031742511218e-18,0.0110349317774963,0.155203441772159,0.00365502943035745,0.342713169915256,1.41007614565564,0.772691536722064,-0.472662099659405,-0.449237913426057,-0.437566541023283,0.446088596231365,-0.250917848642945,-0.627368181097252,1.90932003160079,-1.16734322611385,-1.08901349379478,-1.04460579779905,0.976913545426612
ZYCZ_029,ZYCZ_029_D1,D1,1,M,75,Provincial,CAP,7,14,1,1,0.158494561023041,0.296637021090162,0.0,2.98002134879798e-19,0.0295129815818603,3.28134507557197e-19,-0.0473908520983663,0.947214052203758,0.196615668805811,0.210184418823014,0.282561920115035,0.499040244938714,0.0948191851255852,0.53745790742947,2.14469823030094,1.90932003160079,0.546074134681022,0.712127870342809,1.32789057535058,0.195625534562953
ZYCZ_033,ZYCZ_033_D1,D1,1,M,63,Provincial,CAP,4,4,1,1,0.193009467988007,0.31632398772421,0.0,0.0232614081079279,5.57452665528532e-19,0.0766784570338704,0.248436980334983,-1.17637134366853,1.49704078801583,0.426470334332502,0.489017402525152,0.616291628581484,-0.367972482793093,-0.250917848642945,0.758665024601843,-1.15506574430811,1.08878473288833,1.22026615102877,1.62489726653478,-0.833708561264639
ZYCZ_035,ZYCZ_035_D1,D1,1,M,59,Provincial,CAP,3,8,1,1,0.187159749746288,0.198737512304308,2.87237200234787e-18,2.29180789957855e-18,0.0482530499562027,0.0,0.114657851503014,1.37089770604857,1.1464666503668,-0.396920240109415,-0.427759346825312,-0.167145276042597,0.582124587059755,-0.51370976733375,0.296653956035478,0.0706885660554489,-0.977289658321984,-1.03614940039947,-0.359608123209018,1.27948269981328
ZYCZ_037,ZYCZ_037_D1,D1,1,M,45,Provincial,CAP,0,11,0,1,0.166435933842922,0.247367423893586,0.0,0.0,0.122756313387523,0.00816511699362686,0.369432280000559,1.4505691258181,0.829721991692397,-0.299957197086114,-0.272341964539371,-0.384689606735198,0.293312420059481,-1.43348148275157,-1.08937924966362,0.990004298828117,-0.733987310320188,-0.65362857556319,-0.910664493185395,0.637111128777407
ZYQC_040,ZYQC_040_D1,D1,1,M,67,Provincial,CAP,1,5,1,1,0.214951143348304,0.319437205532971,0.0,0.0,0.0327308631196664,0.0,-0.700213054837713,0.296661969982786,-0.0945999842916566,0.57167348270229,0.570932362756492,0.685655500838671,-0.563339032234936,0.0118740700478601,-0.627368181097252,-0.84862716671722,1.45313248677568,1.42187923762982,1.80060124159062,-1.26823982979217
ZYQC_046,ZYQC_046_D1,D1,1,M,71,Provincial,CAP,1,10,1,1,0.213563683004185,0.302195311196758,0.0,0.0387612085435648,0.081728382991819,0.0441589743985004,0.190997213219687,-0.537104335008544,0.923365070438318,0.293070164495018,0.398916114021352,0.179330789901175,-0.431099024672224,0.274665988738665,-0.627368181097252,0.683565721237228,0.754053339015937,0.99850447488707,0.51804215880389,-0.974113642886152
ZYQC_047,ZYQC_047_D1,D1,1,F,68,Provincial,CAP,6,3,0,1,0.210927061840815,0.280893638332676,0.0,0.0,0.0996018467322491,0.000258422499105218,-0.333474430089992,0.862501965260921,0.28874066185564,0.408532766223284,0.533102370304592,0.30812947256979,-0.652210126321486,0.0775720497205614,1.68268716173457,-1.461504321899,1.04377529112229,1.32877021916991,0.844299038508088,-1.4659055476911
ZYQC_049,ZYQC_049_D1,D1,1,F,60,Provincial,CAP,2,5,0,1,0.206591223819025,0.315367695088374,0.0,0.0,0.0848755525698524,0.0,-0.470450460030463,0.628587774473984,-0.055517013439444,0.106259367000343,0.0369000194140969,-0.38355638131127,0.0909849894790394,-0.448011787661049,-0.165357112530887,-0.84862716671722,0.285302521741978,0.107492844936951,-0.907793946816815,0.187097575693658
ZYQC_053,ZYQC_053_D1,D1,1,F,76,Provincial,CAP,1,6,0,1,0.2088194590318,0.268001147134369,4.90217298547969e-18,0.0121240848284951,0.099663143140444,0.00285372624494976,-0.130956954598927,0.78672708487867,0.460109962429799,0.374634948525095,0.492463734969758,0.0955950986918441,-0.508957508071362,0.603155887102172,-0.627368181097252,-0.54218858912633,0.958717949882246,1.22874843216091,0.305933270981487,-1.1472852818065
ZYQC_054,ZYQC_054_D1,D1,1,M,51,Provincial,CAP,2,7,1,1,0.214140404364381,0.237825655001787,1.40853462102823e-17,0.00317585876876751,6.03394169236489e-18,0.00327204006393672,-0.3832813371497,0.576432577189066,0.797007741723204,0.335295980627003,0.216945192201857,0.600344239985347,-0.419413469818732,-1.03929360471536,-0.165357112530887,-0.235750011535441,0.86000752414537,0.550628786294233,1.58450131577656,-0.948122811863938
ZYQC_056,ZYQC_056_D1,D1,1,M,72,Provincial,CAP,5,7,1,1,0.201136976152125,0.349183744857163,3.48381498846054e-18,0.0367178619752129,0.0283883723591462,0.0346252714113367,-0.101370060307906,-0.763981766298661,0.284189141092081,-0.19974604762858,-0.0839933336471653,-0.470633988287945,0.246303130113794,0.340363968411367,1.22067609316821,-0.235750011535441,-0.482534723862914,-0.190055759022525,-1.12836816198494,0.532553790527653
ZYQC_061,ZYQC_061_D1,D1,1,M,58,Provincial,non-CAP,2,19,0,1,0.193801259527528,0.268279201304778,0.0,1.00697660443896e-17,0.0,0.0,-0.358044846659911,0.666047304817232,0.449802783898039,0.175969362159279,0.268413923513273,-0.134624974821088,-0.353399890357535,-0.579407747006452,-0.165357112530887,3.44151291955523,0.460220768658869,0.677306132579075,-0.277231721651648,-0.801296425743749
ZYQC_063,ZYQC_063_D1,D1,1,M,83,Provincial,CAP,8,11,0,1,0.184379918617126,0.386060170049332,0.0,1.51335664729558e-17,0.00788268710839092,1.13128504516903e-17,-0.729345533061764,0.0577278950378343,-0.726475277428629,0.0215638909741339,-0.0632343103266217,-0.285120292444139,0.290559602209744,1.06304174481108,2.6067092988673,0.990004298828117,0.0727822919740797,-0.138962640565798,-0.6584478313235,0.630988353738952
ZYQC_064,ZYQC_064_D1,D1,1,M,47,Provincial,CAP,1,16,0,1,0.201284147011654,0.322085842024614,6.00600463603038e-19,1.22313832243324e-18,0.280741125224389,7.17145861746762e-19,0.0399123486902338,1.49704803829038,-0.15834443699677,-0.0634293326454726,0.0757107282389813,-0.0311382592291826,0.107971280964008,-1.30208552340617,-0.627368181097252,2.52219718678257,-0.140485054286109,0.203015650261659,-0.0150919837265325,0.224878223443384
ZYQC_065,ZYQC_065_D1,D1,1,F,56,Provincial,CAP,7,7,1,1,0.202382260679122,0.350949650055153,2.21004993924448e-17,1.53350006685444e-18,2.65641689681002e-21,0.0,-0.784900171374283,0.0739092087190764,-0.391133556069475,-0.235246648293241,-0.0905952723724755,-0.30589271901759,-0.427340459405841,-0.710803706351854,2.14469823030094,-0.235750011535441,-0.571613812429787,-0.206304771903709,-0.711065971022767,-0.965753899942895
ZYQC_066,ZYQC_066_D1,D1,1,M,48,Provincial,non-CAP,2,10,1,1,0.174098930692763,0.210362449341938,0.0,1.02029041690561e-17,0.125433089948038,5.82452304068056e-18,0.388899613499645,1.75912759856479,1.02752274848123,-0.424626018070768,-0.368723717034018,-0.478586070670751,0.356868919738289,-1.23638754373346,-0.165357112530887,0.683565721237228,-1.04680976228153,-0.890848035324699,-1.14851139273553,0.778472515910998
ZYQC_071,ZYQC_071_D1,D1,1,M,74,Provincial,CAP,2,7,0,1,0.192469297916976,0.291581575188339,2.86406823619846e-19,1.66423689786128e-17,0.0451551902329328,0.0274969739839186,-0.117707330676247,0.266388455688452,0.765033261128588,0.414522641833247,0.290824401068507,0.59017693175742,-0.440852772901708,0.471759927756769,-0.165357112530887,-0.235750011535441,1.05880525258702,0.732463890568019,1.5587467491249,-0.995807779385796
ZYQC_074,ZYQC_074_D1,D1,1,M,71,Provincial,CAP,2,6,0,1,0.203874928907892,0.398911975195188,1.09806679711749e-18,0.0189024734948538,0.0867287947789842,0.0487233828634794,-0.239997191601468,-0.886907068361802,0.0741188702773352,0.20958267415536,0.0801905998850409,0.160773813485199,0.412558654997756,0.274665988738665,-0.165357112530887,-0.54218858912633,0.544564220326307,0.214041728374714,0.471035923205985,0.902336766855667
ZYQC_075,ZYQC_075_D1,D1,1,F,77,Provincial,non-CAP,8,9,1,1,0.222260714214915,0.346629118488389,2.07570244064083e-18,0.0,0.0464647843484747,0.000290745465052154,-0.849439487738519,0.115742753996774,-0.373040903592149,0.521761623732167,0.47150371549516,0.456343844529496,-0.457047925650746,0.668853866774873,2.6067092988673,0.377127143646338,1.32789227048372,1.17716061218813,1.21973733897041,-1.03182878855109
ZYQC_077,ZYQC_077_D1,D1,1,M,71,Provincial,CAP,4,9,1,1,0.198351690591336,0.282609703122746,0.0102930509289677,0.107468788737705,0.00536187496146412,0.0918629165417415,1.42239612864976,-2.22627645356832,1.42894332540567,0.041809311859321,-0.24073470924701,0.457870715753816,0.519580245315465,0.274665988738665,0.758665024601843,0.377127143646338,0.123582661723892,-0.575835260636546,1.22360502015345,1.14037253875955
ZYQC_078,ZYQC_078_D1,D1,1,F,34,Provincial,CAP,3,6,1,1,0.200250630153213,0.378908245632606,0.0,0.0466097730915349,0.0442156752341671,0.0335316850539266,-0.0959746734483779,-0.959289928744001,-0.0501545784986563,-0.368161073562489,-0.43584101310524,-0.291315312255295,0.158032039011668,-2.15615925915128,0.296653956035478,-0.54218858912633,-0.905126362603631,-1.05604039075062,-0.674140288664028,0.336222590020197
ZYQC_081,ZYQC_081_D1,D1,1,M,60,Provincial,CAP,7,7,0,1,0.200838460652019,0.26181539918737,1.04667137345698e-17,0.0409814325016696,0.0347107311882538,1.2097909728584e-18,0.0493638101365427,0.348847372434237,0.455215448376072,0.0197737624378376,-0.225063942661126,0.432328579163232,0.180418367461373,-0.448011787661049,2.14469823030094,-0.235750011535441,0.0682904519644665,-0.537265607280652,1.15890484145315,0.386013916768383
ZYQC_082,ZYQC_082_D1,D1,1,M,69,Provincial,CAP,1,10,0,1,0.225877632789914,0.31392928938227,1.50969872766287e-18,2.18191223827122e-18,0.0753495611753171,8.3343765963975e-18,-0.681734153033618,0.41686003223779,-0.0599531916434366,0.408328681419933,0.431645438344222,0.281787079697193,-0.503822672790106,0.143270029393263,-0.627368181097252,0.683565721237228,1.043263195892,1.0790594807183,0.777571749653217,-1.13586446030549
ZYQC_083,ZYQC_083_D1,D1,1,M,73,Provincial,CAP,2,6,0,1,0.211921709104785,0.381939392520028,0.0,0.0,0.0763106981477197,0.0,-0.819522362352262,0.128753726496602,-0.729190079416758,-0.382868490735866,-0.372835504171899,-0.323760181712271,-0.10474176952946,0.406061948084068,-0.165357112530887,-0.54218858912633,-0.942030620347117,-0.900968165932997,-0.756325615812739,-0.248234865400941
ZYQC_086,ZYQC_086_D1,D1,1,M,71,Provincial,CAP,3,17,0,1,0.177953241459754,0.264096167728936,0.0,0.0398888227227879,0.0,0.0656735584995015,0.678600282153355,-0.706862195036543,1.79742211833811,-0.383982763727682,-0.358002995708381,-0.401967017189378,0.0137521863501058,0.274665988738665,0.296653956035478,2.82863576437345,-0.94482658494116,-0.864461674262603,-0.954429490678828,0.015317565188108
ZYQC_088,ZYQC_088_D1,D1,1,F,68,Provincial,CAP,1,12,0,1,0.214280429706944,0.409228958111073,8.20838881334139e-18,0.0,0.221209318525408,5.74897902287258e-18,-0.597046139023264,0.574579295502958,-1.03659854337046,-0.045722251724488,-0.00122517596159938,-0.105657217019114,-0.10253126219325,0.0775720497205614,-0.627368181097252,1.29644287641901,-0.0960539573443802,0.0136572586746354,-0.203854183336173,-0.243318289049273
ZYQC_092,ZYQC_092_D1,D1,1,F,67,Provincial,CAP,0,17,1,1,0.194851468383035,0.363578993972877,0.0,0.012470252195161,0.0931491599091899,0.0111791301940949,-0.333691785009541,0.150094336744906,-0.316405981634489,-0.623861476365109,-0.656888398453308,-0.319547839407519,0.526189159493965,0.0118740700478601,-1.08937924966362,2.82863576437345,-1.54673688190151,-1.60009297307812,-0.745655431707438,1.15507198382719
ZYQC_098,ZYQC_098_D1,D1,1,M,70,Provincial,CAP,5,9,1,1,0.218403530523237,0.310885514587944,0.0,0.0239570345122908,0.0108086879117855,0.00674915811969419,-0.488366652263844,-0.15296896606618,0.10300834837967,0.380475263818888,0.436374678895162,0.279087050863853,-0.416659941702908,0.208968009065964,1.22067609316821,0.377127143646338,0.97337263046719,1.09069931771585,0.7707323708333,-0.941998457062598
ZYQC_110,ZYQC_110_D1,D1,1,M,91,Provincial,CAP,2,9,1,1,2.99424786429785e-18,0.0,9.63429129734456e-18,2.17104033488636e-17,0.792030585251315,0.0,4.65362205256846,7.60729747157084,3.1928398812835,-0.611061763084877,-0.488719939747364,-0.518821440073146,0.676761789766794,1.58862558219269,-0.165357112530887,0.377127143646338,-1.51461948750329,-1.18618857841207,-1.25043065000577,1.48997330764596
ZYQC_117,ZYQC_117_D1,D1,1,M,72,Provincial,CAP,1,13,0,1,0.131353509072744,0.178915035845683,0.0,0.0,0.258505461232784,0.0652384885077069,1.77819824674672,1.8296486089038,2.68541152874749,-0.440483171248953,-0.440261174749033,-0.180876974754578,0.664464854406381,0.340363968411367,-0.627368181097252,1.6028814540099,-1.0865989693916,-1.06691950770024,-0.394391562619931,1.46262265352207
ZYQC_119,ZYQC_119_D1,D1,1,F,72,Provincial,CAP,0,6,0,1,0.201453371908064,0.304225012597707,0.0,0.0,0.029880983552074,0.0,-0.509056695737857,0.503575853733513,0.0736531674495167,0.617228179456861,0.607906703273846,0.719530258603218,-0.52854819642965,0.340363968411367,-1.08937924966362,-0.54218858912633,1.56743959118693,1.51288228390719,1.8864085848026,-1.19085858894621
ZYQC_120,ZYQC_120_D1,D1,1,M,65,Provincial,CAP,0,12,1,1,0.211184023865044,0.311035781734954,0.0,5.77346295765284e-19,0.052380699155543,9.8487155539782e-19,-0.579133967840652,0.470044486045942,-0.0101150121170827,0.090596063340519,0.208137707651999,0.301500841936784,-0.361446492469836,-0.119521889297542,-1.08937924966362,1.29644287641901,0.24599972720216,0.528951376694411,0.827508211907785,-0.819193554157921
ZYQC_125,ZYQC_125_D1,D1,1,F,79,Provincial,CAP,0,3,1,1,0.224899537410857,0.305136285564487,8.81241652704919e-18,1.2338197230185e-18,0.0,8.67823902596151e-18,-0.822166277797257,0.149250282046901,0.0453326858915776,0.0543950541347455,-0.0204441050646605,0.242639236882443,-0.430477703626076,0.800249826120276,-1.08937924966362,-1.461504321899,0.155163154161824,-0.0336453049436813,0.67840728011627,-0.97273171019032
ZYQC_126,ZYQC_126_D1,D1,1,M,69,Provincial,CAP,1,8,0,1,0.210962765470604,0.367663561674386,1.28934415325329e-17,4.20089989684633e-18,0.0853673656623623,0.0,-0.728645656958478,0.265968015838418,-0.586436389808695,0.383643324206748,0.414821470332238,0.0424405484422417,-0.454191202446929,0.143270029393263,-0.627368181097252,0.0706885660554489,0.981322015170314,1.0376515118907,0.171288743978564,-1.02547490882535
ZYQC_129,ZYQC_129_D1,D1,1,M,81,Provincial,CAP,5,11,1,1,0.136773840462621,0.156918263136782,0.031399831903632,0.0689341618257915,0.0398218415942248,0.0532686691087882,2.42961093675842,0.220177513182141,0.748232347004166,-0.393755289944152,-0.443094950286393,-0.206123298898335,0.363881658460495,0.931645785465678,1.22067609316821,0.990004298828117,-0.969348077875379,-1.07389413396153,-0.458342425846811,0.79407014130551
ZYQC_131,ZYQC_131_D1,D1,1,F,73,Provincial,CAP,3,11,0,1,0.220829929908879,0.246516762806057,0.0,3.46940377234179e-18,0.0546979227921575,0.0,-0.40434689504693,0.790866033740485,0.627987131951379,0.569220648167924,0.644312383263366,0.520202617428549,-0.690242594013576,0.406061948084068,0.296653956035478,0.990004298828117,1.44697776655586,1.60248571521898,1.38149647777611,-1.55049677622378
ZYQC_133,ZYQC_133_D1,D1,1,M,75,Provincial,CAP,3,13,0,1,0.20862050786609,0.339037002493003,0.0,3.52414727588184e-20,0.040513667074903,3.78965260380103e-20,-0.698166180351885,0.268024721162002,-0.286536214249221,0.677991026430032,0.543066029308812,0.710550005839647,-0.521082368328205,0.53745790742947,0.296653956035478,1.6028814540099,1.71990740654101,1.35329326160329,1.86366092011463,-1.17425320913683
ZYQC_136,ZYQC_136_D1,D1,1,F,59,Provincial,CAP,0,7,0,1,0.216270988431464,0.251239873468782,0.0,0.0,8.67092906031564e-19,2.00900037965805e-17,-0.513417456469395,0.563416258629447,0.59686323435116,0.426185942903165,0.466600251328826,0.0410171027545806,-0.694314026755914,-0.51370976733375,-1.08937924966362,-0.235750011535441,1.08807113005212,1.16509196754959,0.167683047562556,-1.55955239418554
ZYQC_139,ZYQC_139_D1,D1,1,M,69,Provincial,CAP,2,10,0,1,0.210869840898862,0.309028669666666,0.0,0.0,0.0158524203710921,0.0,-0.658115256605522,0.324842756132201,0.0180619874197233,0.412947996220387,0.367675875445026,0.268920586034017,-0.645031561295003,0.143270029393263,-0.165357112530887,0.683565721237228,1.0548541082857,0.921614479363194,0.744979940573289,-1.44993909398612
ZYQC_143,ZYQC_143_D1,D1,1,M,68,Provincial,CAP,3,11,0,1,0.220500168530902,0.34088593460693,1.45493183046223e-18,6.82835501001419e-19,0.133083214838271,0.0109797632563114,-0.511598263274351,0.367252280044249,-0.114709718412302,0.483225394013316,0.502545527657455,0.510639159849467,-0.597201475756171,0.0775720497205614,0.296653956035478,0.990004298828117,1.2311960975771,1.25356223096516,1.35727151084099,-1.34355615482715
ZYYH_058,ZYYH_058_D1,D1,1,M,71,Provincial,CAP,2,5,1,1,0.218899845658913,0.272015712380151,1.07837726698285e-17,1.40319660122282e-17,0.051391350448346,1.37974545814845e-17,-0.498239233298338,0.636117240226397,0.374259758002422,0.542110957594577,0.523283998610227,0.656708783679811,-0.497839930908306,0.274665988738665,-0.165357112530887,-0.84862716671722,1.37895338154855,1.30460476493412,1.72727700082778,-1.1225577380104
ZYYH_059,ZYYH_059_D1,D1,1,M,64,Provincial,CAP,8,9,0,1,0.207910959847305,0.328755627902303,3.9262503423848e-18,0.0,0.0297073942004295,0.0,-0.675416128368418,0.290852646652218,-0.180078232815823,-0.132475641022139,-0.0396705994770965,-0.282504058825002,-0.367989329444896,-0.185219868970244,2.6067092988673,0.377127143646338,-0.313737959981964,-0.0809664886696054,-0.651820712167686,-0.83374603132796
ZYYH_061,ZYYH_061_D1,D1,1,F,73,Provincial,CAP,2,9,1,1,0.224969696403787,0.27982789329929,5.2414959258854e-19,0.0,0.0681079297559456,0.00368036226495288,-0.52172886655081,0.542518786435789,0.360234844274659,0.498286556604663,0.459714681319914,0.657042108959817,-0.593051000934508,0.406061948084068,-0.165357112530887,0.377127143646338,1.2689879831023,1.14814486754998,1.72812133916671,-1.33432473269065
ZYYH_064,ZYYH_064_D1,D1,1,F,65,Provincial,CAP,2,9,1,1,0.0695539182567185,0.232004777320917,0.00782156404157297,0.175251389817597,0.0,0.0672328681597492,3.27627647049936,-1.04525181004283,1.65323690526922,-0.584271990530202,-0.588405893285783,-0.519096910922251,0.496041495537735,-0.119521889297542,-0.165357112530887,0.377127143646338,-1.44739784963225,-1.43154049858501,-1.25112843866181,1.08801801425323
ZYYH_068,ZYYH_068_D1,D1,1,M,68,Provincial,non-CAP,4,11,1,1,0.207667371100747,0.318611366459822,0.0,0.0,2.00225159806455e-18,0.0,-0.704689595617,0.225431805296086,-0.0715483579123239,0.337593351909458,0.393989818804036,-0.125805154157039,-0.355820625687204,0.0775720497205614,0.758665024601843,0.990004298828117,0.865772151675871,0.986379637354754,-0.254890443699242,-0.806680587958702
ZYYH_070,ZYYH_070_D1,D1,1,M,69,Provincial,CAP,5,10,0,1,0.0968764734845866,0.191398629961773,0.101517136203569,0.115703038486153,0.115010567796517,0.0185512476649163,4.43934303619025,0.364782857085478,-4.52523323262402,-0.505347749108083,-0.534526933594055,-0.532224200363041,0.537743925654283,0.143270029393263,1.22067609316821,0.683565721237228,-1.24935896127303,-1.29893098091419,-1.28438086332321,1.18077191665359
ZYYH_071,ZYYH_071_D1,D1,1,F,66,Provincial,non-CAP,5,11,0,1,0.199882860344872,0.372835506724106,0.0,0.054392684428296,0.0397629432081058,0.0454240609212081,0.0825008638967107,-1.22378056683326,0.244956230450552,-0.573600865937957,-0.621109127728881,-0.480666947490466,0.32670283742515,-0.0538239096248412,1.22067609316821,0.990004298828117,-1.42062156881267,-1.51203129073445,-1.15378241231572,0.711377580511443
ZYYH_072,ZYYH_072_D1,D1,1,M,80,Provincial,CAP,1,17,0,1,0.18405035269011,0.305761471519175,1.6992417670003e-18,2.38385806762903e-18,0.019201163977323,1.61140536062643e-18,-0.367095603220018,0.6084234229706,0.0792912366155455,0.00393176448420884,0.0576717993268759,0.373929943298657,-0.241161596016906,0.865947805792977,-0.627368181097252,2.82863576437345,0.0285392727628064,0.158617360539301,1.01097664590491,-0.551657741145297
ZYYH_075,ZYYH_075_D1,D1,1,M,67,Provincial,CAP,1,10,0,1,0.18219834119407,0.315589282101699,7.0920473521198e-05,0.0685442922141918,0.109539901844519,0.0545941613769284,0.866771190604641,-0.707566913937106,0.99167819543588,-0.549162517824945,-0.517767106027669,-0.447391906148557,0.174127477756182,0.0118740700478601,-0.627368181097252,0.683565721237228,-1.35930019015346,-1.25768087767276,-1.06949419651019,0.372021816833295
ZYYH_077,ZYYH_077_D1,D1,1,M,74,Provincial,CAP,1,7,0,1,0.203872852969388,0.33853273559024,2.62524345991819e-18,0.0,0.0415447398659926,0.0340335941512543,-0.384413921575176,-0.257083888523315,0.413684160610511,0.462698594654181,0.475422483108716,-0.0505584825349534,-0.636717323900025,0.471759927756769,-0.627368181097252,-0.235750011535441,1.17968968518202,1.18680567374966,-0.0642848894894068,-1.43144669530067
ZZRM_076,ZZRM_076_D1,D1,1,M,83,NonProvincial,CAP,1,8,0,0,0.213730031804647,0.334566132818343,0.0,0.0122960420147831,0.0073321252286192,0.0177126126306915,-0.567422417206497,-0.331047806537246,0.105650472916222,0.509946570730137,0.433368679630175,0.594679087390894,0.0180391393437613,1.06304174481108,-0.627368181097252,0.0706885660554489,1.29824561287553,1.08330080603468,1.57015105248023,0.0248525399715243
ZZRM_077,ZZRM_077_D1,D1,1,F,81,NonProvincial,CAP,0,10,0,1,0.139389563995924,0.25141423649799,0.0,0.106473507836208,0.0410137597494982,0.078488123916679,1.91186745777939,-1.03005221296099,2.1454307601465,-0.564756593782074,-0.544990619617504,-0.301184988910752,0.630480368322928,0.931645785465678,-1.08937924966362,0.683565721237228,-1.39842927662795,-1.32468471418164,-0.699140931858366,1.38703488330098
ZZRM_080,ZZRM_080_D1,D1,1,M,56,NonProvincial,CAP,0,12,0,1,0.21484643472019,0.380821650909206,1.92813645388734e-17,0.0,0.0,4.28864054701207e-17,-1.03314885931407,-0.226848178388899,-0.705142969176456,0.132230049426051,0.240539702153527,-0.286583811262672,-0.502957748752887,-0.710803706351854,-1.08937924966362,1.29644287641901,0.350468876018475,0.608700742439496,-0.662155036034215,-1.13394070959102
ZZRM_083,ZZRM_083_D1,D1,1,F,71,NonProvincial,CAP,1,13,0,1,0.199695776019383,0.265078410161222,0.0,0.0,0.0484654050790954,4.60564124109053e-21,-0.284082678309351,0.844282988046902,0.465469852186561,0.532784550259883,0.391004067083741,0.600144982347638,-0.437348429383968,0.274665988738665,-0.627368181097252,1.6028814540099,1.355551302445,0.979030959915944,1.58399658099364,-0.988013472538128
ZZRM_084,ZZRM_084_D1,D1,1,M,54,NonProvincial,CAP,1,7,0,1,0.197875710470516,0.225379347185069,0.0,0.0326647821713519,0.130361967411585,0.0230470861206134,0.568884959402906,0.722308838762483,1.28142213591114,0.0771284881757945,0.0593024822952177,0.0285132340011858,-0.102523659552126,-0.842199665697257,-0.627368181097252,-0.235750011535441,0.212206515300995,0.162630876819925,0.13600979501688,-0.243301379372047
ZZRM_087,ZZRM_087_D1,D1,1,M,81,NonProvincial,non-CAP,10,5,0,0,0.225513431736778,0.280541292836209,0.0,7.20689528472484e-18,2.40792326726894e-22,0.0,-0.726968595691836,0.296060572766884,0.292084946452968,0.597069100429479,0.546690323555753,0.636770315642654,-0.622675208454567,0.931645785465678,3.53073143600003,-0.84862716671722,1.51685587281356,1.36221355098404,1.67677134166183,-1.40021443852612
ZZRM_088,ZZRM_088_D1,D1,1,M,76,NonProvincial,CAP,6,7,0,1,0.219171954779198,0.346698829440729,7.25302885384647e-18,5.67719608070476e-18,1.07161805410726e-19,3.18078947919737e-18,-0.935949573018437,-0.0553656693915126,-0.366566038102483,0.442029777105881,0.543201703510561,0.325374659868165,-0.437030686619713,0.603155887102172,1.68268716173457,-0.235750011535441,1.12782691682075,1.35362718955136,0.887982412291951,-0.98730675397852
ZZRM_089,ZZRM_089_D1,D1,1,M,59,NonProvincial,CAP,9,11,0,1,0.151401514543162,0.311925216917484,0.0,0.0789973032468221,0.0331887680056575,0.0998626453476398,1.44166694130163,-1.61513201125005,1.98880003396129,-0.426903466010966,-0.448210626552243,-0.505767733638904,0.614209030156861,-0.51370976733375,3.06872036743367,0.990004298828117,-1.05252439761088,-1.08648508534693,-1.21736461670815,1.3508444237052
ZZRM_090,ZZRM_090_D1,D1,1,M,74,NonProvincial,CAP,6,10,0,1,0.222494460473139,0.332844863560898,1.39113559316468e-18,1.78980000462739e-17,0.0,7.16060203701447e-18,-0.912212292690283,-0.000262373697291692,-0.230800180825108,0.371839474083162,0.285666248482521,-0.137958761233265,-0.239758039405702,0.471759927756769,1.68268716173457,0.683565721237228,0.951703468134413,0.719768394396345,-0.285676456721148,-0.548535972160488
ZZRM_092,ZZRM_092_D1,D1,1,M,71,NonProvincial,CAP,2,4,0,0,0.231072662895704,0.332294798843675,0.0,4.24109636466786e-19,0.0780410705100282,0.0,-0.802918733998407,0.266660188811026,-0.250897163131619,0.475006178201882,0.547570929312828,0.271715186721942,-0.539977525019821,0.274665988738665,-0.165357112530887,-1.15506574430811,1.21057221405093,1.36438094072898,0.752058877108747,-1.21627952546218
ZZRM_093,ZZRM_093_D1,D1,1,M,81,NonProvincial,CAP,3,6,0,1,0.12709187752182,0.201293145192,0.0,0.0,0.0276513261805039,1.6569341385271e-18,0.656215627958107,1.82129613636296,1.19016312911021,-0.472189834423416,-0.435601744809064,-0.511174663582611,0.340331521721175,0.931645785465678,0.296653956035478,-0.54218858912633,-1.1661582051284,-1.05545149197582,-1.23106078234947,0.741690290094697
ZZRM_096,ZZRM_096_D1,D1,1,M,69,NonProvincial,CAP,9,7,1,1,0.213876141002774,0.201194135524199,1.33852110821877e-17,5.60635553259356e-18,0.0,0.0,-0.283124218227445,0.895922929329044,1.10290205234079,0.384929382073311,0.458356219432652,0.00225843882000965,-0.638354099442557,0.143270029393263,3.06872036743367,-0.235750011535441,0.984549027120896,1.14480135504204,0.0695043977907126,-1.43508718623847
ZZRM_099,ZZRM_099_D1,D1,1,M,84,NonProvincial,CAP,1,8,0,1,0.195353998562855,0.22995744565628,0.0,0.0258178684451897,0.0373538835523081,0.0685967575731719,0.633998691014084,-0.389174932615812,2.18880994428262,0.244423665698589,0.404786179555397,-0.0544291353336902,-0.133425205011598,1.12873972448378,-0.627368181097252,0.0706885660554489,0.631988199451438,1.01295216585252,-0.074089548033806,-0.312032120567651
ZZRM_102,ZZRM_102_D1,D1,1,M,81,NonProvincial,CAP,3,5,0,1,0.235858292376683,0.25332146925905,0.0,0.0,0.0527649016291782,5.09285740945263e-19,-0.588058974677223,0.600871684136139,0.543652976704851,0.564815445911994,0.579493296150494,0.61461272820311,-0.627901967265235,0.931645785465678,0.296653956035478,-0.84862716671722,1.43592411127781,1.44294982352617,1.6206444839175,-1.41183971492465
ZZRM_103,ZZRM_103_D1,D1,1,M,32,NonProvincial,CAP,2,7,1,0,0.211523117044546,0.316787964578172,2.25795525812214e-18,3.03594982524441e-18,1.557411856505e-18,4.41215638002936e-18,-0.735886523405717,0.200996950411016,-0.0573838576235362,0.417892395806814,0.376105578022995,0.487322301783573,-0.373086414563986,-2.28755521849669,-0.165357112530887,-0.235750011535441,1.06726073241102,0.942362073588637,1.29820813224529,-0.845082889500041
ZZRM_105,ZZRM_105_D1,D1,1,M,42,NonProvincial,CAP,10,15,1,1,0.200079820975888,0.323659394083715,2.67950954119686e-19,0.0,5.69822515120801e-18,0.0,-0.649314850381772,0.264464375587847,-0.11410751915796,0.331167169163206,0.282770156077383,0.12262830919528,-0.42698583886969,-1.63057542176967,3.53073143600003,2.21575860919168,0.849647396283489,0.712640390827367,0.374410453546545,-0.964965158411349
ZZRM_108,ZZRM_108_D1,D1,1,M,77,NonProvincial,CAP,0,3,0,0,0.195728281951923,0.343304573703425,2.63681518842544e-18,0.0201610276414089,0.050456784815403,0.0546092791748258,0.0376337786286727,-0.739435904997163,0.767926800505302,-0.201731495299258,-0.322147879703554,0.192088548836473,0.364409512609674,0.668853866774873,-1.08937924966362,-1.461504321899,-0.487516664043923,-0.776213317823726,0.55035853453079,0.795244186369496
ZZRM_115,ZZRM_115_D1,D1,1,M,83,NonProvincial,CAP,0,2,0,1,0.1812280279997,0.324064208905293,0.0160504365951983,0.0436559691693933,0.021575920819986,0.0713203857245556,0.85280873914584,-1.24758088502367,0.335326804952464,-0.399170640080627,-0.360326026372853,-0.474548004262852,0.626672339144188,1.06304174481108,-1.08937924966362,-1.76794289948989,-0.982936424139837,-0.870179230386789,-1.13828266275954,1.37856512348613
HNSR_026,HNSR_026_D4,D4,0,M,78,Provincial,non-CAP,11,10,1,1,0.20986697897678,0.356634742018797,0.00471401794788481,0.027244046081031,0.0504252911472977,0.0185699539629464,-0.277909268443788,-0.4477945775726,-0.402409544314409,-0.229980110432814,-0.111192810820539,0.0699661088724218,0.479549839312125,0.734551846447574,3.9927425045664,0.683565721237228,-0.558398870042157,-0.257000435933453,0.241013086432946,1.05133752662468
HNSR_027,HNSR_027_D4,D4,0,F,59,Provincial,non-CAP,0,9,0,1,0.206477659218694,0.300659301639102,0.0118633011408449,0.0295388873642146,0.163762614275022,0.0335735071938735,0.547295312540655,0.10658521806731,0.0142755843630406,0.430769021445223,0.438232890191476,0.371044150466766,0.273049254277401,-0.51370976733375,-1.08937924966362,0.377127143646338,1.09957111742454,1.09527283779019,1.0036667127185,0.592042107715068
HNSR_032,HNSR_032_D4,D4,0,F,36,Provincial,CAP,1,3,0,1,0.190494277809694,0.369406243860975,0.0182738595299551,0.0996746079737354,0.0869423245060348,0.0361914941669435,1.00931640434526,-1.35313155208793,-1.05123272215926,-0.345484743042166,-0.392088602506648,-0.304291037734263,0.718851679747982,-2.02476329980588,-0.627368181097252,-1.461504321899,-0.848226287197236,-0.948354828527226,-0.707008790258556,1.58358899230622
HNSR_039,HNSR_039_D4,D4,0,F,53,Provincial,non-CAP,8,10,0,1,0.212244863559106,0.249042880725424,0.0,0.0667271127300592,0.0028782601596293,0.0328999954649907,0.391070376967919,-0.654492725168428,1.21713921282232,0.374670537897753,0.34064206050738,0.255896013533049,-0.508786706066765,-0.907897645369958,2.6067092988673,0.683565721237228,0.958807251719953,0.85507753840897,0.711987705749118,-1.14690538662006
HNSR_042,HNSR_042_D4,D4,0,M,62,Provincial,non-CAP,3,11,0,1,0.222960039206853,0.344052983260556,2.21843887222975e-17,1.30350333544138e-17,0.0,0.0,-0.963077714946055,-0.0740737859495061,-0.344054697324935,0.56481660778741,0.596985444326573,0.336710599888631,-0.604927916396643,-0.316615828315646,0.296653956035478,0.990004298828117,1.43592702668772,1.48600234989134,0.916697212342406,-1.3607411850296
HNSR_044,HNSR_044_D4,D4,0,M,66,Provincial,non-CAP,4,7,0,1,0.224649988997558,0.3453192096686,0.0,2.12673150502177e-18,0.0201611469803472,1.43407521783591e-18,-0.935364344009144,-0.00897218032455895,-0.362843731148499,0.488788690401602,0.587226948867258,0.238079497501571,-0.570448879304334,-0.0538239096248412,0.758665024601843,-0.235750011535441,1.24515567466643,1.4619842659592,0.666857112739984,-1.284053442076
HNSR_050,HNSR_050_D4,D4,0,M,43,Provincial,CAP,1,6,0,1,0.126995845060959,0.162376420567383,0.145704295563832,0.140965949978727,0.157669405443489,0.0726910032818481,5.89493015838576,-1.00504634732521,-5.85058437065973,-0.562656064167987,-0.606839973899294,-0.505732108206227,0.530887065394817,-1.56487744209697,-0.627368181097252,-0.54218858912633,-1.39315856965321,-1.47691135490535,-1.21727437477195,1.16552099373371
HNSR_051,HNSR_051_D4,D4,0,M,61,Provincial,non-CAP,6,7,0,1,0.172709689868182,0.255365035748672,0.0,0.00298010353787838,0.131666117995355,0.0,0.259388713617139,1.48803273858797,0.571760461446649,-0.493636865507853,-0.471594726179374,-0.377919978518638,0.334027585733655,-0.382313807988348,1.68268716173457,-0.235750011535441,-1.2199736884075,-1.14403916936159,-0.893516508959695,0.727669172819506
HNSR_061,HNSR_061_D4,D4,0,F,62,Provincial,CAP,3,8,0,1,0.220095680099437,0.264990817210626,0.0,0.0,0.112448437921858,0.00346234189358866,-0.303579430341221,0.878287875605947,0.501070347177704,0.362711029096943,0.427153003675632,0.344671991841815,-0.117887147831448,-0.316615828315646,0.296653956035478,0.0706885660554489,0.928798121628131,1.0680024818828,0.936864024944293,-0.277472613240355
HNSR_067,HNSR_067_D4,D4,0,F,63,Provincial,non-CAP,1,5,0,1,0.174739307859124,0.311973894265374,4.46160377562134e-18,0.0500119869040341,0.0923540534640812,0.0724986721166507,0.884851109258395,-0.793491247672086,1.42731053050366,-0.403161555598156,-0.387720176904383,-0.446248063623562,0.339069346826095,-0.250917848642945,-0.627368181097252,-0.84862716671722,-0.992950539681346,-0.9376030468408,-1.06659675621542,0.738882980144096
HZSY_003,HZSY_003_D4,D4,0,M,50,NonProvincial,CAP,3,7,0,1,0.182044493721747,0.361642772346325,5.14322643633718e-20,0.0576402559030045,0.177223603893343,0.0359016833313758,0.603751382891683,-0.258678362834045,0.151448144965222,-0.401509286191123,-0.36924998410253,0.107219035749019,0.437743797265655,-1.10499158438806,0.296653956035478,-0.235750011535441,-0.98880461960986,-0.892143309445074,0.335377589475872,0.958353172166518
HZSY_005,HZSY_005_D4,D4,0,M,67,NonProvincial,CAP,1,3,0,1,0.177749260051748,0.270532041327289,5.71477583402536e-19,0.088744760494098,0.00647121840837807,0.108895579020842,1.43793202756876,-1.97897692159725,2.55479772224914,-0.501159534846766,-0.412912263674688,-0.510494535959659,0.534174857456323,0.0118740700478601,-0.627368181097252,-1.461504321899,-1.23884977826948,-0.999607036799881,-1.22933796724401,1.17283365016963
HZSY_006,HZSY_006_D4,D4,0,M,63,NonProvincial,non-CAP,0,5,0,1,0.201551499792607,0.278054584584227,0.0,0.0561892315213731,0.135670306265654,0.0310817305701419,0.599572011321655,-0.00643053218242187,0.883708483076464,-0.369238546111334,-0.280157529190415,-0.454074576700897,-0.0664663583715208,-0.250917848642945,-1.08937924966362,-0.84862716671722,-0.90782998650886,-0.672864623635202,-1.08642191034487,-0.163103285755454
HZSY_008,HZSY_008_D4,D4,0,F,51,NonProvincial,non-CAP,2,7,0,0,0.183189896119979,0.349885720171299,0.0,0.0304997009309238,0.169867920006308,0.0,0.104625336356532,0.674161106730741,-0.42846938747556,-0.459124795551456,-0.328678000008526,-0.437424139187399,0.594409105090329,-1.03929360471536,-0.165357112530887,-0.235750011535441,-1.13337504842076,-0.792285567713653,-1.04424508309548,1.3068057355035
HZSY_009,HZSY_009_D4,D4,0,M,68,NonProvincial,CAP,3,12,1,0,0.0,0.0123698807589952,0.0774728383138646,0.137101078057936,1.04396174318952,1.31816130757637e-17,8.01214093672952,6.68327513461537,-1.77340260009453,-0.56102286281437,-0.504668312334903,-0.523670590471406,0.686551202551388,0.0775720497205614,0.296653956035478,1.29644287641901,-1.38906049566847,-1.22544148916923,-1.26271391754681,1.51174676869947
HZSY_012,HZSY_012_D4,D4,0,F,72,NonProvincial,CAP,3,6,1,0,0.109484051320017,0.184061415110854,0.0635096100864119,0.0885764340448443,0.171986949619646,1.40721060274612e-19,3.33268535045953,1.38176785422242,-2.5475552746953,-0.595576443509187,-0.562770597876554,-0.566820696961136,0.631607479749298,0.340363968411367,0.296653956035478,-0.54218858912633,-1.47576329554758,-1.36844566195458,-1.37201642600852,1.3895417871659
HZSY_015,HZSY_015_D4,D4,0,M,68,NonProvincial,CAP,3,7,0,1,0.21275924165394,0.318525301852918,0.0,0.000767656216151136,0.0531703732016485,0.0,-0.61701380960242,0.404146888902787,-0.0881670850377744,0.509646573734849,0.585382441349645,0.114214767987844,-0.337770894374936,0.0775720497205614,0.296653956035478,-0.235750011535441,1.29749285212183,1.45744447429191,0.353098312422685,-0.766534653733479
HZSY_016,HZSY_016_D4,D4,0,M,76,NonProvincial,non-CAP,1,4,0,0,0.185433159373924,0.284633576057642,0.0314853793919705,0.0487263728765676,0.060855623458947,0.0354992408383717,1.15177242475434,-0.410446656257506,-0.937119145321131,-0.379188939549315,-0.237908416557863,-0.459233618215378,0.383203163261088,0.603155887102172,-0.627368181097252,-1.15506574430811,-0.932797788792258,-0.568879051525443,-1.09949015570192,0.837044734524508
HZSY_017,HZSY_017_D4,D4,0,M,69,NonProvincial,non-CAP,0,13,0,1,0.215474779176129,0.342044317924497,6.25663738345882e-18,0.0,0.0062484967972506,0.0,-0.864182821188877,0.0352306030097385,-0.317044560793336,0.307655623670316,0.356975636607854,-0.0401940055432404,0.151736035369516,0.143270029393263,-1.08937924966362,1.6028814540099,0.790651576379234,0.895278530798511,-0.038030879331691,0.322219115745331
HZSY_022,HZSY_022_D4,D4,0,M,61,NonProvincial,CAP,2,9,0,1,0.208547674539032,0.318814584681783,0.0,0.0132866842352845,0.0549888681979281,0.0,-0.459763784520323,0.313563501794846,-0.100554943789399,0.0508254763939086,0.172639178758282,0.141085518920975,-0.39900608656237,-0.382313807988348,-0.165357112530887,0.377127143646338,0.146206271017058,0.441580669807093,0.421163972514163,-0.902733024517797
JXSY_027,JXSY_027_D4,D4,0,M,58,NonProvincial,CAP,0,7,0,1,0.152924148825784,0.304941401365154,0.0,0.00358189516372262,0.187333833024152,0.0146065450566645,0.509076718015082,1.35465372975211,0.378399183651281,-0.222704375152404,-0.198395483732801,-0.0351039534270855,0.694309060116538,-0.579407747006452,-1.08937924966362,-0.235750011535441,-0.540142393946023,-0.471627898317012,-0.025137389378683,1.52900167594163
JXSY_031,JXSY_031_D4,D4,0,M,85,NonProvincial,CAP,1,8,0,1,0.19957039473446,0.281156458802727,0.0,0.0493904998407514,0.0760045834783908,0.0308598240825602,0.396663452168278,-0.192037163301563,0.870058544998038,0.193600286580784,0.356456772025534,-0.0855247430931514,0.070235075892039,1.19443770415648,-0.627368181097252,0.0706885660554489,0.504460771606833,0.894001476037401,-0.152857092467547,0.140945937664753
JXSY_036,JXSY_036_D4,D4,0,M,61,NonProvincial,CAP,0,8,0,0,0.215862432600864,0.359854012291666,0.0,0.00178849853284617,0.0463896783040348,0.0088796084880392,-0.757955659678811,-0.0722406604347009,-0.326894830597427,0.254095940527928,0.352219772608847,0.289360246505394,0.0178555914867368,-0.382313807988348,-1.08937924966362,0.0706885660554489,0.656258138833718,0.883573166874916,0.796755158373942,0.0244442956565368
JXSY_038,JXSY_038_D4,D4,0,M,62,NonProvincial,CAP,3,6,1,0,0.217790165950044,0.293678219459644,0.0,0.0,0.0993023263585614,0.0,-0.457794298239221,0.722676911135201,0.147516467553835,0.325616969858336,0.386134458202448,0.00459910427302565,-0.17918042222566,-0.316615828315646,0.296653956035478,-0.54218858912633,0.835720682757921,0.967045641552551,0.0754334817790732,-0.4138001695739
JXSY_039,JXSY_039_D4,D4,0,M,70,NonProvincial,CAP,4,6,1,0,0.205577243090302,0.330043055296906,8.21476620468422e-18,0.0,0.0486572642694814,0.0192741323136177,-0.462321130276947,0.0611525386400755,0.196422473223691,-0.0303352798699796,0.0881048286427439,-0.376345168598969,-0.114852312240005,0.208968009065964,0.758665024601843,-0.54218858912633,-0.0574445422093807,0.23352061334763,-0.889527395407654,-0.270722578686898
JXSY_050,JXSY_050_D4,D4,0,M,65,NonProvincial,CAP,4,8,1,1,0.219003397110953,0.359631037498076,4.85716277161186e-18,1.20438497107574e-17,0.0,0.0,-0.987553620605515,-0.133989133396967,-0.496477125934452,-0.38793984635753,-0.399962979012847,-0.422304146136611,-0.307098521740531,-0.119521889297542,0.758665024601843,0.0706885660554489,-0.954755806065622,-0.967735627199288,-1.00594498831429,-0.698313635203668
JXSY_052,JXSY_052_D4,D4,0,M,76,NonProvincial,CAP,2,5,0,1,0.211523877459512,0.380073277312545,0.0,6.93635425392011e-20,0.0986539074060916,2.19816001497943e-18,-0.752538099594324,0.242221237524412,-0.714663064920213,-0.312959824794069,-0.39663657214478,0.081448727007552,0.333995173034866,0.603155887102172,-0.165357112530887,-0.84862716671722,-0.766613863209812,-0.959548512732432,0.270099433327046,0.727597080994363
LSRM_011,LSRM_011_D4,D4,0,M,67,NonProvincial,non-CAP,2,8,0,1,0.213145908470025,0.393395334703003,7.0825510919727e-19,0.0309459316534991,0.010907540150952,0.022864579209483,-0.589238623519811,-0.964335767647782,-0.402133956381488,-0.0932958560393412,-0.0175407672647516,0.0129246524266875,0.396900175530764,0.0118740700478601,-0.165357112530887,0.0706885660554489,-0.215426960416599,-0.0264994686564878,0.0965227297912553,0.867509418133773
LSRM_014,LSRM_014_D4,D4,0,M,84,NonProvincial,CAP,2,10,0,1,0.204859120365547,0.400734353128182,3.5225392234921e-18,4.49933593177201e-18,0.0540104405376076,0.0,-0.881265311896218,-0.0203376334439411,-0.905940118577423,-0.0378708475684945,-0.0804360934046899,-0.244958243057004,0.176610962558898,1.12873972448378,-0.165357112530887,0.683565721237228,-0.0763529969918341,-0.18130050622082,-0.556714299240059,0.377545545459184
LXZY_013,LXZY_013_D4,D4,0,F,82,NonProvincial,CAP,5,6,0,1,0.215911699796446,0.389778366454732,0.0,7.56087374499893e-19,0.0516660211993774,0.0,-0.952883313625707,-0.0651619283013331,-0.807213050146111,0.0382101564442109,-0.0149525106318115,-0.229857296942878,-0.271253941393021,0.99734376513838,1.22067609316821,-0.54218858912633,0.114551561461194,-0.0201291254712018,-0.518462451801121,-0.618588671985862
LXZY_014,LXZY_014_D4,D4,0,M,69,NonProvincial,CAP,5,5,0,1,0.189427769920182,0.315263706971669,0.047953338438771,0.116981714784984,0.0842448107061073,0.0216125889670939,1.87768344794796,-1.13908576588531,-2.59676759652724,-0.540443993697438,-0.522793543942468,-0.428062158187585,0.718345480572046,0.143270029393263,1.22067609316821,-0.84862716671722,-1.33742342839772,-1.27005219128567,-1.02053047169135,1.5824631119
LXZY_015,LXZY_015_D4,D4,0,F,83,NonProvincial,CAP,9,11,0,1,0.16581763951364,0.370911748941065,0.00561105358000501,0.0125934345815415,0.0768912088150343,0.0,-0.0842203884778034,0.456574172079638,-0.918176551249876,-0.136338384643574,0.0415691792009179,-0.250547037389435,0.579933718230003,1.06304174481108,3.06872036743367,0.990004298828117,-0.323430463058607,0.11898480823396,-0.57087114123897,1.27460980312503
PHYY_021,PHYY_021_D4,D4,0,M,76,NonProvincial,CAP,1,10,0,1,0.196162313844832,0.309063784401764,0.0,0.0,0.052417825212023,0.0,-0.420097629552751,0.621678692275688,0.0259932997796625,0.357017049225452,0.356688026159822,0.410910494341379,0.205919084170794,0.603155887102172,-0.627368181097252,0.683565721237228,0.914510629930125,0.894570649966942,1.10465120020127,0.442732217888834
PHYY_022,PHYY_022_D4,D4,0,M,72,NonProvincial,non-CAP,8,15,0,1,0.190565156006281,0.385718081408681,0.0,3.83808231325459e-18,0.0655384420154374,0.0,-0.647337413905493,0.255939357512719,-0.741804466284901,0.102574876865234,0.128474860723208,0.0965871044629165,0.304345984795856,0.340363968411367,2.6067092988673,2.21575860919168,0.276057297240865,0.332881300955114,0.308446097206203,0.661651813428772
PHYY_028,PHYY_028_D4,D4,0,M,40,NonProvincial,non-CAP,8,4,1,1,0.170993799331063,0.290073464901826,0.00497537659480552,0.127569381550512,2.59527348359225e-18,0.098623202517776,1.77695591450247,-2.34310307225554,1.8182464168087,-0.507027049927205,-0.491321310889283,-0.289297315854737,0.598718238973429,-1.76197138111507,2.6067092988673,-1.15506574430811,-1.25357270931099,-1.19259119966509,-0.669028549978049,1.3163900446794
SLTD_010,SLTD_010_D4,D4,0,M,76,Provincial,non-CAP,3,12,0,1,0.213513440968607,0.31312246341839,0.00419736670193701,0.0513096809988109,0.0184086727559679,0.0327764540279156,0.0989185117533651,-0.851265632730605,0.330853173756738,0.290468779442345,0.270661921776386,0.196716316932141,-0.558088458773408,0.603155887102172,0.296653956035478,1.29644287641901,0.747525871729045,0.682839015305503,0.562081023826522,-1.25656158521421
SLTD_012,SLTD_012_D4,D4,0,M,70,Provincial,non-CAP,2,4,0,1,0.199434315540779,0.320278030761512,0.0798343501069203,0.0313884454342184,0.183351467052069,1.02412656536229e-17,1.71565936490283,0.275310134194388,-4.93290714189371,-0.530992125425021,-0.475298135223993,-0.565814475004707,0.618451984376422,0.208968009065964,-0.165357112530887,-1.15506574430811,-1.31370653924099,-1.15315417993259,-1.3694675891028,1.36028153709333
SLTD_015,SLTD_015_D4,D4,0,F,60,Provincial,non-CAP,4,8,0,1,0.15440490363298,0.319959450441053,0.0484339007016138,0.0571157954266562,0.0869576974306934,0.0221643617819952,1.69666379587528,-0.194382397010537,-2.55888133201093,-0.511539422974235,-0.638658731730253,-0.39379488940901,0.513980402434543,-0.448011787661049,0.758665024601843,0.0706885660554489,-1.2648952805007,-1.55522523017299,-0.933728868165268,1.12791745452147
SLTD_017,SLTD_017_D4,D4,0,M,77,Provincial,non-CAP,3,9,0,1,0.21116918580738,0.329894097986248,0.00884096776125171,0.0717624710621723,0.0588220341113156,0.112405079039177,1.04120063560748,-2.35528059268067,1.47072563698092,-0.368025510310159,-0.250126540067451,-0.291852423042254,0.143257464642874,0.668853866774873,0.296653956035478,0.377127143646338,-0.904786203543372,-0.598950891715367,-0.675500831223765,0.303361209396092
SLTD_019,SLTD_019_D4,D4,0,F,79,Provincial,non-CAP,2,5,0,1,0.198918090571248,0.299664253962339,0.0,0.0089438835276221,0.155391962721587,0.036731385378335,0.207784445842335,0.387505594110207,0.831181260485509,-0.459817517232478,-0.512665852304543,-0.361034096012951,0.601208100861462,0.800249826120276,-0.165357112530887,-0.84862716671722,-1.13511324481239,-1.2451254237514,-0.85074328160044,1.32192795712017
SLTD_020,SLTD_020_D4,D4,0,M,66,Provincial,CAP,0,6,0,1,0.208329207274398,0.292045838325396,0.0114610873715767,0.0878891418710398,0.0400159925957461,0.0624278171204034,0.991909936586742,-1.52072650624167,0.670412351550534,-0.272097458360298,-0.125489673182828,-0.247533063636193,0.423594817370287,-0.0538239096248412,-1.08937924966362,-0.54218858912633,-0.66408088375436,-0.292188569351708,-0.563236516009354,0.92688322912934
SLTD_021,SLTD_021_D4,D4,0,M,68,Provincial,CAP,1,10,0,1,0.204489837952653,0.354878883816127,1.00654873097747e-18,0.0630380089608516,0.014214802371706,0.0231904468480152,-0.0466787886530602,-0.984438081684188,-0.034394015931388,0.154076052332661,-0.026331090549762,0.477639080656626,0.307904082792243,0.0775720497205614,-0.627368181097252,0.683565721237228,0.405285470422954,-0.0481346401160957,1.27367979511554,0.669565680159451
SLTD_024,SLTD_024_D4,D4,0,M,88,Provincial,CAP,2,12,0,1,0.201754945732206,0.366974094348192,0.0,0.0134064927802652,0.0373724066306355,0.0178750262744332,-0.495251563185883,-0.303748463498137,-0.211591574913132,-0.23945758979055,-0.279779364080715,-0.0661386552416982,0.434217776660785,1.39153164317459,-0.165357112530887,1.29644287641901,-0.582180023242161,-0.671933865263397,-0.103750654412123,0.950510651475715
TZEZ_002,TZEZ_002_D4,D4,0,M,88,NonProvincial,CAP,1,4,0,0,0.133973623166583,0.326269634203141,6.36895520571629e-18,1.50984487575458e-17,0.110421851446483,0.0,0.276925504072952,1.34640719989824,-0.0918411039567682,-0.213317842813805,-0.325857289950752,-0.0736043596437933,-0.0279977523594439,1.39153164317459,-0.627368181097252,-1.15506574430811,-0.516589447520578,-0.78534309884657,-0.122661852667841,-0.0775420050926673
TZEZ_022,TZEZ_022_D4,D4,0,M,55,NonProvincial,CAP,1,8,0,1,0.207418754508728,0.402837640341,3.16243673764487e-18,2.92729255153049e-20,0.0558189718193676,8.40089831969144e-20,-0.911155927556284,-0.0491561925785398,-0.930250808954101,0.302229576615454,0.169794285411878,0.34439540877396,-0.0502796575136177,-0.776501686024555,-0.627368181097252,0.0706885660554489,0.777036389111453,0.434578679853128,0.936163418953395,-0.127101075156171
TZEZ_024,TZEZ_024_D4,D4,0,M,64,NonProvincial,CAP,0,5,0,1,0.205332158368727,0.347841114304382,0.00428775656159558,0.0530627578720166,0.0535433322578043,0.0595293403206833,0.34791650629505,-1.30922057174502,0.518342906825024,-0.576346365262354,-0.582700403628685,-0.55078372452747,0.569239724611058,-0.185219868970244,-1.08937924966362,-0.84862716671722,-1.42751065161407,-1.41749786977717,-1.33139355256212,1.25082438732002
TZEZ_029,TZEZ_029_D4,D4,0,M,79,NonProvincial,CAP,1,10,0,1,0.201261204811557,0.284412412927924,2.33661650980384e-19,0.115605598174022,0.0388135716675009,0.127753452083407,1.60916022160743,-2.75183453865612,2.73605336153005,-0.140823268754961,-0.26234775005757,0.248285301726705,0.408391908587317,0.800249826120276,-0.627368181097252,0.683565721237228,-0.334684058251099,-0.629030328501381,0.692709192686571,0.89306915370217
TZEZ_030,TZEZ_030_D4,D4,0,M,69,NonProvincial,CAP,1,10,0,1,0.195607167182491,0.340723628445898,0.0065022149935493,0.120862742317224,0.023217996560541,0.123776822156954,1.54279060939952,-3.14598886594626,1.70320202855155,-0.127013934947071,-0.0340229426489788,0.127492061154509,0.590575726587271,0.143270029393263,-0.627368181097252,0.683565721237228,-0.300033296114923,-0.0670662008349462,0.386730707954395,1.29827959411216
TZEZ_031,TZEZ_031_D4,D4,0,F,71,NonProvincial,non-CAP,1,7,0,1,0.190970195254142,0.328944163549314,0.00538648259105781,0.0379107796964971,0.0383587779018085,0.0450413682099393,0.308133993871312,-0.722373237156454,0.384095206864122,-0.329212345295812,-0.393733260290029,-0.237588719752029,-0.105090514241524,0.274665988738665,-0.627368181097252,-0.235750011535441,-0.807395136937692,-0.952402740302724,-0.538046735033873,-0.249010538015103
TZEZ_036,TZEZ_036_D4,D4,0,M,68,NonProvincial,CAP,0,4,0,1,0.153459865320646,0.295238295435015,0.0489194550568837,0.0656678352380788,0.00509101931818332,0.00182591790129786,1.5352402138693,-0.143213066610588,-2.74291886547092,-0.581473025609689,-0.590386368569469,-0.519787694705851,0.606267072049066,0.0775720497205614,-1.08937924966362,-1.15506574430811,-1.44037460947908,-1.43641494073518,-1.25287824663436,1.33318004287321
TZEZ_038,TZEZ_038_D4,D4,0,M,78,NonProvincial,CAP,3,6,0,1,0.198869740863843,0.30787550736287,0.0108739022078728,0.086842098627559,0.0602396546869345,0.0936088437643455,1.29005421080174,-1.9558326266508,1.18586223599681,-0.37961536179225,-0.422103544112201,-0.419441794178505,0.241732585484063,0.734551846447574,0.296653956035478,-0.54218858912633,-0.933867779272253,-1.02222906351624,-0.998694432647746,0.522388055597632
TZEZ_041,TZEZ_041_D4,D4,0,M,62,NonProvincial,CAP,2,6,1,1,0.221516403861442,0.298767769568129,0.0209193905242846,0.126252534870388,0.0845200869444922,0.0803717276350553,1.61280936400989,-2.26638423088145,0.334823866315909,0.138967982452274,0.158892255845088,-0.0532791921351954,-0.138736634005923,-0.316615828315646,-0.165357112530887,-0.54218858912633,0.36737588383139,0.407746074124346,-0.0711766542680889,-0.323845719083835
TZEZ_043,TZEZ_043_D4,D4,0,M,82,NonProvincial,CAP,3,2,0,1,0.20157973573355,0.367081394075568,0.0140473020126404,0.0250252307968754,0.143161565489245,0.0536963779994609,0.430141927733743,-0.65564298213578,-0.362050712242553,-0.519665921052187,-0.497725595636708,-0.598051160373159,0.646290489448635,0.99734376513838,0.296653956035478,-1.76794289948989,-1.28528651412692,-1.20835373695686,-1.45112557008835,1.42219951106328
TZEZ_044,TZEZ_044_D4,D4,0,M,67,NonProvincial,CAP,1,5,0,1,0.211701129985111,0.363895169758748,0.0,0.0,0.0577325447757374,0.0381056522262697,-0.496185987430576,-0.484764457940523,0.22925841709464,-0.486768773385159,-0.438648504615603,-0.41013332609521,0.512806677376943,0.0118740700478601,-0.627368181097252,-0.84862716671722,-1.2027400817916,-1.06295032548552,-0.975115373539699,1.12530687333632
TZEZ_045,TZEZ_045_D4,D4,0,M,74,NonProvincial,non-CAP,4,6,0,1,0.182543456383257,0.353828671654308,0.0642045575903607,0.0761454662239569,0.138518525760566,0.0485093639636003,2.09250327718103,-1.18662909822547,-3.37178177652661,-0.625236670446265,-0.616303340847541,-0.555575437816174,0.667487525196047,0.471759927756769,0.758665024601843,-0.54218858912633,-1.55018755690583,-1.50020305418331,-1.34353132752704,1.46934563131089
TZEZ_047,TZEZ_047_D4,D4,0,M,77,NonProvincial,CAP,1,6,0,1,0.210952614580702,0.420143923556886,0.0,7.00870912183884e-18,0.0,0.0,-1.15611043382452,-0.434571425852618,-1.09649248033055,0.133253764800419,0.14375090191235,-0.234233246231855,0.192331992332425,0.668853866774873,-0.627368181097252,-0.54218858912633,0.353037610935442,0.370479436954811,-0.529547064866914,0.412512017608928
TZEZ_048,TZEZ_048_D4,D4,0,F,85,NonProvincial,CAP,2,5,0,1,0.20551262256595,0.387413017193465,0.0,0.0174440886690247,0.0582252389643193,0.0288436905487305,-0.445325069339303,-0.603346812840914,-0.207592935198963,-0.294837014614787,-0.486411218742139,0.222614816026182,0.380959738192566,1.19443770415648,-0.165357112530887,-0.84862716671722,-0.721139606920738,-1.18050624191762,0.627683895908557,0.832054943059918
TZEZ_050,TZEZ_050_D4,D4,0,F,73,NonProvincial,CAP,1,7,0,1,0.232336386280663,0.305631902744537,0.0,1.67903439735754e-17,0.0423301396151153,1.03484368064008e-17,-0.79410751910452,0.263302410450295,0.0234278981410978,-0.115812826894795,-0.0492133921180328,-0.286939035798376,-0.409704254685227,0.406061948084068,-0.627368181097252,-0.235750011535441,-0.271927166146563,-0.104453674327749,-0.663054846856903,-0.926527725190082
TZEZ_051,TZEZ_051_D4,D4,0,M,55,NonProvincial,CAP,0,7,0,1,0.190334609769104,0.330683350529306,0.0412939417155107,0.068540197419575,0.20158704712894,0.0322801880097564,1.61098770380621,-0.342396183733035,-2.10942415595031,-0.592236963717842,-0.597772626992465,-0.552590345178069,0.715414690774141,-0.776501686024555,-1.08937924966362,-0.235750011535441,-1.46738378053851,-1.45459435942607,-1.33596986036327,1.57594449439711
TZEZ_052,TZEZ_052_D4,D4,0,M,87,NonProvincial,CAP,0,5,0,1,0.221973118938604,0.275576456592649,5.36935088274097e-18,1.94071506007035e-19,0.077816452100211,0.0181152884747372,-0.339200432553614,0.394697800423701,0.696965738413601,0.346930222701698,0.399981059952396,0.0340290478215012,-0.596585228769921,1.32583366350189,-1.08937924966362,-0.84862716671722,0.889200485976347,1.00112557163929,0.149981771816329,-1.34218550777715
TZEZ_053,TZEZ_053_D4,D4,0,F,79,NonProvincial,CAP,1,5,0,0,0.179289925521019,0.371182332477141,8.63461614532797e-19,0.0143831947522842,0.205255053538439,1.39662246894265e-18,-0.000147306004139696,0.908657721783361,-0.62830012596996,-0.606667544045636,-0.622045121770351,-0.53573298781059,0.610468514773081,0.800249826120276,-0.627368181097252,-0.84862716671722,-1.50359339161618,-1.51433500482047,-1.29326888935316,1.34252482703266
TZEZ_055,TZEZ_055_D4,D4,0,M,67,NonProvincial,CAP,2,7,0,1,0.193412088607804,0.3288274788051,0.0,0.0251555432940054,0.0904329217498129,0.0519179390635308,0.243362827634135,-0.461062826240839,0.847672382114437,-0.23884777104987,-0.224329113676549,-0.525968209909553,0.489808426076506,0.0118740700478601,-0.165357112530887,-0.235750011535441,-0.580649849200209,-0.535457010422568,-1.26853396269872,1.07415451721371
TZEZ_056,TZEZ_056_D4,D4,0,M,74,NonProvincial,non-CAP,1,4,0,1,0.208148606454059,0.312899432689055,0.0,0.051297115383648,0.0431346156331475,0.0244940655213742,0.0664674674757725,-0.525656912753455,0.417137399066102,-0.479370346394358,-0.446430738526265,-0.512830491228646,-0.153803445644544,0.471759927756769,-0.627368181097252,-1.15506574430811,-1.18417574426406,-1.08210433831722,-1.23525511997723,-0.357357089339899
TZEZ_059,TZEZ_059_D4,D4,0,F,78,NonProvincial,CAP,2,3,0,1,0.128051483399221,0.398294291180229,4.89710617019937e-19,0.0146722518518104,0.116885213076692,0.0,0.186413672538751,0.823941692392355,-0.827331336863994,-0.468336634044312,-0.497237095760385,-0.520320533511281,0.675613091323904,0.734551846447574,-0.165357112530887,-1.461504321899,-1.15648964821923,-1.20715141728788,-1.25422796793929,1.48741839027157
TZEZ_060,TZEZ_060_D4,D4,0,M,20,NonProvincial,CAP,2,9,1,1,0.128922539183344,0.403335092856375,0.0,0.0217179526444502,1.22310705049621e-18,0.0328656868561738,0.182927885238257,-0.362577313210344,-0.195674710977494,-0.347903548004462,-0.426793899115494,-0.194671703944078,0.349205088734871,-3.0759309745691,-0.165357112530887,0.377127143646338,-0.854295619474108,-1.03377319351152,-0.429334663034322,0.76142674109842
TZEZ_061,TZEZ_061_D4,D4,0,M,64,NonProvincial,CAP,1,7,0,1,0.183083007287462,0.376327619673562,0.0,0.0341093828528189,0.0477883412278189,0.0033989370874267,-0.247114395875994,-0.122163156378614,-0.603804957246856,-0.600015697308813,-0.621458611655318,-0.595795109770636,0.614992765269062,-0.185219868970244,-0.627368181097252,-0.235750011535441,-1.4869023939004,-1.51289145758221,-1.44541082196528,1.35258759526383
XARM_036,XARM_036_D4,D4,0,M,86,Provincial,non-CAP,6,11,0,1,0.184104677322841,0.398292527695053,0.0,0.0226923390372262,0.0424288222594165,0.0341063479491601,-0.227084414295904,-0.687923966686854,-0.189529605815777,-0.498835145131695,-0.595688073595829,-0.186557090167758,0.380871998063074,1.26013568382918,1.68268716173457,0.990004298828117,-1.23301735534096,-1.44946375515923,-0.408779727876495,0.831859792816041
XARM_037,XARM_037_D4,D4,0,M,80,Provincial,CAP,0,5,0,0,0.20069637365092,0.309186770046668,0.0155615347128124,0.106910911615343,0.0976554525722915,0.114408700001773,1.79228142424769,-2.41493760038981,1.28207338598192,-0.47187711131236,-0.296894651526302,-0.435871638225902,0.61057084954205,0.865947805792977,-1.08937924966362,-0.84862716671722,-1.16537351165322,-0.714058843658354,-1.04031247983478,1.34275243844875
ZDFE_031,ZDFE_031_D4,D4,0,F,79,Provincial,CAP,0,7,0,1,0.205965432360141,0.347608796957279,5.80076153920236e-18,1.07238634768886e-19,0.116310256523027,0.0113307659675564,-0.432192894900737,0.380623350501253,-0.155959549599632,0.538044509097163,0.608637841673827,0.072478933179374,0.0335557775781528,0.800249826120276,-1.08937924966362,-0.235750011535441,1.36874973656588,1.51468179731886,0.247378261919565,0.0593644076097459
ZDFE_032,ZDFE_032_D4,D4,0,M,42,Provincial,CAP,0,7,0,1,0.176561085137276,0.268438041991172,0.0322663872141314,0.159119282604869,0.120996365039643,0.0976036916704053,2.93390036402846,-2.21832879277067,0.315104781798366,-0.498246116773916,-0.460287631673497,-0.488868138320341,0.627870259142175,-1.63057542176967,-1.08937924966362,-0.235750011535441,-1.23153934910251,-1.11620959809181,-1.17455665374874,1.38122951868483
ZDFE_101,ZDFE_101_D4,D4,0,M,42,Provincial,CAP,0,15,0,1,0.1694014070969,0.361629974796579,0.0251885427385945,0.0899517133581227,0.0131148707955943,0.0413793092285935,1.16306538322405,-1.45803682617173,-1.23296078761541,-0.382814411778088,-0.348675890628262,-0.359942748177177,0.543342316904301,-1.63057542176967,-1.08937924966362,2.21575860919168,-0.941894923931301,-0.84150534932581,-0.847978814354392,1.19322377219659
ZDFE_102,ZDFE_102_D4,D4,0,M,80,Provincial,non-CAP,1,6,0,1,0.201709368750994,0.28903528178731,1.26464608751092e-18,0.0206856117360246,0.021342389295713,0.0914779617144847,0.417095652000343,-1.21686745018434,2.06061354395806,0.468433997343535,0.402698782392908,0.442765708435711,-0.535074812476921,0.865947805792977,-0.627368181097252,-0.54218858912633,1.1940811161597,1.00781456237077,1.1853428853753,-1.20537498777864
ZDFE_103,ZDFE_103_D4,D4,0,F,74,Provincial,CAP,3,12,0,1,0.195874923197583,0.342529346888516,7.84677296246871e-18,0.0,0.0724519552513335,0.0,-0.505546461849587,0.504899580898023,-0.314541081443801,-0.48847901850907,-0.428327899596063,-0.544733435300721,0.414173589986966,0.471759927756769,0.296653956035478,1.29644287641901,-1.20703147613456,-1.03754875014808,-1.31606770882267,0.905928680371342
ZDFE_105,ZDFE_105_D4,D4,0,M,56,Provincial,non-CAP,0,10,0,1,0.163955772483135,0.308890722303932,3.40538669759065e-19,0.01463974511557,0.0,0.0185185752530596,0.0470713433115473,0.218219991522069,0.433197550159298,-0.496601847896458,-0.443550392680308,-0.223344983879082,0.506325516311974,-0.710803706351854,-1.08937924966362,0.683565721237228,-1.227413504181,-1.07501509094603,-0.501966266468872,1.11089157477503
ZDFE_106,ZDFE_106_D4,D4,0,M,69,Provincial,non-CAP,1,5,0,1,0.178799858540658,0.363594080030675,0.0,0.0216715809788014,0.0951230727659731,0.0647442000737149,0.325858207490621,-0.700140488731788,0.776709730521993,-0.446315662058528,-0.379411406413313,-0.399603532280003,0.641343330842992,0.143270029393263,-0.627368181097252,-0.84862716671722,-1.10123401656444,-0.917153096552923,-0.948442603268306,1.41119611713193
ZDFE_109,ZDFE_109_D4,D4,0,M,31,Provincial,non-CAP,0,11,0,1,0.21063390520186,0.37811292806576,0.0308539272426597,0.0272229372073559,0.145371714233961,1.32121316940791e-18,0.245441090567073,-0.0134548805616196,-2.58115254591921,-0.532109444789186,-0.597320459959578,-0.600369960183171,0.556747749214207,-2.35325319816939,-1.08937924966362,0.990004298828117,-1.31651014787675,-1.45348146391953,-1.45699926673647,1.22303992815279
ZDFE_113,ZDFE_113_D4,D4,0,F,69,Provincial,non-CAP,7,11,0,1,0.205309413602856,0.381422095047812,4.36285746515753e-19,6.67205680030697e-18,0.0363098970510806,0.00698509289295918,-0.796343654050198,-0.100946716325604,-0.566787047080665,-0.346740613254234,-0.333293478600094,-0.522265542805661,-0.0128358209851782,0.143270029393263,2.14469823030094,0.990004298828117,-0.851377551450651,-0.803645408240452,-1.25915482472254,-0.0438190709864461
ZDFE_114,ZDFE_114_D4,D4,0,M,43,Provincial,non-CAP,0,10,0,1,0.189521361585629,0.279392125201524,7.91539560912876e-18,2.97336338446017e-18,0.0827268641966636,0.0,-0.156124728432268,1.00043813066966,0.325333031866534,-0.350470638237963,-0.284803326488561,-0.478058042006349,0.0721537251202756,-1.56487744209697,-1.08937924966362,0.683565721237228,-0.860737033252687,-0.684299086038123,-1.14717385588443,0.145213367710413
ZDFE_115,ZDFE_115_D4,D4,0,F,51,Provincial,CAP,1,7,0,1,0.206929666615855,0.22988940638519,0.0,0.0166927873014559,0.0575882543207211,0.034687348012297,0.226251179764704,0.266557330924521,1.49497253831816,0.0498973063942803,0.151755853770733,0.0114953928925103,-0.318563435697581,-1.03929360471536,-0.627368181097252,-0.235750011535441,0.143877281195647,0.390181614038258,0.0929023064589151,-0.723813720144253
ZDFE_117,ZDFE_117_D4,D4,0,M,73,Provincial,CAP,0,4,0,1,0.215843552911665,0.292388224332104,5.16181772955504e-18,0.0127497848550125,1.98674590169589e-18,0.0101071983777997,-0.487345061423389,0.00262413409488947,0.374453849071012,-0.232497646425269,-0.342314399871644,-0.419538615099527,-0.348953300457671,0.406061948084068,-1.08937924966362,-1.15506574430811,-0.564715940949226,-0.82584813868683,-0.998939687419986,-0.791406389013665
ZDFE_118,ZDFE_118_D4,D4,0,M,31,Provincial,non-CAP,0,11,0,1,0.190548538445151,0.322227729707265,6.17127915040565e-19,0.00273432059210123,0.0865523075924709,1.57225479623682e-17,-0.309116695446924,0.71246470742823,-0.110476579605836,-0.41694572424011,-0.270593996526576,-0.486739271473827,0.0762048976544348,-2.35325319816939,-1.08937924966362,0.990004298828117,-1.02753815668749,-0.649326391623355,-1.16916407177307,0.154223923229367
ZDFE_127,ZDFE_127_D4,D4,0,M,51,Provincial,CAP,0,3,0,1,0.189173464842156,0.295294739620197,0.0123915901510237,0.10778282294214,0.113270109447948,0.0695503954672834,1.60307177802022,-1.38347186546609,0.710172994873244,-0.604475143337296,-0.584261942677624,-0.501139807844954,0.644880732169514,-1.03929360471536,-1.08937924966362,-1.461504321899,-1.49809215915206,-1.42134120567839,-1.20564172795065,1.41906395064844
ZDFE_128,ZDFE_128_D4,D4,0,F,49,Provincial,CAP,1,8,0,1,0.20718181400088,0.34368310374209,4.13855818874226e-20,0.0613462553928164,0.0154494406219174,0.0325584954876586,0.0323690338327395,-1.07495369708886,0.266891096675787,-0.326767625447136,-0.461659417526754,-0.0633772658738093,-0.0238294864369845,-1.17068956406076,-0.627368181097252,0.0706885660554489,-0.801260778311524,-1.11958590419328,-0.0967558446815471,-0.068271012263951
ZDFE_129,ZDFE_129_D4,D4,0,F,65,Provincial,CAP,2,5,0,1,0.218262010912242,0.340394523610965,0.0121801427627365,0.0728924038754788,0.142220458834475,0.0226864541375827,0.521333111146158,-0.631473286513703,-0.680786362701542,-0.419445861459433,-0.465486464690211,-0.338159527217945,0.509319106608479,-0.119521889297542,-0.165357112530887,-0.84862716671722,-1.03381157011204,-1.12900521891934,-0.792800255437361,1.11754987217911
ZDFE_133,ZDFE_133_D4,D4,0,F,49,Provincial,CAP,4,13,0,1,0.202687313880398,0.396766867553901,0.0339180669379259,0.0303917415613714,0.0600521603793955,0.0,0.127269517158237,-0.483336173437278,-2.92928968435706,-0.558761621880532,-0.555443095942346,-0.50251496980338,0.417982559413558,-1.17068956406076,0.758665024601843,1.6028814540099,-1.38338652740751,-1.35041085759334,-1.20912511800052,0.914400531470971
ZDFE_135,ZDFE_135_D4,D4,0,M,68,Provincial,non-CAP,1,9,0,1,0.162947514573165,0.306396488417453,0.0,0.0911377248395252,0.0671622889934079,0.0466121838626858,1.13181023174195,-0.767812732074118,0.931600031455736,-0.667320927688663,-0.707627279729248,-0.588741147868196,0.609067369607139,0.0775720497205614,-0.627368181097252,0.377127143646338,-1.65578653855625,-1.72497397693671,-1.4275425988425,1.33940842154724
ZDFE_136,ZDFE_136_D4,D4,0,F,34,Provincial,CAP,0,7,0,1,0.211399440270802,0.361754846877304,0.0,6.0883757495176e-18,0.126476308853156,7.00788348665658e-18,-0.606934253546003,0.479250433529789,-0.536074289716125,-0.503229321129384,-0.528576220427867,-0.406858583548895,0.501941137239583,-2.15615925915128,-1.08937924966362,-0.235750011535441,-1.24404334322703,-1.28428479607171,-0.966820201082506,1.1011399064087
ZDFE_137,ZDFE_137_D4,D4,0,F,57,Provincial,non-CAP,0,3,0,1,0.227281663778172,0.320376558503904,0.0,0.0,0.00518826316463094,0.0,-0.896050185547399,0.0554770262470606,-0.111646792811899,0.28171796521377,0.460111201089238,-0.221494210256472,-0.621864519963815,-0.645105726679153,-1.08937924966362,-1.461504321899,0.725568086759072,1.1491208013033,-0.497278115824466,-1.39841131767829
ZDFE_138,ZDFE_138_D4,D4,0,M,52,Provincial,non-CAP,0,9,0,1,0.214025303549719,0.298301501858981,0.0,1.34240216833048e-18,0.0859287433423827,1.53588584517624e-17,-0.472148324599419,0.670125476324078,0.107886798471927,-0.310626703663934,-0.222115211570268,-0.369675878574615,0.259481441171686,-0.973595625042659,-1.08937924966362,0.377127143646338,-0.760759531173244,-0.530008046816661,-0.872633575470175,0.561864786895232
ZYCZ_018,ZYCZ_018_D4,D4,0,M,76,Provincial,non-CAP,5,6,0,1,0.190677728313032,0.368604595730437,0.02208923032889,0.0260884970935811,0.114161497228038,0.0430177463296003,0.551253276193184,-0.570563460011872,-1.05880940389323,-0.312279515117474,-0.143224298311058,-0.399986609367668,0.575923769759284,0.603155887102172,1.22067609316821,-0.54218858912633,-0.76490681136281,-0.33583789179192,-0.949412966727917,1.26569093753269
ZYCZ_025,ZYCZ_025_D4,D4,0,M,79,Provincial,CAP,7,6,1,1,0.215083973389592,0.224769546965568,0.00319985667860149,0.089554965394854,0.103600101464285,0.0568440809890755,1.16399830437307,-0.760332732834959,1.70622674847403,-0.333410252376174,-0.265789802363973,-0.37081381628941,0.259258205157695,0.800249826120276,2.14469823030094,-0.54218858912633,-0.817928641430739,-0.637502075149079,-0.875516058430672,0.561368268793143
ZYCZ_026,ZYCZ_026_D4,D4,0,M,31,Provincial,CAP,0,7,0,1,0.188720388544731,0.323107499995972,0.0,0.0539809427034101,0.108274136512049,1.08190481756546e-19,0.216443288716995,0.26344653632485,-0.177813734624722,-0.489874746557915,-0.564633779250137,-0.487570924012403,0.520454670679045,-2.35325319816939,-1.08937924966362,-0.235750011535441,-1.21053367553825,-1.37303141462497,-1.17127071103841,1.1423174221777
ZYCZ_027,ZYCZ_027_D4,D4,0,M,78,Provincial,CAP,2,6,0,1,0.221720256696298,0.265486202274062,0.0,3.08724394200839e-19,0.0,0.00648857650942747,-0.576992930717517,0.31460668677545,0.579236334907989,0.3968179505848,0.517954564482916,-0.0429128515030938,-0.473505517617173,0.734551846447574,-0.165357112530887,-0.54218858912633,1.01438015187768,1.29148770229734,-0.0449179233672297,-1.06843351097932
ZYCZ_028,ZYCZ_028_D4,D4,0,M,71,Provincial,CAP,1,7,0,1,0.208083327678728,0.29442919229584,3.9696522999001e-18,0.0,0.111367400478454,0.00869430947741412,-0.266779682774592,0.713685132296743,0.324280551211183,0.502252905014739,0.422556240092019,0.651821823274929,-0.240172400704229,0.274665988738665,-0.627368181097252,-0.235750011535441,1.27894045417865,1.05668870364437,1.71489795765824,-0.549457588175062
ZYCZ_030,ZYCZ_030_D4,D4,0,M,30,Provincial,CAP,3,5,1,1,0.225375996345149,0.273233135125705,0.0,0.0,0.0600547076645349,0.0,-0.546835022418819,0.606617541241769,0.353181628890374,0.43143023304729,0.469606440590289,0.472232817732009,-0.641309780646768,-2.41895117784209,0.296653956035478,-0.84862716671722,1.10123024785498,1.17249094685934,1.25998531908441,-1.44166116682367
ZYCZ_031,ZYCZ_031_D4,D4,0,F,55,Provincial,CAP,3,10,1,1,0.178872294755202,0.337648522112756,2.82878947015378e-18,2.12100909038755e-19,0.0400433903387769,0.0218432642650429,-0.227130640868646,0.180134636240486,0.202759344955706,-0.0545124849563222,0.0772769712538502,0.132142283678282,0.573338505878682,-0.776501686024555,0.296653956035478,0.683565721237228,-0.11811065356703,0.206870563792756,0.398510076027901,1.25994083345026
ZYCZ_032,ZYCZ_032_D4,D4,0,F,42,Provincial,CAP,3,13,1,1,0.191181304145871,0.353332594386289,0.0194214243086546,0.104253997129861,0.222375802535771,0.0354557334926039,1.4622047750231,-0.708675944630941,-1.00726960722694,0.158994482066034,0.0198954671680346,-0.166035584639261,0.180283079543478,-1.63057542176967,0.296653956035478,1.6028814540099,0.417626930275074,0.0656404134041124,-0.356797190308264,0.385713011466286
ZYCZ_034,ZYCZ_034_D4,D4,0,M,81,Provincial,non-CAP,0,7,0,1,0.179423283369663,0.279072131110398,0.0,0.00285437096370218,0.0449569260511518,0.058142862926003,0.32522629284196,-0.086319666436909,1.5234525371261,-0.170419124717022,0.289481579109155,-0.533266021806857,-0.27077694052459,0.931645785465678,-1.08937924966362,-0.235750011535441,-0.408946798179362,0.729158871811787,-1.28701987644373,-0.617527734005229
ZYCZ_036,ZYCZ_036_D4,D4,0,F,31,Provincial,CAP,2,5,1,1,0.175737747835989,0.269308395016579,0.0,0.0217291935881098,0.0,0.0120361449476505,0.105338897658454,0.387380691235022,0.679411888687135,-0.167594805790168,-0.38259755900232,0.265122945857932,0.142040824674367,-2.35325319816939,-0.165357112530887,-0.84862716671722,-0.401859939052588,-0.92499501036253,0.735360228566788,0.300655177527448
ZYCZ_038,ZYCZ_038_D4,D4,0,F,83,Provincial,CAP,6,9,0,1,0.170057771969366,0.35043710771373,2.45044713598972e-18,0.00769554448795253,0.0718412428417354,0.000132035418104151,-0.210793194618367,0.606766830781941,-0.371705494364941,-0.572584704686673,-0.603540670884148,-0.459205839056726,0.458822199840782,1.06304174481108,1.68268716173457,0.377127143646338,-1.41807178891018,-1.46879094976034,-1.09941978897585,1.00523543034056
ZYCZ_039,ZYCZ_039_D4,D4,0,M,73,Provincial,CAP,1,1,0,1,0.209129281413124,0.265142620938447,7.13038092534477e-19,0.0546476820142644,0.140033332229579,0.0532682644125322,0.744196998152351,-0.336710830771721,1.45610997038512,-0.429555119554085,-0.459631253425017,-0.414422676657526,0.518664661706916,0.406061948084068,-0.627368181097252,-2.07438147708078,-1.05917799998362,-1.11459408800329,-0.985980625430661,1.13833611180723
ZYCZ_042,ZYCZ_042_D4,D4,0,M,29,Provincial,non-CAP,2,16,1,1,0.185005318164297,0.255440076979468,0.0,2.40000616474983e-18,0.0,0.0440764026802537,0.121786463416001,0.0802163077474789,1.48238379580367,0.472500190891943,0.464678964924039,0.395392757407008,-0.60710269503336,-2.48464915751479,-0.165357112530887,2.52219718678257,1.20428412141728,1.16036320394866,1.06534358984857,-1.36557829415847
ZYQC_039,ZYQC_039_D4,D4,0,M,76,Provincial,CAP,1,3,0,1,0.214208588939332,0.378606210871108,0.0,0.0,0.0867911206873069,0.0318962697722732,-0.55777044943487,-0.366264708494494,-0.0534586506498833,0.116728782432591,0.282332538518292,0.187979901484831,0.194311855259882,0.603155887102172,-0.627368181097252,-1.461504321899,0.311572668361242,0.711563305193803,0.539951017644918,0.416915598221046
ZYQC_042,ZYQC_042_D4,D4,0,M,60,Provincial,CAP,1,2,0,1,0.21691223723027,0.399256142894544,2.58618185779029e-18,1.09298712786667e-17,0.0293558896748338,0.0,-1.05720611718738,-0.231266786064576,-0.898970917953369,0.5444778998721,0.525945784584038,0.403392245470132,-0.402527835801269,-0.448011787661049,-0.627368181097252,-1.76794289948989,1.38489257854309,1.31115608211154,1.08560690280047,-0.910566044902232
ZYQC_045,ZYQC_045_D4,D4,0,M,59,Provincial,CAP,2,4,1,0,0.205058202709513,0.245459862754978,0.0,0.120067679000361,0.309188588410574,0.0,1.45910628773161,0.759579297878554,0.471422925513989,-0.494810829111626,-0.520007439445338,-0.401244929517318,0.618227311055739,-0.51370976733375,-0.165357112530887,-1.15506574430811,-1.22291943033515,-1.26319489530856,-0.952600387570955,1.35978182215584
ZYQC_048,ZYQC_048_D4,D4,0,F,64,Provincial,CAP,7,11,0,1,0.185360508885702,0.392528470035528,2.13880739940046e-18,0.0,0.0730208049630129,1.4677177407401e-19,-0.604631160549384,0.294844664611078,-0.806240772162969,0.0209642525200234,-0.176691506105815,0.493905205718146,0.271427702294353,-0.185219868970244,2.14469823030094,0.990004298828117,0.0712776625886118,-0.418209012334051,1.31488312963336,0.588435476783671
ZYQC_050,ZYQC_050_D4,D4,0,M,35,Provincial,CAP,3,13,1,1,0.222703277571065,0.331792747162963,0.0,0.0,0.0,1.80017945827022e-17,-0.909972815046684,0.00432562455498775,-0.220442523843874,-0.0316375738513819,0.274048116059996,-0.338432319823623,-0.545684827245226,-2.09046127947858,0.296653956035478,1.6028814540099,-0.0607122942681486,0.691173281469112,-0.793491259898671,-1.22897361911823
ZYQC_051,ZYQC_051_D4,D4,0,M,81,Provincial,CAP,0,4,0,1,0.212378742581436,0.309998263165115,9.46227292493929e-18,0.0,0.0,0.0173409400372317,-0.583277080544272,-0.0587160501557084,0.36167416464782,0.54160486294513,0.607277675892768,0.424653976012524,-0.651182196524093,0.931645785465678,-1.08937924966362,-1.15506574430811,1.37768347486367,1.51133409110459,1.13946448674579,-1.46361924207689
ZYQC_052,ZYQC_052_D4,D4,0,M,59,Provincial,CAP,0,19,0,1,0.207574441106073,0.295331225082984,1.38035721285089e-18,0.0,0.182658482226625,0.0152338257456245,-0.0387042326327087,0.915340531304475,0.433460806302567,-0.424755689489002,-0.452159714488608,-0.567490340957981,0.424545356445455,-0.51370976733375,-1.08937924966362,3.44151291955523,-1.0471351373888,-1.09620477276252,-1.37371268529004,0.928997403491828
ZYQC_055,ZYQC_055_D4,D4,0,M,77,Provincial,non-CAP,3,7,0,1,0.206841364836206,0.386881403630962,0.0,0.0,0.00120926898466175,8.87700464763553e-18,-0.974758825356034,-0.184903281636231,-0.757680410522284,-0.324906814823487,-0.361970468033361,-0.377141405756293,0.530392317521189,0.668853866774873,0.296653956035478,-0.235750011535441,-0.796591580854389,-0.874226610230154,-0.891544324813069,1.16442058313761
ZYQC_057,ZYQC_057_D4,D4,0,M,57,Provincial,non-CAP,6,12,1,1,0.202632468284149,0.33179337860877,1.96834199019923e-17,0.0,0.0,1.11916107651628e-17,-0.708465206550814,0.190368004925108,-0.19869892448252,-0.281185643200518,-0.162273789149656,-0.376202941879225,-0.360946295925792,-0.645105726679153,1.68268716173457,1.29644287641901,-0.68688520838935,-0.382723425707845,-0.889167124286608,-0.818081024713052
ZYQC_058,ZYQC_058_D4,D4,0,M,32,Provincial,CAP,1,3,0,1,0.209329209521377,0.388360952378019,1.51366782540175e-18,0.0482722436104396,0.120422570094243,0.021762035832716,-0.113058224898742,-0.585663062281562,-0.411543066270133,-0.0618409958196541,-0.299947574513129,-0.179278751222416,0.39502191660736,-2.28755521849669,-0.627368181097252,-1.461504321899,-0.13649955561476,-0.721572846287314,-0.390343140602956,0.863331823581677
ZYQC_059,ZYQC_059_D4,D4,0,M,53,Provincial,CAP,2,8,1,1,0.215950138719168,0.23225530509437,0.0,0.0,2.87019731196396e-19,0.000882446112989597,-0.425177515751421,0.669148794639673,0.806085877647109,0.251931058797059,0.143148764910172,0.489062692618622,-0.55476684428535,-0.907897645369958,-0.165357112530887,0.0706885660554489,0.6508259577486,0.368997428061405,1.30261667487588,-1.24917370145837
ZYQC_060,ZYQC_060_D4,D4,0,M,38,Provincial,non-CAP,1,12,0,1,0.192677836376518,0.395872599606101,0.0,0.0266101695748872,0.17970294436506,1.36427848486188e-18,-0.190504034620253,0.386499969825023,-0.899178133382004,-0.21995807115098,-0.275595486677769,-0.238233380598333,0.465438418195596,-1.89336734046048,-0.627368181097252,1.29644287641901,-0.533251292026784,-0.661636302586371,-0.539679710090953,1.01995112124459
ZYQC_067,ZYQC_067_D4,D4,0,M,82,Provincial,CAP,4,5,0,1,0.213488961481058,0.314422424978545,0.00447832990149564,0.0341793706429481,0.16009092429256,0.0912852774847621,0.746835144161952,-1.04374553700604,1.47660350021512,-0.254224310289787,-0.317940854239556,-0.286855932591515,-0.128958165388934,0.99734376513838,0.758665024601843,-0.84862716671722,-0.619233086530276,-0.765858782012313,-0.66284434010014,-0.302096599879261
ZYQC_068,ZYQC_068_D4,D4,0,F,45,Provincial,CAP,2,6,1,0,0.211562112051183,0.395575524622703,0.0,0.0,0.0230150849167417,0.0,-1.00401592303309,-0.186723060323052,-0.854820212077598,-0.29743694559775,-0.390959126387961,0.386698944504477,0.281867911328027,-1.43348148275157,-0.165357112530887,-0.54218858912633,-0.727663425615717,-0.945574906936743,1.04332149915988,0.611656428825133
ZYQC_072,ZYQC_072_D4,D4,0,M,77,Provincial,CAP,3,7,0,1,0.179775673291492,0.331758731510258,0.0,0.0139683633046945,0.0203279867632092,0.0406659990584887,0.00846275297900135,-0.348917916733144,0.63164834439221,-0.475264616731568,-0.414669933377741,-0.425693853917073,0.470824760812109,0.668853866774873,0.296653956035478,-0.235750011535441,-1.17387353389534,-1.00393309901192,-1.01453137647176,1.03193134148477
ZYQC_073,ZYQC_073_D4,D4,0,M,75,Provincial,CAP,3,8,0,1,0.195671927380002,0.381331014969514,0.0,0.00323998354675476,0.0730522402865696,0.0168481902572634,-0.503602422970496,-0.0518510191188479,-0.36662441630044,-0.154855063488476,-0.146349069211169,-0.335074852096151,0.237114929428276,0.53745790742947,0.296653956035478,0.0706885660554489,-0.369893025491567,-0.343528730001611,-0.784986538252636,0.512117536159798
ZYQC_076,ZYQC_076_D4,D4,0,M,67,Provincial,CAP,2,5,0,0,0.187177265363886,0.35452948516683,0.0209995408349048,0.0556792928579793,0.0878814391779886,0.00148079678182264,0.502196758471078,-0.176885612777393,-1.71734897289484,-0.449336130670205,-0.463550305478264,-0.289071659434531,0.706992136418431,0.0118740700478601,-0.165357112530887,-0.84862716671722,-1.10881305990274,-1.12423984964163,-0.668456945067065,1.55721117879684
ZYQC_080,ZYQC_080_D4,D4,0,M,72,Provincial,CAP,2,10,0,1,0.183744324580023,0.335224195155689,0.0,0.0427676511163726,0.198869017108132,0.0,0.340677882473475,0.75430596932139,-0.301037317416954,-0.683269487591335,-0.674071397157775,-0.587198642936347,0.561774188130001,0.340363968411367,-0.165357112530887,0.683565721237228,-1.69580510594625,-1.64238460571867,-1.42363531628676,1.23421965612821
ZYQC_084,ZYQC_084_D4,D4,0,M,72,Provincial,CAP,3,8,0,1,0.213528356036923,0.364381123524766,0.0289174672366702,0.0642266524172008,0.140136051945981,0.0189629436288228,0.696658256556994,-0.68930755723394,-1.98489199736401,-0.533440720744501,-0.462343586562676,-0.493002330533466,0.337528571437257,0.340363968411367,0.296653956035478,0.0706885660554489,-1.31985062230563,-1.12126981432031,-1.18502887771568,0.735456011268715
ZYQC_085,ZYQC_085_D4,D4,0,F,61,Provincial,CAP,2,8,0,1,0.214727681303608,0.324059842778187,0.0,0.0215386121178567,0.155652674160863,1.9604906167592e-17,-0.220685844206813,0.576692840570397,-0.190091937294551,-0.347646338745432,-0.386485523717692,-0.438353762245201,0.389127570997821,-0.382313807988348,-0.165357112530887,0.0706885660554489,-0.853650222891053,-0.93456425833199,-1.04659988915293,0.850221710913105
ZYQC_089,ZYQC_089_D4,D4,0,M,73,Provincial,CAP,1,5,1,0,0.222060066609048,0.343491035845616,0.0,0.0348576305539013,0.0214669973233598,0.011443049959338,-0.4997906238488,-0.539996536738724,-0.147886223454472,-0.30432992218932,-0.382090030787726,-0.15569632032008,-0.01198559368624,0.406061948084068,-0.627368181097252,-0.84862716671722,-0.744959473028827,-0.923745857221365,-0.330607045771678,-0.0419280085307706
ZYQC_090,ZYQC_090_D4,D4,0,F,64,Provincial,CAP,2,5,1,1,0.183462698837848,0.270470888015754,0.0,0.0584143492518337,0.359546207573677,0.021260104385716,1.31092260023765,1.33461555137086,0.731125498702912,-0.566853325777904,-0.539690644206821,-0.571506734026088,0.628151095177947,-0.185219868970244,-0.165357112530887,-0.84862716671722,-1.40369045451397,-1.31164015677186,-1.38388651504447,1.38185414986771
ZYQC_093,ZYQC_093_D4,D4,0,M,82,Provincial,non-CAP,9,9,1,1,0.209198021189661,0.35636861256614,4.00318706718214e-18,0.0,0.010090084087604,0.0,-0.850689917968834,0.0214810719006469,-0.455144435956336,-0.308721052801219,-0.260472003718868,-0.484118572421844,0.177124175880806,0.99734376513838,3.06872036743367,0.377127143646338,-0.75597781934868,-0.624413650327354,-1.16252564133552,0.37868702662078
ZYQC_094,ZYQC_094_D4,D4,0,M,68,Provincial,CAP,4,8,1,1,0.217107184629022,0.238867092022921,1.29037881122418e-17,2.46343486055997e-17,0.0920638588702188,0.0,-0.242964148920942,1.03704665415432,0.701153515782379,0.274936552175922,0.32643718869269,0.355625592117245,-0.653997331241906,0.0775720497205614,0.758665024601843,0.0706885660554489,0.708551977699027,0.820115816603284,0.964610329280212,-1.46988062133297
ZYQC_095,ZYQC_095_D4,D4,0,F,61,Provincial,CAP,2,9,1,1,0.224151859498872,0.278285965099245,0.0,1.50710854543037e-18,0.00921018472940387,0.00138378476970002,-0.670577957194812,0.33969756538893,0.342384378612129,0.486637382091934,0.417346049418878,0.562188045735194,-0.596588366714627,-0.382313807988348,-0.165357112530887,0.377127143646338,1.23975755238501,1.0438651288001,1.4878487676331,-1.34219248714541
ZYQC_096,ZYQC_096_D4,D4,0,M,60,Provincial,CAP,3,10,1,1,0.223886583153245,0.380416560426209,0.0,0.0,0.0,1.21873142557952e-17,-1.12224216436452,-0.308134046496538,-0.710864348038453,0.330872128424275,0.353297254378287,0.519969478659128,-0.555457917789222,-0.448011787661049,0.296653956035478,0.683565721237228,0.848907071905253,0.886225117442672,1.3809059195043,-1.25071077649574
ZYQC_097,ZYQC_097_D4,D4,0,M,36,Provincial,CAP,1,5,0,1,0.194643554725605,0.359845031337827,0.0,0.0209962372380338,0.0802007252190853,0.0191979966671887,-0.210616559607797,-0.110138731511289,-0.122585102934968,-0.328102660469461,-0.0421118190407086,-0.3194780942792,0.507463420951003,-2.02476329980588,-0.627368181097252,-0.84862716671722,-0.804610685095269,-0.0869749370641441,-0.745478761981719,1.11342248473722
ZYQC_100,ZYQC_100_D4,D4,0,M,74,Provincial,CAP,0,3,0,0,0.206111092263545,0.306007621784379,0.0,0.0040439309810171,0.0402420656585841,0.0126819231523553,-0.404028804915621,0.236092699931238,0.301287677047362,-0.477940116544096,-0.398510764004304,-0.54322882362425,-0.167066741619901,0.471759927756769,-1.08937924966362,-1.461504321899,-1.18058697198649,-0.964161364946656,-1.31225641277087,-0.386857107851224
ZYQC_101,ZYQC_101_D4,D4,0,M,61,Provincial,CAP,3,11,1,1,0.214151323684261,0.292647095586046,8.58602647726046e-18,0.0191833766847229,0.0133530255193672,0.0269715621474331,-0.251435055780698,-0.280206127088972,0.705885982293366,-0.101493661668214,-0.119850541921526,-0.258751399774532,-0.486092906095317,-0.382313807988348,0.296653956035478,0.990004298828117,-0.235997120920821,-0.278309265057001,-0.591653416463097,-1.09643018645157
ZYQC_102,ZYQC_102_D4,D4,0,F,49,Provincial,CAP,2,12,0,1,0.0257305454385771,0.211051646150635,0.0,0.00167532471325403,0.252773672553889,0.0,2.2057825034963,3.67170071606815,1.15288917042881,-0.610244873719603,-0.612143388857382,-0.590301856825852,0.669590141819097,-1.17068956406076,-0.165357112530887,1.29644287641901,-1.51256972612585,-1.48996437789659,-1.43149599358305,1.47402223880102
ZYQC_103,ZYQC_103_D4,D4,0,M,65,Provincial,CAP,4,8,1,1,0.210044046036781,0.285610098413476,1.34482728402438e-18,0.00711488387155087,0.0,0.0402350689237721,-0.219990942097004,-0.351039787937077,1.06608171451975,0.130754409968237,-0.210380708719329,0.479321889863166,-0.402961286984677,-0.119521889297542,0.758665024601843,0.0706885660554489,0.34676616069833,-0.501126517327724,1.27794247909248,-0.911530120344569
ZYQC_104,ZYQC_104_D4,D4,0,M,66,Provincial,non-CAP,4,5,0,1,0.213579020303602,0.285171364794864,0.0331622577707919,0.016909969546195,0.0748754928075432,0.0,0.379019439176964,0.323629811532962,-1.76160798013832,0.0686934464847522,0.157018360895884,-0.309462681006577,-0.43958369909664,-0.0538239096248412,0.758665024601843,-0.84862716671722,0.19104107551142,0.403133952680251,-0.720108956828656,-0.992985124985917
ZYQC_105,ZYQC_105_D4,D4,0,F,52,Provincial,CAP,5,8,1,1,0.20929542627276,0.322586186561407,0.0,0.00972945836341034,0.0,4.51461111458475e-21,-0.650639047442293,0.0801375215761772,-0.123915008155084,0.242074398822954,0.119494435607719,0.386276550554825,-0.449555009859466,-0.973595625042659,1.22067609316821,0.0706885660554489,0.626093354063928,0.310778241618823,1.04225154309229,-1.01516316071942
ZYQC_106,ZYQC_106_D4,D4,0,M,55,Provincial,CAP,1,7,0,1,0.19423277590133,0.307531351843826,0.0551710936800446,0.036170302531327,0.228103393087266,0.0,1.47619682312245,0.696131446084646,-3.3366671352462,-0.472338523499482,-0.367475650987938,-0.486487353271839,0.670533845133166,-0.776501686024555,-0.627368181097252,-0.235750011535441,-1.16653129986843,-0.88777623443361,-1.16852594376727,1.47612120916902
ZYQC_108,ZYQC_108_D4,D4,0,M,74,Provincial,CAP,3,4,0,1,0.182094514460777,0.330828628582101,4.03025318433414e-19,0.0309668883607997,0.0272537396737626,0.0160690401978247,-0.0311946926487058,-0.10177370280956,0.119654414897227,-0.462094752290385,-0.438277456401373,-0.293502693137483,0.372549459731433,0.471759927756769,0.296653956035478,-1.15506574430811,-1.14082734597161,-1.06203708356319,-0.679681091151764,0.813348931315191
ZYQC_109,ZYQC_109_D4,D4,0,M,72,Provincial,CAP,2,10,1,1,0.196880556461675,0.321659601503272,0.0,0.0152750590670185,0.107129613854489,0.0143565670813381,-0.0972773802887135,0.36837799499008,0.16154358396906,0.604387423676525,0.620440902781384,0.616014591634895,-0.422205247418367,0.340363968411367,-0.165357112530887,0.683565721237228,1.53521921181288,1.54373206572545,1.62419551083446,-0.954332240577717
ZYQC_111,ZYQC_111_D4,D4,0,M,77,Provincial,non-CAP,2,3,1,1,0.225433648138702,0.280888012817514,0.0,0.0,7.43352332657907e-19,3.34504800545906e-18,-0.727596477474324,0.29465029593421,0.288683516178103,0.41756327692429,0.453691882832746,0.600839118195007,-0.533989853464774,0.668853866774873,-0.165357112530887,-1.461504321899,1.06643489821282,1.1333212628074,1.5857548799992,-1.20296183866383
ZYQC_112,ZYQC_112_D4,D4,0,M,23,Provincial,CAP,3,6,0,1,0.16644308952617,0.276019508281026,0.000258562817241104,0.089936065162027,0.178970396984614,0.0163886872195636,1.26094330408381,0.40326936314048,0.582871486026872,-0.635226920712806,-0.620993776121899,-0.616279883033053,0.554225604204156,-2.878837035551,0.296653956035478,-0.54218858912633,-1.57525536904525,-1.51174738174564,-1.49730031390395,1.21743021208953
ZYQC_113,ZYQC_113_D4,D4,0,M,73,Provincial,CAP,1,4,0,1,0.17473265527101,0.302743705081882,0.0158982576383166,0.0515137696145186,0.0608666763138952,0.0882192830900499,1.29996846324862,-1.25319634127529,0.891875825225878,-0.45280695666069,-0.457311711531581,-0.422462832852838,0.617338020499943,0.406061948084068,-0.627368181097252,-1.15506574430811,-1.11752215242562,-1.10888511861217,-1.00634695386094,1.35780387580626
ZYQC_114,ZYQC_114_D4,D4,0,M,79,Provincial,CAP,0,9,0,1,0.191130408544443,0.367722629808579,0.0778851715925481,0.0397438064629046,0.141192738233235,0.0180327921562129,1.67288469377908,-0.511703808427636,-4.91903807714677,-0.515236230575396,-0.560786804517233,-0.373566175814173,0.547331793603484,0.800249826120276,-1.08937924966362,0.377127143646338,-1.27417141232813,-1.36356305319518,-0.882487994880392,1.20209710479017
ZYQC_115,ZYQC_115_D4,D4,0,M,65,Provincial,CAP,2,8,1,1,0.205034966033699,0.251248667584969,0.0257449633037069,0.0690204819358754,0.0,0.0916741711500625,1.43867150896618,-1.79019811650237,0.851093811201448,0.0436478939351798,0.170893197492987,-0.157014516303092,0.171112037888707,-0.119521889297542,-0.165357112530887,0.0706885660554489,0.128196082694425,0.437283375746892,-0.333946136664111,0.365314921950185
ZYQC_116,ZYQC_116_D4,D4,0,M,77,Provincial,non-CAP,4,10,0,1,0.203063240655316,0.329765055982102,2.14027174432601e-05,0.049445764910347,0.036125705239784,0.0235458142311049,0.00730539439028632,-0.577873675598044,0.235960137983839,-0.554771460130746,-0.553805780453501,-0.493909620684436,0.179539886775551,0.668853866774873,0.758665024601843,0.683565721237228,-1.37337430324086,-1.34638101703048,-1.187327112818,0.384060013565005
ZYQC_118,ZYQC_118_D4,D4,0,M,78,Provincial,CAP,1,8,0,1,0.209098424945951,0.360413996729966,2.54397626246647e-18,0.0156382279005406,0.0322400114133857,0.0193490686838525,-0.523418042307822,-0.402895961734216,-0.125023741249815,-0.422218310677176,-0.275669585179226,-0.341477085562272,-0.0572600734927678,0.734551846447574,-0.627368181097252,0.0706885660554489,-1.04076827633083,-0.66181867742424,-0.801203883574161,-0.142626808803696
ZYQC_121,ZYQC_121_D4,D4,0,F,64,Provincial,CAP,3,5,1,1,0.213395842004809,0.395794041982233,0.0,2.87770699315529e-18,0.0,0.0,-1.08028934573899,-0.306237938830718,-0.854188333894964,-0.441556534464063,-0.495230069105624,-0.38068588742042,-0.0188617755526271,-0.185219868970244,0.296653956035478,-0.84862716671722,-1.08929228204302,-1.20221162561107,-0.900522767014082,-0.0572219062710112
ZYQC_122,ZYQC_122_D4,D4,0,M,37,Provincial,CAP,2,12,0,1,0.156659030109343,0.255224567260497,0.0454131854933602,0.0704302360507948,0.146290132990662,0.00140643319199926,1.98600093431419,0.672460640606926,-2.17714581403341,-0.587525867555455,-0.614112373037074,-0.267471367787554,0.630495530234171,-1.95906532013318,-0.165357112530887,1.29644287641901,-1.45556256781424,-1.49481053758238,-0.613741760040094,1.38706860619031
ZYQC_123,ZYQC_123_D4,D4,0,F,59,Provincial,CAP,2,9,0,1,0.21607660422657,0.335337474846888,0.0,0.00737205839717153,0.106372089959255,7.33093249964625e-18,-0.529027601215372,0.431347076594093,-0.279229296863701,0.307229806983258,0.460303066096473,0.20685343201529,-0.57396271692642,-0.51370976733375,-0.165357112530887,0.377127143646338,0.789583105376785,1.14959302879643,0.587759108941258,-1.29186886556424
ZYQC_124,ZYQC_124_D4,D4,0,M,93,Provincial,CAP,3,9,0,1,0.165488973848601,0.324135350067341,0.00917458923114757,0.0437233864998107,0.144463833704219,0.054848248302337,1.05000673116249,-0.242084152942057,0.403569309643739,-0.482448259034894,-0.505099994278902,-0.221330754046412,0.625223970540285,1.72002154153809,0.296653956035478,0.377127143646338,-1.19189892774756,-1.22650396577807,-0.496864068786425,1.37534368435774
ZYQC_127,ZYQC_127_D4,D4,0,M,61,Provincial,CAP,1,8,0,1,0.212704068075274,0.293890005573459,0.0118074926426945,0.0364211601958528,0.122819259017241,0.0248168357082791,0.404331191444565,-0.0150524074859246,-0.0975628372984512,-0.268857437339916,-0.246435200629234,0.0944734830924259,0.199751503424731,-0.382313807988348,-0.627368181097252,0.0706885660554489,-0.655950933442831,-0.589865587447022,0.303092133183244,0.429014379840358
ZYQC_128,ZYQC_128_D4,D4,0,M,24,Provincial,CAP,2,8,1,1,0.202495043053175,0.403405686440588,1.39438386899877e-17,1.81882677707728e-17,0.323144888968423,5.77840732440147e-18,-0.202432038109332,1.16798615224782,-0.986582878116143,-0.48933760815318,-0.462308316489446,-0.203223668656217,0.43693070504565,-2.8131390558783,-0.165357112530887,0.0706885660554489,-1.20918587300442,-1.12118300589962,-0.450997441445663,0.956544704981127
ZYQC_132,ZYQC_132_D4,D4,0,M,66,Provincial,CAP,5,10,0,1,0.178327381779232,0.323415577297032,0.0423324374481977,0.110308764446691,0.0391275356069038,0.0509039637912195,1.89596648433698,-1.67516025343951,-1.71936657117058,-0.486611667011972,-0.427039666293835,-0.521096249480064,0.566415439714211,-0.0538239096248412,1.22067609316821,0.683565721237228,-1.20234586613695,-1.03437808765137,-1.25619291561009,1.24454265637674
ZYQC_134,ZYQC_134_D4,D4,0,M,88,Provincial,CAP,0,7,0,1,0.196204761480533,0.333838122371594,0.0,7.29134605548556e-20,0.182833849186185,0.00830712715307021,-0.136026972115144,0.900129750056955,-0.082098673062367,-0.544756889796114,-0.551355064120846,-0.60224169492426,0.512439741698227,1.39153164317459,-1.08937924966362,-0.235750011535441,-1.34824546651428,-1.3403491947258,-1.46174051349155,1.12449074065446
ZYQC_135,ZYQC_135_D4,D4,0,M,66,Provincial,CAP,0,7,0,1,0.212737590520707,0.382878265188822,1.70414233875207e-18,4.61859418112776e-19,0.0134388027521705,3.75382566030565e-18,-0.987190874019502,-0.16098234097072,-0.726359401963413,0.38695402773165,0.346489986635742,0.388228030942603,0.0285107739497765,-0.0538239096248412,-1.08937924966362,-0.235750011535441,0.989629323976133,0.869470738791711,1.04719479164832,0.0481433882866968
ZYYH_039,ZYYH_039_D4,D4,0,M,77,Provincial,non-CAP,2,5,0,1,0.18234659861374,0.323564298246898,0.025793664437708,0.0569249364086533,0.0552187401443382,0.0788540199859408,1.29971430534591,-1.43736747120732,-0.11306549283928,-0.203532808099991,-0.434732547243962,0.300945652890258,0.425603957459366,0.668853866774873,-0.165357112530887,-0.84862716671722,-0.492036567919039,-1.05331218062816,0.826101875738714,0.931351927553155
ZYYH_040,ZYYH_040_D4,D4,0,M,87,Provincial,CAP,1,8,0,1,0.192322926670742,0.344240924172253,0.0,2.02088993699281e-18,0.0277522313295047,1.1624455019588e-19,-0.58757003010341,0.330735713657215,-0.318553832551718,-0.606738275147709,-0.597423263306919,-0.621902703942189,0.516859184950615,1.32583366350189,-0.627368181097252,0.0706885660554489,-1.50377087205279,-1.45373448852104,-1.51154334781502,1.13432039822958
ZYYH_041,ZYYH_041_D4,D4,0,M,40,Provincial,CAP,1,6,0,1,0.18662471569977,0.311340700524471,0.0454801842197102,0.108907171128118,0.205857445609952,0.00658185174098194,1.98559649569563,-0.196985296781365,-2.7276351707343,-0.603469880800817,-0.628607917491571,-0.488020665975552,0.609417912704421,-1.76197138111507,-0.627368181097252,-0.54218858912633,-1.49556972660603,-1.53048767703506,-1.17240994170855,1.34018809410209
ZYYH_044,ZYYH_044_D4,D4,0,M,69,Provincial,CAP,1,12,0,1,0.196799385772618,0.338942541522133,0.00331803281727408,0.028042715229359,0.0740905466763021,0.0311767815480363,0.0605796329574505,-0.32684120997764,0.12317569175429,-0.533113914338159,-0.498046173185242,-0.388779871218947,0.352674996481777,0.143270029393263,-0.627368181097252,1.29644287641901,-1.3190305906366,-1.20914275802056,-0.921025444865827,0.76914445643528
ZYYH_046,ZYYH_046_D4,D4,0,M,77,Provincial,CAP,0,9,1,1,0.222113782477408,0.307393044859897,8.53288508193744e-18,0.000672091556335546,0.0,0.0540215341825503,-0.382494585219573,-0.761728139012507,1.12050000139989,0.487216487755795,0.369433026636897,0.644447162045036,-0.227041316678198,0.668853866774873,-1.08937924966362,0.377127143646338,1.24121066032558,0.92593926539028,1.69621737869665,-0.520251633443945
ZYYH_047,ZYYH_047_D4,D4,0,M,57,Provincial,CAP,1,10,0,1,0.180138740063189,0.295452149957849,0.0,1.03404014304026e-18,0.0648643580920102,8.60112031790988e-19,-0.172319958246649,0.909316246189704,0.17768081893879,-0.0437670955582476,-0.0236403778265377,-0.129112486082515,0.528630135027355,-0.645105726679153,-0.627368181097252,0.683565721237228,-0.0911480254436851,-0.0415121270152664,-0.263268167537677,1.16050116399134
ZYYH_048,ZYYH_048_D4,D4,0,M,76,Provincial,CAP,3,2,0,1,0.229982411407938,0.351438022802096,0.0,0.0,0.0126619802120189,7.12980852229032e-20,-1.03267901713656,-0.129303029007906,-0.428605878022396,0.547607161835591,0.538942253502426,0.48416680399693,-0.482529734293099,0.603155887102172,0.296653956035478,-1.76794289948989,1.39274460916725,1.34314362390062,1.29021501585269,-1.08850503464016
ZYYH_049,ZYYH_049_D4,D4,0,M,89,Provincial,non-CAP,1,6,0,1,0.217518158006015,0.344326297600422,5.01199601572617e-18,3.65258238378849e-19,0.079959221380937,0.0,-0.711668915644707,0.326133728690276,-0.357643068293377,0.0523774254686479,0.0529829992903433,-0.0283148748630163,-0.287755568539578,1.45722962284729,-0.627368181097252,-0.54218858912633,0.150100464537496,0.147077057703889,-0.00794013594031682,-0.655291336783124
ZYYH_050,ZYYH_050_D4,D4,0,M,44,Provincial,CAP,1,6,0,1,0.212797144241365,0.289805468842077,5.62693007469364e-20,5.09613059303439e-18,0.0849870021106046,0.0,-0.427134509923901,0.730049985600463,0.194882109921817,0.463143970467571,0.265465064943865,0.641991113245995,0.0704272754777115,-1.49917946242427,-0.627368181097252,-0.54218858912633,1.18080723448496,0.670048258358674,1.68999601989876,0.14137342502127
ZYYH_051,ZYYH_051_D4,D4,0,M,76,Provincial,CAP,2,8,0,1,0.222767964224719,0.331328209213856,1.04882365806184e-18,0.0207794654720851,0.0459969225664488,0.015549949088828,-0.49007386224718,-0.280185595568203,0.0672188017814765,-0.382505222877754,-0.372210462773232,-0.305289933858582,-0.118364291600685,0.603155887102172,-0.165357112530887,0.0706885660554489,-0.94111909859536,-0.899429783624285,-0.7095390702732,-0.278533869058759
ZYYH_053,ZYYH_053_D4,D4,0,M,72,Provincial,CAP,3,4,1,1,0.190638674749838,0.299389525485771,0.0114893116802375,0.0721336561574104,0.0434944433370503,0.0209537558255971,0.689296814057727,-0.513353125098117,-0.210632741649059,-0.587252259105739,-0.665454462804874,-0.512189753553288,0.550044314158906,0.340363968411367,0.296653956035478,-1.15506574430811,-1.45487602192858,-1.62117618753693,-1.23363208261116,1.20813025120762
ZYYH_055,ZYYH_055_D4,D4,0,M,58,Provincial,CAP,1,7,0,1,0.198006610283849,0.281279440210917,0.0,0.0342097886837294,0.0,0.0261419814505902,0.0521048892610727,-0.267726765243761,0.807309641680277,-0.15963009471516,-0.351508758337731,0.319051111895102,0.141251479473852,-0.579407747006452,-0.627368181097252,-0.235750011535441,-0.381874665846593,-0.848477741196911,0.871964383321426,0.298899528096848
ZYYH_056,ZYYH_056_D4,D4,0,M,69,Provincial,CAP,0,6,0,1,0.195173893807004,0.33093747415519,0.0,1.4023526030957e-17,3.11912471623881e-20,0.0,-0.630054021276353,0.26481225383305,-0.182006242390817,0.56690877562869,0.555706909538043,0.667239928656583,-0.642268333330577,0.143270029393263,-1.08937924966362,-0.54218858912633,1.44117675207098,1.38440561120551,1.7539531936944,-1.443793164931
ZYYH_057,ZYYH_057_D4,D4,0,M,59,Provincial,CAP,3,11,0,1,0.218242002708106,0.308825937900419,0.0168748219958161,0.11284242934045,0.0743236364604835,0.0674774473373629,1.2787267857148,-1.95481115100396,0.234664691039157,0.127383007220003,0.0292533197951046,0.0318879213336105,-0.0181278286316952,-0.51370976733375,0.296653956035478,0.990004298828117,0.338306543723357,0.0886724156998235,0.144558135234668,-0.0555894728401318
ZYYH_060,ZYYH_060_D4,D4,0,F,91,Provincial,CAP,1,11,0,1,0.19627126494396,0.376585397524132,1.01073225486445e-17,0.0,0.0857783821195256,4.75903830543725e-18,-0.616895019568644,0.34863776766242,-0.66035253947392,0.441650628177596,0.470874074132892,0.418570190955106,-0.515777411252078,1.58862558219269,-0.627368181097252,0.990004298828117,1.1268755458487,1.17561090822514,1.12405379551434,-1.16245400536137
ZYYH_062,ZYYH_062_D4,D4,0,M,76,Provincial,non-CAP,6,8,0,1,0.205987804534814,0.359578322577945,2.20293289300837e-19,0.00378758956040683,0.0,0.0408825687239321,-0.50880702065931,-0.746953753030908,0.343143815128393,-0.285151299394705,-0.212411454561254,-0.390588482310468,-0.142994773072845,0.603155887102172,1.68268716173457,0.0706885660554489,-0.69683594253846,-0.506124687822301,-0.925606794605531,-0.333316606375454
ZYYH_063,ZYYH_063_D4,D4,0,F,74,Provincial,CAP,3,12,0,1,0.18840151030668,0.364330053044419,5.96099197343935e-18,0.00324926475681772,0.178814830311677,0.025165860155735,-0.0347994521932314,0.444770662170094,-0.0411821512433712,-0.399162342647641,-0.438020515692682,-0.307623748404943,0.127344017942616,0.471759927756769,0.296653956035478,1.29644287641901,-0.982915603991614,-1.06140468858667,-0.715450800392855,0.267966766483198
ZYYH_065,ZYYH_065_D4,D4,0,M,63,Provincial,CAP,2,12,1,1,0.188059281040044,0.367535894266742,0.0,0.0,0.0,0.0,-0.709453380895724,0.103833327781717,-0.542464448455766,0.236344573806099,0.402691898301933,-0.0221983099624749,-0.316363398327894,-0.250917848642945,-0.165357112530887,1.29644287641901,0.611715918736272,1.00779761891104,0.00755358913211458,-0.718920430930775
ZYYH_066,ZYYH_066_D4,D4,0,M,36,Provincial,CAP,1,13,0,1,0.214547977530123,0.323061531637008,0.0,0.0,0.0269039709232551,2.40813025756478e-18,-0.725523442667678,0.252314594971161,-0.129403001498341,-0.37066354598903,-0.305360886697633,-0.455982542847122,0.154115919024123,-2.02476329980588,-0.627368181097252,1.6028814540099,-0.911405635594691,-0.734896353680477,-1.09125493401057,0.327512416294165
ZYYH_067,ZYYH_067_D4,D4,0,F,75,Provincial,CAP,7,7,1,1,0.218287767439366,0.339965461204339,0.0,0.0,0.00676279855859842,1.23709537069586e-18,-0.882584819947674,0.0243061297284319,-0.299287920623191,0.409582459325784,0.371828718122243,0.404721235819389,-0.509362044907058,0.53745790742947,2.14469823030094,-0.235750011535441,1.04640921007282,0.931835657862917,1.0889733366453,-1.14818504640225
ZYYH_069,ZYYH_069_D4,D4,0,M,83,Provincial,non-CAP,1,14,0,1,0.217851878311034,0.308158987781266,0.0,0.00739345117425399,0.015389379830961,0.0,-0.659834203710559,0.183266616508495,0.0112735511818555,-0.226857300031207,-0.186078623255498,-0.286180713973592,-0.401561253123461,1.06304174481108,-0.627368181097252,1.90932003160079,-0.55056302785543,-0.441313041897007,-0.661133959878562,-0.908416186605995
ZYYH_073,ZYYH_073_D4,D4,0,M,80,Provincial,non-CAP,3,5,0,1,0.182379726444216,0.320234077497035,0.0116738852135669,0.0425019370074567,0.0434306332403512,0.00262528248661689,0.284787230027767,0.0646621072208046,-0.761787932247623,-0.631972391816068,-0.65627246649126,-0.552089980875444,0.412715642848478,0.865947805792977,0.296653956035478,-0.84862716671722,-1.56708901516931,-1.59857701135813,-1.33470239944902,0.902685936813946
ZYYH_074,ZYYH_074_D4,D4,0,F,53,Provincial,CAP,0,7,0,1,0.200323071437743,0.284466146939825,0.00952468868441586,0.000128002508659519,0.187045831696198,0.0,0.166024894977417,1.26854970357066,-0.329776451886294,0.246889779952671,0.283696795284825,0.16577301631903,-0.0744211463717404,-0.907897645369958,-1.08937924966362,-0.235750011535441,0.638176241511078,0.714921080340617,0.483699285002709,-0.180796202636457
ZZRM_097,ZZRM_097_D4,D4,0,M,93,NonProvincial,CAP,3,9,0,1,0.169591746940582,0.294662222807438,0.0248974237867625,0.0528563637313094,0.0900149994406443,0.105051085310667,1.77988715096174,-1.38140559504878,0.773619616553324,-0.396378964211457,-0.483532970058354,-0.433675671149472,0.403630383681218,1.72002154153809,0.296653956035478,0.377127143646338,-0.975931473875789,-1.17342215618402,-1.03474992786263,0.882478643384596
ZZRM_101,ZZRM_101_D4,D4,0,M,41,NonProvincial,CAP,4,9,1,0,0.201534968427418,0.296309576201852,5.67431351578997e-20,0.0587621462482454,0.00360103462005402,0.0168203731773072,0.111022182562882,-0.486197523260213,0.43569510831776,0.47164860051524,0.482669109597398,0.294180655620651,-0.406276373853361,-1.69627340144237,0.758665024601843,0.377127143646338,1.20214728730268,1.20464142352847,0.808965622054598,-0.91890348546999
ZZRM_104,ZZRM_104_D4,D4,0,F,52,NonProvincial,CAP,3,5,1,0,0.20584741942526,0.299354351076622,0.0,9.61006767492721e-20,0.0798576356908262,8.39482059355261e-19,-0.409407650752206,0.712716775644733,0.107428264986975,-0.367004298731262,-0.324085660701118,-0.297502726114196,-0.098454863700754,-0.973595625042659,0.296653956035478,-0.84862716671722,-0.902223751219217,-0.780982678719127,-0.6898134795478,-0.234251626342537
ZZRM_109,ZZRM_109_D4,D4,0,M,96,NonProvincial,CAP,0,4,0,0,0.218456213084536,0.2923049233995,3.34315656999985e-18,0.0495676313032367,0.198416716901329,0.0531960498854728,0.637248247607569,-0.278624934850276,1.16461777229657,-0.449790120733117,-0.323051066210465,-0.500761788917907,0.600730004375544,1.9171154805562,-1.08937924966362,-1.15506574430811,-1.1099522243187,-0.778436284409078,-1.20468417719739,1.32086458228401
ZZRM_111,ZZRM_111_D4,D4,0,M,65,NonProvincial,CAP,2,2,0,1,0.202276562245048,0.342922166636214,1.06200102386065e-18,0.0120027396492413,0.022850984311938,0.0,-0.587147194612042,0.0948835379015616,-0.328145733166198,-0.168732763282833,-0.224194908339455,-0.0842922668969722,0.435675924620865,-0.119521889297542,-0.165357112530887,-1.76794289948989,-0.404715333450896,-0.535126697715665,-0.149735136328371,0.953753841697401
HNSR_056,HNSR_056_D4,D4,1,F,49,Provincial,CAP,2,8,1,1,0.214569941194455,0.250821646764227,7.09742613519848e-18,8.28255248462397e-18,0.0321628066120572,0.00459995232615046,-0.379674369084269,0.645191575149357,0.689471265636301,0.438048339831481,0.447292538715523,0.470190437256704,-0.471212195396382,-1.17068956406076,-0.165357112530887,0.0706885660554489,1.11783658434891,1.11757088563512,1.25481181367864,-1.06333273903761
HNSR_058,HNSR_058_D4,D4,1,M,68,Provincial,CAP,2,3,0,1,0.224234412683253,0.285718097498648,4.79915657653815e-18,0.0,0.0,1.2120385307889e-19,-0.735461995232225,0.275817757059574,0.241394022143848,0.420590874462518,0.417734724376133,0.260893393967757,-0.534151119167077,0.0775720497205614,-0.165357112530887,-1.461504321899,1.07403182965069,1.04482175452018,0.724646451269967,-1.20332052335367
HZSY_004,HZSY_004_D4,D4,1,M,85,NonProvincial,non-CAP,4,12,0,1,0.21167965548411,0.343452268089025,1.12499304030269e-17,0.0268536251642532,0.10953732596382,0.0161107880253068,-0.212967009450071,-0.0486920437328854,-0.0512829197331531,-0.382647499554812,-0.275335550468277,-0.318491518240091,0.229124158922696,1.19443770415648,0.758665024601843,1.29644287641901,-0.941476103166533,-0.660996534937494,-0.742979689681898,0.494344587544888
HZSY_019,HZSY_019_D4,D4,1,M,72,NonProvincial,CAP,1,10,0,1,0.220791574099092,0.347443377705338,0.0,4.03052684238035e-18,2.17231512626103e-18,5.47171648905713e-18,-0.955278933980302,-0.0749952822183654,-0.375811066194274,0.132863653050374,0.168891283542883,-0.288342263056579,-0.254018043969293,0.340363968411367,-0.627368181097252,0.683565721237228,0.352058731747974,0.4323561677076,-0.666609328450128,-0.580252854553756
HZSY_023,HZSY_023_D4,D4,1,M,80,NonProvincial,CAP,2,7,0,1,0.194861553049031,0.38364838231893,1.09864897904109e-18,0.0,0.0508145977784065,0.00179538567900899,-0.704592231130067,0.133801927338851,-0.686146667501899,0.466955435267255,0.380861500623972,0.377942419933727,0.544755399223407,0.865947805792977,-0.165357112530887,-0.235750011535441,1.19037106732451,0.954067581746252,1.02114055503597,1.19636672811412
JXSY_023,JXSY_023_D4,D4,1,M,84,NonProvincial,CAP,6,10,0,1,0.205501278171583,0.341230174465364,1.13152038626093e-17,0.00713518269715805,0.0130345102086683,0.0312390148060155,-0.440272645997051,-0.444270855855475,0.326289996067717,0.58605662263343,0.54513820201654,0.53076654129598,-0.470459019667199,1.12873972448378,1.68268716173457,0.683565721237228,1.48922305909862,1.35839339391606,1.40825570207104,-1.06165753718775
JXSY_033,JXSY_033_D4,D4,1,F,49,NonProvincial,CAP,1,6,0,1,0.202569038779061,0.29613085480467,0.00681760039652105,0.0141541946285084,0.142608560578277,0.0322296336378793,0.303497181093434,0.29803034384372,0.360189442252792,0.0351337870392929,-0.114734722792244,0.27486811750976,0.124273828524,-1.17068956406076,-0.627368181097252,-0.54218858912633,0.106832250307175,-0.26571796204917,0.760045491097676,0.261138098492171
JXSY_041,JXSY_041_D4,D4,1,M,79,NonProvincial,CAP,4,10,0,1,0.198609169014168,0.356168043115074,2.07035572195579e-19,0.0377536526667767,0.15231213145761,0.0498271992122629,0.327960117512167,-0.508020956043882,0.497903045476897,-0.474608446553569,-0.598081150874494,-0.012393916417425,0.567722535787789,0.800249826120276,0.758665024601843,0.683565721237228,-1.17222705354553,-1.45535371341916,0.0323888652321815,1.24744987932029
JXSY_042,JXSY_042_D4,D4,1,M,76,NonProvincial,non-CAP,3,9,0,1,0.214391454870148,0.319854749507935,0.0,0.000748531550061369,0.0305796466712476,1.62304566281114e-17,-0.694962677045297,0.281684411484897,-0.0985603755155626,0.348568224169627,0.301956174116055,0.0987737979385985,-0.335561754348183,0.603155887102172,0.296653956035478,0.377127143646338,0.89331060454061,0.759861952132357,0.313985158440868,-0.761621118530434
JXSY_051,JXSY_051_D4,D4,1,M,56,NonProvincial,CAP,0,7,0,1,0.200990321010052,0.337903530075114,0.0,9.30501810647065e-20,0.105745233897276,0.00333066081335437,-0.429853020193645,0.576058923798301,-0.212971289763024,0.29366045053709,0.0810599536258726,0.316760357311968,0.537775003979991,-0.710803706351854,-1.08937924966362,-0.235750011535441,0.75553450107058,0.216181424109684,0.866161727370478,1.18084104058669
JXSY_056,JXSY_056_D4,D4,1,M,77,NonProvincial,CAP,0,9,0,1,0.202164847672247,0.399222773201764,1.81110198125479e-18,0.0,0.112919721041144,0.0100181717159498,-0.625222551447123,0.103163232154756,-0.696970993375471,-0.312011295761472,-0.122821773987559,-0.516209673888724,0.420741066070716,0.668853866774873,-1.08937924966362,0.377127143646338,-0.76423378794007,-0.285622206016127,-1.24381484720258,0.920535959467223
LSRM_015,LSRM_015_D4,D4,1,M,83,NonProvincial,CAP,6,12,0,1,0.209340177596695,0.347935932184867,0.0,9.19938944412026e-18,0.0813500286858427,0.0,-0.640996104947611,0.385671276601288,-0.385383750356075,0.5294874802709,0.540798975369824,0.531791505199647,-0.5000956825435,1.06304174481108,1.68268716173457,1.29644287641901,1.34727820328439,1.34771347812003,1.41085201375755,-1.12757494603462
LSRM_016,LSRM_016_D4,D4,1,M,61,NonProvincial,CAP,5,3,0,1,0.193606223604944,0.273050542231742,4.95811075796561e-19,5.89894961037943e-18,0.0437431773182743,0.0,-0.267486131751249,0.830542589773995,0.392860241363524,0.359989461246794,0.389611215657303,0.0501897014198254,-0.316304618593884,-0.382313807988348,1.22067609316821,-1.461504321899,0.921969088343477,0.975602806200582,0.190917939079276,-0.718789693952229
LXZY_011,LXZY_011_D4,D4,1,M,78,NonProvincial,CAP,0,14,0,1,0.201312771092246,0.378689168399601,4.49646038753745e-18,1.77128565785873e-19,0.0150058252025865,1.41190703298122e-17,-0.851343564039311,-0.0222177964135743,-0.672165829563433,0.215553948062212,0.503607923579582,-0.273538769714689,-0.0567039696287151,0.734551846447574,-1.08937924966362,1.90932003160079,0.55954750588336,1.25617705151134,-0.629110951553888,-0.141389931159236
PHYY_014,PHYY_014_D4,D4,1,M,75,NonProvincial,non-CAP,5,6,0,1,0.23514862829145,0.365925226323072,3.75155802768757e-18,9.87287663302817e-18,0.0268699974672346,0.0,-1.10908766550327,-0.204567912866326,-0.582914639945857,0.280291113314906,0.458741742187946,0.0342467280489412,-0.487002197181757,0.53745790742947,1.22067609316821,-0.54218858912633,0.721987790530529,1.14575022240925,0.150533172423124,-1.09845261767319
PHYY_015,PHYY_015_D4,D4,1,F,81,NonProvincial,CAP,3,6,0,1,0.198640855444922,0.295488160772221,9.3229055194847e-19,0.0324911391283611,0.0979896218061881,0.0821097650159812,0.644336018240535,-0.860849758980563,1.78010783486494,0.343483343556496,0.373790748501893,0.301771836139235,0.266941273242745,0.931645785465678,0.296653956035478,-0.54218858912633,0.880551481539631,0.936664702517631,0.828194660876654,0.578456830426228
PHYY_016,PHYY_016_D4,D4,1,F,85,NonProvincial,CAP,6,16,0,1,0.217119427097197,0.350916611190807,0.0,2.04909557808999e-19,0.14903723644425,0.0433393668432588,-0.230912307472657,-0.141885676098061,0.440978463679195,0.515162760322179,0.479684679647928,0.60375626580846,-0.547484522959964,1.19443770415648,1.68268716173457,2.52219718678257,1.3113342199963,1.19729599929634,1.59314423723704,-1.23297647459233
PHYY_018,PHYY_018_D4,D4,1,M,89,NonProvincial,non-CAP,2,16,0,1,0.0122670515154823,0.0565432070814545,0.0263601177943226,1.58052559638007e-18,1.22282673134357e-18,0.0,2.86902625172288,3.50266554102847,1.19794099226004,-0.514858770468059,-0.512927407035772,-0.512593636128397,0.266463590245599,1.45722962284729,-0.165357112530887,2.52219718678257,-1.27322427899229,-1.24576917498474,-1.23465514795618,0.57739437526542
PHYY_019,PHYY_019_D4,D4,1,M,75,NonProvincial,CAP,1,7,0,1,0.212629074784447,0.262131337438595,0.0,0.00773808977636035,0.0698497003509605,0.0,-0.279844765819239,0.752712808766902,0.46818124209652,0.59929082471142,0.656878260541666,0.707412498110187,-0.575411862003273,0.53745790742947,-0.627368181097252,-0.235750011535441,1.52243068479918,1.63341346390827,1.855713373908,-1.2950920317118
PHYY_023,PHYY_023_D4,D4,1,M,88,NonProvincial,CAP,2,9,0,1,0.189444532872502,0.328837637906548,0.0,0.0567309651445991,0.00374513887722245,0.0376886675471092,0.240911477307484,-0.906804860866176,0.546981391353021,-0.219789653583057,-0.178761416251361,-0.233622874506596,0.615935011676452,1.39153164317459,-0.165357112530887,0.377127143646338,-0.532828694009614,-0.423303575918673,-0.528000946766816,1.35468332520244
PHYY_025,PHYY_025_D4,D4,1,M,75,NonProvincial,CAP,6,3,1,1,0.20066607205665,0.288717811889839,0.0,0.00695222498442104,0.0208537145746419,0.0284983229516493,-0.178646887583462,0.0089522155854914,0.802767171158372,0.429292604594005,0.424541800434716,0.0904081201613306,-0.158049008563626,0.53745790742947,1.68268716173457,-1.461504321899,1.09586645144737,1.06157566138924,0.292794259033577,-0.3668000049573
PHYY_026,PHYY_026_D4,D4,1,M,61,NonProvincial,CAP,7,10,1,1,0.207259953484282,0.266253336250238,3.60554180776808e-18,0.0263683370557627,1.17337539999059e-17,0.0327794477236222,0.00218026293580375,-0.287744511916113,1.09160776720134,0.334734616092083,0.441367238467351,0.265899115389287,-0.291491145914839,-0.382313807988348,2.14469823030094,0.683565721237228,0.85859893273598,1.10298724830321,0.737326325146152,-0.663599950413208
PHYY_029,PHYY_029_D4,D4,1,M,90,NonProvincial,CAP,3,6,0,1,0.213690699714473,0.256021401801109,0.0,0.0,4.49975642412338e-19,0.0,-0.50721713767208,0.557686460786053,0.551558794605947,0.437626759156868,0.387690676539106,0.500377699281368,-0.559733375095294,1.52292760251999,0.296653956035478,-0.54218858912633,1.11677874246599,0.970875881857773,1.33127844913578,-1.26022018274799
PHYY_031,PHYY_031_D4,D4,1,F,78,NonProvincial,CAP,3,5,0,1,0.212400666011852,0.322978807308429,0.0,2.87275761974638e-19,0.096379543494069,0.0,-0.531671702230518,0.578110110449642,-0.140785629910617,0.505268385948507,0.518059374873791,0.17351787298501,-0.344298043548836,0.734551846447574,0.296653956035478,-0.84862716671722,1.28650698229766,1.29174566673207,0.503317597218682,-0.781052238337938
SLTD_009,SLTD_009_D4,D4,1,F,78,Provincial,non-CAP,3,6,0,1,0.225137502204013,0.305204301176768,0.0,0.0,6.62858312032984e-18,0.0,-0.824835742552682,0.146622738736033,0.0443905981231287,0.571510317265171,0.645407490877795,0.429195576213874,-0.687446897166967,0.734551846447574,0.296653956035478,-0.54218858912633,1.45272306755032,1.60518104737421,1.15096870619786,-1.54427863038128
SLTD_022,SLTD_022_D4,D4,1,F,74,Provincial,non-CAP,2,16,1,1,0.180159801024514,0.33794029509638,4.42032290846744e-18,5.20747448229771e-18,0.00209275326357238,1.15805043277765e-18,-0.502993608614881,0.369763119449574,-0.23662015476808,0.452791001875596,0.473970890684726,0.188288562628899,-0.465048017976043,0.471759927756769,-0.165357112530887,2.52219718678257,1.15482927949636,1.18323294383242,0.540732879847722,-1.04962247061376
TZEZ_018,TZEZ_018_D4,D4,1,M,90,NonProvincial,non-CAP,2,12,0,1,0.200191172731112,0.303442987037982,5.22002506079398e-19,0.0114508624035033,0.0794013806477214,0.042754232615289,0.0599823146719122,-0.111009341259466,0.927104997333259,0.250137236623799,-0.0805182790753013,0.623596117530886,0.168060869028727,1.52292760251999,-0.165357112530887,1.29644287641901,0.64632484956301,-0.181502785592983,1.64340009376165,0.358528559192555
TZEZ_032,TZEZ_032_D4,D4,1,M,89,NonProvincial,CAP,2,11,0,1,0.113447139326251,0.240240690018631,0.0190984987271201,0.100952541860424,0.0,0.0738090760272407,2.41702908581179,-0.876560029358812,1.06194638557602,-0.575833421144136,-0.588225681518516,-0.503128314100234,0.301855684392363,1.45722962284729,-0.165357112530887,0.990004298828117,-1.42622355805281,-1.43109695261321,-1.21067876585102,0.656112925648669
TZEZ_033,TZEZ_033_D4,D4,1,M,82,NonProvincial,CAP,2,3,0,1,0.22061591484662,0.329726745647896,8.35957866890972e-18,0.00311272230541267,0.027015870697681,0.0243424821631718,-0.598868722674558,-0.291076542763774,0.287229366172224,0.146811349359841,0.0879123555996908,0.25523807490941,0.0803782891233624,0.99734376513838,-0.165357112530887,-1.461504321899,0.387056676898002,0.23304688932716,0.71032109707007,0.163506316219549
TZEZ_040,TZEZ_040_D4,D4,1,M,86,NonProvincial,CAP,2,6,0,1,0.198339208867875,0.339310344978286,0.00152291208053012,0.026002980078742,0.106166477520792,0.00234239555570488,-0.152934543666154,0.319213161576482,-0.363955926005685,-0.432469531609275,-0.369195240788226,-0.538785804563017,0.363270552946908,1.26013568382918,-0.165357112530887,-0.54218858912633,-1.06649092327855,-0.892008572535767,-1.30100190686017,0.792710929839771
TZEZ_057,TZEZ_057_D4,D4,1,M,81,NonProvincial,CAP,1,7,0,1,0.208416483613325,0.332534091073806,0.0,0.00861854236799526,0.0483340405296994,5.06206425584666e-20,-0.573093551349564,0.25110671008766,-0.23193959497451,0.220614510220091,-0.246684178736314,0.399942353838194,-0.258456111954335,0.931645785465678,-0.627368181097252,-0.235750011535441,0.572245608344161,-0.590478384480955,1.07686806436025,-0.590123936972222
WZZX_020,WZZX_020_D4,D4,1,M,58,NonProvincial,CAP,7,14,0,1,0.193648718517707,0.381107674862691,4.36309213875906e-18,1.06715610835676e-17,0.0212868574304626,0.0,-0.768818384354483,0.0614363239790011,-0.689504640388997,0.082185866671599,-0.0470445104946522,0.431428943238865,-0.400494265279032,-0.579407747006452,2.14469823030094,1.90932003160079,0.22489662922891,-0.0991155173253268,1.15662599509018,-0.906043008685477
WZZX_021,WZZX_021_D4,D4,1,M,50,NonProvincial,CAP,0,7,0,1,0.217888319895028,0.304649991141047,0.0,0.0,0.049688072057092,0.0,-0.626791915651051,0.435658637166566,0.0474223385838254,0.308100658429134,0.357695958065247,0.253119163408552,0.0764640248850636,-1.10499158438806,-1.08937924966362,-0.235750011535441,0.791768269898607,0.897051421024665,0.704953732743698,0.154800270022392
ZDFE_104,ZDFE_104_D4,D4,1,M,66,Provincial,non-CAP,1,9,0,1,0.209280931921001,0.366175210943509,0.0,0.0,0.0,0.0,-0.916910337013159,-0.0844437990173264,-0.551773496613673,0.451332464964167,0.404439479570812,0.249462770483732,-0.72276118861993,-0.0538239096248412,-0.627368181097252,0.377127143646338,1.15116947835839,1.01209885097793,0.695691810789935,-1.62282413321197
ZDFE_119,ZDFE_119_D4,D4,1,M,72,Provincial,CAP,0,5,0,1,0.187259478482134,0.314446808889767,0.0,2.72054850460209e-19,0.0349962468695195,0.0139517440131563,-0.288835108463215,0.357806400442262,0.268084429054319,0.412759185117445,0.439795007568438,0.205750514899259,-0.264249829232378,0.340363968411367,-1.08937924966362,-0.84862716671722,1.05438033824671,1.09911759710049,0.584965335826556,-0.603010233656636
ZDFE_124,ZDFE_124_D4,D4,1,M,43,Provincial,CAP,7,8,1,1,0.177203872583559,0.335581243365346,0.0,0.0612353559549221,2.16610636993587e-18,0.0169098269583893,0.207291949471201,-0.548340435280093,0.0668708165195475,-0.548463116928527,-0.55941324725507,-0.375428002080488,0.432806801453095,-1.56487744209697,2.14469823030094,0.0706885660554489,-1.35754523408992,-1.36018238721591,-0.88720414271369,0.947372382162928
ZDFE_125,ZDFE_125_D4,D4,1,F,82,Provincial,CAP,2,2,0,0,0.191807648580119,0.336296626841154,0.0,0.0983546401657036,0.0953237705076659,0.0618042599334769,0.969608053221224,-1.43270573193427,0.893873245388576,-0.60943354190314,-0.624209274263764,-0.514470517009575,0.598263142158858,0.99734376513838,-0.165357112530887,-1.76794289948989,-1.51053390990351,-1.51966152225807,-1.23940943027633,1.3153778253578
ZDFE_130,ZDFE_130_D4,D4,1,M,67,Provincial,CAP,2,4,1,1,0.174321999828715,0.33787043688006,0.0393250158751746,0.151919257468741,0.0278212978876791,0.0466662737329679,2.12651517961825,-2.13884310087576,-1.80931991876686,-0.618404036989731,-0.679349035861499,-0.435039941557926,0.705738916582633,0.0118740700478601,-0.165357112530887,-1.15506574430811,-1.53304292415528,-1.65537418693824,-1.03820572878631,1.55442378655109
ZDFE_131,ZDFE_131_D4,D4,1,M,62,Provincial,CAP,1,5,0,1,0.216648749213001,0.360408622687254,0.0,0.0,0.0237731539059839,0.0,-0.908279130220438,-0.0124898499485949,-0.50672363836575,0.429753186036767,0.393035480135332,0.334176325550867,-0.557074291387667,-0.316615828315646,-0.627368181097252,-0.84862716671722,1.09702215513587,0.984030772579422,0.910277702292907,-1.2543058897439
ZDFE_134,ZDFE_134_D4,D4,1,M,73,Provincial,non-CAP,1,12,0,1,0.198695172140262,0.280060048148307,0.00451100461498753,0.00655889618579323,0.0725412807756396,6.40107546389618e-18,-0.126674406430834,0.768124773675173,0.0335055072175317,-0.57734404608588,-0.571684935324728,-0.404136952310987,0.513476581895792,0.406061948084068,-0.627368181097252,1.29644287641901,-1.43001405991637,-1.39038606310785,-0.959926101725373,1.12679686464342
ZYCZ_019,ZYCZ_019_D4,D4,1,M,77,Provincial,non-CAP,2,11,1,1,0.165521679852656,0.215028961443862,0.0,3.63702011558016e-18,5.64084020191393e-19,0.0,0.145336611123758,1.25836186228722,1.01612810667115,-0.427523971305028,-0.425783530732188,-0.44361748129004,0.492813501524785,0.668853866774873,-0.165357112530887,0.990004298828117,-1.05408138664799,-1.03128642567586,-1.05993329067247,1.08083835971537
ZYCZ_020,ZYCZ_020_D4,D4,1,M,54,Provincial,CAP,2,10,1,1,0.204917583853943,0.312582227460512,0.0,3.64172716513061e-18,5.96876009779309e-18,0.0092250884863343,-0.5813646858262,0.131964655040964,0.179172109711362,0.593037545234019,0.553835933276641,0.671861658040859,-0.617185610891948,-0.842199665697257,-0.165357112530887,0.683565721237228,1.50673978306874,1.37980067337787,1.76566038647393,-1.38800456022605
ZYCZ_022,ZYCZ_022_D4,D4,1,M,70,Provincial,CAP,7,10,1,1,0.216269937515674,0.299119480949294,0.0,0.00213246881956878,0.0,0.0,-0.691709346685014,0.243413742072402,0.112884316078283,0.516461261741301,0.57333344582909,0.446350561698123,-0.472075319915639,0.208968009065964,2.14469823030094,0.683565721237228,1.31459245565295,1.42778890013938,1.19442359191173,-1.06525248729196
ZYCZ_023,ZYCZ_023_D4,D4,1,M,82,Provincial,CAP,3,8,1,1,0.218579209591814,0.316368456067734,0.0,1.25875107668149e-17,1.87613587466015e-19,0.0,-0.805000558249553,0.138191680016841,-0.0608101520746673,0.594455023140655,0.525637581786473,0.6299390045298,-0.600157486250716,0.99734376513838,0.296653956035478,0.0706885660554489,1.51029655781685,1.31039751838716,1.6594671099586,-1.35013086781484
ZYCZ_029,ZYCZ_029_D4,D4,1,M,75,Provincial,CAP,7,14,1,1,0.190341015569856,0.380967515547503,1.13872727355524e-20,0.0754216085335666,0.0751717110781988,0.0404396593418846,0.381689333044988,-1.17379248391755,0.042046256409077,0.175781667829696,0.0732908172457289,0.445592712554896,0.496747295528746,0.53745790742947,2.14469823030094,1.90932003160079,0.459749800858455,0.197059647557494,1.1925039022718,1.08958784371634
ZYCZ_033,ZYCZ_033_D4,D4,1,M,63,Provincial,CAP,4,4,1,1,0.190623340821696,0.318164897957425,0.0,0.000993023338531978,1.02813103981864e-19,0.0191093517624669,-0.376067804028998,0.0515652468028196,0.33787666904409,0.504807177431432,0.592486066122789,0.424220085142581,-0.464838698431104,-0.250917848642945,0.758665024601843,-1.15506574430811,1.28534970513696,1.47492826128911,1.13836540810285,-1.04915690530767
ZYCZ_035,ZYCZ_035_D4,D4,1,M,59,Provincial,CAP,3,8,1,1,0.215335578635948,0.192589619192922,1.06603636756019e-17,1.0307103268885e-17,0.040731410440892,0.0,-0.161505742501104,1.11478068094225,1.17935371898958,0.21240073003563,0.300584985943356,0.371741129552771,-0.395064582383094,-0.51370976733375,0.296653956035478,0.0706885660554489,0.551635364043457,0.756487117071362,1.00543221386422,-0.893966391663706
ZYQC_040,ZYQC_040_D4,D4,1,M,67,Provincial,CAP,1,5,1,1,0.209000191164638,0.306783182469393,8.4046518302196e-18,2.07603636972901e-18,0.103375157626498,1.43752173170726e-17,-0.413471336327754,0.740800503652403,0.0243577400805717,0.547760380274182,0.496760844122327,0.627940104534113,-0.417194293298269,0.0118740700478601,-0.627368181097252,-0.84862716671722,1.39312906910893,1.23932468633065,1.65440374392161,-0.943186953646253
ZYQC_047,ZYQC_047_D4,D4,1,F,68,Provincial,CAP,6,3,0,1,0.195271817822591,0.332988278999052,0.0,0.0372540795730508,0.11317576802254,0.00326771484556262,-0.00200578371561442,0.289092493403159,-0.200812929112826,-0.526408809311645,-0.481826714944225,-0.523562956998334,0.642396111352322,0.0775720497205614,1.68268716173457,-1.461504321899,-1.30220595574805,-1.16922263806038,-1.26244127375614,1.41353769531666
ZYQC_049,ZYQC_049_D4,D4,1,F,60,Provincial,CAP,2,5,0,1,0.202428801601758,0.279007032516544,2.40029374755177e-19,0.0392491308148395,0.230222465757069,0.0159709248394999,0.553680406010917,0.835007056264005,0.565416602897171,-0.363215996906108,-0.17489584857215,-0.543177769581213,0.143110863039034,-0.448011787661049,-0.165357112530887,-0.84862716671722,-0.892718039555671,-0.413789452624589,-1.31212708898873,0.303035140368069
ZYQC_053,ZYQC_053_D4,D4,1,F,76,Provincial,CAP,1,6,0,1,0.187182653098322,0.279012045181705,0.0234261101535784,0.0837589687190469,0.228634751840596,0.0536470508127349,1.86189015167475,-0.293365717588343,-0.105133356331038,-0.488782457816406,-0.469060174453316,-0.542737813974025,0.53745236538969,0.603155887102172,-0.627368181097252,-0.54218858912633,-1.20779287443281,-1.13780100730673,-1.31101264790412,1.18012343280624
ZYQC_056,ZYQC_056_D4,D4,1,M,72,Provincial,CAP,5,7,1,1,0.177606531122519,0.239530070863666,8.30976808684986e-18,0.0260044221526147,5.02259525854024e-19,0.0216796975634134,0.321514543999651,0.344883287148641,1.16785779682338,-0.308526642911374,-0.339655600586497,-0.216296225131868,0.149808806263558,0.340363968411367,1.22067609316821,-0.235750011535441,-0.755490000678811,-0.819304172492899,-0.484111223334847,0.317932602467865
ZYQC_065,ZYQC_065_D4,D4,1,F,56,Provincial,CAP,7,7,1,1,0.163845549555377,0.18518436805933,1.68217503581978e-17,0.0060789147691518,3.43720095887693e-19,0.0207696686041151,0.498937316921276,1.04100926001769,1.73275720598909,0.209884249492397,0.287041962336991,0.00566647888746208,0.103586175949559,-0.710803706351854,2.14469823030094,-0.235750011535441,0.545320941498753,0.723154368285562,0.0781372230283333,0.215124940447913
ZYQC_071,ZYQC_071_D4,D4,1,M,74,Provincial,CAP,2,7,0,1,0.201015129569668,0.291370551284999,0.0,0.0151074058221929,0.075712520614275,0.0428854809784831,0.125954027398903,-0.10190140673185,1.0471006135726,0.34703727353251,0.26340885093583,0.34870530728918,-0.501134387418851,0.471759927756769,-0.165357112530887,-0.235750011535441,0.889469100880335,0.664987404374231,0.947080720375144,-1.12988521741118
ZYQC_074,ZYQC_074_D4,D4,1,M,71,Provincial,CAP,2,6,0,1,0.208411114918105,0.321765894861271,0.0,0.0,0.042097656784512,0.0155021651417418,-0.501873528972404,0.121298222983697,0.201492585926601,0.496583560072264,0.609713060665962,-0.0565111150862564,-0.512485206168063,0.274665988738665,-0.165357112530887,-0.54218858912633,1.26471477712554,1.51732817862899,-0.0793633614269695,-1.15513153354878
ZYQC_075,ZYQC_075_D4,D4,1,F,77,Provincial,non-CAP,8,9,1,1,0.222230687588575,0.317199036399219,0.0,0.0,0.0304122794349931,0.0,-0.769813941580792,0.232870710502746,-0.0794880014592271,0.652605076557269,0.647846396458042,0.670291796697022,-0.590666209968187,0.668853866774873,2.6067092988673,0.377127143646338,1.65620827935072,1.61118380048027,1.76168380804163,-1.32902051737473
ZYQC_081,ZYQC_081_D4,D4,1,M,60,Provincial,CAP,7,7,0,1,0.199974304501843,0.22745428166359,4.07765710495832e-20,0.0719714769380149,0.0285281268488311,0.0204265872772505,0.617671165551512,-0.139655236596993,1.18355198403428,-0.235009018331912,-0.27902427932535,-0.229309467155236,0.257417607563661,-0.448011787661049,2.14469823030094,-0.235750011535441,-0.571017544761775,-0.67007541391648,-0.517074757195696,0.557274439989444
ZYQC_083,ZYQC_083_D4,D4,1,M,73,Provincial,CAP,2,6,0,1,0.17425882906259,0.329571567172762,0.0,0.0,0.0343045218426119,5.17240954330057e-20,-0.32953471069003,0.617938294047404,-0.152781027747042,-0.455730944080661,-0.461489029495916,-0.446048304595383,0.398981815507508,0.406061948084068,-0.165357112530887,-0.54218858912633,-1.12485910249056,-1.11916653687966,-1.06609075137223,0.872139369690456
ZYQC_098,ZYQC_098_D4,D4,1,M,70,Provincial,CAP,5,9,1,1,0.216826458799402,0.318672307425871,3.89899026138981e-18,0.0101088628573445,0.0,0.00776281084655379,-0.647100356731214,-0.101077949650155,0.0643159720234555,0.237376516020863,-0.058723439997373,0.430480436459976,-0.500588764023345,0.208968009065964,1.22067609316821,0.377127143646338,0.614305296668583,-0.127860266985093,1.15422335512798,-1.12867165026335
ZYQC_110,ZYQC_110_D4,D4,1,M,91,Provincial,CAP,2,9,1,1,2.59775174071254e-18,0.0,1.71833097840986e-17,3.56738171349298e-17,0.782218335167266,0.0,4.62933675582837,7.56416797925951,3.19489365980978,-0.586246982365158,-0.463084210517573,-0.493419626634155,0.686022265983655,1.58862558219269,-0.165357112530887,0.377127143646338,-1.45235355374123,-1.12309267404136,-1.18608592054331,1.51057031613681
ZYQC_119,ZYQC_119_D4,D4,1,F,72,Provincial,CAP,0,6,0,1,0.215205695192925,0.308429894229017,3.27802755553895e-18,5.78974103901502e-18,0.047794051520291,0.0,-0.62012393457911,0.428762882098371,0.0127012487987634,0.648361684766562,0.652675986668692,0.712034253396321,-0.65272824333708,0.340363968411367,-1.08937924966362,-0.54218858912633,1.64556064336509,1.62307062294393,1.86742063229891,-1.46705793557262
ZYQC_120,ZYQC_120_D4,D4,1,M,65,Provincial,CAP,0,12,1,1,0.226962406417433,0.31722784005535,5.97747462755269e-19,1.35415614590896e-18,0.0764118287831563,0.00199108559321186,-0.688294062271966,0.357277876843066,-0.0541531634424431,0.404652147695801,0.493471750441515,0.312280775413097,-0.622771579336352,-0.119521889297542,-1.08937924966362,1.29644287641901,1.03403793583726,1.23122940889615,0.854814605005373,-1.40042878515624
ZYQC_125,ZYQC_125_D4,D4,1,F,79,Provincial,CAP,0,3,1,1,0.189113628352407,0.264046314688598,0.0,1.37047497509767e-19,0.0,0.0,-0.293536576823741,0.73574521790584,0.497464029655052,-0.288422277931346,-0.345945991469676,0.21951927910609,-0.105015128479113,0.800249826120276,-1.08937924966362,-1.461504321899,-0.705043572305576,-0.834786388663219,0.619842664960902,-0.248842866164098
ZYQC_126,ZYQC_126_D4,D4,1,M,69,Provincial,CAP,1,8,0,1,0.209507801515407,0.312152725962799,0.0,8.62614492940402e-18,0.0530988321704427,8.31347110091284e-18,-0.56513054058191,0.481813167016063,-0.0196849566679986,0.499338155290501,0.504053398730481,0.13033882832785,-0.665885673100524,0.143270029393263,-0.627368181097252,0.0706885660554489,1.27162668359521,1.25727347663226,0.393941786173325,-1.49632248808689
ZYQC_133,ZYQC_133_D4,D4,1,M,75,Provincial,CAP,3,13,0,1,0.212420351415633,0.353894159439846,2.7280066346821e-18,3.20018479828151e-19,0.00525513567989682,2.78322989461903e-18,-0.88481074118271,-0.0142973985342477,-0.432732175597663,0.506714887307428,0.371799189739632,0.56350578412481,-0.470739224861229,0.53745790742947,0.296653956035478,1.6028814540099,1.29013658349457,0.931762981170605,1.49118669940658,-1.06228076526214
ZYQC_136,ZYQC_136_D4,D4,1,F,59,Provincial,CAP,0,7,0,1,0.191533888431879,0.234807897477113,0.0,1.505092413516e-18,0.0,0.0,-0.197338209639163,0.894602872364222,0.788970120859427,0.261285683774615,0.319402514330279,-0.278738859498244,-0.597968270368822,-0.51370976733375,-1.08937924966362,-0.235750011535441,0.674298841341668,0.802801733712522,-0.642283175305038,-1.34526164758775
ZYQC_143,ZYQC_143_D4,D4,1,M,68,Provincial,CAP,3,11,0,1,0.215326886278361,0.318357831356962,2.99763280356584e-19,0.0,0.0678280504202468,7.62150488765404e-19,-0.612671712448729,0.454140443226365,-0.0914951221323727,0.614277430294949,0.637973272773122,0.585696162924195,-0.627692675442295,0.0775720497205614,0.296653956035478,0.990004298828117,1.56003548981931,1.58688358798076,1.54739662016461,-1.4113742112774
ZYYH_058,ZYYH_058_D4,D4,1,M,71,Provincial,CAP,2,5,1,1,0.219305945350717,0.278565967937947,1.29722744570988e-18,0.0,0.046793554785205,5.53596813470236e-18,-0.540690980116141,0.571528673947961,0.308888627001858,0.604491675386488,0.585290283033375,0.697052735276611,-0.686721230660707,0.274665988738665,-0.165357112530887,-0.84862716671722,1.53548080308545,1.45721764975892,1.82947130507214,-1.54266461412111
ZYYH_061,ZYYH_061_D4,D4,1,F,73,Provincial,CAP,2,9,1,1,0.212479268833829,0.243358059162297,0.0,0.0385865480449821,0.0529583997563788,0.02026247358745,0.188022183899857,0.118184013303289,1.03800274804306,0.310724385635734,0.145905878681416,0.55092222446895,-0.552292518982875,0.406061948084068,-0.165357112530887,0.377127143646338,0.79835179873576,0.375783370653099,1.45931158373125,-1.24367034525176
ZYYH_070,ZYYH_070_D4,D4,1,M,69,Provincial,CAP,5,10,0,1,0.135333049331768,0.23236614394611,0.0354671736161566,0.0555816552651749,0.0223885335204193,0.0149752800939038,1.75878658237073,0.458394136666748,-1.01115006581089,-0.250820794253723,-0.3366538670374,-0.369434512772042,0.394670424433953,0.143270029393263,1.22067609316821,0.683565721237228,-0.610692890005739,-0.811916159799268,-0.872022177496351,0.862550040106336
ZYYH_071,ZYYH_071_D4,D4,1,F,66,Provincial,non-CAP,5,11,0,1,0.161473515393957,0.323559054168432,0.0109556615416793,0.059066502318918,0.0166887748613398,0.0264972437605047,0.73143533239235,-0.459652835720858,-0.25791284277068,-0.565720913259349,-0.595023728343385,-0.527029016416875,0.570370343483852,-0.0538239096248412,1.22067609316821,0.990004298828117,-1.40084897371799,-1.44782863629284,-1.27122106643207,1.25333909239323
ZYYH_072,ZYYH_072_D4,D4,1,M,80,Provincial,CAP,1,17,0,1,0.222414679215873,0.317695765694458,0.0,0.0,0.0297972002967633,0.0,-0.775230656774718,0.225381675773239,-0.0845555781120244,-0.140845966612628,0.156845052866449,-0.301250098870438,-0.0653740714663682,0.865947805792977,-0.627368181097252,2.82863576437345,-0.334741012343017,0.402707398523984,-0.699305860348663,-0.160673838053951
ZYYH_077,ZYYH_077_D4,D4,1,M,74,Provincial,CAP,1,7,0,1,0.193897353669527,0.302251221019372,0.0,4.55937134364156e-19,0.0908944619322723,6.22018462516582e-21,-0.274051908800374,0.854037966437523,0.0889264364677446,0.177136407839145,0.102827849267003,0.140824279673173,-0.0929117561688156,0.471759927756769,-0.627368181097252,-0.235750011535441,0.463149151940616,0.269757628219696,0.420502233588902,-0.221922731993329
ZZRM_074,ZZRM_074_D4,D4,1,M,36,NonProvincial,non-CAP,0,6,0,1,0.232930208366288,0.227540917774659,1.42465700520494e-17,5.44870877539783e-18,0.00566754280130449,0.0,-0.56897987459472,0.580850138212352,0.816027705947617,0.276422885487309,0.470326449560974,0.328212391853938,-0.582686245156573,-2.02476329980588,-1.08937924966362,-0.54218858912633,0.712281526332178,1.174263067978,0.895170603692147,-1.31127160261782
ZZRM_079,ZZRM_079_D4,D4,1,M,89,NonProvincial,CAP,0,12,0,1,0.206058649589841,0.375322408176165,0.00434838741146968,0.039368602747681,0.178884924797246,0.018788394851239,0.103687710766319,-0.0967638840094668,-0.600066636456243,0.18968118850652,0.0208312462818013,0.0855061310376375,0.450648464856596,1.45722962284729,-1.08937924966362,1.29644287641901,0.494626862379287,0.0679435984996124,0.280377146973861,0.987055534951949
ZZRM_089,ZZRM_089_D4,D4,1,M,59,NonProvincial,CAP,9,11,0,1,0.196006647112322,0.315902772490065,0.0274514451317635,0.0929559923234549,0.0612516307674717,0.0598187442510161,1.417650176886,-1.56827880935124,-0.576697968364074,-0.246878050837835,-0.283626094681254,-0.440871687115428,0.468673553638463,-0.51370976733375,3.06872036743367,0.990004298828117,-0.600799649233339,-0.681401625822727,-1.05297798475506,1.02714665964081
ZZRM_093,ZZRM_093_D4,D4,1,M,81,NonProvincial,CAP,3,6,0,1,0.221301693724907,0.255284926719492,5.81885442585654e-19,9.22409927088876e-18,0.0,0.0176201050717958,-0.44523335167236,0.193090603140981,0.908064436687704,-0.442551081858209,-0.443729441117543,-0.524989230969459,0.257248432290532,0.931645785465678,0.296653956035478,-0.54218858912633,-1.09178782785769,-1.07545577367333,-1.26605413442973,0.556898162954064
ZZRM_096,ZZRM_096_D4,D4,1,M,69,NonProvincial,CAP,9,7,1,1,0.214156590528746,0.307256573440214,0.0,0.0,7.74580489579622e-19,3.82603553823576e-18,-0.723045627620153,0.235685185722157,0.0356450008847728,0.395936255562491,0.483754082976688,0.0879498232569325,-0.435771734988994,0.143270029393263,3.06872036743367,-0.235750011535441,1.01216777835411,1.20731181281098,0.286567205613481,-0.984506613162838
ZZRM_102,ZZRM_102_D4,D4,1,M,81,NonProvincial,CAP,3,5,0,1,0.222616076483502,0.252779989865542,5.48184149900459e-18,0.0632459950026937,0.0664645288835482,0.0442546823852953,0.485100041138235,-0.648971916466161,1.38907465614358,-0.113997526001711,-0.293161859513614,0.152798047432143,0.314929045783469,0.931645785465678,0.296653956035478,-0.84862716671722,-0.267372162963433,-0.704871514296387,0.450832699913587,0.685190494584733
ZZRM_103,ZZRM_103_D4,D4,1,M,32,NonProvincial,CAP,2,7,1,0,0.225460829816331,0.238630019859986,0.0,0.0,3.52354011670316e-18,0.0,-0.553715267044354,0.556418212564698,0.713755530223376,0.244182206650459,0.206150040401738,0.25418250518932,-0.598269621190544,-2.28755521849669,-0.165357112530887,-0.235750011535441,0.631382323732973,0.524059233326103,0.70764725851791,-1.34593190744138
ZZRM_105,ZZRM_105_D4,D4,1,M,42,NonProvincial,CAP,10,15,1,1,0.182420488914124,0.297156507237046,7.94396362305519e-18,3.88397563981879e-18,5.39117804555755e-19,0.0,-0.362791791189159,0.59248813461449,0.171639508062846,0.333606237652554,0.363918915665611,0.0580756105808041,-0.155599421257668,-1.63057542176967,3.53073143600003,2.21575860919168,0.855767574362604,0.912367667117608,0.21089354801552,-0.361351670621316
ZZRM_108,ZZRM_108_D4,D4,1,M,77,NonProvincial,CAP,0,3,0,0,0.130375825001724,0.266581661358637,0.0612774709617432,0.0240511261428723,0.0813068357360103,0.0149561646848649,2.05277364066941,0.737911095466591,-2.87393934299142,-0.225628420814757,-0.398524487797658,-0.343653562266626,0.436051136892235,0.668853866774873,-1.08937924966362,-1.461504321899,-0.547479490154359,-0.964195142614742,-0.806717064948371,0.954588383049088
ZZRM_115,ZZRM_115_D4,D4,1,M,83,NonProvincial,CAP,0,2,0,1,0.187755869724846,0.301056052995574,0.0274390169874509,0.0367013065010251,0.0446162693968811,0.0329265336816916,0.811920510966399,-0.40671723761219,-0.898178924710477,-0.359055952809605,-0.301002987509961,-0.364607519175852,0.431324813491084,1.06304174481108,-1.08937924966362,-1.76794289948989,-0.882279541908408,-0.724170480117926,-0.85979503482365,0.944076167376338
HNSR_024,HNSR_024_D7,D7,0,M,42,Provincial,non-CAP,3,11,0,1,0.209920642272213,0.351681791118198,0.0,0.0016978328517368,0.071148275693476,0.0516083988869668,-0.275897140424951,-0.580817495352578,0.623232255312413,-0.176391812130854,0.0647743797113237,0.0667102432853996,0.205078954831259,-1.63057542176967,0.296653956035478,0.990004298828117,-0.423933630547205,0.17609857703622,0.232765730752367,0.440863615158846
HNSR_026,HNSR_026_D7,D7,0,M,78,Provincial,non-CAP,11,10,1,1,0.22628097546791,0.37507139392093,0.0,0.0233741718245487,0.0638526479841254,0.0183722226098003,-0.616602635064268,-0.581474200901605,-0.32596172225191,0.425122832077391,0.420737107713878,0.428752883881811,-0.128931671988155,0.734551846447574,3.9927425045664,0.683565721237228,1.08540354297943,1.05221136650525,1.14984733278055,-0.302037673665531
HNSR_027,HNSR_027_D7,D7,0,F,59,Provincial,non-CAP,0,9,0,1,0.204519583254491,0.330406072989506,0.0108820320941592,0.00948351658793708,0.172325878090538,0.0,0.00896107424528472,0.770413002018791,-0.88487711537845,-0.144843604594309,-0.157313099521967,-0.342538852392943,0.393600915050524,-0.51370976733375,-1.08937924966362,0.377127143646338,-0.344771996077412,-0.370513934978879,-0.803893419879741,0.860171253817633
HNSR_031,HNSR_031_D7,D7,0,M,75,Provincial,CAP,2,8,0,1,0.205575406420715,0.39099768157919,0.000954975413769121,0.023180670404506,0.0926314262187785,0.0154649355652276,-0.407919663059567,-0.316187851799733,-0.585699601023522,-0.148352294393369,0.0593255315570007,-0.216288489359315,0.575475158355754,0.53745790742947,-0.165357112530887,0.0706885660554489,-0.353576097515484,0.162687606784743,-0.484091628033382,1.26469314296239
HNSR_032,HNSR_032_D7,D7,0,F,36,Provincial,CAP,1,3,0,1,0.17448238549502,0.310434067842519,0.0278276172826716,0.10560922426758,0.105821020714918,0.0164169797288573,1.55361937891707,-0.54295375731757,-1.42423274645393,-0.298023294834863,-0.368380268530522,-0.18425752782149,0.634149417001204,-2.02476329980588,-0.627368181097252,-1.461504321899,-0.729134709330528,-0.890002723153604,-0.402954761190236,1.39519552482848
HNSR_044,HNSR_044_D7,D7,0,M,66,Provincial,non-CAP,4,7,0,1,0.210559807586882,0.335865830756982,0.0197716486401941,3.04820287807032e-21,0.0570576444362414,0.0,-0.264690801677913,0.223187311271745,-1.44422621567452,0.00703274599459025,0.105637424221353,-0.0983545403997081,-0.155761975703565,-0.0538239096248412,0.758665024601843,-0.235750011535441,0.036320341292232,0.276672690828331,-0.185355946879313,-0.361713221714797
HNSR_051,HNSR_051_D7,D7,0,M,61,Provincial,non-CAP,6,7,0,1,0.212458019425731,0.288142324310501,0.0,7.5482693535058e-18,0.0263335307813091,1.60572617931238e-18,-0.562042747720168,0.485695976435747,0.224256908984073,0.190883889334935,0.266113465122701,-0.105767301110549,-0.439192201554242,-0.382313807988348,1.68268716173457,-0.235750011535441,0.497644712545425,0.671644132433917,-0.204133034729934,-0.992114362185378
HNSR_053,HNSR_053_D7,D7,0,F,72,Provincial,non-CAP,2,4,1,1,0.229677194035129,0.347493982588025,8.4874696305171e-18,3.66537095105604e-18,0.0586002243822921,0.0,-0.899663372604759,0.0999014963490079,-0.398214606013755,0.585034886317399,0.626080874924946,0.47019435142937,-0.614683193401846,0.340363968411367,-0.165357112530887,-1.15506574430811,1.48665929008954,1.55761343964049,1.25482172857633,-1.38243872180864
HNSR_054,HNSR_054_D7,D7,0,M,57,Provincial,CAP,0,3,0,1,0.212342437230925,0.294722224879626,6.67608677941211e-18,0.0,0.0236536954197025,0.0,-0.594632052914758,0.434189670298426,0.158751441547736,0.270507953598717,0.187133342189397,0.417962460500194,-0.43061181921187,-0.645105726679153,-1.08937924966362,-1.461504321899,0.697439615724862,0.477254410217811,1.12251436795333,-0.973030008009424
HNSR_060,HNSR_060_D7,D7,0,F,53,Provincial,non-CAP,1,6,0,1,0.15041646650075,0.278722319864335,2.21389639351494e-19,0.0,0.0,0.0,0.0344986339596549,1.0034501333135,0.391762860378053,-0.160258175900904,0.0123174284907264,-0.327475189011522,0.0979467419094821,-0.907897645369958,-0.627368181097252,-0.54218858912633,-0.383450664520547,0.046988975818116,-0.765736012444282,0.202581798163766
HNSR_061,HNSR_061_D7,D7,0,F,62,Provincial,CAP,3,8,0,1,0.222149354119738,0.288042417905704,0.0,0.0,0.203418610167932,0.0,-0.220646497182922,1.17485455321999,0.177694560713766,-0.106231973454756,-0.302986686216879,0.278716938553034,0.0980998427696972,-0.316615828315646,0.296653956035478,0.0706885660554489,-0.24788662384157,-0.729052855914225,0.769794848141561,0.20292232273766
HNSR_063,HNSR_063_D7,D7,0,M,87,Provincial,non-CAP,7,5,0,1,0.215654093635653,0.383153788633855,1.23189127424427e-17,0.0,2.28450740143762e-18,0.0117505296533685,-0.960598002650463,-0.447934275251599,-0.491172022796587,0.620714432912849,0.62603658059583,0.559337877766046,-0.557065185002138,1.32583366350189,2.14469823030094,-0.84862716671722,1.57618739473274,1.55750442028204,1.4806290749392,-1.25428563546154
HZSY_001,HZSY_001_D7,D7,0,F,80,NonProvincial,CAP,2,3,0,0,0.229986989666985,0.341275033851757,0.0,0.0,0.090662949717112,0.00364869430270126,-0.769758614731909,0.214685878167384,-0.26870334456729,0.0943852501773058,0.232593437603009,-0.2128547085511,-0.0108582142438025,0.865947805792977,-0.165357112530887,-1.461504321899,0.25550765956136,0.589143009414247,-0.475393599537557,-0.0394205085486405
HZSY_002,HZSY_002_D7,D7,0,F,84,NonProvincial,CAP,3,7,0,1,0.221942617646484,0.414654964335456,0.0,0.0,0.0301736818132131,0.0370389301798371,-0.884604982130344,-0.997489296601362,-0.308332057917842,0.446628858632086,0.444375773226495,0.424354031283908,-0.53896562456286,1.12873972448378,0.296653956035478,-0.235750011535441,1.13936705932337,1.11039200046599,1.13870470388766,-1.21402887205993
HZSY_003,HZSY_003_D7,D7,0,M,50,NonProvincial,CAP,3,7,0,1,0.200723854396139,0.349182303381207,2.30226260744624e-18,0.0545440981384626,0.0767467398385593,0.0654177030228834,0.418019355932084,-1.26283351623306,0.879563304649363,-0.381166422820719,-0.437800065941845,0.0719034496804404,-0.0711340651645896,-1.10499158438806,0.296653956035478,-0.235750011535441,-0.93775974448244,-1.06086210693148,0.245920518355787,-0.173485127271831
HZSY_005,HZSY_005_D7,D7,0,M,67,NonProvincial,CAP,1,3,0,1,0.218507786978161,0.303910341611041,0.0,0.0,0.0537574588595349,0.0332291705479727,-0.364615302662494,-0.110753408707305,0.727244383166145,0.218275283298021,0.430021070303041,0.413351300846782,-0.587186649118684,0.0118740700478601,-0.627368181097252,-1.461504321899,0.566375955485681,1.07506150704373,1.11083394910766,-1.32128133175584
HZSY_022,HZSY_022_D7,D7,0,M,61,NonProvincial,CAP,2,9,0,1,0.199196057583605,0.357023325868156,0.0638577928208446,0.0796420633171606,0.0490069489298868,0.00695418737775424,1.3955556995835,-1.08584279045762,-4.22903889080919,-0.324449875251223,-0.454099430884186,0.248717414931553,0.575218384983405,-0.382313807988348,-0.165357112530887,0.377127143646338,-0.79544501544802,-1.1009788971537,0.693803768368338,1.26412203158468
JXSY_031,JXSY_031_D7,D7,0,M,85,NonProvincial,CAP,1,8,0,1,0.206571515793117,0.300455111824813,0.0,0.0570729755632653,0.0798486804603424,0.0430352877007483,0.418408330551267,-0.649387949486899,0.906070312942945,-0.245851335628974,-0.193339188032103,-0.320601767171895,-0.288827366721293,1.19443770415648,-0.627368181097252,0.0706885660554489,-0.598223387048735,-0.459183097268384,-0.748325111060631,-0.657675213781703
JXSY_036,JXSY_036_D7,D7,0,M,61,NonProvincial,CAP,0,8,0,0,0.208108193466313,0.291842899347278,0.0351615355393288,0.0344773370678062,0.0362703416457316,0.0292381418551738,0.732542642790288,-0.534869274895818,-1.3606449887321,-0.349105977341884,-0.322149035364624,-0.347997832499864,0.501985127407263,-0.382313807988348,-1.08937924966362,0.0706885660554489,-0.85731278840754,-0.776216162192993,-0.81772143255153,1.10123774866173
JXSY_039,JXSY_039_D7,D7,0,M,70,NonProvincial,CAP,4,6,1,0,0.200034854851078,0.363950136313962,2.68713991282873e-18,0.00177194732304972,0.0839989875160735,0.011577092107217,-0.50227015342732,0.16885047252158,-0.304096274781046,-0.579807711573355,-0.562881564432345,-0.68119465159278,0.644003420170274,0.208968009065964,0.758665024601843,-0.54218858912633,-1.43619595746314,-1.368718778242,-1.66173437020177,1.41711264681975
JXSY_052,JXSY_052_D7,D7,0,M,76,NonProvincial,CAP,2,5,0,1,0.211437110961398,0.389653185636263,1.15633419725344e-17,0.0,0.0212983172489262,9.78754801914586e-19,-0.982602702921001,-0.156389021580928,-0.794748644122651,-0.114106382669686,-0.238260345733393,-0.109245588286488,-0.1868913425461,0.603155887102172,-0.165357112530887,-0.84862716671722,-0.267645309123951,-0.569745236739269,-0.212943801247296,-0.430950679719717
LSRM_014,LSRM_014_D7,D7,0,M,84,NonProvincial,CAP,2,10,0,1,0.211305281223893,0.387145177875733,0.0,0.0,0.0350461222764196,0.0,-0.936917321084136,-0.0791880495281154,-0.772253574709738,0.271653347292488,0.351153929408905,0.277319750276275,-0.439592566509705,1.12873972448378,-0.165357112530887,0.683565721237228,0.700313669244552,0.880949861720813,0.7662556637486,-0.993004847749403
LXZY_009,LXZY_009_D7,D7,0,M,69,NonProvincial,CAP,1,10,0,1,0.184116626699448,0.322608282261568,4.33108859340782e-18,3.08328891687863e-18,0.0771533519259962,0.0291143935752836,-0.070093560183763,0.26466929354436,0.488070918420563,-0.330065820812293,-0.127183714004241,-0.38476574670886,0.48299116871855,0.143270029393263,-0.627368181097252,0.683565721237228,-0.809536701297135,-0.296358025063688,-0.910857361541756,1.05899167845705
LXZY_012,LXZY_012_D7,D7,0,F,73,NonProvincial,CAP,3,10,0,1,0.196809359378409,0.350655175212825,7.77950419636527e-19,0.0335918744018267,0.0697008802722938,0.0,-0.255618715088311,0.0693151734878375,-0.433377260221823,-0.454818637673787,-0.329048409773371,-0.591962092525911,0.507670250764794,0.406061948084068,0.296653956035478,0.683565721237228,-1.12256991803462,-0.79319723825328,-1.43570149714762,1.11388251242165
LXZY_013,LXZY_013_D7,D7,0,F,82,NonProvincial,CAP,5,6,0,1,0.205252439588131,0.354493788050092,1.53729971078365e-17,0.0,0.0489275185379263,0.0,-0.707227309030689,0.240388382145708,-0.440137617441704,0.0199731471590268,-0.113258659633718,-0.266217882538052,0.168586197874386,0.99734376513838,1.22067609316821,-0.54218858912633,0.0687907536186685,-0.262085003569204,-0.610566586367628,0.359696987515369
LXZY_014,LXZY_014_D7,D7,0,M,69,NonProvincial,CAP,5,5,0,1,0.194320426620994,0.323410304991608,6.39708418747626e-19,0.0581307134000463,0.0139002320755754,0.0386673899837708,0.259461906485251,-0.90548627320337,0.61249076689459,-0.415894483812939,-0.428405222902554,-0.0460407760734279,0.581507071367401,0.143270029393263,1.22067609316821,-0.84862716671722,-1.02490035514713,-1.03773906203304,-0.0528411947014013,1.27810923092672
LXZY_015,LXZY_015_D7,D7,0,F,83,NonProvincial,CAP,9,11,0,1,0.205492254805695,0.390721854575453,0.0,0.0350794368131048,0.16145086263415,0.0525554403005372,0.136176714363051,-0.763127849574406,0.199179645195535,0.595356805084946,0.509910962129798,0.603025263623094,0.151126618739287,1.06304174481108,3.06872036743367,0.990004298828117,1.51255933400034,1.27169039673528,1.59129255298754,0.32086366066793
PHYY_022,PHYY_022_D7,D7,0,M,72,NonProvincial,non-CAP,8,15,0,1,0.197397751692211,0.358108447293495,2.46170818720057e-18,0.0238213964544843,0.0565261663254473,0.04285305204833,-0.0827836433387499,-0.660500909837136,0.373508670375508,-0.500751211947032,-0.503861365869791,-0.348688200075693,0.568109512147843,0.340363968411367,2.6067092988673,2.21575860919168,-1.23782520316178,-1.22345539325838,-0.819470186238076,1.24831058617673
SLTD_010,SLTD_010_D7,D7,0,M,76,Provincial,non-CAP,3,12,0,1,0.236513193607217,0.322696686512351,1.17419041537914e-18,0.0,0.0221783468176898,0.0,-0.956245735376905,0.0301989585727481,-0.148546516936346,0.574229238847715,0.562445967335164,0.492472861575961,-0.670900425606362,0.603155887102172,0.296653956035478,1.29644287641901,1.45954546074714,1.40099210821928,1.31125489275384,-1.50747622332938
SLTD_019,SLTD_019_D7,D7,0,F,79,Provincial,non-CAP,2,5,0,1,0.198634618742121,0.361097961391818,4.39906466618722e-20,0.0405201251958354,0.0848519275735812,0.0286391541788728,0.00232507299187511,-0.506279404319495,0.0296788917176943,-0.588719690799026,-0.618470631924788,-0.524491338300516,0.537260534911226,0.800249826120276,-0.165357112530887,-0.84862716671722,-1.45855814209908,-1.50553729645618,-1.26479293435197,1.17969676641229
TZEZ_012,TZEZ_012_D7,D7,0,M,68,NonProvincial,CAP,1,7,0,0,0.209467355132452,0.327345265726839,6.73573774632537e-18,0.0,0.17816133765866,2.69527078054523e-18,-0.317806707335646,0.937696051491942,-0.198649598068461,0.456581217117404,0.493502418570356,0.208928513507159,-0.357261645052591,0.0775720497205614,-0.627368181097252,-0.235750011535441,1.16433979235787,1.23130489078736,0.593015448514319,-0.809885681024036
TZEZ_020,TZEZ_020_D7,D7,0,M,70,NonProvincial,CAP,4,11,0,1,0.219727951500441,0.393739583171851,0.0,0.0,0.0484898679641527,2.50614095796462e-19,-1.01538432762566,-0.139058808126641,-0.8505323134459,0.0993533134526978,0.0785053507697643,-0.00461897060041272,-0.192049227939158,0.208968009065964,0.758665024601843,0.990004298828117,0.267973661269184,0.209893911237734,0.0520833955609902,-0.442422768924181
TZEZ_022,TZEZ_022_D7,D7,0,M,55,NonProvincial,CAP,1,8,0,1,0.207611241244118,0.352436479261577,0.0,0.0183112883936595,0.0667545439022116,0.026286610134099,-0.313049072937814,-0.334511241622564,0.08739486110547,0.215564880453248,0.244894417350376,0.256839833036215,-0.312353326779235,-0.776501686024555,-0.627368181097252,0.0706885660554489,0.559574937741162,0.619418779408881,0.714378472484669,-0.710001291590375
TZEZ_023,TZEZ_023_D7,D7,0,M,68,NonProvincial,non-CAP,1,4,0,1,0.175861279495888,0.325666260658983,0.00393004456854451,0.0196315928250998,0.103573341700017,0.0230185585290543,0.273137387949365,0.304977363723127,0.0803246688804426,-0.517388153894666,-0.555939335632658,-0.535254432212321,0.603844127986841,0.0775720497205614,-0.627368181097252,-1.15506574430811,-1.27957107780864,-1.35163222686918,-1.29205667154921,1.32779096802934
TZEZ_024,TZEZ_024_D7,D7,0,M,64,NonProvincial,CAP,0,5,0,1,0.190757099499877,0.321156560159276,0.0065545421811504,0.0806287721707194,0.0605665793225369,0.0807313475755374,1.07608325395863,-1.64984647573619,1.06526530184483,-0.586155796062243,-0.612997682659742,-0.567220714836866,0.640490824630987,-0.185219868970244,-1.08937924966362,-0.84862716671722,-1.4521247465492,-1.49206700737809,-1.37302970177546,1.40929998595293
TZEZ_026,TZEZ_026_D7,D7,0,M,88,NonProvincial,non-CAP,2,3,0,1,0.195755207276704,0.312875604827291,0.00530503762077745,0.0459583178108568,0.141100024152068,0.00824240783166125,0.368031549163526,0.321323992287882,-0.231156181491445,-0.0216955297452244,-0.115134742965008,-0.0395206129736923,0.329144253077181,1.39153164317459,-0.165357112530887,-1.461504321899,-0.0357654423589707,-0.266702511165789,-0.0363251246298202,0.716807739580695
TZEZ_027,TZEZ_027_D7,D7,0,M,74,NonProvincial,CAP,1,4,0,1,0.213011369815739,0.291382147137018,0.0,2.65083844435867e-20,0.0241754088320803,0.0100728536431432,-0.50890914209877,0.280285128002957,0.395800016390259,0.299073053853061,0.38281844067669,0.190284094915544,-0.507234568033026,0.471759927756769,-0.627368181097252,-1.15506574430811,0.769115954937097,0.958884097840594,0.545787715221038,-1.143453145125
TZEZ_029,TZEZ_029_D7,D7,0,M,79,NonProvincial,CAP,1,10,0,1,0.202334432155896,0.293117044039626,2.48843384766654e-19,0.12788361530053,0.0282498690617858,0.147333968702415,1.79629735095608,-3.32723121480453,3.0332404590953,-0.0673926696496702,-0.166146151840711,0.282503788091751,0.502773539949888,0.800249826120276,-0.627368181097252,0.683565721237228,-0.150429969059586,-0.392254273215766,0.779387226641191,1.10299132368903
TZEZ_030,TZEZ_030_D7,D7,0,M,69,NonProvincial,CAP,1,10,0,1,0.195401766902034,0.383327327216881,0.0,0.054179719769165,0.0102098282735666,0.0538612395911013,0.0740253841403368,-1.51787382143662,0.321796316327683,0.24022935627997,0.0764661688701898,0.459547775452806,0.51617624757636,0.143270029393263,-0.627368181097252,0.683565721237228,0.621463722310691,0.20487497750752,1.22785314018956,1.13280141944633
TZEZ_031,TZEZ_031_D7,D7,0,F,71,NonProvincial,non-CAP,1,7,0,1,0.183352033838466,0.286833110785145,0.0591736573662773,0.0434743759345297,0.0637183207022206,0.0,1.40979271863647,0.0993960979577028,-3.32991577067932,-0.38036396450553,-0.384239126728592,-0.3472533994237,0.345205550336144,0.274665988738665,-0.627368181097252,-0.235750011535441,-0.935746193894799,-0.929035316739091,-0.815835726831987,0.752531029427775
TZEZ_036,TZEZ_036_D7,D7,0,M,68,NonProvincial,CAP,0,4,0,1,0.156972921212076,0.266692832118083,0.0269038785927859,0.076056295741418,0.00619125050780065,0.0319710754204376,1.50036688670743,-0.484754445830907,-0.541370788704254,-0.567408156634955,-0.607318259230615,-0.509539263739421,0.558395465207838,0.0775720497205614,-1.08937924966362,-1.15506574430811,-1.40508265143824,-1.47808853403907,-1.22691818990323,1.22670475267332
TZEZ_038,TZEZ_038_D7,D7,0,M,78,NonProvincial,CAP,3,6,0,1,0.190172745844789,0.3189862795939,0.011785770465065,0.0852318237218925,0.0614703546918123,0.0848459234978727,1.27134518953709,-1.77822030988498,0.852691928677566,-0.419674813603921,-0.488553951810442,-0.383762256414099,0.325108063932517,0.734551846447574,0.296653956035478,-0.54218858912633,-1.03438606316215,-1.18578004082374,-0.908315444143233,0.707830509885752
TZEZ_044,TZEZ_044_D7,D7,0,M,67,NonProvincial,CAP,1,5,0,1,0.221400302321755,0.349388050928662,3.59393673604625e-18,0.0,0.0504049990631892,0.0293442699758771,-0.619221554655069,-0.368446516762674,0.18853306113676,-0.26278998379926,0.0437435256859145,-0.263222883077665,-0.540537320431822,0.0118740700478601,-0.627368181097252,-0.84862716671722,-0.640726311289845,0.124336415619745,-0.602980024467956,-1.2175246137907
TZEZ_045,TZEZ_045_D7,D7,0,M,74,NonProvincial,non-CAP,4,6,0,1,0.177568544864207,0.324283328954643,0.0373220750881402,0.0644563669503662,0.0468588482295611,0.0318742312591777,1.26290005481613,-0.789341215931316,-1.76474329225983,-0.675412931575862,-0.675331679975589,-0.691199269584615,0.588862904315496,0.471759927756769,0.758665024601843,-0.54218858912633,-1.67609121840548,-1.64548647512289,-1.68707683008583,1.29446996121112
TZEZ_047,TZEZ_047_D7,D7,0,M,77,NonProvincial,CAP,1,6,0,1,0.217256486330536,0.390281000949533,0.0,1.99477633891151e-18,0.0,0.0,-1.09632967094609,-0.307840662262705,-0.80291258901036,0.210637688644567,0.211895434338246,-0.0721707954562553,-0.382020717611695,0.668853866774873,-0.627368181097252,-0.54218858912633,0.54721149184746,0.538200076488414,-0.119030525320455,-0.864954428654629
TZEZ_048,TZEZ_048_D7,D7,0,F,85,NonProvincial,CAP,2,5,0,1,0.211081389387509,0.340978031012718,0.0,0.0167534130843665,0.0359048546181339,0.0168319658182069,-0.463547486982155,-0.25409693426738,0.0153146811387094,0.0623129172000767,-0.290309317787174,0.275558094670044,-0.204089391744494,1.19443770415648,-0.165357112530887,-0.84862716671722,0.175030875046871,-0.69785069977726,0.76179325583189,-0.469202315712304
TZEZ_050,TZEZ_050_D7,D7,0,F,73,NonProvincial,CAP,1,7,0,1,0.220462447521796,0.270737959354177,0.0,1.65808514052321e-18,0.0662773282484147,4.28396964202033e-18,-0.471819048961303,0.694986322688856,0.382304453096151,-0.0987544273940272,0.0242567711105167,-0.321405811222265,-0.36621928999028,0.406061948084068,-0.627368181097252,-0.235750011535441,-0.2291237585566,0.0763746669148981,-0.750361815921141,-0.829809136850602
TZEZ_051,TZEZ_051_D7,D7,0,M,55,NonProvincial,CAP,0,7,0,1,0.199166030038502,0.357849232057321,6.28985891598285e-20,0.00874621636258736,0.084319214318519,0.0122333549663105,-0.40036625973121,0.129352757204408,-0.236149845359218,-0.48078210586559,-0.462027011991323,-0.609456279272862,0.517771613363692,-0.776501686024555,-1.08937924966362,-0.235750011535441,-1.18771817015598,-1.12049064557885,-1.48001560551244,1.13634980744476
TZEZ_052,TZEZ_052_D7,D7,0,M,87,NonProvincial,CAP,0,5,0,1,0.218656492011739,0.280123207904134,0.0,0.0,0.0481354867149335,7.68778835697509e-19,-0.537266927999116,0.573791569954289,0.293646217263891,0.173589888897603,0.330804823202878,-0.0700453180754627,-0.514484410737265,1.32583366350189,-1.08937924966362,-0.84862716671722,0.454250128572479,0.830865651215392,-0.113646529119784,-1.1595781335424
TZEZ_054,TZEZ_054_D7,D7,0,F,73,NonProvincial,CAP,3,4,0,0,0.211205346885165,0.30601236702778,1.59551662318747e-17,2.17874868228189e-18,0.0443302651273155,5.97360234924186e-19,-0.57857030328427,0.465608943946218,0.0420807929046359,0.340272527610333,0.122735810099165,0.481705588829664,-0.612106745741535,0.406061948084068,0.296653956035478,-1.15506574430811,0.872494813407677,0.318756070262147,1.28398057025033,-1.37670822662752
TZEZ_055,TZEZ_055_D7,D7,0,M,67,NonProvincial,CAP,2,7,0,1,0.193604259640847,0.336480478492946,0.0415444630990526,0.0257081142388815,0.112650440558568,0.0,0.709200260925895,0.210677280930295,-2.77559117238598,-0.625235528132437,-0.58614907795188,-0.644744818221557,0.317988364105951,0.0118740700478601,-0.165357112530887,-0.235750011535441,-1.55018469058039,-1.42598591485486,-1.56940416421644,0.69199498325127
TZEZ_060,TZEZ_060_D7,D7,0,M,20,NonProvincial,CAP,2,9,1,1,0.196679797222192,0.396643699274257,3.68687526169215e-18,0.0125473174176106,1.0814301062164e-18,0.00334325584553635,-0.778368833764335,-0.349344755040054,-0.7905100794254,-0.353148030216608,-0.363675014963642,0.0931858567825118,0.203140535388118,-3.0759309745691,-0.165357112530887,0.377127143646338,-0.867455219219365,-0.878421924088571,0.299830477602662,0.436552212505869
WZZX_014,WZZX_014_D7,D7,0,M,89,NonProvincial,CAP,1,7,0,1,0.199159696487059,0.39865588529474,0.0,0.0247397210602298,0.0289497945461393,0.0146562014806663,-0.544255296409481,-0.581562225610138,-0.603371138819687,-0.096815262109318,0.202936772529764,0.147786784529635,0.53648247769523,1.45722962284729,-0.627368181097252,-0.235750011535441,-0.224257951417895,0.516150582062463,0.438138789043736,1.1779662235429
WZZX_015,WZZX_015_D7,D7,0,F,45,NonProvincial,CAP,1,9,0,1,0.218872938532669,0.265001896754197,0.00785831939358595,0.0,0.128067031459397,2.01764985901435e-17,-0.120735039036886,0.969488267387152,-0.0417992445537531,0.00501452610822772,0.290333443594074,-0.229226655193265,-0.333921488739242,-1.43348148275157,-0.627368181097252,0.377127143646338,0.0312561681616722,0.731255522138971,-0.516864988184437,-0.757972865040716
WZZX_017,WZZX_017_D7,D7,0,M,58,NonProvincial,CAP,1,17,0,1,0.216520940256343,0.297521956796753,0.0256275797962048,0.000868855810203326,0.157010934650813,0.0,0.206770866168538,0.800279728715941,-1.43751130141813,-0.167616948209753,-0.274589812555506,0.179890139804282,0.0445518781526237,-0.579407747006452,-0.627368181097252,2.82863576437345,-0.401915499423916,-0.659161088494444,0.519459034739804,0.0838217650495545
WZZX_018,WZZX_018_D7,D7,0,F,73,NonProvincial,CAP,1,6,0,1,0.187241081127283,0.336099256140931,7.68299463494876e-19,0.0479108254161882,0.109743385423787,0.0225361057120572,0.300379459168515,-0.113006907863977,0.156456552864727,-0.601737712280113,-0.572635606249145,-0.616634527268996,0.56119525564937,0.406061948084068,-0.627368181097252,-0.54218858912633,-1.49122332146979,-1.39272590065245,-1.49819865478311,1.23293200342657
XARM_033,XARM_033_D7,D7,0,M,76,Provincial,CAP,1,4,0,0,0.178958111383459,0.343816441841216,0.00353154200245156,0.0854315525531888,0.0469414037667561,0.0834125632832988,1.06987544482893,-1.82018114861368,1.0831204187685,-0.504090614719643,-0.459932620044654,-0.330659520742088,0.608484120174544,0.603155887102172,-0.627368181097252,-1.15506574430811,-1.24620452491332,-1.11533582619387,-0.773802167414442,1.33811116714757
XARM_034,XARM_034_D7,D7,0,M,95,Provincial,CAP,2,8,0,0,0.210527243381462,0.322202760125132,0.0,0.169534653858223,7.76215264759968e-06,0.106710416670148,1.5836789143325,-3.4710820970732,1.86836395204683,-0.444404515299704,-0.4452862670732,-0.197547267834909,0.513187268741385,1.8514175008835,-0.165357112530887,0.0706885660554489,-1.09643851428543,-1.07928750948001,-0.436618685533421,1.12615337878392
XARM_035,XARM_035_D7,D7,0,M,85,Provincial,CAP,2,4,0,0,0.203276636681875,0.280470348959828,0.0,0.0452265602944729,0.0486931988731291,0.0474255661454388,0.384809446934764,-0.577752578190779,1.21916620724633,0.093674425474085,0.241689032823611,0.165728758806251,-0.174045063202536,1.19443770415648,-0.165357112530887,-1.15506574430811,0.25372403856599,0.61152953101812,0.483587177349714,-0.402378183174296
XARM_036,XARM_036_D7,D7,0,M,86,Provincial,non-CAP,6,11,0,1,0.176668697123172,0.351564977040651,0.0,0.0464487034510634,0.0241281242293871,0.0568150873108269,0.381191059492841,-1.05229227168383,0.727043969538644,-0.569801642452605,-0.627570356914692,-0.296291343490567,0.600388790566706,1.26013568382918,1.68268716173457,0.990004298828117,-1.41108845221744,-1.52793398244924,-0.686744955035559,1.32010565978875
XARM_037,XARM_037_D7,D7,0,M,80,Provincial,CAP,0,5,0,0,0.207513513510597,0.387905961461179,1.47892345344044e-18,0.0679850391170257,0.102558763466027,0.100607233288659,0.644363887103079,-2.19460912471152,1.17625022048415,-0.538886337110525,-0.47640196684857,-0.560830911831537,0.285663808132829,0.865947805792977,-1.08937924966362,-0.84862716671722,-1.33351491342996,-1.15587098404615,-1.35684384375852,0.620099204000835
ZDFE_031,ZDFE_031_D7,D7,0,F,79,Provincial,CAP,0,7,0,1,0.207424248874968,0.376847123520211,0.0,0.0,0.101634367135973,0.00352783321941323,-0.663603850756905,0.253539907542355,-0.606843997649177,0.334455860599142,0.427930302885191,-0.060768377715813,0.369635832210877,0.800249826120276,-1.08937924966362,-0.235750011535441,0.857899471747172,1.06991560852547,-0.0901473321386426,0.806868485885095
ZDFE_032,ZDFE_032_D7,D7,0,M,42,Provincial,CAP,0,7,0,1,0.160437205527691,0.254833251010183,0.0594138986693005,0.155051021247157,0.230570930875454,0.0400051965756582,3.4920279372816,-0.646332847152715,-2.34291554257731,-0.618807047757571,-0.585972035118,-0.586929456202782,0.705079294543941,-1.63057542176967,-1.08937924966362,-0.235750011535441,-1.53405416991478,-1.42555016841614,-1.42295344577434,1.55295666537789
ZDFE_105,ZDFE_105_D7,D7,0,M,56,Provincial,non-CAP,0,10,0,1,0.164434062678087,0.32416410277952,0.0,0.0,9.6725652273936e-19,0.0,-0.29351271701315,0.591753169334167,-0.0805568072040848,-0.337093783357599,-0.36026619383455,-0.102418667593778,0.224053007198335,-0.710803706351854,-1.08937924966362,0.683565721237228,-0.827171459196913,-0.870031967631702,-0.195650690812911,0.483065410029711
ZDFE_106,ZDFE_106_D7,D7,0,M,69,Provincial,non-CAP,1,5,0,1,0.193435553973852,0.298166413572417,0.0,0.0,0.0724631667864236,0.0239553379015126,-0.114166705749522,0.396655073112615,0.620202919091874,-0.113947201665723,0.226959017621457,-0.269740539816326,0.253655101977713,0.143270029393263,-0.627368181097252,-0.84862716671722,-0.267245887748406,0.575275300750541,-0.619489745735911,0.548905933048133
ZDFE_109,ZDFE_109_D7,D7,0,M,31,Provincial,non-CAP,0,11,0,1,0.215899045745662,0.370577297174673,0.00223666446763986,0.028294081553962,0.132880744587605,1.13450092590451e-17,-0.375133912880156,0.0905298647880631,-0.795859748108141,-0.501613893010489,-0.55846268623794,-0.538661791051288,0.439638581321523,-2.35325319816939,-1.08937924966362,0.990004298828117,-1.23998986633418,-1.35784282018047,-1.30068777118316,0.962567521663575
ZDFE_114,ZDFE_114_D7,D7,0,M,43,Provincial,non-CAP,0,10,0,1,0.207371379473175,0.352256338851552,0.0,1.64274304960133e-17,0.0704411952850766,3.02096256534803e-17,-0.66603408813954,0.329182948921525,-0.424428804956871,-0.320385614125684,-0.251883732836532,-0.423377949960946,-0.0966696278419655,-1.56487744209697,-1.08937924966362,0.683565721237228,-0.785246859079326,-0.603275780074306,-1.00866501524224,-0.230280932257206
ZDFE_118,ZDFE_118_D7,D7,0,M,31,Provincial,non-CAP,0,11,0,1,0.214545444808277,0.310917822468153,0.0,0.00905465669025923,9.64875426311544e-19,1.09589085654058e-18,-0.661279823838396,0.11114304753668,-0.0114879949318415,-0.265574799032799,-0.185505334151714,-0.410126902509547,-0.415078963549822,-2.35325319816939,-1.08937924966362,0.990004298828117,-0.647714046657313,-0.439902034855042,-0.975099102107635,-0.938482069818531
ZDFE_127,ZDFE_127_D7,D7,0,M,51,Provincial,CAP,0,3,0,1,0.185221111765127,0.332298263093935,0.0277551513206201,0.0577767170824043,0.123278078650259,0.0391698362962464,1.14561492038804,-0.567547675471037,-1.14149530641103,-0.435048765778384,-0.560807060261334,0.265410361615107,0.608550299564953,-1.03929360471536,-1.08937924966362,-1.461504321899,-1.07296280895606,-1.36361290761833,0.736088274585357,1.33825836232784
ZDFE_136,ZDFE_136_D7,D7,0,F,34,Provincial,CAP,0,7,0,1,0.21627407909251,0.329789486528416,8.22659202227189e-18,0.0,0.086339383355944,0.0,-0.623478252716474,0.455844770289997,-0.211394800785411,-0.542890886020766,-0.577438209298533,-0.446745299206364,0.188475006167777,-2.15615925915128,-1.08937924966362,-0.235750011535441,-1.34356323825734,-1.40454630100145,-1.0678562918439,0.403933368420488
ZDFE_137,ZDFE_137_D7,D7,0,F,57,Provincial,non-CAP,0,3,0,1,0.222809186023544,0.33907663356074,0.0,0.0,0.0023092691876098,0.0,-0.935339130269251,-0.0316693585786851,-0.294314134758537,0.464905794993468,0.554441244375074,0.174790599770666,-0.614033958171021,-0.645105726679153,-1.08937924966362,-1.461504321899,1.18522805328924,1.38129049451145,0.506541511168737,-1.38099470281343
ZDFE_138,ZDFE_138_D7,D7,0,M,52,Provincial,non-CAP,0,9,0,1,0.214304574846539,0.316761426679291,0.0,0.0,0.104596859158044,4.72495354086579e-18,-0.504825902868588,0.635131583102626,-0.082023969884075,-0.631143920278179,-0.627859107143606,-0.56216180270601,0.374860931615027,-0.973595625042659,-1.08937924966362,0.377127143646338,-1.56501019148416,-1.52864466856498,-1.36021509177858,0.818490071457213
ZYCZ_025,ZYCZ_025_D7,D7,0,M,79,Provincial,CAP,7,6,1,1,0.211499283687175,0.254053438215995,0.0226256377752355,0.0817908870051513,0.0806364265159859,0.0454284483463331,1.25747413447306,-0.849073582166682,0.0339747191137955,-0.373408321380491,-0.146486478762382,-0.450871655862921,0.119965883270078,0.800249826120276,2.14469823030094,-0.54218858912633,-0.918292901883555,-0.34386692907624,-1.07830866774885,0.251556433046976
ZYCZ_026,ZYCZ_026_D7,D7,0,M,31,Provincial,CAP,0,7,0,1,0.215733318472876,0.394111351170836,0.0,0.0121099685663623,0.0691171719128976,3.68338009884713e-19,-0.817748901884287,-0.145052893318454,-0.867475480276349,-0.060821327455669,-0.217808430209721,-0.297684194701402,0.20025177606159,-2.35325319816939,-1.08937924966362,-0.235750011535441,-0.133940975568122,-0.519407986937934,-0.69027315330998,0.430127078529694
ZYCZ_027,ZYCZ_027_D7,D7,0,M,78,Provincial,CAP,2,6,0,1,0.218400890865063,0.25334300202277,0.0,1.26484104002276e-18,0.0,0.0147861345398035,-0.429877690850326,0.280048450912123,0.87326868310621,0.20490667290692,0.390176064269726,-0.305317357614835,-0.378264178447142,0.734551846447574,-0.165357112530887,-0.54218858912633,0.532831068730276,0.976993039094443,-0.709608536737914,-0.856599192135839
ZYCZ_028,ZYCZ_028_D7,D7,0,M,71,Provincial,CAP,1,7,0,1,0.221374190742946,0.290635788356536,3.18605157009578e-18,3.16185031916284e-19,0.062671911024257,0.0222008834006041,-0.401345888496238,0.171067437807948,0.632150671739226,0.554375505997999,0.566592308716949,0.453243044990977,-0.523299622445662,0.274665988738665,-0.627368181097252,-0.235750011535441,1.40972792544376,1.41119728541429,1.21188277740919,-1.17918479157538
ZYCZ_030,ZYCZ_030_D7,D7,0,M,30,Provincial,CAP,3,5,1,1,0.204783334796169,0.272345409069742,0.0,0.0,0.0235513063450548,0.0,-0.426772762519755,0.642555713465138,0.392067761942177,-0.119391964284512,-0.236486883202616,0.148309579754189,0.41172502706906,-2.41895117784209,0.296653956035478,-0.84862716671722,-0.280908036626566,-0.565380304451059,0.439463069192828,0.900482624463476
ZYCZ_031,ZYCZ_031_D7,D7,0,F,55,Provincial,CAP,3,10,1,1,0.18139792009654,0.308294100522098,0.0,0.0263812436428887,0.0840992435830847,0.044843142531094,0.389512621416616,-0.143619826421159,0.923758385571668,-0.155202598844403,-0.174021517187733,-0.152247947231395,0.580071283800431,-0.776501686024555,0.296653956035478,0.683565721237228,-0.370765070813931,-0.411637505670984,-0.321872053917259,1.2749157743468
ZYCZ_034,ZYCZ_034_D7,D7,0,M,81,Provincial,non-CAP,0,7,0,1,0.168756188019948,0.309774947198715,0.0,0.00674122888399311,0.0362637009365585,0.0163138676046541,-0.00240038431075875,0.450692729302938,0.375416702043488,-0.590275885798111,-0.611666373213451,-0.544729928117759,0.284707219112318,0.931645785465678,-1.08937924966362,-0.235750011535441,-1.46246298961026,-1.48879032377927,-1.31605882486092,0.617971573443149
ZYCZ_036,ZYCZ_036_D7,D7,0,F,31,Provincial,CAP,2,5,1,1,0.176984547912534,0.318090576899815,0.00613716095072061,0.0459050614340128,0.0,0.00739434974942197,0.195573704280961,-0.147286781966038,-0.300715443293002,-0.236950201146723,-0.0833544379774863,-0.0158665093933474,0.166137041630193,-2.35325319816939,-0.165357112530887,-0.84862716671722,-0.575888414342783,-0.188483277907765,0.0235925225574499,0.354249611940319
ZYCZ_042,ZYCZ_042_D7,D7,0,M,29,Provincial,non-CAP,2,16,1,1,0.217273947327925,0.29769071374436,0.0,6.70246907455643e-18,0.247046503997981,3.73500597433395e-19,-0.103481312880361,1.35198832812858,0.0767875251742923,0.419714221395992,0.380917637388017,0.559373376589115,-0.412846589984971,-2.48464915751479,-0.165357112530887,2.52219718678257,1.07183210754196,0.954205748281875,1.4807189961636,-0.933516858938094
ZYQC_042,ZYQC_042_D7,D7,0,M,60,Provincial,CAP,1,2,0,1,0.199600978299428,0.37270201857617,4.89519229709744e-19,1.24619353658308e-18,0.0572857685324211,0.0,-0.704840152466946,0.216613269832706,-0.618931587857231,-0.113661590215072,-0.330115531261343,-0.0134987857910118,0.28956680305883,-0.448011787661049,-0.627368181097252,-1.76794289948989,-0.266529223600985,-0.795823689592092,0.0295901469002976,0.628780185167248
ZYQC_050,ZYQC_050_D7,D7,0,M,35,Provincial,CAP,3,13,1,1,0.229540284283182,0.371260756015814,0.0,0.0,0.0195308662201177,0.0,-1.0929332691908,-0.217923199959186,-0.628974629517717,-0.36287850956514,-0.0156218471821374,-0.440108692285855,-0.221706439124844,-2.09046127947858,0.296653956035478,1.6028814540099,-0.89187120699021,-0.0217765291628473,-1.05104526069943,-0.508385881004129
ZYQC_051,ZYQC_051_D7,D7,0,M,81,Provincial,CAP,0,4,0,1,0.21832343208375,0.345898349876813,3.51416999717536e-18,0.0,0.114270594344273,0.0331463896673861,-0.386671908936553,-0.102003538642866,0.29071395099757,-0.0379816406091942,0.224781048674045,0.0977426333024459,-0.417403421835888,0.931645785465678,-1.08937924966362,-1.15506574430811,-0.0766310019523221,0.569914777583968,0.311373139826376,-0.943652094116802
ZYQC_052,ZYQC_052_D7,D7,0,M,59,Provincial,CAP,0,19,0,1,0.210025828040174,0.324253986451573,0.0,0.0,0.217545036332604,0.00967240363230538,-0.138893183194905,0.96087612440554,0.0197604085277423,-0.46047656098926,-0.427890068544071,-0.413957736702594,0.17009839417069,-0.51370976733375,-1.08937924966362,3.44151291955523,-1.13676693562552,-1.0364711390554,-0.984802897089012,0.363060391213561
ZYQC_055,ZYQC_055_D7,D7,0,M,77,Provincial,non-CAP,3,7,0,1,0.209988838318818,0.377874918806019,1.12239881005007e-17,0.0,0.0281506102869258,0.0253841214547028,-0.707553825122622,-0.47000524752146,-0.161325086588684,-0.404476733600109,-0.414045874845605,-0.443757944193164,0.519811567042158,0.668853866774873,0.296653956035478,-0.235750011535441,-0.996250620680646,-1.00239713578215,-1.06028909391158,1.14088704097923
ZYQC_057,ZYQC_057_D7,D7,0,M,57,Provincial,non-CAP,6,12,1,1,0.217223722482966,0.356020756971976,0.0,0.0,0.0,0.0,-0.954807022179762,-0.0951069703817318,-0.458230330912497,0.407242891789829,0.445604777897061,0.349142251484996,-0.647860716621909,-0.645105726679153,1.68268716173457,1.29644287641901,1.04053870253656,1.11341688657202,0.948187533325231,-1.45623165766488
ZYQC_058,ZYQC_058_D7,D7,0,M,32,Provincial,CAP,1,3,0,1,0.204747575810066,0.386964180054178,0.0,0.0383227758843339,0.156215669896699,0.0112162289563194,-0.142469983967432,-0.0905387511973503,-0.603036058216205,-0.236113580435185,-0.182391501210078,-0.272425122182351,0.559430956615029,-2.28755521849669,-0.627368181097252,-1.461504321899,-0.573789142525837,-0.432238117681058,-0.626289997476852,1.22900787670352
ZYQC_059,ZYQC_059_D7,D7,0,M,53,Provincial,CAP,2,8,1,1,0.213286042406197,0.275726572724826,0.0,0.0,0.0,0.0309158470508296,-0.346859116078555,-0.0846826056310687,0.980758870832178,0.255801761600164,0.147610978740288,0.499092389005911,-0.138399575063849,-0.907897645369958,-0.165357112530887,0.0706885660554489,0.660538432223914,0.379980045898524,1.32802266024699,-0.323096037779198
ZYQC_060,ZYQC_060_D7,D7,0,M,38,Provincial,non-CAP,1,12,0,1,0.202345484952679,0.352602042777615,0.0,0.0292450548964534,0.0981793199442788,0.0379193237514406,0.00379720495082672,-0.464365650232921,0.308844357969675,-0.58651422755153,-0.599327655633087,-0.558961191320834,0.449346470627169,-1.89336734046048,-0.627368181097252,1.29644287641901,-1.4530241327506,-1.45842167159351,-1.35210769920252,0.984159659451538
ZYQC_067,ZYQC_067_D7,D7,0,M,82,Provincial,CAP,4,5,0,1,0.209977609160298,0.275582944346016,1.09403813138461e-18,0.0345771543136852,0.0883194957919324,0.0668167613504841,0.489735425211786,-0.648476001620239,1.65766038813567,-0.477691736878083,-0.419252100151788,-0.418389191971832,0.195276466677184,0.99734376513838,0.758665024601843,-0.84862716671722,-1.17996373086232,-1.01521095087228,-0.996028111033243,0.419061072070044
ZYQC_070,ZYQC_070_D7,D7,0,F,79,Provincial,CAP,1,8,0,1,0.223001914954439,0.350129285834407,1.01749065460276e-18,0.0,0.0341545710753934,0.00101624200896374,-0.896200322043586,0.0207650813355736,-0.39176458308977,0.419543934199399,0.451133496963533,0.0970870883169258,-0.598059657371766,0.800249826120276,-0.627368181097252,0.0706885660554489,1.07140481820084,1.12702443899949,0.309712594415117,-1.34546490915135
ZYQC_072,ZYQC_072_D7,D7,0,M,77,Provincial,CAP,3,7,0,1,0.178182819936615,0.362557113638427,0.0,0.00584050513873788,0.00614893047944153,0.0422612450825221,-0.197802218069914,-0.526295362601265,0.367742384439113,-0.574556193550588,-0.537849734693565,-0.504769813539323,0.504523282660976,0.668853866774873,0.296653956035478,-0.235750011535441,-1.42301870326738,-1.30710922068799,-1.21483680903855,1.10688307446222
ZYQC_073,ZYQC_073_D7,D7,0,M,75,Provincial,CAP,3,8,0,1,0.198596004438024,0.362341827409181,0.0381994249501259,0.0563722883168696,0.139541628365071,0.00869646774648557,0.891869546057468,-0.337637280015811,-2.70356052368443,-0.574510962433906,-0.547384336043235,-0.48607976099559,0.664022383802384,0.53745790742947,0.296653956035478,0.0706885660554489,-1.42290520809903,-1.33057624554143,-1.16749348146653,1.46163851722346
ZYQC_076,ZYQC_076_D7,D7,0,M,67,Provincial,CAP,2,5,0,0,0.202415297358257,0.334909597824249,0.00193680855270352,0.0508832896488639,0.136052004603719,0.0136895998957461,0.215676321290939,-0.0246548611988776,-0.152167351576422,-0.622640261808045,-0.642195018453498,-0.556364941295248,0.58022223962978,0.0118740700478601,-0.165357112530887,-0.84862716671722,-1.54367257657565,-1.56392891115344,-1.34553120001224,1.27525152797609
ZYQC_080,ZYQC_080_D7,D7,0,M,72,Provincial,CAP,2,10,0,1,0.141101328859504,0.31143234811711,1.2004949795274e-18,9.42215640054168e-20,0.0500251414300039,4.30346715249477e-18,0.117029461562396,1.10686308378834,0.062334574218277,-0.649249420373826,-0.632567125358859,-0.502862440298826,0.583396844843168,0.340363968411367,-0.165357112530887,0.683565721237228,-1.61044101283286,-1.54023227211714,-1.21000528724825,1.28231243596873
ZYQC_084,ZYQC_084_D7,D7,0,M,72,Provincial,CAP,3,8,0,1,0.188388202187436,0.303726134264083,0.0345700857319568,0.0380632171987663,0.183674422864552,5.27924288848719e-18,1.04181518358841,0.682323146295988,-2.0511277747804,-0.54172599457493,-0.445609607641265,-0.561414521947209,0.469340043940851,0.340363968411367,0.296653956035478,0.0706885660554489,-1.34064026043917,-1.08008333102184,-1.35832217266187,1.02862905710028
ZYQC_085,ZYQC_085_D7,D7,0,F,61,Provincial,CAP,2,8,0,1,0.197440276163506,0.337531885889354,8.39012520895842e-19,0.0388289725500349,0.0640104948373359,0.0,-0.175243156378439,0.0630071159491964,-0.306568800853113,-0.585893646856052,-0.596453617912023,-0.507231963898401,0.394582220795953,-0.382313807988348,-0.165357112530887,0.0706885660554489,-1.45146695451417,-1.45134795008629,-1.22107362355305,0.862353858933979
ZYQC_090,ZYQC_090_D7,D7,0,F,64,Provincial,CAP,2,5,1,1,0.206208403765043,0.271090554950714,5.49050203443957e-19,0.0289677735743069,0.312455823229019,0.036211710228926,0.815682096880527,0.979031945692596,1.04545854889421,-0.358256706885343,-0.159570894524645,-0.527757922369276,0.338316705408225,-0.185219868970244,-0.165357112530887,-0.84862716671722,-0.880274051940884,-0.376070929917493,-1.27306744076371,0.737208966701223
ZYQC_093,ZYQC_093_D7,D7,0,M,82,Provincial,non-CAP,9,9,1,1,0.21740136817975,0.283740520768602,0.0,0.0,0.0,0.0,-0.658708460288354,0.351418565587935,0.268692494955859,0.465076153011487,0.475122560915822,0.543006667608886,-0.692740931502903,0.99734376513838,3.06872036743367,0.377127143646338,1.18565552033743,1.18606749065247,1.4392608749136,-1.55605353996634
ZYQC_094,ZYQC_094_D7,D7,0,M,68,Provincial,CAP,4,8,1,1,0.216384062588474,0.331323997348359,1.76907377684678e-18,0.0,0.0349452540173992,7.66696918258192e-18,-0.758106880006534,0.219409002967108,-0.216193476348472,0.480369928983848,0.362598649698187,0.607540216294574,-0.650754493049083,0.0775720497205614,0.758665024601843,0.0706885660554489,1.22403108578864,0.90911816426642,1.60272927221548,-1.46266795059899
ZYQC_095,ZYQC_095_D7,D7,0,F,61,Provincial,CAP,2,9,1,1,0.203240222390422,0.289331575141743,0.0,0.0128894999389724,0.059955039058706,0.00619459311520955,-0.228634028475829,0.466726271056323,0.326809340097717,0.428022012930475,0.284395700688095,0.530719392208038,-0.402496908395431,-0.382313807988348,-0.165357112530887,0.377127143646338,1.09267824772099,0.716641260332128,1.40813626983778,-0.910497256642781
ZYQC_096,ZYQC_096_D7,D7,0,M,60,Provincial,CAP,3,10,1,1,0.234837484790814,0.290421656936676,0.0,0.0,0.0,1.96402863393127e-18,-0.861300823570082,0.148368287357725,0.182587630940849,0.483852656912944,0.527767495014874,0.435798043141546,-0.711392647228658,-0.448011787661049,0.296653956035478,0.683565721237228,1.23277004298491,1.31563976447941,1.16769325813846,-1.59753839864702
ZYQC_097,ZYQC_097_D7,D7,0,M,36,Provincial,CAP,1,5,0,1,0.183365203065644,0.375824587468344,0.0,0.0369750886148374,0.0733105549123991,0.0589587175886326,0.267678426792807,-0.98215375805673,0.519261032756553,-0.484410440678016,-0.367526946485096,-0.354570464772854,0.584261451706941,-2.02476329980588,-0.627368181097252,-0.84862716671722,-1.19682248816906,-0.887902485407566,-0.834370411037949,1.28423548123091
ZYQC_099,ZYQC_099_D7,D7,0,M,62,Provincial,CAP,2,10,1,0,0.190645596884112,0.297186549250162,0.0209526474237741,0.0565827339001701,0.0106240987058547,0.0119206046556342,0.599798698570502,-0.379509010768771,-0.914538932763109,-0.39774758427914,-0.488718284510163,-0.373902746950938,0.5131344334925,-0.316615828315646,-0.165357112530887,0.683565721237228,-0.979365653183771,-1.18618450446172,-0.883340555221882,1.12603586343758
ZYQC_101,ZYQC_101_D7,D7,0,M,61,Provincial,CAP,3,11,1,1,0.205663207343474,0.325244783136858,0.0378023154762711,0.0998834718907197,0.0378789909999434,0.0701717315835374,1.57452042781961,-2.13148751460312,-1.09370608860445,-0.202602101531266,-0.309186682590087,-0.0545510757413282,0.140192478068494,-0.382313807988348,0.296653956035478,0.990004298828117,-0.489701213268328,-0.744312588717458,-0.0743984323801482,0.296544113491035
ZYQC_102,ZYQC_102_D7,D7,0,F,49,Provincial,CAP,2,12,0,1,0.190152400663185,0.351755324460254,0.0,4.49313255109815e-19,0.0615663546738662,6.53285586066374e-19,-0.513056578100059,0.4528916090618,-0.39887165956649,-0.603890625945781,-0.599688960696915,-0.597672607937883,0.536791938736757,-1.17068956406076,-0.165357112530887,1.29644287641901,-1.49662547195486,-1.4593109331999,-1.45016666791809,1.17865452202244
ZYQC_103,ZYQC_103_D7,D7,0,M,65,Provincial,CAP,4,8,1,1,0.223326658537527,0.267600473800594,0.0,0.0,5.94089110098595e-18,0.0055507157506616,-0.609039424157965,0.302500808493104,0.537206373238762,-0.255236246839546,-0.39093380469289,0.0358658556392095,-0.576296913342417,-0.119521889297542,0.758665024601843,0.0706885660554489,-0.62177226569492,-0.945512583948527,0.154634546012503,-1.29706054926103
ZYQC_104,ZYQC_104_D7,D7,0,M,66,Provincial,non-CAP,4,5,0,1,0.206826536216346,0.311056873135697,0.0,1.98492136523301e-18,0.0155270229156315,0.0,-0.626684634315674,0.348316041628806,0.00210860895319718,0.043935083937738,0.2350661827404,-0.319133479452011,-0.572161701297897,-0.0538239096248412,0.758665024601843,-0.84862716671722,0.128916707787929,0.595229050085196,-0.744605826359328,-1.28786307435825
ZYQC_105,ZYQC_105_D7,D7,0,F,52,Provincial,CAP,5,8,1,1,0.20388125700174,0.354726915457286,1.72507712966502e-20,0.0637097556512902,0.0152854341592922,0.0294756640422413,0.0169836197935975,-1.08695370205975,0.0943045118049913,-0.168600636684016,-0.404390045556442,0.425648537886663,0.11868274288682,-0.973595625042659,1.22067609316821,0.0706885660554489,-0.404383797736635,-0.97863173882434,1.14198378777439,0.248702491980662
ZYQC_106,ZYQC_106_D7,D7,0,M,55,Provincial,CAP,1,7,0,1,0.221954468048104,0.357597615600218,9.83882760505462e-19,0.0,0.0516920851248899,0.0221050532715844,-0.711046922733633,-0.296144454542882,-0.0417373685591451,0.303993108948102,0.368754398333228,0.142552106990857,-0.467815203208482,-0.776501686024555,-0.627368181097252,-0.235750011535441,0.781461493191646,0.924268992383113,0.42487895187247,-1.05577720136341
ZYQC_109,ZYQC_109_D7,D7,0,M,72,Provincial,CAP,2,10,1,1,0.200357459844251,0.320096900603876,1.46503675726376e-19,0.0551320430267356,0.173946796565924,0.0232022266881269,0.463067387880311,0.0572039590819504,0.295412313152648,-0.23910947792503,-0.284192867860294,0.204065135686666,-0.0778838992625008,0.340363968411367,-0.165357112530887,0.683565721237228,-0.581306531325989,-0.682796595553607,0.580696141828403,-0.188498004252539
ZYQC_111,ZYQC_111_D7,D7,0,M,77,Provincial,non-CAP,2,3,1,1,0.215861200797834,0.309625949767417,1.29859934410143e-18,3.28609674794112e-18,0.0192602851785167,1.44668837909698e-19,-0.702255392076788,0.289851121291847,0.00593131299905563,0.315505913103298,0.298842621724866,0.571950970135032,-0.434837415033739,0.668853866774873,-0.165357112530887,-1.461504321899,0.810349739637984,0.752198725462785,1.51257899922774,-0.982428513116911
ZYQC_112,ZYQC_112_D7,D7,0,M,23,Provincial,CAP,3,6,0,1,0.167243350824703,0.275186398284509,0.0,0.100963344079264,0.173669019932217,0.0423216389936236,1.53558117509294,-0.179855397967068,1.12087897085259,-0.655784593600106,-0.676262406575132,-0.57347007919301,0.569097358370676,-2.878837035551,0.296653956035478,-0.54218858912633,-1.62683925015066,-1.6477772247245,-1.38885981799036,1.25050773852213
ZYQC_113,ZYQC_113_D7,D7,0,M,73,Provincial,CAP,1,4,0,1,0.166368993841076,0.309516915702434,7.08279758729304e-20,0.0606535654825648,0.0539088600610224,0.0776993713614305,1.01872845153034,-1.07324364275837,1.56300486227809,-0.586091518857021,-0.630484327160788,-0.458626384829211,0.484291865814882,0.406061948084068,-0.627368181097252,-1.15506574430811,-1.45196346040897,-1.53510598783043,-1.09795198725394,1.06188466889402
ZYQC_114,ZYQC_114_D7,D7,0,M,79,Provincial,CAP,0,9,0,1,0.19204928206534,0.32935453514954,0.0150571991201631,0.0443804956954214,0.0538530615420945,0.0187060730362795,0.384470334822388,-0.34902029130343,-0.744730065562108,-0.580379442781136,-0.672748334498868,-0.463901670682728,0.404293499070549,0.800249826120276,-1.08937924966362,0.377127143646338,-1.43763056121465,-1.6391282195143,-1.11131468838144,0.883953534414454
ZYQC_115,ZYQC_115_D7,D7,0,M,65,Provincial,CAP,2,8,1,1,0.213134567212492,0.358660575572169,0.00210781693759889,0.0359864395319154,0.0465370247701153,0.0448803769069405,-0.101175286487289,-1.03275500692372,0.25460550244705,-0.451784172072672,-0.358688659301817,-0.390578881579587,0.282809928407625,-0.119521889297542,-0.165357112530887,0.0706885660554489,-1.1149557530635,-0.866149262867325,-0.925582475222481,0.613751648696405
ZYQC_116,ZYQC_116_D7,D7,0,M,77,Provincial,non-CAP,4,10,0,1,0.21032911140734,0.349942800048021,0.0,0.0386674470387714,0.0183383966328598,0.0415401481269032,-0.151150200188579,-1.03640879027534,0.406805455055471,-0.505557232192111,-0.50587738877817,-0.313797058084193,0.103047693599283,0.668853866774873,0.758665024601843,0.683565721237228,-1.24988460201843,-1.22841732695241,-0.731088264314609,0.213927256302835
ZYQC_118,ZYQC_118_D7,D7,0,M,78,Provincial,CAP,1,8,0,1,0.206089639285278,0.380387496436249,7.11707924371077e-18,0.0010731029714956,0.0,0.0,-0.933870675322689,-0.154627480072784,-0.69245711640137,-0.433903919802164,-0.390059297291812,-0.338474957278709,0.423841508597569,0.734551846447574,-0.627368181097252,0.0706885660554489,-1.07009012978439,-0.94336020377415,-0.793599263822055,0.927431915955369
ZYQC_121,ZYQC_121_D7,D7,0,F,64,Provincial,CAP,3,5,1,1,0.206042743934781,0.365304589565962,5.60923767908493e-18,0.0,5.58556565207303e-18,0.0176045023215436,-0.745568169553528,-0.347377007341933,-0.182477984288942,-0.447713134018926,-0.464989696292293,-0.318985577021595,-0.161223607696276,-0.185219868970244,0.296653956035478,-0.84862716671722,-1.1047405918392,-1.12778254836262,-0.744231178230571,-0.373860899425253
ZYQC_122,ZYQC_122_D7,D7,0,M,37,Provincial,CAP,2,12,0,1,0.191992691515045,0.333566471980996,0.0,0.0,0.0740910794992633,0.0,-0.425574264766672,0.603664776554119,-0.220513574841149,-0.620703772857385,-0.670218471814928,-0.426257096050489,0.357280390303071,-1.95906532013318,-0.165357112530887,1.29644287641901,-1.53881348496833,-1.6329015983581,-1.01595811172369,0.779387702400124
ZYQC_123,ZYQC_123_D7,D7,0,F,59,Provincial,CAP,2,9,0,1,0.201085653054001,0.38880400320843,0.0,0.00465069515174853,0.052811808644449,0.0128190198821498,-0.65721990385842,-0.184357749979885,-0.526683403111313,-0.256879110984036,-0.104912408848213,-0.158587409732098,-0.225804818512901,-0.51370976733375,-0.165357112530887,0.377127143646338,-0.625894585821634,-0.241542804956645,-0.337930395599236,-0.51750143328003
ZYQC_124,ZYQC_124_D7,D7,0,M,93,Provincial,CAP,3,9,0,1,0.160127520867786,0.272110755181847,0.0,0.057568646558466,0.132405373722953,0.0832742798382104,1.44514359797326,-0.499433069547555,2.04606053296498,-0.665226976648286,-0.648295529311703,-0.481136494631836,0.497096732344081,1.72002154153809,0.296653956035478,0.377127143646338,-1.65053233872053,-1.57894378536558,-1.15497181101175,1.09036505569594
ZYQC_127,ZYQC_127_D7,D7,0,M,61,Provincial,CAP,1,8,0,1,0.205213692634104,0.326879881453712,0.012938699829369,0.104162127955492,0.0223597865205561,0.0687008659586892,1.05907617093209,-2.07721438059131,0.348041334217598,-0.522178258305891,-0.532511034528898,-0.367835198870517,0.412204605183997,-0.382313807988348,-0.627368181097252,0.0706885660554489,-1.291590540215,-1.29396935202912,-0.867970993490676,0.90154929471607
ZYQC_132,ZYQC_132_D7,D7,0,M,66,Provincial,CAP,5,10,0,1,0.194590358754955,0.386121623610319,0.0,0.0791287070433707,0.0199467937997711,0.0698821429523383,0.440352697723916,-2.02706765465004,0.590215030421138,-0.603754266768964,-0.566043175350894,-0.581666573099964,0.558092862564904,-0.0538239096248412,1.22067609316821,0.683565721237228,-1.49628331573887,-1.37650028889793,-1.40962216175965,1.22603170853824
ZYQC_134,ZYQC_134_D7,D7,0,M,88,Provincial,CAP,0,7,0,1,0.19411196081127,0.291253395003613,0.011421705130591,0.0315222417573899,0.134223028927154,0.0237527185391418,0.570433217574915,0.29727037548434,-0.0464108701955489,-0.639512179591289,-0.616344200467095,-0.562693267952276,0.120963500750329,1.39153164317459,-1.08937924966362,-0.235750011535441,-1.5860080590849,-1.50030361986743,-1.36156133375346,0.253775318472537
ZYQC_135,ZYQC_135_D7,D7,0,M,66,Provincial,CAP,0,7,0,1,0.213646171279542,0.315346330883218,0.0,1.23206190672093e-18,0.0480752110140527,0.0,-0.632274597034207,0.401569479611636,-0.0552446761725967,0.531869633849091,0.52715850002268,0.391499078498122,-0.638493378585608,-0.0538239096248412,-1.08937924966362,-0.235750011535441,1.35325556889508,1.31414087636723,1.05548060441221,-1.43539696876205
ZYYH_040,ZYYH_040_D7,D7,0,M,87,Provincial,CAP,1,8,0,1,0.198398688586967,0.335053625303356,2.84654693522005e-19,1.03385207773258e-17,3.93626538170739e-19,0.0168152634870353,-0.550214673680648,-0.0755745124520963,0.114114136961018,-0.531929243986338,-0.513181515514799,-0.559447519491419,0.484719412791685,1.32583366350189,-0.627368181097252,0.0706885660554489,-1.31605798304077,-1.24639459913978,-1.35333960552454,1.06283561229102
ZYYH_044,ZYYH_044_D7,D7,0,M,69,Provincial,CAP,1,12,0,1,0.201356807101869,0.326064826653184,0.0197031248751209,0.0173289816878718,0.0592782825347634,0.053726172230997,0.439509961226079,-0.719077559306006,-0.261335382020776,0.106550961457143,0.171196005116211,0.615932894613065,-0.00162685980507081,0.143270029393263,-0.627368181097252,1.29644287641901,0.286034198613821,0.43802866060563,1.62398856605155,-0.0188882722679181
ZYYH_047,ZYYH_047_D7,D7,0,M,57,Provincial,CAP,1,10,0,1,0.215853991771908,0.342682447732672,7.75115850976547e-19,0.0,0.0663218333035839,0.0,-0.721938598030664,0.291809583611452,-0.336448679987976,-0.114859355532017,0.112837897628618,-0.376018255098373,-0.397919655140011,-0.645105726679153,-0.627368181097252,0.683565721237228,-0.269534689445305,0.294394846397077,-0.888699298594645,-0.900316600490887
ZYYH_048,ZYYH_048_D7,D7,0,M,76,Provincial,CAP,3,2,0,1,0.213465002781939,0.395559507210124,2.52480870610989e-18,0.0,0.0210277550671607,0.0,-1.02797350397403,-0.212997840681417,-0.856305207252121,-0.217395928807741,-0.0233699486998997,-0.231617068955631,0.417927085317403,0.603155887102172,0.296653956035478,-1.76794289948989,-0.526822293631229,-0.0408465336880605,-0.522920088431992,0.9142771468412
ZYYH_050,ZYYH_050_D7,D7,0,M,44,Provincial,CAP,1,6,0,1,0.216656770805796,0.281533012301296,8.72378203481736e-18,0.0,0.113241114034434,3.50282778312809e-18,-0.361863619734458,0.869756620030803,0.268003967106922,0.0051778473387529,-0.197276101711525,0.464001973666084,0.558068833684322,-1.49917946242427,-0.627368181097252,-0.54218858912633,0.0316659783081603,-0.468872820810317,1.23913596374442,1.22597826387235
ZYYH_051,ZYYH_051_D7,D7,0,M,76,Provincial,CAP,2,8,0,1,0.21491913009646,0.326507903583466,1.36223027209027e-18,3.89610052763327e-18,0.0,5.4184063497462e-18,-0.810040294974445,0.109249323551544,-0.158843364361162,-0.26710410286992,-0.0808446102846028,-0.34489205073678,-0.541734851232108,0.603155887102172,-0.165357112530887,0.0706885660554489,-0.651551418121514,-0.182305967846576,-0.809854250635757,-1.22018814334187
ZYYH_053,ZYYH_053_D7,D7,0,M,72,Provincial,CAP,3,4,1,1,0.216047758500467,0.341630211709478,4.06371102970812e-18,2.64554787485658e-18,4.27003567465544e-19,0.0,-0.883693909466846,0.00502192425387733,-0.312191846291158,0.21443830124684,0.300365398941338,0.141758565103177,-0.452134963142602,0.340363968411367,0.296653956035478,-1.15506574430811,0.556748094053272,0.755946658855558,0.422868849790486,-1.02090145305281
ZYYH_055,ZYYH_055_D7,D7,0,M,58,Provincial,CAP,1,7,0,1,0.198532641371965,0.311550404832645,0.0,2.59331037672828e-18,0.0,0.00956424503321265,-0.510402233274162,0.19179988342649,0.203349284652823,0.160104318393037,-0.0339902376103654,0.46168805547558,-0.477013807181751,-0.579407747006452,-0.627368181097252,-0.235750011535441,0.420411762267121,-0.066985705602285,1.23327463261057,-1.07623659456356
ZYYH_057,ZYYH_057_D7,D7,0,M,59,Provincial,CAP,3,11,0,1,0.158780165339988,0.196951692301575,0.0582036403560255,0.158484348839952,0.0416269298025669,0.0648333416359526,3.47651034301408,-1.55329656711958,-1.14704579414203,-0.491603202686973,-0.471924111985048,-0.37784643282055,0.522566889152198,-0.51370976733375,0.296653956035478,0.990004298828117,-1.21487076543875,-1.14484986973643,-0.893330212101088,1.14701538595486
ZYYH_060,ZYYH_060_D7,D7,0,F,91,Provincial,CAP,1,11,0,1,0.222434472506194,0.35830566694342,6.91319337369381e-18,4.51425031678064e-18,0.0956937950996817,0.0,-0.779697437289725,0.26304406978209,-0.506891896329179,-0.258676660329348,-0.152327235320527,-0.365805537243055,0.426507788452149,1.58862558219269,-0.627368181097252,0.990004298828117,-0.63040504633037,-0.358242483363849,-0.862829705895873,0.933362214518608
ZYYH_062,ZYYH_062_D7,D7,0,M,76,Provincial,non-CAP,6,8,0,1,0.20495870252926,0.359526255500372,0.0,2.63063300091323e-18,0.00846388333506747,0.00538603034350908,-0.783788428644764,-0.0572277942206255,-0.372743490543325,-0.337129313473719,-0.423248809571465,-0.290294505334477,-0.019523449985927,0.603155887102172,1.68268716173457,0.0706885660554489,-0.827260612346476,-1.02504784660016,-0.671554506931901,-0.0586935923486712
ZYYH_063,ZYYH_063_D7,D7,0,F,74,Provincial,CAP,3,12,0,1,0.177675647035604,0.32979010261027,0.0,0.0466383551598674,0.20001684985599,0.0563667869656149,0.894391907061795,-0.147957258643012,0.898887272975261,-0.465420042221867,-0.565786065992891,-0.229073150759583,0.239782587316961,0.471759927756769,0.296653956035478,1.29644287641901,-1.14917125539204,-1.37586747883351,-0.516476149754446,0.518050899725257
ZYYH_065,ZYYH_065_D7,D7,0,M,63,Provincial,CAP,2,12,1,1,0.202416606283672,0.349277128709158,1.02996743302848e-18,0.0,0.0,0.00977715181299755,-0.703241288149017,-0.0817345292130749,-0.176060156162539,0.258050535583349,0.351008277350107,0.0647721598101813,-0.541391812597804,-0.250917848642945,-0.165357112530887,1.29644287641901,0.666181118067661,0.880591375785385,0.227856417596907,-1.21942516209792
ZYYH_066,ZYYH_066_D7,D7,0,M,36,Provincial,CAP,1,13,0,1,0.215719743615277,0.303616939247717,0.0,0.0,2.14239468153042e-19,2.42896069824547e-18,-0.723739927801274,0.243763025917787,0.070564592377947,0.141995241643487,0.218435193537137,-0.195270166516658,-0.357101534821665,-2.02476329980588,-0.627368181097252,1.6028814540099,0.374971966279577,0.554296050093142,-0.430850614343017,-0.809529566315826
ZYYH_067,ZYYH_067_D7,D7,0,F,75,Provincial,CAP,7,7,1,1,0.214349894371383,0.336051482112195,0.0,0.0,0.00642098948180196,0.0635293695879637,-0.339713429254366,-0.993073557276132,1.03283217042863,0.378576673487911,0.222500417642195,0.444202747527591,-0.269027825582766,0.53745790742947,2.14469823030094,-0.235750011535441,0.968608635124045,0.564301577499016,1.18898301492023,-0.613637379506761
ZYYH_069,ZYYH_069_D7,D7,0,M,83,Provincial,non-CAP,1,14,0,1,0.171394147122483,0.249300601466152,3.68667148955161e-18,0.0145091792035661,5.14362470111726e-19,9.55685744436479e-19,0.0745442470832732,0.834012821135712,0.649170195739745,-0.194299774815602,-0.341455938057071,0.254962695319386,0.251274841862453,1.06304174481108,-0.627368181097252,1.90932003160079,-0.468868785563748,-0.823735250690835,0.709623539580243,0.543611795181316
ZYYH_073,ZYYH_073_D7,D7,0,M,80,Provincial,non-CAP,3,5,0,1,0.159497575277965,0.284765500158393,0.0391930398899974,0.0709851995428288,0.051333780079315,0.0189268939310582,1.61478458727043,-0.219828347669287,-1.73030666017158,-0.609674443186708,-0.683349695845442,-0.441914154566315,0.493265531585542,0.865947805792977,0.296653956035478,-0.84862716671722,-1.51113838606372,-1.66522080598714,-1.05561863426073,1.08184375801039
ZYYH_074,ZYYH_074_D7,D7,0,F,53,Provincial,CAP,0,7,0,1,0.202954053579729,0.330924050078594,0.0,0.00398621913932153,0.186026734303047,0.0187383825639044,-0.0681886535571078,0.649641590080521,0.146434997826663,-0.411652043069156,-0.455371704155059,-0.542493164420948,0.0214821868581984,-0.907897645369958,-1.08937924966362,-0.235750011535441,-1.01425510555473,-1.10411027804452,-1.31039293193999,0.032510513193262
ZZRM_011,ZZRM_011_D7,D7,0,M,73,NonProvincial,CAP,2,8,0,1,0.180018529076077,0.332803593176456,7.23357951341085e-18,0.0,0.0503393142374482,7.10811795492565e-18,-0.360995680676133,0.614989176379676,-0.194891908915389,0.397319746644202,0.137781184938898,0.500440492311144,-0.169958631756054,0.406061948084068,-0.165357112530887,0.0706885660554489,1.01563927242159,0.355786479017051,1.33143750866602,-0.393289205325919
ZZRM_075,ZZRM_075_D7,D7,0,M,66,NonProvincial,CAP,1,11,0,1,0.207817125900012,0.399360220281889,1.63561115036908e-18,2.9835059619673e-18,0.00552387848908927,0.0,-1.02530462178859,-0.252358004476089,-0.885173664408957,0.354994961896979,0.393160527653292,0.0351666379045846,0.501525730216935,-0.0538239096248412,-0.627368181097252,0.990004298828117,0.90943675250691,0.984338545616197,0.152863374199205,1.10021596451065
ZZRM_081,ZZRM_081_D7,D7,0,M,65,NonProvincial,CAP,1,5,0,1,0.210072287944014,0.242302345705674,5.1935959454182e-19,0.0,0.0226863316323376,4.79106515601267e-20,-0.358200665356325,0.776009246707071,0.688740683252999,0.409067420716531,0.454685049002426,0.127327195118128,-0.486939207593529,-0.119521889297542,-0.627368181097252,-0.84862716671722,1.04511686095674,1.13576569171771,0.386313089718832,-1.09831251720177
ZZRM_091,ZZRM_091_D7,D7,0,M,70,NonProvincial,non-CAP,4,7,0,1,0.200225419671923,0.240475829866628,2.07345275089741e-18,0.0,8.19451190994188e-20,0.0080972337755387,-0.245754336673009,0.64166702599122,0.886749932606581,0.0367789465134287,0.0180910350871703,-0.036025962027137,-0.332705797881885,0.208968009065964,0.758665024601843,-0.235750011535441,0.110960329938488,0.0611992573520606,-0.0274729074343078,-0.755268944170466
ZZRM_101,ZZRM_101_D7,D7,0,M,41,NonProvincial,CAP,4,9,1,0,0.192201177223502,0.251952345997341,7.42879908958527e-18,0.001047797183208,3.5754915189735e-18,0.0,-0.265348334057586,0.770745812245373,0.614636128626204,-0.449410078602994,-0.4289182050397,-0.305608015899186,0.162460408359637,-1.69627340144237,0.758665024601843,0.377127143646338,-1.10899861209991,-1.03900163863381,-0.710344796324952,0.346072100879548
ZZRM_104,ZZRM_104_D7,D7,0,F,52,NonProvincial,CAP,3,5,1,0,0.20077832115622,0.293790284971845,1.14171633207898e-17,0.0,0.100699482404297,1.05159662482202e-18,-0.283999869641655,0.885814449551623,0.1645317613325,-0.361738746150562,-0.528439331709214,0.011608988107071,0.190386588393903,-0.973595625042659,0.296653956035478,-0.84862716671722,-0.889011281122715,-1.28394787889552,0.0931900517951563,0.408185080148961
HNSR_038,HNSR_038_D7,D7,1,F,81,Provincial,CAP,2,4,0,1,0.213050768525826,0.259897417467817,7.90100381793214e-18,0.0,0.0274784095525902,0.0,-0.448757129037337,0.660365780536091,0.507509383987089,0.658214418935636,0.642230286018694,0.673403790264337,-0.721560870670703,0.931645785465678,-0.165357112530887,-1.15506574430811,1.67028339631126,1.59736115615289,1.76956672493096,-1.62015440452708
HNSR_056,HNSR_056_D7,D7,1,F,49,Provincial,CAP,2,8,1,1,0.199652397136003,0.277400693388149,1.70666230412997e-17,0.0,0.0287882374829486,4.23961939079236e-18,-0.383130832648959,0.681790524038656,0.345677336345856,0.19441708939916,0.15633607983525,0.334642027450357,0.13484415846567,-1.17068956406076,-0.165357112530887,0.0706885660554489,0.506510315818411,0.401454689329877,0.911457360698194,0.284648463451939
HZSY_004,HZSY_004_D7,D7,1,M,85,NonProvincial,non-CAP,4,12,0,1,0.163212794715137,0.268397252389724,3.5181929626366e-19,0.0925595162486716,0.0212013874599095,0.11754711887604,1.72962018017651,-1.95425539887863,2.76023733095162,-0.505090079131994,-0.471510489813748,-0.495915841054479,0.63054019860224,1.19443770415648,0.758665024601843,1.29644287641901,-1.24871240864599,-1.14383184271906,-1.19240902192116,1.38716795688619
HZSY_019,HZSY_019_D7,D7,1,M,72,NonProvincial,CAP,1,10,0,1,0.192495563160579,0.308665792645623,0.0,0.0222007534297665,2.07802687857456e-18,0.0164294338562997,-0.187152755827683,-0.0915608289673266,0.353913215602048,-0.612102939005257,-0.65056928781325,-0.486316464405458,0.21688669632691,0.340363968411367,-0.627368181097252,0.683565721237228,-1.51723203490499,-1.58454007044449,-1.16809306924428,0.467126211827565
HZSY_023,HZSY_023_D7,D7,1,M,80,NonProvincial,CAP,2,7,0,1,0.20063308047094,0.371631871447501,0.0,2.05181039929156e-18,0.025227191543386,0.0,-0.79013702466535,0.0727689804382845,-0.60257460568265,0.554064453383853,0.525950592580642,0.386970800963121,-0.283546299559425,0.865947805792977,-0.165357112530887,-0.235750011535441,1.40894742362561,1.31116791578677,1.04401013228941,-0.645929145585373
JXSY_023,JXSY_023_D7,D7,1,M,84,NonProvincial,CAP,6,10,0,1,0.190912376164829,0.392244062080626,0.0,6.76869756730998e-19,0.00865123415897058,0.000135629147782239,-0.817472204949159,-0.0400882132789235,-0.793172395043686,0.527524177975893,0.506270719864605,0.648449428506877,0.25616511434363,1.12873972448378,1.68268716173457,0.683565721237228,1.3423518308922,1.26273085531588,1.70635542468074,0.554488663871285
JXSY_041,JXSY_041_D7,D7,1,M,79,NonProvincial,CAP,4,10,0,1,0.195653085780407,0.237053000763282,2.40670506304392e-18,0.0158115880468386,0.0,0.00797395137556371,-0.045665280758824,0.535819017308886,0.90638312124196,0.472432306749384,0.380770328932944,0.550371353630421,-0.423258553993787,0.800249826120276,0.758665024601843,0.683565721237228,1.20411378465018,0.953843185543325,1.45791618591215,-0.956674988830543
JXSY_042,JXSY_042_D7,D7,1,M,76,NonProvincial,non-CAP,3,9,0,1,0.214365786308513,0.273697448086331,0.0,5.13901579013219e-18,0.0602318201946282,1.63278223438034e-17,-0.437768084219676,0.70657617413084,0.360405056918176,0.482140474509579,0.51015438390646,0.42969969472317,-0.584402219321157,0.603155887102172,0.296653956035478,0.377127143646338,1.22847378756679,1.27228951825838,1.15224567680374,-1.31508824591027
JXSY_051,JXSY_051_D7,D7,1,M,56,NonProvincial,CAP,0,7,0,1,0.210929236233345,0.366905184481285,0.0,1.4671682768388e-17,0.0767381021868744,0.0,-0.746540999596852,0.233051413097808,-0.57696486064639,0.539990372463059,0.423427793108256,0.531085942560451,-0.319047520052818,-0.710803706351854,-1.08937924966362,-0.235750011535441,1.37363235071506,1.05883381234299,1.4090647698174,-0.724890413107078
LSRM_016,LSRM_016_D7,D7,1,M,61,NonProvincial,CAP,5,3,0,1,0.220797032523221,0.359728195082596,0.00423575445822534,0.0152943100803328,0.0513554274090446,0.0,-0.656982855300772,-0.116963615627704,-0.780495244595605,0.446937561725383,0.424925511509454,0.353466712362672,-0.556825899138073,-0.382313807988348,1.22067609316821,-1.461504321899,1.14014166565887,1.0625200697601,0.959141722320964,-1.25375341953026
PHYY_015,PHYY_015_D7,D7,1,F,81,NonProvincial,CAP,3,6,0,1,0.20091870750123,0.335847653464791,0.0,0.0100303180405505,0.0969139515970423,0.0218495870496901,-0.210790385447797,0.127986340072261,0.174264125804252,-0.235407001458834,-0.178930699334463,-0.233822785812712,0.549491889102743,0.931645785465678,0.296653956035478,-0.54218858912633,-0.572016175025698,-0.423720223681147,-0.528507337341624,1.20690155591097
PHYY_019,PHYY_019_D7,D7,1,M,75,NonProvincial,CAP,1,7,0,1,0.218476336423427,0.297435512762909,0.0,0.0263218755810716,0.0863474560752321,0.0257983532359553,-0.0792755698473695,-0.0867068002516663,0.606167979724632,0.665400315234838,0.67313332228565,0.68186797689517,-0.504087561291828,0.53745790742947,-0.627368181097252,-0.235750011535441,1.68831444595223,1.67342121294263,1.79100715477227,-1.13645362122889
PHYY_029,PHYY_029_D7,D7,1,M,90,NonProvincial,CAP,3,6,0,1,0.206864042166047,0.264099030610323,3.22887894148987e-18,0.0,0.00217607556993645,0.00251619518462237,-0.447251434400299,0.537803258260328,0.52827254273958,0.37338813547219,0.32367793421141,0.362911207290335,-0.438941788074151,1.52292760251999,0.296653956035478,-0.54218858912633,0.95558941210298,0.81332460519187,0.983065347793201,-0.991557396382014
PHYY_031,PHYY_031_D7,D7,1,F,78,NonProvincial,CAP,3,5,0,1,0.21556770878385,0.368069158943166,1.32385067503342e-18,4.58115810784231e-18,0.136440301167948,0.0,-0.65014527618162,0.445257383483036,-0.606196715222355,0.00400026269504544,-0.141056050696203,-0.342615638742757,0.309947845230083,0.734551846447574,0.296653956035478,-0.84862716671722,0.0287111503670031,-0.330501295242136,-0.804087925556159,0.674111385077825
SLTD_009,SLTD_009_D7,D7,1,F,78,Provincial,non-CAP,3,6,0,1,0.201183613450661,0.251267810098214,1.33859064377345e-17,0.0,0.0467617885147661,8.69706378498833e-19,-0.246320560758152,0.908635643095772,0.603144201830633,0.292256158056507,0.442644868115514,0.061693855407578,-0.473234464695078,0.734551846447574,0.296653956035478,-0.54218858912633,0.75201081155802,1.10613181257049,0.220058837929442,-1.06783063924712
SLTD_022,SLTD_022_D7,D7,1,F,74,Provincial,non-CAP,2,16,1,1,0.170940246611952,0.33433112921075,0.0,0.00708811364685021,0.0208049802525393,0.0450004443061155,0.0596826568346662,-0.279682880493406,0.710658280453531,0.35010495965427,0.275724871677847,0.574557756909401,-0.185209527958607,0.471759927756769,-0.165357112530887,2.52219718678257,0.897166623700214,0.695300193996883,1.51918218880576,-0.427210013632204
TZEZ_014,TZEZ_014_D7,D7,1,F,68,NonProvincial,CAP,1,11,0,1,0.206566419379113,0.423522110994126,0.0,0.0692710899364755,0.0915519675614712,0.0495764269528386,0.0992861606274371,-1.60416836893483,-0.215040406686776,0.214157206982511,-0.0108030411811095,0.327817361258625,0.499953591543265,0.0775720497205614,-0.627368181097252,0.990004298828117,0.556042764554644,-0.00991624932073876,0.894169961086616,1.09671923790048
TZEZ_018,TZEZ_018_D7,D7,1,M,90,NonProvincial,non-CAP,2,12,0,1,0.19443066074376,0.31653605490113,0.0,0.0102790559495045,0.115735537098736,0.046994957918456,0.175912415527813,-0.0382451740042643,0.881313246153097,-0.0289023820473072,-0.304501642181011,0.404725031619294,0.336934957344793,1.52292760251999,-0.165357112530887,1.29644287641901,-0.0538490753816835,-0.732781539260108,1.08898295169576,0.734135703952283
TZEZ_025,TZEZ_025_D7,D7,1,M,84,NonProvincial,CAP,1,12,0,1,0.210133466335667,0.314886678089726,0.0142071677777857,0.00817617417896067,0.0128473647546499,1.03781719571126e-18,-0.322721663275475,0.107748982374497,-0.899159992826002,0.121287396252701,0.256750861965031,0.217572565780792,-0.417648288183243,1.12873972448378,-0.627368181097252,1.29644287641901,0.323011268177047,0.648600437901104,0.614911491737459,-0.94419672207302
TZEZ_032,TZEZ_032_D7,D7,1,M,89,NonProvincial,CAP,2,11,0,1,0.156201580503446,0.290320863764562,0.095045820793996,0.146460335566285,0.0038348943629712,0.128305072244054,4.14779652893294,-3.44185634922171,-2.98154122271696,-0.578210334708227,-0.539028372800001,-0.634552617777474,0.624262353577818,1.45722962284729,-0.165357112530887,0.990004298828117,-1.43218777527525,-1.31001014215524,-1.54358654368407,1.37320487072904
TZEZ_033,TZEZ_033_D7,D7,1,M,82,NonProvincial,CAP,2,3,0,1,0.220468747025896,0.35663855458663,2.11635528674481e-18,1.6936813641314e-19,0.002029825166768,0.0143968887003329,-0.874308166390266,-0.364082942827211,-0.176410318316377,0.584108940575421,0.540761152150565,0.660088635186653,-0.245638070538604,0.99734376513838,-0.165357112530887,-1.461504321899,1.48433588143692,1.34762038577208,1.73583842229296,-0.56161424679072
WZZX_021,WZZX_021_D7,D7,1,M,50,NonProvincial,CAP,0,7,0,1,0.223629077338367,0.352814471009073,0.0,0.0,0.0379004529764885,3.95149720853511e-18,-0.912099240036512,0.0319895943363098,-0.440850237340725,0.27780294485804,0.441187859837809,0.194289345549491,-0.464179363052155,-1.10499158438806,-1.08937924966362,-0.235750011535441,0.715744409455597,1.10254575289052,0.555933320340517,-1.04769042171865
ZDFE_104,ZDFE_104_D7,D7,1,M,66,Provincial,non-CAP,1,9,0,1,0.187321720227284,0.33030250801432,0.0394236707559677,6.65507150885401e-20,1.59010335570766e-19,1.48289809797507e-18,0.246845667322946,0.103771522638732,-2.52799899478438,-0.303634998797181,-0.0642610476419107,-0.429196698861648,0.383462327563103,-0.0538239096248412,-0.627368181097252,0.377127143646338,-0.7432157520428,-0.141489696413463,-1.02340434968877,0.837621163771139
ZDFE_119,ZDFE_119_D7,D7,1,M,72,Provincial,CAP,0,5,0,1,0.213148152027703,0.339452164514355,6.57030526753831e-18,1.92513543533343e-18,0.0135107270724202,0.0,-0.81216675230426,0.104790808741525,-0.289967117644775,0.520097029629454,0.559694365481449,0.309876113059123,-0.66244032285637,0.340363968411367,-1.08937924966362,-0.84862716671722,1.32371542494513,1.39421973182725,0.848723411989306,-1.4886593931692
ZDFE_124,ZDFE_124_D7,D7,1,M,43,Provincial,CAP,7,8,1,1,0.161438051944534,0.322084454942937,0.0276919266570541,0.119432657267882,0.0372553335136024,1.58538380987326e-18,1.46130409192148,-0.666588858445965,-1.85284814179986,-0.586458799319708,-0.542428972053571,-0.616361051716424,0.584341314423786,-1.56487744209697,2.14469823030094,0.0706885660554489,-1.45288505069906,-1.31837986253195,-1.49750592036527,1.28441311065497
ZYCZ_019,ZYCZ_019_D7,D7,1,M,77,Provincial,non-CAP,2,11,1,1,0.183633849872129,0.245638329613081,5.91127589860489e-18,9.45922153261065e-18,0.0,2.27969025390568e-17,-0.162656601829502,0.900678364515791,0.688580509131105,-0.312639269249459,-0.289747733042837,-0.296857278882247,0.359082426632536,0.668853866774873,-0.165357112530887,0.990004298828117,-0.765809516375835,-0.696468500074372,-0.688178512515946,0.783395763833426
ZYCZ_033,ZYCZ_033_D7,D7,1,M,63,Provincial,CAP,4,4,1,1,0.194640701071182,0.30875830582159,7.19473407841824e-18,0.0,3.27953368756263e-18,0.0,-0.533295748433726,0.407276191057904,0.0416866750649,0.48397502955645,0.60168194098411,0.171040231030493,-0.522416619975336,-0.250917848642945,0.758665024601843,-1.15506574430811,1.23307710380486,1.49756159602494,0.497041541312235,-1.17722083108859
ZYQC_040,ZYQC_040_D7,D7,1,M,67,Provincial,CAP,1,5,1,1,0.219362818774267,0.315493516419761,0.0,0.0,0.0412083628505647,0.0,-0.707271550732793,0.317483360697082,-0.061482938041075,0.50299822444479,0.366059946613836,0.58391966873235,-0.543554404864409,0.0118740700478601,-0.627368181097252,-0.84862716671722,1.28081063029616,0.917637276682954,1.54289662497961,-1.22423516649018
ZYQC_049,ZYQC_049_D7,D7,1,F,60,Provincial,CAP,2,5,0,1,0.205184042832967,0.284081011483556,0.0,0.0247670537982458,0.174744538044845,0.0,0.115940010247154,0.961937196949018,0.214904962993439,-0.354752519640321,-0.364882847006935,-0.442445452368461,0.279174138201533,-0.448011787661049,-0.165357112530887,-0.84862716671722,-0.871481248435874,-0.88139469909397,-1.0569644520869,0.605664980150194
ZYQC_053,ZYQC_053_D7,D7,1,F,76,Provincial,CAP,1,6,0,1,0.20260280977383,0.310779871548855,0.0192351770677071,0.0536642176926573,0.117423846237217,0.046763411164935,0.895045843334111,-0.653663882979236,-0.273929426865852,0.075468384808843,0.313573313608515,-0.352811869801122,0.0327156870237507,0.603155887102172,-0.627368181097252,-0.54218858912633,0.20804093804072,0.788454621211792,-0.829915755941693,0.0574958911450529
ZYQC_056,ZYQC_056_D7,D7,1,M,72,Provincial,CAP,5,7,1,1,0.216466455801891,0.359967223794039,2.22603644213915e-18,0.0,0.0,3.31890593432083e-18,-0.963468314890648,-0.112557481611084,-0.49710986504327,0.0478304174679388,0.341069114480248,-0.251155911836214,-0.306085753017799,0.340363968411367,1.22067609316821,-0.235750011535441,0.138690986364564,0.856128624430033,-0.572413466618561,-0.696061050618072
ZYQC_065,ZYQC_065_D7,D7,1,F,56,Provincial,CAP,7,7,1,1,0.215081547972139,0.319982057788342,0.0,0.0106178709029703,0.0,0.0136867528088276,-0.584929989321455,-0.198941446281679,0.172616318187056,0.485259863963417,0.451755789926838,0.361310577517704,-0.66596202173802,-0.710803706351854,2.14469823030094,-0.235750011535441,1.23630104581681,1.12855605672533,0.979010830585724,-1.49649230154982
ZYQC_066,ZYQC_066_D7,D7,1,M,48,Provincial,non-CAP,2,10,1,1,0.196149024705335,0.258633225615942,7.41376277586303e-18,0.0,0.031510815101681,0.0,-0.263874026488003,0.842599367095652,0.537698482997777,-0.149227668057766,0.0523774048290574,-0.299448249037377,0.0374483628292137,-1.23638754373346,-0.165357112530887,0.683565721237228,-0.35577260931303,0.145586539143866,-0.694741637391954,0.0680222357375779
ZYQC_071,ZYQC_071_D7,D7,1,M,74,Provincial,CAP,2,7,0,1,0.197238539123125,0.367783314430053,0.0,0.00573289932091729,0.0812210337542761,0.0314738901734341,-0.308687259990533,-0.221376336365742,0.060149812642361,0.00136853940186127,-0.236644760597884,-0.0206356854797183,-0.177841395102595,0.471759927756769,-0.165357112530887,-0.235750011535441,0.0221075575283495,-0.565768879979566,0.0115118360437329,-0.410821926082164
ZYQC_074,ZYQC_074_D7,D7,1,M,71,Provincial,CAP,2,6,0,1,0.221922914814218,0.297785320608268,1.45589127792431e-17,0.0,1.5435415883392e-18,0.0,-0.761986213834594,0.222421592284134,0.122506618091217,0.372126298458669,0.483713393164057,-0.0983162776482381,-0.533328493032441,0.274665988738665,-0.165357112530887,-0.54218858912633,0.952423175786412,1.20721166506392,-0.18525902441361,-1.20149085098228
ZYQC_075,ZYQC_075_D7,D7,1,F,77,Provincial,non-CAP,8,9,1,1,0.223028353968616,0.328455534175709,0.0,3.69981097175467e-18,0.065443045176228,0.0,-0.737511822367451,0.309657873466134,-0.200921261396783,0.476920827335395,0.446588652265307,0.498655991125693,-0.555317700643636,0.668853866774873,2.6067092988673,0.377127143646338,1.21537650458533,1.11583844604846,1.32691723115595,-1.25039890768137
ZYQC_081,ZYQC_081_D7,D7,1,M,60,Provincial,CAP,7,7,0,1,0.193436527505284,0.221417259057385,0.0,0.0310720468559115,0.0145640690939509,0.0,0.151923267277957,0.686902637288254,0.884658799589833,-0.492347395889495,-0.456764893803857,-0.504054972359623,0.354302353949473,-0.448011787661049,2.14469823030094,-0.235750011535441,-1.216738115595,-1.10753926420922,-1.21302606184813,0.772763999836164
ZYQC_083,ZYQC_083_D7,D7,1,M,73,Provincial,CAP,2,6,0,1,0.193270584306844,0.335236395236619,0.0,0.00573982362720876,0.051770019782213,1.83104128973651e-20,-0.449337337782131,0.42108065569298,-0.240288716086239,-0.527065221987126,-0.513274461529107,-0.493152910751761,0.101647204562229,0.406061948084068,-0.165357112530887,-0.54218858912633,-1.30385304457925,-1.24662336239352,-1.18541030888522,0.210812310169177
ZYQC_098,ZYQC_098_D7,D7,1,M,70,Provincial,CAP,5,9,1,1,0.209672754062028,0.280857076106153,4.96043650454221e-18,0.0250241539572843,0.00882861763811392,0.0332429812578578,-0.0688062546630627,-0.355126458069927,0.951103906490072,0.44700138219293,0.165947257542967,0.595060347051638,-0.5134307204234,0.208968009065964,1.22067609316821,0.377127143646338,1.14030180574029,0.425110187642414,1.57111681225894,-1.15723453178444
ZYQC_110,ZYQC_110_D7,D7,1,M,91,Provincial,CAP,2,9,1,1,4.49269180060656e-18,1.21803542509677e-17,0.0,0.0,0.85049418375252,7.40808389302309e-18,4.79831932647948,7.86427271175044,3.18060300573075,-0.598534421735343,-0.516000646766432,-0.441776096865636,0.668672706401676,1.58862558219269,-0.165357112530887,0.377127143646338,-1.48318553628304,-1.25333318217236,-1.05526892358272,1.47198169308394
ZYQC_119,ZYQC_119_D7,D7,1,F,72,Provincial,CAP,0,6,0,1,0.206864249898465,0.276705911648437,0.0,0.0245737644107907,0.141143328254641,0.0211213110036562,0.206838263648326,0.488547403108434,0.722870087753664,0.520323836039642,0.600160073732306,0.604810694893849,-0.554022229901637,0.340363968411367,-1.08937924966362,-0.54218858912633,1.32428453385941,1.49381590228149,1.59581518647457,-1.24751754162117
ZYQC_120,ZYQC_120_D7,D7,1,M,65,Provincial,CAP,0,12,1,1,0.222642134045596,0.291756431173816,5.77350546258265e-18,1.37699694308999e-18,0.0907278733217708,1.31016330366616e-18,-0.51980954167176,0.651928834261104,0.163385833804639,0.51264123975867,0.524287946547828,0.631016639404697,-0.682135257035812,-0.119521889297542,-1.08937924966362,1.29644287641901,1.30500715089339,1.30707573045635,1.6621968412296,-1.53246456225781
ZYQC_125,ZYQC_125_D7,D7,1,F,79,Provincial,CAP,0,3,1,1,0.185185409835851,0.328988100322945,0.0,0.0108895223904911,0.00321717497420669,0.0321893028273831,-0.169362341930786,-0.28003458471837,0.48868708001309,-0.0665561400055886,-0.333087935319397,0.364463146720938,-0.152901334014631,0.800249826120276,-1.08937924966362,-1.461504321899,-0.148330925751619,-0.803139515115016,0.986996528653344,-0.355350626554845
ZYQC_126,ZYQC_126_D7,D7,1,M,69,Provincial,CAP,1,8,0,1,0.207442503598598,0.374593118042626,3.86294526392373e-18,8.76698530210268e-18,0.0618361627448084,0.0,-0.780100192263608,0.152201693221438,-0.647405411238646,0.493310288769455,0.448506033701422,0.275740344486687,-0.319956889267023,0.143270029393263,-0.627368181097252,0.0706885660554489,1.25650139428617,1.12055759855045,0.762254908507776,-0.72691301809927
ZYQC_133,ZYQC_133_D7,D7,1,M,75,Provincial,CAP,3,13,0,1,0.204396377484606,0.398113548711318,0.0,2.82977710370814e-18,0.017793380558933,8.52060892212075e-18,-0.955455642790245,-0.158989145845591,-0.871493728337809,-0.46833145668245,-0.559462220960421,-0.413526513770696,0.417996439610843,0.53745790742947,0.296653956035478,1.6028814540099,-1.15647665703972,-1.36030292368287,-0.98371057653648,0.914431403591869
ZYQC_143,ZYQC_143_D7,D7,1,M,68,Provincial,CAP,3,11,0,1,0.210776603296069,0.341336306914941,0.0,6.80080904700945e-18,0.0836872889420447,1.83347008216682e-19,-0.622434604475765,0.423550551133488,-0.321039501839506,0.571934883527732,0.574547816171618,0.561995768089759,-0.585888947847169,0.0775720497205614,0.296653956035478,0.990004298828117,1.45378840095305,1.43077776752505,1.4873617137026,-1.31839500458626
ZYYH_061,ZYYH_061_D7,D7,1,F,73,Provincial,CAP,2,9,1,1,0.205313919112839,0.288856357213099,0.0,0.00269793814006025,0.0437641348235965,0.012963905033512,-0.326462789620381,0.375133529526224,0.48113792510853,0.329030551904293,0.35722257251223,0.499140100975773,-0.644905890164951,0.406061948084068,-0.165357112530887,0.377127143646338,0.844286137192746,0.895886301463762,1.32814351830306,-1.44965957819534
ZZRM_077,ZZRM_077_D7,D7,1,F,81,NonProvincial,CAP,0,10,0,1,0.160275235498356,0.218384773711483,0.0,0.041311480168403,0.0,0.0438554069193657,0.889548523247324,0.0947594967863696,1.83238499242894,-0.488498467453507,-0.474570619370744,-0.378334041497822,0.235505969740123,0.931645785465678,-1.08937924966362,0.683565721237228,-1.20708027796359,-1.15136358250923,-0.894565362044141,0.50853891281665
ZZRM_089,ZZRM_089_D7,D7,1,M,59,NonProvincial,CAP,9,11,0,1,0.211563887992613,0.356949200470699,0.00359241517741007,0.0135049345109274,0.0615784558751195,1.41373780132953e-19,-0.556467683944552,0.0540824810963355,-0.70419460725202,-0.0829428009768708,-0.0118372671038859,-0.314208933806309,-0.240472756739391,-0.51370976733375,3.06872036743367,0.990004298828117,-0.189448788453848,-0.0124617364935933,-0.732131576910198,-0.550125635439763
