"Timepoint","HumanID","Mortality28d","Repeat","Outer_fold","M0_probability","M1_probability"
"D3","JinHua_10",1,1,1,0.0804884288560791,0.0804902934792644
"D3","JinHua_102",0,1,1,0.0487750585289026,0.0487776642835336
"D3","JinHua_103",0,1,1,0.233642393329906,0.233633966350306
"D3","JinHua_105",0,1,1,0.0804884288560791,0.0804902934792644
"D3","JinHua_110",0,1,1,0.0411386306720327,0.0411412533160344
"D3","JinHua_113",0,1,1,0.0487750585289026,0.0487776642835336
"D3","JinHua_122",0,1,1,0.094707768757528,0.094709043802154
"D3","JinHua_129",0,1,1,0.0346542372225327,0.034656806768621
"D3","JinHua_131",0,1,1,0.0577436463695869,0.0577461405005772
"D3","JinHua_137",0,1,1,0.0804884288560791,0.0804902934792644
"D3","JinHua_138",1,1,1,0.0804884288560791,0.0804902934792644
"D3","JinHua_140",0,1,1,0.0577436463695869,0.0577461405005772
"D3","JinHua_141",0,1,1,0.0804884288560791,0.0804902934792644
"D3","JinHua_149",0,1,1,0.0682430358114673,0.0682452942000413
"D3","JinHua_155",0,1,1,0.0487750585289026,0.0487776642835336
"D3","JinHua_156",1,1,1,0.0804884288560791,0.0804902934792644
"D3","JinHua_163",0,1,1,0.0682430358114673,0.0682452942000413
"D3","JinHua_169",0,1,1,0.0291608494371223,0.0291633162258802
"D3","JinHua_175",0,1,1,0.0411386306720327,0.0411412533160344
"D3","JinHua_200",0,1,1,0.0577436463695869,0.0577461405005772
"D3","JinHua_201",0,1,1,0.0346542372225327,0.034656806768621
"D3","JinHua_209",0,1,1,0.0411386306720327,0.0411412533160344
"D3","JinHua_213",0,1,1,0.0682430358114673,0.0682452942000413
"D3","JinHua_219",0,1,1,0.0411386306720327,0.0411412533160344
"D3","JinHua_223",0,1,1,0.0577436463695869,0.0577461405005772
"D3","JinHua_23",0,1,1,0.0577436463695869,0.0577461405005772
"D3","JinHua_35",0,1,1,0.0682430358114673,0.0682452942000413
"D3","JinHua_4",0,1,1,0.0682430358114673,0.0682452942000413
"D3","JinHua_40",0,1,1,0.0346542372225327,0.034656806768621
"D3","JinHua_42",0,1,1,0.0577436463695869,0.0577461405005772
"D3","JinHua_44",0,1,1,0.111135528584261,0.111135977919411
"D3","JinHua_45",0,1,1,0.0577436463695869,0.0577461405005772
"D3","JinHua_46",0,1,1,0.0411386306720327,0.0411412533160344
"D3","JinHua_64",0,1,1,0.0577436463695869,0.0577461405005772
"D3","JinHua_72",0,1,1,0.094707768757528,0.094709043802154
"D3","JinHua_75",0,1,1,0.0487750585289026,0.0487776642835336
"D3","JinHua_79",0,1,1,0.0291608494371223,0.0291633162258802
"D3","JinHua_89",0,1,1,0.0487750585289026,0.0487776642835336
"D3","JinHua_90",0,1,1,0.0346542372225327,0.034656806768621
"D3","JinHua_96",0,1,1,0.130003602376776,0.130002949322343
"D3","SSR_135",0,1,1,0.0411386306720327,0.0411412533160344
"D3","SSR_139",0,1,1,0.111135528584261,0.111135977919411
"D3","SSR_140",0,1,1,0.0682430358114673,0.0682452942000413
"D3","SSR_143",1,1,1,0.267060141255523,0.267048908484682
"D3","SSR_151",0,1,1,0.203246693087182,0.203240743254447
"D3","SSR_158",1,1,1,0.111135528584261,0.111135977919411
"D3","SSR_161",0,1,1,0.175897706198012,0.175893876549908
"D3","SSR_162",0,1,1,0.094707768757528,0.094709043802154
"D3","SSR_167",0,1,1,0.0346542372225327,0.034656806768621
"D3","SSR_17",0,1,1,0.0346542372225327,0.034656806768621
"D3","SSR_175",0,1,1,0.094707768757528,0.094709043802154
"D3","SSR_22",0,1,1,0.111135528584261,0.111135977919411
"D3","SSR_3",0,1,1,0.0411386306720327,0.0411412533160344
"D3","SSR_30",0,1,1,0.0577436463695869,0.0577461405005772
"D3","SSR_32",0,1,1,0.0804884288560791,0.0804902934792644
"D3","SSR_36",1,1,1,0.0804884288560791,0.0804902934792644
"D3","SSR_39",0,1,1,0.094707768757528,0.094709043802154
"D3","SSR_42",0,1,1,0.0682430358114673,0.0682452942000413
"D3","SSR_44",1,1,1,0.0682430358114673,0.0682452942000413
"D3","SSR_48",0,1,1,0.0682430358114673,0.0682452942000413
"D3","SSR_50",0,1,1,0.111135528584261,0.111135977919411
"D3","SSR_51",0,1,1,0.111135528584261,0.111135977919411
"D3","SSR_53",0,1,1,0.0804884288560791,0.0804902934792644
"D3","SSR_59",1,1,1,0.267060141255523,0.267048908484682
"D3","SSR_6",0,1,1,0.130003602376776,0.130002949322343
"D3","SSR_67",0,1,1,0.0346542372225327,0.034656806768621
"D3","SSR_7",0,1,1,0.0577436463695869,0.0577461405005772
"D3","SSR_78",0,1,1,0.0577436463695869,0.0577461405005772
"D3","SSR_90",0,1,1,0.0411386306720327,0.0411412533160344
"D3","SSR_95",0,1,1,0.175897706198012,0.175893876549908
"D3","SSR_99",0,1,1,0.094707768757528,0.094709043802154
"D3","JinHua_100",0,1,2,0.0738987913858069,0.0739007854864361
"D3","JinHua_101",0,1,2,0.103666310458594,0.10366722603196
"D3","JinHua_104",0,1,2,0.167924547855396,0.167921882989129
"D3","JinHua_106",0,1,2,0.0521813256885611,0.0521837205568746
"D3","JinHua_107",0,1,2,0.0738987913858069,0.0739007854864361
"D3","JinHua_115",1,1,2,0.380611403113662,0.380593268875131
"D3","JinHua_116",0,1,2,0.260440337539359,0.260431092734038
"D3","JinHua_118",0,1,2,0.122221443273113,0.122221465963088
"D3","JinHua_123",1,1,2,0.0738987913858069,0.0739007854864361
"D3","JinHua_124",0,1,2,0.0521813256885611,0.0521837205568746
"D3","JinHua_145",0,1,2,0.0437296516839316,0.043732079775374
"D3","JinHua_147",0,1,2,0.0305855148860324,0.0305878082921483
"D3","JinHua_148",0,1,2,0.0876468622988988,0.0876484212439564
"D3","JinHua_160",0,1,2,0.167924547855396,0.167921882989129
"D3","JinHua_17",0,1,2,0.0521813256885611,0.0521837205568746
"D3","JinHua_171",0,1,2,0.0876468622988988,0.0876484212439564
"D3","JinHua_180",0,1,2,0.0437296516839316,0.043732079775374
"D3","JinHua_182",0,1,2,0.0621602835117839,0.0621625442214762
"D3","JinHua_186",0,1,2,0.0621602835117839,0.0621625442214762
"D3","JinHua_189",0,1,2,0.0521813256885611,0.0521837205568746
"D3","JinHua_19",0,1,2,0.0521813256885611,0.0521837205568746
"D3","JinHua_193",0,1,2,0.0305855148860324,0.0305878082921483
"D3","JinHua_205",0,1,2,0.0738987913858069,0.0739007854864361
"D3","JinHua_206",0,1,2,0.0437296516839316,0.043732079775374
"D3","JinHua_208",0,1,2,0.0621602835117839,0.0621625442214762
"D3","JinHua_210",0,1,2,0.0738987913858069,0.0739007854864361
"D3","JinHua_212",0,1,2,0.0738987913858069,0.0739007854864361
"D3","JinHua_215",0,1,2,0.0876468622988988,0.0876484212439564
"D3","JinHua_218",0,1,2,0.0521813256885611,0.0521837205568746
"D3","JinHua_224",0,1,2,0.103666310458594,0.10366722603196
"D3","JinHua_31",0,1,2,0.260440337539359,0.260431092734038
"D3","JinHua_37",0,1,2,0.0876468622988988,0.0876484212439564
"D3","JinHua_39",0,1,2,0.337930634883341,0.337915581917652
"D3","JinHua_41",0,1,2,0.0521813256885611,0.0521837205568746
"D3","JinHua_48",0,1,2,0.0738987913858069,0.0739007854864361
"D3","JinHua_51",0,1,2,0.260440337539359,0.260431092734038
"D3","JinHua_56",0,1,2,0.0305855148860324,0.0305878082921483
"D3","JinHua_66",0,1,2,0.0738987913858069,0.0739007854864361
"D3","JinHua_68",0,1,2,0.122221443273113,0.122221465963088
"D3","JinHua_70",0,1,2,0.122221443273113,0.122221465963088
"D3","JinHua_73",0,1,2,0.103666310458594,0.10366722603196
"D3","JinHua_74",0,1,2,0.0437296516839316,0.043732079775374
"D3","JinHua_81",0,1,2,0.0621602835117839,0.0621625442214762
"D3","JinHua_87",0,1,2,0.143565790261135,0.14356463075805
"D3","JinHua_94",0,1,2,0.167924547855396,0.167921882989129
"D3","SSR_106",0,1,2,0.0621602835117839,0.0621625442214762
"D3","SSR_111",0,1,2,0.143565790261135,0.14356463075805
"D3","SSR_124",0,1,2,0.0876468622988988,0.0876484212439564
"D3","SSR_131",0,1,2,0.143565790261135,0.14356463075805
"D3","SSR_144",1,1,2,0.0437296516839316,0.043732079775374
"D3","SSR_165",0,1,2,0.122221443273113,0.122221465963088
"D3","SSR_177",0,1,2,0.0876468622988988,0.0876484212439564
"D3","SSR_181",0,1,2,0.195472942774543,0.195468427143949
"D3","SSR_183",1,1,2,0.608479356712522,0.608449545674483
"D3","SSR_19",0,1,2,0.195472942774543,0.195468427143949
"D3","SSR_2",0,1,2,0.167924547855396,0.167921882989129
"D3","SSR_29",0,1,2,0.0738987913858069,0.0739007854864361
"D3","SSR_35",1,1,2,0.0738987913858069,0.0739007854864361
"D3","SSR_37",0,1,2,0.0621602835117839,0.0621625442214762
"D3","SSR_43",0,1,2,0.0521813256885611,0.0521837205568746
"D3","SSR_63",0,1,2,0.0437296516839316,0.043732079775374
"D3","SSR_68",0,1,2,0.167924547855396,0.167921882989129
"D3","SSR_69",1,1,2,0.122221443273113,0.122221465963088
"D3","SSR_73",0,1,2,0.0738987913858069,0.0739007854864361
"D3","SSR_74",0,1,2,0.0621602835117839,0.0621625442214762
"D3","SSR_76",1,1,2,0.226311513609902,0.226304797762316
"D3","SSR_77",0,1,2,0.143565790261135,0.14356463075805
"D3","SSR_8",0,1,2,0.0738987913858069,0.0739007854864361
"D3","SSR_83",0,1,2,0.122221443273113,0.122221465963088
"D3","SSR_98",0,1,2,0.0738987913858069,0.0739007854864361
"D3","JinHua_1",0,1,3,0.0498868942489416,0.0498905615488705
"D3","JinHua_11",0,1,3,0.0858243664960235,0.0858268959316715
"D3","JinHua_111",0,1,3,0.0717961354905108,0.0717992865145486
"D3","JinHua_119",0,1,3,0.0858243664960235,0.0858268959316715
"D3","JinHua_12",0,1,3,0.102291505074661,0.102293084078328
"D3","JinHua_126",0,1,3,0.0717961354905108,0.0717992865145486
"D3","JinHua_136",0,1,3,0.0599105888762632,0.0599140992472462
"D3","JinHua_14",0,1,3,0.0858243664960235,0.0858268959316715
"D3","JinHua_146",0,1,3,0.102291505074661,0.102293084078328
"D3","JinHua_151",0,1,3,0.0498868942489416,0.0498905615488705
"D3","JinHua_152",0,1,3,0.0858243664960235,0.0858268959316715
"D3","JinHua_153",0,1,3,0.267016475661066,0.267002175450235
"D3","JinHua_16",0,1,3,0.230850712695271,0.230840410406876
"D3","JinHua_162",0,1,3,0.0498868942489416,0.0498905615488705
"D3","JinHua_165",0,1,3,0.0344155629924964,0.0344191340762556
"D3","JinHua_168",0,1,3,0.0498868942489416,0.0498905615488705
"D3","JinHua_170",1,1,3,0.306589623259483,0.306570892068994
"D3","JinHua_174",0,1,3,0.0717961354905108,0.0717992865145486
"D3","JinHua_177",0,1,3,0.0858243664960235,0.0858268959316715
"D3","JinHua_18",0,1,3,0.0858243664960235,0.0858268959316715
"D3","JinHua_181",0,1,3,0.102291505074661,0.102293084078328
"D3","JinHua_184",0,1,3,0.0344155629924964,0.0344191340762556
"D3","JinHua_199",1,1,3,0.0498868942489416,0.0498905615488705
"D3","JinHua_203",0,1,3,0.102291505074661,0.102293084078328
"D3","JinHua_204",0,1,3,0.198258447720168,0.198251616175961
"D3","JinHua_211",0,1,3,0.102291505074661,0.102293084078328
"D3","JinHua_220",0,1,3,0.198258447720168,0.198251616175961
"D3","JinHua_222",0,1,3,0.0717961354905108,0.0717992865145486
"D3","JinHua_27",1,1,3,0.0858243664960235,0.0858268959316715
"D3","JinHua_28",0,1,3,0.0285280200545841,0.0285314152423574
"D3","JinHua_29",0,1,3,0.102291505074661,0.102293084078328
"D3","JinHua_36",1,1,3,0.169255087117082,0.169251159186329
"D3","JinHua_38",0,1,3,0.39443443578549,0.394406204056087
"D3","JinHua_49",0,1,3,0.0717961354905108,0.0717992865145486
"D3","JinHua_5",0,1,3,0.0344155629924964,0.0344191340762556
"D3","JinHua_50",0,1,3,0.143733988455168,0.143732401780265
"D3","JinHua_53",0,1,3,0.0285280200545841,0.0285314152423574
"D3","JinHua_54",0,1,3,0.0858243664960235,0.0858268959316715
"D3","JinHua_6",0,1,3,0.0285280200545841,0.0285314152423574
"D3","JinHua_61",0,1,3,0.102291505074661,0.102293084078328
"D3","JinHua_67",0,1,3,0.143733988455168,0.143732401780265
"D3","JinHua_76",0,1,3,0.0414662991617818,0.0414699724440849
"D3","JinHua_77",0,1,3,0.0858243664960235,0.0858268959316715
"D3","JinHua_83",1,1,3,0.169255087117082,0.169251159186329
"D3","JinHua_9",0,1,3,0.0498868942489416,0.0498905615488705
"D3","SSR_10",0,1,3,0.306589623259483,0.306570892068994
"D3","SSR_114",0,1,3,0.0498868942489416,0.0498905615488705
"D3","SSR_115",0,1,3,0.0498868942489416,0.0498905615488705
"D3","SSR_12",0,1,3,0.0858243664960235,0.0858268959316715
"D3","SSR_128",0,1,3,0.0344155629924964,0.0344191340762556
"D3","SSR_129",0,1,3,0.0717961354905108,0.0717992865145486
"D3","SSR_134",0,1,3,0.102291505074661,0.102293084078328
"D3","SSR_154",1,1,3,0.143733988455168,0.143732401780265
"D3","SSR_159",0,1,3,0.0599105888762632,0.0599140992472462
"D3","SSR_16",0,1,3,0.143733988455168,0.143732401780265
"D3","SSR_163",0,1,3,0.0498868942489416,0.0498905615488705
"D3","SSR_171",0,1,3,0.102291505074661,0.102293084078328
"D3","SSR_172",0,1,3,0.0717961354905108,0.0717992865145486
"D3","SSR_173",1,1,3,0.198258447720168,0.198251616175961
"D3","SSR_182",0,1,3,0.585670072294498,0.585626787901991
"D3","SSR_23",0,1,3,0.0599105888762632,0.0599140992472462
"D3","SSR_26",0,1,3,0.121498277260324,0.121498506908167
"D3","SSR_28",0,1,3,0.0599105888762632,0.0599140992472462
"D3","SSR_34",0,1,3,0.102291505074661,0.102293084078328
"D3","SSR_52",0,1,3,0.0599105888762632,0.0599140992472462
"D3","SSR_55",0,1,3,0.102291505074661,0.102293084078328
"D3","SSR_58",0,1,3,0.143733988455168,0.143732401780265
"D3","SSR_60",0,1,3,0.143733988455168,0.143732401780265
"D3","SSR_65",0,1,3,0.143733988455168,0.143732401780265
"D3","SSR_94",0,1,3,0.0599105888762632,0.0599140992472462
"D3","JinHua_112",0,1,4,0.294633149229015,0.294619449463559
"D3","JinHua_117",0,1,4,0.0511957416946525,0.0511985277613791
"D3","JinHua_120",0,1,4,0.101986666811911,0.101987814137412
"D3","JinHua_128",0,1,4,0.0511957416946525,0.0511985277613791
"D3","JinHua_132",0,1,4,0.0249954217895446,0.0249979121596256
"D3","JinHua_133",0,1,4,0.0725983542836584,0.0726007068252211
"D3","JinHua_134",0,1,4,0.0725983542836584,0.0726007068252211
"D3","JinHua_143",0,1,4,0.120331785960949,0.12033192573349
"D3","JinHua_15",0,1,4,0.0725983542836584,0.0726007068252211
"D3","JinHua_157",0,1,4,0.0511957416946525,0.0511985277613791
"D3","JinHua_158",0,1,4,0.0358588321676271,0.0358615901062037
"D3","JinHua_161",0,1,4,0.0610255680280634,0.0610282124254691
"D3","JinHua_166",0,1,4,0.0610255680280634,0.0610282124254691
"D3","JinHua_172",0,1,4,0.0299534760198722,0.0299561195391564
"D3","JinHua_176",0,1,4,0.086164394198956,0.0861662630500784
"D3","JinHua_179",1,1,4,0.192921199102461,0.192916169932206
"D3","JinHua_183",0,1,4,0.0610255680280634,0.0610282124254691
"D3","JinHua_185",0,1,4,0.0358588321676271,0.0358615901062037
"D3","JinHua_191",0,1,4,0.0511957416946525,0.0511985277613791
"D3","JinHua_194",0,1,4,0.086164394198956,0.0861662630500784
"D3","JinHua_197",0,1,4,0.0511957416946525,0.0511985277613791
"D3","JinHua_198",0,1,4,0.086164394198956,0.0861662630500784
"D3","JinHua_2",0,1,4,0.086164394198956,0.0861662630500784
"D3","JinHua_207",0,1,4,0.101986666811911,0.101987814137412
"D3","JinHua_21",0,1,4,0.086164394198956,0.0861662630500784
"D3","JinHua_214",0,1,4,0.101986666811911,0.101987814137412
"D3","JinHua_217",0,1,4,0.0358588321676271,0.0358615901062037
"D3","JinHua_22",0,1,4,0.086164394198956,0.0861662630500784
"D3","JinHua_221",0,1,4,0.0511957416946525,0.0511985277613791
"D3","JinHua_225",1,1,4,0.421935131605806,0.421910853062018
"D3","JinHua_3",0,1,4,0.086164394198956,0.0861662630500784
"D3","JinHua_33",0,1,4,0.0511957416946525,0.0511985277613791
"D3","JinHua_34",0,1,4,0.0610255680280634,0.0610282124254691
"D3","JinHua_43",0,1,4,0.101986666811911,0.101987814137412
"D3","JinHua_55",0,1,4,0.086164394198956,0.0861662630500784
"D3","JinHua_57",0,1,4,0.141456977946348,0.141455777275393
"D3","JinHua_59",0,1,4,0.120331785960949,0.12033192573349
"D3","JinHua_60",1,1,4,0.0610255680280634,0.0610282124254691
"D3","JinHua_63",0,1,4,0.141456977946348,0.141455777275393
"D3","JinHua_65",0,1,4,0.120331785960949,0.12033192573349
"D3","JinHua_8",0,1,4,0.0428769740701147,0.0428797878297215
"D3","JinHua_84",1,1,4,0.0725983542836584,0.0726007068252211
"D3","JinHua_86",0,1,4,0.0428769740701147,0.0428797878297215
"D3","JinHua_88",0,1,4,0.120331785960949,0.12033192573349
"D3","JinHua_91",1,1,4,0.120331785960949,0.12033192573349
"D3","JinHua_93",1,1,4,0.294633149229015,0.294619449463559
"D3","SSR_103",0,1,4,0.514312878286865,0.514282414431003
"D3","SSR_105",0,1,4,0.0725983542836584,0.0726007068252211
"D3","SSR_11",1,1,4,0.086164394198956,0.0861662630500784
"D3","SSR_117",0,1,4,0.0610255680280634,0.0610282124254691
"D3","SSR_118",0,1,4,0.0428769740701147,0.0428797878297215
"D3","SSR_120",0,1,4,0.101986666811911,0.101987814137412
"D3","SSR_127",0,1,4,0.086164394198956,0.0861662630500784
"D3","SSR_13",0,1,4,0.120331785960949,0.12033192573349
"D3","SSR_130",0,1,4,0.165592722358854,0.165589807881655
"D3","SSR_132",0,1,4,0.141456977946348,0.141455777275393
"D3","SSR_145",0,1,4,0.192921199102461,0.192916169932206
"D3","SSR_150",0,1,4,0.101986666811911,0.101987814137412
"D3","SSR_157",0,1,4,0.165592722358854,0.165589807881655
"D3","SSR_164",0,1,4,0.0610255680280634,0.0610282124254691
"D3","SSR_170",0,1,4,0.141456977946348,0.141455777275393
"D3","SSR_179",0,1,4,0.0725983542836584,0.0726007068252211
"D3","SSR_21",0,1,4,0.0358588321676271,0.0358615901062037
"D3","SSR_24",0,1,4,0.0428769740701147,0.0428797878297215
"D3","SSR_38",0,1,4,0.294633149229015,0.294619449463559
"D3","SSR_46",0,1,4,0.086164394198956,0.0861662630500784
"D3","SSR_5",0,1,4,0.101986666811911,0.101987814137412
"D3","SSR_71",0,1,4,0.141456977946348,0.141455777275393
"D3","SSR_9",0,1,4,0.120331785960949,0.12033192573349
"D3","JinHua_108",0,1,5,0.0694019685786527,0.0758816840029503
"D3","JinHua_114",0,1,5,0.0261628621410961,0.0316118775328531
"D3","JinHua_121",1,1,5,0.083806731685625,0.0802864237858257
"D3","JinHua_13",0,1,5,0.463680609150151,0.476233458142862
"D3","JinHua_135",0,1,5,0.144411901461167,0.155204369943841
"D3","JinHua_139",0,1,5,0.0573182112978393,0.0514039192294502
"D3","JinHua_144",1,1,5,0.120965622215834,0.121096443943696
"D3","JinHua_150",0,1,5,0.0261628621410961,0.0283856490725821
"D3","JinHua_159",0,1,5,0.031900754137052,0.037100127976416
"D3","JinHua_167",0,1,5,0.0261628621410961,0.0252319733182096
"D3","JinHua_173",1,1,5,0.364953037282755,0.359296479425532
"D3","JinHua_178",0,1,5,0.144411901461167,0.152397957238821
"D3","JinHua_188",0,1,5,0.0472316052687006,0.0445958596607159
"D3","JinHua_190",0,1,5,0.144411901461167,0.140161732921873
"D3","JinHua_192",0,1,5,0.144411901461167,0.13532144890124
"D3","JinHua_195",0,1,5,0.031900754137052,0.0300412093599345
"D3","JinHua_20",0,1,5,0.0573182112978393,0.0503741466826583
"D3","JinHua_216",0,1,5,0.144411901461167,0.177102941021388
"D3","JinHua_24",0,1,5,0.202503053525192,0.176285582672569
"D3","JinHua_25",1,1,5,0.171515962473197,0.15694355533459
"D3","JinHua_26",0,1,5,0.0388468500873799,0.0417579694869873
"D3","JinHua_30",0,1,5,0.0694019685786527,0.0599281484422899
"D3","JinHua_32",1,1,5,0.202503053525192,0.262807727894456
"D3","JinHua_52",0,1,5,0.276412601386819,0.312497054611298
"D3","JinHua_62",0,1,5,0.0261628621410961,0.028588723317981
"D3","JinHua_69",0,1,5,0.0472316052687006,0.0542037578863766
"D3","JinHua_7",0,1,5,0.0388468500873799,0.0324038735352091
"D3","JinHua_78",0,1,5,0.0388468500873799,0.0477318577384454
"D3","JinHua_80",0,1,5,0.202503053525192,0.194812387991501
"D3","JinHua_82",0,1,5,0.0694019685786527,0.0831801990257343
"D3","JinHua_92",0,1,5,0.0261628621410961,0.0280698835604585
"D3","JinHua_95",0,1,5,0.0388468500873799,0.0472685904121448
"D3","JinHua_97",0,1,5,0.083806731685625,0.0986591092260252
"D3","JinHua_99",0,1,5,0.083806731685625,0.0872561891980634
"D3","SSR_1",0,1,5,0.0694019685786527,0.0510237729006457
"D3","SSR_101",0,1,5,0.083806731685625,0.0762652766389337
"D3","SSR_102",0,1,5,0.031900754137052,0.0273154214669387
"D3","SSR_108",0,1,5,0.0388468500873799,0.0369899577673526
"D3","SSR_121",0,1,5,0.083806731685625,0.0790639668036774
"D3","SSR_125",0,1,5,0.171515962473197,0.20354291878368
"D3","SSR_14",1,1,5,0.0694019685786527,0.0567675587568653
"D3","SSR_146",0,1,5,0.083806731685625,0.0798393263661093
"D3","SSR_15",0,1,5,0.0573182112978393,0.0448290764130592
"D3","SSR_152",0,1,5,0.100877188960412,0.126857196518798
"D3","SSR_166",0,1,5,0.120965622215834,0.100847646617384
"D3","SSR_169",0,1,5,0.083806731685625,0.0817944022231199
"D3","SSR_174",0,1,5,0.144411901461167,0.155908626688015
"D3","SSR_18",0,1,5,0.413447392241947,0.412229137640737
"D3","SSR_20",0,1,5,0.0472316052687006,0.0388553607473276
"D3","SSR_25",0,1,5,0.0261628621410961,0.0186195783995705
"D3","SSR_27",0,1,5,0.144411901461167,0.126806418588029
"D3","SSR_31",0,1,5,0.0388468500873799,0.0483806961495609
"D3","SSR_33",0,1,5,0.0472316052687006,0.0445193728054493
"D3","SSR_4",0,1,5,0.144411901461167,0.113943492063638
"D3","SSR_40",0,1,5,0.0472316052687006,0.0564824168314247
"D3","SSR_41",0,1,5,0.100877188960412,0.116631934644794
"D3","SSR_47",0,1,5,0.276412601386819,0.251254870455928
"D3","SSR_54",0,1,5,0.202503053525192,0.165776202671823
"D3","SSR_56",0,1,5,0.0694019685786527,0.0566414290273524
"D3","SSR_57",0,1,5,0.100877188960412,0.0996699756835597
"D3","SSR_61",0,1,5,0.237483708581121,0.224903543574938
"D3","SSR_62",0,1,5,0.120965622215834,0.0984618497316988
"D3","SSR_64",0,1,5,0.144411901461167,0.126449894521043
"D3","SSR_66",0,1,5,0.0694019685786527,0.0603413222911558
"D3","SSR_70",0,1,5,0.083806731685625,0.0714450115081234
"D3","SSR_75",0,1,5,0.237483708581121,0.211045713940787
"D3","SSR_79",0,1,5,0.120965622215834,0.0990461625691388
"D3","SSR_80",1,1,5,0.0472316052687006,0.0342557253787748
"D3","SSR_81",0,1,5,0.031900754137052,0.0268167926761759
"D3","JinHua_103",0,2,1,0.235246644771504,0.235241435595468
"D3","JinHua_104",0,2,1,0.155680295421467,0.155678805984474
"D3","JinHua_107",0,2,1,0.0728481794873112,0.0728493980589304
"D3","JinHua_108",0,2,1,0.0728481794873112,0.0728493980589304
"D3","JinHua_110",0,2,1,0.0449785696013471,0.0449801016598766
"D3","JinHua_113",0,2,1,0.0529028221242962,0.052904314794685
"D3","JinHua_114",0,2,1,0.0323970998485272,0.0323985862198011
"D3","JinHua_119",0,2,1,0.0852441919141581,0.085245140680815
"D3","JinHua_12",0,2,1,0.0995231162063052,0.0995236801289255
"D3","JinHua_129",0,2,1,0.0381934151905725,0.0381949411866668
"D3","JinHua_140",0,2,1,0.0621323296851567,0.0621337233511666
"D3","JinHua_144",1,2,1,0.115890828629721,0.115890871443361
"D3","JinHua_148",0,2,1,0.0852441919141581,0.085245140680815
"D3","JinHua_162",0,2,1,0.0529028221242962,0.052904314794685
"D3","JinHua_174",0,2,1,0.0728481794873112,0.0728493980589304
"D3","JinHua_186",0,2,1,0.0621323296851567,0.0621337233511666
"D3","JinHua_189",0,2,1,0.0529028221242962,0.052904314794685
"D3","JinHua_191",0,2,1,0.0529028221242962,0.052904314794685
"D3","JinHua_192",0,2,1,0.134548184095157,0.134547548683271
"D3","JinHua_198",0,2,1,0.0852441919141581,0.085245140680815
"D3","JinHua_2",0,2,1,0.0852441919141581,0.085245140680815
"D3","JinHua_200",0,2,1,0.0621323296851567,0.0621337233511666
"D3","JinHua_205",0,2,1,0.0728481794873112,0.0728493980589304
"D3","JinHua_209",0,2,1,0.0449785696013471,0.0449801016598766
"D3","JinHua_218",0,2,1,0.0529028221242962,0.052904314794685
"D3","JinHua_33",0,2,1,0.0529028221242962,0.052904314794685
"D3","JinHua_37",0,2,1,0.0852441919141581,0.085245140680815
"D3","JinHua_40",0,2,1,0.0381934151905725,0.0381949411866668
"D3","JinHua_41",0,2,1,0.0529028221242962,0.052904314794685
"D3","JinHua_46",0,2,1,0.0449785696013471,0.0449801016598766
"D3","JinHua_50",0,2,1,0.134548184095157,0.134547548683271
"D3","JinHua_55",0,2,1,0.0852441919141581,0.085245140680815
"D3","JinHua_61",0,2,1,0.0995231162063052,0.0995236801289255
"D3","JinHua_67",0,2,1,0.134548184095157,0.134547548683271
"D3","JinHua_82",0,2,1,0.0728481794873112,0.0728493980589304
"D3","JinHua_83",1,2,1,0.155680295421467,0.155678805984474
"D3","JinHua_88",0,2,1,0.115890828629721,0.115890871443361
"D3","SSR_101",0,2,1,0.0852441919141581,0.085245140680815
"D3","SSR_106",0,2,1,0.0621323296851567,0.0621337233511666
"D3","SSR_11",1,2,1,0.0852441919141581,0.085245140680815
"D3","SSR_114",0,2,1,0.0529028221242962,0.052904314794685
"D3","SSR_118",0,2,1,0.0449785696013471,0.0449801016598766
"D3","SSR_120",0,2,1,0.0995231162063052,0.0995236801289255
"D3","SSR_128",0,2,1,0.0381934151905725,0.0381949411866668
"D3","SSR_152",0,2,1,0.0995231162063052,0.0995236801289255
"D3","SSR_154",1,2,1,0.134548184095157,0.134547548683271
"D3","SSR_158",1,2,1,0.115890828629721,0.115890871443361
"D3","SSR_16",0,2,1,0.134548184095157,0.134547548683271
"D3","SSR_165",0,2,1,0.115890828629721,0.115890871443361
"D3","SSR_174",0,2,1,0.134548184095157,0.134547548683271
"D3","SSR_18",0,2,1,0.339144036605573,0.339133597118026
"D3","SSR_183",1,2,1,0.546342132349775,0.546323307333668
"D3","SSR_20",0,2,1,0.0529028221242962,0.052904314794685
"D3","SSR_25",0,2,1,0.0323970998485272,0.0323985862198011
"D3","SSR_28",0,2,1,0.0621323296851567,0.0621337233511666
"D3","SSR_33",0,2,1,0.0529028221242962,0.052904314794685
"D3","SSR_34",0,2,1,0.0995231162063052,0.0995236801289255
"D3","SSR_37",0,2,1,0.0621323296851567,0.0621337233511666
"D3","SSR_39",0,2,1,0.0995231162063052,0.0995236801289255
"D3","SSR_4",0,2,1,0.134548184095157,0.134547548683271
"D3","SSR_43",0,2,1,0.0529028221242962,0.052904314794685
"D3","SSR_47",0,2,1,0.235246644771504,0.235241435595468
"D3","SSR_51",0,2,1,0.115890828629721,0.115890871443361
"D3","SSR_53",0,2,1,0.0852441919141581,0.085245140680815
"D3","SSR_55",0,2,1,0.0995231162063052,0.0995236801289255
"D3","SSR_58",0,2,1,0.134548184095157,0.134547548683271
"D3","SSR_59",1,2,1,0.26730949495911,0.267302673402094
"D3","SSR_60",0,2,1,0.134548184095157,0.134547548683271
"D3","SSR_67",0,2,1,0.0381934151905725,0.0381949411866668
"D3","SSR_78",0,2,1,0.0621323296851567,0.0621337233511666
"D3","SSR_80",1,2,1,0.0529028221242962,0.052904314794685
"D3","JinHua_1",0,2,2,0.0501763942078613,0.0501810388775187
"D3","JinHua_101",0,2,2,0.103429097660543,0.103431018038202
"D3","JinHua_11",0,2,2,0.0866730295091542,0.0866761876641498
"D3","JinHua_111",0,2,2,0.0724122894847489,0.0724162579626504
"D3","JinHua_117",0,2,2,0.0501763942078613,0.0501810388775187
"D3","JinHua_121",1,2,2,0.0866730295091542,0.0866761876641498
"D3","JinHua_126",0,2,2,0.0724122894847489,0.0724162579626504
"D3","JinHua_132",0,2,2,0.0236196742434586,0.0236236918555008
"D3","JinHua_135",0,2,2,0.145645482594718,0.145643284745608
"D3","JinHua_138",1,2,2,0.0866730295091542,0.0866761876641498
"D3","JinHua_143",0,2,2,0.122988321356944,0.122988485620193
"D3","JinHua_147",0,2,2,0.0285672238500501,0.0285715258794926
"D3","JinHua_158",0,2,2,0.0345144889801691,0.0345190153775069
"D3","JinHua_163",0,2,2,0.0724122894847489,0.0724162579626504
"D3","JinHua_173",1,2,2,0.354890695684665,0.354860297484891
"D3","JinHua_175",0,2,2,0.041646804448973,0.0416514600154073
"D3","JinHua_178",0,2,2,0.145645482594718,0.145643284745608
"D3","JinHua_179",1,2,2,0.201225825181446,0.201216818616364
"D3","JinHua_180",0,2,2,0.041646804448973,0.0416514600154073
"D3","JinHua_185",0,2,2,0.0345144889801691,0.0345190153775069
"D3","JinHua_188",0,2,2,0.0501763942078613,0.0501810388775187
"D3","JinHua_194",0,2,2,0.0866730295091542,0.0866761876641498
"D3","JinHua_204",0,2,2,0.201225825181446,0.201216818616364
"D3","JinHua_208",0,2,2,0.0603429147548046,0.0603473527555988
"D3","JinHua_213",0,2,2,0.0724122894847489,0.0724162579626504
"D3","JinHua_216",0,2,2,0.145645482594718,0.145643284745608
"D3","JinHua_23",0,2,2,0.0603429147548046,0.0603473527555988
"D3","JinHua_24",0,2,2,0.201225825181446,0.201216818616364
"D3","JinHua_25",1,2,2,0.171659615539257,0.171654375950913
"D3","JinHua_29",0,2,2,0.103429097660543,0.103431018038202
"D3","JinHua_34",0,2,2,0.0603429147548046,0.0603473527555988
"D3","JinHua_38",0,2,2,0.400747910284061,0.400711416682397
"D3","JinHua_44",0,2,2,0.122988321356944,0.122988485620193
"D3","JinHua_48",0,2,2,0.0724122894847489,0.0724162579626504
"D3","JinHua_54",0,2,2,0.0866730295091542,0.0866761876641498
"D3","JinHua_59",0,2,2,0.122988321356944,0.122988485620193
"D3","JinHua_6",0,2,2,0.0285672238500501,0.0285715258794926
"D3","JinHua_63",0,2,2,0.145645482594718,0.145643284745608
"D3","JinHua_68",0,2,2,0.122988321356944,0.122988485620193
"D3","JinHua_72",0,2,2,0.103429097660543,0.103431018038202
"D3","JinHua_75",0,2,2,0.0501763942078613,0.0501810388775187
"D3","JinHua_77",0,2,2,0.0866730295091542,0.0866761876641498
"D3","JinHua_81",0,2,2,0.0603429147548046,0.0603473527555988
"D3","JinHua_91",1,2,2,0.122988321356944,0.122988485620193
"D3","JinHua_94",0,2,2,0.171659615539257,0.171654375950913
"D3","JinHua_97",0,2,2,0.0866730295091542,0.0866761876641498
"D3","SSR_10",0,2,2,0.311552743429056,0.311528379714657
"D3","SSR_117",0,2,2,0.0603429147548046,0.0603473527555988
"D3","SSR_12",0,2,2,0.0866730295091542,0.0866761876641498
"D3","SSR_124",0,2,2,0.0866730295091542,0.0866761876641498
"D3","SSR_125",0,2,2,0.171659615539257,0.171654375950913
"D3","SSR_129",0,2,2,0.0724122894847489,0.0724162579626504
"D3","SSR_131",0,2,2,0.145645482594718,0.145643284745608
"D3","SSR_132",0,2,2,0.145645482594718,0.145643284745608
"D3","SSR_139",0,2,2,0.122988321356944,0.122988485620193
"D3","SSR_151",0,2,2,0.234443150860275,0.234429650524011
"D3","SSR_161",0,2,2,0.201225825181446,0.201216818616364
"D3","SSR_163",0,2,2,0.0501763942078613,0.0501810388775187
"D3","SSR_170",0,2,2,0.145645482594718,0.145643284745608
"D3","SSR_23",0,2,2,0.0603429147548046,0.0603473527555988
"D3","SSR_31",0,2,2,0.041646804448973,0.0416514600154073
"D3","SSR_35",1,2,2,0.0724122894847489,0.0724162579626504
"D3","SSR_38",0,2,2,0.311552743429056,0.311528379714657
"D3","SSR_42",0,2,2,0.0724122894847489,0.0724162579626504
"D3","SSR_50",0,2,2,0.122988321356944,0.122988485620193
"D3","SSR_61",0,2,2,0.234443150860275,0.234429650524011
"D3","SSR_63",0,2,2,0.041646804448973,0.0416514600154073
"D3","SSR_7",0,2,2,0.0603429147548046,0.0603473527555988
"D3","SSR_75",0,2,2,0.234443150860275,0.234429650524011
"D3","SSR_95",0,2,2,0.201225825181446,0.201216818616364
"D3","JinHua_106",0,2,3,0.0459583835831904,0.0459634121074806
"D3","JinHua_116",0,2,3,0.281301148404914,0.281280056809287
"D3","JinHua_120",0,2,3,0.100201358677351,0.100203799950469
"D3","JinHua_124",0,2,3,0.0459583835831904,0.0459634121074806
"D3","JinHua_133",0,2,3,0.068244084250451,0.0682485912967452
"D3","JinHua_14",0,2,3,0.0828313546251832,0.0828350755197489
"D3","JinHua_150",0,2,3,0.0250513441029113,0.0250557500842206
"D3","JinHua_151",0,2,3,0.0459583835831904,0.0459634121074806
"D3","JinHua_152",0,2,3,0.0828313546251832,0.0828350755197489
"D3","JinHua_153",0,2,3,0.281301148404914,0.281280056809287
"D3","JinHua_161",0,2,3,0.0560687047890806,0.0560736153081817
"D3","JinHua_166",0,2,3,0.0560687047890806,0.0560736153081817
"D3","JinHua_167",0,2,3,0.0250513441029113,0.0250557500842206
"D3","JinHua_171",0,2,3,0.0828313546251832,0.0828350755197489
"D3","JinHua_172",0,2,3,0.0250513441029113,0.0250557500842206
"D3","JinHua_176",0,2,3,0.0828313546251832,0.0828350755197489
"D3","JinHua_201",0,2,3,0.0307104055003326,0.0307151233997487
"D3","JinHua_206",0,2,3,0.0375985404445189,0.0376034828988795
"D3","JinHua_207",0,2,3,0.100201358677351,0.100203799950469
"D3","JinHua_212",0,2,3,0.068244084250451,0.0682485912967452
"D3","JinHua_215",0,2,3,0.0828313546251832,0.0828350755197489
"D3","JinHua_217",0,2,3,0.0307104055003326,0.0307151233997487
"D3","JinHua_22",0,2,3,0.0828313546251832,0.0828350755197489
"D3","JinHua_220",0,2,3,0.204727091579986,0.20471723720048
"D3","JinHua_222",0,2,3,0.068244084250451,0.0682485912967452
"D3","JinHua_27",1,2,3,0.0828313546251832,0.0828350755197489
"D3","JinHua_30",0,2,3,0.068244084250451,0.0682485912967452
"D3","JinHua_31",0,2,3,0.281301148404914,0.281280056809287
"D3","JinHua_35",0,2,3,0.068244084250451,0.0682485912967452
"D3","JinHua_36",1,2,3,0.172715496403164,0.172709977439049
"D3","JinHua_4",0,2,3,0.068244084250451,0.0682485912967452
"D3","JinHua_49",0,2,3,0.068244084250451,0.0682485912967452
"D3","JinHua_51",0,2,3,0.281301148404914,0.281280056809287
"D3","JinHua_53",0,2,3,0.0250513441029113,0.0250557500842206
"D3","JinHua_60",1,2,3,0.0560687047890806,0.0560736153081817
"D3","JinHua_78",0,2,3,0.0375985404445189,0.0376034828988795
"D3","JinHua_79",0,2,3,0.0250513441029113,0.0250557500842206
"D3","JinHua_8",0,2,3,0.0375985404445189,0.0376034828988795
"D3","JinHua_87",0,2,3,0.144797956530541,0.144795885461815
"D3","JinHua_9",0,2,3,0.0459583835831904,0.0459634121074806
"D3","JinHua_90",0,2,3,0.0307104055003326,0.0307151233997487
"D3","JinHua_93",1,2,3,0.325519325870725,0.325491612138378
"D3","JinHua_95",0,2,3,0.0375985404445189,0.0376034828988795
"D3","SSR_1",0,2,3,0.068244084250451,0.0682485912967452
"D3","SSR_102",0,2,3,0.0307104055003326,0.0307151233997487
"D3","SSR_103",0,2,3,0.579069800545974,0.579012340153748
"D3","SSR_121",0,2,3,0.0828313546251832,0.0828350755197489
"D3","SSR_145",0,2,3,0.204727091579986,0.20471723720048
"D3","SSR_150",0,2,3,0.100201358677351,0.100203799950469
"D3","SSR_157",0,2,3,0.172715496403164,0.172709977439049
"D3","SSR_162",0,2,3,0.100201358677351,0.100203799950469
"D3","SSR_164",0,2,3,0.0560687047890806,0.0560736153081817
"D3","SSR_167",0,2,3,0.0307104055003326,0.0307151233997487
"D3","SSR_169",0,2,3,0.0828313546251832,0.0828350755197489
"D3","SSR_17",0,2,3,0.0307104055003326,0.0307151233997487
"D3","SSR_172",0,2,3,0.068244084250451,0.0682485912967452
"D3","SSR_175",0,2,3,0.100201358677351,0.100203799950469
"D3","SSR_181",0,2,3,0.204727091579986,0.20471723720048
"D3","SSR_182",0,2,3,0.629121862402167,0.629061747464759
"D3","SSR_30",0,2,3,0.0560687047890806,0.0560736153081817
"D3","SSR_36",1,2,3,0.0828313546251832,0.0828350755197489
"D3","SSR_46",0,2,3,0.0828313546251832,0.0828350755197489
"D3","SSR_5",0,2,3,0.100201358677351,0.100203799950469
"D3","SSR_65",0,2,3,0.144797956530541,0.144795885461815
"D3","SSR_66",0,2,3,0.068244084250451,0.0682485912967452
"D3","SSR_69",1,2,3,0.120734410828489,0.120734960275896
"D3","SSR_70",0,2,3,0.0828313546251832,0.0828350755197489
"D3","SSR_76",1,2,3,0.240943807553993,0.240928732765378
"D3","SSR_79",0,2,3,0.120734410828489,0.120734960275896
"D3","SSR_81",0,2,3,0.0307104055003326,0.0307151233997487
"D3","JinHua_123",1,2,4,0.0654103687784969,0.0654163659023647
"D3","JinHua_13",0,2,4,0.46093453278063,0.46087508395755
"D3","JinHua_139",0,2,4,0.053758439124397,0.053764859606706
"D3","JinHua_141",0,2,4,0.0793759545556271,0.0793810688400917
"D3","JinHua_146",0,2,4,0.0960169572159712,0.0960205916176551
"D3","JinHua_15",0,2,4,0.0654103687784969,0.0654163659023647
"D3","JinHua_155",0,2,4,0.0440842290372489,0.04409073279794
"D3","JinHua_157",0,2,4,0.0440842290372489,0.04409073279794
"D3","JinHua_160",0,2,4,0.165677850794944,0.165671980658622
"D3","JinHua_165",0,2,4,0.0294917694540487,0.0294977963871143
"D3","JinHua_169",0,2,4,0.0240734174585227,0.0240790251936779
"D3","JinHua_17",0,2,4,0.0440842290372489,0.04409073279794
"D3","JinHua_182",0,2,4,0.053758439124397,0.053764859606706
"D3","JinHua_183",0,2,4,0.053758439124397,0.053764859606706
"D3","JinHua_19",0,2,4,0.0440842290372489,0.04409073279794
"D3","JinHua_190",0,2,4,0.138817678428227,0.138815962394922
"D3","JinHua_195",0,2,4,0.0294917694540487,0.0294977963871143
"D3","JinHua_221",0,2,4,0.0440842290372489,0.04409073279794
"D3","JinHua_225",1,2,4,0.46093453278063,0.46087508395755
"D3","JinHua_26",0,2,4,0.036084571063823,0.0360909171802485
"D3","JinHua_28",0,2,4,0.0240734174585227,0.0240790251936779
"D3","JinHua_3",0,2,4,0.0793759545556271,0.0793810688400917
"D3","JinHua_39",0,2,4,0.360378446390906,0.360336257489571
"D3","JinHua_43",0,2,4,0.0960169572159712,0.0960205916176551
"D3","JinHua_45",0,2,4,0.053758439124397,0.053764859606706
"D3","JinHua_5",0,2,4,0.0294917694540487,0.0294977963871143
"D3","JinHua_52",0,2,4,0.270741669092335,0.270716633110582
"D3","JinHua_56",0,2,4,0.0240734174585227,0.0240790251936779
"D3","JinHua_62",0,2,4,0.0240734174585227,0.0240790251936779
"D3","JinHua_64",0,2,4,0.053758439124397,0.053764859606706
"D3","JinHua_66",0,2,4,0.0654103687784969,0.0654163659023647
"D3","JinHua_70",0,2,4,0.11570822905446,0.115709636823593
"D3","JinHua_84",1,2,4,0.0654103687784969,0.0654163659023647
"D3","JinHua_86",0,2,4,0.036084571063823,0.0360909171802485
"D3","JinHua_89",0,2,4,0.0440842290372489,0.04409073279794
"D3","JinHua_92",0,2,4,0.0240734174585227,0.0240790251936779
"D3","JinHua_96",0,2,4,0.138817678428227,0.138815962394922
"D3","SSR_108",0,2,4,0.036084571063823,0.0360909171802485
"D3","SSR_115",0,2,4,0.0440842290372489,0.04409073279794
"D3","SSR_13",0,2,4,0.11570822905446,0.115709636823593
"D3","SSR_14",1,2,4,0.0654103687784969,0.0654163659023647
"D3","SSR_140",0,2,4,0.0654103687784969,0.0654163659023647
"D3","SSR_144",1,2,4,0.036084571063823,0.0360909171802485
"D3","SSR_146",0,2,4,0.0793759545556271,0.0793810688400917
"D3","SSR_15",0,2,4,0.053758439124397,0.053764859606706
"D3","SSR_159",0,2,4,0.053758439124397,0.053764859606706
"D3","SSR_173",1,2,4,0.196549088722002,0.196537943079071
"D3","SSR_177",0,2,4,0.0793759545556271,0.0793810688400917
"D3","SSR_179",0,2,4,0.0654103687784969,0.0654163659023647
"D3","SSR_2",0,2,4,0.165677850794944,0.165671980658622
"D3","SSR_22",0,2,4,0.11570822905446,0.115709636823593
"D3","SSR_24",0,2,4,0.036084571063823,0.0360909171802485
"D3","SSR_26",0,2,4,0.11570822905446,0.115709636823593
"D3","SSR_27",0,2,4,0.138817678428227,0.138815962394922
"D3","SSR_29",0,2,4,0.0654103687784969,0.0654163659023647
"D3","SSR_3",0,2,4,0.036084571063823,0.0360909171802485
"D3","SSR_41",0,2,4,0.0960169572159712,0.0960205916176551
"D3","SSR_44",1,2,4,0.0654103687784969,0.0654163659023647
"D3","SSR_48",0,2,4,0.0654103687784969,0.0654163659023647
"D3","SSR_52",0,2,4,0.053758439124397,0.053764859606706
"D3","SSR_57",0,2,4,0.0960169572159712,0.0960205916176551
"D3","SSR_62",0,2,4,0.11570822905446,0.115709636823593
"D3","SSR_68",0,2,4,0.165677850794944,0.165671980658622
"D3","SSR_73",0,2,4,0.0654103687784969,0.0654163659023647
"D3","SSR_74",0,2,4,0.053758439124397,0.053764859606706
"D3","SSR_83",0,2,4,0.11570822905446,0.115709636823593
"D3","SSR_9",0,2,4,0.11570822905446,0.115709636823593
"D3","SSR_90",0,2,4,0.036084571063823,0.0360909171802485
"D3","SSR_94",0,2,4,0.053758439124397,0.053764859606706
"D3","JinHua_10",1,2,5,0.0889575430447811,0.0889584156104534
"D3","JinHua_100",0,2,5,0.0764133086925861,0.0764144489299987
"D3","JinHua_102",0,2,5,0.0560693814001775,0.0560708070374269
"D3","JinHua_105",0,2,5,0.0889575430447811,0.0889584156104534
"D3","JinHua_112",0,2,5,0.268742832394977,0.268736474436205
"D3","JinHua_115",1,2,5,0.338574031002292,0.338564371834783
"D3","JinHua_118",0,2,5,0.119720955414193,0.119720954006371
"D3","JinHua_122",0,2,5,0.103330682060779,0.103331180219982
"D3","JinHua_128",0,2,5,0.0560693814001775,0.0560708070374269
"D3","JinHua_131",0,2,5,0.0655107856931261,0.0655121047554278
"D3","JinHua_134",0,2,5,0.0764133086925861,0.0764144489299987
"D3","JinHua_136",0,2,5,0.0655107856931261,0.0655121047554278
"D3","JinHua_137",0,2,5,0.0889575430447811,0.0889584156104534
"D3","JinHua_145",0,2,5,0.0479188969480081,0.0479203717789763
"D3","JinHua_149",0,2,5,0.0764133086925861,0.0764144489299987
"D3","JinHua_156",1,2,5,0.0889575430447811,0.0889584156104534
"D3","JinHua_159",0,2,5,0.0409018630736895,0.0409033426631487
"D3","JinHua_16",0,2,5,0.208768387503146,0.208764823993318
"D3","JinHua_168",0,2,5,0.0560693814001775,0.0560708070374269
"D3","JinHua_170",1,2,5,0.268742832394977,0.268736474436205
"D3","JinHua_177",0,2,5,0.0889575430447811,0.0889584156104534
"D3","JinHua_18",0,2,5,0.0889575430447811,0.0889584156104534
"D3","JinHua_181",0,2,5,0.103330682060779,0.103331180219982
"D3","JinHua_184",0,2,5,0.0409018630736895,0.0409033426631487
"D3","JinHua_193",0,2,5,0.034874734045,0.0348761849602382
"D3","JinHua_197",0,2,5,0.0560693814001775,0.0560708070374269
"D3","JinHua_199",1,2,5,0.0560693814001775,0.0560708070374269
"D3","JinHua_20",0,2,5,0.0655107856931261,0.0655121047554278
"D3","JinHua_203",0,2,5,0.103330682060779,0.103331180219982
"D3","JinHua_21",0,2,5,0.0889575430447811,0.0889584156104534
"D3","JinHua_210",0,2,5,0.0764133086925861,0.0764144489299987
"D3","JinHua_211",0,2,5,0.103330682060779,0.103331180219982
"D3","JinHua_214",0,2,5,0.103330682060779,0.103331180219982
"D3","JinHua_219",0,2,5,0.0479188969480081,0.0479203717789763
"D3","JinHua_223",0,2,5,0.0655107856931261,0.0655121047554278
"D3","JinHua_224",0,2,5,0.103330682060779,0.103331180219982
"D3","JinHua_32",1,2,5,0.182717616089513,0.182715199440686
"D3","JinHua_42",0,2,5,0.0655107856931261,0.0655121047554278
"D3","JinHua_57",0,2,5,0.138310029123269,0.13830938515834
"D3","JinHua_65",0,2,5,0.119720955414193,0.119720954006371
"D3","JinHua_69",0,2,5,0.0560693814001775,0.0560708070374269
"D3","JinHua_7",0,2,5,0.0479188969480081,0.0479203717789763
"D3","JinHua_73",0,2,5,0.103330682060779,0.103331180219982
"D3","JinHua_74",0,2,5,0.0479188969480081,0.0479203717789763
"D3","JinHua_76",0,2,5,0.0479188969480081,0.0479203717789763
"D3","JinHua_80",0,2,5,0.182717616089513,0.182715199440686
"D3","JinHua_99",0,2,5,0.0889575430447811,0.0889584156104534
"D3","SSR_105",0,2,5,0.0764133086925861,0.0764144489299987
"D3","SSR_111",0,2,5,0.138310029123269,0.13830938515834
"D3","SSR_127",0,2,5,0.0889575430447811,0.0889584156104534
"D3","SSR_130",0,2,5,0.159263224130934,0.159261778940368
"D3","SSR_134",0,2,5,0.103330682060779,0.103331180219982
"D3","SSR_135",0,2,5,0.0479188969480081,0.0479203717789763
"D3","SSR_143",1,2,5,0.268742832394977,0.268736474436205
"D3","SSR_166",0,2,5,0.119720955414193,0.119720954006371
"D3","SSR_171",0,2,5,0.103330682060779,0.103331180219982
"D3","SSR_19",0,2,5,0.182717616089513,0.182715199440686
"D3","SSR_21",0,2,5,0.0409018630736895,0.0409033426631487
"D3","SSR_32",0,2,5,0.0889575430447811,0.0889584156104534
"D3","SSR_40",0,2,5,0.0560693814001775,0.0560708070374269
"D3","SSR_54",0,2,5,0.182717616089513,0.182715199440686
"D3","SSR_56",0,2,5,0.0764133086925861,0.0764144489299987
"D3","SSR_6",0,2,5,0.138310029123269,0.13830938515834
"D3","SSR_64",0,2,5,0.138310029123269,0.13830938515834
"D3","SSR_71",0,2,5,0.138310029123269,0.13830938515834
"D3","SSR_77",0,2,5,0.138310029123269,0.13830938515834
"D3","SSR_8",0,2,5,0.0764133086925861,0.0764144489299987
"D3","SSR_98",0,2,5,0.0764133086925861,0.0764144489299987
"D3","SSR_99",0,2,5,0.103330682060779,0.103331180219982
"D3","JinHua_102",0,3,1,0.0530463872468561,0.0530482864958462
"D3","JinHua_103",0,3,1,0.256805389146332,0.256797481896479
"D3","JinHua_108",0,3,1,0.0745924766604016,0.0745939925863722
"D3","JinHua_111",0,3,1,0.0745924766604016,0.0745939925863722
"D3","JinHua_113",0,3,1,0.0530463872468561,0.0530482864958462
"D3","JinHua_114",0,3,1,0.0314343038611363,0.0314361788022722
"D3","JinHua_115",1,3,1,0.373599356407957,0.373584097637168
"D3","JinHua_116",0,3,1,0.256805389146332,0.256797481896479
"D3","JinHua_118",0,3,1,0.122135479279833,0.12213528509501
"D3","JinHua_12",0,3,1,0.10392955109492,0.103930120372009
"D3","JinHua_120",0,3,1,0.10392955109492,0.103930120372009
"D3","JinHua_121",1,3,1,0.0881649065357928,0.0881660349828092
"D3","JinHua_13",0,3,1,0.417058146717348,0.417040368258514
"D3","JinHua_134",0,3,1,0.0745924766604016,0.0745939925863722
"D3","JinHua_135",0,3,1,0.143021609837295,0.143020416651184
"D3","JinHua_14",0,3,1,0.0881649065357928,0.0881660349828092
"D3","JinHua_151",0,3,1,0.0530463872468561,0.0530482864958462
"D3","JinHua_153",0,3,1,0.256805389146332,0.256797481896479
"D3","JinHua_159",0,3,1,0.0374718928372956,0.037473828151657
"D3","JinHua_162",0,3,1,0.0530463872468561,0.0530482864958462
"D3","JinHua_184",0,3,1,0.0374718928372956,0.037473828151657
"D3","JinHua_188",0,3,1,0.0530463872468561,0.0530482864958462
"D3","JinHua_191",0,3,1,0.0530463872468561,0.0530482864958462
"D3","JinHua_205",0,3,1,0.0745924766604016,0.0745939925863722
"D3","JinHua_220",0,3,1,0.193640211639793,0.193636217060322
"D3","JinHua_224",0,3,1,0.10392955109492,0.103930120372009
"D3","JinHua_33",0,3,1,0.0530463872468561,0.0530482864958462
"D3","JinHua_34",0,3,1,0.0629651574336872,0.0629669206655456
"D3","JinHua_36",1,3,1,0.166800785259652,0.166798331058926
"D3","JinHua_41",0,3,1,0.0530463872468561,0.0530482864958462
"D3","JinHua_43",0,3,1,0.10392955109492,0.103930120372009
"D3","JinHua_50",0,3,1,0.143021609837295,0.143020416651184
"D3","JinHua_54",0,3,1,0.0881649065357928,0.0881660349828092
"D3","JinHua_59",0,3,1,0.122135479279833,0.12213528509501
"D3","JinHua_64",0,3,1,0.0629651574336872,0.0629669206655456
"D3","JinHua_75",0,3,1,0.0530463872468561,0.0530482864958462
"D3","JinHua_76",0,3,1,0.0446157046593756,0.0446176540537516
"D3","JinHua_77",0,3,1,0.0881649065357928,0.0881660349828092
"D3","JinHua_8",0,3,1,0.0446157046593756,0.0446176540537516
"D3","JinHua_83",1,3,1,0.166800785259652,0.166798331058926
"D3","JinHua_9",0,3,1,0.0530463872468561,0.0530482864958462
"D3","JinHua_94",0,3,1,0.166800785259652,0.166798331058926
"D3","SSR_10",0,3,1,0.293033782257092,0.293023557792189
"D3","SSR_11",1,3,1,0.0881649065357928,0.0881660349828092
"D3","SSR_13",0,3,1,0.122135479279833,0.12213528509501
"D3","SSR_131",0,3,1,0.143021609837295,0.143020416651184
"D3","SSR_143",1,3,1,0.293033782257092,0.293023557792189
"D3","SSR_15",0,3,1,0.0629651574336872,0.0629669206655456
"D3","SSR_162",0,3,1,0.10392955109492,0.103930120372009
"D3","SSR_166",0,3,1,0.122135479279833,0.12213528509501
"D3","SSR_169",0,3,1,0.0881649065357928,0.0881660349828092
"D3","SSR_175",0,3,1,0.10392955109492,0.103930120372009
"D3","SSR_183",1,3,1,0.596984420212142,0.596959200348256
"D3","SSR_19",0,3,1,0.193640211639793,0.193636217060322
"D3","SSR_2",0,3,1,0.166800785259652,0.166798331058926
"D3","SSR_29",0,3,1,0.0745924766604016,0.0745939925863722
"D3","SSR_30",0,3,1,0.0629651574336872,0.0629669206655456
"D3","SSR_32",0,3,1,0.0881649065357928,0.0881660349828092
"D3","SSR_38",0,3,1,0.293033782257092,0.293023557792189
"D3","SSR_41",0,3,1,0.10392955109492,0.103930120372009
"D3","SSR_43",0,3,1,0.0530463872468561,0.0530482864958462
"D3","SSR_50",0,3,1,0.122135479279833,0.12213528509501
"D3","SSR_53",0,3,1,0.0881649065357928,0.0881660349828092
"D3","SSR_58",0,3,1,0.143021609837295,0.143020416651184
"D3","SSR_68",0,3,1,0.166800785259652,0.166798331058926
"D3","SSR_73",0,3,1,0.0745924766604016,0.0745939925863722
"D3","SSR_8",0,3,1,0.0745924766604016,0.0745939925863722
"D3","SSR_80",1,3,1,0.0530463872468561,0.0530482864958462
"D3","SSR_9",0,3,1,0.122135479279833,0.12213528509501
"D3","SSR_90",0,3,1,0.0446157046593756,0.0446176540537516
"D3","SSR_95",0,3,1,0.193640211639793,0.193636217060322
"D3","JinHua_1",0,3,2,0.05331591976963,0.0533178043569899
"D3","JinHua_100",0,3,2,0.0736319825209485,0.0736335519780615
"D3","JinHua_105",0,3,2,0.0862802705492418,0.0862815196714776
"D3","JinHua_126",0,3,2,0.0736319825209485,0.0736335519780615
"D3","JinHua_133",0,3,2,0.0736319825209485,0.0736335519780615
"D3","JinHua_139",0,3,2,0.0627106184031997,0.0627123919503315
"D3","JinHua_149",0,3,2,0.0736319825209485,0.0736335519780615
"D3","JinHua_15",0,3,2,0.0736319825209485,0.0736335519780615
"D3","JinHua_16",0,3,2,0.209770747528496,0.209766248330494
"D3","JinHua_168",0,3,2,0.05331591976963,0.0533178043569899
"D3","JinHua_175",0,3,2,0.0452606811508534,0.0452626042192417
"D3","JinHua_177",0,3,2,0.0862802705492418,0.0862815196714776
"D3","JinHua_179",1,3,2,0.182637851955048,0.182634869704618
"D3","JinHua_185",0,3,2,0.0383731374406535,0.038375044011179
"D3","JinHua_189",0,3,2,0.05331591976963,0.0533178043569899
"D3","JinHua_193",0,3,2,0.0324980293219857,0.0324998791268964
"D3","JinHua_2",0,3,2,0.0862802705492418,0.0862815196714776
"D3","JinHua_203",0,3,2,0.100864678621905,0.10086546582869
"D3","JinHua_208",0,3,2,0.0627106184031997,0.0627123919503315
"D3","JinHua_209",0,3,2,0.0452606811508534,0.0452626042192417
"D3","JinHua_216",0,3,2,0.136683258175545,0.136682591622003
"D3","JinHua_217",0,3,2,0.0383731374406535,0.038375044011179
"D3","JinHua_218",0,3,2,0.05331591976963,0.0533178043569899
"D3","JinHua_22",0,3,2,0.0862802705492418,0.0862815196714776
"D3","JinHua_225",1,3,2,0.385809376806313,0.385794456956218
"D3","JinHua_23",0,3,2,0.0627106184031997,0.0627123919503315
"D3","JinHua_26",0,3,2,0.0452606811508534,0.0452626042192417
"D3","JinHua_27",1,3,2,0.0862802705492418,0.0862815196714776
"D3","JinHua_28",0,3,2,0.0324980293219857,0.0324998791268964
"D3","JinHua_3",0,3,2,0.0862802705492418,0.0862815196714776
"D3","JinHua_30",0,3,2,0.0736319825209485,0.0736335519780615
"D3","JinHua_32",1,3,2,0.182637851955048,0.182634869704618
"D3","JinHua_37",0,3,2,0.0862802705492418,0.0862815196714776
"D3","JinHua_46",0,3,2,0.0452606811508534,0.0452626042192417
"D3","JinHua_57",0,3,2,0.136683258175545,0.136682591622003
"D3","JinHua_65",0,3,2,0.117597080839648,0.11759723811797
"D3","JinHua_67",0,3,2,0.136683258175545,0.136682591622003
"D3","JinHua_68",0,3,2,0.117597080839648,0.11759723811797
"D3","JinHua_74",0,3,2,0.0452606811508534,0.0452626042192417
"D3","JinHua_78",0,3,2,0.0452606811508534,0.0452626042192417
"D3","JinHua_79",0,3,2,0.0324980293219857,0.0324998791268964
"D3","JinHua_80",0,3,2,0.182637851955048,0.182634869704618
"D3","JinHua_82",0,3,2,0.0736319825209485,0.0736335519780615
"D3","JinHua_84",1,3,2,0.0736319825209485,0.0736335519780615
"D3","JinHua_97",0,3,2,0.0862802705492418,0.0862815196714776
"D3","SSR_106",0,3,2,0.0627106184031997,0.0627123919503315
"D3","SSR_12",0,3,2,0.0862802705492418,0.0862815196714776
"D3","SSR_124",0,3,2,0.0862802705492418,0.0862815196714776
"D3","SSR_134",0,3,2,0.100864678621905,0.10086546582869
"D3","SSR_140",0,3,2,0.0736319825209485,0.0736335519780615
"D3","SSR_144",1,3,2,0.0452606811508534,0.0452626042192417
"D3","SSR_151",0,3,2,0.209770747528496,0.209766248330494
"D3","SSR_159",0,3,2,0.0627106184031997,0.0627123919503315
"D3","SSR_16",0,3,2,0.136683258175545,0.136682591622003
"D3","SSR_163",0,3,2,0.05331591976963,0.0533178043569899
"D3","SSR_17",0,3,2,0.0383731374406535,0.038375044011179
"D3","SSR_173",1,3,2,0.182637851955048,0.182634869704618
"D3","SSR_177",0,3,2,0.0862802705492418,0.0862815196714776
"D3","SSR_27",0,3,2,0.136683258175545,0.136682591622003
"D3","SSR_31",0,3,2,0.0452606811508534,0.0452626042192417
"D3","SSR_39",0,3,2,0.100864678621905,0.10086546582869
"D3","SSR_5",0,3,2,0.100864678621905,0.10086546582869
"D3","SSR_52",0,3,2,0.0627106184031997,0.0627123919503315
"D3","SSR_55",0,3,2,0.100864678621905,0.10086546582869
"D3","SSR_6",0,3,2,0.136683258175545,0.136682591622003
"D3","SSR_61",0,3,2,0.209770747528496,0.209766248330494
"D3","SSR_62",0,3,2,0.117597080839648,0.11759723811797
"D3","SSR_63",0,3,2,0.0452606811508534,0.0452626042192417
"D3","SSR_79",0,3,2,0.117597080839648,0.11759723811797
"D3","SSR_99",0,3,2,0.100864678621905,0.10086546582869
"D3","JinHua_11",0,3,3,0.0813000984440737,0.0813041422473138
"D3","JinHua_123",1,3,3,0.0667970626401803,0.0668018888915771
"D3","JinHua_124",0,3,3,0.0447335658492969,0.0447388643504102
"D3","JinHua_129",0,3,3,0.0297256449435263,0.0297305643234377
"D3","JinHua_132",0,3,3,0.0196492488024728,0.0196534315206747
"D3","JinHua_146",0,3,3,0.0986192743383259,0.0986220174249949
"D3","JinHua_147",0,3,3,0.0241807616127387,0.0241853356836717
"D3","JinHua_152",0,3,3,0.0813000984440737,0.0813041422473138
"D3","JinHua_161",0,3,3,0.0547270888221603,0.0547322986511446
"D3","JinHua_165",0,3,3,0.0297256449435263,0.0297305643234377
"D3","JinHua_166",0,3,3,0.0547270888221603,0.0547322986511446
"D3","JinHua_167",0,3,3,0.0241807616127387,0.0241853356836717
"D3","JinHua_170",1,3,3,0.325721174823305,0.325692159344676
"D3","JinHua_172",0,3,3,0.0241807616127387,0.0241853356836717
"D3","JinHua_176",0,3,3,0.0813000984440737,0.0813041422473138
"D3","JinHua_181",0,3,3,0.0986192743383259,0.0986220174249949
"D3","JinHua_186",0,3,3,0.0547270888221603,0.0547322986511446
"D3","JinHua_19",0,3,3,0.0447335658492969,0.0447388643504102
"D3","JinHua_195",0,3,3,0.0297256449435263,0.0297305643234377
"D3","JinHua_199",1,3,3,0.0447335658492969,0.0447388643504102
"D3","JinHua_20",0,3,3,0.0547270888221603,0.0547322986511446
"D3","JinHua_201",0,3,3,0.0297256449435263,0.0297305643234377
"D3","JinHua_204",0,3,3,0.203581910590205,0.203571814563484
"D3","JinHua_207",0,3,3,0.0986192743383259,0.0986220174249949
"D3","JinHua_210",0,3,3,0.0667970626401803,0.0668018888915771
"D3","JinHua_213",0,3,3,0.0667970626401803,0.0668018888915771
"D3","JinHua_214",0,3,3,0.0986192743383259,0.0986220174249949
"D3","JinHua_222",0,3,3,0.0667970626401803,0.0668018888915771
"D3","JinHua_223",0,3,3,0.0547270888221603,0.0547322986511446
"D3","JinHua_25",1,3,3,0.171333314266109,0.171327778891358
"D3","JinHua_29",0,3,3,0.0986192743383259,0.0986220174249949
"D3","JinHua_38",0,3,3,0.424751112987735,0.424707455463754
"D3","JinHua_45",0,3,3,0.0547270888221603,0.0547322986511446
"D3","JinHua_49",0,3,3,0.0667970626401803,0.0668018888915771
"D3","JinHua_5",0,3,3,0.0297256449435263,0.0297305643234377
"D3","JinHua_56",0,3,3,0.0241807616127387,0.0241853356836717
"D3","JinHua_6",0,3,3,0.0241807616127387,0.0241853356836717
"D3","JinHua_60",1,3,3,0.0547270888221603,0.0547322986511446
"D3","JinHua_63",0,3,3,0.14327410284159,0.14327217498345
"D3","JinHua_66",0,3,3,0.0667970626401803,0.0668018888915771
"D3","JinHua_81",0,3,3,0.0547270888221603,0.0547322986511446
"D3","JinHua_90",0,3,3,0.0297256449435263,0.0297305643234377
"D3","JinHua_93",1,3,3,0.325721174823305,0.325692159344676
"D3","JinHua_99",0,3,3,0.0813000984440737,0.0813041422473138
"D3","SSR_101",0,3,3,0.0813000984440737,0.0813041422473138
"D3","SSR_103",0,3,3,0.58252670472955,0.582466264812256
"D3","SSR_105",0,3,3,0.0667970626401803,0.0668018888915771
"D3","SSR_114",0,3,3,0.0447335658492969,0.0447388643504102
"D3","SSR_117",0,3,3,0.0547270888221603,0.0547322986511446
"D3","SSR_128",0,3,3,0.0297256449435263,0.0297305643234377
"D3","SSR_132",0,3,3,0.14327410284159,0.14327217498345
"D3","SSR_150",0,3,3,0.0986192743383259,0.0986220174249949
"D3","SSR_157",0,3,3,0.171333314266109,0.171327778891358
"D3","SSR_158",1,3,3,0.119149415414116,0.119150210520889
"D3","SSR_161",0,3,3,0.203581910590205,0.203571814563484
"D3","SSR_165",0,3,3,0.119149415414116,0.119150210520889
"D3","SSR_171",0,3,3,0.0986192743383259,0.0986220174249949
"D3","SSR_181",0,3,3,0.203581910590205,0.203571814563484
"D3","SSR_182",0,3,3,0.633045802270043,0.632982659519447
"D3","SSR_20",0,3,3,0.0447335658492969,0.0447388643504102
"D3","SSR_24",0,3,3,0.0364944714273301,0.0364996500853442
"D3","SSR_26",0,3,3,0.119149415414116,0.119150210520889
"D3","SSR_3",0,3,3,0.0364944714273301,0.0364996500853442
"D3","SSR_34",0,3,3,0.0986192743383259,0.0986220174249949
"D3","SSR_4",0,3,3,0.14327410284159,0.14327217498345
"D3","SSR_56",0,3,3,0.0667970626401803,0.0668018888915771
"D3","SSR_66",0,3,3,0.0667970626401803,0.0668018888915771
"D3","SSR_71",0,3,3,0.14327410284159,0.14327217498345
"D3","SSR_81",0,3,3,0.0297256449435263,0.0297305643234377
"D3","SSR_98",0,3,3,0.0667970626401803,0.0668018888915771
"D3","JinHua_10",1,3,4,0.0793884293167654,0.07939278068991
"D3","JinHua_104",0,3,4,0.158619907932943,0.158615847469601
"D3","JinHua_106",0,3,4,0.0457689363965351,0.0457744836489413
"D3","JinHua_107",0,3,4,0.0662221359876951,0.0662272084285464
"D3","JinHua_110",0,3,4,0.037948483744427,0.037953942037759
"D3","JinHua_122",0,3,4,0.0949063890805174,0.0949095713470094
"D3","JinHua_128",0,3,4,0.0457689363965351,0.0457744836489413
"D3","JinHua_131",0,3,4,0.055108714886447,0.0551141575183825
"D3","JinHua_137",0,3,4,0.0793884293167654,0.07939278068991
"D3","JinHua_138",1,3,4,0.0793884293167654,0.07939278068991
"D3","JinHua_140",0,3,4,0.055108714886447,0.0551141575183825
"D3","JinHua_143",0,3,4,0.11308502740848,0.113086487303115
"D3","JinHua_145",0,3,4,0.037948483744427,0.037953942037759
"D3","JinHua_148",0,3,4,0.0793884293167654,0.07939278068991
"D3","JinHua_156",1,3,4,0.0793884293167654,0.07939278068991
"D3","JinHua_158",0,3,4,0.0314202975271374,0.0314255320668856
"D3","JinHua_163",0,3,4,0.0662221359876951,0.0662272084285464
"D3","JinHua_17",0,3,4,0.0457689363965351,0.0457744836489413
"D3","JinHua_174",0,3,4,0.0662221359876951,0.0662272084285464
"D3","JinHua_178",0,3,4,0.13422925985191,0.13422833775437
"D3","JinHua_18",0,3,4,0.0793884293167654,0.07939278068991
"D3","JinHua_190",0,3,4,0.13422925985191,0.13422833775437
"D3","JinHua_197",0,3,4,0.0457689363965351,0.0457744836489413
"D3","JinHua_200",0,3,4,0.055108714886447,0.0551141575183825
"D3","JinHua_219",0,3,4,0.037948483744427,0.037953942037759
"D3","JinHua_221",0,3,4,0.0457689363965351,0.0457744836489413
"D3","JinHua_35",0,3,4,0.0662221359876951,0.0662272084285464
"D3","JinHua_42",0,3,4,0.055108714886447,0.0551141575183825
"D3","JinHua_44",0,3,4,0.11308502740848,0.113086487303115
"D3","JinHua_51",0,3,4,0.253143220026212,0.253124712101074
"D3","JinHua_62",0,3,4,0.0259848067032149,0.0259897293217069
"D3","JinHua_69",0,3,4,0.0457689363965351,0.0457744836489413
"D3","JinHua_7",0,3,4,0.037948483744427,0.037953942037759
"D3","JinHua_70",0,3,4,0.11308502740848,0.113086487303115
"D3","JinHua_73",0,3,4,0.0949063890805174,0.0949095713470094
"D3","JinHua_86",0,3,4,0.037948483744427,0.037953942037759
"D3","JinHua_89",0,3,4,0.0457689363965351,0.0457744836489413
"D3","JinHua_91",1,3,4,0.11308502740848,0.113086487303115
"D3","JinHua_95",0,3,4,0.037948483744427,0.037953942037759
"D3","JinHua_96",0,3,4,0.13422925985191,0.13422833775437
"D3","SSR_1",0,3,4,0.0662221359876951,0.0662272084285464
"D3","SSR_102",0,3,4,0.0314202975271374,0.0314255320668856
"D3","SSR_120",0,3,4,0.0949063890805174,0.0949095713470094
"D3","SSR_121",0,3,4,0.0793884293167654,0.07939278068991
"D3","SSR_125",0,3,4,0.158619907932943,0.158615847469601
"D3","SSR_129",0,3,4,0.0662221359876951,0.0662272084285464
"D3","SSR_130",0,3,4,0.158619907932943,0.158615847469601
"D3","SSR_135",0,3,4,0.037948483744427,0.037953942037759
"D3","SSR_145",0,3,4,0.186487896575025,0.186479868921286
"D3","SSR_152",0,3,4,0.0949063890805174,0.0949095713470094
"D3","SSR_154",1,3,4,0.13422925985191,0.13422833775437
"D3","SSR_167",0,3,4,0.0314202975271374,0.0314255320668856
"D3","SSR_172",0,3,4,0.0662221359876951,0.0662272084285464
"D3","SSR_174",0,3,4,0.13422925985191,0.13422833775437
"D3","SSR_179",0,3,4,0.0662221359876951,0.0662272084285464
"D3","SSR_21",0,3,4,0.0314202975271374,0.0314255320668856
"D3","SSR_22",0,3,4,0.11308502740848,0.113086487303115
"D3","SSR_25",0,3,4,0.0259848067032149,0.0259897293217069
"D3","SSR_28",0,3,4,0.055108714886447,0.0551141575183825
"D3","SSR_33",0,3,4,0.0457689363965351,0.0457744836489413
"D3","SSR_36",1,3,4,0.0793884293167654,0.07939278068991
"D3","SSR_40",0,3,4,0.0457689363965351,0.0457744836489413
"D3","SSR_44",1,3,4,0.0662221359876951,0.0662272084285464
"D3","SSR_48",0,3,4,0.0662221359876951,0.0662272084285464
"D3","SSR_57",0,3,4,0.0949063890805174,0.0949095713470094
"D3","SSR_67",0,3,4,0.0314202975271374,0.0314255320668856
"D3","SSR_7",0,3,4,0.055108714886447,0.0551141575183825
"D3","SSR_70",0,3,4,0.0793884293167654,0.07939278068991
"D3","SSR_83",0,3,4,0.11308502740848,0.113086487303115
"D3","JinHua_101",0,3,5,0.104385268849934,0.104386441977152
"D3","JinHua_112",0,3,5,0.303711071220129,0.303694127465213
"D3","JinHua_117",0,3,5,0.0519780853545402,0.0519813132574745
"D3","JinHua_119",0,3,5,0.0880279324237011,0.08803000261836
"D3","JinHua_136",0,3,5,0.0620927393799861,0.0620957832301068
"D3","JinHua_141",0,3,5,0.0880279324237011,0.08803000261836
"D3","JinHua_144",1,3,5,0.123370939125333,0.123370864419501
"D3","JinHua_150",0,3,5,0.030202702673638,0.0302057848061839
"D3","JinHua_155",0,3,5,0.0519780853545402,0.0519813132574745
"D3","JinHua_157",0,3,5,0.0519780853545402,0.0519813132574745
"D3","JinHua_160",0,3,5,0.170254940890785,0.170251102846809
"D3","JinHua_169",0,3,5,0.030202702673638,0.0302057848061839
"D3","JinHua_171",0,3,5,0.0880279324237011,0.08803000261836
"D3","JinHua_173",1,3,5,0.344985618235672,0.344964521099228
"D3","JinHua_180",0,3,5,0.0434347647122793,0.043438036466062
"D3","JinHua_182",0,3,5,0.0620927393799861,0.0620957832301068
"D3","JinHua_183",0,3,5,0.0620927393799861,0.0620957832301068
"D3","JinHua_192",0,3,5,0.145249713129764,0.145247983729088
"D3","JinHua_194",0,3,5,0.0880279324237011,0.08803000261836
"D3","JinHua_198",0,3,5,0.0880279324237011,0.08803000261836
"D3","JinHua_206",0,3,5,0.0434347647122793,0.043438036466062
"D3","JinHua_21",0,3,5,0.0880279324237011,0.08803000261836
"D3","JinHua_211",0,3,5,0.104385268849934,0.104386441977152
"D3","JinHua_212",0,3,5,0.0740219679572834,0.0740246429641594
"D3","JinHua_215",0,3,5,0.0880279324237011,0.08803000261836
"D3","JinHua_24",0,3,5,0.198564880959807,0.198558450679222
"D3","JinHua_31",0,3,5,0.265374016571285,0.265360977364633
"D3","JinHua_39",0,3,5,0.344985618235672,0.344964521099228
"D3","JinHua_4",0,3,5,0.0740219679572834,0.0740246429641594
"D3","JinHua_40",0,3,5,0.03624197579505,0.0362451887307346
"D3","JinHua_48",0,3,5,0.0740219679572834,0.0740246429641594
"D3","JinHua_52",0,3,5,0.265374016571285,0.265360977364633
"D3","JinHua_53",0,3,5,0.030202702673638,0.0302057848061839
"D3","JinHua_55",0,3,5,0.0880279324237011,0.08803000261836
"D3","JinHua_61",0,3,5,0.104385268849934,0.104386441977152
"D3","JinHua_72",0,3,5,0.104385268849934,0.104386441977152
"D3","JinHua_87",0,3,5,0.145249713129764,0.145247983729088
"D3","JinHua_88",0,3,5,0.123370939125333,0.123370864419501
"D3","JinHua_92",0,3,5,0.030202702673638,0.0302057848061839
"D3","SSR_108",0,3,5,0.0434347647122793,0.043438036466062
"D3","SSR_111",0,3,5,0.145249713129764,0.145247983729088
"D3","SSR_115",0,3,5,0.0519780853545402,0.0519813132574745
"D3","SSR_118",0,3,5,0.0434347647122793,0.043438036466062
"D3","SSR_127",0,3,5,0.0880279324237011,0.08803000261836
"D3","SSR_139",0,3,5,0.123370939125333,0.123370864419501
"D3","SSR_14",1,3,5,0.0740219679572834,0.0740246429641594
"D3","SSR_146",0,3,5,0.0880279324237011,0.08803000261836
"D3","SSR_164",0,3,5,0.0620927393799861,0.0620957832301068
"D3","SSR_170",0,3,5,0.145249713129764,0.145247983729088
"D3","SSR_18",0,3,5,0.388737769211966,0.388712438509363
"D3","SSR_23",0,3,5,0.0620927393799861,0.0620957832301068
"D3","SSR_35",1,3,5,0.0740219679572834,0.0740246429641594
"D3","SSR_37",0,3,5,0.0620927393799861,0.0620957832301068
"D3","SSR_42",0,3,5,0.0740219679572834,0.0740246429641594
"D3","SSR_46",0,3,5,0.0880279324237011,0.08803000261836
"D3","SSR_47",0,3,5,0.265374016571285,0.265360977364633
"D3","SSR_51",0,3,5,0.123370939125333,0.123370864419501
"D3","SSR_54",0,3,5,0.198564880959807,0.198558450679222
"D3","SSR_59",1,3,5,0.303711071220129,0.303694127465213
"D3","SSR_60",0,3,5,0.145249713129764,0.145247983729088
"D3","SSR_64",0,3,5,0.145249713129764,0.145247983729088
"D3","SSR_65",0,3,5,0.145249713129764,0.145247983729088
"D3","SSR_69",1,3,5,0.123370939125333,0.123370864419501
"D3","SSR_74",0,3,5,0.0620927393799861,0.0620957832301068
"D3","SSR_75",0,3,5,0.230275772523589,0.230266263843189
"D3","SSR_76",1,3,5,0.230275772523589,0.230266263843189
"D3","SSR_77",0,3,5,0.145249713129764,0.145247983729088
"D3","SSR_78",0,3,5,0.0620927393799861,0.0620957832301068
"D3","SSR_94",0,3,5,0.0620927393799861,0.0620957832301068
"D3","JinHua_104",0,4,1,0.159643156145604,0.159639353180218
"D3","JinHua_114",0,4,1,0.0254082990328505,0.0254119854988573
"D3","JinHua_117",0,4,1,0.0451689028938072,0.0451730304258191
"D3","JinHua_122",0,4,1,0.0947728677453871,0.0947749966856547
"D3","JinHua_123",1,4,1,0.0657481716028201,0.065751872999458
"D3","JinHua_128",0,4,1,0.0451689028938072,0.0451730304258191
"D3","JinHua_139",0,4,1,0.0545512073521169,0.0545552292220319
"D3","JinHua_145",0,4,1,0.0373365431195749,0.0373406199137921
"D3","JinHua_151",0,4,1,0.0451689028938072,0.0451730304258191
"D3","JinHua_156",1,4,1,0.0790512186090803,0.0790543153779561
"D3","JinHua_17",0,4,1,0.0451689028938072,0.0451730304258191
"D3","JinHua_180",0,4,1,0.0373365431195749,0.0373406199137921
"D3","JinHua_183",0,4,1,0.0545512073521169,0.0545552292220319
"D3","JinHua_189",0,4,1,0.0451689028938072,0.0451730304258191
"D3","JinHua_19",0,4,1,0.0451689028938072,0.0451730304258191
"D3","JinHua_192",0,4,1,0.134762357856415,0.134761118794937
"D3","JinHua_197",0,4,1,0.0451689028938072,0.0451730304258191
"D3","JinHua_198",0,4,1,0.0790512186090803,0.0790543153779561
"D3","JinHua_200",0,4,1,0.0545512073521169,0.0545552292220319
"D3","JinHua_203",0,4,1,0.0947728677453871,0.0947749966856547
"D3","JinHua_206",0,4,1,0.0373365431195749,0.0373406199137921
"D3","JinHua_217",0,4,1,0.0308184910564012,0.0308224082881151
"D3","JinHua_221",0,4,1,0.0451689028938072,0.0451730304258191
"D3","JinHua_222",0,4,1,0.0657481716028201,0.065751872999458
"D3","JinHua_225",1,4,1,0.432748625586346,0.43271121688687
"D3","JinHua_27",1,4,1,0.0790512186090803,0.0790543153779561
"D3","JinHua_3",0,4,1,0.0790512186090803,0.0790543153779561
"D3","JinHua_38",0,4,1,0.384793478447503,0.38476159828008
"D3","JinHua_45",0,4,1,0.0545512073521169,0.0545552292220319
"D3","JinHua_46",0,4,1,0.0373365431195749,0.0373406199137921
"D3","JinHua_48",0,4,1,0.0657481716028201,0.065751872999458
"D3","JinHua_56",0,4,1,0.0254082990328505,0.0254119854988573
"D3","JinHua_61",0,4,1,0.0947728677453871,0.0947749966856547
"D3","JinHua_62",0,4,1,0.0254082990328505,0.0254119854988573
"D3","JinHua_7",0,4,1,0.0373365431195749,0.0373406199137921
"D3","JinHua_74",0,4,1,0.0373365431195749,0.0373406199137921
"D3","JinHua_76",0,4,1,0.0373365431195749,0.0373406199137921
"D3","JinHua_83",1,4,1,0.159643156145604,0.159639353180218
"D3","JinHua_9",0,4,1,0.0451689028938072,0.0451730304258191
"D3","JinHua_90",0,4,1,0.0308184910564012,0.0308224082881151
"D3","SSR_101",0,4,1,0.0790512186090803,0.0790543153779561
"D3","SSR_106",0,4,1,0.0545512073521169,0.0545552292220319
"D3","SSR_115",0,4,1,0.0451689028938072,0.0451730304258191
"D3","SSR_124",0,4,1,0.0790512186090803,0.0790543153779561
"D3","SSR_128",0,4,1,0.0308184910564012,0.0308224082881151
"D3","SSR_140",0,4,1,0.0657481716028201,0.065751872999458
"D3","SSR_150",0,4,1,0.0947728677453871,0.0947749966856547
"D3","SSR_159",0,4,1,0.0545512073521169,0.0545552292220319
"D3","SSR_161",0,4,1,0.188118876376042,0.188111840473433
"D3","SSR_163",0,4,1,0.0451689028938072,0.0451730304258191
"D3","SSR_172",0,4,1,0.0657481716028201,0.065751872999458
"D3","SSR_173",1,4,1,0.188118876376042,0.188111840473433
"D3","SSR_175",0,4,1,0.0947728677453871,0.0947749966856547
"D3","SSR_181",0,4,1,0.188118876376042,0.188111840473433
"D3","SSR_182",0,4,1,0.580584098389926,0.580534043444783
"D3","SSR_3",0,4,1,0.0373365431195749,0.0373406199137921
"D3","SSR_36",1,4,1,0.0790512186090803,0.0790543153779561
"D3","SSR_39",0,4,1,0.0947728677453871,0.0947749966856547
"D3","SSR_4",0,4,1,0.134762357856415,0.134761118794937
"D3","SSR_44",1,4,1,0.0657481716028201,0.065751872999458
"D3","SSR_51",0,4,1,0.1132367772692,0.113237489643616
"D3","SSR_6",0,4,1,0.134762357856415,0.134761118794937
"D3","SSR_66",0,4,1,0.0657481716028201,0.065751872999458
"D3","SSR_67",0,4,1,0.0308184910564012,0.0308224082881151
"D3","SSR_70",0,4,1,0.0790512186090803,0.0790543153779561
"D3","SSR_71",0,4,1,0.134762357856415,0.134761118794937
"D3","SSR_77",0,4,1,0.134762357856415,0.134761118794937
"D3","SSR_81",0,4,1,0.0308184910564012,0.0308224082881151
"D3","SSR_90",0,4,1,0.0373365431195749,0.0373406199137921
"D3","SSR_95",0,4,1,0.188118876376042,0.188111840473433
"D3","SSR_99",0,4,1,0.0947728677453871,0.0947749966856547
"D3","JinHua_10",1,4,2,0.0868062136723601,0.0868081609615182
"D3","JinHua_100",0,4,2,0.0727630728607347,0.0727655499038831
"D3","JinHua_103",0,4,2,0.266753775281386,0.266741946558612
"D3","JinHua_106",0,4,2,0.0507643962155516,0.0507673362467659
"D3","JinHua_11",0,4,2,0.0868062136723601,0.0868081609615182
"D3","JinHua_110",0,4,2,0.0422819795369016,0.0422849421724799
"D3","JinHua_111",0,4,2,0.0727630728607347,0.0727655499038831
"D3","JinHua_112",0,4,2,0.305885753590096,0.305870334143317
"D3","JinHua_119",0,4,2,0.0868062136723601,0.0868081609615182
"D3","JinHua_129",0,4,2,0.0351644161767842,0.0351673106174819
"D3","JinHua_13",0,4,2,0.439243457572165,0.439216592663666
"D3","JinHua_135",0,4,2,0.144540621448596,0.144539152346037
"D3","JinHua_136",0,4,2,0.0608404132376853,0.0608432052234283
"D3","JinHua_137",0,4,2,0.0868062136723601,0.0868081609615182
"D3","JinHua_146",0,4,2,0.103257833922905,0.103258983601553
"D3","JinHua_147",0,4,2,0.0292084514616236,0.029211215009079
"D3","JinHua_158",0,4,2,0.0351644161767842,0.0351673106174819
"D3","JinHua_160",0,4,2,0.169898413318587,0.169895024322916
"D3","JinHua_161",0,4,2,0.0608404132376853,0.0608432052234283
"D3","JinHua_162",0,4,2,0.0507643962155516,0.0507673362467659
"D3","JinHua_169",0,4,2,0.0292084514616236,0.029211215009079
"D3","JinHua_171",0,4,2,0.0868062136723601,0.0868081609615182
"D3","JinHua_173",1,4,2,0.348033540511266,0.348014305138659
"D3","JinHua_176",0,4,2,0.0868062136723601,0.0868081609615182
"D3","JinHua_179",1,4,2,0.198671738518128,0.19866597888643
"D3","JinHua_182",0,4,2,0.0608404132376853,0.0608432052234283
"D3","JinHua_184",0,4,2,0.0351644161767842,0.0351673106174819
"D3","JinHua_191",0,4,2,0.0507643962155516,0.0507673362467659
"D3","JinHua_209",0,4,2,0.0422819795369016,0.0422849421724799
"D3","JinHua_211",0,4,2,0.103257833922905,0.103258983601553
"D3","JinHua_212",0,4,2,0.0727630728607347,0.0727655499038831
"D3","JinHua_22",0,4,2,0.0868062136723601,0.0868081609615182
"D3","JinHua_24",0,4,2,0.198671738518128,0.19866597888643
"D3","JinHua_29",0,4,2,0.103257833922905,0.103258983601553
"D3","JinHua_30",0,4,2,0.0727630728607347,0.0727655499038831
"D3","JinHua_34",0,4,2,0.0608404132376853,0.0608432052234283
"D3","JinHua_36",1,4,2,0.169898413318587,0.169895024322916
"D3","JinHua_37",0,4,2,0.0868062136723601,0.0868081609615182
"D3","JinHua_54",0,4,2,0.0868062136723601,0.0868081609615182
"D3","JinHua_57",0,4,2,0.144540621448596,0.144539152346037
"D3","JinHua_66",0,4,2,0.0727630728607347,0.0727655499038831
"D3","JinHua_67",0,4,2,0.144540621448596,0.144539152346037
"D3","JinHua_78",0,4,2,0.0422819795369016,0.0422849421724799
"D3","JinHua_84",1,4,2,0.0727630728607347,0.0727655499038831
"D3","JinHua_86",0,4,2,0.0422819795369016,0.0422849421724799
"D3","JinHua_89",0,4,2,0.0507643962155516,0.0507673362467659
"D3","JinHua_92",0,4,2,0.0292084514616236,0.029211215009079
"D3","JinHua_95",0,4,2,0.0422819795369016,0.0422849421724799
"D3","SSR_1",0,4,2,0.0727630728607347,0.0727655499038831
"D3","SSR_10",0,4,2,0.305885753590096,0.305870334143317
"D3","SSR_103",0,4,2,0.534750943757293,0.534717762612714
"D3","SSR_105",0,4,2,0.0727630728607347,0.0727655499038831
"D3","SSR_15",0,4,2,0.0608404132376853,0.0608432052234283
"D3","SSR_177",0,4,2,0.0868062136723601,0.0868081609615182
"D3","SSR_19",0,4,2,0.198671738518128,0.19866597888643
"D3","SSR_27",0,4,2,0.144540621448596,0.144539152346037
"D3","SSR_43",0,4,2,0.0507643962155516,0.0507673362467659
"D3","SSR_47",0,4,2,0.266753775281386,0.266741946558612
"D3","SSR_52",0,4,2,0.0608404132376853,0.0608432052234283
"D3","SSR_54",0,4,2,0.198671738518128,0.19866597888643
"D3","SSR_55",0,4,2,0.103257833922905,0.103258983601553
"D3","SSR_56",0,4,2,0.0727630728607347,0.0727655499038831
"D3","SSR_63",0,4,2,0.0422819795369016,0.0422849421724799
"D3","SSR_65",0,4,2,0.144540621448596,0.144539152346037
"D3","SSR_69",1,4,2,0.122409441057298,0.122409469779579
"D3","SSR_7",0,4,2,0.0608404132376853,0.0608432052234283
"D3","SSR_73",0,4,2,0.0727630728607347,0.0727655499038831
"D3","SSR_76",1,4,2,0.230962185629852,0.230953601896714
"D3","SSR_8",0,4,2,0.0727630728607347,0.0727655499038831
"D3","SSR_98",0,4,2,0.0727630728607347,0.0727655499038831
"D3","JinHua_1",0,4,3,0.0502282747437692,0.0519315166475113
"D3","JinHua_101",0,4,3,0.101724538542686,0.0958156050330985
"D3","JinHua_107",0,4,3,0.0718291202557675,0.0820914662725245
"D3","JinHua_116",0,4,3,0.261911862701028,0.340296707705614
"D3","JinHua_12",0,4,3,0.101724538542686,0.131018204423709
"D3","JinHua_134",0,4,3,0.0718291202557675,0.0879219178933918
"D3","JinHua_144",1,4,3,0.120484573728592,0.12518009414389
"D3","JinHua_152",0,4,3,0.0856012351479367,0.0736179409420173
"D3","JinHua_16",0,4,3,0.226809669651768,0.289402172722863
"D3","JinHua_166",0,4,3,0.0601270591722336,0.0554413278134932
"D3","JinHua_167",0,4,3,0.0290087467530589,0.0277838731395763
"D3","JinHua_172",0,4,3,0.0290087467530589,0.0255025553467722
"D3","JinHua_177",0,4,3,0.0856012351479367,0.0779594217039091
"D3","JinHua_181",0,4,3,0.101724538542686,0.0904071871712926
"D3","JinHua_188",0,4,3,0.0502282747437692,0.0473536330267463
"D3","JinHua_195",0,4,3,0.0348792465883028,0.0315559143004192
"D3","JinHua_2",0,4,3,0.0856012351479367,0.0885703532088174
"D3","JinHua_201",0,4,3,0.0348792465883028,0.0392376749721743
"D3","JinHua_216",0,4,3,0.142156814170933,0.190407401921672
"D3","JinHua_220",0,4,3,0.195167994191806,0.179143147229636
"D3","JinHua_28",0,4,3,0.0290087467530589,0.0320273958231175
"D3","JinHua_33",0,4,3,0.0502282747437692,0.0779948472206346
"D3","JinHua_39",0,4,3,0.341787747591959,0.347549791013965
"D3","JinHua_4",0,4,3,0.0718291202557675,0.0638287546109534
"D3","JinHua_42",0,4,3,0.0601270591722336,0.0728291304179655
"D3","JinHua_50",0,4,3,0.142156814170933,0.117782473600115
"D3","JinHua_52",0,4,3,0.261911862701028,0.324874654867884
"D3","JinHua_55",0,4,3,0.0856012351479367,0.079601335497838
"D3","JinHua_59",0,4,3,0.120484573728592,0.160963086780943
"D3","JinHua_60",1,4,3,0.0601270591722336,0.0693649015033995
"D3","JinHua_63",0,4,3,0.142156814170933,0.164237359117977
"D3","JinHua_64",0,4,3,0.0601270591722336,0.0655426110258871
"D3","JinHua_72",0,4,3,0.101724538542686,0.102697372504818
"D3","JinHua_73",0,4,3,0.101724538542686,0.0937467532088852
"D3","JinHua_88",0,4,3,0.120484573728592,0.143522139011947
"D3","JinHua_93",1,4,3,0.300336421979687,0.286418630421559
"D3","JinHua_97",0,4,3,0.0856012351479367,0.108590107809778
"D3","SSR_11",1,4,3,0.0856012351479367,0.0706752721959642
"D3","SSR_114",0,4,3,0.0502282747437692,0.0548091583098921
"D3","SSR_118",0,4,3,0.0418865110548374,0.0385773741652612
"D3","SSR_127",0,4,3,0.0856012351479367,0.095840435101017
"D3","SSR_129",0,4,3,0.0718291202557675,0.0791435785825728
"D3","SSR_14",1,4,3,0.0718291202557675,0.0500650004287586
"D3","SSR_143",1,4,3,0.300336421979687,0.260304039582104
"D3","SSR_145",0,4,3,0.195167994191806,0.24779156471848
"D3","SSR_151",0,4,3,0.226809669651768,0.218634178841944
"D3","SSR_154",1,4,3,0.142156814170933,0.128418035502699
"D3","SSR_16",0,4,3,0.142156814170933,0.0829165545651563
"D3","SSR_162",0,4,3,0.101724538542686,0.109777003560833
"D3","SSR_166",0,4,3,0.120484573728592,0.0902171005835065
"D3","SSR_17",0,4,3,0.0348792465883028,0.0219663564481902
"D3","SSR_171",0,4,3,0.101724538542686,0.0815211050122698
"D3","SSR_179",0,4,3,0.0718291202557675,0.0762572328394705
"D3","SSR_21",0,4,3,0.0348792465883028,0.0177711033256705
"D3","SSR_22",0,4,3,0.120484573728592,0.0984502853562126
"D3","SSR_24",0,4,3,0.0418865110548374,0.0353411353770634
"D3","SSR_25",0,4,3,0.0290087467530589,0.0170444972721246
"D3","SSR_28",0,4,3,0.0601270591722336,0.0715229107318362
"D3","SSR_31",0,4,3,0.0418865110548374,0.0586715736351353
"D3","SSR_33",0,4,3,0.0502282747437692,0.0495291576404606
"D3","SSR_34",0,4,3,0.101724538542686,0.0883754619380935
"D3","SSR_38",0,4,3,0.300336421979687,0.34380736771737
"D3","SSR_40",0,4,3,0.0502282747437692,0.0640713602471002
"D3","SSR_42",0,4,3,0.0718291202557675,0.06896764608292
"D3","SSR_48",0,4,3,0.0718291202557675,0.059709506913019
"D3","SSR_57",0,4,3,0.101724538542686,0.102066317349035
"D3","SSR_68",0,4,3,0.166987219317255,0.137654189644085
"D3","SSR_74",0,4,3,0.0601270591722336,0.0526012434357245
"D3","SSR_78",0,4,3,0.0601270591722336,0.0436301808856516
"D3","SSR_79",0,4,3,0.120484573728592,0.0927749049855576
"D3","JinHua_102",0,4,4,0.050792888258975,0.0507959305311391
"D3","JinHua_105",0,4,4,0.0860413294452551,0.0860434009469929
"D3","JinHua_108",0,4,4,0.0723417519471437,0.0723443419877187
"D3","JinHua_113",0,4,4,0.050792888258975,0.0507959305311391
"D3","JinHua_115",1,4,4,0.382272426475588,0.382249714407321
"D3","JinHua_120",0,4,4,0.102049840425104,0.102051131537425
"D3","JinHua_121",1,4,4,0.0860413294452551,0.0860434009469929
"D3","JinHua_124",0,4,4,0.050792888258975,0.0507959305311391
"D3","JinHua_133",0,4,4,0.0723417519471437,0.0723443419877187
"D3","JinHua_14",0,4,4,0.0860413294452551,0.0860434009469929
"D3","JinHua_148",0,4,4,0.0860413294452551,0.0860434009469929
"D3","JinHua_149",0,4,4,0.0723417519471437,0.0723443419877187
"D3","JinHua_150",0,4,4,0.0295182541255455,0.0295211148255545
"D3","JinHua_155",0,4,4,0.050792888258975,0.0507959305311391
"D3","JinHua_157",0,4,4,0.050792888258975,0.0507959305311391
"D3","JinHua_18",0,4,4,0.0860413294452551,0.0860434009469929
"D3","JinHua_190",0,4,4,0.142089270221808,0.14208800062254
"D3","JinHua_194",0,4,4,0.0860413294452551,0.0860434009469929
"D3","JinHua_199",1,4,4,0.050792888258975,0.0507959305311391
"D3","JinHua_20",0,4,4,0.0606786175063268,0.0606815156589086
"D3","JinHua_204",0,4,4,0.194436592209562,0.194431122741975
"D3","JinHua_205",0,4,4,0.0723417519471437,0.0723443419877187
"D3","JinHua_208",0,4,4,0.0606786175063268,0.0606815156589086
"D3","JinHua_21",0,4,4,0.0860413294452551,0.0860434009469929
"D3","JinHua_213",0,4,4,0.0723417519471437,0.0723443419877187
"D3","JinHua_215",0,4,4,0.0860413294452551,0.0860434009469929
"D3","JinHua_218",0,4,4,0.050792888258975,0.0507959305311391
"D3","JinHua_223",0,4,4,0.0606786175063268,0.0606815156589086
"D3","JinHua_32",1,4,4,0.194436592209562,0.194431122741975
"D3","JinHua_41",0,4,4,0.050792888258975,0.0507959305311391
"D3","JinHua_43",0,4,4,0.102049840425104,0.102051131537425
"D3","JinHua_6",0,4,4,0.0295182541255455,0.0295211148255545
"D3","JinHua_65",0,4,4,0.120643668833543,0.120643863740614
"D3","JinHua_68",0,4,4,0.120643668833543,0.120643863740614
"D3","JinHua_69",0,4,4,0.050792888258975,0.0507959305311391
"D3","JinHua_75",0,4,4,0.050792888258975,0.0507959305311391
"D3","JinHua_8",0,4,4,0.042444960031966,0.0424480226675135
"D3","JinHua_81",0,4,4,0.0606786175063268,0.0606815156589086
"D3","JinHua_94",0,4,4,0.166624690807713,0.166621543205334
"D3","JinHua_96",0,4,4,0.142089270221808,0.14208800062254
"D3","SSR_102",0,4,4,0.0354178394551796,0.0354208324149703
"D3","SSR_108",0,4,4,0.042444960031966,0.0424480226675135
"D3","SSR_111",0,4,4,0.142089270221808,0.14208800062254
"D3","SSR_117",0,4,4,0.0606786175063268,0.0606815156589086
"D3","SSR_12",0,4,4,0.0860413294452551,0.0860434009469929
"D3","SSR_121",0,4,4,0.0860413294452551,0.0860434009469929
"D3","SSR_125",0,4,4,0.166624690807713,0.166621543205334
"D3","SSR_13",0,4,4,0.120643668833543,0.120643863740614
"D3","SSR_131",0,4,4,0.142089270221808,0.14208800062254
"D3","SSR_132",0,4,4,0.142089270221808,0.14208800062254
"D3","SSR_134",0,4,4,0.102049840425104,0.102051131537425
"D3","SSR_135",0,4,4,0.042444960031966,0.0424480226675135
"D3","SSR_146",0,4,4,0.0860413294452551,0.0860434009469929
"D3","SSR_152",0,4,4,0.102049840425104,0.102051131537425
"D3","SSR_157",0,4,4,0.166624690807713,0.166621543205334
"D3","SSR_164",0,4,4,0.0606786175063268,0.0606815156589086
"D3","SSR_18",0,4,4,0.382272426475588,0.382249714407321
"D3","SSR_183",1,4,4,0.613395511241186,0.613358174258515
"D3","SSR_2",0,4,4,0.166624690807713,0.166621543205334
"D3","SSR_35",1,4,4,0.0723417519471437,0.0723443419877187
"D3","SSR_46",0,4,4,0.0860413294452551,0.0860434009469929
"D3","SSR_5",0,4,4,0.102049840425104,0.102051131537425
"D3","SSR_50",0,4,4,0.120643668833543,0.120643863740614
"D3","SSR_60",0,4,4,0.142089270221808,0.14208800062254
"D3","SSR_61",0,4,4,0.225633817794388,0.225625575830816
"D3","SSR_64",0,4,4,0.142089270221808,0.14208800062254
"D3","SSR_80",1,4,4,0.050792888258975,0.0507959305311391
"D3","SSR_9",0,4,4,0.120643668833543,0.120643863740614
"D3","SSR_94",0,4,4,0.0606786175063268,0.0606815156589086
"D3","JinHua_118",0,4,5,0.118736501185669,0.118736681455725
"D3","JinHua_126",0,4,5,0.0730261605155718,0.0730282868952375
"D3","JinHua_131",0,4,5,0.0618038430069041,0.0618062382453169
"D3","JinHua_132",0,4,5,0.0262261267928873,0.0262284454906765
"D3","JinHua_138",1,4,5,0.0860992161834462,0.0861009091530509
"D3","JinHua_140",0,4,5,0.0618038430069041,0.0618062382453169
"D3","JinHua_141",0,4,5,0.0860992161834462,0.0861009091530509
"D3","JinHua_143",0,4,5,0.118736501185669,0.118736681455725
"D3","JinHua_15",0,4,5,0.0730261605155718,0.0730282868952375
"D3","JinHua_153",0,4,5,0.247867081981386,0.247858178533141
"D3","JinHua_159",0,4,5,0.0370886200433742,0.0370911556286812
"D3","JinHua_163",0,4,5,0.0730261605155718,0.0730282868952375
"D3","JinHua_165",0,4,5,0.0370886200433742,0.0370911556286812
"D3","JinHua_168",0,4,5,0.0522089861003657,0.0522115198973704
"D3","JinHua_170",1,4,5,0.282694601686973,0.282682910713475
"D3","JinHua_174",0,4,5,0.0730261605155718,0.0730282868952375
"D3","JinHua_175",0,4,5,0.0440337889202678,0.0440363609959848
"D3","JinHua_178",0,4,5,0.138767574179868,0.13876659736441
"D3","JinHua_185",0,4,5,0.0370886200433742,0.0370911556286812
"D3","JinHua_186",0,4,5,0.0618038430069041,0.0618062382453169
"D3","JinHua_193",0,4,5,0.0312031135389356,0.0312055589773012
"D3","JinHua_207",0,4,5,0.101256952055825,0.10125800943944
"D3","JinHua_210",0,4,5,0.0730261605155718,0.0730282868952375
"D3","JinHua_214",0,4,5,0.101256952055825,0.10125800943944
"D3","JinHua_219",0,4,5,0.0440337889202678,0.0440363609959848
"D3","JinHua_224",0,4,5,0.101256952055825,0.10125800943944
"D3","JinHua_23",0,4,5,0.0618038430069041,0.0618062382453169
"D3","JinHua_25",1,4,5,0.161558417662053,0.161555970005047
"D3","JinHua_26",0,4,5,0.0440337889202678,0.0440363609959848
"D3","JinHua_31",0,4,5,0.247867081981386,0.247858178533141
"D3","JinHua_35",0,4,5,0.0730261605155718,0.0730282868952375
"D3","JinHua_40",0,4,5,0.0370886200433742,0.0370911556286812
"D3","JinHua_44",0,4,5,0.118736501185669,0.118736681455725
"D3","JinHua_49",0,4,5,0.0730261605155718,0.0730282868952375
"D3","JinHua_5",0,4,5,0.0370886200433742,0.0370911556286812
"D3","JinHua_51",0,4,5,0.247867081981386,0.247858178533141
"D3","JinHua_53",0,4,5,0.0312031135389356,0.0312055589773012
"D3","JinHua_70",0,4,5,0.118736501185669,0.118736681455725
"D3","JinHua_77",0,4,5,0.0860992161834462,0.0861009091530509
"D3","JinHua_79",0,4,5,0.0312031135389356,0.0312055589773012
"D3","JinHua_80",0,4,5,0.187278418399787,0.187274161875337
"D3","JinHua_82",0,4,5,0.0730261605155718,0.0730282868952375
"D3","JinHua_87",0,4,5,0.138767574179868,0.13876659736441
"D3","JinHua_91",1,4,5,0.118736501185669,0.118736681455725
"D3","JinHua_99",0,4,5,0.0860992161834462,0.0861009091530509
"D3","SSR_120",0,4,5,0.101256952055825,0.10125800943944
"D3","SSR_130",0,4,5,0.161558417662053,0.161555970005047
"D3","SSR_139",0,4,5,0.118736501185669,0.118736681455725
"D3","SSR_144",1,4,5,0.0440337889202678,0.0440363609959848
"D3","SSR_158",1,4,5,0.118736501185669,0.118736681455725
"D3","SSR_165",0,4,5,0.118736501185669,0.118736681455725
"D3","SSR_167",0,4,5,0.0370886200433742,0.0370911556286812
"D3","SSR_169",0,4,5,0.0860992161834462,0.0861009091530509
"D3","SSR_170",0,4,5,0.138767574179868,0.13876659736441
"D3","SSR_174",0,4,5,0.138767574179868,0.13876659736441
"D3","SSR_20",0,4,5,0.0522089861003657,0.0522115198973704
"D3","SSR_23",0,4,5,0.0618038430069041,0.0618062382453169
"D3","SSR_26",0,4,5,0.118736501185669,0.118736681455725
"D3","SSR_29",0,4,5,0.0730261605155718,0.0730282868952375
"D3","SSR_30",0,4,5,0.0618038430069041,0.0618062382453169
"D3","SSR_32",0,4,5,0.0860992161834462,0.0861009091530509
"D3","SSR_37",0,4,5,0.0618038430069041,0.0618062382453169
"D3","SSR_41",0,4,5,0.101256952055825,0.10125800943944
"D3","SSR_53",0,4,5,0.0860992161834462,0.0861009091530509
"D3","SSR_58",0,4,5,0.138767574179868,0.13876659736441
"D3","SSR_59",1,4,5,0.282694601686973,0.282682910713475
"D3","SSR_62",0,4,5,0.118736501185669,0.118736681455725
"D3","SSR_75",0,4,5,0.216037985622484,0.21603157314103
"D3","SSR_83",0,4,5,0.118736501185669,0.118736681455725
"D3","JinHua_108",0,5,1,0.0648838705840957,0.0648898534075882
"D3","JinHua_11",0,5,1,0.0780876147911036,0.078092717357965
"D3","JinHua_128",0,5,1,0.0444901389034896,0.0444966882378757
"D3","JinHua_134",0,5,1,0.0648838705840957,0.0648898534075882
"D3","JinHua_136",0,5,1,0.0537824865051768,0.0537889156408899
"D3","JinHua_139",0,5,1,0.0537824865051768,0.0537889156408899
"D3","JinHua_152",0,5,1,0.0780876147911036,0.078092717357965
"D3","JinHua_156",1,5,1,0.0780876147911036,0.078092717357965
"D3","JinHua_163",0,5,1,0.0648838705840957,0.0648898534075882
"D3","JinHua_169",0,5,1,0.0249567791404863,0.0249625524710125
"D3","JinHua_17",0,5,1,0.0444901389034896,0.0444966882378757
"D3","JinHua_179",1,5,1,0.186736887252013,0.186726598706858
"D3","JinHua_190",0,5,1,0.133511647993352,0.133510225219364
"D3","JinHua_20",0,5,1,0.0537824865051768,0.0537889156408899
"D3","JinHua_201",0,5,1,0.0302986971529486,0.0303048530828908
"D3","JinHua_209",0,5,1,0.0367409498452258,0.0367473836759794
"D3","JinHua_213",0,5,1,0.0648838705840957,0.0648898534075882
"D3","JinHua_23",0,5,1,0.0537824865051768,0.0537889156408899
"D3","JinHua_27",1,5,1,0.0780876147911036,0.078092717357965
"D3","JinHua_33",0,5,1,0.0444901389034896,0.0444966882378757
"D3","JinHua_41",0,5,1,0.0444901389034896,0.0444966882378757
"D3","JinHua_43",0,5,1,0.0937090348719987,0.0937126997039492
"D3","JinHua_45",0,5,1,0.0537824865051768,0.0537889156408899
"D3","JinHua_48",0,5,1,0.0648838705840957,0.0648898534075882
"D3","JinHua_5",0,5,1,0.0302986971529486,0.0303048530828908
"D3","JinHua_56",0,5,1,0.0249567791404863,0.0249625524710125
"D3","JinHua_60",1,5,1,0.0537824865051768,0.0537889156408899
"D3","JinHua_63",0,5,1,0.133511647993352,0.133510225219364
"D3","JinHua_69",0,5,1,0.0444901389034896,0.0444966882378757
"D3","JinHua_72",0,5,1,0.0937090348719987,0.0937126997039492
"D3","JinHua_74",0,5,1,0.0367409498452258,0.0367473836759794
"D3","JinHua_75",0,5,1,0.0444901389034896,0.0444966882378757
"D3","JinHua_79",0,5,1,0.0249567791404863,0.0249625524710125
"D3","JinHua_87",0,5,1,0.133511647993352,0.133510225219364
"D3","JinHua_89",0,5,1,0.0444901389034896,0.0444966882378757
"D3","JinHua_93",1,5,1,0.294631425805374,0.294600061136623
"D3","JinHua_94",0,5,1,0.158316612810725,0.158311279622435
"D3","JinHua_96",0,5,1,0.133511647993352,0.133510225219364
"D3","SSR_11",1,5,1,0.0780876147911036,0.078092717357965
"D3","SSR_111",0,5,1,0.133511647993352,0.133510225219364
"D3","SSR_121",0,5,1,0.0780876147911036,0.078092717357965
"D3","SSR_124",0,5,1,0.0780876147911036,0.078092717357965
"D3","SSR_135",0,5,1,0.0367409498452258,0.0367473836759794
"D3","SSR_144",1,5,1,0.0367409498452258,0.0367473836759794
"D3","SSR_146",0,5,1,0.0780876147911036,0.078092717357965
"D3","SSR_150",0,5,1,0.0937090348719987,0.0937126997039492
"D3","SSR_152",0,5,1,0.0937090348719987,0.0937126997039492
"D3","SSR_158",1,5,1,0.112075608939949,0.11207714411384
"D3","SSR_162",0,5,1,0.0937090348719987,0.0937126997039492
"D3","SSR_163",0,5,1,0.0444901389034896,0.0444966882378757
"D3","SSR_167",0,5,1,0.0302986971529486,0.0303048530828908
"D3","SSR_174",0,5,1,0.133511647993352,0.133510225219364
"D3","SSR_22",0,5,1,0.112075608939949,0.11207714411384
"D3","SSR_24",0,5,1,0.0367409498452258,0.0367473836759794
"D3","SSR_29",0,5,1,0.0648838705840957,0.0648898534075882
"D3","SSR_3",0,5,1,0.0367409498452258,0.0367473836759794
"D3","SSR_37",0,5,1,0.0537824865051768,0.0537889156408899
"D3","SSR_38",0,5,1,0.294631425805374,0.294600061136623
"D3","SSR_40",0,5,1,0.0444901389034896,0.0444966882378757
"D3","SSR_48",0,5,1,0.0648838705840957,0.0648898534075882
"D3","SSR_50",0,5,1,0.112075608939949,0.11207714411384
"D3","SSR_52",0,5,1,0.0537824865051768,0.0537889156408899
"D3","SSR_56",0,5,1,0.0648838705840957,0.0648898534075882
"D3","SSR_60",0,5,1,0.133511647993352,0.133510225219364
"D3","SSR_61",0,5,1,0.218931979610177,0.218915653923283
"D3","SSR_62",0,5,1,0.112075608939949,0.11207714411384
"D3","SSR_71",0,5,1,0.133511647993352,0.133510225219364
"D3","SSR_75",0,5,1,0.218931979610177,0.218915653923283
"D3","SSR_83",0,5,1,0.112075608939949,0.11207714411384
"D3","SSR_95",0,5,1,0.186736887252013,0.186726598706858
"D3","SSR_98",0,5,1,0.0648838705840957,0.0648898534075882
"D3","JinHua_100",0,5,2,0.0781101730460653,0.0781109580953655
"D3","JinHua_102",0,5,2,0.0562342711592292,0.0562352817228264
"D3","JinHua_106",0,5,2,0.0562342711592292,0.0562352817228264
"D3","JinHua_110",0,5,2,0.0475899222780372,0.0475909697887646
"D3","JinHua_113",0,5,2,0.0562342711592292,0.0562352817228264
"D3","JinHua_115",1,5,2,0.370038540436694,0.370030646586086
"D3","JinHua_119",0,5,2,0.0917641550533258,0.0917647244969864
"D3","JinHua_133",0,5,2,0.0781101730460653,0.0781109580953655
"D3","JinHua_140",0,5,2,0.0663394307531635,0.0663403580799815
"D3","JinHua_148",0,5,2,0.0917641550533258,0.0917647244969864
"D3","JinHua_149",0,5,2,0.0781101730460653,0.0781109580953655
"D3","JinHua_151",0,5,2,0.0562342711592292,0.0562352817228264
"D3","JinHua_16",0,5,2,0.225107922827015,0.225104855410518
"D3","JinHua_167",0,5,2,0.033946913702298,0.033947938544773
"D3","JinHua_168",0,5,2,0.0562342711592292,0.0562352817228264
"D3","JinHua_171",0,5,2,0.0917641550533258,0.0917647244969864
"D3","JinHua_177",0,5,2,0.0917641550533258,0.0917647244969864
"D3","JinHua_18",0,5,2,0.0917641550533258,0.0917647244969864
"D3","JinHua_181",0,5,2,0.107526523553506,0.107526788693335
"D3","JinHua_19",0,5,2,0.0562342711592292,0.0562352817228264
"D3","JinHua_210",0,5,2,0.0781101730460653,0.0781109580953655
"D3","JinHua_212",0,5,2,0.0781101730460653,0.0781109580953655
"D3","JinHua_22",0,5,2,0.0917641550533258,0.0917647244969864
"D3","JinHua_225",1,5,2,0.411921318776715,0.411912129853457
"D3","JinHua_31",0,5,2,0.257286382795996,0.257282244837866
"D3","JinHua_4",0,5,2,0.0781101730460653,0.0781109580953655
"D3","JinHua_46",0,5,2,0.0475899222780372,0.0475909697887646
"D3","JinHua_49",0,5,2,0.0781101730460653,0.0781109580953655
"D3","JinHua_61",0,5,2,0.107526523553506,0.107526788693335
"D3","JinHua_66",0,5,2,0.0781101730460653,0.0781109580953655
"D3","JinHua_76",0,5,2,0.0475899222780372,0.0475909697887646
"D3","JinHua_80",0,5,2,0.195892503429098,0.195890374504659
"D3","JinHua_82",0,5,2,0.0781101730460653,0.0781109580953655
"D3","JinHua_91",1,5,2,0.125621913972976,0.125621770444635
"D3","JinHua_97",0,5,2,0.0917641550533258,0.0917647244969864
"D3","JinHua_99",0,5,2,0.0917641550533258,0.0917647244969864
"D3","SSR_1",0,5,2,0.0781101730460653,0.0781109580953655
"D3","SSR_10",0,5,2,0.292329365476462,0.292324043868388
"D3","SSR_101",0,5,2,0.0917641550533258,0.0917647244969864
"D3","SSR_103",0,5,2,0.499004445685,0.498992927708199
"D3","SSR_115",0,5,2,0.0562342711592292,0.0562352817228264
"D3","SSR_120",0,5,2,0.107526523553506,0.107526788693335
"D3","SSR_129",0,5,2,0.0781101730460653,0.0781109580953655
"D3","SSR_14",1,5,2,0.0781101730460653,0.0781109580953655
"D3","SSR_15",0,5,2,0.0663394307531635,0.0663403580799815
"D3","SSR_151",0,5,2,0.225107922827015,0.225104855410518
"D3","SSR_16",0,5,2,0.146263466572659,0.146262795236133
"D3","SSR_164",0,5,2,0.0663394307531635,0.0663403580799815
"D3","SSR_170",0,5,2,0.146263466572659,0.146262795236133
"D3","SSR_172",0,5,2,0.0781101730460653,0.0781109580953655
"D3","SSR_175",0,5,2,0.107526523553506,0.107526788693335
"D3","SSR_182",0,5,2,0.54290444386073,0.54289200071587
"D3","SSR_183",1,5,2,0.586148012810445,0.586134862262882
"D3","SSR_23",0,5,2,0.0663394307531635,0.0663403580799815
"D3","SSR_25",0,5,2,0.033946913702298,0.033947938544773
"D3","SSR_30",0,5,2,0.0663394307531635,0.0663403580799815
"D3","SSR_31",0,5,2,0.0475899222780372,0.0475909697887646
"D3","SSR_35",1,5,2,0.0781101730460653,0.0781109580953655
"D3","SSR_41",0,5,2,0.107526523553506,0.107526788693335
"D3","SSR_46",0,5,2,0.0917641550533258,0.0917647244969864
"D3","SSR_5",0,5,2,0.107526523553506,0.107526788693335
"D3","SSR_51",0,5,2,0.125621913972976,0.125621770444635
"D3","SSR_58",0,5,2,0.146263466572659,0.146262795236133
"D3","SSR_59",1,5,2,0.292329365476462,0.292324043868388
"D3","SSR_6",0,5,2,0.146263466572659,0.146262795236133
"D3","SSR_63",0,5,2,0.0475899222780372,0.0475909697887646
"D3","SSR_68",0,5,2,0.169638704937009,0.169637374384582
"D3","SSR_78",0,5,2,0.0663394307531635,0.0663403580799815
"D3","SSR_9",0,5,2,0.125621913972976,0.125621770444635
"D3","SSR_90",0,5,2,0.0475899222780372,0.0475909697887646
"D3","JinHua_104",0,5,3,0.157145209196822,0.157144109226002
"D3","JinHua_105",0,5,3,0.0899735686517236,0.0899742064246562
"D3","JinHua_120",0,5,3,0.103830074748056,0.103830425148587
"D3","JinHua_121",1,5,3,0.0899735686517236,0.0899742064246562
"D3","JinHua_123",1,5,3,0.0778057161538928,0.0778065637472258
"D3","JinHua_124",0,5,3,0.0578828950494848,0.0578839780618099
"D3","JinHua_131",0,5,3,0.067161974875731,0.0671629670446223
"D3","JinHua_14",0,5,3,0.0899735686517236,0.0899742064246562
"D3","JinHua_141",0,5,3,0.0899735686517236,0.0899742064246562
"D3","JinHua_146",0,5,3,0.103830074748056,0.103830425148587
"D3","JinHua_150",0,5,3,0.036775394431889,0.0367765255148641
"D3","JinHua_153",0,5,3,0.230786690834229,0.230783073742511
"D3","JinHua_155",0,5,3,0.0578828950494848,0.0578839780618099
"D3","JinHua_157",0,5,3,0.0578828950494848,0.0578839780618099
"D3","JinHua_161",0,5,3,0.067161974875731,0.0671629670446223
"D3","JinHua_165",0,5,3,0.0428245854689503,0.0428257294011577
"D3","JinHua_166",0,5,3,0.067161974875731,0.0671629670446223
"D3","JinHua_172",0,5,3,0.036775394431889,0.0367765255148641
"D3","JinHua_173",1,5,3,0.291789687721089,0.291783814323839
"D3","JinHua_178",0,5,3,0.137263398570761,0.137262891573456
"D3","JinHua_180",0,5,3,0.0498173465641638,0.0498184771056959
"D3","JinHua_182",0,5,3,0.067161974875731,0.0671629670446223
"D3","JinHua_185",0,5,3,0.0428245854689503,0.0428257294011577
"D3","JinHua_186",0,5,3,0.067161974875731,0.0671629670446223
"D3","JinHua_194",0,5,3,0.0899735686517236,0.0899742064246562
"D3","JinHua_195",0,5,3,0.0428245854689503,0.0428257294011577
"D3","JinHua_198",0,5,3,0.0899735686517236,0.0899742064246562
"D3","JinHua_204",0,5,3,0.179308264543366,0.179306450357721
"D3","JinHua_208",0,5,3,0.067161974875731,0.0671629670446223
"D3","JinHua_21",0,5,3,0.0899735686517236,0.0899742064246562
"D3","JinHua_214",0,5,3,0.103830074748056,0.103830425148587
"D3","JinHua_219",0,5,3,0.0498173465641638,0.0498184771056959
"D3","JinHua_220",0,5,3,0.179308264543366,0.179306450357721
"D3","JinHua_222",0,5,3,0.0778057161538928,0.0778065637472258
"D3","JinHua_223",0,5,3,0.067161974875731,0.0671629670446223
"D3","JinHua_29",0,5,3,0.103830074748056,0.103830425148587
"D3","JinHua_3",0,5,3,0.0899735686517236,0.0899742064246562
"D3","JinHua_30",0,5,3,0.0778057161538928,0.0778065637472258
"D3","JinHua_32",1,5,3,0.179308264543366,0.179306450357721
"D3","JinHua_34",0,5,3,0.067161974875731,0.0671629670446223
"D3","JinHua_36",1,5,3,0.157145209196822,0.157144109226002
"D3","JinHua_52",0,5,3,0.230786690834229,0.230783073742511
"D3","JinHua_59",0,5,3,0.119540252471509,0.119540225341376
"D3","JinHua_70",0,5,3,0.119540252471509,0.119540225341376
"D3","JinHua_77",0,5,3,0.0899735686517236,0.0899742064246562
"D3","JinHua_78",0,5,3,0.0498173465641638,0.0498184771056959
"D3","JinHua_81",0,5,3,0.067161974875731,0.0671629670446223
"D3","JinHua_95",0,5,3,0.0498173465641638,0.0498184771056959
"D3","SSR_102",0,5,3,0.0428245854689503,0.0428257294011577
"D3","SSR_105",0,5,3,0.0778057161538928,0.0778065637472258
"D3","SSR_106",0,5,3,0.067161974875731,0.0671629670446223
"D3","SSR_125",0,5,3,0.157145209196822,0.157144109226002
"D3","SSR_131",0,5,3,0.137263398570761,0.137262891573456
"D3","SSR_139",0,5,3,0.119540252471509,0.119540225341376
"D3","SSR_143",1,5,3,0.260130358356616,0.260125662523762
"D3","SSR_161",0,5,3,0.179308264543366,0.179306450357721
"D3","SSR_17",0,5,3,0.0428245854689503,0.0428257294011577
"D3","SSR_179",0,5,3,0.0778057161538928,0.0778065637472258
"D3","SSR_21",0,5,3,0.0428245854689503,0.0428257294011577
"D3","SSR_28",0,5,3,0.067161974875731,0.0671629670446223
"D3","SSR_32",0,5,3,0.0899735686517236,0.0899742064246562
"D3","SSR_47",0,5,3,0.230786690834229,0.230783073742511
"D3","SSR_53",0,5,3,0.0899735686517236,0.0899742064246562
"D3","SSR_54",0,5,3,0.179308264543366,0.179306450357721
"D3","SSR_57",0,5,3,0.103830074748056,0.103830425148587
"D3","SSR_67",0,5,3,0.0428245854689503,0.0428257294011577
"D3","SSR_7",0,5,3,0.067161974875731,0.0671629670446223
"D3","SSR_76",1,5,3,0.203841140609411,0.203838486888756
"D3","SSR_79",0,5,3,0.119540252471509,0.119540225341376
"D3","SSR_8",0,5,3,0.0778057161538928,0.0778065637472258
"D3","JinHua_1",0,5,4,0.0446926627436822,0.0426420214103506
"D3","JinHua_10",1,5,4,0.080636985382694,0.0784756429390816
"D3","JinHua_103",0,5,4,0.275434296607643,0.248050762620584
"D3","JinHua_107",0,5,4,0.0664078947812024,0.0692309465743961
"D3","JinHua_111",0,5,4,0.0664078947812024,0.0634068686850682
"D3","JinHua_114",0,5,4,0.0243463932858764,0.0279167855754904
"D3","JinHua_117",0,5,4,0.0446926627436822,0.0429218003723682
"D3","JinHua_12",0,5,4,0.097596194868507,0.112979176107762
"D3","JinHua_122",0,5,4,0.097596194868507,0.0845172263000837
"D3","JinHua_13",0,5,4,0.467739090031477,0.51567090728527
"D3","JinHua_137",0,5,4,0.080636985382694,0.0916710753492579
"D3","JinHua_143",0,5,4,0.117665690400259,0.131268244659855
"D3","JinHua_144",1,5,4,0.117665690400259,0.121515689210568
"D3","JinHua_145",0,5,4,0.0365540709315654,0.0383254035783567
"D3","JinHua_15",0,5,4,0.0664078947812024,0.0654254709029525
"D3","JinHua_158",0,5,4,0.0298512165497074,0.0274466002997995
"D3","JinHua_159",0,5,4,0.0298512165497074,0.0286134148182927
"D3","JinHua_170",1,5,4,0.319140768525608,0.287483031742815
"D3","JinHua_174",0,5,4,0.0664078947812024,0.081326195248781
"D3","JinHua_183",0,5,4,0.0545406952655684,0.0516928755336589
"D3","JinHua_189",0,5,4,0.0446926627436822,0.0429029915883568
"D3","JinHua_193",0,5,4,0.0243463932858764,0.0217539175890059
"D3","JinHua_2",0,5,4,0.080636985382694,0.0840437566788597
"D3","JinHua_206",0,5,4,0.0365540709315654,0.0524427086681945
"D3","JinHua_216",0,5,4,0.141216399782359,0.151970096482068
"D3","JinHua_217",0,5,4,0.0298512165497074,0.0345480109450961
"D3","JinHua_221",0,5,4,0.0446926627436822,0.0491011188605686
"D3","JinHua_25",1,5,4,0.168580168932853,0.181212908557095
"D3","JinHua_26",0,5,4,0.0365540709315654,0.0448507898759108
"D3","JinHua_35",0,5,4,0.0664078947812024,0.0940013066720779
"D3","JinHua_38",0,5,4,0.416119659389541,0.389900349695129
"D3","JinHua_39",0,5,4,0.366276727412535,0.390284947439265
"D3","JinHua_40",0,5,4,0.0298512165497074,0.0353381571654273
"D3","JinHua_53",0,5,4,0.0243463932858764,0.0222511276355759
"D3","JinHua_55",0,5,4,0.080636985382694,0.0825573748569864
"D3","JinHua_57",0,5,4,0.141216399782359,0.162994555169508
"D3","JinHua_6",0,5,4,0.0243463932858764,0.0237026503044875
"D3","JinHua_64",0,5,4,0.0545406952655684,0.0615710578978108
"D3","JinHua_67",0,5,4,0.141216399782359,0.125171141942912
"D3","JinHua_68",0,5,4,0.117665690400259,0.10736737824718
"D3","JinHua_8",0,5,4,0.0365540709315654,0.0295769385925509
"D3","JinHua_84",1,5,4,0.0664078947812024,0.0759453704150863
"D3","JinHua_86",0,5,4,0.0365540709315654,0.0348955613515654
"D3","JinHua_90",0,5,4,0.0298512165497074,0.0303702496566533
"D3","JinHua_92",0,5,4,0.0243463932858764,0.0199042619318282
"D3","SSR_114",0,5,4,0.0446926627436822,0.0589967291095385
"D3","SSR_12",0,5,4,0.080636985382694,0.0792935622106559
"D3","SSR_127",0,5,4,0.080636985382694,0.0795153642489065
"D3","SSR_128",0,5,4,0.0298512165497074,0.0252310102698565
"D3","SSR_13",0,5,4,0.117665690400259,0.105297572371024
"D3","SSR_130",0,5,4,0.168580168932853,0.148661950482984
"D3","SSR_140",0,5,4,0.0664078947812024,0.0541407173501678
"D3","SSR_157",0,5,4,0.168580168932853,0.185840494451141
"D3","SSR_169",0,5,4,0.080636985382694,0.0846441983701174
"D3","SSR_19",0,5,4,0.200011350916493,0.206829449435256
"D3","SSR_2",0,5,4,0.168580168932853,0.165069361407688
"D3","SSR_27",0,5,4,0.141216399782359,0.147946492944187
"D3","SSR_33",0,5,4,0.0446926627436822,0.0525654340599102
"D3","SSR_34",0,5,4,0.097596194868507,0.106792455090297
"D3","SSR_36",1,5,4,0.080636985382694,0.0999219746558208
"D3","SSR_39",0,5,4,0.097596194868507,0.110488513057173
"D3","SSR_4",0,5,4,0.141216399782359,0.138879349930161
"D3","SSR_42",0,5,4,0.0664078947812024,0.050636777226276
"D3","SSR_43",0,5,4,0.0446926627436822,0.0378392604384455
"D3","SSR_55",0,5,4,0.097596194868507,0.0702893767259515
"D3","SSR_64",0,5,4,0.141216399782359,0.144391450989822
"D3","SSR_70",0,5,4,0.080636985382694,0.0815285276786172
"D3","SSR_80",1,5,4,0.0446926627436822,0.0348669150339711
"D3","SSR_81",0,5,4,0.0298512165497074,0.0232758884459663
"D3","JinHua_101",0,5,5,0.0994061188081185,0.0994095410359331
"D3","JinHua_112",0,5,5,0.313805564487172,0.313771026988074
"D3","JinHua_116",0,5,5,0.271811287584295,0.271785157228973
"D3","JinHua_118",0,5,5,0.119121472338463,0.119122506064491
"D3","JinHua_126",0,5,5,0.0684995014801587,0.0685055618640053
"D3","JinHua_129",0,5,5,0.0316079212419703,0.0316143030298743
"D3","JinHua_132",0,5,5,0.0212824813639317,0.0212880065558951
"D3","JinHua_135",0,5,5,0.142129903644173,0.142127645128885
"D3","JinHua_138",1,5,5,0.0826476309520606,0.082652680567837
"D3","JinHua_147",0,5,5,0.025949923839993,0.0259559112357335
"D3","JinHua_160",0,5,5,0.168731174376793,0.168724596514179
"D3","JinHua_162",0,5,5,0.0467038160613276,0.0467105717124447
"D3","JinHua_175",0,5,5,0.0384508630172767,0.0384575222883044
"D3","JinHua_176",0,5,5,0.0826476309520606,0.082652680567837
"D3","JinHua_184",0,5,5,0.0316079212419703,0.0316143030298743
"D3","JinHua_188",0,5,5,0.0467038160613276,0.0467105717124447
"D3","JinHua_191",0,5,5,0.0467038160613276,0.0467105717124447
"D3","JinHua_192",0,5,5,0.142129903644173,0.142127645128885
"D3","JinHua_197",0,5,5,0.0467038160613276,0.0467105717124447
"D3","JinHua_199",1,5,5,0.0467038160613276,0.0467105717124447
"D3","JinHua_200",0,5,5,0.0566238393632607,0.0566304287966933
"D3","JinHua_203",0,5,5,0.0994061188081185,0.0994095410359331
"D3","JinHua_205",0,5,5,0.0684995014801587,0.0685055618640053
"D3","JinHua_207",0,5,5,0.0994061188081185,0.0994095410359331
"D3","JinHua_211",0,5,5,0.0994061188081185,0.0994095410359331
"D3","JinHua_215",0,5,5,0.0826476309520606,0.082652680567837
"D3","JinHua_218",0,5,5,0.0467038160613276,0.0467105717124447
"D3","JinHua_224",0,5,5,0.0994061188081185,0.0994095410359331
"D3","JinHua_24",0,5,5,0.199155364596715,0.199143359427109
"D3","JinHua_28",0,5,5,0.025949923839993,0.0259559112357335
"D3","JinHua_37",0,5,5,0.0826476309520606,0.082652680567837
"D3","JinHua_42",0,5,5,0.0566238393632607,0.0566304287966933
"D3","JinHua_44",0,5,5,0.119121472338463,0.119122506064491
"D3","JinHua_50",0,5,5,0.142129903644173,0.142127645128885
"D3","JinHua_51",0,5,5,0.271811287584295,0.271785157228973
"D3","JinHua_54",0,5,5,0.0826476309520606,0.082652680567837
"D3","JinHua_62",0,5,5,0.025949923839993,0.0259559112357335
"D3","JinHua_65",0,5,5,0.119121472338463,0.119122506064491
"D3","JinHua_7",0,5,5,0.0384508630172767,0.0384575222883044
"D3","JinHua_73",0,5,5,0.0994061188081185,0.0994095410359331
"D3","JinHua_83",1,5,5,0.168731174376793,0.168724596514179
"D3","JinHua_88",0,5,5,0.119121472338463,0.119122506064491
"D3","JinHua_9",0,5,5,0.0467038160613276,0.0467105717124447
"D3","SSR_108",0,5,5,0.0384508630172767,0.0384575222883044
"D3","SSR_117",0,5,5,0.0566238393632607,0.0566304287966933
"D3","SSR_118",0,5,5,0.0384508630172767,0.0384575222883044
"D3","SSR_132",0,5,5,0.142129903644173,0.142127645128885
"D3","SSR_134",0,5,5,0.0994061188081185,0.0994095410359331
"D3","SSR_145",0,5,5,0.199155364596715,0.199143359427109
"D3","SSR_154",1,5,5,0.142129903644173,0.142127645128885
"D3","SSR_159",0,5,5,0.0566238393632607,0.0566304287966933
"D3","SSR_165",0,5,5,0.119121472338463,0.119122506064491
"D3","SSR_166",0,5,5,0.119121472338463,0.119122506064491
"D3","SSR_171",0,5,5,0.0994061188081185,0.0994095410359331
"D3","SSR_173",1,5,5,0.199155364596715,0.199143359427109
"D3","SSR_177",0,5,5,0.0826476309520606,0.082652680567837
"D3","SSR_18",0,5,5,0.407029753649923,0.406977345015794
"D3","SSR_181",0,5,5,0.199155364596715,0.199143359427109
"D3","SSR_20",0,5,5,0.0467038160613276,0.0467105717124447
"D3","SSR_26",0,5,5,0.119121472338463,0.119122506064491
"D3","SSR_44",1,5,5,0.0684995014801587,0.0685055618640053
"D3","SSR_65",0,5,5,0.142129903644173,0.142127645128885
"D3","SSR_66",0,5,5,0.0684995014801587,0.0685055618640053
"D3","SSR_69",1,5,5,0.119121472338463,0.119122506064491
"D3","SSR_73",0,5,5,0.0684995014801587,0.0685055618640053
"D3","SSR_74",0,5,5,0.0566238393632607,0.0566304287966933
"D3","SSR_77",0,5,5,0.142129903644173,0.142127645128885
"D3","SSR_94",0,5,5,0.0566238393632607,0.0566304287966933
"D3","SSR_99",0,5,5,0.0994061188081185,0.0994095410359331
"D3","JinHua_108",0,6,1,0.066988142175249,0.0669927711219062
"D3","JinHua_113",0,6,1,0.0464606471498622,0.0464658469069917
"D3","JinHua_12",0,6,1,0.095675193791027,0.0956778548342773
"D3","JinHua_120",0,6,1,0.095675193791027,0.0956778548342773
"D3","JinHua_126",0,6,1,0.066988142175249,0.0669927711219062
"D3","JinHua_129",0,6,1,0.0320076951411544,0.0320126735470844
"D3","JinHua_131",0,6,1,0.0558435071930918,0.0558485538295613
"D3","JinHua_136",0,6,1,0.0558435071930918,0.0558485538295613
"D3","JinHua_138",1,6,1,0.0801680515097768,0.0801719161981438
"D3","JinHua_158",0,6,1,0.0320076951411544,0.0320126735470844
"D3","JinHua_159",0,6,1,0.0320076951411544,0.0320126735470844
"D3","JinHua_168",0,6,1,0.0464606471498622,0.0464658469069917
"D3","JinHua_17",0,6,1,0.0464606471498622,0.0464658469069917
"D3","JinHua_18",0,6,1,0.0801680515097768,0.0801719161981438
"D3","JinHua_183",0,6,1,0.0558435071930918,0.0558485538295613
"D3","JinHua_188",0,6,1,0.0464606471498622,0.0464658469069917
"D3","JinHua_198",0,6,1,0.0801680515097768,0.0801719161981438
"D3","JinHua_2",0,6,1,0.0801680515097768,0.0801719161981438
"D3","JinHua_213",0,6,1,0.066988142175249,0.0669927711219062
"D3","JinHua_222",0,6,1,0.066988142175249,0.0669927711219062
"D3","JinHua_28",0,6,1,0.0265172622448701,0.0265219691013061
"D3","JinHua_34",0,6,1,0.0558435071930918,0.0558485538295613
"D3","JinHua_35",0,6,1,0.066988142175249,0.0669927711219062
"D3","JinHua_37",0,6,1,0.0801680515097768,0.0801719161981438
"D3","JinHua_38",0,6,1,0.377140738609905,0.377102188008406
"D3","JinHua_4",0,6,1,0.066988142175249,0.0669927711219062
"D3","JinHua_41",0,6,1,0.0464606471498622,0.0464658469069917
"D3","JinHua_48",0,6,1,0.066988142175249,0.0669927711219062
"D3","JinHua_51",0,6,1,0.252898791926943,0.252880057425845
"D3","JinHua_53",0,6,1,0.0265172622448701,0.0265219691013061
"D3","JinHua_57",0,6,1,0.134871358873366,0.134869894659428
"D3","JinHua_75",0,6,1,0.0464606471498622,0.0464658469069917
"D3","JinHua_84",1,6,1,0.066988142175249,0.0669927711219062
"D3","JinHua_88",0,6,1,0.113810788785807,0.113811706927853
"D3","JinHua_90",0,6,1,0.0320076951411544,0.0320126735470844
"D3","JinHua_94",0,6,1,0.159129355094051,0.159124778791532
"D3","JinHua_95",0,6,1,0.0385898651811199,0.0385950231203808
"D3","SSR_105",0,6,1,0.066988142175249,0.0669927711219062
"D3","SSR_11",1,6,1,0.0801680515097768,0.0801719161981438
"D3","SSR_118",0,6,1,0.0385898651811199,0.0385950231203808
"D3","SSR_121",0,6,1,0.0801680515097768,0.0801719161981438
"D3","SSR_129",0,6,1,0.066988142175249,0.0669927711219062
"D3","SSR_130",0,6,1,0.159129355094051,0.159124778791532
"D3","SSR_132",0,6,1,0.134871358873366,0.134869894659428
"D3","SSR_145",0,6,1,0.186808282018769,0.186799797436124
"D3","SSR_151",0,6,1,0.218053196105462,0.218039981236974
"D3","SSR_154",1,6,1,0.134871358873366,0.134869894659428
"D3","SSR_157",0,6,1,0.159129355094051,0.159124778791532
"D3","SSR_164",0,6,1,0.0558435071930918,0.0558485538295613
"D3","SSR_173",1,6,1,0.186808282018769,0.186799797436124
"D3","SSR_174",0,6,1,0.134871358873366,0.134869894659428
"D3","SSR_175",0,6,1,0.095675193791027,0.0956778548342773
"D3","SSR_177",0,6,1,0.0801680515097768,0.0801719161981438
"D3","SSR_179",0,6,1,0.066988142175249,0.0669927711219062
"D3","SSR_19",0,6,1,0.186808282018769,0.186799797436124
"D3","SSR_29",0,6,1,0.066988142175249,0.0669927711219062
"D3","SSR_33",0,6,1,0.0464606471498622,0.0464658469069917
"D3","SSR_35",1,6,1,0.066988142175249,0.0669927711219062
"D3","SSR_36",1,6,1,0.0801680515097768,0.0801719161981438
"D3","SSR_39",0,6,1,0.095675193791027,0.0956778548342773
"D3","SSR_41",0,6,1,0.095675193791027,0.0956778548342773
"D3","SSR_42",0,6,1,0.066988142175249,0.0669927711219062
"D3","SSR_43",0,6,1,0.0464606471498622,0.0464658469069917
"D3","SSR_46",0,6,1,0.0801680515097768,0.0801719161981438
"D3","SSR_52",0,6,1,0.0558435071930918,0.0558485538295613
"D3","SSR_59",1,6,1,0.291238840958231,0.29121390414787
"D3","SSR_63",0,6,1,0.0385898651811199,0.0385950231203808
"D3","SSR_66",0,6,1,0.066988142175249,0.0669927711219062
"D3","SSR_68",0,6,1,0.159129355094051,0.159124778791532
"D3","SSR_71",0,6,1,0.134871358873366,0.134869894659428
"D3","SSR_83",0,6,1,0.113810788785807,0.113811706927853
"D3","JinHua_1",0,6,2,0.0444203927341574,0.0444279006938642
"D3","JinHua_106",0,6,2,0.0444203927341574,0.0444279006938642
"D3","JinHua_111",0,6,2,0.0667009672826192,0.0667078584906735
"D3","JinHua_114",0,6,2,0.0238044767480473,0.0238108939767097
"D3","JinHua_121",1,6,2,0.081401937000465,0.081407740408885
"D3","JinHua_128",0,6,2,0.0444203927341574,0.0444279006938642
"D3","JinHua_132",0,6,2,0.0192870514774043,0.0192929009425367
"D3","JinHua_133",0,6,2,0.0667009672826192,0.0667078584906735
"D3","JinHua_135",0,6,2,0.144515677182304,0.144513001030714
"D3","JinHua_140",0,6,2,0.0544974430557435,0.0545048520636928
"D3","JinHua_148",0,6,2,0.081401937000465,0.081407740408885
"D3","JinHua_155",0,6,2,0.0444203927341574,0.0444279006938642
"D3","JinHua_156",1,6,2,0.081401937000465,0.081407740408885
"D3","JinHua_16",0,6,2,0.243587626842854,0.243565351135576
"D3","JinHua_166",0,6,2,0.0544974430557435,0.0545048520636928
"D3","JinHua_172",0,6,2,0.0238044767480473,0.0238108939767097
"D3","JinHua_175",0,6,2,0.0361354631098151,0.0361427762542982
"D3","JinHua_189",0,6,2,0.0444203927341574,0.0444279006938642
"D3","JinHua_191",0,6,2,0.0444203927341574,0.0444279006938642
"D3","JinHua_193",0,6,2,0.0238044767480473,0.0238108939767097
"D3","JinHua_199",1,6,2,0.0444203927341574,0.0444279006938642
"D3","JinHua_200",0,6,2,0.0544974430557435,0.0545048520636928
"D3","JinHua_201",0,6,2,0.0293483128082718,0.0293552368842647
"D3","JinHua_208",0,6,2,0.0544974430557435,0.0545048520636928
"D3","JinHua_217",0,6,2,0.0293483128082718,0.0293552368842647
"D3","JinHua_219",0,6,2,0.0361354631098151,0.0361427762542982
"D3","JinHua_220",0,6,2,0.206170278466185,0.206155906448197
"D3","JinHua_224",0,6,2,0.0989993238681009,0.0990032953619001
"D3","JinHua_25",1,6,2,0.173184629959997,0.173176793013584
"D3","JinHua_27",1,6,2,0.081401937000465,0.081407740408885
"D3","JinHua_44",0,6,2,0.119904336546581,0.119905543624664
"D3","JinHua_52",0,6,2,0.285354704437951,0.285323303450831
"D3","JinHua_61",0,6,2,0.0989993238681009,0.0990032953619001
"D3","JinHua_63",0,6,2,0.144515677182304,0.144513001030714
"D3","JinHua_72",0,6,2,0.0989993238681009,0.0990032953619001
"D3","JinHua_73",0,6,2,0.0989993238681009,0.0990032953619001
"D3","JinHua_8",0,6,2,0.0361354631098151,0.0361427762542982
"D3","JinHua_86",0,6,2,0.0361354631098151,0.0361427762542982
"D3","JinHua_96",0,6,2,0.144515677182304,0.144513001030714
"D3","SSR_10",0,6,2,0.331148147383821,0.331106714457494
"D3","SSR_101",0,6,2,0.081401937000465,0.081407740408885
"D3","SSR_102",0,6,2,0.0293483128082718,0.0293552368842647
"D3","SSR_114",0,6,2,0.0444203927341574,0.0444279006938642
"D3","SSR_120",0,6,2,0.0989993238681009,0.0990032953619001
"D3","SSR_128",0,6,2,0.0293483128082718,0.0293552368842647
"D3","SSR_131",0,6,2,0.144515677182304,0.144513001030714
"D3","SSR_134",0,6,2,0.0989993238681009,0.0990032953619001
"D3","SSR_135",0,6,2,0.0361354631098151,0.0361427762542982
"D3","SSR_140",0,6,2,0.0667009672826192,0.0667078584906735
"D3","SSR_143",1,6,2,0.331148147383821,0.331106714457494
"D3","SSR_146",0,6,2,0.081401937000465,0.081407740408885
"D3","SSR_17",0,6,2,0.0293483128082718,0.0293552368842647
"D3","SSR_172",0,6,2,0.0667009672826192,0.0667078584906735
"D3","SSR_181",0,6,2,0.206170278466185,0.206155906448197
"D3","SSR_182",0,6,2,0.642755252126371,0.642666709782202
"D3","SSR_26",0,6,2,0.119904336546581,0.119905543624664
"D3","SSR_27",0,6,2,0.144515677182304,0.144513001030714
"D3","SSR_37",0,6,2,0.0544974430557435,0.0545048520636928
"D3","SSR_38",0,6,2,0.331148147383821,0.331106714457494
"D3","SSR_4",0,6,2,0.144515677182304,0.144513001030714
"D3","SSR_50",0,6,2,0.119904336546581,0.119905543624664
"D3","SSR_55",0,6,2,0.0989993238681009,0.0990032953619001
"D3","SSR_62",0,6,2,0.119904336546581,0.119905543624664
"D3","SSR_69",1,6,2,0.119904336546581,0.119905543624664
"D3","SSR_70",0,6,2,0.081401937000465,0.081407740408885
"D3","SSR_75",0,6,2,0.243587626842854,0.243565351135576
"D3","SSR_77",0,6,2,0.144515677182304,0.144513001030714
"D3","SSR_79",0,6,2,0.119904336546581,0.119905543624664
"D3","SSR_81",0,6,2,0.0293483128082718,0.0293552368842647
"D3","SSR_9",0,6,2,0.119904336546581,0.119905543624664
"D3","JinHua_10",1,6,3,0.0906942074685057,0.0906947365879595
"D3","JinHua_100",0,6,3,0.0783613929782205,0.0783621103479935
"D3","JinHua_105",0,6,3,0.0906942074685057,0.0906947365879595
"D3","JinHua_110",0,6,3,0.0500340016643206,0.050034975284154
"D3","JinHua_112",0,6,3,0.263449308779613,0.26344509420826
"D3","JinHua_115",1,6,3,0.329853136844761,0.32984678085757
"D3","JinHua_117",0,6,3,0.0581900279516568,0.0581909578118129
"D3","JinHua_118",0,6,3,0.12068915078961,0.120689085209093
"D3","JinHua_119",0,6,3,0.0906942074685057,0.0906947365879595
"D3","JinHua_13",0,6,3,0.366046435008385,0.366038946410914
"D3","JinHua_134",0,6,3,0.0783613929782205,0.0783621103479935
"D3","JinHua_14",0,6,3,0.0906942074685057,0.0906947365879595
"D3","JinHua_145",0,6,3,0.0500340016643206,0.050034975284154
"D3","JinHua_147",0,6,3,0.0368628660117361,0.0368638430167839
"D3","JinHua_151",0,6,3,0.0581900279516568,0.0581909578118129
"D3","JinHua_160",0,6,3,0.158870995273275,0.158869972743235
"D3","JinHua_167",0,6,3,0.0368628660117361,0.0368638430167839
"D3","JinHua_169",0,6,3,0.0368628660117361,0.0368638430167839
"D3","JinHua_173",1,6,3,0.295570008338397,0.295564753856641
"D3","JinHua_178",0,6,3,0.138681265802411,0.13868077188977
"D3","JinHua_179",1,6,3,0.181381047622754,0.181379389250585
"D3","JinHua_180",0,6,3,0.0500340016643206,0.050034975284154
"D3","JinHua_19",0,6,3,0.0581900279516568,0.0581909578118129
"D3","JinHua_194",0,6,3,0.0906942074685057,0.0906947365879595
"D3","JinHua_195",0,6,3,0.0429689841724404,0.0429699711617534
"D3","JinHua_204",0,6,3,0.181381047622754,0.181379389250585
"D3","JinHua_206",0,6,3,0.0500340016643206,0.050034975284154
"D3","JinHua_212",0,6,3,0.0783613929782205,0.0783621103479935
"D3","JinHua_24",0,6,3,0.181381047622754,0.181379389250585
"D3","JinHua_26",0,6,3,0.0500340016643206,0.050034975284154
"D3","JinHua_31",0,6,3,0.2336614185939,0.233658159142087
"D3","JinHua_32",1,6,3,0.181381047622754,0.181379389250585
"D3","JinHua_36",1,6,3,0.158870995273275,0.158869972743235
"D3","JinHua_42",0,6,3,0.0675809834344372,0.0675818309703547
"D3","JinHua_43",0,6,3,0.104747407598268,0.104747679454161
"D3","JinHua_45",0,6,3,0.0675809834344372,0.0675818309703547
"D3","JinHua_46",0,6,3,0.0500340016643206,0.050034975284154
"D3","JinHua_5",0,6,3,0.0429689841724404,0.0429699711617534
"D3","JinHua_50",0,6,3,0.138681265802411,0.13868077188977
"D3","JinHua_54",0,6,3,0.0906942074685057,0.0906947365879595
"D3","JinHua_55",0,6,3,0.0906942074685057,0.0906947365879595
"D3","JinHua_7",0,6,3,0.0500340016643206,0.050034975284154
"D3","JinHua_76",0,6,3,0.0500340016643206,0.050034975284154
"D3","JinHua_89",0,6,3,0.0581900279516568,0.0581909578118129
"D3","JinHua_92",0,6,3,0.0368628660117361,0.0368638430167839
"D3","SSR_111",0,6,3,0.138681265802411,0.13868077188977
"D3","SSR_117",0,6,3,0.0675809834344372,0.0675818309703547
"D3","SSR_127",0,6,3,0.0906942074685057,0.0906947365879595
"D3","SSR_158",1,6,3,0.12068915078961,0.120689085209093
"D3","SSR_159",0,6,3,0.0675809834344372,0.0675818309703547
"D3","SSR_161",0,6,3,0.181381047622754,0.181379389250585
"D3","SSR_163",0,6,3,0.0581900279516568,0.0581909578118129
"D3","SSR_165",0,6,3,0.12068915078961,0.120689085209093
"D3","SSR_166",0,6,3,0.12068915078961,0.120689085209093
"D3","SSR_170",0,6,3,0.138681265802411,0.13868077188977
"D3","SSR_171",0,6,3,0.104747407598268,0.104747679454161
"D3","SSR_25",0,6,3,0.0368628660117361,0.0368638430167839
"D3","SSR_32",0,6,3,0.0906942074685057,0.0906947365879595
"D3","SSR_53",0,6,3,0.0906942074685057,0.0906947365879595
"D3","SSR_56",0,6,3,0.0783613929782205,0.0783621103479935
"D3","SSR_57",0,6,3,0.104747407598268,0.104747679454161
"D3","SSR_60",0,6,3,0.138681265802411,0.13868077188977
"D3","SSR_61",0,6,3,0.206298253224741,0.20629584858307
"D3","SSR_67",0,6,3,0.0429689841724404,0.0429699711617534
"D3","SSR_7",0,6,3,0.0675809834344372,0.0675818309703547
"D3","SSR_73",0,6,3,0.0783613929782205,0.0783621103479935
"D3","SSR_78",0,6,3,0.0675809834344372,0.0675818309703547
"D3","SSR_90",0,6,3,0.0500340016643206,0.050034975284154
"D3","SSR_95",0,6,3,0.181381047622754,0.181379389250585
"D3","SSR_98",0,6,3,0.0783613929782205,0.0783621103479935
"D3","JinHua_102",0,6,4,0.0587452893588915,0.0587459943551331
"D3","JinHua_103",0,6,4,0.22598463037932,0.225982288500484
"D3","JinHua_104",0,6,4,0.155252077591284,0.155251350093616
"D3","JinHua_107",0,6,4,0.0783176823737062,0.0783182253525767
"D3","JinHua_11",0,6,4,0.0902045936528556,0.0902049964645558
"D3","JinHua_137",0,6,4,0.0902045936528556,0.0902049964645558
"D3","JinHua_139",0,6,4,0.0678803235577224,0.0678809648897615
"D3","JinHua_143",0,6,4,0.118934004459567,0.118933970987439
"D3","JinHua_144",1,6,4,0.118934004459567,0.118933970987439
"D3","JinHua_146",0,6,4,0.103692701867245,0.103692915112463
"D3","JinHua_149",0,6,4,0.0783176823737062,0.0783182253525767
"D3","JinHua_15",0,6,4,0.0783176823737062,0.0783182253525767
"D3","JinHua_150",0,6,4,0.0378017090936011,0.0378024580653272
"D3","JinHua_152",0,6,4,0.0902045936528556,0.0902049964645558
"D3","JinHua_157",0,6,4,0.0587452893588915,0.0587459943551331
"D3","JinHua_161",0,6,4,0.0678803235577224,0.0678809648897615
"D3","JinHua_162",0,6,4,0.0587452893588915,0.0587459943551331
"D3","JinHua_165",0,6,4,0.0438316251388994,0.0438323785904598
"D3","JinHua_171",0,6,4,0.0902045936528556,0.0902049964645558
"D3","JinHua_174",0,6,4,0.0783176823737062,0.0783182253525767
"D3","JinHua_181",0,6,4,0.103692701867245,0.103692915112463
"D3","JinHua_182",0,6,4,0.0678803235577224,0.0678809648897615
"D3","JinHua_186",0,6,4,0.0678803235577224,0.0678809648897615
"D3","JinHua_197",0,6,4,0.0587452893588915,0.0587459943551331
"D3","JinHua_207",0,6,4,0.103692701867245,0.103692915112463
"D3","JinHua_209",0,6,4,0.0507726447765163,0.0507733852304864
"D3","JinHua_21",0,6,4,0.0902045936528556,0.0902049964645558
"D3","JinHua_211",0,6,4,0.103692701867245,0.103692915112463
"D3","JinHua_214",0,6,4,0.103692701867245,0.103692915112463
"D3","JinHua_216",0,6,4,0.136075444904686,0.136075100072471
"D3","JinHua_218",0,6,4,0.0587452893588915,0.0587459943551331
"D3","JinHua_223",0,6,4,0.0678803235577224,0.0678809648897615
"D3","JinHua_225",1,6,4,0.35115331996711,0.351147887241999
"D3","JinHua_29",0,6,4,0.103692701867245,0.103692915112463
"D3","JinHua_3",0,6,4,0.0902045936528556,0.0902049964645558
"D3","JinHua_30",0,6,4,0.0783176823737062,0.0783182253525767
"D3","JinHua_56",0,6,4,0.0378017090936011,0.0378024580653272
"D3","JinHua_64",0,6,4,0.0678803235577224,0.0678809648897615
"D3","JinHua_66",0,6,4,0.0783176823737062,0.0783182253525767
"D3","JinHua_68",0,6,4,0.118934004459567,0.118933970987439
"D3","JinHua_69",0,6,4,0.0587452893588915,0.0587459943551331
"D3","JinHua_70",0,6,4,0.118934004459567,0.118933970987439
"D3","JinHua_77",0,6,4,0.0902045936528556,0.0902049964645558
"D3","JinHua_78",0,6,4,0.0507726447765163,0.0507733852304864
"D3","JinHua_82",0,6,4,0.0783176823737062,0.0783182253525767
"D3","JinHua_9",0,6,4,0.0587452893588915,0.0587459943551331
"D3","JinHua_93",1,6,4,0.254105064179797,0.254102031142769
"D3","JinHua_99",0,6,4,0.0902045936528556,0.0902049964645558
"D3","SSR_106",0,6,4,0.0678803235577224,0.0678809648897615
"D3","SSR_115",0,6,4,0.0587452893588915,0.0587459943551331
"D3","SSR_12",0,6,4,0.0902045936528556,0.0902049964645558
"D3","SSR_14",1,6,4,0.0783176823737062,0.0783182253525767
"D3","SSR_144",1,6,4,0.0507726447765163,0.0507733852304864
"D3","SSR_15",0,6,4,0.0678803235577224,0.0678809648897615
"D3","SSR_162",0,6,4,0.103692701867245,0.103692915112463
"D3","SSR_18",0,6,4,0.316855337884247,0.316850742450144
"D3","SSR_183",1,6,4,0.500794428900193,0.500785854054297
"D3","SSR_2",0,6,4,0.155252077591284,0.155251350093616
"D3","SSR_20",0,6,4,0.0587452893588915,0.0587459943551331
"D3","SSR_21",0,6,4,0.0438316251388994,0.0438323785904598
"D3","SSR_22",0,6,4,0.118934004459567,0.118933970987439
"D3","SSR_23",0,6,4,0.0678803235577224,0.0678809648897615
"D3","SSR_28",0,6,4,0.0678803235577224,0.0678809648897615
"D3","SSR_31",0,6,4,0.0507726447765163,0.0507733852304864
"D3","SSR_40",0,6,4,0.0587452893588915,0.0587459943551331
"D3","SSR_48",0,6,4,0.0783176823737062,0.0783182253525767
"D3","SSR_5",0,6,4,0.103692701867245,0.103692915112463
"D3","SSR_74",0,6,4,0.0678803235577224,0.0678809648897615
"D3","SSR_76",1,6,4,0.200141127359796,0.200139402481494
"D3","JinHua_101",0,6,5,0.0987956571660543,0.0988018250267466
"D3","JinHua_116",0,6,5,0.294983513585466,0.294935395745346
"D3","JinHua_122",0,6,5,0.0987956571660543,0.0988018250267466
"D3","JinHua_123",1,6,5,0.0655504682406355,0.0655608509273451
"D3","JinHua_124",0,6,5,0.0429591606320581,0.0429702507267757
"D3","JinHua_141",0,6,5,0.0806233317146538,0.080632181111622
"D3","JinHua_153",0,6,5,0.294983513585466,0.294935395745346
"D3","JinHua_163",0,6,5,0.0655504682406355,0.0655608509273451
"D3","JinHua_170",1,6,5,0.343424077034671,0.343360608079958
"D3","JinHua_176",0,6,5,0.0806233317146538,0.080632181111622
"D3","JinHua_177",0,6,5,0.0806233317146538,0.080632181111622
"D3","JinHua_184",0,6,5,0.0279210798739288,0.0279311220049729
"D3","JinHua_185",0,6,5,0.0279210798739288,0.0279311220049729
"D3","JinHua_190",0,6,5,0.14626266536549,0.146258801229004
"D3","JinHua_192",0,6,5,0.14626266536549,0.146258801229004
"D3","JinHua_20",0,6,5,0.0531326843492462,0.0531437334173654
"D3","JinHua_203",0,6,5,0.0987956571660543,0.0988018250267466
"D3","JinHua_205",0,6,5,0.0655504682406355,0.0655608509273451
"D3","JinHua_210",0,6,5,0.0655504682406355,0.0655608509273451
"D3","JinHua_215",0,6,5,0.0806233317146538,0.080632181111622
"D3","JinHua_22",0,6,5,0.0806233317146538,0.080632181111622
"D3","JinHua_221",0,6,5,0.0429591606320581,0.0429702507267757
"D3","JinHua_23",0,6,5,0.0531326843492462,0.0531437334173654
"D3","JinHua_33",0,6,5,0.0429591606320581,0.0429702507267757
"D3","JinHua_39",0,6,5,0.395358485696675,0.395279219347054
"D3","JinHua_40",0,6,5,0.0279210798739288,0.0279311220049729
"D3","JinHua_49",0,6,5,0.0655504682406355,0.0655608509273451
"D3","JinHua_59",0,6,5,0.120527014219536,0.120529045566972
"D3","JinHua_6",0,6,5,0.0224604123038977,0.0224696364476025
"D3","JinHua_60",1,6,5,0.0531326843492462,0.0531437334173654
"D3","JinHua_62",0,6,5,0.0224604123038977,0.0224696364476025
"D3","JinHua_65",0,6,5,0.120527014219536,0.120529045566972
"D3","JinHua_67",0,6,5,0.14626266536549,0.146258801229004
"D3","JinHua_74",0,6,5,0.0346622916552905,0.0346729946238163
"D3","JinHua_79",0,6,5,0.0224604123038977,0.0224696364476025
"D3","JinHua_80",0,6,5,0.211191111598696,0.211169261914803
"D3","JinHua_81",0,6,5,0.0531326843492462,0.0531437334173654
"D3","JinHua_83",1,6,5,0.17639139684838,0.176379621728382
"D3","JinHua_87",0,6,5,0.14626266536549,0.146258801229004
"D3","JinHua_91",1,6,5,0.120527014219536,0.120529045566972
"D3","JinHua_97",0,6,5,0.0806233317146538,0.080632181111622
"D3","SSR_1",0,6,5,0.0655504682406355,0.0655608509273451
"D3","SSR_103",0,6,5,0.614928019826059,0.614802030323617
"D3","SSR_108",0,6,5,0.0346622916552905,0.0346729946238163
"D3","SSR_124",0,6,5,0.0806233317146538,0.080632181111622
"D3","SSR_125",0,6,5,0.17639139684838,0.176379621728382
"D3","SSR_13",0,6,5,0.120527014219536,0.120529045566972
"D3","SSR_139",0,6,5,0.120527014219536,0.120529045566972
"D3","SSR_150",0,6,5,0.0987956571660543,0.0988018250267466
"D3","SSR_152",0,6,5,0.0987956571660543,0.0988018250267466
"D3","SSR_16",0,6,5,0.14626266536549,0.146258801229004
"D3","SSR_167",0,6,5,0.0279210798739288,0.0279311220049729
"D3","SSR_169",0,6,5,0.0806233317146538,0.080632181111622
"D3","SSR_24",0,6,5,0.0346622916552905,0.0346729946238163
"D3","SSR_3",0,6,5,0.0346622916552905,0.0346729946238163
"D3","SSR_30",0,6,5,0.0531326843492462,0.0531437334173654
"D3","SSR_34",0,6,5,0.0987956571660543,0.0988018250267466
"D3","SSR_44",1,6,5,0.0655504682406355,0.0655608509273451
"D3","SSR_47",0,6,5,0.294983513585466,0.294935395745346
"D3","SSR_51",0,6,5,0.120527014219536,0.120529045566972
"D3","SSR_54",0,6,5,0.211191111598696,0.211169261914803
"D3","SSR_58",0,6,5,0.14626266536549,0.146258801229004
"D3","SSR_6",0,6,5,0.14626266536549,0.146258801229004
"D3","SSR_64",0,6,5,0.14626266536549,0.146258801229004
"D3","SSR_65",0,6,5,0.14626266536549,0.146258801229004
"D3","SSR_8",0,6,5,0.0655504682406355,0.0655608509273451
"D3","SSR_80",1,6,5,0.0429591606320581,0.0429702507267757
"D3","SSR_94",0,6,5,0.0531326843492462,0.0531437334173654
"D3","SSR_99",0,6,5,0.0987956571660543,0.0988018250267466
"D3","JinHua_100",0,7,1,0.0641751286347427,0.0682784010966903
"D3","JinHua_107",0,7,1,0.0641751286347427,0.0750306530541274
"D3","JinHua_11",0,7,1,0.0780318419198491,0.0637667309339468
"D3","JinHua_110",0,7,1,0.0351933913739411,0.0373856542131117
"D3","JinHua_118",0,7,1,0.114198381573325,0.114278800494276
"D3","JinHua_12",0,7,1,0.0945781232062164,0.132409881939713
"D3","JinHua_128",0,7,1,0.0430804326799469,0.0367520837439149
"D3","JinHua_139",0,7,1,0.0526385711119756,0.0437969976668584
"D3","JinHua_140",0,7,1,0.0526385711119756,0.0759685253617293
"D3","JinHua_141",0,7,1,0.0780318419198491,0.0864042279191007
"D3","JinHua_144",1,7,1,0.114198381573325,0.123893966797875
"D3","JinHua_151",0,7,1,0.0430804326799469,0.0379288468358508
"D3","JinHua_156",1,7,1,0.0780318419198491,0.0703861773793914
"D3","JinHua_167",0,7,1,0.0233870679266505,0.0214895939657681
"D3","JinHua_169",0,7,1,0.0233870679266505,0.0280487562442071
"D3","JinHua_171",0,7,1,0.0780318419198491,0.0674605068394246
"D3","JinHua_173",1,7,1,0.359940242047219,0.349922315123437
"D3","JinHua_175",0,7,1,0.0351933913739411,0.0313356398971301
"D3","JinHua_182",0,7,1,0.0526385711119756,0.0648271378523674
"D3","JinHua_188",0,7,1,0.0430804326799469,0.0384866302369019
"D3","JinHua_189",0,7,1,0.0430804326799469,0.0434050179221933
"D3","JinHua_191",0,7,1,0.0430804326799469,0.0342698355113819
"D3","JinHua_195",0,7,1,0.0287069696607329,0.0251069902850255
"D3","JinHua_200",0,7,1,0.0526385711119756,0.0348808567965424
"D3","JinHua_203",0,7,1,0.0945781232062164,0.0969512047259581
"D3","JinHua_220",0,7,1,0.195085338970919,0.168935050751484
"D3","JinHua_26",0,7,1,0.0351933913739411,0.044195034941851
"D3","JinHua_28",0,7,1,0.0233870679266505,0.0264946296848298
"D3","JinHua_50",0,7,1,0.13727177734495,0.108484122780083
"D3","JinHua_51",0,7,1,0.269637732509875,0.247200042973437
"D3","JinHua_52",0,7,1,0.269637732509875,0.357446363789974
"D3","JinHua_54",0,7,1,0.0780318419198491,0.0679941264529314
"D3","JinHua_55",0,7,1,0.0780318419198491,0.070850067890306
"D3","JinHua_57",0,7,1,0.13727177734495,0.144622089910405
"D3","JinHua_6",0,7,1,0.0233870679266505,0.0167232631377142
"D3","JinHua_65",0,7,1,0.114198381573325,0.163847656809068
"D3","JinHua_68",0,7,1,0.114198381573325,0.137331065241536
"D3","JinHua_76",0,7,1,0.0351933913739411,0.0366918469005475
"D3","JinHua_77",0,7,1,0.0780318419198491,0.0791944576164445
"D3","JinHua_82",0,7,1,0.0641751286347427,0.0868394150047707
"D3","JinHua_86",0,7,1,0.0351933913739411,0.0310542359845404
"D3","JinHua_88",0,7,1,0.114198381573325,0.1477556902902
"D3","JinHua_90",0,7,1,0.0287069696607329,0.0417321838548779
"D3","JinHua_95",0,7,1,0.0351933913739411,0.049405903672908
"D3","SSR_1",0,7,1,0.0641751286347427,0.0363402683908247
"D3","SSR_118",0,7,1,0.0351933913739411,0.0308886693437061
"D3","SSR_12",0,7,1,0.0780318419198491,0.0405208141335298
"D3","SSR_127",0,7,1,0.0780318419198491,0.0907898265284703
"D3","SSR_132",0,7,1,0.13727177734495,0.190280946976205
"D3","SSR_14",1,7,1,0.0641751286347427,0.0400010187183181
"D3","SSR_143",1,7,1,0.313019067294362,0.261821065807701
"D3","SSR_144",1,7,1,0.0351933913739411,0.049912395934516
"D3","SSR_157",0,7,1,0.164143202263113,0.197614273711753
"D3","SSR_161",0,7,1,0.195085338970919,0.183650150880875
"D3","SSR_162",0,7,1,0.0945781232062164,0.11105119020027
"D3","SSR_165",0,7,1,0.114198381573325,0.144181047431671
"D3","SSR_166",0,7,1,0.114198381573325,0.0767082007673896
"D3","SSR_170",0,7,1,0.13727177734495,0.117221228636998
"D3","SSR_181",0,7,1,0.195085338970919,0.327562074634169
"D3","SSR_182",0,7,1,0.616914214728935,0.635007356878306
"D3","SSR_21",0,7,1,0.0287069696607329,0.0125240823520586
"D3","SSR_3",0,7,1,0.0351933913739411,0.0226208287799633
"D3","SSR_33",0,7,1,0.0430804326799469,0.0402727186652346
"D3","SSR_34",0,7,1,0.0945781232062164,0.0750108551838448
"D3","SSR_42",0,7,1,0.0641751286347427,0.0598044345137298
"D3","SSR_55",0,7,1,0.0945781232062164,0.0623337305496913
"D3","SSR_56",0,7,1,0.0641751286347427,0.0443749586580933
"D3","SSR_57",0,7,1,0.0945781232062164,0.0912168419528568
"D3","SSR_67",0,7,1,0.0287069696607329,0.0172109649681247
"D3","SSR_69",1,7,1,0.114198381573325,0.0734046243118759
"D3","SSR_80",1,7,1,0.0430804326799469,0.023956048314925
"D3","JinHua_1",0,7,2,0.054423795691608,0.0544256333554217
"D3","JinHua_101",0,7,2,0.105848859313545,0.105849468302728
"D3","JinHua_106",0,7,2,0.054423795691608,0.0544256333554217
"D3","JinHua_117",0,7,2,0.054423795691608,0.0544256333554217
"D3","JinHua_135",0,7,2,0.145132744139284,0.145131726443742
"D3","JinHua_136",0,7,2,0.0644822334091886,0.0644839460438861
"D3","JinHua_137",0,7,2,0.0899582174477854,0.089959343354151
"D3","JinHua_14",0,7,2,0.0899582174477854,0.089959343354151
"D3","JinHua_145",0,7,2,0.0458574416344879,0.045859324308106
"D3","JinHua_15",0,7,2,0.0762497362147099,0.0762512204186355
"D3","JinHua_153",0,7,2,0.258809194802961,0.258802005787395
"D3","JinHua_155",0,7,2,0.054423795691608,0.0544256333554217
"D3","JinHua_157",0,7,2,0.054423795691608,0.0544256333554217
"D3","JinHua_158",0,7,2,0.0385844196032729,0.0385862872572577
"D3","JinHua_163",0,7,2,0.0762497362147099,0.0762512204186355
"D3","JinHua_170",1,7,2,0.294862349311404,0.294853035591272
"D3","JinHua_178",0,7,2,0.145132744139284,0.145131726443742
"D3","JinHua_179",1,7,2,0.195803474443084,0.195799878013868
"D3","JinHua_180",0,7,2,0.0458574416344879,0.045859324308106
"D3","JinHua_181",0,7,2,0.105848859313545,0.105849468302728
"D3","JinHua_184",0,7,2,0.0385844196032729,0.0385862872572577
"D3","JinHua_186",0,7,2,0.0644822334091886,0.0644839460438861
"D3","JinHua_199",1,7,2,0.054423795691608,0.0544256333554217
"D3","JinHua_204",0,7,2,0.195803474443084,0.195799878013868
"D3","JinHua_207",0,7,2,0.105848859313545,0.105849468302728
"D3","JinHua_21",0,7,2,0.0899582174477854,0.089959343354151
"D3","JinHua_216",0,7,2,0.145132744139284,0.145131726443742
"D3","JinHua_22",0,7,2,0.0899582174477854,0.089959343354151
"D3","JinHua_24",0,7,2,0.195803474443084,0.195799878013868
"D3","JinHua_29",0,7,2,0.105848859313545,0.105849468302728
"D3","JinHua_34",0,7,2,0.0644822334091886,0.0644839460438861
"D3","JinHua_36",1,7,2,0.168960158420296,0.168957979055713
"D3","JinHua_39",0,7,2,0.333676840176247,0.333665253424036
"D3","JinHua_48",0,7,2,0.0762497362147099,0.0762512204186355
"D3","JinHua_64",0,7,2,0.0644822334091886,0.0644839460438861
"D3","JinHua_66",0,7,2,0.0762497362147099,0.0762512204186355
"D3","JinHua_67",0,7,2,0.145132744139284,0.145131726443742
"D3","JinHua_69",0,7,2,0.054423795691608,0.0544256333554217
"D3","JinHua_73",0,7,2,0.105848859313545,0.105849468302728
"D3","JinHua_83",1,7,2,0.168960158420296,0.168957979055713
"D3","JinHua_87",0,7,2,0.145132744139284,0.145131726443742
"D3","JinHua_89",0,7,2,0.054423795691608,0.0544256333554217
"D3","JinHua_96",0,7,2,0.145132744139284,0.145131726443742
"D3","SSR_103",0,7,2,0.507381614671496,0.507361272033256
"D3","SSR_105",0,7,2,0.0762497362147099,0.0762512204186355
"D3","SSR_115",0,7,2,0.054423795691608,0.0544256333554217
"D3","SSR_125",0,7,2,0.168960158420296,0.168957979055713
"D3","SSR_139",0,7,2,0.12416351997221,0.124163423828125
"D3","SSR_15",0,7,2,0.0644822334091886,0.0644839460438861
"D3","SSR_150",0,7,2,0.105848859313545,0.105849468302728
"D3","SSR_152",0,7,2,0.105848859313545,0.105849468302728
"D3","SSR_16",0,7,2,0.145132744139284,0.145131726443742
"D3","SSR_174",0,7,2,0.145132744139284,0.145131726443742
"D3","SSR_177",0,7,2,0.0899582174477854,0.089959343354151
"D3","SSR_183",1,7,2,0.596305280721772,0.596282164775531
"D3","SSR_20",0,7,2,0.054423795691608,0.0544256333554217
"D3","SSR_28",0,7,2,0.0644822334091886,0.0644839460438861
"D3","SSR_30",0,7,2,0.0644822334091886,0.0644839460438861
"D3","SSR_36",1,7,2,0.0899582174477854,0.089959343354151
"D3","SSR_39",0,7,2,0.105848859313545,0.105849468302728
"D3","SSR_53",0,7,2,0.0899582174477854,0.089959343354151
"D3","SSR_60",0,7,2,0.145132744139284,0.145131726443742
"D3","SSR_61",0,7,2,0.225752976232204,0.225747704942799
"D3","SSR_7",0,7,2,0.0644822334091886,0.0644839460438861
"D3","SSR_70",0,7,2,0.0899582174477854,0.089959343354151
"D3","SSR_73",0,7,2,0.0762497362147099,0.0762512204186355
"D3","SSR_81",0,7,2,0.0385844196032729,0.0385862872572577
"D3","SSR_83",0,7,2,0.12416351997221,0.124163423828125
"D3","SSR_94",0,7,2,0.0644822334091886,0.0644839460438861
"D3","SSR_95",0,7,2,0.195803474443084,0.195799878013868
"D3","JinHua_10",1,7,3,0.0821997356281803,0.0906101343240949
"D3","JinHua_102",0,7,3,0.046922384048355,0.0471991832384883
"D3","JinHua_104",0,7,3,0.165896144847519,0.160515919321411
"D3","JinHua_119",0,7,3,0.0821997356281803,0.0751833871773828
"D3","JinHua_123",1,7,3,0.0683519106801108,0.0672582798359241
"D3","JinHua_124",0,7,3,0.046922384048355,0.0419574863388494
"D3","JinHua_126",0,7,3,0.0683519106801108,0.0617958252902954
"D3","JinHua_129",0,7,3,0.0319807633852134,0.0299760575541297
"D3","JinHua_13",0,7,3,0.445519551627831,0.48213015732773
"D3","JinHua_132",0,7,3,0.0216887696304572,0.0209500597026274
"D3","JinHua_143",0,7,3,0.117749989253738,0.120394706790879
"D3","JinHua_16",0,7,3,0.22862701732622,0.285303614254148
"D3","JinHua_161",0,7,3,0.0566928644233751,0.0561281537222289
"D3","JinHua_165",0,7,3,0.0319807633852134,0.0330260366557738
"D3","JinHua_166",0,7,3,0.0566928644233751,0.0501451636027193
"D3","JinHua_168",0,7,3,0.046922384048355,0.0466665521255498
"D3","JinHua_17",0,7,3,0.046922384048355,0.0411776680868305
"D3","JinHua_172",0,7,3,0.0263502130416547,0.0257770613071092
"D3","JinHua_176",0,7,3,0.0821997356281803,0.0847236115921167
"D3","JinHua_177",0,7,3,0.0821997356281803,0.0723615676147645
"D3","JinHua_18",0,7,3,0.0821997356281803,0.0862630960160918
"D3","JinHua_183",0,7,3,0.0566928644233751,0.053386052105535
"D3","JinHua_192",0,7,3,0.140100693016252,0.134251589754135
"D3","JinHua_194",0,7,3,0.0821997356281803,0.0778094345365269
"D3","JinHua_201",0,7,3,0.0319807633852134,0.0370899159668903
"D3","JinHua_209",0,7,3,0.0387665535718042,0.0413963792949862
"D3","JinHua_214",0,7,3,0.098556287748399,0.107633871189379
"D3","JinHua_215",0,7,3,0.0821997356281803,0.0904953364085822
"D3","JinHua_218",0,7,3,0.046922384048355,0.0456147442240034
"D3","JinHua_223",0,7,3,0.0566928644233751,0.0634383386168676
"D3","JinHua_23",0,7,3,0.0566928644233751,0.0587347906431604
"D3","JinHua_25",1,7,3,0.165896144847519,0.179378282946064
"D3","JinHua_30",0,7,3,0.0683519106801108,0.0579060384049335
"D3","JinHua_35",0,7,3,0.0683519106801108,0.0822476549024145
"D3","JinHua_37",0,7,3,0.0821997356281803,0.0741833033558493
"D3","JinHua_4",0,7,3,0.0683519106801108,0.0643308704546462
"D3","JinHua_42",0,7,3,0.0566928644233751,0.0577684722628864
"D3","JinHua_43",0,7,3,0.098556287748399,0.0999655523569307
"D3","JinHua_44",0,7,3,0.117749989253738,0.110886533739418
"D3","JinHua_45",0,7,3,0.0566928644233751,0.0547613162156775
"D3","JinHua_49",0,7,3,0.0683519106801108,0.0638653194954935
"D3","JinHua_61",0,7,3,0.098556287748399,0.0891776491644986
"D3","JinHua_72",0,7,3,0.098556287748399,0.104447778419319
"D3","JinHua_78",0,7,3,0.0387665535718042,0.0427158294186177
"D3","JinHua_81",0,7,3,0.0566928644233751,0.0548787976150725
"D3","JinHua_93",1,7,3,0.306365948632267,0.30648829662104
"D3","SSR_11",1,7,3,0.0821997356281803,0.0844034195586078
"D3","SSR_120",0,7,3,0.098556287748399,0.0887672652173674
"D3","SSR_121",0,7,3,0.0821997356281803,0.0791242194241934
"D3","SSR_128",0,7,3,0.0319807633852134,0.0293054378762423
"D3","SSR_135",0,7,3,0.0387665535718042,0.0366168666821279
"D3","SSR_146",0,7,3,0.0821997356281803,0.0832214480814408
"D3","SSR_151",0,7,3,0.22862701732622,0.219242453073024
"D3","SSR_158",1,7,3,0.117749989253738,0.122143916862679
"D3","SSR_167",0,7,3,0.0319807633852134,0.0308134807693274
"D3","SSR_17",0,7,3,0.0319807633852134,0.0303919553963727
"D3","SSR_175",0,7,3,0.098556287748399,0.095705181341389
"D3","SSR_18",0,7,3,0.396935980745923,0.435597036271518
"D3","SSR_19",0,7,3,0.195362033402978,0.20909780314621
"D3","SSR_2",0,7,3,0.165896144847519,0.154037072046446
"D3","SSR_40",0,7,3,0.046922384048355,0.0623930330637458
"D3","SSR_43",0,7,3,0.046922384048355,0.04104962595022
"D3","SSR_44",1,7,3,0.0683519106801108,0.0592934521815204
"D3","SSR_47",0,7,3,0.265685885713974,0.234583624031785
"D3","SSR_5",0,7,3,0.098556287748399,0.104328476502719
"D3","SSR_63",0,7,3,0.0387665535718042,0.0348336951647987
"D3","SSR_65",0,7,3,0.140100693016252,0.123553886139266
"D3","SSR_66",0,7,3,0.0683519106801108,0.0616401632470508
"D3","SSR_74",0,7,3,0.0566928644233751,0.0499228983231841
"D3","SSR_79",0,7,3,0.117749989253738,0.106462406057962
"D3","JinHua_111",0,7,4,0.0769613157658779,0.0769623235241371
"D3","JinHua_114",0,7,4,0.0354586680272527,0.0354599840833619
"D3","JinHua_115",1,7,4,0.335647475403338,0.335638721303606
"D3","JinHua_122",0,7,4,0.103697351357009,0.103697766714159
"D3","JinHua_131",0,7,4,0.0661030271022318,0.0661042028020341
"D3","JinHua_134",0,7,4,0.0769613157658779,0.0769623235241371
"D3","JinHua_147",0,7,4,0.0354586680272527,0.0354599840833619
"D3","JinHua_149",0,7,4,0.0769613157658779,0.0769623235241371
"D3","JinHua_160",0,7,4,0.159031549662757,0.159030197969086
"D3","JinHua_162",0,7,4,0.056682632179017,0.0566839102905037
"D3","JinHua_185",0,7,4,0.0415069429219882,0.041508280499776
"D3","JinHua_190",0,7,4,0.138329446229234,0.138328820663748
"D3","JinHua_197",0,7,4,0.056682632179017,0.0566839102905037
"D3","JinHua_198",0,7,4,0.0894324169136757,0.089433176491594
"D3","JinHua_2",0,7,4,0.0894324169136757,0.089433176491594
"D3","JinHua_20",0,7,4,0.0661030271022318,0.0661042028020341
"D3","JinHua_210",0,7,4,0.0769613157658779,0.0769623235241371
"D3","JinHua_217",0,7,4,0.0415069429219882,0.041508280499776
"D3","JinHua_31",0,7,4,0.236114416754713,0.236109964917134
"D3","JinHua_32",1,7,4,0.182176850143335,0.182174620473893
"D3","JinHua_33",0,7,4,0.056682632179017,0.0566839102905037
"D3","JinHua_38",0,7,4,0.335647475403338,0.335638721303606
"D3","JinHua_40",0,7,4,0.0415069429219882,0.041508280499776
"D3","JinHua_41",0,7,4,0.056682632179017,0.0566839102905037
"D3","JinHua_46",0,7,4,0.0485349745819397,0.0485363027997502
"D3","JinHua_56",0,7,4,0.0354586680272527,0.0354599840833619
"D3","JinHua_60",1,7,4,0.0661030271022318,0.0661042028020341
"D3","JinHua_62",0,7,4,0.0354586680272527,0.0354599840833619
"D3","JinHua_63",0,7,4,0.138329446229234,0.138328820663748
"D3","JinHua_70",0,7,4,0.119937915354756,0.119937874220312
"D3","JinHua_74",0,7,4,0.0485349745819397,0.0485363027997502
"D3","JinHua_75",0,7,4,0.056682632179017,0.0566839102905037
"D3","JinHua_79",0,7,4,0.0354586680272527,0.0354599840833619
"D3","JinHua_8",0,7,4,0.0485349745819397,0.0485363027997502
"D3","JinHua_80",0,7,4,0.182176850143335,0.182174620473893
"D3","JinHua_9",0,7,4,0.056682632179017,0.0566839102905037
"D3","JinHua_91",1,7,4,0.119937915354756,0.119937874220312
"D3","JinHua_92",0,7,4,0.0354586680272527,0.0354599840833619
"D3","JinHua_94",0,7,4,0.159031549662757,0.159030197969086
"D3","JinHua_97",0,7,4,0.0894324169136757,0.089433176491594
"D3","SSR_10",0,7,4,0.266917588520518,0.266911808155776
"D3","SSR_102",0,7,4,0.0415069429219882,0.041508280499776
"D3","SSR_106",0,7,4,0.0661030271022318,0.0661042028020341
"D3","SSR_111",0,7,4,0.138329446229234,0.138328820663748
"D3","SSR_114",0,7,4,0.056682632179017,0.0566839102905037
"D3","SSR_13",0,7,4,0.119937915354756,0.119937874220312
"D3","SSR_134",0,7,4,0.103697351357009,0.103697766714159
"D3","SSR_154",1,7,4,0.138329446229234,0.138328820663748
"D3","SSR_169",0,7,4,0.0894324169136757,0.089433176491594
"D3","SSR_171",0,7,4,0.103697351357009,0.103697766714159
"D3","SSR_173",1,7,4,0.182176850143335,0.182174620473893
"D3","SSR_179",0,7,4,0.0769613157658779,0.0769623235241371
"D3","SSR_22",0,7,4,0.119937915354756,0.119937874220312
"D3","SSR_23",0,7,4,0.0661030271022318,0.0661042028020341
"D3","SSR_29",0,7,4,0.0769613157658779,0.0769623235241371
"D3","SSR_32",0,7,4,0.0894324169136757,0.089433176491594
"D3","SSR_4",0,7,4,0.138329446229234,0.138328820663748
"D3","SSR_46",0,7,4,0.0894324169136757,0.089433176491594
"D3","SSR_50",0,7,4,0.119937915354756,0.119937874220312
"D3","SSR_51",0,7,4,0.119937915354756,0.119937874220312
"D3","SSR_52",0,7,4,0.0661030271022318,0.0661042028020341
"D3","SSR_58",0,7,4,0.138329446229234,0.138328820663748
"D3","SSR_59",1,7,4,0.266917588520518,0.266911808155776
"D3","SSR_6",0,7,4,0.138329446229234,0.138328820663748
"D3","SSR_64",0,7,4,0.138329446229234,0.138328820663748
"D3","SSR_77",0,7,4,0.138329446229234,0.138328820663748
"D3","SSR_9",0,7,4,0.119937915354756,0.119937874220312
"D3","SSR_98",0,7,4,0.0769613157658779,0.0769623235241371
"D3","SSR_99",0,7,4,0.103697351357009,0.103697766714159
"D3","JinHua_103",0,7,5,0.261578962017952,0.261563071361061
"D3","JinHua_105",0,7,5,0.0834322413246808,0.083435291041051
"D3","JinHua_108",0,7,5,0.0697381381291522,0.0697418574831533
"D3","JinHua_112",0,7,5,0.300764426454627,0.300743455150999
"D3","JinHua_113",0,7,5,0.048385769808316,0.0483900166764838
"D3","JinHua_116",0,7,5,0.261578962017952,0.261563071361061
"D3","JinHua_120",0,7,5,0.0995276848002218,0.0995296950233248
"D3","JinHua_121",1,7,5,0.0834322413246808,0.083435291041051
"D3","JinHua_133",0,7,5,0.0697381381291522,0.0697418574831533
"D3","JinHua_138",1,7,5,0.0834322413246808,0.083435291041051
"D3","JinHua_146",0,7,5,0.0995276848002218,0.0995296950233248
"D3","JinHua_148",0,7,5,0.0834322413246808,0.083435291041051
"D3","JinHua_150",0,7,5,0.0276173078020713,0.0276211907064839
"D3","JinHua_152",0,7,5,0.0834322413246808,0.083435291041051
"D3","JinHua_159",0,7,5,0.0333367702236206,0.0333408672872037
"D3","JinHua_174",0,7,5,0.0697381381291522,0.0697418574831533
"D3","JinHua_19",0,7,5,0.048385769808316,0.0483900166764838
"D3","JinHua_193",0,7,5,0.0276173078020713,0.0276211907064839
"D3","JinHua_205",0,7,5,0.0697381381291522,0.0697418574831533
"D3","JinHua_206",0,7,5,0.0401917577402331,0.0401959890115657
"D3","JinHua_208",0,7,5,0.0581491112676674,0.0581532069353565
"D3","JinHua_211",0,7,5,0.0995276848002218,0.0995296950233248
"D3","JinHua_212",0,7,5,0.0697381381291522,0.0697418574831533
"D3","JinHua_213",0,7,5,0.0697381381291522,0.0697418574831533
"D3","JinHua_219",0,7,5,0.0401917577402331,0.0401959890115657
"D3","JinHua_221",0,7,5,0.048385769808316,0.0483900166764838
"D3","JinHua_222",0,7,5,0.0697381381291522,0.0697418574831533
"D3","JinHua_224",0,7,5,0.0995276848002218,0.0995296950233248
"D3","JinHua_225",1,7,5,0.435042303324001,0.435004927724841
"D3","JinHua_27",1,7,5,0.0834322413246808,0.083435291041051
"D3","JinHua_3",0,7,5,0.0834322413246808,0.083435291041051
"D3","JinHua_5",0,7,5,0.0333367702236206,0.0333408672872037
"D3","JinHua_53",0,7,5,0.0276173078020713,0.0276211907064839
"D3","JinHua_59",0,7,5,0.118327342671547,0.11832786219506
"D3","JinHua_7",0,7,5,0.0401917577402331,0.0401959890115657
"D3","JinHua_84",1,7,5,0.0697381381291522,0.0697418574831533
"D3","JinHua_99",0,7,5,0.0834322413246808,0.083435291041051
"D3","SSR_101",0,7,5,0.0834322413246808,0.083435291041051
"D3","SSR_108",0,7,5,0.0401917577402331,0.0401959890115657
"D3","SSR_117",0,7,5,0.0581491112676674,0.0581532069353565
"D3","SSR_124",0,7,5,0.0834322413246808,0.083435291041051
"D3","SSR_129",0,7,5,0.0697381381291522,0.0697418574831533
"D3","SSR_130",0,7,5,0.165186835245093,0.165182709276664
"D3","SSR_131",0,7,5,0.140125454482952,0.140123951947107
"D3","SSR_140",0,7,5,0.0697381381291522,0.0697418574831533
"D3","SSR_145",0,7,5,0.193720637555776,0.193713238755004
"D3","SSR_159",0,7,5,0.0581491112676674,0.0581532069353565
"D3","SSR_163",0,7,5,0.048385769808316,0.0483900166764838
"D3","SSR_164",0,7,5,0.0581491112676674,0.0581532069353565
"D3","SSR_172",0,7,5,0.0697381381291522,0.0697418574831533
"D3","SSR_24",0,7,5,0.0401917577402331,0.0401959890115657
"D3","SSR_25",0,7,5,0.0276173078020713,0.0276211907064839
"D3","SSR_26",0,7,5,0.118327342671547,0.11832786219506
"D3","SSR_27",0,7,5,0.140125454482952,0.140123951947107
"D3","SSR_31",0,7,5,0.0401917577402331,0.0401959890115657
"D3","SSR_35",1,7,5,0.0697381381291522,0.0697418574831533
"D3","SSR_37",0,7,5,0.0581491112676674,0.0581532069353565
"D3","SSR_38",0,7,5,0.300764426454627,0.300743455150999
"D3","SSR_41",0,7,5,0.0995276848002218,0.0995296950233248
"D3","SSR_48",0,7,5,0.0697381381291522,0.0697418574831533
"D3","SSR_54",0,7,5,0.193720637555776,0.193713238755004
"D3","SSR_62",0,7,5,0.118327342671547,0.11832786219506
"D3","SSR_68",0,7,5,0.165186835245093,0.165182709276664
"D3","SSR_71",0,7,5,0.140125454482952,0.140123951947107
"D3","SSR_75",0,7,5,0.225849827503703,0.225838494407267
"D3","SSR_76",1,7,5,0.225849827503703,0.225838494407267
"D3","SSR_78",0,7,5,0.0581491112676674,0.0581532069353565
"D3","SSR_8",0,7,5,0.0697381381291522,0.0697418574831533
"D3","SSR_90",0,7,5,0.0401917577402331,0.0401959890115657
"D3","JinHua_100",0,8,1,0.0840087339030334,0.0840088350500885
"D3","JinHua_104",0,8,1,0.148228222197502,0.148228021180421
"D3","JinHua_106",0,8,1,0.0662796365786737,0.0662797898753915
"D3","JinHua_11",0,8,1,0.0944063849908093,0.0944064476678048
"D3","JinHua_115",1,8,1,0.272903526632852,0.272902518622796
"D3","JinHua_135",0,8,1,0.13277187760243,0.132771761213148
"D3","JinHua_141",0,8,1,0.0944063849908093,0.0944064476678048
"D3","JinHua_144",1,8,1,0.118702622186796,0.118702577255037
"D3","JinHua_145",0,8,1,0.0587787189618264,0.0587788881624295
"D3","JinHua_151",0,8,1,0.0662796365786737,0.0662797898753915
"D3","JinHua_153",0,8,1,0.203549922186933,0.203549381352844
"D3","JinHua_158",0,8,1,0.0520793384527298,0.0520795181333167
"D3","JinHua_165",0,8,1,0.0520793384527298,0.0520795181333167
"D3","JinHua_169",0,8,1,0.046106124672674,0.0461063103136719
"D3","JinHua_17",0,8,1,0.0662796365786737,0.0662797898753915
"D3","JinHua_173",1,8,1,0.248235553328783,0.248234713807614
"D3","JinHua_175",0,8,1,0.0587787189618264,0.0587788881624295
"D3","JinHua_18",0,8,1,0.0944063849908093,0.0944064476678048
"D3","JinHua_186",0,8,1,0.0746618369997431,0.0746619679717932
"D3","JinHua_191",0,8,1,0.0662796365786737,0.0662797898753915
"D3","JinHua_203",0,8,1,0.105942098510927,0.105942112889631
"D3","JinHua_204",0,8,1,0.165141249573845,0.165140949922142
"D3","JinHua_205",0,8,1,0.0840087339030334,0.0840088350500885
"D3","JinHua_210",0,8,1,0.0840087339030334,0.0840088350500885
"D3","JinHua_211",0,8,1,0.105942098510927,0.105942112889631
"D3","JinHua_213",0,8,1,0.0840087339030334,0.0840088350500885
"D3","JinHua_218",0,8,1,0.0662796365786737,0.0662797898753915
"D3","JinHua_22",0,8,1,0.0944063849908093,0.0944064476678048
"D3","JinHua_220",0,8,1,0.165141249573845,0.165140949922142
"D3","JinHua_225",1,8,1,0.299047708518148,0.299046521804401
"D3","JinHua_4",0,8,1,0.0840087339030334,0.0840088350500885
"D3","JinHua_49",0,8,1,0.0840087339030334,0.0840088350500885
"D3","JinHua_5",0,8,1,0.0520793384527298,0.0520795181333167
"D3","JinHua_50",0,8,1,0.13277187760243,0.132771761213148
"D3","JinHua_55",0,8,1,0.0944063849908093,0.0944064476678048
"D3","JinHua_59",0,8,1,0.118702622186796,0.118702577255037
"D3","JinHua_62",0,8,1,0.046106124672674,0.0461063103136719
"D3","JinHua_63",0,8,1,0.13277187760243,0.132771761213148
"D3","JinHua_67",0,8,1,0.13277187760243,0.132771761213148
"D3","JinHua_69",0,8,1,0.0662796365786737,0.0662797898753915
"D3","JinHua_73",0,8,1,0.105942098510927,0.105942112889631
"D3","JinHua_74",0,8,1,0.0587787189618264,0.0587788881624295
"D3","JinHua_8",0,8,1,0.0587787189618264,0.0587788881624295
"D3","JinHua_89",0,8,1,0.0662796365786737,0.0662797898753915
"D3","JinHua_93",1,8,1,0.225107011470589,0.225106328147501
"D3","SSR_1",0,8,1,0.0840087339030334,0.0840088350500885
"D3","SSR_102",0,8,1,0.0520793384527298,0.0520795181333167
"D3","SSR_118",0,8,1,0.0587787189618264,0.0587788881624295
"D3","SSR_120",0,8,1,0.105942098510927,0.105942112889631
"D3","SSR_128",0,8,1,0.0520793384527298,0.0520795181333167
"D3","SSR_132",0,8,1,0.13277187760243,0.132771761213148
"D3","SSR_146",0,8,1,0.0944063849908093,0.0944064476678048
"D3","SSR_151",0,8,1,0.183568177577066,0.183567764719591
"D3","SSR_157",0,8,1,0.148228222197502,0.148228021180421
"D3","SSR_164",0,8,1,0.0746618369997431,0.0746619679717932
"D3","SSR_173",1,8,1,0.165141249573845,0.165140949922142
"D3","SSR_18",0,8,1,0.272903526632852,0.272902518622796
"D3","SSR_183",1,8,1,0.4159503111166,0.415948370896124
"D3","SSR_28",0,8,1,0.0746618369997431,0.0746619679717932
"D3","SSR_34",0,8,1,0.105942098510927,0.105942112889631
"D3","SSR_36",1,8,1,0.0944063849908093,0.0944064476678048
"D3","SSR_40",0,8,1,0.0662796365786737,0.0662797898753915
"D3","SSR_47",0,8,1,0.203549922186933,0.203549381352844
"D3","SSR_5",0,8,1,0.105942098510927,0.105942112889631
"D3","SSR_51",0,8,1,0.118702622186796,0.118702577255037
"D3","SSR_53",0,8,1,0.0944063849908093,0.0944064476678048
"D3","SSR_62",0,8,1,0.118702622186796,0.118702577255037
"D3","SSR_68",0,8,1,0.148228222197502,0.148228021180421
"D3","SSR_7",0,8,1,0.0746618369997431,0.0746619679717932
"D3","SSR_71",0,8,1,0.13277187760243,0.132771761213148
"D3","SSR_9",0,8,1,0.118702622186796,0.118702577255037
"D3","JinHua_101",0,8,2,0.100485468448715,0.100487143408962
"D3","JinHua_103",0,8,2,0.257780278580529,0.2577668231405
"D3","JinHua_107",0,8,2,0.0710980331297015,0.0711012131626088
"D3","JinHua_112",0,8,2,0.295569222135318,0.295551496276602
"D3","JinHua_116",0,8,2,0.257780278580529,0.2577668231405
"D3","JinHua_120",0,8,2,0.100485468448715,0.100487143408962
"D3","JinHua_123",1,8,2,0.0710980331297015,0.0711012131626088
"D3","JinHua_129",0,8,2,0.0346850240891461,0.0346886198442894
"D3","JinHua_143",0,8,2,0.118910158670252,0.118910548520387
"D3","JinHua_152",0,8,2,0.0846413676986736,0.0846439508435646
"D3","JinHua_161",0,8,2,0.0595806934576723,0.0595842212291931
"D3","JinHua_167",0,8,2,0.0288829048173741,0.0288863325084232
"D3","JinHua_170",1,8,2,0.295569222135318,0.295551496276602
"D3","JinHua_176",0,8,2,0.0846413676986736,0.0846439508435646
"D3","JinHua_185",0,8,2,0.0346850240891461,0.0346886198442894
"D3","JinHua_188",0,8,2,0.0498289923681198,0.0498326745595709
"D3","JinHua_19",0,8,2,0.0498289923681198,0.0498326745595709
"D3","JinHua_195",0,8,2,0.0346850240891461,0.0346886198442894
"D3","JinHua_216",0,8,2,0.140186643835428,0.140185307278103
"D3","JinHua_221",0,8,2,0.0498289923681198,0.0498326745595709
"D3","JinHua_223",0,8,2,0.0595806934576723,0.0595842212291931
"D3","JinHua_224",0,8,2,0.100485468448715,0.100487143408962
"D3","JinHua_23",0,8,2,0.0595806934576723,0.0595842212291931
"D3","JinHua_27",1,8,2,0.0846413676986736,0.0846439508435646
"D3","JinHua_30",0,8,2,0.0710980331297015,0.0711012131626088
"D3","JinHua_31",0,8,2,0.257780278580529,0.2577668231405
"D3","JinHua_36",1,8,2,0.164559089785924,0.164555529337533
"D3","JinHua_41",0,8,2,0.0498289923681198,0.0498326745595709
"D3","JinHua_42",0,8,2,0.0595806934576723,0.0595842212291931
"D3","JinHua_45",0,8,2,0.0595806934576723,0.0595842212291931
"D3","JinHua_54",0,8,2,0.0846413676986736,0.0846439508435646
"D3","JinHua_57",0,8,2,0.140186643835428,0.140185307278103
"D3","JinHua_61",0,8,2,0.100485468448715,0.100487143408962
"D3","JinHua_68",0,8,2,0.118910158670252,0.118910548520387
"D3","JinHua_7",0,8,2,0.0416027649900436,0.0416064564450045
"D3","JinHua_75",0,8,2,0.0498289923681198,0.0498326745595709
"D3","JinHua_77",0,8,2,0.0846413676986736,0.0846439508435646
"D3","JinHua_78",0,8,2,0.0416027649900436,0.0416064564450045
"D3","JinHua_82",0,8,2,0.0710980331297015,0.0711012131626088
"D3","JinHua_88",0,8,2,0.118910158670252,0.118910548520387
"D3","JinHua_90",0,8,2,0.0346850240891461,0.0346886198442894
"D3","JinHua_92",0,8,2,0.0288829048173741,0.0288863325084232
"D3","JinHua_95",0,8,2,0.0416027649900436,0.0416064564450045
"D3","SSR_10",0,8,2,0.295569222135318,0.295551496276602
"D3","SSR_105",0,8,2,0.0710980331297015,0.0711012131626088
"D3","SSR_131",0,8,2,0.140186643835428,0.140185307278103
"D3","SSR_135",0,8,2,0.0416027649900436,0.0416064564450045
"D3","SSR_139",0,8,2,0.118910158670252,0.118910548520387
"D3","SSR_152",0,8,2,0.100485468448715,0.100487143408962
"D3","SSR_158",1,8,2,0.118910158670252,0.118910548520387
"D3","SSR_162",0,8,2,0.100485468448715,0.100487143408962
"D3","SSR_172",0,8,2,0.0710980331297015,0.0711012131626088
"D3","SSR_174",0,8,2,0.140186643835428,0.140185307278103
"D3","SSR_175",0,8,2,0.100485468448715,0.100487143408962
"D3","SSR_177",0,8,2,0.0846413676986736,0.0846439508435646
"D3","SSR_21",0,8,2,0.0346850240891461,0.0346886198442894
"D3","SSR_3",0,8,2,0.0416027649900436,0.0416064564450045
"D3","SSR_32",0,8,2,0.0846413676986736,0.0846439508435646
"D3","SSR_37",0,8,2,0.0595806934576723,0.0595842212291931
"D3","SSR_42",0,8,2,0.0710980331297015,0.0711012131626088
"D3","SSR_56",0,8,2,0.0710980331297015,0.0711012131626088
"D3","SSR_61",0,8,2,0.223291251945152,0.223281623560703
"D3","SSR_63",0,8,2,0.0416027649900436,0.0416064564450045
"D3","SSR_76",1,8,2,0.223291251945152,0.223281623560703
"D3","SSR_77",0,8,2,0.140186643835428,0.140185307278103
"D3","SSR_79",0,8,2,0.118910158670252,0.118910548520387
"D3","SSR_80",1,8,2,0.0498289923681198,0.0498326745595709
"D3","SSR_83",0,8,2,0.118910158670252,0.118910548520387
"D3","SSR_90",0,8,2,0.0416027649900436,0.0416064564450045
"D3","SSR_99",0,8,2,0.100485468448715,0.100487143408962
"D3","JinHua_113",0,8,3,0.0443379526269791,0.0450430004847439
"D3","JinHua_118",0,8,3,0.117942043734224,0.118156666353451
"D3","JinHua_122",0,8,3,0.0976366619719969,0.0946930216795631
"D3","JinHua_126",0,8,3,0.0661640352596827,0.0647259247117219
"D3","JinHua_128",0,8,3,0.0443379526269791,0.0438542168080258
"D3","JinHua_131",0,8,3,0.0542249541309984,0.0558715923975168
"D3","JinHua_134",0,8,3,0.0661640352596827,0.0679358546185485
"D3","JinHua_136",0,8,3,0.0542249541309984,0.0549843090016291
"D3","JinHua_140",0,8,3,0.0542249541309984,0.05615064720637
"D3","JinHua_146",0,8,3,0.0976366619719969,0.0996847375432225
"D3","JinHua_147",0,8,3,0.0239940533921265,0.0243776823558897
"D3","JinHua_15",0,8,3,0.0661640352596827,0.0659454399417987
"D3","JinHua_150",0,8,3,0.0239940533921265,0.0243468703187855
"D3","JinHua_172",0,8,3,0.0239940533921265,0.0237554290812477
"D3","JinHua_178",0,8,3,0.14180668393327,0.143678328392759
"D3","JinHua_184",0,8,3,0.0294844941965102,0.0292464967557088
"D3","JinHua_193",0,8,3,0.0239940533921265,0.0242324386773545
"D3","JinHua_198",0,8,3,0.0805080599885062,0.0801200611657387
"D3","JinHua_2",0,8,3,0.0805080599885062,0.080808437756758
"D3","JinHua_207",0,8,3,0.0976366619719969,0.0959442811389582
"D3","JinHua_21",0,8,3,0.0805080599885062,0.0804082554445048
"D3","JinHua_29",0,8,3,0.0976366619719969,0.0959303391730152
"D3","JinHua_3",0,8,3,0.0805080599885062,0.0818204527303822
"D3","JinHua_33",0,8,3,0.0443379526269791,0.0469329841051874
"D3","JinHua_35",0,8,3,0.0661640352596827,0.0682812240941607
"D3","JinHua_37",0,8,3,0.0805080599885062,0.0790076949490521
"D3","JinHua_48",0,8,3,0.0661640352596827,0.0646632359465106
"D3","JinHua_51",0,8,3,0.278168333765573,0.275888433692145
"D3","JinHua_52",0,8,3,0.278168333765573,0.285079129526306
"D3","JinHua_6",0,8,3,0.0239940533921265,0.0234323040884844
"D3","JinHua_64",0,8,3,0.0542249541309984,0.054897003740408
"D3","JinHua_72",0,8,3,0.0976366619719969,0.0979669348689152
"D3","JinHua_76",0,8,3,0.0361847071941715,0.0364401045145848
"D3","JinHua_79",0,8,3,0.0239940533921265,0.0249093203842962
"D3","JinHua_84",1,8,3,0.0661640352596827,0.0680059220241978
"D3","JinHua_99",0,8,3,0.0805080599885062,0.0811327338680701
"D3","SSR_103",0,8,3,0.57850351027462,0.574192135708864
"D3","SSR_108",0,8,3,0.0361847071941715,0.0360984702383343
"D3","SSR_11",1,8,3,0.0805080599885062,0.0787086589273672
"D3","SSR_111",0,8,3,0.14180668393327,0.14300285554625
"D3","SSR_114",0,8,3,0.0443379526269791,0.0449750609237635
"D3","SSR_115",0,8,3,0.0443379526269791,0.0455105986818145
"D3","SSR_121",0,8,3,0.0805080599885062,0.0795233421651847
"D3","SSR_125",0,8,3,0.169571825424052,0.174806346937194
"D3","SSR_13",0,8,3,0.117942043734224,0.113926614835031
"D3","SSR_134",0,8,3,0.0976366619719969,0.0983598386908816
"D3","SSR_14",1,8,3,0.0661640352596827,0.0636253356385581
"D3","SSR_143",1,8,3,0.322596293717627,0.317070640346371
"D3","SSR_144",1,8,3,0.0361847071941715,0.0374986650725374
"D3","SSR_15",0,8,3,0.0542249541309984,0.0516910175055031
"D3","SSR_16",0,8,3,0.14180668393327,0.132863292355133
"D3","SSR_163",0,8,3,0.0443379526269791,0.0432215513221737
"D3","SSR_167",0,8,3,0.0294844941965102,0.0300455311819127
"D3","SSR_169",0,8,3,0.0805080599885062,0.080524870791604
"D3","SSR_170",0,8,3,0.14180668393327,0.140063142212799
"D3","SSR_19",0,8,3,0.201496864345307,0.201255019106402
"D3","SSR_25",0,8,3,0.0239940533921265,0.0226150221530204
"D3","SSR_29",0,8,3,0.0661640352596827,0.0678544308060678
"D3","SSR_35",1,8,3,0.0661640352596827,0.0683280924971616
"D3","SSR_38",0,8,3,0.322596293717627,0.326975656172715
"D3","SSR_4",0,8,3,0.14180668393327,0.135857932057086
"D3","SSR_43",0,8,3,0.0443379526269791,0.0435230488061522
"D3","SSR_48",0,8,3,0.0661640352596827,0.0647354663689426
"D3","SSR_55",0,8,3,0.0976366619719969,0.0945251436852275
"D3","SSR_59",1,8,3,0.322596293717627,0.313266441872522
"D3","SSR_6",0,8,3,0.14180668393327,0.140864643903522
"D3","SSR_64",0,8,3,0.14180668393327,0.139047957744198
"D3","SSR_78",0,8,3,0.0542249541309984,0.0522794784497605
"D3","SSR_8",0,8,3,0.0661640352596827,0.0669884744215379
"D3","SSR_94",0,8,3,0.0542249541309984,0.0549174272765892
"D3","JinHua_10",1,8,4,0.082690005253626,0.094932378028984
"D3","JinHua_105",0,8,4,0.082690005253626,0.084738068406761
"D3","JinHua_108",0,8,4,0.0686654168952485,0.0654721729830806
"D3","JinHua_114",0,8,4,0.0262751834237644,0.0290579355350622
"D3","JinHua_117",0,8,4,0.0470018821086175,0.0440081248459332
"D3","JinHua_119",0,8,4,0.082690005253626,0.0738828149892276
"D3","JinHua_12",0,8,4,0.0992737189124453,0.11931615250489
"D3","JinHua_121",1,8,4,0.082690005253626,0.0708260013046529
"D3","JinHua_13",0,8,4,0.45138935559216,0.518713601770701
"D3","JinHua_132",0,8,4,0.0215935604841759,0.0192739335653649
"D3","JinHua_133",0,8,4,0.0686654168952485,0.0738368598036331
"D3","JinHua_138",1,8,4,0.082690005253626,0.066668289499363
"D3","JinHua_139",0,8,4,0.0568719883873672,0.0471602677634083
"D3","JinHua_14",0,8,4,0.082690005253626,0.0713003067459293
"D3","JinHua_148",0,8,4,0.082690005253626,0.0811896763172684
"D3","JinHua_155",0,8,4,0.0470018821086175,0.0441238907327115
"D3","JinHua_156",1,8,4,0.082690005253626,0.0864062427931641
"D3","JinHua_157",0,8,4,0.0470018821086175,0.044884906022989
"D3","JinHua_16",0,8,4,0.231441485668279,0.317004732336558
"D3","JinHua_160",0,8,4,0.167668498988713,0.178140809433581
"D3","JinHua_166",0,8,4,0.0568719883873672,0.0491228542485098
"D3","JinHua_177",0,8,4,0.082690005253626,0.0674776859866366
"D3","JinHua_179",1,8,4,0.197623252301671,0.201386636800295
"D3","JinHua_189",0,8,4,0.0470018821086175,0.0448631160195378
"D3","JinHua_194",0,8,4,0.082690005253626,0.073570906891811
"D3","JinHua_20",0,8,4,0.0568719883873672,0.0576163951104698
"D3","JinHua_201",0,8,4,0.0319386789394313,0.0396564224090914
"D3","JinHua_206",0,8,4,0.0387743043716215,0.0564949288477398
"D3","JinHua_217",0,8,4,0.0319386789394313,0.0318261209308468
"D3","JinHua_222",0,8,4,0.0686654168952485,0.0610646134906717
"D3","JinHua_24",0,8,4,0.197623252301671,0.224920066929598
"D3","JinHua_25",1,8,4,0.167668498988713,0.203502359964288
"D3","JinHua_34",0,8,4,0.0568719883873672,0.0561526598969276
"D3","JinHua_39",0,8,4,0.355004913839234,0.39416922261227
"D3","JinHua_43",0,8,4,0.0992737189124453,0.0931236128804474
"D3","JinHua_46",0,8,4,0.0387743043716215,0.0374213564180247
"D3","JinHua_65",0,8,4,0.118752778598843,0.111382570772785
"D3","JinHua_81",0,8,4,0.0568719883873672,0.0553937495454303
"D3","JinHua_86",0,8,4,0.0387743043716215,0.0370051367700489
"D3","JinHua_87",0,8,4,0.141453697572344,0.146104992208846
"D3","JinHua_91",1,8,4,0.118752778598843,0.108417411157737
"D3","JinHua_96",0,8,4,0.141453697572344,0.139790546386227
"D3","JinHua_97",0,8,4,0.082690005253626,0.0895835529762196
"D3","SSR_106",0,8,4,0.0568719883873672,0.0578083694027295
"D3","SSR_12",0,8,4,0.082690005253626,0.0854975315351021
"D3","SSR_140",0,8,4,0.0686654168952485,0.0625540374113054
"D3","SSR_161",0,8,4,0.197623252301671,0.183489460160851
"D3","SSR_165",0,8,4,0.118752778598843,0.125240851899317
"D3","SSR_17",0,8,4,0.0319386789394313,0.0371311987250149
"D3","SSR_179",0,8,4,0.0686654168952485,0.0753952451331713
"D3","SSR_181",0,8,4,0.197623252301671,0.195766230251013
"D3","SSR_2",0,8,4,0.167668498988713,0.19068129227115
"D3","SSR_20",0,8,4,0.0470018821086175,0.0533320706689886
"D3","SSR_22",0,8,4,0.118752778598843,0.117425885237294
"D3","SSR_24",0,8,4,0.0387743043716215,0.0423337272098044
"D3","SSR_26",0,8,4,0.118752778598843,0.117231945415677
"D3","SSR_30",0,8,4,0.0568719883873672,0.07865180659264
"D3","SSR_33",0,8,4,0.0470018821086175,0.0599831715600025
"D3","SSR_39",0,8,4,0.0992737189124453,0.13196373325394
"D3","SSR_41",0,8,4,0.0992737189124453,0.149287956548207
"D3","SSR_50",0,8,4,0.118752778598843,0.0965286728608432
"D3","SSR_52",0,8,4,0.0568719883873672,0.0563770243619548
"D3","SSR_54",0,8,4,0.197623252301671,0.147403391391949
"D3","SSR_57",0,8,4,0.0992737189124453,0.102013558588615
"D3","SSR_58",0,8,4,0.141453697572344,0.128758377075676
"D3","SSR_65",0,8,4,0.141453697572344,0.119410754160929
"D3","SSR_67",0,8,4,0.0319386789394313,0.0288662656461962
"D3","SSR_70",0,8,4,0.082690005253626,0.0795492682522843
"D3","SSR_95",0,8,4,0.197623252301671,0.208808101165752
"D3","JinHua_1",0,8,5,0.043893322449544,0.0439006233090121
"D3","JinHua_102",0,8,5,0.043893322449544,0.0439006233090121
"D3","JinHua_110",0,8,5,0.0358528706955127,0.0358599750317364
"D3","JinHua_111",0,8,5,0.065394806304872,0.0654015821794879
"D3","JinHua_124",0,8,5,0.043893322449544,0.0439006233090121
"D3","JinHua_137",0,8,5,0.0795140228394381,0.07951982801658
"D3","JinHua_149",0,8,5,0.065394806304872,0.0654015821794879
"D3","JinHua_159",0,8,5,0.0292402382511798,0.0292469676886584
"D3","JinHua_162",0,8,5,0.043893322449544,0.0439006233090121
"D3","JinHua_163",0,8,5,0.065394806304872,0.0654015821794879
"D3","JinHua_168",0,8,5,0.043893322449544,0.0439006233090121
"D3","JinHua_171",0,8,5,0.0795140228394381,0.07951982801658
"D3","JinHua_174",0,8,5,0.065394806304872,0.0654015821794879
"D3","JinHua_180",0,8,5,0.0358528706955127,0.0358599750317364
"D3","JinHua_181",0,8,5,0.0963673558399234,0.0963715153218356
"D3","JinHua_182",0,8,5,0.0536366328939875,0.053643861887304
"D3","JinHua_183",0,8,5,0.0536366328939875,0.053643861887304
"D3","JinHua_190",0,8,5,0.139814748755652,0.139812905116619
"D3","JinHua_192",0,8,5,0.139814748755652,0.139812905116619
"D3","JinHua_197",0,8,5,0.043893322449544,0.0439006233090121
"D3","JinHua_199",1,8,5,0.043893322449544,0.0439006233090121
"D3","JinHua_200",0,8,5,0.0536366328939875,0.053643861887304
"D3","JinHua_208",0,8,5,0.0536366328939875,0.053643861887304
"D3","JinHua_209",0,8,5,0.0358528706955127,0.0358599750317364
"D3","JinHua_212",0,8,5,0.065394806304872,0.0654015821794879
"D3","JinHua_214",0,8,5,0.0963673558399234,0.0963715153218356
"D3","JinHua_215",0,8,5,0.0795140228394381,0.07951982801658
"D3","JinHua_219",0,8,5,0.0358528706955127,0.0358599750317364
"D3","JinHua_26",0,8,5,0.0358528706955127,0.0358599750317364
"D3","JinHua_28",0,8,5,0.0238170986298273,0.0238233442444538
"D3","JinHua_32",1,8,5,0.198546519223186,0.198534040190213
"D3","JinHua_38",0,8,5,0.415362919928702,0.41530557259796
"D3","JinHua_40",0,8,5,0.0292402382511798,0.0292469676886584
"D3","JinHua_44",0,8,5,0.116341337473096,0.116343004751964
"D3","JinHua_53",0,8,5,0.0238170986298273,0.0238233442444538
"D3","JinHua_56",0,8,5,0.0238170986298273,0.0238233442444538
"D3","JinHua_60",1,8,5,0.0536366328939875,0.053643861887304
"D3","JinHua_66",0,8,5,0.065394806304872,0.0654015821794879
"D3","JinHua_70",0,8,5,0.116341337473096,0.116343004751964
"D3","JinHua_80",0,8,5,0.198546519223186,0.198534040190213
"D3","JinHua_83",1,8,5,0.167128487953198,0.167121962939488
"D3","JinHua_9",0,8,5,0.043893322449544,0.0439006233090121
"D3","JinHua_94",0,8,5,0.167128487953198,0.167121962939488
"D3","SSR_101",0,8,5,0.0795140228394381,0.07951982801658
"D3","SSR_117",0,8,5,0.0536366328939875,0.053643861887304
"D3","SSR_124",0,8,5,0.0795140228394381,0.07951982801658
"D3","SSR_127",0,8,5,0.0795140228394381,0.07951982801658
"D3","SSR_129",0,8,5,0.065394806304872,0.0654015821794879
"D3","SSR_130",0,8,5,0.167128487953198,0.167121962939488
"D3","SSR_145",0,8,5,0.198546519223186,0.198534040190213
"D3","SSR_150",0,8,5,0.0963673558399234,0.0963715153218356
"D3","SSR_154",1,8,5,0.139814748755652,0.139812905116619
"D3","SSR_159",0,8,5,0.0536366328939875,0.053643861887304
"D3","SSR_166",0,8,5,0.116341337473096,0.116343004751964
"D3","SSR_171",0,8,5,0.0963673558399234,0.0963715153218356
"D3","SSR_182",0,8,5,0.622697421559288,0.62261228532873
"D3","SSR_23",0,8,5,0.0536366328939875,0.053643861887304
"D3","SSR_27",0,8,5,0.139814748755652,0.139812905116619
"D3","SSR_31",0,8,5,0.0358528706955127,0.0358599750317364
"D3","SSR_44",1,8,5,0.065394806304872,0.0654015821794879
"D3","SSR_46",0,8,5,0.0795140228394381,0.07951982801658
"D3","SSR_60",0,8,5,0.139814748755652,0.139812905116619
"D3","SSR_66",0,8,5,0.065394806304872,0.0654015821794879
"D3","SSR_69",1,8,5,0.116341337473096,0.116343004751964
"D3","SSR_73",0,8,5,0.065394806304872,0.0654015821794879
"D3","SSR_74",0,8,5,0.0536366328939875,0.053643861887304
"D3","SSR_75",0,8,5,0.234209874804576,0.234190151359045
"D3","SSR_81",0,8,5,0.0292402382511798,0.0292469676886584
"D3","SSR_98",0,8,5,0.065394806304872,0.0654015821794879
"D3","JinHua_102",0,9,1,0.0503809936442613,0.0503830255287356
"D3","JinHua_105",0,9,1,0.0832856074632121,0.0832869717880197
"D3","JinHua_107",0,9,1,0.0705790043692065,0.0705807144763821
"D3","JinHua_114",0,9,1,0.0300502432134849,0.0300521981526507
"D3","JinHua_115",1,9,1,0.353102068605417,0.353087420104919
"D3","JinHua_128",0,9,1,0.0503809936442613,0.0503830255287356
"D3","JinHua_134",0,9,1,0.0705790043692065,0.0705807144763821
"D3","JinHua_137",0,9,1,0.0832856074632121,0.0832869717880197
"D3","JinHua_140",0,9,1,0.0596847874707427,0.0596867107794558
"D3","JinHua_141",0,9,1,0.0832856074632121,0.0832869717880197
"D3","JinHua_144",1,9,1,0.115076666475534,0.115076816124656
"D3","JinHua_151",0,9,1,0.0503809936442613,0.0503830255287356
"D3","JinHua_155",0,9,1,0.0503809936442613,0.0503830255287356
"D3","JinHua_156",1,9,1,0.0832856074632121,0.0832869717880197
"D3","JinHua_161",0,9,1,0.0596847874707427,0.0596867107794558
"D3","JinHua_162",0,9,1,0.0503809936442613,0.0503830255287356
"D3","JinHua_172",0,9,1,0.0300502432134849,0.0300521981526507
"D3","JinHua_18",0,9,1,0.0832856074632121,0.0832869717880197
"D3","JinHua_183",0,9,1,0.0596847874707427,0.0596867107794558
"D3","JinHua_189",0,9,1,0.0503809936442613,0.0503830255287356
"D3","JinHua_193",0,9,1,0.0300502432134849,0.0300521981526507
"D3","JinHua_195",0,9,1,0.0357408899830991,0.0357429188737202
"D3","JinHua_197",0,9,1,0.0503809936442613,0.0503830255287356
"D3","JinHua_199",1,9,1,0.0503809936442613,0.0503830255287356
"D3","JinHua_20",0,9,1,0.0596847874707427,0.0596867107794558
"D3","JinHua_204",0,9,1,0.182131027026664,0.182127581580086
"D3","JinHua_212",0,9,1,0.0705790043692065,0.0705807144763821
"D3","JinHua_215",0,9,1,0.0832856074632121,0.0832869717880197
"D3","JinHua_28",0,9,1,0.0300502432134849,0.0300521981526507
"D3","JinHua_37",0,9,1,0.0832856074632121,0.0832869717880197
"D3","JinHua_44",0,9,1,0.115076666475534,0.115076816124656
"D3","JinHua_49",0,9,1,0.0705790043692065,0.0705807144763821
"D3","JinHua_51",0,9,1,0.241704358459218,0.241697113310246
"D3","JinHua_52",0,9,1,0.241704358459218,0.241697113310246
"D3","JinHua_6",0,9,1,0.0300502432134849,0.0300521981526507
"D3","JinHua_64",0,9,1,0.0596847874707427,0.0596867107794558
"D3","JinHua_69",0,9,1,0.0503809936442613,0.0503830255287356
"D3","JinHua_7",0,9,1,0.0424620040449037,0.0424640642504574
"D3","JinHua_72",0,9,1,0.0980385222554644,0.0980393773016911
"D3","JinHua_74",0,9,1,0.0424620040449037,0.0424640642504574
"D3","JinHua_75",0,9,1,0.0503809936442613,0.0503830255287356
"D3","JinHua_76",0,9,1,0.0424620040449037,0.0424640642504574
"D3","JinHua_88",0,9,1,0.115076666475534,0.115076816124656
"D3","JinHua_96",0,9,1,0.134633883101877,0.134633098960625
"D3","SSR_106",0,9,1,0.0596847874707427,0.0596867107794558
"D3","SSR_114",0,9,1,0.0503809936442613,0.0503830255287356
"D3","SSR_120",0,9,1,0.0980385222554644,0.0980393773016911
"D3","SSR_130",0,9,1,0.156925432076993,0.156923456804721
"D3","SSR_134",0,9,1,0.0980385222554644,0.0980393773016911
"D3","SSR_14",1,9,1,0.0705790043692065,0.0705807144763821
"D3","SSR_146",0,9,1,0.0832856074632121,0.0832869717880197
"D3","SSR_15",0,9,1,0.0596847874707427,0.0596867107794558
"D3","SSR_157",0,9,1,0.156925432076993,0.156923456804721
"D3","SSR_16",0,9,1,0.134633883101877,0.134633098960625
"D3","SSR_171",0,9,1,0.0980385222554644,0.0980393773016911
"D3","SSR_173",1,9,1,0.182131027026664,0.182127581580086
"D3","SSR_183",1,9,1,0.572268606407392,0.572242872850496
"D3","SSR_23",0,9,1,0.0596847874707427,0.0596867107794558
"D3","SSR_30",0,9,1,0.0596847874707427,0.0596867107794558
"D3","SSR_35",1,9,1,0.0705790043692065,0.0705807144763821
"D3","SSR_38",0,9,1,0.276068223804628,0.27605868482546
"D3","SSR_40",0,9,1,0.0503809936442613,0.0503830255287356
"D3","SSR_46",0,9,1,0.0832856074632121,0.0832869717880197
"D3","SSR_5",0,9,1,0.0980385222554644,0.0980393773016911
"D3","SSR_51",0,9,1,0.115076666475534,0.115076816124656
"D3","SSR_60",0,9,1,0.134633883101877,0.134633098960625
"D3","SSR_62",0,9,1,0.115076666475534,0.115076816124656
"D3","SSR_64",0,9,1,0.134633883101877,0.134633098960625
"D3","SSR_7",0,9,1,0.0596847874707427,0.0596867107794558
"D3","SSR_79",0,9,1,0.115076666475534,0.115076816124656
"D3","SSR_81",0,9,1,0.0357408899830991,0.0357429188737202
"D3","JinHua_1",0,9,2,0.0418584686243773,0.0418696918466116
"D3","JinHua_106",0,9,2,0.0418584686243773,0.0418696918466116
"D3","JinHua_113",0,9,2,0.0418584686243773,0.0418696918466116
"D3","JinHua_118",0,9,2,0.120750331376648,0.120752402666654
"D3","JinHua_131",0,9,2,0.0520730516843237,0.0520842945273655
"D3","JinHua_135",0,9,2,0.147257815950947,0.147253728694189
"D3","JinHua_136",0,9,2,0.0520730516843237,0.0520842945273655
"D3","JinHua_138",1,9,2,0.0799161488606049,0.0799252394803074
"D3","JinHua_14",0,9,2,0.0799161488606049,0.0799252394803074
"D3","JinHua_145",0,9,2,0.0335765925974877,0.0335873628282037
"D3","JinHua_150",0,9,2,0.0215010934395861,0.0215102677585397
"D3","JinHua_158",0,9,2,0.0268873384958863,0.0268973852933544
"D3","JinHua_16",0,9,2,0.25558229681378,0.255546391799833
"D3","JinHua_168",0,9,2,0.0418584686243773,0.0418696918466116
"D3","JinHua_171",0,9,2,0.0799161488606049,0.0799252394803074
"D3","JinHua_173",1,9,2,0.405682382941561,0.405599228998328
"D3","JinHua_175",0,9,2,0.0335765925974877,0.0335873628282037
"D3","JinHua_176",0,9,2,0.0799161488606049,0.0799252394803074
"D3","JinHua_178",0,9,2,0.147257815950947,0.147253728694189
"D3","JinHua_180",0,9,2,0.0335765925974877,0.0335873628282037
"D3","JinHua_186",0,9,2,0.0520730516843237,0.0520842945273655
"D3","JinHua_192",0,9,2,0.147257815950947,0.147253728694189
"D3","JinHua_205",0,9,2,0.0646121752203971,0.0646227939298658
"D3","JinHua_207",0,9,2,0.098463433301112,0.0984697864088064
"D3","JinHua_208",0,9,2,0.0520730516843237,0.0520842945273655
"D3","JinHua_209",0,9,2,0.0335765925974877,0.0335873628282037
"D3","JinHua_220",0,9,2,0.214480012620653,0.214456988275297
"D3","JinHua_223",0,9,2,0.0520730516843237,0.0520842945273655
"D3","JinHua_23",0,9,2,0.0520730516843237,0.0520842945273655
"D3","JinHua_31",0,9,2,0.301537659914539,0.301486950471542
"D3","JinHua_34",0,9,2,0.0520730516843237,0.0520842945273655
"D3","JinHua_38",0,9,2,0.461881150565803,0.461782489466604
"D3","JinHua_55",0,9,2,0.0799161488606049,0.0799252394803074
"D3","JinHua_60",1,9,2,0.0520730516843237,0.0520842945273655
"D3","JinHua_61",0,9,2,0.098463433301112,0.0984697864088064
"D3","JinHua_73",0,9,2,0.098463433301112,0.0984697864088064
"D3","JinHua_77",0,9,2,0.0799161488606049,0.0799252394803074
"D3","JinHua_84",1,9,2,0.0646121752203971,0.0646227939298658
"D3","JinHua_90",0,9,2,0.0268873384958863,0.0268973852933544
"D3","JinHua_92",0,9,2,0.0215010934395861,0.0215102677585397
"D3","JinHua_97",0,9,2,0.0799161488606049,0.0799252394803074
"D3","JinHua_99",0,9,2,0.0799161488606049,0.0799252394803074
"D3","SSR_101",0,9,2,0.0799161488606049,0.0799252394803074
"D3","SSR_103",0,9,2,0.630518696841544,0.630389827085669
"D3","SSR_105",0,9,2,0.0646121752203971,0.0646227939298658
"D3","SSR_11",1,9,2,0.0799161488606049,0.0799252394803074
"D3","SSR_115",0,9,2,0.0418584686243773,0.0418696918466116
"D3","SSR_12",0,9,2,0.0799161488606049,0.0799252394803074
"D3","SSR_127",0,9,2,0.0799161488606049,0.0799252394803074
"D3","SSR_129",0,9,2,0.0646121752203971,0.0646227939298658
"D3","SSR_132",0,9,2,0.147257815950947,0.147253728694189
"D3","SSR_145",0,9,2,0.214480012620653,0.214456988275297
"D3","SSR_158",1,9,2,0.120750331376648,0.120752402666654
"D3","SSR_161",0,9,2,0.214480012620653,0.214456988275297
"D3","SSR_164",0,9,2,0.0520730516843237,0.0520842945273655
"D3","SSR_17",0,9,2,0.0268873384958863,0.0268973852933544
"D3","SSR_175",0,9,2,0.098463433301112,0.0984697864088064
"D3","SSR_18",0,9,2,0.461881150565803,0.461782489466604
"D3","SSR_24",0,9,2,0.0335765925974877,0.0335873628282037
"D3","SSR_25",0,9,2,0.0215010934395861,0.0215102677585397
"D3","SSR_36",1,9,2,0.0799161488606049,0.0799252394803074
"D3","SSR_37",0,9,2,0.0520730516843237,0.0520842945273655
"D3","SSR_4",0,9,2,0.147257815950947,0.147253728694189
"D3","SSR_43",0,9,2,0.0418584686243773,0.0418696918466116
"D3","SSR_47",0,9,2,0.301537659914539,0.301486950471542
"D3","SSR_50",0,9,2,0.120750331376648,0.120752402666654
"D3","SSR_53",0,9,2,0.0799161488606049,0.0799252394803074
"D3","SSR_6",0,9,2,0.147257815950947,0.147253728694189
"D3","SSR_68",0,9,2,0.178403603670313,0.178391202589191
"D3","SSR_9",0,9,2,0.120750331376648,0.120752402666654
"D3","JinHua_103",0,9,3,0.235131571877268,0.235127401177926
"D3","JinHua_104",0,9,3,0.157694011644323,0.157692800302789
"D3","JinHua_111",0,9,3,0.0757157185964108,0.0757167215853332
"D3","JinHua_112",0,9,3,0.266149103675625,0.26614365816474
"D3","JinHua_117",0,9,3,0.0555849775819702,0.0555862223881425
"D3","JinHua_124",0,9,3,0.0555849775819702,0.0555862223881425
"D3","JinHua_126",0,9,3,0.0757157185964108,0.0757167215853332
"D3","JinHua_133",0,9,3,0.0757157185964108,0.0757167215853332
"D3","JinHua_149",0,9,3,0.0757157185964108,0.0757167215853332
"D3","JinHua_15",0,9,3,0.0757157185964108,0.0757167215853332
"D3","JinHua_157",0,9,3,0.0555849775819702,0.0555862223881425
"D3","JinHua_163",0,9,3,0.0757157185964108,0.0757167215853332
"D3","JinHua_169",0,9,3,0.03460360313833,0.0346048653609112
"D3","JinHua_17",0,9,3,0.0555849775819702,0.0555862223881425
"D3","JinHua_174",0,9,3,0.0757157185964108,0.0757167215853332
"D3","JinHua_179",1,9,3,0.180912500947845,0.180910454537526
"D3","JinHua_181",0,9,3,0.102346954193482,0.10234740907158
"D3","JinHua_19",0,9,3,0.0555849775819702,0.0555862223881425
"D3","JinHua_198",0,9,3,0.0881267812860164,0.0881275560860248
"D3","JinHua_201",0,9,3,0.0405715148671168,0.0405728030513394
"D3","JinHua_21",0,9,3,0.0881267812860164,0.0881275560860248
"D3","JinHua_219",0,9,3,0.0475180214415011,0.0475193069699528
"D3","JinHua_222",0,9,3,0.0757157185964108,0.0757167215853332
"D3","JinHua_225",1,9,3,0.373244939039438,0.373235125135006
"D3","JinHua_25",1,9,3,0.157694011644323,0.157692800302789
"D3","JinHua_26",0,9,3,0.0475180214415011,0.0475193069699528
"D3","JinHua_27",1,9,3,0.0881267812860164,0.0881275560860248
"D3","JinHua_3",0,9,3,0.0881267812860164,0.0881275560860248
"D3","JinHua_35",0,9,3,0.0757157185964108,0.0757167215853332
"D3","JinHua_40",0,9,3,0.0405715148671168,0.0405728030513394
"D3","JinHua_45",0,9,3,0.0649280757538315,0.0649292306444626
"D3","JinHua_48",0,9,3,0.0757157185964108,0.0757167215853332
"D3","JinHua_5",0,9,3,0.0405715148671168,0.0405728030513394
"D3","JinHua_62",0,9,3,0.03460360313833,0.0346048653609112
"D3","JinHua_8",0,9,3,0.0475180214415011,0.0475193069699528
"D3","JinHua_82",0,9,3,0.0757157185964108,0.0757167215853332
"D3","JinHua_87",0,9,3,0.136957148831332,0.136956625273867
"D3","JinHua_9",0,9,3,0.0555849775819702,0.0555862223881425
"D3","JinHua_95",0,9,3,0.0475180214415011,0.0475193069699528
"D3","SSR_102",0,9,3,0.0405715148671168,0.0405728030513394
"D3","SSR_108",0,9,3,0.0475180214415011,0.0475193069699528
"D3","SSR_111",0,9,3,0.136957148831332,0.136956625273867
"D3","SSR_125",0,9,3,0.157694011644323,0.157692800302789
"D3","SSR_143",1,9,3,0.266149103675625,0.26614365816474
"D3","SSR_144",1,9,3,0.0475180214415011,0.0475193069699528
"D3","SSR_150",0,9,3,0.102346954193482,0.10234740907158
"D3","SSR_154",1,9,3,0.136957148831332,0.136956625273867
"D3","SSR_162",0,9,3,0.102346954193482,0.10234740907158
"D3","SSR_166",0,9,3,0.118563355542252,0.118563382806408
"D3","SSR_169",0,9,3,0.0881267812860164,0.0881275560860248
"D3","SSR_174",0,9,3,0.136957148831332,0.136956625273867
"D3","SSR_179",0,9,3,0.0757157185964108,0.0757167215853332
"D3","SSR_181",0,9,3,0.180912500947845,0.180910454537526
"D3","SSR_19",0,9,3,0.180912500947845,0.180910454537526
"D3","SSR_20",0,9,3,0.0555849775819702,0.0555862223881425
"D3","SSR_26",0,9,3,0.118563355542252,0.118563382806408
"D3","SSR_27",0,9,3,0.136957148831332,0.136956625273867
"D3","SSR_28",0,9,3,0.0649280757538315,0.0649292306444626
"D3","SSR_31",0,9,3,0.0475180214415011,0.0475193069699528
"D3","SSR_32",0,9,3,0.0881267812860164,0.0881275560860248
"D3","SSR_39",0,9,3,0.102346954193482,0.10234740907158
"D3","SSR_41",0,9,3,0.102346954193482,0.10234740907158
"D3","SSR_52",0,9,3,0.0649280757538315,0.0649292306444626
"D3","SSR_63",0,9,3,0.0475180214415011,0.0475193069699528
"D3","SSR_65",0,9,3,0.136957148831332,0.136956625273867
"D3","SSR_67",0,9,3,0.0405715148671168,0.0405728030513394
"D3","SSR_74",0,9,3,0.0649280757538315,0.0649292306444626
"D3","SSR_90",0,9,3,0.0475180214415011,0.0475193069699528
"D3","SSR_95",0,9,3,0.180912500947845,0.180910454537526
"D3","SSR_99",0,9,3,0.102346954193482,0.10234740907158
"D3","JinHua_10",1,9,4,0.0850567701825009,0.0850587296154493
"D3","JinHua_100",0,9,4,0.0720399633998647,0.0720423876310689
"D3","JinHua_101",0,9,4,0.100171673549369,0.1001729438723
"D3","JinHua_108",0,9,4,0.0720399633998647,0.0720423876310689
"D3","JinHua_11",0,9,4,0.0850567701825009,0.0850587296154493
"D3","JinHua_123",1,9,4,0.0720399633998647,0.0720423876310689
"D3","JinHua_129",0,9,4,0.0363804199959559,0.0363832457904713
"D3","JinHua_148",0,9,4,0.0850567701825009,0.0850587296154493
"D3","JinHua_160",0,9,4,0.160482167918187,0.160479586310117
"D3","JinHua_165",0,9,4,0.0363804199959559,0.0363832457904713
"D3","JinHua_167",0,9,4,0.030564035159921,0.0305667519790733
"D3","JinHua_184",0,9,4,0.0363804199959559,0.0363832457904713
"D3","JinHua_188",0,9,4,0.0513577079903956,0.0513605549270957
"D3","JinHua_194",0,9,4,0.0850567701825009,0.0850587296154493
"D3","JinHua_2",0,9,4,0.0850567701825009,0.0850587296154493
"D3","JinHua_200",0,9,4,0.0608826496630274,0.0608853568887375
"D3","JinHua_203",0,9,4,0.100171673549369,0.1001729438723
"D3","JinHua_206",0,9,4,0.0432542859822748,0.0432571629611893
"D3","JinHua_211",0,9,4,0.100171673549369,0.1001729438723
"D3","JinHua_214",0,9,4,0.100171673549369,0.1001729438723
"D3","JinHua_216",0,9,4,0.13765920568488,0.137658246893969
"D3","JinHua_218",0,9,4,0.0513577079903956,0.0513605549270957
"D3","JinHua_22",0,9,4,0.0850567701825009,0.0850587296154493
"D3","JinHua_221",0,9,4,0.0513577079903956,0.0513605549270957
"D3","JinHua_24",0,9,4,0.186271675089532,0.186267090491308
"D3","JinHua_29",0,9,4,0.100171673549369,0.1001729438723
"D3","JinHua_30",0,9,4,0.0720399633998647,0.0720423876310689
"D3","JinHua_32",1,9,4,0.186271675089532,0.186267090491308
"D3","JinHua_33",0,9,4,0.0513577079903956,0.0513605549270957
"D3","JinHua_36",1,9,4,0.160482167918187,0.160479586310117
"D3","JinHua_41",0,9,4,0.0513577079903956,0.0513605549270957
"D3","JinHua_42",0,9,4,0.0608826496630274,0.0608853568887375
"D3","JinHua_46",0,9,4,0.0432542859822748,0.0432571629611893
"D3","JinHua_50",0,9,4,0.13765920568488,0.137658246893969
"D3","JinHua_53",0,9,4,0.030564035159921,0.0305667519790733
"D3","JinHua_56",0,9,4,0.030564035159921,0.0305667519790733
"D3","JinHua_57",0,9,4,0.13765920568488,0.137658246893969
"D3","JinHua_65",0,9,4,0.117627236145598,0.117627548364415
"D3","JinHua_80",0,9,4,0.186271675089532,0.186267090491308
"D3","JinHua_81",0,9,4,0.0608826496630274,0.0608853568887375
"D3","JinHua_91",1,9,4,0.117627236145598,0.117627548364415
"D3","JinHua_93",1,9,4,0.282165215460811,0.282152353495165
"D3","SSR_1",0,9,4,0.0720399633998647,0.0720423876310689
"D3","SSR_10",0,9,4,0.282165215460811,0.282152353495165
"D3","SSR_118",0,9,4,0.0432542859822748,0.0432571629611893
"D3","SSR_128",0,9,4,0.0363804199959559,0.0363832457904713
"D3","SSR_13",0,9,4,0.117627236145598,0.117627548364415
"D3","SSR_131",0,9,4,0.13765920568488,0.137658246893969
"D3","SSR_135",0,9,4,0.0432542859822748,0.0432571629611893
"D3","SSR_139",0,9,4,0.117627236145598,0.117627548364415
"D3","SSR_151",0,9,4,0.215143478907466,0.215136499843343
"D3","SSR_159",0,9,4,0.0608826496630274,0.0608853568887375
"D3","SSR_167",0,9,4,0.0363804199959559,0.0363832457904713
"D3","SSR_170",0,9,4,0.13765920568488,0.137658246893969
"D3","SSR_177",0,9,4,0.0850567701825009,0.0850587296154493
"D3","SSR_29",0,9,4,0.0720399633998647,0.0720423876310689
"D3","SSR_42",0,9,4,0.0720399633998647,0.0720423876310689
"D3","SSR_44",1,9,4,0.0720399633998647,0.0720423876310689
"D3","SSR_55",0,9,4,0.100171673549369,0.1001729438723
"D3","SSR_56",0,9,4,0.0720399633998647,0.0720423876310689
"D3","SSR_57",0,9,4,0.100171673549369,0.1001729438723
"D3","SSR_70",0,9,4,0.0850567701825009,0.0850587296154493
"D3","SSR_71",0,9,4,0.13765920568488,0.137658246893969
"D3","SSR_73",0,9,4,0.0720399633998647,0.0720423876310689
"D3","SSR_75",0,9,4,0.215143478907466,0.215136499843343
"D3","SSR_78",0,9,4,0.0608826496630274,0.0608853568887375
"D3","SSR_8",0,9,4,0.0720399633998647,0.0720423876310689
"D3","SSR_83",0,9,4,0.117627236145598,0.117627548364415
"D3","SSR_98",0,9,4,0.0720399633998647,0.0720423876310689
"D3","JinHua_110",0,9,5,0.0414009108334382,0.0333568026103444
"D3","JinHua_116",0,9,5,0.274511631972496,0.297404410081452
"D3","JinHua_119",0,9,5,0.0868305237649456,0.072476504896348
"D3","JinHua_12",0,9,5,0.103803354016893,0.161919189174274
"D3","JinHua_120",0,9,5,0.103803354016893,0.0871221163042821
"D3","JinHua_121",1,9,5,0.0868305237649456,0.0680592288408519
"D3","JinHua_122",0,9,5,0.103803354016893,0.064516464656411
"D3","JinHua_13",0,9,5,0.454465356979129,0.521974127435491
"D3","JinHua_132",0,9,5,0.0233376024862748,0.0204202950586677
"D3","JinHua_139",0,9,5,0.0602242230493286,0.0401016944136212
"D3","JinHua_143",0,9,5,0.123644655616999,0.122686656795038
"D3","JinHua_146",0,9,5,0.103803354016893,0.110958020843015
"D3","JinHua_147",0,9,5,0.0282838312671391,0.0287649646681714
"D3","JinHua_152",0,9,5,0.0868305237649456,0.0619189374905719
"D3","JinHua_153",0,9,5,0.274511631972496,0.226663580048506
"D3","JinHua_159",0,9,5,0.0342416221410409,0.0365290695415176
"D3","JinHua_166",0,9,5,0.0602242230493286,0.0491492168803677
"D3","JinHua_170",1,9,5,0.315495735746809,0.320474517577571
"D3","JinHua_177",0,9,5,0.0868305237649456,0.0564178524454318
"D3","JinHua_182",0,9,5,0.0602242230493286,0.0595406979717232
"D3","JinHua_185",0,9,5,0.0342416221410409,0.0264608410216734
"D3","JinHua_190",0,9,5,0.146657858980719,0.0977522083265848
"D3","JinHua_191",0,9,5,0.0499796083700296,0.0317838285899829
"D3","JinHua_210",0,9,5,0.0724086865605102,0.0615545300497028
"D3","JinHua_213",0,9,5,0.0724086865605102,0.0533437461045535
"D3","JinHua_217",0,9,5,0.0342416221410409,0.0281073207505482
"D3","JinHua_224",0,9,5,0.103803354016893,0.0843973016281786
"D3","JinHua_39",0,9,5,0.359566071398607,0.44155108276008
"D3","JinHua_4",0,9,5,0.0724086865605102,0.057595231455951
"D3","JinHua_43",0,9,5,0.103803354016893,0.0965906450164196
"D3","JinHua_54",0,9,5,0.0868305237649456,0.0854481267812312
"D3","JinHua_59",0,9,5,0.123644655616999,0.206120225458377
"D3","JinHua_63",0,9,5,0.146657858980719,0.172564399859332
"D3","JinHua_66",0,9,5,0.0724086865605102,0.145362278139641
"D3","JinHua_67",0,9,5,0.146657858980719,0.120826234150131
"D3","JinHua_68",0,9,5,0.123644655616999,0.127146715794523
"D3","JinHua_70",0,9,5,0.123644655616999,0.143805629249791
"D3","JinHua_78",0,9,5,0.0414009108334382,0.0599506066093483
"D3","JinHua_79",0,9,5,0.0282838312671391,0.042478273023096
"D3","JinHua_83",1,9,5,0.173108275713575,0.21091075742372
"D3","JinHua_86",0,9,5,0.0414009108334382,0.0354479871089528
"D3","JinHua_89",0,9,5,0.0499796083700296,0.0466328914036898
"D3","JinHua_94",0,9,5,0.173108275713575,0.244489402147703
"D3","SSR_117",0,9,5,0.0602242230493286,0.0483111541727733
"D3","SSR_121",0,9,5,0.0868305237649456,0.0722041030636716
"D3","SSR_124",0,9,5,0.0868305237649456,0.0604041003111668
"D3","SSR_140",0,9,5,0.0724086865605102,0.0526735125585024
"D3","SSR_152",0,9,5,0.103803354016893,0.174382991279687
"D3","SSR_163",0,9,5,0.0499796083700296,0.0380918245098229
"D3","SSR_165",0,9,5,0.123644655616999,0.148962700299334
"D3","SSR_172",0,9,5,0.0724086865605102,0.0568340672179415
"D3","SSR_182",0,9,5,0.600910538969767,0.611371004237989
"D3","SSR_2",0,9,5,0.173108275713575,0.156142586368166
"D3","SSR_21",0,9,5,0.0342416221410409,0.0232323375468378
"D3","SSR_22",0,9,5,0.123644655616999,0.0900844188003238
"D3","SSR_3",0,9,5,0.0414009108334382,0.0401375143899
"D3","SSR_33",0,9,5,0.0499796083700296,0.0604475492747822
"D3","SSR_34",0,9,5,0.103803354016893,0.102141105085368
"D3","SSR_48",0,9,5,0.0724086865605102,0.0409296482812638
"D3","SSR_54",0,9,5,0.203193231522238,0.0913467220883928
"D3","SSR_58",0,9,5,0.146657858980719,0.0993033933852324
"D3","SSR_59",1,9,5,0.315495735746809,0.206162408012893
"D3","SSR_61",0,9,5,0.23700809962683,0.185122028083446
"D3","SSR_66",0,9,5,0.0724086865605102,0.0447296053049981
"D3","SSR_69",1,9,5,0.123644655616999,0.0553681757212477
"D3","SSR_76",1,9,5,0.23700809962683,0.179007219596409
"D3","SSR_77",0,9,5,0.146657858980719,0.0435325662959649
"D3","SSR_80",1,9,5,0.0499796083700296,0.0250668523171804
"D3","SSR_94",0,9,5,0.0602242230493286,0.0554285156779606
"D3","JinHua_100",0,10,1,0.0698053303578539,0.0528375070843285
"D3","JinHua_104",0,10,1,0.168067709538682,0.145186525793359
"D3","JinHua_108",0,10,1,0.0698053303578539,0.0629589638787919
"D3","JinHua_112",0,10,1,0.308499294756604,0.279693400439095
"D3","JinHua_115",1,10,1,0.398666404864448,0.385874044986276
"D3","JinHua_117",0,10,1,0.048071370593163,0.0423380393480568
"D3","JinHua_126",0,10,1,0.0698053303578539,0.0603272349152953
"D3","JinHua_13",0,10,1,0.446959072075935,0.534349083509898
"D3","JinHua_134",0,10,1,0.0698053303578539,0.0781099412687853
"D3","JinHua_138",1,10,1,0.0838136703582192,0.0626031306084468
"D3","JinHua_148",0,10,1,0.0838136703582192,0.0789083794893997
"D3","JinHua_152",0,10,1,0.0838136703582192,0.0684701750460352
"D3","JinHua_155",0,10,1,0.048071370593163,0.0440134696822155
"D3","JinHua_16",0,10,1,0.230895012473448,0.333605292253696
"D3","JinHua_183",0,10,1,0.0579901047293914,0.044956877863675
"D3","JinHua_190",0,10,1,0.14216248971622,0.105847038971666
"D3","JinHua_191",0,10,1,0.048071370593163,0.0373454702119782
"D3","JinHua_197",0,10,1,0.048071370593163,0.0455562949911926
"D3","JinHua_198",0,10,1,0.0838136703582192,0.0655059391531428
"D3","JinHua_21",0,10,1,0.0838136703582192,0.0959479568243478
"D3","JinHua_214",0,10,1,0.100329956542846,0.129046829791767
"D3","JinHua_215",0,10,1,0.0838136703582192,0.0910409148264605
"D3","JinHua_22",0,10,1,0.0838136703582192,0.110434137179369
"D3","JinHua_221",0,10,1,0.048071370593163,0.05543605405285
"D3","JinHua_224",0,10,1,0.100329956542846,0.0874120423840674
"D3","JinHua_23",0,10,1,0.0579901047293914,0.0644260920906356
"D3","JinHua_24",0,10,1,0.197606057540735,0.235951904849133
"D3","JinHua_28",0,10,1,0.0271201683184198,0.0190381008813743
"D3","JinHua_4",0,10,1,0.0698053303578539,0.0651936633861401
"D3","JinHua_40",0,10,1,0.0328652163476638,0.0321657683607154
"D3","JinHua_48",0,10,1,0.0698053303578539,0.0687179711931228
"D3","JinHua_52",0,10,1,0.267919387594992,0.235519124874351
"D3","JinHua_55",0,10,1,0.0838136703582192,0.0906383784751973
"D3","JinHua_56",0,10,1,0.0271201683184198,0.0310005028559594
"D3","JinHua_61",0,10,1,0.100329956542846,0.0802831461073032
"D3","JinHua_68",0,10,1,0.119675794575628,0.103035583366587
"D3","JinHua_69",0,10,1,0.048071370593163,0.045261612837827
"D3","JinHua_80",0,10,1,0.197606057540735,0.185285592718917
"D3","JinHua_81",0,10,1,0.0579901047293914,0.0552118808246601
"D3","JinHua_83",1,10,1,0.168067709538682,0.183078587123536
"D3","JinHua_86",0,10,1,0.0397775174156219,0.0365558317315908
"D3","JinHua_9",0,10,1,0.048071370593163,0.0608123236657333
"D3","JinHua_91",1,10,1,0.119675794575628,0.104837142700174
"D3","JinHua_96",0,10,1,0.14216248971622,0.138198653625731
"D3","JinHua_99",0,10,1,0.0838136703582192,0.0640138347347203
"D3","SSR_105",0,10,1,0.0698053303578539,0.066797144362087
"D3","SSR_106",0,10,1,0.0579901047293914,0.0578215373628392
"D3","SSR_120",0,10,1,0.100329956542846,0.0765002474387692
"D3","SSR_124",0,10,1,0.0838136703582192,0.0739948267575734
"D3","SSR_129",0,10,1,0.0698053303578539,0.0738477749563226
"D3","SSR_130",0,10,1,0.168067709538682,0.135235938327974
"D3","SSR_144",1,10,1,0.0397775174156219,0.0399755732722528
"D3","SSR_145",0,10,1,0.197606057540735,0.199137200045949
"D3","SSR_166",0,10,1,0.119675794575628,0.133427875486154
"D3","SSR_169",0,10,1,0.0838136703582192,0.0761851706554038
"D3","SSR_171",0,10,1,0.100329956542846,0.106450789608053
"D3","SSR_172",0,10,1,0.0698053303578539,0.0587816488026647
"D3","SSR_173",1,10,1,0.197606057540735,0.217431874387146
"D3","SSR_37",0,10,1,0.0579901047293914,0.0665262326571918
"D3","SSR_38",0,10,1,0.308499294756604,0.381498242048798
"D3","SSR_44",1,10,1,0.0698053303578539,0.0557018292445773
"D3","SSR_5",0,10,1,0.100329956542846,0.118977462262624
"D3","SSR_54",0,10,1,0.197606057540735,0.138488353441899
"D3","SSR_61",0,10,1,0.230895012473448,0.198308428352765
"D3","SSR_65",0,10,1,0.14216248971622,0.114257332132907
"D3","SSR_76",1,10,1,0.230895012473448,0.198239874416661
"D3","SSR_78",0,10,1,0.0579901047293914,0.0462523295133147
"D3","SSR_81",0,10,1,0.0328652163476638,0.0263094603575987
"D3","SSR_83",0,10,1,0.119675794575628,0.119303712495806
"D3","SSR_95",0,10,1,0.197606057540735,0.213774071071397
"D3","SSR_99",0,10,1,0.100329956542846,0.0918567656830577
"D3","JinHua_101",0,10,2,0.102575177172987,0.102576786607011
"D3","JinHua_105",0,10,2,0.0856857553382317,0.0856883965028161
"D3","JinHua_11",0,10,2,0.0856857553382317,0.0856883965028161
"D3","JinHua_110",0,10,2,0.040632534502309,0.0406363792716481
"D3","JinHua_113",0,10,2,0.0491186379812656,0.0491224865847061
"D3","JinHua_120",0,10,2,0.102575177172987,0.102576786607011
"D3","JinHua_121",1,10,2,0.0856857553382317,0.0856883965028161
"D3","JinHua_122",0,10,2,0.102575177172987,0.102576786607011
"D3","JinHua_123",1,10,2,0.0713561296171486,0.0713594389709392
"D3","JinHua_124",0,10,2,0.0491186379812656,0.0491224865847061
"D3","JinHua_132",0,10,2,0.0228125402784542,0.0228158243977833
"D3","JinHua_133",0,10,2,0.0713561296171486,0.0713594389709392
"D3","JinHua_14",0,10,2,0.0856857553382317,0.0856883965028161
"D3","JinHua_167",0,10,2,0.0276843352928624,0.027687863994008
"D3","JinHua_170",1,10,2,0.314524020509621,0.314503298407681
"D3","JinHua_173",1,10,2,0.358817858387209,0.358792011977108
"D3","JinHua_178",0,10,2,0.145315555407078,0.145313695730727
"D3","JinHua_18",0,10,2,0.0856857553382317,0.0856883965028161
"D3","JinHua_181",0,10,2,0.102575177172987,0.102576786607011
"D3","JinHua_182",0,10,2,0.0592675737784188,0.0592712631373971
"D3","JinHua_188",0,10,2,0.0491186379812656,0.0491224865847061
"D3","JinHua_20",0,10,2,0.0592675737784188,0.0592712631373971
"D3","JinHua_201",0,10,2,0.0335608078120629,0.0335645332598587
"D3","JinHua_203",0,10,2,0.102575177172987,0.102576786607011
"D3","JinHua_204",0,10,2,0.201858969682047,0.20185132817894
"D3","JinHua_205",0,10,2,0.0713561296171486,0.0713594389709392
"D3","JinHua_211",0,10,2,0.102575177172987,0.102576786607011
"D3","JinHua_216",0,10,2,0.145315555407078,0.145313695730727
"D3","JinHua_219",0,10,2,0.040632534502309,0.0406363792716481
"D3","JinHua_223",0,10,2,0.0592675737784188,0.0592712631373971
"D3","JinHua_32",1,10,2,0.201858969682047,0.20185132817894
"D3","JinHua_33",0,10,2,0.0491186379812656,0.0491224865847061
"D3","JinHua_38",0,10,2,0.405658034706415,0.40562703619416
"D3","JinHua_39",0,10,2,0.358817858387209,0.358792011977108
"D3","JinHua_62",0,10,2,0.0276843352928624,0.027687863994008
"D3","JinHua_66",0,10,2,0.0713561296171486,0.0713594389709392
"D3","JinHua_79",0,10,2,0.0276843352928624,0.027687863994008
"D3","JinHua_8",0,10,2,0.040632534502309,0.0406363792716481
"D3","JinHua_84",1,10,2,0.0713561296171486,0.0713594389709392
"D3","JinHua_87",0,10,2,0.145315555407078,0.145313695730727
"D3","JinHua_92",0,10,2,0.0276843352928624,0.027687863994008
"D3","SSR_1",0,10,2,0.0713561296171486,0.0713594389709392
"D3","SSR_10",0,10,2,0.314524020509621,0.314503298407681
"D3","SSR_103",0,10,2,0.553227228204014,0.553183415372094
"D3","SSR_108",0,10,2,0.040632534502309,0.0406363792716481
"D3","SSR_131",0,10,2,0.145315555407078,0.145313695730727
"D3","SSR_15",0,10,2,0.0592675737784188,0.0592712631373971
"D3","SSR_150",0,10,2,0.102575177172987,0.102576786607011
"D3","SSR_158",1,10,2,0.122348179132769,0.122348313899579
"D3","SSR_164",0,10,2,0.0592675737784188,0.0592712631373971
"D3","SSR_167",0,10,2,0.0335608078120629,0.0335645332598587
"D3","SSR_17",0,10,2,0.0335608078120629,0.0335645332598587
"D3","SSR_177",0,10,2,0.0856857553382317,0.0856883965028161
"D3","SSR_179",0,10,2,0.0713561296171486,0.0713594389709392
"D3","SSR_19",0,10,2,0.201858969682047,0.20185132817894
"D3","SSR_21",0,10,2,0.0335608078120629,0.0335645332598587
"D3","SSR_22",0,10,2,0.122348179132769,0.122348313899579
"D3","SSR_26",0,10,2,0.122348179132769,0.122348313899579
"D3","SSR_27",0,10,2,0.145315555407078,0.145313695730727
"D3","SSR_4",0,10,2,0.145315555407078,0.145313695730727
"D3","SSR_46",0,10,2,0.0856857553382317,0.0856883965028161
"D3","SSR_47",0,10,2,0.2733667960813,0.273350927733203
"D3","SSR_50",0,10,2,0.122348179132769,0.122348313899579
"D3","SSR_53",0,10,2,0.0856857553382317,0.0856883965028161
"D3","SSR_57",0,10,2,0.102575177172987,0.102576786607011
"D3","SSR_66",0,10,2,0.0713561296171486,0.0713594389709392
"D3","SSR_73",0,10,2,0.0713561296171486,0.0713594389709392
"D3","SSR_74",0,10,2,0.0592675737784188,0.0592712631373971
"D3","SSR_75",0,10,2,0.235743036697552,0.23573156756805
"D3","SSR_8",0,10,2,0.0713561296171486,0.0713594389709392
"D3","JinHua_1",0,10,3,0.0555694549640231,0.0555705154156971
"D3","JinHua_103",0,10,3,0.250692026946739,0.250687935410419
"D3","JinHua_106",0,10,3,0.0555694549640231,0.0555705154156971
"D3","JinHua_107",0,10,3,0.076892045932824,0.0768928841014854
"D3","JinHua_116",0,10,3,0.250692026946739,0.250687935410419
"D3","JinHua_118",0,10,3,0.123041640415916,0.123041555416718
"D3","JinHua_128",0,10,3,0.0555694549640231,0.0555705154156971
"D3","JinHua_135",0,10,3,0.143056257049698,0.143055645750619
"D3","JinHua_137",0,10,3,0.0901716080015875,0.0901722323137936
"D3","JinHua_140",0,10,3,0.0654275266888929,0.0654285054884365
"D3","JinHua_141",0,10,3,0.0901716080015875,0.0901722323137936
"D3","JinHua_143",0,10,3,0.123041640415916,0.123041555416718
"D3","JinHua_147",0,10,3,0.0337528253953933,0.0337538952112862
"D3","JinHua_153",0,10,3,0.250692026946739,0.250687935410419
"D3","JinHua_158",0,10,3,0.0399041349577514,0.0399052308246511
"D3","JinHua_159",0,10,3,0.0399041349577514,0.0399052308246511
"D3","JinHua_161",0,10,3,0.0654275266888929,0.0654285054884365
"D3","JinHua_165",0,10,3,0.0399041349577514,0.0399052308246511
"D3","JinHua_17",0,10,3,0.0555694549640231,0.0555705154156971
"D3","JinHua_172",0,10,3,0.0337528253953933,0.0337538952112862
"D3","JinHua_174",0,10,3,0.076892045932824,0.0768928841014854
"D3","JinHua_179",1,10,3,0.191153931909317,0.191151862562675
"D3","JinHua_184",0,10,3,0.0399041349577514,0.0399052308246511
"D3","JinHua_185",0,10,3,0.0399041349577514,0.0399052308246511
"D3","JinHua_189",0,10,3,0.0555694549640231,0.0555705154156971
"D3","JinHua_212",0,10,3,0.076892045932824,0.0768928841014854
"D3","JinHua_225",1,10,3,0.401380710516198,0.401371441608459
"D3","JinHua_30",0,10,3,0.076892045932824,0.0768928841014854
"D3","JinHua_42",0,10,3,0.0654275266888929,0.0654285054884365
"D3","JinHua_44",0,10,3,0.123041640415916,0.123041555416718
"D3","JinHua_45",0,10,3,0.0654275266888929,0.0654285054884365
"D3","JinHua_51",0,10,3,0.250692026946739,0.250687935410419
"D3","JinHua_7",0,10,3,0.0471218234161714,0.0471229192357872
"D3","JinHua_72",0,10,3,0.105482535144232,0.105482856993914
"D3","JinHua_76",0,10,3,0.0471218234161714,0.0471229192357872
"D3","JinHua_77",0,10,3,0.0901716080015875,0.0901722323137936
"D3","JinHua_82",0,10,3,0.076892045932824,0.0768928841014854
"D3","JinHua_93",1,10,3,0.284729228893179,0.284723937822482
"D3","JinHua_95",0,10,3,0.0471218234161714,0.0471229192357872
"D3","JinHua_97",0,10,3,0.0901716080015875,0.0901722323137936
"D3","SSR_101",0,10,3,0.0901716080015875,0.0901722323137936
"D3","SSR_11",1,10,3,0.0901716080015875,0.0901722323137936
"D3","SSR_111",0,10,3,0.143056257049698,0.143055645750619
"D3","SSR_114",0,10,3,0.0555694549640231,0.0555705154156971
"D3","SSR_117",0,10,3,0.0654275266888929,0.0654285054884365
"D3","SSR_118",0,10,3,0.0471218234161714,0.0471229192357872
"D3","SSR_12",0,10,3,0.0901716080015875,0.0901722323137936
"D3","SSR_127",0,10,3,0.0901716080015875,0.0901722323137936
"D3","SSR_13",0,10,3,0.123041640415916,0.123041555416718
"D3","SSR_132",0,10,3,0.143056257049698,0.143055645750619
"D3","SSR_134",0,10,3,0.105482535144232,0.105482856993914
"D3","SSR_14",1,10,3,0.076892045932824,0.0768928841014854
"D3","SSR_151",0,10,3,0.219475206192822,0.219472194179452
"D3","SSR_161",0,10,3,0.191153931909317,0.191151862562675
"D3","SSR_182",0,10,3,0.530385421021906,0.530372675054911
"D3","SSR_183",1,10,3,0.573340619273076,0.573327074171169
"D3","SSR_20",0,10,3,0.0555694549640231,0.0555705154156971
"D3","SSR_28",0,10,3,0.0654275266888929,0.0654285054884365
"D3","SSR_3",0,10,3,0.0471218234161714,0.0471229192357872
"D3","SSR_30",0,10,3,0.0654275266888929,0.0654285054884365
"D3","SSR_32",0,10,3,0.0901716080015875,0.0901722323137936
"D3","SSR_33",0,10,3,0.0555694549640231,0.0555705154156971
"D3","SSR_36",1,10,3,0.0901716080015875,0.0901722323137936
"D3","SSR_41",0,10,3,0.105482535144232,0.105482856993914
"D3","SSR_52",0,10,3,0.0654275266888929,0.0654285054884365
"D3","SSR_60",0,10,3,0.143056257049698,0.143055645750619
"D3","SSR_70",0,10,3,0.0901716080015875,0.0901722323137936
"D3","SSR_71",0,10,3,0.143056257049698,0.143055645750619
"D3","SSR_79",0,10,3,0.123041640415916,0.123041555416718
"D3","SSR_9",0,10,3,0.123041640415916,0.123041555416718
"D3","JinHua_10",1,10,4,0.0788075008538876,0.0788130688973743
"D3","JinHua_111",0,10,4,0.0652615516642547,0.0652680054810908
"D3","JinHua_119",0,10,4,0.0788075008538876,0.0788130688973743
"D3","JinHua_129",0,10,4,0.0300414552799694,0.0300479298474351
"D3","JinHua_139",0,10,4,0.0539077140918431,0.0539145939469374
"D3","JinHua_144",1,10,4,0.113824708435072,0.113826574991241
"D3","JinHua_146",0,10,4,0.0948797076185677,0.0948837954825499
"D3","JinHua_150",0,10,4,0.0246534040072076,0.0246594466334641
"D3","JinHua_156",1,10,4,0.0788075008538876,0.0788130688973743
"D3","JinHua_157",0,10,4,0.0444352533166485,0.0444422166396335
"D3","JinHua_160",0,10,4,0.16167069487827,0.161665316141857
"D3","JinHua_163",0,10,4,0.0652615516642547,0.0652680054810908
"D3","JinHua_171",0,10,4,0.0788075008538876,0.0788130688973743
"D3","JinHua_176",0,10,4,0.0788075008538876,0.0788130688973743
"D3","JinHua_192",0,10,4,0.135984204633218,0.135982960300283
"D3","JinHua_193",0,10,4,0.0246534040072076,0.0246594466334641
"D3","JinHua_195",0,10,4,0.0300414552799694,0.0300479298474351
"D3","JinHua_206",0,10,4,0.0365629323622442,0.0365697343360247
"D3","JinHua_207",0,10,4,0.0948797076185677,0.0948837954825499
"D3","JinHua_208",0,10,4,0.0539077140918431,0.0539145939469374
"D3","JinHua_209",0,10,4,0.0365629323622442,0.0365697343360247
"D3","JinHua_210",0,10,4,0.0652615516642547,0.0652680054810908
"D3","JinHua_213",0,10,4,0.0652615516642547,0.0652680054810908
"D3","JinHua_217",0,10,4,0.0300414552799694,0.0300479298474351
"D3","JinHua_27",1,10,4,0.0788075008538876,0.0788130688973743
"D3","JinHua_29",0,10,4,0.0948797076185677,0.0948837954825499
"D3","JinHua_3",0,10,4,0.0788075008538876,0.0788130688973743
"D3","JinHua_34",0,10,4,0.0539077140918431,0.0539145939469374
"D3","JinHua_35",0,10,4,0.0652615516642547,0.0652680054810908
"D3","JinHua_36",1,10,4,0.16167069487827,0.161665316141857
"D3","JinHua_46",0,10,4,0.0365629323622442,0.0365697343360247
"D3","JinHua_49",0,10,4,0.0652615516642547,0.0652680054810908
"D3","JinHua_50",0,10,4,0.135984204633218,0.135982960300283
"D3","JinHua_53",0,10,4,0.0246534040072076,0.0246594466334641
"D3","JinHua_54",0,10,4,0.0788075008538876,0.0788130688973743
"D3","JinHua_57",0,10,4,0.135984204633218,0.135982960300283
"D3","JinHua_59",0,10,4,0.113824708435072,0.113826574991241
"D3","JinHua_60",1,10,4,0.0539077140918431,0.0539145939469374
"D3","JinHua_63",0,10,4,0.135984204633218,0.135982960300283
"D3","JinHua_65",0,10,4,0.113824708435072,0.113826574991241
"D3","JinHua_89",0,10,4,0.0444352533166485,0.0444422166396335
"D3","JinHua_94",0,10,4,0.16167069487827,0.161665316141857
"D3","SSR_102",0,10,4,0.0300414552799694,0.0300479298474351
"D3","SSR_115",0,10,4,0.0444352533166485,0.0444422166396335
"D3","SSR_121",0,10,4,0.0788075008538876,0.0788130688973743
"D3","SSR_128",0,10,4,0.0300414552799694,0.0300479298474351
"D3","SSR_135",0,10,4,0.0365629323622442,0.0365697343360247
"D3","SSR_152",0,10,4,0.0948797076185677,0.0948837954825499
"D3","SSR_157",0,10,4,0.16167069487827,0.161665316141857
"D3","SSR_162",0,10,4,0.0948797076185677,0.0948837954825499
"D3","SSR_163",0,10,4,0.0444352533166485,0.0444422166396335
"D3","SSR_174",0,10,4,0.135984204633218,0.135982960300283
"D3","SSR_18",0,10,4,0.394930767411566,0.394879569113648
"D3","SSR_181",0,10,4,0.191135837841023,0.191125204210034
"D3","SSR_25",0,10,4,0.0246534040072076,0.0246594466334641
"D3","SSR_29",0,10,4,0.0652615516642547,0.0652680054810908
"D3","SSR_31",0,10,4,0.0365629323622442,0.0365697343360247
"D3","SSR_35",1,10,4,0.0652615516642547,0.0652680054810908
"D3","SSR_40",0,10,4,0.0444352533166485,0.0444422166396335
"D3","SSR_42",0,10,4,0.0652615516642547,0.0652680054810908
"D3","SSR_48",0,10,4,0.0652615516642547,0.0652680054810908
"D3","SSR_56",0,10,4,0.0652615516642547,0.0652680054810908
"D3","SSR_62",0,10,4,0.113824708435072,0.113826574991241
"D3","SSR_64",0,10,4,0.135984204633218,0.135982960300283
"D3","SSR_67",0,10,4,0.0300414552799694,0.0300479298474351
"D3","SSR_7",0,10,4,0.0539077140918431,0.0539145939469374
"D3","SSR_77",0,10,4,0.135984204633218,0.135982960300283
"D3","SSR_94",0,10,4,0.0539077140918431,0.0539145939469374
"D3","SSR_98",0,10,4,0.0652615516642547,0.0652680054810908
"D3","JinHua_102",0,10,5,0.0525149908272193,0.0422124028844247
"D3","JinHua_114",0,10,5,0.0319252380633438,0.0461203020410703
"D3","JinHua_12",0,10,5,0.0997104664652611,0.14461422561962
"D3","JinHua_131",0,10,5,0.0618240086846727,0.0835080709671142
"D3","JinHua_136",0,10,5,0.0618240086846727,0.0709597778415238
"D3","JinHua_145",0,10,5,0.0445411116011414,0.062289317337914
"D3","JinHua_149",0,10,5,0.0726566405021544,0.116050987505918
"D3","JinHua_15",0,10,5,0.0726566405021544,0.0661066790506065
"D3","JinHua_151",0,10,5,0.0525149908272193,0.0457649145331214
"D3","JinHua_162",0,10,5,0.0525149908272193,0.062444105868384
"D3","JinHua_166",0,10,5,0.0618240086846727,0.0568373480055201
"D3","JinHua_168",0,10,5,0.0525149908272193,0.0506646727507146
"D3","JinHua_169",0,10,5,0.0319252380633438,0.0381124755577202
"D3","JinHua_175",0,10,5,0.0445411116011414,0.0393928262623857
"D3","JinHua_177",0,10,5,0.0852149341463021,0.0685833101355809
"D3","JinHua_180",0,10,5,0.0445411116011414,0.0293910254318443
"D3","JinHua_186",0,10,5,0.0618240086846727,0.0739958049742877
"D3","JinHua_19",0,10,5,0.0525149908272193,0.0385612895896952
"D3","JinHua_194",0,10,5,0.0852149341463021,0.0751030357387115
"D3","JinHua_199",1,10,5,0.0525149908272193,0.0602725284370052
"D3","JinHua_2",0,10,5,0.0852149341463021,0.083555145095196
"D3","JinHua_200",0,10,5,0.0618240086846727,0.0389968677187559
"D3","JinHua_218",0,10,5,0.0525149908272193,0.0547275522301175
"D3","JinHua_220",0,10,5,0.181208809908591,0.147607676880825
"D3","JinHua_222",0,10,5,0.0726566405021544,0.0634938892224939
"D3","JinHua_25",1,10,5,0.156930581166798,0.134751620771811
"D3","JinHua_26",0,10,5,0.0445411116011414,0.0593808381887753
"D3","JinHua_31",0,10,5,0.238295762160527,0.202448033597708
"D3","JinHua_37",0,10,5,0.0852149341463021,0.0617647300932296
"D3","JinHua_41",0,10,5,0.0525149908272193,0.0796979788122636
"D3","JinHua_43",0,10,5,0.0997104664652611,0.110577725243843
"D3","JinHua_5",0,10,5,0.037729773243844,0.025954437613268
"D3","JinHua_6",0,10,5,0.0319252380633438,0.0229602862590555
"D3","JinHua_64",0,10,5,0.0618240086846727,0.0668361130675337
"D3","JinHua_67",0,10,5,0.135367363741418,0.122484681067336
"D3","JinHua_70",0,10,5,0.11635812995831,0.150086692557433
"D3","JinHua_73",0,10,5,0.0997104664652611,0.0913096769464041
"D3","JinHua_74",0,10,5,0.0445411116011414,0.0412535699748111
"D3","JinHua_75",0,10,5,0.0525149908272193,0.0523345885100957
"D3","JinHua_78",0,10,5,0.0445411116011414,0.0681307868079956
"D3","JinHua_88",0,10,5,0.11635812995831,0.14909453011623
"D3","JinHua_90",0,10,5,0.037729773243844,0.0570268036668515
"D3","SSR_125",0,10,5,0.156930581166798,0.219084557016194
"D3","SSR_139",0,10,5,0.11635812995831,0.10378289659692
"D3","SSR_140",0,10,5,0.0726566405021544,0.0550726953165973
"D3","SSR_143",1,10,5,0.271113777581902,0.215582521982029
"D3","SSR_146",0,10,5,0.0852149341463021,0.0779506039398126
"D3","SSR_154",1,10,5,0.135367363741418,0.107214896027344
"D3","SSR_159",0,10,5,0.0618240086846727,0.0669216071939349
"D3","SSR_16",0,10,5,0.135367363741418,0.0535425936378749
"D3","SSR_165",0,10,5,0.11635812995831,0.146769959778028
"D3","SSR_170",0,10,5,0.135367363741418,0.110526879727705
"D3","SSR_175",0,10,5,0.0997104664652611,0.0953423662790606
"D3","SSR_2",0,10,5,0.156930581166798,0.0918295308548967
"D3","SSR_23",0,10,5,0.0618240086846727,0.0416683215754706
"D3","SSR_24",0,10,5,0.0445411116011414,0.033106339349211
"D3","SSR_34",0,10,5,0.0997104664652611,0.0781924494892922
"D3","SSR_39",0,10,5,0.0997104664652611,0.0883970716669789
"D3","SSR_43",0,10,5,0.0525149908272193,0.0374258310437899
"D3","SSR_51",0,10,5,0.11635812995831,0.0888568122237389
"D3","SSR_55",0,10,5,0.0997104664652611,0.0584738698310417
"D3","SSR_58",0,10,5,0.135367363741418,0.0989563048940162
"D3","SSR_59",1,10,5,0.271113777581902,0.167857445667363
"D3","SSR_6",0,10,5,0.135367363741418,0.117315188243905
"D3","SSR_63",0,10,5,0.0445411116011414,0.0294057417826727
"D3","SSR_68",0,10,5,0.156930581166798,0.102964594834658
"D3","SSR_69",1,10,5,0.11635812995831,0.0661435900596121
"D3","SSR_80",1,10,5,0.0525149908272193,0.0272598606012634
"D3","SSR_90",0,10,5,0.0445411116011414,0.042906458483467
"D3","JinHua_104",0,11,1,0.165712883911651,0.165703272025697
"D3","JinHua_105",0,11,1,0.0769577146197092,0.0769660878506155
"D3","JinHua_107",0,11,1,0.0628882358241613,0.0628979438448823
"D3","JinHua_110",0,11,1,0.0338128403132619,0.0338228145283203
"D3","JinHua_112",0,11,1,0.321208639563161,0.321152624853071
"D3","JinHua_114",0,11,1,0.0221706474022483,0.0221792981509712
"D3","JinHua_120",0,11,1,0.0938595810585439,0.0938656214697192
"D3","JinHua_124",0,11,1,0.0416667375806934,0.0416770574456197
"D3","JinHua_129",0,11,1,0.0273970272222089,0.0274064112979499
"D3","JinHua_143",0,11,1,0.114015006876469,0.11401744857365
"D3","JinHua_158",0,11,1,0.0273970272222089,0.0274064112979499
"D3","JinHua_162",0,11,1,0.0416667375806934,0.0416770574456197
"D3","JinHua_165",0,11,1,0.0273970272222089,0.0274064112979499
"D3","JinHua_177",0,11,1,0.0769577146197092,0.0769660878506155
"D3","JinHua_179",1,11,1,0.197927781129489,0.197909307043218
"D3","JinHua_183",0,11,1,0.0512481412530762,0.051258428927415
"D3","JinHua_192",0,11,1,0.137840219100065,0.137837524140515
"D3","JinHua_194",0,11,1,0.0769577146197092,0.0769660878506155
"D3","JinHua_198",0,11,1,0.0769577146197092,0.0769660878506155
"D3","JinHua_200",0,11,1,0.0512481412530762,0.051258428927415
"D3","JinHua_204",0,11,1,0.197927781129489,0.197909307043218
"D3","JinHua_208",0,11,1,0.0512481412530762,0.051258428927415
"D3","JinHua_218",0,11,1,0.0416667375806934,0.0416770574456197
"D3","JinHua_224",0,11,1,0.0938595810585439,0.0938656214697192
"D3","JinHua_23",0,11,1,0.0512481412530762,0.051258428927415
"D3","JinHua_28",0,11,1,0.0221706474022483,0.0221792981509712
"D3","JinHua_32",1,11,1,0.197927781129489,0.197909307043218
"D3","JinHua_38",0,11,1,0.4220962597923,0.422010735633064
"D3","JinHua_41",0,11,1,0.0416667375806934,0.0416770574456197
"D3","JinHua_46",0,11,1,0.0338128403132619,0.0338228145283203
"D3","JinHua_60",1,11,1,0.0512481412530762,0.051258428927415
"D3","JinHua_77",0,11,1,0.0769577146197092,0.0769660878506155
"D3","JinHua_8",0,11,1,0.0338128403132619,0.0338228145283203
"D3","JinHua_81",0,11,1,0.0512481412530762,0.051258428927415
"D3","JinHua_82",0,11,1,0.0628882358241613,0.0628979438448823
"D3","JinHua_84",1,11,1,0.0628882358241613,0.0628979438448823
"D3","JinHua_91",1,11,1,0.114015006876469,0.11401744857365
"D3","JinHua_94",0,11,1,0.165712883911651,0.165703272025697
"D3","JinHua_95",0,11,1,0.0338128403132619,0.0338228145283203
"D3","JinHua_99",0,11,1,0.0769577146197092,0.0769660878506155
"D3","SSR_101",0,11,1,0.0769577146197092,0.0769660878506155
"D3","SSR_114",0,11,1,0.0416667375806934,0.0416770574456197
"D3","SSR_118",0,11,1,0.0338128403132619,0.0338228145283203
"D3","SSR_120",0,11,1,0.0938595810585439,0.0938656214697192
"D3","SSR_124",0,11,1,0.0769577146197092,0.0769660878506155
"D3","SSR_128",0,11,1,0.0273970272222089,0.0274064112979499
"D3","SSR_134",0,11,1,0.0938595810585439,0.0938656214697192
"D3","SSR_144",1,11,1,0.0338128403132619,0.0338228145283203
"D3","SSR_146",0,11,1,0.0769577146197092,0.0769660878506155
"D3","SSR_152",0,11,1,0.0938595810585439,0.0938656214697192
"D3","SSR_157",0,11,1,0.165712883911651,0.165703272025697
"D3","SSR_159",0,11,1,0.0512481412530762,0.051258428927415
"D3","SSR_165",0,11,1,0.114015006876469,0.11401744857365
"D3","SSR_167",0,11,1,0.0273970272222089,0.0274064112979499
"D3","SSR_177",0,11,1,0.0769577146197092,0.0769660878506155
"D3","SSR_18",0,11,1,0.4220962597923,0.422010735633064
"D3","SSR_19",0,11,1,0.197927781129489,0.197909307043218
"D3","SSR_2",0,11,1,0.165712883911651,0.165703272025697
"D3","SSR_25",0,11,1,0.0221706474022483,0.0221792981509712
"D3","SSR_36",1,11,1,0.0769577146197092,0.0769660878506155
"D3","SSR_37",0,11,1,0.0512481412530762,0.051258428927415
"D3","SSR_4",0,11,1,0.137840219100065,0.137837524140515
"D3","SSR_41",0,11,1,0.0938595810585439,0.0938656214697192
"D3","SSR_58",0,11,1,0.137840219100065,0.137837524140515
"D3","SSR_6",0,11,1,0.137840219100065,0.137837524140515
"D3","SSR_67",0,11,1,0.0273970272222089,0.0274064112979499
"D3","SSR_69",1,11,1,0.114015006876469,0.11401744857365
"D3","SSR_73",0,11,1,0.0628882358241613,0.0628979438448823
"D3","SSR_75",0,11,1,0.234643943343385,0.234614631993537
"D3","SSR_77",0,11,1,0.137840219100065,0.137837524140515
"D3","SSR_9",0,11,1,0.114015006876469,0.11401744857365
"D3","JinHua_102",0,11,2,0.0466154430437371,0.0466204679395635
"D3","JinHua_108",0,11,2,0.0692439538080951,0.0692484002735799
"D3","JinHua_116",0,11,2,0.285067724915097,0.28504585942384
"D3","JinHua_123",1,11,2,0.0692439538080951,0.0692484002735799
"D3","JinHua_13",0,11,2,0.480007948306836,0.479959169416434
"D3","JinHua_132",0,11,2,0.0206831346800014,0.0206872104265147
"D3","JinHua_137",0,11,2,0.0840539328027687,0.0840575478729298
"D3","JinHua_14",0,11,2,0.0840539328027687,0.0840575478729298
"D3","JinHua_141",0,11,2,0.0840539328027687,0.0840575478729298
"D3","JinHua_148",0,11,2,0.0840539328027687,0.0840575478729298
"D3","JinHua_15",0,11,2,0.0692439538080951,0.0692484002735799
"D3","JinHua_152",0,11,2,0.0840539328027687,0.0840575478729298
"D3","JinHua_153",0,11,2,0.285067724915097,0.28504585942384
"D3","JinHua_155",0,11,2,0.0466154430437371,0.0466204679395635
"D3","JinHua_157",0,11,2,0.0466154430437371,0.0466204679395635
"D3","JinHua_160",0,11,2,0.175223713236592,0.175217761294802
"D3","JinHua_169",0,11,2,0.0253901955903568,0.025394629477827
"D3","JinHua_17",0,11,2,0.0466154430437371,0.0466204679395635
"D3","JinHua_172",0,11,2,0.0253901955903568,0.025394629477827
"D3","JinHua_173",1,11,2,0.377602723741052,0.377567152169322
"D3","JinHua_174",0,11,2,0.0692439538080951,0.0692484002735799
"D3","JinHua_178",0,11,2,0.14692675601479,0.146924355810889
"D3","JinHua_184",0,11,2,0.031134431281126,0.0311391714448501
"D3","JinHua_185",0,11,2,0.031134431281126,0.0311391714448501
"D3","JinHua_195",0,11,2,0.031134431281126,0.0311391714448501
"D3","JinHua_20",0,11,2,0.0568813852572045,0.0568862685489905
"D3","JinHua_21",0,11,2,0.0840539328027687,0.0840575478729298
"D3","JinHua_210",0,11,2,0.0692439538080951,0.0692484002735799
"D3","JinHua_213",0,11,2,0.0692439538080951,0.0692484002735799
"D3","JinHua_215",0,11,2,0.0840539328027687,0.0840575478729298
"D3","JinHua_27",1,11,2,0.0840539328027687,0.0840575478729298
"D3","JinHua_39",0,11,2,0.377602723741052,0.377567152169322
"D3","JinHua_42",0,11,2,0.0568813852572045,0.0568862685489905
"D3","JinHua_44",0,11,2,0.122520659283638,0.122520969458021
"D3","JinHua_56",0,11,2,0.0253901955903568,0.025394629477827
"D3","JinHua_6",0,11,2,0.0253901955903568,0.025394629477827
"D3","JinHua_61",0,11,2,0.101685428885401,0.101687705234395
"D3","JinHua_63",0,11,2,0.14692675601479,0.146924355810889
"D3","JinHua_66",0,11,2,0.0692439538080951,0.0692484002735799
"D3","JinHua_79",0,11,2,0.0253901955903568,0.025394629477827
"D3","JinHua_80",0,11,2,0.20764393263475,0.20763353144893
"D3","JinHua_87",0,11,2,0.14692675601479,0.146924355810889
"D3","JinHua_9",0,11,2,0.0466154430437371,0.0466204679395635
"D3","JinHua_96",0,11,2,0.14692675601479,0.146924355810889
"D3","SSR_10",0,11,2,0.329687564867783,0.329658985679291
"D3","SSR_108",0,11,2,0.0381273934038603,0.0381323481210522
"D3","SSR_11",1,11,2,0.0840539328027687,0.0840575478729298
"D3","SSR_111",0,11,2,0.14692675601479,0.146924355810889
"D3","SSR_117",0,11,2,0.0568813852572045,0.0568862685489905
"D3","SSR_127",0,11,2,0.0840539328027687,0.0840575478729298
"D3","SSR_130",0,11,2,0.175223713236592,0.175217761294802
"D3","SSR_140",0,11,2,0.0692439538080951,0.0692484002735799
"D3","SSR_143",1,11,2,0.329687564867783,0.329658985679291
"D3","SSR_17",0,11,2,0.031134431281126,0.0311391714448501
"D3","SSR_170",0,11,2,0.14692675601479,0.146924355810889
"D3","SSR_173",1,11,2,0.20764393263475,0.20763353144893
"D3","SSR_175",0,11,2,0.101685428885401,0.101687705234395
"D3","SSR_182",0,11,2,0.6340373916576,0.633976704900308
"D3","SSR_21",0,11,2,0.031134431281126,0.0311391714448501
"D3","SSR_34",0,11,2,0.101685428885401,0.101687705234395
"D3","SSR_35",1,11,2,0.0692439538080951,0.0692484002735799
"D3","SSR_42",0,11,2,0.0692439538080951,0.0692484002735799
"D3","SSR_46",0,11,2,0.0840539328027687,0.0840575478729298
"D3","SSR_48",0,11,2,0.0692439538080951,0.0692484002735799
"D3","SSR_5",0,11,2,0.101685428885401,0.101687705234395
"D3","SSR_60",0,11,2,0.14692675601479,0.146924355810889
"D3","SSR_63",0,11,2,0.0381273934038603,0.0381323481210522
"D3","SSR_7",0,11,2,0.0568813852572045,0.0568862685489905
"D3","SSR_71",0,11,2,0.14692675601479,0.146924355810889
"D3","SSR_81",0,11,2,0.031134431281126,0.0311391714448501
"D3","JinHua_101",0,11,3,0.101229826937597,0.101232581629613
"D3","JinHua_103",0,11,3,0.279600870772775,0.279576756463225
"D3","JinHua_11",0,11,3,0.0839513113173524,0.0839555623850318
"D3","JinHua_113",0,11,3,0.0470465586120987,0.0470523996528902
"D3","JinHua_115",1,11,3,0.418764703334281,0.418717308665224
"D3","JinHua_118",0,11,3,0.121592501632008,0.121593065258898
"D3","JinHua_119",0,11,3,0.0839513113173524,0.0839555623850318
"D3","JinHua_121",1,11,3,0.0839513113173524,0.0839555623850318
"D3","JinHua_122",0,11,3,0.101229826937597,0.101232581629613
"D3","JinHua_136",0,11,3,0.0572038047461292,0.057209482725857
"D3","JinHua_140",0,11,3,0.0572038047461292,0.057209482725857
"D3","JinHua_150",0,11,3,0.0259062287373409,0.0259114093936749
"D3","JinHua_151",0,11,3,0.0470465586120987,0.0470523996528902
"D3","JinHua_156",1,11,3,0.0839513113173524,0.0839555623850318
"D3","JinHua_159",0,11,3,0.0316509165963419,0.0316564423625373
"D3","JinHua_16",0,11,3,0.24000704532776,0.239989768052053
"D3","JinHua_163",0,11,3,0.0693942880468626,0.0693994723811668
"D3","JinHua_168",0,11,3,0.0470465586120987,0.0470523996528902
"D3","JinHua_175",0,11,3,0.0386189805741884,0.0386247460066506
"D3","JinHua_199",1,11,3,0.0470465586120987,0.0470523996528902
"D3","JinHua_203",0,11,3,0.101229826937597,0.101232581629613
"D3","JinHua_205",0,11,3,0.0693942880468626,0.0693994723811668
"D3","JinHua_207",0,11,3,0.101229826937597,0.101232581629613
"D3","JinHua_209",0,11,3,0.0386189805741884,0.0386247460066506
"D3","JinHua_212",0,11,3,0.0693942880468626,0.0693994723811668
"D3","JinHua_214",0,11,3,0.101229826937597,0.101232581629613
"D3","JinHua_216",0,11,3,0.145388600763595,0.145386150204727
"D3","JinHua_3",0,11,3,0.0839513113173524,0.0839555623850318
"D3","JinHua_30",0,11,3,0.0693942880468626,0.0693994723811668
"D3","JinHua_36",1,11,3,0.172924901530032,0.172918505304294
"D3","JinHua_43",0,11,3,0.101229826937597,0.101232581629613
"D3","JinHua_48",0,11,3,0.0693942880468626,0.0693994723811668
"D3","JinHua_50",0,11,3,0.145388600763595,0.145386150204727
"D3","JinHua_52",0,11,3,0.279600870772775,0.279576756463225
"D3","JinHua_65",0,11,3,0.121592501632008,0.121593065258898
"D3","JinHua_67",0,11,3,0.145388600763595,0.145386150204727
"D3","JinHua_74",0,11,3,0.0386189805741884,0.0386247460066506
"D3","JinHua_86",0,11,3,0.0386189805741884,0.0386247460066506
"D3","JinHua_90",0,11,3,0.0316509165963419,0.0316564423625373
"D3","JinHua_92",0,11,3,0.0259062287373409,0.0259114093936749
"D3","JinHua_97",0,11,3,0.0839513113173524,0.0839555623850318
"D3","SSR_1",0,11,3,0.0693942880468626,0.0693994723811668
"D3","SSR_103",0,11,3,0.572179576004515,0.572113549638801
"D3","SSR_106",0,11,3,0.0572038047461292,0.057209482725857
"D3","SSR_131",0,11,3,0.145388600763595,0.145386150204727
"D3","SSR_135",0,11,3,0.0386189805741884,0.0386247460066506
"D3","SSR_16",0,11,3,0.145388600763595,0.145386150204727
"D3","SSR_161",0,11,3,0.204428980403852,0.204417641125507
"D3","SSR_163",0,11,3,0.0470465586120987,0.0470523996528902
"D3","SSR_171",0,11,3,0.101229826937597,0.101232581629613
"D3","SSR_20",0,11,3,0.0470465586120987,0.0470523996528902
"D3","SSR_22",0,11,3,0.121592501632008,0.121593065258898
"D3","SSR_23",0,11,3,0.0572038047461292,0.057209482725857
"D3","SSR_24",0,11,3,0.0386189805741884,0.0386247460066506
"D3","SSR_27",0,11,3,0.145388600763595,0.145386150204727
"D3","SSR_3",0,11,3,0.0386189805741884,0.0386247460066506
"D3","SSR_32",0,11,3,0.0839513113173524,0.0839555623850318
"D3","SSR_38",0,11,3,0.322950861026143,0.322919217848062
"D3","SSR_47",0,11,3,0.279600870772775,0.279576756463225
"D3","SSR_50",0,11,3,0.121592501632008,0.121593065258898
"D3","SSR_51",0,11,3,0.121592501632008,0.121593065258898
"D3","SSR_55",0,11,3,0.101229826937597,0.101232581629613
"D3","SSR_56",0,11,3,0.0693942880468626,0.0693994723811668
"D3","SSR_59",1,11,3,0.322950861026143,0.322919217848062
"D3","SSR_65",0,11,3,0.145388600763595,0.145386150204727
"D3","SSR_74",0,11,3,0.0572038047461292,0.057209482725857
"D3","SSR_8",0,11,3,0.0693942880468626,0.0693994723811668
"D3","SSR_80",1,11,3,0.0470465586120987,0.0470523996528902
"D3","SSR_83",0,11,3,0.121592501632008,0.121593065258898
"D3","SSR_90",0,11,3,0.0386189805741884,0.0386247460066506
"D3","JinHua_111",0,11,4,0.0810302523234476,0.0810306208725225
"D3","JinHua_128",0,11,4,0.0616147694068955,0.0616152691607849
"D3","JinHua_138",1,11,4,0.0927074194303775,0.092707680369425
"D3","JinHua_139",0,11,4,0.0707092808115912,0.0707097274009189
"D3","JinHua_146",0,11,4,0.105873496867307,0.105873615687414
"D3","JinHua_167",0,11,4,0.0404848049483679,0.0404853559680631
"D3","JinHua_170",1,11,4,0.249420904067882,0.24941871851561
"D3","JinHua_171",0,11,4,0.0927074194303775,0.092707680369425
"D3","JinHua_18",0,11,4,0.0927074194303775,0.092707680369425
"D3","JinHua_180",0,11,4,0.0536224831623372,0.0536230155301885
"D3","JinHua_181",0,11,4,0.105873496867307,0.105873615687414
"D3","JinHua_182",0,11,4,0.0707092808115912,0.0707097274009189
"D3","JinHua_186",0,11,4,0.0707092808115912,0.0707097274009189
"D3","JinHua_188",0,11,4,0.0616147694068955,0.0616152691607849
"D3","JinHua_189",0,11,4,0.0616147694068955,0.0616152691607849
"D3","JinHua_19",0,11,4,0.0616147694068955,0.0616152691607849
"D3","JinHua_193",0,11,4,0.0404848049483679,0.0404853559680631
"D3","JinHua_197",0,11,4,0.0616147694068955,0.0616152691607849
"D3","JinHua_2",0,11,4,0.0927074194303775,0.092707680369425
"D3","JinHua_217",0,11,4,0.0466154069843341,0.0466159553014699
"D3","JinHua_22",0,11,4,0.0927074194303775,0.092707680369425
"D3","JinHua_222",0,11,4,0.0810302523234476,0.0810306208725225
"D3","JinHua_225",1,11,4,0.340860766366918,0.340856898469669
"D3","JinHua_25",1,11,4,0.155597092840847,0.155596529711138
"D3","JinHua_29",0,11,4,0.105873496867307,0.105873615687414
"D3","JinHua_31",0,11,4,0.222852967212908,0.22285126523465
"D3","JinHua_33",0,11,4,0.0616147694068955,0.0616152691607849
"D3","JinHua_35",0,11,4,0.0810302523234476,0.0810306208725225
"D3","JinHua_37",0,11,4,0.0927074194303775,0.092707680369425
"D3","JinHua_5",0,11,4,0.0466154069843341,0.0466159553014699
"D3","JinHua_51",0,11,4,0.222852967212908,0.22285126523465
"D3","JinHua_54",0,11,4,0.0927074194303775,0.092707680369425
"D3","JinHua_55",0,11,4,0.0927074194303775,0.092707680369425
"D3","JinHua_59",0,11,4,0.120660721651195,0.12066065884922
"D3","JinHua_62",0,11,4,0.0404848049483679,0.0404853559680631
"D3","JinHua_64",0,11,4,0.0707092808115912,0.0707097274009189
"D3","JinHua_72",0,11,4,0.105873496867307,0.105873615687414
"D3","JinHua_75",0,11,4,0.0616147694068955,0.0616152691607849
"D3","JinHua_76",0,11,4,0.0536224831623372,0.0536230155301885
"D3","JinHua_88",0,11,4,0.120660721651195,0.12066065884922
"D3","SSR_115",0,11,4,0.0616147694068955,0.0616152691607849
"D3","SSR_12",0,11,4,0.0927074194303775,0.092707680369425
"D3","SSR_139",0,11,4,0.120660721651195,0.12066065884922
"D3","SSR_145",0,11,4,0.175962422278287,0.175961532977956
"D3","SSR_15",0,11,4,0.0707092808115912,0.0707097274009189
"D3","SSR_151",0,11,4,0.198367085345332,0.198365816354795
"D3","SSR_162",0,11,4,0.105873496867307,0.105873615687414
"D3","SSR_164",0,11,4,0.0707092808115912,0.0707097274009189
"D3","SSR_166",0,11,4,0.120660721651195,0.12066065884922
"D3","SSR_172",0,11,4,0.0810302523234476,0.0810306208725225
"D3","SSR_181",0,11,4,0.175962422278287,0.175961532977956
"D3","SSR_183",1,11,4,0.482556065856801,0.482549922372009
"D3","SSR_26",0,11,4,0.120660721651195,0.12066065884922
"D3","SSR_28",0,11,4,0.0707092808115912,0.0707097274009189
"D3","SSR_29",0,11,4,0.0810302523234476,0.0810306208725225
"D3","SSR_31",0,11,4,0.0536224831623372,0.0536230155301885
"D3","SSR_43",0,11,4,0.0616147694068955,0.0616152691607849
"D3","SSR_44",1,11,4,0.0810302523234476,0.0810306208725225
"D3","SSR_52",0,11,4,0.0707092808115912,0.0707097274009189
"D3","SSR_53",0,11,4,0.0927074194303775,0.092707680369425
"D3","SSR_54",0,11,4,0.175962422278287,0.175961532977956
"D3","SSR_61",0,11,4,0.198367085345332,0.198365816354795
"D3","SSR_62",0,11,4,0.120660721651195,0.12066065884922
"D3","SSR_64",0,11,4,0.137196355007243,0.137196066296859
"D3","SSR_70",0,11,4,0.0927074194303775,0.092707680369425
"D3","SSR_76",1,11,4,0.198367085345332,0.198365816354795
"D3","SSR_78",0,11,4,0.0707092808115912,0.0707097274009189
"D3","SSR_79",0,11,4,0.120660721651195,0.12066065884922
"D3","SSR_99",0,11,4,0.105873496867307,0.105873615687414
"D3","JinHua_1",0,11,5,0.0528758229935574,0.0528777680041248
"D3","JinHua_10",1,11,5,0.0851294863419311,0.0851308044912417
"D3","JinHua_100",0,11,5,0.072769807395578,0.0727714422463985
"D3","JinHua_106",0,11,5,0.0528758229935574,0.0528777680041248
"D3","JinHua_117",0,11,5,0.0528758229935574,0.0528777680041248
"D3","JinHua_12",0,11,5,0.0993634519928246,0.0993643129389129
"D3","JinHua_126",0,11,5,0.072769807395578,0.0727714422463985
"D3","JinHua_131",0,11,5,0.0620828192211722,0.0620846553783168
"D3","JinHua_133",0,11,5,0.072769807395578,0.0727714422463985
"D3","JinHua_134",0,11,5,0.072769807395578,0.0727714422463985
"D3","JinHua_135",0,11,5,0.134268401061545,0.134267821261758
"D3","JinHua_144",1,11,5,0.115676465205023,0.115676702150211
"D3","JinHua_145",0,11,5,0.044968775946421,0.0449707576141792
"D3","JinHua_147",0,11,5,0.0324094506593745,0.0324113557806759
"D3","JinHua_149",0,11,5,0.072769807395578,0.0727714422463985
"D3","JinHua_161",0,11,5,0.0620828192211722,0.0620846553783168
"D3","JinHua_166",0,11,5,0.0620828192211722,0.0620846553783168
"D3","JinHua_176",0,11,5,0.0851294863419311,0.0851308044912417
"D3","JinHua_190",0,11,5,0.134268401061545,0.134267821261758
"D3","JinHua_191",0,11,5,0.0528758229935574,0.0528777680041248
"D3","JinHua_201",0,11,5,0.0381964625356767,0.038198426051552
"D3","JinHua_206",0,11,5,0.044968775946421,0.0449707576141792
"D3","JinHua_211",0,11,5,0.0993634519928246,0.0993643129389129
"D3","JinHua_219",0,11,5,0.044968775946421,0.0449707576141792
"D3","JinHua_220",0,11,5,0.178998009410373,0.178995129586005
"D3","JinHua_221",0,11,5,0.0528758229935574,0.0528777680041248
"D3","JinHua_223",0,11,5,0.0620828192211722,0.0620846553783168
"D3","JinHua_24",0,11,5,0.178998009410373,0.178995129586005
"D3","JinHua_26",0,11,5,0.044968775946421,0.0449707576141792
"D3","JinHua_34",0,11,5,0.0620828192211722,0.0620846553783168
"D3","JinHua_4",0,11,5,0.072769807395578,0.0727714422463985
"D3","JinHua_40",0,11,5,0.0381964625356767,0.038198426051552
"D3","JinHua_45",0,11,5,0.0620828192211722,0.0620846553783168
"D3","JinHua_49",0,11,5,0.072769807395578,0.0727714422463985
"D3","JinHua_53",0,11,5,0.0324094506593745,0.0324113557806759
"D3","JinHua_57",0,11,5,0.134268401061545,0.134267821261758
"D3","JinHua_68",0,11,5,0.115676465205023,0.115676702150211
"D3","JinHua_69",0,11,5,0.0528758229935574,0.0528777680041248
"D3","JinHua_7",0,11,5,0.044968775946421,0.0449707576141792
"D3","JinHua_70",0,11,5,0.115676465205023,0.115676702150211
"D3","JinHua_73",0,11,5,0.0993634519928246,0.0993643129389129
"D3","JinHua_78",0,11,5,0.044968775946421,0.0449707576141792
"D3","JinHua_83",1,11,5,0.155323654967785,0.155322042263344
"D3","JinHua_89",0,11,5,0.0528758229935574,0.0528777680041248
"D3","JinHua_93",1,11,5,0.26653468705128,0.266526572355263
"D3","SSR_102",0,11,5,0.0381964625356767,0.038198426051552
"D3","SSR_105",0,11,5,0.072769807395578,0.0727714422463985
"D3","SSR_121",0,11,5,0.0851294863419311,0.0851308044912417
"D3","SSR_125",0,11,5,0.155323654967785,0.155322042263344
"D3","SSR_129",0,11,5,0.072769807395578,0.0727714422463985
"D3","SSR_13",0,11,5,0.115676465205023,0.115676702150211
"D3","SSR_132",0,11,5,0.134268401061545,0.134267821261758
"D3","SSR_14",1,11,5,0.072769807395578,0.0727714422463985
"D3","SSR_150",0,11,5,0.0993634519928246,0.0993643129389129
"D3","SSR_154",1,11,5,0.134268401061545,0.134267821261758
"D3","SSR_158",1,11,5,0.115676465205023,0.115676702150211
"D3","SSR_169",0,11,5,0.0851294863419311,0.0851308044912417
"D3","SSR_174",0,11,5,0.134268401061545,0.134267821261758
"D3","SSR_179",0,11,5,0.072769807395578,0.0727714422463985
"D3","SSR_30",0,11,5,0.0620828192211722,0.0620846553783168
"D3","SSR_33",0,11,5,0.0528758229935574,0.0528777680041248
"D3","SSR_39",0,11,5,0.0993634519928246,0.0993643129389129
"D3","SSR_40",0,11,5,0.0528758229935574,0.0528777680041248
"D3","SSR_57",0,11,5,0.0993634519928246,0.0993643129389129
"D3","SSR_66",0,11,5,0.072769807395578,0.0727714422463985
"D3","SSR_68",0,11,5,0.155323654967785,0.155322042263344
"D3","SSR_94",0,11,5,0.0620828192211722,0.0620846553783168
"D3","SSR_95",0,11,5,0.178998009410373,0.178995129586005
"D3","SSR_98",0,11,5,0.072769807395578,0.0727714422463985
"D3","JinHua_107",0,12,1,0.0686715977031546,0.0686746239351751
"D3","JinHua_108",0,12,1,0.0686715977031546,0.0686746239351751
"D3","JinHua_11",0,12,1,0.0815017140940067,0.0815041940962837
"D3","JinHua_122",0,12,1,0.0964805934228044,0.0964822445005443
"D3","JinHua_129",0,12,1,0.0339634280528704,0.0339668427183981
"D3","JinHua_137",0,12,1,0.0815017140940067,0.0815041940962837
"D3","JinHua_138",1,12,1,0.0815017140940067,0.0815041940962837
"D3","JinHua_140",0,12,1,0.0577342616109221,0.057737607621467
"D3","JinHua_150",0,12,1,0.0283855826239639,0.0283888443233278
"D3","JinHua_16",0,12,1,0.212293752137029,0.212285056491085
"D3","JinHua_169",0,12,1,0.0283855826239639,0.0283888443233278
"D3","JinHua_17",0,12,1,0.0484482972521722,0.0484517868928365
"D3","JinHua_179",1,12,1,0.182975834468653,0.182970181764549
"D3","JinHua_18",0,12,1,0.0815017140940067,0.0815041940962837
"D3","JinHua_181",0,12,1,0.0964805934228044,0.0964822445005443
"D3","JinHua_188",0,12,1,0.0484482972521722,0.0484517868928365
"D3","JinHua_204",0,12,1,0.182975834468653,0.182970181764549
"D3","JinHua_214",0,12,1,0.0964805934228044,0.0964822445005443
"D3","JinHua_217",0,12,1,0.0339634280528704,0.0339668427183981
"D3","JinHua_224",0,12,1,0.0964805934228044,0.0964822445005443
"D3","JinHua_26",0,12,1,0.0405915448771955,0.0405950453362296
"D3","JinHua_27",1,12,1,0.0815017140940067,0.0815041940962837
"D3","JinHua_28",0,12,1,0.0283855826239639,0.0283888443233278
"D3","JinHua_30",0,12,1,0.0686715977031546,0.0686746239351751
"D3","JinHua_39",0,12,1,0.319586341873785,0.319565779012247
"D3","JinHua_40",0,12,1,0.0339634280528704,0.0339668427183981
"D3","JinHua_42",0,12,1,0.0577342616109221,0.057737607621467
"D3","JinHua_43",0,12,1,0.0964805934228044,0.0964822445005443
"D3","JinHua_60",1,12,1,0.0577342616109221,0.057737607621467
"D3","JinHua_62",0,12,1,0.0283855826239639,0.0283888443233278
"D3","JinHua_63",0,12,1,0.133931544822939,0.133930450309541
"D3","JinHua_65",0,12,1,0.113871089320855,0.113871568835153
"D3","JinHua_68",0,12,1,0.113871089320855,0.113871568835153
"D3","JinHua_76",0,12,1,0.0405915448771955,0.0405950453362296
"D3","JinHua_8",0,12,1,0.0405915448771955,0.0405950453362296
"D3","JinHua_95",0,12,1,0.0405915448771955,0.0405950453362296
"D3","JinHua_99",0,12,1,0.0815017140940067,0.0815041940962837
"D3","SSR_115",0,12,1,0.0484482972521722,0.0484517868928365
"D3","SSR_117",0,12,1,0.0577342616109221,0.057737607621467
"D3","SSR_12",0,12,1,0.0815017140940067,0.0815041940962837
"D3","SSR_134",0,12,1,0.0964805934228044,0.0964822445005443
"D3","SSR_135",0,12,1,0.0405915448771955,0.0405950453362296
"D3","SSR_140",0,12,1,0.0686715977031546,0.0686746239351751
"D3","SSR_146",0,12,1,0.0815017140940067,0.0815041940962837
"D3","SSR_152",0,12,1,0.0964805934228044,0.0964822445005443
"D3","SSR_154",1,12,1,0.133931544822939,0.133930450309541
"D3","SSR_157",0,12,1,0.156900271610424,0.156897146574554
"D3","SSR_158",1,12,1,0.113871089320855,0.113871568835153
"D3","SSR_16",0,12,1,0.133931544822939,0.133930450309541
"D3","SSR_164",0,12,1,0.0577342616109221,0.057737607621467
"D3","SSR_165",0,12,1,0.113871089320855,0.113871568835153
"D3","SSR_17",0,12,1,0.0339634280528704,0.0339668427183981
"D3","SSR_170",0,12,1,0.133931544822939,0.133930450309541
"D3","SSR_172",0,12,1,0.0686715977031546,0.0686746239351751
"D3","SSR_20",0,12,1,0.0484482972521722,0.0484517868928365
"D3","SSR_24",0,12,1,0.0405915448771955,0.0405950453362296
"D3","SSR_30",0,12,1,0.0577342616109221,0.057737607621467
"D3","SSR_38",0,12,1,0.280731962312923,0.280715732811942
"D3","SSR_41",0,12,1,0.0964805934228044,0.0964822445005443
"D3","SSR_43",0,12,1,0.0484482972521722,0.0484517868928365
"D3","SSR_48",0,12,1,0.0686715977031546,0.0686746239351751
"D3","SSR_52",0,12,1,0.0577342616109221,0.057737607621467
"D3","SSR_54",0,12,1,0.182975834468653,0.182970181764549
"D3","SSR_56",0,12,1,0.0686715977031546,0.0686746239351751
"D3","SSR_57",0,12,1,0.0964805934228044,0.0964822445005443
"D3","SSR_59",1,12,1,0.280731962312923,0.280715732811942
"D3","SSR_61",0,12,1,0.212293752137029,0.212285056491085
"D3","SSR_69",1,12,1,0.113871089320855,0.113871568835153
"D3","SSR_74",0,12,1,0.0577342616109221,0.057737607621467
"D3","SSR_9",0,12,1,0.113871089320855,0.113871568835153
"D3","SSR_94",0,12,1,0.0577342616109221,0.057737607621467
"D3","JinHua_100",0,12,2,0.0704866098594779,0.070491075416028
"D3","JinHua_112",0,12,2,0.311094130093395,0.311067741152387
"D3","JinHua_116",0,12,2,0.270269276324624,0.270249183592322
"D3","JinHua_119",0,12,2,0.0846337800597458,0.0846374135929185
"D3","JinHua_124",0,12,2,0.0485342543438547,0.0485393649337452
"D3","JinHua_135",0,12,2,0.14353339114498,0.143531318238674
"D3","JinHua_148",0,12,2,0.0846337800597458,0.0846374135929185
"D3","JinHua_151",0,12,2,0.0485342543438547,0.0485393649337452
"D3","JinHua_155",0,12,2,0.0485342543438547,0.0485393649337452
"D3","JinHua_156",1,12,2,0.0846337800597458,0.0846374135929185
"D3","JinHua_163",0,12,2,0.0704866098594779,0.070491075416028
"D3","JinHua_165",0,12,2,0.0331747323393733,0.0331796455966359
"D3","JinHua_167",0,12,2,0.0273721095942911,0.0273767537455756
"D3","JinHua_170",1,12,2,0.311094130093395,0.311067741152387
"D3","JinHua_174",0,12,2,0.0704866098594779,0.070491075416028
"D3","JinHua_178",0,12,2,0.14353339114498,0.143531318238674
"D3","JinHua_189",0,12,2,0.0485342543438547,0.0485393649337452
"D3","JinHua_192",0,12,2,0.14353339114498,0.143531318238674
"D3","JinHua_193",0,12,2,0.0273721095942911,0.0273767537455756
"D3","JinHua_197",0,12,2,0.0485342543438547,0.0485393649337452
"D3","JinHua_198",0,12,2,0.0846337800597458,0.0846374135929185
"D3","JinHua_200",0,12,2,0.0585529762607888,0.0585579051342278
"D3","JinHua_208",0,12,2,0.0585529762607888,0.0585579051342278
"D3","JinHua_212",0,12,2,0.0704866098594779,0.070491075416028
"D3","JinHua_213",0,12,2,0.0704866098594779,0.070491075416028
"D3","JinHua_3",0,12,2,0.0846337800597458,0.0846374135929185
"D3","JinHua_32",1,12,2,0.199447316054763,0.199437836522504
"D3","JinHua_34",0,12,2,0.0585529762607888,0.0585579051342278
"D3","JinHua_51",0,12,2,0.270269276324624,0.270249183592322
"D3","JinHua_56",0,12,2,0.0273721095942911,0.0273767537455756
"D3","JinHua_61",0,12,2,0.101310908837575,0.101313243901812
"D3","JinHua_66",0,12,2,0.0704866098594779,0.070491075416028
"D3","JinHua_75",0,12,2,0.0485342543438547,0.0485393649337452
"D3","JinHua_79",0,12,2,0.0273721095942911,0.0273767537455756
"D3","JinHua_80",0,12,2,0.199447316054763,0.199437836522504
"D3","JinHua_87",0,12,2,0.14353339114498,0.143531318238674
"D3","JinHua_89",0,12,2,0.0485342543438547,0.0485393649337452
"D3","JinHua_91",1,12,2,0.120840447507098,0.120840914113532
"D3","JinHua_92",0,12,2,0.0273721095942911,0.0273767537455756
"D3","JinHua_94",0,12,2,0.169665479227964,0.169660109429351
"D3","JinHua_96",0,12,2,0.14353339114498,0.143531318238674
"D3","SSR_124",0,12,2,0.0846337800597458,0.0846374135929185
"D3","SSR_132",0,12,2,0.14353339114498,0.143531318238674
"D3","SSR_139",0,12,2,0.120840447507098,0.120840914113532
"D3","SSR_14",1,12,2,0.0704866098594779,0.070491075416028
"D3","SSR_144",1,12,2,0.0401566681782135,0.0401617531805143
"D3","SSR_145",0,12,2,0.199447316054763,0.199437836522504
"D3","SSR_15",0,12,2,0.0585529762607888,0.0585579051342278
"D3","SSR_161",0,12,2,0.199447316054763,0.199437836522504
"D3","SSR_167",0,12,2,0.0331747323393733,0.0331796455966359
"D3","SSR_173",1,12,2,0.199447316054763,0.199437836522504
"D3","SSR_175",0,12,2,0.101310908837575,0.101313243901812
"D3","SSR_18",0,12,2,0.401669492257069,0.401629683597423
"D3","SSR_181",0,12,2,0.199447316054763,0.199437836522504
"D3","SSR_3",0,12,2,0.0401566681782135,0.0401617531805143
"D3","SSR_31",0,12,2,0.0401566681782135,0.0401617531805143
"D3","SSR_32",0,12,2,0.0846337800597458,0.0846374135929185
"D3","SSR_4",0,12,2,0.14353339114498,0.143531318238674
"D3","SSR_40",0,12,2,0.0485342543438547,0.0485393649337452
"D3","SSR_42",0,12,2,0.0704866098594779,0.070491075416028
"D3","SSR_51",0,12,2,0.120840447507098,0.120840914113532
"D3","SSR_62",0,12,2,0.120840447507098,0.120840914113532
"D3","SSR_64",0,12,2,0.14353339114498,0.143531318238674
"D3","SSR_68",0,12,2,0.169665479227964,0.169660109429351
"D3","SSR_7",0,12,2,0.0585529762607888,0.0585579051342278
"D3","SSR_70",0,12,2,0.0846337800597458,0.0846374135929185
"D3","SSR_71",0,12,2,0.14353339114498,0.143531318238674
"D3","SSR_73",0,12,2,0.0704866098594779,0.070491075416028
"D3","SSR_79",0,12,2,0.120840447507098,0.120840914113532
"D3","SSR_90",0,12,2,0.0401566681782135,0.0401617531805143
"D3","JinHua_1",0,12,3,0.0576470406616651,0.0576479079708741
"D3","JinHua_10",1,12,3,0.0901902310610754,0.090190734600263
"D3","JinHua_104",0,12,3,0.158733875212277,0.158732944635047
"D3","JinHua_111",0,12,3,0.0778285183887475,0.0778291939610868
"D3","JinHua_113",0,12,3,0.0576470406616651,0.0576479079708741
"D3","JinHua_115",1,12,3,0.331318912767964,0.331313013787023
"D3","JinHua_117",0,12,3,0.0576470406616651,0.0576479079708741
"D3","JinHua_118",0,12,3,0.12031011914803,0.120310075111988
"D3","JinHua_123",1,12,3,0.0778285183887475,0.0778291939610868
"D3","JinHua_128",0,12,3,0.0576470406616651,0.0576479079708741
"D3","JinHua_132",0,12,3,0.0311385080460908,0.0311393850865596
"D3","JinHua_133",0,12,3,0.0778285183887475,0.0778291939610868
"D3","JinHua_146",0,12,3,0.104293331325258,0.104293598516504
"D3","JinHua_158",0,12,3,0.0424578185336053,0.0424587340164094
"D3","JinHua_159",0,12,3,0.0424578185336053,0.0424587340164094
"D3","JinHua_161",0,12,3,0.0670362939096727,0.0670370875222897
"D3","JinHua_166",0,12,3,0.0670362939096727,0.0670370875222897
"D3","JinHua_171",0,12,3,0.0901902310610754,0.090190734600263
"D3","JinHua_173",1,12,3,0.296684831684356,0.296679959391133
"D3","JinHua_176",0,12,3,0.0901902310610754,0.090190734600263
"D3","JinHua_186",0,12,3,0.0670362939096727,0.0670370875222897
"D3","JinHua_19",0,12,3,0.0576470406616651,0.0576479079708741
"D3","JinHua_191",0,12,3,0.0576470406616651,0.0576479079708741
"D3","JinHua_194",0,12,3,0.0901902310610754,0.090190734600263
"D3","JinHua_203",0,12,3,0.104293331325258,0.104293598516504
"D3","JinHua_205",0,12,3,0.0778285183887475,0.0778291939610868
"D3","JinHua_209",0,12,3,0.0495030890384456,0.0495039944178081
"D3","JinHua_210",0,12,3,0.0778285183887475,0.0778291939610868
"D3","JinHua_215",0,12,3,0.0901902310610754,0.090190734600263
"D3","JinHua_219",0,12,3,0.0495030890384456,0.0495039944178081
"D3","JinHua_222",0,12,3,0.0778285183887475,0.0778291939610868
"D3","JinHua_29",0,12,3,0.104293331325258,0.104293598516504
"D3","JinHua_35",0,12,3,0.0778285183887475,0.0778291939610868
"D3","JinHua_37",0,12,3,0.0901902310610754,0.090190734600263
"D3","JinHua_44",0,12,3,0.12031011914803,0.120310075111988
"D3","JinHua_48",0,12,3,0.0778285183887475,0.0778291939610868
"D3","JinHua_5",0,12,3,0.0424578185336053,0.0424587340164094
"D3","JinHua_50",0,12,3,0.138406586902961,0.13840614658658
"D3","JinHua_52",0,12,3,0.234162906548574,0.234159894241828
"D3","JinHua_55",0,12,3,0.0901902310610754,0.090190734600263
"D3","JinHua_59",0,12,3,0.12031011914803,0.120310075111988
"D3","JinHua_69",0,12,3,0.0576470406616651,0.0576479079708741
"D3","JinHua_7",0,12,3,0.0495030890384456,0.0495039944178081
"D3","JinHua_72",0,12,3,0.104293331325258,0.104293598516504
"D3","JinHua_81",0,12,3,0.0670362939096727,0.0670370875222897
"D3","JinHua_83",1,12,3,0.158733875212277,0.158732944635047
"D3","JinHua_86",0,12,3,0.0495030890384456,0.0495039944178081
"D3","JinHua_97",0,12,3,0.0901902310610754,0.090190734600263
"D3","SSR_1",0,12,3,0.0778285183887475,0.0778291939610868
"D3","SSR_102",0,12,3,0.0424578185336053,0.0424587340164094
"D3","SSR_103",0,12,3,0.445344445071885,0.445335440147079
"D3","SSR_125",0,12,3,0.158733875212277,0.158732944635047
"D3","SSR_128",0,12,3,0.0424578185336053,0.0424587340164094
"D3","SSR_13",0,12,3,0.12031011914803,0.120310075111988
"D3","SSR_150",0,12,3,0.104293331325258,0.104293598516504
"D3","SSR_162",0,12,3,0.104293331325258,0.104293598516504
"D3","SSR_183",1,12,3,0.52555731459926,0.525546590686235
"D3","SSR_2",0,12,3,0.158733875212277,0.158732944635047
"D3","SSR_26",0,12,3,0.12031011914803,0.120310075111988
"D3","SSR_28",0,12,3,0.0670362939096727,0.0670370875222897
"D3","SSR_36",1,12,3,0.0901902310610754,0.090190734600263
"D3","SSR_37",0,12,3,0.0670362939096727,0.0670370875222897
"D3","SSR_55",0,12,3,0.104293331325258,0.104293598516504
"D3","SSR_63",0,12,3,0.0495030890384456,0.0495039944178081
"D3","SSR_78",0,12,3,0.0670362939096727,0.0670370875222897
"D3","SSR_8",0,12,3,0.0778285183887475,0.0778291939610868
"D3","SSR_81",0,12,3,0.0424578185336053,0.0424587340164094
"D3","SSR_83",0,12,3,0.12031011914803,0.120310075111988
"D3","SSR_95",0,12,3,0.181417952638389,0.181416431207989
"D3","SSR_98",0,12,3,0.0778285183887475,0.0778291939610868
"D3","JinHua_101",0,12,4,0.0971234360710957,0.0971308835967335
"D3","JinHua_102",0,12,4,0.0413085752116922,0.0413210452174076
"D3","JinHua_106",0,12,4,0.0413085752116922,0.0413210452174076
"D3","JinHua_114",0,12,4,0.0212343694705732,0.0212444989647347
"D3","JinHua_120",0,12,4,0.0971234360710957,0.0971308835967335
"D3","JinHua_131",0,12,4,0.0513792280170055,0.0513917729876077
"D3","JinHua_136",0,12,4,0.0513792280170055,0.0513917729876077
"D3","JinHua_139",0,12,4,0.0513792280170055,0.0513917729876077
"D3","JinHua_14",0,12,4,0.0788317299648439,0.0788420715907669
"D3","JinHua_144",1,12,4,0.119110648693701,0.119113528805878
"D3","JinHua_147",0,12,4,0.0212343694705732,0.0212444989647347
"D3","JinHua_149",0,12,4,0.0637417762085198,0.0637537059336856
"D3","JinHua_152",0,12,4,0.0788317299648439,0.0788420715907669
"D3","JinHua_153",0,12,4,0.297912308101773,0.297857942273675
"D3","JinHua_160",0,12,4,0.176037041408804,0.176024349288584
"D3","JinHua_162",0,12,4,0.0413085752116922,0.0413210452174076
"D3","JinHua_168",0,12,4,0.0413085752116922,0.0413210452174076
"D3","JinHua_172",0,12,4,0.0212343694705732,0.0212444989647347
"D3","JinHua_177",0,12,4,0.0788317299648439,0.0788420715907669
"D3","JinHua_182",0,12,4,0.0513792280170055,0.0513917729876077
"D3","JinHua_199",1,12,4,0.0413085752116922,0.0413210452174076
"D3","JinHua_2",0,12,4,0.0788317299648439,0.0788420715907669
"D3","JinHua_207",0,12,4,0.0971234360710957,0.0971308835967335
"D3","JinHua_211",0,12,4,0.0971234360710957,0.0971308835967335
"D3","JinHua_221",0,12,4,0.0413085752116922,0.0413210452174076
"D3","JinHua_23",0,12,4,0.0513792280170055,0.0513917729876077
"D3","JinHua_24",0,12,4,0.211700235351124,0.211676041167704
"D3","JinHua_31",0,12,4,0.297912308101773,0.297857942273675
"D3","JinHua_33",0,12,4,0.0413085752116922,0.0413210452174076
"D3","JinHua_36",1,12,4,0.176037041408804,0.176024349288584
"D3","JinHua_38",0,12,4,0.457332241795066,0.457224938492066
"D3","JinHua_49",0,12,4,0.0637417762085198,0.0637537059336856
"D3","JinHua_54",0,12,4,0.0788317299648439,0.0788420715907669
"D3","JinHua_67",0,12,4,0.14527452081363,0.145270792283217
"D3","JinHua_70",0,12,4,0.119110648693701,0.119113528805878
"D3","JinHua_73",0,12,4,0.0971234360710957,0.0971308835967335
"D3","JinHua_78",0,12,4,0.0331428694550134,0.0331548021068651
"D3","JinHua_84",1,12,4,0.0637417762085198,0.0637537059336856
"D3","JinHua_90",0,12,4,0.0265466291985001,0.0265577380808076
"D3","SSR_101",0,12,4,0.0788317299648439,0.0788420715907669
"D3","SSR_105",0,12,4,0.0637417762085198,0.0637537059336856
"D3","SSR_106",0,12,4,0.0513792280170055,0.0513917729876077
"D3","SSR_11",1,12,4,0.0788317299648439,0.0788420715907669
"D3","SSR_114",0,12,4,0.0413085752116922,0.0413210452174076
"D3","SSR_118",0,12,4,0.0331428694550134,0.0331548021068651
"D3","SSR_120",0,12,4,0.0971234360710957,0.0971308835967335
"D3","SSR_127",0,12,4,0.0788317299648439,0.0788420715907669
"D3","SSR_130",0,12,4,0.176037041408804,0.176024349288584
"D3","SSR_151",0,12,4,0.252375433915697,0.252337235228446
"D3","SSR_163",0,12,4,0.0413085752116922,0.0413210452174076
"D3","SSR_166",0,12,4,0.119110648693701,0.119113528805878
"D3","SSR_169",0,12,4,0.0788317299648439,0.0788420715907669
"D3","SSR_174",0,12,4,0.14527452081363,0.145270792283217
"D3","SSR_182",0,12,4,0.677828188258239,0.677683544576712
"D3","SSR_19",0,12,4,0.211700235351124,0.211676041167704
"D3","SSR_21",0,12,4,0.0265466291985001,0.0265577380808076
"D3","SSR_23",0,12,4,0.0513792280170055,0.0513917729876077
"D3","SSR_27",0,12,4,0.14527452081363,0.145270792283217
"D3","SSR_29",0,12,4,0.0637417762085198,0.0637537059336856
"D3","SSR_39",0,12,4,0.0971234360710957,0.0971308835967335
"D3","SSR_46",0,12,4,0.0788317299648439,0.0788420715907669
"D3","SSR_5",0,12,4,0.0971234360710957,0.0971308835967335
"D3","SSR_60",0,12,4,0.14527452081363,0.145270792283217
"D3","SSR_66",0,12,4,0.0637417762085198,0.0637537059336856
"D3","SSR_67",0,12,4,0.0265466291985001,0.0265577380808076
"D3","SSR_75",0,12,4,0.252375433915697,0.252337235228446
"D3","SSR_76",1,12,4,0.252375433915697,0.252337235228446
"D3","SSR_80",1,12,4,0.0413085752116922,0.0413210452174076
"D3","SSR_99",0,12,4,0.0971234360710957,0.0971308835967335
"D3","JinHua_103",0,12,5,0.244242607884111,0.24423721364334
"D3","JinHua_105",0,12,5,0.0882245085004044,0.0882254288968428
"D3","JinHua_110",0,12,5,0.0463257754261987,0.046327307561377
"D3","JinHua_12",0,12,5,0.103101354675875,0.103101875524996
"D3","JinHua_121",1,12,5,0.0882245085004044,0.0882254288968428
"D3","JinHua_126",0,12,5,0.0753140371243256,0.0753152385345475
"D3","JinHua_13",0,12,5,0.391635235241742,0.391622736210252
"D3","JinHua_134",0,12,5,0.0753140371243256,0.0753152385345475
"D3","JinHua_141",0,12,5,0.0882245085004044,0.0882254288968428
"D3","JinHua_143",0,12,5,0.120156216238249,0.120156197548924
"D3","JinHua_145",0,12,5,0.0463257754261987,0.046327307561377
"D3","JinHua_15",0,12,5,0.0753140371243256,0.0753152385345475
"D3","JinHua_157",0,12,5,0.0545602296858085,0.05456171890594
"D3","JinHua_175",0,12,5,0.0463257754261987,0.046327307561377
"D3","JinHua_180",0,12,5,0.0463257754261987,0.046327307561377
"D3","JinHua_183",0,12,5,0.0641598951664554,0.0641612798086075
"D3","JinHua_184",0,12,5,0.0392824621930127,0.0392839902268681
"D3","JinHua_185",0,12,5,0.0392824621930127,0.0392839902268681
"D3","JinHua_190",0,12,5,0.139593176491237,0.139592457521543
"D3","JinHua_195",0,12,5,0.0392824621930127,0.0392839902268681
"D3","JinHua_20",0,12,5,0.0641598951664554,0.0641612798086075
"D3","JinHua_201",0,12,5,0.0392824621930127,0.0392839902268681
"D3","JinHua_206",0,12,5,0.0463257754261987,0.046327307561377
"D3","JinHua_21",0,12,5,0.0882245085004044,0.0882254288968428
"D3","JinHua_216",0,12,5,0.139593176491237,0.139592457521543
"D3","JinHua_218",0,12,5,0.0545602296858085,0.05456171890594
"D3","JinHua_22",0,12,5,0.0882245085004044,0.0882254288968428
"D3","JinHua_220",0,12,5,0.18631785319129,0.186315184269734
"D3","JinHua_223",0,12,5,0.0641598951664554,0.0641612798086075
"D3","JinHua_225",1,12,5,0.391635235241742,0.391622736210252
"D3","JinHua_25",1,12,5,0.161596857693707,0.161595259619783
"D3","JinHua_4",0,12,5,0.0753140371243256,0.0753152385345475
"D3","JinHua_41",0,12,5,0.0545602296858085,0.05456171890594
"D3","JinHua_45",0,12,5,0.0641598951664554,0.0641612798086075
"D3","JinHua_46",0,12,5,0.0463257754261987,0.046327307561377
"D3","JinHua_53",0,12,5,0.0332726445289583,0.0332741337531474
"D3","JinHua_57",0,12,5,0.139593176491237,0.139592457521543
"D3","JinHua_6",0,12,5,0.0332726445289583,0.0332741337531474
"D3","JinHua_64",0,12,5,0.0641598951664554,0.0641612798086075
"D3","JinHua_74",0,12,5,0.0463257754261987,0.046327307561377
"D3","JinHua_77",0,12,5,0.0882245085004044,0.0882254288968428
"D3","JinHua_82",0,12,5,0.0753140371243256,0.0753152385345475
"D3","JinHua_88",0,12,5,0.120156216238249,0.120156197548924
"D3","JinHua_9",0,12,5,0.0545602296858085,0.05456171890594
"D3","JinHua_93",1,12,5,0.277423168363024,0.277416145789908
"D3","SSR_10",0,12,5,0.277423168363024,0.277416145789908
"D3","SSR_108",0,12,5,0.0463257754261987,0.046327307561377
"D3","SSR_111",0,12,5,0.139593176491237,0.139592457521543
"D3","SSR_121",0,12,5,0.0882245085004044,0.0882254288968428
"D3","SSR_129",0,12,5,0.0753140371243256,0.0753152385345475
"D3","SSR_131",0,12,5,0.139593176491237,0.139592457521543
"D3","SSR_143",1,12,5,0.277423168363024,0.277416145789908
"D3","SSR_159",0,12,5,0.0641598951664554,0.0641612798086075
"D3","SSR_171",0,12,5,0.103101354675875,0.103101875524996
"D3","SSR_177",0,12,5,0.0882245085004044,0.0882254288968428
"D3","SSR_179",0,12,5,0.0753140371243256,0.0753152385345475
"D3","SSR_22",0,12,5,0.120156216238249,0.120156197548924
"D3","SSR_25",0,12,5,0.0332726445289583,0.0332741337531474
"D3","SSR_33",0,12,5,0.0545602296858085,0.05456171890594
"D3","SSR_34",0,12,5,0.103101354675875,0.103101875524996
"D3","SSR_35",1,12,5,0.0753140371243256,0.0753152385345475
"D3","SSR_44",1,12,5,0.0753140371243256,0.0753152385345475
"D3","SSR_47",0,12,5,0.244242607884111,0.24423721364334
"D3","SSR_50",0,12,5,0.120156216238249,0.120156197548924
"D3","SSR_53",0,12,5,0.0882245085004044,0.0882254288968428
"D3","SSR_58",0,12,5,0.139593176491237,0.139592457521543
"D3","SSR_6",0,12,5,0.139593176491237,0.139592457521543
"D3","SSR_65",0,12,5,0.139593176491237,0.139592457521543
"D3","SSR_77",0,12,5,0.139593176491237,0.139592457521543
"D3","JinHua_100",0,13,1,0.0737741566870807,0.0605096047486069
"D3","JinHua_104",0,13,1,0.165068455258338,0.150668244680012
"D3","JinHua_11",0,13,1,0.0872021402383947,0.099427813615622
"D3","JinHua_114",0,13,1,0.0310916798037247,0.0342694667674014
"D3","JinHua_118",0,13,1,0.120825342573889,0.131444333601069
"D3","JinHua_121",1,13,1,0.0872021402383947,0.0739761802273236
"D3","JinHua_13",0,13,1,0.413813822054671,0.48737086523441
"D3","JinHua_135",0,13,1,0.141508924628641,0.136953887119163
"D3","JinHua_145",0,13,1,0.0441257992209204,0.0444327431299561
"D3","JinHua_146",0,13,1,0.10280294201072,0.096627965568993
"D3","JinHua_150",0,13,1,0.0310916798037247,0.0322721136267843
"D3","JinHua_151",0,13,1,0.0524630082848656,0.0519105835219608
"D3","JinHua_159",0,13,1,0.0370616833404801,0.0339089335242382
"D3","JinHua_16",0,13,1,0.221431891996244,0.308575831340446
"D3","JinHua_161",0,13,1,0.0622728413694505,0.0546724862840579
"D3","JinHua_17",0,13,1,0.0524630082848656,0.0528543377931106
"D3","JinHua_184",0,13,1,0.0370616833404801,0.0348293000485602
"D3","JinHua_185",0,13,1,0.0370616833404801,0.0335299487014285
"D3","JinHua_193",0,13,1,0.0310916798037247,0.0252919722841965
"D3","JinHua_21",0,13,1,0.0872021402383947,0.099641090977554
"D3","JinHua_210",0,13,1,0.0737741566870807,0.063916724396743
"D3","JinHua_211",0,13,1,0.10280294201072,0.092870028154424
"D3","JinHua_213",0,13,1,0.0737741566870807,0.0639856024347565
"D3","JinHua_216",0,13,1,0.141508924628641,0.151344567908751
"D3","JinHua_218",0,13,1,0.0524630082848656,0.0461348409493843
"D3","JinHua_225",1,13,1,0.413813822054671,0.441526922944048
"D3","JinHua_29",0,13,1,0.10280294201072,0.0918416482407892
"D3","JinHua_34",0,13,1,0.0622728413694505,0.0606638690455457
"D3","JinHua_43",0,13,1,0.10280294201072,0.0969229264109222
"D3","JinHua_44",0,13,1,0.120825342573889,0.108476776603815
"D3","JinHua_48",0,13,1,0.0737741566870807,0.0726267372227828
"D3","JinHua_51",0,13,1,0.254355245965596,0.235341937116782
"D3","JinHua_67",0,13,1,0.141508924628641,0.131228695258983
"D3","JinHua_73",0,13,1,0.10280294201072,0.10055377482939
"D3","JinHua_81",0,13,1,0.0622728413694505,0.0602488323464279
"D3","JinHua_83",1,13,1,0.165068455258338,0.180685449980797
"D3","JinHua_87",0,13,1,0.141508924628641,0.145195219565739
"D3","JinHua_89",0,13,1,0.0524630082848656,0.0469305083753889
"D3","JinHua_93",1,13,1,0.29034823547643,0.298667768837632
"D3","JinHua_94",0,13,1,0.165068455258338,0.189651824470039
"D3","SSR_111",0,13,1,0.141508924628641,0.137186276307663
"D3","SSR_115",0,13,1,0.0524630082848656,0.0518498425762261
"D3","SSR_118",0,13,1,0.0441257992209204,0.0454517104566174
"D3","SSR_120",0,13,1,0.10280294201072,0.0842312105753786
"D3","SSR_131",0,13,1,0.141508924628641,0.147293577676948
"D3","SSR_132",0,13,1,0.141508924628641,0.152050798908041
"D3","SSR_135",0,13,1,0.0441257992209204,0.0443827105739219
"D3","SSR_15",0,13,1,0.0622728413694505,0.0610959729520279
"D3","SSR_157",0,13,1,0.165068455258338,0.173378514680793
"D3","SSR_158",1,13,1,0.120825342573889,0.120682596148716
"D3","SSR_161",0,13,1,0.191674617629715,0.178546134504188
"D3","SSR_162",0,13,1,0.10280294201072,0.127909754017571
"D3","SSR_166",0,13,1,0.120825342573889,0.12979329146154
"D3","SSR_171",0,13,1,0.10280294201072,0.106495826771715
"D3","SSR_183",1,13,1,0.593649943057327,0.578345586570422
"D3","SSR_2",0,13,1,0.165068455258338,0.181200769471245
"D3","SSR_20",0,13,1,0.0524630082848656,0.0607398651755983
"D3","SSR_26",0,13,1,0.120825342573889,0.114770339063887
"D3","SSR_30",0,13,1,0.0622728413694505,0.0860215767749357
"D3","SSR_31",0,13,1,0.0441257992209204,0.0571929109921542
"D3","SSR_32",0,13,1,0.0872021402383947,0.117533833201602
"D3","SSR_35",1,13,1,0.0737741566870807,0.088199949424105
"D3","SSR_37",0,13,1,0.0622728413694505,0.0696041082032711
"D3","SSR_38",0,13,1,0.29034823547643,0.352975210594638
"D3","SSR_6",0,13,1,0.141508924628641,0.123181122954192
"D3","SSR_61",0,13,1,0.221431891996244,0.197773672957221
"D3","SSR_63",0,13,1,0.0441257992209204,0.0399020150649779
"D3","SSR_65",0,13,1,0.141508924628641,0.119126702268885
"D3","SSR_80",1,13,1,0.0524630082848656,0.0447268761060071
"D3","SSR_94",0,13,1,0.0622728413694505,0.057250771961066
"D3","SSR_99",0,13,1,0.10280294201072,0.0981613409613524
"D3","JinHua_10",1,13,2,0.0796396016730283,0.0796447932513516
"D3","JinHua_101",0,13,2,0.0960782484894588,0.0960820054292137
"D3","JinHua_107",0,13,2,0.065808781850553,0.0658148312832811
"D3","JinHua_111",0,13,2,0.065808781850553,0.0658148312832811
"D3","JinHua_123",1,13,2,0.065808781850553,0.0658148312832811
"D3","JinHua_126",0,13,2,0.065808781850553,0.0658148312832811
"D3","JinHua_129",0,13,2,0.0300138204894331,0.0300198961070746
"D3","JinHua_133",0,13,2,0.065808781850553,0.0658148312832811
"D3","JinHua_138",1,13,2,0.0796396016730283,0.0796447932513516
"D3","JinHua_143",0,13,2,0.115484282152809,0.115485884833984
"D3","JinHua_152",0,13,2,0.0796396016730283,0.0796447932513516
"D3","JinHua_156",1,13,2,0.0796396016730283,0.0796447932513516
"D3","JinHua_163",0,13,2,0.065808781850553,0.0658148312832811
"D3","JinHua_169",0,13,2,0.0245713024975523,0.0245769652081442
"D3","JinHua_170",1,13,2,0.309627395437561,0.309595391969733
"D3","JinHua_171",0,13,2,0.0796396016730283,0.0796447932513516
"D3","JinHua_172",0,13,2,0.0245713024975523,0.0245769652081442
"D3","JinHua_174",0,13,2,0.065808781850553,0.0658148312832811
"D3","JinHua_186",0,13,2,0.0542383757042336,0.0542448376120174
"D3","JinHua_192",0,13,2,0.13821065604,0.138209241165697
"D3","JinHua_197",0,13,2,0.044605129849254,0.0446116731996791
"D3","JinHua_20",0,13,2,0.0542383757042336,0.0542448376120174
"D3","JinHua_200",0,13,2,0.0542383757042336,0.0542448376120174
"D3","JinHua_203",0,13,2,0.0960782484894588,0.0960820054292137
"D3","JinHua_206",0,13,2,0.0366165968736,0.0366229859247115
"D3","JinHua_207",0,13,2,0.0960782484894588,0.0960820054292137
"D3","JinHua_209",0,13,2,0.0366165968736,0.0366229859247115
"D3","JinHua_222",0,13,2,0.065808781850553,0.0658148312832811
"D3","JinHua_223",0,13,2,0.0542383757042336,0.0542448376120174
"D3","JinHua_25",1,13,2,0.164577246664523,0.164571823023756
"D3","JinHua_26",0,13,2,0.0366165968736,0.0366229859247115
"D3","JinHua_30",0,13,2,0.065808781850553,0.0658148312832811
"D3","JinHua_37",0,13,2,0.0796396016730283,0.0796447932513516
"D3","JinHua_42",0,13,2,0.0542383757042336,0.0542448376120174
"D3","JinHua_45",0,13,2,0.0542383757042336,0.0542448376120174
"D3","JinHua_46",0,13,2,0.0366165968736,0.0366229859247115
"D3","JinHua_5",0,13,2,0.0300138204894331,0.0300198961070746
"D3","JinHua_55",0,13,2,0.0796396016730283,0.0796447932513516
"D3","JinHua_57",0,13,2,0.13821065604,0.138209241165697
"D3","JinHua_62",0,13,2,0.0245713024975523,0.0245769652081442
"D3","JinHua_65",0,13,2,0.115484282152809,0.115485884833984
"D3","JinHua_68",0,13,2,0.115484282152809,0.115485884833984
"D3","JinHua_69",0,13,2,0.044605129849254,0.0446116731996791
"D3","JinHua_72",0,13,2,0.0960782484894588,0.0960820054292137
"D3","JinHua_74",0,13,2,0.0366165968736,0.0366229859247115
"D3","JinHua_77",0,13,2,0.0796396016730283,0.0796447932513516
"D3","JinHua_80",0,13,2,0.194836621713139,0.194826108729206
"D3","JinHua_82",0,13,2,0.065808781850553,0.0658148312832811
"D3","JinHua_96",0,13,2,0.13821065604,0.138209241165697
"D3","SSR_102",0,13,2,0.0300138204894331,0.0300198961070746
"D3","SSR_105",0,13,2,0.065808781850553,0.0658148312832811
"D3","SSR_12",0,13,2,0.0796396016730283,0.0796447932513516
"D3","SSR_124",0,13,2,0.0796396016730283,0.0796447932513516
"D3","SSR_130",0,13,2,0.164577246664523,0.164571823023756
"D3","SSR_144",1,13,2,0.0366165968736,0.0366229859247115
"D3","SSR_152",0,13,2,0.0960782484894588,0.0960820054292137
"D3","SSR_167",0,13,2,0.0300138204894331,0.0300198961070746
"D3","SSR_17",0,13,2,0.0300138204894331,0.0300198961070746
"D3","SSR_182",0,13,2,0.606394632328095,0.606319413482063
"D3","SSR_22",0,13,2,0.115484282152809,0.115485884833984
"D3","SSR_3",0,13,2,0.0366165968736,0.0366229859247115
"D3","SSR_33",0,13,2,0.044605129849254,0.0446116731996791
"D3","SSR_34",0,13,2,0.0960782484894588,0.0960820054292137
"D3","SSR_39",0,13,2,0.0960782484894588,0.0960820054292137
"D3","SSR_42",0,13,2,0.065808781850553,0.0658148312832811
"D3","SSR_54",0,13,2,0.194836621713139,0.194826108729206
"D3","SSR_68",0,13,2,0.164577246664523,0.164571823023756
"D3","SSR_71",0,13,2,0.13821065604,0.138209241165697
"D3","SSR_73",0,13,2,0.065808781850553,0.0658148312832811
"D3","SSR_81",0,13,2,0.0300138204894331,0.0300198961070746
"D3","JinHua_105",0,13,3,0.0832569399963276,0.0832597929372415
"D3","JinHua_108",0,13,3,0.0696820775179213,0.0696855464233413
"D3","JinHua_110",0,13,3,0.040324124443744,0.0403280680824288
"D3","JinHua_113",0,13,3,0.0484777471813663,0.0484817037884492
"D3","JinHua_119",0,13,3,0.0832569399963276,0.0832597929372415
"D3","JinHua_128",0,13,3,0.0484777471813663,0.0484817037884492
"D3","JinHua_131",0,13,3,0.0581800988053614,0.0581839148923853
"D3","JinHua_132",0,13,3,0.0230288770943757,0.0230322587952956
"D3","JinHua_14",0,13,3,0.0832569399963276,0.0832597929372415
"D3","JinHua_147",0,13,3,0.027786621119323,0.027790245766674
"D3","JinHua_158",0,13,3,0.0334936120901915,0.0334974332819154
"D3","JinHua_175",0,13,3,0.040324124443744,0.0403280680824288
"D3","JinHua_179",1,13,3,0.192249638406489,0.192242917872532
"D3","JinHua_181",0,13,3,0.0991943686911433,0.0991962672239512
"D3","JinHua_199",1,13,3,0.0484777471813663,0.0484817037884492
"D3","JinHua_204",0,13,3,0.192249638406489,0.192242917872532
"D3","JinHua_208",0,13,3,0.0581800988053614,0.0581839148923853
"D3","JinHua_212",0,13,3,0.0696820775179213,0.0696855464233413
"D3","JinHua_215",0,13,3,0.0832569399963276,0.0832597929372415
"D3","JinHua_22",0,13,3,0.0832569399963276,0.0832597929372415
"D3","JinHua_221",0,13,3,0.0484777471813663,0.0484817037884492
"D3","JinHua_224",0,13,3,0.0991943686911433,0.0991962672239512
"D3","JinHua_27",1,13,3,0.0832569399963276,0.0832597929372415
"D3","JinHua_28",0,13,3,0.027786621119323,0.027790245766674
"D3","JinHua_38",0,13,3,0.384138034961681,0.384108715548572
"D3","JinHua_52",0,13,3,0.259209094584311,0.259194589596127
"D3","JinHua_53",0,13,3,0.027786621119323,0.027790245766674
"D3","JinHua_56",0,13,3,0.027786621119323,0.027790245766674
"D3","JinHua_64",0,13,3,0.0581800988053614,0.0581839148923853
"D3","JinHua_66",0,13,3,0.0696820775179213,0.0696855464233413
"D3","JinHua_70",0,13,3,0.117790619982491,0.117791151587528
"D3","JinHua_79",0,13,3,0.027786621119323,0.027790245766674
"D3","JinHua_8",0,13,3,0.040324124443744,0.0403280680824288
"D3","JinHua_84",1,13,3,0.0696820775179213,0.0696855464233413
"D3","JinHua_88",0,13,3,0.117790619982491,0.117791151587528
"D3","JinHua_92",0,13,3,0.027786621119323,0.027790245766674
"D3","JinHua_97",0,13,3,0.0832569399963276,0.0832597929372415
"D3","SSR_1",0,13,3,0.0696820775179213,0.0696855464233413
"D3","SSR_10",0,13,3,0.297883709834956,0.297864537156365
"D3","SSR_101",0,13,3,0.0832569399963276,0.0832597929372415
"D3","SSR_117",0,13,3,0.0581800988053614,0.0581839148923853
"D3","SSR_128",0,13,3,0.0334936120901915,0.0334974332819154
"D3","SSR_13",0,13,3,0.117790619982491,0.117791151587528
"D3","SSR_140",0,13,3,0.0696820775179213,0.0696855464233413
"D3","SSR_150",0,13,3,0.0991943686911433,0.0991962672239512
"D3","SSR_151",0,13,3,0.223954049178394,0.223943724110827
"D3","SSR_165",0,13,3,0.117790619982491,0.117791151587528
"D3","SSR_174",0,13,3,0.139333914318911,0.139332593343666
"D3","SSR_179",0,13,3,0.0696820775179213,0.0696855464233413
"D3","SSR_23",0,13,3,0.0581800988053614,0.0581839148923853
"D3","SSR_24",0,13,3,0.040324124443744,0.0403280680824288
"D3","SSR_27",0,13,3,0.139333914318911,0.139332593343666
"D3","SSR_28",0,13,3,0.0581800988053614,0.0581839148923853
"D3","SSR_4",0,13,3,0.139333914318911,0.139332593343666
"D3","SSR_43",0,13,3,0.0484777471813663,0.0484817037884492
"D3","SSR_44",1,13,3,0.0696820775179213,0.0696855464233413
"D3","SSR_46",0,13,3,0.0832569399963276,0.0832597929372415
"D3","SSR_50",0,13,3,0.117790619982491,0.117791151587528
"D3","SSR_55",0,13,3,0.0991943686911433,0.0991962672239512
"D3","SSR_59",1,13,3,0.297883709834956,0.297864537156365
"D3","SSR_60",0,13,3,0.139333914318911,0.139332593343666
"D3","SSR_66",0,13,3,0.0696820775179213,0.0696855464233413
"D3","SSR_67",0,13,3,0.0334936120901915,0.0334974332819154
"D3","SSR_7",0,13,3,0.0581800988053614,0.0581839148923853
"D3","SSR_76",1,13,3,0.223954049178394,0.223943724110827
"D3","SSR_77",0,13,3,0.139333914318911,0.139332593343666
"D3","SSR_79",0,13,3,0.117790619982491,0.117791151587528
"D3","SSR_90",0,13,3,0.040324124443744,0.0403280680824288
"D3","SSR_95",0,13,3,0.192249638406489,0.192242917872532
"D3","SSR_98",0,13,3,0.0696820775179213,0.0696855464233413
"D3","JinHua_103",0,13,4,0.242096343490632,0.242090692113421
"D3","JinHua_115",1,13,4,0.349121804849562,0.349110528285489
"D3","JinHua_120",0,13,4,0.101756521679122,0.101757147751206
"D3","JinHua_122",0,13,4,0.101756521679122,0.101757147751206
"D3","JinHua_136",0,13,4,0.0631993129986041,0.063200833084945
"D3","JinHua_15",0,13,4,0.0742336617050067,0.0742349949161871
"D3","JinHua_155",0,13,4,0.0537099899212239,0.0537116137901839
"D3","JinHua_157",0,13,4,0.0537099899212239,0.0537116137901839
"D3","JinHua_165",0,13,4,0.0386238427512594,0.0386254951458547
"D3","JinHua_167",0,13,4,0.0326957196944766,0.0326973255656514
"D3","JinHua_168",0,13,4,0.0537099899212239,0.0537116137901839
"D3","JinHua_176",0,13,4,0.0870156140849995,0.087016656761596
"D3","JinHua_177",0,13,4,0.0870156140849995,0.087016656761596
"D3","JinHua_18",0,13,4,0.0870156140849995,0.087016656761596
"D3","JinHua_180",0,13,4,0.0455761622096551,0.04557782496935
"D3","JinHua_182",0,13,4,0.0631993129986041,0.063200833084945
"D3","JinHua_188",0,13,4,0.0537099899212239,0.0537116137901839
"D3","JinHua_189",0,13,4,0.0537099899212239,0.0537116137901839
"D3","JinHua_19",0,13,4,0.0537099899212239,0.0537116137901839
"D3","JinHua_191",0,13,4,0.0537099899212239,0.0537116137901839
"D3","JinHua_194",0,13,4,0.0870156140849995,0.087016656761596
"D3","JinHua_195",0,13,4,0.0386238427512594,0.0386254951458547
"D3","JinHua_198",0,13,4,0.0870156140849995,0.087016656761596
"D3","JinHua_2",0,13,4,0.0870156140849995,0.087016656761596
"D3","JinHua_214",0,13,4,0.101756521679122,0.101757147751206
"D3","JinHua_23",0,13,4,0.0631993129986041,0.063200833084945
"D3","JinHua_3",0,13,4,0.0870156140849995,0.087016656761596
"D3","JinHua_49",0,13,4,0.0742336617050067,0.0742349949161871
"D3","JinHua_54",0,13,4,0.0870156140849995,0.087016656761596
"D3","JinHua_6",0,13,4,0.0326957196944766,0.0326973255656514
"D3","JinHua_61",0,13,4,0.101756521679122,0.101757147751206
"D3","JinHua_63",0,13,4,0.137963038399773,0.137962360461337
"D3","JinHua_7",0,13,4,0.0455761622096551,0.04557782496935
"D3","JinHua_75",0,13,4,0.0537099899212239,0.0537116137901839
"D3","JinHua_76",0,13,4,0.0455761622096551,0.04557782496935
"D3","JinHua_78",0,13,4,0.0455761622096551,0.04557782496935
"D3","JinHua_86",0,13,4,0.0455761622096551,0.04557782496935
"D3","JinHua_91",1,13,4,0.118670031991525,0.118670092090757
"D3","SSR_103",0,13,4,0.473878109435657,0.473861043596982
"D3","SSR_106",0,13,4,0.0631993129986041,0.063200833084945
"D3","SSR_108",0,13,4,0.0455761622096551,0.04557782496935
"D3","SSR_125",0,13,4,0.15982383919069,0.159822231144107
"D3","SSR_129",0,13,4,0.0742336617050067,0.0742349949161871
"D3","SSR_134",0,13,4,0.101756521679122,0.101757147751206
"D3","SSR_139",0,13,4,0.118670031991525,0.118670092090757
"D3","SSR_14",1,13,4,0.0742336617050067,0.0742349949161871
"D3","SSR_143",1,13,4,0.275190044699931,0.275182649697409
"D3","SSR_145",0,13,4,0.184407565320632,0.184404820457731
"D3","SSR_146",0,13,4,0.0870156140849995,0.087016656761596
"D3","SSR_169",0,13,4,0.0870156140849995,0.087016656761596
"D3","SSR_170",0,13,4,0.137963038399773,0.137962360461337
"D3","SSR_172",0,13,4,0.0742336617050067,0.0742349949161871
"D3","SSR_173",1,13,4,0.184407565320632,0.184404820457731
"D3","SSR_175",0,13,4,0.101756521679122,0.101757147751206
"D3","SSR_177",0,13,4,0.0870156140849995,0.087016656761596
"D3","SSR_19",0,13,4,0.184407565320632,0.184404820457731
"D3","SSR_21",0,13,4,0.0386238427512594,0.0386254951458547
"D3","SSR_25",0,13,4,0.0326957196944766,0.0326973255656514
"D3","SSR_29",0,13,4,0.0742336617050067,0.0742349949161871
"D3","SSR_36",1,13,4,0.0870156140849995,0.087016656761596
"D3","SSR_41",0,13,4,0.101756521679122,0.101757147751206
"D3","SSR_47",0,13,4,0.242096343490632,0.242090692113421
"D3","SSR_48",0,13,4,0.0742336617050067,0.0742349949161871
"D3","SSR_5",0,13,4,0.101756521679122,0.101757147751206
"D3","SSR_52",0,13,4,0.0631993129986041,0.063200833084945
"D3","SSR_53",0,13,4,0.0870156140849995,0.087016656761596
"D3","SSR_64",0,13,4,0.137963038399773,0.137962360461337
"D3","SSR_69",1,13,4,0.118670031991525,0.118670092090757
"D3","SSR_78",0,13,4,0.0631993129986041,0.063200833084945
"D3","JinHua_1",0,13,5,0.050370761616514,0.0503746658341612
"D3","JinHua_102",0,13,5,0.050370761616514,0.0503746658341612
"D3","JinHua_106",0,13,5,0.050370761616514,0.0503746658341612
"D3","JinHua_112",0,13,5,0.306677788676224,0.306657412792348
"D3","JinHua_116",0,13,5,0.267271143300615,0.267255535458745
"D3","JinHua_117",0,13,5,0.050370761616514,0.0503746658341612
"D3","JinHua_12",0,13,5,0.102900777138103,0.102902354852293
"D3","JinHua_124",0,13,5,0.050370761616514,0.0503746658341612
"D3","JinHua_134",0,13,5,0.0723572513814408,0.0723605642037666
"D3","JinHua_137",0,13,5,0.0864149212324834,0.0864175441131126
"D3","JinHua_139",0,13,5,0.0604351539319274,0.0604388725236978
"D3","JinHua_140",0,13,5,0.0604351539319274,0.0604388725236978
"D3","JinHua_141",0,13,5,0.0864149212324834,0.0864175441131126
"D3","JinHua_144",1,13,5,0.12211135232903,0.122111455156692
"D3","JinHua_148",0,13,5,0.0864149212324834,0.0864175441131126
"D3","JinHua_149",0,13,5,0.0723572513814408,0.0723605642037666
"D3","JinHua_153",0,13,5,0.267271143300615,0.267255535458745
"D3","JinHua_160",0,13,5,0.169812503026872,0.169808089915021
"D3","JinHua_162",0,13,5,0.050370761616514,0.0503746658341612
"D3","JinHua_166",0,13,5,0.0604351539319274,0.0604388725236978
"D3","JinHua_173",1,13,5,0.349126195670198,0.349100753959636
"D3","JinHua_178",0,13,5,0.144331346663798,0.144329472869478
"D3","JinHua_183",0,13,5,0.0604351539319274,0.0604388725236978
"D3","JinHua_190",0,13,5,0.144331346663798,0.144329472869478
"D3","JinHua_201",0,13,5,0.0348143606613796,0.0348181875432625
"D3","JinHua_205",0,13,5,0.0723572513814408,0.0723605642037666
"D3","JinHua_217",0,13,5,0.0348143606613796,0.0348181875432625
"D3","JinHua_219",0,13,5,0.0419076565179918,0.0419115814796607
"D3","JinHua_220",0,13,5,0.198747364996793,0.198739811069619
"D3","JinHua_24",0,13,5,0.198747364996793,0.198739811069619
"D3","JinHua_31",0,13,5,0.267271143300615,0.267255535458745
"D3","JinHua_32",1,13,5,0.198747364996793,0.198739811069619
"D3","JinHua_33",0,13,5,0.050370761616514,0.0503746658341612
"D3","JinHua_35",0,13,5,0.0723572513814408,0.0723605642037666
"D3","JinHua_36",1,13,5,0.169812503026872,0.169808089915021
"D3","JinHua_39",0,13,5,0.349126195670198,0.349100753959636
"D3","JinHua_4",0,13,5,0.0723572513814408,0.0723605642037666
"D3","JinHua_40",0,13,5,0.0348143606613796,0.0348181875432625
"D3","JinHua_41",0,13,5,0.050370761616514,0.0503746658341612
"D3","JinHua_50",0,13,5,0.144331346663798,0.144329472869478
"D3","JinHua_59",0,13,5,0.12211135232903,0.122111455156692
"D3","JinHua_60",1,13,5,0.0604351539319274,0.0604388725236978
"D3","JinHua_9",0,13,5,0.050370761616514,0.0503746658341612
"D3","JinHua_90",0,13,5,0.0348143606613796,0.0348181875432625
"D3","JinHua_95",0,13,5,0.0419076565179918,0.0419115814796607
"D3","JinHua_99",0,13,5,0.0864149212324834,0.0864175441131126
"D3","SSR_11",1,13,5,0.0864149212324834,0.0864175441131126
"D3","SSR_114",0,13,5,0.050370761616514,0.0503746658341612
"D3","SSR_121",0,13,5,0.0864149212324834,0.0864175441131126
"D3","SSR_127",0,13,5,0.0864149212324834,0.0864175441131126
"D3","SSR_154",1,13,5,0.144331346663798,0.144329472869478
"D3","SSR_159",0,13,5,0.0604351539319274,0.0604388725236978
"D3","SSR_16",0,13,5,0.144331346663798,0.144329472869478
"D3","SSR_163",0,13,5,0.050370761616514,0.0503746658341612
"D3","SSR_164",0,13,5,0.0604351539319274,0.0604388725236978
"D3","SSR_18",0,13,5,0.394110223698589,0.394079636716091
"D3","SSR_181",0,13,5,0.198747364996793,0.198739811069619
"D3","SSR_40",0,13,5,0.050370761616514,0.0503746658341612
"D3","SSR_51",0,13,5,0.12211135232903,0.122111455156692
"D3","SSR_56",0,13,5,0.0723572513814408,0.0723605642037666
"D3","SSR_57",0,13,5,0.102900777138103,0.102902354852293
"D3","SSR_58",0,13,5,0.144331346663798,0.144329472869478
"D3","SSR_62",0,13,5,0.12211135232903,0.122111455156692
"D3","SSR_70",0,13,5,0.0864149212324834,0.0864175441131126
"D3","SSR_74",0,13,5,0.0604351539319274,0.0604388725236978
"D3","SSR_75",0,13,5,0.231239246732661,0.231227946635689
"D3","SSR_8",0,13,5,0.0723572513814408,0.0723605642037666
"D3","SSR_83",0,13,5,0.12211135232903,0.122111455156692
"D3","SSR_9",0,13,5,0.12211135232903,0.122111455156692
"D3","JinHua_104",0,14,1,0.155747311524239,0.155745285036392
"D3","JinHua_105",0,14,1,0.0837341218377074,0.0837355217041489
"D3","JinHua_110",0,14,1,0.0433097001343811,0.0433118507366794
"D3","JinHua_111",0,14,1,0.0712085858185553,0.0712103490764621
"D3","JinHua_113",0,14,1,0.0511983567220935,0.0512004693192674
"D3","JinHua_116",0,14,1,0.238052821870138,0.238045447816605
"D3","JinHua_12",0,14,1,0.0982298741406517,0.0982307450070678
"D3","JinHua_121",1,14,1,0.0837341218377074,0.0837355217041489
"D3","JinHua_122",0,14,1,0.0982298741406517,0.0982307450070678
"D3","JinHua_126",0,14,1,0.0712085858185553,0.0712103490764621
"D3","JinHua_13",0,14,1,0.386762480730753,0.386744855684073
"D3","JinHua_144",1,14,1,0.114920337540343,0.114920481661121
"D3","JinHua_147",0,14,1,0.0308786560333785,0.0308807129107087
"D3","JinHua_158",0,14,1,0.036589655774024,0.0365917820752824
"D3","JinHua_161",0,14,1,0.0604331284146788,0.0604351200021198
"D3","JinHua_163",0,14,1,0.0712085858185553,0.0712103490764621
"D3","JinHua_17",0,14,1,0.0511983567220935,0.0512004693192674
"D3","JinHua_173",1,14,1,0.307429742250756,0.307417503166772
"D3","JinHua_177",0,14,1,0.0837341218377074,0.0837355217041489
"D3","JinHua_182",0,14,1,0.0604331284146788,0.0604351200021198
"D3","JinHua_184",0,14,1,0.036589655774024,0.0365917820752824
"D3","JinHua_188",0,14,1,0.0511983567220935,0.0512004693192674
"D3","JinHua_19",0,14,1,0.0511983567220935,0.0512004693192674
"D3","JinHua_190",0,14,1,0.134025229148541,0.134024417010947
"D3","JinHua_195",0,14,1,0.036589655774024,0.0365917820752824
"D3","JinHua_197",0,14,1,0.0511983567220935,0.0512004693192674
"D3","JinHua_198",0,14,1,0.0837341218377074,0.0837355217041489
"D3","JinHua_200",0,14,1,0.0604331284146788,0.0604351200021198
"D3","JinHua_204",0,14,1,0.18025716054548,0.180253639911391
"D3","JinHua_212",0,14,1,0.0712085858185553,0.0712103490764621
"D3","JinHua_213",0,14,1,0.0712085858185553,0.0712103490764621
"D3","JinHua_30",0,14,1,0.0712085858185553,0.0712103490764621
"D3","JinHua_45",0,14,1,0.0604331284146788,0.0604351200021198
"D3","JinHua_5",0,14,1,0.036589655774024,0.0365917820752824
"D3","JinHua_53",0,14,1,0.0308786560333785,0.0308807129107087
"D3","JinHua_6",0,14,1,0.0308786560333785,0.0308807129107087
"D3","JinHua_63",0,14,1,0.134025229148541,0.134024417010947
"D3","JinHua_65",0,14,1,0.114920337540343,0.114920481661121
"D3","JinHua_70",0,14,1,0.114920337540343,0.114920481661121
"D3","JinHua_88",0,14,1,0.114920337540343,0.114920481661121
"D3","JinHua_89",0,14,1,0.0511983567220935,0.0512004693192674
"D3","JinHua_94",0,14,1,0.155747311524239,0.155745285036392
"D3","JinHua_95",0,14,1,0.0433097001343811,0.0433118507366794
"D3","JinHua_99",0,14,1,0.0837341218377074,0.0837355217041489
"D3","SSR_102",0,14,1,0.036589655774024,0.0365917820752824
"D3","SSR_105",0,14,1,0.0712085858185553,0.0712103490764621
"D3","SSR_118",0,14,1,0.0433097001343811,0.0433118507366794
"D3","SSR_127",0,14,1,0.0837341218377074,0.0837355217041489
"D3","SSR_128",0,14,1,0.036589655774024,0.0365917820752824
"D3","SSR_139",0,14,1,0.114920337540343,0.114920481661121
"D3","SSR_14",1,14,1,0.0712085858185553,0.0712103490764621
"D3","SSR_143",1,14,1,0.271352003085776,0.271342301219042
"D3","SSR_150",0,14,1,0.0982298741406517,0.0982307450070678
"D3","SSR_151",0,14,1,0.207675311296445,0.207670006288767
"D3","SSR_152",0,14,1,0.0982298741406517,0.0982307450070678
"D3","SSR_154",1,14,1,0.134025229148541,0.134024417010947
"D3","SSR_157",0,14,1,0.155747311524239,0.155745285036392
"D3","SSR_162",0,14,1,0.0982298741406517,0.0982307450070678
"D3","SSR_167",0,14,1,0.036589655774024,0.0365917820752824
"D3","SSR_169",0,14,1,0.0837341218377074,0.0837355217041489
"D3","SSR_173",1,14,1,0.18025716054548,0.180253639911391
"D3","SSR_177",0,14,1,0.0837341218377074,0.0837355217041489
"D3","SSR_22",0,14,1,0.114920337540343,0.114920481661121
"D3","SSR_24",0,14,1,0.0433097001343811,0.0433118507366794
"D3","SSR_25",0,14,1,0.0308786560333785,0.0308807129107087
"D3","SSR_35",1,14,1,0.0712085858185553,0.0712103490764621
"D3","SSR_58",0,14,1,0.134025229148541,0.134024417010947
"D3","SSR_60",0,14,1,0.134025229148541,0.134024417010947
"D3","SSR_62",0,14,1,0.114920337540343,0.114920481661121
"D3","SSR_66",0,14,1,0.0712085858185553,0.0712103490764621
"D3","SSR_7",0,14,1,0.0604331284146788,0.0604351200021198
"D3","JinHua_10",1,14,2,0.0882872364437306,0.0882888858607195
"D3","JinHua_101",0,14,2,0.104972636244263,0.104973567237128
"D3","JinHua_103",0,14,2,0.270180803948628,0.270170238061314
"D3","JinHua_106",0,14,2,0.0516881916296905,0.0516907522287932
"D3","JinHua_112",0,14,2,0.309569949189945,0.309556234512836
"D3","JinHua_129",0,14,2,0.0358257986681286,0.0358283342603772
"D3","JinHua_138",1,14,2,0.0882872364437306,0.0882888858607195
"D3","JinHua_14",0,14,2,0.0882872364437306,0.0882888858607195
"D3","JinHua_148",0,14,2,0.0882872364437306,0.0882888858607195
"D3","JinHua_149",0,14,2,0.0740346015686323,0.0740367318050659
"D3","JinHua_153",0,14,2,0.270180803948628,0.270170238061314
"D3","JinHua_16",0,14,2,0.234104112183974,0.234096401953485
"D3","JinHua_162",0,14,2,0.0516881916296905,0.0516907522287932
"D3","JinHua_169",0,14,2,0.0297657661629314,0.0297681917318756
"D3","JinHua_170",1,14,2,0.309569949189945,0.309556234512836
"D3","JinHua_175",0,14,2,0.0430648353310142,0.0430674242580526
"D3","JinHua_181",0,14,2,0.104972636244263,0.104973567237128
"D3","JinHua_191",0,14,2,0.0516881916296905,0.0516907522287932
"D3","JinHua_192",0,14,2,0.146789729728937,0.146788320059911
"D3","JinHua_20",0,14,2,0.0619265555236428,0.0619289754326261
"D3","JinHua_203",0,14,2,0.104972636244263,0.104973567237128
"D3","JinHua_207",0,14,2,0.104972636244263,0.104973567237128
"D3","JinHua_21",0,14,2,0.0882872364437306,0.0882888858607195
"D3","JinHua_215",0,14,2,0.0882872364437306,0.0882888858607195
"D3","JinHua_218",0,14,2,0.0516881916296905,0.0516907522287932
"D3","JinHua_220",0,14,2,0.201514549872085,0.201509333307506
"D3","JinHua_222",0,14,2,0.0740346015686323,0.0740367318050659
"D3","JinHua_224",0,14,2,0.104972636244263,0.104973567237128
"D3","JinHua_23",0,14,2,0.0619265555236428,0.0619289754326261
"D3","JinHua_31",0,14,2,0.270180803948628,0.270170238061314
"D3","JinHua_32",1,14,2,0.201514549872085,0.201509333307506
"D3","JinHua_34",0,14,2,0.0619265555236428,0.0619289754326261
"D3","JinHua_42",0,14,2,0.0619265555236428,0.0619289754326261
"D3","JinHua_44",0,14,2,0.124381207182256,0.124381133857944
"D3","JinHua_48",0,14,2,0.0740346015686323,0.0740367318050659
"D3","JinHua_51",0,14,2,0.270180803948628,0.270170238061314
"D3","JinHua_57",0,14,2,0.146789729728937,0.146788320059911
"D3","JinHua_61",0,14,2,0.104972636244263,0.104973567237128
"D3","JinHua_62",0,14,2,0.0297657661629314,0.0297681917318756
"D3","JinHua_69",0,14,2,0.0516881916296905,0.0516907522287932
"D3","JinHua_72",0,14,2,0.104972636244263,0.104973567237128
"D3","JinHua_8",0,14,2,0.0430648353310142,0.0430674242580526
"D3","JinHua_81",0,14,2,0.0619265555236428,0.0619289754326261
"D3","JinHua_86",0,14,2,0.0430648353310142,0.0430674242580526
"D3","JinHua_90",0,14,2,0.0358257986681286,0.0358283342603772
"D3","JinHua_92",0,14,2,0.0297657661629314,0.0297681917318756
"D3","JinHua_97",0,14,2,0.0882872364437306,0.0882888858607195
"D3","SSR_103",0,14,2,0.538857409514693,0.538828316499364
"D3","SSR_106",0,14,2,0.0619265555236428,0.0619289754326261
"D3","SSR_114",0,14,2,0.0516881916296905,0.0516907522287932
"D3","SSR_13",0,14,2,0.124381207182256,0.124381133857944
"D3","SSR_144",1,14,2,0.0430648353310142,0.0430674242580526
"D3","SSR_145",0,14,2,0.201514549872085,0.201509333307506
"D3","SSR_146",0,14,2,0.0882872364437306,0.0882888858607195
"D3","SSR_164",0,14,2,0.0619265555236428,0.0619289754326261
"D3","SSR_165",0,14,2,0.124381207182256,0.124381133857944
"D3","SSR_183",1,14,2,0.631554956657247,0.631522787793944
"D3","SSR_27",0,14,2,0.146789729728937,0.146788320059911
"D3","SSR_30",0,14,2,0.0619265555236428,0.0619289754326261
"D3","SSR_31",0,14,2,0.0430648353310142,0.0430674242580526
"D3","SSR_41",0,14,2,0.104972636244263,0.104973567237128
"D3","SSR_42",0,14,2,0.0740346015686323,0.0740367318050659
"D3","SSR_48",0,14,2,0.0740346015686323,0.0740367318050659
"D3","SSR_50",0,14,2,0.124381207182256,0.124381133857944
"D3","SSR_53",0,14,2,0.0882872364437306,0.0882888858607195
"D3","SSR_57",0,14,2,0.104972636244263,0.104973567237128
"D3","SSR_71",0,14,2,0.146789729728937,0.146788320059911
"D3","SSR_76",1,14,2,0.234104112183974,0.234096401953485
"D3","SSR_79",0,14,2,0.124381207182256,0.124381133857944
"D3","SSR_98",0,14,2,0.0740346015686323,0.0740367318050659
"D3","JinHua_102",0,14,3,0.0456067916934579,0.0456130173560862
"D3","JinHua_107",0,14,3,0.0668346517118097,0.0668403257860476
"D3","JinHua_114",0,14,3,0.0253819666374599,0.0253874365230809
"D3","JinHua_120",0,14,3,0.0969395122413555,0.0969429200435495
"D3","JinHua_124",0,14,3,0.0456067916934579,0.0456130173560862
"D3","JinHua_132",0,14,3,0.0208294929472263,0.0208345336201021
"D3","JinHua_135",0,14,3,0.138590799298525,0.138589232965674
"D3","JinHua_140",0,14,3,0.055268903007822,0.0552750122701966
"D3","JinHua_145",0,14,3,0.0375666437483721,0.0375727561072238
"D3","JinHua_152",0,14,3,0.080614162599591,0.0806189765697552
"D3","JinHua_157",0,14,3,0.0456067916934579,0.0456130173560862
"D3","JinHua_168",0,14,3,0.0456067916934579,0.0456130173560862
"D3","JinHua_172",0,14,3,0.0253819666374599,0.0253874365230809
"D3","JinHua_174",0,14,3,0.0668346517118097,0.0668403257860476
"D3","JinHua_178",0,14,3,0.138590799298525,0.138589232965674
"D3","JinHua_18",0,14,3,0.080614162599591,0.0806189765697552
"D3","JinHua_180",0,14,3,0.0375666437483721,0.0375727561072238
"D3","JinHua_183",0,14,3,0.055268903007822,0.0552750122701966
"D3","JinHua_185",0,14,3,0.0308980275092765,0.030903869042674
"D3","JinHua_186",0,14,3,0.055268903007822,0.0552750122701966
"D3","JinHua_199",1,14,3,0.0456067916934579,0.0456130173560862
"D3","JinHua_201",0,14,3,0.0308980275092765,0.030903869042674
"D3","JinHua_208",0,14,3,0.055268903007822,0.0552750122701966
"D3","JinHua_209",0,14,3,0.0375666437483721,0.0375727561072238
"D3","JinHua_221",0,14,3,0.0456067916934579,0.0456130173560862
"D3","JinHua_25",1,14,3,0.164555673177939,0.164550291867837
"D3","JinHua_33",0,14,3,0.0456067916934579,0.0456130173560862
"D3","JinHua_35",0,14,3,0.0668346517118097,0.0668403257860476
"D3","JinHua_37",0,14,3,0.080614162599591,0.0806189765697552
"D3","JinHua_49",0,14,3,0.0668346517118097,0.0668403257860476
"D3","JinHua_52",0,14,3,0.265470354412073,0.2654474986858
"D3","JinHua_54",0,14,3,0.080614162599591,0.0806189765697552
"D3","JinHua_55",0,14,3,0.080614162599591,0.0806189765697552
"D3","JinHua_64",0,14,3,0.055268903007822,0.0552750122701966
"D3","JinHua_67",0,14,3,0.138590799298525,0.138589232965674
"D3","JinHua_73",0,14,3,0.0969395122413555,0.0969429200435495
"D3","JinHua_79",0,14,3,0.0253819666374599,0.0253874365230809
"D3","JinHua_84",1,14,3,0.0668346517118097,0.0668403257860476
"D3","SSR_1",0,14,3,0.0668346517118097,0.0668403257860476
"D3","SSR_108",0,14,3,0.0375666437483721,0.0375727561072238
"D3","SSR_11",1,14,3,0.080614162599591,0.0806189765697552
"D3","SSR_117",0,14,3,0.055268903007822,0.0552750122701966
"D3","SSR_125",0,14,3,0.164555673177939,0.164550291867837
"D3","SSR_129",0,14,3,0.0668346517118097,0.0668403257860476
"D3","SSR_134",0,14,3,0.0969395122413555,0.0969429200435495
"D3","SSR_140",0,14,3,0.0668346517118097,0.0668403257860476
"D3","SSR_158",1,14,3,0.116153260579068,0.116154585262844
"D3","SSR_170",0,14,3,0.138590799298525,0.138589232965674
"D3","SSR_171",0,14,3,0.0969395122413555,0.0969429200435495
"D3","SSR_18",0,14,3,0.398734791425234,0.398687973604348
"D3","SSR_181",0,14,3,0.194287874363749,0.194277673253935
"D3","SSR_29",0,14,3,0.0668346517118097,0.0668403257860476
"D3","SSR_32",0,14,3,0.080614162599591,0.0806189765697552
"D3","SSR_33",0,14,3,0.0456067916934579,0.0456130173560862
"D3","SSR_39",0,14,3,0.0969395122413555,0.0969429200435495
"D3","SSR_43",0,14,3,0.0456067916934579,0.0456130173560862
"D3","SSR_5",0,14,3,0.0969395122413555,0.0969429200435495
"D3","SSR_52",0,14,3,0.055268903007822,0.0552750122701966
"D3","SSR_56",0,14,3,0.0668346517118097,0.0668403257860476
"D3","SSR_59",1,14,3,0.30674141142352,0.306710952513558
"D3","SSR_61",0,14,3,0.227926529928246,0.227910482897851
"D3","SSR_65",0,14,3,0.138590799298525,0.138589232965674
"D3","SSR_67",0,14,3,0.0308980275092765,0.030903869042674
"D3","SSR_68",0,14,3,0.164555673177939,0.164550291867837
"D3","SSR_73",0,14,3,0.0668346517118097,0.0668403257860476
"D3","SSR_77",0,14,3,0.138590799298525,0.138589232965674
"D3","SSR_80",1,14,3,0.0456067916934579,0.0456130173560862
"D3","SSR_9",0,14,3,0.116153260579068,0.116154585262844
"D3","SSR_94",0,14,3,0.055268903007822,0.0552750122701966
"D3","SSR_95",0,14,3,0.194287874363749,0.194277673253935
"D3","JinHua_100",0,14,4,0.069823447621954,0.0563422584815735
"D3","JinHua_115",1,14,4,0.394810875944083,0.356049688287852
"D3","JinHua_117",0,14,4,0.0482207088317637,0.0454427670063
"D3","JinHua_118",0,14,4,0.1192350088452,0.133572658956208
"D3","JinHua_123",1,14,4,0.069823447621954,0.0647465132445
"D3","JinHua_128",0,14,4,0.0482207088317637,0.0401631441901151
"D3","JinHua_133",0,14,4,0.069823447621954,0.0754201898324221
"D3","JinHua_134",0,14,4,0.069823447621954,0.0841425543923561
"D3","JinHua_136",0,14,4,0.0580868064637438,0.0624221232796263
"D3","JinHua_139",0,14,4,0.0580868064637438,0.0462595841788933
"D3","JinHua_143",0,14,4,0.1192350088452,0.128402657291832
"D3","JinHua_146",0,14,4,0.100086443559424,0.102870092034332
"D3","JinHua_159",0,14,4,0.0330640820239667,0.0330481686318077
"D3","JinHua_160",0,14,4,0.16706754509864,0.178142158194682
"D3","JinHua_165",0,14,4,0.0330640820239667,0.034100305949492
"D3","JinHua_166",0,14,4,0.0580868064637438,0.0504099163411792
"D3","JinHua_179",1,14,4,0.196236528583287,0.185472324338356
"D3","JinHua_189",0,14,4,0.0482207088317637,0.044361110896326
"D3","JinHua_193",0,14,4,0.0273248212185598,0.0230851025503826
"D3","JinHua_194",0,14,4,0.0837207365096265,0.0688189130730259
"D3","JinHua_2",0,14,4,0.0837207365096265,0.0943099148294264
"D3","JinHua_205",0,14,4,0.069823447621954,0.0598483687989029
"D3","JinHua_206",0,14,4,0.0399592850746311,0.0664538856986504
"D3","JinHua_211",0,14,4,0.100086443559424,0.0976498904594042
"D3","JinHua_214",0,14,4,0.100086443559424,0.124482370027243
"D3","JinHua_216",0,14,4,0.141471159895481,0.166320973275307
"D3","JinHua_217",0,14,4,0.0330640820239667,0.0325090245253826
"D3","JinHua_219",0,14,4,0.0399592850746311,0.0382527212527609
"D3","JinHua_223",0,14,4,0.0580868064637438,0.0735189695361395
"D3","JinHua_24",0,14,4,0.196236528583287,0.214379706494438
"D3","JinHua_26",0,14,4,0.0399592850746311,0.0641974059550897
"D3","JinHua_28",0,14,4,0.0273248212185598,0.0176772348856376
"D3","JinHua_39",0,14,4,0.348939460764588,0.386919646263329
"D3","JinHua_4",0,14,4,0.069823447621954,0.0685211745636354
"D3","JinHua_40",0,14,4,0.0330640820239667,0.0374089259779504
"D3","JinHua_41",0,14,4,0.0482207088317637,0.0581421495555815
"D3","JinHua_43",0,14,4,0.100086443559424,0.10044421740648
"D3","JinHua_50",0,14,4,0.141471159895481,0.128036987419791
"D3","JinHua_59",0,14,4,0.1192350088452,0.165154152004126
"D3","JinHua_68",0,14,4,0.1192350088452,0.119124419587324
"D3","JinHua_75",0,14,4,0.0482207088317637,0.0521422643735827
"D3","JinHua_76",0,14,4,0.0399592850746311,0.0466572211995475
"D3","JinHua_80",0,14,4,0.196236528583287,0.154215969865608
"D3","JinHua_82",0,14,4,0.069823447621954,0.08147884314623
"D3","JinHua_91",1,14,4,0.1192350088452,0.108915083763069
"D3","SSR_115",0,14,4,0.0482207088317637,0.0507012265887132
"D3","SSR_131",0,14,4,0.141471159895481,0.162584526586612
"D3","SSR_132",0,14,4,0.141471159895481,0.160308833104769
"D3","SSR_15",0,14,4,0.0580868064637438,0.0533754493227278
"D3","SSR_161",0,14,4,0.196236528583287,0.191734321095496
"D3","SSR_172",0,14,4,0.069823447621954,0.06288501276068
"D3","SSR_174",0,14,4,0.141471159895481,0.14709255012628
"D3","SSR_179",0,14,4,0.069823447621954,0.0777153320984836
"D3","SSR_182",0,14,4,0.588833684287915,0.578310638570842
"D3","SSR_2",0,14,4,0.16706754509864,0.169571892977783
"D3","SSR_20",0,14,4,0.0482207088317637,0.0487739188420169
"D3","SSR_23",0,14,4,0.0580868064637438,0.0596036000124258
"D3","SSR_26",0,14,4,0.1192350088452,0.0994335936564895
"D3","SSR_34",0,14,4,0.100086443559424,0.11948092100093
"D3","SSR_36",1,14,4,0.0837207365096265,0.146194814154394
"D3","SSR_44",1,14,4,0.069823447621954,0.0489931609429508
"D3","SSR_51",0,14,4,0.1192350088452,0.0862818710020518
"D3","SSR_64",0,14,4,0.141471159895481,0.119283672718888
"D3","SSR_69",1,14,4,0.1192350088452,0.0710888574614745
"D3","SSR_70",0,14,4,0.0837207365096265,0.0701704749147155
"D3","SSR_74",0,14,4,0.0580868064637438,0.0433223094459996
"D3","SSR_8",0,14,4,0.069823447621954,0.0912149259332619
"D3","SSR_90",0,14,4,0.0399592850746311,0.0364036598759995
"D3","SSR_99",0,14,4,0.100086443559424,0.102961745208127
"D3","JinHua_1",0,14,5,0.0526202661481045,0.0526225284050726
"D3","JinHua_108",0,14,5,0.07383575306976,0.0738376239200855
"D3","JinHua_11",0,14,5,0.0871840043349523,0.0871854644515826
"D3","JinHua_119",0,14,5,0.0871840043349523,0.0871854644515826
"D3","JinHua_131",0,14,5,0.0623914909059304,0.0623936184470229
"D3","JinHua_137",0,14,5,0.0871840043349523,0.0871854644515826
"D3","JinHua_141",0,14,5,0.0871840043349523,0.0871854644515826
"D3","JinHua_15",0,14,5,0.07383575306976,0.0738376239200855
"D3","JinHua_150",0,14,5,0.0312894800374421,0.0312916749296687
"D3","JinHua_151",0,14,5,0.0526202661481045,0.0526225284050726
"D3","JinHua_155",0,14,5,0.0526202661481045,0.0526225284050726
"D3","JinHua_156",1,14,5,0.0871840043349523,0.0871854644515826
"D3","JinHua_167",0,14,5,0.0312894800374421,0.0312916749296687
"D3","JinHua_171",0,14,5,0.0871840043349523,0.0871854644515826
"D3","JinHua_176",0,14,5,0.0871840043349523,0.0871854644515826
"D3","JinHua_210",0,14,5,0.07383575306976,0.0738376239200855
"D3","JinHua_22",0,14,5,0.0871840043349523,0.0871854644515826
"D3","JinHua_225",1,14,5,0.410749552252113,0.410730003057593
"D3","JinHua_27",1,14,5,0.0871840043349523,0.0871854644515826
"D3","JinHua_29",0,14,5,0.102677863937,0.102678724136518
"D3","JinHua_3",0,14,5,0.0871840043349523,0.0871854644515826
"D3","JinHua_36",1,14,5,0.16441571561328,0.164413284508612
"D3","JinHua_38",0,14,5,0.367824131390543,0.367807445183762
"D3","JinHua_46",0,14,5,0.04430701332326,0.0443093164578508
"D3","JinHua_56",0,14,5,0.0312894800374421,0.0312916749296687
"D3","JinHua_60",1,14,5,0.0623914909059304,0.0623936184470229
"D3","JinHua_66",0,14,5,0.07383575306976,0.0738376239200855
"D3","JinHua_7",0,14,5,0.04430701332326,0.0443093164578508
"D3","JinHua_74",0,14,5,0.04430701332326,0.0443093164578508
"D3","JinHua_77",0,14,5,0.0871840043349523,0.0871854644515826
"D3","JinHua_78",0,14,5,0.04430701332326,0.0443093164578508
"D3","JinHua_83",1,14,5,0.16441571561328,0.164413284508612
"D3","JinHua_87",0,14,5,0.141070361538222,0.141069309162002
"D3","JinHua_9",0,14,5,0.0526202661481045,0.0526225284050726
"D3","JinHua_93",1,14,5,0.288444062818092,0.288433033380214
"D3","JinHua_96",0,14,5,0.141070361538222,0.141069309162002
"D3","SSR_10",0,14,5,0.288444062818092,0.288433033380214
"D3","SSR_101",0,14,5,0.0871840043349523,0.0871854644515826
"D3","SSR_111",0,14,5,0.141070361538222,0.141069309162002
"D3","SSR_12",0,14,5,0.0871840043349523,0.0871854644515826
"D3","SSR_120",0,14,5,0.102677863937,0.102678724136518
"D3","SSR_121",0,14,5,0.0871840043349523,0.0871854644515826
"D3","SSR_124",0,14,5,0.0871840043349523,0.0871854644515826
"D3","SSR_130",0,14,5,0.16441571561328,0.164413284508612
"D3","SSR_135",0,14,5,0.04430701332326,0.0443093164578508
"D3","SSR_159",0,14,5,0.0623914909059304,0.0623936184470229
"D3","SSR_16",0,14,5,0.141070361538222,0.141069309162002
"D3","SSR_163",0,14,5,0.0526202661481045,0.0526225284050726
"D3","SSR_166",0,14,5,0.120561536273503,0.12056157078852
"D3","SSR_17",0,14,5,0.037255487888154,0.0372577619748967
"D3","SSR_175",0,14,5,0.102677863937,0.102678724136518
"D3","SSR_19",0,14,5,0.19076638572638,0.190762262938101
"D3","SSR_21",0,14,5,0.037255487888154,0.0372577619748967
"D3","SSR_28",0,14,5,0.0623914909059304,0.0623936184470229
"D3","SSR_3",0,14,5,0.04430701332326,0.0443093164578508
"D3","SSR_37",0,14,5,0.0623914909059304,0.0623936184470229
"D3","SSR_38",0,14,5,0.288444062818092,0.288433033380214
"D3","SSR_4",0,14,5,0.141070361538222,0.141069309162002
"D3","SSR_40",0,14,5,0.0526202661481045,0.0526225284050726
"D3","SSR_46",0,14,5,0.0871840043349523,0.0871854644515826
"D3","SSR_47",0,14,5,0.252816300864654,0.252807851820167
"D3","SSR_54",0,14,5,0.19076638572638,0.190762262938101
"D3","SSR_55",0,14,5,0.102677863937,0.102678724136518
"D3","SSR_6",0,14,5,0.141070361538222,0.141069309162002
"D3","SSR_63",0,14,5,0.04430701332326,0.0443093164578508
"D3","SSR_75",0,14,5,0.220227174511958,0.22022104093716
"D3","SSR_78",0,14,5,0.0623914909059304,0.0623936184470229
"D3","SSR_81",0,14,5,0.037255487888154,0.0372577619748967
"D3","SSR_83",0,14,5,0.120561536273503,0.12056157078852
"D3","JinHua_104",0,15,1,0.174636179441024,0.174627803543167
"D3","JinHua_108",0,15,1,0.0673668936651051,0.0673729558956663
"D3","JinHua_112",0,15,1,0.333293049027504,0.333252655431147
"D3","JinHua_113",0,15,1,0.0448839033872062,0.0448906910616244
"D3","JinHua_114",0,15,1,0.0240659530008664,0.0240718507659903
"D3","JinHua_122",0,15,1,0.0999335898457191,0.0999367062004872
"D3","JinHua_123",1,15,1,0.0673668936651051,0.0673729558956663
"D3","JinHua_13",0,15,1,0.487881067000326,0.487812471293795
"D3","JinHua_134",0,15,1,0.0673668936651051,0.0673729558956663
"D3","JinHua_144",1,15,1,0.1209978103014,0.120998206698023
"D3","JinHua_156",1,15,1,0.0821934946420344,0.0821984408711113
"D3","JinHua_165",0,15,1,0.0296656998434651,0.0296720379717132
"D3","JinHua_167",0,15,1,0.0240659530008664,0.0240718507659903
"D3","JinHua_170",1,15,1,0.333293049027504,0.333252655431147
"D3","JinHua_172",0,15,1,0.0240659530008664,0.0240718507659903
"D3","JinHua_177",0,15,1,0.0821934946420344,0.0821984408711113
"D3","JinHua_191",0,15,1,0.0448839033872062,0.0448906910616244
"D3","JinHua_203",0,15,1,0.0999335898457191,0.0999367062004872
"D3","JinHua_204",0,15,1,0.207810882160169,0.207796225877318
"D3","JinHua_207",0,15,1,0.0999335898457191,0.0999367062004872
"D3","JinHua_21",0,15,1,0.0821934946420344,0.0821984408711113
"D3","JinHua_219",0,15,1,0.0365196572715649,0.0365263165095136
"D3","JinHua_220",0,15,1,0.207810882160169,0.207796225877318
"D3","JinHua_26",0,15,1,0.0365196572715649,0.0365263165095136
"D3","JinHua_3",0,15,1,0.0821934946420344,0.0821984408711113
"D3","JinHua_43",0,15,1,0.0999335898457191,0.0999367062004872
"D3","JinHua_51",0,15,1,0.287352707231608,0.28732181318833
"D3","JinHua_52",0,15,1,0.287352707231608,0.28732181318833
"D3","JinHua_64",0,15,1,0.0550543817519735,0.0550610100899155
"D3","JinHua_65",0,15,1,0.1209978103014,0.120998206698023
"D3","JinHua_69",0,15,1,0.0448839033872062,0.0448906910616244
"D3","JinHua_78",0,15,1,0.0365196572715649,0.0365263165095136
"D3","JinHua_8",0,15,1,0.0365196572715649,0.0365263165095136
"D3","JinHua_95",0,15,1,0.0365196572715649,0.0365263165095136
"D3","SSR_1",0,15,1,0.0673668936651051,0.0673729558956663
"D3","SSR_115",0,15,1,0.0448839033872062,0.0448906910616244
"D3","SSR_117",0,15,1,0.0550543817519735,0.0550610100899155
"D3","SSR_124",0,15,1,0.0821934946420344,0.0821984408711113
"D3","SSR_130",0,15,1,0.174636179441024,0.174627803543167
"D3","SSR_145",0,15,1,0.207810882160169,0.207796225877318
"D3","SSR_152",0,15,1,0.0999335898457191,0.0999367062004872
"D3","SSR_158",1,15,1,0.1209978103014,0.120998206698023
"D3","SSR_162",0,15,1,0.0999335898457191,0.0999367062004872
"D3","SSR_165",0,15,1,0.1209978103014,0.120998206698023
"D3","SSR_167",0,15,1,0.0296656998434651,0.0296720379717132
"D3","SSR_169",0,15,1,0.0821934946420344,0.0821984408711113
"D3","SSR_18",0,15,1,0.434519995225052,0.434460134280258
"D3","SSR_183",1,15,1,0.692387682957715,0.692302860466843
"D3","SSR_2",0,15,1,0.174636179441024,0.174627803543167
"D3","SSR_20",0,15,1,0.0448839033872062,0.0448906910616244
"D3","SSR_24",0,15,1,0.0365196572715649,0.0365263165095136
"D3","SSR_26",0,15,1,0.1209978103014,0.120998206698023
"D3","SSR_29",0,15,1,0.0673668936651051,0.0673729558956663
"D3","SSR_3",0,15,1,0.0365196572715649,0.0365263165095136
"D3","SSR_36",1,15,1,0.0821934946420344,0.0821984408711113
"D3","SSR_42",0,15,1,0.0673668936651051,0.0673729558956663
"D3","SSR_46",0,15,1,0.0821934946420344,0.0821984408711113
"D3","SSR_47",0,15,1,0.287352707231608,0.28732181318833
"D3","SSR_5",0,15,1,0.0999335898457191,0.0999367062004872
"D3","SSR_50",0,15,1,0.1209978103014,0.120998206698023
"D3","SSR_54",0,15,1,0.207810882160169,0.207796225877318
"D3","SSR_55",0,15,1,0.0999335898457191,0.0999367062004872
"D3","SSR_56",0,15,1,0.0673668936651051,0.0673729558956663
"D3","SSR_57",0,15,1,0.0999335898457191,0.0999367062004872
"D3","SSR_58",0,15,1,0.145782856901292,0.145779470696399
"D3","SSR_6",0,15,1,0.145782856901292,0.145779470696399
"D3","SSR_68",0,15,1,0.174636179441024,0.174627803543167
"D3","SSR_71",0,15,1,0.145782856901292,0.145779470696399
"D3","SSR_73",0,15,1,0.0673668936651051,0.0673729558956663
"D3","SSR_78",0,15,1,0.0550543817519735,0.0550610100899155
"D3","SSR_80",1,15,1,0.0448839033872062,0.0448906910616244
"D3","JinHua_102",0,15,2,0.0593718599561562,0.0593726367274411
"D3","JinHua_11",0,15,2,0.0921456611639344,0.0921460822451408
"D3","JinHua_120",0,15,2,0.106274311787262,0.1062745088808
"D3","JinHua_145",0,15,2,0.0511219872234248,0.0511228054381828
"D3","JinHua_146",0,15,2,0.106274311787262,0.1062745088808
"D3","JinHua_15",0,15,2,0.0797277824759009,0.0797283688600223
"D3","JinHua_159",0,15,2,0.0439648756590764,0.0439657089820758
"D3","JinHua_16",0,15,2,0.207891013630512,0.207888919482218
"D3","JinHua_163",0,15,2,0.0797277824759009,0.0797283688600223
"D3","JinHua_169",0,15,2,0.0377698799827403,0.0377707080447585
"D3","JinHua_173",1,15,2,0.296781628833496,0.296777122462464
"D3","JinHua_179",1,15,2,0.183019417168081,0.183017958024456
"D3","JinHua_180",0,15,2,0.0511219872234248,0.0511228054381828
"D3","JinHua_181",0,15,2,0.106274311787262,0.1062745088808
"D3","JinHua_182",0,15,2,0.0688564561423516,0.0688571582350873
"D3","JinHua_186",0,15,2,0.0688564561423516,0.0688571582350873
"D3","JinHua_193",0,15,2,0.0377698799827403,0.0377707080447585
"D3","JinHua_198",0,15,2,0.0921456611639344,0.0921460822451408
"D3","JinHua_201",0,15,2,0.0439648756590764,0.0439657089820758
"D3","JinHua_206",0,15,2,0.0511219872234248,0.0511228054381828
"D3","JinHua_208",0,15,2,0.0688564561423516,0.0688571582350873
"D3","JinHua_209",0,15,2,0.0511219872234248,0.0511228054381828
"D3","JinHua_210",0,15,2,0.0797277824759009,0.0797283688600223
"D3","JinHua_211",0,15,2,0.106274311787262,0.1062745088808
"D3","JinHua_223",0,15,2,0.0688564561423516,0.0688571582350873
"D3","JinHua_29",0,15,2,0.106274311787262,0.1062745088808
"D3","JinHua_34",0,15,2,0.0688564561423516,0.0688571582350873
"D3","JinHua_39",0,15,2,0.296781628833496,0.296777122462464
"D3","JinHua_4",0,15,2,0.0797277824759009,0.0797283688600223
"D3","JinHua_40",0,15,2,0.0439648756590764,0.0439657089820758
"D3","JinHua_5",0,15,2,0.0439648756590764,0.0439657089820758
"D3","JinHua_50",0,15,2,0.140312221174547,0.140311757761352
"D3","JinHua_54",0,15,2,0.0921456611639344,0.0921460822451408
"D3","JinHua_57",0,15,2,0.140312221174547,0.140311757761352
"D3","JinHua_62",0,15,2,0.0377698799827403,0.0377707080447585
"D3","JinHua_7",0,15,2,0.0511219872234248,0.0511228054381828
"D3","JinHua_73",0,15,2,0.106274311787262,0.1062745088808
"D3","JinHua_74",0,15,2,0.0511219872234248,0.0511228054381828
"D3","JinHua_79",0,15,2,0.0377698799827403,0.0377707080447585
"D3","JinHua_80",0,15,2,0.183019417168081,0.183017958024456
"D3","JinHua_82",0,15,2,0.0797277824759009,0.0797283688600223
"D3","JinHua_83",1,15,2,0.160520401118681,0.160519484766059
"D3","JinHua_88",0,15,2,0.122277520776056,0.122277425970976
"D3","JinHua_9",0,15,2,0.0593718599561562,0.0593726367274411
"D3","JinHua_93",1,15,2,0.264830923017917,0.264827295079083
"D3","JinHua_94",0,15,2,0.160520401118681,0.160519484766059
"D3","JinHua_96",0,15,2,0.140312221174547,0.140311757761352
"D3","JinHua_99",0,15,2,0.0921456611639344,0.0921460822451408
"D3","SSR_106",0,15,2,0.0688564561423516,0.0688571582350873
"D3","SSR_11",1,15,2,0.0921456611639344,0.0921460822451408
"D3","SSR_120",0,15,2,0.106274311787262,0.1062745088808
"D3","SSR_121",0,15,2,0.0921456611639344,0.0921460822451408
"D3","SSR_143",1,15,2,0.264830923017917,0.264827295079083
"D3","SSR_15",0,15,2,0.0688564561423516,0.0688571582350873
"D3","SSR_151",0,15,2,0.207891013630512,0.207888919482218
"D3","SSR_16",0,15,2,0.140312221174547,0.140311757761352
"D3","SSR_161",0,15,2,0.183019417168081,0.183017958024456
"D3","SSR_163",0,15,2,0.0593718599561562,0.0593726367274411
"D3","SSR_177",0,15,2,0.0921456611639344,0.0921460822451408
"D3","SSR_182",0,15,2,0.482262299620311,0.482253214912108
"D3","SSR_28",0,15,2,0.0688564561423516,0.0688571582350873
"D3","SSR_38",0,15,2,0.264830923017917,0.264827295079083
"D3","SSR_39",0,15,2,0.106274311787262,0.1062745088808
"D3","SSR_40",0,15,2,0.0593718599561562,0.0593726367274411
"D3","SSR_66",0,15,2,0.0797277824759009,0.0797283688600223
"D3","SSR_7",0,15,2,0.0688564561423516,0.0688571582350873
"D3","SSR_76",1,15,2,0.207891013630512,0.207888919482218
"D3","SSR_77",0,15,2,0.140312221174547,0.140311757761352
"D3","SSR_83",0,15,2,0.122277520776056,0.122277425970976
"D3","SSR_9",0,15,2,0.122277520776056,0.122277425970976
"D3","JinHua_10",1,15,3,0.0798267732363773,0.0798327337085735
"D3","JinHua_100",0,15,3,0.0659337573969748,0.0659407116997591
"D3","JinHua_103",0,15,3,0.268676797310854,0.268649042642464
"D3","JinHua_116",0,15,3,0.268676797310854,0.268649042642464
"D3","JinHua_119",0,15,3,0.0798267732363773,0.0798327337085735
"D3","JinHua_12",0,15,3,0.0963452584299505,0.0963495568953547
"D3","JinHua_121",1,15,3,0.0798267732363773,0.0798327337085735
"D3","JinHua_128",0,15,3,0.0446474000256846,0.0446549272073071
"D3","JinHua_131",0,15,3,0.0543159500774876,0.0543233824130478
"D3","JinHua_132",0,15,3,0.0200738421012327,0.0200798139099547
"D3","JinHua_135",0,15,3,0.138700953332457,0.138699260341546
"D3","JinHua_136",0,15,3,0.0543159500774876,0.0543233824130478
"D3","JinHua_141",0,15,3,0.0798267732363773,0.0798327337085735
"D3","JinHua_151",0,15,3,0.0446474000256846,0.0446549272073071
"D3","JinHua_152",0,15,3,0.0798267732363773,0.0798327337085735
"D3","JinHua_157",0,15,3,0.0446474000256846,0.0446549272073071
"D3","JinHua_158",0,15,3,0.0300124184125344,0.0300194059799942
"D3","JinHua_162",0,15,3,0.0446474000256846,0.0446549272073071
"D3","JinHua_166",0,15,3,0.0543159500774876,0.0543233824130478
"D3","JinHua_17",0,15,3,0.0446474000256846,0.0446549272073071
"D3","JinHua_174",0,15,3,0.0659337573969748,0.0659407116997591
"D3","JinHua_183",0,15,3,0.0543159500774876,0.0543233824130478
"D3","JinHua_185",0,15,3,0.0300124184125344,0.0300194059799942
"D3","JinHua_194",0,15,3,0.0798267732363773,0.0798327337085735
"D3","JinHua_199",1,15,3,0.0446474000256846,0.0446549272073071
"D3","JinHua_2",0,15,3,0.0798267732363773,0.0798327337085735
"D3","JinHua_212",0,15,3,0.0659337573969748,0.0659407116997591
"D3","JinHua_215",0,15,3,0.0798267732363773,0.0798327337085735
"D3","JinHua_22",0,15,3,0.0798267732363773,0.0798327337085735
"D3","JinHua_221",0,15,3,0.0446474000256846,0.0446549272073071
"D3","JinHua_222",0,15,3,0.0659337573969748,0.0659407116997591
"D3","JinHua_224",0,15,3,0.0963452584299505,0.0963495568953547
"D3","JinHua_225",1,15,3,0.455971553793771,0.455904989080798
"D3","JinHua_23",0,15,3,0.0543159500774876,0.0543233824130478
"D3","JinHua_24",0,15,3,0.195645781743556,0.195633552218601
"D3","JinHua_31",0,15,3,0.268676797310854,0.268649042642464
"D3","JinHua_33",0,15,3,0.0446474000256846,0.0446549272073071
"D3","JinHua_35",0,15,3,0.0659337573969748,0.0659407116997591
"D3","JinHua_41",0,15,3,0.0446474000256846,0.0446549272073071
"D3","JinHua_55",0,15,3,0.0798267732363773,0.0798327337085735
"D3","JinHua_61",0,15,3,0.0963452584299505,0.0963495568953547
"D3","JinHua_63",0,15,3,0.138700953332457,0.138699260341546
"D3","JinHua_66",0,15,3,0.0659337573969748,0.0659407116997591
"D3","JinHua_68",0,15,3,0.115851547208798,0.115853349949934
"D3","JinHua_75",0,15,3,0.0446474000256846,0.0446549272073071
"D3","JinHua_76",0,15,3,0.0366332381362003,0.0366405874656022
"D3","JinHua_86",0,15,3,0.0366332381362003,0.0366405874656022
"D3","SSR_105",0,15,3,0.0659337573969748,0.0659407116997591
"D3","SSR_108",0,15,3,0.0366332381362003,0.0366405874656022
"D3","SSR_129",0,15,3,0.0659337573969748,0.0659407116997591
"D3","SSR_140",0,15,3,0.0659337573969748,0.0659407116997591
"D3","SSR_144",1,15,3,0.0366332381362003,0.0366405874656022
"D3","SSR_150",0,15,3,0.0963452584299505,0.0963495568953547
"D3","SSR_166",0,15,3,0.115851547208798,0.115853349949934
"D3","SSR_181",0,15,3,0.195645781743556,0.195633552218601
"D3","SSR_22",0,15,3,0.115851547208798,0.115853349949934
"D3","SSR_25",0,15,3,0.0245576934232302,0.0245642044242847
"D3","SSR_27",0,15,3,0.138700953332457,0.138699260341546
"D3","SSR_30",0,15,3,0.0543159500774876,0.0543233824130478
"D3","SSR_32",0,15,3,0.0798267732363773,0.0798327337085735
"D3","SSR_34",0,15,3,0.0963452584299505,0.0963495568953547
"D3","SSR_4",0,15,3,0.138700953332457,0.138699260341546
"D3","SSR_41",0,15,3,0.0963452584299505,0.0963495568953547
"D3","SSR_43",0,15,3,0.0446474000256846,0.0446549272073071
"D3","SSR_44",1,15,3,0.0659337573969748,0.0659407116997591
"D3","SSR_52",0,15,3,0.0543159500774876,0.0543233824130478
"D3","SSR_60",0,15,3,0.138700953332457,0.138699260341546
"D3","SSR_64",0,15,3,0.138700953332457,0.138699260341546
"D3","SSR_69",1,15,3,0.115851547208798,0.115853349949934
"D3","SSR_81",0,15,3,0.0300124184125344,0.0300194059799942
"D3","JinHua_101",0,15,4,0.101795743636097,0.101796686255563
"D3","JinHua_105",0,15,4,0.0868342681912564,0.0868357955319452
"D3","JinHua_111",0,15,4,0.0738908639065036,0.073892794630125
"D3","JinHua_118",0,15,4,0.118999137007141,0.118999279279421
"D3","JinHua_129",0,15,4,0.0380394279945479,0.0380417708152173
"D3","JinHua_133",0,15,4,0.0738908639065036,0.073892794630125
"D3","JinHua_137",0,15,4,0.0868342681912564,0.0868357955319452
"D3","JinHua_147",0,15,4,0.0321135378997208,0.0321158062079984
"D3","JinHua_150",0,15,4,0.0321135378997208,0.0321158062079984
"D3","JinHua_153",0,15,4,0.245176025695612,0.245167993195788
"D3","JinHua_160",0,15,4,0.160978072826277,0.160975837872396
"D3","JinHua_161",0,15,4,0.062744221462551,0.0627464071380001
"D3","JinHua_168",0,15,4,0.0531825195207201,0.0531848418175826
"D3","JinHua_171",0,15,4,0.0868342681912564,0.0868357955319452
"D3","JinHua_178",0,15,4,0.138661063072462,0.138660155949534
"D3","JinHua_18",0,15,4,0.0868342681912564,0.0868357955319452
"D3","JinHua_188",0,15,4,0.0531825195207201,0.0531848418175826
"D3","JinHua_190",0,15,4,0.138661063072462,0.138660155949534
"D3","JinHua_20",0,15,4,0.062744221462551,0.0627464071380001
"D3","JinHua_205",0,15,4,0.0738908639065036,0.073892794630125
"D3","JinHua_213",0,15,4,0.0738908639065036,0.073892794630125
"D3","JinHua_216",0,15,4,0.138661063072462,0.138660155949534
"D3","JinHua_25",1,15,4,0.160978072826277,0.160975837872396
"D3","JinHua_27",1,15,4,0.0868342681912564,0.0868357955319452
"D3","JinHua_37",0,15,4,0.0868342681912564,0.0868357955319452
"D3","JinHua_44",0,15,4,0.118999137007141,0.118999279279421
"D3","JinHua_45",0,15,4,0.062744221462551,0.0627464071380001
"D3","JinHua_46",0,15,4,0.0450079695138427,0.0450103366310685
"D3","JinHua_49",0,15,4,0.0738908639065036,0.073892794630125
"D3","JinHua_56",0,15,4,0.0321135378997208,0.0321158062079984
"D3","JinHua_59",0,15,4,0.118999137007141,0.118999279279421
"D3","JinHua_72",0,15,4,0.101795743636097,0.101796686255563
"D3","JinHua_77",0,15,4,0.0868342681912564,0.0868357955319452
"D3","JinHua_87",0,15,4,0.138661063072462,0.138660155949534
"D3","JinHua_89",0,15,4,0.0531825195207201,0.0531848418175826
"D3","JinHua_90",0,15,4,0.0380394279945479,0.0380417708152173
"D3","JinHua_91",1,15,4,0.118999137007141,0.118999279279421
"D3","JinHua_92",0,15,4,0.0321135378997208,0.0321158062079984
"D3","SSR_10",0,15,4,0.27908168745187,0.279071153709976
"D3","SSR_101",0,15,4,0.0868342681912564,0.0868357955319452
"D3","SSR_102",0,15,4,0.0380394279945479,0.0380417708152173
"D3","SSR_111",0,15,4,0.138661063072462,0.138660155949534
"D3","SSR_12",0,15,4,0.0868342681912564,0.0868357955319452
"D3","SSR_125",0,15,4,0.160978072826277,0.160975837872396
"D3","SSR_127",0,15,4,0.0868342681912564,0.0868357955319452
"D3","SSR_128",0,15,4,0.0380394279945479,0.0380417708152173
"D3","SSR_13",0,15,4,0.118999137007141,0.118999279279421
"D3","SSR_131",0,15,4,0.138661063072462,0.138660155949534
"D3","SSR_135",0,15,4,0.0450079695138427,0.0450103366310685
"D3","SSR_139",0,15,4,0.118999137007141,0.118999279279421
"D3","SSR_14",1,15,4,0.0738908639065036,0.073892794630125
"D3","SSR_154",1,15,4,0.138661063072462,0.138660155949534
"D3","SSR_157",0,15,4,0.160978072826277,0.160975837872396
"D3","SSR_159",0,15,4,0.062744221462551,0.0627464071380001
"D3","SSR_170",0,15,4,0.138661063072462,0.138660155949534
"D3","SSR_172",0,15,4,0.0738908639065036,0.073892794630125
"D3","SSR_173",1,15,4,0.18611083140772,0.186106968907528
"D3","SSR_19",0,15,4,0.18611083140772,0.186106968907528
"D3","SSR_37",0,15,4,0.062744221462551,0.0627464071380001
"D3","SSR_51",0,15,4,0.118999137007141,0.118999279279421
"D3","SSR_59",1,15,4,0.27908168745187,0.279071153709976
"D3","SSR_61",0,15,4,0.214165859558767,0.214160061391774
"D3","SSR_62",0,15,4,0.118999137007141,0.118999279279421
"D3","SSR_63",0,15,4,0.0450079695138427,0.0450103366310685
"D3","SSR_67",0,15,4,0.0380394279945479,0.0380417708152173
"D3","SSR_70",0,15,4,0.0868342681912564,0.0868357955319452
"D3","SSR_74",0,15,4,0.062744221462551,0.0627464071380001
"D3","SSR_94",0,15,4,0.062744221462551,0.0627464071380001
"D3","SSR_99",0,15,4,0.101795743636097,0.101796686255563
"D3","JinHua_1",0,15,5,0.0473715402846162,0.0473752333770188
"D3","JinHua_106",0,15,5,0.0473715402846162,0.0473752333770188
"D3","JinHua_107",0,15,5,0.0683712811594178,0.0683745539480773
"D3","JinHua_110",0,15,5,0.0393235441835945,0.0393272110379097
"D3","JinHua_115",1,15,5,0.384317732353419,0.384290257150528
"D3","JinHua_117",0,15,5,0.0473715402846162,0.0473752333770188
"D3","JinHua_124",0,15,5,0.0473715402846162,0.0473752333770188
"D3","JinHua_126",0,15,5,0.0683712811594178,0.0683745539480773
"D3","JinHua_138",1,15,5,0.081857657861839,0.0818603750271708
"D3","JinHua_139",0,15,5,0.056968972209091,0.0569725506651286
"D3","JinHua_14",0,15,5,0.081857657861839,0.0818603750271708
"D3","JinHua_140",0,15,5,0.056968972209091,0.0569725506651286
"D3","JinHua_143",0,15,5,0.116279019184366,0.116279604754881
"D3","JinHua_148",0,15,5,0.081857657861839,0.0818603750271708
"D3","JinHua_149",0,15,5,0.0683712811594178,0.0683745539480773
"D3","JinHua_155",0,15,5,0.0473715402846162,0.0473752333770188
"D3","JinHua_175",0,15,5,0.0393235441835945,0.0393272110379097
"D3","JinHua_176",0,15,5,0.081857657861839,0.0818603750271708
"D3","JinHua_184",0,15,5,0.0325960455881571,0.0325995866123937
"D3","JinHua_189",0,15,5,0.0473715402846162,0.0473752333770188
"D3","JinHua_19",0,15,5,0.0473715402846162,0.0473752333770188
"D3","JinHua_192",0,15,5,0.13781735715442,0.137816224940055
"D3","JinHua_195",0,15,5,0.0325960455881571,0.0325995866123937
"D3","JinHua_197",0,15,5,0.0473715402846162,0.0473752333770188
"D3","JinHua_200",0,15,5,0.056968972209091,0.0569725506651286
"D3","JinHua_214",0,15,5,0.0977252012211816,0.0977270463497984
"D3","JinHua_217",0,15,5,0.0325960455881571,0.0325995866123937
"D3","JinHua_218",0,15,5,0.0473715402846162,0.0473752333770188
"D3","JinHua_28",0,15,5,0.0269871598607815,0.0269905084620971
"D3","JinHua_30",0,15,5,0.0683712811594178,0.0683745539480773
"D3","JinHua_32",1,15,5,0.190877883264418,0.190871708273388
"D3","JinHua_36",1,15,5,0.162611131982755,0.162607761068774
"D3","JinHua_38",0,15,5,0.384317732353419,0.384290257150528
"D3","JinHua_42",0,15,5,0.056968972209091,0.0569725506651286
"D3","JinHua_48",0,15,5,0.0683712811594178,0.0683745539480773
"D3","JinHua_53",0,15,5,0.0269871598607815,0.0269905084620971
"D3","JinHua_6",0,15,5,0.0269871598607815,0.0269905084620971
"D3","JinHua_60",1,15,5,0.056968972209091,0.0569725506651286
"D3","JinHua_67",0,15,5,0.13781735715442,0.137816224940055
"D3","JinHua_70",0,15,5,0.116279019184366,0.116279604754881
"D3","JinHua_81",0,15,5,0.056968972209091,0.0569725506651286
"D3","JinHua_84",1,15,5,0.0683712811594178,0.0683745539480773
"D3","JinHua_97",0,15,5,0.081857657861839,0.0818603750271708
"D3","SSR_103",0,15,5,0.528113158625457,0.528072836510158
"D3","SSR_114",0,15,5,0.0473715402846162,0.0473752333770188
"D3","SSR_118",0,15,5,0.0393235441835945,0.0393272110379097
"D3","SSR_132",0,15,5,0.13781735715442,0.137816224940055
"D3","SSR_134",0,15,5,0.0977252012211816,0.0977270463497984
"D3","SSR_146",0,15,5,0.081857657861839,0.0818603750271708
"D3","SSR_164",0,15,5,0.056968972209091,0.0569725506651286
"D3","SSR_17",0,15,5,0.0325960455881571,0.0325995866123937
"D3","SSR_171",0,15,5,0.0977252012211816,0.0977270463497984
"D3","SSR_174",0,15,5,0.13781735715442,0.137816224940055
"D3","SSR_175",0,15,5,0.0977252012211816,0.0977270463497984
"D3","SSR_179",0,15,5,0.0683712811594178,0.0683745539480773
"D3","SSR_21",0,15,5,0.0325960455881571,0.0325995866123937
"D3","SSR_23",0,15,5,0.056968972209091,0.0569725506651286
"D3","SSR_31",0,15,5,0.0393235441835945,0.0393272110379097
"D3","SSR_33",0,15,5,0.0473715402846162,0.0473752333770188
"D3","SSR_35",1,15,5,0.0683712811594178,0.0683745539480773
"D3","SSR_48",0,15,5,0.0683712811594178,0.0683745539480773
"D3","SSR_53",0,15,5,0.081857657861839,0.0818603750271708
"D3","SSR_65",0,15,5,0.13781735715442,0.137816224940055
"D3","SSR_75",0,15,5,0.222751197464457,0.222741638973921
"D3","SSR_79",0,15,5,0.116279019184366,0.116279604754881
"D3","SSR_8",0,15,5,0.0683712811594178,0.0683745539480773
"D3","SSR_90",0,15,5,0.0393235441835945,0.0393272110379097
"D3","SSR_95",0,15,5,0.190877883264418,0.190871708273388
"D3","SSR_98",0,15,5,0.0683712811594178,0.0683745539480773
"D3","JinHua_1",0,16,1,0.0423811275393496,0.0423892689521416
"D3","JinHua_108",0,16,1,0.0634331779723869,0.0634407838763963
"D3","JinHua_110",0,16,1,0.0345394484658187,0.0345473479782636
"D3","JinHua_115",1,16,1,0.412918586023335,0.412852870693658
"D3","JinHua_117",0,16,1,0.0423811275393496,0.0423892689521416
"D3","JinHua_124",0,16,1,0.0423811275393496,0.0423892689521416
"D3","JinHua_131",0,16,1,0.0519074268159751,0.0519155131480888
"D3","JinHua_139",0,16,1,0.0519074268159751,0.0519155131480888
"D3","JinHua_143",0,16,1,0.113652399782819,0.113654330928435
"D3","JinHua_145",0,16,1,0.0345394484658187,0.0345473479782636
"D3","JinHua_147",0,16,1,0.0228427009819854,0.0228496087850075
"D3","JinHua_148",0,16,1,0.0773094722616094,0.0773160162574341
"D3","JinHua_158",0,16,1,0.0281061118815494,0.0281135742098115
"D3","JinHua_160",0,16,1,0.164042578012347,0.16403525596511
"D3","JinHua_168",0,16,1,0.0423811275393496,0.0423892689521416
"D3","JinHua_17",0,16,1,0.0423811275393496,0.0423892689521416
"D3","JinHua_174",0,16,1,0.0634331779723869,0.0634407838763963
"D3","JinHua_177",0,16,1,0.0773094722616094,0.0773160162574341
"D3","JinHua_181",0,16,1,0.0939168751061652,0.0939215940600256
"D3","JinHua_19",0,16,1,0.0423811275393496,0.0423892689521416
"D3","JinHua_194",0,16,1,0.0773094722616094,0.0773160162574341
"D3","JinHua_197",0,16,1,0.0423811275393496,0.0423892689521416
"D3","JinHua_203",0,16,1,0.0939168751061652,0.0939215940600256
"D3","JinHua_206",0,16,1,0.0345394484658187,0.0345473479782636
"D3","JinHua_207",0,16,1,0.0939168751061652,0.0939215940600256
"D3","JinHua_210",0,16,1,0.0634331779723869,0.0634407838763963
"D3","JinHua_224",0,16,1,0.0939168751061652,0.0939215940600256
"D3","JinHua_24",0,16,1,0.195337322744646,0.195323227566921
"D3","JinHua_32",1,16,1,0.195337322744646,0.195323227566921
"D3","JinHua_33",0,16,1,0.0423811275393496,0.0423892689521416
"D3","JinHua_39",0,16,1,0.362467718808969,0.362413460022884
"D3","JinHua_4",0,16,1,0.0634331779723869,0.0634407838763963
"D3","JinHua_48",0,16,1,0.0634331779723869,0.0634407838763963
"D3","JinHua_65",0,16,1,0.113652399782819,0.113654330928435
"D3","JinHua_81",0,16,1,0.0519074268159751,0.0519155131480888
"D3","JinHua_89",0,16,1,0.0423811275393496,0.0423892689521416
"D3","JinHua_9",0,16,1,0.0423811275393496,0.0423892689521416
"D3","JinHua_96",0,16,1,0.136908475457942,0.136906453405406
"D3","SSR_108",0,16,1,0.0345394484658187,0.0345473479782636
"D3","SSR_11",1,16,1,0.0773094722616094,0.0773160162574341
"D3","SSR_118",0,16,1,0.0345394484658187,0.0345473479782636
"D3","SSR_120",0,16,1,0.0939168751061652,0.0939215940600256
"D3","SSR_121",0,16,1,0.0773094722616094,0.0773160162574341
"D3","SSR_13",0,16,1,0.113652399782819,0.113654330928435
"D3","SSR_130",0,16,1,0.164042578012347,0.16403525596511
"D3","SSR_131",0,16,1,0.136908475457942,0.136906453405406
"D3","SSR_139",0,16,1,0.113652399782819,0.113654330928435
"D3","SSR_14",1,16,1,0.0634331779723869,0.0634407838763963
"D3","SSR_144",1,16,1,0.0345394484658187,0.0345473479782636
"D3","SSR_150",0,16,1,0.0939168751061652,0.0939215940600256
"D3","SSR_154",1,16,1,0.136908475457942,0.136906453405406
"D3","SSR_159",0,16,1,0.0519074268159751,0.0519155131480888
"D3","SSR_172",0,16,1,0.0634331779723869,0.0634407838763963
"D3","SSR_179",0,16,1,0.0634331779723869,0.0634407838763963
"D3","SSR_181",0,16,1,0.195337322744646,0.195323227566921
"D3","SSR_182",0,16,1,0.622250784286633,0.622152944636185
"D3","SSR_23",0,16,1,0.0519074268159751,0.0519155131480888
"D3","SSR_31",0,16,1,0.0345394484658187,0.0345473479782636
"D3","SSR_35",1,16,1,0.0634331779723869,0.0634407838763963
"D3","SSR_40",0,16,1,0.0423811275393496,0.0423892689521416
"D3","SSR_43",0,16,1,0.0423811275393496,0.0423892689521416
"D3","SSR_44",1,16,1,0.0634331779723869,0.0634407838763963
"D3","SSR_5",0,16,1,0.0939168751061652,0.0939215940600256
"D3","SSR_50",0,16,1,0.113652399782819,0.113654330928435
"D3","SSR_52",0,16,1,0.0519074268159751,0.0519155131480888
"D3","SSR_54",0,16,1,0.195337322744646,0.195323227566921
"D3","SSR_62",0,16,1,0.113652399782819,0.113654330928435
"D3","SSR_7",0,16,1,0.0519074268159751,0.0519155131480888
"D3","SSR_73",0,16,1,0.0634331779723869,0.0634407838763963
"D3","SSR_74",0,16,1,0.0519074268159751,0.0519155131480888
"D3","SSR_83",0,16,1,0.113652399782819,0.113654330928435
"D3","JinHua_10",1,16,2,0.0882599186842472,0.0882610688482824
"D3","JinHua_104",0,16,2,0.16282425603518,0.16282233093459
"D3","JinHua_107",0,16,2,0.0751951895077294,0.0751966774811343
"D3","JinHua_11",0,16,2,0.0882599186842472,0.0882610688482824
"D3","JinHua_111",0,16,2,0.0751951895077294,0.0751966774811343
"D3","JinHua_116",0,16,2,0.247110499703571,0.247103907270369
"D3","JinHua_118",0,16,2,0.120657796069788,0.120657805099386
"D3","JinHua_136",0,16,2,0.0639287740488103,0.0639304796144132
"D3","JinHua_151",0,16,2,0.054251369293505,0.0542531961382816
"D3","JinHua_153",0,16,2,0.247110499703571,0.247103907270369
"D3","JinHua_155",0,16,2,0.054251369293505,0.0542531961382816
"D3","JinHua_159",0,16,2,0.0388956067254206,0.0388974689015608
"D3","JinHua_161",0,16,2,0.0639287740488103,0.0639304796144132
"D3","JinHua_162",0,16,2,0.054251369293505,0.0542531961382816
"D3","JinHua_172",0,16,2,0.0328745855479058,0.0328763951933206
"D3","JinHua_184",0,16,2,0.0388956067254206,0.0388974689015608
"D3","JinHua_185",0,16,2,0.0388956067254206,0.0388974689015608
"D3","JinHua_188",0,16,2,0.054251369293505,0.0542531961382816
"D3","JinHua_189",0,16,2,0.054251369293505,0.0542531961382816
"D3","JinHua_199",1,16,2,0.054251369293505,0.0542531961382816
"D3","JinHua_208",0,16,2,0.0639287740488103,0.0639304796144132
"D3","JinHua_211",0,16,2,0.103340920061605,0.103341586211304
"D3","JinHua_217",0,16,2,0.0388956067254206,0.0388974689015608
"D3","JinHua_219",0,16,2,0.0459669719151574,0.0459688448999661
"D3","JinHua_225",1,16,2,0.397384126782155,0.397368836648901
"D3","JinHua_29",0,16,2,0.103340920061605,0.103341586211304
"D3","JinHua_31",0,16,2,0.247110499703571,0.247103907270369
"D3","JinHua_34",0,16,2,0.0639287740488103,0.0639304796144132
"D3","JinHua_37",0,16,2,0.0882599186842472,0.0882610688482824
"D3","JinHua_40",0,16,2,0.0388956067254206,0.0388974689015608
"D3","JinHua_42",0,16,2,0.0639287740488103,0.0639304796144132
"D3","JinHua_44",0,16,2,0.120657796069788,0.120657805099386
"D3","JinHua_46",0,16,2,0.0459669719151574,0.0459688448999661
"D3","JinHua_56",0,16,2,0.0328745855479058,0.0328763951933206
"D3","JinHua_63",0,16,2,0.140422029337391,0.140421182140852
"D3","JinHua_66",0,16,2,0.0751951895077294,0.0751966774811343
"D3","JinHua_72",0,16,2,0.103340920061605,0.103341586211304
"D3","JinHua_78",0,16,2,0.0459669719151574,0.0459688448999661
"D3","JinHua_80",0,16,2,0.188018680753177,0.188015440143921
"D3","JinHua_87",0,16,2,0.140422029337391,0.140421182140852
"D3","JinHua_88",0,16,2,0.120657796069788,0.120657805099386
"D3","JinHua_97",0,16,2,0.0882599186842472,0.0882610688482824
"D3","SSR_101",0,16,2,0.0882599186842472,0.0882610688482824
"D3","SSR_105",0,16,2,0.0751951895077294,0.0751966774811343
"D3","SSR_135",0,16,2,0.0459669719151574,0.0459688448999661
"D3","SSR_151",0,16,2,0.216105210615166,0.216100411337741
"D3","SSR_152",0,16,2,0.103340920061605,0.103341586211304
"D3","SSR_157",0,16,2,0.16282425603518,0.16282233093459
"D3","SSR_158",1,16,2,0.120657796069788,0.120657805099386
"D3","SSR_17",0,16,2,0.0388956067254206,0.0388974689015608
"D3","SSR_171",0,16,2,0.103340920061605,0.103341586211304
"D3","SSR_19",0,16,2,0.188018680753177,0.188015440143921
"D3","SSR_21",0,16,2,0.0388956067254206,0.0388974689015608
"D3","SSR_22",0,16,2,0.120657796069788,0.120657805099386
"D3","SSR_29",0,16,2,0.0751951895077294,0.0751966774811343
"D3","SSR_33",0,16,2,0.054251369293505,0.0542531961382816
"D3","SSR_39",0,16,2,0.103340920061605,0.103341586211304
"D3","SSR_51",0,16,2,0.120657796069788,0.120657805099386
"D3","SSR_58",0,16,2,0.140422029337391,0.140421182140852
"D3","SSR_59",1,16,2,0.2809697744825,0.280961180688296
"D3","SSR_67",0,16,2,0.0388956067254206,0.0388974689015608
"D3","SSR_68",0,16,2,0.16282425603518,0.16282233093459
"D3","SSR_69",1,16,2,0.120657796069788,0.120657805099386
"D3","SSR_70",0,16,2,0.0882599186842472,0.0882610688482824
"D3","SSR_76",1,16,2,0.216105210615166,0.216100411337741
"D3","SSR_77",0,16,2,0.140422029337391,0.140421182140852
"D3","SSR_79",0,16,2,0.120657796069788,0.120657805099386
"D3","SSR_9",0,16,2,0.120657796069788,0.120657805099386
"D3","SSR_94",0,16,2,0.0639287740488103,0.0639304796144132
"D3","SSR_95",0,16,2,0.188018680753177,0.188015440143921
"D3","JinHua_101",0,16,3,0.105749744168889,0.105749895080546
"D3","JinHua_103",0,16,3,0.230682517089914,0.230680426351632
"D3","JinHua_105",0,16,3,0.0919557954236401,0.091956114835126
"D3","JinHua_106",0,16,3,0.059793108376303,0.0597936994357552
"D3","JinHua_112",0,16,3,0.259342919886129,0.259340228714131
"D3","JinHua_113",0,16,3,0.059793108376303,0.0597936994357552
"D3","JinHua_120",0,16,3,0.105749744168889,0.105749895080546
"D3","JinHua_122",0,16,3,0.105749744168889,0.105749895080546
"D3","JinHua_133",0,16,3,0.0798005603712954,0.0798010049873254
"D3","JinHua_138",1,16,3,0.0919557954236401,0.091956114835126
"D3","JinHua_14",0,16,3,0.0919557954236401,0.091956114835126
"D3","JinHua_140",0,16,3,0.069129750468462,0.0691302835662871
"D3","JinHua_149",0,16,3,0.0798005603712954,0.0798010049873254
"D3","JinHua_150",0,16,3,0.0384039552983255,0.0384045905601017
"D3","JinHua_157",0,16,3,0.059793108376303,0.0597936994357552
"D3","JinHua_16",0,16,3,0.204315696510057,0.204314143719769
"D3","JinHua_165",0,16,3,0.0445589865857961,0.0445596240260426
"D3","JinHua_171",0,16,3,0.0919557954236401,0.091956114835126
"D3","JinHua_191",0,16,3,0.059793108376303,0.0597936994357552
"D3","JinHua_195",0,16,3,0.0445589865857961,0.0445596240260426
"D3","JinHua_200",0,16,3,0.069129750468462,0.0691302835662871
"D3","JinHua_201",0,16,3,0.0445589865857961,0.0445596240260426
"D3","JinHua_204",0,16,3,0.180256449411156,0.180255367480116
"D3","JinHua_205",0,16,3,0.0798005603712954,0.0798010049873254
"D3","JinHua_21",0,16,3,0.0919557954236401,0.091956114835126
"D3","JinHua_212",0,16,3,0.0798005603712954,0.0798010049873254
"D3","JinHua_22",0,16,3,0.0919557954236401,0.091956114835126
"D3","JinHua_223",0,16,3,0.069129750468462,0.0691302835662871
"D3","JinHua_3",0,16,3,0.0919557954236401,0.091956114835126
"D3","JinHua_30",0,16,3,0.0798005603712954,0.0798010049873254
"D3","JinHua_41",0,16,3,0.059793108376303,0.0597936994357552
"D3","JinHua_50",0,16,3,0.13886361519307,0.138863272821635
"D3","JinHua_55",0,16,3,0.0919557954236401,0.091956114835126
"D3","JinHua_59",0,16,3,0.121336380408639,0.12133631285352
"D3","JinHua_6",0,16,3,0.0384039552983255,0.0384045905601017
"D3","JinHua_61",0,16,3,0.105749744168889,0.105749895080546
"D3","JinHua_62",0,16,3,0.0384039552983255,0.0384045905601017
"D3","JinHua_7",0,16,3,0.0516475058700005,0.0516481300330865
"D3","JinHua_73",0,16,3,0.105749744168889,0.105749895080546
"D3","JinHua_76",0,16,3,0.0516475058700005,0.0516481300330865
"D3","JinHua_79",0,16,3,0.0384039552983255,0.0384045905601017
"D3","JinHua_83",1,16,3,0.158466072946547,0.158465393830111
"D3","JinHua_90",0,16,3,0.0445589865857961,0.0445596240260426
"D3","JinHua_91",1,16,3,0.121336380408639,0.12133631285352
"D3","JinHua_92",0,16,3,0.0384039552983255,0.0384045905601017
"D3","JinHua_93",1,16,3,0.259342919886129,0.259340228714131
"D3","JinHua_95",0,16,3,0.0516475058700005,0.0516481300330865
"D3","JinHua_99",0,16,3,0.0919557954236401,0.091956114835126
"D3","SSR_103",0,16,3,0.431922311874454,0.431916139044061
"D3","SSR_111",0,16,3,0.13886361519307,0.138863272821635
"D3","SSR_115",0,16,3,0.059793108376303,0.0597936994357552
"D3","SSR_117",0,16,3,0.069129750468462,0.0691302835662871
"D3","SSR_12",0,16,3,0.0919557954236401,0.091956114835126
"D3","SSR_129",0,16,3,0.0798005603712954,0.0798010049873254
"D3","SSR_134",0,16,3,0.105749744168889,0.105749895080546
"D3","SSR_143",1,16,3,0.259342919886129,0.259340228714131
"D3","SSR_146",0,16,3,0.0919557954236401,0.091956114835126
"D3","SSR_173",1,16,3,0.180256449411156,0.180255367480116
"D3","SSR_175",0,16,3,0.105749744168889,0.105749895080546
"D3","SSR_183",1,16,3,0.509033314681152,0.509025912927655
"D3","SSR_2",0,16,3,0.158466072946547,0.158465393830111
"D3","SSR_20",0,16,3,0.059793108376303,0.0597936994357552
"D3","SSR_25",0,16,3,0.0384039552983255,0.0384045905601017
"D3","SSR_32",0,16,3,0.0919557954236401,0.091956114835126
"D3","SSR_47",0,16,3,0.230682517089914,0.230680426351632
"D3","SSR_57",0,16,3,0.105749744168889,0.105749895080546
"D3","SSR_60",0,16,3,0.13886361519307,0.138863272821635
"D3","SSR_78",0,16,3,0.069129750468462,0.0691302835662871
"D3","SSR_8",0,16,3,0.0798005603712954,0.0798010049873254
"D3","SSR_98",0,16,3,0.0798005603712954,0.0798010049873254
"D3","JinHua_102",0,16,4,0.0502497372072796,0.05025317459139
"D3","JinHua_119",0,16,4,0.0843240421042503,0.084326461287389
"D3","JinHua_12",0,16,4,0.0997268938552352,0.0997284889776096
"D3","JinHua_121",1,16,4,0.0843240421042503,0.084326461287389
"D3","JinHua_123",1,16,4,0.0711122514724069,0.0711152170666461
"D3","JinHua_128",0,16,4,0.0502497372072796,0.05025317459139
"D3","JinHua_129",0,16,4,0.0352753182448452,0.0352786926082215
"D3","JinHua_132",0,16,4,0.0246474698475962,0.0246505057796496
"D3","JinHua_134",0,16,4,0.0711122514724069,0.0711152170666461
"D3","JinHua_137",0,16,4,0.0843240421042503,0.084326461287389
"D3","JinHua_146",0,16,4,0.0997268938552352,0.0997284889776096
"D3","JinHua_156",1,16,4,0.0843240421042503,0.084326461287389
"D3","JinHua_163",0,16,4,0.0711122514724069,0.0711152170666461
"D3","JinHua_166",0,16,4,0.0598352030264367,0.0598384917106677
"D3","JinHua_170",1,16,4,0.287586753321016,0.287570940490305
"D3","JinHua_176",0,16,4,0.0843240421042503,0.084326461287389
"D3","JinHua_178",0,16,4,0.138143320105505,0.138142205523986
"D3","JinHua_179",1,16,4,0.188263713038548,0.188258136724094
"D3","JinHua_18",0,16,4,0.0843240421042503,0.084326461287389
"D3","JinHua_183",0,16,4,0.0598352030264367,0.0598384917106677
"D3","JinHua_190",0,16,4,0.138143320105505,0.138142205523986
"D3","JinHua_192",0,16,4,0.138143320105505,0.138142205523986
"D3","JinHua_193",0,16,4,0.02950083483183,0.0295040620988111
"D3","JinHua_214",0,16,4,0.0997268938552352,0.0997284889776096
"D3","JinHua_215",0,16,4,0.0843240421042503,0.084326461287389
"D3","JinHua_23",0,16,4,0.0598352030264367,0.0598384917106677
"D3","JinHua_26",0,16,4,0.0421310290262233,0.0421344831114655
"D3","JinHua_28",0,16,4,0.02950083483183,0.0295040620988111
"D3","JinHua_35",0,16,4,0.0711122514724069,0.0711152170666461
"D3","JinHua_36",1,16,4,0.161641546291131,0.161638439579521
"D3","JinHua_43",0,16,4,0.0997268938552352,0.0997284889776096
"D3","JinHua_45",0,16,4,0.0598352030264367,0.0598384917106677
"D3","JinHua_52",0,16,4,0.251267000520266,0.251255032155229
"D3","JinHua_64",0,16,4,0.0598352030264367,0.0598384917106677
"D3","JinHua_67",0,16,4,0.138143320105505,0.138142205523986
"D3","JinHua_68",0,16,4,0.117581986178018,0.117582422217222
"D3","JinHua_69",0,16,4,0.0502497372072796,0.05025317459139
"D3","JinHua_74",0,16,4,0.0421310290262233,0.0421344831114655
"D3","JinHua_77",0,16,4,0.0843240421042503,0.084326461287389
"D3","JinHua_8",0,16,4,0.0421310290262233,0.0421344831114655
"D3","JinHua_84",1,16,4,0.0711122514724069,0.0711152170666461
"D3","SSR_102",0,16,4,0.0352753182448452,0.0352786926082215
"D3","SSR_106",0,16,4,0.0598352030264367,0.0598384917106677
"D3","SSR_127",0,16,4,0.0843240421042503,0.084326461287389
"D3","SSR_128",0,16,4,0.0352753182448452,0.0352786926082215
"D3","SSR_132",0,16,4,0.138143320105505,0.138142205523986
"D3","SSR_140",0,16,4,0.0711122514724069,0.0711152170666461
"D3","SSR_16",0,16,4,0.138143320105505,0.138142205523986
"D3","SSR_161",0,16,4,0.188263713038548,0.188258136724094
"D3","SSR_163",0,16,4,0.0502497372072796,0.05025317459139
"D3","SSR_165",0,16,4,0.117581986178018,0.117582422217222
"D3","SSR_167",0,16,4,0.0352753182448452,0.0352786926082215
"D3","SSR_169",0,16,4,0.0843240421042503,0.084326461287389
"D3","SSR_170",0,16,4,0.138143320105505,0.138142205523986
"D3","SSR_174",0,16,4,0.138143320105505,0.138142205523986
"D3","SSR_28",0,16,4,0.0598352030264367,0.0598384917106677
"D3","SSR_3",0,16,4,0.0421310290262233,0.0421344831114655
"D3","SSR_37",0,16,4,0.0598352030264367,0.0598384917106677
"D3","SSR_38",0,16,4,0.287586753321016,0.287570940490305
"D3","SSR_4",0,16,4,0.138143320105505,0.138142205523986
"D3","SSR_41",0,16,4,0.0997268938552352,0.0997284889776096
"D3","SSR_42",0,16,4,0.0711122514724069,0.0711152170666461
"D3","SSR_53",0,16,4,0.0843240421042503,0.084326461287389
"D3","SSR_55",0,16,4,0.0997268938552352,0.0997284889776096
"D3","SSR_61",0,16,4,0.21812969386779,0.218121157354597
"D3","SSR_64",0,16,4,0.138143320105505,0.138142205523986
"D3","SSR_65",0,16,4,0.138143320105505,0.138142205523986
"D3","SSR_66",0,16,4,0.0711122514724069,0.0711152170666461
"D3","SSR_90",0,16,4,0.0421310290262233,0.0421344831114655
"D3","JinHua_100",0,16,5,0.0659937915080507,0.0660025410744888
"D3","JinHua_114",0,16,5,0.0228949354093806,0.0229029105191449
"D3","JinHua_126",0,16,5,0.0659937915080507,0.0660025410744888
"D3","JinHua_13",0,16,5,0.499773022096014,0.499679809839508
"D3","JinHua_135",0,16,5,0.145926076778769,0.145922380751829
"D3","JinHua_141",0,16,5,0.0809751230295439,0.0809824938242079
"D3","JinHua_144",1,16,5,0.120503711610979,0.120505115170459
"D3","JinHua_15",0,16,5,0.0659937915080507,0.0660025410744888
"D3","JinHua_152",0,16,5,0.0809751230295439,0.0809824938242079
"D3","JinHua_167",0,16,5,0.0228949354093806,0.0229029105191449
"D3","JinHua_169",0,16,5,0.0228949354093806,0.0229029105191449
"D3","JinHua_173",1,16,5,0.391166786196881,0.39109842564675
"D3","JinHua_175",0,16,5,0.035155833372055,0.0351650145464532
"D3","JinHua_180",0,16,5,0.035155833372055,0.0351650145464532
"D3","JinHua_182",0,16,5,0.0536224572409324,0.0536318380993226
"D3","JinHua_186",0,16,5,0.0536224572409324,0.0536318380993226
"D3","JinHua_198",0,16,5,0.0809751230295439,0.0809824938242079
"D3","JinHua_2",0,16,5,0.0809751230295439,0.0809824938242079
"D3","JinHua_20",0,16,5,0.0536224572409324,0.0536318380993226
"D3","JinHua_209",0,16,5,0.035155833372055,0.0351650145464532
"D3","JinHua_213",0,16,5,0.0659937915080507,0.0660025410744888
"D3","JinHua_216",0,16,5,0.145926076778769,0.145922380751829
"D3","JinHua_218",0,16,5,0.0434623612684117,0.0434718301340159
"D3","JinHua_220",0,16,5,0.20991876217523,0.209899614402078
"D3","JinHua_221",0,16,5,0.0434623612684117,0.0434718301340159
"D3","JinHua_222",0,16,5,0.0659937915080507,0.0660025410744888
"D3","JinHua_25",1,16,5,0.175640652941585,0.175630147867029
"D3","JinHua_27",1,16,5,0.0809751230295439,0.0809824938242079
"D3","JinHua_38",0,16,5,0.44481100076769,0.444729519725869
"D3","JinHua_49",0,16,5,0.0659937915080507,0.0660025410744888
"D3","JinHua_5",0,16,5,0.0283897315616014,0.0283983813768032
"D3","JinHua_51",0,16,5,0.292367618368882,0.29232598321628
"D3","JinHua_53",0,16,5,0.0228949354093806,0.0229029105191449
"D3","JinHua_54",0,16,5,0.0809751230295439,0.0809824938242079
"D3","JinHua_57",0,16,5,0.145926076778769,0.145922380751829
"D3","JinHua_60",1,16,5,0.0536224572409324,0.0536318380993226
"D3","JinHua_70",0,16,5,0.120503711610979,0.120505115170459
"D3","JinHua_75",0,16,5,0.0434623612684117,0.0434718301340159
"D3","JinHua_82",0,16,5,0.0659937915080507,0.0660025410744888
"D3","JinHua_86",0,16,5,0.035155833372055,0.0351650145464532
"D3","JinHua_94",0,16,5,0.175640652941585,0.175630147867029
"D3","SSR_1",0,16,5,0.0659937915080507,0.0660025410744888
"D3","SSR_10",0,16,5,0.340029773952977,0.339974986130213
"D3","SSR_114",0,16,5,0.0434623612684117,0.0434718301340159
"D3","SSR_124",0,16,5,0.0809751230295439,0.0809824938242079
"D3","SSR_125",0,16,5,0.175640652941585,0.175630147867029
"D3","SSR_145",0,16,5,0.20991876217523,0.209899614402078
"D3","SSR_15",0,16,5,0.0536224572409324,0.0536318380993226
"D3","SSR_162",0,16,5,0.0989969145572416,0.0990019223762504
"D3","SSR_164",0,16,5,0.0536224572409324,0.0536318380993226
"D3","SSR_166",0,16,5,0.120503711610979,0.120505115170459
"D3","SSR_177",0,16,5,0.0809751230295439,0.0809824938242079
"D3","SSR_18",0,16,5,0.44481100076769,0.444729519725869
"D3","SSR_24",0,16,5,0.035155833372055,0.0351650145464532
"D3","SSR_26",0,16,5,0.120503711610979,0.120505115170459
"D3","SSR_27",0,16,5,0.145926076778769,0.145922380751829
"D3","SSR_30",0,16,5,0.0536224572409324,0.0536318380993226
"D3","SSR_34",0,16,5,0.0989969145572416,0.0990019223762504
"D3","SSR_36",1,16,5,0.0809751230295439,0.0809824938242079
"D3","SSR_46",0,16,5,0.0809751230295439,0.0809824938242079
"D3","SSR_48",0,16,5,0.0659937915080507,0.0660025410744888
"D3","SSR_56",0,16,5,0.0659937915080507,0.0660025410744888
"D3","SSR_6",0,16,5,0.145926076778769,0.145922380751829
"D3","SSR_63",0,16,5,0.035155833372055,0.0351650145464532
"D3","SSR_71",0,16,5,0.145926076778769,0.145922380751829
"D3","SSR_75",0,16,5,0.248867030092101,0.248837429919827
"D3","SSR_80",1,16,5,0.0434623612684117,0.0434718301340159
"D3","SSR_81",0,16,5,0.0283897315616014,0.0283983813768032
"D3","SSR_99",0,16,5,0.0989969145572416,0.0990019223762504
"D3","JinHua_10",1,17,1,0.0814469795548589,0.0814504342601473
"D3","JinHua_104",0,17,1,0.161833126375811,0.16182843487496
"D3","JinHua_107",0,17,1,0.0680271782258302,0.0680313860313766
"D3","JinHua_110",0,17,1,0.0391264819260678,0.0391312546280366
"D3","JinHua_116",0,17,1,0.257117524765799,0.25709934872854
"D3","JinHua_12",0,17,1,0.0972379091440973,0.0972401902623449
"D3","JinHua_124",0,17,1,0.047133343677631,0.0471381382400875
"D3","JinHua_128",0,17,1,0.047133343677631,0.0471381382400875
"D3","JinHua_136",0,17,1,0.0566820763851552,0.0566867047980199
"D3","JinHua_139",0,17,1,0.0566820763851552,0.0566867047980199
"D3","JinHua_146",0,17,1,0.0972379091440973,0.0972401902623449
"D3","JinHua_162",0,17,1,0.047133343677631,0.0471381382400875
"D3","JinHua_163",0,17,1,0.0680271782258302,0.0680313860313766
"D3","JinHua_170",1,17,1,0.295992350627858,0.295968314100652
"D3","JinHua_181",0,17,1,0.0972379091440973,0.0972401902623449
"D3","JinHua_182",0,17,1,0.0566820763851552,0.0566867047980199
"D3","JinHua_183",0,17,1,0.0566820763851552,0.0566867047980199
"D3","JinHua_191",0,17,1,0.047133343677631,0.0471381382400875
"D3","JinHua_192",0,17,1,0.137145879672302,0.13714417605319
"D3","JinHua_194",0,17,1,0.0814469795548589,0.0814504342601473
"D3","JinHua_20",0,17,1,0.0566820763851552,0.0566867047980199
"D3","JinHua_200",0,17,1,0.0566820763851552,0.0566867047980199
"D3","JinHua_204",0,17,1,0.189985788163837,0.189977358371978
"D3","JinHua_206",0,17,1,0.0391264819260678,0.0391312546280366
"D3","JinHua_216",0,17,1,0.137145879672302,0.13714417605319
"D3","JinHua_22",0,17,1,0.0814469795548589,0.0814504342601473
"D3","JinHua_220",0,17,1,0.189985788163837,0.189977358371978
"D3","JinHua_221",0,17,1,0.047133343677631,0.0471381382400875
"D3","JinHua_225",1,17,1,0.429765321363022,0.429722208493017
"D3","JinHua_23",0,17,1,0.0566820763851552,0.0566867047980199
"D3","JinHua_25",1,17,1,0.161833126375811,0.16182843487496
"D3","JinHua_30",0,17,1,0.0680271782258302,0.0680313860313766
"D3","JinHua_33",0,17,1,0.047133343677631,0.0471381382400875
"D3","JinHua_37",0,17,1,0.0814469795548589,0.0814504342601473
"D3","JinHua_4",0,17,1,0.0680271782258302,0.0680313860313766
"D3","JinHua_46",0,17,1,0.0391264819260678,0.0391312546280366
"D3","JinHua_5",0,17,1,0.0324335026899197,0.0324381202423847
"D3","JinHua_50",0,17,1,0.137145879672302,0.13714417605319
"D3","JinHua_52",0,17,1,0.257117524765799,0.25709934872854
"D3","JinHua_66",0,17,1,0.0680271782258302,0.0680313860313766
"D3","JinHua_69",0,17,1,0.047133343677631,0.0471381382400875
"D3","JinHua_72",0,17,1,0.0972379091440973,0.0972401902623449
"D3","JinHua_92",0,17,1,0.0268534285947253,0.0268578014822729
"D3","JinHua_96",0,17,1,0.137145879672302,0.13714417605319
"D3","SSR_10",0,17,1,0.295992350627858,0.295968314100652
"D3","SSR_11",1,17,1,0.0814469795548589,0.0814504342601473
"D3","SSR_117",0,17,1,0.0566820763851552,0.0566867047980199
"D3","SSR_121",0,17,1,0.0814469795548589,0.0814504342601473
"D3","SSR_139",0,17,1,0.115704737406643,0.11570533029853
"D3","SSR_144",1,17,1,0.0391264819260678,0.0391312546280366
"D3","SSR_162",0,17,1,0.0972379091440973,0.0972401902623449
"D3","SSR_17",0,17,1,0.0324335026899197,0.0324381202423847
"D3","SSR_172",0,17,1,0.0680271782258302,0.0680313860313766
"D3","SSR_23",0,17,1,0.0566820763851552,0.0566867047980199
"D3","SSR_25",0,17,1,0.0268534285947253,0.0268578014822729
"D3","SSR_31",0,17,1,0.0391264819260678,0.0391312546280366
"D3","SSR_32",0,17,1,0.0814469795548589,0.0814504342601473
"D3","SSR_36",1,17,1,0.0814469795548589,0.0814504342601473
"D3","SSR_38",0,17,1,0.295992350627858,0.295968314100652
"D3","SSR_41",0,17,1,0.0972379091440973,0.0972401902623449
"D3","SSR_42",0,17,1,0.0680271782258302,0.0680313860313766
"D3","SSR_44",1,17,1,0.0680271782258302,0.0680313860313766
"D3","SSR_48",0,17,1,0.0680271782258302,0.0680313860313766
"D3","SSR_54",0,17,1,0.189985788163837,0.189977358371978
"D3","SSR_56",0,17,1,0.0680271782258302,0.0680313860313766
"D3","SSR_57",0,17,1,0.0972379091440973,0.0972401902623449
"D3","SSR_6",0,17,1,0.137145879672302,0.13714417605319
"D3","SSR_66",0,17,1,0.0680271782258302,0.0680313860313766
"D3","SSR_77",0,17,1,0.137145879672302,0.13714417605319
"D3","SSR_79",0,17,1,0.115704737406643,0.11570533029853
"D3","SSR_94",0,17,1,0.0566820763851552,0.0566867047980199
"D3","JinHua_100",0,17,2,0.0750864981330345,0.0697124243787619
"D3","JinHua_103",0,17,2,0.26259256293104,0.229973491562368
"D3","JinHua_113",0,17,2,0.0531164171900472,0.0508636703062823
"D3","JinHua_117",0,17,2,0.0531164171900472,0.0535209140920229
"D3","JinHua_119",0,17,2,0.0889726299060908,0.0782784083561626
"D3","JinHua_140",0,17,2,0.0632172150899858,0.0697216279830228
"D3","JinHua_144",1,17,2,0.123834010577852,0.122106820633838
"D3","JinHua_148",0,17,2,0.0889726299060908,0.091441416662694
"D3","JinHua_160",0,17,2,0.169808807995857,0.188550175267532
"D3","JinHua_166",0,17,2,0.0632172150899858,0.0583619158467916
"D3","JinHua_172",0,17,2,0.0312152392911887,0.0294302596303568
"D3","JinHua_179",1,17,2,0.19747237703779,0.192972992716492
"D3","JinHua_19",0,17,2,0.0531164171900472,0.0548396219468295
"D3","JinHua_190",0,17,2,0.145318848036387,0.127516106723514
"D3","JinHua_197",0,17,2,0.0531164171900472,0.055189306485009
"D3","JinHua_198",0,17,2,0.0889726299060908,0.0796521013633456
"D3","JinHua_203",0,17,2,0.105134887050096,0.10306752286431
"D3","JinHua_207",0,17,2,0.105134887050096,0.0939262102440366
"D3","JinHua_209",0,17,2,0.0445527611004098,0.0486645983450864
"D3","JinHua_210",0,17,2,0.0750864981330345,0.0705122461085737
"D3","JinHua_217",0,17,2,0.0373153640387876,0.0363779040958751
"D3","JinHua_222",0,17,2,0.0750864981330345,0.0665130322735925
"D3","JinHua_36",1,17,2,0.169808807995857,0.205276490543073
"D3","JinHua_39",0,17,2,0.340087054666683,0.359887914640482
"D3","JinHua_49",0,17,2,0.0750864981330345,0.0664109715445355
"D3","JinHua_55",0,17,2,0.0889726299060908,0.089006940775221
"D3","JinHua_59",0,17,2,0.123834010577852,0.159421246475764
"D3","JinHua_62",0,17,2,0.0312152392911887,0.0337106218243006
"D3","JinHua_65",0,17,2,0.123834010577852,0.137559157665365
"D3","JinHua_68",0,17,2,0.123834010577852,0.131722046041186
"D3","JinHua_70",0,17,2,0.123834010577852,0.13882257011143
"D3","JinHua_77",0,17,2,0.0889726299060908,0.0891480363615398
"D3","JinHua_78",0,17,2,0.0445527611004098,0.0561523387364157
"D3","JinHua_79",0,17,2,0.0312152392911887,0.0387412756193689
"D3","JinHua_80",0,17,2,0.19747237703779,0.184343710072196
"D3","JinHua_81",0,17,2,0.0632172150899858,0.0593338120486948
"D3","JinHua_82",0,17,2,0.0750864981330345,0.0901823840928096
"D3","JinHua_9",0,17,2,0.0531164171900472,0.0571412332104087
"D3","JinHua_93",1,17,2,0.299911019278648,0.287447922964877
"D3","SSR_115",0,17,2,0.0531164171900472,0.0589552629160126
"D3","SSR_12",0,17,2,0.0889726299060908,0.0644429810995454
"D3","SSR_130",0,17,2,0.169808807995857,0.141678124926387
"D3","SSR_157",0,17,2,0.169808807995857,0.181931058081726
"D3","SSR_159",0,17,2,0.0632172150899858,0.064053805119257
"D3","SSR_163",0,17,2,0.0531164171900472,0.0464191863398522
"D3","SSR_170",0,17,2,0.145318848036387,0.13402172453644
"D3","SSR_18",0,17,2,0.382703013566527,0.413428334208119
"D3","SSR_182",0,17,2,0.5649239522566,0.56352704943138
"D3","SSR_20",0,17,2,0.0531164171900472,0.0472371805851195
"D3","SSR_24",0,17,2,0.0445527611004098,0.0448344551745406
"D3","SSR_26",0,17,2,0.123834010577852,0.0801684193977725
"D3","SSR_3",0,17,2,0.0445527611004098,0.0399150108928947
"D3","SSR_33",0,17,2,0.0531164171900472,0.0550384321596218
"D3","SSR_34",0,17,2,0.105134887050096,0.100944247596492
"D3","SSR_46",0,17,2,0.0889726299060908,0.0779199687676488
"D3","SSR_5",0,17,2,0.105134887050096,0.106554535626268
"D3","SSR_51",0,17,2,0.123834010577852,0.102599189061899
"D3","SSR_53",0,17,2,0.0889726299060908,0.0800050264359365
"D3","SSR_59",1,17,2,0.299911019278648,0.235466883422777
"D3","SSR_61",0,17,2,0.228402741472351,0.205299116258526
"D3","SSR_67",0,17,2,0.0373153640387876,0.0284426513196809
"D3","SSR_68",0,17,2,0.169808807995857,0.125560475001618
"D3","SSR_75",0,17,2,0.228402741472351,0.19905928332924
"D3","SSR_76",1,17,2,0.228402741472351,0.202945619905499
"D3","SSR_80",1,17,2,0.0531164171900472,0.0359766923464596
"D3","SSR_81",0,17,2,0.0373153640387876,0.0294737030294893
"D3","SSR_90",0,17,2,0.0445527611004098,0.0416841715869828
"D3","SSR_95",0,17,2,0.19747237703779,0.187830111189463
"D3","SSR_98",0,17,2,0.0750864981330345,0.0722215107887068
"D3","SSR_99",0,17,2,0.105134887050096,0.109616042604482
"D3","JinHua_1",0,17,3,0.0434019110898423,0.0441085452303942
"D3","JinHua_106",0,17,3,0.0434019110898423,0.0440834997612053
"D3","JinHua_114",0,17,3,0.0235181419186279,0.0237618449271165
"D3","JinHua_13",0,17,3,0.46568893641846,0.478768790099472
"D3","JinHua_133",0,17,3,0.0647259694410865,0.0661172170836248
"D3","JinHua_138",1,17,3,0.0787411132464718,0.0760703138076335
"D3","JinHua_143",0,17,3,0.11533451372526,0.113772561450235
"D3","JinHua_151",0,17,3,0.0434019110898423,0.0436639357696713
"D3","JinHua_153",0,17,3,0.272521708615444,0.272316247396119
"D3","JinHua_155",0,17,3,0.0434019110898423,0.043227676675045
"D3","JinHua_156",1,17,3,0.0787411132464718,0.0799305916345791
"D3","JinHua_165",0,17,3,0.0288861167868143,0.0287587518804376
"D3","JinHua_169",0,17,3,0.0235181419186279,0.0226713983768002
"D3","JinHua_171",0,17,3,0.0787411132464718,0.0785203104209632
"D3","JinHua_174",0,17,3,0.0647259694410865,0.0660480934762992
"D3","JinHua_176",0,17,3,0.0787411132464718,0.0799286661830884
"D3","JinHua_18",0,17,3,0.0787411132464718,0.0839330222619581
"D3","JinHua_184",0,17,3,0.0288861167868143,0.0288350108772527
"D3","JinHua_185",0,17,3,0.0288861167868143,0.0285488809727577
"D3","JinHua_195",0,17,3,0.0288861167868143,0.0284643900730661
"D3","JinHua_199",1,17,3,0.0434019110898423,0.0445449694732519
"D3","JinHua_2",0,17,3,0.0787411132464718,0.0802957346492964
"D3","JinHua_21",0,17,3,0.0787411132464718,0.0809456025969694
"D3","JinHua_213",0,17,3,0.0647259694410865,0.0633349514629342
"D3","JinHua_215",0,17,3,0.0787411132464718,0.0792146940415522
"D3","JinHua_218",0,17,3,0.0434019110898423,0.042403183821598
"D3","JinHua_24",0,17,3,0.197171267376387,0.203931903399033
"D3","JinHua_28",0,17,3,0.0235181419186279,0.0224180530475889
"D3","JinHua_3",0,17,3,0.0787411132464718,0.0832256743123633
"D3","JinHua_35",0,17,3,0.0647259694410865,0.0671021220316134
"D3","JinHua_53",0,17,3,0.0235181419186279,0.0232544560677822
"D3","JinHua_6",0,17,3,0.0235181419186279,0.0242646419459321
"D3","JinHua_67",0,17,3,0.138683046190258,0.13714725964316
"D3","JinHua_7",0,17,3,0.0354348610153969,0.0365661287536892
"D3","JinHua_86",0,17,3,0.0354348610153969,0.0352782959256149
"D3","JinHua_87",0,17,3,0.138683046190258,0.139503679816639
"D3","JinHua_89",0,17,3,0.0434019110898423,0.0425035703949237
"D3","JinHua_95",0,17,3,0.0354348610153969,0.0356005064952955
"D3","JinHua_97",0,17,3,0.0787411132464718,0.0793274784341188
"D3","SSR_102",0,17,3,0.0288861167868143,0.0295779499212153
"D3","SSR_106",0,17,3,0.0530617044801538,0.0531460323709065
"D3","SSR_111",0,17,3,0.138683046190258,0.137444489432128
"D3","SSR_118",0,17,3,0.0354348610153969,0.0359279249641201
"D3","SSR_13",0,17,3,0.11533451372526,0.116663079678266
"D3","SSR_131",0,17,3,0.138683046190258,0.138671738828662
"D3","SSR_134",0,17,3,0.0954811526309251,0.0952561129056653
"D3","SSR_140",0,17,3,0.0647259694410865,0.0641659646713042
"D3","SSR_150",0,17,3,0.0954811526309251,0.0949752882623876
"D3","SSR_151",0,17,3,0.232728660095539,0.230269268051748
"D3","SSR_154",1,17,3,0.138683046190258,0.137432946358912
"D3","SSR_158",1,17,3,0.11533451372526,0.114301299984984
"D3","SSR_161",0,17,3,0.197171267376387,0.195017941623867
"D3","SSR_164",0,17,3,0.0530617044801538,0.052901068153985
"D3","SSR_165",0,17,3,0.11533451372526,0.115634987568518
"D3","SSR_167",0,17,3,0.0288861167868143,0.0281141600422286
"D3","SSR_175",0,17,3,0.0954811526309251,0.0950234860353056
"D3","SSR_19",0,17,3,0.197171267376387,0.201674403357409
"D3","SSR_2",0,17,3,0.165872053326227,0.171855314517055
"D3","SSR_21",0,17,3,0.0288861167868143,0.0300393457661335
"D3","SSR_27",0,17,3,0.138683046190258,0.143155347493282
"D3","SSR_29",0,17,3,0.0647259694410865,0.0686348733758483
"D3","SSR_30",0,17,3,0.0530617044801538,0.0565045527085481
"D3","SSR_35",1,17,3,0.0647259694410865,0.066289238219122
"D3","SSR_40",0,17,3,0.0434019110898423,0.0467666988571441
"D3","SSR_58",0,17,3,0.138683046190258,0.137850295051991
"D3","SSR_63",0,17,3,0.0354348610153969,0.0353471811110307
"D3","SSR_69",1,17,3,0.11533451372526,0.111089113300884
"D3","SSR_71",0,17,3,0.138683046190258,0.135503899504373
"D3","SSR_73",0,17,3,0.0647259694410865,0.0651365312808567
"D3","SSR_83",0,17,3,0.11533451372526,0.116354111891778
"D3","JinHua_101",0,17,4,0.101426291453962,0.101427116982652
"D3","JinHua_102",0,17,4,0.0528940746320034,0.0528961284243545
"D3","JinHua_108",0,17,4,0.0735565842285584,0.0735582897376473
"D3","JinHua_11",0,17,4,0.0864803866716233,0.0864817330601175
"D3","JinHua_111",0,17,4,0.0735565842285584,0.0735582897376473
"D3","JinHua_115",1,17,4,0.354737497000691,0.354723121548644
"D3","JinHua_120",0,17,4,0.101426291453962,0.101427116982652
"D3","JinHua_121",1,17,4,0.0864803866716233,0.0864817330601175
"D3","JinHua_122",0,17,4,0.101426291453962,0.101427116982652
"D3","JinHua_123",1,17,4,0.0735565842285584,0.0735582897376473
"D3","JinHua_132",0,17,4,0.0268894718627861,0.0268913803616269
"D3","JinHua_141",0,17,4,0.0864803866716233,0.0864817330601175
"D3","JinHua_145",0,17,4,0.044743640347912,0.0447457339107805
"D3","JinHua_149",0,17,4,0.0735565842285584,0.0735582897376473
"D3","JinHua_15",0,17,4,0.0735565842285584,0.0735582897376473
"D3","JinHua_152",0,17,4,0.0864803866716233,0.0864817330601175
"D3","JinHua_157",0,17,4,0.0528940746320034,0.0528961284243545
"D3","JinHua_158",0,17,4,0.0377989814949183,0.0378010533890044
"D3","JinHua_167",0,17,4,0.0318962122493475,0.03189821788638
"D3","JinHua_168",0,17,4,0.0528940746320034,0.0528961284243545
"D3","JinHua_173",1,17,4,0.315573433626618,0.315561593637436
"D3","JinHua_175",0,17,4,0.044743640347912,0.0447457339107805
"D3","JinHua_180",0,17,4,0.044743640347912,0.0447457339107805
"D3","JinHua_186",0,17,4,0.0624321469870064,0.0624340793268419
"D3","JinHua_189",0,17,4,0.0528940746320034,0.0528961284243545
"D3","JinHua_208",0,17,4,0.0624321469870064,0.0624340793268419
"D3","JinHua_212",0,17,4,0.0735565842285584,0.0735582897376473
"D3","JinHua_219",0,17,4,0.044743640347912,0.0447457339107805
"D3","JinHua_224",0,17,4,0.101426291453962,0.101427116982652
"D3","JinHua_26",0,17,4,0.044743640347912,0.0447457339107805
"D3","JinHua_29",0,17,4,0.101426291453962,0.101427116982652
"D3","JinHua_31",0,17,4,0.244897903933544,0.244890719837135
"D3","JinHua_38",0,17,4,0.354737497000691,0.354723121548644
"D3","JinHua_40",0,17,4,0.0377989814949183,0.0378010533890044
"D3","JinHua_43",0,17,4,0.101426291453962,0.101427116982652
"D3","JinHua_44",0,17,4,0.118619808090315,0.118619920303884
"D3","JinHua_45",0,17,4,0.0624321469870064,0.0624340793268419
"D3","JinHua_51",0,17,4,0.244897903933544,0.244890719837135
"D3","JinHua_54",0,17,4,0.0864803866716233,0.0864817330601175
"D3","JinHua_60",1,17,4,0.0624321469870064,0.0624340793268419
"D3","JinHua_64",0,17,4,0.0624321469870064,0.0624340793268419
"D3","JinHua_8",0,17,4,0.044743640347912,0.0447457339107805
"D3","JinHua_91",1,17,4,0.118619808090315,0.118619920303884
"D3","SSR_101",0,17,4,0.0864803866716233,0.0864817330601175
"D3","SSR_108",0,17,4,0.044743640347912,0.0447457339107805
"D3","SSR_114",0,17,4,0.0528940746320034,0.0528961284243545
"D3","SSR_125",0,17,4,0.160603581957542,0.160601573860505
"D3","SSR_127",0,17,4,0.0864803866716233,0.0864817330601175
"D3","SSR_128",0,17,4,0.0377989814949183,0.0378010533890044
"D3","SSR_145",0,17,4,0.185754928812634,0.185751468177507
"D3","SSR_146",0,17,4,0.0864803866716233,0.0864817330601175
"D3","SSR_15",0,17,4,0.0624321469870064,0.0624340793268419
"D3","SSR_152",0,17,4,0.101426291453962,0.101427116982652
"D3","SSR_16",0,17,4,0.138279403302751,0.138278579771686
"D3","SSR_171",0,17,4,0.101426291453962,0.101427116982652
"D3","SSR_173",1,17,4,0.185754928812634,0.185751468177507
"D3","SSR_174",0,17,4,0.138279403302751,0.138278579771686
"D3","SSR_177",0,17,4,0.0864803866716233,0.0864817330601175
"D3","SSR_181",0,17,4,0.185754928812634,0.185751468177507
"D3","SSR_22",0,17,4,0.118619808090315,0.118619920303884
"D3","SSR_37",0,17,4,0.0624321469870064,0.0624340793268419
"D3","SSR_39",0,17,4,0.101426291453962,0.101427116982652
"D3","SSR_55",0,17,4,0.101426291453962,0.101427116982652
"D3","SSR_65",0,17,4,0.138279403302751,0.138278579771686
"D3","SSR_7",0,17,4,0.0624321469870064,0.0624340793268419
"D3","SSR_70",0,17,4,0.0864803866716233,0.0864817330601175
"D3","SSR_74",0,17,4,0.0624321469870064,0.0624340793268419
"D3","SSR_78",0,17,4,0.0624321469870064,0.0624340793268419
"D3","SSR_9",0,17,4,0.118619808090315,0.118619920303884
"D3","JinHua_105",0,17,5,0.0878217851291023,0.087822897598825
"D3","JinHua_112",0,17,5,0.288063897505445,0.288055369477806
"D3","JinHua_118",0,17,5,0.121148827151472,0.1211488291985
"D3","JinHua_126",0,17,5,0.0744685803938445,0.0744700154293158
"D3","JinHua_129",0,17,5,0.0377659156855523,0.0377676802300455
"D3","JinHua_131",0,17,5,0.0630054770503776,0.0630071155775118
"D3","JinHua_134",0,17,5,0.0744685803938445,0.0744700154293158
"D3","JinHua_135",0,17,5,0.141591880769919,0.141591040348164
"D3","JinHua_137",0,17,5,0.0878217851291023,0.087822897598825
"D3","JinHua_14",0,17,5,0.0878217851291023,0.087822897598825
"D3","JinHua_147",0,17,5,0.0317586655125096,0.0317603718687695
"D3","JinHua_150",0,17,5,0.0317586655125096,0.0317603718687695
"D3","JinHua_159",0,17,5,0.0377659156855523,0.0377676802300455
"D3","JinHua_16",0,17,5,0.220331460499304,0.220326699325153
"D3","JinHua_161",0,17,5,0.0630054770503776,0.0630071155775118
"D3","JinHua_17",0,17,5,0.053205476001836,0.0532072234393518
"D3","JinHua_177",0,17,5,0.0878217851291023,0.087822897598825
"D3","JinHua_178",0,17,5,0.141591880769919,0.141591040348164
"D3","JinHua_188",0,17,5,0.053205476001836,0.0532072234393518
"D3","JinHua_193",0,17,5,0.0317586655125096,0.0317603718687695
"D3","JinHua_201",0,17,5,0.0377659156855523,0.0377676802300455
"D3","JinHua_205",0,17,5,0.0744685803938445,0.0744700154293158
"D3","JinHua_211",0,17,5,0.103302147661363,0.103302791728728
"D3","JinHua_214",0,17,5,0.103302147661363,0.103302791728728
"D3","JinHua_223",0,17,5,0.0630054770503776,0.0630071155775118
"D3","JinHua_27",1,17,5,0.0878217851291023,0.087822897598825
"D3","JinHua_32",1,17,5,0.191050172196042,0.191046960325935
"D3","JinHua_34",0,17,5,0.0630054770503776,0.0630071155775118
"D3","JinHua_41",0,17,5,0.053205476001836,0.0532072234393518
"D3","JinHua_42",0,17,5,0.0630054770503776,0.0630071155775118
"D3","JinHua_48",0,17,5,0.0744685803938445,0.0744700154293158
"D3","JinHua_56",0,17,5,0.0317586655125096,0.0317603718687695
"D3","JinHua_57",0,17,5,0.141591880769919,0.141591040348164
"D3","JinHua_61",0,17,5,0.103302147661363,0.103302791728728
"D3","JinHua_63",0,17,5,0.141591880769919,0.141591040348164
"D3","JinHua_73",0,17,5,0.103302147661363,0.103302791728728
"D3","JinHua_74",0,17,5,0.0448568136821304,0.0448585970014335
"D3","JinHua_75",0,17,5,0.053205476001836,0.0532072234393518
"D3","JinHua_76",0,17,5,0.0448568136821304,0.0448585970014335
"D3","JinHua_83",1,17,5,0.164837549651159,0.164835643204568
"D3","JinHua_84",1,17,5,0.0744685803938445,0.0744700154293158
"D3","JinHua_88",0,17,5,0.121148827151472,0.1211488291985
"D3","JinHua_90",0,17,5,0.0377659156855523,0.0377676802300455
"D3","JinHua_94",0,17,5,0.164837549651159,0.164835643204568
"D3","JinHua_99",0,17,5,0.0878217851291023,0.087822897598825
"D3","SSR_1",0,17,5,0.0744685803938445,0.0744700154293158
"D3","SSR_103",0,17,5,0.498129790159602,0.498110727251983
"D3","SSR_105",0,17,5,0.0744685803938445,0.0744700154293158
"D3","SSR_120",0,17,5,0.103302147661363,0.103302791728728
"D3","SSR_124",0,17,5,0.0878217851291023,0.087822897598825
"D3","SSR_129",0,17,5,0.0744685803938445,0.0744700154293158
"D3","SSR_132",0,17,5,0.141591880769919,0.141591040348164
"D3","SSR_135",0,17,5,0.0448568136821304,0.0448585970014335
"D3","SSR_14",1,17,5,0.0744685803938445,0.0744700154293158
"D3","SSR_143",1,17,5,0.288063897505445,0.288055369477806
"D3","SSR_166",0,17,5,0.121148827151472,0.1211488291985
"D3","SSR_169",0,17,5,0.0878217851291023,0.087822897598825
"D3","SSR_179",0,17,5,0.0744685803938445,0.0744700154293158
"D3","SSR_183",1,17,5,0.586968940828485,0.586947092207949
"D3","SSR_28",0,17,5,0.0630054770503776,0.0630071155775118
"D3","SSR_4",0,17,5,0.141591880769919,0.141591040348164
"D3","SSR_43",0,17,5,0.053205476001836,0.0532072234393518
"D3","SSR_47",0,17,5,0.252698651890885,0.252692108601316
"D3","SSR_50",0,17,5,0.121148827151472,0.1211488291985
"D3","SSR_52",0,17,5,0.0630054770503776,0.0630071155775118
"D3","SSR_60",0,17,5,0.141591880769919,0.141591040348164
"D3","SSR_62",0,17,5,0.121148827151472,0.1211488291985
"D3","SSR_64",0,17,5,0.141591880769919,0.141591040348164
"D3","SSR_8",0,17,5,0.0744685803938445,0.0744700154293158
"D3","JinHua_101",0,18,1,0.0951769503902527,0.0897341200063174
"D3","JinHua_102",0,18,1,0.04373566972685,0.0454084578701412
"D3","JinHua_107",0,18,1,0.0648617690997561,0.0651119153095762
"D3","JinHua_113",0,18,1,0.04373566972685,0.0409720242969746
"D3","JinHua_119",0,18,1,0.0786944728077655,0.0751183926388325
"D3","JinHua_121",1,18,1,0.0786944728077655,0.0742189923697308
"D3","JinHua_126",0,18,1,0.0648617690997561,0.0634601765639497
"D3","JinHua_139",0,18,1,0.0533198213006474,0.0503306923579196
"D3","JinHua_144",1,18,1,0.114681939724842,0.11383724962158
"D3","JinHua_150",0,18,1,0.0239038414588872,0.0241372067257692
"D3","JinHua_151",0,18,1,0.04373566972685,0.0441225204714499
"D3","JinHua_157",0,18,1,0.04373566972685,0.0435597091934037
"D3","JinHua_158",0,18,1,0.0292751297698025,0.0279195251525798
"D3","JinHua_159",0,18,1,0.0292751297698025,0.027922650017363
"D3","JinHua_16",0,18,1,0.22953907571868,0.251314140015796
"D3","JinHua_160",0,18,1,0.164193703009201,0.16584071784447
"D3","JinHua_166",0,18,1,0.0533198213006474,0.0502102881218434
"D3","JinHua_170",1,18,1,0.311207262343013,0.300347211270649
"D3","JinHua_176",0,18,1,0.0786944728077655,0.0806615755528031
"D3","JinHua_18",0,18,1,0.0786944728077655,0.0886275553384055
"D3","JinHua_190",0,18,1,0.137576392847762,0.12727079196468
"D3","JinHua_199",1,18,1,0.04373566972685,0.0458572830289773
"D3","JinHua_201",0,18,1,0.0292751297698025,0.0315908651784106
"D3","JinHua_219",0,18,1,0.0358090897465862,0.0344887327795402
"D3","JinHua_220",0,18,1,0.194797561627503,0.195002790420953
"D3","JinHua_223",0,18,1,0.0533198213006474,0.0525971441059222
"D3","JinHua_23",0,18,1,0.0533198213006474,0.0555848953686628
"D3","JinHua_45",0,18,1,0.0533198213006474,0.0523215934536904
"D3","JinHua_48",0,18,1,0.0648617690997561,0.0657818915161081
"D3","JinHua_49",0,18,1,0.0648617690997561,0.0629400573773028
"D3","JinHua_52",0,18,1,0.268411200871451,0.254487224502545
"D3","JinHua_54",0,18,1,0.0786944728077655,0.0800301813227129
"D3","JinHua_66",0,18,1,0.0648617690997561,0.0704712467474357
"D3","JinHua_83",1,18,1,0.164193703009201,0.166771926134941
"D3","JinHua_86",0,18,1,0.0358090897465862,0.0354219566148193
"D3","JinHua_87",0,18,1,0.137576392847762,0.138410466058151
"D3","JinHua_88",0,18,1,0.114681939724842,0.107446844004298
"D3","JinHua_94",0,18,1,0.164193703009201,0.168706473990332
"D3","JinHua_95",0,18,1,0.0358090897465862,0.0360495378141783
"D3","SSR_105",0,18,1,0.0648617690997561,0.0644519147438312
"D3","SSR_111",0,18,1,0.137576392847762,0.134480896475614
"D3","SSR_114",0,18,1,0.04373566972685,0.0473701268358384
"D3","SSR_124",0,18,1,0.0786944728077655,0.0772284192344685
"D3","SSR_127",0,18,1,0.0786944728077655,0.0753361873670555
"D3","SSR_131",0,18,1,0.137576392847762,0.136817301031234
"D3","SSR_144",1,18,1,0.0358090897465862,0.0355965796944718
"D3","SSR_151",0,18,1,0.22953907571868,0.223480561570628
"D3","SSR_159",0,18,1,0.0533198213006474,0.0518905119423113
"D3","SSR_163",0,18,1,0.04373566972685,0.0449684002555862
"D3","SSR_169",0,18,1,0.0786944728077655,0.077127258345275
"D3","SSR_170",0,18,1,0.137576392847762,0.13903982252436
"D3","SSR_172",0,18,1,0.0648617690997561,0.0622057453168968
"D3","SSR_174",0,18,1,0.137576392847762,0.137205241858447
"D3","SSR_181",0,18,1,0.194797561627503,0.184450682182406
"D3","SSR_27",0,18,1,0.137576392847762,0.145491231137609
"D3","SSR_29",0,18,1,0.0648617690997561,0.072353686514296
"D3","SSR_3",0,18,1,0.0358090897465862,0.039950730261781
"D3","SSR_30",0,18,1,0.0533198213006474,0.0599940618462657
"D3","SSR_39",0,18,1,0.0951769503902527,0.105400882337262
"D3","SSR_44",1,18,1,0.0648617690997561,0.0624676737188033
"D3","SSR_47",0,18,1,0.268411200871451,0.250449091014396
"D3","SSR_48",0,18,1,0.0648617690997561,0.0615449960493365
"D3","SSR_57",0,18,1,0.0951769503902527,0.0967356046128499
"D3","SSR_60",0,18,1,0.137576392847762,0.132691216732282
"D3","SSR_68",0,18,1,0.164193703009201,0.1526002835043
"D3","SSR_69",1,18,1,0.114681939724842,0.10610270814978
"D3","SSR_77",0,18,1,0.137576392847762,0.11815767348198
"D3","SSR_8",0,18,1,0.0648617690997561,0.0669491937084059
"D3","SSR_83",0,18,1,0.114681939724842,0.116065046902361
"D3","SSR_95",0,18,1,0.194797561627503,0.200547719380202
"D3","SSR_98",0,18,1,0.0648617690997561,0.0659165632475082
"D3","JinHua_11",0,18,2,0.0782599609240938,0.0833744831325014
"D3","JinHua_111",0,18,2,0.0624696307303988,0.052512668425375
"D3","JinHua_118",0,18,2,0.121154332439627,0.131888619045332
"D3","JinHua_123",1,18,2,0.0624696307303988,0.0585048650875477
"D3","JinHua_13",0,18,2,0.549717531355911,0.599702722261204
"D3","JinHua_134",0,18,2,0.0624696307303988,0.0673593522019936
"D3","JinHua_136",0,18,2,0.0496935139596236,0.0473398820125793
"D3","JinHua_146",0,18,2,0.0976259657894062,0.105314019462864
"D3","JinHua_15",0,18,2,0.0624696307303988,0.0674971580029007
"D3","JinHua_169",0,18,2,0.0194498170779917,0.0188681241723486
"D3","JinHua_172",0,18,2,0.0194498170779917,0.0171073054424457
"D3","JinHua_175",0,18,2,0.0312014192614133,0.0291322126514113
"D3","JinHua_178",0,18,2,0.149414248798472,0.154182844929305
"D3","JinHua_180",0,18,2,0.0312014192614133,0.0254340852729206
"D3","JinHua_191",0,18,2,0.0394204669083125,0.0342981076399269
"D3","JinHua_192",0,18,2,0.149414248798472,0.145306607534219
"D3","JinHua_197",0,18,2,0.0394204669083125,0.0389324798778359
"D3","JinHua_198",0,18,2,0.0782599609240938,0.0663989758762888
"D3","JinHua_204",0,18,2,0.221918759557782,0.272182632796635
"D3","JinHua_209",0,18,2,0.0312014192614133,0.0307201098194257
"D3","JinHua_210",0,18,2,0.0624696307303988,0.061088516251405
"D3","JinHua_221",0,18,2,0.0394204669083125,0.0398133258261924
"D3","JinHua_24",0,18,2,0.221918759557782,0.230692078436835
"D3","JinHua_26",0,18,2,0.0312014192614133,0.0395105192162876
"D3","JinHua_27",1,18,2,0.0782599609240938,0.0815210502327745
"D3","JinHua_30",0,18,2,0.0624696307303988,0.0445761507084864
"D3","JinHua_34",0,18,2,0.0496935139596236,0.0573301993029595
"D3","JinHua_39",0,18,2,0.42919077189215,0.433772466129396
"D3","JinHua_4",0,18,2,0.0624696307303988,0.0712850734675469
"D3","JinHua_5",0,18,2,0.0246520395559662,0.0239278530595365
"D3","JinHua_50",0,18,2,0.149414248798472,0.128855016274994
"D3","JinHua_60",1,18,2,0.0496935139596236,0.0531459725644723
"D3","JinHua_67",0,18,2,0.149414248798472,0.129561568312524
"D3","JinHua_70",0,18,2,0.121154332439627,0.129293031955811
"D3","JinHua_78",0,18,2,0.0312014192614133,0.0361015227154586
"D3","JinHua_97",0,18,2,0.0782599609240938,0.0920505298803366
"D3","JinHua_99",0,18,2,0.0782599609240938,0.0706319146715315
"D3","SSR_10",0,18,2,0.371101316996747,0.398466126528275
"D3","SSR_101",0,18,2,0.0782599609240938,0.0759231962545587
"D3","SSR_108",0,18,2,0.0312014192614133,0.0283729899555971
"D3","SSR_115",0,18,2,0.0394204669083125,0.0422282137832214
"D3","SSR_125",0,18,2,0.182894149085983,0.185825858667655
"D3","SSR_129",0,18,2,0.0624696307303988,0.0674054338378843
"D3","SSR_13",0,18,2,0.121154332439627,0.120317326378889
"D3","SSR_132",0,18,2,0.149414248798472,0.158064356457462
"D3","SSR_143",1,18,2,0.371101316996747,0.363687545644939
"D3","SSR_154",1,18,2,0.149414248798472,0.14890928267511
"D3","SSR_157",0,18,2,0.182894149085983,0.193936611423553
"D3","SSR_161",0,18,2,0.221918759557782,0.236699785160539
"D3","SSR_167",0,18,2,0.0246520395559662,0.0250948510499989
"D3","SSR_17",0,18,2,0.0246520395559662,0.0252282986378142
"D3","SSR_182",0,18,2,0.716375643417365,0.706362018453378
"D3","SSR_21",0,18,2,0.0246520395559662,0.02038995108173
"D3","SSR_22",0,18,2,0.121154332439627,0.123786889594643
"D3","SSR_23",0,18,2,0.0496935139596236,0.0511873728142908
"D3","SSR_25",0,18,2,0.0194498170779917,0.0167482343197444
"D3","SSR_36",1,18,2,0.0782599609240938,0.0926832688821923
"D3","SSR_53",0,18,2,0.0782599609240938,0.0670943161142118
"D3","SSR_56",0,18,2,0.0624696307303988,0.0567222092440482
"D3","SSR_6",0,18,2,0.149414248798472,0.141369331653335
"D3","SSR_61",0,18,2,0.266553816112495,0.248460851447242
"D3","SSR_62",0,18,2,0.121154332439627,0.0989695991719307
"D3","SSR_63",0,18,2,0.0312014192614133,0.0269999511858726
"D3","SSR_65",0,18,2,0.149414248798472,0.119958815311867
"D3","SSR_66",0,18,2,0.0624696307303988,0.044904555257292
"D3","SSR_67",0,18,2,0.0246520395559662,0.019202065886852
"D3","SSR_70",0,18,2,0.0782599609240938,0.0714670558215027
"D3","SSR_71",0,18,2,0.149414248798472,0.140940888553225
"D3","SSR_75",0,18,2,0.266553816112495,0.24990703241393
"D3","SSR_80",1,18,2,0.0394204669083125,0.0304712588010283
"D3","JinHua_10",1,18,3,0.0836852337593915,0.0836883969403619
"D3","JinHua_100",0,18,3,0.0696712822505986,0.0696751383973919
"D3","JinHua_108",0,18,3,0.0696712822505986,0.0696751383973919
"D3","JinHua_112",0,18,3,0.308812170157423,0.308789826994827
"D3","JinHua_115",1,18,3,0.399206218449504,0.399172362498301
"D3","JinHua_116",0,18,3,0.268130040617355,0.268113078568718
"D3","JinHua_12",0,18,3,0.100214364355809,0.10021643910282
"D3","JinHua_122",0,18,3,0.100214364355809,0.10021643910282
"D3","JinHua_128",0,18,3,0.0479410637311451,0.0479454444151401
"D3","JinHua_131",0,18,3,0.0578559355553736,0.057860172784185
"D3","JinHua_133",0,18,3,0.0696712822505986,0.0696751383973919
"D3","JinHua_135",0,18,3,0.14210198020295,0.142100337642479
"D3","JinHua_141",0,18,3,0.0836852337593915,0.0836883969403619
"D3","JinHua_143",0,18,3,0.119582192200289,0.119582694133339
"D3","JinHua_148",0,18,3,0.0836852337593915,0.0836883969403619
"D3","JinHua_155",0,18,3,0.0479410637311451,0.0479454444151401
"D3","JinHua_156",1,18,3,0.0836852337593915,0.0836883969403619
"D3","JinHua_161",0,18,3,0.0578559355553736,0.057860172784185
"D3","JinHua_162",0,18,3,0.0479410637311451,0.0479454444151401
"D3","JinHua_165",0,18,3,0.0327498338623517,0.0327540299675729
"D3","JinHua_182",0,18,3,0.0578559355553736,0.057860172784185
"D3","JinHua_184",0,18,3,0.0327498338623517,0.0327540299675729
"D3","JinHua_186",0,18,3,0.0578559355553736,0.057860172784185
"D3","JinHua_193",0,18,3,0.0270140733532083,0.0270180346078322
"D3","JinHua_2",0,18,3,0.0836852337593915,0.0836883969403619
"D3","JinHua_205",0,18,3,0.0696712822505986,0.0696751383973919
"D3","JinHua_21",0,18,3,0.0836852337593915,0.0836883969403619
"D3","JinHua_214",0,18,3,0.100214364355809,0.10021643910282
"D3","JinHua_218",0,18,3,0.0479410637311451,0.0479454444151401
"D3","JinHua_22",0,18,3,0.0836852337593915,0.0836883969403619
"D3","JinHua_222",0,18,3,0.0696712822505986,0.0696751383973919
"D3","JinHua_224",0,18,3,0.100214364355809,0.10021643910282
"D3","JinHua_28",0,18,3,0.0270140733532083,0.0270180346078322
"D3","JinHua_29",0,18,3,0.100214364355809,0.10021643910282
"D3","JinHua_3",0,18,3,0.0836852337593915,0.0836883969403619
"D3","JinHua_36",1,18,3,0.168053201809632,0.168048767748876
"D3","JinHua_40",0,18,3,0.0327498338623517,0.0327540299675729
"D3","JinHua_41",0,18,3,0.0479410637311451,0.0479454444151401
"D3","JinHua_42",0,18,3,0.0578559355553736,0.057860172784185
"D3","JinHua_46",0,18,3,0.0396538061960822,0.039658155880999
"D3","JinHua_51",0,18,3,0.268130040617355,0.268113078568718
"D3","JinHua_57",0,18,3,0.14210198020295,0.142100337642479
"D3","JinHua_59",0,18,3,0.119582192200289,0.119582694133339
"D3","JinHua_61",0,18,3,0.100214364355809,0.10021643910282
"D3","JinHua_65",0,18,3,0.119582192200289,0.119582694133339
"D3","JinHua_69",0,18,3,0.0479410637311451,0.0479454444151401
"D3","JinHua_7",0,18,3,0.0396538061960822,0.039658155880999
"D3","JinHua_8",0,18,3,0.0396538061960822,0.039658155880999
"D3","JinHua_84",1,18,3,0.0696712822505986,0.0696751383973919
"D3","JinHua_89",0,18,3,0.0479410637311451,0.0479454444151401
"D3","JinHua_90",0,18,3,0.0327498338623517,0.0327540299675729
"D3","JinHua_91",1,18,3,0.119582192200289,0.119582694133339
"D3","SSR_102",0,18,3,0.0327498338623517,0.0327540299675729
"D3","SSR_103",0,18,3,0.54651101957489,0.546462471423207
"D3","SSR_12",0,18,3,0.0836852337593915,0.0836883969403619
"D3","SSR_139",0,18,3,0.119582192200289,0.119582694133339
"D3","SSR_146",0,18,3,0.0836852337593915,0.0836883969403619
"D3","SSR_15",0,18,3,0.0578559355553736,0.057860172784185
"D3","SSR_158",1,18,3,0.119582192200289,0.119582694133339
"D3","SSR_16",0,18,3,0.14210198020295,0.142100337642479
"D3","SSR_171",0,18,3,0.100214364355809,0.10021643910282
"D3","SSR_18",0,18,3,0.399206218449504,0.399172362498301
"D3","SSR_2",0,18,3,0.168053201809632,0.168048767748876
"D3","SSR_24",0,18,3,0.0396538061960822,0.039658155880999
"D3","SSR_33",0,18,3,0.0479410637311451,0.0479454444151401
"D3","SSR_41",0,18,3,0.100214364355809,0.10021643910282
"D3","SSR_43",0,18,3,0.0479410637311451,0.0479454444151401
"D3","SSR_58",0,18,3,0.14210198020295,0.142100337642479
"D3","SSR_9",0,18,3,0.119582192200289,0.119582694133339
"D3","SSR_94",0,18,3,0.0578559355553736,0.057860172784185
"D3","JinHua_103",0,18,4,0.215746453083759,0.215744807432636
"D3","JinHua_105",0,18,4,0.0909638747621948,0.0909641627752293
"D3","JinHua_117",0,18,4,0.060920290710678,0.0609208138396686
"D3","JinHua_120",0,18,4,0.103636928116084,0.103637076382425
"D3","JinHua_129",0,18,4,0.0463411717878776,0.0463417426930718
"D3","JinHua_132",0,18,4,0.0351205651053145,0.0351211307611383
"D3","JinHua_137",0,18,4,0.0909638747621948,0.0909641627752293
"D3","JinHua_138",1,18,4,0.0909638747621948,0.0909641627752293
"D3","JinHua_14",0,18,4,0.0909638747621948,0.0909641627752293
"D3","JinHua_145",0,18,4,0.0531609699021875,0.0531615251569765
"D3","JinHua_147",0,18,4,0.0403589651454777,0.0403595385567649
"D3","JinHua_149",0,18,4,0.079702726507193,0.0797031204050827
"D3","JinHua_163",0,18,4,0.079702726507193,0.0797031204050827
"D3","JinHua_168",0,18,4,0.060920290710678,0.0609208138396686
"D3","JinHua_173",1,18,4,0.268609794997553,0.268607142785782
"D3","JinHua_174",0,18,4,0.079702726507193,0.0797031204050827
"D3","JinHua_177",0,18,4,0.0909638747621948,0.0909641627752293
"D3","JinHua_183",0,18,4,0.0697287494040458,0.0697292201500112
"D3","JinHua_185",0,18,4,0.0463411717878776,0.0463417426930718
"D3","JinHua_19",0,18,4,0.060920290710678,0.0609208138396686
"D3","JinHua_194",0,18,4,0.0909638747621948,0.0909641627752293
"D3","JinHua_195",0,18,4,0.0463411717878776,0.0463417426930718
"D3","JinHua_206",0,18,4,0.0531609699021875,0.0531615251569765
"D3","JinHua_211",0,18,4,0.103636928116084,0.103637076382425
"D3","JinHua_212",0,18,4,0.079702726507193,0.0797031204050827
"D3","JinHua_215",0,18,4,0.0909638747621948,0.0909641627752293
"D3","JinHua_216",0,18,4,0.13371413949962,0.133713887211078
"D3","JinHua_217",0,18,4,0.0463411717878776,0.0463417426930718
"D3","JinHua_225",1,18,4,0.328992304301605,0.328988490923971
"D3","JinHua_32",1,18,4,0.170856446292881,0.170855603099575
"D3","JinHua_44",0,18,4,0.117846694979309,0.117846664728998
"D3","JinHua_53",0,18,4,0.0403589651454777,0.0403595385567649
"D3","JinHua_55",0,18,4,0.0909638747621948,0.0909641627752293
"D3","JinHua_63",0,18,4,0.13371413949962,0.133713887211078
"D3","JinHua_73",0,18,4,0.103636928116084,0.103637076382425
"D3","JinHua_75",0,18,4,0.060920290710678,0.0609208138396686
"D3","JinHua_76",0,18,4,0.0531609699021875,0.0531615251569765
"D3","JinHua_79",0,18,4,0.0403589651454777,0.0403595385567649
"D3","JinHua_81",0,18,4,0.0697287494040458,0.0697292201500112
"D3","JinHua_82",0,18,4,0.079702726507193,0.0797031204050827
"D3","JinHua_93",1,18,4,0.241191553915167,0.241189428508354
"D3","JinHua_96",0,18,4,0.13371413949962,0.133713887211078
"D3","SSR_1",0,18,4,0.079702726507193,0.0797031204050827
"D3","SSR_106",0,18,4,0.0697287494040458,0.0697292201500112
"D3","SSR_120",0,18,4,0.103636928116084,0.103637076382425
"D3","SSR_121",0,18,4,0.0909638747621948,0.0909641627752293
"D3","SSR_128",0,18,4,0.0463411717878776,0.0463417426930718
"D3","SSR_145",0,18,4,0.170856446292881,0.170855603099575
"D3","SSR_150",0,18,4,0.103636928116084,0.103637076382425
"D3","SSR_164",0,18,4,0.0697287494040458,0.0697292201500112
"D3","SSR_166",0,18,4,0.117846694979309,0.117846664728998
"D3","SSR_173",1,18,4,0.170856446292881,0.170855603099575
"D3","SSR_177",0,18,4,0.0909638747621948,0.0909641627752293
"D3","SSR_179",0,18,4,0.079702726507193,0.0797031204050827
"D3","SSR_26",0,18,4,0.117846694979309,0.117846664728998
"D3","SSR_31",0,18,4,0.0531609699021875,0.0531615251569765
"D3","SSR_32",0,18,4,0.0909638747621948,0.0909641627752293
"D3","SSR_35",1,18,4,0.079702726507193,0.0797031204050827
"D3","SSR_38",0,18,4,0.241191553915167,0.241189428508354
"D3","SSR_40",0,18,4,0.060920290710678,0.0609208138396686
"D3","SSR_42",0,18,4,0.079702726507193,0.0797031204050827
"D3","SSR_46",0,18,4,0.0909638747621948,0.0909641627752293
"D3","SSR_64",0,18,4,0.13371413949962,0.133713887211078
"D3","SSR_73",0,18,4,0.079702726507193,0.0797031204050827
"D3","SSR_78",0,18,4,0.0697287494040458,0.0697292201500112
"D3","SSR_79",0,18,4,0.117846694979309,0.117846664728998
"D3","SSR_81",0,18,4,0.0463411717878776,0.0463417426930718
"D3","SSR_90",0,18,4,0.0531609699021875,0.0531615251569765
"D3","SSR_99",0,18,4,0.103636928116084,0.103637076382425
"D3","JinHua_1",0,18,5,0.0583950889070904,0.0596388028022626
"D3","JinHua_104",0,18,5,0.157844858892082,0.166381392173609
"D3","JinHua_106",0,18,5,0.0583950889070904,0.0599943360685346
"D3","JinHua_110",0,18,5,0.0502898140260311,0.0543184280916976
"D3","JinHua_114",0,18,5,0.0371707116037338,0.0482522251314403
"D3","JinHua_124",0,18,5,0.0583950889070904,0.0484258855526718
"D3","JinHua_140",0,18,5,0.067713560693733,0.0897700974682419
"D3","JinHua_152",0,18,5,0.090598176388895,0.0788678223067346
"D3","JinHua_153",0,18,5,0.231412854701657,0.197134044870151
"D3","JinHua_167",0,18,5,0.0371707116037338,0.0356567354843901
"D3","JinHua_17",0,18,5,0.0583950889070904,0.0396855329660369
"D3","JinHua_171",0,18,5,0.090598176388895,0.0811596706718715
"D3","JinHua_179",1,18,5,0.179999442519338,0.181671962880535
"D3","JinHua_181",0,18,5,0.104485264655759,0.088384142408904
"D3","JinHua_188",0,18,5,0.0583950889070904,0.0539257965943331
"D3","JinHua_189",0,18,5,0.0583950889070904,0.0597708823739346
"D3","JinHua_20",0,18,5,0.067713560693733,0.0513126382000708
"D3","JinHua_200",0,18,5,0.067713560693733,0.0508049893296845
"D3","JinHua_203",0,18,5,0.104485264655759,0.104949618267352
"D3","JinHua_207",0,18,5,0.104485264655759,0.0888750195291963
"D3","JinHua_208",0,18,5,0.067713560693733,0.0796166535077944
"D3","JinHua_213",0,18,5,0.0783952358464345,0.0746860054454133
"D3","JinHua_25",1,18,5,0.157844858892082,0.138438138115213
"D3","JinHua_31",0,18,5,0.231412854701657,0.208174160272055
"D3","JinHua_33",0,18,5,0.0583950889070904,0.0910486783780134
"D3","JinHua_35",0,18,5,0.0783952358464345,0.0981655728760869
"D3","JinHua_37",0,18,5,0.090598176388895,0.0744501931921059
"D3","JinHua_38",0,18,5,0.32599629960658,0.286405378274829
"D3","JinHua_43",0,18,5,0.104485264655759,0.113694178626661
"D3","JinHua_56",0,18,5,0.0371707116037338,0.0460866975918547
"D3","JinHua_6",0,18,5,0.0371707116037338,0.0298159296147179
"D3","JinHua_62",0,18,5,0.0371707116037338,0.0419311851891423
"D3","JinHua_64",0,18,5,0.067713560693733,0.0720836021693997
"D3","JinHua_68",0,18,5,0.120219597543323,0.13728247648743
"D3","JinHua_72",0,18,5,0.104485264655759,0.108006201412642
"D3","JinHua_74",0,18,5,0.0502898140260311,0.0493576862291009
"D3","JinHua_77",0,18,5,0.090598176388895,0.0920341503328783
"D3","JinHua_80",0,18,5,0.179999442519338,0.166473706258993
"D3","JinHua_9",0,18,5,0.0583950889070904,0.0559833548688085
"D3","JinHua_92",0,18,5,0.0371707116037338,0.0374652237657019
"D3","SSR_11",1,18,5,0.090598176388895,0.0727536514277892
"D3","SSR_117",0,18,5,0.067713560693733,0.0637815377551983
"D3","SSR_118",0,18,5,0.0502898140260311,0.0462822059416276
"D3","SSR_130",0,18,5,0.157844858892082,0.135995186658678
"D3","SSR_134",0,18,5,0.104485264655759,0.108540848354601
"D3","SSR_135",0,18,5,0.0502898140260311,0.0390376539618127
"D3","SSR_14",1,18,5,0.0783952358464345,0.055797321545886
"D3","SSR_140",0,18,5,0.0783952358464345,0.0662086430479332
"D3","SSR_152",0,18,5,0.104485264655759,0.145455196760239
"D3","SSR_162",0,18,5,0.104485264655759,0.118680401079804
"D3","SSR_165",0,18,5,0.120219597543323,0.140983332314932
"D3","SSR_175",0,18,5,0.104485264655759,0.102364427288877
"D3","SSR_183",1,18,5,0.515907660654414,0.456968719323939
"D3","SSR_19",0,18,5,0.179999442519338,0.168510975734107
"D3","SSR_20",0,18,5,0.0583950889070904,0.0406232068183507
"D3","SSR_28",0,18,5,0.067713560693733,0.0788847047285261
"D3","SSR_34",0,18,5,0.104485264655759,0.0867369178215327
"D3","SSR_37",0,18,5,0.067713560693733,0.0589704024139935
"D3","SSR_4",0,18,5,0.137958327969185,0.0994510953797247
"D3","SSR_5",0,18,5,0.104485264655759,0.0946883992219206
"D3","SSR_50",0,18,5,0.120219597543323,0.0851538271502177
"D3","SSR_51",0,18,5,0.120219597543323,0.102886497921285
"D3","SSR_52",0,18,5,0.067713560693733,0.0855049548943844
"D3","SSR_54",0,18,5,0.179999442519338,0.130607215499582
"D3","SSR_55",0,18,5,0.104485264655759,0.0753420214766499
"D3","SSR_59",1,18,5,0.260696766425932,0.187399683850182
"D3","SSR_7",0,18,5,0.067713560693733,0.0440015307171126
"D3","SSR_74",0,18,5,0.067713560693733,0.0593822144344608
"D3","SSR_76",1,18,5,0.204508450542807,0.186290566041848
"D3","JinHua_1",0,19,1,0.0542802047120988,0.0542812163850896
"D3","JinHua_100",0,19,1,0.0748112302693538,0.0748120197014582
"D3","JinHua_111",0,19,1,0.0748112302693538,0.0748120197014582
"D3","JinHua_112",0,19,1,0.274357880227706,0.274352713288959
"D3","JinHua_115",1,19,1,0.347540781771802,0.347533014164213
"D3","JinHua_128",0,19,1,0.0542802047120988,0.0542812163850896
"D3","JinHua_140",0,19,1,0.0637801540462979,0.0637810829682476
"D3","JinHua_143",0,19,1,0.119109050497003,0.119108940593366
"D3","JinHua_147",0,19,1,0.0331845851761224,0.033185617010359
"D3","JinHua_153",0,19,1,0.241586341754169,0.241582347071343
"D3","JinHua_156",1,19,1,0.0875717246652219,0.0875723043249105
"D3","JinHua_158",0,19,1,0.0391452691255314,0.0391463226598432
"D3","JinHua_163",0,19,1,0.0748112302693538,0.0748120197014582
"D3","JinHua_168",0,19,1,0.0542802047120988,0.0542812163850896
"D3","JinHua_185",0,19,1,0.0391452691255314,0.0391463226598432
"D3","JinHua_189",0,19,1,0.0542802047120988,0.0542812163850896
"D3","JinHua_195",0,19,1,0.0391452691255314,0.0391463226598432
"D3","JinHua_209",0,19,1,0.0461255431432713,0.0461265928822322
"D3","JinHua_216",0,19,1,0.138295952811403,0.13829533330846
"D3","JinHua_220",0,19,1,0.184408687256061,0.184406656762421
"D3","JinHua_222",0,19,1,0.0748112302693538,0.0748120197014582
"D3","JinHua_224",0,19,1,0.102268176402814,0.102268461335877
"D3","JinHua_225",1,19,1,0.387344537549869,0.387335423388413
"D3","JinHua_28",0,19,1,0.0331845851761224,0.033185617010359
"D3","JinHua_37",0,19,1,0.0875717246652219,0.0875723043249105
"D3","JinHua_38",0,19,1,0.347540781771802,0.347533014164213
"D3","JinHua_41",0,19,1,0.0542802047120988,0.0542812163850896
"D3","JinHua_43",0,19,1,0.102268176402814,0.102268461335877
"D3","JinHua_46",0,19,1,0.0461255431432713,0.0461265928822322
"D3","JinHua_49",0,19,1,0.0748112302693538,0.0748120197014582
"D3","JinHua_52",0,19,1,0.241586341754169,0.241582347071343
"D3","JinHua_53",0,19,1,0.0331845851761224,0.033185617010359
"D3","JinHua_55",0,19,1,0.0875717246652219,0.0875723043249105
"D3","JinHua_56",0,19,1,0.0331845851761224,0.033185617010359
"D3","JinHua_63",0,19,1,0.138295952811403,0.13829533330846
"D3","JinHua_64",0,19,1,0.0637801540462979,0.0637810829682476
"D3","JinHua_68",0,19,1,0.119109050497003,0.119108940593366
"D3","JinHua_69",0,19,1,0.0542802047120988,0.0542812163850896
"D3","JinHua_76",0,19,1,0.0461255431432713,0.0461265928822322
"D3","JinHua_79",0,19,1,0.0331845851761224,0.033185617010359
"D3","JinHua_81",0,19,1,0.0637801540462979,0.0637810829682476
"D3","JinHua_84",1,19,1,0.0748112302693538,0.0748120197014582
"D3","JinHua_92",0,19,1,0.0331845851761224,0.033185617010359
"D3","JinHua_93",1,19,1,0.274357880227706,0.274352713288959
"D3","JinHua_95",0,19,1,0.0461255431432713,0.0461265928822322
"D3","SSR_108",0,19,1,0.0461255431432713,0.0461265928822322
"D3","SSR_120",0,19,1,0.102268176402814,0.102268461335877
"D3","SSR_131",0,19,1,0.138295952811403,0.13829533330846
"D3","SSR_135",0,19,1,0.0461255431432713,0.0461265928822322
"D3","SSR_144",1,19,1,0.0461255431432713,0.0461265928822322
"D3","SSR_146",0,19,1,0.0875717246652219,0.0875723043249105
"D3","SSR_152",0,19,1,0.102268176402814,0.102268461335877
"D3","SSR_154",1,19,1,0.138295952811403,0.13829533330846
"D3","SSR_167",0,19,1,0.0391452691255314,0.0391463226598432
"D3","SSR_175",0,19,1,0.102268176402814,0.102268461335877
"D3","SSR_18",0,19,1,0.347540781771802,0.347533014164213
"D3","SSR_183",1,19,1,0.55651390904016,0.556500332060624
"D3","SSR_19",0,19,1,0.184408687256061,0.184406656762421
"D3","SSR_22",0,19,1,0.119109050497003,0.119108940593366
"D3","SSR_31",0,19,1,0.0461255431432713,0.0461265928822322
"D3","SSR_46",0,19,1,0.0875717246652219,0.0875723043249105
"D3","SSR_5",0,19,1,0.102268176402814,0.102268461335877
"D3","SSR_50",0,19,1,0.119109050497003,0.119108940593366
"D3","SSR_52",0,19,1,0.0637801540462979,0.0637810829682476
"D3","SSR_58",0,19,1,0.138295952811403,0.13829533330846
"D3","SSR_6",0,19,1,0.138295952811403,0.13829533330846
"D3","SSR_74",0,19,1,0.0637801540462979,0.0637810829682476
"D3","SSR_75",0,19,1,0.211587885071544,0.211584940491792
"D3","SSR_78",0,19,1,0.0637801540462979,0.0637810829682476
"D3","SSR_81",0,19,1,0.0391452691255314,0.0391463226598432
"D3","SSR_98",0,19,1,0.0748112302693538,0.0748120197014582
"D3","JinHua_103",0,19,2,0.269236494534895,0.269217569279042
"D3","JinHua_105",0,19,2,0.084477580388498,0.0844810896471759
"D3","JinHua_106",0,19,2,0.0485049028934814,0.0485097972782477
"D3","JinHua_117",0,19,2,0.0485049028934814,0.0485097972782477
"D3","JinHua_119",0,19,2,0.084477580388498,0.0844810896471759
"D3","JinHua_120",0,19,2,0.101085458972133,0.101087744242033
"D3","JinHua_123",1,19,2,0.0703846521181285,0.0703889442631663
"D3","JinHua_129",0,19,2,0.0331838951388407,0.0331885952901733
"D3","JinHua_138",1,19,2,0.084477580388498,0.0844810896471759
"D3","JinHua_139",0,19,2,0.0584925613885173,0.0584972877845332
"D3","JinHua_149",0,19,2,0.0703846521181285,0.0703889442631663
"D3","JinHua_160",0,19,2,0.169122269615125,0.169117278190914
"D3","JinHua_169",0,19,2,0.0273919865935108,0.0273964284981023
"D3","JinHua_174",0,19,2,0.0703846521181285,0.0703889442631663
"D3","JinHua_179",1,19,2,0.19875820785392,0.198749330400347
"D3","JinHua_18",0,19,2,0.084477580388498,0.0844810896471759
"D3","JinHua_19",0,19,2,0.0485049028934814,0.0485097972782477
"D3","JinHua_191",0,19,2,0.0485049028934814,0.0485097972782477
"D3","JinHua_198",0,19,2,0.084477580388498,0.0844810896471759
"D3","JinHua_20",0,19,2,0.0584925613885173,0.0584972877845332
"D3","JinHua_203",0,19,2,0.101085458972133,0.101087744242033
"D3","JinHua_213",0,19,2,0.0703846521181285,0.0703889442631663
"D3","JinHua_214",0,19,2,0.101085458972133,0.101087744242033
"D3","JinHua_223",0,19,2,0.0584925613885173,0.0584972877845332
"D3","JinHua_23",0,19,2,0.0584925613885173,0.0584972877845332
"D3","JinHua_27",1,19,2,0.084477580388498,0.0844810896471759
"D3","JinHua_32",1,19,2,0.19875820785392,0.198749330400347
"D3","JinHua_35",0,19,2,0.0703846521181285,0.0703889442631663
"D3","JinHua_44",0,19,2,0.120528524275162,0.120529046406761
"D3","JinHua_5",0,19,2,0.0331838951388407,0.0331885952901733
"D3","JinHua_51",0,19,2,0.269236494534895,0.269217569279042
"D3","JinHua_57",0,19,2,0.143115922121525,0.143114046090713
"D3","JinHua_75",0,19,2,0.0485049028934814,0.0485097972782477
"D3","JinHua_8",0,19,2,0.0401499205864258,0.0401547869489577
"D3","JinHua_82",0,19,2,0.0703846521181285,0.0703889442631663
"D3","JinHua_87",0,19,2,0.143115922121525,0.143114046090713
"D3","JinHua_97",0,19,2,0.084477580388498,0.0844810896471759
"D3","JinHua_99",0,19,2,0.084477580388498,0.0844810896471759
"D3","SSR_10",0,19,2,0.309873077898778,0.30984818268787
"D3","SSR_103",0,19,2,0.546917123743259,0.546863218521018
"D3","SSR_105",0,19,2,0.0703846521181285,0.0703889442631663
"D3","SSR_114",0,19,2,0.0485049028934814,0.0485097972782477
"D3","SSR_115",0,19,2,0.0485049028934814,0.0485097972782477
"D3","SSR_118",0,19,2,0.0401499205864258,0.0401547869489577
"D3","SSR_161",0,19,2,0.19875820785392,0.198749330400347
"D3","SSR_163",0,19,2,0.0485049028934814,0.0485097972782477
"D3","SSR_170",0,19,2,0.143115922121525,0.143114046090713
"D3","SSR_174",0,19,2,0.143115922121525,0.143114046090713
"D3","SSR_177",0,19,2,0.084477580388498,0.0844810896471759
"D3","SSR_179",0,19,2,0.0703846521181285,0.0703889442631663
"D3","SSR_181",0,19,2,0.19875820785392,0.198749330400347
"D3","SSR_23",0,19,2,0.0584925613885173,0.0584972877845332
"D3","SSR_24",0,19,2,0.0401499205864258,0.0401547869489577
"D3","SSR_26",0,19,2,0.120528524275162,0.120529046406761
"D3","SSR_28",0,19,2,0.0584925613885173,0.0584972877845332
"D3","SSR_3",0,19,2,0.0401499205864258,0.0401547869489577
"D3","SSR_30",0,19,2,0.0584925613885173,0.0584972877845332
"D3","SSR_42",0,19,2,0.0703846521181285,0.0703889442631663
"D3","SSR_43",0,19,2,0.0485049028934814,0.0485097972782477
"D3","SSR_44",1,19,2,0.0703846521181285,0.0703889442631663
"D3","SSR_53",0,19,2,0.084477580388498,0.0844810896471759
"D3","SSR_54",0,19,2,0.19875820785392,0.198749330400347
"D3","SSR_57",0,19,2,0.101085458972133,0.101087744242033
"D3","SSR_59",1,19,2,0.309873077898778,0.30984818268787
"D3","SSR_60",0,19,2,0.143115922121525,0.143114046090713
"D3","SSR_62",0,19,2,0.120528524275162,0.120529046406761
"D3","SSR_65",0,19,2,0.143115922121525,0.143114046090713
"D3","SSR_7",0,19,2,0.0584925613885173,0.0584972877845332
"D3","SSR_71",0,19,2,0.143115922121525,0.143114046090713
"D3","SSR_79",0,19,2,0.120528524275162,0.120529046406761
"D3","JinHua_101",0,19,3,0.102575479723983,0.102576253794023
"D3","JinHua_11",0,19,3,0.0871588755259683,0.0871601681556026
"D3","JinHua_116",0,19,3,0.251705801946741,0.251698528320701
"D3","JinHua_124",0,19,3,0.0527236541424226,0.0527256399505995
"D3","JinHua_13",0,19,3,0.408555833912778,0.408538926804546
"D3","JinHua_134",0,19,3,0.0738685934318359,0.0738702411166203
"D3","JinHua_137",0,19,3,0.0871588755259683,0.0871601681556026
"D3","JinHua_14",0,19,3,0.0871588755259683,0.0871601681556026
"D3","JinHua_165",0,19,3,0.0373871248338664,0.0373891199788035
"D3","JinHua_166",0,19,3,0.0624661811306791,0.0624680506584909
"D3","JinHua_167",0,19,3,0.0314249416123496,0.0314268675515835
"D3","JinHua_17",0,19,3,0.0527236541424226,0.0527256399505995
"D3","JinHua_172",0,19,3,0.0314249416123496,0.0314268675515835
"D3","JinHua_177",0,19,3,0.0871588755259683,0.0871601681556026
"D3","JinHua_178",0,19,3,0.140743085713566,0.140742206915296
"D3","JinHua_181",0,19,3,0.102575479723983,0.102576253794023
"D3","JinHua_184",0,19,3,0.0373871248338664,0.0373891199788035
"D3","JinHua_201",0,19,3,0.0373871248338664,0.0373891199788035
"D3","JinHua_208",0,19,3,0.0624661811306791,0.0624680506584909
"D3","JinHua_21",0,19,3,0.0871588755259683,0.0871601681556026
"D3","JinHua_211",0,19,3,0.102575479723983,0.102576253794023
"D3","JinHua_22",0,19,3,0.0871588755259683,0.0871601681556026
"D3","JinHua_25",1,19,3,0.163935503324517,0.163933433094562
"D3","JinHua_26",0,19,3,0.0444286117735443,0.0444306325723524
"D3","JinHua_31",0,19,3,0.251705801946741,0.251698528320701
"D3","JinHua_33",0,19,3,0.0527236541424226,0.0527256399505995
"D3","JinHua_48",0,19,3,0.0738685934318359,0.0738702411166203
"D3","JinHua_6",0,19,3,0.0314249416123496,0.0314268675515835
"D3","JinHua_7",0,19,3,0.0444286117735443,0.0444306325723524
"D3","JinHua_78",0,19,3,0.0444286117735443,0.0444306325723524
"D3","JinHua_80",0,19,3,0.1901041558939,0.19010062360791
"D3","JinHua_83",1,19,3,0.163935503324517,0.163933433094562
"D3","JinHua_9",0,19,3,0.0527236541424226,0.0527256399505995
"D3","JinHua_91",1,19,3,0.120359419767647,0.120359480227182
"D3","SSR_101",0,19,3,0.0871588755259683,0.0871601681556026
"D3","SSR_12",0,19,3,0.0871588755259683,0.0871601681556026
"D3","SSR_125",0,19,3,0.163935503324517,0.163933433094562
"D3","SSR_128",0,19,3,0.0373871248338664,0.0373891199788035
"D3","SSR_129",0,19,3,0.0738685934318359,0.0738702411166203
"D3","SSR_140",0,19,3,0.0738685934318359,0.0738702411166203
"D3","SSR_143",1,19,3,0.287074304028337,0.287064796358459
"D3","SSR_15",0,19,3,0.0624661811306791,0.0624680506584909
"D3","SSR_150",0,19,3,0.102575479723983,0.102576253794023
"D3","SSR_157",0,19,3,0.163935503324517,0.163933433094562
"D3","SSR_158",1,19,3,0.120359419767647,0.120359480227182
"D3","SSR_16",0,19,3,0.140743085713566,0.140742206915296
"D3","SSR_162",0,19,3,0.102575479723983,0.102576253794023
"D3","SSR_165",0,19,3,0.120359419767647,0.120359480227182
"D3","SSR_166",0,19,3,0.120359419767647,0.120359480227182
"D3","SSR_17",0,19,3,0.0373871248338664,0.0373891199788035
"D3","SSR_172",0,19,3,0.0738685934318359,0.0738702411166203
"D3","SSR_182",0,19,3,0.542338054040442,0.54231485086064
"D3","SSR_20",0,19,3,0.0527236541424226,0.0527256399505995
"D3","SSR_21",0,19,3,0.0373871248338664,0.0373891199788035
"D3","SSR_32",0,19,3,0.0871588755259683,0.0871601681556026
"D3","SSR_34",0,19,3,0.102575479723983,0.102576253794023
"D3","SSR_36",1,19,3,0.0871588755259683,0.0871601681556026
"D3","SSR_37",0,19,3,0.0624661811306791,0.0624680506584909
"D3","SSR_39",0,19,3,0.102575479723983,0.102576253794023
"D3","SSR_4",0,19,3,0.140743085713566,0.140742206915296
"D3","SSR_48",0,19,3,0.0738685934318359,0.0738702411166203
"D3","SSR_51",0,19,3,0.120359419767647,0.120359480227182
"D3","SSR_55",0,19,3,0.102575479723983,0.102576253794023
"D3","SSR_56",0,19,3,0.0738685934318359,0.0738702411166203
"D3","SSR_66",0,19,3,0.0738685934318359,0.0738702411166203
"D3","SSR_67",0,19,3,0.0373871248338664,0.0373891199788035
"D3","SSR_76",1,19,3,0.219354088714616,0.219348818029169
"D3","SSR_90",0,19,3,0.0444286117735443,0.0444306325723524
"D3","SSR_94",0,19,3,0.0624661811306791,0.0624680506584909
"D3","SSR_99",0,19,3,0.102575479723983,0.102576253794023
"D3","JinHua_10",1,19,4,0.0806073288377018,0.0806135246003435
"D3","JinHua_102",0,19,4,0.045228702446458,0.0452366281391965
"D3","JinHua_104",0,19,4,0.166130659643732,0.166123784449607
"D3","JinHua_107",0,19,4,0.0666497561394859,0.0666570290047085
"D3","JinHua_108",0,19,4,0.0666497561394859,0.0666570290047085
"D3","JinHua_113",0,19,4,0.045228702446458,0.0452366281391965
"D3","JinHua_114",0,19,4,0.0249562965462355,0.0249631946516383
"D3","JinHua_118",0,19,4,0.116735610578192,0.116737361862541
"D3","JinHua_121",1,19,4,0.0806073288377018,0.0806135246003435
"D3","JinHua_122",0,19,4,0.0971835034202229,0.0971879160873801
"D3","JinHua_126",0,19,4,0.0666497561394859,0.0666570290047085
"D3","JinHua_135",0,19,4,0.139613052876012,0.139611092194241
"D3","JinHua_141",0,19,4,0.0806073288377018,0.0806135246003435
"D3","JinHua_146",0,19,4,0.0971835034202229,0.0971879160873801
"D3","JinHua_150",0,19,4,0.0249562965462355,0.0249631946516383
"D3","JinHua_151",0,19,4,0.045228702446458,0.0452366281391965
"D3","JinHua_152",0,19,4,0.0806073288377018,0.0806135246003435
"D3","JinHua_155",0,19,4,0.045228702446458,0.0452366281391965
"D3","JinHua_16",0,19,4,0.230961262730438,0.230940616189963
"D3","JinHua_161",0,19,4,0.0549645224835378,0.0549723256523448
"D3","JinHua_171",0,19,4,0.0806073288377018,0.0806135246003435
"D3","JinHua_173",1,19,4,0.357260307743459,0.357210671852527
"D3","JinHua_175",0,19,4,0.0371495896435168,0.0371573462908109
"D3","JinHua_180",0,19,4,0.0371495896435168,0.0371573462908109
"D3","JinHua_183",0,19,4,0.0549645224835378,0.0549723256523448
"D3","JinHua_186",0,19,4,0.0549645224835378,0.0549723256523448
"D3","JinHua_188",0,19,4,0.045228702446458,0.0452366281391965
"D3","JinHua_190",0,19,4,0.139613052876012,0.139611092194241
"D3","JinHua_197",0,19,4,0.045228702446458,0.0452366281391965
"D3","JinHua_199",1,19,4,0.045228702446458,0.0452366281391965
"D3","JinHua_200",0,19,4,0.0549645224835378,0.0549723256523448
"D3","JinHua_204",0,19,4,0.1965344241582,0.196521327955067
"D3","JinHua_210",0,19,4,0.0666497561394859,0.0666570290047085
"D3","JinHua_215",0,19,4,0.0806073288377018,0.0806135246003435
"D3","JinHua_218",0,19,4,0.045228702446458,0.0452366281391965
"D3","JinHua_24",0,19,4,0.1965344241582,0.196521327955067
"D3","JinHua_36",1,19,4,0.166130659643732,0.166123784449607
"D3","JinHua_4",0,19,4,0.0666497561394859,0.0666570290047085
"D3","JinHua_40",0,19,4,0.0304675802748001,0.0304749700019846
"D3","JinHua_42",0,19,4,0.0549645224835378,0.0549723256523448
"D3","JinHua_45",0,19,4,0.0549645224835378,0.0549723256523448
"D3","JinHua_54",0,19,4,0.0806073288377018,0.0806135246003435
"D3","JinHua_59",0,19,4,0.116735610578192,0.116737361862541
"D3","JinHua_60",1,19,4,0.0549645224835378,0.0549723256523448
"D3","JinHua_65",0,19,4,0.116735610578192,0.116737361862541
"D3","JinHua_67",0,19,4,0.139613052876012,0.139611092194241
"D3","JinHua_88",0,19,4,0.116735610578192,0.116737361862541
"D3","JinHua_90",0,19,4,0.0304675802748001,0.0304749700019846
"D3","SSR_102",0,19,4,0.0304675802748001,0.0304749700019846
"D3","SSR_121",0,19,4,0.0806073288377018,0.0806135246003435
"D3","SSR_124",0,19,4,0.0806073288377018,0.0806135246003435
"D3","SSR_127",0,19,4,0.0806073288377018,0.0806135246003435
"D3","SSR_13",0,19,4,0.116735610578192,0.116737361862541
"D3","SSR_130",0,19,4,0.166130659643732,0.166123784449607
"D3","SSR_132",0,19,4,0.139613052876012,0.139611092194241
"D3","SSR_134",0,19,4,0.0971835034202229,0.0971879160873801
"D3","SSR_159",0,19,4,0.0549645224835378,0.0549723256523448
"D3","SSR_169",0,19,4,0.0806073288377018,0.0806135246003435
"D3","SSR_2",0,19,4,0.166130659643732,0.166123784449607
"D3","SSR_25",0,19,4,0.0249562965462355,0.0249631946516383
"D3","SSR_27",0,19,4,0.139613052876012,0.139611092194241
"D3","SSR_29",0,19,4,0.0666497561394859,0.0666570290047085
"D3","SSR_41",0,19,4,0.0971835034202229,0.0971879160873801
"D3","SSR_47",0,19,4,0.269396636507349,0.269367202348859
"D3","SSR_73",0,19,4,0.0666497561394859,0.0666570290047085
"D3","SSR_80",1,19,4,0.045228702446458,0.0452366281391965
"D3","SSR_83",0,19,4,0.116735610578192,0.116737361862541
"D3","SSR_9",0,19,4,0.116735610578192,0.116737361862541
"D3","SSR_95",0,19,4,0.1965344241582,0.196521327955067
"D3","JinHua_110",0,19,5,0.041541652817864,0.0415452900840086
"D3","JinHua_12",0,19,5,0.0995841570860813,0.0995858518450983
"D3","JinHua_131",0,19,5,0.0593053457610998,0.059308825316255
"D3","JinHua_132",0,19,5,0.0241106624627132,0.0241138348171229
"D3","JinHua_133",0,19,5,0.0706620386369344,0.0706651828975441
"D3","JinHua_136",0,19,5,0.0593053457610998,0.059308825316255
"D3","JinHua_144",1,19,5,0.117689063145147,0.117689521162351
"D3","JinHua_145",0,19,5,0.041541652817864,0.0415452900840086
"D3","JinHua_148",0,19,5,0.0839992899492804,0.0840018591227232
"D3","JinHua_15",0,19,5,0.0706620386369344,0.0706651828975441
"D3","JinHua_157",0,19,5,0.0496763180529865,0.0496799465651255
"D3","JinHua_159",0,19,5,0.0346904405855617,0.0346939849495711
"D3","JinHua_162",0,19,5,0.0496763180529865,0.0496799465651255
"D3","JinHua_170",1,19,5,0.291034018101314,0.291016990445927
"D3","JinHua_176",0,19,5,0.0839992899492804,0.0840018591227232
"D3","JinHua_182",0,19,5,0.0593053457610998,0.059308825316255
"D3","JinHua_192",0,19,5,0.138578943401282,0.138577740263582
"D3","JinHua_193",0,19,5,0.028935045539783,0.0289384266643276
"D3","JinHua_194",0,19,5,0.0839992899492804,0.0840018591227232
"D3","JinHua_2",0,19,5,0.0839992899492804,0.0840018591227232
"D3","JinHua_205",0,19,5,0.0706620386369344,0.0706651828975441
"D3","JinHua_206",0,19,5,0.041541652817864,0.0415452900840086
"D3","JinHua_207",0,19,5,0.0995841570860813,0.0995858518450983
"D3","JinHua_212",0,19,5,0.0706620386369344,0.0706651828975441
"D3","JinHua_217",0,19,5,0.0346904405855617,0.0346939849495711
"D3","JinHua_219",0,19,5,0.041541652817864,0.0415452900840086
"D3","JinHua_221",0,19,5,0.0496763180529865,0.0496799465651255
"D3","JinHua_29",0,19,5,0.0995841570860813,0.0995858518450983
"D3","JinHua_3",0,19,5,0.0839992899492804,0.0840018591227232
"D3","JinHua_30",0,19,5,0.0706620386369344,0.0706651828975441
"D3","JinHua_34",0,19,5,0.0593053457610998,0.059308825316255
"D3","JinHua_39",0,19,5,0.331144721283246,0.331123233764016
"D3","JinHua_50",0,19,5,0.138578943401282,0.138577740263582
"D3","JinHua_61",0,19,5,0.0995841570860813,0.0995858518450983
"D3","JinHua_62",0,19,5,0.028935045539783,0.0289384266643276
"D3","JinHua_66",0,19,5,0.0706620386369344,0.0706651828975441
"D3","JinHua_70",0,19,5,0.117689063145147,0.117689521162351
"D3","JinHua_72",0,19,5,0.0995841570860813,0.0995858518450983
"D3","JinHua_73",0,19,5,0.0995841570860813,0.0995858518450983
"D3","JinHua_74",0,19,5,0.041541652817864,0.0415452900840086
"D3","JinHua_77",0,19,5,0.0839992899492804,0.0840018591227232
"D3","JinHua_86",0,19,5,0.041541652817864,0.0415452900840086
"D3","JinHua_89",0,19,5,0.0496763180529865,0.0496799465651255
"D3","JinHua_94",0,19,5,0.162493899410281,0.162490555954603
"D3","JinHua_96",0,19,5,0.138578943401282,0.138577740263582
"D3","SSR_1",0,19,5,0.0706620386369344,0.0706651828975441
"D3","SSR_106",0,19,5,0.0593053457610998,0.059308825316255
"D3","SSR_11",1,19,5,0.0839992899492804,0.0840018591227232
"D3","SSR_111",0,19,5,0.138578943401282,0.138577740263582
"D3","SSR_117",0,19,5,0.0593053457610998,0.059308825316255
"D3","SSR_139",0,19,5,0.117689063145147,0.117689521162351
"D3","SSR_14",1,19,5,0.0706620386369344,0.0706651828975441
"D3","SSR_145",0,19,5,0.189627420749086,0.18962141885457
"D3","SSR_151",0,19,5,0.220101026733728,0.220091835117361
"D3","SSR_164",0,19,5,0.0593053457610998,0.059308825316255
"D3","SSR_171",0,19,5,0.0995841570860813,0.0995858518450983
"D3","SSR_173",1,19,5,0.189627420749086,0.18962141885457
"D3","SSR_33",0,19,5,0.0496763180529865,0.0496799465651255
"D3","SSR_35",1,19,5,0.0706620386369344,0.0706651828975441
"D3","SSR_38",0,19,5,0.291034018101314,0.291016990445927
"D3","SSR_40",0,19,5,0.0496763180529865,0.0496799465651255
"D3","SSR_61",0,19,5,0.220101026733728,0.220091835117361
"D3","SSR_63",0,19,5,0.041541652817864,0.0415452900840086
"D3","SSR_64",0,19,5,0.138578943401282,0.138577740263582
"D3","SSR_68",0,19,5,0.162493899410281,0.162490555954603
"D3","SSR_69",1,19,5,0.117689063145147,0.117689521162351
"D3","SSR_70",0,19,5,0.0839992899492804,0.0840018591227232
"D3","SSR_77",0,19,5,0.138578943401282,0.138577740263582
"D3","SSR_8",0,19,5,0.0706620386369344,0.0706651828975441
"D3","JinHua_122",0,20,1,0.101724726696382,0.101725934788767
"D3","JinHua_126",0,20,1,0.0719151001493789,0.0719178122243972
"D3","JinHua_128",0,20,1,0.0503512966291413,0.0503545504416502
"D3","JinHua_129",0,20,1,0.0350095081785052,0.0350127333016308
"D3","JinHua_131",0,20,1,0.0602363533286901,0.060239429482132
"D3","JinHua_134",0,20,1,0.0719151001493789,0.0719178122243972
"D3","JinHua_140",0,20,1,0.0602363533286901,0.060239429482132
"D3","JinHua_141",0,20,1,0.0856517738184398,0.085653882669157
"D3","JinHua_160",0,20,1,0.166719167905433,0.16671529221075
"D3","JinHua_17",0,20,1,0.0503512966291413,0.0503545504416502
"D3","JinHua_177",0,20,1,0.0856517738184398,0.085653882669157
"D3","JinHua_18",0,20,1,0.0856517738184398,0.085653882669157
"D3","JinHua_188",0,20,1,0.0503512966291413,0.0503545504416502
"D3","JinHua_192",0,20,1,0.14200020585539,0.141998476784408
"D3","JinHua_193",0,20,1,0.0291359409124291,0.0291390290433883
"D3","JinHua_197",0,20,1,0.0503512966291413,0.0503545504416502
"D3","JinHua_198",0,20,1,0.0856517738184398,0.085653882669157
"D3","JinHua_20",0,20,1,0.0602363533286901,0.060239429482132
"D3","JinHua_201",0,20,1,0.0350095081785052,0.0350127333016308
"D3","JinHua_204",0,20,1,0.19476435803929,0.194757833220015
"D3","JinHua_212",0,20,1,0.0719151001493789,0.0719178122243972
"D3","JinHua_218",0,20,1,0.0503512966291413,0.0503545504416502
"D3","JinHua_22",0,20,1,0.0856517738184398,0.085653882669157
"D3","JinHua_225",1,20,1,0.430195848050227,0.430165491019193
"D3","JinHua_27",1,20,1,0.0856517738184398,0.085653882669157
"D3","JinHua_34",0,20,1,0.0602363533286901,0.060239429482132
"D3","JinHua_35",0,20,1,0.0719151001493789,0.0719178122243972
"D3","JinHua_49",0,20,1,0.0719151001493789,0.0719178122243972
"D3","JinHua_50",0,20,1,0.14200020585539,0.141998476784408
"D3","JinHua_51",0,20,1,0.261166636696653,0.261153319415781
"D3","JinHua_56",0,20,1,0.0291359409124291,0.0291390290433883
"D3","JinHua_73",0,20,1,0.101724726696382,0.101725934788767
"D3","JinHua_82",0,20,1,0.0719151001493789,0.0719178122243972
"D3","JinHua_83",1,20,1,0.166719167905433,0.16671529221075
"D3","JinHua_88",0,20,1,0.120416624969071,0.120416573550922
"D3","JinHua_96",0,20,1,0.14200020585539,0.141998476784408
"D3","JinHua_97",0,20,1,0.0856517738184398,0.085653882669157
"D3","SSR_10",0,20,1,0.299391251462798,0.299373899931954
"D3","SSR_103",0,20,1,0.524574847630206,0.524537124910961
"D3","SSR_115",0,20,1,0.0503512966291413,0.0503545504416502
"D3","SSR_120",0,20,1,0.101724726696382,0.101725934788767
"D3","SSR_13",0,20,1,0.120416624969071,0.120416573550922
"D3","SSR_131",0,20,1,0.14200020585539,0.141998476784408
"D3","SSR_135",0,20,1,0.0420158960719343,0.0420191867933986
"D3","SSR_143",1,20,1,0.299391251462798,0.299373899931954
"D3","SSR_15",0,20,1,0.0602363533286901,0.060239429482132
"D3","SSR_151",0,20,1,0.226246339946467,0.226236657407899
"D3","SSR_16",0,20,1,0.14200020585539,0.141998476784408
"D3","SSR_162",0,20,1,0.101724726696382,0.101725934788767
"D3","SSR_164",0,20,1,0.0602363533286901,0.060239429482132
"D3","SSR_17",0,20,1,0.0350095081785052,0.0350127333016308
"D3","SSR_172",0,20,1,0.0719151001493789,0.0719178122243972
"D3","SSR_173",1,20,1,0.19476435803929,0.194757833220015
"D3","SSR_175",0,20,1,0.101724726696382,0.101725934788767
"D3","SSR_26",0,20,1,0.120416624969071,0.120416573550922
"D3","SSR_27",0,20,1,0.14200020585539,0.141998476784408
"D3","SSR_3",0,20,1,0.0420158960719343,0.0420191867933986
"D3","SSR_36",1,20,1,0.0856517738184398,0.085653882669157
"D3","SSR_37",0,20,1,0.0602363533286901,0.060239429482132
"D3","SSR_38",0,20,1,0.299391251462798,0.299373899931954
"D3","SSR_44",1,20,1,0.0719151001493789,0.0719178122243972
"D3","SSR_51",0,20,1,0.120416624969071,0.120416573550922
"D3","SSR_60",0,20,1,0.14200020585539,0.141998476784408
"D3","SSR_61",0,20,1,0.226246339946467,0.226236657407899
"D3","SSR_66",0,20,1,0.0719151001493789,0.0719178122243972
"D3","SSR_69",1,20,1,0.120416624969071,0.120416573550922
"D3","SSR_7",0,20,1,0.0602363533286901,0.060239429482132
"D3","SSR_74",0,20,1,0.0602363533286901,0.060239429482132
"D3","SSR_75",0,20,1,0.226246339946467,0.226236657407899
"D3","SSR_77",0,20,1,0.14200020585539,0.141998476784408
"D3","SSR_95",0,20,1,0.19476435803929,0.194757833220015
"D3","JinHua_1",0,20,2,0.0444558700626248,0.0444622053473914
"D3","JinHua_111",0,20,2,0.0658517734845002,0.0658576174993484
"D3","JinHua_118",0,20,2,0.116202252615805,0.116203670066275
"D3","JinHua_120",0,20,2,0.0965051881058074,0.0965087514318199
"D3","JinHua_135",0,20,2,0.13929972436029,0.139298134174639
"D3","JinHua_148",0,20,2,0.0798452715858654,0.0798502626921975
"D3","JinHua_149",0,20,2,0.0658517734845002,0.0658576174993484
"D3","JinHua_152",0,20,2,0.0798452715858654,0.0798502626921975
"D3","JinHua_155",0,20,2,0.0444558700626248,0.0444622053473914
"D3","JinHua_158",0,20,2,0.0297900194594404,0.0297958946797291
"D3","JinHua_159",0,20,2,0.0297900194594404,0.0297958946797291
"D3","JinHua_162",0,20,2,0.0444558700626248,0.0444622053473914
"D3","JinHua_165",0,20,2,0.0297900194594404,0.0297958946797291
"D3","JinHua_170",1,20,2,0.313839359470853,0.313807362687654
"D3","JinHua_178",0,20,2,0.13929972436029,0.139298134174639
"D3","JinHua_179",1,20,2,0.196934789730536,0.196924131598481
"D3","JinHua_182",0,20,2,0.0541663751280903,0.054172629000728
"D3","JinHua_185",0,20,2,0.0297900194594404,0.0297958946797291
"D3","JinHua_194",0,20,2,0.0798452715858654,0.0798502626921975
"D3","JinHua_195",0,20,2,0.0297900194594404,0.0297958946797291
"D3","JinHua_200",0,20,2,0.0541663751280903,0.054172629000728
"D3","JinHua_205",0,20,2,0.0658517734845002,0.0658576174993484
"D3","JinHua_206",0,20,2,0.0364191550242542,0.0364253386079462
"D3","JinHua_21",0,20,2,0.0798452715858654,0.0798502626921975
"D3","JinHua_214",0,20,2,0.0965051881058074,0.0965087514318199
"D3","JinHua_219",0,20,2,0.0364191550242542,0.0364253386079462
"D3","JinHua_223",0,20,2,0.0541663751280903,0.054172629000728
"D3","JinHua_23",0,20,2,0.0541663751280903,0.054172629000728
"D3","JinHua_26",0,20,2,0.0364191550242542,0.0364253386079462
"D3","JinHua_3",0,20,2,0.0798452715858654,0.0798502626921975
"D3","JinHua_32",1,20,2,0.196934789730536,0.196924131598481
"D3","JinHua_37",0,20,2,0.0798452715858654,0.0798502626921975
"D3","JinHua_38",0,20,2,0.409344620012191,0.409295607287528
"D3","JinHua_40",0,20,2,0.0297900194594404,0.0297958946797291
"D3","JinHua_41",0,20,2,0.0444558700626248,0.0444622053473914
"D3","JinHua_42",0,20,2,0.0541663751280903,0.054172629000728
"D3","JinHua_45",0,20,2,0.0541663751280903,0.054172629000728
"D3","JinHua_62",0,20,2,0.0243370647472613,0.0243425342980216
"D3","JinHua_65",0,20,2,0.116202252615805,0.116203670066275
"D3","JinHua_69",0,20,2,0.0444558700626248,0.0444622053473914
"D3","JinHua_77",0,20,2,0.0798452715858654,0.0798502626921975
"D3","JinHua_84",1,20,2,0.0658517734845002,0.0658576174993484
"D3","JinHua_87",0,20,2,0.13929972436029,0.139298134174639
"D3","SSR_108",0,20,2,0.0364191550242542,0.0364253386079462
"D3","SSR_124",0,20,2,0.0798452715858654,0.0798502626921975
"D3","SSR_127",0,20,2,0.0798452715858654,0.0798502626921975
"D3","SSR_130",0,20,2,0.16612529759257,0.166119711090166
"D3","SSR_132",0,20,2,0.13929972436029,0.139298134174639
"D3","SSR_14",1,20,2,0.0658517734845002,0.0658576174993484
"D3","SSR_144",1,20,2,0.0364191550242542,0.0364253386079462
"D3","SSR_163",0,20,2,0.0444558700626248,0.0444622053473914
"D3","SSR_177",0,20,2,0.0798452715858654,0.0798502626921975
"D3","SSR_179",0,20,2,0.0658517734845002,0.0658576174993484
"D3","SSR_182",0,20,2,0.614065751568765,0.613992050393127
"D3","SSR_2",0,20,2,0.16612529759257,0.166119711090166
"D3","SSR_23",0,20,2,0.0541663751280903,0.054172629000728
"D3","SSR_25",0,20,2,0.0243370647472613,0.0243425342980216
"D3","SSR_34",0,20,2,0.0965051881058074,0.0965087514318199
"D3","SSR_39",0,20,2,0.0965051881058074,0.0965087514318199
"D3","SSR_40",0,20,2,0.0444558700626248,0.0444622053473914
"D3","SSR_42",0,20,2,0.0658517734845002,0.0658576174993484
"D3","SSR_43",0,20,2,0.0444558700626248,0.0444622053473914
"D3","SSR_52",0,20,2,0.0541663751280903,0.054172629000728
"D3","SSR_53",0,20,2,0.0798452715858654,0.0798502626921975
"D3","SSR_58",0,20,2,0.13929972436029,0.139298134174639
"D3","SSR_63",0,20,2,0.0364191550242542,0.0364253386079462
"D3","SSR_64",0,20,2,0.13929972436029,0.139298134174639
"D3","SSR_70",0,20,2,0.0798452715858654,0.0798502626921975
"D3","SSR_80",1,20,2,0.0444558700626248,0.0444622053473914
"D3","SSR_83",0,20,2,0.116202252615805,0.116203670066275
"D3","JinHua_11",0,20,3,0.0886704636138582,0.0886717648217253
"D3","JinHua_112",0,20,3,0.292581171010863,0.292570974077924
"D3","JinHua_113",0,20,3,0.0535228034925895,0.0535248610418347
"D3","JinHua_116",0,20,3,0.256590066992222,0.256582228071655
"D3","JinHua_119",0,20,3,0.0886704636138582,0.0886717648217253
"D3","JinHua_121",1,20,3,0.0886704636138582,0.0886717648217253
"D3","JinHua_124",0,20,3,0.0535228034925895,0.0535248610418347
"D3","JinHua_144",1,20,3,0.122581981737975,0.122581955941889
"D3","JinHua_146",0,20,3,0.104416233693097,0.104416975374937
"D3","JinHua_15",0,20,3,0.0751000155678426,0.0751017016192316
"D3","JinHua_153",0,20,3,0.256590066992222,0.256582228071655
"D3","JinHua_167",0,20,3,0.0318206948756831,0.0318227014381214
"D3","JinHua_169",0,20,3,0.0318206948756831,0.0318227014381214
"D3","JinHua_173",1,20,3,0.331370361071623,0.331357635106128
"D3","JinHua_174",0,20,3,0.0751000155678426,0.0751017016192316
"D3","JinHua_184",0,20,3,0.037891029565405,0.0378931060351273
"D3","JinHua_191",0,20,3,0.0535228034925895,0.0535248610418347
"D3","JinHua_199",1,20,3,0.0535228034925895,0.0535248610418347
"D3","JinHua_207",0,20,3,0.104416233693097,0.104416975374937
"D3","JinHua_208",0,20,3,0.0634618118962545,0.063463740246151
"D3","JinHua_210",0,20,3,0.0751000155678426,0.0751017016192316
"D3","JinHua_213",0,20,3,0.0751000155678426,0.0751017016192316
"D3","JinHua_220",0,20,3,0.193794224212761,0.193790356861958
"D3","JinHua_222",0,20,3,0.0751000155678426,0.0751017016192316
"D3","JinHua_25",1,20,3,0.167084957159788,0.167082649491182
"D3","JinHua_29",0,20,3,0.104416233693097,0.104416975374937
"D3","JinHua_30",0,20,3,0.0751000155678426,0.0751017016192316
"D3","JinHua_39",0,20,3,0.331370361071623,0.331357635106128
"D3","JinHua_4",0,20,3,0.0751000155678426,0.0751017016192316
"D3","JinHua_44",0,20,3,0.122581981737975,0.122581955941889
"D3","JinHua_46",0,20,3,0.0450654811962226,0.0450675807599442
"D3","JinHua_48",0,20,3,0.0751000155678426,0.0751017016192316
"D3","JinHua_5",0,20,3,0.037891029565405,0.0378931060351273
"D3","JinHua_52",0,20,3,0.256590066992222,0.256582228071655
"D3","JinHua_54",0,20,3,0.0886704636138582,0.0886717648217253
"D3","JinHua_57",0,20,3,0.143402060922153,0.143401027743409
"D3","JinHua_64",0,20,3,0.0634618118962545,0.063463740246151
"D3","JinHua_66",0,20,3,0.0751000155678426,0.0751017016192316
"D3","JinHua_7",0,20,3,0.0450654811962226,0.0450675807599442
"D3","JinHua_74",0,20,3,0.0450654811962226,0.0450675807599442
"D3","JinHua_80",0,20,3,0.193794224212761,0.193790356861958
"D3","JinHua_81",0,20,3,0.0634618118962545,0.063463740246151
"D3","JinHua_9",0,20,3,0.0535228034925895,0.0535248610418347
"D3","JinHua_91",1,20,3,0.122581981737975,0.122581955941889
"D3","JinHua_99",0,20,3,0.0886704636138582,0.0886717648217253
"D3","SSR_1",0,20,3,0.0751000155678426,0.0751017016192316
"D3","SSR_101",0,20,3,0.0886704636138582,0.0886717648217253
"D3","SSR_105",0,20,3,0.0751000155678426,0.0751017016192316
"D3","SSR_111",0,20,3,0.143402060922153,0.143401027743409
"D3","SSR_114",0,20,3,0.0535228034925895,0.0535248610418347
"D3","SSR_117",0,20,3,0.0634618118962545,0.063463740246151
"D3","SSR_121",0,20,3,0.0886704636138582,0.0886717648217253
"D3","SSR_125",0,20,3,0.167084957159788,0.167082649491182
"D3","SSR_139",0,20,3,0.122581981737975,0.122581955941889
"D3","SSR_146",0,20,3,0.0886704636138582,0.0886717648217253
"D3","SSR_150",0,20,3,0.104416233693097,0.104416975374937
"D3","SSR_152",0,20,3,0.104416233693097,0.104416975374937
"D3","SSR_159",0,20,3,0.0634618118962545,0.063463740246151
"D3","SSR_165",0,20,3,0.122581981737975,0.122581955941889
"D3","SSR_174",0,20,3,0.143402060922153,0.143401027743409
"D3","SSR_183",1,20,3,0.594675786076952,0.594650124084967
"D3","SSR_28",0,20,3,0.0634618118962545,0.063463740246151
"D3","SSR_32",0,20,3,0.0886704636138582,0.0886717648217253
"D3","SSR_50",0,20,3,0.122581981737975,0.122581955941889
"D3","SSR_6",0,20,3,0.143402060922153,0.143401027743409
"D3","SSR_65",0,20,3,0.143402060922153,0.143401027743409
"D3","SSR_71",0,20,3,0.143402060922153,0.143401027743409
"D3","SSR_79",0,20,3,0.122581981737975,0.122581955941889
"D3","SSR_81",0,20,3,0.037891029565405,0.0378931060351273
"D3","SSR_90",0,20,3,0.0450654811962226,0.0450675807599442
"D3","JinHua_100",0,20,4,0.072315852332798,0.0723180417082283
"D3","JinHua_102",0,20,4,0.0512944282582607,0.051297021118919
"D3","JinHua_103",0,20,4,0.251962223010202,0.25195280914025
"D3","JinHua_104",0,20,4,0.162876832287852,0.162874244527522
"D3","JinHua_105",0,20,4,0.0855897531443474,0.0855914993879918
"D3","JinHua_106",0,20,4,0.0512944282582607,0.051297021118919
"D3","JinHua_107",0,20,4,0.072315852332798,0.0723180417082283
"D3","JinHua_108",0,20,4,0.072315852332798,0.0723180417082283
"D3","JinHua_115",1,20,4,0.368333753464773,0.368314927428391
"D3","JinHua_123",1,20,4,0.072315852332798,0.0723180417082283
"D3","JinHua_13",0,20,4,0.411822221222163,0.411800121115264
"D3","JinHua_139",0,20,4,0.0609633205985627,0.0609657798277758
"D3","JinHua_14",0,20,4,0.0855897531443474,0.0855914993879918
"D3","JinHua_143",0,20,4,0.11890450325821,0.118904677838735
"D3","JinHua_150",0,20,4,0.0302859014313832,0.0302883758025957
"D3","JinHua_156",1,20,4,0.0855897531443474,0.0855914993879918
"D3","JinHua_157",0,20,4,0.0512944282582607,0.051297021118919
"D3","JinHua_163",0,20,4,0.072315852332798,0.0723180417082283
"D3","JinHua_168",0,20,4,0.0512944282582607,0.051297021118919
"D3","JinHua_172",0,20,4,0.0302859014313832,0.0302883758025957
"D3","JinHua_175",0,20,4,0.0430886732298254,0.0430912957938726
"D3","JinHua_180",0,20,4,0.0430886732298254,0.0430912957938726
"D3","JinHua_181",0,20,4,0.101034778964501,0.101035867907683
"D3","JinHua_183",0,20,4,0.0609633205985627,0.0609657798277758
"D3","JinHua_189",0,20,4,0.0512944282582607,0.051297021118919
"D3","JinHua_190",0,20,4,0.139444536578466,0.139443497813989
"D3","JinHua_2",0,20,4,0.0855897531443474,0.0855914993879918
"D3","JinHua_209",0,20,4,0.0430886732298254,0.0430912957938726
"D3","JinHua_211",0,20,4,0.101034778964501,0.101035867907683
"D3","JinHua_215",0,20,4,0.0855897531443474,0.0855914993879918
"D3","JinHua_221",0,20,4,0.0512944282582607,0.051297021118919
"D3","JinHua_24",0,20,4,0.189380166580994,0.189375668315005
"D3","JinHua_43",0,20,4,0.101034778964501,0.101035867907683
"D3","JinHua_6",0,20,4,0.0302859014313832,0.0302883758025957
"D3","JinHua_61",0,20,4,0.101034778964501,0.101035867907683
"D3","JinHua_63",0,20,4,0.139444536578466,0.139443497813989
"D3","JinHua_67",0,20,4,0.139444536578466,0.139443497813989
"D3","JinHua_70",0,20,4,0.11890450325821,0.118904677838735
"D3","JinHua_72",0,20,4,0.101034778964501,0.101035867907683
"D3","JinHua_79",0,20,4,0.0302859014313832,0.0302883758025957
"D3","JinHua_89",0,20,4,0.0512944282582607,0.051297021118919
"D3","JinHua_90",0,20,4,0.0361456085516917,0.0361481841538969
"D3","JinHua_92",0,20,4,0.0302859014313832,0.0302883758025957
"D3","JinHua_95",0,20,4,0.0430886732298254,0.0430912957938726
"D3","SSR_106",0,20,4,0.0609633205985627,0.0609657798277758
"D3","SSR_140",0,20,4,0.072315852332798,0.0723180417082283
"D3","SSR_154",1,20,4,0.139444536578466,0.139443497813989
"D3","SSR_157",0,20,4,0.162876832287852,0.162874244527522
"D3","SSR_158",1,20,4,0.11890450325821,0.118904677838735
"D3","SSR_161",0,20,4,0.189380166580994,0.189375668315005
"D3","SSR_169",0,20,4,0.0855897531443474,0.0855914993879918
"D3","SSR_19",0,20,4,0.189380166580994,0.189375668315005
"D3","SSR_20",0,20,4,0.0512944282582607,0.051297021118919
"D3","SSR_22",0,20,4,0.11890450325821,0.118904677838735
"D3","SSR_24",0,20,4,0.0430886732298254,0.0430912957938726
"D3","SSR_30",0,20,4,0.0609633205985627,0.0609657798277758
"D3","SSR_31",0,20,4,0.0430886732298254,0.0430912957938726
"D3","SSR_35",1,20,4,0.072315852332798,0.0723180417082283
"D3","SSR_47",0,20,4,0.251962223010202,0.25195280914025
"D3","SSR_48",0,20,4,0.072315852332798,0.0723180417082283
"D3","SSR_5",0,20,4,0.101034778964501,0.101035867907683
"D3","SSR_56",0,20,4,0.072315852332798,0.0723180417082283
"D3","SSR_59",1,20,4,0.28797484505287,0.287962487047658
"D3","SSR_62",0,20,4,0.11890450325821,0.118904677838735
"D3","SSR_68",0,20,4,0.162876832287852,0.162874244527522
"D3","SSR_73",0,20,4,0.072315852332798,0.0723180417082283
"D3","SSR_78",0,20,4,0.0609633205985627,0.0609657798277758
"D3","SSR_8",0,20,4,0.072315852332798,0.0723180417082283
"D3","SSR_94",0,20,4,0.0609633205985627,0.0609657798277758
"D3","JinHua_10",1,20,5,0.0837023608877455,0.0837044848046832
"D3","JinHua_101",0,20,5,0.0990923458951383,0.0990937416240241
"D3","JinHua_110",0,20,5,0.0416477491648352,0.0416507796459727
"D3","JinHua_114",0,20,5,0.029101983856879,0.0291048106276535
"D3","JinHua_117",0,20,5,0.0497249535530177,0.0497279714676909
"D3","JinHua_12",0,20,5,0.0990923458951383,0.0990937416240241
"D3","JinHua_132",0,20,5,0.0242891012270041,0.024291757995509
"D3","JinHua_133",0,20,5,0.0705155014108558,0.0705181068064585
"D3","JinHua_136",0,20,5,0.0592717744090488,0.0592746632285051
"D3","JinHua_137",0,20,5,0.0837023608877455,0.0837044848046832
"D3","JinHua_138",1,20,5,0.0837023608877455,0.0837044848046832
"D3","JinHua_145",0,20,5,0.0416477491648352,0.0416507796459727
"D3","JinHua_147",0,20,5,0.029101983856879,0.0291048106276535
"D3","JinHua_151",0,20,5,0.0497249535530177,0.0497279714676909
"D3","JinHua_16",0,20,5,0.217765966031941,0.217758359324143
"D3","JinHua_161",0,20,5,0.0592717744090488,0.0592746632285051
"D3","JinHua_166",0,20,5,0.0592717744090488,0.0592746632285051
"D3","JinHua_171",0,20,5,0.0837023608877455,0.0837044848046832
"D3","JinHua_176",0,20,5,0.0837023608877455,0.0837044848046832
"D3","JinHua_186",0,20,5,0.0592717744090488,0.0592746632285051
"D3","JinHua_19",0,20,5,0.0497249535530177,0.0497279714676909
"D3","JinHua_203",0,20,5,0.0990923458951383,0.0990937416240241
"D3","JinHua_216",0,20,5,0.13753649333181,0.13753548723953
"D3","JinHua_217",0,20,5,0.0348344909583974,0.0348374491295714
"D3","JinHua_224",0,20,5,0.0990923458951383,0.0990937416240241
"D3","JinHua_28",0,20,5,0.029101983856879,0.0291048106276535
"D3","JinHua_31",0,20,5,0.251051987657019,0.251041324253853
"D3","JinHua_33",0,20,5,0.0497249535530177,0.0497279714676909
"D3","JinHua_36",1,20,5,0.161084617507965,0.161081841877719
"D3","JinHua_53",0,20,5,0.029101983856879,0.0291048106276535
"D3","JinHua_55",0,20,5,0.0837023608877455,0.0837044848046832
"D3","JinHua_59",0,20,5,0.116950854881617,0.116951224220167
"D3","JinHua_60",1,20,5,0.0592717744090488,0.0592746632285051
"D3","JinHua_68",0,20,5,0.116950854881617,0.116951224220167
"D3","JinHua_75",0,20,5,0.0497249535530177,0.0497279714676909
"D3","JinHua_76",0,20,5,0.0416477491648352,0.0416507796459727
"D3","JinHua_78",0,20,5,0.0416477491648352,0.0416507796459727
"D3","JinHua_8",0,20,5,0.0416477491648352,0.0416507796459727
"D3","JinHua_86",0,20,5,0.0416477491648352,0.0416507796459727
"D3","JinHua_93",1,20,5,0.287555520834843,0.287541432008166
"D3","JinHua_94",0,20,5,0.161084617507965,0.161081841877719
"D3","SSR_102",0,20,5,0.0348344909583974,0.0348374491295714
"D3","SSR_11",1,20,5,0.0837023608877455,0.0837044848046832
"D3","SSR_118",0,20,5,0.0416477491648352,0.0416507796459727
"D3","SSR_12",0,20,5,0.0837023608877455,0.0837044848046832
"D3","SSR_128",0,20,5,0.0348344909583974,0.0348374491295714
"D3","SSR_129",0,20,5,0.0705155014108558,0.0705181068064585
"D3","SSR_134",0,20,5,0.0990923458951383,0.0990937416240241
"D3","SSR_145",0,20,5,0.187786655118596,0.187781683292965
"D3","SSR_166",0,20,5,0.116950854881617,0.116951224220167
"D3","SSR_167",0,20,5,0.0348344909583974,0.0348374491295714
"D3","SSR_170",0,20,5,0.13753649333181,0.13753548723953
"D3","SSR_171",0,20,5,0.0990923458951383,0.0990937416240241
"D3","SSR_18",0,20,5,0.369156062268242,0.369134430920148
"D3","SSR_181",0,20,5,0.187786655118596,0.187781683292965
"D3","SSR_21",0,20,5,0.0348344909583974,0.0348374491295714
"D3","SSR_29",0,20,5,0.0705155014108558,0.0705181068064585
"D3","SSR_33",0,20,5,0.0497249535530177,0.0497279714676909
"D3","SSR_4",0,20,5,0.13753649333181,0.13753548723953
"D3","SSR_41",0,20,5,0.0990923458951383,0.0990937416240241
"D3","SSR_46",0,20,5,0.0837023608877455,0.0837044848046832
"D3","SSR_54",0,20,5,0.187786655118596,0.187781683292965
"D3","SSR_55",0,20,5,0.0990923458951383,0.0990937416240241
"D3","SSR_57",0,20,5,0.0990923458951383,0.0990937416240241
"D3","SSR_67",0,20,5,0.0348344909583974,0.0348374491295714
"D3","SSR_76",1,20,5,0.217765966031941,0.217758359324143
"D3","SSR_9",0,20,5,0.116950854881617,0.116951224220167
"D3","SSR_98",0,20,5,0.0705155014108558,0.0705181068064585
"D3","SSR_99",0,20,5,0.0990923458951383,0.0990937416240241
"D5","JinHua_10",1,1,1,0.0818199275629389,0.0501231685640436
"D5","JinHua_102",0,1,1,0.0241628723910397,0.026229649940541
"D5","JinHua_104",0,1,1,0.0645254724575196,0.0645810501711188
"D5","JinHua_117",0,1,1,0.0188059011592542,0.0173128126323519
"D5","JinHua_129",0,1,1,0.0645254724575196,0.0480698403620842
"D5","JinHua_137",0,1,1,0.103238179747308,0.156176941312285
"D5","JinHua_146",0,1,1,0.0818199275629389,0.07297043109457
"D5","JinHua_15",0,1,1,0.103238179747308,0.0893782374154252
"D5","JinHua_150",0,1,1,0.0188059011592542,0.0193668669122235
"D5","JinHua_156",1,1,1,0.0645254724575196,0.067299969299725
"D5","JinHua_166",0,1,1,0.014618792311094,0.0171130418565425
"D5","JinHua_17",0,1,1,0.014618792311094,0.0125977818008782
"D5","JinHua_172",0,1,1,0.0188059011592542,0.0194972607106918
"D5","JinHua_175",0,1,1,0.0188059011592542,0.018761644642325
"D5","JinHua_176",0,1,1,0.103238179747308,0.119316085545161
"D5","JinHua_184",0,1,1,0.0506847914966323,0.062243678937174
"D5","JinHua_189",0,1,1,0.0506847914966323,0.0520281514320633
"D5","JinHua_191",0,1,1,0.0645254724575196,0.0568849536982357
"D5","JinHua_203",0,1,1,0.0645254724575196,0.0512664213766194
"D5","JinHua_204",0,1,1,0.103238179747308,0.103746361387714
"D5","JinHua_219",0,1,1,0.0396869790770912,0.0329737337822296
"D5","JinHua_223",0,1,1,0.0241628723910397,0.023887676022763
"D5","JinHua_24",0,1,1,0.0645254724575196,0.0647170836207813
"D5","JinHua_25",1,1,1,0.242822502940239,0.22903646980916
"D5","JinHua_27",1,1,1,0.0309976004590056,0.0303173735882887
"D5","JinHua_31",0,1,1,0.198867414917798,0.228380809975168
"D5","JinHua_34",0,1,1,0.0645254724575196,0.0483452799939251
"D5","JinHua_5",0,1,1,0.0309976004590056,0.0259165467389817
"D5","JinHua_53",0,1,1,0.0188059011592542,0.0189751910542131
"D5","JinHua_6",0,1,1,0.0309976004590056,0.028483358122519
"D5","JinHua_65",0,1,1,0.129472549556324,0.121336039096663
"D5","JinHua_68",0,1,1,0.0645254724575196,0.0507249507500492
"D5","JinHua_70",0,1,1,0.0645254724575196,0.0703331278939331
"D5","JinHua_72",0,1,1,0.198867414917798,0.173655021070759
"D5","JinHua_74",0,1,1,0.0188059011592542,0.0286789171105953
"D5","JinHua_79",0,1,1,0.0188059011592542,0.0166232148082302
"D5","JinHua_84",1,1,1,0.408805995823828,0.396896309662398
"D5","JinHua_86",0,1,1,0.0188059011592542,0.0160671493890395
"D5","JinHua_92",0,1,1,0.0188059011592542,0.0136719216010309
"D5","SSR_10",0,1,1,0.408805995823828,0.414783778867924
"D5","SSR_101",0,1,1,0.0818199275629389,0.0721692301167611
"D5","SSR_125",0,1,1,0.0396869790770912,0.0436267680831674
"D5","SSR_131",0,1,1,0.198867414917798,0.180795438253283
"D5","SSR_150",0,1,1,0.0818199275629389,0.0913544883022711
"D5","SSR_167",0,1,1,0.0309976004590056,0.028351706390563
"D5","SSR_169",0,1,1,0.0645254724575196,0.0689467712221649
"D5","SSR_18",0,1,1,0.292940393758132,0.345804311702845
"D5","SSR_181",0,1,1,0.129472549556324,0.0982678946104032
"D5","SSR_2",0,1,1,0.161175285619617,0.195669619268106
"D5","SSR_21",0,1,1,0.0188059011592542,0.0189826535765549
"D5","SSR_25",0,1,1,0.0309976004590056,0.0178509297075754
"D5","SSR_26",0,1,1,0.161175285619617,0.106522529151075
"D5","SSR_33",0,1,1,0.0309976004590056,0.0280018702221899
"D5","SSR_36",1,1,1,0.0818199275629389,0.0724151485766525
"D5","SSR_39",0,1,1,0.014618792311094,0.0112862688506659
"D5","SSR_48",0,1,1,0.0506847914966323,0.036397149539799
"D5","SSR_52",0,1,1,0.0645254724575196,0.052613279694367
"D5","SSR_81",0,1,1,0.0506847914966323,0.0687043727452614
"D5","SSR_95",0,1,1,0.0818199275629389,0.0712696628562188
"D5","JinHua_112",0,1,2,0.110950634016445,0.110950935713675
"D5","JinHua_124",0,1,2,0.03444481729,0.0344455663385274
"D5","JinHua_13",0,1,2,0.604317409208224,0.604308832473088
"D5","JinHua_135",0,1,2,0.0885456831171776,0.088546244118679
"D5","JinHua_136",0,1,2,0.0885456831171776,0.088546244118679
"D5","JinHua_148",0,1,2,0.0555964724636589,0.055597246218185
"D5","JinHua_16",0,1,2,0.170773322361463,0.170772653003913
"D5","JinHua_165",0,1,2,0.0270196325292495,0.0270203269646841
"D5","JinHua_170",1,1,2,0.303900960089185,0.303897489749565
"D5","JinHua_179",1,1,2,0.543150333229316,0.543142398897101
"D5","JinHua_180",0,1,2,0.0885456831171776,0.088546244118679
"D5","JinHua_181",0,1,2,0.0555964724636589,0.055597246218185
"D5","JinHua_182",0,1,2,0.0555964724636589,0.055597246218185
"D5","JinHua_194",0,1,2,0.0703073093660307,0.070308018170488
"D5","JinHua_2",0,1,2,0.0211599990864855,0.0211606268259431
"D5","JinHua_213",0,1,2,0.0885456831171776,0.088546244118679
"D5","JinHua_214",0,1,2,0.110950634016445,0.110950935713675
"D5","JinHua_221",0,1,2,0.03444481729,0.0344455663385274
"D5","JinHua_224",0,1,2,0.110950634016445,0.110950935713675
"D5","JinHua_39",0,1,2,0.480653737265552,0.480646727088232
"D5","JinHua_42",0,1,2,0.043818600465976,0.0438193810088888
"D5","JinHua_45",0,1,2,0.0703073093660307,0.070308018170488
"D5","JinHua_49",0,1,2,0.0555964724636589,0.055597246218185
"D5","JinHua_56",0,1,2,0.0211599990864855,0.0211606268259431
"D5","JinHua_60",1,1,2,0.138165390090301,0.138165290767202
"D5","JinHua_77",0,1,2,0.138165390090301,0.138165290767202
"D5","JinHua_78",0,1,2,0.0270196325292495,0.0270203269646841
"D5","JinHua_83",1,1,2,0.170773322361463,0.170772653003913
"D5","JinHua_88",0,1,2,0.110950634016445,0.110950935713675
"D5","JinHua_9",0,1,2,0.0270196325292495,0.0270203269646841
"D5","JinHua_96",0,1,2,0.170773322361463,0.170772653003913
"D5","JinHua_97",0,1,2,0.0703073093660307,0.070308018170488
"D5","SSR_106",0,1,2,0.043818600465976,0.0438193810088888
"D5","SSR_134",0,1,2,0.110950634016445,0.110950935713675
"D5","SSR_14",1,1,2,0.110950634016445,0.110950935713675
"D5","SSR_161",0,1,2,0.209208825326918,0.209207399325093
"D5","SSR_162",0,1,2,0.0703073093660307,0.070308018170488
"D5","SSR_171",0,1,2,0.0885456831171776,0.088546244118679
"D5","SSR_174",0,1,2,0.110950634016445,0.110950935713675
"D5","SSR_179",0,1,2,0.043818600465976,0.0438193810088888
"D5","SSR_23",0,1,2,0.0555964724636589,0.055597246218185
"D5","SSR_24",0,1,2,0.0211599990864855,0.0211606268259431
"D5","SSR_27",0,1,2,0.0885456831171776,0.088546244118679
"D5","SSR_28",0,1,2,0.03444481729,0.0344455663385274
"D5","SSR_29",0,1,2,0.043818600465976,0.0438193810088888
"D5","SSR_30",0,1,2,0.03444481729,0.0344455663385274
"D5","SSR_38",0,1,2,0.253648815524603,0.253646446850609
"D5","SSR_40",0,1,2,0.03444481729,0.0344455663385274
"D5","SSR_5",0,1,2,0.110950634016445,0.110950935713675
"D5","SSR_51",0,1,2,0.209208825326918,0.209207399325093
"D5","SSR_54",0,1,2,0.138165390090301,0.138165290767202
"D5","SSR_57",0,1,2,0.043818600465976,0.0438193810088888
"D5","SSR_62",0,1,2,0.0885456831171776,0.088546244118679
"D5","SSR_67",0,1,2,0.0270196325292495,0.0270203269646841
"D5","SSR_69",1,1,2,0.043818600465976,0.0438193810088888
"D5","SSR_79",0,1,2,0.138165390090301,0.138165290767202
"D5","SSR_9",0,1,2,0.209208825326918,0.209207399325093
"D5","SSR_94",0,1,2,0.043818600465976,0.0438193810088888
"D5","JinHua_105",0,1,3,0.195349848450979,0.195327151340601
"D5","JinHua_114",0,1,3,0.0251586367628669,0.025170569163023
"D5","JinHua_122",0,1,3,0.110263447407695,0.110267846903435
"D5","JinHua_131",0,1,3,0.0481248082511749,0.0481384230775778
"D5","JinHua_138",1,1,3,0.275414216883373,0.275360226119854
"D5","JinHua_140",0,1,3,0.0733492457661226,0.0733608698001862
"D5","JinHua_144",1,1,3,0.275414216883373,0.275360226119854
"D5","JinHua_160",0,1,3,0.232996175820813,0.232959098931891
"D5","JinHua_161",0,1,3,0.0481248082511749,0.0481384230775778
"D5","JinHua_171",0,1,3,0.110263447407695,0.110267846903435
"D5","JinHua_192",0,1,3,0.0733492457661226,0.0733608698001862
"D5","JinHua_193",0,1,3,0.0312820904909628,0.0312949215144268
"D5","JinHua_195",0,1,3,0.0481248082511749,0.0481384230775778
"D5","JinHua_207",0,1,3,0.134248293151019,0.134246173472562
"D5","JinHua_210",0,1,3,0.0312820904909628,0.0312949215144268
"D5","JinHua_215",0,1,3,0.038836578035785,0.0388500278412629
"D5","JinHua_218",0,1,3,0.038836578035785,0.0388500278412629
"D5","JinHua_220",0,1,3,0.110263447407695,0.110267846903435
"D5","JinHua_222",0,1,3,0.0312820904909628,0.0312949215144268
"D5","JinHua_26",0,1,3,0.0481248082511749,0.0481384230775778
"D5","JinHua_30",0,1,3,0.0312820904909628,0.0312949215144268
"D5","JinHua_32",1,1,3,0.322309560281088,0.322236687752672
"D5","JinHua_33",0,1,3,0.195349848450979,0.195327151340601
"D5","JinHua_43",0,1,3,0.0901176941574741,0.0901265440460652
"D5","JinHua_44",0,1,3,0.038836578035785,0.0388500278412629
"D5","JinHua_46",0,1,3,0.0312820904909628,0.0312949215144268
"D5","JinHua_48",0,1,3,0.0901176941574741,0.0901265440460652
"D5","JinHua_50",0,1,3,0.110263447407695,0.110267846903435
"D5","JinHua_54",0,1,3,0.0251586367628669,0.025170569163023
"D5","JinHua_59",0,1,3,0.134248293151019,0.134246173472562
"D5","JinHua_61",0,1,3,0.0901176941574741,0.0901265440460652
"D5","JinHua_67",0,1,3,0.195349848450979,0.195327151340601
"D5","JinHua_76",0,1,3,0.0251586367628669,0.025170569163023
"D5","JinHua_87",0,1,3,0.110263447407695,0.110267846903435
"D5","JinHua_95",0,1,3,0.038836578035785,0.0388500278412629
"D5","JinHua_99",0,1,3,0.0901176941574741,0.0901265440460652
"D5","SSR_103",0,1,3,0.322309560281088,0.322236687752672
"D5","SSR_108",0,1,3,0.0481248082511749,0.0481384230775778
"D5","SSR_120",0,1,3,0.0594969231607352,0.0595100234023651
"D5","SSR_13",0,1,3,0.110263447407695,0.110267846903435
"D5","SSR_139",0,1,3,0.0901176941574741,0.0901265440460652
"D5","SSR_152",0,1,3,0.0481248082511749,0.0481384230775778
"D5","SSR_157",0,1,3,0.134248293151019,0.134246173472562
"D5","SSR_164",0,1,3,0.0733492457661226,0.0733608698001862
"D5","SSR_172",0,1,3,0.0733492457661226,0.0733608698001862
"D5","SSR_173",1,1,3,0.232996175820813,0.232959098931891
"D5","SSR_3",0,1,3,0.0733492457661226,0.0733608698001862
"D5","SSR_31",0,1,3,0.110263447407695,0.110267846903435
"D5","SSR_34",0,1,3,0.134248293151019,0.134246173472562
"D5","SSR_35",1,1,3,0.0733492457661226,0.0733608698001862
"D5","SSR_43",0,1,3,0.0312820904909628,0.0312949215144268
"D5","SSR_44",1,1,3,0.0594969231607352,0.0595100234023651
"D5","SSR_47",0,1,3,0.275414216883373,0.275360226119854
"D5","SSR_50",0,1,3,0.134248293151019,0.134246173472562
"D5","SSR_60",0,1,3,0.0481248082511749,0.0481384230775778
"D5","SSR_64",0,1,3,0.0594969231607352,0.0595100234023651
"D5","SSR_78",0,1,3,0.110263447407695,0.110267846903435
"D5","SSR_90",0,1,3,0.038836578035785,0.0388500278412629
"D5","JinHua_1",0,1,4,0.0219030075039899,0.0219203296861181
"D5","JinHua_103",0,1,4,0.355798384871709,0.355672247783824
"D5","JinHua_106",0,1,4,0.0353708375856833,0.035391289107722
"D5","JinHua_108",0,1,4,0.0713481287868666,0.0713670615107038
"D5","JinHua_11",0,1,4,0.0713481287868666,0.0713670615107038
"D5","JinHua_110",0,1,4,0.0219030075039899,0.0219203296861181
"D5","JinHua_111",0,1,4,0.138659384573322,0.138656062114863
"D5","JinHua_116",0,1,4,0.138659384573322,0.138656062114863
"D5","JinHua_119",0,1,4,0.0713481287868666,0.0713670615107038
"D5","JinHua_12",0,1,4,0.208607303130227,0.208568206225828
"D5","JinHua_120",0,1,4,0.208607303130227,0.208568206225828
"D5","JinHua_126",0,1,4,0.0713481287868666,0.0713670615107038
"D5","JinHua_134",0,1,4,0.0713481287868666,0.0713670615107038
"D5","JinHua_14",0,1,4,0.0713481287868666,0.0713670615107038
"D5","JinHua_141",0,1,4,0.0448180175962028,0.0448392013609503
"D5","JinHua_143",0,1,4,0.138659384573322,0.138656062114863
"D5","JinHua_149",0,1,4,0.0353708375856833,0.035391289107722
"D5","JinHua_155",0,1,4,0.0566402827313881,0.0566611365675974
"D5","JinHua_158",0,1,4,0.0353708375856833,0.035391289107722
"D5","JinHua_162",0,1,4,0.0448180175962028,0.0448392013609503
"D5","JinHua_163",0,1,4,0.0713481287868666,0.0713670615107038
"D5","JinHua_173",1,1,4,0.654566844702349,0.654324209137254
"D5","JinHua_174",0,1,4,0.0566402827313881,0.0566611365675974
"D5","JinHua_18",0,1,4,0.111745534525255,0.11175314693475
"D5","JinHua_190",0,1,4,0.111745534525255,0.11175314693475
"D5","JinHua_197",0,1,4,0.0566402827313881,0.0566611365675974
"D5","JinHua_198",0,1,4,0.0713481287868666,0.0713670615107038
"D5","JinHua_199",1,1,4,0.0353708375856833,0.035391289107722
"D5","JinHua_200",0,1,4,0.0895127842399226,0.089527553175477
"D5","JinHua_201",0,1,4,0.0448180175962028,0.0448392013609503
"D5","JinHua_206",0,1,4,0.170808913804462,0.170790172538913
"D5","JinHua_208",0,1,4,0.0278569502260811,0.0278760146876455
"D5","JinHua_211",0,1,4,0.138659384573322,0.138656062114863
"D5","JinHua_225",1,1,4,0.596910880463656,0.596677852720284
"D5","JinHua_37",0,1,4,0.0895127842399226,0.089527553175477
"D5","JinHua_51",0,1,4,0.301490152708554,0.301396266392397
"D5","JinHua_57",0,1,4,0.0713481287868666,0.0713670615107038
"D5","JinHua_62",0,1,4,0.0219030075039899,0.0219203296861181
"D5","JinHua_63",0,1,4,0.138659384573322,0.138656062114863
"D5","JinHua_66",0,1,4,0.0219030075039899,0.0219203296861181
"D5","JinHua_7",0,1,4,0.0566402827313881,0.0566611365675974
"D5","JinHua_73",0,1,4,0.0219030075039899,0.0219203296861181
"D5","JinHua_8",0,1,4,0.0448180175962028,0.0448392013609503
"D5","JinHua_91",1,1,4,0.0713481287868666,0.0713670615107038
"D5","SSR_105",0,1,4,0.0895127842399226,0.089527553175477
"D5","SSR_151",0,1,4,0.0713481287868666,0.0713670615107038
"D5","SSR_154",1,1,4,0.111745534525255,0.11175314693475
"D5","SSR_177",0,1,4,0.0895127842399226,0.089527553175477
"D5","SSR_182",0,1,4,0.474891467488878,0.474702103687302
"D5","SSR_37",0,1,4,0.0566402827313881,0.0566611365675974
"D5","SSR_4",0,1,4,0.0895127842399226,0.089527553175477
"D5","SSR_42",0,1,4,0.0566402827313881,0.0566611365675974
"D5","SSR_56",0,1,4,0.0713481287868666,0.0713670615107038
"D5","SSR_6",0,1,4,0.0566402827313881,0.0566611365675974
"D5","SSR_73",0,1,4,0.0566402827313881,0.0566611365675974
"D5","SSR_75",0,1,4,0.208607303130227,0.208568206225828
"D5","SSR_76",1,1,4,0.208607303130227,0.208568206225828
"D5","SSR_77",0,1,4,0.0713481287868666,0.0713670615107038
"D5","JinHua_100",0,1,5,0.0422718123504636,0.0422724492055916
"D5","JinHua_101",0,1,5,0.0680662637796181,0.068066864033541
"D5","JinHua_107",0,1,5,0.020313662343178,0.0203141625081179
"D5","JinHua_113",0,1,5,0.0537271868336406,0.0537278272580268
"D5","JinHua_121",1,1,5,0.0680662637796181,0.068066864033541
"D5","JinHua_123",1,1,5,0.0680662637796181,0.068066864033541
"D5","JinHua_128",0,1,5,0.020313662343178,0.0203141625081179
"D5","JinHua_132",0,1,5,0.020313662343178,0.0203141625081179
"D5","JinHua_139",0,1,5,0.025979944397001,0.0259805010722358
"D5","JinHua_145",0,1,5,0.025979944397001,0.0259805010722358
"D5","JinHua_147",0,1,5,0.020313662343178,0.0203141625081179
"D5","JinHua_151",0,1,5,0.0331732569705407,0.03317386201266
"D5","JinHua_152",0,1,5,0.0680662637796181,0.068066864033541
"D5","JinHua_153",0,1,5,0.248656688194401,0.248654943089886
"D5","JinHua_157",0,1,5,0.0331732569705407,0.03317386201266
"D5","JinHua_159",0,1,5,0.020313662343178,0.0203141625081179
"D5","JinHua_169",0,1,5,0.020313662343178,0.0203141625081179
"D5","JinHua_183",0,1,5,0.0331732569705407,0.03317386201266
"D5","JinHua_185",0,1,5,0.020313662343178,0.0203141625081179
"D5","JinHua_188",0,1,5,0.0331732569705407,0.03317386201266
"D5","JinHua_19",0,1,5,0.0680662637796181,0.068066864033541
"D5","JinHua_205",0,1,5,0.0537271868336406,0.0537278272580268
"D5","JinHua_217",0,1,5,0.020313662343178,0.0203141625081179
"D5","JinHua_22",0,1,5,0.107828487001947,0.107828794355134
"D5","JinHua_23",0,1,5,0.0537271868336406,0.0537278272580268
"D5","JinHua_3",0,1,5,0.025979944397001,0.0259805010722358
"D5","JinHua_35",0,1,5,0.0858849158629955,0.0858854127306134
"D5","JinHua_38",0,1,5,0.538267332539785,0.538261116559225
"D5","JinHua_4",0,1,5,0.0680662637796181,0.068066864033541
"D5","JinHua_64",0,1,5,0.0858849158629955,0.0858854127306134
"D5","JinHua_69",0,1,5,0.025979944397001,0.0259805010722358
"D5","JinHua_75",0,1,5,0.134553373002791,0.134553380102111
"D5","JinHua_82",0,1,5,0.0680662637796181,0.068066864033541
"D5","JinHua_89",0,1,5,0.0331732569705407,0.03317386201266
"D5","JinHua_90",0,1,5,0.020313662343178,0.0203141625081179
"D5","SSR_1",0,1,5,0.0537271868336406,0.0537278272580268
"D5","SSR_102",0,1,5,0.020313662343178,0.0203141625081179
"D5","SSR_117",0,1,5,0.0331732569705407,0.03317386201266
"D5","SSR_12",0,1,5,0.0537271868336406,0.0537278272580268
"D5","SSR_124",0,1,5,0.107828487001947,0.107828794355134
"D5","SSR_130",0,1,5,0.0680662637796181,0.068066864033541
"D5","SSR_143",1,1,5,0.475404243756334,0.475398787874022
"D5","SSR_145",0,1,5,0.298603288292148,0.298600675602011
"D5","SSR_15",0,1,5,0.0680662637796181,0.068066864033541
"D5","SSR_158",1,1,5,0.107828487001947,0.107828794355134
"D5","SSR_159",0,1,5,0.0331732569705407,0.03317386201266
"D5","SSR_17",0,1,5,0.0331732569705407,0.03317386201266
"D5","SSR_170",0,1,5,0.0858849158629955,0.0858854127306134
"D5","SSR_19",0,1,5,0.248656688194401,0.248654943089886
"D5","SSR_20",0,1,5,0.020313662343178,0.0203141625081179
"D5","SSR_22",0,1,5,0.0680662637796181,0.068066864033541
"D5","SSR_32",0,1,5,0.248656688194401,0.248654943089886
"D5","SSR_46",0,1,5,0.0537271868336406,0.0537278272580268
"D5","SSR_59",1,1,5,0.134553373002791,0.134553380102111
"D5","SSR_61",0,1,5,0.0680662637796181,0.068066864033541
"D5","SSR_70",0,1,5,0.0680662637796181,0.068066864033541
"D5","SSR_8",0,1,5,0.204627182516753,0.204626172319183
"D5","JinHua_105",0,2,1,0.202653173861306,0.202652079886413
"D5","JinHua_108",0,2,1,0.0708723714868089,0.070872974729126
"D5","JinHua_110",0,2,1,0.0223803545084008,0.0223809035164522
"D5","JinHua_111",0,2,1,0.135729435329392,0.135729388662358
"D5","JinHua_114",0,2,1,0.0223803545084008,0.0223809035164522
"D5","JinHua_117",0,2,1,0.0223803545084008,0.0223809035164522
"D5","JinHua_122",0,2,1,0.10988299955359,0.109883272285434
"D5","JinHua_123",1,2,1,0.0708723714868089,0.070872974729126
"D5","JinHua_134",0,2,1,0.0708723714868089,0.070872974729126
"D5","JinHua_135",0,2,1,0.0884546708110434,0.0884551525512657
"D5","JinHua_14",0,2,1,0.0708723714868089,0.070872974729126
"D5","JinHua_146",0,2,1,0.0884546708110434,0.0884551525512657
"D5","JinHua_148",0,2,1,0.0565680564557305,0.0565687154022948
"D5","JinHua_15",0,2,1,0.10988299955359,0.109883272285434
"D5","JinHua_153",0,2,1,0.244331035630242,0.244329197326841
"D5","JinHua_155",0,2,1,0.0565680564557305,0.0565687154022948
"D5","JinHua_156",1,2,1,0.0708723714868089,0.070872974729126
"D5","JinHua_158",0,2,1,0.0357255973626311,0.0357262422450786
"D5","JinHua_16",0,2,1,0.166518086047231,0.166517588617209
"D5","JinHua_161",0,2,1,0.0450109483789222,0.0450116160848121
"D5","JinHua_169",0,2,1,0.0223803545084008,0.0223809035164522
"D5","JinHua_170",1,2,1,0.291447338379798,0.291444624329423
"D5","JinHua_173",1,2,1,0.635508212118054,0.635500739414349
"D5","JinHua_194",0,2,1,0.0708723714868089,0.070872974729126
"D5","JinHua_200",0,2,1,0.0884546708110434,0.0884551525512657
"D5","JinHua_219",0,2,1,0.0450109483789222,0.0450116160848121
"D5","JinHua_22",0,2,1,0.10988299955359,0.109883272285434
"D5","JinHua_223",0,2,1,0.0282989690818481,0.0282995714578897
"D5","JinHua_3",0,2,1,0.0282989690818481,0.0282995714578897
"D5","JinHua_30",0,2,1,0.0282989690818481,0.0282995714578897
"D5","JinHua_35",0,2,1,0.0884546708110434,0.0884551525512657
"D5","JinHua_37",0,2,1,0.0884546708110434,0.0884551525512657
"D5","JinHua_4",0,2,1,0.0708723714868089,0.070872974729126
"D5","JinHua_43",0,2,1,0.0884546708110434,0.0884551525512657
"D5","JinHua_45",0,2,1,0.0708723714868089,0.070872974729126
"D5","JinHua_48",0,2,1,0.0884546708110434,0.0884551525512657
"D5","JinHua_50",0,2,1,0.10988299955359,0.109883272285434
"D5","JinHua_60",1,2,1,0.135729435329392,0.135729388662358
"D5","JinHua_64",0,2,1,0.0884546708110434,0.0884551525512657
"D5","JinHua_7",0,2,1,0.0565680564557305,0.0565687154022948
"D5","JinHua_75",0,2,1,0.135729435329392,0.135729388662358
"D5","JinHua_96",0,2,1,0.166518086047231,0.166517588617209
"D5","JinHua_99",0,2,1,0.0884546708110434,0.0884551525512657
"D5","SSR_1",0,2,1,0.0565680564557305,0.0565687154022948
"D5","SSR_102",0,2,1,0.0223803545084008,0.0223809035164522
"D5","SSR_131",0,2,1,0.202653173861306,0.202652079886413
"D5","SSR_150",0,2,1,0.0884546708110434,0.0884551525512657
"D5","SSR_164",0,2,1,0.0708723714868089,0.070872974729126
"D5","SSR_169",0,2,1,0.0708723714868089,0.070872974729126
"D5","SSR_172",0,2,1,0.0708723714868089,0.070872974729126
"D5","SSR_182",0,2,1,0.458539909470155,0.458534273127812
"D5","SSR_21",0,2,1,0.0223803545084008,0.0223809035164522
"D5","SSR_3",0,2,1,0.0708723714868089,0.070872974729126
"D5","SSR_31",0,2,1,0.10988299955359,0.109883272285434
"D5","SSR_36",1,2,1,0.0884546708110434,0.0884551525512657
"D5","SSR_5",0,2,1,0.10988299955359,0.109883272285434
"D5","SSR_57",0,2,1,0.0450109483789222,0.0450116160848121
"D5","SSR_70",0,2,1,0.0708723714868089,0.070872974729126
"D5","SSR_75",0,2,1,0.202653173861306,0.202652079886413
"D5","JinHua_1",0,2,2,0.0153914726527261,0.0153921336472429
"D5","JinHua_101",0,2,2,0.0597266959067692,0.0597276726320428
"D5","JinHua_107",0,2,2,0.0153914726527261,0.0153921336472429
"D5","JinHua_116",0,2,2,0.12840135627802,0.128401541772084
"D5","JinHua_124",0,2,2,0.0266588127456921,0.0266596723242854
"D5","JinHua_145",0,2,2,0.0202722316427864,0.0202729937555556
"D5","JinHua_150",0,2,2,0.0153914726527261,0.0153921336472429
"D5","JinHua_159",0,2,2,0.0153914726527261,0.0153921336472429
"D5","JinHua_171",0,2,2,0.100148479453039,0.10014910147857
"D5","JinHua_182",0,2,2,0.0457908193433945,0.045791808441318
"D5","JinHua_188",0,2,2,0.0266588127456921,0.0266596723242854
"D5","JinHua_190",0,2,2,0.100148479453039,0.10014910147857
"D5","JinHua_199",1,2,2,0.0266588127456921,0.0266596723242854
"D5","JinHua_201",0,2,2,0.0349855790862173,0.0349865204218174
"D5","JinHua_204",0,2,2,0.100148479453039,0.10014910147857
"D5","JinHua_213",0,2,2,0.077559056274362,0.0775599253247717
"D5","JinHua_214",0,2,2,0.100148479453039,0.10014910147857
"D5","JinHua_220",0,2,2,0.100148479453039,0.10014910147857
"D5","JinHua_26",0,2,2,0.0349855790862173,0.0349865204218174
"D5","JinHua_32",1,2,2,0.374460280496921,0.374454526047647
"D5","JinHua_33",0,2,2,0.205159703518734,0.205158263270978
"D5","JinHua_39",0,2,2,0.511919368781844,0.511910609714307
"D5","JinHua_42",0,2,2,0.0349855790862173,0.0349865204218174
"D5","JinHua_44",0,2,2,0.0266588127456921,0.0266596723242854
"D5","JinHua_53",0,2,2,0.0153914726527261,0.0153921336472429
"D5","JinHua_59",0,2,2,0.12840135627802,0.128401541772084
"D5","JinHua_62",0,2,2,0.0153914726527261,0.0153921336472429
"D5","JinHua_63",0,2,2,0.12840135627802,0.128401541772084
"D5","JinHua_66",0,2,2,0.0153914726527261,0.0153921336472429
"D5","JinHua_69",0,2,2,0.0202722316427864,0.0202729937555556
"D5","JinHua_70",0,2,2,0.0597266959067692,0.0597276726320428
"D5","JinHua_72",0,2,2,0.205159703518734,0.205158263270978
"D5","JinHua_74",0,2,2,0.0153914726527261,0.0153921336472429
"D5","JinHua_78",0,2,2,0.0202722316427864,0.0202729937555556
"D5","JinHua_79",0,2,2,0.0153914726527261,0.0153921336472429
"D5","JinHua_9",0,2,2,0.0202722316427864,0.0202729937555556
"D5","JinHua_95",0,2,2,0.0266588127456921,0.0266596723242854
"D5","SSR_101",0,2,2,0.077559056274362,0.0775599253247717
"D5","SSR_117",0,2,2,0.0266588127456921,0.0266596723242854
"D5","SSR_12",0,2,2,0.0457908193433945,0.045791808441318
"D5","SSR_120",0,2,2,0.0457908193433945,0.045791808441318
"D5","SSR_125",0,2,2,0.0349855790862173,0.0349865204218174
"D5","SSR_13",0,2,2,0.100148479453039,0.10014910147857
"D5","SSR_14",1,2,2,0.100148479453039,0.10014910147857
"D5","SSR_145",0,2,2,0.311409735226023,0.311405592004291
"D5","SSR_15",0,2,2,0.0597266959067692,0.0597276726320428
"D5","SSR_158",1,2,2,0.100148479453039,0.10014910147857
"D5","SSR_159",0,2,2,0.0266588127456921,0.0266596723242854
"D5","SSR_23",0,2,2,0.0457908193433945,0.045791808441318
"D5","SSR_26",0,2,2,0.163179291989306,0.163178802131634
"D5","SSR_27",0,2,2,0.077559056274362,0.0775599253247717
"D5","SSR_33",0,2,2,0.0266588127456921,0.0266596723242854
"D5","SSR_35",1,2,2,0.0597266959067692,0.0597276726320428
"D5","SSR_47",0,2,2,0.311409735226023,0.311405592004291
"D5","SSR_54",0,2,2,0.12840135627802,0.128401541772084
"D5","SSR_69",1,2,2,0.0349855790862173,0.0349865204218174
"D5","SSR_77",0,2,2,0.0597266959067692,0.0597276726320428
"D5","SSR_90",0,2,2,0.0266588127456921,0.0266596723242854
"D5","JinHua_100",0,2,3,0.0432791285271983,0.0432988836249942
"D5","JinHua_103",0,2,3,0.337561319950139,0.337450707336471
"D5","JinHua_106",0,2,3,0.0342900860633243,0.0343091044668376
"D5","JinHua_112",0,2,3,0.106483283505023,0.10649168715091
"D5","JinHua_136",0,2,3,0.0855405127215659,0.0855550236484983
"D5","JinHua_138",1,2,3,0.285702833307697,0.285621713801901
"D5","JinHua_141",0,2,3,0.0432791285271983,0.0432988836249942
"D5","JinHua_151",0,2,3,0.0342900860633243,0.0343091044668376
"D5","JinHua_162",0,2,3,0.0432791285271983,0.0432988836249942
"D5","JinHua_163",0,2,3,0.0684013768374126,0.0684193910196507
"D5","JinHua_165",0,2,3,0.0271151464179483,0.0271328620140569
"D5","JinHua_166",0,2,3,0.016881599373678,0.0168959727950628
"D5","JinHua_17",0,2,3,0.016881599373678,0.0168959727950628
"D5","JinHua_175",0,2,3,0.0214082268827712,0.0214243330925632
"D5","JinHua_179",1,2,3,0.513076341926848,0.512879921914206
"D5","JinHua_180",0,2,3,0.0855405127215659,0.0855550236484983
"D5","JinHua_189",0,2,3,0.0544916550110488,0.0545112281717647
"D5","JinHua_193",0,2,3,0.0271151464179483,0.0271328620140569
"D5","JinHua_195",0,2,3,0.0432791285271983,0.0432988836249942
"D5","JinHua_198",0,2,3,0.0684013768374126,0.0684193910196507
"D5","JinHua_207",0,2,3,0.13181435970313,0.131813347117435
"D5","JinHua_215",0,2,3,0.0342900860633243,0.0343091044668376
"D5","JinHua_217",0,2,3,0.0214082268827712,0.0214243330925632
"D5","JinHua_222",0,2,3,0.0271151464179483,0.0271328620140569
"D5","JinHua_224",0,2,3,0.106483283505023,0.10649168715091
"D5","JinHua_23",0,2,3,0.0544916550110488,0.0545112281717647
"D5","JinHua_25",1,2,3,0.238937606514527,0.23888299161936
"D5","JinHua_27",1,2,3,0.0342900860633243,0.0343091044668376
"D5","JinHua_49",0,2,3,0.0544916550110488,0.0545112281717647
"D5","JinHua_57",0,2,3,0.0684013768374126,0.0684193910196507
"D5","JinHua_73",0,2,3,0.0214082268827712,0.0214243330925632
"D5","JinHua_86",0,2,3,0.0214082268827712,0.0214243330925632
"D5","JinHua_97",0,2,3,0.0684013768374126,0.0684193910196507
"D5","SSR_103",0,2,3,0.337561319950139,0.337450707336471
"D5","SSR_134",0,2,3,0.106483283505023,0.10649168715091
"D5","SSR_154",1,2,3,0.106483283505023,0.10649168715091
"D5","SSR_157",0,2,3,0.13181435970313,0.131813347117435
"D5","SSR_161",0,2,3,0.19770839874861,0.19767617099036
"D5","SSR_162",0,2,3,0.0684013768374126,0.0684193910196507
"D5","SSR_170",0,2,3,0.0855405127215659,0.0855550236484983
"D5","SSR_174",0,2,3,0.106483283505023,0.10649168715091
"D5","SSR_179",0,2,3,0.0432791285271983,0.0432988836249942
"D5","SSR_20",0,2,3,0.0214082268827712,0.0214243330925632
"D5","SSR_22",0,2,3,0.0684013768374126,0.0684193910196507
"D5","SSR_24",0,2,3,0.0214082268827712,0.0214243330925632
"D5","SSR_29",0,2,3,0.0432791285271983,0.0432988836249942
"D5","SSR_32",0,2,3,0.238937606514527,0.23888299161936
"D5","SSR_38",0,2,3,0.238937606514527,0.23888299161936
"D5","SSR_39",0,2,3,0.016881599373678,0.0168959727950628
"D5","SSR_4",0,2,3,0.0855405127215659,0.0855550236484983
"D5","SSR_44",1,2,3,0.0544916550110488,0.0545112281717647
"D5","SSR_48",0,2,3,0.0544916550110488,0.0545112281717647
"D5","SSR_52",0,2,3,0.0684013768374126,0.0684193910196507
"D5","SSR_56",0,2,3,0.0684013768374126,0.0684193910196507
"D5","SSR_62",0,2,3,0.0855405127215659,0.0855550236484983
"D5","SSR_67",0,2,3,0.0271151464179483,0.0271328620140569
"D5","SSR_8",0,2,3,0.19770839874861,0.19767617099036
"D5","SSR_81",0,2,3,0.0544916550110488,0.0545112281717647
"D5","JinHua_102",0,2,4,0.033131922785026,0.0331402212113982
"D5","JinHua_104",0,2,4,0.0781861519511061,0.0781928573305633
"D5","JinHua_11",0,2,4,0.0781861519511061,0.0781928573305633
"D5","JinHua_120",0,2,4,0.208439383240103,0.208420500549221
"D5","JinHua_131",0,2,4,0.0511539046730909,0.0511624491019576
"D5","JinHua_132",0,2,4,0.0265932832704923,0.0266010635073911
"D5","JinHua_143",0,2,4,0.143377635464788,0.143373771955606
"D5","JinHua_147",0,2,4,0.0265932832704923,0.0266010635073911
"D5","JinHua_149",0,2,4,0.0412101909037141,0.041218786443262
"D5","JinHua_160",0,2,4,0.248285057140527,0.248255952585531
"D5","JinHua_172",0,2,4,0.0265932832704923,0.0266010635073911
"D5","JinHua_174",0,2,4,0.063338460198428,0.0633464418025582
"D5","JinHua_176",0,2,4,0.117731094254904,0.117732137062473
"D5","JinHua_18",0,2,4,0.117731094254904,0.117732137062473
"D5","JinHua_184",0,2,4,0.063338460198428,0.0633464418025582
"D5","JinHua_191",0,2,4,0.0781861519511061,0.0781928573305633
"D5","JinHua_192",0,2,4,0.0781861519511061,0.0781928573305633
"D5","JinHua_2",0,2,4,0.0265932832704923,0.0266010635073911
"D5","JinHua_206",0,2,4,0.173512277296312,0.173501815625708
"D5","JinHua_218",0,2,4,0.0412101909037141,0.041218786443262
"D5","JinHua_225",1,2,4,0.562592768875434,0.562493121736516
"D5","JinHua_24",0,2,4,0.0781861519511061,0.0781928573305633
"D5","JinHua_31",0,2,4,0.208439383240103,0.208420500549221
"D5","JinHua_34",0,2,4,0.0781861519511061,0.0781928573305633
"D5","JinHua_38",0,2,4,0.506277892448503,0.50618704960816
"D5","JinHua_46",0,2,4,0.033131922785026,0.0331402212113982
"D5","JinHua_5",0,2,4,0.0412101909037141,0.041218786443262
"D5","JinHua_51",0,2,4,0.292928930177041,0.292888037275475
"D5","JinHua_61",0,2,4,0.0961571006016645,0.0961615797205153
"D5","JinHua_65",0,2,4,0.143377635464788,0.143373771955606
"D5","JinHua_8",0,2,4,0.0511539046730909,0.0511624491019576
"D5","JinHua_82",0,2,4,0.0781861519511061,0.0781928573305633
"D5","JinHua_83",1,2,4,0.173512277296312,0.173501815625708
"D5","JinHua_84",1,2,4,0.394593470182695,0.394526479173076
"D5","JinHua_87",0,2,4,0.117731094254904,0.117732137062473
"D5","JinHua_89",0,2,4,0.0412101909037141,0.041218786443262
"D5","JinHua_91",1,2,4,0.0781861519511061,0.0781928573305633
"D5","SSR_10",0,2,4,0.394593470182695,0.394526479173076
"D5","SSR_106",0,2,4,0.0511539046730909,0.0511624491019576
"D5","SSR_139",0,2,4,0.0961571006016645,0.0961615797205153
"D5","SSR_143",1,2,4,0.449803263083569,0.449723592680339
"D5","SSR_152",0,2,4,0.0511539046730909,0.0511624491019576
"D5","SSR_171",0,2,4,0.0961571006016645,0.0961615797205153
"D5","SSR_173",1,2,4,0.248285057140527,0.248255952585531
"D5","SSR_18",0,2,4,0.292928930177041,0.292888037275475
"D5","SSR_181",0,2,4,0.143377635464788,0.143373771955606
"D5","SSR_19",0,2,4,0.248285057140527,0.248255952585531
"D5","SSR_30",0,2,4,0.0412101909037141,0.041218786443262
"D5","SSR_37",0,2,4,0.063338460198428,0.0633464418025582
"D5","SSR_42",0,2,4,0.063338460198428,0.0633464418025582
"D5","SSR_43",0,2,4,0.033131922785026,0.0331402212113982
"D5","SSR_50",0,2,4,0.143377635464788,0.143373771955606
"D5","SSR_51",0,2,4,0.208439383240103,0.208420500549221
"D5","SSR_6",0,2,4,0.063338460198428,0.0633464418025582
"D5","SSR_60",0,2,4,0.0511539046730909,0.0511624491019576
"D5","SSR_73",0,2,4,0.063338460198428,0.0633464418025582
"D5","SSR_9",0,2,4,0.208439383240103,0.208420500549221
"D5","SSR_94",0,2,4,0.0511539046730909,0.0511624491019576
"D5","JinHua_10",1,2,5,0.0877041913369686,0.0877194115877177
"D5","JinHua_113",0,2,5,0.0562234162404218,0.0562434333984752
"D5","JinHua_119",0,2,5,0.0703532713257346,0.0703718281113667
"D5","JinHua_12",0,2,5,0.200227751930325,0.200198332802313
"D5","JinHua_121",1,2,5,0.0703532713257346,0.0703718281113667
"D5","JinHua_126",0,2,5,0.0703532713257346,0.0703718281113667
"D5","JinHua_128",0,2,5,0.0223641239703299,0.0223805520541021
"D5","JinHua_129",0,2,5,0.0703532713257346,0.0703718281113667
"D5","JinHua_13",0,2,5,0.57201911404729,0.571813922706814
"D5","JinHua_137",0,2,5,0.108833331065795,0.108842712768895
"D5","JinHua_139",0,2,5,0.0282392041357479,0.0282572561017338
"D5","JinHua_140",0,2,5,0.0703532713257346,0.0703718281113667
"D5","JinHua_144",1,2,5,0.287755522806573,0.287679555252244
"D5","JinHua_152",0,2,5,0.0703532713257346,0.0703718281113667
"D5","JinHua_157",0,2,5,0.0356014704679004,0.035620844777322
"D5","JinHua_181",0,2,5,0.0562234162404218,0.0562434333984752
"D5","JinHua_183",0,2,5,0.0356014704679004,0.035620844777322
"D5","JinHua_185",0,2,5,0.0223641239703299,0.0223805520541021
"D5","JinHua_19",0,2,5,0.0703532713257346,0.0703718281113667
"D5","JinHua_197",0,2,5,0.0562234162404218,0.0562434333984752
"D5","JinHua_203",0,2,5,0.0703532713257346,0.0703718281113667
"D5","JinHua_205",0,2,5,0.0562234162404218,0.0562434333984752
"D5","JinHua_208",0,2,5,0.0282392041357479,0.0282572561017338
"D5","JinHua_210",0,2,5,0.0282392041357479,0.0282572561017338
"D5","JinHua_211",0,2,5,0.134303402567704,0.134303779645741
"D5","JinHua_221",0,2,5,0.0356014704679004,0.035620844777322
"D5","JinHua_54",0,2,5,0.0223641239703299,0.0223805520541021
"D5","JinHua_56",0,2,5,0.0223641239703299,0.0223805520541021
"D5","JinHua_6",0,2,5,0.0356014704679004,0.035620844777322
"D5","JinHua_67",0,2,5,0.200227751930325,0.200198332802313
"D5","JinHua_68",0,2,5,0.0703532713257346,0.0703718281113667
"D5","JinHua_76",0,2,5,0.0223641239703299,0.0223805520541021
"D5","JinHua_77",0,2,5,0.134303402567704,0.134303779645741
"D5","JinHua_88",0,2,5,0.108833331065795,0.108842712768895
"D5","JinHua_90",0,2,5,0.0223641239703299,0.0223805520541021
"D5","JinHua_92",0,2,5,0.0223641239703299,0.0223805520541021
"D5","SSR_105",0,2,5,0.0877041913369686,0.0877194115877177
"D5","SSR_108",0,2,5,0.0447946808787843,0.0448148237796975
"D5","SSR_124",0,2,5,0.108833331065795,0.108842712768895
"D5","SSR_130",0,2,5,0.0703532713257346,0.0703718281113667
"D5","SSR_151",0,2,5,0.0703532713257346,0.0703718281113667
"D5","SSR_167",0,2,5,0.0356014704679004,0.035620844777322
"D5","SSR_17",0,2,5,0.0356014704679004,0.035620844777322
"D5","SSR_177",0,2,5,0.0877041913369686,0.0877194115877177
"D5","SSR_2",0,2,5,0.164633014593195,0.164620604381163
"D5","SSR_25",0,2,5,0.0356014704679004,0.035620844777322
"D5","SSR_28",0,2,5,0.0356014704679004,0.035620844777322
"D5","SSR_34",0,2,5,0.134303402567704,0.134303779645741
"D5","SSR_40",0,2,5,0.0356014704679004,0.035620844777322
"D5","SSR_46",0,2,5,0.0562234162404218,0.0562434333984752
"D5","SSR_59",1,2,5,0.134303402567704,0.134303779645741
"D5","SSR_61",0,2,5,0.0703532713257346,0.0703718281113667
"D5","SSR_64",0,2,5,0.0562234162404218,0.0562434333984752
"D5","SSR_76",1,2,5,0.200227751930325,0.200198332802313
"D5","SSR_78",0,2,5,0.108833331065795,0.108842712768895
"D5","SSR_79",0,2,5,0.134303402567704,0.134303779645741
"D5","SSR_95",0,2,5,0.0877041913369686,0.0877194115877177
"D5","JinHua_101",0,3,1,0.0597637151130931,0.0597653896585648
"D5","JinHua_103",0,3,1,0.378365809775096,0.378356396039052
"D5","JinHua_107",0,3,1,0.0152507423410694,0.015251845311738
"D5","JinHua_108",0,3,1,0.0597637151130931,0.0597653896585648
"D5","JinHua_11",0,3,1,0.0597637151130931,0.0597653896585648
"D5","JinHua_110",0,3,1,0.0152507423410694,0.015251845311738
"D5","JinHua_119",0,3,1,0.0597637151130931,0.0597653896585648
"D5","JinHua_122",0,3,1,0.10056866740219,0.100569783987759
"D5","JinHua_123",1,3,1,0.0597637151130931,0.0597653896585648
"D5","JinHua_124",0,3,1,0.0265207691479916,0.0265222145467813
"D5","JinHua_126",0,3,1,0.0597637151130931,0.0597653896585648
"D5","JinHua_132",0,3,1,0.0152507423410694,0.015251845311738
"D5","JinHua_135",0,3,1,0.0777493226540493,0.0777508336261512
"D5","JinHua_145",0,3,1,0.0201271415811689,0.0201284178713781
"D5","JinHua_150",0,3,1,0.0152507423410694,0.015251845311738
"D5","JinHua_163",0,3,1,0.0597637151130931,0.0597653896585648
"D5","JinHua_191",0,3,1,0.0597637151130931,0.0597653896585648
"D5","JinHua_192",0,3,1,0.0597637151130931,0.0597653896585648
"D5","JinHua_197",0,3,1,0.0457323711894226,0.0457340526160063
"D5","JinHua_201",0,3,1,0.0348731264886307,0.0348747170170743
"D5","JinHua_205",0,3,1,0.0457323711894226,0.0457340526160063
"D5","JinHua_218",0,3,1,0.0265207691479916,0.0265222145467813
"D5","JinHua_224",0,3,1,0.10056866740219,0.100569783987759
"D5","JinHua_24",0,3,1,0.0597637151130931,0.0597653896585648
"D5","JinHua_26",0,3,1,0.0348731264886307,0.0348747170170743
"D5","JinHua_27",1,3,1,0.0265207691479916,0.0265222145467813
"D5","JinHua_3",0,3,1,0.0201271415811689,0.0201284178713781
"D5","JinHua_42",0,3,1,0.0348731264886307,0.0348747170170743
"D5","JinHua_46",0,3,1,0.0201271415811689,0.0201284178713781
"D5","JinHua_51",0,3,1,0.314557959322942,0.314551211647701
"D5","JinHua_57",0,3,1,0.0597637151130931,0.0597653896585648
"D5","JinHua_61",0,3,1,0.0777493226540493,0.0777508336261512
"D5","JinHua_65",0,3,1,0.129147586442734,0.129147993143402
"D5","JinHua_72",0,3,1,0.206901245701932,0.206898974693656
"D5","JinHua_76",0,3,1,0.0152507423410694,0.015251845311738
"D5","JinHua_87",0,3,1,0.10056866740219,0.100569783987759
"D5","JinHua_89",0,3,1,0.0265207691479916,0.0265222145467813
"D5","JinHua_90",0,3,1,0.0152507423410694,0.015251845311738
"D5","JinHua_96",0,3,1,0.164363755166209,0.164363053064537
"D5","JinHua_99",0,3,1,0.0777493226540493,0.0777508336261512
"D5","SSR_106",0,3,1,0.0348731264886307,0.0348747170170743
"D5","SSR_120",0,3,1,0.0457323711894226,0.0457340526160063
"D5","SSR_124",0,3,1,0.10056866740219,0.100569783987759
"D5","SSR_125",0,3,1,0.0348731264886307,0.0348747170170743
"D5","SSR_14",1,3,1,0.10056866740219,0.100569783987759
"D5","SSR_150",0,3,1,0.0777493226540493,0.0777508336261512
"D5","SSR_157",0,3,1,0.129147586442734,0.129147993143402
"D5","SSR_161",0,3,1,0.206901245701932,0.206898974693656
"D5","SSR_172",0,3,1,0.0597637151130931,0.0597653896585648
"D5","SSR_177",0,3,1,0.0777493226540493,0.0777508336261512
"D5","SSR_181",0,3,1,0.129147586442734,0.129147993143402
"D5","SSR_19",0,3,1,0.257060935594063,0.257056625609951
"D5","SSR_25",0,3,1,0.0265207691479916,0.0265222145467813
"D5","SSR_35",1,3,1,0.0597637151130931,0.0597653896585648
"D5","SSR_36",1,3,1,0.0777493226540493,0.0777508336261512
"D5","SSR_38",0,3,1,0.257060935594063,0.257056625609951
"D5","SSR_59",1,3,1,0.129147586442734,0.129147993143402
"D5","SSR_73",0,3,1,0.0457323711894226,0.0457340526160063
"D5","SSR_8",0,3,1,0.206901245701932,0.206898974693656
"D5","JinHua_1",0,3,2,0.0381375797242382,0.0381385021898638
"D5","JinHua_112",0,3,2,0.113295465186813,0.113295457217208
"D5","JinHua_113",0,3,2,0.0718235642536628,0.0718242796902039
"D5","JinHua_12",0,3,2,0.174219049564457,0.174217482797612
"D5","JinHua_136",0,3,2,0.0975561648742618,0.097556475156684
"D5","JinHua_138",1,3,2,0.22764003997603,0.227636858027636
"D5","JinHua_141",0,3,2,0.0614463986789727,0.0614472254218648
"D5","JinHua_143",0,3,2,0.131204891217105,0.131204471387991
"D5","JinHua_144",1,3,2,0.22764003997603,0.227636858027636
"D5","JinHua_148",0,3,2,0.0718235642536628,0.0718242796902039
"D5","JinHua_15",0,3,2,0.113295465186813,0.113295457217208
"D5","JinHua_151",0,3,2,0.0524837616537259,0.0524846537623647
"D5","JinHua_159",0,3,2,0.0381375797242382,0.0381385021898638
"D5","JinHua_162",0,3,2,0.0614463986789727,0.0614472254218648
"D5","JinHua_169",0,3,2,0.0381375797242382,0.0381385021898638
"D5","JinHua_17",0,3,2,0.0324572176569858,0.0324581205359615
"D5","JinHua_173",1,3,2,0.445543860684498,0.44553404847902
"D5","JinHua_175",0,3,2,0.0381375797242382,0.0381385021898638
"D5","JinHua_179",1,3,2,0.365163325409932,0.365155788389233
"D5","JinHua_18",0,3,2,0.113295465186813,0.113295457217208
"D5","JinHua_184",0,3,2,0.0718235642536628,0.0718242796902039
"D5","JinHua_190",0,3,2,0.113295465186813,0.113295457217208
"D5","JinHua_204",0,3,2,0.113295465186813,0.113295457217208
"D5","JinHua_210",0,3,2,0.0447660702832479,0.0447669915106223
"D5","JinHua_213",0,3,2,0.0975561648742618,0.097556475156684
"D5","JinHua_217",0,3,2,0.0381375797242382,0.0381385021898638
"D5","JinHua_225",1,3,2,0.404714913765456,0.404706212615054
"D5","JinHua_23",0,3,2,0.0718235642536628,0.0718242796902039
"D5","JinHua_30",0,3,2,0.0447660702832479,0.0447669915106223
"D5","JinHua_38",0,3,2,0.365163325409932,0.365155788389233
"D5","JinHua_4",0,3,2,0.0837967727142853,0.0837973199728921
"D5","JinHua_50",0,3,2,0.113295465186813,0.113295457217208
"D5","JinHua_6",0,3,2,0.0524837616537259,0.0524846537623647
"D5","JinHua_64",0,3,2,0.0975561648742618,0.097556475156684
"D5","JinHua_70",0,3,2,0.0837967727142853,0.0837973199728921
"D5","JinHua_86",0,3,2,0.0381375797242382,0.0381385021898638
"D5","JinHua_9",0,3,2,0.0447660702832479,0.0447669915106223
"D5","JinHua_92",0,3,2,0.0381375797242382,0.0381385021898638
"D5","SSR_1",0,3,2,0.0718235642536628,0.0718242796902039
"D5","SSR_108",0,3,2,0.0614463986789727,0.0614472254218648
"D5","SSR_13",0,3,2,0.113295465186813,0.113295457217208
"D5","SSR_151",0,3,2,0.0837967727142853,0.0837973199728921
"D5","SSR_159",0,3,2,0.0524837616537259,0.0524846537623647
"D5","SSR_167",0,3,2,0.0524837616537259,0.0524846537623647
"D5","SSR_173",1,3,2,0.19959131272297,0.199588997226831
"D5","SSR_21",0,3,2,0.0381375797242382,0.0381385021898638
"D5","SSR_24",0,3,2,0.0381375797242382,0.0381385021898638
"D5","SSR_29",0,3,2,0.0614463986789727,0.0614472254218648
"D5","SSR_39",0,3,2,0.0324572176569858,0.0324581205359615
"D5","SSR_5",0,3,2,0.113295465186813,0.113295457217208
"D5","SSR_52",0,3,2,0.0837967727142853,0.0837973199728921
"D5","SSR_54",0,3,2,0.131204891217105,0.131204471387991
"D5","SSR_57",0,3,2,0.0614463986789727,0.0614472254218648
"D5","SSR_60",0,3,2,0.0614463986789727,0.0614472254218648
"D5","SSR_70",0,3,2,0.0837967727142853,0.0837973199728921
"D5","SSR_81",0,3,2,0.0718235642536628,0.0718242796902039
"D5","SSR_9",0,3,2,0.174219049564457,0.174217482797612
"D5","SSR_90",0,3,2,0.0524837616537259,0.0524846537623647
"D5","JinHua_10",1,3,3,0.0813217580005952,0.0813225089703035
"D5","JinHua_100",0,3,3,0.037443036067304,0.0374439019864206
"D5","JinHua_102",0,3,3,0.0219898451915807,0.0219905622536566
"D5","JinHua_105",0,3,3,0.209459120861562,0.209457700197669
"D5","JinHua_111",0,3,3,0.132808043008029,0.132808127791466
"D5","JinHua_134",0,3,3,0.0630556790612544,0.0630565481197037
"D5","JinHua_14",0,3,3,0.0630556790612544,0.0630565481197037
"D5","JinHua_140",0,3,3,0.0630556790612544,0.0630565481197037
"D5","JinHua_146",0,3,3,0.0813217580005952,0.0813225089703035
"D5","JinHua_147",0,3,3,0.0168067900293141,0.0168074179540418
"D5","JinHua_152",0,3,3,0.0630556790612544,0.0630565481197037
"D5","JinHua_158",0,3,3,0.0287246071556847,0.028725407423014
"D5","JinHua_160",0,3,3,0.258437533852578,0.258434996919815
"D5","JinHua_161",0,3,3,0.037443036067304,0.0374439019864206
"D5","JinHua_166",0,3,3,0.0128293669445467,0.012829907199953
"D5","JinHua_174",0,3,3,0.0486750500550166,0.0486759469015994
"D5","JinHua_180",0,3,3,0.0813217580005952,0.0813225089703035
"D5","JinHua_188",0,3,3,0.0287246071556847,0.028725407423014
"D5","JinHua_199",1,3,3,0.0287246071556847,0.028725407423014
"D5","JinHua_2",0,3,3,0.0168067900293141,0.0168074179540418
"D5","JinHua_207",0,3,3,0.132808043008029,0.132808127791466
"D5","JinHua_32",1,3,3,0.376146093098682,0.376140800745411
"D5","JinHua_33",0,3,3,0.209459120861562,0.209457700197669
"D5","JinHua_34",0,3,3,0.0630556790612544,0.0630565481197037
"D5","JinHua_37",0,3,3,0.0813217580005952,0.0813225089703035
"D5","JinHua_39",0,3,3,0.510555475678484,0.510547511946891
"D5","JinHua_44",0,3,3,0.0287246071556847,0.028725407423014
"D5","JinHua_49",0,3,3,0.0486750500550166,0.0486759469015994
"D5","JinHua_60",1,3,3,0.132808043008029,0.132808127791466
"D5","JinHua_68",0,3,3,0.0630556790612544,0.0630565481197037
"D5","JinHua_73",0,3,3,0.0168067900293141,0.0168074179540418
"D5","JinHua_74",0,3,3,0.0168067900293141,0.0168074179540418
"D5","JinHua_77",0,3,3,0.132808043008029,0.132808127791466
"D5","JinHua_78",0,3,3,0.0219898451915807,0.0219905622536566
"D5","JinHua_79",0,3,3,0.0168067900293141,0.0168074179540418
"D5","JinHua_82",0,3,3,0.0630556790612544,0.0630565481197037
"D5","JinHua_91",1,3,3,0.0630556790612544,0.0630565481197037
"D5","SSR_10",0,3,3,0.442294470859683,0.442287758676113
"D5","SSR_105",0,3,3,0.0813217580005952,0.0813225089703035
"D5","SSR_12",0,3,3,0.0486750500550166,0.0486759469015994
"D5","SSR_131",0,3,3,0.209459120861562,0.209457700197669
"D5","SSR_145",0,3,3,0.314315145787128,0.314311288956864
"D5","SSR_15",0,3,3,0.0630556790612544,0.0630565481197037
"D5","SSR_154",1,3,3,0.104290212368966,0.104290716249037
"D5","SSR_164",0,3,3,0.0630556790612544,0.0630565481197037
"D5","SSR_170",0,3,3,0.0813217580005952,0.0813225089703035
"D5","SSR_2",0,3,3,0.167664287922108,0.167663740632571
"D5","SSR_22",0,3,3,0.0630556790612544,0.0630565481197037
"D5","SSR_27",0,3,3,0.0813217580005952,0.0813225089703035
"D5","SSR_30",0,3,3,0.0287246071556847,0.028725407423014
"D5","SSR_37",0,3,3,0.0486750500550166,0.0486759469015994
"D5","SSR_43",0,3,3,0.0219898451915807,0.0219905622536566
"D5","SSR_46",0,3,3,0.0486750500550166,0.0486759469015994
"D5","SSR_48",0,3,3,0.0486750500550166,0.0486759469015994
"D5","SSR_56",0,3,3,0.0630556790612544,0.0630565481197037
"D5","SSR_61",0,3,3,0.0630556790612544,0.0630565481197037
"D5","SSR_77",0,3,3,0.0630556790612544,0.0630565481197037
"D5","SSR_78",0,3,3,0.104290212368966,0.104290716249037
"D5","JinHua_117",0,3,4,0.0265317161360724,0.026540294346784
"D5","JinHua_120",0,3,4,0.198326480832361,0.19830870721883
"D5","JinHua_121",1,3,4,0.0758823248872955,0.0758900489562958
"D5","JinHua_131",0,3,4,0.0501729853283668,0.0501824657216188
"D5","JinHua_139",0,3,4,0.0328643385802226,0.0328734838831996
"D5","JinHua_149",0,3,4,0.0406453301785425,0.0406548184868283
"D5","JinHua_155",0,3,4,0.0617901669530573,0.0617991260175993
"D5","JinHua_16",0,3,4,0.165569193646653,0.165559881416248
"D5","JinHua_171",0,3,4,0.11319550091689,0.113197646005032
"D5","JinHua_176",0,3,4,0.11319550091689,0.113197646005032
"D5","JinHua_181",0,3,4,0.0617901669530573,0.0617991260175993
"D5","JinHua_193",0,3,4,0.0328643385802226,0.0328734838831996
"D5","JinHua_194",0,3,4,0.0758823248872955,0.0758900489562958
"D5","JinHua_198",0,3,4,0.0758823248872955,0.0758900489562958
"D5","JinHua_203",0,3,4,0.0758823248872955,0.0758900489562958
"D5","JinHua_208",0,3,4,0.0328643385802226,0.0328734838831996
"D5","JinHua_211",0,3,4,0.137295773123461,0.137293046751233
"D5","JinHua_214",0,3,4,0.11319550091689,0.113197646005032
"D5","JinHua_215",0,3,4,0.0406453301785425,0.0406548184868283
"D5","JinHua_220",0,3,4,0.11319550091689,0.113197646005032
"D5","JinHua_222",0,3,4,0.0328643385802226,0.0328734838831996
"D5","JinHua_25",1,3,4,0.235733769613717,0.235705632953696
"D5","JinHua_35",0,3,4,0.0928702713870585,0.0928758111866852
"D5","JinHua_5",0,3,4,0.0406453301785425,0.0406548184868283
"D5","JinHua_53",0,3,4,0.0265317161360724,0.026540294346784
"D5","JinHua_56",0,3,4,0.0265317161360724,0.026540294346784
"D5","JinHua_63",0,3,4,0.137295773123461,0.137293046751233
"D5","JinHua_75",0,3,4,0.137295773123461,0.137293046751233
"D5","JinHua_8",0,3,4,0.0501729853283668,0.0501824657216188
"D5","JinHua_83",1,3,4,0.165569193646653,0.165559881416248
"D5","JinHua_84",1,3,4,0.3741411182802,0.374073368823153
"D5","JinHua_95",0,3,4,0.0406453301785425,0.0406548184868283
"D5","SSR_101",0,3,4,0.0928702713870585,0.0928758111866852
"D5","SSR_102",0,3,4,0.0265317161360724,0.026540294346784
"D5","SSR_103",0,3,4,0.324084097613098,0.324030441927946
"D5","SSR_130",0,3,4,0.0758823248872955,0.0758900489562958
"D5","SSR_143",1,3,4,0.427044918733926,0.426963264973204
"D5","SSR_152",0,3,4,0.0501729853283668,0.0501824657216188
"D5","SSR_169",0,3,4,0.0758823248872955,0.0758900489562958
"D5","SSR_171",0,3,4,0.0928702713870585,0.0928758111866852
"D5","SSR_174",0,3,4,0.11319550091689,0.113197646005032
"D5","SSR_18",0,3,4,0.27775211403817,0.27771188099007
"D5","SSR_182",0,3,4,0.427044918733926,0.426963264973204
"D5","SSR_20",0,3,4,0.0265317161360724,0.026540294346784
"D5","SSR_23",0,3,4,0.0617901669530573,0.0617991260175993
"D5","SSR_26",0,3,4,0.165569193646653,0.165559881416248
"D5","SSR_28",0,3,4,0.0406453301785425,0.0406548184868283
"D5","SSR_31",0,3,4,0.11319550091689,0.113197646005032
"D5","SSR_40",0,3,4,0.0406453301785425,0.0406548184868283
"D5","SSR_42",0,3,4,0.0617901669530573,0.0617991260175993
"D5","SSR_47",0,3,4,0.27775211403817,0.27771188099007
"D5","SSR_51",0,3,4,0.198326480832361,0.19830870721883
"D5","SSR_6",0,3,4,0.0617901669530573,0.0617991260175993
"D5","SSR_62",0,3,4,0.0928702713870585,0.0928758111866852
"D5","SSR_67",0,3,4,0.0328643385802226,0.0328734838831996
"D5","SSR_76",1,3,4,0.198326480832361,0.19830870721883
"D5","SSR_79",0,3,4,0.137295773123461,0.137293046751233
"D5","SSR_95",0,3,4,0.0928702713870585,0.0928758111866852
"D5","JinHua_104",0,3,5,0.0642647201428246,0.064265545583296
"D5","JinHua_106",0,3,5,0.0291198522552536,0.0291206025955168
"D5","JinHua_114",0,3,5,0.0169717066748687,0.0169722919826861
"D5","JinHua_116",0,3,5,0.135889248233303,0.135889355444644
"D5","JinHua_128",0,3,5,0.0169717066748687,0.0169722919826861
"D5","JinHua_129",0,3,5,0.0642647201428246,0.064265545583296
"D5","JinHua_13",0,3,5,0.653740606883899,0.653732112044436
"D5","JinHua_137",0,3,5,0.106593949305532,0.106594443003193
"D5","JinHua_153",0,3,5,0.264754850586539,0.264752534071568
"D5","JinHua_156",1,3,5,0.0642647201428246,0.064265545583296
"D5","JinHua_157",0,3,5,0.0291198522552536,0.0291206025955168
"D5","JinHua_165",0,3,5,0.0222494656262168,0.0222501359107688
"D5","JinHua_170",1,3,5,0.321858058045852,0.321854528377277
"D5","JinHua_172",0,3,5,0.0169717066748687,0.0169722919826861
"D5","JinHua_182",0,3,5,0.0495254126674963,0.0495262598671361
"D5","JinHua_183",0,3,5,0.0291198522552536,0.0291206025955168
"D5","JinHua_185",0,3,5,0.0169717066748687,0.0169722919826861
"D5","JinHua_189",0,3,5,0.0495254126674963,0.0495262598671361
"D5","JinHua_19",0,3,5,0.0642647201428246,0.064265545583296
"D5","JinHua_195",0,3,5,0.0380292227275411,0.0380300373914984
"D5","JinHua_200",0,3,5,0.0830075157285721,0.0830082354427142
"D5","JinHua_206",0,3,5,0.171688563944927,0.171688086384708
"D5","JinHua_219",0,3,5,0.0380292227275411,0.0380300373914984
"D5","JinHua_22",0,3,5,0.106593949305532,0.106594443003193
"D5","JinHua_221",0,3,5,0.0291198522552536,0.0291206025955168
"D5","JinHua_223",0,3,5,0.0222494656262168,0.0222501359107688
"D5","JinHua_31",0,3,5,0.214577069758118,0.214575783977879
"D5","JinHua_43",0,3,5,0.0830075157285721,0.0830082354427142
"D5","JinHua_45",0,3,5,0.0642647201428246,0.064265545583296
"D5","JinHua_48",0,3,5,0.0830075157285721,0.0830082354427142
"D5","JinHua_54",0,3,5,0.0169717066748687,0.0169722919826861
"D5","JinHua_59",0,3,5,0.135889248233303,0.135889355444644
"D5","JinHua_62",0,3,5,0.0169717066748687,0.0169722919826861
"D5","JinHua_66",0,3,5,0.0169717066748687,0.0169722919826861
"D5","JinHua_67",0,3,5,0.214577069758118,0.214575783977879
"D5","JinHua_69",0,3,5,0.0222494656262168,0.0222501359107688
"D5","JinHua_7",0,3,5,0.0495254126674963,0.0495262598671361
"D5","JinHua_88",0,3,5,0.106593949305532,0.106594443003193
"D5","JinHua_97",0,3,5,0.0642647201428246,0.064265545583296
"D5","SSR_117",0,3,5,0.0291198522552536,0.0291206025955168
"D5","SSR_134",0,3,5,0.106593949305532,0.106594443003193
"D5","SSR_139",0,3,5,0.0830075157285721,0.0830082354427142
"D5","SSR_158",1,3,5,0.106593949305532,0.106594443003193
"D5","SSR_162",0,3,5,0.0642647201428246,0.064265545583296
"D5","SSR_17",0,3,5,0.0291198522552536,0.0291206025955168
"D5","SSR_179",0,3,5,0.0380292227275411,0.0380300373914984
"D5","SSR_3",0,3,5,0.0642647201428246,0.064265545583296
"D5","SSR_32",0,3,5,0.264754850586539,0.264752534071568
"D5","SSR_33",0,3,5,0.0291198522552536,0.0291206025955168
"D5","SSR_34",0,3,5,0.135889248233303,0.135889355444644
"D5","SSR_4",0,3,5,0.0830075157285721,0.0830082354427142
"D5","SSR_44",1,3,5,0.0495254126674963,0.0495262598671361
"D5","SSR_50",0,3,5,0.135889248233303,0.135889355444644
"D5","SSR_64",0,3,5,0.0495254126674963,0.0495262598671361
"D5","SSR_69",1,3,5,0.0380292227275411,0.0380300373914984
"D5","SSR_75",0,3,5,0.214577069758118,0.214575783977879
"D5","SSR_94",0,3,5,0.0380292227275411,0.0380300373914984
"D5","JinHua_102",0,4,1,0.0299694780620219,0.0299827590018879
"D5","JinHua_108",0,4,1,0.0715482282045371,0.0715607927645064
"D5","JinHua_111",0,4,1,0.132659531726421,0.132658198861447
"D5","JinHua_126",0,4,1,0.0715482282045371,0.0715607927645064
"D5","JinHua_129",0,4,1,0.0715482282045371,0.0715607927645064
"D5","JinHua_135",0,4,1,0.0882939246469625,0.0883037638956988
"D5","JinHua_138",1,4,1,0.27614914170089,0.276093335891143
"D5","JinHua_143",0,4,1,0.132659531726421,0.132658198861447
"D5","JinHua_148",0,4,1,0.0577772267650307,0.0577911664124715
"D5","JinHua_156",1,4,1,0.0715482282045371,0.0715607927645064
"D5","JinHua_161",0,4,1,0.0465239362516494,0.046538263553736
"D5","JinHua_170",1,4,1,0.27614914170089,0.276093335891143
"D5","JinHua_192",0,4,1,0.0715482282045371,0.0715607927645064
"D5","JinHua_194",0,4,1,0.0715482282045371,0.0715607927645064
"D5","JinHua_203",0,4,1,0.0715482282045371,0.0715607927645064
"D5","JinHua_206",0,4,1,0.161224495701142,0.161213881992295
"D5","JinHua_217",0,4,1,0.0239943868652598,0.0240066530027664
"D5","JinHua_218",0,4,1,0.0373755097825923,0.0373895381420094
"D5","JinHua_220",0,4,1,0.108500895487405,0.108506246591156
"D5","JinHua_3",0,4,1,0.0299694780620219,0.0299827590018879
"D5","JinHua_34",0,4,1,0.0715482282045371,0.0715607927645064
"D5","JinHua_38",0,4,1,0.48759182070957,0.487455202367395
"D5","JinHua_46",0,4,1,0.0299694780620219,0.0299827590018879
"D5","JinHua_49",0,4,1,0.0577772267650307,0.0577911664124715
"D5","JinHua_5",0,4,1,0.0373755097825923,0.0373895381420094
"D5","JinHua_50",0,4,1,0.108500895487405,0.108506246591156
"D5","JinHua_6",0,4,1,0.0373755097825923,0.0373895381420094
"D5","JinHua_62",0,4,1,0.0239943868652598,0.0240066530027664
"D5","JinHua_63",0,4,1,0.132659531726421,0.132658198861447
"D5","JinHua_64",0,4,1,0.0882939246469625,0.0883037638956988
"D5","JinHua_69",0,4,1,0.0299694780620219,0.0299827590018879
"D5","JinHua_74",0,4,1,0.0239943868652598,0.0240066530027664
"D5","JinHua_82",0,4,1,0.0715482282045371,0.0715607927645064
"D5","JinHua_88",0,4,1,0.108500895487405,0.108506246591156
"D5","JinHua_89",0,4,1,0.0373755097825923,0.0373895381420094
"D5","JinHua_91",1,4,1,0.0715482282045371,0.0715607927645064
"D5","JinHua_92",0,4,1,0.0239943868652598,0.0240066530027664
"D5","JinHua_97",0,4,1,0.0715482282045371,0.0715607927645064
"D5","SSR_101",0,4,1,0.0882939246469625,0.0883037638956988
"D5","SSR_124",0,4,1,0.108500895487405,0.108506246591156
"D5","SSR_131",0,4,1,0.194560491885971,0.194537709076264
"D5","SSR_14",1,4,1,0.108500895487405,0.108506246591156
"D5","SSR_143",1,4,1,0.430909040782081,0.430791358036424
"D5","SSR_159",0,4,1,0.0373755097825923,0.0373895381420094
"D5","SSR_164",0,4,1,0.0715482282045371,0.0715607927645064
"D5","SSR_172",0,4,1,0.0715482282045371,0.0715607927645064
"D5","SSR_174",0,4,1,0.108500895487405,0.108506246591156
"D5","SSR_20",0,4,1,0.0239943868652598,0.0240066530027664
"D5","SSR_25",0,4,1,0.0373755097825923,0.0373895381420094
"D5","SSR_26",0,4,1,0.161224495701142,0.161213881992295
"D5","SSR_4",0,4,1,0.0882939246469625,0.0883037638956988
"D5","SSR_42",0,4,1,0.0577772267650307,0.0577911664124715
"D5","SSR_43",0,4,1,0.0299694780620219,0.0299827590018879
"D5","SSR_46",0,4,1,0.0577772267650307,0.0577911664124715
"D5","SSR_47",0,4,1,0.27614914170089,0.276093335891143
"D5","SSR_6",0,4,1,0.0577772267650307,0.0577911664124715
"D5","SSR_61",0,4,1,0.0715482282045371,0.0715607927645064
"D5","SSR_73",0,4,1,0.0577772267650307,0.0577911664124715
"D5","SSR_90",0,4,1,0.0373755097825923,0.0373895381420094
"D5","JinHua_105",0,4,2,0.207267743983688,0.207256009064412
"D5","JinHua_106",0,4,2,0.0433802347527679,0.0433853880164048
"D5","JinHua_13",0,4,2,0.547720020882866,0.54765993078069
"D5","JinHua_136",0,4,2,0.0981954350601831,0.0981977707161327
"D5","JinHua_137",0,4,2,0.119366062387806,0.119366264861841
"D5","JinHua_139",0,4,2,0.0351484725392384,0.0351535131183892
"D5","JinHua_144",1,4,2,0.288333391438571,0.288308702635958
"D5","JinHua_145",0,4,2,0.0351484725392384,0.0351535131183892
"D5","JinHua_146",0,4,2,0.0981954350601831,0.0981977707161327
"D5","JinHua_153",0,4,2,0.245550979048993,0.245533218805221
"D5","JinHua_157",0,4,2,0.0433802347527679,0.0433853880164048
"D5","JinHua_160",0,4,2,0.245550979048993,0.245533218805221
"D5","JinHua_162",0,4,2,0.0534331082671712,0.0534381523068659
"D5","JinHua_166",0,4,2,0.0229689515799656,0.0229733846365214
"D5","JinHua_169",0,4,2,0.028432329430755,0.0284371107352577
"D5","JinHua_172",0,4,2,0.028432329430755,0.0284371107352577
"D5","JinHua_173",1,4,2,0.60119669347479,0.601132672086528
"D5","JinHua_175",0,4,2,0.028432329430755,0.0284371107352577
"D5","JinHua_179",1,4,2,0.493118394728739,0.493063875691351
"D5","JinHua_18",0,4,2,0.119366062387806,0.119366264861841
"D5","JinHua_180",0,4,2,0.0981954350601831,0.0981977707161327
"D5","JinHua_184",0,4,2,0.0656557301098015,0.065660347957495
"D5","JinHua_188",0,4,2,0.0433802347527679,0.0433853880164048
"D5","JinHua_195",0,4,2,0.0534331082671712,0.0534381523068659
"D5","JinHua_197",0,4,2,0.0656557301098015,0.065660347957495
"D5","JinHua_2",0,4,2,0.028432329430755,0.0284371107352577
"D5","JinHua_213",0,4,2,0.0981954350601831,0.0981977707161327
"D5","JinHua_25",1,4,2,0.245550979048993,0.245533218805221
"D5","JinHua_33",0,4,2,0.207267743983688,0.207256009064412
"D5","JinHua_35",0,4,2,0.0981954350601831,0.0981977707161327
"D5","JinHua_39",0,4,2,0.43868043869691,0.438632750357378
"D5","JinHua_44",0,4,2,0.0433802347527679,0.0433853880164048
"D5","JinHua_48",0,4,2,0.0981954350601831,0.0981977707161327
"D5","JinHua_56",0,4,2,0.028432329430755,0.0284371107352577
"D5","JinHua_7",0,4,2,0.0656557301098015,0.065660347957495
"D5","JinHua_70",0,4,2,0.0804366445112438,0.0804404039299721
"D5","JinHua_72",0,4,2,0.207267743983688,0.207256009064412
"D5","JinHua_77",0,4,2,0.14437030626087,0.144367524052191
"D5","JinHua_79",0,4,2,0.028432329430755,0.0284371107352577
"D5","JinHua_84",1,4,2,0.385679480520896,0.385639388067684
"D5","JinHua_90",0,4,2,0.028432329430755,0.0284371107352577
"D5","SSR_106",0,4,2,0.0534331082671712,0.0534381523068659
"D5","SSR_120",0,4,2,0.0656557301098015,0.065660347957495
"D5","SSR_157",0,4,2,0.14437030626087,0.144367524052191
"D5","SSR_158",1,4,2,0.119366062387806,0.119366264861841
"D5","SSR_167",0,4,2,0.0433802347527679,0.0433853880164048
"D5","SSR_171",0,4,2,0.0981954350601831,0.0981977707161327
"D5","SSR_2",0,4,2,0.173579915785265,0.173573177687474
"D5","SSR_22",0,4,2,0.0804366445112438,0.0804404039299721
"D5","SSR_31",0,4,2,0.119366062387806,0.119366264861841
"D5","SSR_32",0,4,2,0.245550979048993,0.245533218805221
"D5","SSR_37",0,4,2,0.0656557301098015,0.065660347957495
"D5","SSR_39",0,4,2,0.0229689515799656,0.0229733846365214
"D5","SSR_62",0,4,2,0.0981954350601831,0.0981977707161327
"D5","SSR_75",0,4,2,0.207267743983688,0.207256009064412
"D5","SSR_79",0,4,2,0.14437030626087,0.144367524052191
"D5","SSR_8",0,4,2,0.207267743983688,0.207256009064412
"D5","SSR_9",0,4,2,0.207267743983688,0.207256009064412
"D5","JinHua_1",0,4,3,0.0192125481665898,0.0192134412329252
"D5","JinHua_10",1,4,3,0.0819606808738158,0.0819616331200526
"D5","JinHua_100",0,4,3,0.0401406829011747,0.0401418397336784
"D5","JinHua_110",0,4,3,0.0192125481665898,0.0192134412329252
"D5","JinHua_120",0,4,3,0.19705454547555,0.197052883689145
"D5","JinHua_121",1,4,3,0.0648397426817682,0.0648408611194597
"D5","JinHua_122",0,4,3,0.103103975001844,0.103104609922224
"D5","JinHua_124",0,4,3,0.0314562803515612,0.0314573715018447
"D5","JinHua_131",0,4,3,0.0401406829011747,0.0401418397336784
"D5","JinHua_15",0,4,3,0.103103975001844,0.103104609922224
"D5","JinHua_155",0,4,3,0.0510961764611169,0.0510973515007051
"D5","JinHua_16",0,4,3,0.160083785091844,0.160083151370195
"D5","JinHua_165",0,4,3,0.0246025829160549,0.0246035813048529
"D5","JinHua_17",0,4,3,0.0149852423558354,0.014986027386913
"D5","JinHua_176",0,4,3,0.103103975001844,0.103104609922224
"D5","JinHua_181",0,4,3,0.0510961764611169,0.0510973515007051
"D5","JinHua_185",0,4,3,0.0192125481665898,0.0192134412329252
"D5","JinHua_189",0,4,3,0.0510961764611169,0.0510973515007051
"D5","JinHua_19",0,4,3,0.0648397426817682,0.0648408611194597
"D5","JinHua_190",0,4,3,0.103103975001844,0.103104609922224
"D5","JinHua_204",0,4,3,0.103103975001844,0.103104609922224
"D5","JinHua_214",0,4,3,0.103103975001844,0.103104609922224
"D5","JinHua_215",0,4,3,0.0314562803515612,0.0314573715018447
"D5","JinHua_219",0,4,3,0.0401406829011747,0.0401418397336784
"D5","JinHua_22",0,4,3,0.103103975001844,0.103104609922224
"D5","JinHua_221",0,4,3,0.0314562803515612,0.0314573715018447
"D5","JinHua_223",0,4,3,0.0246025829160549,0.0246035813048529
"D5","JinHua_24",0,4,3,0.0648397426817682,0.0648408611194597
"D5","JinHua_31",0,4,3,0.19705454547555,0.197052883689145
"D5","JinHua_4",0,4,3,0.0648397426817682,0.0648408611194597
"D5","JinHua_59",0,4,3,0.128935538826971,0.128935659715859
"D5","JinHua_76",0,4,3,0.0192125481665898,0.0192134412329252
"D5","JinHua_78",0,4,3,0.0246025829160549,0.0246035813048529
"D5","JinHua_83",1,4,3,0.160083785091844,0.160083151370195
"D5","JinHua_86",0,4,3,0.0192125481665898,0.0192134412329252
"D5","JinHua_9",0,4,3,0.0246025829160549,0.0246035813048529
"D5","JinHua_95",0,4,3,0.0314562803515612,0.0314573715018447
"D5","JinHua_96",0,4,3,0.160083785091844,0.160083151370195
"D5","SSR_1",0,4,3,0.0510961764611169,0.0510973515007051
"D5","SSR_10",0,4,3,0.4028481277361,0.402840030203455
"D5","SSR_108",0,4,3,0.0401406829011747,0.0401418397336784
"D5","SSR_125",0,4,3,0.0401406829011747,0.0401418397336784
"D5","SSR_13",0,4,3,0.103103975001844,0.103104609922224
"D5","SSR_139",0,4,3,0.0819606808738158,0.0819616331200526
"D5","SSR_15",0,4,3,0.0648397426817682,0.0648408611194597
"D5","SSR_150",0,4,3,0.0819606808738158,0.0819616331200526
"D5","SSR_161",0,4,3,0.19705454547555,0.197052883689145
"D5","SSR_173",1,4,3,0.240122574254097,0.240119601503773
"D5","SSR_18",0,4,3,0.289213070067746,0.289208530732463
"D5","SSR_23",0,4,3,0.0510961764611169,0.0510973515007051
"D5","SSR_24",0,4,3,0.0192125481665898,0.0192134412329252
"D5","SSR_27",0,4,3,0.0819606808738158,0.0819616331200526
"D5","SSR_40",0,4,3,0.0314562803515612,0.0314573715018447
"D5","SSR_44",1,4,3,0.0510961764611169,0.0510973515007051
"D5","SSR_57",0,4,3,0.0401406829011747,0.0401418397336784
"D5","SSR_59",1,4,3,0.128935538826971,0.128935659715859
"D5","SSR_70",0,4,3,0.0648397426817682,0.0648408611194597
"D5","SSR_81",0,4,3,0.0510961764611169,0.0510973515007051
"D5","JinHua_103",0,4,4,0.33291022263533,0.332796830074436
"D5","JinHua_11",0,4,4,0.0688180769635643,0.0688374200050916
"D5","JinHua_112",0,4,4,0.106452168723443,0.106461557212519
"D5","JinHua_113",0,4,4,0.0550063143715463,0.0550272852283107
"D5","JinHua_114",0,4,4,0.021909144205726,0.0219264996293448
"D5","JinHua_119",0,4,4,0.0688180769635643,0.0688374200050916
"D5","JinHua_128",0,4,4,0.021909144205726,0.0219264996293448
"D5","JinHua_14",0,4,4,0.0688180769635643,0.0688374200050916
"D5","JinHua_140",0,4,4,0.0688180769635643,0.0688374200050916
"D5","JinHua_141",0,4,4,0.0438360727512418,0.0438572410400736
"D5","JinHua_150",0,4,4,0.021909144205726,0.0219264996293448
"D5","JinHua_151",0,4,4,0.0348505390587398,0.034870944173713
"D5","JinHua_163",0,4,4,0.0688180769635643,0.0688374200050916
"D5","JinHua_171",0,4,4,0.106452168723443,0.106461557212519
"D5","JinHua_174",0,4,4,0.0550063143715463,0.0550272852283107
"D5","JinHua_182",0,4,4,0.0550063143715463,0.0550272852283107
"D5","JinHua_183",0,4,4,0.0348505390587398,0.034870944173713
"D5","JinHua_191",0,4,4,0.0688180769635643,0.0688374200050916
"D5","JinHua_198",0,4,4,0.0688180769635643,0.0688374200050916
"D5","JinHua_199",1,4,4,0.0348505390587398,0.034870944173713
"D5","JinHua_205",0,4,4,0.0550063143715463,0.0550272852283107
"D5","JinHua_208",0,4,4,0.0276535941415506,0.0276726386313551
"D5","JinHua_211",0,4,4,0.131385684331878,0.131385358192966
"D5","JinHua_222",0,4,4,0.0276535941415506,0.0276726386313551
"D5","JinHua_224",0,4,4,0.106452168723443,0.106461557212519
"D5","JinHua_225",1,4,4,0.564615747873,0.564390348588269
"D5","JinHua_23",0,4,4,0.0550063143715463,0.0550272852283107
"D5","JinHua_30",0,4,4,0.0276535941415506,0.0276726386313551
"D5","JinHua_32",1,4,4,0.33291022263533,0.332796830074436
"D5","JinHua_37",0,4,4,0.0857830749148387,0.0857987809221109
"D5","JinHua_42",0,4,4,0.0438360727512418,0.0438572410400736
"D5","JinHua_43",0,4,4,0.0857830749148387,0.0857987809221109
"D5","JinHua_53",0,4,4,0.021909144205726,0.0219264996293448
"D5","JinHua_57",0,4,4,0.0688180769635643,0.0688374200050916
"D5","JinHua_60",1,4,4,0.131385684331878,0.131385358192966
"D5","JinHua_61",0,4,4,0.0857830749148387,0.0857987809221109
"D5","JinHua_75",0,4,4,0.131385684331878,0.131385358192966
"D5","JinHua_87",0,4,4,0.106452168723443,0.106461557212519
"D5","SSR_103",0,4,4,0.33291022263533,0.332796830074436
"D5","SSR_130",0,4,4,0.0688180769635643,0.0688374200050916
"D5","SSR_152",0,4,4,0.0438360727512418,0.0438572410400736
"D5","SSR_154",1,4,4,0.106452168723443,0.106461557212519
"D5","SSR_162",0,4,4,0.0688180769635643,0.0688374200050916
"D5","SSR_170",0,4,4,0.0857830749148387,0.0857987809221109
"D5","SSR_177",0,4,4,0.0857830749148387,0.0857987809221109
"D5","SSR_19",0,4,4,0.236396916231123,0.236341408551219
"D5","SSR_21",0,4,4,0.021909144205726,0.0219264996293448
"D5","SSR_28",0,4,4,0.0348505390587398,0.034870944173713
"D5","SSR_3",0,4,4,0.0688180769635643,0.0688374200050916
"D5","SSR_34",0,4,4,0.131385684331878,0.131385358192966
"D5","SSR_35",1,4,4,0.0688180769635643,0.0688374200050916
"D5","SSR_48",0,4,4,0.0550063143715463,0.0550272852283107
"D5","SSR_5",0,4,4,0.106452168723443,0.106461557212519
"D5","SSR_64",0,4,4,0.0550063143715463,0.0550272852283107
"D5","SSR_67",0,4,4,0.0276535941415506,0.0276726386313551
"D5","SSR_77",0,4,4,0.0688180769635643,0.0688374200050916
"D5","SSR_94",0,4,4,0.0438360727512418,0.0438572410400736
"D5","SSR_95",0,4,4,0.0857830749148387,0.0857987809221109
"D5","JinHua_101",0,4,5,0.0616310357907852,0.061632284660669
"D5","JinHua_104",0,4,5,0.0616310357907852,0.061632284660669
"D5","JinHua_107",0,4,5,0.0152830154953456,0.0152838352047151
"D5","JinHua_116",0,4,5,0.135006747578245,0.13500696609252
"D5","JinHua_117",0,4,5,0.0152830154953456,0.0152838352047151
"D5","JinHua_12",0,4,5,0.21749181862951,0.217489899306418
"D5","JinHua_123",1,4,5,0.0616310357907852,0.061632284660669
"D5","JinHua_132",0,4,5,0.0152830154953456,0.0152838352047151
"D5","JinHua_134",0,4,5,0.0616310357907852,0.061632284660669
"D5","JinHua_147",0,4,5,0.0152830154953456,0.0152838352047151
"D5","JinHua_149",0,4,5,0.0268948229953253,0.0268959043576573
"D5","JinHua_152",0,4,5,0.0616310357907852,0.061632284660669
"D5","JinHua_158",0,4,5,0.0268948229953253,0.0268959043576573
"D5","JinHua_159",0,4,5,0.0152830154953456,0.0152838352047151
"D5","JinHua_193",0,4,5,0.0202908586886289,0.0202918107605968
"D5","JinHua_200",0,4,5,0.080583097343443,0.0805842101703696
"D5","JinHua_201",0,4,5,0.0355701101699294,0.0355713020479505
"D5","JinHua_207",0,4,5,0.135006747578245,0.13500696609252
"D5","JinHua_210",0,4,5,0.0202908586886289,0.0202918107605968
"D5","JinHua_26",0,4,5,0.0355701101699294,0.0355713020479505
"D5","JinHua_27",1,4,5,0.0268948229953253,0.0268959043576573
"D5","JinHua_45",0,4,5,0.0616310357907852,0.061632284660669
"D5","JinHua_51",0,4,5,0.331083342718804,0.331077933092897
"D5","JinHua_54",0,4,5,0.0152830154953456,0.0152838352047151
"D5","JinHua_65",0,4,5,0.135006747578245,0.13500696609252
"D5","JinHua_66",0,4,5,0.0152830154953456,0.0152838352047151
"D5","JinHua_67",0,4,5,0.21749181862951,0.217489899306418
"D5","JinHua_68",0,4,5,0.0616310357907852,0.061632284660669
"D5","JinHua_73",0,4,5,0.0152830154953456,0.0152838352047151
"D5","JinHua_8",0,4,5,0.0355701101699294,0.0355713020479505
"D5","JinHua_99",0,4,5,0.080583097343443,0.0805842101703696
"D5","SSR_102",0,4,5,0.0152830154953456,0.0152838352047151
"D5","SSR_105",0,4,5,0.080583097343443,0.0805842101703696
"D5","SSR_117",0,4,5,0.0268948229953253,0.0268959043576573
"D5","SSR_12",0,4,5,0.0469088336087035,0.0469100930037384
"D5","SSR_134",0,4,5,0.104712738824489,0.104713530580883
"D5","SSR_145",0,4,5,0.331083342718804,0.331077933092897
"D5","SSR_151",0,4,5,0.0616310357907852,0.061632284660669
"D5","SSR_169",0,4,5,0.0616310357907852,0.061632284660669
"D5","SSR_17",0,4,5,0.0268948229953253,0.0268959043576573
"D5","SSR_179",0,4,5,0.0355701101699294,0.0355713020479505
"D5","SSR_181",0,4,5,0.135006747578245,0.13500696609252
"D5","SSR_182",0,4,5,0.540484022990868,0.540473057932322
"D5","SSR_29",0,4,5,0.0355701101699294,0.0355713020479505
"D5","SSR_30",0,4,5,0.0268948229953253,0.0268959043576573
"D5","SSR_33",0,4,5,0.0268948229953253,0.0268959043576573
"D5","SSR_36",1,4,5,0.080583097343443,0.0805842101703696
"D5","SSR_38",0,4,5,0.270553485209426,0.270549962051243
"D5","SSR_50",0,4,5,0.135006747578245,0.13500696609252
"D5","SSR_51",0,4,5,0.21749181862951,0.217489899306418
"D5","SSR_52",0,4,5,0.0616310357907852,0.061632284660669
"D5","SSR_54",0,4,5,0.135006747578245,0.13500696609252
"D5","SSR_56",0,4,5,0.0616310357907852,0.061632284660669
"D5","SSR_60",0,4,5,0.0355701101699294,0.0355713020479505
"D5","SSR_69",1,4,5,0.0355701101699294,0.0355713020479505
"D5","SSR_76",1,4,5,0.21749181862951,0.217489899306418
"D5","SSR_78",0,4,5,0.104712738824489,0.104713530580883
"D5","JinHua_10",1,5,1,0.0854482560626758,0.0854593751260865
"D5","JinHua_103",0,5,1,0.318881844345207,0.318804159009224
"D5","JinHua_106",0,5,1,0.0358659541448805,0.035880756263443
"D5","JinHua_108",0,5,1,0.0690899905703696,0.069103736315983
"D5","JinHua_110",0,5,1,0.0229347268407297,0.0229475217561591
"D5","JinHua_111",0,5,1,0.12897370164875,0.128973637225395
"D5","JinHua_117",0,5,1,0.0229347268407297,0.0229475217561591
"D5","JinHua_123",1,5,1,0.0690899905703696,0.069103736315983
"D5","JinHua_124",0,5,1,0.0358659541448805,0.035880756263443
"D5","JinHua_129",0,5,1,0.0690899905703696,0.069103736315983
"D5","JinHua_139",0,5,1,0.0287018598247091,0.0287157853804039
"D5","JinHua_140",0,5,1,0.0690899905703696,0.069103736315983
"D5","JinHua_145",0,5,1,0.0287018598247091,0.0287157853804039
"D5","JinHua_148",0,5,1,0.0556727249994939,0.0556877168591802
"D5","JinHua_15",0,5,1,0.105241762902027,0.105248434855838
"D5","JinHua_157",0,5,1,0.0358659541448805,0.035880756263443
"D5","JinHua_159",0,5,1,0.0229347268407297,0.0229475217561591
"D5","JinHua_16",0,5,1,0.157117457863705,0.157107923275966
"D5","JinHua_162",0,5,1,0.0447358739699886,0.0447511134463438
"D5","JinHua_166",0,5,1,0.0183045594200051,0.0183161038744317
"D5","JinHua_17",0,5,1,0.0183045594200051,0.0183161038744317
"D5","JinHua_179",1,5,1,0.482950098932357,0.482807273939549
"D5","JinHua_181",0,5,1,0.0556727249994939,0.0556877168591802
"D5","JinHua_189",0,5,1,0.0556727249994939,0.0556877168591802
"D5","JinHua_190",0,5,1,0.105241762902027,0.105248434855838
"D5","JinHua_218",0,5,1,0.0358659541448805,0.035880756263443
"D5","JinHua_4",0,5,1,0.0690899905703696,0.069103736315983
"D5","JinHua_44",0,5,1,0.0358659541448805,0.035880756263443
"D5","JinHua_5",0,5,1,0.0358659541448805,0.035880756263443
"D5","JinHua_53",0,5,1,0.0229347268407297,0.0229475217561591
"D5","JinHua_6",0,5,1,0.0358659541448805,0.035880756263443
"D5","JinHua_7",0,5,1,0.0556727249994939,0.0556877168591802
"D5","JinHua_72",0,5,1,0.190062479616348,0.190040402279177
"D5","SSR_101",0,5,1,0.0854482560626758,0.0854593751260865
"D5","SSR_120",0,5,1,0.0556727249994939,0.0556877168591802
"D5","SSR_130",0,5,1,0.0690899905703696,0.069103736315983
"D5","SSR_15",0,5,1,0.0690899905703696,0.069103736315983
"D5","SSR_152",0,5,1,0.0447358739699886,0.0447511134463438
"D5","SSR_157",0,5,1,0.12897370164875,0.128973637225395
"D5","SSR_164",0,5,1,0.0690899905703696,0.069103736315983
"D5","SSR_169",0,5,1,0.0690899905703696,0.069103736315983
"D5","SSR_17",0,5,1,0.0358659541448805,0.035880756263443
"D5","SSR_173",1,5,1,0.228046536512544,0.228008716702082
"D5","SSR_181",0,5,1,0.12897370164875,0.128973637225395
"D5","SSR_22",0,5,1,0.0690899905703696,0.069103736315983
"D5","SSR_3",0,5,1,0.0690899905703696,0.069103736315983
"D5","SSR_38",0,5,1,0.228046536512544,0.228008716702082
"D5","SSR_39",0,5,1,0.0183045594200051,0.0183161038744317
"D5","SSR_43",0,5,1,0.0287018598247091,0.0287157853804039
"D5","SSR_44",1,5,1,0.0556727249994939,0.0556877168591802
"D5","SSR_54",0,5,1,0.12897370164875,0.128973637225395
"D5","SSR_60",0,5,1,0.0447358739699886,0.0447511134463438
"D5","SSR_62",0,5,1,0.0854482560626758,0.0854593751260865
"D5","SSR_67",0,5,1,0.0287018598247091,0.0287157853804039
"D5","SSR_70",0,5,1,0.0690899905703696,0.069103736315983
"D5","SSR_76",1,5,1,0.190062479616348,0.190040402279177
"D5","SSR_77",0,5,1,0.0690899905703696,0.069103736315983
"D5","SSR_78",0,5,1,0.105241762902027,0.105248434855838
"D5","SSR_94",0,5,1,0.0447358739699886,0.0447511134463438
"D5","JinHua_101",0,5,2,0.0687307956639929,0.0761234358118013
"D5","JinHua_102",0,5,2,0.0265893419249627,0.0372112751328264
"D5","JinHua_105",0,5,2,0.203603884858095,0.242638969223769
"D5","JinHua_107",0,5,2,0.0208612143927596,0.0386889371037321
"D5","JinHua_11",0,5,2,0.0687307956639929,0.0264018385612615
"D5","JinHua_113",0,5,2,0.0544318156816907,0.0563604628119085
"D5","JinHua_119",0,5,2,0.0687307956639929,0.0823651091788608
"D5","JinHua_12",0,5,2,0.203603884858095,0.124643426878745
"D5","JinHua_131",0,5,2,0.0429703796078273,0.0529548740935777
"D5","JinHua_132",0,5,2,0.0208612143927596,0.0163163196191899
"D5","JinHua_136",0,5,2,0.0864426560363723,0.152472470218554
"D5","JinHua_138",1,5,2,0.295889746223664,0.450053585150846
"D5","JinHua_14",0,5,2,0.0687307956639929,0.0135467600428563
"D5","JinHua_141",0,5,2,0.0429703796078273,0.034043279868793
"D5","JinHua_146",0,5,2,0.0864426560363723,0.143622703253943
"D5","JinHua_150",0,5,2,0.0208612143927596,0.0223347827802715
"D5","JinHua_151",0,5,2,0.0338359613309791,0.0262362390231834
"D5","JinHua_153",0,5,2,0.246859176478706,0.41529203031312
"D5","JinHua_158",0,5,2,0.0338359613309791,0.0295884599513136
"D5","JinHua_160",0,5,2,0.246859176478706,0.433828484812472
"D5","JinHua_172",0,5,2,0.0208612143927596,0.0333634854493452
"D5","JinHua_174",0,5,2,0.0544318156816907,0.117187638199838
"D5","JinHua_18",0,5,2,0.108188592800778,0.0132599826878978
"D5","JinHua_19",0,5,2,0.0687307956639929,0.0374268205799257
"D5","JinHua_198",0,5,2,0.0687307956639929,0.0579792731854821
"D5","JinHua_204",0,5,2,0.108188592800778,0.130179149725347
"D5","JinHua_213",0,5,2,0.0864426560363723,0.125767227699366
"D5","JinHua_214",0,5,2,0.108188592800778,0.176578165538052
"D5","JinHua_217",0,5,2,0.0208612143927596,0.019997812106838
"D5","JinHua_22",0,5,2,0.108188592800778,0.1537243452147
"D5","JinHua_224",0,5,2,0.108188592800778,0.05908230136662
"D5","JinHua_30",0,5,2,0.0265893419249627,0.0167577827168979
"D5","JinHua_31",0,5,2,0.203603884858095,0.523957747841264
"D5","JinHua_32",1,5,2,0.350131347166253,0.568451977971447
"D5","JinHua_46",0,5,2,0.0265893419249627,0.0196166097998478
"D5","JinHua_50",0,5,2,0.108188592800778,0.095169878663952
"D5","JinHua_51",0,5,2,0.295889746223664,0.373916173794306
"D5","JinHua_57",0,5,2,0.0687307956639929,0.0366989143851741
"D5","JinHua_89",0,5,2,0.0338359613309791,0.0226888893944508
"D5","JinHua_9",0,5,2,0.0265893419249627,0.0034843628959962
"D5","JinHua_91",1,5,2,0.0687307956639929,0.0526804957795717
"D5","SSR_103",0,5,2,0.350131347166253,0.593246320829177
"D5","SSR_108",0,5,2,0.0429703796078273,0.0241067416578297
"D5","SSR_124",0,5,2,0.108188592800778,0.0611930762684157
"D5","SSR_134",0,5,2,0.108188592800778,0.0454937955904366
"D5","SSR_14",1,5,2,0.108188592800778,0.099988309062423
"D5","SSR_150",0,5,2,0.0864426560363723,0.295608685186298
"D5","SSR_179",0,5,2,0.0429703796078273,0.0413934162486511
"D5","SSR_35",1,5,2,0.0687307956639929,0.0355071466873372
"D5","SSR_36",1,5,2,0.0864426560363723,0.0953151630220831
"D5","SSR_5",0,5,2,0.108188592800778,0.0598435290110071
"D5","SSR_51",0,5,2,0.203603884858095,0.171558500438068
"D5","SSR_57",0,5,2,0.0429703796078273,0.263537222699499
"D5","SSR_6",0,5,2,0.0544318156816907,0.0284404156871578
"D5","SSR_73",0,5,2,0.0544318156816907,0.101452865559693
"D5","SSR_75",0,5,2,0.203603884858095,0.325832547567099
"D5","SSR_79",0,5,2,0.134599044999903,0.325955883898176
"D5","SSR_95",0,5,2,0.0864426560363723,0.0899528045448259
"D5","JinHua_104",0,5,3,0.0718285845703364,0.0718374955365603
"D5","JinHua_121",1,5,3,0.0718285845703364,0.0718374955365603
"D5","JinHua_126",0,5,3,0.0718285845703364,0.0718374955365603
"D5","JinHua_147",0,5,3,0.0246035793742561,0.0246125652901731
"D5","JinHua_170",1,5,3,0.271009158271301,0.270968983798135
"D5","JinHua_173",1,5,3,0.588002322957431,0.587883073256352
"D5","JinHua_176",0,5,3,0.108077886581701,0.108081488297326
"D5","JinHua_180",0,5,3,0.0882871674082536,0.0882940503456455
"D5","JinHua_191",0,5,3,0.0718285845703364,0.0718374955365603
"D5","JinHua_192",0,5,3,0.0718285845703364,0.0718374955365603
"D5","JinHua_193",0,5,3,0.0305978909811773,0.0306075689711897
"D5","JinHua_2",0,5,3,0.0246035793742561,0.0246125652901731
"D5","JinHua_203",0,5,3,0.0718285845703364,0.0718374955365603
"D5","JinHua_208",0,5,3,0.0305978909811773,0.0306075689711897
"D5","JinHua_210",0,5,3,0.0305978909811773,0.0306075689711897
"D5","JinHua_221",0,5,3,0.0379957414546872,0.0380059073430196
"D5","JinHua_222",0,5,3,0.0305978909811773,0.0306075689711897
"D5","JinHua_3",0,5,3,0.0305978909811773,0.0306075689711897
"D5","JinHua_35",0,5,3,0.0882871674082536,0.0882940503456455
"D5","JinHua_37",0,5,3,0.0882871674082536,0.0882940503456455
"D5","JinHua_43",0,5,3,0.0882871674082536,0.0882940503456455
"D5","JinHua_60",1,5,3,0.131664281774699,0.131663049125296
"D5","JinHua_62",0,5,3,0.0246035793742561,0.0246125652901731
"D5","JinHua_66",0,5,3,0.0246035793742561,0.0246125652901731
"D5","JinHua_73",0,5,3,0.0246035793742561,0.0246125652901731
"D5","JinHua_75",0,5,3,0.131664281774699,0.131663049125296
"D5","JinHua_76",0,5,3,0.0246035793742561,0.0246125652901731
"D5","JinHua_83",1,5,3,0.159477694419175,0.159469795853229
"D5","JinHua_88",0,5,3,0.108077886581701,0.108081488297326
"D5","JinHua_92",0,5,3,0.0246035793742561,0.0246125652901731
"D5","JinHua_99",0,5,3,0.0882871674082536,0.0882940503456455
"D5","SSR_10",0,5,3,0.3679314273562,0.367861744524154
"D5","SSR_102",0,5,3,0.0246035793742561,0.0246125652901731
"D5","SSR_105",0,5,3,0.0882871674082536,0.0882940503456455
"D5","SSR_13",0,5,3,0.108077886581701,0.108081488297326
"D5","SSR_158",1,5,3,0.108077886581701,0.108081488297326
"D5","SSR_161",0,5,3,0.191868306101737,0.191851704838968
"D5","SSR_167",0,5,3,0.0379957414546872,0.0380059073430196
"D5","SSR_170",0,5,3,0.0882871674082536,0.0882940503456455
"D5","SSR_172",0,5,3,0.0718285845703364,0.0718374955365603
"D5","SSR_174",0,5,3,0.108077886581701,0.108081488297326
"D5","SSR_20",0,5,3,0.0246035793742561,0.0246125652901731
"D5","SSR_21",0,5,3,0.0246035793742561,0.0246125652901731
"D5","SSR_23",0,5,3,0.05824222234769,0.0582521946786244
"D5","SSR_24",0,5,3,0.0246035793742561,0.0246125652901731
"D5","SSR_27",0,5,3,0.0882871674082536,0.0882940503456455
"D5","SSR_29",0,5,3,0.0470953234704248,0.0471056436702194
"D5","SSR_32",0,5,3,0.22904488295671,0.229017475727172
"D5","SSR_33",0,5,3,0.0379957414546872,0.0380059073430196
"D5","SSR_34",0,5,3,0.131664281774699,0.131663049125296
"D5","SSR_37",0,5,3,0.05824222234769,0.0582521946786244
"D5","SSR_4",0,5,3,0.0882871674082536,0.0882940503456455
"D5","SSR_42",0,5,3,0.05824222234769,0.0582521946786244
"D5","SSR_46",0,5,3,0.05824222234769,0.0582521946786244
"D5","SSR_47",0,5,3,0.271009158271301,0.270968983798135
"D5","SSR_64",0,5,3,0.05824222234769,0.0582521946786244
"D5","SSR_8",0,5,3,0.191868306101737,0.191851704838968
"D5","SSR_90",0,5,3,0.0379957414546872,0.0380059073430196
"D5","JinHua_112",0,5,4,0.114911862068594,0.114912313128029
"D5","JinHua_114",0,5,4,0.0188455908618216,0.0188465567982321
"D5","JinHua_128",0,5,4,0.0188455908618216,0.0188465567982321
"D5","JinHua_13",0,5,4,0.665605748381871,0.66559153550417
"D5","JinHua_135",0,5,4,0.0899282200766994,0.0899291419364972
"D5","JinHua_143",0,5,4,0.145724990498558,0.145724692445748
"D5","JinHua_149",0,5,4,0.0320938366368804,0.0320950351102668
"D5","JinHua_152",0,5,4,0.0699471443243789,0.0699483213685275
"D5","JinHua_156",1,5,4,0.0699471443243789,0.0699483213685275
"D5","JinHua_163",0,5,4,0.0699471443243789,0.0699483213685275
"D5","JinHua_171",0,5,4,0.114911862068594,0.114912313128029
"D5","JinHua_185",0,5,4,0.0188455908618216,0.0188465567982321
"D5","JinHua_188",0,5,4,0.0320938366368804,0.0320950351102668
"D5","JinHua_197",0,5,4,0.0541415298705168,0.0541428061527957
"D5","JinHua_200",0,5,4,0.0899282200766994,0.0899291419364972
"D5","JinHua_205",0,5,4,0.0541415298705168,0.0541428061527957
"D5","JinHua_207",0,5,4,0.145724990498558,0.145724692445748
"D5","JinHua_211",0,5,4,0.145724990498558,0.145724692445748
"D5","JinHua_225",1,5,4,0.665605748381871,0.66559153550417
"D5","JinHua_23",0,5,4,0.0541415298705168,0.0541428061527957
"D5","JinHua_24",0,5,4,0.0699471443243789,0.0699483213685275
"D5","JinHua_25",1,5,4,0.278972844649156,0.278968242134571
"D5","JinHua_26",0,5,4,0.0417471188152212,0.0417483890189295
"D5","JinHua_34",0,5,4,0.0699471443243789,0.0699483213685275
"D5","JinHua_38",0,5,4,0.602378867088588,0.602365208009302
"D5","JinHua_45",0,5,4,0.0699471443243789,0.0699483213685275
"D5","JinHua_48",0,5,4,0.0899282200766994,0.0899291419364972
"D5","JinHua_49",0,5,4,0.0541415298705168,0.0541428061527957
"D5","JinHua_59",0,5,4,0.145724990498558,0.145724692445748
"D5","JinHua_61",0,5,4,0.0899282200766994,0.0899291419364972
"D5","JinHua_63",0,5,4,0.145724990498558,0.145724692445748
"D5","JinHua_65",0,5,4,0.145724990498558,0.145724692445748
"D5","JinHua_67",0,5,4,0.22748761937408,0.227484798389462
"D5","JinHua_68",0,5,4,0.0699471443243789,0.0699483213685275
"D5","JinHua_69",0,5,4,0.0246153661304686,0.024616456408501
"D5","JinHua_70",0,5,4,0.0699471443243789,0.0699483213685275
"D5","JinHua_74",0,5,4,0.0188455908618216,0.0188465567982321
"D5","JinHua_77",0,5,4,0.145724990498558,0.145724692445748
"D5","JinHua_78",0,5,4,0.0246153661304686,0.024616456408501
"D5","JinHua_79",0,5,4,0.0188455908618216,0.0188465567982321
"D5","JinHua_84",1,5,4,0.467398130921488,0.467387334852296
"D5","JinHua_87",0,5,4,0.114911862068594,0.114912313128029
"D5","JinHua_96",0,5,4,0.183091347741662,0.183089968227789
"D5","SSR_1",0,5,4,0.0541415298705168,0.0541428061527957
"D5","SSR_117",0,5,4,0.0320938366368804,0.0320950351102668
"D5","SSR_12",0,5,4,0.0541415298705168,0.0541428061527957
"D5","SSR_159",0,5,4,0.0320938366368804,0.0320950351102668
"D5","SSR_162",0,5,4,0.0699471443243789,0.0699483213685275
"D5","SSR_18",0,5,4,0.337026716320736,0.337020077836229
"D5","SSR_182",0,5,4,0.535539244363832,0.535526758291618
"D5","SSR_19",0,5,4,0.278972844649156,0.278968242134571
"D5","SSR_26",0,5,4,0.183091347741662,0.183089968227789
"D5","SSR_28",0,5,4,0.0320938366368804,0.0320950351102668
"D5","SSR_30",0,5,4,0.0320938366368804,0.0320950351102668
"D5","SSR_31",0,5,4,0.114911862068594,0.114912313128029
"D5","SSR_59",1,5,4,0.145724990498558,0.145724692445748
"D5","SSR_69",1,5,4,0.0417471188152212,0.0417483890189295
"D5","SSR_9",0,5,4,0.22748761937408,0.227484798389462
"D5","JinHua_1",0,5,5,0.0198972490496001,0.0198979771281374
"D5","JinHua_100",0,5,5,0.0419581129698982,0.0419590529275049
"D5","JinHua_116",0,5,5,0.136249919873644,0.136249935357869
"D5","JinHua_120",0,5,5,0.208461888210952,0.208460375269094
"D5","JinHua_122",0,5,5,0.108798012170493,0.108798475828186
"D5","JinHua_134",0,5,5,0.0681380515335528,0.0681389457124768
"D5","JinHua_137",0,5,5,0.108798012170493,0.108798475828186
"D5","JinHua_144",1,5,5,0.305413317578125,0.305409399504317
"D5","JinHua_155",0,5,5,0.0535585188123304,0.0535594683880619
"D5","JinHua_161",0,5,5,0.0419581129698982,0.0419590529275049
"D5","JinHua_165",0,5,5,0.0255610909459804,0.0255619050374108
"D5","JinHua_169",0,5,5,0.0198972490496001,0.0198979771281374
"D5","JinHua_175",0,5,5,0.0198972490496001,0.0198979771281374
"D5","JinHua_182",0,5,5,0.0535585188123304,0.0535594683880619
"D5","JinHua_183",0,5,5,0.0327832436393196,0.0327841325504913
"D5","JinHua_184",0,5,5,0.0535585188123304,0.0535594683880619
"D5","JinHua_194",0,5,5,0.0681380515335528,0.0681389457124768
"D5","JinHua_195",0,5,5,0.0419581129698982,0.0419590529275049
"D5","JinHua_199",1,5,5,0.0327832436393196,0.0327841325504913
"D5","JinHua_201",0,5,5,0.0419581129698982,0.0419590529275049
"D5","JinHua_206",0,5,5,0.169312548167956,0.169311912626405
"D5","JinHua_215",0,5,5,0.0327832436393196,0.0327841325504913
"D5","JinHua_219",0,5,5,0.0419581129698982,0.0419590529275049
"D5","JinHua_220",0,5,5,0.108798012170493,0.108798475828186
"D5","JinHua_223",0,5,5,0.0255610909459804,0.0255619050374108
"D5","JinHua_27",1,5,5,0.0327832436393196,0.0327841325504913
"D5","JinHua_33",0,5,5,0.208461888210952,0.208460375269094
"D5","JinHua_39",0,5,5,0.486804382929189,0.486796283415967
"D5","JinHua_42",0,5,5,0.0419581129698982,0.0419590529275049
"D5","JinHua_54",0,5,5,0.0198972490496001,0.0198979771281374
"D5","JinHua_56",0,5,5,0.0198972490496001,0.0198979771281374
"D5","JinHua_64",0,5,5,0.0863243876029409,0.0863251315474599
"D5","JinHua_8",0,5,5,0.0419581129698982,0.0419590529275049
"D5","JinHua_82",0,5,5,0.0681380515335528,0.0681389457124768
"D5","JinHua_86",0,5,5,0.0198972490496001,0.0198979771281374
"D5","JinHua_90",0,5,5,0.0198972490496001,0.0198979771281374
"D5","JinHua_95",0,5,5,0.0327832436393196,0.0327841325504913
"D5","JinHua_97",0,5,5,0.0681380515335528,0.0681389457124768
"D5","SSR_106",0,5,5,0.0419581129698982,0.0419590529275049
"D5","SSR_125",0,5,5,0.0419581129698982,0.0419590529275049
"D5","SSR_131",0,5,5,0.208461888210952,0.208460375269094
"D5","SSR_139",0,5,5,0.0863243876029409,0.0863251315474599
"D5","SSR_143",1,5,5,0.486804382929189,0.486796283415967
"D5","SSR_145",0,5,5,0.305413317578125,0.305409399504317
"D5","SSR_151",0,5,5,0.0681380515335528,0.0681389457124768
"D5","SSR_154",1,5,5,0.108798012170493,0.108798475828186
"D5","SSR_171",0,5,5,0.0863243876029409,0.0863251315474599
"D5","SSR_177",0,5,5,0.0863243876029409,0.0863251315474599
"D5","SSR_2",0,5,5,0.169312548167956,0.169311912626405
"D5","SSR_25",0,5,5,0.0327832436393196,0.0327841325504913
"D5","SSR_40",0,5,5,0.0327832436393196,0.0327841325504913
"D5","SSR_48",0,5,5,0.0535585188123304,0.0535594683880619
"D5","SSR_50",0,5,5,0.136249919873644,0.136249935357869
"D5","SSR_52",0,5,5,0.0681380515335528,0.0681389457124768
"D5","SSR_56",0,5,5,0.0681380515335528,0.0681389457124768
"D5","SSR_61",0,5,5,0.0681380515335528,0.0681389457124768
"D5","SSR_81",0,5,5,0.0535585188123304,0.0535594683880619
"D5","JinHua_112",0,6,1,0.109657656393907,0.114283315229371
"D5","JinHua_117",0,6,1,0.0205860131806024,0.0198702411221578
"D5","JinHua_126",0,6,1,0.0691761362393323,0.0692612696965964
"D5","JinHua_132",0,6,1,0.0205860131806024,0.0197542543463389
"D5","JinHua_134",0,6,1,0.0691761362393323,0.0741118588442766
"D5","JinHua_136",0,6,1,0.0873181959156315,0.10303603938456
"D5","JinHua_143",0,6,1,0.136855432789215,0.131195853065398
"D5","JinHua_153",0,6,1,0.252768687014857,0.279356069476866
"D5","JinHua_157",0,6,1,0.0336611181389952,0.031574419201568
"D5","JinHua_158",0,6,1,0.0336611181389952,0.0334468846200001
"D5","JinHua_16",0,6,1,0.169514588113449,0.168378266259354
"D5","JinHua_160",0,6,1,0.252768687014857,0.263311190654737
"D5","JinHua_161",0,6,1,0.0429185037761212,0.0418253285822238
"D5","JinHua_163",0,6,1,0.0691761362393323,0.0661408705088616
"D5","JinHua_173",1,6,1,0.664675403123653,0.678961641962195
"D5","JinHua_179",1,6,1,0.544637945178909,0.557223259980248
"D5","JinHua_18",0,6,1,0.109657656393907,0.104671988641517
"D5","JinHua_182",0,6,1,0.0545780368337237,0.0562937436741764
"D5","JinHua_183",0,6,1,0.0336611181389952,0.034752899963156
"D5","JinHua_193",0,6,1,0.0263455557787731,0.0255895800234658
"D5","JinHua_197",0,6,1,0.0545780368337237,0.0594042027647497
"D5","JinHua_201",0,6,1,0.0429185037761212,0.0431483691817562
"D5","JinHua_220",0,6,1,0.109657656393907,0.120206085972058
"D5","JinHua_222",0,6,1,0.0263455557787731,0.0227862561695059
"D5","JinHua_24",0,6,1,0.0691761362393323,0.069783542228758
"D5","JinHua_26",0,6,1,0.0429185037761212,0.0418853267383078
"D5","JinHua_38",0,6,1,0.544637945178909,0.537961204963607
"D5","JinHua_39",0,6,1,0.481618972044369,0.522936219596145
"D5","JinHua_4",0,6,1,0.0691761362393323,0.0609108186972933
"D5","JinHua_42",0,6,1,0.0429185037761212,0.0407413584803266
"D5","JinHua_44",0,6,1,0.0336611181389952,0.0317396023868918
"D5","JinHua_48",0,6,1,0.0873181959156315,0.0873986856363445
"D5","JinHua_61",0,6,1,0.0873181959156315,0.0839205534038201
"D5","JinHua_64",0,6,1,0.0873181959156315,0.092447124746325
"D5","JinHua_70",0,6,1,0.0691761362393323,0.0698207457847341
"D5","JinHua_79",0,6,1,0.0205860131806024,0.0190541826104045
"D5","JinHua_91",1,6,1,0.0691761362393323,0.0671687302507415
"D5","JinHua_95",0,6,1,0.0336611181389952,0.0367201698249088
"D5","JinHua_96",0,6,1,0.169514588113449,0.184051661763754
"D5","SSR_1",0,6,1,0.0545780368337237,0.0494440085361498
"D5","SSR_12",0,6,1,0.0545780368337237,0.0520604975955104
"D5","SSR_120",0,6,1,0.0545780368337237,0.0557370014144952
"D5","SSR_130",0,6,1,0.0691761362393323,0.0837898199709554
"D5","SSR_158",1,6,1,0.109657656393907,0.110494852106276
"D5","SSR_161",0,6,1,0.208088579788978,0.207881203625338
"D5","SSR_177",0,6,1,0.0873181959156315,0.0861236715946144
"D5","SSR_181",0,6,1,0.136855432789215,0.12580087431013
"D5","SSR_20",0,6,1,0.0205860131806024,0.0249612414344446
"D5","SSR_24",0,6,1,0.0205860131806024,0.022144859128301
"D5","SSR_35",1,6,1,0.0691761362393323,0.0594531487849567
"D5","SSR_36",1,6,1,0.0873181959156315,0.0870906286592038
"D5","SSR_42",0,6,1,0.0545780368337237,0.0523935298491614
"D5","SSR_48",0,6,1,0.0545780368337237,0.0494807725834978
"D5","SSR_52",0,6,1,0.0691761362393323,0.0649926235421036
"D5","SSR_56",0,6,1,0.0691761362393323,0.0733417996368871
"D5","SSR_67",0,6,1,0.0263455557787731,0.0266006351656322
"D5","SSR_70",0,6,1,0.0691761362393323,0.0716083824410331
"D5","SSR_90",0,6,1,0.0336611181389952,0.0328383258815893
"D5","SSR_94",0,6,1,0.0429185037761212,0.0422682252230582
"D5","JinHua_10",1,6,2,0.0880222980432228,0.066874148294904
"D5","JinHua_113",0,6,2,0.0567475414065736,0.0538574325016408
"D5","JinHua_135",0,6,2,0.0880222980432228,0.0851183055649312
"D5","JinHua_146",0,6,2,0.0880222980432228,0.0800470276519056
"D5","JinHua_149",0,6,2,0.0361444546592831,0.0477675274223528
"D5","JinHua_151",0,6,2,0.0361444546592831,0.0307353957970833
"D5","JinHua_156",1,6,2,0.0708060196581039,0.0783722387709601
"D5","JinHua_165",0,6,2,0.0287550296593103,0.0294141420960499
"D5","JinHua_171",0,6,2,0.108933909216511,0.105225947481104
"D5","JinHua_180",0,6,2,0.0880222980432228,0.080116440699369
"D5","JinHua_181",0,6,2,0.0567475414065736,0.0703730660933386
"D5","JinHua_188",0,6,2,0.0361444546592831,0.0447607205645812
"D5","JinHua_189",0,6,2,0.0567475414065736,0.0600393993615577
"D5","JinHua_195",0,6,2,0.0453441488404651,0.0423263721770229
"D5","JinHua_200",0,6,2,0.0880222980432228,0.123876445437956
"D5","JinHua_210",0,6,2,0.0287550296593103,0.0280253491903555
"D5","JinHua_215",0,6,2,0.0361444546592831,0.0365777719666988
"D5","JinHua_219",0,6,2,0.0453441488404651,0.0419259143617548
"D5","JinHua_22",0,6,2,0.108933909216511,0.112045265885026
"D5","JinHua_225",1,6,2,0.565079720672425,0.582629034716239
"D5","JinHua_31",0,6,2,0.198987770534163,0.212125983773868
"D5","JinHua_32",1,6,2,0.335460868209139,0.342496224666349
"D5","JinHua_33",0,6,2,0.198987770534163,0.191766371586886
"D5","JinHua_43",0,6,2,0.0880222980432228,0.084807901310493
"D5","JinHua_5",0,6,2,0.0361444546592831,0.0338382327462644
"D5","JinHua_51",0,6,2,0.284970815874861,0.274728600816308
"D5","JinHua_53",0,6,2,0.0228405102663182,0.0237812505006811
"D5","JinHua_6",0,6,2,0.0361444546592831,0.0363009258074055
"D5","JinHua_69",0,6,2,0.0287550296593103,0.0286117465835169
"D5","JinHua_75",0,6,2,0.134083109269684,0.120677614024863
"D5","JinHua_82",0,6,2,0.0708060196581039,0.0686450346557018
"D5","JinHua_99",0,6,2,0.0880222980432228,0.104148516942487
"D5","SSR_103",0,6,2,0.335460868209139,0.366473969937388
"D5","SSR_108",0,6,2,0.0453441488404651,0.0447262367363874
"D5","SSR_124",0,6,2,0.108933909216511,0.114841564805849
"D5","SSR_134",0,6,2,0.108933909216511,0.120360089071656
"D5","SSR_152",0,6,2,0.0453441488404651,0.0578798737994731
"D5","SSR_157",0,6,2,0.134083109269684,0.171032992513308
"D5","SSR_167",0,6,2,0.0361444546592831,0.0373831427165038
"D5","SSR_17",0,6,2,0.0361444546592831,0.057578758231211
"D5","SSR_174",0,6,2,0.108933909216511,0.113787885317912
"D5","SSR_179",0,6,2,0.0453441488404651,0.0427126447344693
"D5","SSR_19",0,6,2,0.239343027060465,0.213295545373392
"D5","SSR_2",0,6,2,0.163970004902765,0.190482276720273
"D5","SSR_23",0,6,2,0.0567475414065736,0.0414005015019243
"D5","SSR_27",0,6,2,0.0880222980432228,0.0751357271328905
"D5","SSR_3",0,6,2,0.0708060196581039,0.0651638099677291
"D5","SSR_30",0,6,2,0.0361444546592831,0.0421048234978407
"D5","SSR_32",0,6,2,0.239343027060465,0.199232482497468
"D5","SSR_34",0,6,2,0.134083109269684,0.12171171348799
"D5","SSR_39",0,6,2,0.0181198311922987,0.0165118124166541
"D5","SSR_40",0,6,2,0.0361444546592831,0.0398360089833734
"D5","SSR_44",1,6,2,0.0567475414065736,0.0530321941835482
"D5","SSR_46",0,6,2,0.0567475414065736,0.0439507034839305
"D5","SSR_57",0,6,2,0.0453441488404651,0.055076802907236
"D5","SSR_6",0,6,2,0.0567475414065736,0.04560214117581
"D5","SSR_73",0,6,2,0.0567475414065736,0.0533513819572426
"D5","SSR_76",1,6,2,0.198987770534163,0.163702139824541
"D5","JinHua_103",0,6,3,0.384397844717902,0.384391886010217
"D5","JinHua_104",0,6,3,0.0619087310202299,0.0619096933371563
"D5","JinHua_106",0,6,3,0.0276279724074428,0.0276288381713904
"D5","JinHua_107",0,6,3,0.0159420342152776,0.015942703538133
"D5","JinHua_108",0,6,3,0.0619087310202299,0.0619096933371563
"D5","JinHua_119",0,6,3,0.0619087310202299,0.0619096933371563
"D5","JinHua_123",1,6,3,0.0619087310202299,0.0619096933371563
"D5","JinHua_124",0,6,3,0.0276279724074428,0.0276288381713904
"D5","JinHua_13",0,6,3,0.657620616489139,0.657610246561708
"D5","JinHua_137",0,6,3,0.103737448056575,0.103738018198865
"D5","JinHua_140",0,6,3,0.0619087310202299,0.0619096933371563
"D5","JinHua_141",0,6,3,0.0362636526268824,0.0362645965138483
"D5","JinHua_145",0,6,3,0.021003939106679,0.0210047090980771
"D5","JinHua_148",0,6,3,0.0474668234124831,0.0474678085693528
"D5","JinHua_15",0,6,3,0.103737448056575,0.103738018198865
"D5","JinHua_17",0,6,3,0.0120849788321101,0.0120855505163593
"D5","JinHua_176",0,6,3,0.103737448056575,0.103738018198865
"D5","JinHua_191",0,6,3,0.0619087310202299,0.0619096933371563
"D5","JinHua_207",0,6,3,0.132910949821346,0.132911055073166
"D5","JinHua_208",0,6,3,0.021003939106679,0.0210047090980771
"D5","JinHua_214",0,6,3,0.103737448056575,0.103738018198865
"D5","JinHua_217",0,6,3,0.0159420342152776,0.015942703538133
"D5","JinHua_223",0,6,3,0.021003939106679,0.0210047090980771
"D5","JinHua_27",1,6,3,0.0276279724074428,0.0276288381713904
"D5","JinHua_30",0,6,3,0.021003939106679,0.0210047090980771
"D5","JinHua_37",0,6,3,0.0803738668191312,0.0803747058183335
"D5","JinHua_46",0,6,3,0.021003939106679,0.0210047090980771
"D5","JinHua_56",0,6,3,0.0159420342152776,0.015942703538133
"D5","JinHua_59",0,6,3,0.132910949821346,0.132911055073166
"D5","JinHua_60",1,6,3,0.132910949821346,0.132911055073166
"D5","JinHua_63",0,6,3,0.132910949821346,0.132911055073166
"D5","JinHua_66",0,6,3,0.0159420342152776,0.015942703538133
"D5","JinHua_67",0,6,3,0.21187728741747,0.211875696984623
"D5","JinHua_73",0,6,3,0.0159420342152776,0.015942703538133
"D5","JinHua_76",0,6,3,0.0159420342152776,0.015942703538133
"D5","JinHua_83",1,6,3,0.168744085156441,0.168743481217622
"D5","SSR_101",0,6,3,0.0803738668191312,0.0803747058183335
"D5","SSR_106",0,6,3,0.0362636526268824,0.0362645965138483
"D5","SSR_125",0,6,3,0.0362636526268824,0.0362645965138483
"D5","SSR_13",0,6,3,0.103737448056575,0.103738018198865
"D5","SSR_15",0,6,3,0.0619087310202299,0.0619096933371563
"D5","SSR_154",1,6,3,0.103737448056575,0.103738018198865
"D5","SSR_159",0,6,3,0.0276279724074428,0.0276288381713904
"D5","SSR_162",0,6,3,0.0619087310202299,0.0619096933371563
"D5","SSR_164",0,6,3,0.0619087310202299,0.0619096933371563
"D5","SSR_169",0,6,3,0.0619087310202299,0.0619096933371563
"D5","SSR_171",0,6,3,0.0803738668191312,0.0803747058183335
"D5","SSR_173",1,6,3,0.26255350800124,0.262550653433056
"D5","SSR_18",0,6,3,0.320422524413012,0.320418177640409
"D5","SSR_182",0,6,3,0.522707610193983,0.522698723889098
"D5","SSR_22",0,6,3,0.0619087310202299,0.0619096933371563
"D5","SSR_25",0,6,3,0.0276279724074428,0.0276288381713904
"D5","SSR_33",0,6,3,0.0276279724074428,0.0276288381713904
"D5","SSR_51",0,6,3,0.21187728741747,0.211875696984623
"D5","SSR_61",0,6,3,0.0619087310202299,0.0619096933371563
"D5","SSR_62",0,6,3,0.0803738668191312,0.0803747058183335
"D5","SSR_77",0,6,3,0.0619087310202299,0.0619096933371563
"D5","SSR_81",0,6,3,0.0474668234124831,0.0474678085693528
"D5","JinHua_1",0,6,4,0.0326825691619331,0.0326854961553792
"D5","JinHua_100",0,6,4,0.0562845098944419,0.056287400191648
"D5","JinHua_11",0,6,4,0.0801321845253562,0.0801343198209313
"D5","JinHua_110",0,6,4,0.0326825691619331,0.0326854961553792
"D5","JinHua_111",0,6,4,0.13327894208784,0.13327787945331
"D5","JinHua_122",0,6,4,0.112875545694617,0.112875898501386
"D5","JinHua_129",0,6,4,0.0801321845253562,0.0801343198209313
"D5","JinHua_131",0,6,4,0.0562845098944419,0.056287400191648
"D5","JinHua_138",1,6,4,0.24702043632407,0.247009259917942
"D5","JinHua_139",0,6,4,0.0392313172254686,0.0392343273511752
"D5","JinHua_14",0,6,4,0.0801321845253562,0.0801343198209313
"D5","JinHua_144",1,6,4,0.24702043632407,0.247009259917942
"D5","JinHua_147",0,6,4,0.0326825691619331,0.0326854961553792
"D5","JinHua_162",0,6,4,0.0562845098944419,0.056287400191648
"D5","JinHua_169",0,6,4,0.0326825691619331,0.0326854961553792
"D5","JinHua_170",1,6,4,0.24702043632407,0.247009259917942
"D5","JinHua_174",0,6,4,0.0672337746397514,0.0672363892409904
"D5","JinHua_185",0,6,4,0.0326825691619331,0.0326854961553792
"D5","JinHua_190",0,6,4,0.112875545694617,0.112875898501386
"D5","JinHua_192",0,6,4,0.0801321845253562,0.0801343198209313
"D5","JinHua_194",0,6,4,0.0801321845253562,0.0801343198209313
"D5","JinHua_198",0,6,4,0.0801321845253562,0.0801343198209313
"D5","JinHua_2",0,6,4,0.0326825691619331,0.0326854961553792
"D5","JinHua_204",0,6,4,0.112875545694617,0.112875898501386
"D5","JinHua_224",0,6,4,0.112875545694617,0.112875898501386
"D5","JinHua_3",0,6,4,0.0392313172254686,0.0392343273511752
"D5","JinHua_45",0,6,4,0.0801321845253562,0.0801343198209313
"D5","JinHua_54",0,6,4,0.0326825691619331,0.0326854961553792
"D5","JinHua_57",0,6,4,0.0801321845253562,0.0801343198209313
"D5","JinHua_7",0,6,4,0.0672337746397514,0.0672363892409904
"D5","JinHua_78",0,6,4,0.0392313172254686,0.0392343273511752
"D5","JinHua_84",1,6,4,0.323942073426022,0.323923341565992
"D5","JinHua_89",0,6,4,0.0470284705085252,0.0470314793899029
"D5","JinHua_9",0,6,4,0.0392313172254686,0.0392343273511752
"D5","JinHua_90",0,6,4,0.0326825691619331,0.0326854961553792
"D5","JinHua_97",0,6,4,0.0801321845253562,0.0801343198209313
"D5","SSR_10",0,6,4,0.323942073426022,0.323923341565992
"D5","SSR_102",0,6,4,0.0326825691619331,0.0326854961553792
"D5","SSR_117",0,6,4,0.0470284705085252,0.0470314793899029
"D5","SSR_131",0,6,4,0.183408961347187,0.183403772785653
"D5","SSR_143",1,6,4,0.366726150502385,0.36670333204239
"D5","SSR_150",0,6,4,0.0952523896487934,0.0952537897038817
"D5","SSR_170",0,6,4,0.0952523896487934,0.0952537897038817
"D5","SSR_21",0,6,4,0.0326825691619331,0.0326854961553792
"D5","SSR_26",0,6,4,0.156718917428874,0.156716020349159
"D5","SSR_29",0,6,4,0.0562845098944419,0.056287400191648
"D5","SSR_37",0,6,4,0.0672337746397514,0.0672363892409904
"D5","SSR_4",0,6,4,0.0952523896487934,0.0952537897038817
"D5","SSR_47",0,6,4,0.24702043632407,0.247009259917942
"D5","SSR_5",0,6,4,0.112875545694617,0.112875898501386
"D5","SSR_50",0,6,4,0.13327894208784,0.13327787945331
"D5","SSR_54",0,6,4,0.13327894208784,0.13327787945331
"D5","SSR_59",1,6,4,0.13327894208784,0.13327787945331
"D5","SSR_64",0,6,4,0.0672337746397514,0.0672363892409904
"D5","SSR_75",0,6,4,0.183408961347187,0.183403772785653
"D5","SSR_79",0,6,4,0.13327894208784,0.13327787945331
"D5","SSR_8",0,6,4,0.183408961347187,0.183403772785653
"D5","SSR_95",0,6,4,0.0952523896487934,0.0952537897038817
"D5","JinHua_101",0,6,5,0.0643476996544078,0.0730531087915356
"D5","JinHua_102",0,6,5,0.0227014548781885,0.0182220032097363
"D5","JinHua_105",0,6,5,0.210790472780766,0.214778959839568
"D5","JinHua_114",0,6,5,0.0174002332852076,0.0195911285509875
"D5","JinHua_116",0,6,5,0.134368015925045,0.193059728100549
"D5","JinHua_12",0,6,5,0.210790472780766,0.294533252603174
"D5","JinHua_120",0,6,5,0.210790472780766,0.209508679104307
"D5","JinHua_121",1,6,5,0.0643476996544078,0.0695729735743489
"D5","JinHua_128",0,6,5,0.0174002332852076,0.0128001957204102
"D5","JinHua_150",0,6,5,0.0174002332852076,0.0235422470964148
"D5","JinHua_152",0,6,5,0.0643476996544078,0.0600663670512629
"D5","JinHua_155",0,6,5,0.0498170215186963,0.0594922004614462
"D5","JinHua_159",0,6,5,0.0174002332852076,0.021849931087989
"D5","JinHua_166",0,6,5,0.0133200753553507,0.0122957953770665
"D5","JinHua_172",0,6,5,0.0174002332852076,0.0131160257219799
"D5","JinHua_175",0,6,5,0.0174002332852076,0.017923271671916
"D5","JinHua_184",0,6,5,0.0498170215186963,0.0421914342700826
"D5","JinHua_19",0,6,5,0.0643476996544078,0.053985535788372
"D5","JinHua_199",1,6,5,0.0295691643374047,0.0237465734117334
"D5","JinHua_203",0,6,5,0.0643476996544078,0.0660018282591071
"D5","JinHua_205",0,6,5,0.0498170215186963,0.033490898822664
"D5","JinHua_206",0,6,5,0.169169823519484,0.148925023166634
"D5","JinHua_211",0,6,5,0.134368015925045,0.152475291400852
"D5","JinHua_213",0,6,5,0.0827476019551073,0.0847518856027315
"D5","JinHua_218",0,6,5,0.0295691643374047,0.0378604543407093
"D5","JinHua_221",0,6,5,0.0295691643374047,0.0406133830993272
"D5","JinHua_23",0,6,5,0.0498170215186963,0.0498995265508895
"D5","JinHua_25",1,6,5,0.259453271296424,0.243732197449381
"D5","JinHua_34",0,6,5,0.0643476996544078,0.0700711963063247
"D5","JinHua_35",0,6,5,0.0827476019551073,0.135719848347515
"D5","JinHua_49",0,6,5,0.0498170215186963,0.04511185080315
"D5","JinHua_50",0,6,5,0.105813851691227,0.0748529787713419
"D5","JinHua_62",0,6,5,0.0174002332852076,0.0231419203075562
"D5","JinHua_65",0,6,5,0.134368015925045,0.18280794779452
"D5","JinHua_68",0,6,5,0.0643476996544078,0.0710000633982752
"D5","JinHua_72",0,6,5,0.210790472780766,0.234265755135747
"D5","JinHua_74",0,6,5,0.0174002332852076,0.0146442846183801
"D5","JinHua_77",0,6,5,0.134368015925045,0.13117441665739
"D5","JinHua_8",0,6,5,0.0384328087079318,0.0268115118812282
"D5","JinHua_86",0,6,5,0.0174002332852076,0.0166070627539469
"D5","JinHua_87",0,6,5,0.105813851691227,0.0974299114169328
"D5","JinHua_88",0,6,5,0.105813851691227,0.105922117098443
"D5","JinHua_92",0,6,5,0.0174002332852076,0.0194262130263411
"D5","SSR_105",0,6,5,0.0827476019551073,0.0891721403867834
"D5","SSR_139",0,6,5,0.0827476019551073,0.0782442793699928
"D5","SSR_14",1,6,5,0.105813851691227,0.051351853906097
"D5","SSR_145",0,6,5,0.314868215659104,0.414424217230146
"D5","SSR_151",0,6,5,0.0643476996544078,0.0761051683610309
"D5","SSR_172",0,6,5,0.0643476996544078,0.0602686643683118
"D5","SSR_28",0,6,5,0.0295691643374047,0.0358874136711969
"D5","SSR_31",0,6,5,0.105813851691227,0.1476678972643
"D5","SSR_38",0,6,5,0.259453271296424,0.291379101819171
"D5","SSR_43",0,6,5,0.0227014548781885,0.0182731929806482
"D5","SSR_60",0,6,5,0.0384328087079318,0.0454911901421318
"D5","SSR_69",1,6,5,0.0384328087079318,0.0236104802757997
"D5","SSR_78",0,6,5,0.105813851691227,0.0815697221745171
"D5","SSR_9",0,6,5,0.210790472780766,0.130473228226502
"D5","JinHua_100",0,7,1,0.0483954245161667,0.0484047850351743
"D5","JinHua_107",0,7,1,0.0251154877208546,0.0251237342238916
"D5","JinHua_11",0,7,1,0.0740999815149785,0.0741078188905285
"D5","JinHua_110",0,7,1,0.0251154877208546,0.0251237342238916
"D5","JinHua_111",0,7,1,0.136430274389402,0.136428002131041
"D5","JinHua_113",0,7,1,0.0599711110826806,0.0599800600998393
"D5","JinHua_116",0,7,1,0.136430274389402,0.136428002131041
"D5","JinHua_121",1,7,1,0.0740999815149785,0.0741078188905285
"D5","JinHua_13",0,7,1,0.548598349929316,0.548494382923407
"D5","JinHua_139",0,7,1,0.0313060409505852,0.0313149047503622
"D5","JinHua_14",0,7,1,0.0740999815149785,0.0741078188905285
"D5","JinHua_148",0,7,1,0.0599711110826806,0.0599800600998393
"D5","JinHua_149",0,7,1,0.038961481675164,0.0389707589727346
"D5","JinHua_155",0,7,1,0.0599711110826806,0.0599800600998393
"D5","JinHua_159",0,7,1,0.0251154877208546,0.0251237342238916
"D5","JinHua_162",0,7,1,0.0483954245161667,0.0484047850351743
"D5","JinHua_169",0,7,1,0.0251154877208546,0.0251237342238916
"D5","JinHua_183",0,7,1,0.038961481675164,0.0389707589727346
"D5","JinHua_189",0,7,1,0.0599711110826806,0.0599800600998393
"D5","JinHua_191",0,7,1,0.0740999815149785,0.0741078188905285
"D5","JinHua_208",0,7,1,0.0313060409505852,0.0313149047503622
"D5","JinHua_210",0,7,1,0.0313060409505852,0.0313149047503622
"D5","JinHua_213",0,7,1,0.0912344721659987,0.0912402530552223
"D5","JinHua_218",0,7,1,0.038961481675164,0.0389707589727346
"D5","JinHua_220",0,7,1,0.111852416230556,0.111854921437792
"D5","JinHua_223",0,7,1,0.0313060409505852,0.0313149047503622
"D5","JinHua_30",0,7,1,0.0313060409505852,0.0313149047503622
"D5","JinHua_38",0,7,1,0.492078758326617,0.491984951816618
"D5","JinHua_49",0,7,1,0.0599711110826806,0.0599800600998393
"D5","JinHua_56",0,7,1,0.0251154877208546,0.0251237342238916
"D5","JinHua_57",0,7,1,0.0740999815149785,0.0741078188905285
"D5","JinHua_63",0,7,1,0.136430274389402,0.136428002131041
"D5","JinHua_65",0,7,1,0.136430274389402,0.136428002131041
"D5","JinHua_67",0,7,1,0.199109767633551,0.199092498896846
"D5","JinHua_75",0,7,1,0.136430274389402,0.136428002131041
"D5","JinHua_83",1,7,1,0.165402966029854,0.165394160224504
"D5","JinHua_84",1,7,1,0.381053051534695,0.38098552653487
"D5","JinHua_86",0,7,1,0.0251154877208546,0.0251237342238916
"D5","JinHua_90",0,7,1,0.0251154877208546,0.0251237342238916
"D5","SSR_108",0,7,1,0.0483954245161667,0.0484047850351743
"D5","SSR_117",0,7,1,0.038961481675164,0.0389707589727346
"D5","SSR_13",0,7,1,0.111852416230556,0.111854921437792
"D5","SSR_139",0,7,1,0.0912344721659987,0.0912402530552223
"D5","SSR_143",1,7,1,0.435760927712745,0.43567959036135
"D5","SSR_151",0,7,1,0.0740999815149785,0.0741078188905285
"D5","SSR_173",1,7,1,0.237728964520374,0.237701276227161
"D5","SSR_18",0,7,1,0.281208631272072,0.281168751887618
"D5","SSR_2",0,7,1,0.165402966029854,0.165394160224504
"D5","SSR_21",0,7,1,0.0251154877208546,0.0251237342238916
"D5","SSR_23",0,7,1,0.0599711110826806,0.0599800600998393
"D5","SSR_30",0,7,1,0.038961481675164,0.0389707589727346
"D5","SSR_37",0,7,1,0.0599711110826806,0.0599800600998393
"D5","SSR_4",0,7,1,0.0912344721659987,0.0912402530552223
"D5","SSR_40",0,7,1,0.038961481675164,0.0389707589727346
"D5","SSR_52",0,7,1,0.0740999815149785,0.0741078188905285
"D5","SSR_76",1,7,1,0.199109767633551,0.199092498896846
"D5","SSR_78",0,7,1,0.111852416230556,0.111854921437792
"D5","SSR_9",0,7,1,0.199109767633551,0.199092498896846
"D5","SSR_95",0,7,1,0.0912344721659987,0.0912402530552223
"D5","JinHua_10",1,7,2,0.0906698434681078,0.0906767142690962
"D5","JinHua_101",0,7,2,0.0740092391856597,0.0740183343538206
"D5","JinHua_106",0,7,2,0.0395343992828853,0.0395450643245425
"D5","JinHua_119",0,7,2,0.0740092391856597,0.0740183343538206
"D5","JinHua_120",0,7,2,0.194548760794607,0.194530870834267
"D5","JinHua_124",0,7,2,0.0395343992828853,0.0395450643245425
"D5","JinHua_131",0,7,2,0.0488435554202549,0.0488543095964653
"D5","JinHua_134",0,7,2,0.0740092391856597,0.0740183343538206
"D5","JinHua_137",0,7,2,0.110632904704187,0.110636245755704
"D5","JinHua_140",0,7,2,0.0740092391856597,0.0740183343538206
"D5","JinHua_144",1,7,2,0.273221676596217,0.27317939827074
"D5","JinHua_147",0,7,2,0.0257651698453515,0.0257746996503414
"D5","JinHua_15",0,7,2,0.110632904704187,0.110636245755704
"D5","JinHua_151",0,7,2,0.0395343992828853,0.0395450643245425
"D5","JinHua_158",0,7,2,0.0395343992828853,0.0395450643245425
"D5","JinHua_16",0,7,2,0.162205236545101,0.162196431356054
"D5","JinHua_160",0,7,2,0.231559026086563,0.231529925919963
"D5","JinHua_165",0,7,2,0.03193990794928,0.0319501195219776
"D5","JinHua_17",0,7,2,0.0207585568210563,0.020767278373207
"D5","JinHua_171",0,7,2,0.110632904704187,0.110636245755704
"D5","JinHua_173",1,7,2,0.586328330788415,0.586204825949768
"D5","JinHua_176",0,7,2,0.110632904704187,0.110636245755704
"D5","JinHua_18",0,7,2,0.110632904704187,0.110636245755704
"D5","JinHua_180",0,7,2,0.0906698434681078,0.0906767142690962
"D5","JinHua_182",0,7,2,0.0602073281482855,0.060217631642824
"D5","JinHua_206",0,7,2,0.162205236545101,0.162196431356054
"D5","JinHua_217",0,7,2,0.0257651698453515,0.0257746996503414
"D5","JinHua_25",1,7,2,0.231559026086563,0.231529925919963
"D5","JinHua_34",0,7,2,0.0740092391856597,0.0740183343538206
"D5","JinHua_35",0,7,2,0.0906698434681078,0.0906767142690962
"D5","JinHua_39",0,7,2,0.42195199809905,0.421863937548508
"D5","JinHua_50",0,7,2,0.110632904704187,0.110636245755704
"D5","JinHua_59",0,7,2,0.134341941300611,0.134340148055943
"D5","JinHua_64",0,7,2,0.0906698434681078,0.0906767142690962
"D5","JinHua_68",0,7,2,0.0740092391856597,0.0740183343538206
"D5","JinHua_7",0,7,2,0.0602073281482855,0.060217631642824
"D5","JinHua_79",0,7,2,0.0257651698453515,0.0257746996503414
"D5","SSR_125",0,7,2,0.0488435554202549,0.0488543095964653
"D5","SSR_159",0,7,2,0.0395343992828853,0.0395450643245425
"D5","SSR_162",0,7,2,0.0740092391856597,0.0740183343538206
"D5","SSR_164",0,7,2,0.0740092391856597,0.0740183343538206
"D5","SSR_167",0,7,2,0.0395343992828853,0.0395450643245425
"D5","SSR_177",0,7,2,0.0906698434681078,0.0906767142690962
"D5","SSR_181",0,7,2,0.134341941300611,0.134340148055943
"D5","SSR_22",0,7,2,0.0740092391856597,0.0740183343538206
"D5","SSR_24",0,7,2,0.0257651698453515,0.0257746996503414
"D5","SSR_3",0,7,2,0.0740092391856597,0.0740183343538206
"D5","SSR_33",0,7,2,0.0395343992828853,0.0395450643245425
"D5","SSR_36",1,7,2,0.0906698434681078,0.0906767142690962
"D5","SSR_43",0,7,2,0.03193990794928,0.0319501195219776
"D5","SSR_5",0,7,2,0.110632904704187,0.110636245755704
"D5","SSR_54",0,7,2,0.134341941300611,0.134340148055943
"D5","SSR_59",1,7,2,0.134341941300611,0.134340148055943
"D5","SSR_60",0,7,2,0.0488435554202549,0.0488543095964653
"D5","SSR_61",0,7,2,0.0740092391856597,0.0740183343538206
"D5","SSR_64",0,7,2,0.0602073281482855,0.060217631642824
"D5","SSR_73",0,7,2,0.0602073281482855,0.060217631642824
"D5","SSR_8",0,7,2,0.194548760794607,0.194530870834267
"D5","JinHua_102",0,7,3,0.0237612283706568,0.023761718341007
"D5","JinHua_105",0,7,3,0.199594327152851,0.199593499655223
"D5","JinHua_108",0,7,3,0.0640732850806808,0.064073850728967
"D5","JinHua_114",0,7,3,0.018447844948905,0.018448280344092
"D5","JinHua_126",0,7,3,0.0640732850806808,0.064073850728967
"D5","JinHua_128",0,7,3,0.018447844948905,0.018448280344092
"D5","JinHua_132",0,7,3,0.018447844948905,0.018448280344092
"D5","JinHua_135",0,7,3,0.0814375005854161,0.0814379875725623
"D5","JinHua_136",0,7,3,0.0814375005854161,0.0814379875725623
"D5","JinHua_138",1,7,3,0.294888094229568,0.294885801889882
"D5","JinHua_141",0,7,3,0.0392191632947146,0.0392197389657421
"D5","JinHua_152",0,7,3,0.0640732850806808,0.064073850728967
"D5","JinHua_175",0,7,3,0.018447844948905,0.018448280344092
"D5","JinHua_181",0,7,3,0.050209115060061,0.0502097042470057
"D5","JinHua_184",0,7,3,0.050209115060061,0.0502097042470057
"D5","JinHua_192",0,7,3,0.0640732850806808,0.064073850728967
"D5","JinHua_193",0,7,3,0.0237612283706568,0.023761718341007
"D5","JinHua_194",0,7,3,0.0640732850806808,0.064073850728967
"D5","JinHua_195",0,7,3,0.0392191632947146,0.0392197389657421
"D5","JinHua_2",0,7,3,0.018447844948905,0.018448280344092
"D5","JinHua_201",0,7,3,0.0392191632947146,0.0392197389657421
"D5","JinHua_204",0,7,3,0.102989687114051,0.102990018545818
"D5","JinHua_205",0,7,3,0.050209115060061,0.0502097042470057
"D5","JinHua_207",0,7,3,0.129441838228994,0.12944191318137
"D5","JinHua_214",0,7,3,0.102989687114051,0.102990018545818
"D5","JinHua_224",0,7,3,0.102989687114051,0.102990018545818
"D5","JinHua_26",0,7,3,0.0392191632947146,0.0392197389657421
"D5","JinHua_3",0,7,3,0.0237612283706568,0.023761718341007
"D5","JinHua_33",0,7,3,0.199594327152851,0.199593499655223
"D5","JinHua_37",0,7,3,0.0814375005854161,0.0814379875725623
"D5","JinHua_42",0,7,3,0.0392191632947146,0.0392197389657421
"D5","JinHua_45",0,7,3,0.0640732850806808,0.064073850728967
"D5","JinHua_48",0,7,3,0.0814375005854161,0.0814379875725623
"D5","JinHua_54",0,7,3,0.018447844948905,0.018448280344092
"D5","JinHua_60",1,7,3,0.129441838228994,0.12944191318137
"D5","JinHua_61",0,7,3,0.0814375005854161,0.0814379875725623
"D5","JinHua_72",0,7,3,0.199594327152851,0.199593499655223
"D5","JinHua_82",0,7,3,0.0640732850806808,0.064073850728967
"D5","JinHua_91",1,7,3,0.0640732850806808,0.064073850728967
"D5","SSR_10",0,7,3,0.41224571510873,0.412241627639123
"D5","SSR_105",0,7,3,0.0814375005854161,0.0814379875725623
"D5","SSR_131",0,7,3,0.199594327152851,0.199593499655223
"D5","SSR_14",1,7,3,0.102989687114051,0.102990018545818
"D5","SSR_15",0,7,3,0.0640732850806808,0.064073850728967
"D5","SSR_150",0,7,3,0.0814375005854161,0.0814379875725623
"D5","SSR_17",0,7,3,0.03055733963006,0.0305578787786086
"D5","SSR_170",0,7,3,0.0814375005854161,0.0814379875725623
"D5","SSR_171",0,7,3,0.0814375005854161,0.0814379875725623
"D5","SSR_19",0,7,3,0.244106449137233,0.244104954134639
"D5","SSR_27",0,7,3,0.0814375005854161,0.0814379875725623
"D5","SSR_35",1,7,3,0.0640732850806808,0.064073850728967
"D5","SSR_39",0,7,3,0.0143052069038764,0.0143055871611042
"D5","SSR_44",1,7,3,0.050209115060061,0.0502097042470057
"D5","SSR_48",0,7,3,0.050209115060061,0.0502097042470057
"D5","SSR_51",0,7,3,0.199594327152851,0.199593499655223
"D5","SSR_57",0,7,3,0.0392191632947146,0.0392197389657421
"D5","SSR_6",0,7,3,0.050209115060061,0.0502097042470057
"D5","SSR_81",0,7,3,0.050209115060061,0.0502097042470057
"D5","JinHua_103",0,7,4,0.43624150678608,0.436230122078895
"D5","JinHua_12",0,7,4,0.228863099671072,0.228860088639618
"D5","JinHua_122",0,7,4,0.102196492625613,0.102197609189127
"D5","JinHua_123",1,7,4,0.0566829748529947,0.0566846675363582
"D5","JinHua_146",0,7,4,0.0763862544876047,0.0763878004768834
"D5","JinHua_150",0,7,4,0.0120197079562267,0.0120206624501721
"D5","JinHua_166",0,7,4,0.00876180926729962,0.00876259197333612
"D5","JinHua_170",1,7,4,0.359884087658288,0.35987566818247
"D5","JinHua_172",0,7,4,0.0120197079562267,0.0120206624501721
"D5","JinHua_174",0,7,4,0.0418318274503484,0.041833486862768
"D5","JinHua_185",0,7,4,0.0120197079562267,0.0120206624501721
"D5","JinHua_19",0,7,4,0.0566829748529947,0.0566846675363582
"D5","JinHua_190",0,7,4,0.102196492625613,0.102197609189127
"D5","JinHua_199",1,7,4,0.022527343579378,0.0225286843354232
"D5","JinHua_215",0,7,4,0.022527343579378,0.0225286843354232
"D5","JinHua_219",0,7,4,0.0307449165401804,0.0307464406277434
"D5","JinHua_22",0,7,4,0.102196492625613,0.102197609189127
"D5","JinHua_27",1,7,4,0.022527343579378,0.0225286843354232
"D5","JinHua_31",0,7,4,0.228863099671072,0.228860088639618
"D5","JinHua_4",0,7,4,0.0566829748529947,0.0566846675363582
"D5","JinHua_43",0,7,4,0.0763862544876047,0.0763878004768834
"D5","JinHua_44",0,7,4,0.022527343579378,0.0225286843354232
"D5","JinHua_46",0,7,4,0.0164688628719096,0.0164700069535878
"D5","JinHua_5",0,7,4,0.022527343579378,0.0225286843354232
"D5","JinHua_51",0,7,4,0.359884087658288,0.35987566818247
"D5","JinHua_6",0,7,4,0.022527343579378,0.0225286843354232
"D5","JinHua_70",0,7,4,0.0566829748529947,0.0566846675363582
"D5","JinHua_73",0,7,4,0.0120197079562267,0.0120206624501721
"D5","JinHua_74",0,7,4,0.0120197079562267,0.0120206624501721
"D5","JinHua_77",0,7,4,0.135448831053207,0.135449115116451
"D5","JinHua_87",0,7,4,0.102196492625613,0.102197609189127
"D5","JinHua_88",0,7,4,0.102196492625613,0.102197609189127
"D5","JinHua_89",0,7,4,0.022527343579378,0.0225286843354232
"D5","JinHua_95",0,7,4,0.022527343579378,0.0225286843354232
"D5","JinHua_97",0,7,4,0.0566829748529947,0.0566846675363582
"D5","JinHua_99",0,7,4,0.0763862544876047,0.0763878004768834
"D5","SSR_103",0,7,4,0.43624150678608,0.436230122078895
"D5","SSR_106",0,7,4,0.0307449165401804,0.0307464406277434
"D5","SSR_124",0,7,4,0.102196492625613,0.102197609189127
"D5","SSR_130",0,7,4,0.0566829748529947,0.0566846675363582
"D5","SSR_158",1,7,4,0.102196492625613,0.102197609189127
"D5","SSR_161",0,7,4,0.228863099671072,0.228860088639618
"D5","SSR_169",0,7,4,0.0566829748529947,0.0566846675363582
"D5","SSR_179",0,7,4,0.0307449165401804,0.0307464406277434
"D5","SSR_182",0,7,4,0.594462596698865,0.59444673888641
"D5","SSR_29",0,7,4,0.0307449165401804,0.0307464406277434
"D5","SSR_31",0,7,4,0.102196492625613,0.102197609189127
"D5","SSR_34",0,7,4,0.135448831053207,0.135449115116451
"D5","SSR_38",0,7,4,0.29001635994643,0.290010840703559
"D5","SSR_42",0,7,4,0.0418318274503484,0.041833486862768
"D5","SSR_47",0,7,4,0.359884087658288,0.35987566818247
"D5","SSR_56",0,7,4,0.0566829748529947,0.0566846675363582
"D5","SSR_62",0,7,4,0.0763862544876047,0.0763878004768834
"D5","SSR_67",0,7,4,0.0164688628719096,0.0164700069535878
"D5","SSR_69",1,7,4,0.0307449165401804,0.0307464406277434
"D5","SSR_75",0,7,4,0.228863099671072,0.228860088639618
"D5","SSR_79",0,7,4,0.135448831053207,0.135449115116451
"D5","SSR_94",0,7,4,0.0307449165401804,0.0307464406277434
"D5","JinHua_1",0,7,5,0.0293229249033417,0.0293276804131659
"D5","JinHua_104",0,7,5,0.0782819364618013,0.0782860067624036
"D5","JinHua_112",0,7,5,0.113805880656947,0.113807105916985
"D5","JinHua_117",0,7,5,0.0293229249033417,0.0293276804131659
"D5","JinHua_129",0,7,5,0.0782819364618013,0.0782860067624036
"D5","JinHua_143",0,7,5,0.136378382157808,0.136377206505904
"D5","JinHua_145",0,7,5,0.0358161227373009,0.0358211280788379
"D5","JinHua_153",0,7,5,0.226973429091937,0.226960029098919
"D5","JinHua_156",1,7,5,0.0782819364618013,0.0782860067624036
"D5","JinHua_157",0,7,5,0.0436824530001065,0.0436875832529654
"D5","JinHua_161",0,7,5,0.0531811794826878,0.0531862488079339
"D5","JinHua_163",0,7,5,0.0782819364618013,0.0782860067624036
"D5","JinHua_179",1,7,5,0.452201718636029,0.452155389611028
"D5","JinHua_188",0,7,5,0.0436824530001065,0.0436875832529654
"D5","JinHua_197",0,7,5,0.064605860718842,0.0646106072474985
"D5","JinHua_198",0,7,5,0.0782819364618013,0.0782860067624036
"D5","JinHua_200",0,7,5,0.0945603674425905,0.0945633024425256
"D5","JinHua_203",0,7,5,0.0782819364618013,0.0782860067624036
"D5","JinHua_211",0,7,5,0.136378382157808,0.136377206505904
"D5","JinHua_221",0,7,5,0.0436824530001065,0.0436875832529654
"D5","JinHua_222",0,7,5,0.0358161227373009,0.0358211280788379
"D5","JinHua_225",1,7,5,0.503740325696178,0.503688039187473
"D5","JinHua_23",0,7,5,0.064605860718842,0.0646106072474985
"D5","JinHua_24",0,7,5,0.0782819364618013,0.0782860067624036
"D5","JinHua_32",1,7,5,0.307464518120262,0.307438831888482
"D5","JinHua_53",0,7,5,0.0293229249033417,0.0293276804131659
"D5","JinHua_62",0,7,5,0.0293229249033417,0.0293276804131659
"D5","JinHua_66",0,7,5,0.0293229249033417,0.0293276804131659
"D5","JinHua_69",0,7,5,0.0358161227373009,0.0358211280788379
"D5","JinHua_76",0,7,5,0.0293229249033417,0.0293276804131659
"D5","JinHua_78",0,7,5,0.0358161227373009,0.0358211280788379
"D5","JinHua_8",0,7,5,0.0531811794826878,0.0531862488079339
"D5","JinHua_9",0,7,5,0.0358161227373009,0.0358211280788379
"D5","JinHua_92",0,7,5,0.0293229249033417,0.0293276804131659
"D5","JinHua_96",0,7,5,0.162606469271503,0.162602096702049
"D5","SSR_1",0,7,5,0.064605860718842,0.0646106072474985
"D5","SSR_101",0,7,5,0.0945603674425905,0.0945633024425256
"D5","SSR_102",0,7,5,0.0293229249033417,0.0293276804131659
"D5","SSR_12",0,7,5,0.064605860718842,0.0646106072474985
"D5","SSR_120",0,7,5,0.064605860718842,0.0646106072474985
"D5","SSR_134",0,7,5,0.113805880656947,0.113807105916985
"D5","SSR_145",0,7,5,0.265272882004295,0.265253683627733
"D5","SSR_152",0,7,5,0.0531811794826878,0.0531862488079339
"D5","SSR_154",1,7,5,0.113805880656947,0.113807105916985
"D5","SSR_157",0,7,5,0.136378382157808,0.136377206505904
"D5","SSR_172",0,7,5,0.0782819364618013,0.0782860067624036
"D5","SSR_174",0,7,5,0.113805880656947,0.113807105916985
"D5","SSR_20",0,7,5,0.0293229249033417,0.0293276804131659
"D5","SSR_25",0,7,5,0.0436824530001065,0.0436875832529654
"D5","SSR_26",0,7,5,0.162606469271503,0.162602096702049
"D5","SSR_28",0,7,5,0.0436824530001065,0.0436875832529654
"D5","SSR_32",0,7,5,0.226973429091937,0.226960029098919
"D5","SSR_46",0,7,5,0.064605860718842,0.0646106072474985
"D5","SSR_50",0,7,5,0.136378382157808,0.136377206505904
"D5","SSR_70",0,7,5,0.0782819364618013,0.0782860067624036
"D5","SSR_77",0,7,5,0.0782819364618013,0.0782860067624036
"D5","SSR_90",0,7,5,0.0436824530001065,0.0436875832529654
"D5","JinHua_101",0,8,1,0.0649339429514828,0.0649351281917129
"D5","JinHua_104",0,8,1,0.0649339429514828,0.0649351281917129
"D5","JinHua_107",0,8,1,0.0178078661418047,0.0178087775054528
"D5","JinHua_116",0,8,1,0.134527530906086,0.134527527428768
"D5","JinHua_117",0,8,1,0.0178078661418047,0.0178087775054528
"D5","JinHua_119",0,8,1,0.0649339429514828,0.0649351281917129
"D5","JinHua_12",0,8,1,0.210096024351677,0.210093856418629
"D5","JinHua_121",1,8,1,0.0649339429514828,0.0649351281917129
"D5","JinHua_124",0,8,1,0.0300906922284417,0.0300918325360224
"D5","JinHua_132",0,8,1,0.0178078661418047,0.0178087775054528
"D5","JinHua_14",0,8,1,0.0649339429514828,0.0649351281917129
"D5","JinHua_140",0,8,1,0.0649339429514828,0.0649351281917129
"D5","JinHua_141",0,8,1,0.0390002280561554,0.039001448169097
"D5","JinHua_146",0,8,1,0.0832744246604939,0.0832754173612414
"D5","JinHua_155",0,8,1,0.0504106731755466,0.0504119195738703
"D5","JinHua_157",0,8,1,0.0300906922284417,0.0300918325360224
"D5","JinHua_172",0,8,1,0.0178078661418047,0.0178087775054528
"D5","JinHua_173",1,8,1,0.695146920973036,0.695133104313946
"D5","JinHua_18",0,8,1,0.106206761954601,0.106207377736243
"D5","JinHua_182",0,8,1,0.0504106731755466,0.0504119195738703
"D5","JinHua_183",0,8,1,0.0300906922284417,0.0300918325360224
"D5","JinHua_194",0,8,1,0.0649339429514828,0.0649351281917129
"D5","JinHua_199",1,8,1,0.0300906922284417,0.0300918325360224
"D5","JinHua_203",0,8,1,0.0649339429514828,0.0649351281917129
"D5","JinHua_217",0,8,1,0.0178078661418047,0.0178087775054528
"D5","JinHua_219",0,8,1,0.0390002280561554,0.039001448169097
"D5","JinHua_222",0,8,1,0.0231674567513756,0.0231684884500354
"D5","JinHua_223",0,8,1,0.0231674567513756,0.0231684884500354
"D5","JinHua_37",0,8,1,0.0832744246604939,0.0832754173612414
"D5","JinHua_38",0,8,1,0.571294166809575,0.571281390928945
"D5","JinHua_42",0,8,1,0.0390002280561554,0.039001448169097
"D5","JinHua_50",0,8,1,0.106206761954601,0.106207377736243
"D5","JinHua_51",0,8,1,0.312773056208176,0.312767446813158
"D5","JinHua_63",0,8,1,0.134527530906086,0.134527527428768
"D5","JinHua_65",0,8,1,0.134527530906086,0.134527527428768
"D5","JinHua_66",0,8,1,0.0178078661418047,0.0178087775054528
"D5","JinHua_69",0,8,1,0.0231674567513756,0.0231684884500354
"D5","JinHua_78",0,8,1,0.0231674567513756,0.0231684884500354
"D5","JinHua_84",1,8,1,0.437816922992185,0.437807291724721
"D5","JinHua_89",0,8,1,0.0300906922284417,0.0300918325360224
"D5","JinHua_95",0,8,1,0.0300906922284417,0.0300918325360224
"D5","JinHua_96",0,8,1,0.16897252914482,0.168971609865058
"D5","SSR_159",0,8,1,0.0300906922284417,0.0300918325360224
"D5","SSR_161",0,8,1,0.210096024351677,0.210093856418629
"D5","SSR_17",0,8,1,0.0300906922284417,0.0300918325360224
"D5","SSR_18",0,8,1,0.312773056208176,0.312767446813158
"D5","SSR_21",0,8,1,0.0178078661418047,0.0178087775054528
"D5","SSR_29",0,8,1,0.0390002280561554,0.039001448169097
"D5","SSR_3",0,8,1,0.0649339429514828,0.0649351281917129
"D5","SSR_43",0,8,1,0.0231674567513756,0.0231684884500354
"D5","SSR_46",0,8,1,0.0504106731755466,0.0504119195738703
"D5","SSR_47",0,8,1,0.312773056208176,0.312767446813158
"D5","SSR_48",0,8,1,0.0504106731755466,0.0504119195738703
"D5","SSR_5",0,8,1,0.106206761954601,0.106207377736243
"D5","SSR_59",1,8,1,0.134527530906086,0.134527527428768
"D5","SSR_64",0,8,1,0.0504106731755466,0.0504119195738703
"D5","SSR_69",1,8,1,0.0390002280561554,0.039001448169097
"D5","SSR_90",0,8,1,0.0300906922284417,0.0300918325360224
"D5","SSR_95",0,8,1,0.0832744246604939,0.0832754173612414
"D5","JinHua_102",0,8,2,0.0286046114488456,0.0286199444875508
"D5","JinHua_111",0,8,2,0.135412220371024,0.135409713936978
"D5","JinHua_113",0,8,2,0.0568439765340229,0.0568603878806252
"D5","JinHua_122",0,8,2,0.109810590135501,0.109816500401614
"D5","JinHua_134",0,8,2,0.0710828533699971,0.0710976586370857
"D5","JinHua_135",0,8,2,0.0885535535704517,0.0885650419064097
"D5","JinHua_147",0,8,2,0.0226670800606553,0.0226811193848564
"D5","JinHua_15",0,8,2,0.109810590135501,0.109816500401614
"D5","JinHua_152",0,8,2,0.0710828533699971,0.0710976586370857
"D5","JinHua_153",0,8,2,0.242745641775812,0.242696562193552
"D5","JinHua_156",1,8,2,0.0710828533699971,0.0710976586370857
"D5","JinHua_158",0,8,2,0.036040096841443,0.0360564220195314
"D5","JinHua_160",0,8,2,0.242745641775812,0.242696562193552
"D5","JinHua_17",0,8,2,0.0179392564222763,0.0179518645162147
"D5","JinHua_170",1,8,2,0.289268994595323,0.289197271706418
"D5","JinHua_171",0,8,2,0.109810590135501,0.109816500401614
"D5","JinHua_175",0,8,2,0.0226670800606553,0.0226811193848564
"D5","JinHua_179",1,8,2,0.514010142035469,0.513841182799759
"D5","JinHua_180",0,8,2,0.0885535535704517,0.0885650419064097
"D5","JinHua_190",0,8,2,0.109810590135501,0.109816500401614
"D5","JinHua_201",0,8,2,0.0453181936131538,0.0453349804424598
"D5","JinHua_207",0,8,2,0.135412220371024,0.135409713936978
"D5","JinHua_208",0,8,2,0.0286046114488456,0.0286199444875508
"D5","JinHua_22",0,8,2,0.109810590135501,0.109816500401614
"D5","JinHua_221",0,8,2,0.036040096841443,0.0360564220195314
"D5","JinHua_224",0,8,2,0.109810590135501,0.109816500401614
"D5","JinHua_3",0,8,2,0.0286046114488456,0.0286199444875508
"D5","JinHua_35",0,8,2,0.0885535535704517,0.0885650419064097
"D5","JinHua_43",0,8,2,0.0885535535704517,0.0885650419064097
"D5","JinHua_44",0,8,2,0.036040096841443,0.0360564220195314
"D5","JinHua_5",0,8,2,0.036040096841443,0.0360564220195314
"D5","JinHua_54",0,8,2,0.0226670800606553,0.0226811193848564
"D5","JinHua_73",0,8,2,0.0226670800606553,0.0226811193848564
"D5","JinHua_86",0,8,2,0.0226670800606553,0.0226811193848564
"D5","JinHua_92",0,8,2,0.0226670800606553,0.0226811193848564
"D5","SSR_1",0,8,2,0.0568439765340229,0.0568603878806252
"D5","SSR_102",0,8,2,0.0226670800606553,0.0226811193848564
"D5","SSR_105",0,8,2,0.0885535535704517,0.0885650419064097
"D5","SSR_12",0,8,2,0.0568439765340229,0.0568603878806252
"D5","SSR_120",0,8,2,0.0568439765340229,0.0568603878806252
"D5","SSR_13",0,8,2,0.109810590135501,0.109816500401614
"D5","SSR_130",0,8,2,0.0710828533699971,0.0710976586370857
"D5","SSR_131",0,8,2,0.201582468824208,0.201552671618293
"D5","SSR_143",1,8,2,0.454453408087056,0.454306022226429
"D5","SSR_145",0,8,2,0.289268994595323,0.289197271706418
"D5","SSR_15",0,8,2,0.0710828533699971,0.0710976586370857
"D5","SSR_150",0,8,2,0.0885535535704517,0.0885650419064097
"D5","SSR_162",0,8,2,0.0710828533699971,0.0710976586370857
"D5","SSR_171",0,8,2,0.0885535535704517,0.0885650419064097
"D5","SSR_181",0,8,2,0.135412220371024,0.135409713936978
"D5","SSR_182",0,8,2,0.454453408087056,0.454306022226429
"D5","SSR_23",0,8,2,0.0568439765340229,0.0568603878806252
"D5","SSR_30",0,8,2,0.036040096841443,0.0360564220195314
"D5","SSR_35",1,8,2,0.0710828533699971,0.0710976586370857
"D5","SSR_40",0,8,2,0.036040096841443,0.0360564220195314
"D5","SSR_44",1,8,2,0.0568439765340229,0.0568603878806252
"D5","SSR_8",0,8,2,0.201582468824208,0.201552671618293
"D5","SSR_94",0,8,2,0.0453181936131538,0.0453349804424598
"D5","JinHua_108",0,8,3,0.0636431572319314,0.0636441681496401
"D5","JinHua_11",0,8,3,0.0636431572319314,0.0636441681496401
"D5","JinHua_123",1,8,3,0.0636431572319314,0.0636441681496401
"D5","JinHua_13",0,8,3,0.651020010860678,0.651009153609704
"D5","JinHua_139",0,8,3,0.0220362945965531,0.0220371253406383
"D5","JinHua_144",1,8,3,0.319391354224653,0.319386830914586
"D5","JinHua_159",0,8,3,0.0168104546884328,0.0168111809985426
"D5","JinHua_166",0,8,3,0.0128076766393752,0.0128083004871723
"D5","JinHua_176",0,8,3,0.10558378771464,0.105584370541909
"D5","JinHua_185",0,8,3,0.0168104546884328,0.0168111809985426
"D5","JinHua_2",0,8,3,0.0168104546884328,0.0168111809985426
"D5","JinHua_200",0,8,3,0.0822104559761429,0.0822113287820943
"D5","JinHua_211",0,8,3,0.134627636222847,0.134627726589571
"D5","JinHua_213",0,8,3,0.0822104559761429,0.0822113287820943
"D5","JinHua_25",1,8,3,0.262582380223643,0.262579395899286
"D5","JinHua_26",0,8,3,0.0376609431612547,0.0376619491111838
"D5","JinHua_27",1,8,3,0.0288390317755878,0.028839960279819
"D5","JinHua_33",0,8,3,0.212719745895033,0.212718068463057
"D5","JinHua_34",0,8,3,0.0636431572319314,0.0636441681496401
"D5","JinHua_46",0,8,3,0.0220362945965531,0.0220371253406383
"D5","JinHua_49",0,8,3,0.0490452073849353,0.0490462502447876
"D5","JinHua_57",0,8,3,0.0636431572319314,0.0636441681496401
"D5","JinHua_61",0,8,3,0.0822104559761429,0.0822113287820943
"D5","JinHua_62",0,8,3,0.0168104546884328,0.0168111809985426
"D5","JinHua_64",0,8,3,0.0822104559761429,0.0822113287820943
"D5","JinHua_68",0,8,3,0.0636431572319314,0.0636441681496401
"D5","JinHua_7",0,8,3,0.0490452073849353,0.0490462502447876
"D5","JinHua_70",0,8,3,0.0636431572319314,0.0636441681496401
"D5","JinHua_72",0,8,3,0.212719745895033,0.212718068463057
"D5","JinHua_87",0,8,3,0.10558378771464,0.105584370541909
"D5","JinHua_88",0,8,3,0.10558378771464,0.105584370541909
"D5","JinHua_91",1,8,3,0.0636431572319314,0.0636441681496401
"D5","JinHua_97",0,8,3,0.0636431572319314,0.0636441681496401
"D5","JinHua_99",0,8,3,0.0822104559761429,0.0822113287820943
"D5","SSR_10",0,8,3,0.449044547394783,0.449036729372478
"D5","SSR_101",0,8,3,0.0822104559761429,0.0822113287820943
"D5","SSR_106",0,8,3,0.0376609431612547,0.0376619491111838
"D5","SSR_117",0,8,3,0.0288390317755878,0.028839960279819
"D5","SSR_124",0,8,3,0.10558378771464,0.105584370541909
"D5","SSR_125",0,8,3,0.0376609431612547,0.0376619491111838
"D5","SSR_151",0,8,3,0.0636431572319314,0.0636441681496401
"D5","SSR_152",0,8,3,0.0376609431612547,0.0376619491111838
"D5","SSR_154",1,8,3,0.10558378771464,0.105584370541909
"D5","SSR_167",0,8,3,0.0288390317755878,0.028839960279819
"D5","SSR_169",0,8,3,0.0636431572319314,0.0636441681496401
"D5","SSR_174",0,8,3,0.10558378771464,0.105584370541909
"D5","SSR_177",0,8,3,0.0822104559761429,0.0822113287820943
"D5","SSR_19",0,8,3,0.262582380223643,0.262579395899286
"D5","SSR_22",0,8,3,0.0636431572319314,0.0636441681496401
"D5","SSR_25",0,8,3,0.0288390317755878,0.028839960279819
"D5","SSR_26",0,8,3,0.170141048797984,0.170140396439041
"D5","SSR_37",0,8,3,0.0490452073849353,0.0490462502447876
"D5","SSR_4",0,8,3,0.0822104559761429,0.0822113287820943
"D5","SSR_42",0,8,3,0.0490452073849353,0.0490462502447876
"D5","SSR_54",0,8,3,0.134627636222847,0.134627726589571
"D5","SSR_57",0,8,3,0.0376609431612547,0.0376619491111838
"D5","SSR_75",0,8,3,0.212719745895033,0.212718068463057
"D5","SSR_9",0,8,3,0.212719745895033,0.212718068463057
"D5","JinHua_100",0,8,4,0.0454262407819747,0.0454452642214324
"D5","JinHua_110",0,8,4,0.0230968060106042,0.0231127707176204
"D5","JinHua_112",0,8,4,0.107889350125916,0.107897084834536
"D5","JinHua_120",0,8,4,0.195766697937062,0.195737047695023
"D5","JinHua_136",0,8,4,0.0874116167152875,0.0874251726004531
"D5","JinHua_138",1,8,4,0.279565018680047,0.279491014125474
"D5","JinHua_145",0,8,4,0.0289862098156002,0.0290036019941294
"D5","JinHua_148",0,8,4,0.0566790328583929,0.0566976983934576
"D5","JinHua_150",0,8,4,0.0230968060106042,0.0231127707176204
"D5","JinHua_161",0,8,4,0.0454262407819747,0.0454452642214324
"D5","JinHua_163",0,8,4,0.0705134086423878,0.0705304177240761
"D5","JinHua_169",0,8,4,0.0230968060106042,0.0231127707176204
"D5","JinHua_174",0,8,4,0.0566790328583929,0.0566976983934576
"D5","JinHua_184",0,8,4,0.0566790328583929,0.0566976983934576
"D5","JinHua_188",0,8,4,0.0363215052003378,0.0363399973048061
"D5","JinHua_189",0,8,4,0.0566790328583929,0.0566976983934576
"D5","JinHua_192",0,8,4,0.0705134086423878,0.0705304177240761
"D5","JinHua_193",0,8,4,0.0289862098156002,0.0290036019941294
"D5","JinHua_195",0,8,4,0.0454262407819747,0.0454452642214324
"D5","JinHua_198",0,8,4,0.0705134086423878,0.0705304177240761
"D5","JinHua_204",0,8,4,0.107889350125916,0.107897084834536
"D5","JinHua_206",0,8,4,0.16163152345339,0.161618139790565
"D5","JinHua_210",0,8,4,0.0289862098156002,0.0290036019941294
"D5","JinHua_215",0,8,4,0.0363215052003378,0.0363399973048061
"D5","JinHua_218",0,8,4,0.0363215052003378,0.0363399973048061
"D5","JinHua_24",0,8,4,0.0705134086423878,0.0705304177240761
"D5","JinHua_30",0,8,4,0.0289862098156002,0.0290036019941294
"D5","JinHua_31",0,8,4,0.195766697937062,0.195737047695023
"D5","JinHua_39",0,8,4,0.438536912851014,0.438380282389166
"D5","JinHua_4",0,8,4,0.0705134086423878,0.0705304177240761
"D5","JinHua_48",0,8,4,0.0874116167152875,0.0874251726004531
"D5","JinHua_56",0,8,4,0.0230968060106042,0.0231127707176204
"D5","JinHua_59",0,8,4,0.13246800360233,0.132466945646252
"D5","JinHua_67",0,8,4,0.195766697937062,0.195737047695023
"D5","JinHua_75",0,8,4,0.13246800360233,0.132466945646252
"D5","JinHua_77",0,8,4,0.13246800360233,0.132466945646252
"D5","JinHua_8",0,8,4,0.0454262407819747,0.0454452642214324
"D5","JinHua_83",1,8,4,0.16163152345339,0.161618139790565
"D5","JinHua_90",0,8,4,0.0230968060106042,0.0231127707176204
"D5","SSR_139",0,8,4,0.0874116167152875,0.0874251726004531
"D5","SSR_14",1,8,4,0.107889350125916,0.107897084834536
"D5","SSR_158",1,8,4,0.107889350125916,0.107897084834536
"D5","SSR_170",0,8,4,0.0874116167152875,0.0874251726004531
"D5","SSR_173",1,8,4,0.235089412934149,0.235039443923452
"D5","SSR_179",0,8,4,0.0454262407819747,0.0454452642214324
"D5","SSR_2",0,8,4,0.16163152345339,0.161618139790565
"D5","SSR_24",0,8,4,0.0230968060106042,0.0231127707176204
"D5","SSR_32",0,8,4,0.235089412934149,0.235039443923452
"D5","SSR_34",0,8,4,0.13246800360233,0.132466945646252
"D5","SSR_36",1,8,4,0.0874116167152875,0.0874251726004531
"D5","SSR_51",0,8,4,0.195766697937062,0.195737047695023
"D5","SSR_52",0,8,4,0.0705134086423878,0.0705304177240761
"D5","SSR_56",0,8,4,0.0705134086423878,0.0705304177240761
"D5","SSR_60",0,8,4,0.0454262407819747,0.0454452642214324
"D5","SSR_61",0,8,4,0.0705134086423878,0.0705304177240761
"D5","SSR_70",0,8,4,0.0705134086423878,0.0705304177240761
"D5","SSR_77",0,8,4,0.0705134086423878,0.0705304177240761
"D5","SSR_78",0,8,4,0.107889350125916,0.107897084834536
"D5","JinHua_1",0,8,5,0.0277111448096709,0.0277180368311311
"D5","JinHua_10",1,8,5,0.0937568065180978,0.0937614417298023
"D5","JinHua_103",0,8,5,0.31766584833653,0.317626790875171
"D5","JinHua_105",0,8,5,0.196371807719714,0.196359247785465
"D5","JinHua_106",0,8,5,0.0419637290821669,0.0419713158146915
"D5","JinHua_114",0,8,5,0.0277111448096709,0.0277180368311311
"D5","JinHua_126",0,8,5,0.0770249669159992,0.0770312295121098
"D5","JinHua_128",0,8,5,0.0277111448096709,0.0277180368311311
"D5","JinHua_129",0,8,5,0.0770249669159992,0.0770312295121098
"D5","JinHua_131",0,8,5,0.0515043541822853,0.0515119345116761
"D5","JinHua_137",0,8,5,0.113675595387988,0.113677712883039
"D5","JinHua_143",0,8,5,0.137185564288272,0.137184082432869
"D5","JinHua_149",0,8,5,0.0419637290821669,0.0419713158146915
"D5","JinHua_151",0,8,5,0.0419637290821669,0.0419713158146915
"D5","JinHua_16",0,8,5,0.164654508137986,0.164648173655078
"D5","JinHua_162",0,8,5,0.0515043541822853,0.0515119345116761
"D5","JinHua_165",0,8,5,0.0341268144320621,0.0341341404122461
"D5","JinHua_181",0,8,5,0.0630712789928362,0.063078466524716
"D5","JinHua_19",0,8,5,0.0770249669159992,0.0770312295121098
"D5","JinHua_191",0,8,5,0.0770249669159992,0.0770312295121098
"D5","JinHua_197",0,8,5,0.0630712789928362,0.063078466524716
"D5","JinHua_205",0,8,5,0.0630712789928362,0.063078466524716
"D5","JinHua_214",0,8,5,0.113675595387988,0.113677712883039
"D5","JinHua_220",0,8,5,0.113675595387988,0.113677712883039
"D5","JinHua_225",1,8,5,0.523721452937251,0.523643043879731
"D5","JinHua_23",0,8,5,0.0630712789928362,0.063078466524716
"D5","JinHua_32",1,8,5,0.31766584833653,0.317626790875171
"D5","JinHua_45",0,8,5,0.0770249669159992,0.0770312295121098
"D5","JinHua_53",0,8,5,0.0277111448096709,0.0277180368311311
"D5","JinHua_6",0,8,5,0.0419637290821669,0.0419713158146915
"D5","JinHua_60",1,8,5,0.137185564288272,0.137184082432869
"D5","JinHua_74",0,8,5,0.0277111448096709,0.0277180368311311
"D5","JinHua_76",0,8,5,0.0277111448096709,0.0277180368311311
"D5","JinHua_79",0,8,5,0.0277111448096709,0.0277180368311311
"D5","JinHua_82",0,8,5,0.0770249669159992,0.0770312295121098
"D5","JinHua_9",0,8,5,0.0341268144320621,0.0341341404122461
"D5","SSR_103",0,8,5,0.31766584833653,0.317626790875171
"D5","SSR_108",0,8,5,0.0515043541822853,0.0515119345116761
"D5","SSR_134",0,8,5,0.113675595387988,0.113677712883039
"D5","SSR_157",0,8,5,0.137185564288272,0.137184082432869
"D5","SSR_164",0,8,5,0.0770249669159992,0.0770312295121098
"D5","SSR_172",0,8,5,0.0770249669159992,0.0770312295121098
"D5","SSR_20",0,8,5,0.0277111448096709,0.0277180368311311
"D5","SSR_27",0,8,5,0.0937568065180978,0.0937614417298023
"D5","SSR_28",0,8,5,0.0419637290821669,0.0419713158146915
"D5","SSR_31",0,8,5,0.113675595387988,0.113677712883039
"D5","SSR_33",0,8,5,0.0419637290821669,0.0419713158146915
"D5","SSR_38",0,8,5,0.232498308185579,0.232478122144225
"D5","SSR_39",0,8,5,0.0224735254986804,0.0224798819135907
"D5","SSR_50",0,8,5,0.137185564288272,0.137184082432869
"D5","SSR_6",0,8,5,0.0630712789928362,0.063078466524716
"D5","SSR_62",0,8,5,0.0937568065180978,0.0937614417298023
"D5","SSR_67",0,8,5,0.0341268144320621,0.0341341404122461
"D5","SSR_73",0,8,5,0.0630712789928362,0.063078466524716
"D5","SSR_76",1,8,5,0.196371807719714,0.196359247785465
"D5","SSR_79",0,8,5,0.137185564288272,0.137184082432869
"D5","SSR_81",0,8,5,0.0630712789928362,0.063078466524716
"D5","JinHua_104",0,9,1,0.0657908142035318,0.0657916227545889
"D5","JinHua_106",0,9,1,0.032164784199799,0.0321655893851944
"D5","JinHua_108",0,9,1,0.0657908142035318,0.0657916227545889
"D5","JinHua_114",0,9,1,0.0197464802189418,0.0197471448924398
"D5","JinHua_119",0,9,1,0.0657908142035318,0.0657916227545889
"D5","JinHua_121",1,9,1,0.0657908142035318,0.0657916227545889
"D5","JinHua_122",0,9,1,0.104090953598807,0.104091390229961
"D5","JinHua_137",0,9,1,0.104090953598807,0.104091390229961
"D5","JinHua_145",0,9,1,0.0252215160050606,0.0252222560680779
"D5","JinHua_148",0,9,1,0.0519786819274434,0.0519795389423875
"D5","JinHua_153",0,9,1,0.240255149744691,0.240252911152685
"D5","JinHua_157",0,9,1,0.032164784199799,0.0321655893851944
"D5","JinHua_161",0,9,1,0.0409391980892206,0.0409400472905745
"D5","JinHua_162",0,9,1,0.0409391980892206,0.0409400472905745
"D5","JinHua_176",0,9,1,0.104090953598807,0.104091390229961
"D5","JinHua_181",0,9,1,0.0519786819274434,0.0519795389423875
"D5","JinHua_184",0,9,1,0.0519786819274434,0.0519795389423875
"D5","JinHua_193",0,9,1,0.0252215160050606,0.0252222560680779
"D5","JinHua_197",0,9,1,0.0519786819274434,0.0519795389423875
"D5","JinHua_2",0,9,1,0.0197464802189418,0.0197471448924398
"D5","JinHua_200",0,9,1,0.0829520531026576,0.0829527315522185
"D5","JinHua_218",0,9,1,0.032164784199799,0.0321655893851944
"D5","JinHua_24",0,9,1,0.0657908142035318,0.0657916227545889
"D5","JinHua_25",1,9,1,0.240255149744691,0.240252911152685
"D5","JinHua_31",0,9,1,0.19756165115058,0.197560378535606
"D5","JinHua_49",0,9,1,0.0519786819274434,0.0519795389423875
"D5","JinHua_5",0,9,1,0.032164784199799,0.0321655893851944
"D5","JinHua_56",0,9,1,0.0197464802189418,0.0197471448924398
"D5","JinHua_57",0,9,1,0.0657908142035318,0.0657916227545889
"D5","JinHua_65",0,9,1,0.129853955792123,0.129854006132171
"D5","JinHua_72",0,9,1,0.19756165115058,0.197560378535606
"D5","JinHua_76",0,9,1,0.0197464802189418,0.0197471448924398
"D5","JinHua_77",0,9,1,0.129853955792123,0.129854006132171
"D5","JinHua_78",0,9,1,0.0252215160050606,0.0252222560680779
"D5","JinHua_79",0,9,1,0.0197464802189418,0.0197471448924398
"D5","JinHua_84",1,9,1,0.401237457841295,0.401231458018568
"D5","JinHua_86",0,9,1,0.0197464802189418,0.0197471448924398
"D5","JinHua_88",0,9,1,0.104090953598807,0.104091390229961
"D5","JinHua_91",1,9,1,0.0657908142035318,0.0657916227545889
"D5","JinHua_96",0,9,1,0.160848612762592,0.160848101064941
"D5","SSR_102",0,9,1,0.0197464802189418,0.0197471448924398
"D5","SSR_105",0,9,1,0.0829520531026576,0.0829527315522185
"D5","SSR_117",0,9,1,0.032164784199799,0.0321655893851944
"D5","SSR_130",0,9,1,0.0657908142035318,0.0657916227545889
"D5","SSR_134",0,9,1,0.104090953598807,0.104091390229961
"D5","SSR_154",1,9,1,0.104090953598807,0.104091390229961
"D5","SSR_17",0,9,1,0.032164784199799,0.0321655893851944
"D5","SSR_174",0,9,1,0.104090953598807,0.104091390229961
"D5","SSR_182",0,9,1,0.462573009650076,0.46256574800756
"D5","SSR_24",0,9,1,0.0197464802189418,0.0197471448924398
"D5","SSR_25",0,9,1,0.032164784199799,0.0321655893851944
"D5","SSR_29",0,9,1,0.0409391980892206,0.0409400472905745
"D5","SSR_31",0,9,1,0.104090953598807,0.104091390229961
"D5","SSR_39",0,9,1,0.0154411273806011,0.0154417138264183
"D5","SSR_44",1,9,1,0.0519786819274434,0.0519795389423875
"D5","SSR_51",0,9,1,0.19756165115058,0.197560378535606
"D5","SSR_78",0,9,1,0.104090953598807,0.104091390229961
"D5","SSR_90",0,9,1,0.032164784199799,0.0321655893851944
"D5","SSR_94",0,9,1,0.0409391980892206,0.0409400472905745
"D5","JinHua_101",0,9,2,0.0729724031371431,0.072983374575595
"D5","JinHua_111",0,9,2,0.134111418894691,0.134109445461351
"D5","JinHua_113",0,9,2,0.0591054701705921,0.0591178115260933
"D5","JinHua_117",0,9,2,0.0248452438658982,0.0248564102724081
"D5","JinHua_120",0,9,2,0.19562371750737,0.195602248921309
"D5","JinHua_123",1,9,2,0.0729724031371431,0.072983374575595
"D5","JinHua_131",0,9,2,0.0477379700363093,0.0477507738452252
"D5","JinHua_139",0,9,2,0.0309385731444525,0.0309505999058433
"D5","JinHua_14",0,9,2,0.0729724031371431,0.072983374575595
"D5","JinHua_144",1,9,2,0.276345328359523,0.276294159706387
"D5","JinHua_146",0,9,2,0.0897822602180525,0.0897906330544622
"D5","JinHua_16",0,9,2,0.162535867581685,0.162525425307121
"D5","JinHua_17",0,9,2,0.0199273135163602,0.019937481753174
"D5","JinHua_170",1,9,2,0.276345328359523,0.276294159706387
"D5","JinHua_179",1,9,2,0.484944362120541,0.484820781061012
"D5","JinHua_18",0,9,2,0.110004917334168,0.110009100711324
"D5","JinHua_180",0,9,2,0.0897822602180525,0.0897906330544622
"D5","JinHua_182",0,9,2,0.0591054701705921,0.0591178115260933
"D5","JinHua_188",0,9,2,0.0384673494481335,0.0384799768919075
"D5","JinHua_194",0,9,2,0.0729724031371431,0.072983374575595
"D5","JinHua_201",0,9,2,0.0477379700363093,0.0477507738452252
"D5","JinHua_203",0,9,2,0.0729724031371431,0.072983374575595
"D5","JinHua_204",0,9,2,0.110004917334168,0.110009100711324
"D5","JinHua_211",0,9,2,0.134111418894691,0.134109445461351
"D5","JinHua_215",0,9,2,0.0384673494481335,0.0384799768919075
"D5","JinHua_217",0,9,2,0.0248452438658982,0.0248564102724081
"D5","JinHua_26",0,9,2,0.0477379700363093,0.0477507738452252
"D5","JinHua_30",0,9,2,0.0309385731444525,0.0309505999058433
"D5","JinHua_33",0,9,2,0.19562371750737,0.195602248921309
"D5","JinHua_35",0,9,2,0.0897822602180525,0.0897906330544622
"D5","JinHua_37",0,9,2,0.0897822602180525,0.0897906330544622
"D5","JinHua_4",0,9,2,0.0729724031371431,0.072983374575595
"D5","JinHua_46",0,9,2,0.0309385731444525,0.0309505999058433
"D5","JinHua_50",0,9,2,0.110004917334168,0.110009100711324
"D5","JinHua_62",0,9,2,0.0248452438658982,0.0248564102724081
"D5","JinHua_66",0,9,2,0.0248452438658982,0.0248564102724081
"D5","JinHua_7",0,9,2,0.0591054701705921,0.0591178115260933
"D5","JinHua_95",0,9,2,0.0384673494481335,0.0384799768919075
"D5","SSR_10",0,9,2,0.374853228605641,0.374765278333127
"D5","SSR_101",0,9,2,0.0897822602180525,0.0897906330544622
"D5","SSR_12",0,9,2,0.0591054701705921,0.0591178115260933
"D5","SSR_157",0,9,2,0.134111418894691,0.134109445461351
"D5","SSR_158",1,9,2,0.110004917334168,0.110009100711324
"D5","SSR_159",0,9,2,0.0384673494481335,0.0384799768919075
"D5","SSR_172",0,9,2,0.0729724031371431,0.072983374575595
"D5","SSR_177",0,9,2,0.0897822602180525,0.0897906330544622
"D5","SSR_181",0,9,2,0.134111418894691,0.134109445461351
"D5","SSR_21",0,9,2,0.0248452438658982,0.0248564102724081
"D5","SSR_22",0,9,2,0.0729724031371431,0.072983374575595
"D5","SSR_30",0,9,2,0.0384673494481335,0.0384799768919075
"D5","SSR_32",0,9,2,0.233568738308857,0.233533624236093
"D5","SSR_33",0,9,2,0.0384673494481335,0.0384799768919075
"D5","SSR_36",1,9,2,0.0897822602180525,0.0897906330544622
"D5","SSR_5",0,9,2,0.110004917334168,0.110009100711324
"D5","SSR_50",0,9,2,0.134111418894691,0.134109445461351
"D5","SSR_67",0,9,2,0.0309385731444525,0.0309505999058433
"D5","SSR_75",0,9,2,0.19562371750737,0.195602248921309
"D5","SSR_8",0,9,2,0.19562371750737,0.195602248921309
"D5","JinHua_100",0,9,3,0.0416374982726731,0.0416379557487394
"D5","JinHua_103",0,9,3,0.380833235884948,0.380830299422127
"D5","JinHua_105",0,9,3,0.217367013307709,0.217366115431317
"D5","JinHua_110",0,9,3,0.0192409026768417,0.0192412544241111
"D5","JinHua_112",0,9,3,0.111437589389166,0.111437777263044
"D5","JinHua_12",0,9,3,0.217367013307709,0.217366115431317
"D5","JinHua_136",0,9,3,0.0877708821338403,0.0877712255513847
"D5","JinHua_141",0,9,3,0.0416374982726731,0.0416379557487394
"D5","JinHua_143",0,9,3,0.140502938494198,0.140502878787103
"D5","JinHua_149",0,9,3,0.0322565428813956,0.0322569754193453
"D5","JinHua_15",0,9,3,0.111437589389166,0.111437777263044
"D5","JinHua_155",0,9,3,0.0535955612070229,0.0535960214012476
"D5","JinHua_171",0,9,3,0.111437589389166,0.111437777263044
"D5","JinHua_175",0,9,3,0.0192409026768417,0.0192412544241111
"D5","JinHua_183",0,9,3,0.0322565428813956,0.0322569754193453
"D5","JinHua_189",0,9,3,0.0535955612070229,0.0535960214012476
"D5","JinHua_190",0,9,3,0.111437589389166,0.111437777263044
"D5","JinHua_192",0,9,3,0.068741579398633,0.0687420070840584
"D5","JinHua_195",0,9,3,0.0416374982726731,0.0416379557487394
"D5","JinHua_198",0,9,3,0.068741579398633,0.0687420070840584
"D5","JinHua_205",0,9,3,0.0535955612070229,0.0535960214012476
"D5","JinHua_208",0,9,3,0.0249341340615046,0.0249345290913467
"D5","JinHua_219",0,9,3,0.0416374982726731,0.0416379557487394
"D5","JinHua_224",0,9,3,0.111437589389166,0.111437777263044
"D5","JinHua_27",1,9,3,0.0322565428813956,0.0322569754193453
"D5","JinHua_39",0,9,3,0.511005548934393,0.5110012418262
"D5","JinHua_63",0,9,3,0.140502938494198,0.140502878787103
"D5","JinHua_64",0,9,3,0.0877708821338403,0.0877712255513847
"D5","JinHua_67",0,9,3,0.217367013307709,0.217366115431317
"D5","JinHua_90",0,9,3,0.0192409026768417,0.0192412544241111
"D5","JinHua_92",0,9,3,0.0192409026768417,0.0192412544241111
"D5","SSR_1",0,9,3,0.0535955612070229,0.0535960214012476
"D5","SSR_108",0,9,3,0.0416374982726731,0.0416379557487394
"D5","SSR_120",0,9,3,0.0535955612070229,0.0535960214012476
"D5","SSR_124",0,9,3,0.111437589389166,0.111437777263044
"D5","SSR_125",0,9,3,0.0416374982726731,0.0416379557487394
"D5","SSR_131",0,9,3,0.217367013307709,0.217366115431317
"D5","SSR_139",0,9,3,0.0877708821338403,0.0877712255513847
"D5","SSR_143",1,9,3,0.511005548934393,0.5110012418262
"D5","SSR_15",0,9,3,0.068741579398633,0.0687420070840584
"D5","SSR_150",0,9,3,0.0877708821338403,0.0877712255513847
"D5","SSR_161",0,9,3,0.217367013307709,0.217366115431317
"D5","SSR_164",0,9,3,0.068741579398633,0.0687420070840584
"D5","SSR_167",0,9,3,0.0322565428813956,0.0322569754193453
"D5","SSR_169",0,9,3,0.068741579398633,0.0687420070840584
"D5","SSR_173",1,9,3,0.265796464550087,0.265794967817348
"D5","SSR_18",0,9,3,0.32059598377676,0.320593792246802
"D5","SSR_20",0,9,3,0.0192409026768417,0.0192412544241111
"D5","SSR_26",0,9,3,0.175650579562653,0.175650161650665
"D5","SSR_34",0,9,3,0.140502938494198,0.140502878787103
"D5","SSR_47",0,9,3,0.32059598377676,0.320593792246802
"D5","SSR_59",1,9,3,0.140502938494198,0.140502878787103
"D5","SSR_64",0,9,3,0.0535955612070229,0.0535960214012476
"D5","SSR_69",1,9,3,0.0416374982726731,0.0416379557487394
"D5","SSR_76",1,9,3,0.217367013307709,0.217366115431317
"D5","SSR_79",0,9,3,0.140502938494198,0.140502878787103
"D5","SSR_9",0,9,3,0.217367013307709,0.217366115431317
"D5","SSR_95",0,9,3,0.0877708821338403,0.0877712255513847
"D5","JinHua_1",0,9,4,0.0151410584383812,0.00262695690079093
"D5","JinHua_10",1,9,4,0.0754758883270873,0.016597367025763
"D5","JinHua_102",0,9,4,0.0199022821717473,0.0215458323013825
"D5","JinHua_11",0,9,4,0.0582093901373664,0.00210560355971517
"D5","JinHua_124",0,9,4,0.0261210000752822,0.00828020087037475
"D5","JinHua_128",0,9,4,0.0151410584383812,0.00537050535315532
"D5","JinHua_129",0,9,4,0.0582093901373664,0.0312606027868229
"D5","JinHua_134",0,9,4,0.0582093901373664,0.0618478300569214
"D5","JinHua_147",0,9,4,0.0151410584383812,0.0152082668642967
"D5","JinHua_151",0,9,4,0.0261210000752822,0.0187535524775192
"D5","JinHua_156",1,9,4,0.0582093901373664,0.0616273086827194
"D5","JinHua_159",0,9,4,0.0151410584383812,0.0130561178243277
"D5","JinHua_160",0,9,4,0.247104726164189,0.395421597785085
"D5","JinHua_165",0,9,4,0.0199022821717473,0.0122790746452483
"D5","JinHua_166",0,9,4,0.0115054912519294,0.0105881767138548
"D5","JinHua_172",0,9,4,0.0151410584383812,0.0167052039276493
"D5","JinHua_19",0,9,4,0.0582093901373664,0.0541761517604143
"D5","JinHua_191",0,9,4,0.0582093901373664,0.0142825385674561
"D5","JinHua_199",1,9,4,0.0261210000752822,0.0179801156614336
"D5","JinHua_207",0,9,4,0.124670613310322,0.166051736557171
"D5","JinHua_213",0,9,4,0.0754758883270873,0.140565626643789
"D5","JinHua_22",0,9,4,0.0973347692303893,0.166314452601522
"D5","JinHua_3",0,9,4,0.0199022821717473,0.00186156698429635
"D5","JinHua_43",0,9,4,0.0754758883270873,0.0738667829667245
"D5","JinHua_44",0,9,4,0.0261210000752822,0.0183611932036044
"D5","JinHua_45",0,9,4,0.0582093901373664,0.00625246990762846
"D5","JinHua_48",0,9,4,0.0754758883270873,0.0395727977749648
"D5","JinHua_51",0,9,4,0.302410911763532,0.313920414612919
"D5","JinHua_54",0,9,4,0.0151410584383812,0.0124883639396832
"D5","JinHua_6",0,9,4,0.0261210000752822,0.00107041924239981
"D5","JinHua_60",1,9,4,0.124670613310322,0.152165341077407
"D5","JinHua_69",0,9,4,0.0199022821717473,0.0161336441668155
"D5","JinHua_8",0,9,4,0.0342150006746213,0.0028154818110418
"D5","JinHua_87",0,9,4,0.0973347692303893,0.125279859648849
"D5","JinHua_9",0,9,4,0.0199022821717473,0.000381212237336323
"D5","JinHua_97",0,9,4,0.0582093901373664,0.044301194961002
"D5","JinHua_99",0,9,4,0.0754758883270873,0.0880018490390103
"D5","SSR_14",1,9,4,0.0973347692303893,0.0105513488189757
"D5","SSR_145",0,9,4,0.302410911763532,0.404531452592758
"D5","SSR_151",0,9,4,0.0582093901373664,0.0628239641027981
"D5","SSR_152",0,9,4,0.0342150006746213,0.0289862429559357
"D5","SSR_170",0,9,4,0.0754758883270873,0.0522818195397174
"D5","SSR_179",0,9,4,0.0342150006746213,0.0232154333236316
"D5","SSR_19",0,9,4,0.247104726164189,0.0671170714694824
"D5","SSR_2",0,9,4,0.158336910592229,0.064057382457858
"D5","SSR_23",0,9,4,0.0447019321074765,0.00212871276139654
"D5","SSR_28",0,9,4,0.0261210000752822,0.0132007355394978
"D5","SSR_35",1,9,4,0.0582093901373664,0.0368284822047204
"D5","SSR_37",0,9,4,0.0447019321074765,0.017056842808725
"D5","SSR_38",0,9,4,0.247104726164189,0.30120173658524
"D5","SSR_4",0,9,4,0.0754758883270873,0.017444830826611
"D5","SSR_46",0,9,4,0.0447019321074765,0.0265583154892572
"D5","SSR_57",0,9,4,0.0342150006746213,0.187906429822978
"D5","SSR_6",0,9,4,0.0447019321074765,0.0150488784263834
"D5","SSR_60",0,9,4,0.0342150006746213,0.0764630901862267
"D5","SSR_70",0,9,4,0.0582093901373664,0.11127567860381
"D5","SSR_73",0,9,4,0.0447019321074765,0.0423223224295414
"D5","SSR_77",0,9,4,0.0582093901373664,0.0771683341954803
"D5","JinHua_107",0,9,5,0.0305654131712868,0.030569216272801
"D5","JinHua_116",0,9,5,0.14289019565221,0.1428885602462
"D5","JinHua_126",0,9,5,0.0819609173364113,0.0819639107002271
"D5","JinHua_13",0,9,5,0.520497028202246,0.520453910984315
"D5","JinHua_132",0,9,5,0.0305654131712868,0.030569216272801
"D5","JinHua_135",0,9,5,0.0990497176403832,0.0990516871677731
"D5","JinHua_138",1,9,5,0.277116037973275,0.277099171095965
"D5","JinHua_140",0,9,5,0.0819609173364113,0.0819639107002271
"D5","JinHua_150",0,9,5,0.0305654131712868,0.030569216272801
"D5","JinHua_152",0,9,5,0.0819609173364113,0.0819639107002271
"D5","JinHua_158",0,9,5,0.0456291600043002,0.0456332064395529
"D5","JinHua_163",0,9,5,0.0819609173364113,0.0819639107002271
"D5","JinHua_169",0,9,5,0.0305654131712868,0.030569216272801
"D5","JinHua_173",1,9,5,0.572045923248244,0.571999293695884
"D5","JinHua_174",0,9,5,0.0675991920813088,0.0676028159594462
"D5","JinHua_185",0,9,5,0.0305654131712868,0.030569216272801
"D5","JinHua_206",0,9,5,0.170325764739726,0.170321374836985
"D5","JinHua_210",0,9,5,0.0373745420183907,0.0373785223823408
"D5","JinHua_214",0,9,5,0.119238744334079,0.119239202057025
"D5","JinHua_220",0,9,5,0.119238744334079,0.119239202057025
"D5","JinHua_221",0,9,5,0.0456291600043002,0.0456332064395529
"D5","JinHua_222",0,9,5,0.0373745420183907,0.0373785223823408
"D5","JinHua_223",0,9,5,0.0373745420183907,0.0373785223823408
"D5","JinHua_225",1,9,5,0.520497028202246,0.520453910984315
"D5","JinHua_23",0,9,5,0.0675991920813088,0.0676028159594462
"D5","JinHua_32",1,9,5,0.320681190550652,0.320658990005708
"D5","JinHua_34",0,9,5,0.0819609173364113,0.0819639107002271
"D5","JinHua_38",0,9,5,0.468507940396555,0.468469332631191
"D5","JinHua_42",0,9,5,0.0556016050694084,0.0556055542305938
"D5","JinHua_53",0,9,5,0.0305654131712868,0.030569216272801
"D5","JinHua_59",0,9,5,0.14289019565221,0.1428885602462
"D5","JinHua_61",0,9,5,0.0990497176403832,0.0990516871677731
"D5","JinHua_68",0,9,5,0.0819609173364113,0.0819639107002271
"D5","JinHua_70",0,9,5,0.0819609173364113,0.0819639107002271
"D5","JinHua_73",0,9,5,0.0305654131712868,0.030569216272801
"D5","JinHua_74",0,9,5,0.0305654131712868,0.030569216272801
"D5","JinHua_75",0,9,5,0.14289019565221,0.1428885602462
"D5","JinHua_82",0,9,5,0.0819609173364113,0.0819639107002271
"D5","JinHua_83",1,9,5,0.170325764739726,0.170321374836985
"D5","JinHua_89",0,9,5,0.0456291600043002,0.0456332064395529
"D5","SSR_103",0,9,5,0.320681190550652,0.320658990005708
"D5","SSR_106",0,9,5,0.0556016050694084,0.0556055542305938
"D5","SSR_13",0,9,5,0.119238744334079,0.119239202057025
"D5","SSR_162",0,9,5,0.0819609173364113,0.0819639107002271
"D5","SSR_171",0,9,5,0.0990497176403832,0.0990516871677731
"D5","SSR_27",0,9,5,0.0990497176403832,0.0990516871677731
"D5","SSR_3",0,9,5,0.0819609173364113,0.0819639107002271
"D5","SSR_40",0,9,5,0.0456291600043002,0.0456332064395529
"D5","SSR_42",0,9,5,0.0675991920813088,0.0676028159594462
"D5","SSR_43",0,9,5,0.0373745420183907,0.0373785223823408
"D5","SSR_48",0,9,5,0.0675991920813088,0.0676028159594462
"D5","SSR_52",0,9,5,0.0819609173364113,0.0819639107002271
"D5","SSR_54",0,9,5,0.14289019565221,0.1428885602462
"D5","SSR_56",0,9,5,0.0819609173364113,0.0819639107002271
"D5","SSR_61",0,9,5,0.0819609173364113,0.0819639107002271
"D5","SSR_62",0,9,5,0.0990497176403832,0.0990516871677731
"D5","SSR_81",0,9,5,0.0675991920813088,0.0676028159594462
"D5","JinHua_10",1,10,1,0.0808259548286802,0.0808267038582118
"D5","JinHua_102",0,10,1,0.0245195488550853,0.024520330310879
"D5","JinHua_114",0,10,1,0.0191913859239444,0.0191920859510641
"D5","JinHua_119",0,10,1,0.064065843821617,0.0640667192576111
"D5","JinHua_124",0,10,1,0.0312798090906726,0.0312806621907222
"D5","JinHua_126",0,10,1,0.064065843821617,0.0640667192576111
"D5","JinHua_128",0,10,1,0.0191913859239444,0.0191920859510641
"D5","JinHua_129",0,10,1,0.064065843821617,0.0640667192576111
"D5","JinHua_132",0,10,1,0.0191913859239444,0.0191920859510641
"D5","JinHua_145",0,10,1,0.0245195488550853,0.024520330310879
"D5","JinHua_149",0,10,1,0.0312798090906726,0.0312806621907222
"D5","JinHua_15",0,10,1,0.101495163529233,0.101495670950287
"D5","JinHua_151",0,10,1,0.0312798090906726,0.0312806621907222
"D5","JinHua_153",0,10,1,0.235250882857054,0.235248632714722
"D5","JinHua_157",0,10,1,0.0312798090906726,0.0312806621907222
"D5","JinHua_17",0,10,1,0.0150032391676504,0.0150038555324552
"D5","JinHua_173",1,10,1,0.639754687787998,0.639744516634452
"D5","JinHua_181",0,10,1,0.0505898384158213,0.0505907566590033
"D5","JinHua_182",0,10,1,0.0505898384158213,0.0505907566590033
"D5","JinHua_192",0,10,1,0.064065843821617,0.0640667192576111
"D5","JinHua_193",0,10,1,0.0245195488550853,0.024520330310879
"D5","JinHua_201",0,10,1,0.0398278342814718,0.0398287381541796
"D5","JinHua_206",0,10,1,0.157120878702395,0.157120418955727
"D5","JinHua_207",0,10,1,0.126721303482367,0.126721419272751
"D5","JinHua_210",0,10,1,0.0245195488550853,0.024520330310879
"D5","JinHua_213",0,10,1,0.0808259548286802,0.0808267038582118
"D5","JinHua_217",0,10,1,0.0191913859239444,0.0191920859510641
"D5","JinHua_218",0,10,1,0.0312798090906726,0.0312806621907222
"D5","JinHua_221",0,10,1,0.0312798090906726,0.0312806621907222
"D5","JinHua_24",0,10,1,0.064065843821617,0.0640667192576111
"D5","JinHua_27",1,10,1,0.0312798090906726,0.0312806621907222
"D5","JinHua_3",0,10,1,0.0245195488550853,0.024520330310879
"D5","JinHua_44",0,10,1,0.0312798090906726,0.0312806621907222
"D5","JinHua_51",0,10,1,0.283241537954006,0.283238081605831
"D5","JinHua_54",0,10,1,0.0191913859239444,0.0191920859510641
"D5","JinHua_68",0,10,1,0.064065843821617,0.0640667192576111
"D5","JinHua_69",0,10,1,0.0245195488550853,0.024520330310879
"D5","JinHua_74",0,10,1,0.0191913859239444,0.0191920859510641
"D5","JinHua_83",1,10,1,0.157120878702395,0.157120418955727
"D5","SSR_1",0,10,1,0.0505898384158213,0.0505907566590033
"D5","SSR_12",0,10,1,0.0505898384158213,0.0505907566590033
"D5","SSR_13",0,10,1,0.101495163529233,0.101495670950287
"D5","SSR_151",0,10,1,0.064065843821617,0.0640667192576111
"D5","SSR_152",0,10,1,0.0398278342814718,0.0398287381541796
"D5","SSR_154",1,10,1,0.101495163529233,0.101495670950287
"D5","SSR_159",0,10,1,0.0312798090906726,0.0312806621907222
"D5","SSR_164",0,10,1,0.064065843821617,0.0640667192576111
"D5","SSR_169",0,10,1,0.064065843821617,0.0640667192576111
"D5","SSR_179",0,10,1,0.0398278342814718,0.0398287381541796
"D5","SSR_23",0,10,1,0.0505898384158213,0.0505907566590033
"D5","SSR_26",0,10,1,0.157120878702395,0.157120418955727
"D5","SSR_28",0,10,1,0.0312798090906726,0.0312806621907222
"D5","SSR_44",1,10,1,0.0505898384158213,0.0505907566590033
"D5","SSR_48",0,10,1,0.0505898384158213,0.0505907566590033
"D5","SSR_61",0,10,1,0.064065843821617,0.0640667192576111
"D5","SSR_62",0,10,1,0.0808259548286802,0.0808267038582118
"D5","SSR_64",0,10,1,0.0505898384158213,0.0505907566590033
"D5","SSR_75",0,10,1,0.193199715674611,0.193198470344883
"D5","SSR_78",0,10,1,0.101495163529233,0.101495670950287
"D5","JinHua_105",0,10,2,0.214297639989157,0.250479914009191
"D5","JinHua_107",0,10,2,0.0176816703899338,0.0293235404800247
"D5","JinHua_110",0,10,2,0.0176816703899338,0.0166873963367768
"D5","JinHua_112",0,10,2,0.107679651432044,0.16534382995823
"D5","JinHua_121",1,10,2,0.0654793118728668,0.0404458690689949
"D5","JinHua_122",0,10,2,0.107679651432044,0.0402338289652099
"D5","JinHua_137",0,10,2,0.107679651432044,0.108565225308254
"D5","JinHua_144",1,10,2,0.319607271638946,0.404881611901655
"D5","JinHua_150",0,10,2,0.0176816703899338,0.0202974332455897
"D5","JinHua_155",0,10,2,0.05068469534224,0.0545536789650667
"D5","JinHua_160",0,10,2,0.263589511334436,0.569779109851161
"D5","JinHua_163",0,10,2,0.0654793118728668,0.027660382543849
"D5","JinHua_166",0,10,2,0.0135302550656715,0.0100902729227387
"D5","JinHua_171",0,10,2,0.107679651432044,0.0843745454869229
"D5","JinHua_172",0,10,2,0.0176816703899338,0.0123801440690569
"D5","JinHua_176",0,10,2,0.107679651432044,0.0638733174654704
"D5","JinHua_18",0,10,2,0.107679651432044,0.00692934988675336
"D5","JinHua_189",0,10,2,0.05068469534224,0.0370814667815422
"D5","JinHua_191",0,10,2,0.0654793118728668,0.0210104872240116
"D5","JinHua_194",0,10,2,0.0654793118728668,0.0646008283764687
"D5","JinHua_197",0,10,2,0.05068469534224,0.0159855158587921
"D5","JinHua_198",0,10,2,0.0654793118728668,0.0545514036895206
"D5","JinHua_199",1,10,2,0.0300683657451923,0.022944387107476
"D5","JinHua_200",0,10,2,0.084209333219394,0.231279892307097
"D5","JinHua_203",0,10,2,0.0654793118728668,0.0468359257743033
"D5","JinHua_208",0,10,2,0.0230770444258649,0.0251245754205562
"D5","JinHua_211",0,10,2,0.136714918781948,0.110003624128496
"D5","JinHua_30",0,10,2,0.0230770444258649,0.0113758485400396
"D5","JinHua_31",0,10,2,0.214297639989157,0.413943516838021
"D5","JinHua_35",0,10,2,0.084209333219394,0.180476536537312
"D5","JinHua_37",0,10,2,0.084209333219394,0.0770041441028865
"D5","JinHua_38",0,10,2,0.582171176470041,0.477996773944488
"D5","JinHua_39",0,10,2,0.514964332901693,0.665978703500009
"D5","JinHua_45",0,10,2,0.0654793118728668,0.00990164340613964
"D5","JinHua_50",0,10,2,0.107679651432044,0.0543102723308045
"D5","JinHua_63",0,10,2,0.136714918781948,0.31453751689768
"D5","JinHua_64",0,10,2,0.084209333219394,0.0746154183025114
"D5","JinHua_66",0,10,2,0.0176816703899338,0.00795927243586693
"D5","JinHua_67",0,10,2,0.214297639989157,0.170050705213998
"D5","JinHua_7",0,10,2,0.05068469534224,0.010539078550577
"D5","JinHua_78",0,10,2,0.0230770444258649,0.0327171530399292
"D5","JinHua_89",0,10,2,0.0300683657451923,0.0148953120154394
"D5","JinHua_90",0,10,2,0.0176816703899338,0.0127412392302435
"D5","JinHua_96",0,10,2,0.17206965971913,0.135817589032602
"D5","SSR_117",0,10,2,0.0300683657451923,0.00800420951128598
"D5","SSR_120",0,10,2,0.05068469534224,0.0426683562225642
"D5","SSR_130",0,10,2,0.0654793118728668,0.073096001462958
"D5","SSR_14",1,10,2,0.107679651432044,0.0269408663955241
"D5","SSR_143",1,10,2,0.514964332901693,0.239222414010505
"D5","SSR_145",0,10,2,0.319607271638946,0.420733203794714
"D5","SSR_171",0,10,2,0.084209333219394,0.0271816113896099
"D5","SSR_25",0,10,2,0.0300683657451923,0.00231014869598975
"D5","SSR_27",0,10,2,0.084209333219394,0.0225289025062872
"D5","SSR_36",1,10,2,0.084209333219394,0.134326815680914
"D5","SSR_43",0,10,2,0.0230770444258649,0.0239112964268698
"D5","SSR_52",0,10,2,0.0654793118728668,0.109777621452105
"D5","SSR_67",0,10,2,0.0230770444258649,0.0198760963042475
"D5","SSR_73",0,10,2,0.05068469534224,0.0345003459340727
"D5","JinHua_1",0,10,3,0.02311471596731,0.0237292377641038
"D5","JinHua_103",0,10,3,0.336846924702244,0.351067185362042
"D5","JinHua_108",0,10,3,0.0714605031777393,0.0713028073835338
"D5","JinHua_11",0,10,3,0.0714605031777393,0.0653096274053491
"D5","JinHua_111",0,10,3,0.135075424663225,0.146098024664776
"D5","JinHua_116",0,10,3,0.135075424663225,0.110433558046324
"D5","JinHua_139",0,10,3,0.0290850829211113,0.0240302845347793
"D5","JinHua_143",0,10,3,0.135075424663225,0.123763106894951
"D5","JinHua_162",0,10,3,0.0458152319752925,0.0641642916496937
"D5","JinHua_165",0,10,3,0.0290850829211113,0.0301241326192519
"D5","JinHua_169",0,10,3,0.02311471596731,0.0218757582263224
"D5","JinHua_170",1,10,3,0.286332469171834,0.262728672425528
"D5","JinHua_175",0,10,3,0.02311471596731,0.0244471865914766
"D5","JinHua_188",0,10,3,0.0365398717001493,0.0404253793109353
"D5","JinHua_2",0,10,3,0.02311471596731,0.0232439268100067
"D5","JinHua_219",0,10,3,0.0458152319752925,0.042090676886667
"D5","JinHua_22",0,10,3,0.109808826315874,0.120124970582991
"D5","JinHua_33",0,10,3,0.200201367443708,0.171388026347466
"D5","JinHua_42",0,10,3,0.0458152319752925,0.0413505831062176
"D5","JinHua_43",0,10,3,0.0887833398775194,0.0947292308756027
"D5","JinHua_57",0,10,3,0.0714605031777393,0.0764564868464669
"D5","JinHua_59",0,10,3,0.135075424663225,0.126296852524174
"D5","JinHua_61",0,10,3,0.0887833398775194,0.0821592610829357
"D5","JinHua_65",0,10,3,0.135075424663225,0.130877629330439
"D5","JinHua_73",0,10,3,0.02311471596731,0.0294764960037954
"D5","JinHua_76",0,10,3,0.02311471596731,0.0240375533695985
"D5","JinHua_77",0,10,3,0.135075424663225,0.121902429488097
"D5","JinHua_82",0,10,3,0.0714605031777393,0.0681541261819427
"D5","JinHua_84",1,10,3,0.39138577464485,0.376997066146947
"D5","JinHua_87",0,10,3,0.109808826315874,0.117223603204966
"D5","JinHua_9",0,10,3,0.0290850829211113,0.0246409251833719
"D5","JinHua_91",1,10,3,0.0714605031777393,0.0663616544892801
"D5","JinHua_95",0,10,3,0.0365398717001493,0.0432228391213269
"D5","JinHua_99",0,10,3,0.0887833398775194,0.0907483729287059
"D5","SSR_10",0,10,3,0.39138577464485,0.397815177523045
"D5","SSR_102",0,10,3,0.02311471596731,0.0267367139276089
"D5","SSR_103",0,10,3,0.336846924702244,0.392767900999003
"D5","SSR_106",0,10,3,0.0458152319752925,0.046152595966154
"D5","SSR_15",0,10,3,0.0714605031777393,0.0584185885975766
"D5","SSR_162",0,10,3,0.0714605031777393,0.0791690231159222
"D5","SSR_167",0,10,3,0.0365398717001493,0.0319261962062545
"D5","SSR_173",1,10,3,0.240644383779847,0.263509447758314
"D5","SSR_174",0,10,3,0.109808826315874,0.107390273101798
"D5","SSR_2",0,10,3,0.165077666657691,0.196866339053352
"D5","SSR_20",0,10,3,0.02311471596731,0.0342679683825056
"D5","SSR_24",0,10,3,0.02311471596731,0.0269854102566813
"D5","SSR_30",0,10,3,0.0365398717001493,0.0363923723980839
"D5","SSR_34",0,10,3,0.135075424663225,0.122687674461879
"D5","SSR_35",1,10,3,0.0714605031777393,0.0545715322927435
"D5","SSR_5",0,10,3,0.109808826315874,0.127569676253584
"D5","SSR_54",0,10,3,0.135075424663225,0.153487867342753
"D5","SSR_56",0,10,3,0.0714605031777393,0.0825366459258614
"D5","SSR_59",1,10,3,0.135075424663225,0.157378965487249
"D5","SSR_70",0,10,3,0.0714605031777393,0.0793906691297365
"D5","SSR_79",0,10,3,0.135075424663225,0.175018176296257
"D5","SSR_8",0,10,3,0.200201367443708,0.131622223615142
"D5","SSR_81",0,10,3,0.0573050293510407,0.0725585270084547
"D5","SSR_90",0,10,3,0.0365398717001493,0.0358555031300688
"D5","JinHua_104",0,10,4,0.0724052673880599,0.072413794527908
"D5","JinHua_106",0,10,4,0.038405707996312,0.0384155598812772
"D5","JinHua_117",0,10,4,0.0249138900152772,0.0249226351031521
"D5","JinHua_12",0,10,4,0.192549040150202,0.192532559115142
"D5","JinHua_131",0,10,4,0.0475602443079106,0.0475702173108346
"D5","JinHua_138",1,10,4,0.271541104375239,0.271501704247994
"D5","JinHua_140",0,10,4,0.0724052673880599,0.072413794527908
"D5","JinHua_146",0,10,4,0.0889147042725031,0.0889212145753749
"D5","JinHua_148",0,10,4,0.058763542068345,0.0587731418256153
"D5","JinHua_156",1,10,4,0.0724052673880599,0.072413794527908
"D5","JinHua_161",0,10,4,0.0475602443079106,0.0475702173108346
"D5","JinHua_179",1,10,4,0.476669421357721,0.476573240722855
"D5","JinHua_183",0,10,4,0.038405707996312,0.0384155598812772
"D5","JinHua_19",0,10,4,0.0724052673880599,0.072413794527908
"D5","JinHua_190",0,10,4,0.10874720836895,0.108750481426612
"D5","JinHua_195",0,10,4,0.0475602443079106,0.0475702173108346
"D5","JinHua_204",0,10,4,0.10874720836895,0.108750481426612
"D5","JinHua_205",0,10,4,0.058763542068345,0.0587731418256153
"D5","JinHua_214",0,10,4,0.10874720836895,0.108750481426612
"D5","JinHua_215",0,10,4,0.038405707996312,0.0384155598812772
"D5","JinHua_220",0,10,4,0.10874720836895,0.108750481426612
"D5","JinHua_222",0,10,4,0.0309559927327821,0.0309653932008609
"D5","JinHua_223",0,10,4,0.0309559927327821,0.0309653932008609
"D5","JinHua_225",1,10,4,0.532446029777895,0.532338443649583
"D5","JinHua_26",0,10,4,0.0475602443079106,0.0475702173108346
"D5","JinHua_34",0,10,4,0.0724052673880599,0.072413794527908
"D5","JinHua_4",0,10,4,0.0724052673880599,0.072413794527908
"D5","JinHua_46",0,10,4,0.0309559927327821,0.0309653932008609
"D5","JinHua_48",0,10,4,0.0889147042725031,0.0889212145753749
"D5","JinHua_49",0,10,4,0.058763542068345,0.0587731418256153
"D5","JinHua_53",0,10,4,0.0249138900152772,0.0249226351031521
"D5","JinHua_56",0,10,4,0.0249138900152772,0.0249226351031521
"D5","JinHua_6",0,10,4,0.038405707996312,0.0384155598812772
"D5","JinHua_60",1,10,4,0.132360709754339,0.132359237152817
"D5","JinHua_62",0,10,4,0.0249138900152772,0.0249226351031521
"D5","JinHua_79",0,10,4,0.0249138900152772,0.0249226351031521
"D5","JinHua_8",0,10,4,0.0475602443079106,0.0475702173108346
"D5","SSR_101",0,10,4,0.0889147042725031,0.0889212145753749
"D5","SSR_134",0,10,4,0.10874720836895,0.108750481426612
"D5","SSR_139",0,10,4,0.0889147042725031,0.0889212145753749
"D5","SSR_150",0,10,4,0.0889147042725031,0.0889212145753749
"D5","SSR_17",0,10,4,0.038405707996312,0.0384155598812772
"D5","SSR_170",0,10,4,0.0889147042725031,0.0889212145753749
"D5","SSR_181",0,10,4,0.132360709754339,0.132359237152817
"D5","SSR_182",0,10,4,0.421468728393844,0.421386077926199
"D5","SSR_21",0,10,4,0.0249138900152772,0.0249226351031521
"D5","SSR_22",0,10,4,0.0724052673880599,0.072413794527908
"D5","SSR_29",0,10,4,0.0475602443079106,0.0475702173108346
"D5","SSR_32",0,10,4,0.229670165799761,0.229643168398727
"D5","SSR_37",0,10,4,0.058763542068345,0.0587731418256153
"D5","SSR_39",0,10,4,0.0200267343881605,0.0200347140195901
"D5","SSR_46",0,10,4,0.058763542068345,0.0587731418256153
"D5","SSR_50",0,10,4,0.132360709754339,0.132359237152817
"D5","SSR_57",0,10,4,0.0475602443079106,0.0475702173108346
"D5","SSR_69",1,10,4,0.0475602443079106,0.0475702173108346
"D5","SSR_9",0,10,4,0.192549040150202,0.192532559115142
"D5","SSR_94",0,10,4,0.0475602443079106,0.0475702173108346
"D5","SSR_95",0,10,4,0.0889147042725031,0.0889212145753749
"D5","JinHua_100",0,10,5,0.0467928653348347,0.0467934991541756
"D5","JinHua_101",0,10,5,0.074557313777693,0.0745578756705204
"D5","JinHua_113",0,10,5,0.0591669401149204,0.0591675622874489
"D5","JinHua_120",0,10,5,0.217514395669789,0.217513200375696
"D5","JinHua_123",1,10,5,0.074557313777693,0.0745578756705204
"D5","JinHua_13",0,10,5,0.61151395080226,0.611507238229102
"D5","JinHua_134",0,10,5,0.074557313777693,0.0745578756705204
"D5","JinHua_135",0,10,5,0.0935529232323043,0.0935533565866469
"D5","JinHua_136",0,10,5,0.0935529232323043,0.0935533565866469
"D5","JinHua_14",0,10,5,0.074557313777693,0.0745578756705204
"D5","JinHua_141",0,10,5,0.0467928653348347,0.0467934991541756
"D5","JinHua_147",0,10,5,0.0228163409058888,0.0228168606225441
"D5","JinHua_152",0,10,5,0.074557313777693,0.0745578756705204
"D5","JinHua_158",0,10,5,0.0369051709851752,0.0369057838725745
"D5","JinHua_159",0,10,5,0.0228163409058888,0.0228168606225441
"D5","JinHua_16",0,10,5,0.178299800164342,0.178299215660413
"D5","JinHua_174",0,10,5,0.0591669401149204,0.0591675622874489
"D5","JinHua_180",0,10,5,0.0935529232323043,0.0935533565866469
"D5","JinHua_184",0,10,5,0.0591669401149204,0.0591675622874489
"D5","JinHua_185",0,10,5,0.0228163409058888,0.0228168606225441
"D5","JinHua_224",0,10,5,0.116777510678713,0.116777724900319
"D5","JinHua_23",0,10,5,0.0591669401149204,0.0591675622874489
"D5","JinHua_25",1,10,5,0.2625974339106,0.262595486655116
"D5","JinHua_32",1,10,5,0.368859113555847,0.36885536018507
"D5","JinHua_5",0,10,5,0.0369051709851752,0.0369057838725745
"D5","JinHua_70",0,10,5,0.074557313777693,0.0745578756705204
"D5","JinHua_72",0,10,5,0.217514395669789,0.217513200375696
"D5","JinHua_75",0,10,5,0.144846314918015,0.144846196467466
"D5","JinHua_86",0,10,5,0.0228163409058888,0.0228168606225441
"D5","JinHua_88",0,10,5,0.116777510678713,0.116777724900319
"D5","JinHua_92",0,10,5,0.0228163409058888,0.0228168606225441
"D5","JinHua_97",0,10,5,0.074557313777693,0.0745578756705204
"D5","SSR_105",0,10,5,0.0935529232323043,0.0935533565866469
"D5","SSR_108",0,10,5,0.0467928653348347,0.0467934991541756
"D5","SSR_124",0,10,5,0.116777510678713,0.116777724900319
"D5","SSR_125",0,10,5,0.0467928653348347,0.0467934991541756
"D5","SSR_131",0,10,5,0.217514395669789,0.217513200375696
"D5","SSR_157",0,10,5,0.144846314918015,0.144846196467466
"D5","SSR_158",1,10,5,0.116777510678713,0.116777724900319
"D5","SSR_161",0,10,5,0.217514395669789,0.217513200375696
"D5","SSR_172",0,10,5,0.074557313777693,0.0745578756705204
"D5","SSR_177",0,10,5,0.0935529232323043,0.0935533565866469
"D5","SSR_18",0,10,5,0.313283489310319,0.313280673314371
"D5","SSR_19",0,10,5,0.2625974339106,0.262595486655116
"D5","SSR_3",0,10,5,0.074557313777693,0.0745578756705204
"D5","SSR_31",0,10,5,0.116777510678713,0.116777724900319
"D5","SSR_33",0,10,5,0.0369051709851752,0.0369057838725745
"D5","SSR_38",0,10,5,0.2625974339106,0.262595486655116
"D5","SSR_4",0,10,5,0.0935529232323043,0.0935533565866469
"D5","SSR_40",0,10,5,0.0369051709851752,0.0369057838725745
"D5","SSR_42",0,10,5,0.0591669401149204,0.0591675622874489
"D5","SSR_47",0,10,5,0.313283489310319,0.313280673314371
"D5","SSR_51",0,10,5,0.217514395669789,0.217513200375696
"D5","SSR_6",0,10,5,0.0591669401149204,0.0591675622874489
"D5","SSR_60",0,10,5,0.0467928653348347,0.0467934991541756
"D5","SSR_76",1,10,5,0.217514395669789,0.217513200375696
"D5","SSR_77",0,10,5,0.074557313777693,0.0745578756705204
"D5","JinHua_104",0,11,1,0.0758439446868975,0.0758490938842813
"D5","JinHua_111",0,11,1,0.135941765173471,0.135939949288694
"D5","JinHua_12",0,11,1,0.195359538236628,0.195347789790303
"D5","JinHua_128",0,11,1,0.0269919874159249,0.0269978096580997
"D5","JinHua_13",0,11,1,0.525716026518144,0.525645657044281
"D5","JinHua_138",1,11,1,0.272555741168879,0.272529169798486
"D5","JinHua_139",0,11,1,0.0333131490586003,0.0333193333965684
"D5","JinHua_149",0,11,1,0.0410521853614013,0.0410585783329988
"D5","JinHua_15",0,11,1,0.112411358552053,0.112412773454546
"D5","JinHua_165",0,11,1,0.0333131490586003,0.0333193333965684
"D5","JinHua_170",1,11,1,0.272555741168879,0.272529169798486
"D5","JinHua_173",1,11,1,0.579296173534094,0.579220166928942
"D5","JinHua_183",0,11,1,0.0410521853614013,0.0410585783329988
"D5","JinHua_19",0,11,1,0.0758439446868975,0.0758490938842813
"D5","JinHua_193",0,11,1,0.0333131490586003,0.0333193333965684
"D5","JinHua_198",0,11,1,0.0758439446868975,0.0758490938842813
"D5","JinHua_207",0,11,1,0.135941765173471,0.135939949288694
"D5","JinHua_208",0,11,1,0.0333131490586003,0.0333193333965684
"D5","JinHua_222",0,11,1,0.0333131490586003,0.0333193333965684
"D5","JinHua_25",1,11,1,0.231720078332221,0.231701496430143
"D5","JinHua_26",0,11,1,0.0504951785756582,0.0505015433329012
"D5","JinHua_37",0,11,1,0.092517770650824,0.0925214498647595
"D5","JinHua_38",0,11,1,0.471537083874985,0.471474143434121
"D5","JinHua_43",0,11,1,0.092517770650824,0.0925214498647595
"D5","JinHua_44",0,11,1,0.0410521853614013,0.0410585783329988
"D5","JinHua_45",0,11,1,0.0758439446868975,0.0758490938842813
"D5","JinHua_46",0,11,1,0.0333131490586003,0.0333193333965684
"D5","JinHua_54",0,11,1,0.0269919874159249,0.0269978096580997
"D5","JinHua_69",0,11,1,0.0333131490586003,0.0333193333965684
"D5","JinHua_74",0,11,1,0.0269919874159249,0.0269978096580997
"D5","JinHua_83",1,11,1,0.163490398406813,0.163484230593293
"D5","JinHua_86",0,11,1,0.0269919874159249,0.0269978096580997
"D5","JinHua_90",0,11,1,0.0269919874159249,0.0269978096580997
"D5","JinHua_92",0,11,1,0.0269919874159249,0.0269978096580997
"D5","JinHua_95",0,11,1,0.0410521853614013,0.0410585783329988
"D5","JinHua_99",0,11,1,0.092517770650824,0.0925214498647595
"D5","SSR_102",0,11,1,0.0269919874159249,0.0269978096580997
"D5","SSR_130",0,11,1,0.0758439446868975,0.0758490938842813
"D5","SSR_134",0,11,1,0.112411358552053,0.112412773454546
"D5","SSR_139",0,11,1,0.092517770650824,0.0925214498647595
"D5","SSR_14",1,11,1,0.112411358552053,0.112412773454546
"D5","SSR_151",0,11,1,0.0758439446868975,0.0758490938842813
"D5","SSR_174",0,11,1,0.112411358552053,0.112412773454546
"D5","SSR_177",0,11,1,0.092517770650824,0.0925214498647595
"D5","SSR_179",0,11,1,0.0504951785756582,0.0505015433329012
"D5","SSR_18",0,11,1,0.272555741168879,0.272529169798486
"D5","SSR_21",0,11,1,0.0269919874159249,0.0269978096580997
"D5","SSR_26",0,11,1,0.163490398406813,0.163484230593293
"D5","SSR_28",0,11,1,0.0410521853614013,0.0410585783329988
"D5","SSR_37",0,11,1,0.0619699197886791,0.0619759133321454
"D5","SSR_42",0,11,1,0.0619699197886791,0.0619759133321454
"D5","SSR_46",0,11,1,0.0619699197886791,0.0619759133321454
"D5","SSR_52",0,11,1,0.0758439446868975,0.0758490938842813
"D5","SSR_56",0,11,1,0.0758439446868975,0.0758490938842813
"D5","SSR_6",0,11,1,0.0619699197886791,0.0619759133321454
"D5","SSR_61",0,11,1,0.0758439446868975,0.0758490938842813
"D5","SSR_77",0,11,1,0.0758439446868975,0.0758490938842813
"D5","SSR_8",0,11,1,0.195359538236628,0.195347789790303
"D5","SSR_94",0,11,1,0.0504951785756582,0.0505015433329012
"D5","JinHua_101",0,11,2,0.0745379775908035,0.0745443921842959
"D5","JinHua_102",0,11,2,0.0321423385732806,0.032149872032447
"D5","JinHua_103",0,11,2,0.321446723713376,0.321401943023593
"D5","JinHua_107",0,11,2,0.0259221716078331,0.0259292279934246
"D5","JinHua_116",0,11,2,0.135340799754251,0.135338590843739
"D5","JinHua_121",1,11,2,0.0745379775908035,0.0745443921842959
"D5","JinHua_122",0,11,2,0.111449387522696,0.111451210775545
"D5","JinHua_129",0,11,2,0.0745379775908035,0.0745443921842959
"D5","JinHua_150",0,11,2,0.0259221716078331,0.0259292279934246
"D5","JinHua_155",0,11,2,0.0606273595823004,0.0606347792609239
"D5","JinHua_160",0,11,2,0.233242040744355,0.233218660460198
"D5","JinHua_166",0,11,2,0.0208797596672832,0.0208862353758884
"D5","JinHua_169",0,11,2,0.0259221716078331,0.0259292279934246
"D5","JinHua_179",1,11,2,0.4793402083486,0.479261050940526
"D5","JinHua_180",0,11,2,0.0913299984309048,0.0913346208848741
"D5","JinHua_181",0,11,2,0.0606273595823004,0.0606347792609239
"D5","JinHua_197",0,11,2,0.0606273595823004,0.0606347792609239
"D5","JinHua_203",0,11,2,0.0745379775908035,0.0745443921842959
"D5","JinHua_204",0,11,2,0.111449387522696,0.111451210775545
"D5","JinHua_206",0,11,2,0.163411909686689,0.163404231867175
"D5","JinHua_218",0,11,2,0.039794092828279,0.0398019208814831
"D5","JinHua_224",0,11,2,0.111449387522696,0.111451210775545
"D5","JinHua_24",0,11,2,0.0745379775908035,0.0745443921842959
"D5","JinHua_3",0,11,2,0.0321423385732806,0.032149872032447
"D5","JinHua_32",1,11,2,0.321446723713376,0.321401943023593
"D5","JinHua_39",0,11,2,0.424538925452068,0.424470549158614
"D5","JinHua_4",0,11,2,0.0745379775908035,0.0745443921842959
"D5","JinHua_42",0,11,2,0.0491748616375328,0.0491826967785532
"D5","JinHua_49",0,11,2,0.0606273595823004,0.0606347792609239
"D5","JinHua_5",0,11,2,0.039794092828279,0.0398019208814831
"D5","JinHua_50",0,11,2,0.111449387522696,0.111451210775545
"D5","JinHua_53",0,11,2,0.0259221716078331,0.0259292279934246
"D5","JinHua_61",0,11,2,0.0913299984309048,0.0913346208848741
"D5","JinHua_62",0,11,2,0.0259221716078331,0.0259292279934246
"D5","JinHua_66",0,11,2,0.0259221716078331,0.0259292279934246
"D5","JinHua_68",0,11,2,0.0745379775908035,0.0745443921842959
"D5","JinHua_70",0,11,2,0.0745379775908035,0.0745443921842959
"D5","JinHua_79",0,11,2,0.0259221716078331,0.0259292279934246
"D5","JinHua_84",1,11,2,0.371532135447917,0.371475491341564
"D5","JinHua_88",0,11,2,0.111449387522696,0.111451210775545
"D5","SSR_103",0,11,2,0.321446723713376,0.321401943023593
"D5","SSR_106",0,11,2,0.0491748616375328,0.0491826967785532
"D5","SSR_108",0,11,2,0.0491748616375328,0.0491826967785532
"D5","SSR_117",0,11,2,0.039794092828279,0.0398019208814831
"D5","SSR_125",0,11,2,0.0491748616375328,0.0491826967785532
"D5","SSR_131",0,11,2,0.19598558112564,0.195970856103477
"D5","SSR_143",1,11,2,0.424538925452068,0.424470549158614
"D5","SSR_17",0,11,2,0.039794092828279,0.0398019208814831
"D5","SSR_172",0,11,2,0.0745379775908035,0.0745443921842959
"D5","SSR_24",0,11,2,0.0259221716078331,0.0259292279934246
"D5","SSR_30",0,11,2,0.039794092828279,0.0398019208814831
"D5","SSR_39",0,11,2,0.0208797596672832,0.0208862353758884
"D5","SSR_43",0,11,2,0.0321423385732806,0.032149872032447
"D5","SSR_5",0,11,2,0.111449387522696,0.111451210775545
"D5","SSR_64",0,11,2,0.0606273595823004,0.0606347792609239
"D5","SSR_69",1,11,2,0.0491748616375328,0.0491826967785532
"D5","SSR_73",0,11,2,0.0606273595823004,0.0606347792609239
"D5","SSR_78",0,11,2,0.111449387522696,0.111451210775545
"D5","JinHua_105",0,11,3,0.213946645127711,0.213945124614205
"D5","JinHua_110",0,11,3,0.0169036378481595,0.0169042748828809
"D5","JinHua_112",0,11,3,0.106228084356683,0.106228575321361
"D5","JinHua_117",0,11,3,0.0169036378481595,0.0169042748828809
"D5","JinHua_119",0,11,3,0.0640296135964,0.0640304913391335
"D5","JinHua_123",1,11,3,0.0640296135964,0.0640304913391335
"D5","JinHua_124",0,11,3,0.0290064323780232,0.0290072451918406
"D5","JinHua_131",0,11,3,0.0378837070161603,0.0378845862032129
"D5","JinHua_135",0,11,3,0.082712506467299,0.0827132582467725
"D5","JinHua_151",0,11,3,0.0290064323780232,0.0290072451918406
"D5","JinHua_156",1,11,3,0.0640296135964,0.0640304913391335
"D5","JinHua_157",0,11,3,0.0290064323780232,0.0290072451918406
"D5","JinHua_159",0,11,3,0.0169036378481595,0.0169042748828809
"D5","JinHua_16",0,11,3,0.171151815149861,0.171151204608052
"D5","JinHua_17",0,11,3,0.0128768164730362,0.0128773639603985
"D5","JinHua_175",0,11,3,0.0169036378481595,0.0169042748828809
"D5","JinHua_176",0,11,3,0.106228084356683,0.106228575321361
"D5","JinHua_188",0,11,3,0.0290064323780232,0.0290072451918406
"D5","JinHua_191",0,11,3,0.0640296135964,0.0640304913391335
"D5","JinHua_194",0,11,3,0.0640296135964,0.0640304913391335
"D5","JinHua_200",0,11,3,0.082712506467299,0.0827132582467725
"D5","JinHua_211",0,11,3,0.135442096495038,0.135442147270334
"D5","JinHua_213",0,11,3,0.082712506467299,0.0827132582467725
"D5","JinHua_215",0,11,3,0.0290064323780232,0.0290072451918406
"D5","JinHua_223",0,11,3,0.0221614504673415,0.0221621785159657
"D5","JinHua_225",1,11,3,0.652946938645186,0.65293737490012
"D5","JinHua_23",0,11,3,0.0493397745040609,0.0493406837054367
"D5","JinHua_35",0,11,3,0.082712506467299,0.0827132582467725
"D5","JinHua_51",0,11,3,0.321056247041389,0.321052210878788
"D5","JinHua_57",0,11,3,0.0640296135964,0.0640304913391335
"D5","JinHua_63",0,11,3,0.135442096495038,0.135442147270334
"D5","JinHua_7",0,11,3,0.0493397745040609,0.0493406837054367
"D5","JinHua_78",0,11,3,0.0221614504673415,0.0221621785159657
"D5","JinHua_89",0,11,3,0.0290064323780232,0.0290072451918406
"D5","JinHua_91",1,11,3,0.0640296135964,0.0640304913391335
"D5","JinHua_96",0,11,3,0.171151815149861,0.171151204608052
"D5","SSR_10",0,11,3,0.451021096469541,0.451014165798528
"D5","SSR_101",0,11,3,0.082712506467299,0.0827132582467725
"D5","SSR_105",0,11,3,0.082712506467299,0.0827132582467725
"D5","SSR_12",0,11,3,0.0493397745040609,0.0493406837054367
"D5","SSR_120",0,11,3,0.0493397745040609,0.0493406837054367
"D5","SSR_13",0,11,3,0.106228084356683,0.106228575321361
"D5","SSR_145",0,11,3,0.321056247041389,0.321052210878788
"D5","SSR_15",0,11,3,0.0640296135964,0.0640304913391335
"D5","SSR_152",0,11,3,0.0378837070161603,0.0378845862032129
"D5","SSR_157",0,11,3,0.135442096495038,0.135442147270334
"D5","SSR_161",0,11,3,0.213946645127711,0.213945124614205
"D5","SSR_171",0,11,3,0.082712506467299,0.0827132582467725
"D5","SSR_23",0,11,3,0.0493397745040609,0.0493406837054367
"D5","SSR_33",0,11,3,0.0290064323780232,0.0290072451918406
"D5","SSR_34",0,11,3,0.135442096495038,0.135442147270334
"D5","SSR_35",1,11,3,0.0640296135964,0.0640304913391335
"D5","SSR_36",1,11,3,0.082712506467299,0.0827132582467725
"D5","SSR_38",0,11,3,0.264033233908811,0.264030556415341
"D5","SSR_51",0,11,3,0.213946645127711,0.213945124614205
"D5","SSR_9",0,11,3,0.213946645127711,0.213945124614205
"D5","SSR_90",0,11,3,0.0290064323780232,0.0290072451918406
"D5","SSR_95",0,11,3,0.082712506467299,0.0827132582467725
"D5","JinHua_1",0,11,4,0.014334644877435,0.0143353139739942
"D5","JinHua_10",1,11,4,0.0771117266161083,0.077112695505121
"D5","JinHua_106",0,11,4,0.0253860247299526,0.0253869181120018
"D5","JinHua_113",0,11,4,0.0445722475805138,0.0445733063212501
"D5","JinHua_114",0,11,4,0.014334644877435,0.0143353139739942
"D5","JinHua_120",0,11,4,0.211374023280525,0.211372543215616
"D5","JinHua_126",0,11,4,0.0587647858574033,0.0587658499411127
"D5","JinHua_132",0,11,4,0.014334644877435,0.0143353139739942
"D5","JinHua_134",0,11,4,0.0587647858574033,0.0587658499411127
"D5","JinHua_141",0,11,4,0.0336847408649756,0.0336857331541024
"D5","JinHua_143",0,11,4,0.130169842279129,0.130170110375543
"D5","JinHua_148",0,11,4,0.0445722475805138,0.0445733063212501
"D5","JinHua_152",0,11,4,0.0587647858574033,0.0587658499411127
"D5","JinHua_158",0,11,4,0.0253860247299526,0.0253869181120018
"D5","JinHua_161",0,11,4,0.0336847408649756,0.0336857331541024
"D5","JinHua_171",0,11,4,0.100574692227743,0.100575415105457
"D5","JinHua_182",0,11,4,0.0445722475805138,0.0445733063212501
"D5","JinHua_184",0,11,4,0.0445722475805138,0.0445733063212501
"D5","JinHua_199",1,11,4,0.0253860247299526,0.0253869181120018
"D5","JinHua_205",0,11,4,0.0445722475805138,0.0445733063212501
"D5","JinHua_217",0,11,4,0.014334644877435,0.0143353139739942
"D5","JinHua_22",0,11,4,0.100574692227743,0.100575415105457
"D5","JinHua_220",0,11,4,0.100574692227743,0.100575415105457
"D5","JinHua_221",0,11,4,0.0253860247299526,0.0253869181120018
"D5","JinHua_27",1,11,4,0.0253860247299526,0.0253869181120018
"D5","JinHua_48",0,11,4,0.0771117266161083,0.077112695505121
"D5","JinHua_56",0,11,4,0.014334644877435,0.0143353139739942
"D5","JinHua_59",0,11,4,0.130169842279129,0.130170110375543
"D5","JinHua_64",0,11,4,0.0771117266161083,0.077112695505121
"D5","JinHua_67",0,11,4,0.211374023280525,0.211372543215616
"D5","JinHua_73",0,11,4,0.014334644877435,0.0143353139739942
"D5","JinHua_75",0,11,4,0.130169842279129,0.130170110375543
"D5","JinHua_77",0,11,4,0.130169842279129,0.130170110375543
"D5","JinHua_8",0,11,4,0.0336847408649756,0.0336857331541024
"D5","JinHua_87",0,11,4,0.100574692227743,0.100575415105457
"D5","JinHua_9",0,11,4,0.0190914224433256,0.0190922039580031
"D5","JinHua_97",0,11,4,0.0587647858574033,0.0587658499411127
"D5","SSR_1",0,11,4,0.0445722475805138,0.0445733063212501
"D5","SSR_124",0,11,4,0.100574692227743,0.100575415105457
"D5","SSR_150",0,11,4,0.0771117266161083,0.077112695505121
"D5","SSR_154",1,11,4,0.100574692227743,0.100575415105457
"D5","SSR_158",1,11,4,0.100574692227743,0.100575415105457
"D5","SSR_162",0,11,4,0.0587647858574033,0.0587658499411127
"D5","SSR_169",0,11,4,0.0587647858574033,0.0587658499411127
"D5","SSR_170",0,11,4,0.0771117266161083,0.077112695505121
"D5","SSR_181",0,11,4,0.130169842279129,0.130170110375543
"D5","SSR_182",0,11,4,0.53502362952738,0.535014425980913
"D5","SSR_19",0,11,4,0.264003011876135,0.264000194019464
"D5","SSR_22",0,11,4,0.0587647858574033,0.0587658499411127
"D5","SSR_25",0,11,4,0.0253860247299526,0.0253869181120018
"D5","SSR_32",0,11,4,0.264003011876135,0.264000194019464
"D5","SSR_4",0,11,4,0.0771117266161083,0.077112695505121
"D5","SSR_47",0,11,4,0.324346484018023,0.32434207359097
"D5","SSR_48",0,11,4,0.0445722475805138,0.0445733063212501
"D5","SSR_54",0,11,4,0.130169842279129,0.130170110375543
"D5","SSR_59",1,11,4,0.130169842279129,0.130170110375543
"D5","SSR_60",0,11,4,0.0336847408649756,0.0336857331541024
"D5","SSR_79",0,11,4,0.130169842279129,0.130170110375543
"D5","JinHua_100",0,11,5,0.0490586388755411,0.0490709093558345
"D5","JinHua_108",0,11,5,0.0742661455120092,0.0742768187502886
"D5","JinHua_11",0,11,5,0.0742661455120092,0.0742768187502886
"D5","JinHua_136",0,11,5,0.0909426320370727,0.0909510118156361
"D5","JinHua_137",0,11,5,0.11091516305931,0.110919845253861
"D5","JinHua_14",0,11,5,0.0742661455120092,0.0742768187502886
"D5","JinHua_140",0,11,5,0.0742661455120092,0.0742768187502886
"D5","JinHua_144",1,11,5,0.273355200098483,0.273311123949649
"D5","JinHua_145",0,11,5,0.0321103201585803,0.0321218446838769
"D5","JinHua_146",0,11,5,0.0909426320370727,0.0909510118156361
"D5","JinHua_147",0,11,5,0.0259145889848246,0.0259253099480245
"D5","JinHua_153",0,11,5,0.231756766746053,0.231726850793832
"D5","JinHua_162",0,11,5,0.0490586388755411,0.0490709093558345
"D5","JinHua_163",0,11,5,0.0742661455120092,0.0742768187502886
"D5","JinHua_172",0,11,5,0.0259145889848246,0.0259253099480245
"D5","JinHua_174",0,11,5,0.0604443557990245,0.0604562326000106
"D5","JinHua_18",0,11,5,0.11091516305931,0.110919845253861
"D5","JinHua_185",0,11,5,0.0259145889848246,0.0259253099480245
"D5","JinHua_189",0,11,5,0.0604443557990245,0.0604562326000106
"D5","JinHua_190",0,11,5,0.11091516305931,0.110919845253861
"D5","JinHua_192",0,11,5,0.0742661455120092,0.0742768187502886
"D5","JinHua_195",0,11,5,0.0490586388755411,0.0490709093558345
"D5","JinHua_2",0,11,5,0.0259145889848246,0.0259253099480245
"D5","JinHua_201",0,11,5,0.0490586388755411,0.0490709093558345
"D5","JinHua_210",0,11,5,0.0321103201585803,0.0321218446838769
"D5","JinHua_214",0,11,5,0.11091516305931,0.110919845253861
"D5","JinHua_219",0,11,5,0.0490586388755411,0.0490709093558345
"D5","JinHua_30",0,11,5,0.0321103201585803,0.0321218446838769
"D5","JinHua_31",0,11,5,0.194791694398498,0.194773790228117
"D5","JinHua_33",0,11,5,0.194791694398498,0.194773790228117
"D5","JinHua_34",0,11,5,0.0742661455120092,0.0742768187502886
"D5","JinHua_6",0,11,5,0.0397269309986111,0.0397390208950575
"D5","JinHua_60",1,11,5,0.134624419790965,0.13462367439734
"D5","JinHua_65",0,11,5,0.134624419790965,0.13462367439734
"D5","JinHua_72",0,11,5,0.194791694398498,0.194773790228117
"D5","JinHua_76",0,11,5,0.0259145889848246,0.0259253099480245
"D5","JinHua_82",0,11,5,0.0742661455120092,0.0742768187502886
"D5","SSR_159",0,11,5,0.0397269309986111,0.0397390208950575
"D5","SSR_164",0,11,5,0.0742661455120092,0.0742768187502886
"D5","SSR_167",0,11,5,0.0397269309986111,0.0397390208950575
"D5","SSR_173",1,11,5,0.231756766746053,0.231726850793832
"D5","SSR_2",0,11,5,0.162475605658333,0.16246740362549
"D5","SSR_20",0,11,5,0.0259145889848246,0.0259253099480245
"D5","SSR_27",0,11,5,0.0909426320370727,0.0909510118156361
"D5","SSR_29",0,11,5,0.0490586388755411,0.0490709093558345
"D5","SSR_3",0,11,5,0.0742661455120092,0.0742768187502886
"D5","SSR_31",0,11,5,0.11091516305931,0.110919845253861
"D5","SSR_40",0,11,5,0.0397269309986111,0.0397390208950575
"D5","SSR_44",1,11,5,0.0604443557990245,0.0604562326000106
"D5","SSR_50",0,11,5,0.134624419790965,0.13462367439734
"D5","SSR_57",0,11,5,0.0490586388755411,0.0490709093558345
"D5","SSR_62",0,11,5,0.0909426320370727,0.0909510118156361
"D5","SSR_67",0,11,5,0.0321103201585803,0.0321218446838769
"D5","SSR_70",0,11,5,0.0742661455120092,0.0742768187502886
"D5","SSR_75",0,11,5,0.194791694398498,0.194773790228117
"D5","SSR_76",1,11,5,0.194791694398498,0.194773790228117
"D5","SSR_81",0,11,5,0.0604443557990245,0.0604562326000106
"D5","JinHua_101",0,12,1,0.0795755861720453,0.0795828624410441
"D5","JinHua_110",0,12,1,0.0261224697194942,0.0261309294487523
"D5","JinHua_113",0,12,1,0.06403190133718,0.0640406500407294
"D5","JinHua_117",0,12,1,0.0261224697194942,0.0261309294487523
"D5","JinHua_120",0,12,1,0.217930844873453,0.217908040632939
"D5","JinHua_126",0,12,1,0.0795755861720453,0.0795828624410441
"D5","JinHua_129",0,12,1,0.0795755861720453,0.0795828624410441
"D5","JinHua_136",0,12,1,0.0984954166153468,0.0985000971368145
"D5","JinHua_149",0,12,1,0.0410776926988255,0.0410871169079838
"D5","JinHua_153",0,12,1,0.260438065282997,0.260403313690534
"D5","JinHua_162",0,12,1,0.051354997088477,0.0513643807744368
"D5","JinHua_169",0,12,1,0.0261224697194942,0.0261309294487523
"D5","JinHua_179",1,12,1,0.531625028104226,0.531522046459357
"D5","JinHua_185",0,12,1,0.0261224697194942,0.0261309294487523
"D5","JinHua_190",0,12,1,0.121320684284629,0.121321332672203
"D5","JinHua_191",0,12,1,0.0795755861720453,0.0795828624410441
"D5","JinHua_192",0,12,1,0.0795755861720453,0.0795828624410441
"D5","JinHua_194",0,12,1,0.0795755861720453,0.0795828624410441
"D5","JinHua_200",0,12,1,0.0984954166153468,0.0985000971368145
"D5","JinHua_213",0,12,1,0.0984954166153468,0.0985000971368145
"D5","JinHua_215",0,12,1,0.0410776926988255,0.0410871169079838
"D5","JinHua_221",0,12,1,0.0410776926988255,0.0410871169079838
"D5","JinHua_225",1,12,1,0.589219952668766,0.589108560314196
"D5","JinHua_3",0,12,1,0.0327860287618816,0.0327950947295726
"D5","JinHua_32",1,12,1,0.359957620848432,0.359894568401852
"D5","JinHua_33",0,12,1,0.217930844873453,0.217908040632939
"D5","JinHua_38",0,12,1,0.531625028104226,0.531522046459357
"D5","JinHua_39",0,12,1,0.473174975919599,0.473083504103353
"D5","JinHua_42",0,12,1,0.051354997088477,0.0513643807744368
"D5","JinHua_43",0,12,1,0.0984954166153468,0.0985000971368145
"D5","JinHua_49",0,12,1,0.06403190133718,0.0640406500407294
"D5","JinHua_51",0,12,1,0.307971366690103,0.307922976413104
"D5","JinHua_54",0,12,1,0.0261224697194942,0.0261309294487523
"D5","JinHua_68",0,12,1,0.0795755861720453,0.0795828624410441
"D5","JinHua_72",0,12,1,0.217930844873453,0.217908040632939
"D5","JinHua_77",0,12,1,0.148563778208518,0.148558649467412
"D5","JinHua_84",1,12,1,0.415451067452683,0.415373279764882
"D5","JinHua_96",0,12,1,0.180666588717611,0.180653684890082
"D5","JinHua_97",0,12,1,0.0795755861720453,0.0795828624410441
"D5","JinHua_99",0,12,1,0.0984954166153468,0.0985000971368145
"D5","SSR_10",0,12,1,0.415451067452683,0.415373279764882
"D5","SSR_106",0,12,1,0.051354997088477,0.0513643807744368
"D5","SSR_117",0,12,1,0.0410776926988255,0.0410871169079838
"D5","SSR_14",1,12,1,0.121320684284629,0.121321332672203
"D5","SSR_145",0,12,1,0.307971366690103,0.307922976413104
"D5","SSR_151",0,12,1,0.0795755861720453,0.0795828624410441
"D5","SSR_154",1,12,1,0.121320684284629,0.121321332672203
"D5","SSR_171",0,12,1,0.0984954166153468,0.0985000971368145
"D5","SSR_26",0,12,1,0.180666588717611,0.180653684890082
"D5","SSR_27",0,12,1,0.0984954166153468,0.0985000971368145
"D5","SSR_37",0,12,1,0.06403190133718,0.0640406500407294
"D5","SSR_48",0,12,1,0.06403190133718,0.0640406500407294
"D5","SSR_51",0,12,1,0.217930844873453,0.217908040632939
"D5","SSR_54",0,12,1,0.148563778208518,0.148558649467412
"D5","SSR_56",0,12,1,0.0795755861720453,0.0795828624410441
"D5","SSR_57",0,12,1,0.051354997088477,0.0513643807744368
"D5","SSR_60",0,12,1,0.051354997088477,0.0513643807744368
"D5","SSR_62",0,12,1,0.0984954166153468,0.0985000971368145
"D5","SSR_9",0,12,1,0.217930844873453,0.217908040632939
"D5","JinHua_1",0,12,2,0.0156219811921457,0.0125620768138782
"D5","JinHua_10",1,12,2,0.0773098060654227,0.0528717166696617
"D5","JinHua_102",0,12,2,0.0205119719826836,0.021843483877953
"D5","JinHua_104",0,12,2,0.0597047445128954,0.0616323124618871
"D5","JinHua_108",0,12,2,0.0597047445128954,0.059779802229449
"D5","JinHua_12",0,12,2,0.2025820654681,0.190911137175963
"D5","JinHua_128",0,12,2,0.0156219811921457,0.0122359591458914
"D5","JinHua_138",1,12,2,0.306695387113887,0.323555205035317
"D5","JinHua_151",0,12,2,0.0268908131115218,0.0232760727784347
"D5","JinHua_152",0,12,2,0.0597047445128954,0.058875678140721
"D5","JinHua_157",0,12,2,0.0268908131115218,0.0249032657442762
"D5","JinHua_158",0,12,2,0.0268908131115218,0.027518673407615
"D5","JinHua_159",0,12,2,0.0156219811921457,0.0139068829113333
"D5","JinHua_16",0,12,2,0.16144121879847,0.181949673962153
"D5","JinHua_160",0,12,2,0.251068042969946,0.288442861008137
"D5","JinHua_181",0,12,2,0.0459092507722306,0.0591461717136509
"D5","JinHua_188",0,12,2,0.0268908131115218,0.0318337771665262
"D5","JinHua_193",0,12,2,0.0205119719826836,0.0187117382538549
"D5","JinHua_197",0,12,2,0.0459092507722306,0.0555069842540879
"D5","JinHua_2",0,12,2,0.0156219811921457,0.0164886974992901
"D5","JinHua_201",0,12,2,0.0351821026991282,0.0349818888518587
"D5","JinHua_208",0,12,2,0.0205119719826836,0.0237823028064906
"D5","JinHua_210",0,12,2,0.0205119719826836,0.0192680731158608
"D5","JinHua_217",0,12,2,0.0156219811921457,0.0163882054116393
"D5","JinHua_218",0,12,2,0.0268908131115218,0.0243568256323512
"D5","JinHua_220",0,12,2,0.0995564185062255,0.119011148211096
"D5","JinHua_27",1,12,2,0.0268908131115218,0.0264691226089873
"D5","JinHua_31",0,12,2,0.2025820654681,0.219723104287074
"D5","JinHua_34",0,12,2,0.0597047445128954,0.0486802885437259
"D5","JinHua_48",0,12,2,0.0773098060654227,0.0811389430388489
"D5","JinHua_56",0,12,2,0.0156219811921457,0.023032857947856
"D5","JinHua_57",0,12,2,0.0597047445128954,0.0764554980502916
"D5","JinHua_59",0,12,2,0.127321338106462,0.139507949419377
"D5","JinHua_61",0,12,2,0.0773098060654227,0.0716028101189073
"D5","JinHua_62",0,12,2,0.0156219811921457,0.0157444538365219
"D5","JinHua_64",0,12,2,0.0773098060654227,0.0932895913717609
"D5","JinHua_69",0,12,2,0.0205119719826836,0.0198792209216576
"D5","JinHua_73",0,12,2,0.0156219811921457,0.0217771373615751
"D5","JinHua_86",0,12,2,0.0156219811921457,0.0143486120765887
"D5","JinHua_88",0,12,2,0.0995564185062255,0.073462413066579
"D5","JinHua_95",0,12,2,0.0268908131115218,0.0312012295250348
"D5","SSR_103",0,12,2,0.368582037214487,0.422491627107379
"D5","SSR_120",0,12,2,0.0459092507722306,0.0496803024770636
"D5","SSR_13",0,12,2,0.0995564185062255,0.0674306312501862
"D5","SSR_134",0,12,2,0.0995564185062255,0.107343375120178
"D5","SSR_150",0,12,2,0.0773098060654227,0.0836252931311691
"D5","SSR_158",1,12,2,0.0995564185062255,0.107514239438966
"D5","SSR_161",0,12,2,0.2025820654681,0.205731856863587
"D5","SSR_164",0,12,2,0.0597047445128954,0.0614541841536823
"D5","SSR_17",0,12,2,0.0268908131115218,0.0468463841110093
"D5","SSR_172",0,12,2,0.0597047445128954,0.0467173376048039
"D5","SSR_28",0,12,2,0.0268908131115218,0.0271342853719853
"D5","SSR_32",0,12,2,0.251068042969946,0.175052017050594
"D5","SSR_35",1,12,2,0.0597047445128954,0.0436860883147366
"D5","SSR_44",1,12,2,0.0459092507722306,0.0456383899013474
"D5","SSR_47",0,12,2,0.306695387113887,0.295947721344989
"D5","SSR_73",0,12,2,0.0459092507722306,0.0461220704806522
"D5","SSR_94",0,12,2,0.0351821026991282,0.0333908868474626
"D5","JinHua_100",0,12,3,0.0414868938836099,0.04148793353444
"D5","JinHua_105",0,12,3,0.192307096495889,0.192305728351315
"D5","JinHua_106",0,12,3,0.0328130569994698,0.0328140451975543
"D5","JinHua_112",0,12,3,0.102867002228876,0.102867571750703
"D5","JinHua_123",1,12,3,0.0658113281602078,0.0658123215449532
"D5","JinHua_131",0,12,3,0.0414868938836099,0.04148793353444
"D5","JinHua_132",0,12,3,0.0204184914455159,0.0204193139998457
"D5","JinHua_14",0,12,3,0.0658113281602078,0.0658123215449532
"D5","JinHua_140",0,12,3,0.0658113281602078,0.0658123215449532
"D5","JinHua_146",0,12,3,0.0824642390339536,0.0824650837867337
"D5","JinHua_15",0,12,3,0.102867002228876,0.102867571750703
"D5","JinHua_150",0,12,3,0.0204184914455159,0.0204193139998457
"D5","JinHua_17",0,12,3,0.0160756370174404,0.0160763664738019
"D5","JinHua_176",0,12,3,0.102867002228876,0.102867571750703
"D5","JinHua_18",0,12,3,0.102867002228876,0.102867571750703
"D5","JinHua_182",0,12,3,0.0523295272315215,0.0523305761379787
"D5","JinHua_183",0,12,3,0.0328130569994698,0.0328140451975543
"D5","JinHua_184",0,12,3,0.0523295272315215,0.0523305761379787
"D5","JinHua_19",0,12,3,0.0658113281602078,0.0658123215449532
"D5","JinHua_198",0,12,3,0.0658113281602078,0.0658123215449532
"D5","JinHua_199",1,12,3,0.0328130569994698,0.0328140451975543
"D5","JinHua_24",0,12,3,0.0658113281602078,0.0658123215449532
"D5","JinHua_25",1,12,3,0.232985632295122,0.232983165932908
"D5","JinHua_37",0,12,3,0.0824642390339536,0.0824650837867337
"D5","JinHua_4",0,12,3,0.0658113281602078,0.0658123215449532
"D5","JinHua_6",0,12,3,0.0328130569994698,0.0328140451975543
"D5","JinHua_63",0,12,3,0.127615593329532,0.127615724487392
"D5","JinHua_66",0,12,3,0.0204184914455159,0.0204193139998457
"D5","JinHua_82",0,12,3,0.0658113281602078,0.0658123215449532
"D5","JinHua_83",1,12,3,0.157274582089015,0.15727407643978
"D5","JinHua_87",0,12,3,0.102867002228876,0.102867571750703
"D5","JinHua_89",0,12,3,0.0328130569994698,0.0328140451975543
"D5","JinHua_9",0,12,3,0.0259036862332796,0.025904597917628
"D5","JinHua_92",0,12,3,0.0204184914455159,0.0204193139998457
"D5","SSR_102",0,12,3,0.0204184914455159,0.0204193139998457
"D5","SSR_12",0,12,3,0.0523295272315215,0.0523305761379787
"D5","SSR_131",0,12,3,0.192307096495889,0.192305728351315
"D5","SSR_152",0,12,3,0.0414868938836099,0.04148793353444
"D5","SSR_162",0,12,3,0.0658113281602078,0.0658123215449532
"D5","SSR_169",0,12,3,0.0658113281602078,0.0658123215449532
"D5","SSR_174",0,12,3,0.102867002228876,0.102867571750703
"D5","SSR_177",0,12,3,0.0824642390339536,0.0824650837867337
"D5","SSR_179",0,12,3,0.0414868938836099,0.04148793353444
"D5","SSR_21",0,12,3,0.0204184914455159,0.0204193139998457
"D5","SSR_22",0,12,3,0.0658113281602078,0.0658123215449532
"D5","SSR_3",0,12,3,0.0658113281602078,0.0658123215449532
"D5","SSR_33",0,12,3,0.0328130569994698,0.0328140451975543
"D5","SSR_34",0,12,3,0.127615593329532,0.127615724487392
"D5","SSR_36",1,12,3,0.0824642390339536,0.0824650837867337
"D5","SSR_38",0,12,3,0.232985632295122,0.232983165932908
"D5","SSR_4",0,12,3,0.0824642390339536,0.0824650837867337
"D5","SSR_5",0,12,3,0.102867002228876,0.102867571750703
"D5","SSR_61",0,12,3,0.0658113281602078,0.0658123215449532
"D5","SSR_70",0,12,3,0.0658113281602078,0.0658123215449532
"D5","SSR_75",0,12,3,0.192307096495889,0.192305728351315
"D5","SSR_76",1,12,3,0.192307096495889,0.192305728351315
"D5","SSR_77",0,12,3,0.0658113281602078,0.0658123215449532
"D5","SSR_95",0,12,3,0.0824642390339536,0.0824650837867337
"D5","JinHua_11",0,12,4,0.0664580334532856,0.0664765737716424
"D5","JinHua_111",0,12,4,0.128268958643434,0.128269860650193
"D5","JinHua_114",0,12,4,0.0207849674483782,0.0208009169896596
"D5","JinHua_116",0,12,4,0.128268958643434,0.128269860650193
"D5","JinHua_121",1,12,4,0.0664580334532856,0.0664765737716424
"D5","JinHua_122",0,12,4,0.103551400793235,0.103561146119908
"D5","JinHua_135",0,12,4,0.083142653659911,0.0831580449056087
"D5","JinHua_139",0,12,4,0.0263264984810302,0.0263441000704944
"D5","JinHua_141",0,12,4,0.0420289999926235,0.0420488386500739
"D5","JinHua_143",0,12,4,0.128268958643434,0.128269860650193
"D5","JinHua_144",1,12,4,0.279233510083071,0.279157122116909
"D5","JinHua_145",0,12,4,0.0263264984810302,0.0263441000704944
"D5","JinHua_155",0,12,4,0.0529283094147231,0.0529481486478296
"D5","JinHua_161",0,12,4,0.0420289999926235,0.0420488386500739
"D5","JinHua_163",0,12,4,0.0664580334532856,0.0664765737716424
"D5","JinHua_166",0,12,4,0.0163902518994864,0.0164044492203133
"D5","JinHua_172",0,12,4,0.0207849674483782,0.0208009169896596
"D5","JinHua_173",1,12,4,0.623366105986731,0.623140445194415
"D5","JinHua_174",0,12,4,0.0529283094147231,0.0529481486478296
"D5","JinHua_175",0,12,4,0.0207849674483782,0.0208009169896596
"D5","JinHua_180",0,12,4,0.083142653659911,0.0831580449056087
"D5","JinHua_195",0,12,4,0.0420289999926235,0.0420488386500739
"D5","JinHua_203",0,12,4,0.0664580334532856,0.0664765737716424
"D5","JinHua_204",0,12,4,0.103551400793235,0.103561146119908
"D5","JinHua_22",0,12,4,0.103551400793235,0.103561146119908
"D5","JinHua_222",0,12,4,0.0263264984810302,0.0263441000704944
"D5","JinHua_223",0,12,4,0.0263264984810302,0.0263441000704944
"D5","JinHua_224",0,12,4,0.103551400793235,0.103561146119908
"D5","JinHua_23",0,12,4,0.0529283094147231,0.0529481486478296
"D5","JinHua_30",0,12,4,0.0263264984810302,0.0263441000704944
"D5","JinHua_60",1,12,4,0.128268958643434,0.128269860650193
"D5","JinHua_7",0,12,4,0.0529283094147231,0.0529481486478296
"D5","JinHua_76",0,12,4,0.0207849674483782,0.0208009169896596
"D5","JinHua_91",1,12,4,0.0664580334532856,0.0664765737716424
"D5","SSR_105",0,12,4,0.083142653659911,0.0831580449056087
"D5","SSR_108",0,12,4,0.0420289999926235,0.0420488386500739
"D5","SSR_124",0,12,4,0.103551400793235,0.103561146119908
"D5","SSR_125",0,12,4,0.0420289999926235,0.0420488386500739
"D5","SSR_130",0,12,4,0.0664580334532856,0.0664765737716424
"D5","SSR_159",0,12,4,0.0332952347610636,0.0333142150425449
"D5","SSR_170",0,12,4,0.083142653659911,0.0831580449056087
"D5","SSR_182",0,12,4,0.444676636440393,0.444511116964079
"D5","SSR_20",0,12,4,0.0207849674483782,0.0208009169896596
"D5","SSR_23",0,12,4,0.0529283094147231,0.0529481486478296
"D5","SSR_25",0,12,4,0.0332952347610636,0.0333142150425449
"D5","SSR_30",0,12,4,0.0332952347610636,0.0333142150425449
"D5","SSR_39",0,12,4,0.0163902518994864,0.0164044492203133
"D5","SSR_42",0,12,4,0.0529283094147231,0.0529481486478296
"D5","SSR_43",0,12,4,0.0263264984810302,0.0263441000704944
"D5","SSR_46",0,12,4,0.0529283094147231,0.0529481486478296
"D5","SSR_6",0,12,4,0.0529283094147231,0.0529481486478296
"D5","SSR_64",0,12,4,0.0529283094147231,0.0529481486478296
"D5","SSR_67",0,12,4,0.0263264984810302,0.0263441000704944
"D5","SSR_69",1,12,4,0.0420289999926235,0.0420488386500739
"D5","SSR_79",0,12,4,0.128268958643434,0.128269860650193
"D5","SSR_8",0,12,4,0.192739133779697,0.192710233701992
"D5","SSR_81",0,12,4,0.0529283094147231,0.0529481486478296
"D5","SSR_90",0,12,4,0.0332952347610636,0.0333142150425449
"D5","JinHua_103",0,12,5,0.352058702435291,0.348118076240333
"D5","JinHua_107",0,12,5,0.0246472213606699,0.0261993047229762
"D5","JinHua_119",0,12,5,0.0759926115341628,0.0756493405023825
"D5","JinHua_124",0,12,5,0.0389362662942882,0.0408644647956491
"D5","JinHua_13",0,12,5,0.582741733018479,0.576861066112721
"D5","JinHua_134",0,12,5,0.0759926115341628,0.0803907540379087
"D5","JinHua_137",0,12,5,0.116493465695177,0.117571615926028
"D5","JinHua_147",0,12,5,0.0246472213606699,0.0258313373927037
"D5","JinHua_148",0,12,5,0.0609912623333186,0.0623602581050185
"D5","JinHua_156",1,12,5,0.0759926115341628,0.0751301597774655
"D5","JinHua_165",0,12,5,0.0310045833821787,0.030721754605135
"D5","JinHua_170",1,12,5,0.300270017283202,0.300485735214003
"D5","JinHua_171",0,12,5,0.116493465695177,0.122651555528851
"D5","JinHua_189",0,12,5,0.0609912623333186,0.0597290968805445
"D5","JinHua_205",0,12,5,0.0609912623333186,0.0579608085687052
"D5","JinHua_206",0,12,5,0.174503091506437,0.168316704196601
"D5","JinHua_207",0,12,5,0.143066191003766,0.145361960238929
"D5","JinHua_211",0,12,5,0.143066191003766,0.147480226537084
"D5","JinHua_214",0,12,5,0.116493465695177,0.113097661347147
"D5","JinHua_219",0,12,5,0.048794877476852,0.0507551491033362
"D5","JinHua_26",0,12,5,0.048794877476852,0.0511098162123053
"D5","JinHua_35",0,12,5,0.0943130860091014,0.101418122553783
"D5","JinHua_44",0,12,5,0.0389362662942882,0.0382488264236036
"D5","JinHua_45",0,12,5,0.0759926115341628,0.0712341757556276
"D5","JinHua_46",0,12,5,0.0310045833821787,0.0307878284829102
"D5","JinHua_5",0,12,5,0.0389362662942882,0.0374654397083555
"D5","JinHua_50",0,12,5,0.116493465695177,0.110079112405722
"D5","JinHua_53",0,12,5,0.0246472213606699,0.0255542581237691
"D5","JinHua_65",0,12,5,0.143066191003766,0.149509128114859
"D5","JinHua_67",0,12,5,0.2111457640884,0.211770329277585
"D5","JinHua_70",0,12,5,0.0759926115341628,0.0779953133178717
"D5","JinHua_74",0,12,5,0.0246472213606699,0.0245557610069862
"D5","JinHua_75",0,12,5,0.143066191003766,0.148656446603508
"D5","JinHua_78",0,12,5,0.0310045833821787,0.0337842497105361
"D5","JinHua_79",0,12,5,0.0246472213606699,0.0268020868252875
"D5","JinHua_8",0,12,5,0.048794877476852,0.0449220841630758
"D5","JinHua_90",0,12,5,0.0246472213606699,0.0264817765914513
"D5","SSR_1",0,12,5,0.0609912623333186,0.0607751517937689
"D5","SSR_101",0,12,5,0.0943130860091014,0.0938195572863021
"D5","SSR_139",0,12,5,0.0943130860091014,0.0948206613189058
"D5","SSR_143",1,12,5,0.465559193780468,0.450073953408867
"D5","SSR_15",0,12,5,0.0759926115341628,0.0715662904285834
"D5","SSR_157",0,12,5,0.143066191003766,0.152088271830611
"D5","SSR_167",0,12,5,0.0389362662942882,0.0411008520805675
"D5","SSR_173",1,12,5,0.253123446172649,0.262598224275826
"D5","SSR_18",0,12,5,0.300270017283202,0.292757026874457
"D5","SSR_181",0,12,5,0.143066191003766,0.148338674394903
"D5","SSR_19",0,12,5,0.253123446172649,0.241890262879215
"D5","SSR_2",0,12,5,0.174503091506437,0.181261654686004
"D5","SSR_24",0,12,5,0.0246472213606699,0.0223300988631508
"D5","SSR_29",0,12,5,0.048794877476852,0.0502219541048212
"D5","SSR_31",0,12,5,0.116493465695177,0.124690038620912
"D5","SSR_40",0,12,5,0.0389362662942882,0.0394095919860191
"D5","SSR_50",0,12,5,0.143066191003766,0.13385421915484
"D5","SSR_52",0,12,5,0.0759926115341628,0.0774014779897238
"D5","SSR_59",1,12,5,0.143066191003766,0.135680451519108
"D5","SSR_78",0,12,5,0.116493465695177,0.110892155836803
"D5","JinHua_1",0,13,1,0.0186978728527315,0.01869849944858
"D5","JinHua_110",0,13,1,0.0186978728527315,0.01869849944858
"D5","JinHua_117",0,13,1,0.0186978728527315,0.01869849944858
"D5","JinHua_12",0,13,1,0.214113726255791,0.214112088871265
"D5","JinHua_124",0,13,1,0.0314184477032503,0.0314192198621195
"D5","JinHua_137",0,13,1,0.109256854251719,0.109257188383057
"D5","JinHua_139",0,13,1,0.024257945711214,0.0242586501620968
"D5","JinHua_141",0,13,1,0.040604641304705,0.0406054588207625
"D5","JinHua_145",0,13,1,0.024257945711214,0.0242586501620968
"D5","JinHua_148",0,13,1,0.0523315983765699,0.0523324214995093
"D5","JinHua_151",0,13,1,0.0314184477032503,0.0314192198621195
"D5","JinHua_159",0,13,1,0.0186978728527315,0.01869849944858
"D5","JinHua_160",0,13,1,0.26225359153021,0.262250859878015
"D5","JinHua_161",0,13,1,0.040604641304705,0.0406054588207625
"D5","JinHua_162",0,13,1,0.040604641304705,0.0406054588207625
"D5","JinHua_166",0,13,1,0.014393404433923,0.0143939511478872
"D5","JinHua_183",0,13,1,0.0314184477032503,0.0314192198621195
"D5","JinHua_19",0,13,1,0.0672081407584887,0.0672089061846968
"D5","JinHua_193",0,13,1,0.024257945711214,0.0242586501620968
"D5","JinHua_195",0,13,1,0.040604641304705,0.0406054588207625
"D5","JinHua_197",0,13,1,0.0523315983765699,0.0523324214995093
"D5","JinHua_201",0,13,1,0.040604641304705,0.0406054588207625
"D5","JinHua_206",0,13,1,0.172741441911654,0.172740678425069
"D5","JinHua_217",0,13,1,0.0186978728527315,0.01869849944858
"D5","JinHua_220",0,13,1,0.109256854251719,0.109257188383057
"D5","JinHua_23",0,13,1,0.0523315983765699,0.0523324214995093
"D5","JinHua_25",1,13,1,0.26225359153021,0.262250859878015
"D5","JinHua_39",0,13,1,0.507443982859644,0.507436066871919
"D5","JinHua_46",0,13,1,0.024257945711214,0.0242586501620968
"D5","JinHua_50",0,13,1,0.109256854251719,0.109257188383057
"D5","JinHua_51",0,13,1,0.316853108193933,0.316849102265493
"D5","JinHua_60",1,13,1,0.137959991747555,0.137959878207079
"D5","JinHua_61",0,13,1,0.0859302373263683,0.0859308516671646
"D5","JinHua_62",0,13,1,0.0186978728527315,0.01869849944858
"D5","JinHua_65",0,13,1,0.137959991747555,0.137959878207079
"D5","JinHua_86",0,13,1,0.0186978728527315,0.01869849944858
"D5","JinHua_89",0,13,1,0.0314184477032503,0.0314192198621195
"D5","JinHua_92",0,13,1,0.0186978728527315,0.01869849944858
"D5","SSR_10",0,13,1,0.441213532255889,0.44120680582065
"D5","SSR_103",0,13,1,0.377010873535313,0.377005496143456
"D5","SSR_108",0,13,1,0.040604641304705,0.0406054588207625
"D5","SSR_14",1,13,1,0.109256854251719,0.109257188383057
"D5","SSR_143",1,13,1,0.507443982859644,0.507436066871919
"D5","SSR_145",0,13,1,0.316853108193933,0.316849102265493
"D5","SSR_152",0,13,1,0.040604641304705,0.0406054588207625
"D5","SSR_154",1,13,1,0.109256854251719,0.109257188383057
"D5","SSR_157",0,13,1,0.137959991747555,0.137959878207079
"D5","SSR_162",0,13,1,0.0672081407584887,0.0672089061846968
"D5","SSR_17",0,13,1,0.0314184477032503,0.0314192198621195
"D5","SSR_18",0,13,1,0.316853108193933,0.316849102265493
"D5","SSR_181",0,13,1,0.137959991747555,0.137959878207079
"D5","SSR_23",0,13,1,0.0523315983765699,0.0523324214995093
"D5","SSR_26",0,13,1,0.172741441911654,0.172740678425069
"D5","SSR_39",0,13,1,0.014393404433923,0.0143939511478872
"D5","SSR_4",0,13,1,0.0859302373263683,0.0859308516671646
"D5","SSR_40",0,13,1,0.0314184477032503,0.0314192198621195
"D5","SSR_46",0,13,1,0.0523315983765699,0.0523324214995093
"D5","SSR_69",1,13,1,0.040604641304705,0.0406054588207625
"D5","SSR_75",0,13,1,0.214113726255791,0.214112088871265
"D5","JinHua_103",0,13,2,0.336324059708862,0.336226786977291
"D5","JinHua_11",0,13,2,0.0704630441227753,0.0704783217773293
"D5","JinHua_111",0,13,2,0.133872597639276,0.133870549514662
"D5","JinHua_112",0,13,2,0.10864778332144,0.108654172010981
"D5","JinHua_114",0,13,2,0.0225983055753909,0.0226126976502446
"D5","JinHua_132",0,13,2,0.0225983055753909,0.0226126976502446
"D5","JinHua_134",0,13,2,0.0704630441227753,0.0704783217773293
"D5","JinHua_138",1,13,2,0.2855279919475,0.285456150093713
"D5","JinHua_149",0,13,2,0.0358448283461262,0.0358615634418491
"D5","JinHua_150",0,13,2,0.0225983055753909,0.0226126976502446
"D5","JinHua_157",0,13,2,0.0358448283461262,0.0358615634418491
"D5","JinHua_158",0,13,2,0.0358448283461262,0.0358615634418491
"D5","JinHua_175",0,13,2,0.0225983055753909,0.0226126976502446
"D5","JinHua_182",0,13,2,0.0564079876111713,0.0564248553077161
"D5","JinHua_204",0,13,2,0.10864778332144,0.108654172010981
"D5","JinHua_213",0,13,2,0.0876946967054449,0.0877066660095768
"D5","JinHua_215",0,13,2,0.0358448283461262,0.0358615634418491
"D5","JinHua_219",0,13,2,0.045020667807072,0.0450378896726284
"D5","JinHua_221",0,13,2,0.0358448283461262,0.0358615634418491
"D5","JinHua_222",0,13,2,0.028483373010269,0.0284990882018632
"D5","JinHua_223",0,13,2,0.028483373010269,0.0284990882018632
"D5","JinHua_24",0,13,2,0.0704630441227753,0.0704783217773293
"D5","JinHua_27",1,13,2,0.0358448283461262,0.0358615634418491
"D5","JinHua_3",0,13,2,0.028483373010269,0.0284990882018632
"D5","JinHua_30",0,13,2,0.028483373010269,0.0284990882018632
"D5","JinHua_32",1,13,2,0.336324059708862,0.336226786977291
"D5","JinHua_38",0,13,2,0.508183251683632,0.508011617918344
"D5","JinHua_43",0,13,2,0.0876946967054449,0.0877066660095768
"D5","JinHua_57",0,13,2,0.0704630441227753,0.0704783217773293
"D5","JinHua_6",0,13,2,0.0358448283461262,0.0358615634418491
"D5","JinHua_64",0,13,2,0.0876946967054449,0.0877066660095768
"D5","JinHua_70",0,13,2,0.0704630441227753,0.0704783217773293
"D5","JinHua_74",0,13,2,0.0225983055753909,0.0226126976502446
"D5","JinHua_79",0,13,2,0.0225983055753909,0.0226126976502446
"D5","JinHua_82",0,13,2,0.0704630441227753,0.0704783217773293
"D5","JinHua_9",0,13,2,0.028483373010269,0.0284990882018632
"D5","JinHua_99",0,13,2,0.0876946967054449,0.0877066660095768
"D5","SSR_1",0,13,2,0.0564079876111713,0.0564248553077161
"D5","SSR_102",0,13,2,0.0225983055753909,0.0226126976502446
"D5","SSR_105",0,13,2,0.0876946967054449,0.0877066660095768
"D5","SSR_120",0,13,2,0.0564079876111713,0.0564248553077161
"D5","SSR_13",0,13,2,0.10864778332144,0.108654172010981
"D5","SSR_158",1,13,2,0.10864778332144,0.108654172010981
"D5","SSR_161",0,13,2,0.199060982308437,0.199031500031269
"D5","SSR_170",0,13,2,0.0876946967054449,0.0877066660095768
"D5","SSR_173",1,13,2,0.239633720674844,0.239584790285033
"D5","SSR_177",0,13,2,0.0876946967054449,0.0877066660095768
"D5","SSR_19",0,13,2,0.239633720674844,0.239584790285033
"D5","SSR_34",0,13,2,0.133872597639276,0.133870549514662
"D5","SSR_38",0,13,2,0.239633720674844,0.239584790285033
"D5","SSR_47",0,13,2,0.2855279919475,0.285456150093713
"D5","SSR_48",0,13,2,0.0564079876111713,0.0564248553077161
"D5","SSR_50",0,13,2,0.133872597639276,0.133870549514662
"D5","SSR_52",0,13,2,0.0704630441227753,0.0704783217773293
"D5","SSR_57",0,13,2,0.045020667807072,0.0450378896726284
"D5","SSR_6",0,13,2,0.0564079876111713,0.0564248553077161
"D5","SSR_73",0,13,2,0.0564079876111713,0.0564248553077161
"D5","SSR_76",1,13,2,0.199060982308437,0.199031500031269
"D5","JinHua_100",0,13,3,0.0400957274373225,0.040096980634083
"D5","JinHua_113",0,13,3,0.051536493761646,0.0515377680815943
"D5","JinHua_116",0,13,3,0.134643551977977,0.134643564603616
"D5","JinHua_13",0,13,3,0.624005628113476,0.623991948365824
"D5","JinHua_131",0,13,3,0.0400957274373225,0.040096980634083
"D5","JinHua_135",0,13,3,0.0842054922765208,0.0842065016459922
"D5","JinHua_140",0,13,3,0.0660172130150509,0.0660184202734374
"D5","JinHua_144",1,13,3,0.308217051707393,0.308211539356787
"D5","JinHua_146",0,13,3,0.0842054922765208,0.0842065016459922
"D5","JinHua_147",0,13,3,0.0186223347856823,0.0186232857091318
"D5","JinHua_153",0,13,3,0.255121989011023,0.255118309437135
"D5","JinHua_16",0,13,3,0.168331324603519,0.168330431151364
"D5","JinHua_165",0,13,3,0.0240897292853216,0.0240907999484431
"D5","JinHua_17",0,13,3,0.0143775366185465,0.014378365941741
"D5","JinHua_173",1,13,3,0.683433462654238,0.683419443891044
"D5","JinHua_176",0,13,3,0.106831615804587,0.106832245447357
"D5","JinHua_18",0,13,3,0.106831615804587,0.106832245447357
"D5","JinHua_181",0,13,3,0.051536493761646,0.0515377680815943
"D5","JinHua_199",1,13,3,0.0311114272769472,0.0311126044186578
"D5","JinHua_2",0,13,3,0.0186223347856823,0.0186232857091318
"D5","JinHua_200",0,13,3,0.0842054922765208,0.0842065016459922
"D5","JinHua_203",0,13,3,0.0660172130150509,0.0660184202734374
"D5","JinHua_33",0,13,3,0.208417754409717,0.208415630737575
"D5","JinHua_35",0,13,3,0.0842054922765208,0.0842065016459922
"D5","JinHua_44",0,13,3,0.0311114272769472,0.0311126044186578
"D5","JinHua_48",0,13,3,0.0842054922765208,0.0842065016459922
"D5","JinHua_49",0,13,3,0.051536493761646,0.0515377680815943
"D5","JinHua_5",0,13,3,0.0311114272769472,0.0311126044186578
"D5","JinHua_53",0,13,3,0.0186223347856823,0.0186232857091318
"D5","JinHua_56",0,13,3,0.0186223347856823,0.0186232857091318
"D5","JinHua_63",0,13,3,0.134643551977977,0.134643564603616
"D5","JinHua_7",0,13,3,0.051536493761646,0.0515377680815943
"D5","JinHua_72",0,13,3,0.208417754409717,0.208415630737575
"D5","JinHua_76",0,13,3,0.0186223347856823,0.0186232857091318
"D5","JinHua_8",0,13,3,0.0400957274373225,0.040096980634083
"D5","JinHua_90",0,13,3,0.0186223347856823,0.0186232857091318
"D5","JinHua_97",0,13,3,0.0660172130150509,0.0660184202734374
"D5","SSR_101",0,13,3,0.0842054922765208,0.0842065016459922
"D5","SSR_12",0,13,3,0.051536493761646,0.0515377680815943
"D5","SSR_124",0,13,3,0.106831615804587,0.106832245447357
"D5","SSR_130",0,13,3,0.0660172130150509,0.0660184202734374
"D5","SSR_134",0,13,3,0.106831615804587,0.106832245447357
"D5","SSR_159",0,13,3,0.0311114272769472,0.0311126044186578
"D5","SSR_164",0,13,3,0.0660172130150509,0.0660184202734374
"D5","SSR_169",0,13,3,0.0660172130150509,0.0660184202734374
"D5","SSR_20",0,13,3,0.0186223347856823,0.0186232857091318
"D5","SSR_21",0,13,3,0.0186223347856823,0.0186232857091318
"D5","SSR_24",0,13,3,0.0186223347856823,0.0186232857091318
"D5","SSR_32",0,13,3,0.255121989011023,0.255118309437135
"D5","SSR_36",1,13,3,0.0842054922765208,0.0842065016459922
"D5","SSR_37",0,13,3,0.051536493761646,0.0515377680815943
"D5","SSR_44",1,13,3,0.051536493761646,0.0515377680815943
"D5","SSR_54",0,13,3,0.134643551977977,0.134643564603616
"D5","SSR_59",1,13,3,0.134643551977977,0.134643564603616
"D5","SSR_62",0,13,3,0.0842054922765208,0.0842065016459922
"D5","SSR_70",0,13,3,0.0660172130150509,0.0660184202734374
"D5","SSR_77",0,13,3,0.0660172130150509,0.0660184202734374
"D5","SSR_9",0,13,3,0.208417754409717,0.208415630737575
"D5","JinHua_106",0,13,4,0.0325160843920359,0.0343982465620659
"D5","JinHua_108",0,13,4,0.0668716776332218,0.0667967178191845
"D5","JinHua_121",1,13,4,0.0668716776332218,0.0662487240596027
"D5","JinHua_122",0,13,4,0.106122999418808,0.104562618858815
"D5","JinHua_123",1,13,4,0.0668716776332218,0.0684677918413327
"D5","JinHua_126",0,13,4,0.0668716776332218,0.0666843834981493
"D5","JinHua_129",0,13,4,0.0668716776332218,0.063883536481255
"D5","JinHua_136",0,13,4,0.0844497709238365,0.08903237292888
"D5","JinHua_14",0,13,4,0.0668716776332218,0.0644733799262833
"D5","JinHua_15",0,13,4,0.106122999418808,0.10736213330216
"D5","JinHua_152",0,13,4,0.0668716776332218,0.0670632811321506
"D5","JinHua_155",0,13,4,0.0527416642842339,0.0519617547241259
"D5","JinHua_169",0,13,4,0.0198838791541939,0.0196749369153619
"D5","JinHua_170",1,13,4,0.295467659242568,0.290469324988867
"D5","JinHua_171",0,13,4,0.106122999418808,0.104803357492298
"D5","JinHua_172",0,13,4,0.0198838791541939,0.0204401923642086
"D5","JinHua_180",0,13,4,0.0844497709238365,0.0848875247730845
"D5","JinHua_189",0,13,4,0.0527416642842339,0.0537235165697402
"D5","JinHua_190",0,13,4,0.106122999418808,0.102237463463822
"D5","JinHua_194",0,13,4,0.0668716776332218,0.0696155045626799
"D5","JinHua_205",0,13,4,0.0527416642842339,0.0524216526659774
"D5","JinHua_207",0,13,4,0.132553157312202,0.135859511697623
"D5","JinHua_210",0,13,4,0.0254474515961343,0.0250898271235795
"D5","JinHua_218",0,13,4,0.0325160843920359,0.0317442660879953
"D5","JinHua_22",0,13,4,0.106122999418808,0.107862809770857
"D5","JinHua_224",0,13,4,0.106122999418808,0.104404923980018
"D5","JinHua_31",0,13,4,0.202010999371473,0.211882574180928
"D5","JinHua_34",0,13,4,0.0668716776332218,0.0643441439475647
"D5","JinHua_4",0,13,4,0.0668716776332218,0.0645724855094853
"D5","JinHua_45",0,13,4,0.0668716776332218,0.0611309858666065
"D5","JinHua_54",0,13,4,0.0198838791541939,0.0213763601608629
"D5","JinHua_66",0,13,4,0.0198838791541939,0.0206422243750925
"D5","JinHua_67",0,13,4,0.202010999371473,0.203513355553896
"D5","JinHua_68",0,13,4,0.0668716776332218,0.0644188118601719
"D5","JinHua_69",0,13,4,0.0254474515961343,0.0250860989872527
"D5","JinHua_73",0,13,4,0.0198838791541939,0.0208249916666104
"D5","JinHua_75",0,13,4,0.132553157312202,0.126609476623678
"D5","JinHua_77",0,13,4,0.132553157312202,0.129880066677823
"D5","JinHua_84",1,13,4,0.409948801256894,0.40669929139027
"D5","JinHua_87",0,13,4,0.106122999418808,0.107358047018895
"D5","JinHua_91",1,13,4,0.0668716776332218,0.0658915775353326
"D5","SSR_117",0,13,4,0.0325160843920359,0.0318012820948946
"D5","SSR_131",0,13,4,0.202010999371473,0.196200554823611
"D5","SSR_15",0,13,4,0.0668716776332218,0.0643236517649712
"D5","SSR_182",0,13,4,0.472084527964113,0.474705070870635
"D5","SSR_25",0,13,4,0.0325160843920359,0.0312259201247491
"D5","SSR_3",0,13,4,0.0668716776332218,0.0661883948674902
"D5","SSR_33",0,13,4,0.0325160843920359,0.032878327651346
"D5","SSR_35",1,13,4,0.0668716776332218,0.0635052027400821
"D5","SSR_51",0,13,4,0.202010999371473,0.19417359490634
"D5","SSR_61",0,13,4,0.0668716776332218,0.0648277917339471
"D5","SSR_64",0,13,4,0.0527416642842339,0.0536350339076059
"D5","SSR_67",0,13,4,0.0254474515961343,0.0256439568671635
"D5","SSR_78",0,13,4,0.106122999418808,0.104116009706854
"D5","SSR_79",0,13,4,0.132553157312202,0.139233592788119
"D5","SSR_8",0,13,4,0.202010999371473,0.186908093726504
"D5","SSR_90",0,13,4,0.0325160843920359,0.0323880868824574
"D5","SSR_94",0,13,4,0.0414646565367014,0.0413126266860878
"D5","JinHua_10",1,13,5,0.0936308352687848,0.0936358950294365
"D5","JinHua_101",0,13,5,0.0771308528310792,0.0771375789852793
"D5","JinHua_102",0,13,5,0.0345704871711696,0.0345782966245398
"D5","JinHua_104",0,13,5,0.0771308528310792,0.0771375789852793
"D5","JinHua_105",0,13,5,0.194270233179927,0.194257734058615
"D5","JinHua_107",0,13,5,0.02815503984366,0.0281623966357379
"D5","JinHua_119",0,13,5,0.0771308528310792,0.0771375789852793
"D5","JinHua_120",0,13,5,0.194270233179927,0.194257734058615
"D5","JinHua_128",0,13,5,0.02815503984366,0.0281623966357379
"D5","JinHua_143",0,13,5,0.136308776809166,0.136307585804761
"D5","JinHua_156",1,13,5,0.0771308528310792,0.0771375789852793
"D5","JinHua_163",0,13,5,0.0771308528310792,0.0771375789852793
"D5","JinHua_174",0,13,5,0.0633353762449824,0.0633430506839019
"D5","JinHua_179",1,13,5,0.46229290951294,0.462221055127459
"D5","JinHua_184",0,13,5,0.0633353762449824,0.0633430506839019
"D5","JinHua_185",0,13,5,0.02815503984366,0.0281623966357379
"D5","JinHua_188",0,13,5,0.0423840141045376,0.0423920956120177
"D5","JinHua_191",0,13,5,0.0771308528310792,0.0771375789852793
"D5","JinHua_192",0,13,5,0.0771308528310792,0.0771375789852793
"D5","JinHua_198",0,13,5,0.0771308528310792,0.0771375789852793
"D5","JinHua_208",0,13,5,0.0345704871711696,0.0345782966245398
"D5","JinHua_211",0,13,5,0.136308776809166,0.136307585804761
"D5","JinHua_214",0,13,5,0.113227463719151,0.113229949013128
"D5","JinHua_225",1,13,5,0.51519079542966,0.515109886485955
"D5","JinHua_26",0,13,5,0.0518686533572806,0.0518767303075129
"D5","JinHua_37",0,13,5,0.0936308352687848,0.0936358950294365
"D5","JinHua_42",0,13,5,0.0518686533572806,0.0518767303075129
"D5","JinHua_59",0,13,5,0.136308776809166,0.136307585804761
"D5","JinHua_78",0,13,5,0.0345704871711696,0.0345782966245398
"D5","JinHua_83",1,13,5,0.163229120785405,0.16322297657588
"D5","JinHua_88",0,13,5,0.113227463719151,0.113229949013128
"D5","JinHua_95",0,13,5,0.0423840141045376,0.0423920956120177
"D5","JinHua_96",0,13,5,0.163229120785405,0.16322297657588
"D5","SSR_106",0,13,5,0.0518686533572806,0.0518767303075129
"D5","SSR_125",0,13,5,0.0518686533572806,0.0518767303075129
"D5","SSR_139",0,13,5,0.0936308352687848,0.0936358950294365
"D5","SSR_150",0,13,5,0.0936308352687848,0.0936358950294365
"D5","SSR_151",0,13,5,0.0771308528310792,0.0771375789852793
"D5","SSR_167",0,13,5,0.0423840141045376,0.0423920956120177
"D5","SSR_171",0,13,5,0.0936308352687848,0.0936358950294365
"D5","SSR_172",0,13,5,0.0771308528310792,0.0771375789852793
"D5","SSR_174",0,13,5,0.113227463719151,0.113229949013128
"D5","SSR_179",0,13,5,0.0518686533572806,0.0518767303075129
"D5","SSR_2",0,13,5,0.163229120785405,0.16322297657588
"D5","SSR_22",0,13,5,0.0771308528310792,0.0771375789852793
"D5","SSR_27",0,13,5,0.0936308352687848,0.0936358950294365
"D5","SSR_28",0,13,5,0.0423840141045376,0.0423920956120177
"D5","SSR_29",0,13,5,0.0518686533572806,0.0518767303075129
"D5","SSR_30",0,13,5,0.0423840141045376,0.0423920956120177
"D5","SSR_31",0,13,5,0.113227463719151,0.113229949013128
"D5","SSR_42",0,13,5,0.0633353762449824,0.0633430506839019
"D5","SSR_43",0,13,5,0.0345704871711696,0.0345782966245398
"D5","SSR_5",0,13,5,0.113227463719151,0.113229949013128
"D5","SSR_56",0,13,5,0.0771308528310792,0.0771375789852793
"D5","SSR_60",0,13,5,0.0518686533572806,0.0518767303075129
"D5","SSR_81",0,13,5,0.0633353762449824,0.0633430506839019
"D5","SSR_95",0,13,5,0.0936308352687848,0.0936358950294365
"D5","JinHua_10",1,14,1,0.0789047968547424,0.0331501564831526
"D5","JinHua_105",0,14,1,0.224336241419648,0.274428510270554
"D5","JinHua_11",0,14,1,0.0594399776650348,0.0117708338436954
"D5","JinHua_12",0,14,1,0.224336241419648,0.165377428795374
"D5","JinHua_132",0,14,1,0.0136207874614893,0.0198106012986368
"D5","JinHua_137",0,14,1,0.104038696386703,0.133406135594061
"D5","JinHua_14",0,14,1,0.0594399776650348,0.015062753818319
"D5","JinHua_141",0,14,1,0.0332500833703118,0.0327853908726041
"D5","JinHua_147",0,14,1,0.0136207874614893,0.0167064918884384
"D5","JinHua_150",0,14,1,0.0136207874614893,0.0190680962189308
"D5","JinHua_166",0,14,1,0.010084391870266,0.0119955980173924
"D5","JinHua_176",0,14,1,0.104038696386703,0.080281762372432
"D5","JinHua_180",0,14,1,0.0789047968547424,0.0529381583785717
"D5","JinHua_184",0,14,1,0.0445446700244997,0.0270696040129188
"D5","JinHua_188",0,14,1,0.0247451422149638,0.0198199396433679
"D5","JinHua_199",1,14,1,0.0247451422149638,0.0266225696946682
"D5","JinHua_200",0,14,1,0.0789047968547424,0.183271604005318
"D5","JinHua_203",0,14,1,0.0594399776650348,0.0605031104458666
"D5","JinHua_204",0,14,1,0.104038696386703,0.140326564347473
"D5","JinHua_22",0,14,1,0.104038696386703,0.195192754554076
"D5","JinHua_24",0,14,1,0.0594399776650348,0.0484088502776518
"D5","JinHua_25",1,14,1,0.281630919855884,0.274131155006711
"D5","JinHua_35",0,14,1,0.0789047968547424,0.183710854901239
"D5","JinHua_38",0,14,1,0.642113518543684,0.616617883774638
"D5","JinHua_46",0,14,1,0.0183743077155461,0.0152756448338529
"D5","JinHua_5",0,14,1,0.0247451422149638,0.00952591616096462
"D5","JinHua_53",0,14,1,0.0136207874614893,0.0220658804504932
"D5","JinHua_6",0,14,1,0.0247451422149638,0.00584900153646539
"D5","JinHua_62",0,14,1,0.0136207874614893,0.0147300568215341
"D5","JinHua_64",0,14,1,0.0789047968547424,0.0833877420490308
"D5","JinHua_65",0,14,1,0.135996549366866,0.159994225138235
"D5","JinHua_68",0,14,1,0.0594399776650348,0.0827219234591603
"D5","JinHua_7",0,14,1,0.0445446700244997,0.012821500401723
"D5","JinHua_76",0,14,1,0.0136207874614893,0.0185330480640674
"D5","JinHua_77",0,14,1,0.135996549366866,0.12626500505332
"D5","JinHua_8",0,14,1,0.0332500833703118,0.00623761671124369
"D5","JinHua_88",0,14,1,0.104038696386703,0.120017410600879
"D5","JinHua_92",0,14,1,0.0136207874614893,0.012977505034677
"D5","SSR_10",0,14,1,0.494044065447008,0.189225078305088
"D5","SSR_105",0,14,1,0.0789047968547424,0.0851802062600378
"D5","SSR_134",0,14,1,0.104038696386703,0.0661797849750925
"D5","SSR_14",1,14,1,0.104038696386703,0.0433434604624429
"D5","SSR_151",0,14,1,0.0594399776650348,0.0689744722881636
"D5","SSR_161",0,14,1,0.224336241419648,0.246480178064824
"D5","SSR_177",0,14,1,0.0789047968547424,0.0670076265725692
"D5","SSR_18",0,14,1,0.34701209011012,0.189553863373172
"D5","SSR_182",0,14,1,0.569635019599099,0.486604563612268
"D5","SSR_22",0,14,1,0.0594399776650348,0.020091490883893
"D5","SSR_26",0,14,1,0.175844349064017,0.0450992459733216
"D5","SSR_29",0,14,1,0.0332500833703118,0.0231864995227505
"D5","SSR_36",1,14,1,0.0789047968547424,0.0548359506932455
"D5","SSR_44",1,14,1,0.0445446700244997,0.0473235276029207
"D5","SSR_6",0,14,1,0.0445446700244997,0.0274346218990561
"D5","SSR_64",0,14,1,0.0445446700244997,0.118643754022671
"D5","SSR_75",0,14,1,0.224336241419648,0.154951868429403
"D5","SSR_79",0,14,1,0.135996549366866,0.136786876354582
"D5","SSR_81",0,14,1,0.0445446700244997,0.0558254996690952
"D5","SSR_90",0,14,1,0.0247451422149638,0.0209949078023619
"D5","SSR_95",0,14,1,0.0789047968547424,0.0797066924432946
"D5","JinHua_102",0,14,2,0.0281232641349424,0.0281376845902577
"D5","JinHua_111",0,14,2,0.134376132793701,0.134374049924577
"D5","JinHua_126",0,14,2,0.0702580419771907,0.0702721413234796
"D5","JinHua_128",0,14,2,0.0222566422756912,0.0222698198383504
"D5","JinHua_129",0,14,2,0.0702580419771907,0.0702721413234796
"D5","JinHua_131",0,14,2,0.0446730991929755,0.0446889627165052
"D5","JinHua_135",0,14,2,0.0876431755318363,0.0876542040140269
"D5","JinHua_144",1,14,2,0.288453245816574,0.288385611524421
"D5","JinHua_146",0,14,2,0.0876431755318363,0.0876542040140269
"D5","JinHua_158",0,14,2,0.0354801523774605,0.0354955399554203
"D5","JinHua_159",0,14,2,0.0222566422756912,0.0222698198383504
"D5","JinHua_160",0,14,2,0.241791432278722,0.241745302997816
"D5","JinHua_179",1,14,2,0.514244000628699,0.514083832039381
"D5","JinHua_183",0,14,2,0.0354801523774605,0.0354955399554203
"D5","JinHua_190",0,14,2,0.108826667434278,0.108832486932377
"D5","JinHua_208",0,14,2,0.0281232641349424,0.0281376845902577
"D5","JinHua_214",0,14,2,0.108826667434278,0.108832486932377
"D5","JinHua_219",0,14,2,0.0446730991929755,0.0446889627165052
"D5","JinHua_220",0,14,2,0.108826667434278,0.108832486932377
"D5","JinHua_222",0,14,2,0.0281232641349424,0.0281376845902577
"D5","JinHua_225",1,14,2,0.573700738556895,0.573524860450295
"D5","JinHua_26",0,14,2,0.0446730991929755,0.0446889627165052
"D5","JinHua_27",1,14,2,0.0354801523774605,0.0354955399554203
"D5","JinHua_31",0,14,2,0.200550403388718,0.200522551168893
"D5","JinHua_33",0,14,2,0.200550403388718,0.200522551168893
"D5","JinHua_34",0,14,2,0.0702580419771907,0.0702721413234796
"D5","JinHua_45",0,14,2,0.0702580419771907,0.0702721413234796
"D5","JinHua_48",0,14,2,0.0876431755318363,0.0876542040140269
"D5","JinHua_51",0,14,2,0.288453245816574,0.288385611524421
"D5","JinHua_54",0,14,2,0.0222566422756912,0.0222698198383504
"D5","JinHua_56",0,14,2,0.0222566422756912,0.0222698198383504
"D5","JinHua_59",0,14,2,0.134376132793701,0.134374049924577
"D5","JinHua_66",0,14,2,0.0222566422756912,0.0222698198383504
"D5","JinHua_73",0,14,2,0.0222566422756912,0.0222698198383504
"D5","JinHua_89",0,14,2,0.0354801523774605,0.0354955399554203
"D5","JinHua_97",0,14,2,0.0702580419771907,0.0702721413234796
"D5","JinHua_99",0,14,2,0.0876431755318363,0.0876542040140269
"D5","SSR_117",0,14,2,0.0354801523774605,0.0354955399554203
"D5","SSR_120",0,14,2,0.0561093853742201,0.0561249439129176
"D5","SSR_124",0,14,2,0.108826667434278,0.108832486932377
"D5","SSR_145",0,14,2,0.288453245816574,0.288385611524421
"D5","SSR_157",0,14,2,0.134376132793701,0.134374049924577
"D5","SSR_158",1,14,2,0.108826667434278,0.108832486932377
"D5","SSR_159",0,14,2,0.0354801523774605,0.0354955399554203
"D5","SSR_167",0,14,2,0.0354801523774605,0.0354955399554203
"D5","SSR_17",0,14,2,0.0354801523774605,0.0354955399554203
"D5","SSR_172",0,14,2,0.0702580419771907,0.0702721413234796
"D5","SSR_20",0,14,2,0.0222566422756912,0.0222698198383504
"D5","SSR_21",0,14,2,0.0222566422756912,0.0222698198383504
"D5","SSR_24",0,14,2,0.0222566422756912,0.0222698198383504
"D5","SSR_30",0,14,2,0.0354801523774605,0.0354955399554203
"D5","SSR_46",0,14,2,0.0561093853742201,0.0561249439129176
"D5","SSR_47",0,14,2,0.288453245816574,0.288385611524421
"D5","SSR_5",0,14,2,0.108826667434278,0.108832486932377
"D5","SSR_50",0,14,2,0.134376132793701,0.134374049924577
"D5","SSR_56",0,14,2,0.0702580419771907,0.0702721413234796
"D5","SSR_69",1,14,2,0.0446730991929755,0.0446889627165052
"D5","SSR_70",0,14,2,0.0702580419771907,0.0702721413234796
"D5","JinHua_100",0,14,3,0.0500256274749472,0.0500328902735139
"D5","JinHua_101",0,14,3,0.0737226727190282,0.0737287205552533
"D5","JinHua_104",0,14,3,0.0737226727190282,0.0737287205552533
"D5","JinHua_106",0,14,3,0.0410748216141469,0.0410821067501082
"D5","JinHua_110",0,14,3,0.0275597027369543,0.027566382113057
"D5","JinHua_114",0,14,3,0.0275597027369543,0.027566382113057
"D5","JinHua_122",0,14,3,0.107376167363247,0.10737849696296
"D5","JinHua_124",0,14,3,0.0410748216141469,0.0410821067501082
"D5","JinHua_140",0,14,3,0.0737226727190282,0.0737287205552533
"D5","JinHua_145",0,14,3,0.0336687727878066,0.0336758359748134
"D5","JinHua_148",0,14,3,0.0608032676425461,0.0608101600761609
"D5","JinHua_149",0,14,3,0.0410748216141469,0.0410821067501082
"D5","JinHua_151",0,14,3,0.0410748216141469,0.0410821067501082
"D5","JinHua_156",1,14,3,0.0737226727190282,0.0737287205552533
"D5","JinHua_16",0,14,3,0.153840606334763,0.153835405939668
"D5","JinHua_162",0,14,3,0.0500256274749472,0.0500328902735139
"D5","JinHua_165",0,14,3,0.0336687727878066,0.0336758359748134
"D5","JinHua_170",1,14,3,0.252516380846136,0.252490648515806
"D5","JinHua_182",0,14,3,0.0608032676425461,0.0608101600761609
"D5","JinHua_191",0,14,3,0.0737226727190282,0.0737287205552533
"D5","JinHua_192",0,14,3,0.0737226727190282,0.0737287205552533
"D5","JinHua_193",0,14,3,0.0336687727878066,0.0336758359748134
"D5","JinHua_194",0,14,3,0.0737226727190282,0.0737287205552533
"D5","JinHua_201",0,14,3,0.0500256274749472,0.0500328902735139
"D5","JinHua_210",0,14,3,0.0336687727878066,0.0336758359748134
"D5","JinHua_211",0,14,3,0.128833880616598,0.128833002659104
"D5","JinHua_213",0,14,3,0.0891266765123555,0.0891312580286649
"D5","JinHua_215",0,14,3,0.0410748216141469,0.0410821067501082
"D5","JinHua_221",0,14,3,0.0410748216141469,0.0410821067501082
"D5","JinHua_223",0,14,3,0.0336687727878066,0.0336758359748134
"D5","JinHua_32",1,14,3,0.293443485615326,0.293408559019672
"D5","JinHua_37",0,14,3,0.0891266765123555,0.0891312580286649
"D5","JinHua_50",0,14,3,0.107376167363247,0.10737849696296
"D5","JinHua_61",0,14,3,0.0891266765123555,0.0891312580286649
"D5","JinHua_74",0,14,3,0.0275597027369543,0.027566382113057
"D5","JinHua_79",0,14,3,0.0275597027369543,0.027566382113057
"D5","JinHua_87",0,14,3,0.107376167363247,0.10737849696296
"D5","JinHua_9",0,14,3,0.0336687727878066,0.0336758359748134
"D5","JinHua_90",0,14,3,0.0275597027369543,0.027566382113057
"D5","JinHua_96",0,14,3,0.153840606334763,0.153835405939668
"D5","SSR_1",0,14,3,0.0608032676425461,0.0608101600761609
"D5","SSR_106",0,14,3,0.0500256274749472,0.0500328902735139
"D5","SSR_125",0,14,3,0.0500256274749472,0.0500328902735139
"D5","SSR_13",0,14,3,0.107376167363247,0.10737849696296
"D5","SSR_139",0,14,3,0.0891266765123555,0.0891312580286649
"D5","SSR_143",1,14,3,0.385638804112417,0.385583669974872
"D5","SSR_150",0,14,3,0.0891266765123555,0.0891312580286649
"D5","SSR_152",0,14,3,0.0500256274749472,0.0500328902735139
"D5","SSR_32",0,14,3,0.215556005803845,0.215538386011023
"D5","SSR_34",0,14,3,0.128833880616598,0.128833002659104
"D5","SSR_35",1,14,3,0.0737226727190282,0.0737287205552533
"D5","SSR_4",0,14,3,0.0891266765123555,0.0891312580286649
"D5","SSR_48",0,14,3,0.0608032676425461,0.0608101600761609
"D5","SSR_51",0,14,3,0.182683306443881,0.182672544719158
"D5","SSR_61",0,14,3,0.0737226727190282,0.0737287205552533
"D5","SSR_67",0,14,3,0.0336687727878066,0.0336758359748134
"D5","SSR_76",1,14,3,0.182683306443881,0.182672544719158
"D5","SSR_78",0,14,3,0.107376167363247,0.10737849696296
"D5","JinHua_107",0,14,4,0.0254503148001574,0.0254595570636152
"D5","JinHua_108",0,14,4,0.0762279391400397,0.0762364881600822
"D5","JinHua_112",0,14,4,0.115624562053032,0.115626702456631
"D5","JinHua_116",0,14,4,0.141312507321038,0.141308951773542
"D5","JinHua_117",0,14,4,0.0254503148001574,0.0254595570636152
"D5","JinHua_120",0,14,4,0.206815754048153,0.206794467147256
"D5","JinHua_13",0,14,4,0.566230243462271,0.566112000255065
"D5","JinHua_139",0,14,4,0.0318254726149176,0.0318354060482518
"D5","JinHua_15",0,14,4,0.115624562053032,0.115626702456631
"D5","JinHua_152",0,14,4,0.0762279391400397,0.0762364881600822
"D5","JinHua_153",0,14,4,0.247102624347831,0.247069137644262
"D5","JinHua_155",0,14,4,0.0615234584055754,0.0615333689285587
"D5","JinHua_157",0,14,4,0.0397324634979398,0.0397428464382457
"D5","JinHua_161",0,14,4,0.0495034890579161,0.049513929547654
"D5","JinHua_169",0,14,4,0.0254503148001574,0.0254595570636152
"D5","JinHua_173",1,14,4,0.621657381742179,0.62153233267881
"D5","JinHua_175",0,14,4,0.0254503148001574,0.0254595570636152
"D5","JinHua_185",0,14,4,0.0254503148001574,0.0254595570636152
"D5","JinHua_198",0,14,4,0.0762279391400397,0.0762364881600822
"D5","JinHua_2",0,14,4,0.0254503148001574,0.0254595570636152
"D5","JinHua_206",0,14,4,0.17160010088671,0.171588794934689
"D5","JinHua_207",0,14,4,0.141312507321038,0.141308951773542
"D5","JinHua_23",0,14,4,0.0615234584055754,0.0615333689285587
"D5","JinHua_3",0,14,4,0.0318254726149176,0.0318354060482518
"D5","JinHua_42",0,14,4,0.0495034890579161,0.049513929547654
"D5","JinHua_43",0,14,4,0.0940945097289166,0.0941005760911933
"D5","JinHua_57",0,14,4,0.0762279391400397,0.0762364881600822
"D5","JinHua_60",1,14,4,0.141312507321038,0.141308951773542
"D5","JinHua_67",0,14,4,0.206815754048153,0.206794467147256
"D5","JinHua_70",0,14,4,0.0762279391400397,0.0762364881600822
"D5","JinHua_78",0,14,4,0.0318254726149176,0.0318354060482518
"D5","JinHua_82",0,14,4,0.0762279391400397,0.0762364881600822
"D5","JinHua_83",1,14,4,0.17160010088671,0.171588794934689
"D5","JinHua_84",1,14,4,0.395603224426003,0.395524155506218
"D5","SSR_102",0,14,4,0.0254503148001574,0.0254595570636152
"D5","SSR_103",0,14,4,0.342106457113764,0.342043334647152
"D5","SSR_108",0,14,4,0.0495034890579161,0.049513929547654
"D5","SSR_12",0,14,4,0.0615234584055754,0.0615333689285587
"D5","SSR_131",0,14,4,0.206815754048153,0.206794467147256
"D5","SSR_154",1,14,4,0.115624562053032,0.115626702456631
"D5","SSR_169",0,14,4,0.0762279391400397,0.0762364881600822
"D5","SSR_170",0,14,4,0.0940945097289166,0.0941005760911933
"D5","SSR_171",0,14,4,0.0940945097289166,0.0941005760911933
"D5","SSR_173",1,14,4,0.247102624347831,0.247069137644262
"D5","SSR_174",0,14,4,0.115624562053032,0.115626702456631
"D5","SSR_19",0,14,4,0.247102624347831,0.247069137644262
"D5","SSR_28",0,14,4,0.0397324634979398,0.0397428464382457
"D5","SSR_3",0,14,4,0.0762279391400397,0.0762364881600822
"D5","SSR_31",0,14,4,0.115624562053032,0.115626702456631
"D5","SSR_37",0,14,4,0.0615234584055754,0.0615333689285587
"D5","SSR_38",0,14,4,0.247102624347831,0.247069137644262
"D5","SSR_54",0,14,4,0.141312507321038,0.141308951773542
"D5","SSR_57",0,14,4,0.0495034890579161,0.049513929547654
"D5","SSR_60",0,14,4,0.0495034890579161,0.049513929547654
"D5","SSR_62",0,14,4,0.0940945097289166,0.0941005760911933
"D5","SSR_8",0,14,4,0.206815754048153,0.206794467147256
"D5","SSR_9",0,14,4,0.206815754048153,0.206794467147256
"D5","SSR_94",0,14,4,0.0495034890579161,0.049513929547654
"D5","JinHua_1",0,14,5,0.0199516097553364,0.019952467003435
"D5","JinHua_103",0,14,5,0.3530502726936,0.353044345074858
"D5","JinHua_113",0,14,5,0.0530302453472724,0.0530313685131327
"D5","JinHua_119",0,14,5,0.067268023969431,0.0672690904154713
"D5","JinHua_121",1,14,5,0.067268023969431,0.0672690904154713
"D5","JinHua_123",1,14,5,0.067268023969431,0.0672690904154713
"D5","JinHua_134",0,14,5,0.067268023969431,0.0672690904154713
"D5","JinHua_136",0,14,5,0.0849853609935015,0.0849862652454739
"D5","JinHua_138",1,14,5,0.297625662938919,0.297621360066982
"D5","JinHua_143",0,14,5,0.133481871584117,0.13348197463928
"D5","JinHua_163",0,14,5,0.067268023969431,0.0672690904154713
"D5","JinHua_17",0,14,5,0.0155616156402725,0.0155623695098395
"D5","JinHua_171",0,14,5,0.106834670366205,0.10683526766779
"D5","JinHua_172",0,14,5,0.0199516097553364,0.019952467003435
"D5","JinHua_174",0,14,5,0.0530302453472724,0.0530313685131327
"D5","JinHua_18",0,14,5,0.106834670366205,0.10683526766779
"D5","JinHua_181",0,14,5,0.0530302453472724,0.0530313685131327
"D5","JinHua_189",0,14,5,0.0530302453472724,0.0530313685131327
"D5","JinHua_19",0,14,5,0.067268023969431,0.0672690904154713
"D5","JinHua_195",0,14,5,0.0416713640944011,0.0416724716701607
"D5","JinHua_197",0,14,5,0.0530302453472724,0.0530313685131327
"D5","JinHua_205",0,14,5,0.0530302453472724,0.0530313685131327
"D5","JinHua_217",0,14,5,0.0199516097553364,0.019952467003435
"D5","JinHua_218",0,14,5,0.0326615961710478,0.0326626420657135
"D5","JinHua_224",0,14,5,0.106834670366205,0.10683526766779
"D5","JinHua_30",0,14,5,0.0255478992433298,0.0255488570165357
"D5","JinHua_39",0,14,5,0.47509202559594,0.475082875984719
"D5","JinHua_4",0,14,5,0.067268023969431,0.0672690904154713
"D5","JinHua_44",0,14,5,0.0326615961710478,0.0326626420657135
"D5","JinHua_49",0,14,5,0.0530302453472724,0.0530313685131327
"D5","JinHua_63",0,14,5,0.133481871584117,0.13348197463928
"D5","JinHua_69",0,14,5,0.0255478992433298,0.0255488570165357
"D5","JinHua_72",0,14,5,0.203497967465266,0.203496371516286
"D5","JinHua_75",0,14,5,0.133481871584117,0.13348197463928
"D5","JinHua_86",0,14,5,0.0199516097553364,0.019952467003435
"D5","JinHua_91",1,14,5,0.067268023969431,0.0672690904154713
"D5","JinHua_95",0,14,5,0.0326615961710478,0.0326626420657135
"D5","SSR_101",0,14,5,0.0849853609935015,0.0849862652454739
"D5","SSR_130",0,14,5,0.067268023969431,0.0672690904154713
"D5","SSR_15",0,14,5,0.067268023969431,0.0672690904154713
"D5","SSR_162",0,14,5,0.067268023969431,0.0672690904154713
"D5","SSR_164",0,14,5,0.067268023969431,0.0672690904154713
"D5","SSR_179",0,14,5,0.0416713640944011,0.0416724716701607
"D5","SSR_181",0,14,5,0.133481871584117,0.13348197463928
"D5","SSR_2",0,14,5,0.165543652627522,0.165543034089052
"D5","SSR_23",0,14,5,0.0530302453472724,0.0530313685131327
"D5","SSR_25",0,14,5,0.0326615961710478,0.0326626420657135
"D5","SSR_27",0,14,5,0.0849853609935015,0.0849862652454739
"D5","SSR_33",0,14,5,0.0326615961710478,0.0326626420657135
"D5","SSR_39",0,14,5,0.0155616156402725,0.0155623695098395
"D5","SSR_40",0,14,5,0.0326615961710478,0.0326626420657135
"D5","SSR_42",0,14,5,0.0530302453472724,0.0530313685131327
"D5","SSR_43",0,14,5,0.0255478992433298,0.0255488570165357
"D5","SSR_52",0,14,5,0.067268023969431,0.0672690904154713
"D5","SSR_59",1,14,5,0.133481871584117,0.13348197463928
"D5","SSR_73",0,14,5,0.0530302453472724,0.0530313685131327
"D5","SSR_77",0,14,5,0.067268023969431,0.0672690904154713
"D5","JinHua_103",0,15,1,0.321428937252904,0.303492480996793
"D5","JinHua_104",0,15,1,0.0686286687585344,0.053872560210687
"D5","JinHua_110",0,15,1,0.0225126705334018,0.0263161706343232
"D5","JinHua_116",0,15,1,0.128961521286237,0.140758765380916
"D5","JinHua_121",1,15,1,0.0686286687585344,0.0563465790820056
"D5","JinHua_124",0,15,1,0.0353753673836043,0.0293461731904151
"D5","JinHua_128",0,15,1,0.0225126705334018,0.0126870902620829
"D5","JinHua_132",0,15,1,0.0225126705334018,0.020754764368078
"D5","JinHua_134",0,15,1,0.0686286687585344,0.0869205106127674
"D5","JinHua_14",0,15,1,0.0686286687585344,0.0285813428119292
"D5","JinHua_144",1,15,1,0.272930557937351,0.182914930792299
"D5","JinHua_147",0,15,1,0.0225126705334018,0.024503237939508
"D5","JinHua_152",0,15,1,0.0686286687585344,0.0509344012817697
"D5","JinHua_166",0,15,1,0.0179245137731433,0.0181104288453379
"D5","JinHua_170",1,15,1,0.272930557937351,0.155954359223476
"D5","JinHua_172",0,15,1,0.0225126705334018,0.0191573735815135
"D5","JinHua_175",0,15,1,0.0225126705334018,0.0248333429348398
"D5","JinHua_18",0,15,1,0.105009343281342,0.0322697987669934
"D5","JinHua_180",0,15,1,0.0850713459720494,0.0620039943319361
"D5","JinHua_181",0,15,1,0.0551724045661035,0.0685093978631015
"D5","JinHua_188",0,15,1,0.0353753673836043,0.0317661942247575
"D5","JinHua_189",0,15,1,0.0551724045661035,0.0376170730716943
"D5","JinHua_191",0,15,1,0.0686286687585344,0.0347772887107163
"D5","JinHua_193",0,15,1,0.0282414894642942,0.0186545732845579
"D5","JinHua_198",0,15,1,0.0686286687585344,0.0566579082220465
"D5","JinHua_201",0,15,1,0.044229263368334,0.0412105914412521
"D5","JinHua_204",0,15,1,0.105009343281342,0.100318924476171
"D5","JinHua_206",0,15,1,0.15741615523055,0.109515020354707
"D5","JinHua_213",0,15,1,0.0850713459720494,0.0781598439205106
"D5","JinHua_218",0,15,1,0.0353753673836043,0.0333197894915747
"D5","JinHua_219",0,15,1,0.044229263368334,0.0483892268020813
"D5","JinHua_222",0,15,1,0.0282414894642942,0.0158245518984272
"D5","JinHua_224",0,15,1,0.105009343281342,0.0617084323408481
"D5","JinHua_26",0,15,1,0.044229263368334,0.0881028779768723
"D5","JinHua_3",0,15,1,0.0282414894642942,0.017779792687967
"D5","JinHua_43",0,15,1,0.0850713459720494,0.0679319709825253
"D5","JinHua_5",0,15,1,0.0353753673836043,0.019245404777628
"D5","JinHua_65",0,15,1,0.128961521286237,0.115139741775914
"D5","JinHua_69",0,15,1,0.0282414894642942,0.02790141083455
"D5","JinHua_76",0,15,1,0.0225126705334018,0.0363448770494165
"D5","JinHua_86",0,15,1,0.0225126705334018,0.0162205305655623
"D5","JinHua_87",0,15,1,0.105009343281342,0.123619389990887
"D5","JinHua_9",0,15,1,0.0282414894642942,0.00929713087573068
"D5","SSR_103",0,15,1,0.321428937252904,0.304932693913646
"D5","SSR_125",0,15,1,0.044229263368334,0.0821065709599586
"D5","SSR_139",0,15,1,0.0850713459720494,0.0901806243723379
"D5","SSR_14",1,15,1,0.105009343281342,0.0662331963242289
"D5","SSR_159",0,15,1,0.0353753673836043,0.0219930169387488
"D5","SSR_162",0,15,1,0.0686286687585344,0.102806270646824
"D5","SSR_164",0,15,1,0.0686286687585344,0.075891279255704
"D5","SSR_170",0,15,1,0.0850713459720494,0.0904042989862939
"D5","SSR_171",0,15,1,0.0850713459720494,0.036290128535337
"D5","SSR_174",0,15,1,0.105009343281342,0.0937162555322399
"D5","SSR_44",1,15,1,0.0551724045661035,0.0644981630804754
"D5","SSR_50",0,15,1,0.128961521286237,0.0647927972626466
"D5","SSR_75",0,15,1,0.190774064392609,0.174896748711356
"D5","SSR_76",1,15,1,0.190774064392609,0.229488514661955
"D5","SSR_81",0,15,1,0.0551724045661035,0.0865848153809655
"D5","SSR_94",0,15,1,0.044229263368334,0.0274683356597205
"D5","JinHua_10",1,15,2,0.0853888846385641,0.0853894367642942
"D5","JinHua_102",0,15,2,0.0225185664545975,0.0225191376118402
"D5","JinHua_113",0,15,2,0.0506410008054589,0.0506417037331554
"D5","JinHua_12",0,15,2,0.222389029327109,0.222387640189514
"D5","JinHua_122",0,15,2,0.10993435499034,0.10993467730792
"D5","JinHua_123",1,15,2,0.065917903331585,0.065918571109426
"D5","JinHua_126",0,15,2,0.065917903331585,0.065918571109426
"D5","JinHua_129",0,15,2,0.065917903331585,0.065918571109426
"D5","JinHua_13",0,15,2,0.669804382822441,0.669796760873507
"D5","JinHua_137",0,15,2,0.10993435499034,0.10993467730792
"D5","JinHua_145",0,15,2,0.0225185664545975,0.0225191376118402
"D5","JinHua_148",0,15,2,0.0506410008054589,0.0506417037331554
"D5","JinHua_150",0,15,2,0.0171154453604451,0.0171159453907881
"D5","JinHua_159",0,15,2,0.0171154453604451,0.0171159453907881
"D5","JinHua_185",0,15,2,0.0171154453604451,0.0171159453907881
"D5","JinHua_197",0,15,2,0.0506410008054589,0.0506417037331554
"D5","JinHua_214",0,15,2,0.10993435499034,0.10993467730792
"D5","JinHua_215",0,15,2,0.0295760556667586,0.0295766920445688
"D5","JinHua_221",0,15,2,0.0295760556667586,0.0295766920445688
"D5","JinHua_23",0,15,2,0.0506410008054589,0.0506417037331554
"D5","JinHua_31",0,15,2,0.222389029327109,0.222387640189514
"D5","JinHua_32",1,15,2,0.398388445896546,0.398383805852422
"D5","JinHua_33",0,15,2,0.222389029327109,0.222387640189514
"D5","JinHua_35",0,15,2,0.0853888846385641,0.0853894367642942
"D5","JinHua_38",0,15,2,0.605259623288409,0.605252291594624
"D5","JinHua_45",0,15,2,0.065917903331585,0.065918571109426
"D5","JinHua_63",0,15,2,0.140452035929497,0.140451977788253
"D5","JinHua_66",0,15,2,0.0171154453604451,0.0171159453907881
"D5","JinHua_67",0,15,2,0.222389029327109,0.222387640189514
"D5","JinHua_68",0,15,2,0.065917903331585,0.065918571109426
"D5","JinHua_72",0,15,2,0.222389029327109,0.222387640189514
"D5","JinHua_78",0,15,2,0.0225185664545975,0.0225191376118402
"D5","JinHua_8",0,15,2,0.0387577134617965,0.0387583988418038
"D5","JinHua_84",1,15,2,0.466969866301143,0.46696410769677
"D5","JinHua_89",0,15,2,0.0295760556667586,0.0295766920445688
"D5","JinHua_91",1,15,2,0.065917903331585,0.065918571109426
"D5","JinHua_92",0,15,2,0.0171154453604451,0.0171159453907881
"D5","JinHua_95",0,15,2,0.0295760556667586,0.0295766920445688
"D5","SSR_108",0,15,2,0.0387577134617965,0.0387583988418038
"D5","SSR_169",0,15,2,0.065917903331585,0.065918571109426
"D5","SSR_177",0,15,2,0.0853888846385641,0.0853894367642942
"D5","SSR_18",0,15,2,0.333575933349994,0.333572468959381
"D5","SSR_181",0,15,2,0.140452035929497,0.140451977788253
"D5","SSR_20",0,15,2,0.0171154453604451,0.0171159453907881
"D5","SSR_26",0,15,2,0.177749570689545,0.17774894847601
"D5","SSR_27",0,15,2,0.0853888846385641,0.0853894367642942
"D5","SSR_33",0,15,2,0.0295760556667586,0.0295766920445688
"D5","SSR_36",1,15,2,0.0853888846385641,0.0853894367642942
"D5","SSR_38",0,15,2,0.274496596040665,0.274494244405556
"D5","SSR_42",0,15,2,0.0506410008054589,0.0506417037331554
"D5","SSR_46",0,15,2,0.0506410008054589,0.0506417037331554
"D5","SSR_47",0,15,2,0.333575933349994,0.333572468959381
"D5","SSR_5",0,15,2,0.10993435499034,0.10993467730792
"D5","SSR_52",0,15,2,0.065917903331585,0.065918571109426
"D5","SSR_60",0,15,2,0.0387577134617965,0.0387583988418038
"D5","SSR_61",0,15,2,0.065917903331585,0.065918571109426
"D5","SSR_62",0,15,2,0.0853888846385641,0.0853894367642942
"D5","SSR_95",0,15,2,0.0853888846385641,0.0853894367642942
"D5","JinHua_100",0,15,3,0.0340688521245282,0.0340705594842443
"D5","JinHua_107",0,15,3,0.0144899392409608,0.0144910997676958
"D5","JinHua_108",0,15,3,0.059447241976869,0.0594490475154546
"D5","JinHua_117",0,15,3,0.0144899392409608,0.0144910997676958
"D5","JinHua_120",0,15,3,0.213651775760437,0.21364897284189
"D5","JinHua_139",0,15,3,0.0193023090289083,0.0193036620075681
"D5","JinHua_155",0,15,3,0.0450862472163227,0.0450880592129234
"D5","JinHua_158",0,15,3,0.0256713204127495,0.0256728631240943
"D5","JinHua_161",0,15,3,0.0340688521245282,0.0340705594842443
"D5","JinHua_163",0,15,3,0.059447241976869,0.0594490475154546
"D5","JinHua_165",0,15,3,0.0193023090289083,0.0193036620075681
"D5","JinHua_173",1,15,3,0.736968191160608,0.736949766916801
"D5","JinHua_174",0,15,3,0.0450862472163227,0.0450880592129234
"D5","JinHua_182",0,15,3,0.0450862472163227,0.0450880592129234
"D5","JinHua_184",0,15,3,0.0450862472163227,0.0450880592129234
"D5","JinHua_19",0,15,3,0.059447241976869,0.0594490475154546
"D5","JinHua_190",0,15,3,0.101739178394863,0.101740339153708
"D5","JinHua_194",0,15,3,0.059447241976869,0.0594490475154546
"D5","JinHua_195",0,15,3,0.0340688521245282,0.0340705594842443
"D5","JinHua_199",1,15,3,0.0256713204127495,0.0256728631240943
"D5","JinHua_205",0,15,3,0.0450862472163227,0.0450880592129234
"D5","JinHua_208",0,15,3,0.0193023090289083,0.0193036620075681
"D5","JinHua_22",0,15,3,0.101739178394863,0.101740339153708
"D5","JinHua_220",0,15,3,0.101739178394863,0.101740339153708
"D5","JinHua_27",1,15,3,0.0256713204127495,0.0256728631240943
"D5","JinHua_37",0,15,3,0.0780088558751623,0.0780104739040926
"D5","JinHua_49",0,15,3,0.0450862472163227,0.0450880592129234
"D5","JinHua_51",0,15,3,0.327454258312952,0.327446269893121
"D5","JinHua_54",0,15,3,0.0144899392409608,0.0144910997676958
"D5","JinHua_88",0,15,3,0.101739178394863,0.101740339153708
"D5","JinHua_97",0,15,3,0.059447241976869,0.0594490475154546
"D5","SSR_1",0,15,3,0.0450862472163227,0.0450880592129234
"D5","SSR_10",0,15,3,0.465954949050434,0.465941047919969
"D5","SSR_105",0,15,3,0.0780088558751623,0.0780104739040926
"D5","SSR_106",0,15,3,0.0340688521245282,0.0340705594842443
"D5","SSR_120",0,15,3,0.0450862472163227,0.0450880592129234
"D5","SSR_13",0,15,3,0.101739178394863,0.101740339153708
"D5","SSR_151",0,15,3,0.059447241976869,0.0594490475154546
"D5","SSR_158",1,15,3,0.101739178394863,0.101740339153708
"D5","SSR_172",0,15,3,0.059447241976869,0.0594490475154546
"D5","SSR_182",0,15,3,0.538740695922321,0.538724379769152
"D5","SSR_19",0,15,3,0.26670849992168,0.266703321390492
"D5","SSR_2",0,15,3,0.168721211718473,0.168720245556175
"D5","SSR_21",0,15,3,0.0144899392409608,0.0144910997676958
"D5","SSR_22",0,15,3,0.059447241976869,0.0594490475154546
"D5","SSR_24",0,15,3,0.0144899392409608,0.0144910997676958
"D5","SSR_25",0,15,3,0.0256713204127495,0.0256728631240943
"D5","SSR_30",0,15,3,0.0256713204127495,0.0256728631240943
"D5","SSR_4",0,15,3,0.0780088558751623,0.0780104739040926
"D5","SSR_40",0,15,3,0.0256713204127495,0.0256728631240943
"D5","SSR_59",1,15,3,0.131657455506161,0.13165778776961
"D5","SSR_6",0,15,3,0.0450862472163227,0.0450880592129234
"D5","SSR_64",0,15,3,0.0450862472163227,0.0450880592129234
"D5","SSR_69",1,15,3,0.0340688521245282,0.0340705594842443
"D5","SSR_73",0,15,3,0.0450862472163227,0.0450880592129234
"D5","SSR_77",0,15,3,0.059447241976869,0.0594490475154546
"D5","SSR_78",0,15,3,0.101739178394863,0.101740339153708
"D5","SSR_79",0,15,3,0.131657455506161,0.13165778776961
"D5","JinHua_1",0,15,4,0.0205879917687275,0.0207078575111809
"D5","JinHua_105",0,15,4,0.198565065911366,0.200232965846589
"D5","JinHua_106",0,15,4,0.0332831967053145,0.0350124895114492
"D5","JinHua_11",0,15,4,0.0673098985477643,0.0663741945679707
"D5","JinHua_111",0,15,4,0.131395225514734,0.133207922983173
"D5","JinHua_119",0,15,4,0.0673098985477643,0.0661644555567382
"D5","JinHua_136",0,15,4,0.0845502115063163,0.0886783276535128
"D5","JinHua_140",0,15,4,0.0673098985477643,0.0659836000596215
"D5","JinHua_149",0,15,4,0.0332831967053145,0.0347048123580523
"D5","JinHua_15",0,15,4,0.105705880051667,0.106943084107516
"D5","JinHua_151",0,15,4,0.0332831967053145,0.0324643698151409
"D5","JinHua_156",1,15,4,0.0673098985477643,0.0680448635031925
"D5","JinHua_157",0,15,4,0.0332831967053145,0.0326604876999621
"D5","JinHua_162",0,15,4,0.0422024894052969,0.0447012972136723
"D5","JinHua_169",0,15,4,0.0205879917687275,0.0204304062205483
"D5","JinHua_171",0,15,4,0.105705880051667,0.104713043854097
"D5","JinHua_2",0,15,4,0.0205879917687275,0.0206369646604471
"D5","JinHua_200",0,15,4,0.0845502115063163,0.0877645059299334
"D5","JinHua_210",0,15,4,0.0261973942054777,0.0259157301419661
"D5","JinHua_211",0,15,4,0.131395225514734,0.131321154064156
"D5","JinHua_217",0,15,4,0.0205879917687275,0.0208407783080535
"D5","JinHua_223",0,15,4,0.0261973942054777,0.0256121982515766
"D5","JinHua_25",1,15,4,0.240746498765198,0.240285963375243
"D5","JinHua_39",0,15,4,0.459635973268677,0.470431778072454
"D5","JinHua_4",0,15,4,0.0673098985477643,0.0653856910032697
"D5","JinHua_42",0,15,4,0.0422024894052969,0.0415383380812867
"D5","JinHua_53",0,15,4,0.0205879917687275,0.0204070251411728
"D5","JinHua_56",0,15,4,0.0205879917687275,0.0213704522824356
"D5","JinHua_59",0,15,4,0.131395225514734,0.130019945501329
"D5","JinHua_6",0,15,4,0.0332831967053145,0.0328421465092373
"D5","JinHua_60",1,15,4,0.131395225514734,0.134749831567434
"D5","JinHua_64",0,15,4,0.0845502115063163,0.0856456703818511
"D5","JinHua_73",0,15,4,0.0205879917687275,0.0214688520750085
"D5","JinHua_75",0,15,4,0.131395225514734,0.126416242941606
"D5","JinHua_77",0,15,4,0.131395225514734,0.12926501489109
"D5","JinHua_82",0,15,4,0.0673098985477643,0.0668441643132387
"D5","JinHua_96",0,15,4,0.162195456700878,0.165809730845685
"D5","SSR_101",0,15,4,0.0845502115063163,0.0840175250950702
"D5","SSR_117",0,15,4,0.0332831967053145,0.0326942821187095
"D5","SSR_124",0,15,4,0.105705880051667,0.10596427282115
"D5","SSR_131",0,15,4,0.198565065911366,0.193816790040952
"D5","SSR_154",1,15,4,0.105705880051667,0.104796835682259
"D5","SSR_173",1,15,4,0.240746498765198,0.244507812382144
"D5","SSR_29",0,15,4,0.0422024894052969,0.0440942838805773
"D5","SSR_3",0,15,4,0.0673098985477643,0.0668113916567734
"D5","SSR_31",0,15,4,0.105705880051667,0.107222824426408
"D5","SSR_32",0,15,4,0.240746498765198,0.230497419967662
"D5","SSR_34",0,15,4,0.131395225514734,0.12940133425002
"D5","SSR_35",1,15,4,0.0673098985477643,0.064441706896011
"D5","SSR_37",0,15,4,0.05338000854137,0.0532869682507236
"D5","SSR_39",0,15,4,0.0161597466491684,0.0160980669379779
"D5","SSR_43",0,15,4,0.0261973942054777,0.0268719365812892
"D5","SSR_56",0,15,4,0.0673098985477643,0.0690130561013388
"D5","SSR_67",0,15,4,0.0261973942054777,0.0264145127901513
"D5","SSR_70",0,15,4,0.0673098985477643,0.068564832317566
"D5","SSR_8",0,15,4,0.198565065911366,0.185758056839432
"D5","SSR_9",0,15,4,0.198565065911366,0.201435247309861
"D5","SSR_90",0,15,4,0.0332831967053145,0.0332200843739697
"D5","JinHua_101",0,15,5,0.0845735605601707,0.0845752152588217
"D5","JinHua_112",0,15,5,0.118554558941442,0.118554736200431
"D5","JinHua_114",0,15,5,0.0348673561796275,0.0348697308294848
"D5","JinHua_131",0,15,5,0.0596730694397466,0.059675372825035
"D5","JinHua_135",0,15,5,0.100292474423267,0.100293515224114
"D5","JinHua_138",1,15,5,0.255927619652329,0.255918575438891
"D5","JinHua_141",0,15,5,0.0596730694397466,0.059675372825035
"D5","JinHua_143",0,15,5,0.139625898907768,0.139624920821261
"D5","JinHua_146",0,15,5,0.100292474423267,0.100293515224114
"D5","JinHua_153",0,15,5,0.221830138330525,0.221823638099877
"D5","JinHua_16",0,15,5,0.16374662795705,0.163744165898074
"D5","JinHua_160",0,15,5,0.221830138330525,0.221823638099877
"D5","JinHua_17",0,15,5,0.0290712394922506,0.0290735089998904
"D5","JinHua_176",0,15,5,0.118554558941442,0.118554736200431
"D5","JinHua_179",1,15,5,0.421629745691699,0.421608567454958
"D5","JinHua_183",0,15,5,0.0499669004096482,0.049969316084064
"D5","JinHua_192",0,15,5,0.0845735605601707,0.0845752152588217
"D5","JinHua_203",0,15,5,0.0845735605601707,0.0845752152588217
"D5","JinHua_207",0,15,5,0.139625898907768,0.139624920821261
"D5","JinHua_225",1,15,5,0.46796956004763,0.467945487989952
"D5","JinHua_24",0,15,5,0.0845735605601707,0.0845752152588217
"D5","JinHua_30",0,15,5,0.0417693669829309,0.0417717975581311
"D5","JinHua_34",0,15,5,0.0845735605601707,0.0845752152588217
"D5","JinHua_44",0,15,5,0.0499669004096482,0.049969316084064
"D5","JinHua_46",0,15,5,0.0417693669829309,0.0417717975581311
"D5","JinHua_48",0,15,5,0.100292474423267,0.100293515224114
"D5","JinHua_50",0,15,5,0.118554558941442,0.118554736200431
"D5","JinHua_57",0,15,5,0.0845735605601707,0.0845752152588217
"D5","JinHua_61",0,15,5,0.100292474423267,0.100293515224114
"D5","JinHua_62",0,15,5,0.0348673561796275,0.0348697308294848
"D5","JinHua_7",0,15,5,0.0711235286978002,0.0711255906620252
"D5","JinHua_70",0,15,5,0.0845735605601707,0.0845752152588217
"D5","JinHua_74",0,15,5,0.0348673561796275,0.0348697308294848
"D5","JinHua_79",0,15,5,0.0348673561796275,0.0348697308294848
"D5","JinHua_83",1,15,5,0.16374662795705,0.163744165898074
"D5","JinHua_90",0,15,5,0.0348673561796275,0.0348697308294848
"D5","JinHua_99",0,15,5,0.100292474423267,0.100293515224114
"D5","SSR_102",0,15,5,0.0348673561796275,0.0348697308294848
"D5","SSR_12",0,15,5,0.0711235286978002,0.0711255906620252
"D5","SSR_130",0,15,5,0.0845735605601707,0.0845752152588217
"D5","SSR_134",0,15,5,0.118554558941442,0.118554736200431
"D5","SSR_143",1,15,5,0.376630243800047,0.37661216380833
"D5","SSR_145",0,15,5,0.255927619652329,0.255918575438891
"D5","SSR_15",0,15,5,0.0845735605601707,0.0845752152588217
"D5","SSR_150",0,15,5,0.100292474423267,0.100293515224114
"D5","SSR_152",0,15,5,0.0596730694397466,0.059675372825035
"D5","SSR_157",0,15,5,0.139625898907768,0.139624920821261
"D5","SSR_161",0,15,5,0.191108706934655,0.191104406661924
"D5","SSR_167",0,15,5,0.0499669004096482,0.049969316084064
"D5","SSR_17",0,15,5,0.0499669004096482,0.049969316084064
"D5","SSR_179",0,15,5,0.0596730694397466,0.059675372825035
"D5","SSR_23",0,15,5,0.0711235286978002,0.0711255906620252
"D5","SSR_28",0,15,5,0.0499669004096482,0.049969316084064
"D5","SSR_48",0,15,5,0.0711235286978002,0.0711255906620252
"D5","SSR_51",0,15,5,0.191108706934655,0.191104406661924
"D5","SSR_54",0,15,5,0.139625898907768,0.139624920821261
"D5","SSR_57",0,15,5,0.0596730694397466,0.059675372825035
"D5","JinHua_110",0,16,1,0.0206895628860532,0.020690139544538
"D5","JinHua_122",0,16,1,0.109390287163961,0.109390590964128
"D5","JinHua_123",1,16,1,0.0691443082113637,0.0691449749492807
"D5","JinHua_146",0,16,1,0.0871893435353079,0.0871898798459077
"D5","JinHua_147",0,16,1,0.0206895628860532,0.020690139544538
"D5","JinHua_15",0,16,1,0.109390287163961,0.109390590964128
"D5","JinHua_151",0,16,1,0.0337548000473899,0.0337554921471142
"D5","JinHua_155",0,16,1,0.0546105083080238,0.0546112300342728
"D5","JinHua_16",0,16,1,0.168813467676492,0.168812889259005
"D5","JinHua_165",0,16,1,0.0264483485159487,0.0264489881272509
"D5","JinHua_170",1,16,1,0.301603576367518,0.301600420340918
"D5","JinHua_173",1,16,1,0.661301510196546,0.661293288907629
"D5","JinHua_175",0,16,1,0.0206895628860532,0.020690139544538
"D5","JinHua_18",0,16,1,0.109390287163961,0.109390590964128
"D5","JinHua_190",0,16,1,0.109390287163961,0.109390590964128
"D5","JinHua_192",0,16,1,0.0691443082113637,0.0691449749492807
"D5","JinHua_197",0,16,1,0.0546105083080238,0.0546112300342728
"D5","JinHua_204",0,16,1,0.109390287163961,0.109390590964128
"D5","JinHua_214",0,16,1,0.109390287163961,0.109390590964128
"D5","JinHua_217",0,16,1,0.0206895628860532,0.020690139544538
"D5","JinHua_219",0,16,1,0.0429905541854875,0.0429912782769182
"D5","JinHua_220",0,16,1,0.109390287163961,0.109390590964128
"D5","JinHua_23",0,16,1,0.0546105083080238,0.0546112300342728
"D5","JinHua_27",1,16,1,0.0337548000473899,0.0337554921471142
"D5","JinHua_39",0,16,1,0.478691188330729,0.478684739056032
"D5","JinHua_4",0,16,1,0.0691443082113637,0.0691449749492807
"D5","JinHua_54",0,16,1,0.0206895628860532,0.020690139544538
"D5","JinHua_56",0,16,1,0.0206895628860532,0.020690139544538
"D5","JinHua_61",0,16,1,0.0871893435353079,0.0871898798459077
"D5","JinHua_62",0,16,1,0.0206895628860532,0.020690139544538
"D5","JinHua_65",0,16,1,0.136399519266471,0.136399460136759
"D5","JinHua_66",0,16,1,0.0206895628860532,0.020690139544538
"D5","JinHua_70",0,16,1,0.0691443082113637,0.0691449749492807
"D5","JinHua_72",0,16,1,0.207083190347744,0.207081919023123
"D5","JinHua_78",0,16,1,0.0264483485159487,0.0264489881272509
"D5","JinHua_83",1,16,1,0.168813467676492,0.168812889259005
"D5","JinHua_87",0,16,1,0.109390287163961,0.109390590964128
"D5","JinHua_88",0,16,1,0.109390287163961,0.109390590964128
"D5","JinHua_89",0,16,1,0.0337548000473899,0.0337554921471142
"D5","JinHua_9",0,16,1,0.0264483485159487,0.0264489881272509
"D5","JinHua_99",0,16,1,0.0871893435353079,0.0871898798459077
"D5","SSR_134",0,16,1,0.109390287163961,0.109390590964128
"D5","SSR_151",0,16,1,0.0691443082113637,0.0691449749492807
"D5","SSR_152",0,16,1,0.0429905541854875,0.0429912782769182
"D5","SSR_161",0,16,1,0.207083190347744,0.207081919023123
"D5","SSR_181",0,16,1,0.136399519266471,0.136399460136759
"D5","SSR_182",0,16,1,0.478691188330729,0.478684739056032
"D5","SSR_19",0,16,1,0.251404507083938,0.251402368595765
"D5","SSR_23",0,16,1,0.0546105083080238,0.0546112300342728
"D5","SSR_30",0,16,1,0.0337548000473899,0.0337554921471142
"D5","SSR_37",0,16,1,0.0546105083080238,0.0546112300342728
"D5","SSR_39",0,16,1,0.0161638598089142,0.0161643699830552
"D5","SSR_56",0,16,1,0.0691443082113637,0.0691449749492807
"D5","SSR_57",0,16,1,0.0429905541854875,0.0429912782769182
"D5","SSR_59",1,16,1,0.136399519266471,0.136399460136759
"D5","SSR_6",0,16,1,0.0546105083080238,0.0546112300342728
"D5","SSR_70",0,16,1,0.0691443082113637,0.0691449749492807
"D5","SSR_79",0,16,1,0.136399519266471,0.136399460136759
"D5","SSR_95",0,16,1,0.0871893435353079,0.0871898798459077
"D5","JinHua_100",0,16,2,0.0337777510788513,0.0336115473566044
"D5","JinHua_101",0,16,2,0.0592181230205646,0.0604937206190282
"D5","JinHua_106",0,16,2,0.0253909037225772,0.0253562826904591
"D5","JinHua_128",0,16,2,0.0142625427782913,0.0138020366358241
"D5","JinHua_136",0,16,2,0.07788548894323,0.0789218186979698
"D5","JinHua_138",1,16,2,0.330238583711115,0.32634282707549
"D5","JinHua_14",0,16,2,0.0592181230205646,0.0583666235363865
"D5","JinHua_143",0,16,2,0.132007779247212,0.135505616197809
"D5","JinHua_152",0,16,2,0.0592181230205646,0.0591243249111107
"D5","JinHua_157",0,16,2,0.0253909037225772,0.0261899416771963
"D5","JinHua_158",0,16,2,0.0253909037225772,0.0257077930023453
"D5","JinHua_161",0,16,2,0.0337777510788513,0.0350889282419284
"D5","JinHua_171",0,16,2,0.101800624441218,0.105248360036904
"D5","JinHua_172",0,16,2,0.0142625427782913,0.0139693090025231
"D5","JinHua_176",0,16,2,0.101800624441218,0.0998044873974051
"D5","JinHua_183",0,16,2,0.0253909037225772,0.0259202581213185
"D5","JinHua_194",0,16,2,0.0592181230205646,0.0592939311203062
"D5","JinHua_2",0,16,2,0.0142625427782913,0.0147963975643862
"D5","JinHua_205",0,16,2,0.0448074888205931,0.0432368407398903
"D5","JinHua_210",0,16,2,0.0190454218975296,0.0195715168278875
"D5","JinHua_211",0,16,2,0.132007779247212,0.134471937886848
"D5","JinHua_213",0,16,2,0.07788548894323,0.0774681942275578
"D5","JinHua_223",0,16,2,0.0190454218975296,0.0198667141880617
"D5","JinHua_26",0,16,2,0.0337777510788513,0.0349079728433233
"D5","JinHua_3",0,16,2,0.0190454218975296,0.0193802127087756
"D5","JinHua_33",0,16,2,0.214971588243737,0.22489217196702
"D5","JinHua_38",0,16,2,0.615172974433655,0.610616038798625
"D5","JinHua_46",0,16,2,0.0190454218975296,0.0189492253360364
"D5","JinHua_48",0,16,2,0.07788548894323,0.0763319978590559
"D5","JinHua_5",0,16,2,0.0253909037225772,0.0247422119945564
"D5","JinHua_50",0,16,2,0.101800624441218,0.0978736197296142
"D5","JinHua_51",0,16,2,0.330238583711115,0.32517235148605
"D5","JinHua_73",0,16,2,0.0142625427782913,0.0142892931678486
"D5","JinHua_79",0,16,2,0.0142625427782913,0.0149721967470884
"D5","JinHua_82",0,16,2,0.0592181230205646,0.0617378604989182
"D5","JinHua_91",1,16,2,0.0592181230205646,0.0599499775680487
"D5","SSR_10",0,16,2,0.470285476191506,0.455276134161954
"D5","SSR_101",0,16,2,0.07788548894323,0.0776217198781938
"D5","SSR_108",0,16,2,0.0337777510788513,0.0346599484729032
"D5","SSR_139",0,16,2,0.07788548894323,0.0778636260530921
"D5","SSR_14",1,16,2,0.101800624441218,0.0946533110240918
"D5","SSR_159",0,16,2,0.0253909037225772,0.0259493689934511
"D5","SSR_170",0,16,2,0.07788548894323,0.0777609411948325
"D5","SSR_171",0,16,2,0.07788548894323,0.0736693893577931
"D5","SSR_172",0,16,2,0.0592181230205646,0.0588028551908139
"D5","SSR_174",0,16,2,0.101800624441218,0.102105673152158
"D5","SSR_26",0,16,2,0.169486913594267,0.157858982239235
"D5","SSR_31",0,16,2,0.101800624441218,0.106986513026312
"D5","SSR_32",0,16,2,0.268713391201882,0.269496892436445
"D5","SSR_35",1,16,2,0.0592181230205646,0.0622636486056651
"D5","SSR_44",1,16,2,0.0448074888205931,0.0437489688111469
"D5","SSR_47",0,16,2,0.330238583711115,0.322676763820088
"D5","SSR_48",0,16,2,0.0448074888205931,0.0438091796570906
"D5","SSR_52",0,16,2,0.0592181230205646,0.0598339471608358
"D5","SSR_69",1,16,2,0.0337777510788513,0.0320776790898653
"D5","SSR_77",0,16,2,0.0592181230205646,0.0562568089556674
"D5","SSR_78",0,16,2,0.101800624441218,0.098321898344261
"D5","SSR_81",0,16,2,0.0448074888205931,0.0438221824001098
"D5","JinHua_102",0,16,3,0.0309310113859149,0.0309417634429957
"D5","JinHua_107",0,16,3,0.0247235859051731,0.0247335541165333
"D5","JinHua_11",0,16,3,0.0742594066253691,0.0742690274478319
"D5","JinHua_111",0,16,3,0.138015723702097,0.138012857836873
"D5","JinHua_117",0,16,3,0.0247235859051731,0.0247335541165333
"D5","JinHua_121",1,16,3,0.0742594066253691,0.0742690274478319
"D5","JinHua_124",0,16,3,0.0386352138771072,0.0386465057540172
"D5","JinHua_13",0,16,3,0.560110655374011,0.559983470946192
"D5","JinHua_137",0,16,3,0.112819812210273,0.112822873770542
"D5","JinHua_148",0,16,3,0.0598939983926003,0.0599049576384481
"D5","JinHua_181",0,16,3,0.0598939983926003,0.0599049576384481
"D5","JinHua_184",0,16,3,0.0598939983926003,0.0599049576384481
"D5","JinHua_188",0,16,3,0.0386352138771072,0.0386465057540172
"D5","JinHua_19",0,16,3,0.0742594066253691,0.0742690274478319
"D5","JinHua_191",0,16,3,0.0742594066253691,0.0742690274478319
"D5","JinHua_193",0,16,3,0.0309310113859149,0.0309417634429957
"D5","JinHua_200",0,16,3,0.0917341109645907,0.0917412153381855
"D5","JinHua_201",0,16,3,0.0481629839622771,0.0481744137631713
"D5","JinHua_203",0,16,3,0.0742594066253691,0.0742690274478319
"D5","JinHua_206",0,16,3,0.167774491719944,0.16776349411467
"D5","JinHua_208",0,16,3,0.0309310113859149,0.0309417634429957
"D5","JinHua_222",0,16,3,0.0309310113859149,0.0309417634429957
"D5","JinHua_224",0,16,3,0.112819812210273,0.112822873770542
"D5","JinHua_225",1,16,3,0.560110655374011,0.559983470946192
"D5","JinHua_31",0,16,3,0.202442836704904,0.20242129178486
"D5","JinHua_32",1,16,3,0.336275640013473,0.33620924861502
"D5","JinHua_35",0,16,3,0.0917341109645907,0.0917412153381855
"D5","JinHua_42",0,16,3,0.0481629839622771,0.0481744137631713
"D5","JinHua_43",0,16,3,0.0917341109645907,0.0917412153381855
"D5","JinHua_59",0,16,3,0.138015723702097,0.138012857836873
"D5","JinHua_60",1,16,3,0.138015723702097,0.138012857836873
"D5","JinHua_64",0,16,3,0.0917341109645907,0.0917412153381855
"D5","JinHua_67",0,16,3,0.202442836704904,0.20242129178486
"D5","JinHua_68",0,16,3,0.0742594066253691,0.0742690274478319
"D5","JinHua_74",0,16,3,0.0247235859051731,0.0247335541165333
"D5","JinHua_76",0,16,3,0.0247235859051731,0.0247335541165333
"D5","JinHua_8",0,16,3,0.0481629839622771,0.0481744137631713
"D5","JinHua_90",0,16,3,0.0247235859051731,0.0247335541165333
"D5","SSR_1",0,16,3,0.0598939983926003,0.0599049576384481
"D5","SSR_102",0,16,3,0.0247235859051731,0.0247335541165333
"D5","SSR_103",0,16,3,0.336275640013473,0.33620924861502
"D5","SSR_105",0,16,3,0.0917341109645907,0.0917412153381855
"D5","SSR_124",0,16,3,0.112819812210273,0.112822873770542
"D5","SSR_13",0,16,3,0.112819812210273,0.112822873770542
"D5","SSR_143",1,16,3,0.445427685060337,0.445327191765364
"D5","SSR_162",0,16,3,0.0742594066253691,0.0742690274478319
"D5","SSR_164",0,16,3,0.0742594066253691,0.0742690274478319
"D5","SSR_177",0,16,3,0.0917341109645907,0.0917412153381855
"D5","SSR_24",0,16,3,0.0247235859051731,0.0247335541165333
"D5","SSR_25",0,16,3,0.0386352138771072,0.0386465057540172
"D5","SSR_27",0,16,3,0.0917341109645907,0.0917412153381855
"D5","SSR_34",0,16,3,0.138015723702097,0.138012857836873
"D5","SSR_36",1,16,3,0.0917341109645907,0.0917412153381855
"D5","SSR_38",0,16,3,0.242190170859774,0.242155645988747
"D5","SSR_42",0,16,3,0.0598939983926003,0.0599049576384481
"D5","SSR_50",0,16,3,0.138015723702097,0.138012857836873
"D5","SSR_61",0,16,3,0.0742594066253691,0.0742690274478319
"D5","SSR_75",0,16,3,0.202442836704904,0.20242129178486
"D5","JinHua_103",0,16,4,0.304748879981295,0.304709325520737
"D5","JinHua_104",0,16,4,0.0758849105537306,0.07589110246684
"D5","JinHua_108",0,16,4,0.0758849105537306,0.07589110246684
"D5","JinHua_112",0,16,4,0.110966129017077,0.110968057364029
"D5","JinHua_113",0,16,4,0.0624459527049442,0.0624531347739522
"D5","JinHua_120",0,16,4,0.189563694055814,0.189550855121515
"D5","JinHua_131",0,16,4,0.0512549846712066,0.0512626217196005
"D5","JinHua_134",0,16,4,0.0758849105537306,0.07589110246684
"D5","JinHua_140",0,16,4,0.0758849105537306,0.07589110246684
"D5","JinHua_141",0,16,4,0.0512549846712066,0.0512626217196005
"D5","JinHua_144",1,16,4,0.262282415454876,0.262252944164569
"D5","JinHua_149",0,16,4,0.0419797555465762,0.0419874543610423
"D5","JinHua_153",0,16,4,0.223828485867003,0.223807995810427
"D5","JinHua_156",1,16,4,0.0758849105537306,0.07589110246684
"D5","JinHua_159",0,16,4,0.0280207307486265,0.0280278172074574
"D5","JinHua_166",0,16,4,0.0228487715317118,0.0228553483988558
"D5","JinHua_169",0,16,4,0.0280207307486265,0.0280278172074574
"D5","JinHua_179",1,16,4,0.450977406119721,0.450905650499583
"D5","JinHua_189",0,16,4,0.0624459527049442,0.0624531347739522
"D5","JinHua_195",0,16,4,0.0512549846712066,0.0512626217196005
"D5","JinHua_198",0,16,4,0.0758849105537306,0.07589110246684
"D5","JinHua_215",0,16,4,0.0419797555465762,0.0419874543610423
"D5","JinHua_22",0,16,4,0.110966129017077,0.110968057364029
"D5","JinHua_57",0,16,4,0.0758849105537306,0.07589110246684
"D5","JinHua_75",0,16,4,0.13336177084449,0.133360057253739
"D5","JinHua_77",0,16,4,0.13336177084449,0.133360057253739
"D5","JinHua_84",1,16,4,0.350821358399376,0.350771013220756
"D5","JinHua_95",0,16,4,0.0419797555465762,0.0419874543610423
"D5","JinHua_97",0,16,4,0.0758849105537306,0.07589110246684
"D5","SSR_106",0,16,4,0.0512549846712066,0.0512626217196005
"D5","SSR_120",0,16,4,0.0624459527049442,0.0624531347739522
"D5","SSR_125",0,16,4,0.0512549846712066,0.0512626217196005
"D5","SSR_130",0,16,4,0.0758849105537306,0.07589110246684
"D5","SSR_131",0,16,4,0.189563694055814,0.189550855121515
"D5","SSR_145",0,16,4,0.262282415454876,0.262252944164569
"D5","SSR_15",0,16,4,0.0758849105537306,0.07589110246684
"D5","SSR_150",0,16,4,0.0919324632635829,0.0919369646458836
"D5","SSR_157",0,16,4,0.13336177084449,0.133360057253739
"D5","SSR_158",1,16,4,0.110966129017077,0.110968057364029
"D5","SSR_167",0,16,4,0.0419797555465762,0.0419874543610423
"D5","SSR_169",0,16,4,0.0758849105537306,0.07589110246684
"D5","SSR_17",0,16,4,0.0419797555465762,0.0419874543610423
"D5","SSR_22",0,16,4,0.0758849105537306,0.07589110246684
"D5","SSR_28",0,16,4,0.0419797555465762,0.0419874543610423
"D5","SSR_29",0,16,4,0.0512549846712066,0.0512626217196005
"D5","SSR_3",0,16,4,0.0758849105537306,0.07589110246684
"D5","SSR_4",0,16,4,0.0919324632635829,0.0919369646458836
"D5","SSR_43",0,16,4,0.0343222737705609,0.0343297580707257
"D5","SSR_5",0,16,4,0.110966129017077,0.110968057364029
"D5","SSR_60",0,16,4,0.0512549846712066,0.0512626217196005
"D5","SSR_62",0,16,4,0.0919324632635829,0.0919369646458836
"D5","SSR_64",0,16,4,0.0624459527049442,0.0624531347739522
"D5","SSR_67",0,16,4,0.0343222737705609,0.0343297580707257
"D5","SSR_73",0,16,4,0.0624459527049442,0.0624531347739522
"D5","SSR_76",1,16,4,0.189563694055814,0.189550855121515
"D5","SSR_8",0,16,4,0.189563694055814,0.189550855121515
"D5","SSR_90",0,16,4,0.0419797555465762,0.0419874543610423
"D5","SSR_94",0,16,4,0.0512549846712066,0.0512626217196005
"D5","JinHua_1",0,16,5,0.0211280154188696,0.0211284680227661
"D5","JinHua_10",1,16,5,0.0859882471201876,0.0859886892192877
"D5","JinHua_105",0,16,5,0.20065792949885,0.200657093155667
"D5","JinHua_114",0,16,5,0.0211280154188696,0.0211284680227661
"D5","JinHua_116",0,16,5,0.133205360569494,0.133205384283325
"D5","JinHua_119",0,16,5,0.068561809566285,0.06856234184462
"D5","JinHua_12",0,16,5,0.20065792949885,0.200657093155667
"D5","JinHua_126",0,16,5,0.068561809566285,0.06856234184462
"D5","JinHua_129",0,16,5,0.068561809566285,0.06856234184462
"D5","JinHua_132",0,16,5,0.0211280154188696,0.0211284680227661
"D5","JinHua_135",0,16,5,0.0859882471201876,0.0859886892192877
"D5","JinHua_139",0,16,5,0.0268456316807619,0.0268461326122886
"D5","JinHua_145",0,16,5,0.0268456316807619,0.0268461326122886
"D5","JinHua_150",0,16,5,0.0211280154188696,0.0211284680227661
"D5","JinHua_160",0,16,5,0.242903587383674,0.242902130125064
"D5","JinHua_162",0,16,5,0.0431189346189896,0.0431195021329076
"D5","JinHua_163",0,16,5,0.068561809566285,0.06856234184462
"D5","JinHua_17",0,16,5,0.016607362805544,0.0166077644680884
"D5","JinHua_174",0,16,5,0.0544566107553555,0.054457179464479
"D5","JinHua_180",0,16,5,0.0859882471201876,0.0859886892192877
"D5","JinHua_182",0,16,5,0.0544566107553555,0.054457179464479
"D5","JinHua_185",0,16,5,0.0211280154188696,0.0211284680227661
"D5","JinHua_199",1,16,5,0.0340567035337543,0.0340572451659454
"D5","JinHua_207",0,16,5,0.133205360569494,0.133205384283325
"D5","JinHua_218",0,16,5,0.0340567035337543,0.0340572451659454
"D5","JinHua_221",0,16,5,0.0340567035337543,0.0340572451659454
"D5","JinHua_24",0,16,5,0.068561809566285,0.06856234184462
"D5","JinHua_25",1,16,5,0.242903587383674,0.242902130125064
"D5","JinHua_30",0,16,5,0.0268456316807619,0.0268461326122886
"D5","JinHua_34",0,16,5,0.068561809566285,0.06856234184462
"D5","JinHua_37",0,16,5,0.0859882471201876,0.0859886892192877
"D5","JinHua_44",0,16,5,0.0340567035337543,0.0340572451659454
"D5","JinHua_45",0,16,5,0.068561809566285,0.06856234184462
"D5","JinHua_49",0,16,5,0.0544566107553555,0.054457179464479
"D5","JinHua_53",0,16,5,0.0211280154188696,0.0211284680227661
"D5","JinHua_6",0,16,5,0.0340567035337543,0.0340572451659454
"D5","JinHua_63",0,16,5,0.133205360569494,0.133205384283325
"D5","JinHua_69",0,16,5,0.0268456316807619,0.0268461326122886
"D5","JinHua_7",0,16,5,0.0544566107553555,0.054457179464479
"D5","JinHua_86",0,16,5,0.0211280154188696,0.0211284680227661
"D5","JinHua_92",0,16,5,0.0211280154188696,0.0211284680227661
"D5","JinHua_96",0,16,5,0.164166438373671,0.164166094722459
"D5","SSR_117",0,16,5,0.0340567035337543,0.0340572451659454
"D5","SSR_12",0,16,5,0.0544566107553555,0.054457179464479
"D5","SSR_154",1,16,5,0.107333576378433,0.107333855695449
"D5","SSR_173",1,16,5,0.242903587383674,0.242902130125064
"D5","SSR_179",0,16,5,0.0431189346189896,0.0431195021329076
"D5","SSR_18",0,16,5,0.29080766936965,0.290805476236237
"D5","SSR_2",0,16,5,0.164166438373671,0.164166094722459
"D5","SSR_20",0,16,5,0.0211280154188696,0.0211284680227661
"D5","SSR_21",0,16,5,0.0211280154188696,0.0211284680227661
"D5","SSR_33",0,16,5,0.0340567035337543,0.0340572451659454
"D5","SSR_40",0,16,5,0.0340567035337543,0.0340572451659454
"D5","SSR_46",0,16,5,0.0544566107553555,0.054457179464479
"D5","SSR_51",0,16,5,0.20065792949885,0.200657093155667
"D5","SSR_54",0,16,5,0.133205360569494,0.133205384283325
"D5","SSR_9",0,16,5,0.20065792949885,0.200657093155667
"D5","JinHua_100",0,17,1,0.0441203747316901,0.0441404042075633
"D5","JinHua_101",0,17,1,0.069382886241883,0.0694011371480906
"D5","JinHua_102",0,17,1,0.0277814277587736,0.0277994495449157
"D5","JinHua_110",0,17,1,0.0219893089382632,0.0220057265508613
"D5","JinHua_111",0,17,1,0.132739162156569,0.132738508481995
"D5","JinHua_113",0,17,1,0.0554116692855769,0.0554314954984985
"D5","JinHua_116",0,17,1,0.132739162156569,0.132738508481995
"D5","JinHua_13",0,17,1,0.56974430407277,0.56953088005703
"D5","JinHua_139",0,17,1,0.0277814277587736,0.0277994495449157
"D5","JinHua_146",0,17,1,0.0865539512312152,0.0865686993086052
"D5","JinHua_15",0,17,1,0.107483747460938,0.107492422071737
"D5","JinHua_151",0,17,1,0.0350445572978837,0.0350638690768333
"D5","JinHua_179",1,17,1,0.510262730944417,0.510069190306373
"D5","JinHua_18",0,17,1,0.107483747460938,0.107492422071737
"D5","JinHua_180",0,17,1,0.0865539512312152,0.0865686993086052
"D5","JinHua_204",0,17,1,0.107483747460938,0.107492422071737
"D5","JinHua_213",0,17,1,0.0865539512312152,0.0865686993086052
"D5","JinHua_214",0,17,1,0.107483747460938,0.107492422071737
"D5","JinHua_217",0,17,1,0.0219893089382632,0.0220057265508613
"D5","JinHua_218",0,17,1,0.0350445572978837,0.0350638690768333
"D5","JinHua_23",0,17,1,0.0554116692855769,0.0554314954984985
"D5","JinHua_25",1,17,1,0.23908548642489,0.239032008636838
"D5","JinHua_30",0,17,1,0.0277814277587736,0.0277994495449157
"D5","JinHua_43",0,17,1,0.0865539512312152,0.0865686993086052
"D5","JinHua_44",0,17,1,0.0350445572978837,0.0350638690768333
"D5","JinHua_45",0,17,1,0.069382886241883,0.0694011371480906
"D5","JinHua_54",0,17,1,0.0219893089382632,0.0220057265508613
"D5","JinHua_56",0,17,1,0.0219893089382632,0.0220057265508613
"D5","JinHua_57",0,17,1,0.069382886241883,0.0694011371480906
"D5","JinHua_60",1,17,1,0.132739162156569,0.132738508481995
"D5","JinHua_64",0,17,1,0.0865539512312152,0.0865686993086052
"D5","JinHua_68",0,17,1,0.069382886241883,0.0694011371480906
"D5","JinHua_79",0,17,1,0.0219893089382632,0.0220057265508613
"D5","JinHua_88",0,17,1,0.107483747460938,0.107492422071737
"D5","JinHua_92",0,17,1,0.0219893089382632,0.0220057265508613
"D5","JinHua_95",0,17,1,0.0350445572978837,0.0350638690768333
"D5","JinHua_96",0,17,1,0.162846083895046,0.162832209148631
"D5","SSR_108",0,17,1,0.0441203747316901,0.0441404042075633
"D5","SSR_125",0,17,1,0.0441203747316901,0.0441404042075633
"D5","SSR_134",0,17,1,0.107483747460938,0.107492422071737
"D5","SSR_152",0,17,1,0.0441203747316901,0.0441404042075633
"D5","SSR_164",0,17,1,0.069382886241883,0.0694011371480906
"D5","SSR_19",0,17,1,0.23908548642489,0.239032008636838
"D5","SSR_26",0,17,1,0.162846083895046,0.162832209148631
"D5","SSR_28",0,17,1,0.0350445572978837,0.0350638690768333
"D5","SSR_3",0,17,1,0.069382886241883,0.0694011371480906
"D5","SSR_30",0,17,1,0.0350445572978837,0.0350638690768333
"D5","SSR_36",1,17,1,0.0865539512312152,0.0865686993086052
"D5","SSR_38",0,17,1,0.23908548642489,0.239032008636838
"D5","SSR_4",0,17,1,0.0865539512312152,0.0865686993086052
"D5","SSR_40",0,17,1,0.0350445572978837,0.0350638690768333
"D5","SSR_44",1,17,1,0.0554116692855769,0.0554314954984985
"D5","SSR_52",0,17,1,0.069382886241883,0.0694011371480906
"D5","SSR_59",1,17,1,0.132739162156569,0.132738508481995
"D5","SSR_6",0,17,1,0.0554116692855769,0.0554314954984985
"D5","SSR_79",0,17,1,0.132739162156569,0.132738508481995
"D5","SSR_81",0,17,1,0.0554116692855769,0.0554314954984985
"D5","SSR_90",0,17,1,0.0350445572978837,0.0350638690768333
"D5","SSR_95",0,17,1,0.0865539512312152,0.0865686993086052
"D5","JinHua_103",0,17,2,0.366764772115046,0.366759655728141
"D5","JinHua_108",0,17,2,0.068124923462832,0.0681256887467026
"D5","JinHua_11",0,17,2,0.068124923462832,0.0681256887467026
"D5","JinHua_112",0,17,2,0.109250284671501,0.109250628539218
"D5","JinHua_12",0,17,2,0.210440597417759,0.210439060791311
"D5","JinHua_124",0,17,2,0.0325462323037478,0.0325470143365921
"D5","JinHua_131",0,17,2,0.0417548019728442,0.0417556252478582
"D5","JinHua_134",0,17,2,0.068124923462832,0.0681256887467026
"D5","JinHua_135",0,17,2,0.0865000094968252,0.0865006253736933
"D5","JinHua_140",0,17,2,0.068124923462832,0.0681256887467026
"D5","JinHua_143",0,17,2,0.137086156011344,0.137086070010598
"D5","JinHua_147",0,17,2,0.019657566198028,0.0196582090468437
"D5","JinHua_159",0,17,2,0.019657566198028,0.0196582090468437
"D5","JinHua_163",0,17,2,0.068124923462832,0.0681256887467026
"D5","JinHua_165",0,17,2,0.025314862133035,0.025315580082734
"D5","JinHua_169",0,17,2,0.019657566198028,0.0196582090468437
"D5","JinHua_173",1,17,2,0.67862558648162,0.678616135847244
"D5","JinHua_183",0,17,2,0.0325462323037478,0.0325470143365921
"D5","JinHua_190",0,17,2,0.109250284671501,0.109250628539218
"D5","JinHua_191",0,17,2,0.068124923462832,0.0681256887467026
"D5","JinHua_194",0,17,2,0.068124923462832,0.0681256887467026
"D5","JinHua_205",0,17,2,0.053424947962793,0.0534257730441439
"D5","JinHua_207",0,17,2,0.137086156011344,0.137086070010598
"D5","JinHua_208",0,17,2,0.025314862133035,0.025315580082734
"D5","JinHua_220",0,17,2,0.109250284671501,0.109250628539218
"D5","JinHua_225",1,17,2,0.619810958516362,0.619801751301026
"D5","JinHua_27",1,17,2,0.0325462323037478,0.0325470143365921
"D5","JinHua_31",0,17,2,0.210440597417759,0.210439060791311
"D5","JinHua_37",0,17,2,0.0865000094968252,0.0865006253736933
"D5","JinHua_39",0,17,2,0.492828573425119,0.492820937244011
"D5","JinHua_51",0,17,2,0.308991562627721,0.308987768614748
"D5","JinHua_6",0,17,2,0.0325462323037478,0.0325470143365921
"D5","JinHua_62",0,17,2,0.019657566198028,0.0196582090468437
"D5","JinHua_70",0,17,2,0.068124923462832,0.0681256887467026
"D5","JinHua_86",0,17,2,0.019657566198028,0.0196582090468437
"D5","JinHua_91",1,17,2,0.068124923462832,0.0681256887467026
"D5","SSR_106",0,17,2,0.0417548019728442,0.0417556252478582
"D5","SSR_145",0,17,2,0.308991562627721,0.308987768614748
"D5","SSR_154",1,17,2,0.109250284671501,0.109250628539218
"D5","SSR_158",1,17,2,0.109250284671501,0.109250628539218
"D5","SSR_162",0,17,2,0.068124923462832,0.0681256887467026
"D5","SSR_167",0,17,2,0.0325462323037478,0.0325470143365921
"D5","SSR_169",0,17,2,0.068124923462832,0.0681256887467026
"D5","SSR_179",0,17,2,0.0417548019728442,0.0417556252478582
"D5","SSR_20",0,17,2,0.019657566198028,0.0196582090468437
"D5","SSR_21",0,17,2,0.019657566198028,0.0196582090468437
"D5","SSR_23",0,17,2,0.053424947962793,0.0534257730441439
"D5","SSR_29",0,17,2,0.0417548019728442,0.0417556252478582
"D5","SSR_31",0,17,2,0.109250284671501,0.109250628539218
"D5","SSR_34",0,17,2,0.137086156011344,0.137086070010598
"D5","SSR_39",0,17,2,0.0152447730404886,0.0152453377881773
"D5","SSR_43",0,17,2,0.025314862133035,0.025315580082734
"D5","SSR_46",0,17,2,0.053424947962793,0.0534257730441439
"D5","SSR_64",0,17,2,0.053424947962793,0.0534257730441439
"D5","SSR_67",0,17,2,0.025314862133035,0.025315580082734
"D5","SSR_75",0,17,2,0.210440597417759,0.210439060791311
"D5","SSR_77",0,17,2,0.068124923462832,0.0681256887467026
"D5","SSR_78",0,17,2,0.109250284671501,0.109250628539218
"D5","JinHua_114",0,17,3,0.0168324712483866,0.0168329850361666
"D5","JinHua_120",0,17,3,0.221815210889639,0.221813776433773
"D5","JinHua_132",0,17,3,0.0168324712483866,0.0168329850361666
"D5","JinHua_138",1,17,3,0.33344398374071,0.33344038727675
"D5","JinHua_148",0,17,3,0.050090775196474,0.0500915033600906
"D5","JinHua_150",0,17,3,0.0168324712483866,0.0168329850361666
"D5","JinHua_155",0,17,3,0.050090775196474,0.0500915033600906
"D5","JinHua_16",0,17,3,0.177065863433785,0.177065225988503
"D5","JinHua_17",0,17,3,0.0127586542017393,0.0127590948295158
"D5","JinHua_171",0,17,3,0.109211129675881,0.109211469834223
"D5","JinHua_172",0,17,3,0.0168324712483866,0.0168329850361666
"D5","JinHua_175",0,17,3,0.0168324712483866,0.0168329850361666
"D5","JinHua_176",0,17,3,0.109211129675881,0.109211469834223
"D5","JinHua_19",0,17,3,0.0652962803041914,0.0652969741111266
"D5","JinHua_192",0,17,3,0.0652962803041914,0.0652969741111266
"D5","JinHua_193",0,17,3,0.0221778303753208,0.0221784182925193
"D5","JinHua_197",0,17,3,0.050090775196474,0.0500915033600906
"D5","JinHua_199",1,17,3,0.0291703104007843,0.029170966696872
"D5","JinHua_210",0,17,3,0.0221778303753208,0.0221784182925193
"D5","JinHua_211",0,17,3,0.13972337379216,0.139723321017419
"D5","JinHua_221",0,17,3,0.0291703104007843,0.029170966696872
"D5","JinHua_222",0,17,3,0.0221778303753208,0.0221784182925193
"D5","JinHua_26",0,17,3,0.0382811480425105,0.0382818563436713
"D5","JinHua_33",0,17,3,0.221815210889639,0.221813776433773
"D5","JinHua_38",0,17,3,0.606420566839623,0.60641294740243
"D5","JinHua_4",0,17,3,0.0652962803041914,0.0652969741111266
"D5","JinHua_48",0,17,3,0.0847059527898747,0.0847065290118714
"D5","JinHua_63",0,17,3,0.13972337379216,0.139723321017419
"D5","JinHua_69",0,17,3,0.0221778303753208,0.0221784182925193
"D5","JinHua_75",0,17,3,0.13972337379216,0.139723321017419
"D5","JinHua_8",0,17,3,0.0382811480425105,0.0382818563436713
"D5","JinHua_83",1,17,3,0.177065863433785,0.177065225988503
"D5","JinHua_89",0,17,3,0.0291703104007843,0.029170966696872
"D5","JinHua_97",0,17,3,0.0652962803041914,0.0652969741111266
"D5","SSR_10",0,17,3,0.467501075693146,0.467495087941156
"D5","SSR_101",0,17,3,0.0847059527898747,0.0847065290118714
"D5","SSR_12",0,17,3,0.050090775196474,0.0500915033600906
"D5","SSR_131",0,17,3,0.221815210889639,0.221813776433773
"D5","SSR_139",0,17,3,0.0847059527898747,0.0847065290118714
"D5","SSR_14",1,17,3,0.109211129675881,0.109211469834223
"D5","SSR_159",0,17,3,0.0291703104007843,0.029170966696872
"D5","SSR_17",0,17,3,0.0291703104007843,0.029170966696872
"D5","SSR_173",1,17,3,0.274106950514834,0.274104513936519
"D5","SSR_18",0,17,3,0.33344398374071,0.33344038727675
"D5","SSR_182",0,17,3,0.537692307214805,0.537685349910576
"D5","SSR_2",0,17,3,0.177065863433785,0.177065225988503
"D5","SSR_22",0,17,3,0.0652962803041914,0.0652969741111266
"D5","SSR_32",0,17,3,0.274106950514834,0.274104513936519
"D5","SSR_35",1,17,3,0.0652962803041914,0.0652969741111266
"D5","SSR_37",0,17,3,0.050090775196474,0.0500915033600906
"D5","SSR_42",0,17,3,0.050090775196474,0.0500915033600906
"D5","SSR_51",0,17,3,0.221815210889639,0.221813776433773
"D5","SSR_56",0,17,3,0.0652962803041914,0.0652969741111266
"D5","SSR_61",0,17,3,0.0652962803041914,0.0652969741111266
"D5","SSR_62",0,17,3,0.0847059527898747,0.0847065290118714
"D5","SSR_70",0,17,3,0.0652962803041914,0.0652969741111266
"D5","SSR_9",0,17,3,0.221815210889639,0.221813776433773
"D5","SSR_94",0,17,3,0.0382811480425105,0.0382818563436713
"D5","JinHua_10",1,17,4,0.0780003749662981,0.0780012145469561
"D5","JinHua_104",0,17,4,0.0609367319696908,0.0609376740436661
"D5","JinHua_105",0,17,4,0.196396711233839,0.196395530695615
"D5","JinHua_106",0,17,4,0.0284514175215912,0.0284522697007693
"D5","JinHua_119",0,17,4,0.0609367319696908,0.0609376740436661
"D5","JinHua_121",1,17,4,0.0609367319696908,0.0609376740436661
"D5","JinHua_122",0,17,4,0.0993367667492364,0.0993373828119349
"D5","JinHua_123",1,17,4,0.0609367319696908,0.0609376740436661
"D5","JinHua_137",0,17,4,0.0993367667492364,0.0993373828119349
"D5","JinHua_14",0,17,4,0.0609367319696908,0.0609376740436661
"D5","JinHua_141",0,17,4,0.0367746811609459,0.0367756035747014
"D5","JinHua_144",1,17,4,0.293480828465259,0.293477291656072
"D5","JinHua_156",1,17,4,0.0609367319696908,0.0609376740436661
"D5","JinHua_157",0,17,4,0.0284514175215912,0.0284522697007693
"D5","JinHua_158",0,17,4,0.0284514175215912,0.0284522697007693
"D5","JinHua_174",0,17,4,0.0474140275951103,0.0474149874510221
"D5","JinHua_181",0,17,4,0.0474140275951103,0.0474149874510221
"D5","JinHua_182",0,17,4,0.0474140275951103,0.0474149874510221
"D5","JinHua_184",0,17,4,0.0474140275951103,0.0474149874510221
"D5","JinHua_185",0,17,4,0.0169378039671502,0.0169384767767374
"D5","JinHua_189",0,17,4,0.0474140275951103,0.0474149874510221
"D5","JinHua_195",0,17,4,0.0367746811609459,0.0367756035747014
"D5","JinHua_198",0,17,4,0.0609367319696908,0.0609376740436661
"D5","JinHua_200",0,17,4,0.0780003749662981,0.0780012145469561
"D5","JinHua_203",0,17,4,0.0609367319696908,0.0609376740436661
"D5","JinHua_206",0,17,4,0.157867059917061,0.157866702101489
"D5","JinHua_219",0,17,4,0.0367746811609459,0.0367756035747014
"D5","JinHua_22",0,17,4,0.0993367667492364,0.0993373828119349
"D5","JinHua_223",0,17,4,0.0219690038719978,0.0219697691729435
"D5","JinHua_3",0,17,4,0.0219690038719978,0.0219697691729435
"D5","JinHua_42",0,17,4,0.0367746811609459,0.0367756035747014
"D5","JinHua_53",0,17,4,0.0169378039671502,0.0169384767767374
"D5","JinHua_59",0,17,4,0.125713773434667,0.125714003931847
"D5","JinHua_61",0,17,4,0.0780003749662981,0.0780012145469561
"D5","JinHua_65",0,17,4,0.125713773434667,0.125714003931847
"D5","JinHua_66",0,17,4,0.0169378039671502,0.0169384767767374
"D5","JinHua_67",0,17,4,0.196396711233839,0.196395530695615
"D5","JinHua_74",0,17,4,0.0169378039671502,0.0169384767767374
"D5","JinHua_78",0,17,4,0.0219690038719978,0.0219697691729435
"D5","JinHua_82",0,17,4,0.0609367319696908,0.0609376740436661
"D5","JinHua_9",0,17,4,0.0219690038719978,0.0219697691729435
"D5","JinHua_90",0,17,4,0.0169378039671502,0.0169384767767374
"D5","SSR_1",0,17,4,0.0474140275951103,0.0474149874510221
"D5","SSR_105",0,17,4,0.0780003749662981,0.0780012145469561
"D5","SSR_117",0,17,4,0.0284514175215912,0.0284522697007693
"D5","SSR_120",0,17,4,0.0474140275951103,0.0474149874510221
"D5","SSR_130",0,17,4,0.0609367319696908,0.0609376740436661
"D5","SSR_15",0,17,4,0.0609367319696908,0.0609376740436661
"D5","SSR_151",0,17,4,0.0609367319696908,0.0609376740436661
"D5","SSR_157",0,17,4,0.125713773434667,0.125714003931847
"D5","SSR_161",0,17,4,0.196396711233839,0.196395530695615
"D5","SSR_171",0,17,4,0.0780003749662981,0.0780012145469561
"D5","SSR_172",0,17,4,0.0609367319696908,0.0609376740436661
"D5","SSR_47",0,17,4,0.293480828465259,0.293477291656072
"D5","SSR_48",0,17,4,0.0474140275951103,0.0474149874510221
"D5","SSR_5",0,17,4,0.0993367667492364,0.0993373828119349
"D5","SSR_60",0,17,4,0.0367746811609459,0.0367756035747014
"D5","SSR_69",1,17,4,0.0367746811609459,0.0367756035747014
"D5","JinHua_1",0,17,5,0.0335368380275257,0.0335397364095965
"D5","JinHua_107",0,17,5,0.0335368380275257,0.0335397364095965
"D5","JinHua_117",0,17,5,0.0335368380275257,0.0335397364095965
"D5","JinHua_126",0,17,5,0.0827210481266728,0.0827231844959372
"D5","JinHua_128",0,17,5,0.0335368380275257,0.0335397364095965
"D5","JinHua_129",0,17,5,0.0827210481266728,0.0827231844959372
"D5","JinHua_136",0,17,5,0.0984181748859324,0.0984195859162698
"D5","JinHua_145",0,17,5,0.040310938700374,0.0403139240563084
"D5","JinHua_149",0,17,5,0.0483848366095936,0.0483878255527524
"D5","JinHua_152",0,17,5,0.0827210481266728,0.0827231844959372
"D5","JinHua_153",0,17,5,0.220997278548202,0.220989469217903
"D5","JinHua_160",0,17,5,0.220997278548202,0.220989469217903
"D5","JinHua_161",0,17,5,0.057978163373771,0.057981039586256
"D5","JinHua_162",0,17,5,0.057978163373771,0.057981039586256
"D5","JinHua_166",0,17,5,0.0278680428757317,0.0278707974434699
"D5","JinHua_170",1,17,5,0.25562147853576,0.255610515765241
"D5","JinHua_188",0,17,5,0.0483848366095936,0.0483878255527524
"D5","JinHua_2",0,17,5,0.0335368380275257,0.0335397364095965
"D5","JinHua_201",0,17,5,0.057978163373771,0.057981039586256
"D5","JinHua_215",0,17,5,0.0483848366095936,0.0483878255527524
"D5","JinHua_224",0,17,5,0.116714975806734,0.116715352014317
"D5","JinHua_24",0,17,5,0.0827210481266728,0.0827231844959372
"D5","JinHua_32",1,17,5,0.293625648580096,0.293611157535811
"D5","JinHua_34",0,17,5,0.0827210481266728,0.0827231844959372
"D5","JinHua_35",0,17,5,0.0984181748859324,0.0984195859162698
"D5","JinHua_46",0,17,5,0.040310938700374,0.0403139240563084
"D5","JinHua_49",0,17,5,0.0693349856734109,0.0693375931338331
"D5","JinHua_5",0,17,5,0.0483848366095936,0.0483878255527524
"D5","JinHua_50",0,17,5,0.116714975806734,0.116715352014317
"D5","JinHua_7",0,17,5,0.0693349856734109,0.0693375931338331
"D5","JinHua_72",0,17,5,0.189866726255165,0.189861633524176
"D5","JinHua_73",0,17,5,0.0335368380275257,0.0335397364095965
"D5","JinHua_76",0,17,5,0.0335368380275257,0.0335397364095965
"D5","JinHua_77",0,17,5,0.137893062074932,0.13789203929215
"D5","JinHua_84",1,17,5,0.334739192713294,0.334720905611625
"D5","JinHua_87",0,17,5,0.116714975806734,0.116715352014317
"D5","JinHua_99",0,17,5,0.0984181748859324,0.0984195859162698
"D5","SSR_102",0,17,5,0.0335368380275257,0.0335397364095965
"D5","SSR_103",0,17,5,0.293625648580096,0.293611157535811
"D5","SSR_124",0,17,5,0.116714975806734,0.116715352014317
"D5","SSR_13",0,17,5,0.116714975806734,0.116715352014317
"D5","SSR_143",1,17,5,0.378524609577699,0.37850240906643
"D5","SSR_150",0,17,5,0.0984181748859324,0.0984195859162698
"D5","SSR_170",0,17,5,0.0984181748859324,0.0984195859162698
"D5","SSR_174",0,17,5,0.116714975806734,0.116715352014317
"D5","SSR_177",0,17,5,0.0984181748859324,0.0984195859162698
"D5","SSR_181",0,17,5,0.137893062074932,0.13789203929215
"D5","SSR_24",0,17,5,0.0335368380275257,0.0335397364095965
"D5","SSR_25",0,17,5,0.0483848366095936,0.0483878255527524
"D5","SSR_27",0,17,5,0.0984181748859324,0.0984195859162698
"D5","SSR_33",0,17,5,0.0483848366095936,0.0483878255527524
"D5","SSR_50",0,17,5,0.137893062074932,0.13789203929215
"D5","SSR_54",0,17,5,0.137893062074932,0.13789203929215
"D5","SSR_57",0,17,5,0.057978163373771,0.057981039586256
"D5","SSR_73",0,17,5,0.0693349856734109,0.0693375931338331
"D5","SSR_76",1,17,5,0.189866726255165,0.189861633524176
"D5","SSR_8",0,17,5,0.189866726255165,0.189861633524176
"D5","JinHua_101",0,18,1,0.0736408412396446,0.0736505544569297
"D5","JinHua_107",0,18,1,0.0259664452430165,0.0259765997510458
"D5","JinHua_116",0,18,1,0.132789656266668,0.13278815413026
"D5","JinHua_12",0,18,1,0.191625288021334,0.191607217708726
"D5","JinHua_136",0,18,1,0.0900072373239328,0.0900146557879194
"D5","JinHua_138",1,18,1,0.268459501466485,0.268416244617125
"D5","JinHua_14",0,18,1,0.0736408412396446,0.0736505544569297
"D5","JinHua_144",1,18,1,0.268459501466485,0.268416244617125
"D5","JinHua_145",0,18,1,0.032104592551531,0.0321154579007327
"D5","JinHua_146",0,18,1,0.0900072373239328,0.0900146557879194
"D5","JinHua_149",0,18,1,0.0396346798192754,0.0396460166713823
"D5","JinHua_158",0,18,1,0.0396346798192754,0.0396460166713823
"D5","JinHua_16",0,18,1,0.160030717898923,0.160022000715923
"D5","JinHua_160",0,18,1,0.22776611236898,0.227736482581261
"D5","JinHua_163",0,18,1,0.0736408412396446,0.0736505544569297
"D5","JinHua_182",0,18,1,0.0600540199882898,0.0600649821090484
"D5","JinHua_183",0,18,1,0.0396346798192754,0.0396460166713823
"D5","JinHua_188",0,18,1,0.0396346798192754,0.0396460166713823
"D5","JinHua_189",0,18,1,0.0600540199882898,0.0600649821090484
"D5","JinHua_192",0,18,1,0.0736408412396446,0.0736505544569297
"D5","JinHua_193",0,18,1,0.032104592551531,0.0321154579007327
"D5","JinHua_2",0,18,1,0.0259664452430165,0.0259765997510458
"D5","JinHua_203",0,18,1,0.0736408412396446,0.0736505544569297
"D5","JinHua_222",0,18,1,0.032104592551531,0.0321154579007327
"D5","JinHua_31",0,18,1,0.191625288021334,0.191607217708726
"D5","JinHua_34",0,18,1,0.0736408412396446,0.0736505544569297
"D5","JinHua_37",0,18,1,0.0900072373239328,0.0900146557879194
"D5","JinHua_4",0,18,1,0.0736408412396446,0.0736505544569297
"D5","JinHua_50",0,18,1,0.109580731421017,0.10958451365592
"D5","JinHua_57",0,18,1,0.0736408412396446,0.0736505544569297
"D5","JinHua_73",0,18,1,0.0259664452430165,0.0259765997510458
"D5","JinHua_77",0,18,1,0.132789656266668,0.13278815413026
"D5","JinHua_79",0,18,1,0.0259664452430165,0.0259765997510458
"D5","JinHua_89",0,18,1,0.0396346798192754,0.0396460166713823
"D5","JinHua_91",1,18,1,0.0736408412396446,0.0736505544569297
"D5","SSR_101",0,18,1,0.0900072373239328,0.0900146557879194
"D5","SSR_106",0,18,1,0.0488418142039629,0.048853243281601
"D5","SSR_12",0,18,1,0.0600540199882898,0.0600649821090484
"D5","SSR_125",0,18,1,0.0488418142039629,0.048853243281601
"D5","SSR_139",0,18,1,0.0900072373239328,0.0900146557879194
"D5","SSR_145",0,18,1,0.268459501466485,0.268416244617125
"D5","SSR_151",0,18,1,0.0736408412396446,0.0736505544569297
"D5","SSR_154",1,18,1,0.109580731421017,0.10958451365592
"D5","SSR_162",0,18,1,0.0736408412396446,0.0736505544569297
"D5","SSR_167",0,18,1,0.0396346798192754,0.0396460166713823
"D5","SSR_173",1,18,1,0.22776611236898,0.227736482581261
"D5","SSR_20",0,18,1,0.0259664452430165,0.0259765997510458
"D5","SSR_22",0,18,1,0.0736408412396446,0.0736505544569297
"D5","SSR_40",0,18,1,0.0396346798192754,0.0396460166713823
"D5","SSR_43",0,18,1,0.032104592551531,0.0321154579007327
"D5","SSR_46",0,18,1,0.0600540199882898,0.0600649821090484
"D5","SSR_47",0,18,1,0.268459501466485,0.268416244617125
"D5","SSR_54",0,18,1,0.132789656266668,0.13278815413026
"D5","SSR_56",0,18,1,0.0736408412396446,0.0736505544569297
"D5","SSR_57",0,18,1,0.0488418142039629,0.048853243281601
"D5","SSR_76",1,18,1,0.191625288021334,0.191607217708726
"D5","SSR_8",0,18,1,0.191625288021334,0.191607217708726
"D5","SSR_9",0,18,1,0.191625288021334,0.191607217708726
"D5","SSR_95",0,18,1,0.0900072373239328,0.0900146557879194
"D5","JinHua_105",0,18,2,0.201541787035039,0.201540650234031
"D5","JinHua_114",0,18,2,0.0165350879630339,0.0165356508891429
"D5","JinHua_119",0,18,2,0.0611605796574503,0.0611613706757911
"D5","JinHua_139",0,18,2,0.0215687259742983,0.0215693685457378
"D5","JinHua_141",0,18,2,0.0365118306166183,0.0365126084970495
"D5","JinHua_143",0,18,2,0.128032482141887,0.128032624126315
"D5","JinHua_148",0,18,2,0.0473341254604208,0.0473349346255775
"D5","JinHua_150",0,18,2,0.0165350879630339,0.0165356508891429
"D5","JinHua_152",0,18,2,0.0611605796574503,0.0611613706757911
"D5","JinHua_155",0,18,2,0.0473341254604208,0.0473349346255775
"D5","JinHua_156",1,18,2,0.0611605796574503,0.0611613706757911
"D5","JinHua_161",0,18,2,0.0365118306166183,0.0365126084970495
"D5","JinHua_162",0,18,2,0.0365118306166183,0.0365126084970495
"D5","JinHua_165",0,18,2,0.0215687259742983,0.0215693685457378
"D5","JinHua_169",0,18,2,0.0165350879630339,0.0165356508891429
"D5","JinHua_172",0,18,2,0.0165350879630339,0.0165356508891429
"D5","JinHua_174",0,18,2,0.0473341254604208,0.0473349346255775
"D5","JinHua_176",0,18,2,0.100710104051055,0.100710596725868
"D5","JinHua_179",1,18,2,0.561846886455304,0.561838990982982
"D5","JinHua_185",0,18,2,0.0165350879630339,0.0165356508891429
"D5","JinHua_198",0,18,2,0.0611605796574503,0.0611613706757911
"D5","JinHua_199",1,18,2,0.0280909433196098,0.0280916608226204
"D5","JinHua_201",0,18,2,0.0365118306166183,0.0365126084970495
"D5","JinHua_213",0,18,2,0.078692177371578,0.0786928739437028
"D5","JinHua_223",0,18,2,0.0215687259742983,0.0215693685457378
"D5","JinHua_26",0,18,2,0.0365118306166183,0.0365126084970495
"D5","JinHua_38",0,18,2,0.561846886455304,0.561838990982982
"D5","JinHua_46",0,18,2,0.0215687259742983,0.0215693685457378
"D5","JinHua_48",0,18,2,0.078692177371578,0.0786928739437028
"D5","JinHua_49",0,18,2,0.0473341254604208,0.0473349346255775
"D5","JinHua_60",1,18,2,0.128032482141887,0.128032624126315
"D5","JinHua_67",0,18,2,0.201541787035039,0.201540650234031
"D5","JinHua_69",0,18,2,0.0215687259742983,0.0215693685457378
"D5","JinHua_70",0,18,2,0.0611605796574503,0.0611613706757911
"D5","JinHua_78",0,18,2,0.0215687259742983,0.0215693685457378
"D5","JinHua_82",0,18,2,0.0611605796574503,0.0611613706757911
"D5","JinHua_88",0,18,2,0.100710104051055,0.100710596725868
"D5","JinHua_90",0,18,2,0.0165350879630339,0.0165356508891429
"D5","JinHua_95",0,18,2,0.0280909433196098,0.0280916608226204
"D5","JinHua_97",0,18,2,0.0611605796574503,0.0611613706757911
"D5","SSR_102",0,18,2,0.0165350879630339,0.0165356508891429
"D5","SSR_120",0,18,2,0.0473341254604208,0.0473349346255775
"D5","SSR_124",0,18,2,0.100710104051055,0.100710596725868
"D5","SSR_131",0,18,2,0.201541787035039,0.201540650234031
"D5","SSR_159",0,18,2,0.0280909433196098,0.0280916608226204
"D5","SSR_169",0,18,2,0.0611605796574503,0.0611613706757911
"D5","SSR_170",0,18,2,0.078692177371578,0.0786928739437028
"D5","SSR_28",0,18,2,0.0280909433196098,0.0280916608226204
"D5","SSR_36",1,18,2,0.078692177371578,0.0786928739437028
"D5","SSR_44",1,18,2,0.0473341254604208,0.0473349346255775
"D5","SSR_5",0,18,2,0.100710104051055,0.100710596725868
"D5","SSR_50",0,18,2,0.128032482141887,0.128032624126315
"D5","SSR_52",0,18,2,0.0611605796574503,0.0611613706757911
"D5","SSR_6",0,18,2,0.0473341254604208,0.0473349346255775
"D5","SSR_61",0,18,2,0.0611605796574503,0.0611613706757911
"D5","SSR_62",0,18,2,0.078692177371578,0.0786928739437028
"D5","SSR_73",0,18,2,0.0473341254604208,0.0473349346255775
"D5","SSR_75",0,18,2,0.201541787035039,0.201540650234031
"D5","JinHua_11",0,18,3,0.0752625746352815,0.034276398380552
"D5","JinHua_111",0,18,3,0.135885686847186,0.110990726447675
"D5","JinHua_113",0,18,3,0.0613370678837533,0.0460208773366351
"D5","JinHua_128",0,18,3,0.0264355813290258,0.0182910733834111
"D5","JinHua_137",0,18,3,0.112103131978868,0.0968799849814242
"D5","JinHua_140",0,18,3,0.0752625746352815,0.111282638280103
"D5","JinHua_170",1,18,3,0.274539783910608,0.146869679557921
"D5","JinHua_175",0,18,3,0.0264355813290258,0.0306963701173054
"D5","JinHua_180",0,18,3,0.0920396219829709,0.053274127998812
"D5","JinHua_184",0,18,3,0.0613370678837533,0.0260758690755375
"D5","JinHua_191",0,18,3,0.0752625746352815,0.0234900176536747
"D5","JinHua_194",0,18,3,0.0752625746352815,0.0608443984515789
"D5","JinHua_208",0,18,3,0.0327134693912384,0.0867929857319786
"D5","JinHua_215",0,18,3,0.0404203247475576,0.0938471619870798
"D5","JinHua_219",0,18,3,0.0498492431924479,0.0554002247946192
"D5","JinHua_22",0,18,3,0.112103131978868,0.249925460263826
"D5","JinHua_220",0,18,3,0.112103131978868,0.144678021998142
"D5","JinHua_221",0,18,3,0.0404203247475576,0.0234191966321287
"D5","JinHua_225",1,18,3,0.53146243166966,0.688112315306796
"D5","JinHua_23",0,18,3,0.0613370678837533,0.221624325928432
"D5","JinHua_25",1,18,3,0.233034500328448,0.187932841832385
"D5","JinHua_27",1,18,3,0.0404203247475576,0.0706310978957876
"D5","JinHua_3",0,18,3,0.0327134693912384,0.0121999253692927
"D5","JinHua_35",0,18,3,0.0920396219829709,0.175102687752799
"D5","JinHua_44",0,18,3,0.0404203247475576,0.0480548781298901
"D5","JinHua_51",0,18,3,0.274539783910608,0.359704730785882
"D5","JinHua_54",0,18,3,0.0264355813290258,0.0409445353667546
"D5","JinHua_56",0,18,3,0.0264355813290258,0.0812246309623599
"D5","JinHua_59",0,18,3,0.135885686847186,0.124451558349706
"D5","JinHua_6",0,18,3,0.0404203247475576,0.00947968905993151
"D5","JinHua_61",0,18,3,0.0920396219829709,0.0232450427213799
"D5","JinHua_64",0,18,3,0.0920396219829709,0.0661650891242537
"D5","JinHua_68",0,18,3,0.0752625746352815,0.0784875636138766
"D5","JinHua_7",0,18,3,0.0613370678837533,0.0257263907689359
"D5","JinHua_74",0,18,3,0.0264355813290258,0.016252277004984
"D5","JinHua_8",0,18,3,0.0498492431924479,0.0131105645653542
"D5","JinHua_87",0,18,3,0.112103131978868,0.124802472722436
"D5","JinHua_92",0,18,3,0.0264355813290258,0.0377945365524346
"D5","JinHua_96",0,18,3,0.163782993228078,0.103545465789823
"D5","SSR_1",0,18,3,0.0613370678837533,0.0408300949152702
"D5","SSR_103",0,18,3,0.320349785625332,0.394507219242926
"D5","SSR_143",1,18,3,0.422364518493288,0.198183269038379
"D5","SSR_179",0,18,3,0.0498492431924479,0.0243272206886001
"D5","SSR_181",0,18,3,0.135885686847186,0.124201087910047
"D5","SSR_182",0,18,3,0.422364518493288,0.384707947963121
"D5","SSR_23",0,18,3,0.0613370678837533,0.00870806751565913
"D5","SSR_27",0,18,3,0.0920396219829709,0.0423615135194444
"D5","SSR_3",0,18,3,0.0752625746352815,0.026594512021574
"D5","SSR_31",0,18,3,0.112103131978868,0.299580979415325
"D5","SSR_37",0,18,3,0.0613370678837533,0.0324194389230094
"D5","SSR_38",0,18,3,0.233034500328448,0.579605056114156
"D5","SSR_59",1,18,3,0.135885686847186,0.208727843341847
"D5","SSR_60",0,18,3,0.0498492431924479,0.0822292533732612
"D5","SSR_64",0,18,3,0.0613370678837533,0.158735361777055
"D5","SSR_70",0,18,3,0.0752625746352815,0.0592167129771107
"D5","SSR_78",0,18,3,0.112103131978868,0.0700044469905557
"D5","SSR_81",0,18,3,0.0613370678837533,0.298856751997654
"D5","SSR_94",0,18,3,0.0498492431924479,0.0131514349905146
"D5","JinHua_100",0,18,4,0.042003731989826,0.0420047708153797
"D5","JinHua_104",0,18,4,0.0688124107237998,0.0688133780048653
"D5","JinHua_106",0,18,4,0.0326697684365371,0.0326707536888929
"D5","JinHua_112",0,18,4,0.110753461655185,0.1107538925447
"D5","JinHua_122",0,18,4,0.110753461655185,0.1107538925447
"D5","JinHua_129",0,18,4,0.0688124107237998,0.0688133780048653
"D5","JinHua_132",0,18,4,0.0196448713177721,0.0196456782139987
"D5","JinHua_134",0,18,4,0.0688124107237998,0.0688133780048653
"D5","JinHua_135",0,18,4,0.0875380969147331,0.0875388745235457
"D5","JinHua_147",0,18,4,0.0196448713177721,0.0196456782139987
"D5","JinHua_15",0,18,4,0.110753461655185,0.1107538925447
"D5","JinHua_151",0,18,4,0.0326697684365371,0.0326707536888929
"D5","JinHua_159",0,18,4,0.0196448713177721,0.0196456782139987
"D5","JinHua_17",0,18,4,0.0152006014330658,0.0152013088581996
"D5","JinHua_173",1,18,4,0.687397525625026,0.687385795743965
"D5","JinHua_18",0,18,4,0.110753461655185,0.1107538925447
"D5","JinHua_181",0,18,4,0.0538559968259975,0.053857039162864
"D5","JinHua_19",0,18,4,0.0688124107237998,0.0688133780048653
"D5","JinHua_190",0,18,4,0.110753461655185,0.1107538925447
"D5","JinHua_200",0,18,4,0.0875380969147331,0.0875388745235457
"D5","JinHua_205",0,18,4,0.0538559968259975,0.053857039162864
"D5","JinHua_210",0,18,4,0.0253550781587491,0.0253559810637238
"D5","JinHua_211",0,18,4,0.139186457862477,0.139186339833328
"D5","JinHua_224",0,18,4,0.110753461655185,0.1107538925447
"D5","JinHua_24",0,18,4,0.0688124107237998,0.0688133780048653
"D5","JinHua_32",1,18,4,0.373544285985396,0.373537783829409
"D5","JinHua_33",0,18,4,0.214155813768512,0.214153843824493
"D5","JinHua_39",0,18,4,0.501241813164936,0.501232186625448
"D5","JinHua_45",0,18,4,0.0688124107237998,0.0688133780048653
"D5","JinHua_63",0,18,4,0.139186457862477,0.139186339833328
"D5","JinHua_65",0,18,4,0.139186457862477,0.139186339833328
"D5","JinHua_75",0,18,4,0.139186457862477,0.139186339833328
"D5","JinHua_76",0,18,4,0.0196448713177721,0.0196456782139987
"D5","JinHua_86",0,18,4,0.0196448713177721,0.0196456782139987
"D5","SSR_10",0,18,4,0.436338118564537,0.43632996636541
"D5","SSR_108",0,18,4,0.042003731989826,0.0420047708153797
"D5","SSR_117",0,18,4,0.0326697684365371,0.0326707536888929
"D5","SSR_130",0,18,4,0.0688124107237998,0.0688133780048653
"D5","SSR_14",1,18,4,0.110753461655185,0.1107538925447
"D5","SSR_15",0,18,4,0.0688124107237998,0.0688133780048653
"D5","SSR_150",0,18,4,0.0875380969147331,0.0875388745235457
"D5","SSR_157",0,18,4,0.139186457862477,0.139186339833328
"D5","SSR_158",1,18,4,0.110753461655185,0.1107538925447
"D5","SSR_161",0,18,4,0.214155813768512,0.214153843824493
"D5","SSR_17",0,18,4,0.0326697684365371,0.0326707536888929
"D5","SSR_172",0,18,4,0.0688124107237998,0.0688133780048653
"D5","SSR_18",0,18,4,0.314741190869677,0.314736354102664
"D5","SSR_21",0,18,4,0.0196448713177721,0.0196456782139987
"D5","SSR_25",0,18,4,0.0326697684365371,0.0326707536888929
"D5","SSR_26",0,18,4,0.173494729299696,0.173493819423009
"D5","SSR_32",0,18,4,0.261333281674696,0.261329987364185
"D5","SSR_34",0,18,4,0.139186457862477,0.139186339833328
"D5","SSR_35",1,18,4,0.0688124107237998,0.0688133780048653
"D5","SSR_39",0,18,4,0.0152006014330658,0.0152013088581996
"D5","SSR_4",0,18,4,0.0875380969147331,0.0875388745235457
"D5","SSR_42",0,18,4,0.0538559968259975,0.053857039162864
"D5","SSR_51",0,18,4,0.214155813768512,0.214153843824493
"D5","SSR_69",1,18,4,0.042003731989826,0.0420047708153797
"D5","JinHua_1",0,18,5,0.0194243225462838,0.0194250515234375
"D5","JinHua_10",1,18,5,0.0867876153343169,0.086788369084342
"D5","JinHua_102",0,18,5,0.0250805486605971,0.0250813672669659
"D5","JinHua_103",0,18,5,0.37190715860979,0.371901541972328
"D5","JinHua_108",0,18,5,0.068188406181321,0.068189315039972
"D5","JinHua_110",0,18,5,0.0194243225462838,0.0194250515234375
"D5","JinHua_117",0,18,5,0.0194243225462838,0.0194250515234375
"D5","JinHua_120",0,18,5,0.212805229209854,0.212803610314557
"D5","JinHua_121",1,18,5,0.068188406181321,0.068189315039972
"D5","JinHua_123",1,18,5,0.068188406181321,0.068189315039972
"D5","JinHua_124",0,18,5,0.0323295247859507,0.0323304221779341
"D5","JinHua_126",0,18,5,0.068188406181321,0.068189315039972
"D5","JinHua_13",0,18,5,0.627466292865383,0.627456190265337
"D5","JinHua_131",0,18,5,0.041584289692532,0.0415852418825231
"D5","JinHua_153",0,18,5,0.259850288060129,0.259847507477416
"D5","JinHua_157",0,18,5,0.0323295247859507,0.0323304221779341
"D5","JinHua_166",0,18,5,0.0150240444659631,0.0150246817746728
"D5","JinHua_171",0,18,5,0.10986185057405,0.109862311837718
"D5","JinHua_195",0,18,5,0.041584289692532,0.0415852418825231
"D5","JinHua_197",0,18,5,0.0533423152142683,0.0533432795870419
"D5","JinHua_204",0,18,5,0.10986185057405,0.109862311837718
"D5","JinHua_206",0,18,5,0.172294824747674,0.172294130185705
"D5","JinHua_207",0,18,5,0.138142824293535,0.138142815148178
"D5","JinHua_214",0,18,5,0.10986185057405,0.109862311837718
"D5","JinHua_217",0,18,5,0.0194243225462838,0.0194250515234375
"D5","JinHua_218",0,18,5,0.0323295247859507,0.0323304221779341
"D5","JinHua_30",0,18,5,0.0250805486605971,0.0250813672669659
"D5","JinHua_42",0,18,5,0.041584289692532,0.0415852418825231
"D5","JinHua_43",0,18,5,0.0867876153343169,0.086788369084342
"D5","JinHua_5",0,18,5,0.0323295247859507,0.0323304221779341
"D5","JinHua_53",0,18,5,0.0194243225462838,0.0194250515234375
"D5","JinHua_62",0,18,5,0.0194243225462838,0.0194250515234375
"D5","JinHua_66",0,18,5,0.0194243225462838,0.0194250515234375
"D5","JinHua_72",0,18,5,0.212805229209854,0.212803610314557
"D5","JinHua_83",1,18,5,0.172294824747674,0.172294130185705
"D5","JinHua_84",1,18,5,0.434702021493282,0.434694934898931
"D5","JinHua_9",0,18,5,0.0250805486605971,0.0250813672669659
"D5","JinHua_99",0,18,5,0.0867876153343169,0.086788369084342
"D5","SSR_105",0,18,5,0.0867876153343169,0.086788369084342
"D5","SSR_13",0,18,5,0.10986185057405,0.109862311837718
"D5","SSR_134",0,18,5,0.10986185057405,0.109862311837718
"D5","SSR_152",0,18,5,0.041584289692532,0.0415852418825231
"D5","SSR_164",0,18,5,0.068188406181321,0.068189315039972
"D5","SSR_171",0,18,5,0.0867876153343169,0.086788369084342
"D5","SSR_174",0,18,5,0.10986185057405,0.109862311837718
"D5","SSR_177",0,18,5,0.0867876153343169,0.086788369084342
"D5","SSR_19",0,18,5,0.259850288060129,0.259847507477416
"D5","SSR_2",0,18,5,0.172294824747674,0.172294130185705
"D5","SSR_24",0,18,5,0.0194243225462838,0.0194250515234375
"D5","SSR_29",0,18,5,0.041584289692532,0.0415852418825231
"D5","SSR_30",0,18,5,0.0323295247859507,0.0323304221779341
"D5","SSR_33",0,18,5,0.0323295247859507,0.0323304221779341
"D5","SSR_48",0,18,5,0.0533423152142683,0.0533432795870419
"D5","SSR_67",0,18,5,0.0250805486605971,0.0250813672669659
"D5","SSR_77",0,18,5,0.068188406181321,0.068189315039972
"D5","SSR_79",0,18,5,0.138142824293535,0.138142815148178
"D5","SSR_90",0,18,5,0.0323295247859507,0.0323304221779341
"D5","JinHua_1",0,19,1,0.0221124295603783,0.0221275872763655
"D5","JinHua_102",0,19,1,0.028006895025899,0.0280235248335996
"D5","JinHua_113",0,19,1,0.0562620958923608,0.0562801825245987
"D5","JinHua_117",0,19,1,0.0221124295603783,0.0221275872763655
"D5","JinHua_120",0,19,1,0.203317679985511,0.203285340478791
"D5","JinHua_121",1,19,1,0.0706025259399861,0.0706189677971075
"D5","JinHua_135",0,19,1,0.0882563090549657,0.08826922502475
"D5","JinHua_137",0,19,1,0.109802810398347,0.10980969782369
"D5","JinHua_138",1,19,1,0.292976268459439,0.29289761356861
"D5","JinHua_140",0,19,1,0.0706025259399861,0.0706189677971075
"D5","JinHua_141",0,19,1,0.0446943486259343,0.044712738556795
"D5","JinHua_144",1,19,1,0.292976268459439,0.29289761356861
"D5","JinHua_148",0,19,1,0.0562620958923608,0.0562801825245987
"D5","JinHua_15",0,19,1,0.109802810398347,0.10980969782369
"D5","JinHua_157",0,19,1,0.0354157299760597,0.035433521024322
"D5","JinHua_158",0,19,1,0.0354157299760597,0.035433521024322
"D5","JinHua_163",0,19,1,0.0706025259399861,0.0706189677971075
"D5","JinHua_172",0,19,1,0.0221124295603783,0.0221275872763655
"D5","JinHua_188",0,19,1,0.0354157299760597,0.035433521024322
"D5","JinHua_190",0,19,1,0.109802810398347,0.10980969782369
"D5","JinHua_199",1,19,1,0.0354157299760597,0.035433521024322
"D5","JinHua_203",0,19,1,0.0706025259399861,0.0706189677971075
"D5","JinHua_205",0,19,1,0.0562620958923608,0.0562801825245987
"D5","JinHua_214",0,19,1,0.109802810398347,0.10980969782369
"D5","JinHua_218",0,19,1,0.0354157299760597,0.035433521024322
"D5","JinHua_219",0,19,1,0.0446943486259343,0.044712738556795
"D5","JinHua_221",0,19,1,0.0354157299760597,0.035433521024322
"D5","JinHua_223",0,19,1,0.028006895025899,0.0280235248335996
"D5","JinHua_225",1,19,1,0.581956846507654,0.58175491930388
"D5","JinHua_3",0,19,1,0.028006895025899,0.0280235248335996
"D5","JinHua_31",0,19,1,0.203317679985511,0.203285340478791
"D5","JinHua_38",0,19,1,0.522099288202094,0.521914668669499
"D5","JinHua_49",0,19,1,0.0562620958923608,0.0562801825245987
"D5","JinHua_66",0,19,1,0.0221124295603783,0.0221275872763655
"D5","JinHua_68",0,19,1,0.0706025259399861,0.0706189677971075
"D5","JinHua_74",0,19,1,0.0221124295603783,0.0221275872763655
"D5","JinHua_77",0,19,1,0.135825936407594,0.135823638072068
"D5","JinHua_79",0,19,1,0.0221124295603783,0.0221275872763655
"D5","JinHua_82",0,19,1,0.0706025259399861,0.0706189677971075
"D5","SSR_106",0,19,1,0.0446943486259343,0.044712738556795
"D5","SSR_134",0,19,1,0.109802810398347,0.10980969782369
"D5","SSR_145",0,19,1,0.292976268459439,0.29289761356861
"D5","SSR_151",0,19,1,0.0706025259399861,0.0706189677971075
"D5","SSR_162",0,19,1,0.0706025259399861,0.0706189677971075
"D5","SSR_170",0,19,1,0.0882563090549657,0.08826922502475
"D5","SSR_179",0,19,1,0.0446943486259343,0.044712738556795
"D5","SSR_19",0,19,1,0.245394223076778,0.245340580672519
"D5","SSR_2",0,19,1,0.166860470469,0.166845231557185
"D5","SSR_20",0,19,1,0.0221124295603783,0.0221275872763655
"D5","SSR_24",0,19,1,0.0221124295603783,0.0221275872763655
"D5","SSR_34",0,19,1,0.135825936407594,0.135823638072068
"D5","SSR_37",0,19,1,0.0562620958923608,0.0562801825245987
"D5","SSR_38",0,19,1,0.245394223076778,0.245340580672519
"D5","SSR_5",0,19,1,0.109802810398347,0.10980969782369
"D5","SSR_54",0,19,1,0.135825936407594,0.135823638072068
"D5","SSR_59",1,19,1,0.135825936407594,0.135823638072068
"D5","SSR_64",0,19,1,0.0562620958923608,0.0562801825245987
"D5","SSR_77",0,19,1,0.0706025259399861,0.0706189677971075
"D5","SSR_78",0,19,1,0.109802810398347,0.10980969782369
"D5","JinHua_10",1,19,2,0.0860514279701689,0.0770967143651669
"D5","JinHua_107",0,19,2,0.0235941181987187,0.0266366634385476
"D5","JinHua_11",0,19,2,0.0698169567910166,0.0677976926752505
"D5","JinHua_110",0,19,2,0.0235941181987187,0.0246609779655624
"D5","JinHua_122",0,19,2,0.105632195521256,0.0977629000067437
"D5","JinHua_126",0,19,2,0.0698169567910166,0.071431245243203
"D5","JinHua_134",0,19,2,0.0698169567910166,0.0739734607163016
"D5","JinHua_136",0,19,2,0.0860514279701689,0.0946843350278331
"D5","JinHua_14",0,19,2,0.0698169567910166,0.0648905617865949
"D5","JinHua_152",0,19,2,0.0698169567910166,0.0692418135744774
"D5","JinHua_16",0,19,2,0.15672461938228,0.169087225728161
"D5","JinHua_160",0,19,2,0.226277221876461,0.240244185793529
"D5","JinHua_166",0,19,2,0.0188991891650378,0.0197436697173956
"D5","JinHua_181",0,19,2,0.0564560886529523,0.0585197092743759
"D5","JinHua_192",0,19,2,0.0698169567910166,0.0691566184337534
"D5","JinHua_197",0,19,2,0.0564560886529523,0.0596547352471719
"D5","JinHua_198",0,19,2,0.0698169567910166,0.0671742977214214
"D5","JinHua_200",0,19,2,0.0860514279701689,0.0979376089362403
"D5","JinHua_201",0,19,2,0.0455269457291965,0.0453721243646697
"D5","JinHua_204",0,19,2,0.105632195521256,0.106623757139378
"D5","JinHua_206",0,19,2,0.15672461938228,0.156257280385617
"D5","JinHua_207",0,19,2,0.129039438827792,0.129152699653486
"D5","JinHua_208",0,19,2,0.0294203852832847,0.0314224634041077
"D5","JinHua_211",0,19,2,0.129039438827792,0.130571267372364
"D5","JinHua_220",0,19,2,0.105632195521256,0.110626471047665
"D5","JinHua_224",0,19,2,0.105632195521256,0.105400075160681
"D5","JinHua_23",0,19,2,0.0564560886529523,0.0545886060547031
"D5","JinHua_32",1,19,2,0.315160564238305,0.323505929352028
"D5","JinHua_46",0,19,2,0.0294203852832847,0.0300716238119078
"D5","JinHua_62",0,19,2,0.0235941181987187,0.0240349000050434
"D5","JinHua_65",0,19,2,0.129039438827792,0.127897258786848
"D5","JinHua_72",0,19,2,0.189060246472393,0.182070479664459
"D5","JinHua_73",0,19,2,0.0235941181987187,0.026019680825439
"D5","JinHua_76",0,19,2,0.0235941181987187,0.0264587767845599
"D5","JinHua_78",0,19,2,0.0294203852832847,0.0321800954597809
"D5","JinHua_84",1,19,2,0.365997385965563,0.36649987155924
"D5","JinHua_90",0,19,2,0.0235941181987187,0.0233904049425258
"D5","JinHua_92",0,19,2,0.0235941181987187,0.0232495900708898
"D5","JinHua_95",0,19,2,0.036631398911864,0.0377587587575526
"D5","JinHua_96",0,19,2,0.15672461938228,0.164944270157952
"D5","JinHua_99",0,19,2,0.0860514279701689,0.0904054504805096
"D5","SSR_108",0,19,2,0.0455269457291965,0.0467146658056093
"D5","SSR_12",0,19,2,0.0564560886529523,0.0524736995546136
"D5","SSR_152",0,19,2,0.0455269457291965,0.0493483118811457
"D5","SSR_159",0,19,2,0.036631398911864,0.0377866326339858
"D5","SSR_167",0,19,2,0.036631398911864,0.0375683880850124
"D5","SSR_171",0,19,2,0.0860514279701689,0.085993424827356
"D5","SSR_23",0,19,2,0.0564560886529523,0.0521562911270371
"D5","SSR_25",0,19,2,0.036631398911864,0.0316907143319287
"D5","SSR_26",0,19,2,0.15672461938228,0.13950867910678
"D5","SSR_30",0,19,2,0.036631398911864,0.0375967795399615
"D5","SSR_35",1,19,2,0.0698169567910166,0.0649405067318434
"D5","SSR_44",1,19,2,0.0564560886529523,0.0538000274613719
"D5","SSR_52",0,19,2,0.0698169567910166,0.0672572749736622
"D5","SSR_62",0,19,2,0.0860514279701689,0.0764299587934927
"D5","SSR_67",0,19,2,0.0294203852832847,0.0288727311507067
"D5","SSR_76",1,19,2,0.189060246472393,0.180463854774672
"D5","SSR_94",0,19,2,0.0455269457291965,0.0447994476129941
"D5","JinHua_100",0,19,3,0.0459882381424282,0.0460017972643651
"D5","JinHua_101",0,19,3,0.0718974092549975,0.0719092117459182
"D5","JinHua_105",0,19,3,0.202307989135733,0.202283217234813
"D5","JinHua_112",0,19,3,0.110709552986153,0.110713955218054
"D5","JinHua_116",0,19,3,0.13630559512141,0.136303080451302
"D5","JinHua_147",0,19,3,0.0231153257507291,0.0231267822758743
"D5","JinHua_165",0,19,3,0.0291228002125292,0.029135276335319
"D5","JinHua_169",0,19,3,0.0231153257507291,0.0231267822758743
"D5","JinHua_17",0,19,3,0.0183236895757526,0.0183340049647398
"D5","JinHua_173",1,19,3,0.628461388140659,0.628302105902524
"D5","JinHua_175",0,19,3,0.0231153257507291,0.0231267822758743
"D5","JinHua_176",0,19,3,0.110709552986153,0.110713955218054
"D5","JinHua_179",1,19,3,0.51280557751003,0.512668179111655
"D5","JinHua_189",0,19,3,0.0575897446536086,0.057602930897533
"D5","JinHua_191",0,19,3,0.0718974092549975,0.0719092117459182
"D5","JinHua_2",0,19,3,0.0231153257507291,0.0231267822758743
"D5","JinHua_213",0,19,3,0.089422400776758,0.0894314221366182
"D5","JinHua_215",0,19,3,0.0366330174870649,0.0366462568231758
"D5","JinHua_217",0,19,3,0.0231153257507291,0.0231267822758743
"D5","JinHua_26",0,19,3,0.0459882381424282,0.0460017972643651
"D5","JinHua_30",0,19,3,0.0291228002125292,0.029135276335319
"D5","JinHua_33",0,19,3,0.202307989135733,0.202283217234813
"D5","JinHua_4",0,19,3,0.0718974092549975,0.0719092117459182
"D5","JinHua_48",0,19,3,0.089422400776758,0.0894314221366182
"D5","JinHua_50",0,19,3,0.110709552986153,0.110713955218054
"D5","JinHua_6",0,19,3,0.0366330174870649,0.0366462568231758
"D5","JinHua_60",1,19,3,0.13630559512141,0.136303080451302
"D5","JinHua_7",0,19,3,0.0575897446536086,0.057602930897533
"D5","JinHua_83",1,19,3,0.166710064787436,0.166697918971486
"D5","JinHua_86",0,19,3,0.0231153257507291,0.0231267822758743
"D5","JinHua_87",0,19,3,0.110709552986153,0.110713955218054
"D5","JinHua_89",0,19,3,0.0366330174870649,0.0366462568231758
"D5","JinHua_9",0,19,3,0.0291228002125292,0.029135276335319
"D5","JinHua_97",0,19,3,0.0718974092549975,0.0719092117459182
"D5","SSR_1",0,19,3,0.0575897446536086,0.057602930897533
"D5","SSR_101",0,19,3,0.089422400776758,0.0894314221366182
"D5","SSR_102",0,19,3,0.0231153257507291,0.0231267822758743
"D5","SSR_103",0,19,3,0.340661237793207,0.340582239914988
"D5","SSR_105",0,19,3,0.089422400776758,0.0894314221366182
"D5","SSR_117",0,19,3,0.0366330174870649,0.0366462568231758
"D5","SSR_120",0,19,3,0.0575897446536086,0.057602930897533
"D5","SSR_124",0,19,3,0.110709552986153,0.110713955218054
"D5","SSR_158",1,19,3,0.110709552986153,0.110713955218054
"D5","SSR_164",0,19,3,0.0718974092549975,0.0719092117459182
"D5","SSR_18",0,19,3,0.28955566226761,0.289496902706359
"D5","SSR_182",0,19,3,0.453643355729082,0.45352342906383
"D5","SSR_27",0,19,3,0.089422400776758,0.0894314221366182
"D5","SSR_31",0,19,3,0.110709552986153,0.110713955218054
"D5","SSR_32",0,19,3,0.243287928237411,0.243247505761736
"D5","SSR_39",0,19,3,0.0183236895757526,0.0183340049647398
"D5","SSR_46",0,19,3,0.0575897446536086,0.057602930897533
"D5","SSR_48",0,19,3,0.0575897446536086,0.057602930897533
"D5","SSR_56",0,19,3,0.0718974092549975,0.0719092117459182
"D5","SSR_60",0,19,3,0.0459882381424282,0.0460017972643651
"D5","SSR_69",1,19,3,0.0459882381424282,0.0460017972643651
"D5","SSR_73",0,19,3,0.0575897446536086,0.057602930897533
"D5","SSR_9",0,19,3,0.202307989135733,0.202283217234813
"D5","SSR_95",0,19,3,0.089422400776758,0.0894314221366182
"D5","JinHua_103",0,19,4,0.305657056833165,0.305612020151151
"D5","JinHua_104",0,19,4,0.0744937319587072,0.0745011456237804
"D5","JinHua_111",0,19,4,0.13210719412992,0.132105775081037
"D5","JinHua_114",0,19,4,0.0270781083805835,0.0270862070335804
"D5","JinHua_119",0,19,4,0.0744937319587072,0.0745011456237804
"D5","JinHua_12",0,19,4,0.188823396177139,0.188809257234218
"D5","JinHua_124",0,19,4,0.0408242797983346,0.040833186315581
"D5","JinHua_129",0,19,4,0.0744937319587072,0.0745011456237804
"D5","JinHua_132",0,19,4,0.0270781083805835,0.0270862070335804
"D5","JinHua_139",0,19,4,0.0332724251976253,0.033281027182938
"D5","JinHua_143",0,19,4,0.13210719412992,0.132105775081037
"D5","JinHua_155",0,19,4,0.0611103690068514,0.061118832140218
"D5","JinHua_162",0,19,4,0.050001526882747,0.0500104323070277
"D5","JinHua_170",1,19,4,0.262523676984673,0.262490330418582
"D5","JinHua_171",0,19,4,0.109598870438029,0.109601562976302
"D5","JinHua_18",0,19,4,0.109598870438029,0.109601562976302
"D5","JinHua_183",0,19,4,0.0408242797983346,0.040833186315581
"D5","JinHua_184",0,19,4,0.0611103690068514,0.061118832140218
"D5","JinHua_185",0,19,4,0.0270781083805835,0.0270862070335804
"D5","JinHua_19",0,19,4,0.0744937319587072,0.0745011456237804
"D5","JinHua_193",0,19,4,0.0332724251976253,0.033281027182938
"D5","JinHua_195",0,19,4,0.050001526882747,0.0500104323070277
"D5","JinHua_210",0,19,4,0.0332724251976253,0.033281027182938
"D5","JinHua_222",0,19,4,0.0332724251976253,0.033281027182938
"D5","JinHua_25",1,19,4,0.223517713238131,0.223494755949222
"D5","JinHua_34",0,19,4,0.0744937319587072,0.0745011456237804
"D5","JinHua_35",0,19,4,0.0905254936016352,0.0905310558891587
"D5","JinHua_42",0,19,4,0.050001526882747,0.0500104323070277
"D5","JinHua_43",0,19,4,0.0905254936016352,0.0905310558891587
"D5","JinHua_44",0,19,4,0.0408242797983346,0.040833186315581
"D5","JinHua_53",0,19,4,0.0270781083805835,0.0270862070335804
"D5","JinHua_57",0,19,4,0.0744937319587072,0.0745011456237804
"D5","JinHua_64",0,19,4,0.0905254936016352,0.0905310558891587
"D5","JinHua_8",0,19,4,0.050001526882747,0.0500104323070277
"D5","JinHua_88",0,19,4,0.109598870438029,0.109601562976302
"D5","JinHua_91",1,19,4,0.0744937319587072,0.0745011456237804
"D5","SSR_131",0,19,4,0.188823396177139,0.188809257234218
"D5","SSR_143",1,19,4,0.402340768657841,0.402270519458557
"D5","SSR_157",0,19,4,0.13210719412992,0.132105775081037
"D5","SSR_161",0,19,4,0.188823396177139,0.188809257234218
"D5","SSR_172",0,19,4,0.0744937319587072,0.0745011456237804
"D5","SSR_173",1,19,4,0.223517713238131,0.223494755949222
"D5","SSR_174",0,19,4,0.109598870438029,0.109601562976302
"D5","SSR_177",0,19,4,0.0905254936016352,0.0905310558891587
"D5","SSR_21",0,19,4,0.0270781083805835,0.0270862070335804
"D5","SSR_22",0,19,4,0.0744937319587072,0.0745011456237804
"D5","SSR_3",0,19,4,0.0744937319587072,0.0745011456237804
"D5","SSR_33",0,19,4,0.0408242797983346,0.040833186315581
"D5","SSR_36",1,19,4,0.0905254936016352,0.0905310558891587
"D5","SSR_40",0,19,4,0.0408242797983346,0.040833186315581
"D5","SSR_42",0,19,4,0.0611103690068514,0.061118832140218
"D5","SSR_50",0,19,4,0.13210719412992,0.132105775081037
"D5","SSR_6",0,19,4,0.0611103690068514,0.061118832140218
"D5","SSR_61",0,19,4,0.0744937319587072,0.0745011456237804
"D5","SSR_70",0,19,4,0.0744937319587072,0.0745011456237804
"D5","SSR_75",0,19,4,0.188823396177139,0.188809257234218
"D5","SSR_79",0,19,4,0.13210719412992,0.132105775081037
"D5","SSR_81",0,19,4,0.0611103690068514,0.061118832140218
"D5","JinHua_106",0,19,5,0.0236481984455348,0.0188890817836619
"D5","JinHua_108",0,19,5,0.0593778798628452,0.0810296334795086
"D5","JinHua_123",1,19,5,0.0593778798628452,0.0988216365958213
"D5","JinHua_128",0,19,5,0.0126277928122595,0.00964350673609231
"D5","JinHua_13",0,19,5,0.744415361415483,0.617363641991359
"D5","JinHua_131",0,19,5,0.0322570275688853,0.042484739329004
"D5","JinHua_145",0,19,5,0.0172958507500176,0.0499209405359531
"D5","JinHua_146",0,19,5,0.0799288394368713,0.164881845285215
"D5","JinHua_149",0,19,5,0.0236481984455348,0.0288074793458409
"D5","JinHua_150",0,19,5,0.0126277928122595,0.0199978035445654
"D5","JinHua_151",0,19,5,0.0236481984455348,0.023144722181139
"D5","JinHua_153",0,19,5,0.300107272433718,0.342433424090418
"D5","JinHua_156",1,19,5,0.0593778798628452,0.0664969610729229
"D5","JinHua_159",0,19,5,0.0126277928122595,0.0179536494952865
"D5","JinHua_161",0,19,5,0.0322570275688853,0.045476537980034
"D5","JinHua_174",0,19,5,0.0438590120857654,0.0998854042336967
"D5","JinHua_180",0,19,5,0.0799288394368713,0.0555494513843455
"D5","JinHua_182",0,19,5,0.0438590120857654,0.0466685904974091
"D5","JinHua_194",0,19,5,0.0593778798628452,0.0509780966826018
"D5","JinHua_22",0,19,5,0.106785095468046,0.153205924964332
"D5","JinHua_24",0,19,5,0.0593778798628452,0.0465075802871923
"D5","JinHua_27",1,19,5,0.0236481984455348,0.0360584304056495
"D5","JinHua_37",0,19,5,0.0799288394368713,0.0862691212747684
"D5","JinHua_39",0,19,5,0.605977457011717,0.775623975747172
"D5","JinHua_45",0,19,5,0.0593778798628452,0.0156541571671559
"D5","JinHua_5",0,19,5,0.0236481984455348,0.00884005642597422
"D5","JinHua_51",0,19,5,0.371104443771345,0.357439784054883
"D5","JinHua_54",0,19,5,0.0126277928122595,0.0135980879200136
"D5","JinHua_56",0,19,5,0.0126277928122595,0.0291796427063887
"D5","JinHua_59",0,19,5,0.141279486183306,0.203503965798207
"D5","JinHua_61",0,19,5,0.0799288394368713,0.038967420099358
"D5","JinHua_63",0,19,5,0.141279486183306,0.280505107396515
"D5","JinHua_67",0,19,5,0.237562003942319,0.173867776882868
"D5","JinHua_69",0,19,5,0.0172958507500176,0.0197544583767824
"D5","JinHua_70",0,19,5,0.0593778798628452,0.0453260802204165
"D5","JinHua_75",0,19,5,0.141279486183306,0.247407914993807
"D5","SSR_10",0,19,5,0.527753749304273,0.230661346689945
"D5","SSR_125",0,19,5,0.0322570275688853,0.0613075727930797
"D5","SSR_13",0,19,5,0.106785095468046,0.0157358067090477
"D5","SSR_130",0,19,5,0.0593778798628452,0.0702666965369359
"D5","SSR_139",0,19,5,0.0799288394368713,0.0760776210367164
"D5","SSR_14",1,19,5,0.106785095468046,0.0538901855269905
"D5","SSR_15",0,19,5,0.0593778798628452,0.0312031588062076
"D5","SSR_150",0,19,5,0.0799288394368713,0.222788746297157
"D5","SSR_154",1,19,5,0.106785095468046,0.150566116212907
"D5","SSR_169",0,19,5,0.0593778798628452,0.0348752636591808
"D5","SSR_17",0,19,5,0.0236481984455348,0.0130740726431832
"D5","SSR_181",0,19,5,0.141279486183306,0.130598305465046
"D5","SSR_28",0,19,5,0.0236481984455348,0.0129667918811408
"D5","SSR_29",0,19,5,0.0322570275688853,0.055277448756613
"D5","SSR_4",0,19,5,0.0799288394368713,0.0434245911298386
"D5","SSR_43",0,19,5,0.0172958507500176,0.0157834979779987
"D5","SSR_47",0,19,5,0.371104443771345,0.330833962101084
"D5","SSR_51",0,19,5,0.237562003942319,0.172554039319971
"D5","SSR_57",0,19,5,0.0322570275688853,0.16623150097947
"D5","SSR_8",0,19,5,0.237562003942319,0.129634945969276
"D5","SSR_90",0,19,5,0.0236481984455348,0.0201245167206669
"D5","JinHua_1",0,20,1,0.0204403561281033,0.0204409661303283
"D5","JinHua_100",0,20,1,0.0428988468094144,0.0428996158950111
"D5","JinHua_101",0,20,1,0.0694364167352836,0.0694371215971847
"D5","JinHua_103",0,20,1,0.364325685658495,0.364320965313092
"D5","JinHua_104",0,20,1,0.0694364167352836,0.0694371215971847
"D5","JinHua_105",0,20,1,0.210624376949739,0.21062293909881
"D5","JinHua_108",0,20,1,0.0694364167352836,0.0694371215971847
"D5","JinHua_111",0,20,1,0.1381369094692,0.138136811195613
"D5","JinHua_112",0,20,1,0.110495109859745,0.110495413160616
"D5","JinHua_119",0,20,1,0.0694364167352836,0.0694371215971847
"D5","JinHua_13",0,20,1,0.613662143816141,0.613653602334734
"D5","JinHua_14",0,20,1,0.0694364167352836,0.0694371215971847
"D5","JinHua_155",0,20,1,0.0546698666921894,0.0546706326074449
"D5","JinHua_158",0,20,1,0.0335722490040184,0.0335729836552994
"D5","JinHua_161",0,20,1,0.0428988468094144,0.0428996158950111
"D5","JinHua_169",0,20,1,0.0204403561281033,0.0204409661303283
"D5","JinHua_172",0,20,1,0.0204403561281033,0.0204409661303283
"D5","JinHua_184",0,20,1,0.0546698666921894,0.0546706326074449
"D5","JinHua_185",0,20,1,0.0204403561281033,0.0204409661303283
"D5","JinHua_188",0,20,1,0.0335722490040184,0.0335729836552994
"D5","JinHua_190",0,20,1,0.110495109859745,0.110495413160616
"D5","JinHua_191",0,20,1,0.0694364167352836,0.0694371215971847
"D5","JinHua_193",0,20,1,0.0262177937671175,0.026218471709768
"D5","JinHua_204",0,20,1,0.110495109859745,0.110495413160616
"D5","JinHua_210",0,20,1,0.0262177937671175,0.026218471709768
"D5","JinHua_22",0,20,1,0.110495109859745,0.110495413160616
"D5","JinHua_220",0,20,1,0.110495109859745,0.110495413160616
"D5","JinHua_225",1,20,1,0.613662143816141,0.613653602334734
"D5","JinHua_24",0,20,1,0.0694364167352836,0.0694371215971847
"D5","JinHua_25",1,20,1,0.256102911921303,0.256100519168537
"D5","JinHua_26",0,20,1,0.0428988468094144,0.0428996158950111
"D5","JinHua_30",0,20,1,0.0262177937671175,0.026218471709768
"D5","JinHua_37",0,20,1,0.0878209400263566,0.087821500566225
"D5","JinHua_65",0,20,1,0.1381369094692,0.138136811195613
"D5","JinHua_69",0,20,1,0.0262177937671175,0.026218471709768
"D5","JinHua_7",0,20,1,0.0546698666921894,0.0546706326074449
"D5","JinHua_76",0,20,1,0.0204403561281033,0.0204409661303283
"D5","JinHua_82",0,20,1,0.0694364167352836,0.0694371215971847
"D5","SSR_105",0,20,1,0.0878209400263566,0.087821500566225
"D5","SSR_117",0,20,1,0.0335722490040184,0.0335729836552994
"D5","SSR_125",0,20,1,0.0428988468094144,0.0428996158950111
"D5","SSR_139",0,20,1,0.0878209400263566,0.087821500566225
"D5","SSR_143",1,20,1,0.488263921164462,0.488256873835018
"D5","SSR_157",0,20,1,0.1381369094692,0.138136811195613
"D5","SSR_19",0,20,1,0.256102911921303,0.256100519168537
"D5","SSR_24",0,20,1,0.0204403561281033,0.0204409661303283
"D5","SSR_32",0,20,1,0.256102911921303,0.256100519168537
"D5","SSR_33",0,20,1,0.0335722490040184,0.0335729836552994
"D5","SSR_36",1,20,1,0.0878209400263566,0.087821500566225
"D5","SSR_42",0,20,1,0.0546698666921894,0.0546706326074449
"D5","SSR_44",1,20,1,0.0546698666921894,0.0546706326074449
"D5","SSR_47",0,20,1,0.307575048899198,0.307571541074353
"D5","SSR_5",0,20,1,0.110495109859745,0.110495413160616
"D5","SSR_52",0,20,1,0.0694364167352836,0.0694371215971847
"D5","SSR_56",0,20,1,0.0694364167352836,0.0694371215971847
"D5","SSR_69",1,20,1,0.0428988468094144,0.0428996158950111
"D5","SSR_70",0,20,1,0.0694364167352836,0.0694371215971847
"D5","SSR_79",0,20,1,0.1381369094692,0.138136811195613
"D5","SSR_90",0,20,1,0.0335722490040184,0.0335729836552994
"D5","JinHua_10",1,20,2,0.0888156499386012,0.0888245537611622
"D5","JinHua_107",0,20,2,0.0242934813924478,0.024304846804346
"D5","JinHua_113",0,20,2,0.0582439431656316,0.058256732428723
"D5","JinHua_128",0,20,2,0.0242934813924478,0.024304846804346
"D5","JinHua_131",0,20,2,0.0469507198856209,0.0469639082683464
"D5","JinHua_132",0,20,2,0.0242934813924478,0.024304846804346
"D5","JinHua_135",0,20,2,0.0888156499386012,0.0888245537611622
"D5","JinHua_143",0,20,2,0.133165130281283,0.133163617832187
"D5","JinHua_144",1,20,2,0.276195786948003,0.276143944399549
"D5","JinHua_157",0,20,2,0.0377594034324185,0.0377723496781095
"D5","JinHua_159",0,20,2,0.0242934813924478,0.024304846804346
"D5","JinHua_16",0,20,2,0.161677853277295,0.161667733918182
"D5","JinHua_166",0,20,2,0.0194471562556649,0.0194574740444305
"D5","JinHua_173",1,20,2,0.599014484952956,0.598863463774638
"D5","JinHua_19",0,20,2,0.0720482123434838,0.0720596843733542
"D5","JinHua_195",0,20,2,0.0469507198856209,0.0469639082683464
"D5","JinHua_197",0,20,2,0.0582439431656316,0.058256732428723
"D5","JinHua_206",0,20,2,0.161677853277295,0.161667733918182
"D5","JinHua_214",0,20,2,0.10902681591144,0.109031523149787
"D5","JinHua_215",0,20,2,0.0377594034324185,0.0377723496781095
"D5","JinHua_217",0,20,2,0.0242934813924478,0.024304846804346
"D5","JinHua_219",0,20,2,0.0469507198856209,0.0469639082683464
"D5","JinHua_224",0,20,2,0.10902681591144,0.109031523149787
"D5","JinHua_45",0,20,2,0.0720482123434838,0.0720596843733542
"D5","JinHua_48",0,20,2,0.0888156499386012,0.0888245537611622
"D5","JinHua_49",0,20,2,0.0582439431656316,0.058256732428723
"D5","JinHua_50",0,20,2,0.10902681591144,0.109031523149787
"D5","JinHua_59",0,20,2,0.133165130281283,0.133163617832187
"D5","JinHua_60",1,20,2,0.133165130281283,0.133163617832187
"D5","JinHua_62",0,20,2,0.0242934813924478,0.024304846804346
"D5","JinHua_73",0,20,2,0.0242934813924478,0.024304846804346
"D5","JinHua_8",0,20,2,0.0469507198856209,0.0469639082683464
"D5","JinHua_83",1,20,2,0.161677853277295,0.161667733918182
"D5","JinHua_91",1,20,2,0.0720482123434838,0.0720596843733542
"D5","SSR_10",0,20,2,0.375548242600407,0.375458554985387
"D5","SSR_106",0,20,2,0.0469507198856209,0.0469639082683464
"D5","SSR_130",0,20,2,0.0720482123434838,0.0720596843733542
"D5","SSR_134",0,20,2,0.10902681591144,0.109031523149787
"D5","SSR_145",0,20,2,0.276195786948003,0.276143944399549
"D5","SSR_150",0,20,2,0.0888156499386012,0.0888245537611622
"D5","SSR_162",0,20,2,0.0720482123434838,0.0720596843733542
"D5","SSR_164",0,20,2,0.0720482123434838,0.0720596843733542
"D5","SSR_170",0,20,2,0.0888156499386012,0.0888245537611622
"D5","SSR_172",0,20,2,0.0720482123434838,0.0720596843733542
"D5","SSR_177",0,20,2,0.0888156499386012,0.0888245537611622
"D5","SSR_181",0,20,2,0.133165130281283,0.133163617832187
"D5","SSR_22",0,20,2,0.0720482123434838,0.0720596843733542
"D5","SSR_25",0,20,2,0.0377594034324185,0.0377723496781095
"D5","SSR_29",0,20,2,0.0469507198856209,0.0469639082683464
"D5","SSR_3",0,20,2,0.0720482123434838,0.0720596843733542
"D5","SSR_38",0,20,2,0.233102863963224,0.233067509080754
"D5","SSR_40",0,20,2,0.0377594034324185,0.0377723496781095
"D5","SSR_46",0,20,2,0.0582439431656316,0.058256732428723
"D5","SSR_57",0,20,2,0.0469507198856209,0.0469639082683464
"D5","SSR_61",0,20,2,0.0720482123434838,0.0720596843733542
"D5","SSR_8",0,20,2,0.194922774811974,0.194901398601045
"D5","SSR_94",0,20,2,0.0469507198856209,0.0469639082683464
"D5","SSR_95",0,20,2,0.0888156499386012,0.0888245537611622
"D5","JinHua_106",0,20,3,0.0402563110908402,0.0402658627612794
"D5","JinHua_116",0,20,3,0.134041573716019,0.134039664371448
"D5","JinHua_121",1,20,3,0.074568414837478,0.074576376890805
"D5","JinHua_122",0,20,3,0.110730042970444,0.110732750049652
"D5","JinHua_136",0,20,3,0.0910464297736769,0.0910523414641548
"D5","JinHua_138",1,20,3,0.26988386977663,0.269845996589279
"D5","JinHua_151",0,20,3,0.0402563110908402,0.0402658627612794
"D5","JinHua_152",0,20,3,0.074568414837478,0.074576376890805
"D5","JinHua_160",0,20,3,0.229200590117037,0.229174396313444
"D5","JinHua_163",0,20,3,0.074568414837478,0.074576376890805
"D5","JinHua_17",0,20,3,0.0213681139072721,0.0213760411889934
"D5","JinHua_171",0,20,3,0.110730042970444,0.110732750049652
"D5","JinHua_179",1,20,3,0.468856170417241,0.46876453435984
"D5","JinHua_194",0,20,3,0.074568414837478,0.074576376890805
"D5","JinHua_201",0,20,3,0.0495581286580984,0.0495677032650086
"D5","JinHua_203",0,20,3,0.074568414837478,0.074576376890805
"D5","JinHua_211",0,20,3,0.134041573716019,0.134039664371448
"D5","JinHua_223",0,20,3,0.0326404404779458,0.0326496343739787
"D5","JinHua_23",0,20,3,0.0608729455993748,0.0608820538044026
"D5","JinHua_33",0,20,3,0.193028676307535,0.193012425320882
"D5","JinHua_43",0,20,3,0.0910464297736769,0.0910523414641548
"D5","JinHua_46",0,20,3,0.0326404404779458,0.0326496343739787
"D5","JinHua_5",0,20,3,0.0402563110908402,0.0402658627612794
"D5","JinHua_51",0,20,3,0.26988386977663,0.269845996589279
"D5","JinHua_57",0,20,3,0.074568414837478,0.074576376890805
"D5","JinHua_61",0,20,3,0.0910464297736769,0.0910523414641548
"D5","JinHua_67",0,20,3,0.193028676307535,0.193012425320882
"D5","JinHua_72",0,20,3,0.193028676307535,0.193012425320882
"D5","JinHua_78",0,20,3,0.0326404404779458,0.0326496343739787
"D5","JinHua_86",0,20,3,0.0264257033390767,0.0264343253692243
"D5","JinHua_89",0,20,3,0.0402563110908402,0.0402658627612794
"D5","JinHua_9",0,20,3,0.0326404404779458,0.0326496343739787
"D5","JinHua_97",0,20,3,0.074568414837478,0.074576376890805
"D5","SSR_1",0,20,3,0.0608729455993748,0.0608820538044026
"D5","SSR_103",0,20,3,0.314838862506145,0.314787922779613
"D5","SSR_108",0,20,3,0.0495581286580984,0.0495677032650086
"D5","SSR_12",0,20,3,0.0608729455993748,0.0608820538044026
"D5","SSR_120",0,20,3,0.0608729455993748,0.0608820538044026
"D5","SSR_15",0,20,3,0.074568414837478,0.074576376890805
"D5","SSR_152",0,20,3,0.0495581286580984,0.0495677032650086
"D5","SSR_154",1,20,3,0.110730042970444,0.110732750049652
"D5","SSR_159",0,20,3,0.0402563110908402,0.0402658627612794
"D5","SSR_161",0,20,3,0.193028676307535,0.193012425320882
"D5","SSR_167",0,20,3,0.0402563110908402,0.0402658627612794
"D5","SSR_169",0,20,3,0.074568414837478,0.074576376890805
"D5","SSR_171",0,20,3,0.0910464297736769,0.0910523414641548
"D5","SSR_173",1,20,3,0.229200590117037,0.229174396313444
"D5","SSR_2",0,20,3,0.16137021756508,0.161362045127992
"D5","SSR_20",0,20,3,0.0264257033390767,0.0264343253692243
"D5","SSR_21",0,20,3,0.0264257033390767,0.0264343253692243
"D5","SSR_26",0,20,3,0.16137021756508,0.161362045127992
"D5","SSR_27",0,20,3,0.0910464297736769,0.0910523414641548
"D5","SSR_30",0,20,3,0.0402563110908402,0.0402658627612794
"D5","SSR_4",0,20,3,0.0910464297736769,0.0910523414641548
"D5","SSR_43",0,20,3,0.0326404404779458,0.0326496343739787
"D5","SSR_6",0,20,3,0.0608729455993748,0.0608820538044026
"D5","SSR_76",1,20,3,0.193028676307535,0.193012425320882
"D5","SSR_81",0,20,3,0.0608729455993748,0.0608820538044026
"D5","JinHua_11",0,20,4,0.06387088788322,0.0191783574950263
"D5","JinHua_110",0,20,4,0.0182046711004605,0.0209032403602939
"D5","JinHua_114",0,20,4,0.0182046711004605,0.0222568466628477
"D5","JinHua_117",0,20,4,0.0182046711004605,0.019876285011159
"D5","JinHua_124",0,20,4,0.0302782751631916,0.0161743234021001
"D5","JinHua_145",0,20,4,0.023496160284168,0.0433039265339327
"D5","JinHua_146",0,20,4,0.0813363707237054,0.138533313804929
"D5","JinHua_148",0,20,4,0.0499518692483589,0.0642919181283686
"D5","JinHua_153",0,20,4,0.245730959385866,0.226804529671285
"D5","JinHua_156",1,20,4,0.06387088788322,0.063529813709977
"D5","JinHua_18",0,20,4,0.103052036973037,0.0158035345315394
"D5","JinHua_183",0,20,4,0.0302782751631916,0.0298310611296494
"D5","JinHua_189",0,20,4,0.0499518692483589,0.0541455803251444
"D5","JinHua_192",0,20,4,0.06387088788322,0.0654326792414782
"D5","JinHua_199",1,20,4,0.0302782751631916,0.0167832939641444
"D5","JinHua_2",0,20,4,0.0182046711004605,0.0106956701877576
"D5","JinHua_200",0,20,4,0.0813363707237054,0.101500649303741
"D5","JinHua_207",0,20,4,0.129746636593643,0.148003528710758
"D5","JinHua_213",0,20,4,0.0813363707237054,0.108420221835786
"D5","JinHua_222",0,20,4,0.023496160284168,0.0207140350791191
"D5","JinHua_32",1,20,4,0.354255415124856,0.564350488185515
"D5","JinHua_4",0,20,4,0.06387088788322,0.0439135386953315
"D5","JinHua_44",0,20,4,0.0302782751631916,0.0240248959125137
"D5","JinHua_53",0,20,4,0.0182046711004605,0.0222823193603915
"D5","JinHua_63",0,20,4,0.129746636593643,0.166771157416341
"D5","JinHua_66",0,20,4,0.0182046711004605,0.0102103786455659
"D5","JinHua_68",0,20,4,0.06387088788322,0.101313290219818
"D5","JinHua_70",0,20,4,0.06387088788322,0.052346736233599
"D5","JinHua_75",0,20,4,0.129746636593643,0.164743836921016
"D5","JinHua_77",0,20,4,0.129746636593643,0.1584810085823
"D5","JinHua_87",0,20,4,0.103052036973037,0.0962745425358833
"D5","JinHua_88",0,20,4,0.103052036973037,0.106937022155976
"D5","JinHua_90",0,20,4,0.0182046711004605,0.0200743956965683
"D5","JinHua_92",0,20,4,0.0182046711004605,0.0247195636167524
"D5","JinHua_95",0,20,4,0.0302782751631916,0.043497093242449
"D5","JinHua_96",0,20,4,0.16210645483837,0.146579477079125
"D5","JinHua_99",0,20,4,0.0813363707237054,0.0715707527290927
"D5","SSR_101",0,20,4,0.0813363707237054,0.0720410929033379
"D5","SSR_13",0,20,4,0.103052036973037,0.0281967499844184
"D5","SSR_131",0,20,4,0.200675980017244,0.16591448705589
"D5","SSR_14",1,20,4,0.103052036973037,0.0252678826532079
"D5","SSR_17",0,20,4,0.0302782751631916,0.00480801150152429
"D5","SSR_18",0,20,4,0.297141138978127,0.163748746283486
"D5","SSR_23",0,20,4,0.0499518692483589,0.0164633796826416
"D5","SSR_34",0,20,4,0.129746636593643,0.12896261575615
"D5","SSR_35",1,20,4,0.06387088788322,0.0735438053145135
"D5","SSR_37",0,20,4,0.0499518692483589,0.0244715367135479
"D5","SSR_50",0,20,4,0.129746636593643,0.114186563401293
"D5","SSR_51",0,20,4,0.200675980017244,0.285044100432954
"D5","SSR_54",0,20,4,0.129746636593643,0.135595803283997
"D5","SSR_59",1,20,4,0.129746636593643,0.119604367181788
"D5","SSR_60",0,20,4,0.0389399677954071,0.0840490432421206
"D5","SSR_62",0,20,4,0.0813363707237054,0.0892941441038391
"D5","SSR_64",0,20,4,0.0499518692483589,0.125204010754617
"D5","SSR_67",0,20,4,0.023496160284168,0.024698703702805
"D5","SSR_73",0,20,4,0.0499518692483589,0.0624337114692926
"D5","SSR_75",0,20,4,0.200675980017244,0.294297767544691
"D5","SSR_77",0,20,4,0.06387088788322,0.111253388835649
"D5","JinHua_102",0,20,5,0.0238772599276644,0.0238782078013615
"D5","JinHua_12",0,20,5,0.217694836570361,0.217692781218659
"D5","JinHua_120",0,20,5,0.217694836570361,0.217692781218659
"D5","JinHua_123",1,20,5,0.0672330666500082,0.0672341471647432
"D5","JinHua_126",0,20,5,0.0672330666500082,0.0672341471647432
"D5","JinHua_129",0,20,5,0.0672330666500082,0.0672341471647432
"D5","JinHua_134",0,20,5,0.0672330666500082,0.0672341471647432
"D5","JinHua_137",0,20,5,0.11010643610768,0.110106976010725
"D5","JinHua_139",0,20,5,0.0238772599276644,0.0238782078013615
"D5","JinHua_140",0,20,5,0.0672330666500082,0.0672341471647432
"D5","JinHua_141",0,20,5,0.0402978063344466,0.0402989259098247
"D5","JinHua_147",0,20,5,0.0183279566660894,0.0183287938127895
"D5","JinHua_149",0,20,5,0.0310536198329993,0.0310546672097894
"D5","JinHua_15",0,20,5,0.11010643610768,0.110106976010725
"D5","JinHua_150",0,20,5,0.0183279566660894,0.0183287938127895
"D5","JinHua_162",0,20,5,0.0402978063344466,0.0402989259098247
"D5","JinHua_165",0,20,5,0.0238772599276644,0.0238782078013615
"D5","JinHua_170",1,20,5,0.323263360358302,0.323258156403249
"D5","JinHua_174",0,20,5,0.052145749080893,0.0521468903074427
"D5","JinHua_175",0,20,5,0.0183279566660894,0.0183287938127895
"D5","JinHua_176",0,20,5,0.11010643610768,0.110106976010725
"D5","JinHua_180",0,20,5,0.0862882060772947,0.0862891025058463
"D5","JinHua_181",0,20,5,0.052145749080893,0.0521468903074427
"D5","JinHua_182",0,20,5,0.052145749080893,0.0521468903074427
"D5","JinHua_198",0,20,5,0.0672330666500082,0.0672341471647432
"D5","JinHua_205",0,20,5,0.052145749080893,0.0521468903074427
"D5","JinHua_208",0,20,5,0.0238772599276644,0.0238782078013615
"D5","JinHua_218",0,20,5,0.0310536198329993,0.0310546672097894
"D5","JinHua_221",0,20,5,0.0310536198329993,0.0310546672097894
"D5","JinHua_27",1,20,5,0.0310536198329993,0.0310546672097894
"D5","JinHua_3",0,20,5,0.0238772599276644,0.0238782078013615
"D5","JinHua_31",0,20,5,0.217694836570361,0.217692781218659
"D5","JinHua_34",0,20,5,0.0672330666500082,0.0672341471647432
"D5","JinHua_35",0,20,5,0.0862882060772947,0.0862891025058463
"D5","JinHua_38",0,20,5,0.584641487248478,0.584630018880238
"D5","JinHua_39",0,20,5,0.517914547850312,0.517904219367286
"D5","JinHua_42",0,20,5,0.0402978063344466,0.0402989259098247
"D5","JinHua_54",0,20,5,0.0183279566660894,0.0183287938127895
"D5","JinHua_56",0,20,5,0.0183279566660894,0.0183287938127895
"D5","JinHua_6",0,20,5,0.0310536198329993,0.0310546672097894
"D5","JinHua_64",0,20,5,0.0862882060772947,0.0862891025058463
"D5","JinHua_74",0,20,5,0.0183279566660894,0.0183287938127895
"D5","JinHua_79",0,20,5,0.0183279566660894,0.0183287938127895
"D5","JinHua_84",1,20,5,0.45054249710166,0.450533707129715
"D5","SSR_102",0,20,5,0.0183279566660894,0.0183287938127895
"D5","SSR_124",0,20,5,0.11010643610768,0.110106976010725
"D5","SSR_151",0,20,5,0.0672330666500082,0.0672341471647432
"D5","SSR_158",1,20,5,0.11010643610768,0.110106976010725
"D5","SSR_174",0,20,5,0.11010643610768,0.110106976010725
"D5","SSR_179",0,20,5,0.0402978063344466,0.0402989259098247
"D5","SSR_182",0,20,5,0.517914547850312,0.517904219367286
"D5","SSR_28",0,20,5,0.0310536198329993,0.0310546672097894
"D5","SSR_31",0,20,5,0.11010643610768,0.110106976010725
"D5","SSR_39",0,20,5,0.0140498010566343,0.0140505267654632
"D5","SSR_48",0,20,5,0.052145749080893,0.0521468903074427
"D5","SSR_78",0,20,5,0.11010643610768,0.110106976010725
"D5","SSR_9",0,20,5,0.217694836570361,0.217692781218659
