"HumanID","Timepoint","SampleID","Mortality28d","Module","Score"
"HNSR_023","D1","HNSR_023_D1","1","PRR/TLR/TNF/NF-kB signaling",0.347799215771328
"HNSR_023","D1","HNSR_023_D1","1","Phagolysosome/autophagy",0.29158184453557
"HNSR_023","D1","HNSR_023_D1","1","Type I interferon response",0.210660798736371
"HNSR_023","D1","HNSR_023_D1","1","Ribosome biogenesis",0.16118543596598
"HNSR_024","D1","HNSR_024_D1","0","PRR/TLR/TNF/NF-kB signaling",0.158283591447854
"HNSR_024","D1","HNSR_024_D1","0","Phagolysosome/autophagy",0.362987886185798
"HNSR_024","D1","HNSR_024_D1","0","Type I interferon response",-0.155511374165341
"HNSR_024","D1","HNSR_024_D1","0","Ribosome biogenesis",0.11217322882012
"HNSR_031","D1","HNSR_031_D1","0","PRR/TLR/TNF/NF-kB signaling",0.179274930661503
"HNSR_031","D1","HNSR_031_D1","0","Phagolysosome/autophagy",0.0324540011981052
"HNSR_031","D1","HNSR_031_D1","0","Type I interferon response",0.0322924918133233
"HNSR_031","D1","HNSR_031_D1","0","Ribosome biogenesis",0.362074911820774
"HNSR_032","D1","HNSR_032_D1","0","PRR/TLR/TNF/NF-kB signaling",-0.0717350664609665
"HNSR_032","D1","HNSR_032_D1","0","Phagolysosome/autophagy",0.133920535934663
"HNSR_032","D1","HNSR_032_D1","0","Type I interferon response",-0.223477882782961
"HNSR_032","D1","HNSR_032_D1","0","Ribosome biogenesis",0.61342156117678
"HNSR_033","D1","HNSR_033_D1","0","PRR/TLR/TNF/NF-kB signaling",-0.370102057160517
"HNSR_033","D1","HNSR_033_D1","0","Phagolysosome/autophagy",-0.260633197531653
"HNSR_033","D1","HNSR_033_D1","0","Type I interferon response",-0.433749772359215
"HNSR_033","D1","HNSR_033_D1","0","Ribosome biogenesis",0.638805973313927
"HNSR_034","D1","HNSR_034_D1","1","PRR/TLR/TNF/NF-kB signaling",0.0840270242208358
"HNSR_034","D1","HNSR_034_D1","1","Phagolysosome/autophagy",0.0225196425418024
"HNSR_034","D1","HNSR_034_D1","1","Type I interferon response",-0.0115569170779767
"HNSR_034","D1","HNSR_034_D1","1","Ribosome biogenesis",0.529234455228087
"HNSR_044","D1","HNSR_044_D1","0","PRR/TLR/TNF/NF-kB signaling",0.388160024925043
"HNSR_044","D1","HNSR_044_D1","0","Phagolysosome/autophagy",0.476608004427909
"HNSR_044","D1","HNSR_044_D1","0","Type I interferon response",0.0698334161394712
"HNSR_044","D1","HNSR_044_D1","0","Ribosome biogenesis",-0.62786441967885
"HNSR_058","D1","HNSR_058_D1","1","PRR/TLR/TNF/NF-kB signaling",0.542012523210393
"HNSR_058","D1","HNSR_058_D1","1","Phagolysosome/autophagy",0.607984498327442
"HNSR_058","D1","HNSR_058_D1","1","Type I interferon response",0.369766949786816
"HNSR_058","D1","HNSR_058_D1","1","Ribosome biogenesis",-0.641026413600713
"HZSY_001","D1","HZSY_001_D1","0","PRR/TLR/TNF/NF-kB signaling",-0.127310057255923
"HZSY_001","D1","HZSY_001_D1","0","Phagolysosome/autophagy",-0.114900257596279
"HZSY_001","D1","HZSY_001_D1","0","Type I interferon response",-0.134401437443605
"HZSY_001","D1","HZSY_001_D1","0","Ribosome biogenesis",0.640508930366235
"HZSY_002","D1","HZSY_002_D1","0","PRR/TLR/TNF/NF-kB signaling",0.376429682256039
"HZSY_002","D1","HZSY_002_D1","0","Phagolysosome/autophagy",0.320630796723516
"HZSY_002","D1","HZSY_002_D1","0","Type I interferon response",0.169796717214069
"HZSY_002","D1","HZSY_002_D1","0","Ribosome biogenesis",-0.389896202648808
"HZSY_003","D1","HZSY_003_D1","0","PRR/TLR/TNF/NF-kB signaling",-0.112005571028318
"HZSY_003","D1","HZSY_003_D1","0","Phagolysosome/autophagy",-0.319515346669191
"HZSY_003","D1","HZSY_003_D1","0","Type I interferon response",0.44347668827932
"HZSY_003","D1","HZSY_003_D1","0","Ribosome biogenesis",0.496276352952041
"HZSY_004","D1","HZSY_004_D1","1","PRR/TLR/TNF/NF-kB signaling",-0.264796008590071
"HZSY_004","D1","HZSY_004_D1","1","Phagolysosome/autophagy",-0.342711090392632
"HZSY_004","D1","HZSY_004_D1","1","Type I interferon response",0.0509633003603137
"HZSY_004","D1","HZSY_004_D1","1","Ribosome biogenesis",0.418590461562956
"HZSY_005","D1","HZSY_005_D1","0","PRR/TLR/TNF/NF-kB signaling",-0.438374330245157
"HZSY_005","D1","HZSY_005_D1","0","Phagolysosome/autophagy",-0.324119913309512
"HZSY_005","D1","HZSY_005_D1","0","Type I interferon response",-0.446194449322239
"HZSY_005","D1","HZSY_005_D1","0","Ribosome biogenesis",0.36969982292517
"HZSY_007","D1","HZSY_007_D1","1","PRR/TLR/TNF/NF-kB signaling",-0.367684445226921
"HZSY_007","D1","HZSY_007_D1","1","Phagolysosome/autophagy",-0.358295138327521
"HZSY_007","D1","HZSY_007_D1","1","Type I interferon response",-0.295020816494974
"HZSY_007","D1","HZSY_007_D1","1","Ribosome biogenesis",0.647770899875101
"HZSY_008","D1","HZSY_008_D1","0","PRR/TLR/TNF/NF-kB signaling",0.37357906524918
"HZSY_008","D1","HZSY_008_D1","0","Phagolysosome/autophagy",0.519845679709957
"HZSY_008","D1","HZSY_008_D1","0","Type I interferon response",0.253302393387473
"HZSY_008","D1","HZSY_008_D1","0","Ribosome biogenesis",-0.365478870931204
"HZSY_009","D1","HZSY_009_D1","0","PRR/TLR/TNF/NF-kB signaling",-0.444011604121194
"HZSY_009","D1","HZSY_009_D1","0","Phagolysosome/autophagy",-0.308511222211608
"HZSY_009","D1","HZSY_009_D1","0","Type I interferon response",-0.432196422718011
"HZSY_009","D1","HZSY_009_D1","0","Ribosome biogenesis",0.526951883498574
"HZSY_010","D1","HZSY_010_D1","1","PRR/TLR/TNF/NF-kB signaling",0.239389338559974
"HZSY_010","D1","HZSY_010_D1","1","Phagolysosome/autophagy",0.286486363326971
"HZSY_010","D1","HZSY_010_D1","1","Type I interferon response",0.0648803337956577
"HZSY_010","D1","HZSY_010_D1","1","Ribosome biogenesis",-0.563988979942386
"HZSY_011","D1","HZSY_011_D1","0","PRR/TLR/TNF/NF-kB signaling",0.159364084601436
"HZSY_011","D1","HZSY_011_D1","0","Phagolysosome/autophagy",0.404616762935478
"HZSY_011","D1","HZSY_011_D1","0","Type I interferon response",-0.0805627484819987
"HZSY_011","D1","HZSY_011_D1","0","Ribosome biogenesis",-0.341028954433802
"HZSY_012","D1","HZSY_012_D1","0","PRR/TLR/TNF/NF-kB signaling",-0.599620824572486
"HZSY_012","D1","HZSY_012_D1","0","Phagolysosome/autophagy",-0.576978008929076
"HZSY_012","D1","HZSY_012_D1","0","Type I interferon response",-0.452906554506442
"HZSY_012","D1","HZSY_012_D1","0","Ribosome biogenesis",0.670856813288677
"HZSY_013","D1","HZSY_013_D1","0","PRR/TLR/TNF/NF-kB signaling",-0.295509981164774
"HZSY_013","D1","HZSY_013_D1","0","Phagolysosome/autophagy",-0.355189764258297
"HZSY_013","D1","HZSY_013_D1","0","Type I interferon response",-0.330333905394154
"HZSY_013","D1","HZSY_013_D1","0","Ribosome biogenesis",0.447082283940796
"HZSY_014","D1","HZSY_014_D1","0","PRR/TLR/TNF/NF-kB signaling",-0.288451903607775
"HZSY_014","D1","HZSY_014_D1","0","Phagolysosome/autophagy",-0.193588142362724
"HZSY_014","D1","HZSY_014_D1","0","Type I interferon response",-0.594308469065879
"HZSY_014","D1","HZSY_014_D1","0","Ribosome biogenesis",-0.094815056013201
"HZSY_015","D1","HZSY_015_D1","0","PRR/TLR/TNF/NF-kB signaling",0.479798903253066
"HZSY_015","D1","HZSY_015_D1","0","Phagolysosome/autophagy",0.51491012079232
"HZSY_015","D1","HZSY_015_D1","0","Type I interferon response",0.472157439220701
"HZSY_015","D1","HZSY_015_D1","0","Ribosome biogenesis",-0.638648936795739
"HZSY_016","D1","HZSY_016_D1","0","PRR/TLR/TNF/NF-kB signaling",0.381816061293596
"HZSY_016","D1","HZSY_016_D1","0","Phagolysosome/autophagy",0.489866341367487
"HZSY_016","D1","HZSY_016_D1","0","Type I interferon response",0.0889485418418306
"HZSY_016","D1","HZSY_016_D1","0","Ribosome biogenesis",-0.476170437505677
"HZSY_017","D1","HZSY_017_D1","0","PRR/TLR/TNF/NF-kB signaling",0.424210901110261
"HZSY_017","D1","HZSY_017_D1","0","Phagolysosome/autophagy",0.531316976667799
"HZSY_017","D1","HZSY_017_D1","0","Type I interferon response",-0.0486353517725183
"HZSY_017","D1","HZSY_017_D1","0","Ribosome biogenesis",-0.529354593158052
"HZSY_018","D1","HZSY_018_D1","0","PRR/TLR/TNF/NF-kB signaling",0.148162220426373
"HZSY_018","D1","HZSY_018_D1","0","Phagolysosome/autophagy",0.279016008843531
"HZSY_018","D1","HZSY_018_D1","0","Type I interferon response",-0.411921138054054
"HZSY_018","D1","HZSY_018_D1","0","Ribosome biogenesis",-0.596059629949763
"HZSY_019","D1","HZSY_019_D1","1","PRR/TLR/TNF/NF-kB signaling",0.138833427294904
"HZSY_019","D1","HZSY_019_D1","1","Phagolysosome/autophagy",0.126131029723626
"HZSY_019","D1","HZSY_019_D1","1","Type I interferon response",-0.358519282702826
"HZSY_019","D1","HZSY_019_D1","1","Ribosome biogenesis",-0.443095714086117
"HZSY_021","D1","HZSY_021_D1","1","PRR/TLR/TNF/NF-kB signaling",0.479360496174104
"HZSY_021","D1","HZSY_021_D1","1","Phagolysosome/autophagy",0.447459677407137
"HZSY_021","D1","HZSY_021_D1","1","Type I interferon response",0.0620635739502192
"HZSY_021","D1","HZSY_021_D1","1","Ribosome biogenesis",-0.60970628043968
"HZSY_022","D1","HZSY_022_D1","0","PRR/TLR/TNF/NF-kB signaling",0.407674389041194
"HZSY_022","D1","HZSY_022_D1","0","Phagolysosome/autophagy",0.381205844969444
"HZSY_022","D1","HZSY_022_D1","0","Type I interferon response",0.567370933675986
"HZSY_022","D1","HZSY_022_D1","0","Ribosome biogenesis",-0.605114954376454
"HZSY_023","D1","HZSY_023_D1","1","PRR/TLR/TNF/NF-kB signaling",0.0256736248750161
"HZSY_023","D1","HZSY_023_D1","1","Phagolysosome/autophagy",-0.125624281448772
"HZSY_023","D1","HZSY_023_D1","1","Type I interferon response",0.241395877243786
"HZSY_023","D1","HZSY_023_D1","1","Ribosome biogenesis",0.58924034598653
"HZSY_024","D1","HZSY_024_D1","1","PRR/TLR/TNF/NF-kB signaling",0.0423519896944335
"HZSY_024","D1","HZSY_024_D1","1","Phagolysosome/autophagy",0.00114596816468127
"HZSY_024","D1","HZSY_024_D1","1","Type I interferon response",-0.0584388486239449
"HZSY_024","D1","HZSY_024_D1","1","Ribosome biogenesis",-0.538602468670934
"JXSY_020","D1","JXSY_020_D1","0","PRR/TLR/TNF/NF-kB signaling",0.104814737786751
"JXSY_020","D1","JXSY_020_D1","0","Phagolysosome/autophagy",0.496513748749936
"JXSY_020","D1","JXSY_020_D1","0","Type I interferon response",-0.418957634284291
"JXSY_020","D1","JXSY_020_D1","0","Ribosome biogenesis",-0.415148184202235
"JXSY_021","D1","JXSY_021_D1","0","PRR/TLR/TNF/NF-kB signaling",0.543436936856776
"JXSY_021","D1","JXSY_021_D1","0","Phagolysosome/autophagy",0.450121612945335
"JXSY_021","D1","JXSY_021_D1","0","Type I interferon response",0.662969350779732
"JXSY_021","D1","JXSY_021_D1","0","Ribosome biogenesis",0.00132410268797073
"JXSY_022","D1","JXSY_022_D1","0","PRR/TLR/TNF/NF-kB signaling",0.486884747376124
"JXSY_022","D1","JXSY_022_D1","0","Phagolysosome/autophagy",0.320204277118297
"JXSY_022","D1","JXSY_022_D1","0","Type I interferon response",0.641200515956583
"JXSY_022","D1","JXSY_022_D1","0","Ribosome biogenesis",-0.385047135286221
"JXSY_023","D1","JXSY_023_D1","1","PRR/TLR/TNF/NF-kB signaling",0.502167268996642
"JXSY_023","D1","JXSY_023_D1","1","Phagolysosome/autophagy",0.301162525025636
"JXSY_023","D1","JXSY_023_D1","1","Type I interferon response",0.485958223646913
"JXSY_023","D1","JXSY_023_D1","1","Ribosome biogenesis",-0.26986328630248
"JXSY_024","D1","JXSY_024_D1","0","PRR/TLR/TNF/NF-kB signaling",0.259046981532603
"JXSY_024","D1","JXSY_024_D1","0","Phagolysosome/autophagy",0.337426130807819
"JXSY_024","D1","JXSY_024_D1","0","Type I interferon response",-0.32769649947784
"JXSY_024","D1","JXSY_024_D1","0","Ribosome biogenesis",-0.483684817075363
"JXSY_026","D1","JXSY_026_D1","0","PRR/TLR/TNF/NF-kB signaling",0.292957094454086
"JXSY_026","D1","JXSY_026_D1","0","Phagolysosome/autophagy",0.482381577761851
"JXSY_026","D1","JXSY_026_D1","0","Type I interferon response",-0.291877267510092
"JXSY_026","D1","JXSY_026_D1","0","Ribosome biogenesis",0.147180878201553
"JXSY_027","D1","JXSY_027_D1","0","PRR/TLR/TNF/NF-kB signaling",-0.141329545048303
"JXSY_027","D1","JXSY_027_D1","0","Phagolysosome/autophagy",-0.167128031290088
"JXSY_027","D1","JXSY_027_D1","0","Type I interferon response",0.178465676018713
"JXSY_027","D1","JXSY_027_D1","0","Ribosome biogenesis",0.632111558193304
"JXSY_028","D1","JXSY_028_D1","0","PRR/TLR/TNF/NF-kB signaling",0.179398113347405
"JXSY_028","D1","JXSY_028_D1","0","Phagolysosome/autophagy",-0.121004418617864
"JXSY_028","D1","JXSY_028_D1","0","Type I interferon response",-0.254871434297818
"JXSY_028","D1","JXSY_028_D1","0","Ribosome biogenesis",0.420703147446964
"JXSY_029","D1","JXSY_029_D1","0","PRR/TLR/TNF/NF-kB signaling",0.355582972748429
"JXSY_029","D1","JXSY_029_D1","0","Phagolysosome/autophagy",0.527506935579096
"JXSY_029","D1","JXSY_029_D1","0","Type I interferon response",-0.0110606708972275
"JXSY_029","D1","JXSY_029_D1","0","Ribosome biogenesis",-0.179246355781996
"JXSY_030","D1","JXSY_030_D1","0","PRR/TLR/TNF/NF-kB signaling",0.517570975303628
"JXSY_030","D1","JXSY_030_D1","0","Phagolysosome/autophagy",0.551484281140638
"JXSY_030","D1","JXSY_030_D1","0","Type I interferon response",0.483847277383856
"JXSY_030","D1","JXSY_030_D1","0","Ribosome biogenesis",-0.456480146837615
"JXSY_031","D1","JXSY_031_D1","0","PRR/TLR/TNF/NF-kB signaling",0.488515423790598
"JXSY_031","D1","JXSY_031_D1","0","Phagolysosome/autophagy",0.581209333798546
"JXSY_031","D1","JXSY_031_D1","0","Type I interferon response",0.216210526897702
"JXSY_031","D1","JXSY_031_D1","0","Ribosome biogenesis",-0.302754650668342
"JXSY_032","D1","JXSY_032_D1","0","PRR/TLR/TNF/NF-kB signaling",-0.540443662257454
"JXSY_032","D1","JXSY_032_D1","0","Phagolysosome/autophagy",-0.642601881730193
"JXSY_032","D1","JXSY_032_D1","0","Type I interferon response",-0.455598893766469
"JXSY_032","D1","JXSY_032_D1","0","Ribosome biogenesis",0.726724519979586
"JXSY_033","D1","JXSY_033_D1","1","PRR/TLR/TNF/NF-kB signaling",0.0650083411637395
"JXSY_033","D1","JXSY_033_D1","1","Phagolysosome/autophagy",-0.00438799567251344
"JXSY_033","D1","JXSY_033_D1","1","Type I interferon response",0.408036177445754
"JXSY_033","D1","JXSY_033_D1","1","Ribosome biogenesis",0.493550048947288
"JXSY_034","D1","JXSY_034_D1","0","PRR/TLR/TNF/NF-kB signaling",0.501512803013674
"JXSY_034","D1","JXSY_034_D1","0","Phagolysosome/autophagy",0.582908523092072
"JXSY_034","D1","JXSY_034_D1","0","Type I interferon response",0.407892011574202
"JXSY_034","D1","JXSY_034_D1","0","Ribosome biogenesis",-0.27415049005051
"JXSY_035","D1","JXSY_035_D1","0","PRR/TLR/TNF/NF-kB signaling",0.316686287268054
"JXSY_035","D1","JXSY_035_D1","0","Phagolysosome/autophagy",0.255522986375697
"JXSY_035","D1","JXSY_035_D1","0","Type I interferon response",-0.0162200388603984
"JXSY_035","D1","JXSY_035_D1","0","Ribosome biogenesis",-0.427001020422617
"JXSY_036","D1","JXSY_036_D1","0","PRR/TLR/TNF/NF-kB signaling",0.483737188126058
"JXSY_036","D1","JXSY_036_D1","0","Phagolysosome/autophagy",0.548551412408027
"JXSY_036","D1","JXSY_036_D1","0","Type I interferon response",0.470383689292645
"JXSY_036","D1","JXSY_036_D1","0","Ribosome biogenesis",-0.510223752141878
"JXSY_037","D1","JXSY_037_D1","1","PRR/TLR/TNF/NF-kB signaling",-0.26707575645564
"JXSY_037","D1","JXSY_037_D1","1","Phagolysosome/autophagy",-0.293126968164891
"JXSY_037","D1","JXSY_037_D1","1","Type I interferon response",-0.420556936161204
"JXSY_037","D1","JXSY_037_D1","1","Ribosome biogenesis",-0.20806897657402
"JXSY_038","D1","JXSY_038_D1","0","PRR/TLR/TNF/NF-kB signaling",0.430467058974142
"JXSY_038","D1","JXSY_038_D1","0","Phagolysosome/autophagy",0.401991032062963
"JXSY_038","D1","JXSY_038_D1","0","Type I interferon response",0.19481064511903
"JXSY_038","D1","JXSY_038_D1","0","Ribosome biogenesis",-0.525073978428957
"JXSY_039","D1","JXSY_039_D1","0","PRR/TLR/TNF/NF-kB signaling",-0.132155458625802
"JXSY_039","D1","JXSY_039_D1","0","Phagolysosome/autophagy",0.0432446116267843
"JXSY_039","D1","JXSY_039_D1","0","Type I interferon response",-0.376761798353355
"JXSY_039","D1","JXSY_039_D1","0","Ribosome biogenesis",-0.369999002922173
"JXSY_040","D1","JXSY_040_D1","1","PRR/TLR/TNF/NF-kB signaling",0.393795393776102
"JXSY_040","D1","JXSY_040_D1","1","Phagolysosome/autophagy",0.250461649883434
"JXSY_040","D1","JXSY_040_D1","1","Type I interferon response",0.498697180242397
"JXSY_040","D1","JXSY_040_D1","1","Ribosome biogenesis",0.310693811217379
"JXSY_041","D1","JXSY_041_D1","1","PRR/TLR/TNF/NF-kB signaling",0.214482156998318
"JXSY_041","D1","JXSY_041_D1","1","Phagolysosome/autophagy",-0.205718854817467
"JXSY_041","D1","JXSY_041_D1","1","Type I interferon response",0.648160661094847
"JXSY_041","D1","JXSY_041_D1","1","Ribosome biogenesis",0.069272200200304
"JXSY_042","D1","JXSY_042_D1","1","PRR/TLR/TNF/NF-kB signaling",0.121075496527385
"JXSY_042","D1","JXSY_042_D1","1","Phagolysosome/autophagy",0.245396043900491
"JXSY_042","D1","JXSY_042_D1","1","Type I interferon response",-0.268943438149716
"JXSY_042","D1","JXSY_042_D1","1","Ribosome biogenesis",-0.507372337633275
"JXSY_043","D1","JXSY_043_D1","1","PRR/TLR/TNF/NF-kB signaling",-0.316177593225501
"JXSY_043","D1","JXSY_043_D1","1","Phagolysosome/autophagy",-0.271559730661865
"JXSY_043","D1","JXSY_043_D1","1","Type I interferon response",-0.357106797525448
"JXSY_043","D1","JXSY_043_D1","1","Ribosome biogenesis",0.401426746109675
"JXSY_044","D1","JXSY_044_D1","0","PRR/TLR/TNF/NF-kB signaling",0.376125147137055
"JXSY_044","D1","JXSY_044_D1","0","Phagolysosome/autophagy",0.346131098098601
"JXSY_044","D1","JXSY_044_D1","0","Type I interferon response",0.552922327303053
"JXSY_044","D1","JXSY_044_D1","0","Ribosome biogenesis",-0.412393585984923
"JXSY_045","D1","JXSY_045_D1","1","PRR/TLR/TNF/NF-kB signaling",0.439591778290923
"JXSY_045","D1","JXSY_045_D1","1","Phagolysosome/autophagy",0.488412816846075
"JXSY_045","D1","JXSY_045_D1","1","Type I interferon response",0.24553279849749
"JXSY_045","D1","JXSY_045_D1","1","Ribosome biogenesis",-0.377263623722453
"JXSY_046","D1","JXSY_046_D1","0","PRR/TLR/TNF/NF-kB signaling",0.534245852416341
"JXSY_046","D1","JXSY_046_D1","0","Phagolysosome/autophagy",0.560002215613899
"JXSY_046","D1","JXSY_046_D1","0","Type I interferon response",0.524975085732829
"JXSY_046","D1","JXSY_046_D1","0","Ribosome biogenesis",-0.448786198785809
"JXSY_047","D1","JXSY_047_D1","0","PRR/TLR/TNF/NF-kB signaling",0.492547174291148
"JXSY_047","D1","JXSY_047_D1","0","Phagolysosome/autophagy",0.463204391709828
"JXSY_047","D1","JXSY_047_D1","0","Type I interferon response",0.574425714545415
"JXSY_047","D1","JXSY_047_D1","0","Ribosome biogenesis",-0.664921952050947
"JXSY_048","D1","JXSY_048_D1","0","PRR/TLR/TNF/NF-kB signaling",0.244623489595658
"JXSY_048","D1","JXSY_048_D1","0","Phagolysosome/autophagy",0.28289915719847
"JXSY_048","D1","JXSY_048_D1","0","Type I interferon response",-0.0703751564012869
"JXSY_048","D1","JXSY_048_D1","0","Ribosome biogenesis",-0.147462239620227
"JXSY_050","D1","JXSY_050_D1","0","PRR/TLR/TNF/NF-kB signaling",0.457297113635912
"JXSY_050","D1","JXSY_050_D1","0","Phagolysosome/autophagy",0.43659895973014
"JXSY_050","D1","JXSY_050_D1","0","Type I interferon response",0.343972837558344
"JXSY_050","D1","JXSY_050_D1","0","Ribosome biogenesis",-0.415265604224361
"JXSY_051","D1","JXSY_051_D1","1","PRR/TLR/TNF/NF-kB signaling",0.381935247568508
"JXSY_051","D1","JXSY_051_D1","1","Phagolysosome/autophagy",0.202667098573961
"JXSY_051","D1","JXSY_051_D1","1","Type I interferon response",0.605642942577991
"JXSY_051","D1","JXSY_051_D1","1","Ribosome biogenesis",0.585843043362187
"JXSY_052","D1","JXSY_052_D1","0","PRR/TLR/TNF/NF-kB signaling",0.341469941070037
"JXSY_052","D1","JXSY_052_D1","0","Phagolysosome/autophagy",0.222252826606167
"JXSY_052","D1","JXSY_052_D1","0","Type I interferon response",0.466753758547502
"JXSY_052","D1","JXSY_052_D1","0","Ribosome biogenesis",-0.30371139950959
"JXSY_053","D1","JXSY_053_D1","0","PRR/TLR/TNF/NF-kB signaling",0.175222548640291
"JXSY_053","D1","JXSY_053_D1","0","Phagolysosome/autophagy",0.274779248598665
"JXSY_053","D1","JXSY_053_D1","0","Type I interferon response",-0.0184138637062142
"JXSY_053","D1","JXSY_053_D1","0","Ribosome biogenesis",-0.18225747820612
"JXSY_054","D1","JXSY_054_D1","0","PRR/TLR/TNF/NF-kB signaling",-0.0183103902046338
"JXSY_054","D1","JXSY_054_D1","0","Phagolysosome/autophagy",-0.0854508277978752
"JXSY_054","D1","JXSY_054_D1","0","Type I interferon response",-0.0253178297023749
"JXSY_054","D1","JXSY_054_D1","0","Ribosome biogenesis",0.351203936291523
"JXSY_055","D1","JXSY_055_D1","0","PRR/TLR/TNF/NF-kB signaling",0.492713279508292
"JXSY_055","D1","JXSY_055_D1","0","Phagolysosome/autophagy",0.52794792680822
"JXSY_055","D1","JXSY_055_D1","0","Type I interferon response",0.13577817216458
"JXSY_055","D1","JXSY_055_D1","0","Ribosome biogenesis",-0.471796956725634
"JXSY_056","D1","JXSY_056_D1","1","PRR/TLR/TNF/NF-kB signaling",0.353452192783892
"JXSY_056","D1","JXSY_056_D1","1","Phagolysosome/autophagy",0.499257139660782
"JXSY_056","D1","JXSY_056_D1","1","Type I interferon response",-0.0639641938132534
"JXSY_056","D1","JXSY_056_D1","1","Ribosome biogenesis",-0.536590787554796
"LSRM_010","D1","LSRM_010_D1","1","PRR/TLR/TNF/NF-kB signaling",-0.393118289512664
"LSRM_010","D1","LSRM_010_D1","1","Phagolysosome/autophagy",-0.343280865173589
"LSRM_010","D1","LSRM_010_D1","1","Type I interferon response",-0.511319333122429
"LSRM_010","D1","LSRM_010_D1","1","Ribosome biogenesis",0.218877547127909
"LSRM_011","D1","LSRM_011_D1","0","PRR/TLR/TNF/NF-kB signaling",-0.179120016059771
"LSRM_011","D1","LSRM_011_D1","0","Phagolysosome/autophagy",-0.0547681224373373
"LSRM_011","D1","LSRM_011_D1","0","Type I interferon response",-0.044195121912565
"LSRM_011","D1","LSRM_011_D1","0","Ribosome biogenesis",0.607833166104976
"LSRM_014","D1","LSRM_014_D1","0","PRR/TLR/TNF/NF-kB signaling",0.345397306074455
"LSRM_014","D1","LSRM_014_D1","0","Phagolysosome/autophagy",0.459996587783662
"LSRM_014","D1","LSRM_014_D1","0","Type I interferon response",0.263976354835786
"LSRM_014","D1","LSRM_014_D1","0","Ribosome biogenesis",-0.279896232387433
"LSRM_015","D1","LSRM_015_D1","1","PRR/TLR/TNF/NF-kB signaling",-0.0169129116805116
"LSRM_015","D1","LSRM_015_D1","1","Phagolysosome/autophagy",0.236869219947463
"LSRM_015","D1","LSRM_015_D1","1","Type I interferon response",-0.193522596348124
"LSRM_015","D1","LSRM_015_D1","1","Ribosome biogenesis",0.378324030655256
"LSRM_016","D1","LSRM_016_D1","1","PRR/TLR/TNF/NF-kB signaling",0.317668774186564
"LSRM_016","D1","LSRM_016_D1","1","Phagolysosome/autophagy",0.126281082509861
"LSRM_016","D1","LSRM_016_D1","1","Type I interferon response",-0.0324370015894485
"LSRM_016","D1","LSRM_016_D1","1","Ribosome biogenesis",0.506994823789524
"LXZY_010","D1","LXZY_010_D1","0","PRR/TLR/TNF/NF-kB signaling",0.194596162932918
"LXZY_010","D1","LXZY_010_D1","0","Phagolysosome/autophagy",0.138356939530331
"LXZY_010","D1","LXZY_010_D1","0","Type I interferon response",0.149782019504756
"LXZY_010","D1","LXZY_010_D1","0","Ribosome biogenesis",0.57616114826253
"LXZY_011","D1","LXZY_011_D1","1","PRR/TLR/TNF/NF-kB signaling",-0.518853251657389
"LXZY_011","D1","LXZY_011_D1","1","Phagolysosome/autophagy",-0.536447202080827
"LXZY_011","D1","LXZY_011_D1","1","Type I interferon response",-0.553366588513739
"LXZY_011","D1","LXZY_011_D1","1","Ribosome biogenesis",0.578377714013891
"LXZY_012","D1","LXZY_012_D1","0","PRR/TLR/TNF/NF-kB signaling",0.525206813968779
"LXZY_012","D1","LXZY_012_D1","0","Phagolysosome/autophagy",0.522092552781644
"LXZY_012","D1","LXZY_012_D1","0","Type I interferon response",0.18651858595827
"LXZY_012","D1","LXZY_012_D1","0","Ribosome biogenesis",-0.409280387614869
"LXZY_013","D1","LXZY_013_D1","0","PRR/TLR/TNF/NF-kB signaling",0.416255070578492
"LXZY_013","D1","LXZY_013_D1","0","Phagolysosome/autophagy",0.48512013121556
"LXZY_013","D1","LXZY_013_D1","0","Type I interferon response",0.275859908236923
"LXZY_013","D1","LXZY_013_D1","0","Ribosome biogenesis",-0.376468580389658
"LXZY_014","D1","LXZY_014_D1","0","PRR/TLR/TNF/NF-kB signaling",0.0929579583904682
"LXZY_014","D1","LXZY_014_D1","0","Phagolysosome/autophagy",0.150065156836641
"LXZY_014","D1","LXZY_014_D1","0","Type I interferon response",-0.205724381242685
"LXZY_014","D1","LXZY_014_D1","0","Ribosome biogenesis",0.293118731956892
"LXZY_015","D1","LXZY_015_D1","0","PRR/TLR/TNF/NF-kB signaling",0.299604140211933
"LXZY_015","D1","LXZY_015_D1","0","Phagolysosome/autophagy",0.424222948655268
"LXZY_015","D1","LXZY_015_D1","0","Type I interferon response",-0.0458837340858912
"LXZY_015","D1","LXZY_015_D1","0","Ribosome biogenesis",0.209217799063652
"PHYY_013","D1","PHYY_013_D1","0","PRR/TLR/TNF/NF-kB signaling",0.295521109288729
"PHYY_013","D1","PHYY_013_D1","0","Phagolysosome/autophagy",0.421699128378785
"PHYY_013","D1","PHYY_013_D1","0","Type I interferon response",0.161738178832541
"PHYY_013","D1","PHYY_013_D1","0","Ribosome biogenesis",0.36098507678437
"PHYY_014","D1","PHYY_014_D1","1","PRR/TLR/TNF/NF-kB signaling",0.494322585465697
"PHYY_014","D1","PHYY_014_D1","1","Phagolysosome/autophagy",0.577743926490195
"PHYY_014","D1","PHYY_014_D1","1","Type I interferon response",0.0121200321084709
"PHYY_014","D1","PHYY_014_D1","1","Ribosome biogenesis",-0.439546108282261
"PHYY_016","D1","PHYY_016_D1","1","PRR/TLR/TNF/NF-kB signaling",0.563567018537325
"PHYY_016","D1","PHYY_016_D1","1","Phagolysosome/autophagy",0.597486965343525
"PHYY_016","D1","PHYY_016_D1","1","Type I interferon response",0.533077715851864
"PHYY_016","D1","PHYY_016_D1","1","Ribosome biogenesis",-0.660075080961545
"PHYY_017","D1","PHYY_017_D1","1","PRR/TLR/TNF/NF-kB signaling",-0.535335069241229
"PHYY_017","D1","PHYY_017_D1","1","Phagolysosome/autophagy",-0.497723521093193
"PHYY_017","D1","PHYY_017_D1","1","Type I interferon response",-0.474973114187829
"PHYY_017","D1","PHYY_017_D1","1","Ribosome biogenesis",0.537032996500085
"PHYY_018","D1","PHYY_018_D1","1","PRR/TLR/TNF/NF-kB signaling",0.501887516065326
"PHYY_018","D1","PHYY_018_D1","1","Phagolysosome/autophagy",0.524608876739231
"PHYY_018","D1","PHYY_018_D1","1","Type I interferon response",0.150402584844313
"PHYY_018","D1","PHYY_018_D1","1","Ribosome biogenesis",-0.62913996266487
"PHYY_019","D1","PHYY_019_D1","1","PRR/TLR/TNF/NF-kB signaling",0.612687995454859
"PHYY_019","D1","PHYY_019_D1","1","Phagolysosome/autophagy",0.592202976475813
"PHYY_019","D1","PHYY_019_D1","1","Type I interferon response",0.695929275381928
"PHYY_019","D1","PHYY_019_D1","1","Ribosome biogenesis",-0.49614397963385
"PHYY_020","D1","PHYY_020_D1","0","PRR/TLR/TNF/NF-kB signaling",0.602112744532302
"PHYY_020","D1","PHYY_020_D1","0","Phagolysosome/autophagy",0.657249211703741
"PHYY_020","D1","PHYY_020_D1","0","Type I interferon response",0.517362349186097
"PHYY_020","D1","PHYY_020_D1","0","Ribosome biogenesis",-0.555734448077888
"PHYY_021","D1","PHYY_021_D1","0","PRR/TLR/TNF/NF-kB signaling",0.143204777873354
"PHYY_021","D1","PHYY_021_D1","0","Phagolysosome/autophagy",-0.128562371502697
"PHYY_021","D1","PHYY_021_D1","0","Type I interferon response",0.529906950472515
"PHYY_021","D1","PHYY_021_D1","0","Ribosome biogenesis",0.336893102958959
"PHYY_022","D1","PHYY_022_D1","0","PRR/TLR/TNF/NF-kB signaling",0.430686536994284
"PHYY_022","D1","PHYY_022_D1","0","Phagolysosome/autophagy",0.503419345387486
"PHYY_022","D1","PHYY_022_D1","0","Type I interferon response",0.173996917405837
"PHYY_022","D1","PHYY_022_D1","0","Ribosome biogenesis",-0.501926665364257
"PHYY_023","D1","PHYY_023_D1","1","PRR/TLR/TNF/NF-kB signaling",0.528835740680213
"PHYY_023","D1","PHYY_023_D1","1","Phagolysosome/autophagy",0.534259162748216
"PHYY_023","D1","PHYY_023_D1","1","Type I interferon response",0.31980400971117
"PHYY_023","D1","PHYY_023_D1","1","Ribosome biogenesis",-0.0884776768945014
"PHYY_024","D1","PHYY_024_D1","1","PRR/TLR/TNF/NF-kB signaling",0.29472305698035
"PHYY_024","D1","PHYY_024_D1","1","Phagolysosome/autophagy",0.10243009316295
"PHYY_024","D1","PHYY_024_D1","1","Type I interferon response",-0.11304749153394
"PHYY_024","D1","PHYY_024_D1","1","Ribosome biogenesis",0.258778474207047
"PHYY_026","D1","PHYY_026_D1","1","PRR/TLR/TNF/NF-kB signaling",-0.0183031738995799
"PHYY_026","D1","PHYY_026_D1","1","Phagolysosome/autophagy",-0.041720008972027
"PHYY_026","D1","PHYY_026_D1","1","Type I interferon response",0.0012808940806146
"PHYY_026","D1","PHYY_026_D1","1","Ribosome biogenesis",-0.00067303006251862
"PHYY_027","D1","PHYY_027_D1","0","PRR/TLR/TNF/NF-kB signaling",-0.52558954902013
"PHYY_027","D1","PHYY_027_D1","0","Phagolysosome/autophagy",-0.534590453549245
"PHYY_027","D1","PHYY_027_D1","0","Type I interferon response",-0.4987506039133
"PHYY_027","D1","PHYY_027_D1","0","Ribosome biogenesis",0.709607398574985
"PHYY_028","D1","PHYY_028_D1","0","PRR/TLR/TNF/NF-kB signaling",-0.556280378583042
"PHYY_028","D1","PHYY_028_D1","0","Phagolysosome/autophagy",-0.583367526230967
"PHYY_028","D1","PHYY_028_D1","0","Type I interferon response",-0.456824978849898
"PHYY_028","D1","PHYY_028_D1","0","Ribosome biogenesis",0.673416736280688
"PHYY_029","D1","PHYY_029_D1","1","PRR/TLR/TNF/NF-kB signaling",0.437438587706423
"PHYY_029","D1","PHYY_029_D1","1","Phagolysosome/autophagy",0.441634691004533
"PHYY_029","D1","PHYY_029_D1","1","Type I interferon response",0.158965714510696
"PHYY_029","D1","PHYY_029_D1","1","Ribosome biogenesis",-0.577719048072884
"PHYY_031","D1","PHYY_031_D1","1","PRR/TLR/TNF/NF-kB signaling",0.442302690511423
"PHYY_031","D1","PHYY_031_D1","1","Phagolysosome/autophagy",0.280063028352116
"PHYY_031","D1","PHYY_031_D1","1","Type I interferon response",-0.0192986849195418
"PHYY_031","D1","PHYY_031_D1","1","Ribosome biogenesis",0.0348194609155656
"SLTD_009","D1","SLTD_009_D1","1","PRR/TLR/TNF/NF-kB signaling",0.232124089052236
"SLTD_009","D1","SLTD_009_D1","1","Phagolysosome/autophagy",0.283834730854464
"SLTD_009","D1","SLTD_009_D1","1","Type I interferon response",0.153224227079375
"SLTD_009","D1","SLTD_009_D1","1","Ribosome biogenesis",-0.546314870203946
"SLTD_010","D1","SLTD_010_D1","0","PRR/TLR/TNF/NF-kB signaling",0.578574607737234
"SLTD_010","D1","SLTD_010_D1","0","Phagolysosome/autophagy",0.46219617896345
"SLTD_010","D1","SLTD_010_D1","0","Type I interferon response",0.652804105445072
"SLTD_010","D1","SLTD_010_D1","0","Ribosome biogenesis",-0.636120876019195
"SLTD_011","D1","SLTD_011_D1","1","PRR/TLR/TNF/NF-kB signaling",-0.232921904622381
"SLTD_011","D1","SLTD_011_D1","1","Phagolysosome/autophagy",-0.389540914307218
"SLTD_011","D1","SLTD_011_D1","1","Type I interferon response",0.0338139354808791
"SLTD_011","D1","SLTD_011_D1","1","Ribosome biogenesis",-0.0316971648145923
"SLTD_012","D1","SLTD_012_D1","0","PRR/TLR/TNF/NF-kB signaling",0.249395275402318
"SLTD_012","D1","SLTD_012_D1","0","Phagolysosome/autophagy",0.295534971863618
"SLTD_012","D1","SLTD_012_D1","0","Type I interferon response",-0.30237224625804
"SLTD_012","D1","SLTD_012_D1","0","Ribosome biogenesis",0.339475979705381
"SLTD_013","D1","SLTD_013_D1","1","PRR/TLR/TNF/NF-kB signaling",-0.2782528071033
"SLTD_013","D1","SLTD_013_D1","1","Phagolysosome/autophagy",-0.224876878834743
"SLTD_013","D1","SLTD_013_D1","1","Type I interferon response",-0.393839015523026
"SLTD_013","D1","SLTD_013_D1","1","Ribosome biogenesis",-0.429568959345561
"SLTD_014","D1","SLTD_014_D1","1","PRR/TLR/TNF/NF-kB signaling",0.258757398982898
"SLTD_014","D1","SLTD_014_D1","1","Phagolysosome/autophagy",0.31176671660122
"SLTD_014","D1","SLTD_014_D1","1","Type I interferon response",-0.294145162089227
"SLTD_014","D1","SLTD_014_D1","1","Ribosome biogenesis",-0.345697887297016
"SLTD_015","D1","SLTD_015_D1","0","PRR/TLR/TNF/NF-kB signaling",-0.477253139396776
"SLTD_015","D1","SLTD_015_D1","0","Phagolysosome/autophagy",-0.503816948827325
"SLTD_015","D1","SLTD_015_D1","0","Type I interferon response",-0.339444988451035
"SLTD_015","D1","SLTD_015_D1","0","Ribosome biogenesis",0.562276456636517
"SLTD_017","D1","SLTD_017_D1","0","PRR/TLR/TNF/NF-kB signaling",0.407912961206181
"SLTD_017","D1","SLTD_017_D1","0","Phagolysosome/autophagy",0.357692647606882
"SLTD_017","D1","SLTD_017_D1","0","Type I interferon response",0.475079183701881
"SLTD_017","D1","SLTD_017_D1","0","Ribosome biogenesis",-0.519270890001127
"SLTD_018","D1","SLTD_018_D1","1","PRR/TLR/TNF/NF-kB signaling",0.427875563385743
"SLTD_018","D1","SLTD_018_D1","1","Phagolysosome/autophagy",0.272942696660372
"SLTD_018","D1","SLTD_018_D1","1","Type I interferon response",0.254258624247829
"SLTD_018","D1","SLTD_018_D1","1","Ribosome biogenesis",-0.658447356890413
"SLTD_019","D1","SLTD_019_D1","0","PRR/TLR/TNF/NF-kB signaling",0.274246188573873
"SLTD_019","D1","SLTD_019_D1","0","Phagolysosome/autophagy",0.288899456151922
"SLTD_019","D1","SLTD_019_D1","0","Type I interferon response",-0.0565531604284761
"SLTD_019","D1","SLTD_019_D1","0","Ribosome biogenesis",-0.432466986237633
"SLTD_020","D1","SLTD_020_D1","0","PRR/TLR/TNF/NF-kB signaling",0.369308700981013
"SLTD_020","D1","SLTD_020_D1","0","Phagolysosome/autophagy",0.406338207604698
"SLTD_020","D1","SLTD_020_D1","0","Type I interferon response",0.0635655331398381
"SLTD_020","D1","SLTD_020_D1","0","Ribosome biogenesis",-0.442235393318076
"SLTD_021","D1","SLTD_021_D1","0","PRR/TLR/TNF/NF-kB signaling",0.246009968718265
"SLTD_021","D1","SLTD_021_D1","0","Phagolysosome/autophagy",0.0397655837666068
"SLTD_021","D1","SLTD_021_D1","0","Type I interferon response",0.507514222877508
"SLTD_021","D1","SLTD_021_D1","0","Ribosome biogenesis",0.411976648986968
"SLTD_022","D1","SLTD_022_D1","1","PRR/TLR/TNF/NF-kB signaling",-0.524394591597511
"SLTD_022","D1","SLTD_022_D1","1","Phagolysosome/autophagy",-0.508717941948017
"SLTD_022","D1","SLTD_022_D1","1","Type I interferon response",-0.334619166994447
"SLTD_022","D1","SLTD_022_D1","1","Ribosome biogenesis",0.633695910444228
"SLTD_024","D1","SLTD_024_D1","0","PRR/TLR/TNF/NF-kB signaling",0.280707988908642
"SLTD_024","D1","SLTD_024_D1","0","Phagolysosome/autophagy",0.182139287622161
"SLTD_024","D1","SLTD_024_D1","0","Type I interferon response",0.13797103883771
"SLTD_024","D1","SLTD_024_D1","0","Ribosome biogenesis",0.126835721244372
"TZEZ_002","D1","TZEZ_002_D1","0","PRR/TLR/TNF/NF-kB signaling",0.434301160960356
"TZEZ_002","D1","TZEZ_002_D1","0","Phagolysosome/autophagy",0.497107169159118
"TZEZ_002","D1","TZEZ_002_D1","0","Type I interferon response",0.120775409961463
"TZEZ_002","D1","TZEZ_002_D1","0","Ribosome biogenesis",-0.388384631827352
"TZEZ_015","D1","TZEZ_015_D1","0","PRR/TLR/TNF/NF-kB signaling",0.349652282414966
"TZEZ_015","D1","TZEZ_015_D1","0","Phagolysosome/autophagy",0.427086384765501
"TZEZ_015","D1","TZEZ_015_D1","0","Type I interferon response",0.261826727209664
"TZEZ_015","D1","TZEZ_015_D1","0","Ribosome biogenesis",0.18431482049576
"TZEZ_017","D1","TZEZ_017_D1","1","PRR/TLR/TNF/NF-kB signaling",-0.510735033463542
"TZEZ_017","D1","TZEZ_017_D1","1","Phagolysosome/autophagy",-0.4489319398137
"TZEZ_017","D1","TZEZ_017_D1","1","Type I interferon response",-0.580921759307351
"TZEZ_017","D1","TZEZ_017_D1","1","Ribosome biogenesis",0.548896193081889
"TZEZ_018","D1","TZEZ_018_D1","1","PRR/TLR/TNF/NF-kB signaling",0.316917514630766
"TZEZ_018","D1","TZEZ_018_D1","1","Phagolysosome/autophagy",0.173079268015111
"TZEZ_018","D1","TZEZ_018_D1","1","Type I interferon response",0.0588603626669865
"TZEZ_018","D1","TZEZ_018_D1","1","Ribosome biogenesis",-0.470658043170722
"TZEZ_022","D1","TZEZ_022_D1","0","PRR/TLR/TNF/NF-kB signaling",0.494882396069359
"TZEZ_022","D1","TZEZ_022_D1","0","Phagolysosome/autophagy",0.42789068958431
"TZEZ_022","D1","TZEZ_022_D1","0","Type I interferon response",0.577894701190323
"TZEZ_022","D1","TZEZ_022_D1","0","Ribosome biogenesis",-0.366350917664304
"TZEZ_023","D1","TZEZ_023_D1","0","PRR/TLR/TNF/NF-kB signaling",-0.425707863717745
"TZEZ_023","D1","TZEZ_023_D1","0","Phagolysosome/autophagy",-0.509892372334391
"TZEZ_023","D1","TZEZ_023_D1","0","Type I interferon response",-0.402905273777007
"TZEZ_023","D1","TZEZ_023_D1","0","Ribosome biogenesis",-0.190060745998844
"TZEZ_024","D1","TZEZ_024_D1","0","PRR/TLR/TNF/NF-kB signaling",-0.486268467511391
"TZEZ_024","D1","TZEZ_024_D1","0","Phagolysosome/autophagy",-0.285038800582579
"TZEZ_024","D1","TZEZ_024_D1","0","Type I interferon response",-0.434953579872037
"TZEZ_024","D1","TZEZ_024_D1","0","Ribosome biogenesis",0.48909720393279
"TZEZ_026","D1","TZEZ_026_D1","0","PRR/TLR/TNF/NF-kB signaling",0.29275654872015
"TZEZ_026","D1","TZEZ_026_D1","0","Phagolysosome/autophagy",0.134728025102351
"TZEZ_026","D1","TZEZ_026_D1","0","Type I interferon response",-0.207476848244699
"TZEZ_026","D1","TZEZ_026_D1","0","Ribosome biogenesis",-0.490724646610722
"TZEZ_027","D1","TZEZ_027_D1","0","PRR/TLR/TNF/NF-kB signaling",-0.0910362068055239
"TZEZ_027","D1","TZEZ_027_D1","0","Phagolysosome/autophagy",-0.301928097883434
"TZEZ_027","D1","TZEZ_027_D1","0","Type I interferon response",-0.0108282622446015
"TZEZ_027","D1","TZEZ_027_D1","0","Ribosome biogenesis",-0.162960742248225
"TZEZ_029","D1","TZEZ_029_D1","0","PRR/TLR/TNF/NF-kB signaling",0.310941006617531
"TZEZ_029","D1","TZEZ_029_D1","0","Phagolysosome/autophagy",0.369488079502846
"TZEZ_029","D1","TZEZ_029_D1","0","Type I interferon response",0.335922777704629
"TZEZ_029","D1","TZEZ_029_D1","0","Ribosome biogenesis",0.37239733935938
"TZEZ_030","D1","TZEZ_030_D1","0","PRR/TLR/TNF/NF-kB signaling",0.282513642492523
"TZEZ_030","D1","TZEZ_030_D1","0","Phagolysosome/autophagy",0.0204271743707227
"TZEZ_030","D1","TZEZ_030_D1","0","Type I interferon response",0.489354028178323
"TZEZ_030","D1","TZEZ_030_D1","0","Ribosome biogenesis",0.641616124574707
"TZEZ_031","D1","TZEZ_031_D1","0","PRR/TLR/TNF/NF-kB signaling",0.287863977346232
"TZEZ_031","D1","TZEZ_031_D1","0","Phagolysosome/autophagy",0.0727980861822497
"TZEZ_031","D1","TZEZ_031_D1","0","Type I interferon response",0.378007686322343
"TZEZ_031","D1","TZEZ_031_D1","0","Ribosome biogenesis",-0.135258801090923
"TZEZ_032","D1","TZEZ_032_D1","1","PRR/TLR/TNF/NF-kB signaling",-0.580088294964241
"TZEZ_032","D1","TZEZ_032_D1","1","Phagolysosome/autophagy",-0.585402363811765
"TZEZ_032","D1","TZEZ_032_D1","1","Type I interferon response",-0.520935271654276
"TZEZ_032","D1","TZEZ_032_D1","1","Ribosome biogenesis",0.644823766848053
"TZEZ_033","D1","TZEZ_033_D1","1","PRR/TLR/TNF/NF-kB signaling",-0.385649539438624
"TZEZ_033","D1","TZEZ_033_D1","1","Phagolysosome/autophagy",-0.446775688339606
"TZEZ_033","D1","TZEZ_033_D1","1","Type I interferon response",-0.0883688221196475
"TZEZ_033","D1","TZEZ_033_D1","1","Ribosome biogenesis",0.654950520879883
"TZEZ_034","D1","TZEZ_034_D1","1","PRR/TLR/TNF/NF-kB signaling",0.204628516706368
"TZEZ_034","D1","TZEZ_034_D1","1","Phagolysosome/autophagy",0.410937948705969
"TZEZ_034","D1","TZEZ_034_D1","1","Type I interferon response",-0.369450055561589
"TZEZ_034","D1","TZEZ_034_D1","1","Ribosome biogenesis",-0.370888408119723
"TZEZ_035","D1","TZEZ_035_D1","0","PRR/TLR/TNF/NF-kB signaling",0.032344163550073
"TZEZ_035","D1","TZEZ_035_D1","0","Phagolysosome/autophagy",0.116706173094298
"TZEZ_035","D1","TZEZ_035_D1","0","Type I interferon response",-0.306934446307196
"TZEZ_035","D1","TZEZ_035_D1","0","Ribosome biogenesis",-0.195707363403942
"TZEZ_036","D1","TZEZ_036_D1","0","PRR/TLR/TNF/NF-kB signaling",-0.527457390808375
"TZEZ_036","D1","TZEZ_036_D1","0","Phagolysosome/autophagy",-0.548012870222895
"TZEZ_036","D1","TZEZ_036_D1","0","Type I interferon response",-0.567082695675464
"TZEZ_036","D1","TZEZ_036_D1","0","Ribosome biogenesis",0.321174776054526
"TZEZ_038","D1","TZEZ_038_D1","0","PRR/TLR/TNF/NF-kB signaling",-0.566597507390053
"TZEZ_038","D1","TZEZ_038_D1","0","Phagolysosome/autophagy",-0.636100507932747
"TZEZ_038","D1","TZEZ_038_D1","0","Type I interferon response",-0.429507869639858
"TZEZ_038","D1","TZEZ_038_D1","0","Ribosome biogenesis",0.49608387758741
"TZEZ_040","D1","TZEZ_040_D1","1","PRR/TLR/TNF/NF-kB signaling",0.0346466502575014
"TZEZ_040","D1","TZEZ_040_D1","1","Phagolysosome/autophagy",-0.0581321816374121
"TZEZ_040","D1","TZEZ_040_D1","1","Type I interferon response",-0.360396797047097
"TZEZ_040","D1","TZEZ_040_D1","1","Ribosome biogenesis",-0.380317197250657
"TZEZ_041","D1","TZEZ_041_D1","0","PRR/TLR/TNF/NF-kB signaling",0.290359725442974
"TZEZ_041","D1","TZEZ_041_D1","0","Phagolysosome/autophagy",0.184469978621973
"TZEZ_041","D1","TZEZ_041_D1","0","Type I interferon response",0.406535184365173
"TZEZ_041","D1","TZEZ_041_D1","0","Ribosome biogenesis",-0.21973829597946
"TZEZ_042","D1","TZEZ_042_D1","1","PRR/TLR/TNF/NF-kB signaling",0.213300792434439
"TZEZ_042","D1","TZEZ_042_D1","1","Phagolysosome/autophagy",-0.17443188088529
"TZEZ_042","D1","TZEZ_042_D1","1","Type I interferon response",0.53472554712249
"TZEZ_042","D1","TZEZ_042_D1","1","Ribosome biogenesis",0.10504695246885
"TZEZ_043","D1","TZEZ_043_D1","0","PRR/TLR/TNF/NF-kB signaling",-0.347627787758814
"TZEZ_043","D1","TZEZ_043_D1","0","Phagolysosome/autophagy",-0.311408454851613
"TZEZ_043","D1","TZEZ_043_D1","0","Type I interferon response",-0.578896646677442
"TZEZ_043","D1","TZEZ_043_D1","0","Ribosome biogenesis",0.163181404945348
"TZEZ_044","D1","TZEZ_044_D1","0","PRR/TLR/TNF/NF-kB signaling",0.169693120638451
"TZEZ_044","D1","TZEZ_044_D1","0","Phagolysosome/autophagy",0.249139059953799
"TZEZ_044","D1","TZEZ_044_D1","0","Type I interferon response",-0.306623620945534
"TZEZ_044","D1","TZEZ_044_D1","0","Ribosome biogenesis",-0.5559059645763
"TZEZ_045","D1","TZEZ_045_D1","0","PRR/TLR/TNF/NF-kB signaling",-0.320689124270397
"TZEZ_045","D1","TZEZ_045_D1","0","Phagolysosome/autophagy",-0.39613265586845
"TZEZ_045","D1","TZEZ_045_D1","0","Type I interferon response",-0.285863601838683
"TZEZ_045","D1","TZEZ_045_D1","0","Ribosome biogenesis",0.564024465744976
"TZEZ_046","D1","TZEZ_046_D1","0","PRR/TLR/TNF/NF-kB signaling",0.391116174940631
"TZEZ_046","D1","TZEZ_046_D1","0","Phagolysosome/autophagy",0.481679351675115
"TZEZ_046","D1","TZEZ_046_D1","0","Type I interferon response",0.0617032094044914
"TZEZ_046","D1","TZEZ_046_D1","0","Ribosome biogenesis",-0.658606435182275
"TZEZ_048","D1","TZEZ_048_D1","0","PRR/TLR/TNF/NF-kB signaling",0.180185796214292
"TZEZ_048","D1","TZEZ_048_D1","0","Phagolysosome/autophagy",-0.0802418368134565
"TZEZ_048","D1","TZEZ_048_D1","0","Type I interferon response",0.546612707514912
"TZEZ_048","D1","TZEZ_048_D1","0","Ribosome biogenesis",-0.301603580621236
"TZEZ_049","D1","TZEZ_049_D1","0","PRR/TLR/TNF/NF-kB signaling",-0.509139133384882
"TZEZ_049","D1","TZEZ_049_D1","0","Phagolysosome/autophagy",-0.58018511687293
"TZEZ_049","D1","TZEZ_049_D1","0","Type I interferon response",-0.30213472062038
"TZEZ_049","D1","TZEZ_049_D1","0","Ribosome biogenesis",0.574694345091657
"TZEZ_050","D1","TZEZ_050_D1","0","PRR/TLR/TNF/NF-kB signaling",0.161608735979393
"TZEZ_050","D1","TZEZ_050_D1","0","Phagolysosome/autophagy",0.12282261500954
"TZEZ_050","D1","TZEZ_050_D1","0","Type I interferon response",-0.256104738321812
"TZEZ_050","D1","TZEZ_050_D1","0","Ribosome biogenesis",-0.402596631345765
"TZEZ_051","D1","TZEZ_051_D1","0","PRR/TLR/TNF/NF-kB signaling",-0.529515453263498
"TZEZ_051","D1","TZEZ_051_D1","0","Phagolysosome/autophagy",-0.486713741474847
"TZEZ_051","D1","TZEZ_051_D1","0","Type I interferon response",-0.677345062404896
"TZEZ_051","D1","TZEZ_051_D1","0","Ribosome biogenesis",0.551851177360468
"TZEZ_053","D1","TZEZ_053_D1","0","PRR/TLR/TNF/NF-kB signaling",0.247437325197321
"TZEZ_053","D1","TZEZ_053_D1","0","Phagolysosome/autophagy",-0.16679796278867
"TZEZ_053","D1","TZEZ_053_D1","0","Type I interferon response",0.465380926484898
"TZEZ_053","D1","TZEZ_053_D1","0","Ribosome biogenesis",-0.16115056435341
"TZEZ_055","D1","TZEZ_055_D1","0","PRR/TLR/TNF/NF-kB signaling",0.512636741439009
"TZEZ_055","D1","TZEZ_055_D1","0","Phagolysosome/autophagy",0.460284408643598
"TZEZ_055","D1","TZEZ_055_D1","0","Type I interferon response",0.656102643773078
"TZEZ_055","D1","TZEZ_055_D1","0","Ribosome biogenesis",-0.514720478834806
"TZEZ_056","D1","TZEZ_056_D1","0","PRR/TLR/TNF/NF-kB signaling",-0.547232545904904
"TZEZ_056","D1","TZEZ_056_D1","0","Phagolysosome/autophagy",-0.511707942837941
"TZEZ_056","D1","TZEZ_056_D1","0","Type I interferon response",-0.550122650784642
"TZEZ_056","D1","TZEZ_056_D1","0","Ribosome biogenesis",0.278115905783993
"TZEZ_057","D1","TZEZ_057_D1","1","PRR/TLR/TNF/NF-kB signaling",-0.329628795089645
"TZEZ_057","D1","TZEZ_057_D1","1","Phagolysosome/autophagy",-0.526903278446393
"TZEZ_057","D1","TZEZ_057_D1","1","Type I interferon response",-0.125511118961188
"TZEZ_057","D1","TZEZ_057_D1","1","Ribosome biogenesis",0.286404216011452
"TZEZ_059","D1","TZEZ_059_D1","0","PRR/TLR/TNF/NF-kB signaling",0.248355182971964
"TZEZ_059","D1","TZEZ_059_D1","0","Phagolysosome/autophagy",0.381855325838542
"TZEZ_059","D1","TZEZ_059_D1","0","Type I interferon response",-0.220661263519226
"TZEZ_059","D1","TZEZ_059_D1","0","Ribosome biogenesis",-0.438653382850483
"TZEZ_060","D1","TZEZ_060_D1","0","PRR/TLR/TNF/NF-kB signaling",-0.482673075840019
"TZEZ_060","D1","TZEZ_060_D1","0","Phagolysosome/autophagy",-0.5423184408247
"TZEZ_060","D1","TZEZ_060_D1","0","Type I interferon response",-0.316472030115984
"TZEZ_060","D1","TZEZ_060_D1","0","Ribosome biogenesis",0.600643784654703
"TZEZ_061","D1","TZEZ_061_D1","0","PRR/TLR/TNF/NF-kB signaling",-0.0768076904688688
"TZEZ_061","D1","TZEZ_061_D1","0","Phagolysosome/autophagy",-0.0469125444974094
"TZEZ_061","D1","TZEZ_061_D1","0","Type I interferon response",-0.273587054560567
"TZEZ_061","D1","TZEZ_061_D1","0","Ribosome biogenesis",0.109335661776383
"TZEZ_062","D1","TZEZ_062_D1","0","PRR/TLR/TNF/NF-kB signaling",0.364508009281798
"TZEZ_062","D1","TZEZ_062_D1","0","Phagolysosome/autophagy",0.334335445500491
"TZEZ_062","D1","TZEZ_062_D1","0","Type I interferon response",0.44961087187353
"TZEZ_062","D1","TZEZ_062_D1","0","Ribosome biogenesis",-0.362336731004313
"WZZX_014","D1","WZZX_014_D1","0","PRR/TLR/TNF/NF-kB signaling",-0.147635063081614
"WZZX_014","D1","WZZX_014_D1","0","Phagolysosome/autophagy",-0.137188239824543
"WZZX_014","D1","WZZX_014_D1","0","Type I interferon response",0.126040739846744
"WZZX_014","D1","WZZX_014_D1","0","Ribosome biogenesis",0.637027801204971
"WZZX_015","D1","WZZX_015_D1","0","PRR/TLR/TNF/NF-kB signaling",0.110258830119484
"WZZX_015","D1","WZZX_015_D1","0","Phagolysosome/autophagy",0.23136474036331
"WZZX_015","D1","WZZX_015_D1","0","Type I interferon response",0.437684520128633
"WZZX_015","D1","WZZX_015_D1","0","Ribosome biogenesis",0.0165752445605355
"WZZX_016","D1","WZZX_016_D1","1","PRR/TLR/TNF/NF-kB signaling",0.438911063015011
"WZZX_016","D1","WZZX_016_D1","1","Phagolysosome/autophagy",0.472717047666149
"WZZX_016","D1","WZZX_016_D1","1","Type I interferon response",0.505950627365146
"WZZX_016","D1","WZZX_016_D1","1","Ribosome biogenesis",-0.465619713182779
"WZZX_017","D1","WZZX_017_D1","0","PRR/TLR/TNF/NF-kB signaling",0.500214647674629
"WZZX_017","D1","WZZX_017_D1","0","Phagolysosome/autophagy",0.595932230356412
"WZZX_017","D1","WZZX_017_D1","0","Type I interferon response",0.576668402926355
"WZZX_017","D1","WZZX_017_D1","0","Ribosome biogenesis",-0.611657457529943
"WZZX_018","D1","WZZX_018_D1","0","PRR/TLR/TNF/NF-kB signaling",-0.113270083623261
"WZZX_018","D1","WZZX_018_D1","0","Phagolysosome/autophagy",-0.160491331905134
"WZZX_018","D1","WZZX_018_D1","0","Type I interferon response",-0.343932521471983
"WZZX_018","D1","WZZX_018_D1","0","Ribosome biogenesis",-0.302278249547681
"WZZX_019","D1","WZZX_019_D1","1","PRR/TLR/TNF/NF-kB signaling",0.367533099007219
"WZZX_019","D1","WZZX_019_D1","1","Phagolysosome/autophagy",0.430135177582457
"WZZX_019","D1","WZZX_019_D1","1","Type I interferon response",0.30648784302703
"WZZX_019","D1","WZZX_019_D1","1","Ribosome biogenesis",-0.419517042869739
"WZZX_020","D1","WZZX_020_D1","1","PRR/TLR/TNF/NF-kB signaling",0.536291367287123
"WZZX_020","D1","WZZX_020_D1","1","Phagolysosome/autophagy",0.448788631860877
"WZZX_020","D1","WZZX_020_D1","1","Type I interferon response",0.710315487193473
"WZZX_020","D1","WZZX_020_D1","1","Ribosome biogenesis",-0.58857183845187
"WZZX_021","D1","WZZX_021_D1","1","PRR/TLR/TNF/NF-kB signaling",0.613725412385014
"WZZX_021","D1","WZZX_021_D1","1","Phagolysosome/autophagy",0.539440653414811
"WZZX_021","D1","WZZX_021_D1","1","Type I interferon response",0.61331079450667
"WZZX_021","D1","WZZX_021_D1","1","Ribosome biogenesis",-0.3469941829741
"XARM_033","D1","XARM_033_D1","0","PRR/TLR/TNF/NF-kB signaling",0.210471466450368
"XARM_033","D1","XARM_033_D1","0","Phagolysosome/autophagy",0.378084893023356
"XARM_033","D1","XARM_033_D1","0","Type I interferon response",0.31494285755392
"XARM_033","D1","XARM_033_D1","0","Ribosome biogenesis",-0.295398588708488
"XARM_034","D1","XARM_034_D1","0","PRR/TLR/TNF/NF-kB signaling",0.584869245455992
"XARM_034","D1","XARM_034_D1","0","Phagolysosome/autophagy",0.582024409012215
"XARM_034","D1","XARM_034_D1","0","Type I interferon response",0.653941411587884
"XARM_034","D1","XARM_034_D1","0","Ribosome biogenesis",-0.460477838287076
"XARM_035","D1","XARM_035_D1","0","PRR/TLR/TNF/NF-kB signaling",-0.424775378105011
"XARM_035","D1","XARM_035_D1","0","Phagolysosome/autophagy",-0.426970067695048
"XARM_035","D1","XARM_035_D1","0","Type I interferon response",-0.485332529312905
"XARM_035","D1","XARM_035_D1","0","Ribosome biogenesis",0.473262265797945
"XARM_036","D1","XARM_036_D1","0","PRR/TLR/TNF/NF-kB signaling",-0.234607666200858
"XARM_036","D1","XARM_036_D1","0","Phagolysosome/autophagy",-0.224206797341245
"XARM_036","D1","XARM_036_D1","0","Type I interferon response",-0.21399186517689
"XARM_036","D1","XARM_036_D1","0","Ribosome biogenesis",-0.0879431485971107
"XARM_037","D1","XARM_037_D1","0","PRR/TLR/TNF/NF-kB signaling",-0.48442324932689
"XARM_037","D1","XARM_037_D1","0","Phagolysosome/autophagy",-0.465791934311455
"XARM_037","D1","XARM_037_D1","0","Type I interferon response",-0.465639056440173
"XARM_037","D1","XARM_037_D1","0","Ribosome biogenesis",0.627078109123055
"ZDFE_031","D1","ZDFE_031_D1","0","PRR/TLR/TNF/NF-kB signaling",0.441494188721435
"ZDFE_031","D1","ZDFE_031_D1","0","Phagolysosome/autophagy",0.397666150577418
"ZDFE_031","D1","ZDFE_031_D1","0","Type I interferon response",0.41357815372813
"ZDFE_031","D1","ZDFE_031_D1","0","Ribosome biogenesis",0.371221891430614
"ZDFE_101","D1","ZDFE_101_D1","0","PRR/TLR/TNF/NF-kB signaling",-0.373967603003777
"ZDFE_101","D1","ZDFE_101_D1","0","Phagolysosome/autophagy",-0.254887187993931
"ZDFE_101","D1","ZDFE_101_D1","0","Type I interferon response",-0.253749418531183
"ZDFE_101","D1","ZDFE_101_D1","0","Ribosome biogenesis",0.598894995470326
"ZDFE_102","D1","ZDFE_102_D1","0","PRR/TLR/TNF/NF-kB signaling",-0.10386464038153
"ZDFE_102","D1","ZDFE_102_D1","0","Phagolysosome/autophagy",0.0852150015461505
"ZDFE_102","D1","ZDFE_102_D1","0","Type I interferon response",-0.352484569150114
"ZDFE_102","D1","ZDFE_102_D1","0","Ribosome biogenesis",0.274648603265875
"ZDFE_103","D1","ZDFE_103_D1","0","PRR/TLR/TNF/NF-kB signaling",-0.301754782141296
"ZDFE_103","D1","ZDFE_103_D1","0","Phagolysosome/autophagy",-0.0143791934434975
"ZDFE_103","D1","ZDFE_103_D1","0","Type I interferon response",-0.248891024055226
"ZDFE_103","D1","ZDFE_103_D1","0","Ribosome biogenesis",0.324829789419583
"ZDFE_104","D1","ZDFE_104_D1","1","PRR/TLR/TNF/NF-kB signaling",0.00221465746036947
"ZDFE_104","D1","ZDFE_104_D1","1","Phagolysosome/autophagy",-0.0231985773355127
"ZDFE_104","D1","ZDFE_104_D1","1","Type I interferon response",-0.0793094380054005
"ZDFE_104","D1","ZDFE_104_D1","1","Ribosome biogenesis",0.310381266450851
"ZDFE_105","D1","ZDFE_105_D1","0","PRR/TLR/TNF/NF-kB signaling",0.447398415635732
"ZDFE_105","D1","ZDFE_105_D1","0","Phagolysosome/autophagy",0.375730079111532
"ZDFE_105","D1","ZDFE_105_D1","0","Type I interferon response",0.614517552855966
"ZDFE_105","D1","ZDFE_105_D1","0","Ribosome biogenesis",-0.522111410055031
"ZDFE_106","D1","ZDFE_106_D1","0","PRR/TLR/TNF/NF-kB signaling",-0.231558247924385
"ZDFE_106","D1","ZDFE_106_D1","0","Phagolysosome/autophagy",0.0374087474324177
"ZDFE_106","D1","ZDFE_106_D1","0","Type I interferon response",-0.405390020898957
"ZDFE_106","D1","ZDFE_106_D1","0","Ribosome biogenesis",0.334701013696311
"ZDFE_107","D1","ZDFE_107_D1","1","PRR/TLR/TNF/NF-kB signaling",-0.322401843859328
"ZDFE_107","D1","ZDFE_107_D1","1","Phagolysosome/autophagy",-0.0723684490087536
"ZDFE_107","D1","ZDFE_107_D1","1","Type I interferon response",-0.476285024471912
"ZDFE_107","D1","ZDFE_107_D1","1","Ribosome biogenesis",0.565023243548685
"ZDFE_109","D1","ZDFE_109_D1","0","PRR/TLR/TNF/NF-kB signaling",-0.174691140171014
"ZDFE_109","D1","ZDFE_109_D1","0","Phagolysosome/autophagy",-0.302753915456171
"ZDFE_109","D1","ZDFE_109_D1","0","Type I interferon response",-0.440086747006523
"ZDFE_109","D1","ZDFE_109_D1","0","Ribosome biogenesis",0.44274323566673
"ZDFE_110","D1","ZDFE_110_D1","1","PRR/TLR/TNF/NF-kB signaling",-0.123860951766291
"ZDFE_110","D1","ZDFE_110_D1","1","Phagolysosome/autophagy",0.166440579343215
"ZDFE_110","D1","ZDFE_110_D1","1","Type I interferon response",-0.253221543155272
"ZDFE_110","D1","ZDFE_110_D1","1","Ribosome biogenesis",-0.256463520834886
"ZDFE_111","D1","ZDFE_111_D1","0","PRR/TLR/TNF/NF-kB signaling",0.0712878751808664
"ZDFE_111","D1","ZDFE_111_D1","0","Phagolysosome/autophagy",0.282100073270101
"ZDFE_111","D1","ZDFE_111_D1","0","Type I interferon response",-0.317441708245811
"ZDFE_111","D1","ZDFE_111_D1","0","Ribosome biogenesis",-0.127363856763594
"ZDFE_112","D1","ZDFE_112_D1","1","PRR/TLR/TNF/NF-kB signaling",-0.50878915258158
"ZDFE_112","D1","ZDFE_112_D1","1","Phagolysosome/autophagy",-0.519566950911816
"ZDFE_112","D1","ZDFE_112_D1","1","Type I interferon response",-0.257572441930471
"ZDFE_112","D1","ZDFE_112_D1","1","Ribosome biogenesis",0.441276103924132
"ZDFE_113","D1","ZDFE_113_D1","0","PRR/TLR/TNF/NF-kB signaling",-0.145522056953271
"ZDFE_113","D1","ZDFE_113_D1","0","Phagolysosome/autophagy",-0.207160277021354
"ZDFE_113","D1","ZDFE_113_D1","0","Type I interferon response",-0.265528982801299
"ZDFE_113","D1","ZDFE_113_D1","0","Ribosome biogenesis",0.0513016598812835
"ZDFE_114","D1","ZDFE_114_D1","0","PRR/TLR/TNF/NF-kB signaling",-0.208868184020921
"ZDFE_114","D1","ZDFE_114_D1","0","Phagolysosome/autophagy",-0.0742254295519522
"ZDFE_114","D1","ZDFE_114_D1","0","Type I interferon response",-0.422967898073859
"ZDFE_114","D1","ZDFE_114_D1","0","Ribosome biogenesis",-0.0110766719089734
"ZDFE_115","D1","ZDFE_115_D1","0","PRR/TLR/TNF/NF-kB signaling",-0.423068664710576
"ZDFE_115","D1","ZDFE_115_D1","0","Phagolysosome/autophagy",-0.435013414592495
"ZDFE_115","D1","ZDFE_115_D1","0","Type I interferon response",-0.345814028172764
"ZDFE_115","D1","ZDFE_115_D1","0","Ribosome biogenesis",0.563253431680209
"ZDFE_116","D1","ZDFE_116_D1","0","PRR/TLR/TNF/NF-kB signaling",-0.405198998762688
"ZDFE_116","D1","ZDFE_116_D1","0","Phagolysosome/autophagy",-0.437325839812204
"ZDFE_116","D1","ZDFE_116_D1","0","Type I interferon response",-0.508231517067327
"ZDFE_116","D1","ZDFE_116_D1","0","Ribosome biogenesis",0.362541813071977
"ZDFE_117","D1","ZDFE_117_D1","0","PRR/TLR/TNF/NF-kB signaling",-0.018748348534835
"ZDFE_117","D1","ZDFE_117_D1","0","Phagolysosome/autophagy",-0.257265147963358
"ZDFE_117","D1","ZDFE_117_D1","0","Type I interferon response",-0.0482046066494642
"ZDFE_117","D1","ZDFE_117_D1","0","Ribosome biogenesis",0.16400951374689
"ZDFE_118","D1","ZDFE_118_D1","0","PRR/TLR/TNF/NF-kB signaling",-0.430264500690597
"ZDFE_118","D1","ZDFE_118_D1","0","Phagolysosome/autophagy",-0.395927486414672
"ZDFE_118","D1","ZDFE_118_D1","0","Type I interferon response",-0.54966511870072
"ZDFE_118","D1","ZDFE_118_D1","0","Ribosome biogenesis",-0.0177225464669961
"ZDFE_119","D1","ZDFE_119_D1","1","PRR/TLR/TNF/NF-kB signaling",0.0459722231336881
"ZDFE_119","D1","ZDFE_119_D1","1","Phagolysosome/autophagy",0.000323265400069064
"ZDFE_119","D1","ZDFE_119_D1","1","Type I interferon response",0.089113171621226
"ZDFE_119","D1","ZDFE_119_D1","1","Ribosome biogenesis",0.615721017656415
"ZDFE_120","D1","ZDFE_120_D1","1","PRR/TLR/TNF/NF-kB signaling",-0.537023670147682
"ZDFE_120","D1","ZDFE_120_D1","1","Phagolysosome/autophagy",-0.531897425514046
"ZDFE_120","D1","ZDFE_120_D1","1","Type I interferon response",-0.513902173910021
"ZDFE_120","D1","ZDFE_120_D1","1","Ribosome biogenesis",0.604698940194077
"ZDFE_121","D1","ZDFE_121_D1","1","PRR/TLR/TNF/NF-kB signaling",0.168820394196395
"ZDFE_121","D1","ZDFE_121_D1","1","Phagolysosome/autophagy",0.349536526006262
"ZDFE_121","D1","ZDFE_121_D1","1","Type I interferon response",0.280421872929156
"ZDFE_121","D1","ZDFE_121_D1","1","Ribosome biogenesis",-0.0958618089905092
"ZDFE_122","D1","ZDFE_122_D1","0","PRR/TLR/TNF/NF-kB signaling",-0.423499027790025
"ZDFE_122","D1","ZDFE_122_D1","0","Phagolysosome/autophagy",-0.443650508803123
"ZDFE_122","D1","ZDFE_122_D1","0","Type I interferon response",-0.402584747099631
"ZDFE_122","D1","ZDFE_122_D1","0","Ribosome biogenesis",0.451475355065204
"ZDFE_123","D1","ZDFE_123_D1","1","PRR/TLR/TNF/NF-kB signaling",0.503350412010568
"ZDFE_123","D1","ZDFE_123_D1","1","Phagolysosome/autophagy",0.501532533325777
"ZDFE_123","D1","ZDFE_123_D1","1","Type I interferon response",0.392977606018709
"ZDFE_123","D1","ZDFE_123_D1","1","Ribosome biogenesis",-0.691048907056272
"ZDFE_124","D1","ZDFE_124_D1","1","PRR/TLR/TNF/NF-kB signaling",0.345798009658319
"ZDFE_124","D1","ZDFE_124_D1","1","Phagolysosome/autophagy",0.403755607707877
"ZDFE_124","D1","ZDFE_124_D1","1","Type I interferon response",0.294758953720682
"ZDFE_124","D1","ZDFE_124_D1","1","Ribosome biogenesis",-0.574047062271381
"ZDFE_125","D1","ZDFE_125_D1","1","PRR/TLR/TNF/NF-kB signaling",-0.519155048332668
"ZDFE_125","D1","ZDFE_125_D1","1","Phagolysosome/autophagy",-0.567348548295622
"ZDFE_125","D1","ZDFE_125_D1","1","Type I interferon response",-0.490465283265746
"ZDFE_125","D1","ZDFE_125_D1","1","Ribosome biogenesis",0.165864829254411
"ZDFE_126","D1","ZDFE_126_D1","1","PRR/TLR/TNF/NF-kB signaling",-0.47558075951396
"ZDFE_126","D1","ZDFE_126_D1","1","Phagolysosome/autophagy",-0.55623219821002
"ZDFE_126","D1","ZDFE_126_D1","1","Type I interferon response",-0.574408653807188
"ZDFE_126","D1","ZDFE_126_D1","1","Ribosome biogenesis",0.452338588491288
"ZDFE_127","D1","ZDFE_127_D1","0","PRR/TLR/TNF/NF-kB signaling",0.326618309748468
"ZDFE_127","D1","ZDFE_127_D1","0","Phagolysosome/autophagy",0.0202405396333654
"ZDFE_127","D1","ZDFE_127_D1","0","Type I interferon response",0.387722217275832
"ZDFE_127","D1","ZDFE_127_D1","0","Ribosome biogenesis",-0.271486258005711
"ZDFE_128","D1","ZDFE_128_D1","0","PRR/TLR/TNF/NF-kB signaling",-0.50777798153574
"ZDFE_128","D1","ZDFE_128_D1","0","Phagolysosome/autophagy",-0.596696255936609
"ZDFE_128","D1","ZDFE_128_D1","0","Type I interferon response",-0.116129994610191
"ZDFE_128","D1","ZDFE_128_D1","0","Ribosome biogenesis",0.491093795280171
"ZDFE_129","D1","ZDFE_129_D1","0","PRR/TLR/TNF/NF-kB signaling",-0.319188350138568
"ZDFE_129","D1","ZDFE_129_D1","0","Phagolysosome/autophagy",-0.506455839981058
"ZDFE_129","D1","ZDFE_129_D1","0","Type I interferon response",0.301187171075357
"ZDFE_129","D1","ZDFE_129_D1","0","Ribosome biogenesis",0.61975847121183
"ZDFE_130","D1","ZDFE_130_D1","1","PRR/TLR/TNF/NF-kB signaling",0.361450323186494
"ZDFE_130","D1","ZDFE_130_D1","1","Phagolysosome/autophagy",0.139845836948805
"ZDFE_130","D1","ZDFE_130_D1","1","Type I interferon response",0.533870828761823
"ZDFE_130","D1","ZDFE_130_D1","1","Ribosome biogenesis",-0.402436169725943
"ZDFE_131","D1","ZDFE_131_D1","1","PRR/TLR/TNF/NF-kB signaling",0.224260859102667
"ZDFE_131","D1","ZDFE_131_D1","1","Phagolysosome/autophagy",0.130135341552234
"ZDFE_131","D1","ZDFE_131_D1","1","Type I interferon response",0.245040168145849
"ZDFE_131","D1","ZDFE_131_D1","1","Ribosome biogenesis",0.488313741681289
"ZDFE_132","D1","ZDFE_132_D1","1","PRR/TLR/TNF/NF-kB signaling",-0.297566172979175
"ZDFE_132","D1","ZDFE_132_D1","1","Phagolysosome/autophagy",-0.434389846376147
"ZDFE_132","D1","ZDFE_132_D1","1","Type I interferon response",-0.15455987291966
"ZDFE_132","D1","ZDFE_132_D1","1","Ribosome biogenesis",0.0509901150251099
"ZDFE_133","D1","ZDFE_133_D1","0","PRR/TLR/TNF/NF-kB signaling",0.221324739150003
"ZDFE_133","D1","ZDFE_133_D1","0","Phagolysosome/autophagy",0.33168306755703
"ZDFE_133","D1","ZDFE_133_D1","0","Type I interferon response",-0.0258787025024944
"ZDFE_133","D1","ZDFE_133_D1","0","Ribosome biogenesis",-0.414505261325119
"ZDFE_134","D1","ZDFE_134_D1","1","PRR/TLR/TNF/NF-kB signaling",-0.272765114144126
"ZDFE_134","D1","ZDFE_134_D1","1","Phagolysosome/autophagy",0.0234584646962029
"ZDFE_134","D1","ZDFE_134_D1","1","Type I interferon response",-0.352825851242858
"ZDFE_134","D1","ZDFE_134_D1","1","Ribosome biogenesis",-0.189500067572597
"ZDFE_135","D1","ZDFE_135_D1","0","PRR/TLR/TNF/NF-kB signaling",-0.625101247649446
"ZDFE_135","D1","ZDFE_135_D1","0","Phagolysosome/autophagy",-0.680137965511405
"ZDFE_135","D1","ZDFE_135_D1","0","Type I interferon response",-0.546688434204138
"ZDFE_135","D1","ZDFE_135_D1","0","Ribosome biogenesis",0.577824541343937
"ZDFE_136","D1","ZDFE_136_D1","0","PRR/TLR/TNF/NF-kB signaling",0.365674124731165
"ZDFE_136","D1","ZDFE_136_D1","0","Phagolysosome/autophagy",0.123947540360427
"ZDFE_136","D1","ZDFE_136_D1","0","Type I interferon response",0.572131700014164
"ZDFE_136","D1","ZDFE_136_D1","0","Ribosome biogenesis",-0.148011362423751
"ZDFE_137","D1","ZDFE_137_D1","0","PRR/TLR/TNF/NF-kB signaling",-0.121078524740429
"ZDFE_137","D1","ZDFE_137_D1","0","Phagolysosome/autophagy",-0.158214565583964
"ZDFE_137","D1","ZDFE_137_D1","0","Type I interferon response",-0.279586856184091
"ZDFE_137","D1","ZDFE_137_D1","0","Ribosome biogenesis",0.155584424365428
"ZDFE_138","D1","ZDFE_138_D1","0","PRR/TLR/TNF/NF-kB signaling",-0.167251511725497
"ZDFE_138","D1","ZDFE_138_D1","0","Phagolysosome/autophagy",0.0965209390425489
"ZDFE_138","D1","ZDFE_138_D1","0","Type I interferon response",-0.425288933178776
"ZDFE_138","D1","ZDFE_138_D1","0","Ribosome biogenesis",-0.160804773840032
"ZDFE_139","D1","ZDFE_139_D1","1","PRR/TLR/TNF/NF-kB signaling",0.0655512912508786
"ZDFE_139","D1","ZDFE_139_D1","1","Phagolysosome/autophagy",-0.0946376111237901
"ZDFE_139","D1","ZDFE_139_D1","1","Type I interferon response",-0.256074513513593
"ZDFE_139","D1","ZDFE_139_D1","1","Ribosome biogenesis",-0.0905639293393706
"ZDFE_140","D1","ZDFE_140_D1","1","PRR/TLR/TNF/NF-kB signaling",0.389210615271083
"ZDFE_140","D1","ZDFE_140_D1","1","Phagolysosome/autophagy",0.36338318055712
"ZDFE_140","D1","ZDFE_140_D1","1","Type I interferon response",0.499322473782358
"ZDFE_140","D1","ZDFE_140_D1","1","Ribosome biogenesis",0.414257263023301
"ZYCZ_018","D1","ZYCZ_018_D1","0","PRR/TLR/TNF/NF-kB signaling",0.527109221296158
"ZYCZ_018","D1","ZYCZ_018_D1","0","Phagolysosome/autophagy",0.416754543876266
"ZYCZ_018","D1","ZYCZ_018_D1","0","Type I interferon response",0.309294426554296
"ZYCZ_018","D1","ZYCZ_018_D1","0","Ribosome biogenesis",-0.126013822321274
"ZYCZ_019","D1","ZYCZ_019_D1","1","PRR/TLR/TNF/NF-kB signaling",-0.418019997901929
"ZYCZ_019","D1","ZYCZ_019_D1","1","Phagolysosome/autophagy",-0.39164468802553
"ZYCZ_019","D1","ZYCZ_019_D1","1","Type I interferon response",-0.456558180289254
"ZYCZ_019","D1","ZYCZ_019_D1","1","Ribosome biogenesis",0.489414949695701
"ZYCZ_020","D1","ZYCZ_020_D1","1","PRR/TLR/TNF/NF-kB signaling",0.61847437436228
"ZYCZ_020","D1","ZYCZ_020_D1","1","Phagolysosome/autophagy",0.592576262805396
"ZYCZ_020","D1","ZYCZ_020_D1","1","Type I interferon response",0.744825958550863
"ZYCZ_020","D1","ZYCZ_020_D1","1","Ribosome biogenesis",-0.635153951068463
"ZYCZ_021","D1","ZYCZ_021_D1","1","PRR/TLR/TNF/NF-kB signaling",-0.332821637414706
"ZYCZ_021","D1","ZYCZ_021_D1","1","Phagolysosome/autophagy",-0.241272223606527
"ZYCZ_021","D1","ZYCZ_021_D1","1","Type I interferon response",-0.398524371962711
"ZYCZ_021","D1","ZYCZ_021_D1","1","Ribosome biogenesis",0.0792391100184753
"ZYCZ_023","D1","ZYCZ_023_D1","1","PRR/TLR/TNF/NF-kB signaling",0.370804671764188
"ZYCZ_023","D1","ZYCZ_023_D1","1","Phagolysosome/autophagy",0.354981102073657
"ZYCZ_023","D1","ZYCZ_023_D1","1","Type I interferon response",0.529109308668315
"ZYCZ_023","D1","ZYCZ_023_D1","1","Ribosome biogenesis",-0.492784586516576
"ZYCZ_024","D1","ZYCZ_024_D1","1","PRR/TLR/TNF/NF-kB signaling",-0.472662099659405
"ZYCZ_024","D1","ZYCZ_024_D1","1","Phagolysosome/autophagy",-0.449237913426057
"ZYCZ_024","D1","ZYCZ_024_D1","1","Type I interferon response",-0.437566541023283
"ZYCZ_024","D1","ZYCZ_024_D1","1","Ribosome biogenesis",0.446088596231365
"ZYCZ_025","D1","ZYCZ_025_D1","0","PRR/TLR/TNF/NF-kB signaling",0.458897072714371
"ZYCZ_025","D1","ZYCZ_025_D1","0","Phagolysosome/autophagy",0.517930288375966
"ZYCZ_025","D1","ZYCZ_025_D1","0","Type I interferon response",0.219320492922653
"ZYCZ_025","D1","ZYCZ_025_D1","0","Ribosome biogenesis",-0.607268007289556
"ZYCZ_026","D1","ZYCZ_026_D1","0","PRR/TLR/TNF/NF-kB signaling",-0.388771422127236
"ZYCZ_026","D1","ZYCZ_026_D1","0","Phagolysosome/autophagy",-0.405900392673728
"ZYCZ_026","D1","ZYCZ_026_D1","0","Type I interferon response",-0.0626379624125606
"ZYCZ_026","D1","ZYCZ_026_D1","0","Ribosome biogenesis",0.647414588601791
"ZYCZ_027","D1","ZYCZ_027_D1","0","PRR/TLR/TNF/NF-kB signaling",0.285854850448486
"ZYCZ_027","D1","ZYCZ_027_D1","0","Phagolysosome/autophagy",0.358091063044812
"ZYCZ_027","D1","ZYCZ_027_D1","0","Type I interferon response",-0.281942814622472
"ZYCZ_027","D1","ZYCZ_027_D1","0","Ribosome biogenesis",-0.506116077201209
"ZYCZ_028","D1","ZYCZ_028_D1","0","PRR/TLR/TNF/NF-kB signaling",0.287382891459046
"ZYCZ_028","D1","ZYCZ_028_D1","0","Phagolysosome/autophagy",0.152573909310849
"ZYCZ_028","D1","ZYCZ_028_D1","0","Type I interferon response",0.46587721234931
"ZYCZ_028","D1","ZYCZ_028_D1","0","Ribosome biogenesis",0.224237604188346
"ZYCZ_029","D1","ZYCZ_029_D1","1","PRR/TLR/TNF/NF-kB signaling",0.210184418823014
"ZYCZ_029","D1","ZYCZ_029_D1","1","Phagolysosome/autophagy",0.282561920115035
"ZYCZ_029","D1","ZYCZ_029_D1","1","Type I interferon response",0.499040244938714
"ZYCZ_029","D1","ZYCZ_029_D1","1","Ribosome biogenesis",0.0948191851255852
"ZYCZ_030","D1","ZYCZ_030_D1","0","PRR/TLR/TNF/NF-kB signaling",0.293504333010629
"ZYCZ_030","D1","ZYCZ_030_D1","0","Phagolysosome/autophagy",0.475278136258918
"ZYCZ_030","D1","ZYCZ_030_D1","0","Type I interferon response",0.0564372437122513
"ZYCZ_030","D1","ZYCZ_030_D1","0","Ribosome biogenesis",-0.570052483548573
"ZYCZ_032","D1","ZYCZ_032_D1","0","PRR/TLR/TNF/NF-kB signaling",0.11767540759539
"ZYCZ_032","D1","ZYCZ_032_D1","0","Phagolysosome/autophagy",-0.105220269364224
"ZYCZ_032","D1","ZYCZ_032_D1","0","Type I interferon response",0.334880782120227
"ZYCZ_032","D1","ZYCZ_032_D1","0","Ribosome biogenesis",0.534953375484376
"ZYCZ_033","D1","ZYCZ_033_D1","1","PRR/TLR/TNF/NF-kB signaling",0.426470334332502
"ZYCZ_033","D1","ZYCZ_033_D1","1","Phagolysosome/autophagy",0.489017402525152
"ZYCZ_033","D1","ZYCZ_033_D1","1","Type I interferon response",0.616291628581484
"ZYCZ_033","D1","ZYCZ_033_D1","1","Ribosome biogenesis",-0.367972482793093
"ZYCZ_034","D1","ZYCZ_034_D1","0","PRR/TLR/TNF/NF-kB signaling",0.335043461623089
"ZYCZ_034","D1","ZYCZ_034_D1","0","Phagolysosome/autophagy",0.42577571631225
"ZYCZ_034","D1","ZYCZ_034_D1","0","Type I interferon response",0.0528190485919683
"ZYCZ_034","D1","ZYCZ_034_D1","0","Ribosome biogenesis",-0.636870646448961
"ZYCZ_035","D1","ZYCZ_035_D1","1","PRR/TLR/TNF/NF-kB signaling",-0.396920240109415
"ZYCZ_035","D1","ZYCZ_035_D1","1","Phagolysosome/autophagy",-0.427759346825312
"ZYCZ_035","D1","ZYCZ_035_D1","1","Type I interferon response",-0.167145276042597
"ZYCZ_035","D1","ZYCZ_035_D1","1","Ribosome biogenesis",0.582124587059755
"ZYCZ_036","D1","ZYCZ_036_D1","0","PRR/TLR/TNF/NF-kB signaling",-0.407543344787076
"ZYCZ_036","D1","ZYCZ_036_D1","0","Phagolysosome/autophagy",-0.446857774847163
"ZYCZ_036","D1","ZYCZ_036_D1","0","Type I interferon response",-0.180027031608453
"ZYCZ_036","D1","ZYCZ_036_D1","0","Ribosome biogenesis",0.18374520874073
"ZYCZ_037","D1","ZYCZ_037_D1","1","PRR/TLR/TNF/NF-kB signaling",-0.299957197086114
"ZYCZ_037","D1","ZYCZ_037_D1","1","Phagolysosome/autophagy",-0.272341964539371
"ZYCZ_037","D1","ZYCZ_037_D1","1","Type I interferon response",-0.384689606735198
"ZYCZ_037","D1","ZYCZ_037_D1","1","Ribosome biogenesis",0.293312420059481
"ZYCZ_038","D1","ZYCZ_038_D1","0","PRR/TLR/TNF/NF-kB signaling",-0.311628716148933
"ZYCZ_038","D1","ZYCZ_038_D1","0","Phagolysosome/autophagy",-0.421645966296307
"ZYCZ_038","D1","ZYCZ_038_D1","0","Type I interferon response",0.0875029310737783
"ZYCZ_038","D1","ZYCZ_038_D1","0","Ribosome biogenesis",0.0720131288447343
"ZYCZ_039","D1","ZYCZ_039_D1","0","PRR/TLR/TNF/NF-kB signaling",0.545823514118764
"ZYCZ_039","D1","ZYCZ_039_D1","0","Phagolysosome/autophagy",0.493393442766708
"ZYCZ_039","D1","ZYCZ_039_D1","0","Type I interferon response",0.695241108842915
"ZYCZ_039","D1","ZYCZ_039_D1","0","Ribosome biogenesis",-0.411803891121372
"ZYCZ_040","D1","ZYCZ_040_D1","0","PRR/TLR/TNF/NF-kB signaling",0.0997024531458226
"ZYCZ_040","D1","ZYCZ_040_D1","0","Phagolysosome/autophagy",-0.204821139378401
"ZYCZ_040","D1","ZYCZ_040_D1","0","Type I interferon response",0.471109741070469
"ZYCZ_040","D1","ZYCZ_040_D1","0","Ribosome biogenesis",-0.395355411874663
"ZYQC_039","D1","ZYQC_039_D1","0","PRR/TLR/TNF/NF-kB signaling",0.309206333520862
"ZYQC_039","D1","ZYQC_039_D1","0","Phagolysosome/autophagy",0.411641477684541
"ZYQC_039","D1","ZYQC_039_D1","0","Type I interferon response",0.267064572108028
"ZYQC_039","D1","ZYQC_039_D1","0","Ribosome biogenesis",-0.571510286208815
"ZYQC_040","D1","ZYQC_040_D1","1","PRR/TLR/TNF/NF-kB signaling",0.57167348270229
"ZYQC_040","D1","ZYQC_040_D1","1","Phagolysosome/autophagy",0.570932362756492
"ZYQC_040","D1","ZYQC_040_D1","1","Type I interferon response",0.685655500838671
"ZYQC_040","D1","ZYQC_040_D1","1","Ribosome biogenesis",-0.563339032234936
"ZYQC_041","D1","ZYQC_041_D1","0","PRR/TLR/TNF/NF-kB signaling",0.554283466963088
"ZYQC_041","D1","ZYQC_041_D1","0","Phagolysosome/autophagy",0.590129250356605
"ZYQC_041","D1","ZYQC_041_D1","0","Type I interferon response",0.325436469410469
"ZYQC_041","D1","ZYQC_041_D1","0","Ribosome biogenesis",-0.696649560235142
"ZYQC_042","D1","ZYQC_042_D1","0","PRR/TLR/TNF/NF-kB signaling",0.560353603410633
"ZYQC_042","D1","ZYQC_042_D1","0","Phagolysosome/autophagy",0.645029605676602
"ZYQC_042","D1","ZYQC_042_D1","0","Type I interferon response",0.481521367517189
"ZYQC_042","D1","ZYQC_042_D1","0","Ribosome biogenesis",-0.604049948863322
"ZYQC_043","D1","ZYQC_043_D1","0","PRR/TLR/TNF/NF-kB signaling",0.0781349832481064
"ZYQC_043","D1","ZYQC_043_D1","0","Phagolysosome/autophagy",0.259898703343067
"ZYQC_043","D1","ZYQC_043_D1","0","Type I interferon response",-0.186363050233499
"ZYQC_043","D1","ZYQC_043_D1","0","Ribosome biogenesis",0.402289490915001
"ZYQC_045","D1","ZYQC_045_D1","0","PRR/TLR/TNF/NF-kB signaling",-0.251388623271722
"ZYQC_045","D1","ZYQC_045_D1","0","Phagolysosome/autophagy",-0.295641488448834
"ZYQC_045","D1","ZYQC_045_D1","0","Type I interferon response",0.0560565327510241
"ZYQC_045","D1","ZYQC_045_D1","0","Ribosome biogenesis",0.616930444236014
"ZYQC_046","D1","ZYQC_046_D1","1","PRR/TLR/TNF/NF-kB signaling",0.293070164495018
"ZYQC_046","D1","ZYQC_046_D1","1","Phagolysosome/autophagy",0.398916114021352
"ZYQC_046","D1","ZYQC_046_D1","1","Type I interferon response",0.179330789901175
"ZYQC_046","D1","ZYQC_046_D1","1","Ribosome biogenesis",-0.431099024672224
"ZYQC_047","D1","ZYQC_047_D1","1","PRR/TLR/TNF/NF-kB signaling",0.408532766223284
"ZYQC_047","D1","ZYQC_047_D1","1","Phagolysosome/autophagy",0.533102370304592
"ZYQC_047","D1","ZYQC_047_D1","1","Type I interferon response",0.30812947256979
"ZYQC_047","D1","ZYQC_047_D1","1","Ribosome biogenesis",-0.652210126321486
"ZYQC_048","D1","ZYQC_048_D1","0","PRR/TLR/TNF/NF-kB signaling",0.379094250885879
"ZYQC_048","D1","ZYQC_048_D1","0","Phagolysosome/autophagy",0.00195018223519
"ZYQC_048","D1","ZYQC_048_D1","0","Type I interferon response",0.513924925136403
"ZYQC_048","D1","ZYQC_048_D1","0","Ribosome biogenesis",-0.355991288148762
"ZYQC_049","D1","ZYQC_049_D1","1","PRR/TLR/TNF/NF-kB signaling",0.106259367000343
"ZYQC_049","D1","ZYQC_049_D1","1","Phagolysosome/autophagy",0.0369000194140969
"ZYQC_049","D1","ZYQC_049_D1","1","Type I interferon response",-0.38355638131127
"ZYQC_049","D1","ZYQC_049_D1","1","Ribosome biogenesis",0.0909849894790394
"ZYQC_050","D1","ZYQC_050_D1","0","PRR/TLR/TNF/NF-kB signaling",-0.0771336513823387
"ZYQC_050","D1","ZYQC_050_D1","0","Phagolysosome/autophagy",-0.00615580674264904
"ZYQC_050","D1","ZYQC_050_D1","0","Type I interferon response",0.108799388067534
"ZYQC_050","D1","ZYQC_050_D1","0","Ribosome biogenesis",-0.389966140287924
"ZYQC_051","D1","ZYQC_051_D1","0","PRR/TLR/TNF/NF-kB signaling",0.616272594388149
"ZYQC_051","D1","ZYQC_051_D1","0","Phagolysosome/autophagy",0.643654950567672
"ZYQC_051","D1","ZYQC_051_D1","0","Type I interferon response",0.709409300278236
"ZYQC_051","D1","ZYQC_051_D1","0","Ribosome biogenesis",-0.644302928072233
"ZYQC_052","D1","ZYQC_052_D1","0","PRR/TLR/TNF/NF-kB signaling",-0.545443295717137
"ZYQC_052","D1","ZYQC_052_D1","0","Phagolysosome/autophagy",-0.561164101054766
"ZYQC_052","D1","ZYQC_052_D1","0","Type I interferon response",-0.586291941012486
"ZYQC_052","D1","ZYQC_052_D1","0","Ribosome biogenesis",0.674034797749382
"ZYQC_053","D1","ZYQC_053_D1","1","PRR/TLR/TNF/NF-kB signaling",0.374634948525095
"ZYQC_053","D1","ZYQC_053_D1","1","Phagolysosome/autophagy",0.492463734969758
"ZYQC_053","D1","ZYQC_053_D1","1","Type I interferon response",0.0955950986918441
"ZYQC_053","D1","ZYQC_053_D1","1","Ribosome biogenesis",-0.508957508071362
"ZYQC_054","D1","ZYQC_054_D1","1","PRR/TLR/TNF/NF-kB signaling",0.335295980627003
"ZYQC_054","D1","ZYQC_054_D1","1","Phagolysosome/autophagy",0.216945192201857
"ZYQC_054","D1","ZYQC_054_D1","1","Type I interferon response",0.600344239985347
"ZYQC_054","D1","ZYQC_054_D1","1","Ribosome biogenesis",-0.419413469818732
"ZYQC_055","D1","ZYQC_055_D1","0","PRR/TLR/TNF/NF-kB signaling",0.296103104949585
"ZYQC_055","D1","ZYQC_055_D1","0","Phagolysosome/autophagy",0.353865828633081
"ZYQC_055","D1","ZYQC_055_D1","0","Type I interferon response",-0.04589060169341
"ZYQC_055","D1","ZYQC_055_D1","0","Ribosome biogenesis",-0.502688205450729
"ZYQC_056","D1","ZYQC_056_D1","1","PRR/TLR/TNF/NF-kB signaling",-0.19974604762858
"ZYQC_056","D1","ZYQC_056_D1","1","Phagolysosome/autophagy",-0.0839933336471653
"ZYQC_056","D1","ZYQC_056_D1","1","Type I interferon response",-0.470633988287945
"ZYQC_056","D1","ZYQC_056_D1","1","Ribosome biogenesis",0.246303130113794
"ZYQC_057","D1","ZYQC_057_D1","0","PRR/TLR/TNF/NF-kB signaling",-0.334139798602069
"ZYQC_057","D1","ZYQC_057_D1","0","Phagolysosome/autophagy",-0.3814187171653
"ZYQC_057","D1","ZYQC_057_D1","0","Type I interferon response",-0.39772511381621
"ZYQC_057","D1","ZYQC_057_D1","0","Ribosome biogenesis",-0.24475518532565
"ZYQC_058","D1","ZYQC_058_D1","0","PRR/TLR/TNF/NF-kB signaling",0.20606561367262
"ZYQC_058","D1","ZYQC_058_D1","0","Phagolysosome/autophagy",0.0475938444589485
"ZYQC_058","D1","ZYQC_058_D1","0","Type I interferon response",0.445694779084431
"ZYQC_058","D1","ZYQC_058_D1","0","Ribosome biogenesis",0.630592534746035
"ZYQC_059","D1","ZYQC_059_D1","0","PRR/TLR/TNF/NF-kB signaling",0.420356989863265
"ZYQC_059","D1","ZYQC_059_D1","0","Phagolysosome/autophagy",0.360467579888599
"ZYQC_059","D1","ZYQC_059_D1","0","Type I interferon response",0.644018389833847
"ZYQC_059","D1","ZYQC_059_D1","0","Ribosome biogenesis",-0.312771906155564
"ZYQC_060","D1","ZYQC_060_D1","0","PRR/TLR/TNF/NF-kB signaling",0.526007872015502
"ZYQC_060","D1","ZYQC_060_D1","0","Phagolysosome/autophagy",0.58128048849837
"ZYQC_060","D1","ZYQC_060_D1","0","Type I interferon response",0.185462786254997
"ZYQC_060","D1","ZYQC_060_D1","0","Ribosome biogenesis",-0.670005302147706
"ZYQC_061","D1","ZYQC_061_D1","1","PRR/TLR/TNF/NF-kB signaling",0.175969362159279
"ZYQC_061","D1","ZYQC_061_D1","1","Phagolysosome/autophagy",0.268413923513273
"ZYQC_061","D1","ZYQC_061_D1","1","Type I interferon response",-0.134624974821088
"ZYQC_061","D1","ZYQC_061_D1","1","Ribosome biogenesis",-0.353399890357535
"ZYQC_063","D1","ZYQC_063_D1","1","PRR/TLR/TNF/NF-kB signaling",0.0215638909741339
"ZYQC_063","D1","ZYQC_063_D1","1","Phagolysosome/autophagy",-0.0632343103266217
"ZYQC_063","D1","ZYQC_063_D1","1","Type I interferon response",-0.285120292444139
"ZYQC_063","D1","ZYQC_063_D1","1","Ribosome biogenesis",0.290559602209744
"ZYQC_064","D1","ZYQC_064_D1","1","PRR/TLR/TNF/NF-kB signaling",-0.0634293326454726
"ZYQC_064","D1","ZYQC_064_D1","1","Phagolysosome/autophagy",0.0757107282389813
"ZYQC_064","D1","ZYQC_064_D1","1","Type I interferon response",-0.0311382592291826
"ZYQC_064","D1","ZYQC_064_D1","1","Ribosome biogenesis",0.107971280964008
"ZYQC_065","D1","ZYQC_065_D1","1","PRR/TLR/TNF/NF-kB signaling",-0.235246648293241
"ZYQC_065","D1","ZYQC_065_D1","1","Phagolysosome/autophagy",-0.0905952723724755
"ZYQC_065","D1","ZYQC_065_D1","1","Type I interferon response",-0.30589271901759
"ZYQC_065","D1","ZYQC_065_D1","1","Ribosome biogenesis",-0.427340459405841
"ZYQC_066","D1","ZYQC_066_D1","1","PRR/TLR/TNF/NF-kB signaling",-0.424626018070768
"ZYQC_066","D1","ZYQC_066_D1","1","Phagolysosome/autophagy",-0.368723717034018
"ZYQC_066","D1","ZYQC_066_D1","1","Type I interferon response",-0.478586070670751
"ZYQC_066","D1","ZYQC_066_D1","1","Ribosome biogenesis",0.356868919738289
"ZYQC_067","D1","ZYQC_067_D1","0","PRR/TLR/TNF/NF-kB signaling",0.563101212168843
"ZYQC_067","D1","ZYQC_067_D1","0","Phagolysosome/autophagy",0.606370966653321
"ZYQC_067","D1","ZYQC_067_D1","0","Type I interferon response",0.279523390633259
"ZYQC_067","D1","ZYQC_067_D1","0","Ribosome biogenesis",-0.436775495995881
"ZYQC_068","D1","ZYQC_068_D1","0","PRR/TLR/TNF/NF-kB signaling",0.506124345222968
"ZYQC_068","D1","ZYQC_068_D1","0","Phagolysosome/autophagy",0.642047501636079
"ZYQC_068","D1","ZYQC_068_D1","0","Type I interferon response",0.246228334369022
"ZYQC_068","D1","ZYQC_068_D1","0","Ribosome biogenesis",-0.645785703528654
"ZYQC_069","D1","ZYQC_069_D1","0","PRR/TLR/TNF/NF-kB signaling",-0.554256941444284
"ZYQC_069","D1","ZYQC_069_D1","0","Phagolysosome/autophagy",-0.528008017442198
"ZYQC_069","D1","ZYQC_069_D1","0","Type I interferon response",-0.676827853233087
"ZYQC_069","D1","ZYQC_069_D1","0","Ribosome biogenesis",0.529978711228053
"ZYQC_070","D1","ZYQC_070_D1","0","PRR/TLR/TNF/NF-kB signaling",0.544764843073601
"ZYQC_070","D1","ZYQC_070_D1","0","Phagolysosome/autophagy",0.459978606612913
"ZYQC_070","D1","ZYQC_070_D1","0","Type I interferon response",0.622219438997485
"ZYQC_070","D1","ZYQC_070_D1","0","Ribosome biogenesis",-0.454447109462038
"ZYQC_071","D1","ZYQC_071_D1","1","PRR/TLR/TNF/NF-kB signaling",0.414522641833247
"ZYQC_071","D1","ZYQC_071_D1","1","Phagolysosome/autophagy",0.290824401068507
"ZYQC_071","D1","ZYQC_071_D1","1","Type I interferon response",0.59017693175742
"ZYQC_071","D1","ZYQC_071_D1","1","Ribosome biogenesis",-0.440852772901708
"ZYQC_072","D1","ZYQC_072_D1","0","PRR/TLR/TNF/NF-kB signaling",-0.272241435208897
"ZYQC_072","D1","ZYQC_072_D1","0","Phagolysosome/autophagy",-0.134926594626633
"ZYQC_072","D1","ZYQC_072_D1","0","Type I interferon response",-0.393388909816786
"ZYQC_072","D1","ZYQC_072_D1","0","Ribosome biogenesis",-0.34950280494356
"ZYQC_073","D1","ZYQC_073_D1","0","PRR/TLR/TNF/NF-kB signaling",0.605974918151664
"ZYQC_073","D1","ZYQC_073_D1","0","Phagolysosome/autophagy",0.609045405656609
"ZYQC_073","D1","ZYQC_073_D1","0","Type I interferon response",0.452105322512572
"ZYQC_073","D1","ZYQC_073_D1","0","Ribosome biogenesis",-0.417541441013014
"ZYQC_074","D1","ZYQC_074_D1","1","PRR/TLR/TNF/NF-kB signaling",0.20958267415536
"ZYQC_074","D1","ZYQC_074_D1","1","Phagolysosome/autophagy",0.0801905998850409
"ZYQC_074","D1","ZYQC_074_D1","1","Type I interferon response",0.160773813485199
"ZYQC_074","D1","ZYQC_074_D1","1","Ribosome biogenesis",0.412558654997756
"ZYQC_075","D1","ZYQC_075_D1","1","PRR/TLR/TNF/NF-kB signaling",0.521761623732167
"ZYQC_075","D1","ZYQC_075_D1","1","Phagolysosome/autophagy",0.47150371549516
"ZYQC_075","D1","ZYQC_075_D1","1","Type I interferon response",0.456343844529496
"ZYQC_075","D1","ZYQC_075_D1","1","Ribosome biogenesis",-0.457047925650746
"ZYQC_076","D1","ZYQC_076_D1","0","PRR/TLR/TNF/NF-kB signaling",0.160514751929308
"ZYQC_076","D1","ZYQC_076_D1","0","Phagolysosome/autophagy",0.354490402036909
"ZYQC_076","D1","ZYQC_076_D1","0","Type I interferon response",-0.293642650052032
"ZYQC_076","D1","ZYQC_076_D1","0","Ribosome biogenesis",-0.169251698868825
"ZYQC_077","D1","ZYQC_077_D1","1","PRR/TLR/TNF/NF-kB signaling",0.041809311859321
"ZYQC_077","D1","ZYQC_077_D1","1","Phagolysosome/autophagy",-0.24073470924701
"ZYQC_077","D1","ZYQC_077_D1","1","Type I interferon response",0.457870715753816
"ZYQC_077","D1","ZYQC_077_D1","1","Ribosome biogenesis",0.519580245315465
"ZYQC_078","D1","ZYQC_078_D1","1","PRR/TLR/TNF/NF-kB signaling",-0.368161073562489
"ZYQC_078","D1","ZYQC_078_D1","1","Phagolysosome/autophagy",-0.43584101310524
"ZYQC_078","D1","ZYQC_078_D1","1","Type I interferon response",-0.291315312255295
"ZYQC_078","D1","ZYQC_078_D1","1","Ribosome biogenesis",0.158032039011668
"ZYQC_080","D1","ZYQC_080_D1","0","PRR/TLR/TNF/NF-kB signaling",-0.207000180487035
"ZYQC_080","D1","ZYQC_080_D1","0","Phagolysosome/autophagy",-0.216782118246643
"ZYQC_080","D1","ZYQC_080_D1","0","Type I interferon response",-0.17978672814248
"ZYQC_080","D1","ZYQC_080_D1","0","Ribosome biogenesis",-0.254710010180551
"ZYQC_081","D1","ZYQC_081_D1","1","PRR/TLR/TNF/NF-kB signaling",0.0197737624378376
"ZYQC_081","D1","ZYQC_081_D1","1","Phagolysosome/autophagy",-0.225063942661126
"ZYQC_081","D1","ZYQC_081_D1","1","Type I interferon response",0.432328579163232
"ZYQC_081","D1","ZYQC_081_D1","1","Ribosome biogenesis",0.180418367461373
"ZYQC_082","D1","ZYQC_082_D1","1","PRR/TLR/TNF/NF-kB signaling",0.408328681419933
"ZYQC_082","D1","ZYQC_082_D1","1","Phagolysosome/autophagy",0.431645438344222
"ZYQC_082","D1","ZYQC_082_D1","1","Type I interferon response",0.281787079697193
"ZYQC_082","D1","ZYQC_082_D1","1","Ribosome biogenesis",-0.503822672790106
"ZYQC_083","D1","ZYQC_083_D1","1","PRR/TLR/TNF/NF-kB signaling",-0.382868490735866
"ZYQC_083","D1","ZYQC_083_D1","1","Phagolysosome/autophagy",-0.372835504171899
"ZYQC_083","D1","ZYQC_083_D1","1","Type I interferon response",-0.323760181712271
"ZYQC_083","D1","ZYQC_083_D1","1","Ribosome biogenesis",-0.10474176952946
"ZYQC_084","D1","ZYQC_084_D1","0","PRR/TLR/TNF/NF-kB signaling",0.266704001523355
"ZYQC_084","D1","ZYQC_084_D1","0","Phagolysosome/autophagy",0.379570376103001
"ZYQC_084","D1","ZYQC_084_D1","0","Type I interferon response",-0.128751482460851
"ZYQC_084","D1","ZYQC_084_D1","0","Ribosome biogenesis",-0.0273813451015995
"ZYQC_085","D1","ZYQC_085_D1","0","PRR/TLR/TNF/NF-kB signaling",0.261464915997439
"ZYQC_085","D1","ZYQC_085_D1","0","Phagolysosome/autophagy",0.333011522496207
"ZYQC_085","D1","ZYQC_085_D1","0","Type I interferon response",-0.233630511955894
"ZYQC_085","D1","ZYQC_085_D1","0","Ribosome biogenesis",-0.481294602567457
"ZYQC_086","D1","ZYQC_086_D1","1","PRR/TLR/TNF/NF-kB signaling",-0.383982763727682
"ZYQC_086","D1","ZYQC_086_D1","1","Phagolysosome/autophagy",-0.358002995708381
"ZYQC_086","D1","ZYQC_086_D1","1","Type I interferon response",-0.401967017189378
"ZYQC_086","D1","ZYQC_086_D1","1","Ribosome biogenesis",0.0137521863501058
"ZYQC_087","D1","ZYQC_087_D1","0","PRR/TLR/TNF/NF-kB signaling",0.582651790697899
"ZYQC_087","D1","ZYQC_087_D1","0","Phagolysosome/autophagy",0.609582474628939
"ZYQC_087","D1","ZYQC_087_D1","0","Type I interferon response",0.633874484880103
"ZYQC_087","D1","ZYQC_087_D1","0","Ribosome biogenesis",-0.674358262431703
"ZYQC_088","D1","ZYQC_088_D1","1","PRR/TLR/TNF/NF-kB signaling",-0.045722251724488
"ZYQC_088","D1","ZYQC_088_D1","1","Phagolysosome/autophagy",-0.00122517596159938
"ZYQC_088","D1","ZYQC_088_D1","1","Type I interferon response",-0.105657217019114
"ZYQC_088","D1","ZYQC_088_D1","1","Ribosome biogenesis",-0.10253126219325
"ZYQC_089","D1","ZYQC_089_D1","0","PRR/TLR/TNF/NF-kB signaling",0.396119228623936
"ZYQC_089","D1","ZYQC_089_D1","0","Phagolysosome/autophagy",0.305138008687546
"ZYQC_089","D1","ZYQC_089_D1","0","Type I interferon response",0.238258981528552
"ZYQC_089","D1","ZYQC_089_D1","0","Ribosome biogenesis",-0.45028387165507
"ZYQC_090","D1","ZYQC_090_D1","0","PRR/TLR/TNF/NF-kB signaling",-0.233813301144728
"ZYQC_090","D1","ZYQC_090_D1","0","Phagolysosome/autophagy",-0.0913173213707602
"ZYQC_090","D1","ZYQC_090_D1","0","Type I interferon response",-0.479207273252878
"ZYQC_090","D1","ZYQC_090_D1","0","Ribosome biogenesis",0.374523191742373
"ZYQC_091","D1","ZYQC_091_D1","0","PRR/TLR/TNF/NF-kB signaling",-0.13868216860946
"ZYQC_091","D1","ZYQC_091_D1","0","Phagolysosome/autophagy",-0.0455324754193355
"ZYQC_091","D1","ZYQC_091_D1","0","Type I interferon response",-0.320551983516876
"ZYQC_091","D1","ZYQC_091_D1","0","Ribosome biogenesis",-0.0832326274349039
"ZYQC_092","D1","ZYQC_092_D1","1","PRR/TLR/TNF/NF-kB signaling",-0.623861476365109
"ZYQC_092","D1","ZYQC_092_D1","1","Phagolysosome/autophagy",-0.656888398453308
"ZYQC_092","D1","ZYQC_092_D1","1","Type I interferon response",-0.319547839407519
"ZYQC_092","D1","ZYQC_092_D1","1","Ribosome biogenesis",0.526189159493965
"ZYQC_093","D1","ZYQC_093_D1","0","PRR/TLR/TNF/NF-kB signaling",0.400296275461983
"ZYQC_093","D1","ZYQC_093_D1","0","Phagolysosome/autophagy",0.490976682440415
"ZYQC_093","D1","ZYQC_093_D1","0","Type I interferon response",-0.252453327003981
"ZYQC_093","D1","ZYQC_093_D1","0","Ribosome biogenesis",-0.654336210454778
"ZYQC_094","D1","ZYQC_094_D1","0","PRR/TLR/TNF/NF-kB signaling",0.274408898122525
"ZYQC_094","D1","ZYQC_094_D1","0","Phagolysosome/autophagy",0.256817125278819
"ZYQC_094","D1","ZYQC_094_D1","0","Type I interferon response",0.358785159935524
"ZYQC_094","D1","ZYQC_094_D1","0","Ribosome biogenesis",-0.351460686136703
"ZYQC_095","D1","ZYQC_095_D1","0","PRR/TLR/TNF/NF-kB signaling",0.593224858994661
"ZYQC_095","D1","ZYQC_095_D1","0","Phagolysosome/autophagy",0.568430777350932
"ZYQC_095","D1","ZYQC_095_D1","0","Type I interferon response",0.502226929595923
"ZYQC_095","D1","ZYQC_095_D1","0","Ribosome biogenesis",-0.645739902380999
"ZYQC_096","D1","ZYQC_096_D1","0","PRR/TLR/TNF/NF-kB signaling",0.393309530942186
"ZYQC_096","D1","ZYQC_096_D1","0","Phagolysosome/autophagy",0.352259918846479
"ZYQC_096","D1","ZYQC_096_D1","0","Type I interferon response",0.498911141144978
"ZYQC_096","D1","ZYQC_096_D1","0","Ribosome biogenesis",-0.494460060680353
"ZYQC_097","D1","ZYQC_097_D1","0","PRR/TLR/TNF/NF-kB signaling",-0.180901166157714
"ZYQC_097","D1","ZYQC_097_D1","0","Phagolysosome/autophagy",0.135037743730234
"ZYQC_097","D1","ZYQC_097_D1","0","Type I interferon response",-0.335785309540675
"ZYQC_097","D1","ZYQC_097_D1","0","Ribosome biogenesis",0.432218539817696
"ZYQC_098","D1","ZYQC_098_D1","1","PRR/TLR/TNF/NF-kB signaling",0.380475263818888
"ZYQC_098","D1","ZYQC_098_D1","1","Phagolysosome/autophagy",0.436374678895162
"ZYQC_098","D1","ZYQC_098_D1","1","Type I interferon response",0.279087050863853
"ZYQC_098","D1","ZYQC_098_D1","1","Ribosome biogenesis",-0.416659941702908
"ZYQC_099","D1","ZYQC_099_D1","0","PRR/TLR/TNF/NF-kB signaling",0.416448279825637
"ZYQC_099","D1","ZYQC_099_D1","0","Phagolysosome/autophagy",0.411299104106699
"ZYQC_099","D1","ZYQC_099_D1","0","Type I interferon response",0.130972197527381
"ZYQC_099","D1","ZYQC_099_D1","0","Ribosome biogenesis",-0.482890003533265
"ZYQC_100","D1","ZYQC_100_D1","0","PRR/TLR/TNF/NF-kB signaling",-0.369972410003365
"ZYQC_100","D1","ZYQC_100_D1","0","Phagolysosome/autophagy",-0.456991566881607
"ZYQC_100","D1","ZYQC_100_D1","0","Type I interferon response",-0.497177931285697
"ZYQC_100","D1","ZYQC_100_D1","0","Ribosome biogenesis",0.211818654341206
"ZYQC_101","D1","ZYQC_101_D1","0","PRR/TLR/TNF/NF-kB signaling",0.0659006021097677
"ZYQC_101","D1","ZYQC_101_D1","0","Phagolysosome/autophagy",-0.0578380833060741
"ZYQC_101","D1","ZYQC_101_D1","0","Type I interferon response",0.296637043265884
"ZYQC_101","D1","ZYQC_101_D1","0","Ribosome biogenesis",0.432907909242389
"ZYQC_102","D1","ZYQC_102_D1","0","PRR/TLR/TNF/NF-kB signaling",-0.602423120697936
"ZYQC_102","D1","ZYQC_102_D1","0","Phagolysosome/autophagy",-0.595768757616168
"ZYQC_102","D1","ZYQC_102_D1","0","Type I interferon response",-0.568789989029346
"ZYQC_102","D1","ZYQC_102_D1","0","Ribosome biogenesis",0.689317950038139
"ZYQC_103","D1","ZYQC_103_D1","0","PRR/TLR/TNF/NF-kB signaling",0.0623905624432792
"ZYQC_103","D1","ZYQC_103_D1","0","Phagolysosome/autophagy",-0.0234000567441137
"ZYQC_103","D1","ZYQC_103_D1","0","Type I interferon response",0.299936172602319
"ZYQC_103","D1","ZYQC_103_D1","0","Ribosome biogenesis",-0.504883870748058
"ZYQC_104","D1","ZYQC_104_D1","0","PRR/TLR/TNF/NF-kB signaling",-0.470535132414804
"ZYQC_104","D1","ZYQC_104_D1","0","Phagolysosome/autophagy",-0.501996657509347
"ZYQC_104","D1","ZYQC_104_D1","0","Type I interferon response",-0.505914075545611
"ZYQC_104","D1","ZYQC_104_D1","0","Ribosome biogenesis",0.351337864781327
"ZYQC_105","D1","ZYQC_105_D1","0","PRR/TLR/TNF/NF-kB signaling",0.606328824492772
"ZYQC_105","D1","ZYQC_105_D1","0","Phagolysosome/autophagy",0.571937317544031
"ZYQC_105","D1","ZYQC_105_D1","0","Type I interferon response",0.513341214557863
"ZYQC_105","D1","ZYQC_105_D1","0","Ribosome biogenesis",-0.645590195348922
"ZYQC_106","D1","ZYQC_106_D1","0","PRR/TLR/TNF/NF-kB signaling",0.27157670060607
"ZYQC_106","D1","ZYQC_106_D1","0","Phagolysosome/autophagy",0.124640673070174
"ZYQC_106","D1","ZYQC_106_D1","0","Type I interferon response",0.0892441635037542
"ZYQC_106","D1","ZYQC_106_D1","0","Ribosome biogenesis",-0.427567158057929
"ZYQC_108","D1","ZYQC_108_D1","0","PRR/TLR/TNF/NF-kB signaling",-0.454455048934224
"ZYQC_108","D1","ZYQC_108_D1","0","Phagolysosome/autophagy",-0.420216927721746
"ZYQC_108","D1","ZYQC_108_D1","0","Type I interferon response",-0.301387712949111
"ZYQC_108","D1","ZYQC_108_D1","0","Ribosome biogenesis",-0.277163874864891
"ZYQC_109","D1","ZYQC_109_D1","0","PRR/TLR/TNF/NF-kB signaling",0.462052754846316
"ZYQC_109","D1","ZYQC_109_D1","0","Phagolysosome/autophagy",0.494749559781136
"ZYQC_109","D1","ZYQC_109_D1","0","Type I interferon response",0.533356260076342
"ZYQC_109","D1","ZYQC_109_D1","0","Ribosome biogenesis",-0.530932100759395
"ZYQC_110","D1","ZYQC_110_D1","1","PRR/TLR/TNF/NF-kB signaling",-0.611061763084877
"ZYQC_110","D1","ZYQC_110_D1","1","Phagolysosome/autophagy",-0.488719939747364
"ZYQC_110","D1","ZYQC_110_D1","1","Type I interferon response",-0.518821440073146
"ZYQC_110","D1","ZYQC_110_D1","1","Ribosome biogenesis",0.676761789766794
"ZYQC_111","D1","ZYQC_111_D1","0","PRR/TLR/TNF/NF-kB signaling",0.502802772242058
"ZYQC_111","D1","ZYQC_111_D1","0","Phagolysosome/autophagy",0.552598238926716
"ZYQC_111","D1","ZYQC_111_D1","0","Type I interferon response",0.521343673437755
"ZYQC_111","D1","ZYQC_111_D1","0","Ribosome biogenesis",-0.65983317672205
"ZYQC_112","D1","ZYQC_112_D1","0","PRR/TLR/TNF/NF-kB signaling",-0.187814079297156
"ZYQC_112","D1","ZYQC_112_D1","0","Phagolysosome/autophagy",-0.12405111712928
"ZYQC_112","D1","ZYQC_112_D1","0","Type I interferon response",-0.478665550166508
"ZYQC_112","D1","ZYQC_112_D1","0","Ribosome biogenesis",-0.421533266695834
"ZYQC_113","D1","ZYQC_113_D1","0","PRR/TLR/TNF/NF-kB signaling",-0.593476439598651
"ZYQC_113","D1","ZYQC_113_D1","0","Phagolysosome/autophagy",-0.536209010334179
"ZYQC_113","D1","ZYQC_113_D1","0","Type I interferon response",-0.621839607015095
"ZYQC_113","D1","ZYQC_113_D1","0","Ribosome biogenesis",0.61920139244756
"ZYQC_114","D1","ZYQC_114_D1","0","PRR/TLR/TNF/NF-kB signaling",0.541104133339392
"ZYQC_114","D1","ZYQC_114_D1","0","Phagolysosome/autophagy",0.466725728357228
"ZYQC_114","D1","ZYQC_114_D1","0","Type I interferon response",0.685899464836776
"ZYQC_114","D1","ZYQC_114_D1","0","Ribosome biogenesis",-0.548833783382744
"ZYQC_115","D1","ZYQC_115_D1","0","PRR/TLR/TNF/NF-kB signaling",0.298547586888101
"ZYQC_115","D1","ZYQC_115_D1","0","Phagolysosome/autophagy",0.248066846376446
"ZYQC_115","D1","ZYQC_115_D1","0","Type I interferon response",0.251262366225622
"ZYQC_115","D1","ZYQC_115_D1","0","Ribosome biogenesis",-0.543210948128702
"ZYQC_116","D1","ZYQC_116_D1","0","PRR/TLR/TNF/NF-kB signaling",0.488990132353102
"ZYQC_116","D1","ZYQC_116_D1","0","Phagolysosome/autophagy",0.480077855127236
"ZYQC_116","D1","ZYQC_116_D1","0","Type I interferon response",0.311108663128061
"ZYQC_116","D1","ZYQC_116_D1","0","Ribosome biogenesis",-0.418573277476475
"ZYQC_117","D1","ZYQC_117_D1","1","PRR/TLR/TNF/NF-kB signaling",-0.440483171248953
"ZYQC_117","D1","ZYQC_117_D1","1","Phagolysosome/autophagy",-0.440261174749033
"ZYQC_117","D1","ZYQC_117_D1","1","Type I interferon response",-0.180876974754578
"ZYQC_117","D1","ZYQC_117_D1","1","Ribosome biogenesis",0.664464854406381
"ZYQC_118","D1","ZYQC_118_D1","0","PRR/TLR/TNF/NF-kB signaling",0.391555252946781
"ZYQC_118","D1","ZYQC_118_D1","0","Phagolysosome/autophagy",0.39393252369365
"ZYQC_118","D1","ZYQC_118_D1","0","Type I interferon response",0.269684290531189
"ZYQC_118","D1","ZYQC_118_D1","0","Ribosome biogenesis",-0.484449953047939
"ZYQC_119","D1","ZYQC_119_D1","1","PRR/TLR/TNF/NF-kB signaling",0.617228179456861
"ZYQC_119","D1","ZYQC_119_D1","1","Phagolysosome/autophagy",0.607906703273846
"ZYQC_119","D1","ZYQC_119_D1","1","Type I interferon response",0.719530258603218
"ZYQC_119","D1","ZYQC_119_D1","1","Ribosome biogenesis",-0.52854819642965
"ZYQC_120","D1","ZYQC_120_D1","1","PRR/TLR/TNF/NF-kB signaling",0.090596063340519
"ZYQC_120","D1","ZYQC_120_D1","1","Phagolysosome/autophagy",0.208137707651999
"ZYQC_120","D1","ZYQC_120_D1","1","Type I interferon response",0.301500841936784
"ZYQC_120","D1","ZYQC_120_D1","1","Ribosome biogenesis",-0.361446492469836
"ZYQC_121","D1","ZYQC_121_D1","0","PRR/TLR/TNF/NF-kB signaling",-0.344572533418471
"ZYQC_121","D1","ZYQC_121_D1","0","Phagolysosome/autophagy",-0.416707186222682
"ZYQC_121","D1","ZYQC_121_D1","0","Type I interferon response",-0.0345351715896469
"ZYQC_121","D1","ZYQC_121_D1","0","Ribosome biogenesis",-0.452523301371303
"ZYQC_122","D1","ZYQC_122_D1","0","PRR/TLR/TNF/NF-kB signaling",-0.102316464718216
"ZYQC_122","D1","ZYQC_122_D1","0","Phagolysosome/autophagy",-0.181941906184066
"ZYQC_122","D1","ZYQC_122_D1","0","Type I interferon response",0.343157532188525
"ZYQC_122","D1","ZYQC_122_D1","0","Ribosome biogenesis",0.464505268838179
"ZYQC_123","D1","ZYQC_123_D1","0","PRR/TLR/TNF/NF-kB signaling",0.204451363637796
"ZYQC_123","D1","ZYQC_123_D1","0","Phagolysosome/autophagy",0.0797361650121128
"ZYQC_123","D1","ZYQC_123_D1","0","Type I interferon response",0.12973093341893
"ZYQC_123","D1","ZYQC_123_D1","0","Ribosome biogenesis",-0.237480208633636
"ZYQC_124","D1","ZYQC_124_D1","0","PRR/TLR/TNF/NF-kB signaling",0.451170021437243
"ZYQC_124","D1","ZYQC_124_D1","0","Phagolysosome/autophagy",0.33191800466719
"ZYQC_124","D1","ZYQC_124_D1","0","Type I interferon response",0.689580809849398
"ZYQC_124","D1","ZYQC_124_D1","0","Ribosome biogenesis",-0.321026503116272
"ZYQC_125","D1","ZYQC_125_D1","1","PRR/TLR/TNF/NF-kB signaling",0.0543950541347455
"ZYQC_125","D1","ZYQC_125_D1","1","Phagolysosome/autophagy",-0.0204441050646605
"ZYQC_125","D1","ZYQC_125_D1","1","Type I interferon response",0.242639236882443
"ZYQC_125","D1","ZYQC_125_D1","1","Ribosome biogenesis",-0.430477703626076
"ZYQC_126","D1","ZYQC_126_D1","1","PRR/TLR/TNF/NF-kB signaling",0.383643324206748
"ZYQC_126","D1","ZYQC_126_D1","1","Phagolysosome/autophagy",0.414821470332238
"ZYQC_126","D1","ZYQC_126_D1","1","Type I interferon response",0.0424405484422417
"ZYQC_126","D1","ZYQC_126_D1","1","Ribosome biogenesis",-0.454191202446929
"ZYQC_127","D1","ZYQC_127_D1","0","PRR/TLR/TNF/NF-kB signaling",0.603453924093441
"ZYQC_127","D1","ZYQC_127_D1","0","Phagolysosome/autophagy",0.658660268180811
"ZYQC_127","D1","ZYQC_127_D1","0","Type I interferon response",0.663621893912959
"ZYQC_127","D1","ZYQC_127_D1","0","Ribosome biogenesis",-0.66625458285014
"ZYQC_128","D1","ZYQC_128_D1","0","PRR/TLR/TNF/NF-kB signaling",-0.311851813698691
"ZYQC_128","D1","ZYQC_128_D1","0","Phagolysosome/autophagy",-0.169140945677564
"ZYQC_128","D1","ZYQC_128_D1","0","Type I interferon response",-0.225219033828439
"ZYQC_128","D1","ZYQC_128_D1","0","Ribosome biogenesis",-0.232892974317503
"ZYQC_129","D1","ZYQC_129_D1","1","PRR/TLR/TNF/NF-kB signaling",-0.393755289944152
"ZYQC_129","D1","ZYQC_129_D1","1","Phagolysosome/autophagy",-0.443094950286393
"ZYQC_129","D1","ZYQC_129_D1","1","Type I interferon response",-0.206123298898335
"ZYQC_129","D1","ZYQC_129_D1","1","Ribosome biogenesis",0.363881658460495
"ZYQC_131","D1","ZYQC_131_D1","1","PRR/TLR/TNF/NF-kB signaling",0.569220648167924
"ZYQC_131","D1","ZYQC_131_D1","1","Phagolysosome/autophagy",0.644312383263366
"ZYQC_131","D1","ZYQC_131_D1","1","Type I interferon response",0.520202617428549
"ZYQC_131","D1","ZYQC_131_D1","1","Ribosome biogenesis",-0.690242594013576
"ZYQC_132","D1","ZYQC_132_D1","0","PRR/TLR/TNF/NF-kB signaling",-0.388978644535642
"ZYQC_132","D1","ZYQC_132_D1","0","Phagolysosome/autophagy",-0.163746550496498
"ZYQC_132","D1","ZYQC_132_D1","0","Type I interferon response",-0.500241599423788
"ZYQC_132","D1","ZYQC_132_D1","0","Ribosome biogenesis",-0.248039641084377
"ZYQC_133","D1","ZYQC_133_D1","1","PRR/TLR/TNF/NF-kB signaling",0.677991026430032
"ZYQC_133","D1","ZYQC_133_D1","1","Phagolysosome/autophagy",0.543066029308812
"ZYQC_133","D1","ZYQC_133_D1","1","Type I interferon response",0.710550005839647
"ZYQC_133","D1","ZYQC_133_D1","1","Ribosome biogenesis",-0.521082368328205
"ZYQC_134","D1","ZYQC_134_D1","0","PRR/TLR/TNF/NF-kB signaling",0.256181374707996
"ZYQC_134","D1","ZYQC_134_D1","0","Phagolysosome/autophagy",0.138343906475914
"ZYQC_134","D1","ZYQC_134_D1","0","Type I interferon response",0.114854546768381
"ZYQC_134","D1","ZYQC_134_D1","0","Ribosome biogenesis",-0.510327675807285
"ZYQC_135","D1","ZYQC_135_D1","0","PRR/TLR/TNF/NF-kB signaling",0.188320981822213
"ZYQC_135","D1","ZYQC_135_D1","0","Phagolysosome/autophagy",0.0347643716699618
"ZYQC_135","D1","ZYQC_135_D1","0","Type I interferon response",0.421314462112345
"ZYQC_135","D1","ZYQC_135_D1","0","Ribosome biogenesis",0.153442479307002
"ZYQC_136","D1","ZYQC_136_D1","1","PRR/TLR/TNF/NF-kB signaling",0.426185942903165
"ZYQC_136","D1","ZYQC_136_D1","1","Phagolysosome/autophagy",0.466600251328826
"ZYQC_136","D1","ZYQC_136_D1","1","Type I interferon response",0.0410171027545806
"ZYQC_136","D1","ZYQC_136_D1","1","Ribosome biogenesis",-0.694314026755914
"ZYQC_139","D1","ZYQC_139_D1","1","PRR/TLR/TNF/NF-kB signaling",0.412947996220387
"ZYQC_139","D1","ZYQC_139_D1","1","Phagolysosome/autophagy",0.367675875445026
"ZYQC_139","D1","ZYQC_139_D1","1","Type I interferon response",0.268920586034017
"ZYQC_139","D1","ZYQC_139_D1","1","Ribosome biogenesis",-0.645031561295003
"ZYQC_143","D1","ZYQC_143_D1","1","PRR/TLR/TNF/NF-kB signaling",0.483225394013316
"ZYQC_143","D1","ZYQC_143_D1","1","Phagolysosome/autophagy",0.502545527657455
"ZYQC_143","D1","ZYQC_143_D1","1","Type I interferon response",0.510639159849467
"ZYQC_143","D1","ZYQC_143_D1","1","Ribosome biogenesis",-0.597201475756171
"ZYYH_041","D1","ZYYH_041_D1","0","PRR/TLR/TNF/NF-kB signaling",0.195492174133595
"ZYYH_041","D1","ZYYH_041_D1","0","Phagolysosome/autophagy",0.0453785637755048
"ZYYH_041","D1","ZYYH_041_D1","0","Type I interferon response",-0.154277779910194
"ZYYH_041","D1","ZYYH_041_D1","0","Ribosome biogenesis",0.115635771911618
"ZYYH_042","D1","ZYYH_042_D1","0","PRR/TLR/TNF/NF-kB signaling",-0.552951692808919
"ZYYH_042","D1","ZYYH_042_D1","0","Phagolysosome/autophagy",-0.493970309732441
"ZYYH_042","D1","ZYYH_042_D1","0","Type I interferon response",-0.462972088371444
"ZYYH_042","D1","ZYYH_042_D1","0","Ribosome biogenesis",0.751743436560384
"ZYYH_045","D1","ZYYH_045_D1","0","PRR/TLR/TNF/NF-kB signaling",0.360950459526705
"ZYYH_045","D1","ZYYH_045_D1","0","Phagolysosome/autophagy",0.306858361664956
"ZYYH_045","D1","ZYYH_045_D1","0","Type I interferon response",0.214170452068218
"ZYYH_045","D1","ZYYH_045_D1","0","Ribosome biogenesis",-0.543972888868264
"ZYYH_047","D1","ZYYH_047_D1","0","PRR/TLR/TNF/NF-kB signaling",0.479728840594092
"ZYYH_047","D1","ZYYH_047_D1","0","Phagolysosome/autophagy",0.434322373244573
"ZYYH_047","D1","ZYYH_047_D1","0","Type I interferon response",0.294983910361212
"ZYYH_047","D1","ZYYH_047_D1","0","Ribosome biogenesis",-0.168786599690597
"ZYYH_048","D1","ZYYH_048_D1","0","PRR/TLR/TNF/NF-kB signaling",0.113134736582436
"ZYYH_048","D1","ZYYH_048_D1","0","Phagolysosome/autophagy",-0.0878805311697314
"ZYYH_048","D1","ZYYH_048_D1","0","Type I interferon response",0.0527644725005583
"ZYYH_048","D1","ZYYH_048_D1","0","Ribosome biogenesis",-0.0424585054162137
"ZYYH_049","D1","ZYYH_049_D1","0","PRR/TLR/TNF/NF-kB signaling",-0.47338154447845
"ZYYH_049","D1","ZYYH_049_D1","0","Phagolysosome/autophagy",-0.593178867052748
"ZYYH_049","D1","ZYYH_049_D1","0","Type I interferon response",-0.325766135153054
"ZYYH_049","D1","ZYYH_049_D1","0","Ribosome biogenesis",0.499537417214229
"ZYYH_050","D1","ZYYH_050_D1","0","PRR/TLR/TNF/NF-kB signaling",0.334525381250001
"ZYYH_050","D1","ZYYH_050_D1","0","Phagolysosome/autophagy",0.170595525234631
"ZYYH_050","D1","ZYYH_050_D1","0","Type I interferon response",0.474863510669699
"ZYYH_050","D1","ZYYH_050_D1","0","Ribosome biogenesis",0.268375953264588
"ZYYH_051","D1","ZYYH_051_D1","0","PRR/TLR/TNF/NF-kB signaling",-0.402406145779764
"ZYYH_051","D1","ZYYH_051_D1","0","Phagolysosome/autophagy",-0.48984657078607
"ZYYH_051","D1","ZYYH_051_D1","0","Type I interferon response",-0.444505885418541
"ZYYH_051","D1","ZYYH_051_D1","0","Ribosome biogenesis",0.167399157206494
"ZYYH_052","D1","ZYYH_052_D1","0","PRR/TLR/TNF/NF-kB signaling",0.277229174036122
"ZYYH_052","D1","ZYYH_052_D1","0","Phagolysosome/autophagy",0.275913325219216
"ZYYH_052","D1","ZYYH_052_D1","0","Type I interferon response",0.390572953413269
"ZYYH_052","D1","ZYYH_052_D1","0","Ribosome biogenesis",0.259711563649038
"ZYYH_053","D1","ZYYH_053_D1","0","PRR/TLR/TNF/NF-kB signaling",0.485060557414722
"ZYYH_053","D1","ZYYH_053_D1","0","Phagolysosome/autophagy",0.423755788733229
"ZYYH_053","D1","ZYYH_053_D1","0","Type I interferon response",0.412998928467387
"ZYYH_053","D1","ZYYH_053_D1","0","Ribosome biogenesis",-0.595146889529515
"ZYYH_055","D1","ZYYH_055_D1","0","PRR/TLR/TNF/NF-kB signaling",0.531235812642026
"ZYYH_055","D1","ZYYH_055_D1","0","Phagolysosome/autophagy",0.546251002557815
"ZYYH_055","D1","ZYYH_055_D1","0","Type I interferon response",0.43288017293409
"ZYYH_055","D1","ZYYH_055_D1","0","Ribosome biogenesis",-0.6114583820381
"ZYYH_056","D1","ZYYH_056_D1","0","PRR/TLR/TNF/NF-kB signaling",-0.629176054089515
"ZYYH_056","D1","ZYYH_056_D1","0","Phagolysosome/autophagy",-0.649976850397976
"ZYYH_056","D1","ZYYH_056_D1","0","Type I interferon response",-0.674213550348394
"ZYYH_056","D1","ZYYH_056_D1","0","Ribosome biogenesis",0.542067598421272
"ZYYH_057","D1","ZYYH_057_D1","0","PRR/TLR/TNF/NF-kB signaling",-0.0725326519491558
"ZYYH_057","D1","ZYYH_057_D1","0","Phagolysosome/autophagy",0.176238996289393
"ZYYH_057","D1","ZYYH_057_D1","0","Type I interferon response",-0.125150114630793
"ZYYH_057","D1","ZYYH_057_D1","0","Ribosome biogenesis",0.426445528253008
"ZYYH_058","D1","ZYYH_058_D1","1","PRR/TLR/TNF/NF-kB signaling",0.542110957594577
"ZYYH_058","D1","ZYYH_058_D1","1","Phagolysosome/autophagy",0.523283998610227
"ZYYH_058","D1","ZYYH_058_D1","1","Type I interferon response",0.656708783679811
"ZYYH_058","D1","ZYYH_058_D1","1","Ribosome biogenesis",-0.497839930908306
"ZYYH_059","D1","ZYYH_059_D1","1","PRR/TLR/TNF/NF-kB signaling",-0.132475641022139
"ZYYH_059","D1","ZYYH_059_D1","1","Phagolysosome/autophagy",-0.0396705994770965
"ZYYH_059","D1","ZYYH_059_D1","1","Type I interferon response",-0.282504058825002
"ZYYH_059","D1","ZYYH_059_D1","1","Ribosome biogenesis",-0.367989329444896
"ZYYH_060","D1","ZYYH_060_D1","0","PRR/TLR/TNF/NF-kB signaling",0.366786517329048
"ZYYH_060","D1","ZYYH_060_D1","0","Phagolysosome/autophagy",0.120473089827856
"ZYYH_060","D1","ZYYH_060_D1","0","Type I interferon response",0.583520568274849
"ZYYH_060","D1","ZYYH_060_D1","0","Ribosome biogenesis",0.130280133109375
"ZYYH_061","D1","ZYYH_061_D1","1","PRR/TLR/TNF/NF-kB signaling",0.498286556604663
"ZYYH_061","D1","ZYYH_061_D1","1","Phagolysosome/autophagy",0.459714681319914
"ZYYH_061","D1","ZYYH_061_D1","1","Type I interferon response",0.657042108959817
"ZYYH_061","D1","ZYYH_061_D1","1","Ribosome biogenesis",-0.593051000934508
"ZYYH_062","D1","ZYYH_062_D1","0","PRR/TLR/TNF/NF-kB signaling",-0.232331729524242
"ZYYH_062","D1","ZYYH_062_D1","0","Phagolysosome/autophagy",-0.417966754336332
"ZYYH_062","D1","ZYYH_062_D1","0","Type I interferon response",-0.138906367755481
"ZYYH_062","D1","ZYYH_062_D1","0","Ribosome biogenesis",0.170921463771771
"ZYYH_063","D1","ZYYH_063_D1","0","PRR/TLR/TNF/NF-kB signaling",0.247310432404442
"ZYYH_063","D1","ZYYH_063_D1","0","Phagolysosome/autophagy",0.223304234095722
"ZYYH_063","D1","ZYYH_063_D1","0","Type I interferon response",0.12923429326313
"ZYYH_063","D1","ZYYH_063_D1","0","Ribosome biogenesis",-0.411878119224095
"ZYYH_064","D1","ZYYH_064_D1","1","PRR/TLR/TNF/NF-kB signaling",-0.584271990530202
"ZYYH_064","D1","ZYYH_064_D1","1","Phagolysosome/autophagy",-0.588405893285783
"ZYYH_064","D1","ZYYH_064_D1","1","Type I interferon response",-0.519096910922251
"ZYYH_064","D1","ZYYH_064_D1","1","Ribosome biogenesis",0.496041495537735
"ZYYH_066","D1","ZYYH_066_D1","0","PRR/TLR/TNF/NF-kB signaling",0.244794217563668
"ZYYH_066","D1","ZYYH_066_D1","0","Phagolysosome/autophagy",0.256089356746107
"ZYYH_066","D1","ZYYH_066_D1","0","Type I interferon response",-0.00702406224272206
"ZYYH_066","D1","ZYYH_066_D1","0","Ribosome biogenesis",0.11915848561795
"ZYYH_067","D1","ZYYH_067_D1","0","PRR/TLR/TNF/NF-kB signaling",0.505326926044239
"ZYYH_067","D1","ZYYH_067_D1","0","Phagolysosome/autophagy",0.472626913522338
"ZYYH_067","D1","ZYYH_067_D1","0","Type I interferon response",0.445784090131582
"ZYYH_067","D1","ZYYH_067_D1","0","Ribosome biogenesis",-0.469111666315142
"ZYYH_068","D1","ZYYH_068_D1","1","PRR/TLR/TNF/NF-kB signaling",0.337593351909458
"ZYYH_068","D1","ZYYH_068_D1","1","Phagolysosome/autophagy",0.393989818804036
"ZYYH_068","D1","ZYYH_068_D1","1","Type I interferon response",-0.125805154157039
"ZYYH_068","D1","ZYYH_068_D1","1","Ribosome biogenesis",-0.355820625687204
"ZYYH_069","D1","ZYYH_069_D1","0","PRR/TLR/TNF/NF-kB signaling",0.504819761696523
"ZYYH_069","D1","ZYYH_069_D1","0","Phagolysosome/autophagy",0.483844193498982
"ZYYH_069","D1","ZYYH_069_D1","0","Type I interferon response",0.198776137519565
"ZYYH_069","D1","ZYYH_069_D1","0","Ribosome biogenesis",-0.644560064960538
"ZYYH_070","D1","ZYYH_070_D1","1","PRR/TLR/TNF/NF-kB signaling",-0.505347749108083
"ZYYH_070","D1","ZYYH_070_D1","1","Phagolysosome/autophagy",-0.534526933594055
"ZYYH_070","D1","ZYYH_070_D1","1","Type I interferon response",-0.532224200363041
"ZYYH_070","D1","ZYYH_070_D1","1","Ribosome biogenesis",0.537743925654283
"ZYYH_071","D1","ZYYH_071_D1","1","PRR/TLR/TNF/NF-kB signaling",-0.573600865937957
"ZYYH_071","D1","ZYYH_071_D1","1","Phagolysosome/autophagy",-0.621109127728881
"ZYYH_071","D1","ZYYH_071_D1","1","Type I interferon response",-0.480666947490466
"ZYYH_071","D1","ZYYH_071_D1","1","Ribosome biogenesis",0.32670283742515
"ZYYH_072","D1","ZYYH_072_D1","1","PRR/TLR/TNF/NF-kB signaling",0.00393176448420884
"ZYYH_072","D1","ZYYH_072_D1","1","Phagolysosome/autophagy",0.0576717993268759
"ZYYH_072","D1","ZYYH_072_D1","1","Type I interferon response",0.373929943298657
"ZYYH_072","D1","ZYYH_072_D1","1","Ribosome biogenesis",-0.241161596016906
"ZYYH_074","D1","ZYYH_074_D1","0","PRR/TLR/TNF/NF-kB signaling",0.500090024303973
"ZYYH_074","D1","ZYYH_074_D1","0","Phagolysosome/autophagy",0.399633632544251
"ZYYH_074","D1","ZYYH_074_D1","0","Type I interferon response",0.600056714925234
"ZYYH_074","D1","ZYYH_074_D1","0","Ribosome biogenesis",-0.294392021153978
"ZYYH_075","D1","ZYYH_075_D1","1","PRR/TLR/TNF/NF-kB signaling",-0.549162517824945
"ZYYH_075","D1","ZYYH_075_D1","1","Phagolysosome/autophagy",-0.517767106027669
"ZYYH_075","D1","ZYYH_075_D1","1","Type I interferon response",-0.447391906148557
"ZYYH_075","D1","ZYYH_075_D1","1","Ribosome biogenesis",0.174127477756182
"ZYYH_077","D1","ZYYH_077_D1","1","PRR/TLR/TNF/NF-kB signaling",0.462698594654181
"ZYYH_077","D1","ZYYH_077_D1","1","Phagolysosome/autophagy",0.475422483108716
"ZYYH_077","D1","ZYYH_077_D1","1","Type I interferon response",-0.0505584825349534
"ZYYH_077","D1","ZYYH_077_D1","1","Ribosome biogenesis",-0.636717323900025
"ZZRM_075","D1","ZZRM_075_D1","0","PRR/TLR/TNF/NF-kB signaling",-0.404800702516369
"ZZRM_075","D1","ZZRM_075_D1","0","Phagolysosome/autophagy",-0.435813371854249
"ZZRM_075","D1","ZZRM_075_D1","0","Type I interferon response",-0.557443265916747
"ZZRM_075","D1","ZZRM_075_D1","0","Ribosome biogenesis",0.630412825247536
"ZZRM_076","D1","ZZRM_076_D1","1","PRR/TLR/TNF/NF-kB signaling",0.509946570730137
"ZZRM_076","D1","ZZRM_076_D1","1","Phagolysosome/autophagy",0.433368679630175
"ZZRM_076","D1","ZZRM_076_D1","1","Type I interferon response",0.594679087390894
"ZZRM_076","D1","ZZRM_076_D1","1","Ribosome biogenesis",0.0180391393437613
"ZZRM_077","D1","ZZRM_077_D1","1","PRR/TLR/TNF/NF-kB signaling",-0.564756593782074
"ZZRM_077","D1","ZZRM_077_D1","1","Phagolysosome/autophagy",-0.544990619617504
"ZZRM_077","D1","ZZRM_077_D1","1","Type I interferon response",-0.301184988910752
"ZZRM_077","D1","ZZRM_077_D1","1","Ribosome biogenesis",0.630480368322928
"ZZRM_080","D1","ZZRM_080_D1","1","PRR/TLR/TNF/NF-kB signaling",0.132230049426051
"ZZRM_080","D1","ZZRM_080_D1","1","Phagolysosome/autophagy",0.240539702153527
"ZZRM_080","D1","ZZRM_080_D1","1","Type I interferon response",-0.286583811262672
"ZZRM_080","D1","ZZRM_080_D1","1","Ribosome biogenesis",-0.502957748752887
"ZZRM_083","D1","ZZRM_083_D1","1","PRR/TLR/TNF/NF-kB signaling",0.532784550259883
"ZZRM_083","D1","ZZRM_083_D1","1","Phagolysosome/autophagy",0.391004067083741
"ZZRM_083","D1","ZZRM_083_D1","1","Type I interferon response",0.600144982347638
"ZZRM_083","D1","ZZRM_083_D1","1","Ribosome biogenesis",-0.437348429383968
"ZZRM_084","D1","ZZRM_084_D1","1","PRR/TLR/TNF/NF-kB signaling",0.0771284881757945
"ZZRM_084","D1","ZZRM_084_D1","1","Phagolysosome/autophagy",0.0593024822952177
"ZZRM_084","D1","ZZRM_084_D1","1","Type I interferon response",0.0285132340011858
"ZZRM_084","D1","ZZRM_084_D1","1","Ribosome biogenesis",-0.102523659552126
"ZZRM_086","D1","ZZRM_086_D1","0","PRR/TLR/TNF/NF-kB signaling",-0.352479891137014
"ZZRM_086","D1","ZZRM_086_D1","0","Phagolysosome/autophagy",-0.156704777296417
"ZZRM_086","D1","ZZRM_086_D1","0","Type I interferon response",-0.396080349590999
"ZZRM_086","D1","ZZRM_086_D1","0","Ribosome biogenesis",-0.320572051268528
"ZZRM_087","D1","ZZRM_087_D1","1","PRR/TLR/TNF/NF-kB signaling",0.597069100429479
"ZZRM_087","D1","ZZRM_087_D1","1","Phagolysosome/autophagy",0.546690323555753
"ZZRM_087","D1","ZZRM_087_D1","1","Type I interferon response",0.636770315642654
"ZZRM_087","D1","ZZRM_087_D1","1","Ribosome biogenesis",-0.622675208454567
"ZZRM_088","D1","ZZRM_088_D1","1","PRR/TLR/TNF/NF-kB signaling",0.442029777105881
"ZZRM_088","D1","ZZRM_088_D1","1","Phagolysosome/autophagy",0.543201703510561
"ZZRM_088","D1","ZZRM_088_D1","1","Type I interferon response",0.325374659868165
"ZZRM_088","D1","ZZRM_088_D1","1","Ribosome biogenesis",-0.437030686619713
"ZZRM_089","D1","ZZRM_089_D1","1","PRR/TLR/TNF/NF-kB signaling",-0.426903466010966
"ZZRM_089","D1","ZZRM_089_D1","1","Phagolysosome/autophagy",-0.448210626552243
"ZZRM_089","D1","ZZRM_089_D1","1","Type I interferon response",-0.505767733638904
"ZZRM_089","D1","ZZRM_089_D1","1","Ribosome biogenesis",0.614209030156861
"ZZRM_090","D1","ZZRM_090_D1","1","PRR/TLR/TNF/NF-kB signaling",0.371839474083162
"ZZRM_090","D1","ZZRM_090_D1","1","Phagolysosome/autophagy",0.285666248482521
"ZZRM_090","D1","ZZRM_090_D1","1","Type I interferon response",-0.137958761233265
"ZZRM_090","D1","ZZRM_090_D1","1","Ribosome biogenesis",-0.239758039405702
"ZZRM_091","D1","ZZRM_091_D1","0","PRR/TLR/TNF/NF-kB signaling",0.291864222381433
"ZZRM_091","D1","ZZRM_091_D1","0","Phagolysosome/autophagy",0.405333153355349
"ZZRM_091","D1","ZZRM_091_D1","0","Type I interferon response",0.0986774513869299
"ZZRM_091","D1","ZZRM_091_D1","0","Ribosome biogenesis",-0.628332379632404
"ZZRM_092","D1","ZZRM_092_D1","1","PRR/TLR/TNF/NF-kB signaling",0.475006178201882
"ZZRM_092","D1","ZZRM_092_D1","1","Phagolysosome/autophagy",0.547570929312828
"ZZRM_092","D1","ZZRM_092_D1","1","Type I interferon response",0.271715186721942
"ZZRM_092","D1","ZZRM_092_D1","1","Ribosome biogenesis",-0.539977525019821
"ZZRM_093","D1","ZZRM_093_D1","1","PRR/TLR/TNF/NF-kB signaling",-0.472189834423416
"ZZRM_093","D1","ZZRM_093_D1","1","Phagolysosome/autophagy",-0.435601744809064
"ZZRM_093","D1","ZZRM_093_D1","1","Type I interferon response",-0.511174663582611
"ZZRM_093","D1","ZZRM_093_D1","1","Ribosome biogenesis",0.340331521721175
"ZZRM_094","D1","ZZRM_094_D1","0","PRR/TLR/TNF/NF-kB signaling",0.389031906888887
"ZZRM_094","D1","ZZRM_094_D1","0","Phagolysosome/autophagy",0.41589084977289
"ZZRM_094","D1","ZZRM_094_D1","0","Type I interferon response",0.151011868059335
"ZZRM_094","D1","ZZRM_094_D1","0","Ribosome biogenesis",-0.0730025180592421
"ZZRM_095","D1","ZZRM_095_D1","0","PRR/TLR/TNF/NF-kB signaling",-0.058958247154372
"ZZRM_095","D1","ZZRM_095_D1","0","Phagolysosome/autophagy",-0.0018093125924227
"ZZRM_095","D1","ZZRM_095_D1","0","Type I interferon response",-0.0430390423229155
"ZZRM_095","D1","ZZRM_095_D1","0","Ribosome biogenesis",0.316834273589827
"ZZRM_096","D1","ZZRM_096_D1","1","PRR/TLR/TNF/NF-kB signaling",0.384929382073311
"ZZRM_096","D1","ZZRM_096_D1","1","Phagolysosome/autophagy",0.458356219432652
"ZZRM_096","D1","ZZRM_096_D1","1","Type I interferon response",0.00225843882000965
"ZZRM_096","D1","ZZRM_096_D1","1","Ribosome biogenesis",-0.638354099442557
"ZZRM_097","D1","ZZRM_097_D1","0","PRR/TLR/TNF/NF-kB signaling",-0.311463278501046
"ZZRM_097","D1","ZZRM_097_D1","0","Phagolysosome/autophagy",-0.421529500483744
"ZZRM_097","D1","ZZRM_097_D1","0","Type I interferon response",-0.0515566567415535
"ZZRM_097","D1","ZZRM_097_D1","0","Ribosome biogenesis",0.4782633524579
"ZZRM_098","D1","ZZRM_098_D1","0","PRR/TLR/TNF/NF-kB signaling",0.418035106638434
"ZZRM_098","D1","ZZRM_098_D1","0","Phagolysosome/autophagy",0.505848412859253
"ZZRM_098","D1","ZZRM_098_D1","0","Type I interferon response",0.0141434611154033
"ZZRM_098","D1","ZZRM_098_D1","0","Ribosome biogenesis",-0.465379483971859
"ZZRM_099","D1","ZZRM_099_D1","1","PRR/TLR/TNF/NF-kB signaling",0.244423665698589
"ZZRM_099","D1","ZZRM_099_D1","1","Phagolysosome/autophagy",0.404786179555397
"ZZRM_099","D1","ZZRM_099_D1","1","Type I interferon response",-0.0544291353336902
"ZZRM_099","D1","ZZRM_099_D1","1","Ribosome biogenesis",-0.133425205011598
"ZZRM_101","D1","ZZRM_101_D1","0","PRR/TLR/TNF/NF-kB signaling",0.310322125713422
"ZZRM_101","D1","ZZRM_101_D1","0","Phagolysosome/autophagy",0.278091347190308
"ZZRM_101","D1","ZZRM_101_D1","0","Type I interferon response",0.516315190221795
"ZZRM_101","D1","ZZRM_101_D1","0","Ribosome biogenesis",-0.339495415311998
"ZZRM_102","D1","ZZRM_102_D1","1","PRR/TLR/TNF/NF-kB signaling",0.564815445911994
"ZZRM_102","D1","ZZRM_102_D1","1","Phagolysosome/autophagy",0.579493296150494
"ZZRM_102","D1","ZZRM_102_D1","1","Type I interferon response",0.61461272820311
"ZZRM_102","D1","ZZRM_102_D1","1","Ribosome biogenesis",-0.627901967265235
"ZZRM_103","D1","ZZRM_103_D1","1","PRR/TLR/TNF/NF-kB signaling",0.417892395806814
"ZZRM_103","D1","ZZRM_103_D1","1","Phagolysosome/autophagy",0.376105578022995
"ZZRM_103","D1","ZZRM_103_D1","1","Type I interferon response",0.487322301783573
"ZZRM_103","D1","ZZRM_103_D1","1","Ribosome biogenesis",-0.373086414563986
"ZZRM_104","D1","ZZRM_104_D1","0","PRR/TLR/TNF/NF-kB signaling",-0.189590902978318
"ZZRM_104","D1","ZZRM_104_D1","0","Phagolysosome/autophagy",-0.146594583109384
"ZZRM_104","D1","ZZRM_104_D1","0","Type I interferon response",-0.2333736727981
"ZZRM_104","D1","ZZRM_104_D1","0","Ribosome biogenesis",0.0462626693779973
"ZZRM_105","D1","ZZRM_105_D1","1","PRR/TLR/TNF/NF-kB signaling",0.331167169163206
"ZZRM_105","D1","ZZRM_105_D1","1","Phagolysosome/autophagy",0.282770156077383
"ZZRM_105","D1","ZZRM_105_D1","1","Type I interferon response",0.12262830919528
"ZZRM_105","D1","ZZRM_105_D1","1","Ribosome biogenesis",-0.42698583886969
"ZZRM_106","D1","ZZRM_106_D1","0","PRR/TLR/TNF/NF-kB signaling",0.0508164817184013
"ZZRM_106","D1","ZZRM_106_D1","0","Phagolysosome/autophagy",-0.114717706463522
"ZZRM_106","D1","ZZRM_106_D1","0","Type I interferon response",0.111966193631442
"ZZRM_106","D1","ZZRM_106_D1","0","Ribosome biogenesis",0.580178110030373
"ZZRM_107","D1","ZZRM_107_D1","0","PRR/TLR/TNF/NF-kB signaling",-0.458413212216134
"ZZRM_107","D1","ZZRM_107_D1","0","Phagolysosome/autophagy",-0.574875067140708
"ZZRM_107","D1","ZZRM_107_D1","0","Type I interferon response",-0.543829208709832
"ZZRM_107","D1","ZZRM_107_D1","0","Ribosome biogenesis",0.674876588040902
"ZZRM_108","D1","ZZRM_108_D1","1","PRR/TLR/TNF/NF-kB signaling",-0.201731495299258
"ZZRM_108","D1","ZZRM_108_D1","1","Phagolysosome/autophagy",-0.322147879703554
"ZZRM_108","D1","ZZRM_108_D1","1","Type I interferon response",0.192088548836473
"ZZRM_108","D1","ZZRM_108_D1","1","Ribosome biogenesis",0.364409512609674
"ZZRM_109","D1","ZZRM_109_D1","0","PRR/TLR/TNF/NF-kB signaling",0.273436673679684
"ZZRM_109","D1","ZZRM_109_D1","0","Phagolysosome/autophagy",0.1616488703468
"ZZRM_109","D1","ZZRM_109_D1","0","Type I interferon response",-0.0527394430930208
"ZZRM_109","D1","ZZRM_109_D1","0","Ribosome biogenesis",0.356499933547883
"ZZRM_111","D1","ZZRM_111_D1","0","PRR/TLR/TNF/NF-kB signaling",0.190099277759654
"ZZRM_111","D1","ZZRM_111_D1","0","Phagolysosome/autophagy",0.207272145022808
"ZZRM_111","D1","ZZRM_111_D1","0","Type I interferon response",0.0734498070741748
"ZZRM_111","D1","ZZRM_111_D1","0","Ribosome biogenesis",-0.141896469069883
"ZZRM_112","D1","ZZRM_112_D1","0","PRR/TLR/TNF/NF-kB signaling",-0.276416607029346
"ZZRM_112","D1","ZZRM_112_D1","0","Phagolysosome/autophagy",-0.477353746495658
"ZZRM_112","D1","ZZRM_112_D1","0","Type I interferon response",-0.351054330661838
"ZZRM_112","D1","ZZRM_112_D1","0","Ribosome biogenesis",0.65324770209366
"ZZRM_113","D1","ZZRM_113_D1","0","PRR/TLR/TNF/NF-kB signaling",-0.18189901615389
"ZZRM_113","D1","ZZRM_113_D1","0","Phagolysosome/autophagy",-0.263597276718337
"ZZRM_113","D1","ZZRM_113_D1","0","Type I interferon response",-0.371861868082861
"ZZRM_113","D1","ZZRM_113_D1","0","Ribosome biogenesis",0.472495332061455
"ZZRM_114","D1","ZZRM_114_D1","0","PRR/TLR/TNF/NF-kB signaling",-0.11269406265567
"ZZRM_114","D1","ZZRM_114_D1","0","Phagolysosome/autophagy",-0.358772919654777
"ZZRM_114","D1","ZZRM_114_D1","0","Type I interferon response",-0.219063472616107
"ZZRM_114","D1","ZZRM_114_D1","0","Ribosome biogenesis",0.354538884862261
"ZZRM_115","D1","ZZRM_115_D1","1","PRR/TLR/TNF/NF-kB signaling",-0.399170640080627
"ZZRM_115","D1","ZZRM_115_D1","1","Phagolysosome/autophagy",-0.360326026372853
"ZZRM_115","D1","ZZRM_115_D1","1","Type I interferon response",-0.474548004262852
"ZZRM_115","D1","ZZRM_115_D1","1","Ribosome biogenesis",0.626672339144188
"HNSR_026","D4","HNSR_026_D4","0","PRR/TLR/TNF/NF-kB signaling",-0.229980110432814
"HNSR_026","D4","HNSR_026_D4","0","Phagolysosome/autophagy",-0.111192810820539
"HNSR_026","D4","HNSR_026_D4","0","Type I interferon response",0.0699661088724218
"HNSR_026","D4","HNSR_026_D4","0","Ribosome biogenesis",0.479549839312125
"HNSR_027","D4","HNSR_027_D4","0","PRR/TLR/TNF/NF-kB signaling",0.430769021445223
"HNSR_027","D4","HNSR_027_D4","0","Phagolysosome/autophagy",0.438232890191476
"HNSR_027","D4","HNSR_027_D4","0","Type I interferon response",0.371044150466766
"HNSR_027","D4","HNSR_027_D4","0","Ribosome biogenesis",0.273049254277401
"HNSR_032","D4","HNSR_032_D4","0","PRR/TLR/TNF/NF-kB signaling",-0.345484743042166
"HNSR_032","D4","HNSR_032_D4","0","Phagolysosome/autophagy",-0.392088602506648
"HNSR_032","D4","HNSR_032_D4","0","Type I interferon response",-0.304291037734263
"HNSR_032","D4","HNSR_032_D4","0","Ribosome biogenesis",0.718851679747982
"HNSR_039","D4","HNSR_039_D4","0","PRR/TLR/TNF/NF-kB signaling",0.374670537897753
"HNSR_039","D4","HNSR_039_D4","0","Phagolysosome/autophagy",0.34064206050738
"HNSR_039","D4","HNSR_039_D4","0","Type I interferon response",0.255896013533049
"HNSR_039","D4","HNSR_039_D4","0","Ribosome biogenesis",-0.508786706066765
"HNSR_042","D4","HNSR_042_D4","0","PRR/TLR/TNF/NF-kB signaling",0.56481660778741
"HNSR_042","D4","HNSR_042_D4","0","Phagolysosome/autophagy",0.596985444326573
"HNSR_042","D4","HNSR_042_D4","0","Type I interferon response",0.336710599888631
"HNSR_042","D4","HNSR_042_D4","0","Ribosome biogenesis",-0.604927916396643
"HNSR_044","D4","HNSR_044_D4","0","PRR/TLR/TNF/NF-kB signaling",0.488788690401602
"HNSR_044","D4","HNSR_044_D4","0","Phagolysosome/autophagy",0.587226948867258
"HNSR_044","D4","HNSR_044_D4","0","Type I interferon response",0.238079497501571
"HNSR_044","D4","HNSR_044_D4","0","Ribosome biogenesis",-0.570448879304334
"HNSR_050","D4","HNSR_050_D4","0","PRR/TLR/TNF/NF-kB signaling",-0.562656064167987
"HNSR_050","D4","HNSR_050_D4","0","Phagolysosome/autophagy",-0.606839973899294
"HNSR_050","D4","HNSR_050_D4","0","Type I interferon response",-0.505732108206227
"HNSR_050","D4","HNSR_050_D4","0","Ribosome biogenesis",0.530887065394817
"HNSR_051","D4","HNSR_051_D4","0","PRR/TLR/TNF/NF-kB signaling",-0.493636865507853
"HNSR_051","D4","HNSR_051_D4","0","Phagolysosome/autophagy",-0.471594726179374
"HNSR_051","D4","HNSR_051_D4","0","Type I interferon response",-0.377919978518638
"HNSR_051","D4","HNSR_051_D4","0","Ribosome biogenesis",0.334027585733655
"HNSR_056","D4","HNSR_056_D4","1","PRR/TLR/TNF/NF-kB signaling",0.438048339831481
"HNSR_056","D4","HNSR_056_D4","1","Phagolysosome/autophagy",0.447292538715523
"HNSR_056","D4","HNSR_056_D4","1","Type I interferon response",0.470190437256704
"HNSR_056","D4","HNSR_056_D4","1","Ribosome biogenesis",-0.471212195396382
"HNSR_058","D4","HNSR_058_D4","1","PRR/TLR/TNF/NF-kB signaling",0.420590874462518
"HNSR_058","D4","HNSR_058_D4","1","Phagolysosome/autophagy",0.417734724376133
"HNSR_058","D4","HNSR_058_D4","1","Type I interferon response",0.260893393967757
"HNSR_058","D4","HNSR_058_D4","1","Ribosome biogenesis",-0.534151119167077
"HNSR_061","D4","HNSR_061_D4","0","PRR/TLR/TNF/NF-kB signaling",0.362711029096943
"HNSR_061","D4","HNSR_061_D4","0","Phagolysosome/autophagy",0.427153003675632
"HNSR_061","D4","HNSR_061_D4","0","Type I interferon response",0.344671991841815
"HNSR_061","D4","HNSR_061_D4","0","Ribosome biogenesis",-0.117887147831448
"HNSR_067","D4","HNSR_067_D4","0","PRR/TLR/TNF/NF-kB signaling",-0.403161555598156
"HNSR_067","D4","HNSR_067_D4","0","Phagolysosome/autophagy",-0.387720176904383
"HNSR_067","D4","HNSR_067_D4","0","Type I interferon response",-0.446248063623562
"HNSR_067","D4","HNSR_067_D4","0","Ribosome biogenesis",0.339069346826095
"HZSY_003","D4","HZSY_003_D4","0","PRR/TLR/TNF/NF-kB signaling",-0.401509286191123
"HZSY_003","D4","HZSY_003_D4","0","Phagolysosome/autophagy",-0.36924998410253
"HZSY_003","D4","HZSY_003_D4","0","Type I interferon response",0.107219035749019
"HZSY_003","D4","HZSY_003_D4","0","Ribosome biogenesis",0.437743797265655
"HZSY_004","D4","HZSY_004_D4","1","PRR/TLR/TNF/NF-kB signaling",-0.382647499554812
"HZSY_004","D4","HZSY_004_D4","1","Phagolysosome/autophagy",-0.275335550468277
"HZSY_004","D4","HZSY_004_D4","1","Type I interferon response",-0.318491518240091
"HZSY_004","D4","HZSY_004_D4","1","Ribosome biogenesis",0.229124158922696
"HZSY_005","D4","HZSY_005_D4","0","PRR/TLR/TNF/NF-kB signaling",-0.501159534846766
"HZSY_005","D4","HZSY_005_D4","0","Phagolysosome/autophagy",-0.412912263674688
"HZSY_005","D4","HZSY_005_D4","0","Type I interferon response",-0.510494535959659
"HZSY_005","D4","HZSY_005_D4","0","Ribosome biogenesis",0.534174857456323
"HZSY_006","D4","HZSY_006_D4","0","PRR/TLR/TNF/NF-kB signaling",-0.369238546111334
"HZSY_006","D4","HZSY_006_D4","0","Phagolysosome/autophagy",-0.280157529190415
"HZSY_006","D4","HZSY_006_D4","0","Type I interferon response",-0.454074576700897
"HZSY_006","D4","HZSY_006_D4","0","Ribosome biogenesis",-0.0664663583715208
"HZSY_008","D4","HZSY_008_D4","0","PRR/TLR/TNF/NF-kB signaling",-0.459124795551456
"HZSY_008","D4","HZSY_008_D4","0","Phagolysosome/autophagy",-0.328678000008526
"HZSY_008","D4","HZSY_008_D4","0","Type I interferon response",-0.437424139187399
"HZSY_008","D4","HZSY_008_D4","0","Ribosome biogenesis",0.594409105090329
"HZSY_009","D4","HZSY_009_D4","0","PRR/TLR/TNF/NF-kB signaling",-0.56102286281437
"HZSY_009","D4","HZSY_009_D4","0","Phagolysosome/autophagy",-0.504668312334903
"HZSY_009","D4","HZSY_009_D4","0","Type I interferon response",-0.523670590471406
"HZSY_009","D4","HZSY_009_D4","0","Ribosome biogenesis",0.686551202551388
"HZSY_012","D4","HZSY_012_D4","0","PRR/TLR/TNF/NF-kB signaling",-0.595576443509187
"HZSY_012","D4","HZSY_012_D4","0","Phagolysosome/autophagy",-0.562770597876554
"HZSY_012","D4","HZSY_012_D4","0","Type I interferon response",-0.566820696961136
"HZSY_012","D4","HZSY_012_D4","0","Ribosome biogenesis",0.631607479749298
"HZSY_015","D4","HZSY_015_D4","0","PRR/TLR/TNF/NF-kB signaling",0.509646573734849
"HZSY_015","D4","HZSY_015_D4","0","Phagolysosome/autophagy",0.585382441349645
"HZSY_015","D4","HZSY_015_D4","0","Type I interferon response",0.114214767987844
"HZSY_015","D4","HZSY_015_D4","0","Ribosome biogenesis",-0.337770894374936
"HZSY_016","D4","HZSY_016_D4","0","PRR/TLR/TNF/NF-kB signaling",-0.379188939549315
"HZSY_016","D4","HZSY_016_D4","0","Phagolysosome/autophagy",-0.237908416557863
"HZSY_016","D4","HZSY_016_D4","0","Type I interferon response",-0.459233618215378
"HZSY_016","D4","HZSY_016_D4","0","Ribosome biogenesis",0.383203163261088
"HZSY_017","D4","HZSY_017_D4","0","PRR/TLR/TNF/NF-kB signaling",0.307655623670316
"HZSY_017","D4","HZSY_017_D4","0","Phagolysosome/autophagy",0.356975636607854
"HZSY_017","D4","HZSY_017_D4","0","Type I interferon response",-0.0401940055432404
"HZSY_017","D4","HZSY_017_D4","0","Ribosome biogenesis",0.151736035369516
"HZSY_019","D4","HZSY_019_D4","1","PRR/TLR/TNF/NF-kB signaling",0.132863653050374
"HZSY_019","D4","HZSY_019_D4","1","Phagolysosome/autophagy",0.168891283542883
"HZSY_019","D4","HZSY_019_D4","1","Type I interferon response",-0.288342263056579
"HZSY_019","D4","HZSY_019_D4","1","Ribosome biogenesis",-0.254018043969293
"HZSY_022","D4","HZSY_022_D4","0","PRR/TLR/TNF/NF-kB signaling",0.0508254763939086
"HZSY_022","D4","HZSY_022_D4","0","Phagolysosome/autophagy",0.172639178758282
"HZSY_022","D4","HZSY_022_D4","0","Type I interferon response",0.141085518920975
"HZSY_022","D4","HZSY_022_D4","0","Ribosome biogenesis",-0.39900608656237
"HZSY_023","D4","HZSY_023_D4","1","PRR/TLR/TNF/NF-kB signaling",0.466955435267255
"HZSY_023","D4","HZSY_023_D4","1","Phagolysosome/autophagy",0.380861500623972
"HZSY_023","D4","HZSY_023_D4","1","Type I interferon response",0.377942419933727
"HZSY_023","D4","HZSY_023_D4","1","Ribosome biogenesis",0.544755399223407
"JXSY_023","D4","JXSY_023_D4","1","PRR/TLR/TNF/NF-kB signaling",0.58605662263343
"JXSY_023","D4","JXSY_023_D4","1","Phagolysosome/autophagy",0.54513820201654
"JXSY_023","D4","JXSY_023_D4","1","Type I interferon response",0.53076654129598
"JXSY_023","D4","JXSY_023_D4","1","Ribosome biogenesis",-0.470459019667199
"JXSY_027","D4","JXSY_027_D4","0","PRR/TLR/TNF/NF-kB signaling",-0.222704375152404
"JXSY_027","D4","JXSY_027_D4","0","Phagolysosome/autophagy",-0.198395483732801
"JXSY_027","D4","JXSY_027_D4","0","Type I interferon response",-0.0351039534270855
"JXSY_027","D4","JXSY_027_D4","0","Ribosome biogenesis",0.694309060116538
"JXSY_031","D4","JXSY_031_D4","0","PRR/TLR/TNF/NF-kB signaling",0.193600286580784
"JXSY_031","D4","JXSY_031_D4","0","Phagolysosome/autophagy",0.356456772025534
"JXSY_031","D4","JXSY_031_D4","0","Type I interferon response",-0.0855247430931514
"JXSY_031","D4","JXSY_031_D4","0","Ribosome biogenesis",0.070235075892039
"JXSY_033","D4","JXSY_033_D4","1","PRR/TLR/TNF/NF-kB signaling",0.0351337870392929
"JXSY_033","D4","JXSY_033_D4","1","Phagolysosome/autophagy",-0.114734722792244
"JXSY_033","D4","JXSY_033_D4","1","Type I interferon response",0.27486811750976
"JXSY_033","D4","JXSY_033_D4","1","Ribosome biogenesis",0.124273828524
"JXSY_036","D4","JXSY_036_D4","0","PRR/TLR/TNF/NF-kB signaling",0.254095940527928
"JXSY_036","D4","JXSY_036_D4","0","Phagolysosome/autophagy",0.352219772608847
"JXSY_036","D4","JXSY_036_D4","0","Type I interferon response",0.289360246505394
"JXSY_036","D4","JXSY_036_D4","0","Ribosome biogenesis",0.0178555914867368
"JXSY_038","D4","JXSY_038_D4","0","PRR/TLR/TNF/NF-kB signaling",0.325616969858336
"JXSY_038","D4","JXSY_038_D4","0","Phagolysosome/autophagy",0.386134458202448
"JXSY_038","D4","JXSY_038_D4","0","Type I interferon response",0.00459910427302565
"JXSY_038","D4","JXSY_038_D4","0","Ribosome biogenesis",-0.17918042222566
"JXSY_039","D4","JXSY_039_D4","0","PRR/TLR/TNF/NF-kB signaling",-0.0303352798699796
"JXSY_039","D4","JXSY_039_D4","0","Phagolysosome/autophagy",0.0881048286427439
"JXSY_039","D4","JXSY_039_D4","0","Type I interferon response",-0.376345168598969
"JXSY_039","D4","JXSY_039_D4","0","Ribosome biogenesis",-0.114852312240005
"JXSY_041","D4","JXSY_041_D4","1","PRR/TLR/TNF/NF-kB signaling",-0.474608446553569
"JXSY_041","D4","JXSY_041_D4","1","Phagolysosome/autophagy",-0.598081150874494
"JXSY_041","D4","JXSY_041_D4","1","Type I interferon response",-0.012393916417425
"JXSY_041","D4","JXSY_041_D4","1","Ribosome biogenesis",0.567722535787789
"JXSY_042","D4","JXSY_042_D4","1","PRR/TLR/TNF/NF-kB signaling",0.348568224169627
"JXSY_042","D4","JXSY_042_D4","1","Phagolysosome/autophagy",0.301956174116055
"JXSY_042","D4","JXSY_042_D4","1","Type I interferon response",0.0987737979385985
"JXSY_042","D4","JXSY_042_D4","1","Ribosome biogenesis",-0.335561754348183
"JXSY_050","D4","JXSY_050_D4","0","PRR/TLR/TNF/NF-kB signaling",-0.38793984635753
"JXSY_050","D4","JXSY_050_D4","0","Phagolysosome/autophagy",-0.399962979012847
"JXSY_050","D4","JXSY_050_D4","0","Type I interferon response",-0.422304146136611
"JXSY_050","D4","JXSY_050_D4","0","Ribosome biogenesis",-0.307098521740531
"JXSY_051","D4","JXSY_051_D4","1","PRR/TLR/TNF/NF-kB signaling",0.29366045053709
"JXSY_051","D4","JXSY_051_D4","1","Phagolysosome/autophagy",0.0810599536258726
"JXSY_051","D4","JXSY_051_D4","1","Type I interferon response",0.316760357311968
"JXSY_051","D4","JXSY_051_D4","1","Ribosome biogenesis",0.537775003979991
"JXSY_052","D4","JXSY_052_D4","0","PRR/TLR/TNF/NF-kB signaling",-0.312959824794069
"JXSY_052","D4","JXSY_052_D4","0","Phagolysosome/autophagy",-0.39663657214478
"JXSY_052","D4","JXSY_052_D4","0","Type I interferon response",0.081448727007552
"JXSY_052","D4","JXSY_052_D4","0","Ribosome biogenesis",0.333995173034866
"JXSY_056","D4","JXSY_056_D4","1","PRR/TLR/TNF/NF-kB signaling",-0.312011295761472
"JXSY_056","D4","JXSY_056_D4","1","Phagolysosome/autophagy",-0.122821773987559
"JXSY_056","D4","JXSY_056_D4","1","Type I interferon response",-0.516209673888724
"JXSY_056","D4","JXSY_056_D4","1","Ribosome biogenesis",0.420741066070716
"LSRM_011","D4","LSRM_011_D4","0","PRR/TLR/TNF/NF-kB signaling",-0.0932958560393412
"LSRM_011","D4","LSRM_011_D4","0","Phagolysosome/autophagy",-0.0175407672647516
"LSRM_011","D4","LSRM_011_D4","0","Type I interferon response",0.0129246524266875
"LSRM_011","D4","LSRM_011_D4","0","Ribosome biogenesis",0.396900175530764
"LSRM_014","D4","LSRM_014_D4","0","PRR/TLR/TNF/NF-kB signaling",-0.0378708475684945
"LSRM_014","D4","LSRM_014_D4","0","Phagolysosome/autophagy",-0.0804360934046899
"LSRM_014","D4","LSRM_014_D4","0","Type I interferon response",-0.244958243057004
"LSRM_014","D4","LSRM_014_D4","0","Ribosome biogenesis",0.176610962558898
"LSRM_015","D4","LSRM_015_D4","1","PRR/TLR/TNF/NF-kB signaling",0.5294874802709
"LSRM_015","D4","LSRM_015_D4","1","Phagolysosome/autophagy",0.540798975369824
"LSRM_015","D4","LSRM_015_D4","1","Type I interferon response",0.531791505199647
"LSRM_015","D4","LSRM_015_D4","1","Ribosome biogenesis",-0.5000956825435
"LSRM_016","D4","LSRM_016_D4","1","PRR/TLR/TNF/NF-kB signaling",0.359989461246794
"LSRM_016","D4","LSRM_016_D4","1","Phagolysosome/autophagy",0.389611215657303
"LSRM_016","D4","LSRM_016_D4","1","Type I interferon response",0.0501897014198254
"LSRM_016","D4","LSRM_016_D4","1","Ribosome biogenesis",-0.316304618593884
"LXZY_011","D4","LXZY_011_D4","1","PRR/TLR/TNF/NF-kB signaling",0.215553948062212
"LXZY_011","D4","LXZY_011_D4","1","Phagolysosome/autophagy",0.503607923579582
"LXZY_011","D4","LXZY_011_D4","1","Type I interferon response",-0.273538769714689
"LXZY_011","D4","LXZY_011_D4","1","Ribosome biogenesis",-0.0567039696287151
"LXZY_013","D4","LXZY_013_D4","0","PRR/TLR/TNF/NF-kB signaling",0.0382101564442109
"LXZY_013","D4","LXZY_013_D4","0","Phagolysosome/autophagy",-0.0149525106318115
"LXZY_013","D4","LXZY_013_D4","0","Type I interferon response",-0.229857296942878
"LXZY_013","D4","LXZY_013_D4","0","Ribosome biogenesis",-0.271253941393021
"LXZY_014","D4","LXZY_014_D4","0","PRR/TLR/TNF/NF-kB signaling",-0.540443993697438
"LXZY_014","D4","LXZY_014_D4","0","Phagolysosome/autophagy",-0.522793543942468
"LXZY_014","D4","LXZY_014_D4","0","Type I interferon response",-0.428062158187585
"LXZY_014","D4","LXZY_014_D4","0","Ribosome biogenesis",0.718345480572046
"LXZY_015","D4","LXZY_015_D4","0","PRR/TLR/TNF/NF-kB signaling",-0.136338384643574
"LXZY_015","D4","LXZY_015_D4","0","Phagolysosome/autophagy",0.0415691792009179
"LXZY_015","D4","LXZY_015_D4","0","Type I interferon response",-0.250547037389435
"LXZY_015","D4","LXZY_015_D4","0","Ribosome biogenesis",0.579933718230003
"PHYY_014","D4","PHYY_014_D4","1","PRR/TLR/TNF/NF-kB signaling",0.280291113314906
"PHYY_014","D4","PHYY_014_D4","1","Phagolysosome/autophagy",0.458741742187946
"PHYY_014","D4","PHYY_014_D4","1","Type I interferon response",0.0342467280489412
"PHYY_014","D4","PHYY_014_D4","1","Ribosome biogenesis",-0.487002197181757
"PHYY_015","D4","PHYY_015_D4","1","PRR/TLR/TNF/NF-kB signaling",0.343483343556496
"PHYY_015","D4","PHYY_015_D4","1","Phagolysosome/autophagy",0.373790748501893
"PHYY_015","D4","PHYY_015_D4","1","Type I interferon response",0.301771836139235
"PHYY_015","D4","PHYY_015_D4","1","Ribosome biogenesis",0.266941273242745
"PHYY_016","D4","PHYY_016_D4","1","PRR/TLR/TNF/NF-kB signaling",0.515162760322179
"PHYY_016","D4","PHYY_016_D4","1","Phagolysosome/autophagy",0.479684679647928
"PHYY_016","D4","PHYY_016_D4","1","Type I interferon response",0.60375626580846
"PHYY_016","D4","PHYY_016_D4","1","Ribosome biogenesis",-0.547484522959964
"PHYY_018","D4","PHYY_018_D4","1","PRR/TLR/TNF/NF-kB signaling",-0.514858770468059
"PHYY_018","D4","PHYY_018_D4","1","Phagolysosome/autophagy",-0.512927407035772
"PHYY_018","D4","PHYY_018_D4","1","Type I interferon response",-0.512593636128397
"PHYY_018","D4","PHYY_018_D4","1","Ribosome biogenesis",0.266463590245599
"PHYY_019","D4","PHYY_019_D4","1","PRR/TLR/TNF/NF-kB signaling",0.59929082471142
"PHYY_019","D4","PHYY_019_D4","1","Phagolysosome/autophagy",0.656878260541666
"PHYY_019","D4","PHYY_019_D4","1","Type I interferon response",0.707412498110187
"PHYY_019","D4","PHYY_019_D4","1","Ribosome biogenesis",-0.575411862003273
"PHYY_021","D4","PHYY_021_D4","0","PRR/TLR/TNF/NF-kB signaling",0.357017049225452
"PHYY_021","D4","PHYY_021_D4","0","Phagolysosome/autophagy",0.356688026159822
"PHYY_021","D4","PHYY_021_D4","0","Type I interferon response",0.410910494341379
"PHYY_021","D4","PHYY_021_D4","0","Ribosome biogenesis",0.205919084170794
"PHYY_022","D4","PHYY_022_D4","0","PRR/TLR/TNF/NF-kB signaling",0.102574876865234
"PHYY_022","D4","PHYY_022_D4","0","Phagolysosome/autophagy",0.128474860723208
"PHYY_022","D4","PHYY_022_D4","0","Type I interferon response",0.0965871044629165
"PHYY_022","D4","PHYY_022_D4","0","Ribosome biogenesis",0.304345984795856
"PHYY_023","D4","PHYY_023_D4","1","PRR/TLR/TNF/NF-kB signaling",-0.219789653583057
"PHYY_023","D4","PHYY_023_D4","1","Phagolysosome/autophagy",-0.178761416251361
"PHYY_023","D4","PHYY_023_D4","1","Type I interferon response",-0.233622874506596
"PHYY_023","D4","PHYY_023_D4","1","Ribosome biogenesis",0.615935011676452
"PHYY_025","D4","PHYY_025_D4","1","PRR/TLR/TNF/NF-kB signaling",0.429292604594005
"PHYY_025","D4","PHYY_025_D4","1","Phagolysosome/autophagy",0.424541800434716
"PHYY_025","D4","PHYY_025_D4","1","Type I interferon response",0.0904081201613306
"PHYY_025","D4","PHYY_025_D4","1","Ribosome biogenesis",-0.158049008563626
"PHYY_026","D4","PHYY_026_D4","1","PRR/TLR/TNF/NF-kB signaling",0.334734616092083
"PHYY_026","D4","PHYY_026_D4","1","Phagolysosome/autophagy",0.441367238467351
"PHYY_026","D4","PHYY_026_D4","1","Type I interferon response",0.265899115389287
"PHYY_026","D4","PHYY_026_D4","1","Ribosome biogenesis",-0.291491145914839
"PHYY_028","D4","PHYY_028_D4","0","PRR/TLR/TNF/NF-kB signaling",-0.507027049927205
"PHYY_028","D4","PHYY_028_D4","0","Phagolysosome/autophagy",-0.491321310889283
"PHYY_028","D4","PHYY_028_D4","0","Type I interferon response",-0.289297315854737
"PHYY_028","D4","PHYY_028_D4","0","Ribosome biogenesis",0.598718238973429
"PHYY_029","D4","PHYY_029_D4","1","PRR/TLR/TNF/NF-kB signaling",0.437626759156868
"PHYY_029","D4","PHYY_029_D4","1","Phagolysosome/autophagy",0.387690676539106
"PHYY_029","D4","PHYY_029_D4","1","Type I interferon response",0.500377699281368
"PHYY_029","D4","PHYY_029_D4","1","Ribosome biogenesis",-0.559733375095294
"PHYY_031","D4","PHYY_031_D4","1","PRR/TLR/TNF/NF-kB signaling",0.505268385948507
"PHYY_031","D4","PHYY_031_D4","1","Phagolysosome/autophagy",0.518059374873791
"PHYY_031","D4","PHYY_031_D4","1","Type I interferon response",0.17351787298501
"PHYY_031","D4","PHYY_031_D4","1","Ribosome biogenesis",-0.344298043548836
"SLTD_009","D4","SLTD_009_D4","1","PRR/TLR/TNF/NF-kB signaling",0.571510317265171
"SLTD_009","D4","SLTD_009_D4","1","Phagolysosome/autophagy",0.645407490877795
"SLTD_009","D4","SLTD_009_D4","1","Type I interferon response",0.429195576213874
"SLTD_009","D4","SLTD_009_D4","1","Ribosome biogenesis",-0.687446897166967
"SLTD_010","D4","SLTD_010_D4","0","PRR/TLR/TNF/NF-kB signaling",0.290468779442345
"SLTD_010","D4","SLTD_010_D4","0","Phagolysosome/autophagy",0.270661921776386
"SLTD_010","D4","SLTD_010_D4","0","Type I interferon response",0.196716316932141
"SLTD_010","D4","SLTD_010_D4","0","Ribosome biogenesis",-0.558088458773408
"SLTD_012","D4","SLTD_012_D4","0","PRR/TLR/TNF/NF-kB signaling",-0.530992125425021
"SLTD_012","D4","SLTD_012_D4","0","Phagolysosome/autophagy",-0.475298135223993
"SLTD_012","D4","SLTD_012_D4","0","Type I interferon response",-0.565814475004707
"SLTD_012","D4","SLTD_012_D4","0","Ribosome biogenesis",0.618451984376422
"SLTD_015","D4","SLTD_015_D4","0","PRR/TLR/TNF/NF-kB signaling",-0.511539422974235
"SLTD_015","D4","SLTD_015_D4","0","Phagolysosome/autophagy",-0.638658731730253
"SLTD_015","D4","SLTD_015_D4","0","Type I interferon response",-0.39379488940901
"SLTD_015","D4","SLTD_015_D4","0","Ribosome biogenesis",0.513980402434543
"SLTD_017","D4","SLTD_017_D4","0","PRR/TLR/TNF/NF-kB signaling",-0.368025510310159
"SLTD_017","D4","SLTD_017_D4","0","Phagolysosome/autophagy",-0.250126540067451
"SLTD_017","D4","SLTD_017_D4","0","Type I interferon response",-0.291852423042254
"SLTD_017","D4","SLTD_017_D4","0","Ribosome biogenesis",0.143257464642874
"SLTD_019","D4","SLTD_019_D4","0","PRR/TLR/TNF/NF-kB signaling",-0.459817517232478
"SLTD_019","D4","SLTD_019_D4","0","Phagolysosome/autophagy",-0.512665852304543
"SLTD_019","D4","SLTD_019_D4","0","Type I interferon response",-0.361034096012951
"SLTD_019","D4","SLTD_019_D4","0","Ribosome biogenesis",0.601208100861462
"SLTD_020","D4","SLTD_020_D4","0","PRR/TLR/TNF/NF-kB signaling",-0.272097458360298
"SLTD_020","D4","SLTD_020_D4","0","Phagolysosome/autophagy",-0.125489673182828
"SLTD_020","D4","SLTD_020_D4","0","Type I interferon response",-0.247533063636193
"SLTD_020","D4","SLTD_020_D4","0","Ribosome biogenesis",0.423594817370287
"SLTD_021","D4","SLTD_021_D4","0","PRR/TLR/TNF/NF-kB signaling",0.154076052332661
"SLTD_021","D4","SLTD_021_D4","0","Phagolysosome/autophagy",-0.026331090549762
"SLTD_021","D4","SLTD_021_D4","0","Type I interferon response",0.477639080656626
"SLTD_021","D4","SLTD_021_D4","0","Ribosome biogenesis",0.307904082792243
"SLTD_022","D4","SLTD_022_D4","1","PRR/TLR/TNF/NF-kB signaling",0.452791001875596
"SLTD_022","D4","SLTD_022_D4","1","Phagolysosome/autophagy",0.473970890684726
"SLTD_022","D4","SLTD_022_D4","1","Type I interferon response",0.188288562628899
"SLTD_022","D4","SLTD_022_D4","1","Ribosome biogenesis",-0.465048017976043
"SLTD_024","D4","SLTD_024_D4","0","PRR/TLR/TNF/NF-kB signaling",-0.23945758979055
"SLTD_024","D4","SLTD_024_D4","0","Phagolysosome/autophagy",-0.279779364080715
"SLTD_024","D4","SLTD_024_D4","0","Type I interferon response",-0.0661386552416982
"SLTD_024","D4","SLTD_024_D4","0","Ribosome biogenesis",0.434217776660785
"TZEZ_002","D4","TZEZ_002_D4","0","PRR/TLR/TNF/NF-kB signaling",-0.213317842813805
"TZEZ_002","D4","TZEZ_002_D4","0","Phagolysosome/autophagy",-0.325857289950752
"TZEZ_002","D4","TZEZ_002_D4","0","Type I interferon response",-0.0736043596437933
"TZEZ_002","D4","TZEZ_002_D4","0","Ribosome biogenesis",-0.0279977523594439
"TZEZ_018","D4","TZEZ_018_D4","1","PRR/TLR/TNF/NF-kB signaling",0.250137236623799
"TZEZ_018","D4","TZEZ_018_D4","1","Phagolysosome/autophagy",-0.0805182790753013
"TZEZ_018","D4","TZEZ_018_D4","1","Type I interferon response",0.623596117530886
"TZEZ_018","D4","TZEZ_018_D4","1","Ribosome biogenesis",0.168060869028727
"TZEZ_022","D4","TZEZ_022_D4","0","PRR/TLR/TNF/NF-kB signaling",0.302229576615454
"TZEZ_022","D4","TZEZ_022_D4","0","Phagolysosome/autophagy",0.169794285411878
"TZEZ_022","D4","TZEZ_022_D4","0","Type I interferon response",0.34439540877396
"TZEZ_022","D4","TZEZ_022_D4","0","Ribosome biogenesis",-0.0502796575136177
"TZEZ_024","D4","TZEZ_024_D4","0","PRR/TLR/TNF/NF-kB signaling",-0.576346365262354
"TZEZ_024","D4","TZEZ_024_D4","0","Phagolysosome/autophagy",-0.582700403628685
"TZEZ_024","D4","TZEZ_024_D4","0","Type I interferon response",-0.55078372452747
"TZEZ_024","D4","TZEZ_024_D4","0","Ribosome biogenesis",0.569239724611058
"TZEZ_029","D4","TZEZ_029_D4","0","PRR/TLR/TNF/NF-kB signaling",-0.140823268754961
"TZEZ_029","D4","TZEZ_029_D4","0","Phagolysosome/autophagy",-0.26234775005757
"TZEZ_029","D4","TZEZ_029_D4","0","Type I interferon response",0.248285301726705
"TZEZ_029","D4","TZEZ_029_D4","0","Ribosome biogenesis",0.408391908587317
"TZEZ_030","D4","TZEZ_030_D4","0","PRR/TLR/TNF/NF-kB signaling",-0.127013934947071
"TZEZ_030","D4","TZEZ_030_D4","0","Phagolysosome/autophagy",-0.0340229426489788
"TZEZ_030","D4","TZEZ_030_D4","0","Type I interferon response",0.127492061154509
"TZEZ_030","D4","TZEZ_030_D4","0","Ribosome biogenesis",0.590575726587271
"TZEZ_031","D4","TZEZ_031_D4","0","PRR/TLR/TNF/NF-kB signaling",-0.329212345295812
"TZEZ_031","D4","TZEZ_031_D4","0","Phagolysosome/autophagy",-0.393733260290029
"TZEZ_031","D4","TZEZ_031_D4","0","Type I interferon response",-0.237588719752029
"TZEZ_031","D4","TZEZ_031_D4","0","Ribosome biogenesis",-0.105090514241524
"TZEZ_032","D4","TZEZ_032_D4","1","PRR/TLR/TNF/NF-kB signaling",-0.575833421144136
"TZEZ_032","D4","TZEZ_032_D4","1","Phagolysosome/autophagy",-0.588225681518516
"TZEZ_032","D4","TZEZ_032_D4","1","Type I interferon response",-0.503128314100234
"TZEZ_032","D4","TZEZ_032_D4","1","Ribosome biogenesis",0.301855684392363
"TZEZ_033","D4","TZEZ_033_D4","1","PRR/TLR/TNF/NF-kB signaling",0.146811349359841
"TZEZ_033","D4","TZEZ_033_D4","1","Phagolysosome/autophagy",0.0879123555996908
"TZEZ_033","D4","TZEZ_033_D4","1","Type I interferon response",0.25523807490941
"TZEZ_033","D4","TZEZ_033_D4","1","Ribosome biogenesis",0.0803782891233624
"TZEZ_036","D4","TZEZ_036_D4","0","PRR/TLR/TNF/NF-kB signaling",-0.581473025609689
"TZEZ_036","D4","TZEZ_036_D4","0","Phagolysosome/autophagy",-0.590386368569469
"TZEZ_036","D4","TZEZ_036_D4","0","Type I interferon response",-0.519787694705851
"TZEZ_036","D4","TZEZ_036_D4","0","Ribosome biogenesis",0.606267072049066
"TZEZ_038","D4","TZEZ_038_D4","0","PRR/TLR/TNF/NF-kB signaling",-0.37961536179225
"TZEZ_038","D4","TZEZ_038_D4","0","Phagolysosome/autophagy",-0.422103544112201
"TZEZ_038","D4","TZEZ_038_D4","0","Type I interferon response",-0.419441794178505
"TZEZ_038","D4","TZEZ_038_D4","0","Ribosome biogenesis",0.241732585484063
"TZEZ_040","D4","TZEZ_040_D4","1","PRR/TLR/TNF/NF-kB signaling",-0.432469531609275
"TZEZ_040","D4","TZEZ_040_D4","1","Phagolysosome/autophagy",-0.369195240788226
"TZEZ_040","D4","TZEZ_040_D4","1","Type I interferon response",-0.538785804563017
"TZEZ_040","D4","TZEZ_040_D4","1","Ribosome biogenesis",0.363270552946908
"TZEZ_041","D4","TZEZ_041_D4","0","PRR/TLR/TNF/NF-kB signaling",0.138967982452274
"TZEZ_041","D4","TZEZ_041_D4","0","Phagolysosome/autophagy",0.158892255845088
"TZEZ_041","D4","TZEZ_041_D4","0","Type I interferon response",-0.0532791921351954
"TZEZ_041","D4","TZEZ_041_D4","0","Ribosome biogenesis",-0.138736634005923
"TZEZ_043","D4","TZEZ_043_D4","0","PRR/TLR/TNF/NF-kB signaling",-0.519665921052187
"TZEZ_043","D4","TZEZ_043_D4","0","Phagolysosome/autophagy",-0.497725595636708
"TZEZ_043","D4","TZEZ_043_D4","0","Type I interferon response",-0.598051160373159
"TZEZ_043","D4","TZEZ_043_D4","0","Ribosome biogenesis",0.646290489448635
"TZEZ_044","D4","TZEZ_044_D4","0","PRR/TLR/TNF/NF-kB signaling",-0.486768773385159
"TZEZ_044","D4","TZEZ_044_D4","0","Phagolysosome/autophagy",-0.438648504615603
"TZEZ_044","D4","TZEZ_044_D4","0","Type I interferon response",-0.41013332609521
"TZEZ_044","D4","TZEZ_044_D4","0","Ribosome biogenesis",0.512806677376943
"TZEZ_045","D4","TZEZ_045_D4","0","PRR/TLR/TNF/NF-kB signaling",-0.625236670446265
"TZEZ_045","D4","TZEZ_045_D4","0","Phagolysosome/autophagy",-0.616303340847541
"TZEZ_045","D4","TZEZ_045_D4","0","Type I interferon response",-0.555575437816174
"TZEZ_045","D4","TZEZ_045_D4","0","Ribosome biogenesis",0.667487525196047
"TZEZ_047","D4","TZEZ_047_D4","0","PRR/TLR/TNF/NF-kB signaling",0.133253764800419
"TZEZ_047","D4","TZEZ_047_D4","0","Phagolysosome/autophagy",0.14375090191235
"TZEZ_047","D4","TZEZ_047_D4","0","Type I interferon response",-0.234233246231855
"TZEZ_047","D4","TZEZ_047_D4","0","Ribosome biogenesis",0.192331992332425
"TZEZ_048","D4","TZEZ_048_D4","0","PRR/TLR/TNF/NF-kB signaling",-0.294837014614787
"TZEZ_048","D4","TZEZ_048_D4","0","Phagolysosome/autophagy",-0.486411218742139
"TZEZ_048","D4","TZEZ_048_D4","0","Type I interferon response",0.222614816026182
"TZEZ_048","D4","TZEZ_048_D4","0","Ribosome biogenesis",0.380959738192566
"TZEZ_050","D4","TZEZ_050_D4","0","PRR/TLR/TNF/NF-kB signaling",-0.115812826894795
"TZEZ_050","D4","TZEZ_050_D4","0","Phagolysosome/autophagy",-0.0492133921180328
"TZEZ_050","D4","TZEZ_050_D4","0","Type I interferon response",-0.286939035798376
"TZEZ_050","D4","TZEZ_050_D4","0","Ribosome biogenesis",-0.409704254685227
"TZEZ_051","D4","TZEZ_051_D4","0","PRR/TLR/TNF/NF-kB signaling",-0.592236963717842
"TZEZ_051","D4","TZEZ_051_D4","0","Phagolysosome/autophagy",-0.597772626992465
"TZEZ_051","D4","TZEZ_051_D4","0","Type I interferon response",-0.552590345178069
"TZEZ_051","D4","TZEZ_051_D4","0","Ribosome biogenesis",0.715414690774141
"TZEZ_052","D4","TZEZ_052_D4","0","PRR/TLR/TNF/NF-kB signaling",0.346930222701698
"TZEZ_052","D4","TZEZ_052_D4","0","Phagolysosome/autophagy",0.399981059952396
"TZEZ_052","D4","TZEZ_052_D4","0","Type I interferon response",0.0340290478215012
"TZEZ_052","D4","TZEZ_052_D4","0","Ribosome biogenesis",-0.596585228769921
"TZEZ_053","D4","TZEZ_053_D4","0","PRR/TLR/TNF/NF-kB signaling",-0.606667544045636
"TZEZ_053","D4","TZEZ_053_D4","0","Phagolysosome/autophagy",-0.622045121770351
"TZEZ_053","D4","TZEZ_053_D4","0","Type I interferon response",-0.53573298781059
"TZEZ_053","D4","TZEZ_053_D4","0","Ribosome biogenesis",0.610468514773081
"TZEZ_055","D4","TZEZ_055_D4","0","PRR/TLR/TNF/NF-kB signaling",-0.23884777104987
"TZEZ_055","D4","TZEZ_055_D4","0","Phagolysosome/autophagy",-0.224329113676549
"TZEZ_055","D4","TZEZ_055_D4","0","Type I interferon response",-0.525968209909553
"TZEZ_055","D4","TZEZ_055_D4","0","Ribosome biogenesis",0.489808426076506
"TZEZ_056","D4","TZEZ_056_D4","0","PRR/TLR/TNF/NF-kB signaling",-0.479370346394358
"TZEZ_056","D4","TZEZ_056_D4","0","Phagolysosome/autophagy",-0.446430738526265
"TZEZ_056","D4","TZEZ_056_D4","0","Type I interferon response",-0.512830491228646
"TZEZ_056","D4","TZEZ_056_D4","0","Ribosome biogenesis",-0.153803445644544
"TZEZ_057","D4","TZEZ_057_D4","1","PRR/TLR/TNF/NF-kB signaling",0.220614510220091
"TZEZ_057","D4","TZEZ_057_D4","1","Phagolysosome/autophagy",-0.246684178736314
"TZEZ_057","D4","TZEZ_057_D4","1","Type I interferon response",0.399942353838194
"TZEZ_057","D4","TZEZ_057_D4","1","Ribosome biogenesis",-0.258456111954335
"TZEZ_059","D4","TZEZ_059_D4","0","PRR/TLR/TNF/NF-kB signaling",-0.468336634044312
"TZEZ_059","D4","TZEZ_059_D4","0","Phagolysosome/autophagy",-0.497237095760385
"TZEZ_059","D4","TZEZ_059_D4","0","Type I interferon response",-0.520320533511281
"TZEZ_059","D4","TZEZ_059_D4","0","Ribosome biogenesis",0.675613091323904
"TZEZ_060","D4","TZEZ_060_D4","0","PRR/TLR/TNF/NF-kB signaling",-0.347903548004462
"TZEZ_060","D4","TZEZ_060_D4","0","Phagolysosome/autophagy",-0.426793899115494
"TZEZ_060","D4","TZEZ_060_D4","0","Type I interferon response",-0.194671703944078
"TZEZ_060","D4","TZEZ_060_D4","0","Ribosome biogenesis",0.349205088734871
"TZEZ_061","D4","TZEZ_061_D4","0","PRR/TLR/TNF/NF-kB signaling",-0.600015697308813
"TZEZ_061","D4","TZEZ_061_D4","0","Phagolysosome/autophagy",-0.621458611655318
"TZEZ_061","D4","TZEZ_061_D4","0","Type I interferon response",-0.595795109770636
"TZEZ_061","D4","TZEZ_061_D4","0","Ribosome biogenesis",0.614992765269062
"WZZX_020","D4","WZZX_020_D4","1","PRR/TLR/TNF/NF-kB signaling",0.082185866671599
"WZZX_020","D4","WZZX_020_D4","1","Phagolysosome/autophagy",-0.0470445104946522
"WZZX_020","D4","WZZX_020_D4","1","Type I interferon response",0.431428943238865
"WZZX_020","D4","WZZX_020_D4","1","Ribosome biogenesis",-0.400494265279032
"WZZX_021","D4","WZZX_021_D4","1","PRR/TLR/TNF/NF-kB signaling",0.308100658429134
"WZZX_021","D4","WZZX_021_D4","1","Phagolysosome/autophagy",0.357695958065247
"WZZX_021","D4","WZZX_021_D4","1","Type I interferon response",0.253119163408552
"WZZX_021","D4","WZZX_021_D4","1","Ribosome biogenesis",0.0764640248850636
"XARM_036","D4","XARM_036_D4","0","PRR/TLR/TNF/NF-kB signaling",-0.498835145131695
"XARM_036","D4","XARM_036_D4","0","Phagolysosome/autophagy",-0.595688073595829
"XARM_036","D4","XARM_036_D4","0","Type I interferon response",-0.186557090167758
"XARM_036","D4","XARM_036_D4","0","Ribosome biogenesis",0.380871998063074
"XARM_037","D4","XARM_037_D4","0","PRR/TLR/TNF/NF-kB signaling",-0.47187711131236
"XARM_037","D4","XARM_037_D4","0","Phagolysosome/autophagy",-0.296894651526302
"XARM_037","D4","XARM_037_D4","0","Type I interferon response",-0.435871638225902
"XARM_037","D4","XARM_037_D4","0","Ribosome biogenesis",0.61057084954205
"ZDFE_031","D4","ZDFE_031_D4","0","PRR/TLR/TNF/NF-kB signaling",0.538044509097163
"ZDFE_031","D4","ZDFE_031_D4","0","Phagolysosome/autophagy",0.608637841673827
"ZDFE_031","D4","ZDFE_031_D4","0","Type I interferon response",0.072478933179374
"ZDFE_031","D4","ZDFE_031_D4","0","Ribosome biogenesis",0.0335557775781528
"ZDFE_032","D4","ZDFE_032_D4","0","PRR/TLR/TNF/NF-kB signaling",-0.498246116773916
"ZDFE_032","D4","ZDFE_032_D4","0","Phagolysosome/autophagy",-0.460287631673497
"ZDFE_032","D4","ZDFE_032_D4","0","Type I interferon response",-0.488868138320341
"ZDFE_032","D4","ZDFE_032_D4","0","Ribosome biogenesis",0.627870259142175
"ZDFE_101","D4","ZDFE_101_D4","0","PRR/TLR/TNF/NF-kB signaling",-0.382814411778088
"ZDFE_101","D4","ZDFE_101_D4","0","Phagolysosome/autophagy",-0.348675890628262
"ZDFE_101","D4","ZDFE_101_D4","0","Type I interferon response",-0.359942748177177
"ZDFE_101","D4","ZDFE_101_D4","0","Ribosome biogenesis",0.543342316904301
"ZDFE_102","D4","ZDFE_102_D4","0","PRR/TLR/TNF/NF-kB signaling",0.468433997343535
"ZDFE_102","D4","ZDFE_102_D4","0","Phagolysosome/autophagy",0.402698782392908
"ZDFE_102","D4","ZDFE_102_D4","0","Type I interferon response",0.442765708435711
"ZDFE_102","D4","ZDFE_102_D4","0","Ribosome biogenesis",-0.535074812476921
"ZDFE_103","D4","ZDFE_103_D4","0","PRR/TLR/TNF/NF-kB signaling",-0.48847901850907
"ZDFE_103","D4","ZDFE_103_D4","0","Phagolysosome/autophagy",-0.428327899596063
"ZDFE_103","D4","ZDFE_103_D4","0","Type I interferon response",-0.544733435300721
"ZDFE_103","D4","ZDFE_103_D4","0","Ribosome biogenesis",0.414173589986966
"ZDFE_104","D4","ZDFE_104_D4","1","PRR/TLR/TNF/NF-kB signaling",0.451332464964167
"ZDFE_104","D4","ZDFE_104_D4","1","Phagolysosome/autophagy",0.404439479570812
"ZDFE_104","D4","ZDFE_104_D4","1","Type I interferon response",0.249462770483732
"ZDFE_104","D4","ZDFE_104_D4","1","Ribosome biogenesis",-0.72276118861993
"ZDFE_105","D4","ZDFE_105_D4","0","PRR/TLR/TNF/NF-kB signaling",-0.496601847896458
"ZDFE_105","D4","ZDFE_105_D4","0","Phagolysosome/autophagy",-0.443550392680308
"ZDFE_105","D4","ZDFE_105_D4","0","Type I interferon response",-0.223344983879082
"ZDFE_105","D4","ZDFE_105_D4","0","Ribosome biogenesis",0.506325516311974
"ZDFE_106","D4","ZDFE_106_D4","0","PRR/TLR/TNF/NF-kB signaling",-0.446315662058528
"ZDFE_106","D4","ZDFE_106_D4","0","Phagolysosome/autophagy",-0.379411406413313
"ZDFE_106","D4","ZDFE_106_D4","0","Type I interferon response",-0.399603532280003
"ZDFE_106","D4","ZDFE_106_D4","0","Ribosome biogenesis",0.641343330842992
"ZDFE_109","D4","ZDFE_109_D4","0","PRR/TLR/TNF/NF-kB signaling",-0.532109444789186
"ZDFE_109","D4","ZDFE_109_D4","0","Phagolysosome/autophagy",-0.597320459959578
"ZDFE_109","D4","ZDFE_109_D4","0","Type I interferon response",-0.600369960183171
"ZDFE_109","D4","ZDFE_109_D4","0","Ribosome biogenesis",0.556747749214207
"ZDFE_113","D4","ZDFE_113_D4","0","PRR/TLR/TNF/NF-kB signaling",-0.346740613254234
"ZDFE_113","D4","ZDFE_113_D4","0","Phagolysosome/autophagy",-0.333293478600094
"ZDFE_113","D4","ZDFE_113_D4","0","Type I interferon response",-0.522265542805661
"ZDFE_113","D4","ZDFE_113_D4","0","Ribosome biogenesis",-0.0128358209851782
"ZDFE_114","D4","ZDFE_114_D4","0","PRR/TLR/TNF/NF-kB signaling",-0.350470638237963
"ZDFE_114","D4","ZDFE_114_D4","0","Phagolysosome/autophagy",-0.284803326488561
"ZDFE_114","D4","ZDFE_114_D4","0","Type I interferon response",-0.478058042006349
"ZDFE_114","D4","ZDFE_114_D4","0","Ribosome biogenesis",0.0721537251202756
"ZDFE_115","D4","ZDFE_115_D4","0","PRR/TLR/TNF/NF-kB signaling",0.0498973063942803
"ZDFE_115","D4","ZDFE_115_D4","0","Phagolysosome/autophagy",0.151755853770733
"ZDFE_115","D4","ZDFE_115_D4","0","Type I interferon response",0.0114953928925103
"ZDFE_115","D4","ZDFE_115_D4","0","Ribosome biogenesis",-0.318563435697581
"ZDFE_117","D4","ZDFE_117_D4","0","PRR/TLR/TNF/NF-kB signaling",-0.232497646425269
"ZDFE_117","D4","ZDFE_117_D4","0","Phagolysosome/autophagy",-0.342314399871644
"ZDFE_117","D4","ZDFE_117_D4","0","Type I interferon response",-0.419538615099527
"ZDFE_117","D4","ZDFE_117_D4","0","Ribosome biogenesis",-0.348953300457671
"ZDFE_118","D4","ZDFE_118_D4","0","PRR/TLR/TNF/NF-kB signaling",-0.41694572424011
"ZDFE_118","D4","ZDFE_118_D4","0","Phagolysosome/autophagy",-0.270593996526576
"ZDFE_118","D4","ZDFE_118_D4","0","Type I interferon response",-0.486739271473827
"ZDFE_118","D4","ZDFE_118_D4","0","Ribosome biogenesis",0.0762048976544348
"ZDFE_119","D4","ZDFE_119_D4","1","PRR/TLR/TNF/NF-kB signaling",0.412759185117445
"ZDFE_119","D4","ZDFE_119_D4","1","Phagolysosome/autophagy",0.439795007568438
"ZDFE_119","D4","ZDFE_119_D4","1","Type I interferon response",0.205750514899259
"ZDFE_119","D4","ZDFE_119_D4","1","Ribosome biogenesis",-0.264249829232378
"ZDFE_124","D4","ZDFE_124_D4","1","PRR/TLR/TNF/NF-kB signaling",-0.548463116928527
"ZDFE_124","D4","ZDFE_124_D4","1","Phagolysosome/autophagy",-0.55941324725507
"ZDFE_124","D4","ZDFE_124_D4","1","Type I interferon response",-0.375428002080488
"ZDFE_124","D4","ZDFE_124_D4","1","Ribosome biogenesis",0.432806801453095
"ZDFE_125","D4","ZDFE_125_D4","1","PRR/TLR/TNF/NF-kB signaling",-0.60943354190314
"ZDFE_125","D4","ZDFE_125_D4","1","Phagolysosome/autophagy",-0.624209274263764
"ZDFE_125","D4","ZDFE_125_D4","1","Type I interferon response",-0.514470517009575
"ZDFE_125","D4","ZDFE_125_D4","1","Ribosome biogenesis",0.598263142158858
"ZDFE_127","D4","ZDFE_127_D4","0","PRR/TLR/TNF/NF-kB signaling",-0.604475143337296
"ZDFE_127","D4","ZDFE_127_D4","0","Phagolysosome/autophagy",-0.584261942677624
"ZDFE_127","D4","ZDFE_127_D4","0","Type I interferon response",-0.501139807844954
"ZDFE_127","D4","ZDFE_127_D4","0","Ribosome biogenesis",0.644880732169514
"ZDFE_128","D4","ZDFE_128_D4","0","PRR/TLR/TNF/NF-kB signaling",-0.326767625447136
"ZDFE_128","D4","ZDFE_128_D4","0","Phagolysosome/autophagy",-0.461659417526754
"ZDFE_128","D4","ZDFE_128_D4","0","Type I interferon response",-0.0633772658738093
"ZDFE_128","D4","ZDFE_128_D4","0","Ribosome biogenesis",-0.0238294864369845
"ZDFE_129","D4","ZDFE_129_D4","0","PRR/TLR/TNF/NF-kB signaling",-0.419445861459433
"ZDFE_129","D4","ZDFE_129_D4","0","Phagolysosome/autophagy",-0.465486464690211
"ZDFE_129","D4","ZDFE_129_D4","0","Type I interferon response",-0.338159527217945
"ZDFE_129","D4","ZDFE_129_D4","0","Ribosome biogenesis",0.509319106608479
"ZDFE_130","D4","ZDFE_130_D4","1","PRR/TLR/TNF/NF-kB signaling",-0.618404036989731
"ZDFE_130","D4","ZDFE_130_D4","1","Phagolysosome/autophagy",-0.679349035861499
"ZDFE_130","D4","ZDFE_130_D4","1","Type I interferon response",-0.435039941557926
"ZDFE_130","D4","ZDFE_130_D4","1","Ribosome biogenesis",0.705738916582633
"ZDFE_131","D4","ZDFE_131_D4","1","PRR/TLR/TNF/NF-kB signaling",0.429753186036767
"ZDFE_131","D4","ZDFE_131_D4","1","Phagolysosome/autophagy",0.393035480135332
"ZDFE_131","D4","ZDFE_131_D4","1","Type I interferon response",0.334176325550867
"ZDFE_131","D4","ZDFE_131_D4","1","Ribosome biogenesis",-0.557074291387667
"ZDFE_133","D4","ZDFE_133_D4","0","PRR/TLR/TNF/NF-kB signaling",-0.558761621880532
"ZDFE_133","D4","ZDFE_133_D4","0","Phagolysosome/autophagy",-0.555443095942346
"ZDFE_133","D4","ZDFE_133_D4","0","Type I interferon response",-0.50251496980338
"ZDFE_133","D4","ZDFE_133_D4","0","Ribosome biogenesis",0.417982559413558
"ZDFE_134","D4","ZDFE_134_D4","1","PRR/TLR/TNF/NF-kB signaling",-0.57734404608588
"ZDFE_134","D4","ZDFE_134_D4","1","Phagolysosome/autophagy",-0.571684935324728
"ZDFE_134","D4","ZDFE_134_D4","1","Type I interferon response",-0.404136952310987
"ZDFE_134","D4","ZDFE_134_D4","1","Ribosome biogenesis",0.513476581895792
"ZDFE_135","D4","ZDFE_135_D4","0","PRR/TLR/TNF/NF-kB signaling",-0.667320927688663
"ZDFE_135","D4","ZDFE_135_D4","0","Phagolysosome/autophagy",-0.707627279729248
"ZDFE_135","D4","ZDFE_135_D4","0","Type I interferon response",-0.588741147868196
"ZDFE_135","D4","ZDFE_135_D4","0","Ribosome biogenesis",0.609067369607139
"ZDFE_136","D4","ZDFE_136_D4","0","PRR/TLR/TNF/NF-kB signaling",-0.503229321129384
"ZDFE_136","D4","ZDFE_136_D4","0","Phagolysosome/autophagy",-0.528576220427867
"ZDFE_136","D4","ZDFE_136_D4","0","Type I interferon response",-0.406858583548895
"ZDFE_136","D4","ZDFE_136_D4","0","Ribosome biogenesis",0.501941137239583
"ZDFE_137","D4","ZDFE_137_D4","0","PRR/TLR/TNF/NF-kB signaling",0.28171796521377
"ZDFE_137","D4","ZDFE_137_D4","0","Phagolysosome/autophagy",0.460111201089238
"ZDFE_137","D4","ZDFE_137_D4","0","Type I interferon response",-0.221494210256472
"ZDFE_137","D4","ZDFE_137_D4","0","Ribosome biogenesis",-0.621864519963815
"ZDFE_138","D4","ZDFE_138_D4","0","PRR/TLR/TNF/NF-kB signaling",-0.310626703663934
"ZDFE_138","D4","ZDFE_138_D4","0","Phagolysosome/autophagy",-0.222115211570268
"ZDFE_138","D4","ZDFE_138_D4","0","Type I interferon response",-0.369675878574615
"ZDFE_138","D4","ZDFE_138_D4","0","Ribosome biogenesis",0.259481441171686
"ZYCZ_018","D4","ZYCZ_018_D4","0","PRR/TLR/TNF/NF-kB signaling",-0.312279515117474
"ZYCZ_018","D4","ZYCZ_018_D4","0","Phagolysosome/autophagy",-0.143224298311058
"ZYCZ_018","D4","ZYCZ_018_D4","0","Type I interferon response",-0.399986609367668
"ZYCZ_018","D4","ZYCZ_018_D4","0","Ribosome biogenesis",0.575923769759284
"ZYCZ_019","D4","ZYCZ_019_D4","1","PRR/TLR/TNF/NF-kB signaling",-0.427523971305028
"ZYCZ_019","D4","ZYCZ_019_D4","1","Phagolysosome/autophagy",-0.425783530732188
"ZYCZ_019","D4","ZYCZ_019_D4","1","Type I interferon response",-0.44361748129004
"ZYCZ_019","D4","ZYCZ_019_D4","1","Ribosome biogenesis",0.492813501524785
"ZYCZ_020","D4","ZYCZ_020_D4","1","PRR/TLR/TNF/NF-kB signaling",0.593037545234019
"ZYCZ_020","D4","ZYCZ_020_D4","1","Phagolysosome/autophagy",0.553835933276641
"ZYCZ_020","D4","ZYCZ_020_D4","1","Type I interferon response",0.671861658040859
"ZYCZ_020","D4","ZYCZ_020_D4","1","Ribosome biogenesis",-0.617185610891948
"ZYCZ_022","D4","ZYCZ_022_D4","1","PRR/TLR/TNF/NF-kB signaling",0.516461261741301
"ZYCZ_022","D4","ZYCZ_022_D4","1","Phagolysosome/autophagy",0.57333344582909
"ZYCZ_022","D4","ZYCZ_022_D4","1","Type I interferon response",0.446350561698123
"ZYCZ_022","D4","ZYCZ_022_D4","1","Ribosome biogenesis",-0.472075319915639
"ZYCZ_023","D4","ZYCZ_023_D4","1","PRR/TLR/TNF/NF-kB signaling",0.594455023140655
"ZYCZ_023","D4","ZYCZ_023_D4","1","Phagolysosome/autophagy",0.525637581786473
"ZYCZ_023","D4","ZYCZ_023_D4","1","Type I interferon response",0.6299390045298
"ZYCZ_023","D4","ZYCZ_023_D4","1","Ribosome biogenesis",-0.600157486250716
"ZYCZ_025","D4","ZYCZ_025_D4","0","PRR/TLR/TNF/NF-kB signaling",-0.333410252376174
"ZYCZ_025","D4","ZYCZ_025_D4","0","Phagolysosome/autophagy",-0.265789802363973
"ZYCZ_025","D4","ZYCZ_025_D4","0","Type I interferon response",-0.37081381628941
"ZYCZ_025","D4","ZYCZ_025_D4","0","Ribosome biogenesis",0.259258205157695
"ZYCZ_026","D4","ZYCZ_026_D4","0","PRR/TLR/TNF/NF-kB signaling",-0.489874746557915
"ZYCZ_026","D4","ZYCZ_026_D4","0","Phagolysosome/autophagy",-0.564633779250137
"ZYCZ_026","D4","ZYCZ_026_D4","0","Type I interferon response",-0.487570924012403
"ZYCZ_026","D4","ZYCZ_026_D4","0","Ribosome biogenesis",0.520454670679045
"ZYCZ_027","D4","ZYCZ_027_D4","0","PRR/TLR/TNF/NF-kB signaling",0.3968179505848
"ZYCZ_027","D4","ZYCZ_027_D4","0","Phagolysosome/autophagy",0.517954564482916
"ZYCZ_027","D4","ZYCZ_027_D4","0","Type I interferon response",-0.0429128515030938
"ZYCZ_027","D4","ZYCZ_027_D4","0","Ribosome biogenesis",-0.473505517617173
"ZYCZ_028","D4","ZYCZ_028_D4","0","PRR/TLR/TNF/NF-kB signaling",0.502252905014739
"ZYCZ_028","D4","ZYCZ_028_D4","0","Phagolysosome/autophagy",0.422556240092019
"ZYCZ_028","D4","ZYCZ_028_D4","0","Type I interferon response",0.651821823274929
"ZYCZ_028","D4","ZYCZ_028_D4","0","Ribosome biogenesis",-0.240172400704229
"ZYCZ_029","D4","ZYCZ_029_D4","1","PRR/TLR/TNF/NF-kB signaling",0.175781667829696
"ZYCZ_029","D4","ZYCZ_029_D4","1","Phagolysosome/autophagy",0.0732908172457289
"ZYCZ_029","D4","ZYCZ_029_D4","1","Type I interferon response",0.445592712554896
"ZYCZ_029","D4","ZYCZ_029_D4","1","Ribosome biogenesis",0.496747295528746
"ZYCZ_030","D4","ZYCZ_030_D4","0","PRR/TLR/TNF/NF-kB signaling",0.43143023304729
"ZYCZ_030","D4","ZYCZ_030_D4","0","Phagolysosome/autophagy",0.469606440590289
"ZYCZ_030","D4","ZYCZ_030_D4","0","Type I interferon response",0.472232817732009
"ZYCZ_030","D4","ZYCZ_030_D4","0","Ribosome biogenesis",-0.641309780646768
"ZYCZ_031","D4","ZYCZ_031_D4","0","PRR/TLR/TNF/NF-kB signaling",-0.0545124849563222
"ZYCZ_031","D4","ZYCZ_031_D4","0","Phagolysosome/autophagy",0.0772769712538502
"ZYCZ_031","D4","ZYCZ_031_D4","0","Type I interferon response",0.132142283678282
"ZYCZ_031","D4","ZYCZ_031_D4","0","Ribosome biogenesis",0.573338505878682
"ZYCZ_032","D4","ZYCZ_032_D4","0","PRR/TLR/TNF/NF-kB signaling",0.158994482066034
"ZYCZ_032","D4","ZYCZ_032_D4","0","Phagolysosome/autophagy",0.0198954671680346
"ZYCZ_032","D4","ZYCZ_032_D4","0","Type I interferon response",-0.166035584639261
"ZYCZ_032","D4","ZYCZ_032_D4","0","Ribosome biogenesis",0.180283079543478
"ZYCZ_033","D4","ZYCZ_033_D4","1","PRR/TLR/TNF/NF-kB signaling",0.504807177431432
"ZYCZ_033","D4","ZYCZ_033_D4","1","Phagolysosome/autophagy",0.592486066122789
"ZYCZ_033","D4","ZYCZ_033_D4","1","Type I interferon response",0.424220085142581
"ZYCZ_033","D4","ZYCZ_033_D4","1","Ribosome biogenesis",-0.464838698431104
"ZYCZ_034","D4","ZYCZ_034_D4","0","PRR/TLR/TNF/NF-kB signaling",-0.170419124717022
"ZYCZ_034","D4","ZYCZ_034_D4","0","Phagolysosome/autophagy",0.289481579109155
"ZYCZ_034","D4","ZYCZ_034_D4","0","Type I interferon response",-0.533266021806857
"ZYCZ_034","D4","ZYCZ_034_D4","0","Ribosome biogenesis",-0.27077694052459
"ZYCZ_035","D4","ZYCZ_035_D4","1","PRR/TLR/TNF/NF-kB signaling",0.21240073003563
"ZYCZ_035","D4","ZYCZ_035_D4","1","Phagolysosome/autophagy",0.300584985943356
"ZYCZ_035","D4","ZYCZ_035_D4","1","Type I interferon response",0.371741129552771
"ZYCZ_035","D4","ZYCZ_035_D4","1","Ribosome biogenesis",-0.395064582383094
"ZYCZ_036","D4","ZYCZ_036_D4","0","PRR/TLR/TNF/NF-kB signaling",-0.167594805790168
"ZYCZ_036","D4","ZYCZ_036_D4","0","Phagolysosome/autophagy",-0.38259755900232
"ZYCZ_036","D4","ZYCZ_036_D4","0","Type I interferon response",0.265122945857932
"ZYCZ_036","D4","ZYCZ_036_D4","0","Ribosome biogenesis",0.142040824674367
"ZYCZ_038","D4","ZYCZ_038_D4","0","PRR/TLR/TNF/NF-kB signaling",-0.572584704686673
"ZYCZ_038","D4","ZYCZ_038_D4","0","Phagolysosome/autophagy",-0.603540670884148
"ZYCZ_038","D4","ZYCZ_038_D4","0","Type I interferon response",-0.459205839056726
"ZYCZ_038","D4","ZYCZ_038_D4","0","Ribosome biogenesis",0.458822199840782
"ZYCZ_039","D4","ZYCZ_039_D4","0","PRR/TLR/TNF/NF-kB signaling",-0.429555119554085
"ZYCZ_039","D4","ZYCZ_039_D4","0","Phagolysosome/autophagy",-0.459631253425017
"ZYCZ_039","D4","ZYCZ_039_D4","0","Type I interferon response",-0.414422676657526
"ZYCZ_039","D4","ZYCZ_039_D4","0","Ribosome biogenesis",0.518664661706916
"ZYCZ_042","D4","ZYCZ_042_D4","0","PRR/TLR/TNF/NF-kB signaling",0.472500190891943
"ZYCZ_042","D4","ZYCZ_042_D4","0","Phagolysosome/autophagy",0.464678964924039
"ZYCZ_042","D4","ZYCZ_042_D4","0","Type I interferon response",0.395392757407008
"ZYCZ_042","D4","ZYCZ_042_D4","0","Ribosome biogenesis",-0.60710269503336
"ZYQC_039","D4","ZYQC_039_D4","0","PRR/TLR/TNF/NF-kB signaling",0.116728782432591
"ZYQC_039","D4","ZYQC_039_D4","0","Phagolysosome/autophagy",0.282332538518292
"ZYQC_039","D4","ZYQC_039_D4","0","Type I interferon response",0.187979901484831
"ZYQC_039","D4","ZYQC_039_D4","0","Ribosome biogenesis",0.194311855259882
"ZYQC_040","D4","ZYQC_040_D4","1","PRR/TLR/TNF/NF-kB signaling",0.547760380274182
"ZYQC_040","D4","ZYQC_040_D4","1","Phagolysosome/autophagy",0.496760844122327
"ZYQC_040","D4","ZYQC_040_D4","1","Type I interferon response",0.627940104534113
"ZYQC_040","D4","ZYQC_040_D4","1","Ribosome biogenesis",-0.417194293298269
"ZYQC_042","D4","ZYQC_042_D4","0","PRR/TLR/TNF/NF-kB signaling",0.5444778998721
"ZYQC_042","D4","ZYQC_042_D4","0","Phagolysosome/autophagy",0.525945784584038
"ZYQC_042","D4","ZYQC_042_D4","0","Type I interferon response",0.403392245470132
"ZYQC_042","D4","ZYQC_042_D4","0","Ribosome biogenesis",-0.402527835801269
"ZYQC_045","D4","ZYQC_045_D4","0","PRR/TLR/TNF/NF-kB signaling",-0.494810829111626
"ZYQC_045","D4","ZYQC_045_D4","0","Phagolysosome/autophagy",-0.520007439445338
"ZYQC_045","D4","ZYQC_045_D4","0","Type I interferon response",-0.401244929517318
"ZYQC_045","D4","ZYQC_045_D4","0","Ribosome biogenesis",0.618227311055739
"ZYQC_047","D4","ZYQC_047_D4","1","PRR/TLR/TNF/NF-kB signaling",-0.526408809311645
"ZYQC_047","D4","ZYQC_047_D4","1","Phagolysosome/autophagy",-0.481826714944225
"ZYQC_047","D4","ZYQC_047_D4","1","Type I interferon response",-0.523562956998334
"ZYQC_047","D4","ZYQC_047_D4","1","Ribosome biogenesis",0.642396111352322
"ZYQC_048","D4","ZYQC_048_D4","0","PRR/TLR/TNF/NF-kB signaling",0.0209642525200234
"ZYQC_048","D4","ZYQC_048_D4","0","Phagolysosome/autophagy",-0.176691506105815
"ZYQC_048","D4","ZYQC_048_D4","0","Type I interferon response",0.493905205718146
"ZYQC_048","D4","ZYQC_048_D4","0","Ribosome biogenesis",0.271427702294353
"ZYQC_049","D4","ZYQC_049_D4","1","PRR/TLR/TNF/NF-kB signaling",-0.363215996906108
"ZYQC_049","D4","ZYQC_049_D4","1","Phagolysosome/autophagy",-0.17489584857215
"ZYQC_049","D4","ZYQC_049_D4","1","Type I interferon response",-0.543177769581213
"ZYQC_049","D4","ZYQC_049_D4","1","Ribosome biogenesis",0.143110863039034
"ZYQC_050","D4","ZYQC_050_D4","0","PRR/TLR/TNF/NF-kB signaling",-0.0316375738513819
"ZYQC_050","D4","ZYQC_050_D4","0","Phagolysosome/autophagy",0.274048116059996
"ZYQC_050","D4","ZYQC_050_D4","0","Type I interferon response",-0.338432319823623
"ZYQC_050","D4","ZYQC_050_D4","0","Ribosome biogenesis",-0.545684827245226
"ZYQC_051","D4","ZYQC_051_D4","0","PRR/TLR/TNF/NF-kB signaling",0.54160486294513
"ZYQC_051","D4","ZYQC_051_D4","0","Phagolysosome/autophagy",0.607277675892768
"ZYQC_051","D4","ZYQC_051_D4","0","Type I interferon response",0.424653976012524
"ZYQC_051","D4","ZYQC_051_D4","0","Ribosome biogenesis",-0.651182196524093
"ZYQC_052","D4","ZYQC_052_D4","0","PRR/TLR/TNF/NF-kB signaling",-0.424755689489002
"ZYQC_052","D4","ZYQC_052_D4","0","Phagolysosome/autophagy",-0.452159714488608
"ZYQC_052","D4","ZYQC_052_D4","0","Type I interferon response",-0.567490340957981
"ZYQC_052","D4","ZYQC_052_D4","0","Ribosome biogenesis",0.424545356445455
"ZYQC_053","D4","ZYQC_053_D4","1","PRR/TLR/TNF/NF-kB signaling",-0.488782457816406
"ZYQC_053","D4","ZYQC_053_D4","1","Phagolysosome/autophagy",-0.469060174453316
"ZYQC_053","D4","ZYQC_053_D4","1","Type I interferon response",-0.542737813974025
"ZYQC_053","D4","ZYQC_053_D4","1","Ribosome biogenesis",0.53745236538969
"ZYQC_055","D4","ZYQC_055_D4","0","PRR/TLR/TNF/NF-kB signaling",-0.324906814823487
"ZYQC_055","D4","ZYQC_055_D4","0","Phagolysosome/autophagy",-0.361970468033361
"ZYQC_055","D4","ZYQC_055_D4","0","Type I interferon response",-0.377141405756293
"ZYQC_055","D4","ZYQC_055_D4","0","Ribosome biogenesis",0.530392317521189
"ZYQC_056","D4","ZYQC_056_D4","1","PRR/TLR/TNF/NF-kB signaling",-0.308526642911374
"ZYQC_056","D4","ZYQC_056_D4","1","Phagolysosome/autophagy",-0.339655600586497
"ZYQC_056","D4","ZYQC_056_D4","1","Type I interferon response",-0.216296225131868
"ZYQC_056","D4","ZYQC_056_D4","1","Ribosome biogenesis",0.149808806263558
"ZYQC_057","D4","ZYQC_057_D4","0","PRR/TLR/TNF/NF-kB signaling",-0.281185643200518
"ZYQC_057","D4","ZYQC_057_D4","0","Phagolysosome/autophagy",-0.162273789149656
"ZYQC_057","D4","ZYQC_057_D4","0","Type I interferon response",-0.376202941879225
"ZYQC_057","D4","ZYQC_057_D4","0","Ribosome biogenesis",-0.360946295925792
"ZYQC_058","D4","ZYQC_058_D4","0","PRR/TLR/TNF/NF-kB signaling",-0.0618409958196541
"ZYQC_058","D4","ZYQC_058_D4","0","Phagolysosome/autophagy",-0.299947574513129
"ZYQC_058","D4","ZYQC_058_D4","0","Type I interferon response",-0.179278751222416
"ZYQC_058","D4","ZYQC_058_D4","0","Ribosome biogenesis",0.39502191660736
"ZYQC_059","D4","ZYQC_059_D4","0","PRR/TLR/TNF/NF-kB signaling",0.251931058797059
"ZYQC_059","D4","ZYQC_059_D4","0","Phagolysosome/autophagy",0.143148764910172
"ZYQC_059","D4","ZYQC_059_D4","0","Type I interferon response",0.489062692618622
"ZYQC_059","D4","ZYQC_059_D4","0","Ribosome biogenesis",-0.55476684428535
"ZYQC_060","D4","ZYQC_060_D4","0","PRR/TLR/TNF/NF-kB signaling",-0.21995807115098
"ZYQC_060","D4","ZYQC_060_D4","0","Phagolysosome/autophagy",-0.275595486677769
"ZYQC_060","D4","ZYQC_060_D4","0","Type I interferon response",-0.238233380598333
"ZYQC_060","D4","ZYQC_060_D4","0","Ribosome biogenesis",0.465438418195596
"ZYQC_065","D4","ZYQC_065_D4","1","PRR/TLR/TNF/NF-kB signaling",0.209884249492397
"ZYQC_065","D4","ZYQC_065_D4","1","Phagolysosome/autophagy",0.287041962336991
"ZYQC_065","D4","ZYQC_065_D4","1","Type I interferon response",0.00566647888746208
"ZYQC_065","D4","ZYQC_065_D4","1","Ribosome biogenesis",0.103586175949559
"ZYQC_067","D4","ZYQC_067_D4","0","PRR/TLR/TNF/NF-kB signaling",-0.254224310289787
"ZYQC_067","D4","ZYQC_067_D4","0","Phagolysosome/autophagy",-0.317940854239556
"ZYQC_067","D4","ZYQC_067_D4","0","Type I interferon response",-0.286855932591515
"ZYQC_067","D4","ZYQC_067_D4","0","Ribosome biogenesis",-0.128958165388934
"ZYQC_068","D4","ZYQC_068_D4","0","PRR/TLR/TNF/NF-kB signaling",-0.29743694559775
"ZYQC_068","D4","ZYQC_068_D4","0","Phagolysosome/autophagy",-0.390959126387961
"ZYQC_068","D4","ZYQC_068_D4","0","Type I interferon response",0.386698944504477
"ZYQC_068","D4","ZYQC_068_D4","0","Ribosome biogenesis",0.281867911328027
"ZYQC_071","D4","ZYQC_071_D4","1","PRR/TLR/TNF/NF-kB signaling",0.34703727353251
"ZYQC_071","D4","ZYQC_071_D4","1","Phagolysosome/autophagy",0.26340885093583
"ZYQC_071","D4","ZYQC_071_D4","1","Type I interferon response",0.34870530728918
"ZYQC_071","D4","ZYQC_071_D4","1","Ribosome biogenesis",-0.501134387418851
"ZYQC_072","D4","ZYQC_072_D4","0","PRR/TLR/TNF/NF-kB signaling",-0.475264616731568
"ZYQC_072","D4","ZYQC_072_D4","0","Phagolysosome/autophagy",-0.414669933377741
"ZYQC_072","D4","ZYQC_072_D4","0","Type I interferon response",-0.425693853917073
"ZYQC_072","D4","ZYQC_072_D4","0","Ribosome biogenesis",0.470824760812109
"ZYQC_073","D4","ZYQC_073_D4","0","PRR/TLR/TNF/NF-kB signaling",-0.154855063488476
"ZYQC_073","D4","ZYQC_073_D4","0","Phagolysosome/autophagy",-0.146349069211169
"ZYQC_073","D4","ZYQC_073_D4","0","Type I interferon response",-0.335074852096151
"ZYQC_073","D4","ZYQC_073_D4","0","Ribosome biogenesis",0.237114929428276
"ZYQC_074","D4","ZYQC_074_D4","1","PRR/TLR/TNF/NF-kB signaling",0.496583560072264
"ZYQC_074","D4","ZYQC_074_D4","1","Phagolysosome/autophagy",0.609713060665962
"ZYQC_074","D4","ZYQC_074_D4","1","Type I interferon response",-0.0565111150862564
"ZYQC_074","D4","ZYQC_074_D4","1","Ribosome biogenesis",-0.512485206168063
"ZYQC_075","D4","ZYQC_075_D4","1","PRR/TLR/TNF/NF-kB signaling",0.652605076557269
"ZYQC_075","D4","ZYQC_075_D4","1","Phagolysosome/autophagy",0.647846396458042
"ZYQC_075","D4","ZYQC_075_D4","1","Type I interferon response",0.670291796697022
"ZYQC_075","D4","ZYQC_075_D4","1","Ribosome biogenesis",-0.590666209968187
"ZYQC_076","D4","ZYQC_076_D4","0","PRR/TLR/TNF/NF-kB signaling",-0.449336130670205
"ZYQC_076","D4","ZYQC_076_D4","0","Phagolysosome/autophagy",-0.463550305478264
"ZYQC_076","D4","ZYQC_076_D4","0","Type I interferon response",-0.289071659434531
"ZYQC_076","D4","ZYQC_076_D4","0","Ribosome biogenesis",0.706992136418431
"ZYQC_080","D4","ZYQC_080_D4","0","PRR/TLR/TNF/NF-kB signaling",-0.683269487591335
"ZYQC_080","D4","ZYQC_080_D4","0","Phagolysosome/autophagy",-0.674071397157775
"ZYQC_080","D4","ZYQC_080_D4","0","Type I interferon response",-0.587198642936347
"ZYQC_080","D4","ZYQC_080_D4","0","Ribosome biogenesis",0.561774188130001
"ZYQC_081","D4","ZYQC_081_D4","1","PRR/TLR/TNF/NF-kB signaling",-0.235009018331912
"ZYQC_081","D4","ZYQC_081_D4","1","Phagolysosome/autophagy",-0.27902427932535
"ZYQC_081","D4","ZYQC_081_D4","1","Type I interferon response",-0.229309467155236
"ZYQC_081","D4","ZYQC_081_D4","1","Ribosome biogenesis",0.257417607563661
"ZYQC_083","D4","ZYQC_083_D4","1","PRR/TLR/TNF/NF-kB signaling",-0.455730944080661
"ZYQC_083","D4","ZYQC_083_D4","1","Phagolysosome/autophagy",-0.461489029495916
"ZYQC_083","D4","ZYQC_083_D4","1","Type I interferon response",-0.446048304595383
"ZYQC_083","D4","ZYQC_083_D4","1","Ribosome biogenesis",0.398981815507508
"ZYQC_084","D4","ZYQC_084_D4","0","PRR/TLR/TNF/NF-kB signaling",-0.533440720744501
"ZYQC_084","D4","ZYQC_084_D4","0","Phagolysosome/autophagy",-0.462343586562676
"ZYQC_084","D4","ZYQC_084_D4","0","Type I interferon response",-0.493002330533466
"ZYQC_084","D4","ZYQC_084_D4","0","Ribosome biogenesis",0.337528571437257
"ZYQC_085","D4","ZYQC_085_D4","0","PRR/TLR/TNF/NF-kB signaling",-0.347646338745432
"ZYQC_085","D4","ZYQC_085_D4","0","Phagolysosome/autophagy",-0.386485523717692
"ZYQC_085","D4","ZYQC_085_D4","0","Type I interferon response",-0.438353762245201
"ZYQC_085","D4","ZYQC_085_D4","0","Ribosome biogenesis",0.389127570997821
"ZYQC_089","D4","ZYQC_089_D4","0","PRR/TLR/TNF/NF-kB signaling",-0.30432992218932
"ZYQC_089","D4","ZYQC_089_D4","0","Phagolysosome/autophagy",-0.382090030787726
"ZYQC_089","D4","ZYQC_089_D4","0","Type I interferon response",-0.15569632032008
"ZYQC_089","D4","ZYQC_089_D4","0","Ribosome biogenesis",-0.01198559368624
"ZYQC_090","D4","ZYQC_090_D4","0","PRR/TLR/TNF/NF-kB signaling",-0.566853325777904
"ZYQC_090","D4","ZYQC_090_D4","0","Phagolysosome/autophagy",-0.539690644206821
"ZYQC_090","D4","ZYQC_090_D4","0","Type I interferon response",-0.571506734026088
"ZYQC_090","D4","ZYQC_090_D4","0","Ribosome biogenesis",0.628151095177947
"ZYQC_093","D4","ZYQC_093_D4","0","PRR/TLR/TNF/NF-kB signaling",-0.308721052801219
"ZYQC_093","D4","ZYQC_093_D4","0","Phagolysosome/autophagy",-0.260472003718868
"ZYQC_093","D4","ZYQC_093_D4","0","Type I interferon response",-0.484118572421844
"ZYQC_093","D4","ZYQC_093_D4","0","Ribosome biogenesis",0.177124175880806
"ZYQC_094","D4","ZYQC_094_D4","0","PRR/TLR/TNF/NF-kB signaling",0.274936552175922
"ZYQC_094","D4","ZYQC_094_D4","0","Phagolysosome/autophagy",0.32643718869269
"ZYQC_094","D4","ZYQC_094_D4","0","Type I interferon response",0.355625592117245
"ZYQC_094","D4","ZYQC_094_D4","0","Ribosome biogenesis",-0.653997331241906
"ZYQC_095","D4","ZYQC_095_D4","0","PRR/TLR/TNF/NF-kB signaling",0.486637382091934
"ZYQC_095","D4","ZYQC_095_D4","0","Phagolysosome/autophagy",0.417346049418878
"ZYQC_095","D4","ZYQC_095_D4","0","Type I interferon response",0.562188045735194
"ZYQC_095","D4","ZYQC_095_D4","0","Ribosome biogenesis",-0.596588366714627
"ZYQC_096","D4","ZYQC_096_D4","0","PRR/TLR/TNF/NF-kB signaling",0.330872128424275
"ZYQC_096","D4","ZYQC_096_D4","0","Phagolysosome/autophagy",0.353297254378287
"ZYQC_096","D4","ZYQC_096_D4","0","Type I interferon response",0.519969478659128
"ZYQC_096","D4","ZYQC_096_D4","0","Ribosome biogenesis",-0.555457917789222
"ZYQC_097","D4","ZYQC_097_D4","0","PRR/TLR/TNF/NF-kB signaling",-0.328102660469461
"ZYQC_097","D4","ZYQC_097_D4","0","Phagolysosome/autophagy",-0.0421118190407086
"ZYQC_097","D4","ZYQC_097_D4","0","Type I interferon response",-0.3194780942792
"ZYQC_097","D4","ZYQC_097_D4","0","Ribosome biogenesis",0.507463420951003
"ZYQC_098","D4","ZYQC_098_D4","1","PRR/TLR/TNF/NF-kB signaling",0.237376516020863
"ZYQC_098","D4","ZYQC_098_D4","1","Phagolysosome/autophagy",-0.058723439997373
"ZYQC_098","D4","ZYQC_098_D4","1","Type I interferon response",0.430480436459976
"ZYQC_098","D4","ZYQC_098_D4","1","Ribosome biogenesis",-0.500588764023345
"ZYQC_100","D4","ZYQC_100_D4","0","PRR/TLR/TNF/NF-kB signaling",-0.477940116544096
"ZYQC_100","D4","ZYQC_100_D4","0","Phagolysosome/autophagy",-0.398510764004304
"ZYQC_100","D4","ZYQC_100_D4","0","Type I interferon response",-0.54322882362425
"ZYQC_100","D4","ZYQC_100_D4","0","Ribosome biogenesis",-0.167066741619901
"ZYQC_101","D4","ZYQC_101_D4","0","PRR/TLR/TNF/NF-kB signaling",-0.101493661668214
"ZYQC_101","D4","ZYQC_101_D4","0","Phagolysosome/autophagy",-0.119850541921526
"ZYQC_101","D4","ZYQC_101_D4","0","Type I interferon response",-0.258751399774532
"ZYQC_101","D4","ZYQC_101_D4","0","Ribosome biogenesis",-0.486092906095317
"ZYQC_102","D4","ZYQC_102_D4","0","PRR/TLR/TNF/NF-kB signaling",-0.610244873719603
"ZYQC_102","D4","ZYQC_102_D4","0","Phagolysosome/autophagy",-0.612143388857382
"ZYQC_102","D4","ZYQC_102_D4","0","Type I interferon response",-0.590301856825852
"ZYQC_102","D4","ZYQC_102_D4","0","Ribosome biogenesis",0.669590141819097
"ZYQC_103","D4","ZYQC_103_D4","0","PRR/TLR/TNF/NF-kB signaling",0.130754409968237
"ZYQC_103","D4","ZYQC_103_D4","0","Phagolysosome/autophagy",-0.210380708719329
"ZYQC_103","D4","ZYQC_103_D4","0","Type I interferon response",0.479321889863166
"ZYQC_103","D4","ZYQC_103_D4","0","Ribosome biogenesis",-0.402961286984677
"ZYQC_104","D4","ZYQC_104_D4","0","PRR/TLR/TNF/NF-kB signaling",0.0686934464847522
"ZYQC_104","D4","ZYQC_104_D4","0","Phagolysosome/autophagy",0.157018360895884
"ZYQC_104","D4","ZYQC_104_D4","0","Type I interferon response",-0.309462681006577
"ZYQC_104","D4","ZYQC_104_D4","0","Ribosome biogenesis",-0.43958369909664
"ZYQC_105","D4","ZYQC_105_D4","0","PRR/TLR/TNF/NF-kB signaling",0.242074398822954
"ZYQC_105","D4","ZYQC_105_D4","0","Phagolysosome/autophagy",0.119494435607719
"ZYQC_105","D4","ZYQC_105_D4","0","Type I interferon response",0.386276550554825
"ZYQC_105","D4","ZYQC_105_D4","0","Ribosome biogenesis",-0.449555009859466
"ZYQC_106","D4","ZYQC_106_D4","0","PRR/TLR/TNF/NF-kB signaling",-0.472338523499482
"ZYQC_106","D4","ZYQC_106_D4","0","Phagolysosome/autophagy",-0.367475650987938
"ZYQC_106","D4","ZYQC_106_D4","0","Type I interferon response",-0.486487353271839
"ZYQC_106","D4","ZYQC_106_D4","0","Ribosome biogenesis",0.670533845133166
"ZYQC_108","D4","ZYQC_108_D4","0","PRR/TLR/TNF/NF-kB signaling",-0.462094752290385
"ZYQC_108","D4","ZYQC_108_D4","0","Phagolysosome/autophagy",-0.438277456401373
"ZYQC_108","D4","ZYQC_108_D4","0","Type I interferon response",-0.293502693137483
"ZYQC_108","D4","ZYQC_108_D4","0","Ribosome biogenesis",0.372549459731433
"ZYQC_109","D4","ZYQC_109_D4","0","PRR/TLR/TNF/NF-kB signaling",0.604387423676525
"ZYQC_109","D4","ZYQC_109_D4","0","Phagolysosome/autophagy",0.620440902781384
"ZYQC_109","D4","ZYQC_109_D4","0","Type I interferon response",0.616014591634895
"ZYQC_109","D4","ZYQC_109_D4","0","Ribosome biogenesis",-0.422205247418367
"ZYQC_110","D4","ZYQC_110_D4","1","PRR/TLR/TNF/NF-kB signaling",-0.586246982365158
"ZYQC_110","D4","ZYQC_110_D4","1","Phagolysosome/autophagy",-0.463084210517573
"ZYQC_110","D4","ZYQC_110_D4","1","Type I interferon response",-0.493419626634155
"ZYQC_110","D4","ZYQC_110_D4","1","Ribosome biogenesis",0.686022265983655
"ZYQC_111","D4","ZYQC_111_D4","0","PRR/TLR/TNF/NF-kB signaling",0.41756327692429
"ZYQC_111","D4","ZYQC_111_D4","0","Phagolysosome/autophagy",0.453691882832746
"ZYQC_111","D4","ZYQC_111_D4","0","Type I interferon response",0.600839118195007
"ZYQC_111","D4","ZYQC_111_D4","0","Ribosome biogenesis",-0.533989853464774
"ZYQC_112","D4","ZYQC_112_D4","0","PRR/TLR/TNF/NF-kB signaling",-0.635226920712806
"ZYQC_112","D4","ZYQC_112_D4","0","Phagolysosome/autophagy",-0.620993776121899
"ZYQC_112","D4","ZYQC_112_D4","0","Type I interferon response",-0.616279883033053
"ZYQC_112","D4","ZYQC_112_D4","0","Ribosome biogenesis",0.554225604204156
"ZYQC_113","D4","ZYQC_113_D4","0","PRR/TLR/TNF/NF-kB signaling",-0.45280695666069
"ZYQC_113","D4","ZYQC_113_D4","0","Phagolysosome/autophagy",-0.457311711531581
"ZYQC_113","D4","ZYQC_113_D4","0","Type I interferon response",-0.422462832852838
"ZYQC_113","D4","ZYQC_113_D4","0","Ribosome biogenesis",0.617338020499943
"ZYQC_114","D4","ZYQC_114_D4","0","PRR/TLR/TNF/NF-kB signaling",-0.515236230575396
"ZYQC_114","D4","ZYQC_114_D4","0","Phagolysosome/autophagy",-0.560786804517233
"ZYQC_114","D4","ZYQC_114_D4","0","Type I interferon response",-0.373566175814173
"ZYQC_114","D4","ZYQC_114_D4","0","Ribosome biogenesis",0.547331793603484
"ZYQC_115","D4","ZYQC_115_D4","0","PRR/TLR/TNF/NF-kB signaling",0.0436478939351798
"ZYQC_115","D4","ZYQC_115_D4","0","Phagolysosome/autophagy",0.170893197492987
"ZYQC_115","D4","ZYQC_115_D4","0","Type I interferon response",-0.157014516303092
"ZYQC_115","D4","ZYQC_115_D4","0","Ribosome biogenesis",0.171112037888707
"ZYQC_116","D4","ZYQC_116_D4","0","PRR/TLR/TNF/NF-kB signaling",-0.554771460130746
"ZYQC_116","D4","ZYQC_116_D4","0","Phagolysosome/autophagy",-0.553805780453501
"ZYQC_116","D4","ZYQC_116_D4","0","Type I interferon response",-0.493909620684436
"ZYQC_116","D4","ZYQC_116_D4","0","Ribosome biogenesis",0.179539886775551
"ZYQC_118","D4","ZYQC_118_D4","0","PRR/TLR/TNF/NF-kB signaling",-0.422218310677176
"ZYQC_118","D4","ZYQC_118_D4","0","Phagolysosome/autophagy",-0.275669585179226
"ZYQC_118","D4","ZYQC_118_D4","0","Type I interferon response",-0.341477085562272
"ZYQC_118","D4","ZYQC_118_D4","0","Ribosome biogenesis",-0.0572600734927678
"ZYQC_119","D4","ZYQC_119_D4","1","PRR/TLR/TNF/NF-kB signaling",0.648361684766562
"ZYQC_119","D4","ZYQC_119_D4","1","Phagolysosome/autophagy",0.652675986668692
"ZYQC_119","D4","ZYQC_119_D4","1","Type I interferon response",0.712034253396321
"ZYQC_119","D4","ZYQC_119_D4","1","Ribosome biogenesis",-0.65272824333708
"ZYQC_120","D4","ZYQC_120_D4","1","PRR/TLR/TNF/NF-kB signaling",0.404652147695801
"ZYQC_120","D4","ZYQC_120_D4","1","Phagolysosome/autophagy",0.493471750441515
"ZYQC_120","D4","ZYQC_120_D4","1","Type I interferon response",0.312280775413097
"ZYQC_120","D4","ZYQC_120_D4","1","Ribosome biogenesis",-0.622771579336352
"ZYQC_121","D4","ZYQC_121_D4","0","PRR/TLR/TNF/NF-kB signaling",-0.441556534464063
"ZYQC_121","D4","ZYQC_121_D4","0","Phagolysosome/autophagy",-0.495230069105624
"ZYQC_121","D4","ZYQC_121_D4","0","Type I interferon response",-0.38068588742042
"ZYQC_121","D4","ZYQC_121_D4","0","Ribosome biogenesis",-0.0188617755526271
"ZYQC_122","D4","ZYQC_122_D4","0","PRR/TLR/TNF/NF-kB signaling",-0.587525867555455
"ZYQC_122","D4","ZYQC_122_D4","0","Phagolysosome/autophagy",-0.614112373037074
"ZYQC_122","D4","ZYQC_122_D4","0","Type I interferon response",-0.267471367787554
"ZYQC_122","D4","ZYQC_122_D4","0","Ribosome biogenesis",0.630495530234171
"ZYQC_123","D4","ZYQC_123_D4","0","PRR/TLR/TNF/NF-kB signaling",0.307229806983258
"ZYQC_123","D4","ZYQC_123_D4","0","Phagolysosome/autophagy",0.460303066096473
"ZYQC_123","D4","ZYQC_123_D4","0","Type I interferon response",0.20685343201529
"ZYQC_123","D4","ZYQC_123_D4","0","Ribosome biogenesis",-0.57396271692642
"ZYQC_124","D4","ZYQC_124_D4","0","PRR/TLR/TNF/NF-kB signaling",-0.482448259034894
"ZYQC_124","D4","ZYQC_124_D4","0","Phagolysosome/autophagy",-0.505099994278902
"ZYQC_124","D4","ZYQC_124_D4","0","Type I interferon response",-0.221330754046412
"ZYQC_124","D4","ZYQC_124_D4","0","Ribosome biogenesis",0.625223970540285
"ZYQC_125","D4","ZYQC_125_D4","1","PRR/TLR/TNF/NF-kB signaling",-0.288422277931346
"ZYQC_125","D4","ZYQC_125_D4","1","Phagolysosome/autophagy",-0.345945991469676
"ZYQC_125","D4","ZYQC_125_D4","1","Type I interferon response",0.21951927910609
"ZYQC_125","D4","ZYQC_125_D4","1","Ribosome biogenesis",-0.105015128479113
"ZYQC_126","D4","ZYQC_126_D4","1","PRR/TLR/TNF/NF-kB signaling",0.499338155290501
"ZYQC_126","D4","ZYQC_126_D4","1","Phagolysosome/autophagy",0.504053398730481
"ZYQC_126","D4","ZYQC_126_D4","1","Type I interferon response",0.13033882832785
"ZYQC_126","D4","ZYQC_126_D4","1","Ribosome biogenesis",-0.665885673100524
"ZYQC_127","D4","ZYQC_127_D4","0","PRR/TLR/TNF/NF-kB signaling",-0.268857437339916
"ZYQC_127","D4","ZYQC_127_D4","0","Phagolysosome/autophagy",-0.246435200629234
"ZYQC_127","D4","ZYQC_127_D4","0","Type I interferon response",0.0944734830924259
"ZYQC_127","D4","ZYQC_127_D4","0","Ribosome biogenesis",0.199751503424731
"ZYQC_128","D4","ZYQC_128_D4","0","PRR/TLR/TNF/NF-kB signaling",-0.48933760815318
"ZYQC_128","D4","ZYQC_128_D4","0","Phagolysosome/autophagy",-0.462308316489446
"ZYQC_128","D4","ZYQC_128_D4","0","Type I interferon response",-0.203223668656217
"ZYQC_128","D4","ZYQC_128_D4","0","Ribosome biogenesis",0.43693070504565
"ZYQC_132","D4","ZYQC_132_D4","0","PRR/TLR/TNF/NF-kB signaling",-0.486611667011972
"ZYQC_132","D4","ZYQC_132_D4","0","Phagolysosome/autophagy",-0.427039666293835
"ZYQC_132","D4","ZYQC_132_D4","0","Type I interferon response",-0.521096249480064
"ZYQC_132","D4","ZYQC_132_D4","0","Ribosome biogenesis",0.566415439714211
"ZYQC_133","D4","ZYQC_133_D4","1","PRR/TLR/TNF/NF-kB signaling",0.506714887307428
"ZYQC_133","D4","ZYQC_133_D4","1","Phagolysosome/autophagy",0.371799189739632
"ZYQC_133","D4","ZYQC_133_D4","1","Type I interferon response",0.56350578412481
"ZYQC_133","D4","ZYQC_133_D4","1","Ribosome biogenesis",-0.470739224861229
"ZYQC_134","D4","ZYQC_134_D4","0","PRR/TLR/TNF/NF-kB signaling",-0.544756889796114
"ZYQC_134","D4","ZYQC_134_D4","0","Phagolysosome/autophagy",-0.551355064120846
"ZYQC_134","D4","ZYQC_134_D4","0","Type I interferon response",-0.60224169492426
"ZYQC_134","D4","ZYQC_134_D4","0","Ribosome biogenesis",0.512439741698227
"ZYQC_135","D4","ZYQC_135_D4","0","PRR/TLR/TNF/NF-kB signaling",0.38695402773165
"ZYQC_135","D4","ZYQC_135_D4","0","Phagolysosome/autophagy",0.346489986635742
"ZYQC_135","D4","ZYQC_135_D4","0","Type I interferon response",0.388228030942603
"ZYQC_135","D4","ZYQC_135_D4","0","Ribosome biogenesis",0.0285107739497765
"ZYQC_136","D4","ZYQC_136_D4","1","PRR/TLR/TNF/NF-kB signaling",0.261285683774615
"ZYQC_136","D4","ZYQC_136_D4","1","Phagolysosome/autophagy",0.319402514330279
"ZYQC_136","D4","ZYQC_136_D4","1","Type I interferon response",-0.278738859498244
"ZYQC_136","D4","ZYQC_136_D4","1","Ribosome biogenesis",-0.597968270368822
"ZYQC_143","D4","ZYQC_143_D4","1","PRR/TLR/TNF/NF-kB signaling",0.614277430294949
"ZYQC_143","D4","ZYQC_143_D4","1","Phagolysosome/autophagy",0.637973272773122
"ZYQC_143","D4","ZYQC_143_D4","1","Type I interferon response",0.585696162924195
"ZYQC_143","D4","ZYQC_143_D4","1","Ribosome biogenesis",-0.627692675442295
"ZYYH_039","D4","ZYYH_039_D4","0","PRR/TLR/TNF/NF-kB signaling",-0.203532808099991
"ZYYH_039","D4","ZYYH_039_D4","0","Phagolysosome/autophagy",-0.434732547243962
"ZYYH_039","D4","ZYYH_039_D4","0","Type I interferon response",0.300945652890258
"ZYYH_039","D4","ZYYH_039_D4","0","Ribosome biogenesis",0.425603957459366
"ZYYH_040","D4","ZYYH_040_D4","0","PRR/TLR/TNF/NF-kB signaling",-0.606738275147709
"ZYYH_040","D4","ZYYH_040_D4","0","Phagolysosome/autophagy",-0.597423263306919
"ZYYH_040","D4","ZYYH_040_D4","0","Type I interferon response",-0.621902703942189
"ZYYH_040","D4","ZYYH_040_D4","0","Ribosome biogenesis",0.516859184950615
"ZYYH_041","D4","ZYYH_041_D4","0","PRR/TLR/TNF/NF-kB signaling",-0.603469880800817
"ZYYH_041","D4","ZYYH_041_D4","0","Phagolysosome/autophagy",-0.628607917491571
"ZYYH_041","D4","ZYYH_041_D4","0","Type I interferon response",-0.488020665975552
"ZYYH_041","D4","ZYYH_041_D4","0","Ribosome biogenesis",0.609417912704421
"ZYYH_044","D4","ZYYH_044_D4","0","PRR/TLR/TNF/NF-kB signaling",-0.533113914338159
"ZYYH_044","D4","ZYYH_044_D4","0","Phagolysosome/autophagy",-0.498046173185242
"ZYYH_044","D4","ZYYH_044_D4","0","Type I interferon response",-0.388779871218947
"ZYYH_044","D4","ZYYH_044_D4","0","Ribosome biogenesis",0.352674996481777
"ZYYH_046","D4","ZYYH_046_D4","0","PRR/TLR/TNF/NF-kB signaling",0.487216487755795
"ZYYH_046","D4","ZYYH_046_D4","0","Phagolysosome/autophagy",0.369433026636897
"ZYYH_046","D4","ZYYH_046_D4","0","Type I interferon response",0.644447162045036
"ZYYH_046","D4","ZYYH_046_D4","0","Ribosome biogenesis",-0.227041316678198
"ZYYH_047","D4","ZYYH_047_D4","0","PRR/TLR/TNF/NF-kB signaling",-0.0437670955582476
"ZYYH_047","D4","ZYYH_047_D4","0","Phagolysosome/autophagy",-0.0236403778265377
"ZYYH_047","D4","ZYYH_047_D4","0","Type I interferon response",-0.129112486082515
"ZYYH_047","D4","ZYYH_047_D4","0","Ribosome biogenesis",0.528630135027355
"ZYYH_048","D4","ZYYH_048_D4","0","PRR/TLR/TNF/NF-kB signaling",0.547607161835591
"ZYYH_048","D4","ZYYH_048_D4","0","Phagolysosome/autophagy",0.538942253502426
"ZYYH_048","D4","ZYYH_048_D4","0","Type I interferon response",0.48416680399693
"ZYYH_048","D4","ZYYH_048_D4","0","Ribosome biogenesis",-0.482529734293099
"ZYYH_049","D4","ZYYH_049_D4","0","PRR/TLR/TNF/NF-kB signaling",0.0523774254686479
"ZYYH_049","D4","ZYYH_049_D4","0","Phagolysosome/autophagy",0.0529829992903433
"ZYYH_049","D4","ZYYH_049_D4","0","Type I interferon response",-0.0283148748630163
"ZYYH_049","D4","ZYYH_049_D4","0","Ribosome biogenesis",-0.287755568539578
"ZYYH_050","D4","ZYYH_050_D4","0","PRR/TLR/TNF/NF-kB signaling",0.463143970467571
"ZYYH_050","D4","ZYYH_050_D4","0","Phagolysosome/autophagy",0.265465064943865
"ZYYH_050","D4","ZYYH_050_D4","0","Type I interferon response",0.641991113245995
"ZYYH_050","D4","ZYYH_050_D4","0","Ribosome biogenesis",0.0704272754777115
"ZYYH_051","D4","ZYYH_051_D4","0","PRR/TLR/TNF/NF-kB signaling",-0.382505222877754
"ZYYH_051","D4","ZYYH_051_D4","0","Phagolysosome/autophagy",-0.372210462773232
"ZYYH_051","D4","ZYYH_051_D4","0","Type I interferon response",-0.305289933858582
"ZYYH_051","D4","ZYYH_051_D4","0","Ribosome biogenesis",-0.118364291600685
"ZYYH_053","D4","ZYYH_053_D4","0","PRR/TLR/TNF/NF-kB signaling",-0.587252259105739
"ZYYH_053","D4","ZYYH_053_D4","0","Phagolysosome/autophagy",-0.665454462804874
"ZYYH_053","D4","ZYYH_053_D4","0","Type I interferon response",-0.512189753553288
"ZYYH_053","D4","ZYYH_053_D4","0","Ribosome biogenesis",0.550044314158906
"ZYYH_055","D4","ZYYH_055_D4","0","PRR/TLR/TNF/NF-kB signaling",-0.15963009471516
"ZYYH_055","D4","ZYYH_055_D4","0","Phagolysosome/autophagy",-0.351508758337731
"ZYYH_055","D4","ZYYH_055_D4","0","Type I interferon response",0.319051111895102
"ZYYH_055","D4","ZYYH_055_D4","0","Ribosome biogenesis",0.141251479473852
"ZYYH_056","D4","ZYYH_056_D4","0","PRR/TLR/TNF/NF-kB signaling",0.56690877562869
"ZYYH_056","D4","ZYYH_056_D4","0","Phagolysosome/autophagy",0.555706909538043
"ZYYH_056","D4","ZYYH_056_D4","0","Type I interferon response",0.667239928656583
"ZYYH_056","D4","ZYYH_056_D4","0","Ribosome biogenesis",-0.642268333330577
"ZYYH_057","D4","ZYYH_057_D4","0","PRR/TLR/TNF/NF-kB signaling",0.127383007220003
"ZYYH_057","D4","ZYYH_057_D4","0","Phagolysosome/autophagy",0.0292533197951046
"ZYYH_057","D4","ZYYH_057_D4","0","Type I interferon response",0.0318879213336105
"ZYYH_057","D4","ZYYH_057_D4","0","Ribosome biogenesis",-0.0181278286316952
"ZYYH_058","D4","ZYYH_058_D4","1","PRR/TLR/TNF/NF-kB signaling",0.604491675386488
"ZYYH_058","D4","ZYYH_058_D4","1","Phagolysosome/autophagy",0.585290283033375
"ZYYH_058","D4","ZYYH_058_D4","1","Type I interferon response",0.697052735276611
"ZYYH_058","D4","ZYYH_058_D4","1","Ribosome biogenesis",-0.686721230660707
"ZYYH_060","D4","ZYYH_060_D4","0","PRR/TLR/TNF/NF-kB signaling",0.441650628177596
"ZYYH_060","D4","ZYYH_060_D4","0","Phagolysosome/autophagy",0.470874074132892
"ZYYH_060","D4","ZYYH_060_D4","0","Type I interferon response",0.418570190955106
"ZYYH_060","D4","ZYYH_060_D4","0","Ribosome biogenesis",-0.515777411252078
"ZYYH_061","D4","ZYYH_061_D4","1","PRR/TLR/TNF/NF-kB signaling",0.310724385635734
"ZYYH_061","D4","ZYYH_061_D4","1","Phagolysosome/autophagy",0.145905878681416
"ZYYH_061","D4","ZYYH_061_D4","1","Type I interferon response",0.55092222446895
"ZYYH_061","D4","ZYYH_061_D4","1","Ribosome biogenesis",-0.552292518982875
"ZYYH_062","D4","ZYYH_062_D4","0","PRR/TLR/TNF/NF-kB signaling",-0.285151299394705
"ZYYH_062","D4","ZYYH_062_D4","0","Phagolysosome/autophagy",-0.212411454561254
"ZYYH_062","D4","ZYYH_062_D4","0","Type I interferon response",-0.390588482310468
"ZYYH_062","D4","ZYYH_062_D4","0","Ribosome biogenesis",-0.142994773072845
"ZYYH_063","D4","ZYYH_063_D4","0","PRR/TLR/TNF/NF-kB signaling",-0.399162342647641
"ZYYH_063","D4","ZYYH_063_D4","0","Phagolysosome/autophagy",-0.438020515692682
"ZYYH_063","D4","ZYYH_063_D4","0","Type I interferon response",-0.307623748404943
"ZYYH_063","D4","ZYYH_063_D4","0","Ribosome biogenesis",0.127344017942616
"ZYYH_065","D4","ZYYH_065_D4","0","PRR/TLR/TNF/NF-kB signaling",0.236344573806099
"ZYYH_065","D4","ZYYH_065_D4","0","Phagolysosome/autophagy",0.402691898301933
"ZYYH_065","D4","ZYYH_065_D4","0","Type I interferon response",-0.0221983099624749
"ZYYH_065","D4","ZYYH_065_D4","0","Ribosome biogenesis",-0.316363398327894
"ZYYH_066","D4","ZYYH_066_D4","0","PRR/TLR/TNF/NF-kB signaling",-0.37066354598903
"ZYYH_066","D4","ZYYH_066_D4","0","Phagolysosome/autophagy",-0.305360886697633
"ZYYH_066","D4","ZYYH_066_D4","0","Type I interferon response",-0.455982542847122
"ZYYH_066","D4","ZYYH_066_D4","0","Ribosome biogenesis",0.154115919024123
"ZYYH_067","D4","ZYYH_067_D4","0","PRR/TLR/TNF/NF-kB signaling",0.409582459325784
"ZYYH_067","D4","ZYYH_067_D4","0","Phagolysosome/autophagy",0.371828718122243
"ZYYH_067","D4","ZYYH_067_D4","0","Type I interferon response",0.404721235819389
"ZYYH_067","D4","ZYYH_067_D4","0","Ribosome biogenesis",-0.509362044907058
"ZYYH_069","D4","ZYYH_069_D4","0","PRR/TLR/TNF/NF-kB signaling",-0.226857300031207
"ZYYH_069","D4","ZYYH_069_D4","0","Phagolysosome/autophagy",-0.186078623255498
"ZYYH_069","D4","ZYYH_069_D4","0","Type I interferon response",-0.286180713973592
"ZYYH_069","D4","ZYYH_069_D4","0","Ribosome biogenesis",-0.401561253123461
"ZYYH_070","D4","ZYYH_070_D4","1","PRR/TLR/TNF/NF-kB signaling",-0.250820794253723
"ZYYH_070","D4","ZYYH_070_D4","1","Phagolysosome/autophagy",-0.3366538670374
"ZYYH_070","D4","ZYYH_070_D4","1","Type I interferon response",-0.369434512772042
"ZYYH_070","D4","ZYYH_070_D4","1","Ribosome biogenesis",0.394670424433953
"ZYYH_071","D4","ZYYH_071_D4","1","PRR/TLR/TNF/NF-kB signaling",-0.565720913259349
"ZYYH_071","D4","ZYYH_071_D4","1","Phagolysosome/autophagy",-0.595023728343385
"ZYYH_071","D4","ZYYH_071_D4","1","Type I interferon response",-0.527029016416875
"ZYYH_071","D4","ZYYH_071_D4","1","Ribosome biogenesis",0.570370343483852
"ZYYH_072","D4","ZYYH_072_D4","1","PRR/TLR/TNF/NF-kB signaling",-0.140845966612628
"ZYYH_072","D4","ZYYH_072_D4","1","Phagolysosome/autophagy",0.156845052866449
"ZYYH_072","D4","ZYYH_072_D4","1","Type I interferon response",-0.301250098870438
"ZYYH_072","D4","ZYYH_072_D4","1","Ribosome biogenesis",-0.0653740714663682
"ZYYH_073","D4","ZYYH_073_D4","0","PRR/TLR/TNF/NF-kB signaling",-0.631972391816068
"ZYYH_073","D4","ZYYH_073_D4","0","Phagolysosome/autophagy",-0.65627246649126
"ZYYH_073","D4","ZYYH_073_D4","0","Type I interferon response",-0.552089980875444
"ZYYH_073","D4","ZYYH_073_D4","0","Ribosome biogenesis",0.412715642848478
"ZYYH_074","D4","ZYYH_074_D4","0","PRR/TLR/TNF/NF-kB signaling",0.246889779952671
"ZYYH_074","D4","ZYYH_074_D4","0","Phagolysosome/autophagy",0.283696795284825
"ZYYH_074","D4","ZYYH_074_D4","0","Type I interferon response",0.16577301631903
"ZYYH_074","D4","ZYYH_074_D4","0","Ribosome biogenesis",-0.0744211463717404
"ZYYH_077","D4","ZYYH_077_D4","1","PRR/TLR/TNF/NF-kB signaling",0.177136407839145
"ZYYH_077","D4","ZYYH_077_D4","1","Phagolysosome/autophagy",0.102827849267003
"ZYYH_077","D4","ZYYH_077_D4","1","Type I interferon response",0.140824279673173
"ZYYH_077","D4","ZYYH_077_D4","1","Ribosome biogenesis",-0.0929117561688156
"ZZRM_074","D4","ZZRM_074_D4","1","PRR/TLR/TNF/NF-kB signaling",0.276422885487309
"ZZRM_074","D4","ZZRM_074_D4","1","Phagolysosome/autophagy",0.470326449560974
"ZZRM_074","D4","ZZRM_074_D4","1","Type I interferon response",0.328212391853938
"ZZRM_074","D4","ZZRM_074_D4","1","Ribosome biogenesis",-0.582686245156573
"ZZRM_079","D4","ZZRM_079_D4","1","PRR/TLR/TNF/NF-kB signaling",0.18968118850652
"ZZRM_079","D4","ZZRM_079_D4","1","Phagolysosome/autophagy",0.0208312462818013
"ZZRM_079","D4","ZZRM_079_D4","1","Type I interferon response",0.0855061310376375
"ZZRM_079","D4","ZZRM_079_D4","1","Ribosome biogenesis",0.450648464856596
"ZZRM_089","D4","ZZRM_089_D4","1","PRR/TLR/TNF/NF-kB signaling",-0.246878050837835
"ZZRM_089","D4","ZZRM_089_D4","1","Phagolysosome/autophagy",-0.283626094681254
"ZZRM_089","D4","ZZRM_089_D4","1","Type I interferon response",-0.440871687115428
"ZZRM_089","D4","ZZRM_089_D4","1","Ribosome biogenesis",0.468673553638463
"ZZRM_093","D4","ZZRM_093_D4","1","PRR/TLR/TNF/NF-kB signaling",-0.442551081858209
"ZZRM_093","D4","ZZRM_093_D4","1","Phagolysosome/autophagy",-0.443729441117543
"ZZRM_093","D4","ZZRM_093_D4","1","Type I interferon response",-0.524989230969459
"ZZRM_093","D4","ZZRM_093_D4","1","Ribosome biogenesis",0.257248432290532
"ZZRM_096","D4","ZZRM_096_D4","1","PRR/TLR/TNF/NF-kB signaling",0.395936255562491
"ZZRM_096","D4","ZZRM_096_D4","1","Phagolysosome/autophagy",0.483754082976688
"ZZRM_096","D4","ZZRM_096_D4","1","Type I interferon response",0.0879498232569325
"ZZRM_096","D4","ZZRM_096_D4","1","Ribosome biogenesis",-0.435771734988994
"ZZRM_097","D4","ZZRM_097_D4","0","PRR/TLR/TNF/NF-kB signaling",-0.396378964211457
"ZZRM_097","D4","ZZRM_097_D4","0","Phagolysosome/autophagy",-0.483532970058354
"ZZRM_097","D4","ZZRM_097_D4","0","Type I interferon response",-0.433675671149472
"ZZRM_097","D4","ZZRM_097_D4","0","Ribosome biogenesis",0.403630383681218
"ZZRM_101","D4","ZZRM_101_D4","0","PRR/TLR/TNF/NF-kB signaling",0.47164860051524
"ZZRM_101","D4","ZZRM_101_D4","0","Phagolysosome/autophagy",0.482669109597398
"ZZRM_101","D4","ZZRM_101_D4","0","Type I interferon response",0.294180655620651
"ZZRM_101","D4","ZZRM_101_D4","0","Ribosome biogenesis",-0.406276373853361
"ZZRM_102","D4","ZZRM_102_D4","1","PRR/TLR/TNF/NF-kB signaling",-0.113997526001711
"ZZRM_102","D4","ZZRM_102_D4","1","Phagolysosome/autophagy",-0.293161859513614
"ZZRM_102","D4","ZZRM_102_D4","1","Type I interferon response",0.152798047432143
"ZZRM_102","D4","ZZRM_102_D4","1","Ribosome biogenesis",0.314929045783469
"ZZRM_103","D4","ZZRM_103_D4","1","PRR/TLR/TNF/NF-kB signaling",0.244182206650459
"ZZRM_103","D4","ZZRM_103_D4","1","Phagolysosome/autophagy",0.206150040401738
"ZZRM_103","D4","ZZRM_103_D4","1","Type I interferon response",0.25418250518932
"ZZRM_103","D4","ZZRM_103_D4","1","Ribosome biogenesis",-0.598269621190544
"ZZRM_104","D4","ZZRM_104_D4","0","PRR/TLR/TNF/NF-kB signaling",-0.367004298731262
"ZZRM_104","D4","ZZRM_104_D4","0","Phagolysosome/autophagy",-0.324085660701118
"ZZRM_104","D4","ZZRM_104_D4","0","Type I interferon response",-0.297502726114196
"ZZRM_104","D4","ZZRM_104_D4","0","Ribosome biogenesis",-0.098454863700754
"ZZRM_105","D4","ZZRM_105_D4","1","PRR/TLR/TNF/NF-kB signaling",0.333606237652554
"ZZRM_105","D4","ZZRM_105_D4","1","Phagolysosome/autophagy",0.363918915665611
"ZZRM_105","D4","ZZRM_105_D4","1","Type I interferon response",0.0580756105808041
"ZZRM_105","D4","ZZRM_105_D4","1","Ribosome biogenesis",-0.155599421257668
"ZZRM_108","D4","ZZRM_108_D4","1","PRR/TLR/TNF/NF-kB signaling",-0.225628420814757
"ZZRM_108","D4","ZZRM_108_D4","1","Phagolysosome/autophagy",-0.398524487797658
"ZZRM_108","D4","ZZRM_108_D4","1","Type I interferon response",-0.343653562266626
"ZZRM_108","D4","ZZRM_108_D4","1","Ribosome biogenesis",0.436051136892235
"ZZRM_109","D4","ZZRM_109_D4","0","PRR/TLR/TNF/NF-kB signaling",-0.449790120733117
"ZZRM_109","D4","ZZRM_109_D4","0","Phagolysosome/autophagy",-0.323051066210465
"ZZRM_109","D4","ZZRM_109_D4","0","Type I interferon response",-0.500761788917907
"ZZRM_109","D4","ZZRM_109_D4","0","Ribosome biogenesis",0.600730004375544
"ZZRM_111","D4","ZZRM_111_D4","0","PRR/TLR/TNF/NF-kB signaling",-0.168732763282833
"ZZRM_111","D4","ZZRM_111_D4","0","Phagolysosome/autophagy",-0.224194908339455
"ZZRM_111","D4","ZZRM_111_D4","0","Type I interferon response",-0.0842922668969722
"ZZRM_111","D4","ZZRM_111_D4","0","Ribosome biogenesis",0.435675924620865
"ZZRM_115","D4","ZZRM_115_D4","1","PRR/TLR/TNF/NF-kB signaling",-0.359055952809605
"ZZRM_115","D4","ZZRM_115_D4","1","Phagolysosome/autophagy",-0.301002987509961
"ZZRM_115","D4","ZZRM_115_D4","1","Type I interferon response",-0.364607519175852
"ZZRM_115","D4","ZZRM_115_D4","1","Ribosome biogenesis",0.431324813491084
"HNSR_024","D7","HNSR_024_D7","0","PRR/TLR/TNF/NF-kB signaling",-0.176391812130854
"HNSR_024","D7","HNSR_024_D7","0","Phagolysosome/autophagy",0.0647743797113237
"HNSR_024","D7","HNSR_024_D7","0","Type I interferon response",0.0667102432853996
"HNSR_024","D7","HNSR_024_D7","0","Ribosome biogenesis",0.205078954831259
"HNSR_026","D7","HNSR_026_D7","0","PRR/TLR/TNF/NF-kB signaling",0.425122832077391
"HNSR_026","D7","HNSR_026_D7","0","Phagolysosome/autophagy",0.420737107713878
"HNSR_026","D7","HNSR_026_D7","0","Type I interferon response",0.428752883881811
"HNSR_026","D7","HNSR_026_D7","0","Ribosome biogenesis",-0.128931671988155
"HNSR_027","D7","HNSR_027_D7","0","PRR/TLR/TNF/NF-kB signaling",-0.144843604594309
"HNSR_027","D7","HNSR_027_D7","0","Phagolysosome/autophagy",-0.157313099521967
"HNSR_027","D7","HNSR_027_D7","0","Type I interferon response",-0.342538852392943
"HNSR_027","D7","HNSR_027_D7","0","Ribosome biogenesis",0.393600915050524
"HNSR_031","D7","HNSR_031_D7","0","PRR/TLR/TNF/NF-kB signaling",-0.148352294393369
"HNSR_031","D7","HNSR_031_D7","0","Phagolysosome/autophagy",0.0593255315570007
"HNSR_031","D7","HNSR_031_D7","0","Type I interferon response",-0.216288489359315
"HNSR_031","D7","HNSR_031_D7","0","Ribosome biogenesis",0.575475158355754
"HNSR_032","D7","HNSR_032_D7","0","PRR/TLR/TNF/NF-kB signaling",-0.298023294834863
"HNSR_032","D7","HNSR_032_D7","0","Phagolysosome/autophagy",-0.368380268530522
"HNSR_032","D7","HNSR_032_D7","0","Type I interferon response",-0.18425752782149
"HNSR_032","D7","HNSR_032_D7","0","Ribosome biogenesis",0.634149417001204
"HNSR_038","D7","HNSR_038_D7","1","PRR/TLR/TNF/NF-kB signaling",0.658214418935636
"HNSR_038","D7","HNSR_038_D7","1","Phagolysosome/autophagy",0.642230286018694
"HNSR_038","D7","HNSR_038_D7","1","Type I interferon response",0.673403790264337
"HNSR_038","D7","HNSR_038_D7","1","Ribosome biogenesis",-0.721560870670703
"HNSR_044","D7","HNSR_044_D7","0","PRR/TLR/TNF/NF-kB signaling",0.00703274599459025
"HNSR_044","D7","HNSR_044_D7","0","Phagolysosome/autophagy",0.105637424221353
"HNSR_044","D7","HNSR_044_D7","0","Type I interferon response",-0.0983545403997081
"HNSR_044","D7","HNSR_044_D7","0","Ribosome biogenesis",-0.155761975703565
"HNSR_051","D7","HNSR_051_D7","0","PRR/TLR/TNF/NF-kB signaling",0.190883889334935
"HNSR_051","D7","HNSR_051_D7","0","Phagolysosome/autophagy",0.266113465122701
"HNSR_051","D7","HNSR_051_D7","0","Type I interferon response",-0.105767301110549
"HNSR_051","D7","HNSR_051_D7","0","Ribosome biogenesis",-0.439192201554242
"HNSR_053","D7","HNSR_053_D7","0","PRR/TLR/TNF/NF-kB signaling",0.585034886317399
"HNSR_053","D7","HNSR_053_D7","0","Phagolysosome/autophagy",0.626080874924946
"HNSR_053","D7","HNSR_053_D7","0","Type I interferon response",0.47019435142937
"HNSR_053","D7","HNSR_053_D7","0","Ribosome biogenesis",-0.614683193401846
"HNSR_054","D7","HNSR_054_D7","0","PRR/TLR/TNF/NF-kB signaling",0.270507953598717
"HNSR_054","D7","HNSR_054_D7","0","Phagolysosome/autophagy",0.187133342189397
"HNSR_054","D7","HNSR_054_D7","0","Type I interferon response",0.417962460500194
"HNSR_054","D7","HNSR_054_D7","0","Ribosome biogenesis",-0.43061181921187
"HNSR_056","D7","HNSR_056_D7","1","PRR/TLR/TNF/NF-kB signaling",0.19441708939916
"HNSR_056","D7","HNSR_056_D7","1","Phagolysosome/autophagy",0.15633607983525
"HNSR_056","D7","HNSR_056_D7","1","Type I interferon response",0.334642027450357
"HNSR_056","D7","HNSR_056_D7","1","Ribosome biogenesis",0.13484415846567
"HNSR_060","D7","HNSR_060_D7","0","PRR/TLR/TNF/NF-kB signaling",-0.160258175900904
"HNSR_060","D7","HNSR_060_D7","0","Phagolysosome/autophagy",0.0123174284907264
"HNSR_060","D7","HNSR_060_D7","0","Type I interferon response",-0.327475189011522
"HNSR_060","D7","HNSR_060_D7","0","Ribosome biogenesis",0.0979467419094821
"HNSR_061","D7","HNSR_061_D7","0","PRR/TLR/TNF/NF-kB signaling",-0.106231973454756
"HNSR_061","D7","HNSR_061_D7","0","Phagolysosome/autophagy",-0.302986686216879
"HNSR_061","D7","HNSR_061_D7","0","Type I interferon response",0.278716938553034
"HNSR_061","D7","HNSR_061_D7","0","Ribosome biogenesis",0.0980998427696972
"HNSR_063","D7","HNSR_063_D7","0","PRR/TLR/TNF/NF-kB signaling",0.620714432912849
"HNSR_063","D7","HNSR_063_D7","0","Phagolysosome/autophagy",0.62603658059583
"HNSR_063","D7","HNSR_063_D7","0","Type I interferon response",0.559337877766046
"HNSR_063","D7","HNSR_063_D7","0","Ribosome biogenesis",-0.557065185002138
"HZSY_001","D7","HZSY_001_D7","0","PRR/TLR/TNF/NF-kB signaling",0.0943852501773058
"HZSY_001","D7","HZSY_001_D7","0","Phagolysosome/autophagy",0.232593437603009
"HZSY_001","D7","HZSY_001_D7","0","Type I interferon response",-0.2128547085511
"HZSY_001","D7","HZSY_001_D7","0","Ribosome biogenesis",-0.0108582142438025
"HZSY_002","D7","HZSY_002_D7","0","PRR/TLR/TNF/NF-kB signaling",0.446628858632086
"HZSY_002","D7","HZSY_002_D7","0","Phagolysosome/autophagy",0.444375773226495
"HZSY_002","D7","HZSY_002_D7","0","Type I interferon response",0.424354031283908
"HZSY_002","D7","HZSY_002_D7","0","Ribosome biogenesis",-0.53896562456286
"HZSY_003","D7","HZSY_003_D7","0","PRR/TLR/TNF/NF-kB signaling",-0.381166422820719
"HZSY_003","D7","HZSY_003_D7","0","Phagolysosome/autophagy",-0.437800065941845
"HZSY_003","D7","HZSY_003_D7","0","Type I interferon response",0.0719034496804404
"HZSY_003","D7","HZSY_003_D7","0","Ribosome biogenesis",-0.0711340651645896
"HZSY_004","D7","HZSY_004_D7","1","PRR/TLR/TNF/NF-kB signaling",-0.505090079131994
"HZSY_004","D7","HZSY_004_D7","1","Phagolysosome/autophagy",-0.471510489813748
"HZSY_004","D7","HZSY_004_D7","1","Type I interferon response",-0.495915841054479
"HZSY_004","D7","HZSY_004_D7","1","Ribosome biogenesis",0.63054019860224
"HZSY_005","D7","HZSY_005_D7","0","PRR/TLR/TNF/NF-kB signaling",0.218275283298021
"HZSY_005","D7","HZSY_005_D7","0","Phagolysosome/autophagy",0.430021070303041
"HZSY_005","D7","HZSY_005_D7","0","Type I interferon response",0.413351300846782
"HZSY_005","D7","HZSY_005_D7","0","Ribosome biogenesis",-0.587186649118684
"HZSY_019","D7","HZSY_019_D7","1","PRR/TLR/TNF/NF-kB signaling",-0.612102939005257
"HZSY_019","D7","HZSY_019_D7","1","Phagolysosome/autophagy",-0.65056928781325
"HZSY_019","D7","HZSY_019_D7","1","Type I interferon response",-0.486316464405458
"HZSY_019","D7","HZSY_019_D7","1","Ribosome biogenesis",0.21688669632691
"HZSY_022","D7","HZSY_022_D7","0","PRR/TLR/TNF/NF-kB signaling",-0.324449875251223
"HZSY_022","D7","HZSY_022_D7","0","Phagolysosome/autophagy",-0.454099430884186
"HZSY_022","D7","HZSY_022_D7","0","Type I interferon response",0.248717414931553
"HZSY_022","D7","HZSY_022_D7","0","Ribosome biogenesis",0.575218384983405
"HZSY_023","D7","HZSY_023_D7","1","PRR/TLR/TNF/NF-kB signaling",0.554064453383853
"HZSY_023","D7","HZSY_023_D7","1","Phagolysosome/autophagy",0.525950592580642
"HZSY_023","D7","HZSY_023_D7","1","Type I interferon response",0.386970800963121
"HZSY_023","D7","HZSY_023_D7","1","Ribosome biogenesis",-0.283546299559425
"JXSY_023","D7","JXSY_023_D7","1","PRR/TLR/TNF/NF-kB signaling",0.527524177975893
"JXSY_023","D7","JXSY_023_D7","1","Phagolysosome/autophagy",0.506270719864605
"JXSY_023","D7","JXSY_023_D7","1","Type I interferon response",0.648449428506877
"JXSY_023","D7","JXSY_023_D7","1","Ribosome biogenesis",0.25616511434363
"JXSY_031","D7","JXSY_031_D7","0","PRR/TLR/TNF/NF-kB signaling",-0.245851335628974
"JXSY_031","D7","JXSY_031_D7","0","Phagolysosome/autophagy",-0.193339188032103
"JXSY_031","D7","JXSY_031_D7","0","Type I interferon response",-0.320601767171895
"JXSY_031","D7","JXSY_031_D7","0","Ribosome biogenesis",-0.288827366721293
"JXSY_036","D7","JXSY_036_D7","0","PRR/TLR/TNF/NF-kB signaling",-0.349105977341884
"JXSY_036","D7","JXSY_036_D7","0","Phagolysosome/autophagy",-0.322149035364624
"JXSY_036","D7","JXSY_036_D7","0","Type I interferon response",-0.347997832499864
"JXSY_036","D7","JXSY_036_D7","0","Ribosome biogenesis",0.501985127407263
"JXSY_039","D7","JXSY_039_D7","0","PRR/TLR/TNF/NF-kB signaling",-0.579807711573355
"JXSY_039","D7","JXSY_039_D7","0","Phagolysosome/autophagy",-0.562881564432345
"JXSY_039","D7","JXSY_039_D7","0","Type I interferon response",-0.68119465159278
"JXSY_039","D7","JXSY_039_D7","0","Ribosome biogenesis",0.644003420170274
"JXSY_041","D7","JXSY_041_D7","1","PRR/TLR/TNF/NF-kB signaling",0.472432306749384
"JXSY_041","D7","JXSY_041_D7","1","Phagolysosome/autophagy",0.380770328932944
"JXSY_041","D7","JXSY_041_D7","1","Type I interferon response",0.550371353630421
"JXSY_041","D7","JXSY_041_D7","1","Ribosome biogenesis",-0.423258553993787
"JXSY_042","D7","JXSY_042_D7","1","PRR/TLR/TNF/NF-kB signaling",0.482140474509579
"JXSY_042","D7","JXSY_042_D7","1","Phagolysosome/autophagy",0.51015438390646
"JXSY_042","D7","JXSY_042_D7","1","Type I interferon response",0.42969969472317
"JXSY_042","D7","JXSY_042_D7","1","Ribosome biogenesis",-0.584402219321157
"JXSY_051","D7","JXSY_051_D7","1","PRR/TLR/TNF/NF-kB signaling",0.539990372463059
"JXSY_051","D7","JXSY_051_D7","1","Phagolysosome/autophagy",0.423427793108256
"JXSY_051","D7","JXSY_051_D7","1","Type I interferon response",0.531085942560451
"JXSY_051","D7","JXSY_051_D7","1","Ribosome biogenesis",-0.319047520052818
"JXSY_052","D7","JXSY_052_D7","0","PRR/TLR/TNF/NF-kB signaling",-0.114106382669686
"JXSY_052","D7","JXSY_052_D7","0","Phagolysosome/autophagy",-0.238260345733393
"JXSY_052","D7","JXSY_052_D7","0","Type I interferon response",-0.109245588286488
"JXSY_052","D7","JXSY_052_D7","0","Ribosome biogenesis",-0.1868913425461
"LSRM_014","D7","LSRM_014_D7","0","PRR/TLR/TNF/NF-kB signaling",0.271653347292488
"LSRM_014","D7","LSRM_014_D7","0","Phagolysosome/autophagy",0.351153929408905
"LSRM_014","D7","LSRM_014_D7","0","Type I interferon response",0.277319750276275
"LSRM_014","D7","LSRM_014_D7","0","Ribosome biogenesis",-0.439592566509705
"LSRM_016","D7","LSRM_016_D7","1","PRR/TLR/TNF/NF-kB signaling",0.446937561725383
"LSRM_016","D7","LSRM_016_D7","1","Phagolysosome/autophagy",0.424925511509454
"LSRM_016","D7","LSRM_016_D7","1","Type I interferon response",0.353466712362672
"LSRM_016","D7","LSRM_016_D7","1","Ribosome biogenesis",-0.556825899138073
"LXZY_009","D7","LXZY_009_D7","0","PRR/TLR/TNF/NF-kB signaling",-0.330065820812293
"LXZY_009","D7","LXZY_009_D7","0","Phagolysosome/autophagy",-0.127183714004241
"LXZY_009","D7","LXZY_009_D7","0","Type I interferon response",-0.38476574670886
"LXZY_009","D7","LXZY_009_D7","0","Ribosome biogenesis",0.48299116871855
"LXZY_012","D7","LXZY_012_D7","0","PRR/TLR/TNF/NF-kB signaling",-0.454818637673787
"LXZY_012","D7","LXZY_012_D7","0","Phagolysosome/autophagy",-0.329048409773371
"LXZY_012","D7","LXZY_012_D7","0","Type I interferon response",-0.591962092525911
"LXZY_012","D7","LXZY_012_D7","0","Ribosome biogenesis",0.507670250764794
"LXZY_013","D7","LXZY_013_D7","0","PRR/TLR/TNF/NF-kB signaling",0.0199731471590268
"LXZY_013","D7","LXZY_013_D7","0","Phagolysosome/autophagy",-0.113258659633718
"LXZY_013","D7","LXZY_013_D7","0","Type I interferon response",-0.266217882538052
"LXZY_013","D7","LXZY_013_D7","0","Ribosome biogenesis",0.168586197874386
"LXZY_014","D7","LXZY_014_D7","0","PRR/TLR/TNF/NF-kB signaling",-0.415894483812939
"LXZY_014","D7","LXZY_014_D7","0","Phagolysosome/autophagy",-0.428405222902554
"LXZY_014","D7","LXZY_014_D7","0","Type I interferon response",-0.0460407760734279
"LXZY_014","D7","LXZY_014_D7","0","Ribosome biogenesis",0.581507071367401
"LXZY_015","D7","LXZY_015_D7","0","PRR/TLR/TNF/NF-kB signaling",0.595356805084946
"LXZY_015","D7","LXZY_015_D7","0","Phagolysosome/autophagy",0.509910962129798
"LXZY_015","D7","LXZY_015_D7","0","Type I interferon response",0.603025263623094
"LXZY_015","D7","LXZY_015_D7","0","Ribosome biogenesis",0.151126618739287
"PHYY_015","D7","PHYY_015_D7","1","PRR/TLR/TNF/NF-kB signaling",-0.235407001458834
"PHYY_015","D7","PHYY_015_D7","1","Phagolysosome/autophagy",-0.178930699334463
"PHYY_015","D7","PHYY_015_D7","1","Type I interferon response",-0.233822785812712
"PHYY_015","D7","PHYY_015_D7","1","Ribosome biogenesis",0.549491889102743
"PHYY_019","D7","PHYY_019_D7","1","PRR/TLR/TNF/NF-kB signaling",0.665400315234838
"PHYY_019","D7","PHYY_019_D7","1","Phagolysosome/autophagy",0.67313332228565
"PHYY_019","D7","PHYY_019_D7","1","Type I interferon response",0.68186797689517
"PHYY_019","D7","PHYY_019_D7","1","Ribosome biogenesis",-0.504087561291828
"PHYY_022","D7","PHYY_022_D7","0","PRR/TLR/TNF/NF-kB signaling",-0.500751211947032
"PHYY_022","D7","PHYY_022_D7","0","Phagolysosome/autophagy",-0.503861365869791
"PHYY_022","D7","PHYY_022_D7","0","Type I interferon response",-0.348688200075693
"PHYY_022","D7","PHYY_022_D7","0","Ribosome biogenesis",0.568109512147843
"PHYY_029","D7","PHYY_029_D7","1","PRR/TLR/TNF/NF-kB signaling",0.37338813547219
"PHYY_029","D7","PHYY_029_D7","1","Phagolysosome/autophagy",0.32367793421141
"PHYY_029","D7","PHYY_029_D7","1","Type I interferon response",0.362911207290335
"PHYY_029","D7","PHYY_029_D7","1","Ribosome biogenesis",-0.438941788074151
"PHYY_031","D7","PHYY_031_D7","1","PRR/TLR/TNF/NF-kB signaling",0.00400026269504544
"PHYY_031","D7","PHYY_031_D7","1","Phagolysosome/autophagy",-0.141056050696203
"PHYY_031","D7","PHYY_031_D7","1","Type I interferon response",-0.342615638742757
"PHYY_031","D7","PHYY_031_D7","1","Ribosome biogenesis",0.309947845230083
"SLTD_009","D7","SLTD_009_D7","1","PRR/TLR/TNF/NF-kB signaling",0.292256158056507
"SLTD_009","D7","SLTD_009_D7","1","Phagolysosome/autophagy",0.442644868115514
"SLTD_009","D7","SLTD_009_D7","1","Type I interferon response",0.061693855407578
"SLTD_009","D7","SLTD_009_D7","1","Ribosome biogenesis",-0.473234464695078
"SLTD_010","D7","SLTD_010_D7","0","PRR/TLR/TNF/NF-kB signaling",0.574229238847715
"SLTD_010","D7","SLTD_010_D7","0","Phagolysosome/autophagy",0.562445967335164
"SLTD_010","D7","SLTD_010_D7","0","Type I interferon response",0.492472861575961
"SLTD_010","D7","SLTD_010_D7","0","Ribosome biogenesis",-0.670900425606362
"SLTD_019","D7","SLTD_019_D7","0","PRR/TLR/TNF/NF-kB signaling",-0.588719690799026
"SLTD_019","D7","SLTD_019_D7","0","Phagolysosome/autophagy",-0.618470631924788
"SLTD_019","D7","SLTD_019_D7","0","Type I interferon response",-0.524491338300516
"SLTD_019","D7","SLTD_019_D7","0","Ribosome biogenesis",0.537260534911226
"SLTD_022","D7","SLTD_022_D7","1","PRR/TLR/TNF/NF-kB signaling",0.35010495965427
"SLTD_022","D7","SLTD_022_D7","1","Phagolysosome/autophagy",0.275724871677847
"SLTD_022","D7","SLTD_022_D7","1","Type I interferon response",0.574557756909401
"SLTD_022","D7","SLTD_022_D7","1","Ribosome biogenesis",-0.185209527958607
"TZEZ_012","D7","TZEZ_012_D7","0","PRR/TLR/TNF/NF-kB signaling",0.456581217117404
"TZEZ_012","D7","TZEZ_012_D7","0","Phagolysosome/autophagy",0.493502418570356
"TZEZ_012","D7","TZEZ_012_D7","0","Type I interferon response",0.208928513507159
"TZEZ_012","D7","TZEZ_012_D7","0","Ribosome biogenesis",-0.357261645052591
"TZEZ_014","D7","TZEZ_014_D7","1","PRR/TLR/TNF/NF-kB signaling",0.214157206982511
"TZEZ_014","D7","TZEZ_014_D7","1","Phagolysosome/autophagy",-0.0108030411811095
"TZEZ_014","D7","TZEZ_014_D7","1","Type I interferon response",0.327817361258625
"TZEZ_014","D7","TZEZ_014_D7","1","Ribosome biogenesis",0.499953591543265
"TZEZ_018","D7","TZEZ_018_D7","1","PRR/TLR/TNF/NF-kB signaling",-0.0289023820473072
"TZEZ_018","D7","TZEZ_018_D7","1","Phagolysosome/autophagy",-0.304501642181011
"TZEZ_018","D7","TZEZ_018_D7","1","Type I interferon response",0.404725031619294
"TZEZ_018","D7","TZEZ_018_D7","1","Ribosome biogenesis",0.336934957344793
"TZEZ_020","D7","TZEZ_020_D7","0","PRR/TLR/TNF/NF-kB signaling",0.0993533134526978
"TZEZ_020","D7","TZEZ_020_D7","0","Phagolysosome/autophagy",0.0785053507697643
"TZEZ_020","D7","TZEZ_020_D7","0","Type I interferon response",-0.00461897060041272
"TZEZ_020","D7","TZEZ_020_D7","0","Ribosome biogenesis",-0.192049227939158
"TZEZ_022","D7","TZEZ_022_D7","0","PRR/TLR/TNF/NF-kB signaling",0.215564880453248
"TZEZ_022","D7","TZEZ_022_D7","0","Phagolysosome/autophagy",0.244894417350376
"TZEZ_022","D7","TZEZ_022_D7","0","Type I interferon response",0.256839833036215
"TZEZ_022","D7","TZEZ_022_D7","0","Ribosome biogenesis",-0.312353326779235
"TZEZ_023","D7","TZEZ_023_D7","0","PRR/TLR/TNF/NF-kB signaling",-0.517388153894666
"TZEZ_023","D7","TZEZ_023_D7","0","Phagolysosome/autophagy",-0.555939335632658
"TZEZ_023","D7","TZEZ_023_D7","0","Type I interferon response",-0.535254432212321
"TZEZ_023","D7","TZEZ_023_D7","0","Ribosome biogenesis",0.603844127986841
"TZEZ_024","D7","TZEZ_024_D7","0","PRR/TLR/TNF/NF-kB signaling",-0.586155796062243
"TZEZ_024","D7","TZEZ_024_D7","0","Phagolysosome/autophagy",-0.612997682659742
"TZEZ_024","D7","TZEZ_024_D7","0","Type I interferon response",-0.567220714836866
"TZEZ_024","D7","TZEZ_024_D7","0","Ribosome biogenesis",0.640490824630987
"TZEZ_025","D7","TZEZ_025_D7","1","PRR/TLR/TNF/NF-kB signaling",0.121287396252701
"TZEZ_025","D7","TZEZ_025_D7","1","Phagolysosome/autophagy",0.256750861965031
"TZEZ_025","D7","TZEZ_025_D7","1","Type I interferon response",0.217572565780792
"TZEZ_025","D7","TZEZ_025_D7","1","Ribosome biogenesis",-0.417648288183243
"TZEZ_026","D7","TZEZ_026_D7","0","PRR/TLR/TNF/NF-kB signaling",-0.0216955297452244
"TZEZ_026","D7","TZEZ_026_D7","0","Phagolysosome/autophagy",-0.115134742965008
"TZEZ_026","D7","TZEZ_026_D7","0","Type I interferon response",-0.0395206129736923
"TZEZ_026","D7","TZEZ_026_D7","0","Ribosome biogenesis",0.329144253077181
"TZEZ_027","D7","TZEZ_027_D7","0","PRR/TLR/TNF/NF-kB signaling",0.299073053853061
"TZEZ_027","D7","TZEZ_027_D7","0","Phagolysosome/autophagy",0.38281844067669
"TZEZ_027","D7","TZEZ_027_D7","0","Type I interferon response",0.190284094915544
"TZEZ_027","D7","TZEZ_027_D7","0","Ribosome biogenesis",-0.507234568033026
"TZEZ_029","D7","TZEZ_029_D7","0","PRR/TLR/TNF/NF-kB signaling",-0.0673926696496702
"TZEZ_029","D7","TZEZ_029_D7","0","Phagolysosome/autophagy",-0.166146151840711
"TZEZ_029","D7","TZEZ_029_D7","0","Type I interferon response",0.282503788091751
"TZEZ_029","D7","TZEZ_029_D7","0","Ribosome biogenesis",0.502773539949888
"TZEZ_030","D7","TZEZ_030_D7","0","PRR/TLR/TNF/NF-kB signaling",0.24022935627997
"TZEZ_030","D7","TZEZ_030_D7","0","Phagolysosome/autophagy",0.0764661688701898
"TZEZ_030","D7","TZEZ_030_D7","0","Type I interferon response",0.459547775452806
"TZEZ_030","D7","TZEZ_030_D7","0","Ribosome biogenesis",0.51617624757636
"TZEZ_031","D7","TZEZ_031_D7","0","PRR/TLR/TNF/NF-kB signaling",-0.38036396450553
"TZEZ_031","D7","TZEZ_031_D7","0","Phagolysosome/autophagy",-0.384239126728592
"TZEZ_031","D7","TZEZ_031_D7","0","Type I interferon response",-0.3472533994237
"TZEZ_031","D7","TZEZ_031_D7","0","Ribosome biogenesis",0.345205550336144
"TZEZ_032","D7","TZEZ_032_D7","1","PRR/TLR/TNF/NF-kB signaling",-0.578210334708227
"TZEZ_032","D7","TZEZ_032_D7","1","Phagolysosome/autophagy",-0.539028372800001
"TZEZ_032","D7","TZEZ_032_D7","1","Type I interferon response",-0.634552617777474
"TZEZ_032","D7","TZEZ_032_D7","1","Ribosome biogenesis",0.624262353577818
"TZEZ_033","D7","TZEZ_033_D7","1","PRR/TLR/TNF/NF-kB signaling",0.584108940575421
"TZEZ_033","D7","TZEZ_033_D7","1","Phagolysosome/autophagy",0.540761152150565
"TZEZ_033","D7","TZEZ_033_D7","1","Type I interferon response",0.660088635186653
"TZEZ_033","D7","TZEZ_033_D7","1","Ribosome biogenesis",-0.245638070538604
"TZEZ_036","D7","TZEZ_036_D7","0","PRR/TLR/TNF/NF-kB signaling",-0.567408156634955
"TZEZ_036","D7","TZEZ_036_D7","0","Phagolysosome/autophagy",-0.607318259230615
"TZEZ_036","D7","TZEZ_036_D7","0","Type I interferon response",-0.509539263739421
"TZEZ_036","D7","TZEZ_036_D7","0","Ribosome biogenesis",0.558395465207838
"TZEZ_038","D7","TZEZ_038_D7","0","PRR/TLR/TNF/NF-kB signaling",-0.419674813603921
"TZEZ_038","D7","TZEZ_038_D7","0","Phagolysosome/autophagy",-0.488553951810442
"TZEZ_038","D7","TZEZ_038_D7","0","Type I interferon response",-0.383762256414099
"TZEZ_038","D7","TZEZ_038_D7","0","Ribosome biogenesis",0.325108063932517
"TZEZ_044","D7","TZEZ_044_D7","0","PRR/TLR/TNF/NF-kB signaling",-0.26278998379926
"TZEZ_044","D7","TZEZ_044_D7","0","Phagolysosome/autophagy",0.0437435256859145
"TZEZ_044","D7","TZEZ_044_D7","0","Type I interferon response",-0.263222883077665
"TZEZ_044","D7","TZEZ_044_D7","0","Ribosome biogenesis",-0.540537320431822
"TZEZ_045","D7","TZEZ_045_D7","0","PRR/TLR/TNF/NF-kB signaling",-0.675412931575862
"TZEZ_045","D7","TZEZ_045_D7","0","Phagolysosome/autophagy",-0.675331679975589
"TZEZ_045","D7","TZEZ_045_D7","0","Type I interferon response",-0.691199269584615
"TZEZ_045","D7","TZEZ_045_D7","0","Ribosome biogenesis",0.588862904315496
"TZEZ_047","D7","TZEZ_047_D7","0","PRR/TLR/TNF/NF-kB signaling",0.210637688644567
"TZEZ_047","D7","TZEZ_047_D7","0","Phagolysosome/autophagy",0.211895434338246
"TZEZ_047","D7","TZEZ_047_D7","0","Type I interferon response",-0.0721707954562553
"TZEZ_047","D7","TZEZ_047_D7","0","Ribosome biogenesis",-0.382020717611695
"TZEZ_048","D7","TZEZ_048_D7","0","PRR/TLR/TNF/NF-kB signaling",0.0623129172000767
"TZEZ_048","D7","TZEZ_048_D7","0","Phagolysosome/autophagy",-0.290309317787174
"TZEZ_048","D7","TZEZ_048_D7","0","Type I interferon response",0.275558094670044
"TZEZ_048","D7","TZEZ_048_D7","0","Ribosome biogenesis",-0.204089391744494
"TZEZ_050","D7","TZEZ_050_D7","0","PRR/TLR/TNF/NF-kB signaling",-0.0987544273940272
"TZEZ_050","D7","TZEZ_050_D7","0","Phagolysosome/autophagy",0.0242567711105167
"TZEZ_050","D7","TZEZ_050_D7","0","Type I interferon response",-0.321405811222265
"TZEZ_050","D7","TZEZ_050_D7","0","Ribosome biogenesis",-0.36621928999028
"TZEZ_051","D7","TZEZ_051_D7","0","PRR/TLR/TNF/NF-kB signaling",-0.48078210586559
"TZEZ_051","D7","TZEZ_051_D7","0","Phagolysosome/autophagy",-0.462027011991323
"TZEZ_051","D7","TZEZ_051_D7","0","Type I interferon response",-0.609456279272862
"TZEZ_051","D7","TZEZ_051_D7","0","Ribosome biogenesis",0.517771613363692
"TZEZ_052","D7","TZEZ_052_D7","0","PRR/TLR/TNF/NF-kB signaling",0.173589888897603
"TZEZ_052","D7","TZEZ_052_D7","0","Phagolysosome/autophagy",0.330804823202878
"TZEZ_052","D7","TZEZ_052_D7","0","Type I interferon response",-0.0700453180754627
"TZEZ_052","D7","TZEZ_052_D7","0","Ribosome biogenesis",-0.514484410737265
"TZEZ_054","D7","TZEZ_054_D7","0","PRR/TLR/TNF/NF-kB signaling",0.340272527610333
"TZEZ_054","D7","TZEZ_054_D7","0","Phagolysosome/autophagy",0.122735810099165
"TZEZ_054","D7","TZEZ_054_D7","0","Type I interferon response",0.481705588829664
"TZEZ_054","D7","TZEZ_054_D7","0","Ribosome biogenesis",-0.612106745741535
"TZEZ_055","D7","TZEZ_055_D7","0","PRR/TLR/TNF/NF-kB signaling",-0.625235528132437
"TZEZ_055","D7","TZEZ_055_D7","0","Phagolysosome/autophagy",-0.58614907795188
"TZEZ_055","D7","TZEZ_055_D7","0","Type I interferon response",-0.644744818221557
"TZEZ_055","D7","TZEZ_055_D7","0","Ribosome biogenesis",0.317988364105951
"TZEZ_060","D7","TZEZ_060_D7","0","PRR/TLR/TNF/NF-kB signaling",-0.353148030216608
"TZEZ_060","D7","TZEZ_060_D7","0","Phagolysosome/autophagy",-0.363675014963642
"TZEZ_060","D7","TZEZ_060_D7","0","Type I interferon response",0.0931858567825118
"TZEZ_060","D7","TZEZ_060_D7","0","Ribosome biogenesis",0.203140535388118
"WZZX_014","D7","WZZX_014_D7","0","PRR/TLR/TNF/NF-kB signaling",-0.096815262109318
"WZZX_014","D7","WZZX_014_D7","0","Phagolysosome/autophagy",0.202936772529764
"WZZX_014","D7","WZZX_014_D7","0","Type I interferon response",0.147786784529635
"WZZX_014","D7","WZZX_014_D7","0","Ribosome biogenesis",0.53648247769523
"WZZX_015","D7","WZZX_015_D7","0","PRR/TLR/TNF/NF-kB signaling",0.00501452610822772
"WZZX_015","D7","WZZX_015_D7","0","Phagolysosome/autophagy",0.290333443594074
"WZZX_015","D7","WZZX_015_D7","0","Type I interferon response",-0.229226655193265
"WZZX_015","D7","WZZX_015_D7","0","Ribosome biogenesis",-0.333921488739242
"WZZX_017","D7","WZZX_017_D7","0","PRR/TLR/TNF/NF-kB signaling",-0.167616948209753
"WZZX_017","D7","WZZX_017_D7","0","Phagolysosome/autophagy",-0.274589812555506
"WZZX_017","D7","WZZX_017_D7","0","Type I interferon response",0.179890139804282
"WZZX_017","D7","WZZX_017_D7","0","Ribosome biogenesis",0.0445518781526237
"WZZX_018","D7","WZZX_018_D7","0","PRR/TLR/TNF/NF-kB signaling",-0.601737712280113
"WZZX_018","D7","WZZX_018_D7","0","Phagolysosome/autophagy",-0.572635606249145
"WZZX_018","D7","WZZX_018_D7","0","Type I interferon response",-0.616634527268996
"WZZX_018","D7","WZZX_018_D7","0","Ribosome biogenesis",0.56119525564937
"WZZX_021","D7","WZZX_021_D7","1","PRR/TLR/TNF/NF-kB signaling",0.27780294485804
"WZZX_021","D7","WZZX_021_D7","1","Phagolysosome/autophagy",0.441187859837809
"WZZX_021","D7","WZZX_021_D7","1","Type I interferon response",0.194289345549491
"WZZX_021","D7","WZZX_021_D7","1","Ribosome biogenesis",-0.464179363052155
"XARM_033","D7","XARM_033_D7","0","PRR/TLR/TNF/NF-kB signaling",-0.504090614719643
"XARM_033","D7","XARM_033_D7","0","Phagolysosome/autophagy",-0.459932620044654
"XARM_033","D7","XARM_033_D7","0","Type I interferon response",-0.330659520742088
"XARM_033","D7","XARM_033_D7","0","Ribosome biogenesis",0.608484120174544
"XARM_034","D7","XARM_034_D7","0","PRR/TLR/TNF/NF-kB signaling",-0.444404515299704
"XARM_034","D7","XARM_034_D7","0","Phagolysosome/autophagy",-0.4452862670732
"XARM_034","D7","XARM_034_D7","0","Type I interferon response",-0.197547267834909
"XARM_034","D7","XARM_034_D7","0","Ribosome biogenesis",0.513187268741385
"XARM_035","D7","XARM_035_D7","0","PRR/TLR/TNF/NF-kB signaling",0.093674425474085
"XARM_035","D7","XARM_035_D7","0","Phagolysosome/autophagy",0.241689032823611
"XARM_035","D7","XARM_035_D7","0","Type I interferon response",0.165728758806251
"XARM_035","D7","XARM_035_D7","0","Ribosome biogenesis",-0.174045063202536
"XARM_036","D7","XARM_036_D7","0","PRR/TLR/TNF/NF-kB signaling",-0.569801642452605
"XARM_036","D7","XARM_036_D7","0","Phagolysosome/autophagy",-0.627570356914692
"XARM_036","D7","XARM_036_D7","0","Type I interferon response",-0.296291343490567
"XARM_036","D7","XARM_036_D7","0","Ribosome biogenesis",0.600388790566706
"XARM_037","D7","XARM_037_D7","0","PRR/TLR/TNF/NF-kB signaling",-0.538886337110525
"XARM_037","D7","XARM_037_D7","0","Phagolysosome/autophagy",-0.47640196684857
"XARM_037","D7","XARM_037_D7","0","Type I interferon response",-0.560830911831537
"XARM_037","D7","XARM_037_D7","0","Ribosome biogenesis",0.285663808132829
"ZDFE_031","D7","ZDFE_031_D7","0","PRR/TLR/TNF/NF-kB signaling",0.334455860599142
"ZDFE_031","D7","ZDFE_031_D7","0","Phagolysosome/autophagy",0.427930302885191
"ZDFE_031","D7","ZDFE_031_D7","0","Type I interferon response",-0.060768377715813
"ZDFE_031","D7","ZDFE_031_D7","0","Ribosome biogenesis",0.369635832210877
"ZDFE_032","D7","ZDFE_032_D7","0","PRR/TLR/TNF/NF-kB signaling",-0.618807047757571
"ZDFE_032","D7","ZDFE_032_D7","0","Phagolysosome/autophagy",-0.585972035118
"ZDFE_032","D7","ZDFE_032_D7","0","Type I interferon response",-0.586929456202782
"ZDFE_032","D7","ZDFE_032_D7","0","Ribosome biogenesis",0.705079294543941
"ZDFE_104","D7","ZDFE_104_D7","1","PRR/TLR/TNF/NF-kB signaling",-0.303634998797181
"ZDFE_104","D7","ZDFE_104_D7","1","Phagolysosome/autophagy",-0.0642610476419107
"ZDFE_104","D7","ZDFE_104_D7","1","Type I interferon response",-0.429196698861648
"ZDFE_104","D7","ZDFE_104_D7","1","Ribosome biogenesis",0.383462327563103
"ZDFE_105","D7","ZDFE_105_D7","0","PRR/TLR/TNF/NF-kB signaling",-0.337093783357599
"ZDFE_105","D7","ZDFE_105_D7","0","Phagolysosome/autophagy",-0.36026619383455
"ZDFE_105","D7","ZDFE_105_D7","0","Type I interferon response",-0.102418667593778
"ZDFE_105","D7","ZDFE_105_D7","0","Ribosome biogenesis",0.224053007198335
"ZDFE_106","D7","ZDFE_106_D7","0","PRR/TLR/TNF/NF-kB signaling",-0.113947201665723
"ZDFE_106","D7","ZDFE_106_D7","0","Phagolysosome/autophagy",0.226959017621457
"ZDFE_106","D7","ZDFE_106_D7","0","Type I interferon response",-0.269740539816326
"ZDFE_106","D7","ZDFE_106_D7","0","Ribosome biogenesis",0.253655101977713
"ZDFE_109","D7","ZDFE_109_D7","0","PRR/TLR/TNF/NF-kB signaling",-0.501613893010489
"ZDFE_109","D7","ZDFE_109_D7","0","Phagolysosome/autophagy",-0.55846268623794
"ZDFE_109","D7","ZDFE_109_D7","0","Type I interferon response",-0.538661791051288
"ZDFE_109","D7","ZDFE_109_D7","0","Ribosome biogenesis",0.439638581321523
"ZDFE_114","D7","ZDFE_114_D7","0","PRR/TLR/TNF/NF-kB signaling",-0.320385614125684
"ZDFE_114","D7","ZDFE_114_D7","0","Phagolysosome/autophagy",-0.251883732836532
"ZDFE_114","D7","ZDFE_114_D7","0","Type I interferon response",-0.423377949960946
"ZDFE_114","D7","ZDFE_114_D7","0","Ribosome biogenesis",-0.0966696278419655
"ZDFE_118","D7","ZDFE_118_D7","0","PRR/TLR/TNF/NF-kB signaling",-0.265574799032799
"ZDFE_118","D7","ZDFE_118_D7","0","Phagolysosome/autophagy",-0.185505334151714
"ZDFE_118","D7","ZDFE_118_D7","0","Type I interferon response",-0.410126902509547
"ZDFE_118","D7","ZDFE_118_D7","0","Ribosome biogenesis",-0.415078963549822
"ZDFE_119","D7","ZDFE_119_D7","1","PRR/TLR/TNF/NF-kB signaling",0.520097029629454
"ZDFE_119","D7","ZDFE_119_D7","1","Phagolysosome/autophagy",0.559694365481449
"ZDFE_119","D7","ZDFE_119_D7","1","Type I interferon response",0.309876113059123
"ZDFE_119","D7","ZDFE_119_D7","1","Ribosome biogenesis",-0.66244032285637
"ZDFE_124","D7","ZDFE_124_D7","1","PRR/TLR/TNF/NF-kB signaling",-0.586458799319708
"ZDFE_124","D7","ZDFE_124_D7","1","Phagolysosome/autophagy",-0.542428972053571
"ZDFE_124","D7","ZDFE_124_D7","1","Type I interferon response",-0.616361051716424
"ZDFE_124","D7","ZDFE_124_D7","1","Ribosome biogenesis",0.584341314423786
"ZDFE_127","D7","ZDFE_127_D7","0","PRR/TLR/TNF/NF-kB signaling",-0.435048765778384
"ZDFE_127","D7","ZDFE_127_D7","0","Phagolysosome/autophagy",-0.560807060261334
"ZDFE_127","D7","ZDFE_127_D7","0","Type I interferon response",0.265410361615107
"ZDFE_127","D7","ZDFE_127_D7","0","Ribosome biogenesis",0.608550299564953
"ZDFE_136","D7","ZDFE_136_D7","0","PRR/TLR/TNF/NF-kB signaling",-0.542890886020766
"ZDFE_136","D7","ZDFE_136_D7","0","Phagolysosome/autophagy",-0.577438209298533
"ZDFE_136","D7","ZDFE_136_D7","0","Type I interferon response",-0.446745299206364
"ZDFE_136","D7","ZDFE_136_D7","0","Ribosome biogenesis",0.188475006167777
"ZDFE_137","D7","ZDFE_137_D7","0","PRR/TLR/TNF/NF-kB signaling",0.464905794993468
"ZDFE_137","D7","ZDFE_137_D7","0","Phagolysosome/autophagy",0.554441244375074
"ZDFE_137","D7","ZDFE_137_D7","0","Type I interferon response",0.174790599770666
"ZDFE_137","D7","ZDFE_137_D7","0","Ribosome biogenesis",-0.614033958171021
"ZDFE_138","D7","ZDFE_138_D7","0","PRR/TLR/TNF/NF-kB signaling",-0.631143920278179
"ZDFE_138","D7","ZDFE_138_D7","0","Phagolysosome/autophagy",-0.627859107143606
"ZDFE_138","D7","ZDFE_138_D7","0","Type I interferon response",-0.56216180270601
"ZDFE_138","D7","ZDFE_138_D7","0","Ribosome biogenesis",0.374860931615027
"ZYCZ_019","D7","ZYCZ_019_D7","1","PRR/TLR/TNF/NF-kB signaling",-0.312639269249459
"ZYCZ_019","D7","ZYCZ_019_D7","1","Phagolysosome/autophagy",-0.289747733042837
"ZYCZ_019","D7","ZYCZ_019_D7","1","Type I interferon response",-0.296857278882247
"ZYCZ_019","D7","ZYCZ_019_D7","1","Ribosome biogenesis",0.359082426632536
"ZYCZ_025","D7","ZYCZ_025_D7","0","PRR/TLR/TNF/NF-kB signaling",-0.373408321380491
"ZYCZ_025","D7","ZYCZ_025_D7","0","Phagolysosome/autophagy",-0.146486478762382
"ZYCZ_025","D7","ZYCZ_025_D7","0","Type I interferon response",-0.450871655862921
"ZYCZ_025","D7","ZYCZ_025_D7","0","Ribosome biogenesis",0.119965883270078
"ZYCZ_026","D7","ZYCZ_026_D7","0","PRR/TLR/TNF/NF-kB signaling",-0.060821327455669
"ZYCZ_026","D7","ZYCZ_026_D7","0","Phagolysosome/autophagy",-0.217808430209721
"ZYCZ_026","D7","ZYCZ_026_D7","0","Type I interferon response",-0.297684194701402
"ZYCZ_026","D7","ZYCZ_026_D7","0","Ribosome biogenesis",0.20025177606159
"ZYCZ_027","D7","ZYCZ_027_D7","0","PRR/TLR/TNF/NF-kB signaling",0.20490667290692
"ZYCZ_027","D7","ZYCZ_027_D7","0","Phagolysosome/autophagy",0.390176064269726
"ZYCZ_027","D7","ZYCZ_027_D7","0","Type I interferon response",-0.305317357614835
"ZYCZ_027","D7","ZYCZ_027_D7","0","Ribosome biogenesis",-0.378264178447142
"ZYCZ_028","D7","ZYCZ_028_D7","0","PRR/TLR/TNF/NF-kB signaling",0.554375505997999
"ZYCZ_028","D7","ZYCZ_028_D7","0","Phagolysosome/autophagy",0.566592308716949
"ZYCZ_028","D7","ZYCZ_028_D7","0","Type I interferon response",0.453243044990977
"ZYCZ_028","D7","ZYCZ_028_D7","0","Ribosome biogenesis",-0.523299622445662
"ZYCZ_030","D7","ZYCZ_030_D7","0","PRR/TLR/TNF/NF-kB signaling",-0.119391964284512
"ZYCZ_030","D7","ZYCZ_030_D7","0","Phagolysosome/autophagy",-0.236486883202616
"ZYCZ_030","D7","ZYCZ_030_D7","0","Type I interferon response",0.148309579754189
"ZYCZ_030","D7","ZYCZ_030_D7","0","Ribosome biogenesis",0.41172502706906
"ZYCZ_031","D7","ZYCZ_031_D7","0","PRR/TLR/TNF/NF-kB signaling",-0.155202598844403
"ZYCZ_031","D7","ZYCZ_031_D7","0","Phagolysosome/autophagy",-0.174021517187733
"ZYCZ_031","D7","ZYCZ_031_D7","0","Type I interferon response",-0.152247947231395
"ZYCZ_031","D7","ZYCZ_031_D7","0","Ribosome biogenesis",0.580071283800431
"ZYCZ_033","D7","ZYCZ_033_D7","1","PRR/TLR/TNF/NF-kB signaling",0.48397502955645
"ZYCZ_033","D7","ZYCZ_033_D7","1","Phagolysosome/autophagy",0.60168194098411
"ZYCZ_033","D7","ZYCZ_033_D7","1","Type I interferon response",0.171040231030493
"ZYCZ_033","D7","ZYCZ_033_D7","1","Ribosome biogenesis",-0.522416619975336
"ZYCZ_034","D7","ZYCZ_034_D7","0","PRR/TLR/TNF/NF-kB signaling",-0.590275885798111
"ZYCZ_034","D7","ZYCZ_034_D7","0","Phagolysosome/autophagy",-0.611666373213451
"ZYCZ_034","D7","ZYCZ_034_D7","0","Type I interferon response",-0.544729928117759
"ZYCZ_034","D7","ZYCZ_034_D7","0","Ribosome biogenesis",0.284707219112318
"ZYCZ_036","D7","ZYCZ_036_D7","0","PRR/TLR/TNF/NF-kB signaling",-0.236950201146723
"ZYCZ_036","D7","ZYCZ_036_D7","0","Phagolysosome/autophagy",-0.0833544379774863
"ZYCZ_036","D7","ZYCZ_036_D7","0","Type I interferon response",-0.0158665093933474
"ZYCZ_036","D7","ZYCZ_036_D7","0","Ribosome biogenesis",0.166137041630193
"ZYCZ_042","D7","ZYCZ_042_D7","0","PRR/TLR/TNF/NF-kB signaling",0.419714221395992
"ZYCZ_042","D7","ZYCZ_042_D7","0","Phagolysosome/autophagy",0.380917637388017
"ZYCZ_042","D7","ZYCZ_042_D7","0","Type I interferon response",0.559373376589115
"ZYCZ_042","D7","ZYCZ_042_D7","0","Ribosome biogenesis",-0.412846589984971
"ZYQC_040","D7","ZYQC_040_D7","1","PRR/TLR/TNF/NF-kB signaling",0.50299822444479
"ZYQC_040","D7","ZYQC_040_D7","1","Phagolysosome/autophagy",0.366059946613836
"ZYQC_040","D7","ZYQC_040_D7","1","Type I interferon response",0.58391966873235
"ZYQC_040","D7","ZYQC_040_D7","1","Ribosome biogenesis",-0.543554404864409
"ZYQC_042","D7","ZYQC_042_D7","0","PRR/TLR/TNF/NF-kB signaling",-0.113661590215072
"ZYQC_042","D7","ZYQC_042_D7","0","Phagolysosome/autophagy",-0.330115531261343
"ZYQC_042","D7","ZYQC_042_D7","0","Type I interferon response",-0.0134987857910118
"ZYQC_042","D7","ZYQC_042_D7","0","Ribosome biogenesis",0.28956680305883
"ZYQC_049","D7","ZYQC_049_D7","1","PRR/TLR/TNF/NF-kB signaling",-0.354752519640321
"ZYQC_049","D7","ZYQC_049_D7","1","Phagolysosome/autophagy",-0.364882847006935
"ZYQC_049","D7","ZYQC_049_D7","1","Type I interferon response",-0.442445452368461
"ZYQC_049","D7","ZYQC_049_D7","1","Ribosome biogenesis",0.279174138201533
"ZYQC_050","D7","ZYQC_050_D7","0","PRR/TLR/TNF/NF-kB signaling",-0.36287850956514
"ZYQC_050","D7","ZYQC_050_D7","0","Phagolysosome/autophagy",-0.0156218471821374
"ZYQC_050","D7","ZYQC_050_D7","0","Type I interferon response",-0.440108692285855
"ZYQC_050","D7","ZYQC_050_D7","0","Ribosome biogenesis",-0.221706439124844
"ZYQC_051","D7","ZYQC_051_D7","0","PRR/TLR/TNF/NF-kB signaling",-0.0379816406091942
"ZYQC_051","D7","ZYQC_051_D7","0","Phagolysosome/autophagy",0.224781048674045
"ZYQC_051","D7","ZYQC_051_D7","0","Type I interferon response",0.0977426333024459
"ZYQC_051","D7","ZYQC_051_D7","0","Ribosome biogenesis",-0.417403421835888
"ZYQC_052","D7","ZYQC_052_D7","0","PRR/TLR/TNF/NF-kB signaling",-0.46047656098926
"ZYQC_052","D7","ZYQC_052_D7","0","Phagolysosome/autophagy",-0.427890068544071
"ZYQC_052","D7","ZYQC_052_D7","0","Type I interferon response",-0.413957736702594
"ZYQC_052","D7","ZYQC_052_D7","0","Ribosome biogenesis",0.17009839417069
"ZYQC_053","D7","ZYQC_053_D7","1","PRR/TLR/TNF/NF-kB signaling",0.075468384808843
"ZYQC_053","D7","ZYQC_053_D7","1","Phagolysosome/autophagy",0.313573313608515
"ZYQC_053","D7","ZYQC_053_D7","1","Type I interferon response",-0.352811869801122
"ZYQC_053","D7","ZYQC_053_D7","1","Ribosome biogenesis",0.0327156870237507
"ZYQC_055","D7","ZYQC_055_D7","0","PRR/TLR/TNF/NF-kB signaling",-0.404476733600109
"ZYQC_055","D7","ZYQC_055_D7","0","Phagolysosome/autophagy",-0.414045874845605
"ZYQC_055","D7","ZYQC_055_D7","0","Type I interferon response",-0.443757944193164
"ZYQC_055","D7","ZYQC_055_D7","0","Ribosome biogenesis",0.519811567042158
"ZYQC_056","D7","ZYQC_056_D7","1","PRR/TLR/TNF/NF-kB signaling",0.0478304174679388
"ZYQC_056","D7","ZYQC_056_D7","1","Phagolysosome/autophagy",0.341069114480248
"ZYQC_056","D7","ZYQC_056_D7","1","Type I interferon response",-0.251155911836214
"ZYQC_056","D7","ZYQC_056_D7","1","Ribosome biogenesis",-0.306085753017799
"ZYQC_057","D7","ZYQC_057_D7","0","PRR/TLR/TNF/NF-kB signaling",0.407242891789829
"ZYQC_057","D7","ZYQC_057_D7","0","Phagolysosome/autophagy",0.445604777897061
"ZYQC_057","D7","ZYQC_057_D7","0","Type I interferon response",0.349142251484996
"ZYQC_057","D7","ZYQC_057_D7","0","Ribosome biogenesis",-0.647860716621909
"ZYQC_058","D7","ZYQC_058_D7","0","PRR/TLR/TNF/NF-kB signaling",-0.236113580435185
"ZYQC_058","D7","ZYQC_058_D7","0","Phagolysosome/autophagy",-0.182391501210078
"ZYQC_058","D7","ZYQC_058_D7","0","Type I interferon response",-0.272425122182351
"ZYQC_058","D7","ZYQC_058_D7","0","Ribosome biogenesis",0.559430956615029
"ZYQC_059","D7","ZYQC_059_D7","0","PRR/TLR/TNF/NF-kB signaling",0.255801761600164
"ZYQC_059","D7","ZYQC_059_D7","0","Phagolysosome/autophagy",0.147610978740288
"ZYQC_059","D7","ZYQC_059_D7","0","Type I interferon response",0.499092389005911
"ZYQC_059","D7","ZYQC_059_D7","0","Ribosome biogenesis",-0.138399575063849
"ZYQC_060","D7","ZYQC_060_D7","0","PRR/TLR/TNF/NF-kB signaling",-0.58651422755153
"ZYQC_060","D7","ZYQC_060_D7","0","Phagolysosome/autophagy",-0.599327655633087
"ZYQC_060","D7","ZYQC_060_D7","0","Type I interferon response",-0.558961191320834
"ZYQC_060","D7","ZYQC_060_D7","0","Ribosome biogenesis",0.449346470627169
"ZYQC_065","D7","ZYQC_065_D7","1","PRR/TLR/TNF/NF-kB signaling",0.485259863963417
"ZYQC_065","D7","ZYQC_065_D7","1","Phagolysosome/autophagy",0.451755789926838
"ZYQC_065","D7","ZYQC_065_D7","1","Type I interferon response",0.361310577517704
"ZYQC_065","D7","ZYQC_065_D7","1","Ribosome biogenesis",-0.66596202173802
"ZYQC_066","D7","ZYQC_066_D7","1","PRR/TLR/TNF/NF-kB signaling",-0.149227668057766
"ZYQC_066","D7","ZYQC_066_D7","1","Phagolysosome/autophagy",0.0523774048290574
"ZYQC_066","D7","ZYQC_066_D7","1","Type I interferon response",-0.299448249037377
"ZYQC_066","D7","ZYQC_066_D7","1","Ribosome biogenesis",0.0374483628292137
"ZYQC_067","D7","ZYQC_067_D7","0","PRR/TLR/TNF/NF-kB signaling",-0.477691736878083
"ZYQC_067","D7","ZYQC_067_D7","0","Phagolysosome/autophagy",-0.419252100151788
"ZYQC_067","D7","ZYQC_067_D7","0","Type I interferon response",-0.418389191971832
"ZYQC_067","D7","ZYQC_067_D7","0","Ribosome biogenesis",0.195276466677184
"ZYQC_070","D7","ZYQC_070_D7","0","PRR/TLR/TNF/NF-kB signaling",0.419543934199399
"ZYQC_070","D7","ZYQC_070_D7","0","Phagolysosome/autophagy",0.451133496963533
"ZYQC_070","D7","ZYQC_070_D7","0","Type I interferon response",0.0970870883169258
"ZYQC_070","D7","ZYQC_070_D7","0","Ribosome biogenesis",-0.598059657371766
"ZYQC_071","D7","ZYQC_071_D7","1","PRR/TLR/TNF/NF-kB signaling",0.00136853940186127
"ZYQC_071","D7","ZYQC_071_D7","1","Phagolysosome/autophagy",-0.236644760597884
"ZYQC_071","D7","ZYQC_071_D7","1","Type I interferon response",-0.0206356854797183
"ZYQC_071","D7","ZYQC_071_D7","1","Ribosome biogenesis",-0.177841395102595
"ZYQC_072","D7","ZYQC_072_D7","0","PRR/TLR/TNF/NF-kB signaling",-0.574556193550588
"ZYQC_072","D7","ZYQC_072_D7","0","Phagolysosome/autophagy",-0.537849734693565
"ZYQC_072","D7","ZYQC_072_D7","0","Type I interferon response",-0.504769813539323
"ZYQC_072","D7","ZYQC_072_D7","0","Ribosome biogenesis",0.504523282660976
"ZYQC_073","D7","ZYQC_073_D7","0","PRR/TLR/TNF/NF-kB signaling",-0.574510962433906
"ZYQC_073","D7","ZYQC_073_D7","0","Phagolysosome/autophagy",-0.547384336043235
"ZYQC_073","D7","ZYQC_073_D7","0","Type I interferon response",-0.48607976099559
"ZYQC_073","D7","ZYQC_073_D7","0","Ribosome biogenesis",0.664022383802384
"ZYQC_074","D7","ZYQC_074_D7","1","PRR/TLR/TNF/NF-kB signaling",0.372126298458669
"ZYQC_074","D7","ZYQC_074_D7","1","Phagolysosome/autophagy",0.483713393164057
"ZYQC_074","D7","ZYQC_074_D7","1","Type I interferon response",-0.0983162776482381
"ZYQC_074","D7","ZYQC_074_D7","1","Ribosome biogenesis",-0.533328493032441
"ZYQC_075","D7","ZYQC_075_D7","1","PRR/TLR/TNF/NF-kB signaling",0.476920827335395
"ZYQC_075","D7","ZYQC_075_D7","1","Phagolysosome/autophagy",0.446588652265307
"ZYQC_075","D7","ZYQC_075_D7","1","Type I interferon response",0.498655991125693
"ZYQC_075","D7","ZYQC_075_D7","1","Ribosome biogenesis",-0.555317700643636
"ZYQC_076","D7","ZYQC_076_D7","0","PRR/TLR/TNF/NF-kB signaling",-0.622640261808045
"ZYQC_076","D7","ZYQC_076_D7","0","Phagolysosome/autophagy",-0.642195018453498
"ZYQC_076","D7","ZYQC_076_D7","0","Type I interferon response",-0.556364941295248
"ZYQC_076","D7","ZYQC_076_D7","0","Ribosome biogenesis",0.58022223962978
"ZYQC_080","D7","ZYQC_080_D7","0","PRR/TLR/TNF/NF-kB signaling",-0.649249420373826
"ZYQC_080","D7","ZYQC_080_D7","0","Phagolysosome/autophagy",-0.632567125358859
"ZYQC_080","D7","ZYQC_080_D7","0","Type I interferon response",-0.502862440298826
"ZYQC_080","D7","ZYQC_080_D7","0","Ribosome biogenesis",0.583396844843168
"ZYQC_081","D7","ZYQC_081_D7","1","PRR/TLR/TNF/NF-kB signaling",-0.492347395889495
"ZYQC_081","D7","ZYQC_081_D7","1","Phagolysosome/autophagy",-0.456764893803857
"ZYQC_081","D7","ZYQC_081_D7","1","Type I interferon response",-0.504054972359623
"ZYQC_081","D7","ZYQC_081_D7","1","Ribosome biogenesis",0.354302353949473
"ZYQC_083","D7","ZYQC_083_D7","1","PRR/TLR/TNF/NF-kB signaling",-0.527065221987126
"ZYQC_083","D7","ZYQC_083_D7","1","Phagolysosome/autophagy",-0.513274461529107
"ZYQC_083","D7","ZYQC_083_D7","1","Type I interferon response",-0.493152910751761
"ZYQC_083","D7","ZYQC_083_D7","1","Ribosome biogenesis",0.101647204562229
"ZYQC_084","D7","ZYQC_084_D7","0","PRR/TLR/TNF/NF-kB signaling",-0.54172599457493
"ZYQC_084","D7","ZYQC_084_D7","0","Phagolysosome/autophagy",-0.445609607641265
"ZYQC_084","D7","ZYQC_084_D7","0","Type I interferon response",-0.561414521947209
"ZYQC_084","D7","ZYQC_084_D7","0","Ribosome biogenesis",0.469340043940851
"ZYQC_085","D7","ZYQC_085_D7","0","PRR/TLR/TNF/NF-kB signaling",-0.585893646856052
"ZYQC_085","D7","ZYQC_085_D7","0","Phagolysosome/autophagy",-0.596453617912023
"ZYQC_085","D7","ZYQC_085_D7","0","Type I interferon response",-0.507231963898401
"ZYQC_085","D7","ZYQC_085_D7","0","Ribosome biogenesis",0.394582220795953
"ZYQC_090","D7","ZYQC_090_D7","0","PRR/TLR/TNF/NF-kB signaling",-0.358256706885343
"ZYQC_090","D7","ZYQC_090_D7","0","Phagolysosome/autophagy",-0.159570894524645
"ZYQC_090","D7","ZYQC_090_D7","0","Type I interferon response",-0.527757922369276
"ZYQC_090","D7","ZYQC_090_D7","0","Ribosome biogenesis",0.338316705408225
"ZYQC_093","D7","ZYQC_093_D7","0","PRR/TLR/TNF/NF-kB signaling",0.465076153011487
"ZYQC_093","D7","ZYQC_093_D7","0","Phagolysosome/autophagy",0.475122560915822
"ZYQC_093","D7","ZYQC_093_D7","0","Type I interferon response",0.543006667608886
"ZYQC_093","D7","ZYQC_093_D7","0","Ribosome biogenesis",-0.692740931502903
"ZYQC_094","D7","ZYQC_094_D7","0","PRR/TLR/TNF/NF-kB signaling",0.480369928983848
"ZYQC_094","D7","ZYQC_094_D7","0","Phagolysosome/autophagy",0.362598649698187
"ZYQC_094","D7","ZYQC_094_D7","0","Type I interferon response",0.607540216294574
"ZYQC_094","D7","ZYQC_094_D7","0","Ribosome biogenesis",-0.650754493049083
"ZYQC_095","D7","ZYQC_095_D7","0","PRR/TLR/TNF/NF-kB signaling",0.428022012930475
"ZYQC_095","D7","ZYQC_095_D7","0","Phagolysosome/autophagy",0.284395700688095
"ZYQC_095","D7","ZYQC_095_D7","0","Type I interferon response",0.530719392208038
"ZYQC_095","D7","ZYQC_095_D7","0","Ribosome biogenesis",-0.402496908395431
"ZYQC_096","D7","ZYQC_096_D7","0","PRR/TLR/TNF/NF-kB signaling",0.483852656912944
"ZYQC_096","D7","ZYQC_096_D7","0","Phagolysosome/autophagy",0.527767495014874
"ZYQC_096","D7","ZYQC_096_D7","0","Type I interferon response",0.435798043141546
"ZYQC_096","D7","ZYQC_096_D7","0","Ribosome biogenesis",-0.711392647228658
"ZYQC_097","D7","ZYQC_097_D7","0","PRR/TLR/TNF/NF-kB signaling",-0.484410440678016
"ZYQC_097","D7","ZYQC_097_D7","0","Phagolysosome/autophagy",-0.367526946485096
"ZYQC_097","D7","ZYQC_097_D7","0","Type I interferon response",-0.354570464772854
"ZYQC_097","D7","ZYQC_097_D7","0","Ribosome biogenesis",0.584261451706941
"ZYQC_098","D7","ZYQC_098_D7","1","PRR/TLR/TNF/NF-kB signaling",0.44700138219293
"ZYQC_098","D7","ZYQC_098_D7","1","Phagolysosome/autophagy",0.165947257542967
"ZYQC_098","D7","ZYQC_098_D7","1","Type I interferon response",0.595060347051638
"ZYQC_098","D7","ZYQC_098_D7","1","Ribosome biogenesis",-0.5134307204234
"ZYQC_099","D7","ZYQC_099_D7","0","PRR/TLR/TNF/NF-kB signaling",-0.39774758427914
"ZYQC_099","D7","ZYQC_099_D7","0","Phagolysosome/autophagy",-0.488718284510163
"ZYQC_099","D7","ZYQC_099_D7","0","Type I interferon response",-0.373902746950938
"ZYQC_099","D7","ZYQC_099_D7","0","Ribosome biogenesis",0.5131344334925
"ZYQC_101","D7","ZYQC_101_D7","0","PRR/TLR/TNF/NF-kB signaling",-0.202602101531266
"ZYQC_101","D7","ZYQC_101_D7","0","Phagolysosome/autophagy",-0.309186682590087
"ZYQC_101","D7","ZYQC_101_D7","0","Type I interferon response",-0.0545510757413282
"ZYQC_101","D7","ZYQC_101_D7","0","Ribosome biogenesis",0.140192478068494
"ZYQC_102","D7","ZYQC_102_D7","0","PRR/TLR/TNF/NF-kB signaling",-0.603890625945781
"ZYQC_102","D7","ZYQC_102_D7","0","Phagolysosome/autophagy",-0.599688960696915
"ZYQC_102","D7","ZYQC_102_D7","0","Type I interferon response",-0.597672607937883
"ZYQC_102","D7","ZYQC_102_D7","0","Ribosome biogenesis",0.536791938736757
"ZYQC_103","D7","ZYQC_103_D7","0","PRR/TLR/TNF/NF-kB signaling",-0.255236246839546
"ZYQC_103","D7","ZYQC_103_D7","0","Phagolysosome/autophagy",-0.39093380469289
"ZYQC_103","D7","ZYQC_103_D7","0","Type I interferon response",0.0358658556392095
"ZYQC_103","D7","ZYQC_103_D7","0","Ribosome biogenesis",-0.576296913342417
"ZYQC_104","D7","ZYQC_104_D7","0","PRR/TLR/TNF/NF-kB signaling",0.043935083937738
"ZYQC_104","D7","ZYQC_104_D7","0","Phagolysosome/autophagy",0.2350661827404
"ZYQC_104","D7","ZYQC_104_D7","0","Type I interferon response",-0.319133479452011
"ZYQC_104","D7","ZYQC_104_D7","0","Ribosome biogenesis",-0.572161701297897
"ZYQC_105","D7","ZYQC_105_D7","0","PRR/TLR/TNF/NF-kB signaling",-0.168600636684016
"ZYQC_105","D7","ZYQC_105_D7","0","Phagolysosome/autophagy",-0.404390045556442
"ZYQC_105","D7","ZYQC_105_D7","0","Type I interferon response",0.425648537886663
"ZYQC_105","D7","ZYQC_105_D7","0","Ribosome biogenesis",0.11868274288682
"ZYQC_106","D7","ZYQC_106_D7","0","PRR/TLR/TNF/NF-kB signaling",0.303993108948102
"ZYQC_106","D7","ZYQC_106_D7","0","Phagolysosome/autophagy",0.368754398333228
"ZYQC_106","D7","ZYQC_106_D7","0","Type I interferon response",0.142552106990857
"ZYQC_106","D7","ZYQC_106_D7","0","Ribosome biogenesis",-0.467815203208482
"ZYQC_109","D7","ZYQC_109_D7","0","PRR/TLR/TNF/NF-kB signaling",-0.23910947792503
"ZYQC_109","D7","ZYQC_109_D7","0","Phagolysosome/autophagy",-0.284192867860294
"ZYQC_109","D7","ZYQC_109_D7","0","Type I interferon response",0.204065135686666
"ZYQC_109","D7","ZYQC_109_D7","0","Ribosome biogenesis",-0.0778838992625008
"ZYQC_110","D7","ZYQC_110_D7","1","PRR/TLR/TNF/NF-kB signaling",-0.598534421735343
"ZYQC_110","D7","ZYQC_110_D7","1","Phagolysosome/autophagy",-0.516000646766432
"ZYQC_110","D7","ZYQC_110_D7","1","Type I interferon response",-0.441776096865636
"ZYQC_110","D7","ZYQC_110_D7","1","Ribosome biogenesis",0.668672706401676
"ZYQC_111","D7","ZYQC_111_D7","0","PRR/TLR/TNF/NF-kB signaling",0.315505913103298
"ZYQC_111","D7","ZYQC_111_D7","0","Phagolysosome/autophagy",0.298842621724866
"ZYQC_111","D7","ZYQC_111_D7","0","Type I interferon response",0.571950970135032
"ZYQC_111","D7","ZYQC_111_D7","0","Ribosome biogenesis",-0.434837415033739
"ZYQC_112","D7","ZYQC_112_D7","0","PRR/TLR/TNF/NF-kB signaling",-0.655784593600106
"ZYQC_112","D7","ZYQC_112_D7","0","Phagolysosome/autophagy",-0.676262406575132
"ZYQC_112","D7","ZYQC_112_D7","0","Type I interferon response",-0.57347007919301
"ZYQC_112","D7","ZYQC_112_D7","0","Ribosome biogenesis",0.569097358370676
"ZYQC_113","D7","ZYQC_113_D7","0","PRR/TLR/TNF/NF-kB signaling",-0.586091518857021
"ZYQC_113","D7","ZYQC_113_D7","0","Phagolysosome/autophagy",-0.630484327160788
"ZYQC_113","D7","ZYQC_113_D7","0","Type I interferon response",-0.458626384829211
"ZYQC_113","D7","ZYQC_113_D7","0","Ribosome biogenesis",0.484291865814882
"ZYQC_114","D7","ZYQC_114_D7","0","PRR/TLR/TNF/NF-kB signaling",-0.580379442781136
"ZYQC_114","D7","ZYQC_114_D7","0","Phagolysosome/autophagy",-0.672748334498868
"ZYQC_114","D7","ZYQC_114_D7","0","Type I interferon response",-0.463901670682728
"ZYQC_114","D7","ZYQC_114_D7","0","Ribosome biogenesis",0.404293499070549
"ZYQC_115","D7","ZYQC_115_D7","0","PRR/TLR/TNF/NF-kB signaling",-0.451784172072672
"ZYQC_115","D7","ZYQC_115_D7","0","Phagolysosome/autophagy",-0.358688659301817
"ZYQC_115","D7","ZYQC_115_D7","0","Type I interferon response",-0.390578881579587
"ZYQC_115","D7","ZYQC_115_D7","0","Ribosome biogenesis",0.282809928407625
"ZYQC_116","D7","ZYQC_116_D7","0","PRR/TLR/TNF/NF-kB signaling",-0.505557232192111
"ZYQC_116","D7","ZYQC_116_D7","0","Phagolysosome/autophagy",-0.50587738877817
"ZYQC_116","D7","ZYQC_116_D7","0","Type I interferon response",-0.313797058084193
"ZYQC_116","D7","ZYQC_116_D7","0","Ribosome biogenesis",0.103047693599283
"ZYQC_118","D7","ZYQC_118_D7","0","PRR/TLR/TNF/NF-kB signaling",-0.433903919802164
"ZYQC_118","D7","ZYQC_118_D7","0","Phagolysosome/autophagy",-0.390059297291812
"ZYQC_118","D7","ZYQC_118_D7","0","Type I interferon response",-0.338474957278709
"ZYQC_118","D7","ZYQC_118_D7","0","Ribosome biogenesis",0.423841508597569
"ZYQC_119","D7","ZYQC_119_D7","1","PRR/TLR/TNF/NF-kB signaling",0.520323836039642
"ZYQC_119","D7","ZYQC_119_D7","1","Phagolysosome/autophagy",0.600160073732306
"ZYQC_119","D7","ZYQC_119_D7","1","Type I interferon response",0.604810694893849
"ZYQC_119","D7","ZYQC_119_D7","1","Ribosome biogenesis",-0.554022229901637
"ZYQC_120","D7","ZYQC_120_D7","1","PRR/TLR/TNF/NF-kB signaling",0.51264123975867
"ZYQC_120","D7","ZYQC_120_D7","1","Phagolysosome/autophagy",0.524287946547828
"ZYQC_120","D7","ZYQC_120_D7","1","Type I interferon response",0.631016639404697
"ZYQC_120","D7","ZYQC_120_D7","1","Ribosome biogenesis",-0.682135257035812
"ZYQC_121","D7","ZYQC_121_D7","0","PRR/TLR/TNF/NF-kB signaling",-0.447713134018926
"ZYQC_121","D7","ZYQC_121_D7","0","Phagolysosome/autophagy",-0.464989696292293
"ZYQC_121","D7","ZYQC_121_D7","0","Type I interferon response",-0.318985577021595
"ZYQC_121","D7","ZYQC_121_D7","0","Ribosome biogenesis",-0.161223607696276
"ZYQC_122","D7","ZYQC_122_D7","0","PRR/TLR/TNF/NF-kB signaling",-0.620703772857385
"ZYQC_122","D7","ZYQC_122_D7","0","Phagolysosome/autophagy",-0.670218471814928
"ZYQC_122","D7","ZYQC_122_D7","0","Type I interferon response",-0.426257096050489
"ZYQC_122","D7","ZYQC_122_D7","0","Ribosome biogenesis",0.357280390303071
"ZYQC_123","D7","ZYQC_123_D7","0","PRR/TLR/TNF/NF-kB signaling",-0.256879110984036
"ZYQC_123","D7","ZYQC_123_D7","0","Phagolysosome/autophagy",-0.104912408848213
"ZYQC_123","D7","ZYQC_123_D7","0","Type I interferon response",-0.158587409732098
"ZYQC_123","D7","ZYQC_123_D7","0","Ribosome biogenesis",-0.225804818512901
"ZYQC_124","D7","ZYQC_124_D7","0","PRR/TLR/TNF/NF-kB signaling",-0.665226976648286
"ZYQC_124","D7","ZYQC_124_D7","0","Phagolysosome/autophagy",-0.648295529311703
"ZYQC_124","D7","ZYQC_124_D7","0","Type I interferon response",-0.481136494631836
"ZYQC_124","D7","ZYQC_124_D7","0","Ribosome biogenesis",0.497096732344081
"ZYQC_125","D7","ZYQC_125_D7","1","PRR/TLR/TNF/NF-kB signaling",-0.0665561400055886
"ZYQC_125","D7","ZYQC_125_D7","1","Phagolysosome/autophagy",-0.333087935319397
"ZYQC_125","D7","ZYQC_125_D7","1","Type I interferon response",0.364463146720938
"ZYQC_125","D7","ZYQC_125_D7","1","Ribosome biogenesis",-0.152901334014631
"ZYQC_126","D7","ZYQC_126_D7","1","PRR/TLR/TNF/NF-kB signaling",0.493310288769455
"ZYQC_126","D7","ZYQC_126_D7","1","Phagolysosome/autophagy",0.448506033701422
"ZYQC_126","D7","ZYQC_126_D7","1","Type I interferon response",0.275740344486687
"ZYQC_126","D7","ZYQC_126_D7","1","Ribosome biogenesis",-0.319956889267023
"ZYQC_127","D7","ZYQC_127_D7","0","PRR/TLR/TNF/NF-kB signaling",-0.522178258305891
"ZYQC_127","D7","ZYQC_127_D7","0","Phagolysosome/autophagy",-0.532511034528898
"ZYQC_127","D7","ZYQC_127_D7","0","Type I interferon response",-0.367835198870517
"ZYQC_127","D7","ZYQC_127_D7","0","Ribosome biogenesis",0.412204605183997
"ZYQC_132","D7","ZYQC_132_D7","0","PRR/TLR/TNF/NF-kB signaling",-0.603754266768964
"ZYQC_132","D7","ZYQC_132_D7","0","Phagolysosome/autophagy",-0.566043175350894
"ZYQC_132","D7","ZYQC_132_D7","0","Type I interferon response",-0.581666573099964
"ZYQC_132","D7","ZYQC_132_D7","0","Ribosome biogenesis",0.558092862564904
"ZYQC_133","D7","ZYQC_133_D7","1","PRR/TLR/TNF/NF-kB signaling",-0.46833145668245
"ZYQC_133","D7","ZYQC_133_D7","1","Phagolysosome/autophagy",-0.559462220960421
"ZYQC_133","D7","ZYQC_133_D7","1","Type I interferon response",-0.413526513770696
"ZYQC_133","D7","ZYQC_133_D7","1","Ribosome biogenesis",0.417996439610843
"ZYQC_134","D7","ZYQC_134_D7","0","PRR/TLR/TNF/NF-kB signaling",-0.639512179591289
"ZYQC_134","D7","ZYQC_134_D7","0","Phagolysosome/autophagy",-0.616344200467095
"ZYQC_134","D7","ZYQC_134_D7","0","Type I interferon response",-0.562693267952276
"ZYQC_134","D7","ZYQC_134_D7","0","Ribosome biogenesis",0.120963500750329
"ZYQC_135","D7","ZYQC_135_D7","0","PRR/TLR/TNF/NF-kB signaling",0.531869633849091
"ZYQC_135","D7","ZYQC_135_D7","0","Phagolysosome/autophagy",0.52715850002268
"ZYQC_135","D7","ZYQC_135_D7","0","Type I interferon response",0.391499078498122
"ZYQC_135","D7","ZYQC_135_D7","0","Ribosome biogenesis",-0.638493378585608
"ZYQC_143","D7","ZYQC_143_D7","1","PRR/TLR/TNF/NF-kB signaling",0.571934883527732
"ZYQC_143","D7","ZYQC_143_D7","1","Phagolysosome/autophagy",0.574547816171618
"ZYQC_143","D7","ZYQC_143_D7","1","Type I interferon response",0.561995768089759
"ZYQC_143","D7","ZYQC_143_D7","1","Ribosome biogenesis",-0.585888947847169
"ZYYH_040","D7","ZYYH_040_D7","0","PRR/TLR/TNF/NF-kB signaling",-0.531929243986338
"ZYYH_040","D7","ZYYH_040_D7","0","Phagolysosome/autophagy",-0.513181515514799
"ZYYH_040","D7","ZYYH_040_D7","0","Type I interferon response",-0.559447519491419
"ZYYH_040","D7","ZYYH_040_D7","0","Ribosome biogenesis",0.484719412791685
"ZYYH_044","D7","ZYYH_044_D7","0","PRR/TLR/TNF/NF-kB signaling",0.106550961457143
"ZYYH_044","D7","ZYYH_044_D7","0","Phagolysosome/autophagy",0.171196005116211
"ZYYH_044","D7","ZYYH_044_D7","0","Type I interferon response",0.615932894613065
"ZYYH_044","D7","ZYYH_044_D7","0","Ribosome biogenesis",-0.00162685980507081
"ZYYH_047","D7","ZYYH_047_D7","0","PRR/TLR/TNF/NF-kB signaling",-0.114859355532017
"ZYYH_047","D7","ZYYH_047_D7","0","Phagolysosome/autophagy",0.112837897628618
"ZYYH_047","D7","ZYYH_047_D7","0","Type I interferon response",-0.376018255098373
"ZYYH_047","D7","ZYYH_047_D7","0","Ribosome biogenesis",-0.397919655140011
"ZYYH_048","D7","ZYYH_048_D7","0","PRR/TLR/TNF/NF-kB signaling",-0.217395928807741
"ZYYH_048","D7","ZYYH_048_D7","0","Phagolysosome/autophagy",-0.0233699486998997
"ZYYH_048","D7","ZYYH_048_D7","0","Type I interferon response",-0.231617068955631
"ZYYH_048","D7","ZYYH_048_D7","0","Ribosome biogenesis",0.417927085317403
"ZYYH_050","D7","ZYYH_050_D7","0","PRR/TLR/TNF/NF-kB signaling",0.0051778473387529
"ZYYH_050","D7","ZYYH_050_D7","0","Phagolysosome/autophagy",-0.197276101711525
"ZYYH_050","D7","ZYYH_050_D7","0","Type I interferon response",0.464001973666084
"ZYYH_050","D7","ZYYH_050_D7","0","Ribosome biogenesis",0.558068833684322
"ZYYH_051","D7","ZYYH_051_D7","0","PRR/TLR/TNF/NF-kB signaling",-0.26710410286992
"ZYYH_051","D7","ZYYH_051_D7","0","Phagolysosome/autophagy",-0.0808446102846028
"ZYYH_051","D7","ZYYH_051_D7","0","Type I interferon response",-0.34489205073678
"ZYYH_051","D7","ZYYH_051_D7","0","Ribosome biogenesis",-0.541734851232108
"ZYYH_053","D7","ZYYH_053_D7","0","PRR/TLR/TNF/NF-kB signaling",0.21443830124684
"ZYYH_053","D7","ZYYH_053_D7","0","Phagolysosome/autophagy",0.300365398941338
"ZYYH_053","D7","ZYYH_053_D7","0","Type I interferon response",0.141758565103177
"ZYYH_053","D7","ZYYH_053_D7","0","Ribosome biogenesis",-0.452134963142602
"ZYYH_055","D7","ZYYH_055_D7","0","PRR/TLR/TNF/NF-kB signaling",0.160104318393037
"ZYYH_055","D7","ZYYH_055_D7","0","Phagolysosome/autophagy",-0.0339902376103654
"ZYYH_055","D7","ZYYH_055_D7","0","Type I interferon response",0.46168805547558
"ZYYH_055","D7","ZYYH_055_D7","0","Ribosome biogenesis",-0.477013807181751
"ZYYH_057","D7","ZYYH_057_D7","0","PRR/TLR/TNF/NF-kB signaling",-0.491603202686973
"ZYYH_057","D7","ZYYH_057_D7","0","Phagolysosome/autophagy",-0.471924111985048
"ZYYH_057","D7","ZYYH_057_D7","0","Type I interferon response",-0.37784643282055
"ZYYH_057","D7","ZYYH_057_D7","0","Ribosome biogenesis",0.522566889152198
"ZYYH_060","D7","ZYYH_060_D7","0","PRR/TLR/TNF/NF-kB signaling",-0.258676660329348
"ZYYH_060","D7","ZYYH_060_D7","0","Phagolysosome/autophagy",-0.152327235320527
"ZYYH_060","D7","ZYYH_060_D7","0","Type I interferon response",-0.365805537243055
"ZYYH_060","D7","ZYYH_060_D7","0","Ribosome biogenesis",0.426507788452149
"ZYYH_061","D7","ZYYH_061_D7","1","PRR/TLR/TNF/NF-kB signaling",0.329030551904293
"ZYYH_061","D7","ZYYH_061_D7","1","Phagolysosome/autophagy",0.35722257251223
"ZYYH_061","D7","ZYYH_061_D7","1","Type I interferon response",0.499140100975773
"ZYYH_061","D7","ZYYH_061_D7","1","Ribosome biogenesis",-0.644905890164951
"ZYYH_062","D7","ZYYH_062_D7","0","PRR/TLR/TNF/NF-kB signaling",-0.337129313473719
"ZYYH_062","D7","ZYYH_062_D7","0","Phagolysosome/autophagy",-0.423248809571465
"ZYYH_062","D7","ZYYH_062_D7","0","Type I interferon response",-0.290294505334477
"ZYYH_062","D7","ZYYH_062_D7","0","Ribosome biogenesis",-0.019523449985927
"ZYYH_063","D7","ZYYH_063_D7","0","PRR/TLR/TNF/NF-kB signaling",-0.465420042221867
"ZYYH_063","D7","ZYYH_063_D7","0","Phagolysosome/autophagy",-0.565786065992891
"ZYYH_063","D7","ZYYH_063_D7","0","Type I interferon response",-0.229073150759583
"ZYYH_063","D7","ZYYH_063_D7","0","Ribosome biogenesis",0.239782587316961
"ZYYH_065","D7","ZYYH_065_D7","0","PRR/TLR/TNF/NF-kB signaling",0.258050535583349
"ZYYH_065","D7","ZYYH_065_D7","0","Phagolysosome/autophagy",0.351008277350107
"ZYYH_065","D7","ZYYH_065_D7","0","Type I interferon response",0.0647721598101813
"ZYYH_065","D7","ZYYH_065_D7","0","Ribosome biogenesis",-0.541391812597804
"ZYYH_066","D7","ZYYH_066_D7","0","PRR/TLR/TNF/NF-kB signaling",0.141995241643487
"ZYYH_066","D7","ZYYH_066_D7","0","Phagolysosome/autophagy",0.218435193537137
"ZYYH_066","D7","ZYYH_066_D7","0","Type I interferon response",-0.195270166516658
"ZYYH_066","D7","ZYYH_066_D7","0","Ribosome biogenesis",-0.357101534821665
"ZYYH_067","D7","ZYYH_067_D7","0","PRR/TLR/TNF/NF-kB signaling",0.378576673487911
"ZYYH_067","D7","ZYYH_067_D7","0","Phagolysosome/autophagy",0.222500417642195
"ZYYH_067","D7","ZYYH_067_D7","0","Type I interferon response",0.444202747527591
"ZYYH_067","D7","ZYYH_067_D7","0","Ribosome biogenesis",-0.269027825582766
"ZYYH_069","D7","ZYYH_069_D7","0","PRR/TLR/TNF/NF-kB signaling",-0.194299774815602
"ZYYH_069","D7","ZYYH_069_D7","0","Phagolysosome/autophagy",-0.341455938057071
"ZYYH_069","D7","ZYYH_069_D7","0","Type I interferon response",0.254962695319386
"ZYYH_069","D7","ZYYH_069_D7","0","Ribosome biogenesis",0.251274841862453
"ZYYH_073","D7","ZYYH_073_D7","0","PRR/TLR/TNF/NF-kB signaling",-0.609674443186708
"ZYYH_073","D7","ZYYH_073_D7","0","Phagolysosome/autophagy",-0.683349695845442
"ZYYH_073","D7","ZYYH_073_D7","0","Type I interferon response",-0.441914154566315
"ZYYH_073","D7","ZYYH_073_D7","0","Ribosome biogenesis",0.493265531585542
"ZYYH_074","D7","ZYYH_074_D7","0","PRR/TLR/TNF/NF-kB signaling",-0.411652043069156
"ZYYH_074","D7","ZYYH_074_D7","0","Phagolysosome/autophagy",-0.455371704155059
"ZYYH_074","D7","ZYYH_074_D7","0","Type I interferon response",-0.542493164420948
"ZYYH_074","D7","ZYYH_074_D7","0","Ribosome biogenesis",0.0214821868581984
"ZZRM_011","D7","ZZRM_011_D7","0","PRR/TLR/TNF/NF-kB signaling",0.397319746644202
"ZZRM_011","D7","ZZRM_011_D7","0","Phagolysosome/autophagy",0.137781184938898
"ZZRM_011","D7","ZZRM_011_D7","0","Type I interferon response",0.500440492311144
"ZZRM_011","D7","ZZRM_011_D7","0","Ribosome biogenesis",-0.169958631756054
"ZZRM_075","D7","ZZRM_075_D7","0","PRR/TLR/TNF/NF-kB signaling",0.354994961896979
"ZZRM_075","D7","ZZRM_075_D7","0","Phagolysosome/autophagy",0.393160527653292
"ZZRM_075","D7","ZZRM_075_D7","0","Type I interferon response",0.0351666379045846
"ZZRM_075","D7","ZZRM_075_D7","0","Ribosome biogenesis",0.501525730216935
"ZZRM_077","D7","ZZRM_077_D7","1","PRR/TLR/TNF/NF-kB signaling",-0.488498467453507
"ZZRM_077","D7","ZZRM_077_D7","1","Phagolysosome/autophagy",-0.474570619370744
"ZZRM_077","D7","ZZRM_077_D7","1","Type I interferon response",-0.378334041497822
"ZZRM_077","D7","ZZRM_077_D7","1","Ribosome biogenesis",0.235505969740123
"ZZRM_081","D7","ZZRM_081_D7","0","PRR/TLR/TNF/NF-kB signaling",0.409067420716531
"ZZRM_081","D7","ZZRM_081_D7","0","Phagolysosome/autophagy",0.454685049002426
"ZZRM_081","D7","ZZRM_081_D7","0","Type I interferon response",0.127327195118128
"ZZRM_081","D7","ZZRM_081_D7","0","Ribosome biogenesis",-0.486939207593529
"ZZRM_089","D7","ZZRM_089_D7","1","PRR/TLR/TNF/NF-kB signaling",-0.0829428009768708
"ZZRM_089","D7","ZZRM_089_D7","1","Phagolysosome/autophagy",-0.0118372671038859
"ZZRM_089","D7","ZZRM_089_D7","1","Type I interferon response",-0.314208933806309
"ZZRM_089","D7","ZZRM_089_D7","1","Ribosome biogenesis",-0.240472756739391
"ZZRM_091","D7","ZZRM_091_D7","0","PRR/TLR/TNF/NF-kB signaling",0.0367789465134287
"ZZRM_091","D7","ZZRM_091_D7","0","Phagolysosome/autophagy",0.0180910350871703
"ZZRM_091","D7","ZZRM_091_D7","0","Type I interferon response",-0.036025962027137
"ZZRM_091","D7","ZZRM_091_D7","0","Ribosome biogenesis",-0.332705797881885
"ZZRM_101","D7","ZZRM_101_D7","0","PRR/TLR/TNF/NF-kB signaling",-0.449410078602994
"ZZRM_101","D7","ZZRM_101_D7","0","Phagolysosome/autophagy",-0.4289182050397
"ZZRM_101","D7","ZZRM_101_D7","0","Type I interferon response",-0.305608015899186
"ZZRM_101","D7","ZZRM_101_D7","0","Ribosome biogenesis",0.162460408359637
"ZZRM_104","D7","ZZRM_104_D7","0","PRR/TLR/TNF/NF-kB signaling",-0.361738746150562
"ZZRM_104","D7","ZZRM_104_D7","0","Phagolysosome/autophagy",-0.528439331709214
"ZZRM_104","D7","ZZRM_104_D7","0","Type I interferon response",0.011608988107071
"ZZRM_104","D7","ZZRM_104_D7","0","Ribosome biogenesis",0.190386588393903
