HumanID,StudyCohort417,cohort,Mortality28d,Age,Gender,SOFA_24h,Immunosuppression,MV,PneumoniaType,APACHEII_24h,DM,MI,COPD,HepaticImpairment,RenalDisease,Tumor,HM,ConnectiveTissueDisease,TransplantHistory,WBC,LymphocyteCount,NeutrophilCount,PlateletCount,PCT,hsCRP,PaO2_FiO2
ZYQC_001,0,whole_only,0,73,M,7,1,1,1.CAP,11,0,0,0,0,0,0,0,1,0,5.35,1.79,3.52,170,0.28,98.55,121.99999999999999
ZYQC_002,0,whole_only,0,43,M,13,0,1,2.HAP,18,1,0,0,0,0,0,0,0,0,44.68,1.56,41.73,44,0.37,103.09,272.72727272727275
ZYQC_003,0,whole_only,0,23,F,8,0,1,1.CAP,20,1,0,0,0,1,0,0,0,0,2.71,0.64,1.81,139,3.29,99.19,69
ZYQC_004,0,whole_only,0,73,M,3,0,1,2.HAP,10,0,0,0,0,0,0,0,1,0,12.93,0.25,12.39,172,0.09,114.16,213.33333333333334
ZYQC_005,0,whole_only,1,39,M,10,0,1,1.CAP,8,0,0,0,1,0,0,0,0,0,15.33,0.41,14.53,22,0.33,12.11,66
ZYQC_006,0,whole_only,0,70,M,11,1,1,1.CAP,21,0,0,0,0,0,0,1,0,0,198.58,174.75,1.99,85,80.5,367.8,81
ZYQC_007,0,whole_only,1,42,M,8,0,1,1.CAP,16,0,0,1,0,0,0,0,1,0,29.28,1.7,26.56,446,0.75,14.38,65
ZYQC_008,0,whole_only,0,35,M,3,0,1,1.CAP,2,0,0,0,0,0,0,0,0,0,10.11,2.11,6.88,212,0.04,42.47,155.55555555555554
ZYQC_009,0,whole_only,1,76,M,11,0,1,2.HAP,23,1,0,0,0,1,0,0,0,0,8.7,1.75,4.95,273,4.16,150.06,67.77777777777777
ZYQC_010,0,whole_only,0,68,M,6,0,1,1.CAP,15,0,1,0,0,0,0,0,0,0,29.7,0.8,26.97,261,0.85,20.9,311.53846153846155
ZYQC_011,0,whole_only,0,85,M,9,0,1,2.HAP,26,0,0,0,0,0,0,0,0,0,8.33,0.55,7.29,208,6.27,12.32,205.71428571428572
ZYQC_012,0,whole_only,1,63,F,8,1,1,2.HAP,10,0,0,0,0,1,0,0,0,1,6.28,0.15,5.98,36,0.44,19.86,300
ZYQC_013,0,whole_only,1,78,M,3,0,1,2.HAP,12,0,0,0,0,0,1,0,0,0,15.84,1.19,15.84,254,0.63,212.21,110.5
ZYQC_014,0,whole_only,0,87,M,6,0,1,1.CAP,10,0,0,1,0,0,0,0,0,0,19.02,0.48,16.45,616,0.45,144.8,124
ZYQC_015,0,whole_only,0,31,M,10,0,1,NA,11,0,0,0,0,0,0,0,0,0,12.54,0.89,10.87,147,0.11,5.1,256
ZYQC_016,0,whole_only,1,70,M,6,0,1,1.CAP,18,0,0,0,0,0,0,0,0,0,15.46,0.31,14.84,82,1.21,97.85,75
ZYQC_017,0,whole_only,0,75,M,6,0,1,1.CAP,10,0,0,1,0,0,0,0,0,0,10.32,0.38,9.45,134,1.42,37,306.6666666666667
ZYQC_018,0,whole_only,0,76,M,10,0,1,NA,16,0,0,0,0,0,0,0,0,0,5.31,0.56,4.16,121,0.96,70.37,168.88888888888889
ZYQC_019,0,whole_only,0,74,M,11,0,1,2.HAP,23,0,0,1,0,0,0,0,0,0,24.52,1.28,21.28,194,0.31,0.22,110
ZYQC_020,0,whole_only,0,51,M,16,0,1,2.HAP,14,0,0,0,0,0,0,1,0,0,14.19,0.26,13.5,22,3.65,9.17,136
ZYQC_021,0,whole_only,0,79,M,7,0,1,1.CAP,9,0,0,1,0,0,0,0,0,0,12.8,0.37,11.96,149,0.51,177.76,160
ZYQC_022,0,whole_only,0,56,M,8,0,1,1.CAP,11,0,0,0,0,0,0,0,0,0,23.44,0.54,22.57,115,64.05,346.82,222.5
ZYQC_023,0,whole_only,0,82,M,9,0,1,2.HAP,13,0,0,1,0,0,1,0,0,0,12.11,0.25,10.5,44,2.56,193.8,205.71428571428572
ZYQC_024,0,whole_only,1,74,M,8,0,1,1.CAP,10,0,0,0,0,0,0,0,0,0,11.14,0.53,8.62,65,2.68,75.02,185.71428571428572
ZYQC_025,0,whole_only,0,66,M,11,0,1,1.CAP,20,0,0,0,0,0,1,0,0,0,22.09,0.93,20.01,40,13.08,190.92,119.27272727272725
ZYQC_026,0,whole_only,0,69,M,8,0,1,1.CAP,12,0,0,0,0,0,0,0,0,0,5.96,0.37,5.41,93,53.53,22.15,260
ZYQC_027,0,whole_only,0,88,M,5,0,1,1.CAP,17,0,1,1,0,0,0,0,0,0,6.58,0.32,5.99,193,0.38,53.6,342
ZYQC_028,0,whole_only,0,69,M,9,0,1,1.CAP,14,0,0,0,0,0,0,0,0,0,24.07,0.6,22.12,196,2.3,12.11,258
ZYQC_029,0,whole_only,1,75,M,6,0,1,1.CAP,14,0,0,0,0,0,0,0,0,0,9.84,0.27,8.78,310,2.31,55.28,151.11111111111111
ZYQC_030,0,whole_only,1,58,F,8,1,1,1.CAP,15,0,0,0,0,0,0,1,0,0,10.92,0.12,10.59,317,0.11,136.02,58
ZYQC_031,0,whole_only,0,52,M,9,0,1,NA,16,0,0,0,0,1,0,0,0,0,10.4,0.44,9.52,81,4.14,277.22,308
ZYQC_032,0,whole_only,1,35,M,13,1,1,2.HAP,9,0,0,0,1,1,0,0,0,1,12.05,0.35,10.8,40,5.18,116.86,253.33333333333334
ZYQC_034,0,whole_only,0,53,M,11,0,1,2.HAP,16,0,0,0,0,0,0,0,0,0,10.24,0.75,8.5,213,0.25,163.76,142.22222222222223
ZYQC_035,0,whole_only,0,61,F,8,1,1,1.CAP,13,0,0,1,0,0,0,0,1,0,12.46,1.05,11.05,124,0.1,41.24,85
ZYQC_036,0,whole_only,0,67,M,6,0,1,1.CAP,13,1,0,0,0,0,0,0,0,0,16.77,0.27,15.9,251,0.32,41.92,100
ZYQC_037,0,whole_only,1,68,M,11,0,1,1.CAP,20,1,0,1,0,1,0,0,0,0,13.83,0.21,13.3,229,20.26,193.3,58.6
ZYQC_038,0,whole_only,0,36,M,2,0,1,1.CAP,7,0,0,0,0,0,0,0,0,0,27.69,0.61,26.33,320,0.77,254.84,324
ZYQC_039,1,study_417,0,76,M,3,0,1,1.CAP,13,0,0,1,0,0,0,0,0,0,14.03,0.18,13.48,166,0.05,1.39,120.33333333333334
ZYQC_040,1,study_417,1,67,M,5,1,1,1.CAP,13,0,0,0,0,0,0,0,1,0,8.29,0.09,7.99,115,0.07,24.96,87.5
ZYQC_041,1,study_417,0,73,F,4,0,1,1.CAP,20,0,0,1,0,0,0,0,0,0,19.12,0.13,18.78,287,1.19,63.39,200
ZYQC_042,1,study_417,0,60,M,2,0,1,1.CAP,7,0,0,1,0,0,0,0,0,0,12.14,0.63,10.61,193,0.19,8.24,246.66666666666666
ZYQC_043,1,study_417,0,48,M,4,0,1,1.CAP,8,0,0,0,0,0,0,0,0,0,17.88,0.68,15.16,109,0.63,24.15,244.33333333333334
ZYQC_044,0,whole_only,NA,60,F,16,1,1,1.CAP,22,0,0,0,0,0,0,0,1,0,8.96,0.87,7.7,46,20.57,126.12,116.66666666666667
ZYQC_045,1,study_417,0,59,M,4,1,0,1.CAP,10,0,0,0,0,0,0,1,0,0,4.32,0.27,3.91,123,0.09,20.54,122.00000000000001
ZYQC_046,1,study_417,1,71,M,10,1,1,1.CAP,21,0,0,1,0,0,0,0,0,0,27.25,0.93,25.78,160,0.21,13.87,118.33333333333334
ZYQC_047,1,study_417,1,68,F,3,0,1,1.CAP,12,0,0,0,1,1,0,0,0,0,24.09,1.25,22.16,358,0.09,10.29,120.00000000000001
ZYQC_048,1,study_417,0,64,F,11,0,1,1.CAP,15,0,0,1,0,0,1,0,0,0,3.46,0.18,3,71,4.24,45.41,180
ZYQC_049,1,study_417,1,60,F,5,0,1,1.CAP,15,0,0,1,0,0,0,0,1,0,21.35,0.56,20.43,362,0.09,63.08,67
ZYQC_050,1,study_417,0,35,M,13,1,1,1.CAP,31,0,0,0,0,1,0,0,0,1,17.96,0.23,17.06,104,5.5,38.83,59
ZYQC_051,1,study_417,0,81,M,4,0,1,1.CAP,18,0,0,0,0,0,0,0,0,0,26.61,0.32,26.05,198,1.13,271.69,98.57142857142858
ZYQC_052,1,study_417,0,59,M,19,0,1,1.CAP,28,0,0,0,0,0,0,0,0,0,7.91,1.02,6.3,10,30.5,216.73,95
ZYQC_053,1,study_417,1,76,F,6,0,1,1.CAP,19,1,0,0,0,0,0,0,0,0,16.38,0.62,15.46,309,0.05,12.83,142
ZYQC_054,1,study_417,1,51,M,7,1,1,1.CAP,13,0,0,0,0,0,0,0,1,0,5.43,0.17,5.25,105,0.35,87.6,84.28571428571429
ZYQC_055,1,study_417,0,77,M,7,0,1,2.HAP,15,1,0,1,0,0,0,0,0,0,13.91,0.56,12.38,198,0.13,109.1,175
ZYQC_056,1,study_417,1,72,M,7,1,1,1.CAP,18,0,0,1,0,1,0,0,1,0,10.42,0.56,9.31,271,1.18,99.14,186.66666666666666
ZYQC_057,1,study_417,0,57,M,12,1,1,2.HAP,21,1,1,0,0,1,0,0,0,1,1.38,0.07,1.26,73,56.84,41.46,140
ZYQC_058,1,study_417,0,32,M,3,0,1,1.CAP,17,0,0,0,0,0,0,0,0,0,10.79,1.08,9,172,0.33,14.08,186
ZYQC_059,1,study_417,0,53,M,8,1,1,1.CAP,19,1,0,0,0,0,0,0,1,0,6.61,0.1,6.44,226,0.75,116.98,95.28571428571429
ZYQC_060,1,study_417,0,38,M,12,0,1,2.HAP,19,1,0,0,0,0,0,0,0,0,12.4,0.29,11.76,32,5.82,467.48,197.77777777777777
ZYQC_061,1,study_417,1,58,M,19,0,1,2.HAP,24,0,0,0,1,0,0,0,0,0,15.08,0.41,14.24,16,10.9,101.87,70
ZYQC_062,0,whole_only,0,37,F,7,1,0,NA,17,0,0,1,0,1,0,0,1,0,11.62,0.65,10.2,161,0.25,11.29,41
ZYCZ_001,0,whole_only,1,74,M,7,1,1,2.HAP,17,0,0,0,0,0,0,1,0,0,13.55,0.51,12.62,9,0.63,42.9,287.2
ZYCZ_002,0,whole_only,1,56,M,10,1,1,1.CAP,19,0,0,0,0,0,0,1,0,0,1.32,0.09,0.25,6,32.76,195.2,251.42857142857144
ZYCZ_003,0,whole_only,0,42,M,6,1,1,2.HAP,16,0,0,0,0,0,0,1,0,0,45.21,0.81,42.36,556,0.29,43,203.5
ZYCZ_004,0,whole_only,1,65,M,10,1,1,1.CAP,21,0,0,0,0,0,0,1,0,0,7.7,0.2,7.33,86,0.13,47.6,65.3
ZYCZ_005,0,whole_only,1,66,M,11,1,1,NA,31,0,0,0,0,0,0,1,0,0,0.02,0.01,0.01,3,100,49.6,147.63636363636363
ZYCZ_006,0,whole_only,0,63,M,11,1,1,1.CAP,22,0,0,0,0,0,0,0,0,0,2.23,0.3,1.65,31,4.17,26.6,138.2
ZYCZ_007,0,whole_only,0,58,F,10,1,1,2.HAP,20,0,0,0,0,0,0,1,0,0,40.97,34.54,5.78,34,67.35,95.4,282
ZYCZ_008,0,whole_only,0,65,M,12,0,1,1.CAP,20,1,0,0,0,0,0,0,0,0,5.2,1.12,3.67,64,0.48,71.4,265
ZYCZ_009,0,whole_only,0,70,M,5,0,1,1.CAP,18,1,0,1,0,0,0,0,0,0,18.16,0.58,16.98,388,0.17,185.2,97.14285714285715
ZYCZ_010,0,whole_only,1,80,F,8,0,1,1.CAP,18,0,0,1,0,1,0,0,0,0,36.38,0.24,37.29,223,1.7,122.3,258.28571428571433
ZYCZ_011,0,whole_only,1,75,F,12,1,1,1.CAP,27,0,0,1,0,0,0,1,0,0,0.88,0.1,0.77,4,1.38,17.3,296.6666666666667
ZYCZ_013,0,whole_only,1,90,M,6,0,1,2.HAP,18,0,0,1,0,0,0,0,0,0,9.91,0.63,7.6,208,0.66,141.5,140.33333333333334
ZYCZ_014,0,whole_only,1,75,M,11,1,1,1.CAP,30,0,0,0,0,0,0,1,0,0,28.09,6.83,18.9,18,0.11,82.7,112
ZYCZ_015,0,whole_only,1,73,F,8,0,1,1.CAP,15,1,0,1,0,0,0,0,0,0,18.6,0.19,17.21,149,7.99,83.1,157.6
ZYCZ_016,0,whole_only,0,71,F,3,1,1,2.HAP,13,1,0,1,0,0,1,0,0,0,9.58,0.94,7.63,226,6.58,69.6,358.695652173913
ZYCZ_017,0,whole_only,1,72,M,11,1,1,1.CAP,16,1,0,1,0,0,1,0,0,0,7.74,0.56,6.97,44,0.58,49.2,157.33333333333331
ZYCZ_018,1,study_417,0,76,M,6,0,1,2.HAP,29,1,0,1,0,0,0,0,0,0,12.67,3.41,8.4,371,0.19,44.5,265.42857142857144
ZYCZ_019,1,study_417,1,77,M,11,1,1,2.HAP,17,0,0,0,0,0,0,1,0,0,2.12,0.15,1.71,8,11.86,203.6,315
ZYCZ_020,1,study_417,1,54,M,10,1,1,1.CAP,14,0,0,0,0,0,0,1,0,0,12.7,0.08,12.45,8,0.31,156.8,113.84615384615384
ZYCZ_021,1,study_417,1,61,M,17,1,1,2.HAP,23,0,0,1,1,1,0,0,1,0,2.27,0.22,1.93,15,100,188.2,107.125
ZYCZ_022,1,study_417,1,70,M,10,1,1,1.CAP,27,0,0,1,0,0,1,0,0,0,11,0.06,10.76,46,0.62,85.1,100.5
ZYCZ_023,1,study_417,1,82,M,8,1,1,1.CAP,17,0,0,1,0,0,0,0,1,0,7.8,0.03,7.57,80,5.16,129.2,193.71428571428572
ZYCZ_024,1,study_417,1,63,M,14,0,1,1.CAP,17,1,0,0,0,0,0,0,0,0,2.99,0.23,2.69,15,36.71,265,248.57142857142858
ZYCZ_025,1,study_417,0,79,M,6,1,1,1.CAP,19,0,0,1,0,0,1,0,0,0,8.71,0.48,8.2,176,1.02,7,227.77777777777777
ZYCZ_026,1,study_417,0,31,M,7,0,1,1.CAP,6,0,0,0,0,0,0,0,0,0,8.21,1.21,6.67,300,0.19,43.9,190.44444444444446
ZYCZ_027,1,study_417,0,78,M,6,0,1,1.CAP,18,0,0,1,0,0,0,0,0,0,3.08,0.13,2.85,84,0.82,42.95,250.00000000000003
ZYCZ_028,1,study_417,0,71,M,7,0,1,1.CAP,17,0,0,1,0,0,0,0,0,0,16.53,0.51,15.55,270,0.1,42,124.875
ZYCZ_029,1,study_417,1,75,M,14,1,1,1.CAP,28,0,0,1,0,0,1,0,0,0,6.96,0.26,6.44,64,35.12,149.3,125
ZYYH_001,0,whole_only,0,59,F,17,1,1,1.CAP,24,0,0,0,0,1,0,0,1,0,5.51,0.22,5.17,9,5.27,223,175.55555555555554
ZYYH_002,0,whole_only,0,65,M,9,0,1,1.CAP,29,0,0,0,0,0,0,0,0,0,11.98,0.63,10.95,175,0.82,21.73,235
ZYYH_003,0,whole_only,0,58,M,8,0,1,1.CAP,25,1,0,0,0,0,0,0,0,0,5.26,0.26,4.29,128,0.65,24.77,420
ZYYH_004,0,whole_only,1,86,M,4,0,1,1.CAP,16,0,0,1,0,0,0,0,0,0,10.75,0.16,10.32,243,0.08,31.88,102.85714285714286
ZYYH_005,0,whole_only,0,64,M,6,1,1,1.CAP,11,0,0,0,1,0,1,0,0,0,2.62,0.16,2.31,57,1.13,85.28,346.8
ZYYH_006,0,whole_only,0,60,F,10,0,1,1.CAP,34,0,0,0,0,0,0,0,0,0,1.34,0.57,0.74,156,8.42,151.38,207.5
ZYYH_007,0,whole_only,1,78,F,12,1,1,NA,28,1,0,0,0,0,1,0,0,0,19.87,0.87,15.44,54,2.01,60.12,121.50000000000001
ZYYH_008,0,whole_only,1,72,F,12,1,1,1.CAP,19,1,1,0,0,0,0,0,0,0,6.34,0.07,6.14,53,1.38,16.88,213.77777777777777
ZYYH_009,0,whole_only,1,76,F,6,0,1,1.CAP,18,0,0,0,0,0,0,0,0,0,23.93,0.89,22.54,461,0.49,152.05,215.42857142857144
ZYYH_010,0,whole_only,1,71,M,7,0,1,1.CAP,18,0,0,1,0,0,0,0,0,0,15.28,2.28,12.62,202,0.23,135.17,199.2
ZYYH_011,0,whole_only,0,76,M,7,1,1,1.CAP,20,0,0,1,0,0,0,0,1,0,24.98,0.65,23.73,150,60.1,149.26,176.8
ZYYH_012,0,whole_only,1,53,M,7,0,1,1.CAP,12,0,0,0,0,0,0,0,0,0,3.13,0.17,2.85,82,9.16,187.72,260
ZYYH_013,0,whole_only,1,67,M,1,1,1,1.CAP,12,0,0,0,0,0,0,1,0,0,10.72,0.09,10.43,162,0.04,17.47,317.5
ZYYH_014,0,whole_only,0,79,F,9,0,1,1.CAP,25,1,0,0,0,1,0,0,0,0,16.48,0.54,14.26,207,0.31,58.16,285
ZYYH_015,0,whole_only,1,59,F,14,0,1,1.CAP,27,0,0,0,1,1,0,0,0,0,20.9,2.88,16.82,1452,17.7,170.34,107.00000000000001
ZYYH_016,0,whole_only,0,70,F,5,0,1,1.CAP,13,0,0,0,0,0,0,0,0,0,9.22,2.16,5.87,364,5.69,66.42,228.5
ZYYH_017,0,whole_only,0,71,M,8,0,1,2.HAP,20,0,0,0,0,0,0,0,0,0,21.55,1.19,17.69,37,0.37,157.48,226.66666666666666
ZYYH_018,0,whole_only,1,68,M,8,0,1,1.CAP,19,0,0,0,0,0,0,0,0,0,9.37,0.77,8.44,28,0.45,28.7,291.42857142857144
ZYYH_019,0,whole_only,0,67,M,6,0,1,1.CAP,17,0,0,0,0,0,0,0,0,0,16.48,0.21,16.15,396,1.94,247.15,104.28571428571429
ZYYH_020,0,whole_only,0,48,M,7,0,1,1.CAP,14,0,0,0,0,0,0,0,0,0,9.62,0.28,9.04,202,2.41,289.09,194.2857142857143
ZYYH_021,0,whole_only,0,71,M,8,0,1,1.CAP,15,0,1,0,0,0,0,0,0,0,15.85,0.79,14.14,127,8.62,102.19,196.66666666666669
ZYYH_022,0,whole_only,0,89,F,7,0,1,1.CAP,12,0,0,1,0,0,0,0,0,0,4.31,0.46,3.75,115,0.1,4.12,222.85714285714286
ZYYH_023,0,whole_only,1,63,F,7,0,1,1.CAP,18,1,0,0,0,0,0,0,0,0,10.85,0.31,10.09,50,0.11,251.11,124
ZYYH_024,0,whole_only,0,71,M,3,0,1,2.HAP,14,0,0,0,0,0,0,0,0,0,9.77,2.21,6.35,144,0.11,102.48,322.5
ZYYH_025,0,whole_only,0,52,M,9,0,1,1.CAP,11,0,0,0,0,0,0,0,0,0,9.33,1.28,6.91,221,1.18,174.11,277.42857142857144
ZYYH_026,0,whole_only,0,72,M,6,0,1,1.CAP,11,1,1,1,0,0,0,0,0,0,6.12,1.58,3.97,228,0.19,21.48,262.5
ZYYH_027,0,whole_only,1,60,M,9,1,1,1.CAP,19,0,0,0,0,0,0,1,1,0,1.5,0.21,1.18,33,8.79,80.86,365.7142857142857
ZYYH_028,0,whole_only,0,74,M,6,0,1,2.HAP,11,0,0,0,0,0,0,0,0,0,8.04,0.75,6.26,215,0.62,61.47,187.14285714285717
ZYYH_030,0,whole_only,0,78,M,10,1,1,2.HAP,14,1,0,0,0,0,0,0,1,0,5.58,0.59,4.8,343,39.5,71.26,89.375
ZYYH_031,0,whole_only,1,64,M,12,0,1,1.CAP,27,0,0,0,0,1,0,0,0,0,5.21,0.18,4.81,30,100,266.04,152.5
ZYYH_032,0,whole_only,0,76,M,6,1,1,1.CAP,12,1,1,1,0,0,0,0,0,0,5.78,0.44,5.21,158,0.48,13.51,240.00000000000003
ZYYH_033,0,whole_only,0,55,M,10,0,1,1.CAP,17,0,0,0,0,0,0,0,0,0,9.02,0.29,8.55,170,21,485,161.42857142857144
ZYYH_034,0,whole_only,0,72,F,6,0,1,1.CAP,12,1,0,0,0,1,0,0,0,0,12.19,0.61,11.19,198,1.71,103.84,360
ZYYH_035,0,whole_only,0,74,F,5,0,1,2.HAP,17,0,0,1,0,0,0,0,0,0,10.69,0.31,9.72,231,0.12,60.29,200
ZYYH_036,0,whole_only,1,89,F,5,0,1,1.CAP,9,1,0,1,0,0,0,0,0,0,11.92,0.61,10.82,159,4.17,131.86,280
ZYYH_037,0,whole_only,0,68,M,3,0,1,1.CAP,14,0,0,0,0,0,0,0,0,0,6.53,0.25,5.99,213,6.54,271.54,433.33333333333337
ZYYH_038,0,whole_only,0,73,M,7,0,1,2.HAP,10,1,0,0,0,1,0,0,0,0,10.96,0.38,10.46,110,0.69,48.21,160
ZYYH_039,1,study_417,0,77,M,5,0,1,2.HAP,13,0,0,0,0,1,0,0,0,0,9.32,0.56,8.43,25,0.35,133.19,230.00000000000003
ZYYH_040,1,study_417,0,87,M,8,0,1,1.CAP,28,0,0,1,0,0,0,0,0,0,31.28,0.81,29.65,247,6.4,287.83,109.2
ZYYH_041,1,study_417,0,40,M,6,0,1,1.CAP,13,0,0,0,0,0,0,0,0,0,16.55,1.66,13.32,249,0.3,220.47,169.09090909090907
ZYYH_042,1,study_417,0,66,M,6,0,1,1.CAP,15,0,0,0,0,0,0,0,0,0,9.85,1.5,7.47,98,0.38,17.84,268.88888888888886
ZYYH_043,0,whole_only,0,65,F,10,1,1,2.HAP,26,0,0,0,0,1,0,1,0,0,6.34,0.68,5.36,186,18,97.1,110.12499999999999
ZYYH_044,1,study_417,0,69,M,12,0,1,1.CAP,22,0,0,0,1,0,0,0,0,0,10.93,0.42,9.61,83,9.1,271.86,158.18181818181816
ZYYH_045,1,study_417,0,37,F,5,0,1,2.HAP,14,0,0,0,0,0,0,0,0,0,14.1,0.87,12.22,94,3.79,32.52,291.42857142857144
ZYYH_046,1,study_417,0,77,M,9,1,1,1.CAP,17,0,0,0,0,0,0,0,0,0,7.04,0.37,6.55,60,0.66,235.48,182.22222222222223
ZYYH_047,1,study_417,0,57,M,10,0,1,1.CAP,17,0,0,0,0,0,0,0,0,0,17.06,0.73,15.2,210,0.4,58.32,78.1
ZYYH_048,1,study_417,0,76,M,2,0,1,1.CAP,13,1,0,0,0,0,1,0,0,0,7.31,0.25,6.76,180,0.16,24.41,308.5714285714286
ZYYH_049,1,study_417,0,89,M,6,0,1,2.HAP,14,0,0,0,0,0,0,0,0,0,6.71,0.43,5.85,204,0.14,132.27,212
ZYYH_050,1,study_417,0,44,M,6,0,1,1.CAP,15,1,0,0,0,0,0,0,0,0,9.84,0.55,9.16,132,8.11,253.56,148.4
ZYYH_051,1,study_417,0,76,M,8,0,1,1.CAP,23,0,0,1,0,0,0,0,0,0,13.29,0.44,12.4,175,5.56,120.61,249.25
ZYYH_052,1,study_417,0,26,M,6,0,1,1.CAP,14,0,0,0,0,0,0,0,0,0,10.89,0.35,10.04,178,14.6,368.12,169.09090909090907
ZYYH_053,1,study_417,0,72,M,4,1,1,1.CAP,14,0,0,1,0,1,0,0,0,0,12.28,0.32,11.73,350,0.36,62.68,217.74999999999997
HNSR_001,0,whole_only,1,76,F,11,0,1,2.HAP,21,1,0,0,0,0,0,0,0,0,13.16,0.54,12.14,159,3.18,250.59,105
HNSR_002,0,whole_only,1,53,F,6,0,1,1.CAP,13,0,0,0,0,0,0,0,0,0,2.74,0.17,2.54,186,2.45,279.9,92
HNSR_003,0,whole_only,0,69,M,8,0,1,2.HAP,18,0,0,0,0,0,1,0,0,0,22.02,0.63,21.33,327,1.1,80.34,157.5
HNSR_004,0,whole_only,0,73,M,5,0,1,2.HAP,20,0,0,0,0,0,0,0,0,0,10.5,0.62,9.66,221,0.42,203.39,272
HNSR_005,0,whole_only,1,56,M,9,0,1,1.CAP,26,1,0,0,0,0,0,0,0,0,19.39,0.38,18.26,193,0.36,30,170
HNSR_006,0,whole_only,0,74,M,8,0,1,2.HAP,21,0,0,1,0,0,0,0,0,0,9.3,0.4,8.36,71,6.53,368.98,135
HNSR_007,0,whole_only,0,73,M,10,0,1,1.CAP,28,0,0,0,0,0,1,0,0,0,19.24,0.55,17.23,435,2.65,72.65,277.5
HNSR_008,0,whole_only,0,80,M,8,0,1,2.HAP,19,0,0,0,0,0,0,0,0,0,13.54,0.8,12.17,179,NA,2.8,385.7142857142857
HNSR_009,0,whole_only,0,77,M,5,1,1,2.HAP,25,0,0,1,0,0,0,0,0,0,5.6,0.37,4.93,225,0.1,43.65,237.5
HNSR_010,0,whole_only,0,72,M,9,0,1,2.HAP,13,0,0,0,0,0,0,0,0,0,7.37,0.3,6.5,229,NA,30.75,202
HNSR_011,0,whole_only,1,63,M,5,0,1,2.HAP,14,0,0,1,0,0,0,0,0,0,12.42,0.48,11.62,245,0.61,95.93,158
HNSR_012,0,whole_only,1,69,M,13,0,1,1.CAP,33,1,1,0,0,0,0,0,0,0,9.44,0.95,7.69,111,0.13,226.26,124.28571428571429
HNSR_013,0,whole_only,0,38,F,6,0,1,2.HAP,17,0,0,0,0,0,0,0,0,0,28.28,0.48,27.27,309,0.35,370,170
HNSR_014,0,whole_only,1,75,F,12,0,1,2.HAP,25,0,0,0,0,0,0,0,0,0,25.06,0.46,23.13,237,0.5,102.38,96
HNSR_015,0,whole_only,1,73,M,4,0,1,2.HAP,15,0,0,0,0,0,0,0,0,0,10.93,0.71,8.97,194,0.05,86.52,184
HNSR_016,0,whole_only,0,66,M,6,0,1,2.HAP,21,0,0,0,0,0,0,0,0,0,12.5,1.14,10.54,163,0.07,194.43,124.28571428571429
HNSR_017,0,whole_only,1,73,F,7,0,1,2.HAP,25,1,1,0,0,0,0,0,0,0,17.73,0.88,15.27,179,1.13,7.18,101.25
HNSR_018,0,whole_only,0,58,M,6,0,1,2.HAP,16,0,0,0,0,0,0,0,0,0,12.51,1.39,10.79,177,0.41,28.95,182.5
HNSR_019,0,whole_only,1,57,M,6,0,1,NA,10,0,0,0,0,0,0,0,0,0,18.4,0.54,17.58,216,0.32,55.79,78.75
HNSR_020,0,whole_only,1,76,F,7,0,1,1.CAP,18,0,0,0,0,0,0,0,0,0,13.6,0.49,12.8,146,0.4,140.62,212.5
HNSR_021,0,whole_only,0,55,M,8,0,1,2.HAP,16,1,0,0,0,0,0,0,0,0,5.36,0.71,3.91,161,1.29,289,205.71428571428572
HNSR_022,0,whole_only,1,24,M,10,0,1,2.HAP,20,0,0,0,0,0,0,0,0,0,9.79,0.82,7.67,269,0.12,157.4,135
HNSR_023,1,study_417,1,55,F,10,0,1,1.CAP,22,1,0,0,0,0,0,0,0,0,14.8,0.73,13.65,151,33.66,NA,317.14285714285717
HNSR_024,1,study_417,0,42,M,11,0,1,3.VAP,18,0,0,0,0,1,0,0,0,0,29.34,0.55,27.08,176,88.4,27.28,432.5
HNSR_025,0,whole_only,0,55,F,7,0,1,3.VAP,18,0,0,0,0,0,0,0,0,0,17.38,1.77,14.13,382,1.2,85.28,124.00000000000001
HNSR_026,1,study_417,0,78,M,10,1,1,2.HAP,24,0,0,0,0,1,1,0,0,0,33.99,1.03,31.59,237,23.31,40.83,385
HNSR_027,1,study_417,0,59,F,9,0,1,2.HAP,15,0,0,0,0,0,0,0,0,0,3.42,0.2,3.14,102,27.73,225.78,88.1111111111111
HNSR_031,1,study_417,0,75,M,8,0,1,1.CAP,16,0,0,1,0,0,0,0,0,0,5.05,0.23,4.72,59,0.55,24.76,233
HNSR_032,1,study_417,0,36,F,3,0,1,1.CAP,3,0,0,1,0,0,0,0,0,0,13.15,1.47,12.71,370,0.02,29.92,236.57142857142858
HNSR_033,1,study_417,0,68,F,3,0,1,1.CAP,6,0,0,0,0,0,0,0,0,0,9.38,1.55,8.9,170,0,12.6,215
HNSR_034,1,study_417,1,87,F,6,0,1,1.CAP,19,1,0,1,0,0,0,0,0,0,16.37,1.28,14.28,152,0.09,133.8,206
HNSR_035,0,whole_only,0,44,M,7,0,1,1.CAP,13,0,0,0,0,0,0,0,0,0,13.18,0.48,12.08,149,3.02,117.53,237.14285714285717
HNSR_036,0,whole_only,1,37,M,10,0,1,1.CAP,22,0,0,1,0,0,0,0,0,0,22.1,0.51,19.84,177,1.78,17.06,103.625
ZDFE_001,0,whole_only,1,76,F,10,0,1,3.VAP,25,0,0,0,0,0,0,0,0,0,12.78,0.96,10.81,81,0.79,133.62,60
ZDFE_002,0,whole_only,0,74,M,5,0,1,NA,17,0,0,0,0,0,0,0,0,0,10.81,0.33,9.95,184,0.06,0.2,288.5714285714286
ZDFE_003,0,whole_only,1,81,F,15,1,1,1.CAP,26,0,1,0,0,0,0,0,1,0,10.92,0.61,10.28,28,8.86,66.4,191.66666666666669
ZDFE_004,0,whole_only,1,76,M,10,0,1,2.HAP,19,0,0,0,0,0,0,0,0,0,10.81,0.5,10.07,138,53.65,196.33,82.6
ZDFE_005,0,whole_only,0,40,M,7,0,1,3.VAP,18,0,0,0,0,0,0,0,0,0,19.77,2.35,16.47,277,0.48,58.44,117.14285714285715
ZDFE_006,0,whole_only,1,83,M,12,1,1,3.VAP,26,0,0,1,0,0,1,0,0,0,17.26,0.22,16.57,37,0.14,84.46,59.4
ZDFE_007,0,whole_only,1,53,M,10,0,1,3.VAP,18,0,0,0,0,0,0,0,0,0,17.75,2.15,15,68,5.88,129.35,179
ZDFE_008,0,whole_only,1,62,M,13,0,1,4.SAP,37,0,0,0,0,0,0,0,0,0,10.38,1.71,7.98,200,4.37,68.61,99.375
ZDFE_009,0,whole_only,0,49,M,7,0,1,4.SAP,29,0,0,0,0,0,0,0,0,0,7.61,0.49,6.78,174,7.18,171.8,110.14285714285714
ZDFE_010,0,whole_only,1,31,M,8,0,1,3.VAP,25,0,0,0,0,0,0,0,0,0,12.02,0.71,11.06,279,0.14,4.92,144.54545454545453
ZDFE_011,0,whole_only,1,69,F,11,0,1,3.VAP,30,0,1,0,0,0,0,0,0,0,21.06,0.51,19.98,182,0.22,73.48999999999998,95.44444444444444
ZDFE_012,0,whole_only,0,37,M,7,0,1,3.VAP,17,0,0,0,0,0,0,0,0,0,11.03,1.36,8.5,570,0.14,17.1,126.18181818181819
ZDFE_013,0,whole_only,0,56,F,9,0,1,4.SAP,14,1,0,0,0,0,0,0,0,0,7.89,0.57,7.09,130,0.03,3.69,193.2608695652174
ZDFE_014,0,whole_only,1,60,F,6,0,1,4.SAP,20,0,0,0,0,0,0,0,0,0,15.98,4.32,10.86,338,0.1,3.42,181
ZDFE_015,0,whole_only,0,49,F,8,0,1,NA,18,0,0,0,1,0,0,0,1,0,2.94,0.39,2.12,81,0.15,15.35,178.6
ZDFE_016,0,whole_only,1,18,F,4,0,1,1.CAP,18,0,0,0,0,0,0,0,0,0,18.73,0.45,16.97,295,3.7,155.68,271
ZDFE_017,0,whole_only,1,58,M,6,0,1,1.CAP,24,1,0,1,0,0,0,0,0,0,7.67,0.45,6.9,274,25.2,276.58,171.42857142857144
ZDFE_018,0,whole_only,1,63,F,5,0,1,1.CAP,10,0,0,1,0,0,0,0,0,0,11.18,0.26,10.56,124,1.29,56.55,286.6666666666667
ZDFE_019,0,whole_only,0,52,M,7,0,1,1.CAP,17,0,0,1,0,0,0,0,0,0,20.74,0.68,19.69,380,4.12,49.88,181.66666666666669
ZDFE_020,0,whole_only,0,55,M,6,0,1,3.VAP,15,0,0,0,0,0,0,0,0,0,5.43,0.31,4.99,217,2.88,84.77,178.8
ZDFE_021,0,whole_only,0,62,F,5,0,1,1.CAP,14,1,0,0,0,0,0,0,0,0,7.82,1.04,6.28,573,0.17,30.68,130
ZDFE_022,0,whole_only,NA,51,M,13,0,1,2.HAP,23,0,0,0,0,0,0,0,0,0,8,0.24,7.54,98,68.33,171.26,172.4
ZDFE_023,0,whole_only,0,54,M,8,1,1,2.HAP,22,0,0,0,1,0,0,0,0,0,6.91,1.13,7.54,108,4.04,37.83,135
ZDFE_024,0,whole_only,0,54,F,7,0,1,3.VAP,18,0,1,0,0,0,0,0,0,0,21.38,1.13,19.69,258,0.14,29.71,260
ZDFE_025,0,whole_only,1,43,M,6,0,1,1.CAP,20,1,0,0,0,0,0,0,0,0,30.26,0.54,26.75,257,7.8,226.96,196
ZDFE_030,0,whole_only,0,78,M,4,0,1,NA,17,1,0,0,0,0,0,0,0,0,7.23,0.35,6.6,174,0.17,6.23,300
ZDFE_031,1,study_417,0,79,F,7,0,1,1.CAP,19,0,0,0,0,0,0,0,0,0,4.52,0.42,4.01,188,0.11,20.28,124
ZDFE_032,1,study_417,0,42,M,7,0,1,1.CAP,15,0,0,0,0,0,0,0,0,0,7.21,2.11,4.64,238,0.27,3.78,174.2
ZDFE_101,1,study_417,0,42,M,15,0,1,1.CAP,23,0,0,0,0,0,0,0,0,0,6.28,1.78,4.42,37,25.6,2.44,248
ZDFE_102,1,study_417,0,80,M,6,0,1,3.VAP,17,0,0,1,0,0,0,0,0,0,14.01,0.91,11.67,164,0.44,219.26,226.66666666666669
ZDFE_103,1,study_417,0,74,F,12,0,1,1.CAP,28,0,0,1,0,1,0,0,0,0,9.83,0.98,8.11,147,46.28,103.88,76.3
ZDFE_104,1,study_417,1,66,M,9,0,1,3.VAP,29,0,0,1,0,0,0,0,0,0,18.64,1.06,15.9,156,0.97,1.99,79.33333333333334
ZDFE_105,1,study_417,0,56,M,10,0,1,3.VAP,25,0,0,0,0,0,0,0,0,0,10.07,0.6,8.74,206,4.45,281.19,148.8
ZDFE_106,1,study_417,0,69,M,5,0,1,3.VAP,12,0,0,0,0,0,0,0,0,0,8.69,0.67,6.45,189,0.6,64.76,143.6
ZZRM_002,0,whole_only,1,82,M,12,0,1,1.CAP,28,1,0,0,0,0,0,0,0,0,13.35,2.6,10.66,202,100,69.89,62.3
ZZRM_006,0,whole_only,0,52,M,8,0,1,NA,16,0,0,0,0,0,0,0,0,0,14,0.8,12.62,277,NA,8.11,90.66666666666667
ZZRM_010,0,whole_only,0,97,M,10,0,1,1.CAP,26,0,0,0,0,0,0,0,0,0,18.9,4.58,13.68,183,15.7,11.7,75.8
ZZRM_011,1,study_417,0,73,M,8,0,1,1.CAP,25,0,1,1,0,0,0,0,0,0,17.11,0.48,15.8,145,0.458,90.9,110
ZZRM_021,0,whole_only,1,59,M,10,0,1,3.VAP,20,0,0,0,0,0,0,0,0,0,13.19,0.43,12.42,84,2.09,118,270
ZZRM_024,0,whole_only,1,52,M,8,0,1,2.HAP,24,0,0,0,0,0,0,0,0,0,15.76,10.81,4.04,213,0.196,0.8,166.6
ZZRM_025,0,whole_only,0,49,M,4,0,1,4.SAP,13,1,0,0,0,0,0,0,0,0,13.02,0.8,11.66,313,NA,37,304.44444444444446
ZZRM_026,0,whole_only,0,23,M,9,0,1,2.HAP,22,0,0,0,0,0,0,0,0,0,6.21,0.55,5.24,208,4.5,142.8,81.37499999999999
ZZRM_030,0,whole_only,0,59,F,7,0,1,1.CAP,16,0,0,0,0,0,0,0,0,0,9.66,0.76,8.74,261,0.035,9.82,78.75
ZZRM_034,0,whole_only,0,62,M,5,0,1,1.CAP,17,0,0,0,0,0,0,0,0,0,10.39,1.53,7.61,161,0.339,69.32,297.14285714285717
ZZRM_035,0,whole_only,1,82,M,4,0,1,4.SAP,17,0,0,0,0,0,0,0,0,0,23.33,1.18,21.77,216,8.16,161.96,332
ZZRM_036,0,whole_only,1,56,M,7,0,1,4.SAP,17,0,0,0,0,0,0,0,0,0,7.77,0.73,6.57,190,1.42,27.16,402.5
ZZRM_037,0,whole_only,1,57,M,4,0,1,2.HAP,11,0,0,0,0,0,0,0,0,0,11.77,1.22,9.48,247,0.304,33.9,393.33333333333337
ZZRM_038,0,whole_only,0,88,F,9,0,1,1.CAP,24,1,0,0,0,0,0,0,0,0,15.21,0.56,13.76,244,1.07,38.13,195
ZZRM_040,0,whole_only,0,62,M,7,0,1,1.CAP,17,0,0,0,0,0,0,0,0,0,14.34,0.37,13.53,217,0.513,16.8,157.83333333333334
ZZRM_041,0,whole_only,1,67,M,7,0,1,1.CAP,17,0,0,0,0,0,0,0,0,0,9.95,0.4,9.28,295,15.8,320,125
ZZRM_043,0,whole_only,0,61,M,11,0,1,3.VAP,19,1,0,0,0,0,0,0,0,0,18.9,0.28,15.15,118,3.26,150.1,135.4
ZZRM_045,0,whole_only,0,74,F,3,0,1,2.HAP,12,0,0,0,0,0,0,0,0,0,14.58,0.51,13.48,182,NA,18.21,119.83333333333334
ZZRM_046,0,whole_only,0,45,F,4,0,1,1.CAP,9,0,0,1,0,0,0,0,0,0,16.91,1.23,14.92,173,NA,110.82,215.1111111111111
ZZRM_047,0,whole_only,0,58,M,12,0,1,NA,28,0,0,0,0,0,0,0,0,0,8.67,5.76,2.46,126,0.053,0.8,150.4
ZZRM_053,0,whole_only,0,64,F,18,0,1,1.CAP,33,1,0,1,0,0,0,0,0,0,6.6,0.65,5.7,96,1.75,109.5,181.2
ZZRM_054,0,whole_only,0,82,M,13,0,1,1.CAP,34,0,0,1,0,0,0,0,0,0,10.46,1.05,8.79,185,0.099,35.99,55
ZZRM_055,0,whole_only,0,63,M,6,0,0,1.CAP,10,0,0,0,0,0,0,0,0,0,1.79,0.09,1.6,126,8.1,201.62,153
ZZRM_056,0,whole_only,0,80,F,3,0,0,2.HAP,10,0,0,1,0,0,1,0,0,0,8.25,0.69,6.74,162,0.17,116.68,178
ZZRM_060,0,whole_only,0,71,F,8,0,1,1.CAP,19,0,0,1,0,0,0,0,0,0,14.06,0.27,13.55,373,19.95,62.89,140
ZZRM_061,0,whole_only,0,76,M,3,0,0,1.CAP,8,1,0,0,0,0,0,0,0,0,10.51,0.64,9.44,274,0.303,180.7,177.77777777777777
ZZRM_062,0,whole_only,0,49,F,4,0,1,1.CAP,11,0,0,1,0,0,0,0,0,0,11.6,4.1,10.63,230,0.15,44.95,98
ZZRM_064,0,whole_only,1,74,F,11,0,1,1.CAP,27,0,0,0,0,0,0,0,0,0,25.96,0.32,25.43,419,NA,285,60
ZZRM_065,0,whole_only,1,70,M,10,0,1,1.CAP,21,0,0,1,0,0,0,0,0,0,12.2,0.35,11.07,133,0.161,64.5,101.42857142857143
ZZRM_066,0,whole_only,1,67,M,11,0,1,4.SAP,25,0,0,0,0,0,0,0,0,0,5.67,0.39,5.24,125,1.47,293,72.7
ZZRM_067,0,whole_only,1,49,M,15,0,1,3.VAP,28,0,0,0,0,0,0,0,0,0,13.67,0.99,12.43,45,4.4,172.6,65.9
ZZRM_068,0,whole_only,0,73,F,11,0,1,1.CAP,30,0,0,0,0,0,1,0,0,0,13.35,4.32,8.1,201,0.055,4.47,177.6
ZZRM_069,0,whole_only,1,61,F,5,0,1,2.HAP,20,0,0,0,0,0,0,0,0,0,10.9,1.51,8.92,320,0.05,0.8,388
ZZRM_070,0,whole_only,1,82,M,6,0,1,1.CAP,15,0,0,0,0,0,0,0,0,0,5.29,0.39,4.63,104,0.59,33.9,320
ZZRM_071,0,whole_only,0,84,M,6,0,1,1.CAP,16,0,0,1,0,0,0,0,0,0,9.36,0.58,8.66,193,0.402,109.5,160
ZZRM_072,0,whole_only,1,69,M,17,0,1,1.CAP,42,0,0,0,0,0,0,0,0,0,3.68,0.07,3.58,129,36.23,184.93,40.5
ZZRM_073,0,whole_only,1,82,F,12,0,1,1.CAP,36,1,0,0,0,0,0,0,0,0,9.86,0.58,9.08,198,19.51,265.54,64.1
ZZRM_074,1,study_417,1,36,M,6,0,1,2.HAP,18,0,0,0,0,0,0,0,0,0,14.62,1,12.87,207,4.57,9.92,203.57142857142858
ZZRM_075,1,study_417,0,66,M,11,0,1,1.CAP,19,0,0,1,0,0,0,0,0,0,10.94,0.21,9.47,80,0.434,160.93,260
ZZRM_076,1,study_417,1,83,M,8,0,0,1.CAP,18,0,0,1,0,0,0,0,0,0,23.93,1.64,21.6,310,0.222,99.6,205.15151515151516
ZZRM_077,1,study_417,1,81,F,10,0,1,1.CAP,22,0,0,0,0,0,0,0,0,0,7.88,1.81,5.41,347,0.103,52,130.25
ZZRM_078,0,whole_only,1,61,F,6,0,1,1.CAP,9,0,0,1,0,0,0,0,0,0,8.47,0.4,7.87,165,0.134,21.79,148.75
ZZRM_079,1,study_417,1,89,M,12,0,1,1.CAP,33,0,0,0,0,0,0,0,0,0,8.6,0.57,7.82,102,11.25,66.15,240
ZZRM_080,1,study_417,1,56,M,12,0,1,1.CAP,32,0,0,0,0,0,0,0,0,0,13.45,0.14,12.48,176,5.03,320,171.99999999999997
ZZRM_081,1,study_417,0,65,M,5,0,1,1.CAP,15,1,0,0,0,0,0,0,0,0,13.84,0.88,12.59,120,0.319,139.91,274.8484848484848
ZZRM_082,0,whole_only,0,85,M,5,0,1,1.CAP,15,1,0,0,0,0,0,0,0,0,7.86,0.53,6.9,131,0.178,15.1,209.25
ZZRM_083,1,study_417,1,71,F,13,0,1,1.CAP,36,0,0,0,1,0,0,0,0,0,18.32,5.13,12.46,311,11.36,2.69,45.5
ZZRM_084,1,study_417,1,54,M,7,0,1,1.CAP,19,1,0,0,0,0,0,0,0,0,8.2,1.06,6.71,192,0.156,117.47,283.7142857142857
ZZRM_085,0,whole_only,1,90,F,10,0,1,1.CAP,22,0,0,0,0,0,0,0,0,0,4.18,0.89,2.94,48,0.042,3.78,185
ZZRM_086,1,study_417,0,27,M,12,1,1,1.CAP,28,0,0,0,0,0,1,0,0,0,20.94,1.07,19.7,363,0.505,15.12,72.3
ZZRM_087,1,study_417,1,81,M,5,0,0,2.HAP,14,0,0,0,0,0,1,0,0,0,20.42,1.1,18.38,223,0.164,136.1,91.25
ZZRM_088,1,study_417,1,76,M,7,0,1,1.CAP,24,0,1,1,0,0,0,0,0,0,6.1,0.14,5.84,318,3.5,175.78,158.24999999999997
ZZRM_089,1,study_417,1,59,M,11,0,1,1.CAP,33,1,0,1,0,0,1,0,0,0,0.78,0.26,0.48,27,100,100.5,117.16666666666667
ZZRM_090,1,study_417,1,74,M,10,0,1,1.CAP,27,0,0,1,0,0,1,0,0,0,13.4,0.65,11.89,479,4.9,45.91,129.57142857142858
ZZRM_091,1,study_417,0,70,M,7,0,1,2.HAP,18,1,0,0,0,0,0,0,0,0,13.48,0.45,12.77,197,0.306,280.33,92.00000000000001
ZZRM_092,1,study_417,1,71,M,4,0,0,1.CAP,9,0,0,1,0,0,0,0,0,0,11.6,1.03,10.36,100,NA,76.37,195.71428571428572
ZZRM_093,1,study_417,1,81,M,6,0,1,1.CAP,13,0,0,0,0,0,0,0,0,0,15.91,0.61,14.47,219,3.91,28.92,97.83333333333334
ZZRM_094,1,study_417,0,88,M,7,0,0,1.CAP,15,0,0,0,0,0,0,0,0,0,37.09,0.4,35.22,169,26.57,120.3,181.9512195121951
ZZRM_095,1,study_417,0,80,F,4,0,0,1.CAP,12,0,0,0,0,0,0,0,0,0,7.66,1.3,6.06,252,0.318,241.25,272.5
ZZRM_096,1,study_417,1,69,M,7,1,1,1.CAP,20,1,1,1,0,0,1,0,0,0,18.42,0.39,17.97,236,0.342,83.61,92.22222222222221
ZZRM_097,1,study_417,0,93,M,9,0,1,1.CAP,20,0,0,0,0,0,0,0,0,0,11.68,4.68,5.49,378,0.131,22.677,101.71428571428572
ZZRM_098,1,study_417,0,77,M,4,0,0,1.CAP,9,0,0,0,0,0,1,0,0,0,8.04,0.55,7.23,121,0.632,88,254.2857142857143
JXSY_001,0,whole_only,1,70,F,8,1,1,1.CAP,19,0,0,0,0,0,0,0,0,0,18.76,1.9,16.3,219,9.19,47.4,204
JXSY_002,0,whole_only,0,73,M,10,0,1,2.HAP,31,1,0,0,0,0,0,0,0,0,9.26,0.7,8.4,182,1.21,154.03,230
JXSY_003,0,whole_only,0,57,M,4,0,1,1.CAP,13,1,0,0,0,0,0,0,0,0,20.04,1.7,16.09,263,2.28,276.82,123.33333333333334
JXSY_004,0,whole_only,0,64,F,8,1,1,1.CAP,15,0,0,0,0,0,0,0,1,0,9.95,0.3,9.6,121,10.31,172.3,146.15384615384616
JXSY_005,0,whole_only,1,87,F,6,0,1,2.HAP,16,1,0,0,0,0,0,0,0,0,3.11,0.2,2.68,47,0.16,43.6,375
JXSY_006,0,whole_only,0,69,M,8,0,1,2.HAP,23,1,0,0,1,0,0,0,0,0,5.77,0.4,4.98,114,1.38,195.5,153.63636363636363
JXSY_007,0,whole_only,1,68,M,6,1,1,1.CAP,24,0,0,1,0,0,1,0,0,0,0.5,0.2,0.25,160,1.91,252.2,203.33333333333334
JXSY_008,0,whole_only,0,73,F,7,0,1,1.CAP,19,1,0,0,1,0,0,0,0,0,35.09,0.6,33.52,691,5.1,223.8,172
JXSY_009,0,whole_only,0,69,M,8,0,1,1.CAP,19,0,0,1,0,0,0,0,0,0,11.08,0.8,9.9,103,0.22,96.3,247.5
JXSY_010,0,whole_only,0,77,M,5,0,1,2.HAP,19,0,0,0,1,1,0,0,0,0,15.09,0.4,14.2,266,0.8,210.1,332.5
JXSY_011,0,whole_only,1,71,M,3,0,1,1.CAP,11,0,0,1,0,0,1,0,0,0,7.75,0.2,7.1,178,0.3,20.3,222.85714285714286
JXSY_012,0,whole_only,0,37,M,5,0,1,1.CAP,7,0,0,0,0,0,0,0,0,0,14.45,1.4,13.3,261,10.28,212.3,208.88888888888889
JXSY_013,0,whole_only,1,75,M,14,0,1,2.HAP,16,0,0,0,1,0,0,0,0,0,6.01,0.4,5.4,90,1.53,184.6,188.88888888888889
JXSY_014,0,whole_only,0,82,M,5,0,1,1.CAP,15,0,0,1,1,0,0,0,0,0,7.4,0.4,6,327,0.81,198.8,130.76923076923077
JXSY_015,0,whole_only,0,82,M,7,0,1,1.CAP,14,1,0,1,0,0,0,0,0,0,4.29,0.5,3.4,56,1.78,98.5,126
JXSY_016,0,whole_only,0,75,F,7,0,1,2.HAP,23,0,0,0,0,0,0,0,0,0,11.76,0.5,10.7,184,0.83,146,312.5
JXSY_017,0,whole_only,0,75,F,3,0,1,1.CAP,10,0,0,0,0,0,0,0,0,0,11.08,0.2,10.4,268,1.09,78.2,255.55555555555554
JXSY_018,0,whole_only,1,86,M,3,0,1,1.CAP,8,0,0,1,0,0,0,0,0,0,11.6,0.2,11.2,155,2.34,103.2,305
JXSY_019,0,whole_only,0,87,F,9,0,1,1.CAP,19,0,0,0,1,1,0,0,0,0,9.36,0.4,7.36,222,0.33,32.3,232
JXSY_020,1,study_417,0,81,M,5,0,1,1.CAP,14,0,0,1,1,0,0,0,0,0,24.05,0.3,22.9,288,0.6,3.1,216
JXSY_021,1,study_417,0,57,M,8,0,1,1.CAP,13,0,0,0,0,0,0,0,0,0,1.68,0.3,1.3,83,0.45,108.3,113.33333333333334
JXSY_022,1,study_417,0,57,M,7,1,1,2.HAP,10,0,0,0,0,0,1,0,0,0,7.28,0.3,6.6,146,0.83,166,233.33333333333334
JXSY_023,1,study_417,1,84,M,10,0,1,1.CAP,23,1,0,1,1,1,0,0,0,0,4.84,0.3,4.2,101,0.9,82.5,277.14285714285717
JXSY_024,1,study_417,0,78,M,10,0,1,1.CAP,28,1,0,0,0,0,0,0,0,0,12.09,0.4,11.2,245,20.2,252.5,130
JXSY_025,0,whole_only,1,80,M,5,1,1,2.HAP,10,0,0,1,1,0,1,0,0,0,6.11,0.5,5,170,1.72,249.5,231.42857142857144
JXSY_026,1,study_417,0,75,M,6,0,1,1.CAP,11,0,0,1,0,0,0,0,0,0,8.12,0.3,7.5,199,0.71,230.5,252.85714285714286
JXSY_027,1,study_417,0,58,M,7,0,1,1.CAP,16,0,0,0,0,0,0,0,0,0,3.24,0.5,2.6,87,0.64,128.9,222
JXSY_028,1,study_417,0,82,M,6,0,1,1.CAP,11,1,0,1,0,0,0,0,0,0,8.98,0.5,8,178,0.33,49.9,183.33333333333334
JXSY_029,1,study_417,0,62,M,11,0,1,1.CAP,17,0,0,1,0,1,0,0,0,0,7.92,0.1,7.5,139,94.32,265.9,196.66666666666669
JXSY_030,1,study_417,0,73,F,5,0,1,1.CAP,17,0,0,1,0,0,0,0,0,0,22.15,1.2,19.4,357,6.87,11.1,229.66666666666669
JXSY_031,1,study_417,0,85,M,8,0,1,1.CAP,16,0,0,1,0,0,0,0,0,0,8.22,0.2,7.5,105,24.91,244,88
PHYY_001,0,whole_only,1,89,F,16,0,1,1.CAP,35,0,1,0,0,0,0,0,0,0,7.7,0.39,6.97,98,0.19,108,97.5
PHYY_002,0,whole_only,1,76,M,8,0,1,1.CAP,14,0,0,1,1,0,0,0,0,0,21.2,0.19,19.96,92,0.3,1.4,279.6666666666667
PHYY_003,0,whole_only,0,81,M,5,0,1,1.CAP,13,0,0,1,0,0,0,0,0,0,6.2,0.72,4.84,234,0.09,24.9,236.66666666666669
PHYY_004,0,whole_only,0,69,M,5,0,1,2.HAP,15,1,0,1,0,0,1,0,0,0,11.9,0.7,10.46,201,0.08,57,182.4
PHYY_005,0,whole_only,0,68,M,9,0,1,2.HAP,21,0,0,0,0,0,1,0,0,0,0.8,0.33,0.42,153,100,85,73.6
PHYY_006,0,whole_only,0,52,M,7,0,0,1.CAP,16,1,0,0,0,0,0,0,0,0,9.7,1.13,7.98,107,14.9,342,95.99999999999999
PHYY_007,0,whole_only,1,86,F,7,0,1,1.CAP,23,1,0,0,0,0,0,0,0,0,14,0.87,12.5,255,3,92,110.8695652173913
PHYY_008,0,whole_only,0,57,M,2,0,0,1.CAP,10,0,0,0,0,0,0,0,0,0,5.8,0.81,4.67,165,1.66,125.8,289.6666666666667
PHYY_009,0,whole_only,0,69,M,6,0,0,1.CAP,13,1,0,1,0,0,0,0,0,0,10.2,0.45,9.43,191,0.6,240,90.29850746268656
PHYY_010,0,whole_only,1,80,F,5,0,1,1.CAP,19,0,0,0,0,0,0,0,0,0,23.3,0.97,21.9,211,6.64,119,150
PHYY_011,0,whole_only,0,65,M,3,0,0,1.CAP,10,0,0,1,0,0,1,0,0,0,10.2,0.73,8.97,383,7.57,251,124
PHYY_013,1,study_417,0,67,M,4,0,0,1.CAP,8,0,0,1,0,0,0,0,0,0,10,0.81,8.27,173,20.6,249,138
PHYY_014,1,study_417,1,75,M,6,0,1,2.HAP,15,0,0,0,0,1,0,0,0,0,11.9,0.36,11.28,297,0.41,101,220.88888888888889
PHYY_015,1,study_417,1,81,F,6,0,1,1.CAP,16,1,0,1,0,0,0,0,0,0,9.9,1.1,8.05,144,7.86,109.6,188
PHYY_016,1,study_417,1,85,F,16,0,1,1.CAP,37,1,0,1,0,1,0,0,0,0,17.7,0.28,17.23,92,7.14,146,79
PHYY_017,1,study_417,1,84,M,7,0,1,2.HAP,15,0,0,1,0,0,1,0,0,0,6.8,0.91,5.22,142,0.84,130,202.22222222222223
PHYY_018,1,study_417,1,89,M,16,0,1,2.HAP,36,1,0,1,0,0,0,0,0,0,11.2,0.42,10.42,109,2.5,23,128.33333333333334
PHYY_019,1,study_417,1,75,M,7,0,1,1.CAP,13,0,0,0,0,0,0,0,0,0,4.3,0.1,4.15,187,0.25,28,63
PHYY_020,1,study_417,0,79,M,8,0,0,1.CAP,14,0,0,1,0,0,0,0,0,0,36,0.63,34.66,192,3.46,226,187.87878787878788
PHYY_021,1,study_417,0,76,M,10,0,1,1.CAP,23,0,0,1,0,0,0,0,0,0,7.8,0.88,6.33,181,0.33,150,120
PHYY_022,1,study_417,0,72,M,15,0,1,2.HAP,31,1,0,1,0,0,0,0,0,0,4.2,0.2,3.76,86,12,302,161.66666666666669
TZEZ_001,0,whole_only,1,87,F,6,0,1,1.CAP,21,0,0,0,0,0,0,0,0,0,25.28,1.04,22.98,250,30.7,154.3,79
TZEZ_002,1,study_417,0,88,M,4,0,0,1.CAP,11,0,0,0,0,0,0,0,0,0,8.05,0.31,7.2,128,0.08,12.1,108.33333333333334
TZEZ_003,0,whole_only,0,81,F,4,0,1,1.CAP,13,0,0,0,0,0,0,0,0,0,13.38,0.67,12.28,286,1.14,113.9,66
TZEZ_004,0,whole_only,0,59,F,4,0,1,1.CAP,12,0,0,0,0,0,0,0,0,0,11.71,1.21,9.57,183,1.54,67.6,317.5
TZEZ_005,0,whole_only,0,71,M,6,0,1,1.CAP,7,0,0,0,0,0,0,0,0,0,13.64,0.83,12.51,146,32.8,50.6,110
TZEZ_006,0,whole_only,0,53,M,4,0,1,1.CAP,11,0,0,1,0,0,0,0,0,0,13.15,1.53,11.6,309,0.15,89.1,116.66666666666667
TZEZ_007,0,whole_only,1,67,M,11,0,1,1.CAP,17,0,0,1,0,0,0,0,0,0,0.5,0.19,0.26,29,100,309.7,42
TZEZ_008,0,whole_only,0,50,M,5,0,1,1.CAP,16,0,0,0,0,0,0,0,0,0,13.61,0.61,12.56,246,0.04,6,260
TZEZ_009,0,whole_only,0,33,M,6,0,1,1.CAP,13,0,0,0,0,0,0,0,0,0,10.9,2.71,7.92,229,0.08,10.99,222.5
TZEZ_011,0,whole_only,1,58,F,6,0,1,1.CAP,21,1,0,0,0,0,0,0,0,0,0.98,0.15,0.72,107,100,509.6,220
TZEZ_012,1,study_417,0,68,M,7,0,0,1.CAP,12,0,0,1,0,0,0,0,0,0,8.34,0.89,6.61,156,1.36,189.6,175
TZEZ_013,0,whole_only,0,45,F,3,0,1,1.CAP,7,0,0,1,0,0,0,0,0,0,12.5,2.26,9.66,320,0.07,3.9,170
TZEZ_014,1,study_417,1,68,F,11,0,1,1.CAP,26,0,0,1,0,0,0,0,0,0,13.06,0.43,11.35,123,0.25,93.1,60
TZEZ_015,1,study_417,0,51,M,10,0,1,1.CAP,16,0,0,0,0,0,0,0,0,0,1.69,0.3,1.3,80,15.9,276.4,120
TZEZ_016,0,whole_only,0,72,M,11,0,1,1.CAP,25,1,0,1,0,0,0,0,0,0,7.63,0.6,6.81,221,0.87,76.5,69
TZEZ_017,1,study_417,1,54,F,11,1,1,2.HAP,21,0,0,0,0,0,0,1,0,0,0.07,0,0,29,5.84,201.8,160
TZEZ_018,1,study_417,1,90,M,12,0,1,2.HAP,25,0,0,0,0,0,0,0,0,0,11.26,0.56,10.48,112,6.7,215.6,207.5
WZZX_001,0,whole_only,1,45,M,17,1,1,NA,44,1,0,0,0,1,0,0,0,1,16.5,0.6,15.1,111,12.93,14.9,57.75
WZZX_002,0,whole_only,0,78,M,17,0,1,NA,38,0,0,0,0,0,1,0,0,0,25.4,0.6,23.5,96,32.99,59.7,63
WZZX_003,0,whole_only,0,47,M,12,0,1,NA,21,0,0,0,0,0,0,0,0,0,17.5,1.5,14.5,177,9.21,272,183.33333333333334
WZZX_004,0,whole_only,1,51,M,15,0,1,1.CAP,42,0,0,0,0,0,0,0,0,0,0.5,0.2,0.3,103,100,281.4,56.25
WZZX_005,0,whole_only,0,54,M,13,0,1,NA,28,0,0,1,0,0,0,0,0,0,2,0.3,2,76,43.33,122.8,225
WZZX_006,0,whole_only,0,45,M,8,0,1,NA,24,0,0,0,0,0,0,0,0,0,14,1.2,12,197,18.82,242,136.5
WZZX_007,0,whole_only,0,58,M,15,0,1,4.SAP,30,1,0,0,0,1,1,0,0,0,8.6,0.3,7.4,83,68.62,588,111.66666666666666
WZZX_008,0,whole_only,1,71,F,14,0,1,1.CAP,31,1,1,0,0,1,0,0,0,0,11,0.6,9.6,97,7.79,42,384.375
WZZX_009,0,whole_only,1,52,M,7,0,1,4.SAP,17,0,0,0,0,0,0,0,0,0,26.3,0.8,17.2,259,0.2,44.1,178.125
WZZX_010,0,whole_only,1,79,M,15,0,1,1.CAP,36,0,0,1,0,0,0,0,0,0,18.1,0.8,16.9,288,2.96,252.7,84
WZZX_011,0,whole_only,0,32,M,11,0,1,1.CAP,27,0,0,0,0,0,0,0,0,0,18.7,1.3,16.7,195,2.04,235.6,54
WZZX_012,0,whole_only,0,67,M,11,0,1,1.CAP,31,0,0,0,0,0,0,0,0,0,10.7,1.7,8.1,195,0.54,8.199999999999998,115.77272727272725
WZZX_013,0,whole_only,0,45,M,14,0,1,1.CAP,38,0,0,0,0,0,0,0,0,0,22.3,0.4,18.5,200,100,290.9,51.75
WZZX_014,1,study_417,0,89,M,7,0,1,1.CAP,24,0,0,1,0,0,0,0,0,0,10.1,0.27,9.48,156,4.27,27.4,176.25
WZZX_015,1,study_417,0,45,F,9,0,1,1.CAP,21,1,0,0,0,0,0,0,0,0,2.6,0.57,1.87,117,26.6,246.3,379.28571428571433
WZZX_016,1,study_417,1,83,M,13,0,1,2.HAP,40,0,0,1,0,0,0,0,1,0,18.6,0.2,16.9,267,100,196.1,171.8181818181818
WZZX_017,1,study_417,0,58,M,17,0,1,1.CAP,23,0,0,0,1,0,0,0,0,0,14.5,0.38,13.92,35,93.79,124,137.5
WZZX_018,1,study_417,0,73,F,6,0,1,1.CAP,17,1,0,0,0,0,0,0,0,0,10.1,0.37,9.48,273,0.2,356.8,143.18181818181816
WZZX_019,1,study_417,1,80,F,13,0,1,1.CAP,28,0,0,0,0,0,1,0,1,0,8.2,0.53,7.57,62,9.9,239.2,178.67647058823528
LSRM_001,0,whole_only,0,86,M,15,0,1,1.CAP,32,0,0,1,0,0,0,0,0,0,13.7,0.79,11.63,92,0.13,251.1,88.88888888888889
LSRM_002,0,whole_only,1,77,M,10,0,1,1.CAP,27,1,1,0,0,0,0,0,0,0,9.9,0.54,8.35,159,0.8,93.9,321
LSRM_003,0,whole_only,1,78,M,10,0,1,4.SAP,20,0,0,0,0,0,0,0,0,0,5.2,0.27,4.82,118,0.16,64.9,206
LSRM_004,0,whole_only,1,70,F,10,1,1,1.CAP,27,0,0,1,0,0,1,0,0,0,17.5,0.6,16.56,152,4.06,258.8,77.625
LSRM_005,0,whole_only,1,45,M,14,0,1,3.VAP,25,0,0,0,0,0,0,0,0,0,2.3,0.24,2,46,NA,10.3,397.5
LSRM_006,0,whole_only,0,74,M,11,0,1,NA,33,0,0,0,0,0,0,0,0,0,15.2,0.49,14.14,187,0.38,42.5,171.33333333333331
LSRM_007,0,whole_only,0,69,M,13,0,1,3.VAP,24,0,0,0,0,0,0,0,0,0,6.7,0.56,5.49,83,0.16,182.6,162
LSRM_008,0,whole_only,0,47,M,7,0,1,3.VAP,17,0,0,0,0,0,0,0,0,0,7.3,0.37,6.56,159,NA,92.8,176
LSRM_009,0,whole_only,0,60,F,15,0,1,3.VAP,22,0,0,0,0,1,0,0,0,0,16.5,0.21,15.68,48,11.98,69.5,219.1111111111111
LSRM_010,1,study_417,1,60,M,11,0,1,3.VAP,25,0,0,0,0,0,0,0,0,0,5,0.38,4.19,114,0.23,260.2,180
LSRM_011,1,study_417,0,67,M,8,0,1,2.HAP,22,1,0,0,0,0,0,0,0,0,10.2,0.88,9,118,1.05,88.2,148.88888888888889
LSRM_012,0,whole_only,1,60,M,9,0,1,3.VAP,22,0,0,0,0,0,0,0,0,0,9.3,0.56,8.49,140,NA,99,180
SLTD_001,0,whole_only,1,70,M,7,1,1,1.CAP,22,1,0,0,0,0,0,1,0,0,5.2,0.1,5,165,0.65,22.1,106
SLTD_002,0,whole_only,0,73,M,9,0,1,1.CAP,20,0,0,0,0,0,0,0,0,0,11.5,0.3,10.6,244,5.091,300.39,275
SLTD_003,0,whole_only,0,66,M,10,0,1,1.CAP,16,0,0,1,0,0,0,0,0,0,18.7,1.7,16.5,99,8.12,375.7,136
SLTD_004,0,whole_only,0,23,M,11,0,1,1.CAP,19,0,0,0,0,0,0,0,0,0,0.5,0.2,0.3,111,100,171.7,67
SLTD_005,0,whole_only,1,77,M,18,0,1,2.HAP,45,1,0,1,0,1,0,0,0,0,7,0.8,4.5,76,14.46,172.15,51
SLTD_006,0,whole_only,0,65,F,11,0,1,2.HAP,25,1,0,0,0,0,0,0,1,0,10.9,0.9,9.8,352,0.061,5.8,180
SLTD_007,0,whole_only,0,71,F,14,0,1,4.SAP,42,1,1,0,0,1,0,0,0,0,18.5,1.6,15.4,158,12.6,0.2,130
SLTD_008,0,whole_only,1,74,F,14,0,1,1.CAP,33,0,0,0,0,0,0,0,0,0,10.1,1.5,9.9,135,49.5,258.8,96.66666666666667
SLTD_009,1,study_417,1,78,F,6,0,1,2.HAP,17,1,0,0,0,0,1,0,0,0,8.4,0.4,7.8,164,0.13,188,111.25
SLTD_010,1,study_417,0,76,M,12,0,1,2.HAP,33,0,0,0,0,1,0,0,0,0,9.4,0.5,8.6,122,8.545999999999998,262.4,115.71428571428572
SLTD_011,1,study_417,1,69,M,13,0,1,2.HAP,34,1,0,0,0,1,0,0,0,0,18.4,0.9,16.7,341,100,70,265
SLTD_012,1,study_417,0,70,M,4,0,1,2.HAP,8,0,0,0,0,0,0,0,0,0,5.4,0.7,4.3,111,0.408,147.2,155
LXZY_001,0,whole_only,1,72,M,10,0,1,1.CAP,21,0,0,1,0,0,0,0,0,0,5.2,0.3,4.7,84,62.81,316.8,152.5
LXZY_002,0,whole_only,0,85,M,16,0,1,1.CAP,41,1,0,1,0,0,0,0,0,0,18.3,0.4,17.5,54,21.66,281.3,80
LXZY_003,0,whole_only,0,71,M,6,0,1,1.CAP,20,0,0,1,0,0,0,0,0,0,7.5,0.5,6.7,64,12,89.2,300
LXZY_004,0,whole_only,1,72,F,6,0,1,1.CAP,24,0,0,1,0,0,0,0,0,0,10.9,0.6,8.5,280,0.07,21.7,132.5
LXZY_005,0,whole_only,0,82,M,6,0,1,1.CAP,18,0,0,0,0,0,0,0,0,0,10.7,0.5,10,208,0.96,172.7,145
LXZY_006,0,whole_only,0,69,M,13,0,1,1.CAP,26,0,0,1,0,0,0,0,0,0,21.5,0.7,19.1,230,6.15,15.1,296
LXZY_007,0,whole_only,1,92,M,14,0,1,1.CAP,31,0,0,0,0,0,0,0,0,0,13.1,0.4,12.6,84,1.32,186.3,124
LXZY_008,0,whole_only,1,84,M,16,0,1,1.CAP,25,1,0,1,0,0,0,0,0,0,7.6,0.2,6.7,94,0.96,74.55,127.27272727272727
LXZY_009,1,study_417,0,69,M,10,1,1,1.CAP,21,0,0,1,0,0,0,0,0,0,8.65,0.7,6.9,247,1.23,120.1,155
LXZY_010,1,study_417,0,72,M,9,1,1,1.CAP,19,0,0,1,0,0,0,0,0,0,13.2,0.8,11.2,256,0.72,105.3,145
HZSY_001,1,study_417,0,80,F,3,0,0,1.CAP,11,1,0,1,0,0,0,0,0,0,4.8,0.58,3.99,239,0.03,66.5,128
HZSY_002,1,study_417,0,84,F,7,0,1,1.CAP,22,0,0,1,0,0,1,0,0,0,23.1,0.78,21.19,174,0.22,146.4,143.75
HZSY_003,1,study_417,0,50,M,7,0,1,1.CAP,18,0,0,0,0,1,0,0,0,0,10.3,0.3,9.69,186,0.31,133.29,143.6
HZSY_004,1,study_417,1,85,M,12,0,1,2.HAP,10,0,0,1,1,1,0,0,0,0,3.7,0.29,3.11,38,0.75,61.14,195.33333333333334
HZSY_005,1,study_417,0,67,M,3,0,1,1.CAP,9,0,0,0,0,0,0,0,0,0,12.2,1.27,10.38,196,0.94,114.97,109.4
XARM_001,0,whole_only,NA,63,M,4,0,0,1.CAP,5,0,0,1,0,0,0,0,0,0,9.3,1.12,7.45,309,0.059,88.33,184.84848484848484
XARM_002,0,whole_only,0,76,F,8,0,0,1.CAP,15,0,0,1,0,1,0,0,0,0,2.53,0.74,1.51,101,0.11,1.34,131.11111111111111
XARM_003,0,whole_only,0,31,M,7,0,0,1.CAP,11,1,0,0,0,0,1,0,0,0,11.77,0.79,10.67,288,0.07299999999999998,58.4,162.5
XARM_004,0,whole_only,1,93,M,8,0,0,1.CAP,21,0,1,1,0,0,0,0,0,0,11.81,0.43,11.08,181,1.1,94.61,145
XARM_005,0,whole_only,0,61,M,3,0,1,2.HAP,8,0,1,1,0,1,0,0,0,0,10.48,1.1,8.32,473,0.78,42.92,320
XARM_006,0,whole_only,0,85,M,5,0,0,1.CAP,11,0,0,1,0,0,0,0,0,0,9.13,0.25,8.29,360,0.18,209.87,192.5
XARM_007,0,whole_only,0,80,M,5,0,0,2.HAP,13,0,0,1,0,0,0,1,0,0,30.47,0.79,25.74,67,0.28,79.48,114
XARM_008,0,whole_only,0,49,M,2,0,1,1.CAP,5,0,0,1,0,0,0,0,0,0,11.32,0.44,10.23,186,0.095,4.86,272
XARM_009,0,whole_only,1,86,M,7,0,0,1.CAP,16,0,0,1,0,0,0,0,0,0,7.76,1.15,6.32,87,5.03,73.48,228.57142857142858
XARM_010,0,whole_only,1,63,M,10,0,1,1.CAP,25,0,0,0,0,0,0,0,0,0,34.39,0.48,33.1,201,78.11,202.38,300
XARM_011,0,whole_only,1,84,M,6,0,0,1.CAP,21,0,0,1,0,0,0,0,0,0,16.07,1,14.21,290,0.151,2.98,116
XARM_012,0,whole_only,1,78,F,8,0,1,1.CAP,27,1,1,1,0,0,0,0,0,0,8.08,0.74,6.85,241,0.193,31.15,228.33333333333334
XARM_013,0,whole_only,1,48,F,11,0,1,2.HAP,31,0,0,0,0,0,0,0,0,0,24.11,0.43,23.18,252,6.741,310,120
XARM_014,0,whole_only,1,86,M,15,1,0,1.CAP,51,0,1,1,0,1,0,0,0,1,41.38,0.56,40.29,102,6.24,127.3,96
XARM_015,0,whole_only,0,80,M,11,0,1,1.CAP,36,0,1,1,0,0,0,0,0,0,15.41,2.35,11.89,195,0.05,47.87,94
XARM_016,0,whole_only,0,63,M,11,0,1,1.CAP,24,1,0,0,0,1,0,0,0,0,13.82,1.11,11.8,211,13.688,183,178.78787878787878
XARM_017,0,whole_only,0,63,F,3,0,0,1.CAP,6,1,0,0,0,0,0,0,0,0,3.34,1.27,1.72,169,0.716,2.31,131.11111111111111
XARM_018,0,whole_only,0,73,M,5,0,0,1.CAP,14,0,0,1,0,0,0,0,0,0,8.69,0.72,7.13,215,0.098,193,145.45454545454544
XARM_019,0,whole_only,0,89,F,3,0,0,1.CAP,16,0,0,0,0,0,0,0,0,0,3.36,0.13,3,194,0.048,3.02,145
XARM_020,0,whole_only,1,86,M,7,1,0,1.CAP,13,0,0,1,0,1,0,0,1,0,7.08,0.45,6.1,128,0.75,222.32,142.22222222222223
XARM_021,0,whole_only,0,85,M,3,0,0,1.CAP,11,0,0,1,0,0,0,0,0,0,8.63,1.1,6.95,226,0.065,93.91,171.42857142857144
XARM_022,0,whole_only,0,45,M,5,0,0,1.CAP,7,1,0,0,0,1,0,0,0,0,7.94,1.19,6.32,233,0.059,2.06,195
XARM_023,0,whole_only,1,79,M,6,0,0,1.CAP,25,0,0,1,0,0,1,0,0,0,10.72,0.5,9.72,176,4.002,173,221.2121212121212
XARM_024,0,whole_only,NA,35,F,8,0,0,1.CAP,21,0,0,0,0,1,0,0,0,0,36.18,0.3,34.57,290,100,248.83,130
XARM_025,0,whole_only,0,87,M,3,0,0,2.HAP,11,0,0,0,0,0,1,0,0,0,6.18,1.23,4.11,221,0.187,69.86,142.5
XARM_026,0,whole_only,0,93,M,4,0,0,1.CAP,8,0,0,0,0,0,1,0,0,0,5.27,0.28,4.5,143,0.071,28.45,233.33333333333331
XARM_027,0,whole_only,0,72,M,6,0,0,1.CAP,16,1,0,0,0,1,0,0,0,0,7.23,1.05,5.82,143,0.041,0.39,162.5
XARM_028,0,whole_only,0,74,M,9,0,0,1.CAP,22,1,0,0,0,1,0,0,0,0,14.83,0.42,13.99,277,0.206,78.84,132.5
XARM_029,0,whole_only,1,64,M,10,0,1,1.CAP,23,0,0,0,1,0,0,0,0,0,9.81,1.2,7.99,118,0.167,0.23,155
XARM_030,0,whole_only,0,63,M,10,0,0,1.CAP,17,1,1,0,0,1,0,0,0,0,8.27,0.86,6.59,130,2.363,160.4,160.6060606060606
XARM_031,0,whole_only,0,82,F,6,0,0,1.CAP,19,1,1,0,0,1,0,0,0,0,7.68,0.74,6.55,216,0.466,112.3,202.5
XARM_032,0,whole_only,1,77,F,12,0,1,1.CAP,39,0,0,1,0,0,0,0,0,0,13.42,0.86,11.74,177,NA,26.5,196
XARM_033,1,study_417,0,76,M,4,0,0,1.CAP,11,0,0,1,0,0,0,0,0,0,10.71,0.32,10.04,178,0.044,4.41,84.28571428571429
XARM_034,1,study_417,0,95,M,8,0,0,1.CAP,22,0,0,1,0,0,0,0,0,0,15.59,0.36,15.07,169,0.808,69.08,85
XARM_035,1,study_417,0,85,M,4,0,0,1.CAP,14,0,0,1,0,0,0,0,0,0,7.69,2.25,5.01,267,0.109,69.61,165.15151515151516
HZSY_006,1,study_417,0,63,M,5,0,1,3.VAP,12,0,0,0,0,0,0,0,0,0,8.4,1.06,6.89,276,0.05,14.46,273.99999999999994
HZSY_007,1,study_417,1,56,M,7,0,1,3.VAP,17,0,0,0,0,0,0,0,0,0,11.7,0.8,10.07,165,0.03,70.45,150.8
HZSY_008,1,study_417,0,51,F,7,0,0,2.HAP,10,0,0,0,0,0,1,0,0,0,10.6,0.86,9.56,81,67.78,294,122.92682926829269
HZSY_009,1,study_417,0,68,M,12,1,0,1.CAP,28,1,0,0,0,0,0,1,0,0,24.1,22.93,0.53,78,83.24,337.8,187.5
HZSY_010,1,study_417,1,53,M,18,0,1,1.CAP,29,0,0,0,1,1,0,0,0,0,15.9,0.38,15.22,11,3.91,62,131.16666666666669
HZSY_011,1,study_417,0,79,M,8,0,1,2.HAP,21,0,0,0,0,0,1,0,0,0,27.1,0.52,24.75,389,0.12,140.62,99.63636363636363
HZSY_012,1,study_417,0,72,F,6,1,0,1.CAP,14,1,0,0,0,0,0,1,0,0,1.8,0.47,0.84,30,1.95,256.04,134
HZSY_013,1,study_417,0,82,M,2,0,1,1.CAP,13,1,0,1,0,0,0,0,0,0,5.7,0.42,4.67,173,0.3,124.5,202.74999999999997
HZSY_014,1,study_417,0,48,F,9,0,1,2.HAP,13,0,0,0,0,0,0,0,1,0,9.2,0.57,8.13,93,10.3,89.07,158
HZSY_015,1,study_417,0,68,M,7,0,1,1.CAP,22,1,0,0,0,0,1,0,0,0,31.7,0.69,30.28,314,5.35,354.98,134.00000000000003
HZSY_016,1,study_417,0,76,M,4,0,0,2.HAP,13,0,0,1,0,0,0,0,0,0,14.5,0.97,13.06,128,0.47,177.91,134.2
HZSY_017,1,study_417,0,69,M,13,0,1,2.HAP,22,0,0,0,0,0,0,0,0,0,10.82,0.39,10.2,161,6.74,316.22,152.2
LXZY_011,1,study_417,1,78,M,14,0,1,1.CAP,33,0,0,0,0,0,0,0,0,0,1.7,0.5,0.3,114,100,309.1,151.11111111111111
LXZY_012,1,study_417,0,73,F,10,0,1,1.CAP,22,1,0,0,0,0,0,0,0,0,14.3,0.8,13.1,279,1.13,176.8,170
LXZY_013,1,study_417,0,82,F,6,0,1,1.CAP,19,1,0,0,0,0,0,0,0,0,15.6,0.6,14.4,204,3.23,214.4,185
JXSY_032,1,study_417,0,41,M,2,1,0,1.CAP,5,0,0,0,0,0,0,0,0,0,7.64,0.8,6.6,257,0.1,59.5,245.5
JXSY_033,1,study_417,1,49,F,6,0,1,1.CAP,14,1,0,0,0,0,0,0,0,0,2.81,0.4,2.3,104,0.49,86.8,172.72727272727272
JXSY_034,1,study_417,0,37,M,5,0,0,1.CAP,10,0,0,0,0,0,0,0,0,0,22.1,0.8,20.8,112,70.77,243.7,212
JXSY_035,1,study_417,0,49,M,8,0,1,1.CAP,12,0,0,0,0,0,0,0,0,0,6.95,2.1,4.3,118,0.43,94.5,137
JXSY_036,1,study_417,0,61,M,8,0,0,1.CAP,17,0,0,0,0,0,0,0,0,0,12.95,0.3,12.4,173,25.26,211.5,156.66666666666669
JXSY_037,1,study_417,1,66,M,13,1,1,1.CAP,28,0,0,0,0,0,0,0,1,0,2.72,0.3,2.3,207,81.44,236.1,70
JXSY_038,1,study_417,0,62,M,6,1,0,1.CAP,9,1,0,1,0,0,0,0,1,0,10.01,0.5,9.2,97,23.2,271,186.6
JXSY_039,1,study_417,0,70,M,6,1,0,1.CAP,18,1,0,1,1,0,0,0,1,0,14.46,1.1,12.8,165,0.62,66.5,193.55555555555554
JXSY_040,1,study_417,1,88,F,9,0,1,1.CAP,22,0,0,0,1,0,0,0,0,0,7.27,1.2,5.8,136,70.51,16.9,56
JXSY_041,1,study_417,1,79,M,10,0,1,1.CAP,17,1,0,1,0,0,1,0,0,0,7.34,0.2,6.9,43,0.71,215.1,74
JXSY_042,1,study_417,1,76,M,9,0,1,2.HAP,22,1,0,0,1,0,0,0,0,0,13.02,0.7,12.1,148,1.03,87.8,76.66666666666667
JXSY_043,1,study_417,1,64,M,14,0,1,1.CAP,32,1,0,0,0,0,0,0,0,0,0.86,0.2,0.6,8,100,283,26
JXSY_044,1,study_417,0,77,F,5,1,1,1.CAP,15,1,0,0,0,0,0,0,1,0,3.48,0.1,3.1,203,2.63,168.9,179.6
JXSY_045,1,study_417,1,87,M,7,1,0,1.CAP,12,1,0,1,0,0,1,0,0,0,8.91,0.1,8.6,76,4.79,167.3,166
JXSY_046,1,study_417,0,61,M,7,0,0,1.CAP,6,0,0,0,0,0,0,0,0,0,8.11,0.5,7.4,105,4.45,343.79,200
JXSY_047,1,study_417,0,67,M,8,0,1,1.CAP,16,0,0,0,0,0,0,0,0,0,8.26,0.1,8,128,9.16,256.72,186.66666666666666
JXSY_048,1,study_417,0,70,M,11,0,1,1.CAP,12,0,0,1,0,0,0,0,0,0,5.89,0.2,5.6,32,52.27,243.6,198.99999999999997
ZYCZ_030,1,study_417,0,30,M,5,1,1,1.CAP,20,0,0,0,0,1,0,0,1,1,23.94,0.43,22.43,567,2.96,105.7,81.2
ZYCZ_031,1,study_417,0,55,F,10,1,1,1.CAP,21,0,0,0,0,0,0,1,0,0,1.08,0.14,0.81,37,1.76,64.8,140.14285714285714
ZYCZ_032,1,study_417,0,42,F,13,1,1,1.CAP,17,0,0,0,0,0,0,1,1,0,2.13,0.59,1.3,18,2.35,52.2,150
ZYCZ_033,1,study_417,1,63,M,4,1,1,1.CAP,12,1,0,0,0,0,0,1,0,0,7.99,0.92,6.42,379,0.14,85.8,147.63636363636363
ZYCZ_034,1,study_417,0,81,M,7,0,1,2.HAP,21,0,0,0,0,0,0,0,0,0,3.63,0.42,2.99,210,33.01,67.2,87.11111111111111
ZYCZ_035,1,study_417,1,59,M,8,1,1,1.CAP,15,0,0,1,0,0,0,1,0,0,13.16,0.78,11.8,56,0.59,121.4,108.15384615384615
ZYCZ_036,1,study_417,0,31,F,5,1,1,1.CAP,16,0,0,0,0,1,0,0,0,1,3.58,0.21,3.33,147,0.18,15.07,320.6666666666667
ZYCZ_037,1,study_417,1,45,M,11,0,1,1.CAP,25,0,0,0,0,0,0,0,0,0,7.62,0.46,6.93,128,3.16,109.58,56
ZYYH_055,1,study_417,0,58,M,7,0,1,1.CAP,13,0,0,0,1,0,0,0,0,0,4.1,0.67,3.05,109,1.06,39.7,208.57142857142858
ZYYH_056,1,study_417,0,69,M,6,0,1,1.CAP,18,0,0,0,0,0,0,0,0,0,10.42,0.29,9.76,156,2.45,171.4,98.1
ZYYH_057,1,study_417,0,59,M,11,0,1,1.CAP,17,0,0,0,1,0,0,0,0,0,1.35,0.14,1.12,12,1.79,152.74,154
ZYYH_058,1,study_417,1,71,M,5,1,1,1.CAP,14,0,0,1,0,0,0,0,1,0,11.78,0.25,10.97,155,0.48,105,68.75
ZYYH_059,1,study_417,1,64,M,9,0,1,1.CAP,19,1,0,1,0,0,1,0,0,0,12.13,0.32,11.61,119,11.1,297.5,52
ZYYH_060,1,study_417,0,91,F,11,0,1,1.CAP,20,1,0,0,0,0,0,0,0,0,15.45,0.03,14.71,144,78.2,178,80
ZYYH_061,1,study_417,1,73,F,9,1,1,1.CAP,23,1,0,0,0,0,0,0,1,0,11.78,0.22,11.34,120,0.36,133.74,108
ZYYH_062,1,study_417,0,76,M,8,0,1,2.HAP,20,0,0,0,1,0,1,0,0,0,18.79,1.6,15.33,388,0.16,68.96,186.66666666666666
ZYYH_063,1,study_417,0,74,F,12,0,1,1.CAP,31,1,0,0,0,0,1,0,0,0,11.17,0.56,10.33,172,19.6,353.61,86
ZYYH_064,1,study_417,1,65,F,9,1,1,1.CAP,19,0,0,1,0,0,0,0,1,0,8.13,0.66,6.95,148,2.69,14.61,61.1
ZYYH_065,1,study_417,0,63,M,12,1,1,1.CAP,20,0,0,0,0,0,0,1,0,1,0.29,0.25,0.02,13,100,241.15,67
ZYYH_066,1,study_417,0,36,M,13,0,1,1.CAP,14,0,0,1,0,0,0,0,0,0,8.36,0.25,7.49,74,100,351.11,60
ZYYH_067,1,study_417,0,75,F,7,1,1,1.CAP,26,1,0,0,0,0,1,0,0,0,16.08,0.27,15.16,163,11.6,44.29,315
ZYYH_068,1,study_417,1,68,M,11,1,1,2.HAP,25,0,0,1,0,0,1,0,1,0,5.3,0.11,5.08,67,3.02,331.61,59
ZYYH_069,1,study_417,0,83,M,14,0,1,2.HAP,37,0,0,0,0,0,0,0,0,0,12.8,0.26,12.15,41,10.21,124.53,78
ZYYH_070,1,study_417,1,69,M,10,0,1,1.CAP,30,0,0,0,0,0,0,1,0,0,0.83,0.42,0.21,18,13.9,234,156
ZYYH_071,1,study_417,1,66,F,11,0,1,2.HAP,22,1,0,0,0,0,0,0,0,0,5.18,0.54,4.07,30,0.08,58.32,202.5
ZYYH_072,1,study_417,1,80,M,17,0,1,1.CAP,27,0,0,1,0,0,0,0,0,0,2.18,0.26,1.83,42,100,298,94.39999999999999
ZYQC_063,1,study_417,1,83,M,11,0,1,1.CAP,22,0,0,1,0,0,1,0,0,0,10.08,0.52,8.8,96,0.69,131.45,311.6666666666667
ZYQC_064,1,study_417,1,47,M,16,0,1,1.CAP,21,0,0,0,1,0,0,0,0,0,15.15,1.35,13.56,49,7.86,74.34,176
ZYQC_065,1,study_417,1,56,F,7,1,1,1.CAP,15,0,0,1,0,0,1,0,0,0,12.13,0.32,10.98,124,0.08,48.31,124.61538461538461
ZYQC_066,1,study_417,1,48,M,10,1,1,2.HAP,19,0,0,0,0,0,0,1,0,1,0.6,0.06,0.52,12,0.1,77.01,155.55555555555554
ZYQC_067,1,study_417,0,82,M,5,0,1,1.CAP,19,1,0,0,0,0,0,0,0,0,15.3,0.99,13.94,182,0.34,93.4,224.00000000000003
ZYQC_068,1,study_417,0,45,F,6,1,0,1.CAP,7,0,0,0,0,1,0,0,0,1,12.5,0.16,11.96,125,0.33,48.57,124
ZYQC_069,1,study_417,0,33,F,3,0,0,1.CAP,5,0,0,0,0,0,0,0,0,0,19.3,1.97,16.02,385,0.02,16.61,172.5
ZYQC_070,1,study_417,0,79,F,8,0,1,1.CAP,21,0,0,1,0,0,0,0,0,0,18.76,0.38,17.13,148,7.15,24.34,155
ZYQC_071,1,study_417,1,74,M,7,0,1,1.CAP,17,0,0,1,1,0,0,0,0,0,5.6,0.24,5.14,82,0.2,21.19,203.33333333333334
ZYQC_072,1,study_417,0,77,M,7,0,1,1.CAP,18,0,0,1,0,0,1,0,0,0,7.75,0.22,7.42,209,0.06,20.05,149.75
ZYQC_073,1,study_417,0,75,M,8,0,1,1.CAP,20,0,0,1,0,0,1,0,0,0,20.74,0.81,19.66,264,28.4,21.21,85
ZYQC_074,1,study_417,1,71,M,6,0,1,1.CAP,15,1,1,0,0,0,0,0,0,0,21.34,0.62,19.85,254,0.67,176,125
ZYQC_075,1,study_417,1,77,F,9,1,1,2.HAP,24,1,0,1,0,0,1,0,0,0,23.23,0.28,22.46,122,1.54,58.42,168.88888888888889
ZYQC_076,1,study_417,0,67,M,5,0,0,1.CAP,12,0,0,1,0,0,0,0,0,0,17.24,0.71,16.33,409,5.37,135.5,92.85714285714286
ZYQC_077,1,study_417,1,71,M,9,1,1,1.CAP,16,1,0,1,0,0,1,0,0,0,3.13,0.44,2.55,35,0.77,85.74,59
ZYQC_078,1,study_417,1,34,F,6,1,1,1.CAP,13,0,0,1,0,0,0,1,0,1,7.54,0.44,6.33,214,0.08,8.97,207.42857142857142
ZYQC_079,0,whole_only,0,60,F,8,0,1,NA,15,0,0,0,0,0,0,0,0,0,9.9,2.42,6.95,183,0.05,16.72,82
ZYQC_080,1,study_417,0,72,M,10,0,1,1.CAP,17,0,0,0,0,0,1,0,0,0,5.78,0.38,5.34,16,8.21,255.24,352
ZYQC_081,1,study_417,1,60,M,7,0,1,1.CAP,23,0,1,0,0,0,1,0,0,0,14.85,0.58,13.88,70,1.27,166.2,118.33333333333334
ZYQC_082,1,study_417,1,69,M,10,0,1,1.CAP,17,1,0,0,0,0,0,0,0,0,28.95,0.75,27.65,158,6.99,192.26,73.33333333333333
ZYQC_083,1,study_417,1,73,M,6,0,1,1.CAP,12,0,0,1,0,0,0,0,0,0,11.11,0.5,9.67,116,0.13,36.91,175
ZYQC_084,1,study_417,0,72,M,8,0,1,1.CAP,26,1,0,1,0,0,0,0,0,0,2.81,0.49,2.11,262,1.29,101.2,140.2
ZYQC_085,1,study_417,0,61,F,8,0,1,1.CAP,20,0,0,0,0,0,1,0,0,0,21.71,0.72,20.67,187,0.64,70.43,72.5
ZYQC_086,1,study_417,1,71,M,17,0,1,1.CAP,28,1,0,1,0,0,0,0,0,0,0.71,0,0.56,1,2.25,259.45,94.16666666666667
ZYQC_087,1,study_417,0,81,M,7,1,1,1.CAP,17,0,0,0,0,0,0,0,1,0,8.22,0.14,8.01,91,0.1,42.59,108.57142857142858
ZYQC_088,1,study_417,1,68,F,12,0,1,1.CAP,21,0,0,0,1,0,0,0,0,0,35.3,1.94,31.95,274,0.31,5.74,95.38461538461539
ZYQC_089,1,study_417,0,73,M,5,1,0,1.CAP,17,0,0,1,0,0,0,0,0,0,12.63,0.3,11.9,215,0.83,17.22,134.54545454545453
ZYQC_090,1,study_417,0,64,F,5,1,1,1.CAP,15,0,0,1,0,0,0,0,1,0,11.6,1.36,8.98,100,0.18,27.22,98.33333333333334
ZYQC_091,1,study_417,0,66,M,5,0,0,1.CAP,11,1,0,0,0,0,0,0,0,0,5.25,0.22,4.74,193,0.07,5.46,91.33333333333333
ZYQC_092,1,study_417,1,67,F,17,1,1,1.CAP,25,0,0,0,0,0,0,0,0,1,0.55,0.28,0.13,20,100,193.09,57
ZYQC_093,1,study_417,0,82,M,9,1,1,2.HAP,24,0,0,1,0,1,1,0,0,0,11.17,0.23,10.63,159,7.84,211.5,112
ZYQC_094,1,study_417,0,68,M,8,1,1,1.CAP,22,1,0,1,0,1,0,0,0,1,3.71,0.2,3.36,137,8.63,51.97,168.88888888888889
ZYQC_095,1,study_417,0,61,F,9,1,1,1.CAP,23,0,0,0,0,1,0,0,0,1,18.88,0.4,18.12,236,0.58,67.19,118.66666666666667
ZYQC_096,1,study_417,0,60,M,10,1,1,1.CAP,19,0,0,1,0,1,0,0,0,1,16.69,0.15,15.64,144,2.42,97.47,152
ZYQC_097,1,study_417,0,36,M,5,0,1,1.CAP,12,0,0,1,0,0,0,0,0,0,14.9,0.94,12.77,204,0.1,7.2,58
ZYQC_098,1,study_417,1,70,M,9,1,1,1.CAP,20,0,0,1,0,0,1,0,1,0,6.57,0.23,6.06,36,0.18,43.08,113.85714285714288
ZYQC_099,1,study_417,0,62,M,10,1,0,1.CAP,25,0,0,0,0,1,0,0,0,1,13.77,0.52,12.93,145,0.19,20.53,100
ZYQC_100,1,study_417,0,74,M,3,0,0,1.CAP,9,0,0,0,0,0,0,0,0,0,12.44,0.86,10.56,420,0.2,44.39,103.07692307692308
ZYQC_101,1,study_417,0,61,M,11,1,1,1.CAP,11,0,0,1,0,0,1,0,0,0,3.12,0.3,2.7,14,1.5,23.62,97.23076923076923
ZYQC_102,1,study_417,0,49,F,12,0,1,1.CAP,31,0,0,0,0,1,0,0,0,0,0.43,0.3,0.04,70,47,206.58,372
ZYQC_103,1,study_417,0,65,M,8,1,1,1.CAP,22,1,0,0,0,1,0,0,0,1,4.11,0.07,3.81,86,0.64,84.34,121.66666666666667
ZYQC_104,1,study_417,0,66,M,5,0,1,2.HAP,14,0,0,1,0,0,0,0,0,0,11.1,0.75,9.83,79,1.25,283.77,165
ZYQC_105,1,study_417,0,52,F,8,1,1,1.CAP,24,0,0,0,0,1,1,0,1,0,8.29,0.13,8.05,60,3.78,92.15,132.88888888888889
ZYQC_106,1,study_417,0,55,M,7,0,1,1.CAP,9,0,0,0,0,0,0,0,0,0,9.84,0.49,8.93,176,9.32,206.34,175
ZYQC_107,0,whole_only,1,56,M,8,0,1,NA,20,1,0,1,0,0,0,0,0,0,16.65,0.5,16.13,146,1.87,14.6,200
ZYQC_108,1,study_417,0,74,M,4,0,1,1.CAP,8,0,0,1,0,0,0,0,0,0,14.87,0.52,13.4,169,2.47,77.58,313.33333333333337
ZYQC_109,1,study_417,0,72,M,10,1,1,1.CAP,10,0,0,0,0,0,1,0,0,0,9.85,0.35,9.36,92,0.23,260.16,168.88888888888889
ZYQC_110,1,study_417,1,91,M,9,1,1,1.CAP,18,0,0,0,0,0,0,1,0,0,104.5,36.51,15.65,32,1.82,93.49,150.9090909090909
ZYQC_111,1,study_417,0,77,M,3,1,1,2.HAP,15,0,0,1,0,0,0,0,1,0,14.06,0.39,13.58,85,0.19,59.93,332
ZYQC_112,1,study_417,0,23,M,6,0,1,1.CAP,9,0,0,0,0,1,0,0,0,0,17.18,0.38,16.6,245,0.48,69.95,150
ZYQC_113,1,study_417,0,73,M,4,0,1,1.CAP,10,1,0,0,0,0,0,0,0,0,6.08,1.09,4.28,197,0.33,185.92,126
ZYQC_114,1,study_417,0,79,M,9,0,1,1.CAP,22,0,0,0,0,0,0,0,0,0,6.5,1.11,5.14,114,3.79,293.95,146.66666666666666
ZYQC_115,1,study_417,0,65,M,8,1,1,1.CAP,15,0,0,0,0,0,1,0,0,0,13.52,0.55,12.68,112,7.46,80.23,152.5
ZZRM_099,1,study_417,1,84,M,8,0,1,1.CAP,19,0,0,1,0,0,0,0,0,0,6.27,0.87,5.03,87,0.138,3.26,134.6
ZZRM_100,0,whole_only,NA,81,F,7,0,1,1.CAP,21,0,0,1,1,0,0,0,0,0,7.41,0.14,7.19,96,9.93,112.54,141.33333333333334
ZZRM_101,1,study_417,0,41,M,9,1,0,1.CAP,24,0,0,1,0,1,0,0,0,1,1.73,0.1,1.63,83,0.866,142.63,87.4
ZZRM_102,1,study_417,1,81,M,5,0,1,1.CAP,18,0,0,0,0,0,0,0,0,0,14.53,0.62,13.71,156,0.2,38.64,116.5
ZZRM_103,1,study_417,1,32,M,7,1,0,1.CAP,15,0,0,0,0,1,0,0,0,1,18.72,0.24,18.12,187,1.18,165.13,180
ZZRM_104,1,study_417,0,52,F,5,1,0,1.CAP,17,0,0,1,0,1,0,0,0,1,4.36,0.19,4.03,235,0.428,2.89,222.22222222222223
ZZRM_105,1,study_417,1,42,M,15,1,1,1.CAP,17,0,0,1,1,0,1,0,0,1,19.15,0.11,18.66,25,1.35,49.81,78.7
PHYY_023,1,study_417,1,88,M,9,0,1,1.CAP,15,0,0,1,0,0,0,0,0,0,39.5,0.36,37.63,84,14.6,146,212.5
PHYY_024,1,study_417,1,83,F,4,0,0,1.CAP,20,0,0,0,0,0,0,0,0,0,15.8,0.89,14.47,392,61.2,221,248.48484848484847
PHYY_025,1,study_417,1,75,M,3,1,1,1.CAP,11,0,0,0,0,0,1,0,0,0,8.3,1.6,5.86,276,2.2,76,203.33333333333334
PHYY_026,1,study_417,1,61,M,10,1,1,1.CAP,10,0,0,1,0,0,1,0,0,0,4.2,0.33,3.68,9,0.38,33.1,182.85714285714286
PHYY_027,1,study_417,0,77,M,7,0,1,1.CAP,11,1,0,0,0,0,0,0,0,0,18.5,0.3,17.57,165,100,181.1,194.49999999999997
PHYY_028,1,study_417,0,40,M,4,1,1,2.HAP,8,0,0,1,1,0,1,0,0,0,1.8,0.52,0.96,112,0.81,159,143
XARM_036,1,study_417,0,86,M,11,0,1,2.HAP,29,1,0,1,0,1,0,0,0,0,13.23,0.58,11.54,174,0.165,188.31,96.66666666666667
XARM_037,1,study_417,0,80,M,5,0,0,1.CAP,10,0,0,0,0,0,0,0,0,0,5.71,0.27,5.2,328,0.8369999999999999,105,157.5
HNSR_037,0,whole_only,1,78,M,7,0,1,2.HAP,15,0,0,0,0,0,1,0,0,0,16.33,0.53,15.53,66,1.79,59.78,257.5
HNSR_038,1,study_417,1,81,F,4,0,1,1.CAP,12,0,0,0,0,0,0,0,0,0,12.68,0.19,12.03,138,0.19,64.28,217.42857142857142
HNSR_039,1,study_417,0,53,F,10,0,1,2.HAP,9,1,0,0,0,0,1,0,0,0,10.99,0.84,10.06,48,1.28,194,151.4
HNSR_040,0,whole_only,0,72,F,7,0,1,2.HAP,21,1,0,0,0,0,0,0,0,0,13.72,0.47,12.7,146,0.92,148,227.5
HNSR_041,0,whole_only,0,43,M,7,0,1,3.VAP,13,0,0,0,0,0,0,0,0,0,20.56,0.6,19.76,182,2.51,154.27,192.85714285714286
HNSR_042,1,study_417,0,62,M,11,0,1,2.HAP,14,0,0,0,1,0,0,0,0,0,16.26,0.66,14.63,57,0.96,127,84.8
HNSR_043,0,whole_only,0,29,F,9,0,1,2.HAP,8,0,0,0,0,0,0,0,0,0,23.38,2.3,19.02,74,5.87,18.94,266.57142857142856
HNSR_044,1,study_417,0,66,M,7,0,1,2.HAP,13,1,0,0,0,0,0,0,0,0,12.64,1.2,10.64,265,7.41,74.37,175
HNSR_045,0,whole_only,1,80,M,11,0,1,2.HAP,31,0,0,0,0,1,0,0,0,0,6.94,0.22,6.6,121,100,209,208
HNSR_046,0,whole_only,0,69,M,6,0,0,1.CAP,12,1,0,0,0,1,0,0,0,0,9.6,0.81,8.25,188,0.45,105,217.5
HNSR_047,0,whole_only,1,78,M,9,1,1,1.CAP,15,1,0,0,0,0,1,0,0,0,8.48,0.47,7.37,84,2.05,150,123.2
HNSR_048,0,whole_only,1,53,M,18,0,1,1.CAP,31,1,0,1,0,0,0,0,0,0,6.62,0.24,6.05,13,24.89,219.59,93
HNSR_049,0,whole_only,1,62,M,6,0,1,2.HAP,6,0,1,0,0,0,0,0,0,0,5.84,0.28,5.2,212,0.9,93.99,192.5
HNSR_050,1,study_417,0,43,M,6,0,1,1.CAP,8,0,0,1,0,0,0,0,0,0,15.94,0.27,14.95,188,0.22,41.76,194.22222222222223
SLTD_013,1,study_417,1,72,M,8,0,1,2.HAP,12,0,0,0,0,0,0,0,0,0,14.3,0.8,12.6,173,0.167,66.3,92.5
SLTD_014,1,study_417,1,78,M,4,0,1,1.CAP,9,0,0,0,0,0,0,0,0,0,14.4,0.4,13.1,218,0.068,72.5,93.75
SLTD_015,1,study_417,0,60,F,8,0,1,2.HAP,19,0,0,0,0,0,0,0,0,0,9.6,1.5,5.6,194,0.183,78.9,73
SLTD_016,0,whole_only,0,67,M,13,0,1,2.HAP,27,0,0,0,0,0,0,0,0,0,12.1,0.8,10.8,117,7.883,86.5,151.66666666666669
SLTD_017,1,study_417,0,77,M,9,0,1,2.HAP,21,0,0,0,1,0,1,0,0,0,9,1.2,7.7,113,3.667,175.83,162.85714285714286
SLTD_018,1,study_417,1,55,F,10,0,1,2.HAP,20,1,0,0,0,0,0,0,0,0,4.6,0.1,4.4,64,2.523,5.86,49
ZDFE_107,1,study_417,1,73,M,5,0,1,1.CAP,9,0,0,1,0,0,0,0,0,0,11.01,0.41,10.1,93,22,162.3,260
ZDFE_108,0,whole_only,0,67,M,2,0,0,NA,8,1,0,1,0,0,0,0,0,0,14.05,1.64,11.45,239,0.763,71.92,356.6666666666667
ZDFE_109,1,study_417,0,31,M,11,0,1,3.VAP,12,0,0,0,0,0,0,0,0,0,2.68,0.52,2.05,86,6.342,119.43,87.8
ZDFE_110,1,study_417,1,52,M,7,0,1,1.CAP,14,0,0,1,0,0,0,0,0,0,38.53,2.66,33.75,270,0.223,10.44,188.57142857142858
ZDFE_111,1,study_417,0,28,M,5,0,1,1.CAP,10,1,0,0,0,0,0,0,0,0,13.47,0.58,12.51,138,0.123,1.99,74.2
ZDFE_112,1,study_417,1,74,F,8,1,1,1.CAP,21,0,0,0,0,0,0,0,1,0,21.47,1.65,19.07,92,21.112,212.16,178.54545454545453
ZDFE_113,1,study_417,0,69,F,11,0,1,3.VAP,20,1,1,0,0,1,0,0,0,0,11.93,0.97,10.12,175,0.641,130.31,98.28571428571429
ZDFE_114,1,study_417,0,43,M,10,0,1,3.VAP,18,0,0,0,0,0,0,0,0,0,9.2,1.06,7.94,166,0.549,165.57,71.8
ZDFE_115,1,study_417,0,51,F,7,0,1,1.CAP,13,1,0,0,0,0,0,0,0,0,14.9,0.82,13.79,162,0.195,24.44,43.2
ZDFE_116,1,study_417,0,15,M,10,0,1,3.VAP,12,0,0,0,0,0,0,0,0,0,13.76,1.42,11.43,95,3.15,8.19,157.0909090909091
ZDFE_117,1,study_417,0,73,M,4,0,1,1.CAP,17,0,0,0,0,0,0,0,0,0,12.27,0.88,11.01,223,0.292,82.57,68.9
TZEZ_019,0,whole_only,1,82,M,14,1,1,1.CAP,31,0,0,1,0,0,0,1,0,0,3.03,0.05,2.9,20,4.44,221.2,178.33333333333334
TZEZ_020,1,study_417,0,70,M,11,0,1,1.CAP,12,0,0,1,1,0,1,0,0,0,9.54,1.02,8.24,42,14.8,169,284.6153846153846
TZEZ_021,0,whole_only,0,75,M,6,0,1,2.HAP,21,0,0,0,0,0,0,0,0,0,18.92,0.66,18.11,400,0.49,99.8,248.57142857142858
TZEZ_022,1,study_417,0,55,M,8,0,1,1.CAP,17,1,0,0,0,0,0,0,0,0,8.62,0.16,8.13,109,100,274.7,217.5
TZEZ_023,1,study_417,0,68,M,4,0,1,2.HAP,11,0,0,1,0,0,0,0,0,0,6.4,0.84,4.84,239,0.09,100.8,156
TZEZ_024,1,study_417,0,64,M,5,0,1,1.CAP,6,0,0,0,0,0,0,0,0,0,13.84,1.13,12.08,217,2.87,97.9,375
TZEZ_025,1,study_417,1,84,M,12,0,1,1.CAP,25,0,0,1,0,0,0,0,0,0,43.54,1,37.92,74,99.5,65,82.5
TZEZ_026,1,study_417,0,88,M,3,0,1,3.VAP,10,1,0,1,0,0,0,0,0,0,15.74,0.66,14.35,110,7.12,264.2,257.77777777777777
TZEZ_027,1,study_417,0,74,M,4,0,1,1.CAP,8,0,0,1,0,0,0,0,0,0,16.15,0.81,14.73,165,11.1,140,180
TZEZ_028,0,whole_only,0,59,M,9,0,1,1.CAP,15,0,0,1,1,0,0,0,0,0,7.19,0.37,6.49,250,0.53,42.3,134.54545454545453
TZEZ_029,1,study_417,0,79,M,10,0,1,1.CAP,24,0,0,0,0,0,0,0,0,0,3.76,0.7,2.94,98,1.48,152,285
TZEZ_030,1,study_417,0,69,M,10,0,1,1.CAP,25,0,0,1,0,0,0,0,0,0,6.74,0.37,5.91,99,0.93,5.5,217.5
TZEZ_031,1,study_417,0,71,F,7,0,1,2.HAP,19,1,0,0,0,0,0,0,0,0,17.46,0.42,16.2,288,1.43,12.1,178.33333333333334
TZEZ_032,1,study_417,1,89,M,11,0,1,1.CAP,23,1,0,0,0,0,0,0,0,0,3.38,0.65,1.82,43,1.28,114.8,275
ZYQC_116,1,study_417,0,77,M,10,0,1,2.HAP,27,0,0,1,0,0,0,0,0,0,7.12,1.62,4.76,384,0.25,150.34,202.5714285714286
ZYQC_117,1,study_417,1,72,M,13,0,1,1.CAP,19,1,0,0,0,0,0,0,0,0,13.1,3.29,8.75,34,1.1,139.13,231.42857142857144
ZYQC_118,1,study_417,0,78,M,8,0,1,1.CAP,20,1,0,0,0,0,0,0,0,0,8.61,1.15,6.72,409,1.98,153.74,195
ZYQC_119,1,study_417,1,72,F,6,0,1,1.CAP,17,0,0,0,0,0,0,0,0,0,7.64,0.24,7.27,150,0.73,212.91,109.09090909090908
ZYQC_120,1,study_417,1,65,M,12,1,1,1.CAP,17,0,0,0,0,0,0,0,0,0,11.3,0.29,10.88,67,7.94,530.55,125.45454545454544
ZYQC_121,1,study_417,0,64,F,5,1,1,1.CAP,10,0,0,0,0,0,0,1,0,0,12.96,0.43,11.92,393,0.1,55.23,200
ZYQC_122,1,study_417,0,37,M,12,0,1,1.CAP,29,0,0,0,0,1,0,0,0,0,9.46,0.3,8.85,237,0.36,25.71,74
ZYQC_123,1,study_417,0,59,F,9,0,1,1.CAP,20,0,0,0,0,0,1,0,0,0,8.96,0.57,7.88,122,0.14,2.52,361.6
ZYQC_124,1,study_417,0,93,M,9,0,1,1.CAP,26,1,1,0,0,0,0,0,0,0,5.68,0.44,5.04,121,7.96,137.26,74
ZYQC_125,1,study_417,1,79,F,3,1,1,1.CAP,16,0,0,0,0,0,0,0,0,0,22.54,1.06,20.33,118,0.12,47.95,300
ZYQC_126,1,study_417,1,69,M,8,0,1,1.CAP,21,0,0,1,0,0,0,0,0,0,19.13,1.45,17.03,316,0.12,35.91,37
ZYQC_127,1,study_417,0,61,M,8,0,1,1.CAP,8,0,0,0,0,0,0,0,0,0,4.23,0.13,4.04,108,0.92,202.56,190
ZYQC_128,1,study_417,0,24,M,8,1,1,1.CAP,8,0,0,0,0,0,0,1,0,1,4.28,0.31,3.3,59,0.11,31.86,375.55555555555554
ZYQC_129,1,study_417,1,81,M,11,1,1,1.CAP,16,1,1,1,0,0,0,0,1,0,0.83,0.12,0.67,33,12.02,117.6,340
ZYQC_130,0,whole_only,0,59,M,7,0,1,NA,14,1,0,0,0,0,0,0,0,0,13.5,0.82,11.85,241,1.64,181.11,65.8
ZYQC_131,1,study_417,1,73,F,11,0,1,1.CAP,14,1,0,1,0,0,0,0,0,0,10.56,0.14,10.24,40,36.26,16.04,251.33333333333337
ZYQC_132,1,study_417,0,66,M,10,0,1,1.CAP,17,0,0,1,0,1,1,0,0,0,8.57,0.67,7.64,202,1.99,31.75,191.42857142857144
ZYQC_133,1,study_417,1,75,M,13,0,1,1.CAP,21,1,1,0,0,0,0,0,0,0,21.8,0.68,20.21,328,10.16,123.04,113.33333333333334
ZYQC_134,1,study_417,0,88,M,7,0,1,1.CAP,22,0,0,0,0,0,0,0,0,0,5.62,0.29,5.09,159,16.4,255.79,159.25
ZYQC_135,1,study_417,0,66,M,7,0,1,1.CAP,13,0,0,0,0,0,0,0,0,0,5.77,0.15,5.43,180,0.07,100.4,77.11111111111111
ZYQC_136,1,study_417,1,59,F,7,0,1,1.CAP,16,0,0,0,0,0,0,0,0,0,13.68,0.1,13.37,303,0.52,226.77,49.4
ZYQC_137,0,whole_only,1,70,F,14,0,1,NA,12,0,0,0,1,0,0,0,0,0,15.21,1.02,13,23,12.87,168.6,142.2
ZYQC_138,0,whole_only,0,58,F,5,0,1,NA,13,0,0,1,0,0,0,0,0,0,11.91,1.43,9.73,305,0,0.56,55
ZYQC_139,1,study_417,1,69,M,10,0,1,1.CAP,9,1,0,0,1,0,0,0,0,0,6.3,0.07,6.17,90,10.33,166.36,148.8
ZYQC_140,0,whole_only,1,83,M,10,0,1,1.CAP,33,0,0,1,0,0,0,0,0,0,40.84,0.37,39.33,192,5.28,331.35,60.1
ZYQC_141,0,whole_only,0,47,M,4,0,1,2.HAP,10,0,0,0,0,0,0,0,0,0,6.33,0.58,5.23,310,0.17,51.39,240.24999999999997
ZYQC_142,0,whole_only,0,72,F,8,0,1,1.CAP,15,0,0,1,0,0,0,0,0,0,9.12,0.37,8.35,101,0.13,29.82,273.00000000000006
ZYQC_143,1,study_417,1,68,M,11,0,1,1.CAP,18,0,0,0,0,1,0,0,0,0,15.39,0.34,14.53,58,1.81,72.47,124.33333333333333
ZYQC_144,0,whole_only,0,79,F,5,1,1,1.CAP,15,0,1,1,0,0,0,1,0,0,4.64,1.01,3.3,93,0.17,11.39,254.6153846153846
ZYCZ_038,1,study_417,0,83,F,9,0,1,1.CAP,15,1,1,0,0,1,0,0,0,0,9.1,0.47,7.77,173,1.82,3,194.75
ZYCZ_039,1,study_417,0,73,M,1,0,1,1.CAP,10,0,0,1,0,0,0,0,0,0,17.48,0.77,16.13,191,0.77,92.4,314.4
ZYCZ_040,1,study_417,0,52,F,3,1,0,1.CAP,15,1,0,0,0,0,0,0,1,0,7.09,0.39,6.61,328,0.2,146.9,124.16666666666667
ZYCZ_041,1,study_417,0,58,M,6,1,1,2.HAP,8,0,0,0,1,0,0,0,0,0,3.57,0.18,3.2,67,0.14,114,198.88888888888889
ZYCZ_042,1,study_417,0,29,M,16,1,1,2.HAP,27,0,0,0,0,0,0,1,0,0,113.85,3.53,101.21,37,93.74,140.81,88.9
ZYYH_073,1,study_417,0,80,M,5,0,1,2.HAP,18,0,0,1,0,0,0,0,0,0,11.91,0.77,10.29,140,3.56,41.25,207.5
ZYYH_074,1,study_417,0,53,F,7,0,1,1.CAP,13,0,0,0,0,0,0,0,0,0,7.67,0.55,6.9,242,0.35,107.77,72
ZYYH_075,1,study_417,1,67,M,10,0,1,1.CAP,28,0,0,1,0,0,0,0,0,0,30.49,1.04,28.14,261,4.03,72.06999999999998,137.4
ZYYH_076,0,whole_only,NA,74,M,4,0,1,2.HAP,15,0,0,0,1,0,0,0,0,0,6.33,0.85,4.75,111,1.38,128.2,154
ZYYH_077,1,study_417,1,74,M,7,0,1,1.CAP,29,1,0,0,0,0,0,0,0,0,10.47,0.95,9.08,104,17.92,232.82,108.6
ZYYH_078,0,whole_only,0,50,M,8,0,1,1.CAP,18,1,0,0,1,0,0,0,0,0,13.1,0.86,11.67,135,22.21,155.55,212.5
ZYYH_079,0,whole_only,0,56,M,7,0,1,1.CAP,21,0,0,1,0,0,0,0,0,0,12.86,0.33,12.19,163,NA,122.45,159.2
ZYYH_080,0,whole_only,0,85,M,7,0,1,1.CAP,14,0,0,1,0,0,0,0,0,0,11.38,0.32,10.26,169,0.04,11.76,160
HNSR_051,1,study_417,0,61,M,7,0,1,2.HAP,11,0,0,0,0,0,1,0,0,0,7.19,0.71,5.98,85,0.39,62,160
HNSR_052,0,whole_only,1,78,M,7,0,1,1.CAP,15,1,0,0,0,0,0,0,0,0,9.27,0.51,8.44,199,2.82,184.98,141.4
HNSR_053,1,study_417,0,72,F,4,1,1,2.HAP,13,1,0,0,0,0,0,0,1,0,22.2,0.72,20.64,126,0.82,130.38,131
HNSR_054,1,study_417,0,57,M,3,0,1,1.CAP,8,0,0,0,0,0,0,0,0,0,8.39,0.9,6.92,170,0.52,78.47,187.4
HNSR_055,0,whole_only,0,36,F,9,1,1,2.HAP,21,0,0,0,0,0,0,1,0,0,0.18,0.09,0.08,15,2.02,281.71,99
HNSR_056,1,study_417,1,49,F,8,1,1,1.CAP,15,0,0,1,0,0,0,0,1,0,10.23,0.22,9.91,65,0.27,115.39,107.29411764705883
HNSR_057,0,whole_only,1,69,F,11,0,1,1.CAP,19,0,0,1,0,0,0,0,0,0,6.93,0.47,6.27,30,64.31,96.88,71.125
HNSR_058,1,study_417,1,68,M,3,0,1,1.CAP,12,0,0,1,0,0,0,0,0,0,20.93,0.45,20.04,237,11.64,70.43,144.88888888888889
HNSR_059,0,whole_only,0,59,M,7,0,1,2.HAP,10,1,0,0,0,0,0,0,0,0,6.73,0.3,6.14,120,16.93,298.43,165.71428571428572
HNSR_060,1,study_417,0,53,F,6,0,1,2.HAP,18,1,0,0,0,0,0,0,0,0,13.43,0.59,11.71,254,66.11,73.03,135.5
HNSR_061,1,study_417,0,62,F,8,0,1,1.CAP,14,0,0,1,0,0,0,0,0,0,18.61,0.65,17.71,126,18.11,162.6,141.50000000000003
HNSR_062,0,whole_only,0,76,M,4,0,1,2.HAP,12,0,0,0,0,0,0,0,0,0,20.07,0.26,19.29,143,0.14,101.13,101.71428571428572
HNSR_063,1,study_417,0,87,M,5,0,1,2.HAP,13,1,0,0,0,0,0,0,0,0,8.46,0.58,7.63,166,0.11,39.13,235.5
HNSR_064,0,whole_only,0,41,F,7,1,1,1.CAP,23,0,0,0,0,0,0,0,1,0,57.32,1.77,54.29,264,9.03,104.06,216.71428571428572
HNSR_065,0,whole_only,1,73,M,10,0,1,1.CAP,25,0,1,0,0,1,0,0,0,0,16.44,0.34,14.97,271,100,274.28,101.85714285714286
HNSR_066,1,study_417,1,43,F,10,0,1,2.HAP,11,0,0,0,1,0,1,0,0,0,9.28,0.28,8.83,45,4.02,67.91,162.72727272727272
HNSR_067,1,study_417,0,63,F,5,0,1,2.HAP,7,1,0,0,0,0,0,0,0,0,10.63,1.11,9.15,284,0.29,142.82,233
ZDFE_118,1,study_417,0,31,M,11,0,1,3.VAP,8,0,0,0,0,0,0,0,0,0,10.18,0.73,8.97,40,26.3,203.6,141.6
ZDFE_119,1,study_417,1,72,M,5,0,1,1.CAP,13,0,0,0,0,0,0,0,0,0,10.21,0.61,9.3,204,2.441,217.88,66.3
ZDFE_120,1,study_417,1,57,M,10,0,1,1.CAP,34,1,0,1,0,0,0,0,0,0,14.43,1.15,11.67,114,0.142,393.9,50.8
ZDFE_121,1,study_417,1,57,F,8,0,1,1.CAP,22,1,0,1,0,0,0,0,0,0,11.41,0.39,10.85,129,100,245.39,47.7
ZDFE_122,1,study_417,0,78,F,3,1,0,2.HAP,12,0,0,1,0,0,1,0,0,0,6.86,0.67,5.58,200,0.099,12.42,125.16666666666666
ZDFE_123,1,study_417,1,83,M,12,1,1,1.CAP,31,0,0,0,0,1,0,1,0,0,21.28,0.23,20.63,74,2.377,61.89,138.85714285714286
ZDFE_124,1,study_417,1,43,M,8,1,1,1.CAP,19,0,0,0,0,1,0,1,0,0,9.43,0.26,8.65,57,100,75.76,131.45454545454544
ZDFE_125,1,study_417,1,82,F,2,0,0,1.CAP,9,0,1,0,0,0,0,0,0,0,11.23,3.44,6.92,172,0.291,31.03,297.2972972972973
ZDFE_126,1,study_417,1,85,M,8,0,1,1.CAP,15,1,1,0,0,0,1,0,0,0,10.2,0.3,9.36,85,0.73,83.74,184
ZDFE_127,1,study_417,0,51,M,3,0,1,1.CAP,6,0,0,0,0,0,0,0,0,0,9.18,0.59,8.41,291,1.114,148.64,223
ZDFE_128,1,study_417,0,49,F,8,0,1,1.CAP,21,0,1,0,0,0,0,0,0,0,7.25,1.68,5.32,128,3.24,119.45,178.88888888888889
ZDFE_129,1,study_417,0,65,F,5,0,1,1.CAP,14,1,0,0,0,0,0,0,0,0,8.49,0.66,7.41,169,0.248,38.74,87.85714285714286
ZDFE_130,1,study_417,1,67,M,4,1,1,1.CAP,11,1,0,0,0,0,0,0,1,0,14.22,1,13.06,221,18.501,99.21,246.66666666666669
ZDFE_131,1,study_417,1,62,M,5,0,1,1.CAP,10,1,0,0,0,0,0,0,0,0,7.37,0.65,6.51,197,0.529,139.29,70.58823529411765
ZDFE_132,1,study_417,1,70,F,8,0,1,1.CAP,21,1,0,0,0,0,0,0,0,0,15.82,1.14,13.91,330,0.248,144.96,63.4
ZDFE_133,1,study_417,0,49,F,13,0,1,1.CAP,25,1,0,0,0,1,0,0,0,0,5.54,0.16,5.24,40,90.58,155.38,52
ZDFE_134,1,study_417,1,73,M,12,0,1,2.HAP,22,0,0,1,0,0,0,0,0,0,9.26,1.36,7.63,35,0.933,91.19,109.23076923076923
ZDFE_135,1,study_417,0,68,M,9,0,1,3.VAP,17,0,0,0,0,0,0,0,0,0,9.78,1.21,7.7,180,0.54,164.35,52
ZDFE_136,1,study_417,0,34,F,7,0,1,1.CAP,10,0,0,0,0,0,0,0,0,0,3.51,0.37,3.09,144,6.64,145.09,60.5
ZDFE_137,1,study_417,0,57,F,3,0,1,3.VAP,14,0,0,0,0,0,0,0,0,0,12.22,0.4,10.8,183,0.281,121.64,150
ZDFE_138,1,study_417,0,52,M,9,0,1,2.HAP,13,0,0,0,0,0,0,0,0,0,21.07,0.57,20.04,160,8.902,136.49,145.99999999999997
ZDFE_139,1,study_417,1,76,M,10,0,1,2.HAP,25,0,1,1,0,1,0,0,0,0,13.34,1.49,11.43,117,0.343,73.34999999999998,76.88888888888889
ZDFE_140,1,study_417,1,64,M,10,0,1,1.CAP,19,0,0,0,0,0,0,0,0,0,14.99,0.88,13.72,164,14.331,134.1,80.6
ZDFE_141,0,whole_only,0,77,M,4,0,1,2.HAP,16,1,0,0,0,0,0,0,0,0,15.8,0.52,14.77,171,0.57,70.45,123.71428571428571
ZZRM_106,1,study_417,0,74,M,4,0,0,1.CAP,8,0,0,0,0,0,0,0,0,0,8.33,0.79,6.89,133,0.13,8.02,184.86486486486487
ZZRM_107,1,study_417,0,82,F,3,0,0,1.CAP,12,1,0,0,0,0,0,0,0,0,9.25,1.45,6.83,209,0.04,39.24,149.2
ZZRM_108,1,study_417,1,77,M,3,0,0,1.CAP,12,0,0,0,0,0,0,0,0,0,9.75,0.5,8.66,200,0.341,132.29,123.6
ZZRM_109,1,study_417,0,96,M,4,0,0,1.CAP,10,0,0,0,0,0,0,0,0,0,9.41,0.8,8.31,195,0.264,71.55,73.2
ZZRM_110,0,whole_only,0,40,F,3,1,0,1.CAP,4,0,0,0,0,0,0,0,0,1,5.68,1.08,4.33,237,2.53,61.99,330.3333333333333
ZZRM_111,1,study_417,0,65,M,2,0,1,1.CAP,10,0,0,1,0,0,0,0,0,0,12.51,0.33,11.69,196,0.264,55.66,223.75
ZZRM_112,1,study_417,0,38,M,5,1,0,1.CAP,7,1,0,0,0,0,0,0,0,1,4.2,0.37,3.62,266,0.384,12.09,159.75
ZZRM_113,1,study_417,0,74,M,2,0,0,1.CAP,7,0,0,1,0,0,0,0,0,0,11.11,0.62,10.09,323,0.1425,89.99,281.6666666666667
ZZRM_114,1,study_417,0,40,M,4,1,0,1.CAP,3,0,0,0,0,0,0,0,0,1,6.62,0.61,5.72,216,0.12,3.04,140.44444444444446
ZZRM_115,1,study_417,1,83,M,2,0,1,1.CAP,7,0,0,0,0,0,0,0,0,0,7.64,0.58,6.35,185,0.324,69.69,255
ZZRM_116,0,whole_only,NA,54,M,6,1,1,2.HAP,9,0,0,0,0,0,0,0,0,1,8.01,0.22,7.7,87,0.211,43.31,104.33333333333334
ZZRM_117,0,whole_only,NA,63,M,6,0,0,1.CAP,11,1,0,0,0,0,0,0,0,0,23.19,0.67,21.31,90,6.731,241.26,169.2
ZZRM_118,0,whole_only,NA,70,M,5,0,1,1.CAP,13,0,0,1,0,0,0,0,0,0,5.39,0.65,3.8,143,0.308,202.89,95.14285714285714
ZZRM_119,0,whole_only,0,76,M,3,0,0,1.CAP,10,0,0,1,0,0,0,0,0,0,14.95,0.76,13.3,365,0.975,193.62,195.55555555555554
JXSY_049,0,whole_only,1,79,F,8,0,1,1.CAP,16,0,0,1,0,0,0,0,0,0,15.36,0.3,14.4,94,3.62,99.4,89.28571428571429
JXSY_050,1,study_417,0,65,M,8,1,1,1.CAP,12,1,0,0,0,0,1,0,1,0,10.21,0.3,9.6,110,27.86,442,170
JXSY_051,1,study_417,1,56,M,7,0,1,1.CAP,15,0,0,0,0,0,0,0,0,0,6.83,0.3,6.5,113,0.83,68.9,130
JXSY_052,1,study_417,0,76,M,5,0,1,1.CAP,16,1,0,1,0,0,0,0,0,0,17.72,0.5,16.3,106,27.86,442,158.6
JXSY_053,1,study_417,0,56,F,4,0,0,1.CAP,9,1,0,0,0,0,0,0,0,0,20.21,1,18.4,141,42.94,263,123.33333333333334
JXSY_054,1,study_417,0,54,M,8,0,1,1.CAP,17,0,0,1,0,0,0,0,0,0,8.81,0.8,7.4,141,1.93,111.2,164.2
JXSY_055,1,study_417,0,56,M,5,0,0,1.CAP,11,0,0,1,0,0,0,0,0,0,17.21,0.2,16.7,235,7.73,318,212
JXSY_056,1,study_417,1,77,M,9,0,1,1.CAP,25,0,0,0,0,0,0,0,0,0,16.26,0.4,15.2,192,100,260,58
PHYY_029,1,study_417,1,90,M,6,0,1,1.CAP,18,0,0,0,0,0,0,0,0,0,11,1.6,9.19,176,0.23,84.5,251.71428571428572
PHYY_030,0,whole_only,1,64,M,7,0,1,1.CAP,12,0,0,0,0,0,0,0,0,0,6.5,0.4,5.9,124,1.62,176,146.90909090909088
PHYY_031,1,study_417,1,78,F,5,0,1,1.CAP,12,1,0,1,0,0,0,0,0,0,8.2,0.36,7.47,261,0.14,272,198.99999999999997
PHYY_032,0,whole_only,0,48,M,4,0,0,1.CAP,5,1,0,0,0,1,0,0,0,0,10,0.45,9.4,323,0.22,59.9,236
TZEZ_033,1,study_417,1,82,M,3,0,1,1.CAP,11,0,0,1,0,0,0,0,0,0,2.63,0.55,1.89,145,0.06,33.1,307.5
TZEZ_034,1,study_417,1,72,M,2,0,1,1.CAP,9,0,0,1,0,0,0,0,0,0,14.3,0.14,13.76,246,0.18,63.4,211.11111111111111
TZEZ_035,1,study_417,0,83,M,3,0,1,1.CAP,8,1,0,1,0,0,0,0,0,0,7.6,0.54,6.61,164,39.1,243.2,168.88888888888889
TZEZ_036,1,study_417,0,68,M,4,0,1,1.CAP,11,0,0,0,0,0,0,0,0,0,10.52,0.81,8.74,107,1.14,59,166
TZEZ_037,0,whole_only,NA,78,M,9,0,1,1.CAP,16,0,0,1,0,0,0,0,0,0,7,0.46,6.39,100,100,314.9,114.54545454545453
TZEZ_038,1,study_417,0,78,M,6,0,1,1.CAP,20,1,0,1,0,0,0,0,0,0,4.73,0.47,3.87,149,0.47,129.1,206.66666666666669
TZEZ_040,1,study_417,1,86,M,6,0,1,1.CAP,14,0,0,1,0,0,0,0,0,0,8.64,0.38,7.66,150,0.04,1.3,231.66666666666669
TZEZ_041,1,study_417,0,62,M,6,1,1,1.CAP,10,0,0,0,0,0,1,0,0,1,3.45,0.27,3.12,78,0.28,103.6,188.33333333333334
TZEZ_042,1,study_417,1,86,M,7,0,1,1.CAP,16,1,0,0,0,0,0,0,0,0,7.79,0.53,7.3,165,6.8,191.3,203.44827586206898
TZEZ_043,1,study_417,0,82,M,2,0,1,1.CAP,8,0,0,1,0,0,0,0,0,0,11.49,0.64,10.77,276,0.16,26.2,232.72727272727272
TZEZ_044,1,study_417,0,67,M,5,0,1,1.CAP,10,0,0,1,0,0,0,0,0,0,8.88,0.4,8.14,297,2.3,230.6,241.81818181818178
TZEZ_045,1,study_417,0,74,M,6,0,1,2.HAP,12,0,0,1,0,0,0,0,0,0,6.72,0.39,5.66,130,0.31,37.2,290
TZEZ_046,1,study_417,0,43,M,6,0,1,1.CAP,11,0,0,0,0,0,0,0,0,0,11.74,0.33,10.77,91,0.65,36.5,268.5714285714286
TZEZ_047,1,study_417,0,77,M,6,0,1,1.CAP,21,0,0,1,0,0,0,0,0,0,9.05,0.31,8.73,549,0.49,27.6,261.6666666666667
TZEZ_048,1,study_417,0,85,F,5,0,1,1.CAP,12,1,0,0,0,0,0,0,0,0,8,0.37,7,178,5.9,74.9,417.14285714285717
TZEZ_049,1,study_417,0,57,M,3,0,0,1.CAP,5,0,0,1,0,0,1,0,0,0,8.22,1.18,6.44,167,1,71.1,128.33333333333334
TZEZ_050,1,study_417,0,73,F,7,0,1,1.CAP,12,0,0,1,0,0,0,0,0,0,10.92,0.36,10.45,246,0.33,271.4,139.02439024390245
TZEZ_051,1,study_417,0,55,M,7,0,1,1.CAP,16,0,0,0,0,0,0,0,0,0,15.28,0.53,14.32,320,1.25,136.2,78.88888888888889
TZEZ_052,1,study_417,0,87,M,5,0,1,1.CAP,15,0,0,0,0,0,0,0,0,0,30.26,0.15,29.84,300,4.72,26,80
TZEZ_053,1,study_417,0,79,F,5,0,0,1.CAP,19,1,0,0,0,0,0,0,0,0,11.95,0.42,10.68,307,2.15,173.8,220
TZEZ_054,1,study_417,0,73,F,4,0,0,1.CAP,11,0,0,1,0,0,1,0,0,0,5.08,0.41,4.53,210,0.04,26.6,182.5
TZEZ_055,1,study_417,0,67,M,7,0,1,1.CAP,9,0,0,1,0,0,0,0,0,0,14.74,0.34,13.97,93,17.6,74.09999999999998,268.5714285714286
TZEZ_056,1,study_417,0,74,M,4,0,1,2.HAP,9,1,0,0,0,0,0,0,0,0,9.07,0.52,8.08,205,0.48,229.1,113.20754716981132
TZEZ_057,1,study_417,1,81,M,7,0,1,1.CAP,19,0,0,0,0,0,0,0,0,0,28.31,1.93,25.79,481,2.17,119.1,228
TZEZ_058,0,whole_only,0,94,M,8,0,1,1.CAP,14,0,0,0,0,0,1,0,0,0,17.03,0.68,16.08,266,2.12,177,133.33333333333334
TZEZ_059,1,study_417,0,78,F,3,0,1,1.CAP,9,0,0,1,0,0,0,0,0,0,19.86,0.54,18.69,238,0.83,29.4,187.5
TZEZ_060,1,study_417,0,20,M,9,1,1,1.CAP,11,0,0,0,0,0,0,1,0,1,1.07,0.42,0.46,18,1.4,165.6,265
TZEZ_061,1,study_417,0,64,M,7,0,1,1.CAP,10,0,0,1,0,0,0,0,0,0,18.04,0.43,17.1,209,16.7,427,160
TZEZ_062,1,study_417,0,82,M,7,0,1,1.CAP,13,0,0,0,0,0,0,0,0,0,18.92,0.42,16.9,134,26.2,220.5,218.33333333333334
TZEZ_063,0,whole_only,0,53,M,4,0,0,1.CAP,6,0,0,1,0,0,0,0,0,0,16.56,0.94,14.9,149,0.27,52,202.4390243902439
WZZX_020,1,study_417,1,58,M,14,0,1,1.CAP,24,1,0,0,0,1,0,0,0,0,11.8,0.3,11.38,158,25.74,210.9,102.5
WZZX_021,1,study_417,1,50,M,7,0,1,1.CAP,12,0,0,0,0,0,0,0,0,0,5.1,0.18,4.91,165,1,82.1,71.25
LSRM_013,0,whole_only,NA,75,M,8,0,1,1.CAP,14,0,0,0,0,0,0,0,0,0,14.5,1.74,11.69,203,0,10.5,83.42105263157895
LSRM_014,1,study_417,0,84,M,10,0,1,1.CAP,20,0,0,1,0,0,0,0,0,0,13.1,0.34,12.35,148,3.49,262.8,110.57142857142858
LSRM_015,1,study_417,1,83,M,12,0,1,1.CAP,31,0,0,1,0,0,0,0,0,0,5.7,0.93,4.73,96,11.64,280,93.75
LSRM_016,1,study_417,1,61,M,3,0,1,1.CAP,12,1,0,0,1,0,0,0,0,0,9.8,0.45,8.64,183,0.79,42.4,104.74999999999999
LSRM_017,0,whole_only,0,77,M,9,0,0,1.CAP,19,0,0,0,0,0,0,0,0,0,16.1,0.64,14.51,164,18.86,164.1,154.88888888888889
SLTD_019,1,study_417,0,79,F,5,0,1,2.HAP,19,1,0,0,0,0,0,0,0,0,15.1,0.6,14.2,227,2.027,158.74,217.14285714285717
SLTD_020,1,study_417,0,66,M,6,0,1,1.CAP,13,0,0,0,0,0,0,0,0,0,7.3,0.7,6.4,194,2.133,28.3,171.66666666666669
SLTD_021,1,study_417,0,68,M,10,0,1,1.CAP,22,0,0,1,0,0,0,0,0,0,5.8,0.6,4.6,78,16.378,125.4,147.5
SLTD_022,1,study_417,1,74,F,16,1,1,2.HAP,29,0,0,0,0,0,0,1,0,0,0.09,0,0,9,9.273,245.9,87.14285714285715
SLTD_023,0,whole_only,0,61,M,7,0,0,1.CAP,11,0,0,0,1,0,0,0,0,0,3.5,0.3,3.1,47,3.481,83.6,122
SLTD_024,1,study_417,0,88,M,12,0,1,1.CAP,24,1,0,0,0,0,0,0,0,0,13.7,1.6,11.1,224,36.603,191,123.33333333333334
LXZY_014,1,study_417,0,69,M,5,0,1,1.CAP,16,0,0,1,0,0,0,0,0,0,18.7,1.1,17.3,412,0.07,81.9,208.57142857142858
LXZY_015,1,study_417,0,83,F,11,0,1,1.CAP,21,1,0,1,0,1,0,0,0,0,9.2,0.4,8,268,100,127,148.33333333333334
HZSY_018,1,study_417,0,73,M,10,0,1,2.HAP,26,1,1,1,0,1,0,0,0,0,14.03,0.36,13.17,337,0.15,66.5,122.2
HZSY_019,1,study_417,1,72,M,10,0,1,1.CAP,22,0,0,1,0,0,0,0,0,0,7.68,0.1,7.26,90,0.8,119.8,221.25
HZSY_020,0,whole_only,NA,57,F,10,0,1,2.HAP,25,0,0,0,0,0,0,0,0,0,19.11,1.62,16.11,280,0.15,60.43,141.8
HZSY_021,1,study_417,1,78,M,10,0,1,1.CAP,28,0,0,0,0,0,1,0,0,0,19.69,0.54,18.66,295,4.6,176.4,116.66666666666667
HZSY_022,1,study_417,0,61,M,9,0,1,1.CAP,16,0,0,0,0,1,0,0,0,0,17.92,0.61,17.11,351,4.11,82.8,184.22222222222223
HZSY_023,1,study_417,1,80,M,7,0,1,1.CAP,14,1,0,0,0,0,0,0,0,0,2.6,0.29,2.24,122,0.74,74.64,115
HZSY_024,1,study_417,1,76,M,5,0,1,1.CAP,10,0,0,1,0,0,1,0,0,0,9.76,0.5,8.71,99,0.33,48.17,140.6
HZSY_025,0,whole_only,0,79,M,3,0,0,1.CAP,12,0,0,1,0,0,0,0,0,0,16.43,0.8,15.24,224,13.06,282.13,163.42857142857144
XARM_038,0,whole_only,NA,69,M,3,0,0,1.CAP,9,0,0,1,0,0,0,0,0,0,6.83,0.88,5.25,173,0.051,3.44,108
XARM_039,0,whole_only,0,78,M,2,0,0,1.CAP,12,0,1,1,0,0,0,0,0,0,12.03,0.66,10.68,210,0.105,14.21,200
ZYQC_145,0,whole_only,NA,82,M,5,0,1,2.HAP,11,0,0,1,0,0,0,0,0,0,15.7,1.15,13.75,304,0.14,156.37,245.14285714285714
ZYQC_146,0,whole_only,1,83,M,7,0,1,1.CAP,20,0,1,1,0,0,0,0,0,0,10.5,0.13,9.91,96,9.74,178.77,139
ZYQC_147,0,whole_only,0,70,F,3,0,1,1.CAP,13,0,0,0,0,0,0,0,0,0,20.96,0.46,20.25,308,0.26,190.52,169.55555555555554
ZYQC_148,0,whole_only,1,53,F,7,0,1,1.CAP,15,0,0,0,0,0,0,0,0,0,12.71,0.2,12.39,159,8.4,249.82,43.1
ZYQC_149,0,whole_only,1,60,F,6,0,1,1.CAP,5,0,0,0,0,0,0,0,1,0,12.3,0.76,11.3,500,0.04,41.61,191.11111111111111
ZYQC_150,0,whole_only,0,87,M,4,0,1,1.CAP,13,0,0,0,0,0,0,0,0,0,6.93,0.83,5.71,150,0.18,31.73,182
ZYQC_151,0,whole_only,1,36,M,13,0,1,2.HAP,21,0,0,0,1,0,0,0,0,0,6.41,0.34,5.45,51,0.96,50.26,252
ZYQC_152,0,whole_only,1,97,M,13,0,1,1.CAP,19,0,0,0,0,1,0,0,0,0,22.95,0.6,21.99,48,0.9,131.51,185
ZYQC_153,0,whole_only,1,71,M,9,0,1,1.CAP,27,0,0,0,0,1,0,0,0,0,5.44,0.18,5.16,46,28.51,329.13,141
ZYQC_154,0,whole_only,0,42,M,13,0,1,1.CAP,17,0,0,0,1,0,0,0,0,0,6.56,1.17,5.35,126,0.14,37.31,163.77777777777777
ZYQC_155,0,whole_only,0,48,F,5,1,1,1.CAP,21,0,0,0,0,1,0,0,0,1,17.74,0.25,17.42,172,0.73,160.79,70.625
ZYQC_156,0,whole_only,1,68,F,6,0,1,1.CAP,13,0,0,1,0,0,0,0,0,0,17.69,1.7,13.87,426,0.04,39.32,162.66666666666666
ZYQC_157,0,whole_only,0,59,M,9,1,1,1.CAP,23,0,0,1,0,1,0,0,0,1,13.15,0.08,12.93,144,1.35,198.89,48.8
ZYQC_158,0,whole_only,0,78,M,7,0,1,1.CAP,10,0,0,1,0,0,0,0,0,0,7.76,0.79,6.36,80,1.31,42.12,290
ZYQC_159,0,whole_only,1,70,F,9,1,1,1.CAP,22,0,0,1,0,0,0,0,1,0,6.18,0.1,5.92,57,0.67,45.27,45
ZYQC_160,0,whole_only,0,62,M,5,0,1,1.CAP,9,0,0,1,0,0,0,0,0,0,5.75,0.87,4.35,150,0.04,11.1,209.14285714285717
ZYQC_161,0,whole_only,1,31,M,3,1,1,1.CAP,10,0,0,0,0,1,0,0,0,1,5.62,0.69,4.47,213,0.28,63.82,181.49999999999997
ZYQC_162,0,whole_only,1,70,F,15,0,1,2.HAP,16,1,0,0,1,0,0,0,0,0,7.98,0.28,7.45,6,5.22,102.18,260
ZYQC_163,0,whole_only,0,65,F,12,1,1,1.CAP,15,1,0,1,0,0,0,0,0,0,12.37,0.66,11.39,68,3.91,200.47,92.5
ZYQC_164,0,whole_only,0,68,F,4,1,1,1.CAP,18,0,0,0,0,1,0,0,1,0,4.2,0.16,3.91,284,0.43,34.04,185
ZYQC_165,0,whole_only,0,68,M,10,0,1,4.SAP,28,0,0,0,0,0,1,0,0,0,8.6,1.01,7.06,184,0.02,10.54,296
ZYQC_166,0,whole_only,0,65,M,8,1,1,1.CAP,15,0,0,0,0,1,0,0,0,1,9.33,0.08,9.12,206,0.35,79.4,84.70588235294117
ZYQC_169,0,whole_only,0,27,F,11,0,1,4.SAP,19,0,0,0,1,0,0,0,0,0,15.71,0.2,15.02,85,3,44.78,240.00000000000003
ZYQC_170,0,whole_only,0,47,M,7,0,1,2.HAP,20,0,0,1,0,0,0,0,0,0,13.55,0.89,12.36,484,2.09,259.24,57
ZYQC_171,0,whole_only,0,68,M,8,0,1,1.CAP,13,1,0,0,0,0,0,0,0,0,2.6,0.32,2.23,82,32.53,280.92,192.5
ZYQC_172,0,whole_only,0,71,F,9,0,1,2.HAP,20,0,0,0,0,0,0,0,0,0,3.23,0.08,3.09,118,60.67,163.62,152.72727272727272
ZYQC_173,0,whole_only,1,73,M,11,1,1,1.CAP,21,1,1,0,0,1,0,1,0,0,0.2,0.08,0.11,30,29.7,148.88,260
ZYQC_174,0,whole_only,1,58,M,13,1,1,NA,18,1,0,1,1,0,0,0,0,0,7.47,0.16,7.09,27,0.3,47.17,113.45454545454544
ZYQC_175,0,whole_only,0,64,M,2,0,0,1.CAP,10,0,0,1,0,0,0,0,0,0,14.95,0.85,13.8,161,0.22,49.98,164.44444444444443
ZYQC_176,0,whole_only,1,61,F,8,0,1,NA,15,0,0,0,0,0,0,0,0,0,9.34,0.73,7.9,127,0.03,3.33,56
ZYQC_177,0,whole_only,0,64,F,7,1,0,1.CAP,9,0,0,0,0,0,0,1,0,0,7.86,1.9,4.68,110,0.37,90.23,205.71428571428572
ZYQC_178,0,whole_only,1,86,M,8,0,1,1.CAP,16,0,0,1,0,0,0,0,0,0,16.79,0.87,14.89,214,0.6,94.27,177.14285714285717
ZYQC_179,0,whole_only,1,79,F,4,0,1,1.CAP,12,0,0,0,0,0,0,0,0,0,13.16,0.34,12.37,199,3,266.55,205.74999999999997
ZYQC_180,0,whole_only,0,87,F,10,0,1,1.CAP,35,1,0,0,0,0,0,0,0,0,18.25,0.6,16.04,200,0.67,8,124
ZYQC_181,0,whole_only,NA,72,M,5,0,1,1.CAP,11,0,0,1,0,0,0,0,0,0,15.54,0.78,14.3,105,0.07,91.05,262.8571428571429
ZYQC_182,0,whole_only,0,34,M,5,1,1,1.CAP,12,0,0,1,0,0,0,0,0,0,4.2,0.04,4.14,126,1.53,146.61,192.00000000000003
ZYQC_183,0,whole_only,0,49,M,5,0,1,1.CAP,6,1,0,0,1,0,0,0,0,0,6.86,0.19,6.57,142,4.41,390.23,104.16666666666667
ZYQC_184,0,whole_only,1,78,M,14,0,1,2.HAP,25,0,0,1,0,0,0,0,0,0,11.41,0.41,10.86,13,6.6,197.16,94.66666666666667
ZYQC_185,0,whole_only,0,18,M,6,0,1,4.SAP,10,0,0,0,0,0,0,0,0,0,25.12,1.41,23.16,219,0.51,68.9,91.66666666666667
ZYQC_186,0,whole_only,1,65,M,10,1,1,1.CAP,25,0,0,0,0,1,0,0,0,1,5.99,0.6,3.73,38,69.66,219.48,164.44444444444443
ZYQC_187,0,whole_only,0,67,M,2,0,0,1.CAP,10,0,0,0,1,0,0,0,0,0,12.32,0.6,11.46,340,0.99,153.43,109.33333333333333
ZYQC_189,0,whole_only,0,38,M,5,0,1,2.HAP,13,0,0,0,0,0,0,0,0,0,7.56,0.32,6.9,244,0.03,6.38,279.6
ZYQC_190,0,whole_only,0,48,M,9,0,1,1.CAP,14,0,0,0,0,0,1,0,0,0,16.58,0.5,15.32,19,6.04,312.99,231.42857142857144
ZYQC_191,0,whole_only,1,69,F,11,0,1,1.CAP,24,0,0,0,0,0,0,0,0,0,4.34,0.49,3.82,65,7.35,164.32,94.2
ZYQC_192,0,whole_only,1,74,F,8,1,1,NA,20,0,0,1,0,0,0,0,1,0,10.27,0.34,9.77,237,0.2,71.61,86.5
ZYQC_193,0,whole_only,0,60,M,11,0,1,1.CAP,18,0,0,0,1,0,0,0,0,0,5.84,0.32,4.97,18,1.73,125.65,116.71428571428572
ZYQC_194,0,whole_only,1,62,M,16,1,1,2.HAP,24,0,0,0,0,1,0,0,0,1,0.02,0.01,0.01,35,37.74,147.62,166
ZYQC_195,0,whole_only,0,63,M,11,1,1,NA,22,0,0,0,0,1,0,0,0,1,5.31,0.24,4.89,75,0.43,70.69,113.33333333333334
ZYQC_196,0,whole_only,0,91,M,7,0,1,2.HAP,16,1,0,0,0,0,0,0,0,0,9.05,0.74,8.05,125,4.55,196.11,249.42857142857144
ZYQC_197,0,whole_only,0,34,M,10,1,1,1.CAP,20,0,1,0,0,1,0,0,0,1,12.65,0.2,12.14,272,2.43,86.99,55.125
ZYQC_198,0,whole_only,0,75,F,6,0,1,1.CAP,16,1,0,1,0,0,1,0,0,0,6.51,0.36,5.57,106,0.08,62.35,217.33333333333334
ZYQC_199,0,whole_only,NA,63,M,5,1,0,1.CAP,16,0,0,0,0,1,0,0,0,1,3.54,0.2,3.26,136,0.18,81.22,205.71428571428572
ZYYH_081,0,whole_only,0,64,F,12,1,1,2.HAP,21,0,0,0,0,0,0,1,0,0,2.25,0.31,1.89,28,7.31,199.49,271.42857142857144
ZYYH_082,0,whole_only,1,68,M,10,0,1,1.CAP,16,0,0,0,0,0,0,0,0,0,7.14,0.25,6.64,57,14.12,178.39,234.49999999999997
ZYYH_083,0,whole_only,0,41,M,9,0,1,1.CAP,17,0,0,1,0,0,1,0,0,0,3.82,0.3,3.46,166,54.65,283.67,160
ZYYH_084,0,whole_only,0,79,F,8,0,1,2.HAP,13,0,0,0,0,0,0,0,0,0,6.3,0.37,5.66,123,0.38,44.15,155
ZYYH_085,0,whole_only,1,59,M,10,0,1,1.CAP,18,1,0,0,0,0,1,0,0,0,16.47,0.08,15.81,61,0.24,17.71,120
ZYYH_086,0,whole_only,NA,51,M,8,0,1,1.CAP,15,1,0,0,0,0,0,0,0,0,5.12,0.65,4.15,22,100,380.51,199.99999999999997
ZYYH_087,0,whole_only,0,73,F,7,0,1,2.HAP,18,1,0,0,0,0,1,0,0,0,7.78,1.12,6.15,112,0.1,58.14,121.11111111111111
ZYYH_088,0,whole_only,0,75,M,9,0,1,1.CAP,12,0,0,0,0,1,0,0,0,0,3.03,0.3,2.32,129,1.06,49.36,256.8571428571429
ZYYH_089,0,whole_only,0,57,F,14,1,1,2.HAP,27,0,0,0,0,0,0,1,0,0,0.01,0,0.01,8,16.04,398.8,78.57142857142857
ZYYH_090,0,whole_only,0,87,M,10,0,1,1.CAP,27,1,0,0,0,0,0,0,0,0,14.03,1.02,12.73,36,24.04,74.45,247.5
ZYYH_091,0,whole_only,0,73,F,6,0,1,1.CAP,13,1,0,0,0,0,0,0,0,0,4.75,0.53,3.97,95,0.1,35.46,107.6923076923077
ZYYH_092,0,whole_only,0,80,F,4,1,1,1.CAP,17,0,0,1,0,0,0,0,1,0,7.72,0.78,6.69,159,0.08,58.51,168.88888888888889
ZYYH_093,0,whole_only,0,36,M,8,1,1,2.HAP,18,0,0,0,0,0,0,1,0,0,0.72,0.07,0.12,9,0.28,93.25,268.5714285714286
ZYYH_094,0,whole_only,1,72,M,8,0,1,1.CAP,16,0,0,1,0,0,0,0,0,0,9.62,0.28,9.04,195,0.23,80.63,95
ZYYH_095,0,whole_only,1,70,F,15,0,1,2.HAP,20,0,0,0,0,0,0,0,0,0,0.13,0.04,0.02,43,6.69,49.13,124.8
ZYYH_096,0,whole_only,1,62,F,8,0,1,1.CAP,22,0,0,0,0,0,0,0,0,0,27.81,0.17,27,117,0.22,12.92,75
ZYYH_097,0,whole_only,0,58,F,5,0,1,1.CAP,13,1,0,0,0,0,0,0,0,0,22.43,1.91,19.78,242,0.16,42.41,118.33333333333334
ZYYH_098,0,whole_only,0,27,M,3,0,1,2.HAP,6,0,0,0,0,0,0,0,0,0,20.24,1.6,16.21,824,0.36,248.64,195.55555555555554
ZYYH_099,0,whole_only,NA,78,M,8,0,1,1.CAP,19,0,0,1,0,0,0,0,0,0,10.1,0.27,9.64,104,5.08,41.54,220
ZYYH_100,0,whole_only,0,29,M,7,0,1,1.CAP,17,1,0,0,0,0,0,0,0,0,18.85,0.74,16.66,270,17.66,171.51,128.33333333333334
ZYYH_101,0,whole_only,1,92,M,8,0,1,4.SAP,19,1,0,0,0,0,0,0,0,0,16.98,0.58,15.5,95,52.75,289.47,152
ZYYH_102,0,whole_only,0,71,M,8,0,1,3.VAP,25,0,0,1,0,0,0,0,0,0,4.9,0.65,3.72,62,45.99,115.95,163.07692307692307
ZYYH_103,0,whole_only,1,71,M,11,0,1,2.HAP,22,0,0,0,0,0,1,0,0,0,20.4,0.49,19.4,77,22.03,201.8,118.57142857142858
ZYYH_104,0,whole_only,0,80,F,9,0,1,2.HAP,34,0,0,0,1,0,0,0,0,0,4.7,0.26,4.07,31,0.49,60.04,245.71428571428572
ZYYH_105,0,whole_only,1,67,M,10,0,1,1.CAP,24,0,0,0,1,0,0,0,0,0,10.88,0.37,10.35,118,25.79,367.76,107.5
ZYCZ_043,0,whole_only,1,70,M,13,1,1,1.CAP,23,0,0,1,0,0,0,1,0,0,0.34,0.21,0.03,9,6.33,291.77,63.3
ZYCZ_044,0,whole_only,0,59,M,7,1,1,1.CAP,15,0,0,1,0,1,0,1,0,0,3.15,0.58,2.38,140,0.07,17.15,179.49999999999997
ZYCZ_045,0,whole_only,1,68,M,13,1,1,2.HAP,33,0,0,0,0,0,0,1,0,0,0.53,0.1,0.42,86,21.81,325.01,98.39999999999999
ZYCZ_046,0,whole_only,0,74,F,8,1,1,1.CAP,18,0,0,1,0,0,0,1,0,0,0.23,0.04,0.12,9,0.79,12.05,229.00000000000003
ZYCZ_047,0,whole_only,1,78,M,7,1,1,1.CAP,15,1,0,0,0,0,0,0,1,0,10.01,0.11,9.77,192,0.34,96.11,74.28571428571429
ZYCZ_048,0,whole_only,0,71,M,12,1,1,2.HAP,16,0,0,1,0,1,1,0,0,0,14.88,0.33,13.51,91,1.43,129.82,184.75
ZYCZ_049,0,whole_only,0,83,M,13,0,1,1.CAP,18,0,0,1,1,0,0,0,0,0,22.66,0.41,21.64,89,35.03,276.96,109.16666666666667
ZYCZ_050,0,whole_only,1,82,M,10,0,1,1.CAP,18,1,0,0,0,0,0,0,0,0,4.69,0.14,4.5,95,0.54,46.77,228.88888888888889
ZYCZ_051,0,whole_only,0,68,M,4,0,1,2.HAP,13,0,0,0,0,0,0,0,0,0,21.39,0.26,20.53,381,42.44,88.39,214
ZYCZ_052,0,whole_only,0,58,M,6,1,1,2.HAP,11,0,0,0,0,0,0,1,0,0,10.59,0.26,9.01,43,0.11,9.17,237.77777777777777
ZYCZ_053,0,whole_only,0,70,M,5,1,1,1.CAP,17,0,0,0,0,0,0,0,0,0,136.34,111.25,24.54,229,0.25,4.43,192.25
HNSR_068,0,whole_only,0,50,M,8,0,1,2.HAP,9,0,0,0,0,0,0,0,0,0,10.23,0.55,8.97,104,2.27,182.27,162.33333333333334
HNSR_069,0,whole_only,0,45,M,9,0,1,2.HAP,13,0,0,0,0,0,0,0,0,0,15.21,1.39,13.39,145,27.4,238.8,152.5
HNSR_070,0,whole_only,0,57,M,5,0,1,1.CAP,4,1,0,0,0,0,0,0,0,0,19.83,0.32,19.12,187,5.57,202.19,248.24999999999997
HNSR_071,0,whole_only,0,70,M,10,1,1,2.HAP,28,1,0,0,1,0,1,0,0,0,12.9,0.55,11.9,196,5.08,80.41,65.3
HNSR_072,0,whole_only,1,71,F,9,0,1,4.SAP,20,0,0,0,0,0,0,0,0,0,13.68,0.3,13.17,352,0.12,2.69,282.25
HNSR_073,0,whole_only,1,78,M,9,0,1,2.HAP,15,1,0,0,0,0,1,0,0,0,25.96,0.47,24.97,149,0.88,61.39,173.33333333333334
HNSR_074,0,whole_only,1,66,M,7,1,1,2.HAP,15,1,0,0,0,0,1,0,0,0,8.93,0.23,8.53,107,0.55,156.82,148
HNSR_075,0,whole_only,0,60,M,8,1,1,2.HAP,20,0,0,0,0,0,0,0,1,0,14.13,0.64,12.71,202,0.34,10.34,240
HNSR_076,0,whole_only,1,61,F,14,1,1,2.HAP,20,1,0,0,0,0,0,0,1,0,4.53,0.16,4.24,71,17.49,170.86,80.33333333333333
HNSR_077,0,whole_only,1,85,F,13,0,1,2.HAP,22,1,1,1,0,0,0,0,0,0,6.34,0.5,5.68,73,0.14,14.37,266.6666666666667
HNSR_078,0,whole_only,1,68,M,11,1,1,2.HAP,35,0,0,1,0,0,0,0,0,0,17.55,0.36,16.83,302,0.21,59.18,101.25
HNSR_079,0,whole_only,0,46,M,12,0,1,2.HAP,28,0,0,1,0,0,0,0,0,0,8.12,0.2,7.78,127,9.81,272.78,150
HNSR_080,0,whole_only,1,76,M,8,0,1,2.HAP,20,0,0,1,0,0,1,0,0,0,4.69,0.19,4.42,105,11.67,181.86,154.2
HNSR_081,0,whole_only,0,73,M,3,0,1,1.CAP,9,1,1,1,0,0,0,0,0,0,11.33,0.32,10.59,111,0.1,32.21,240
HNSR_082,0,whole_only,1,82,M,5,0,1,1.CAP,10,0,1,1,0,0,0,0,0,0,9.43,0.74,8.1,152,0.33,83.85,240
HNSR_083,0,whole_only,0,72,M,8,0,1,1.CAP,16,0,0,1,0,0,0,0,0,0,3.6,0.38,2.82,112,0.87,147.38,288.33333333333337
HNSR_084,0,whole_only,1,19,F,13,0,1,2.HAP,13,0,0,0,0,0,1,0,0,0,21.58,1.23,19.82,34,1.79,74.05,150
HNSR_085,0,whole_only,1,72,M,6,0,0,2.HAP,11,0,0,0,1,0,0,0,0,0,18.79,0.41,17.99,95,2.05,141.71,187.66666666666666
HNSR_086,0,whole_only,1,57,F,13,0,1,2.HAP,33,0,0,0,0,0,0,0,0,0,27.03,0.39,26.44,442,0.41,165.26,74.12499999999999
HNSR_087,0,whole_only,0,80,M,6,0,1,3.VAP,13,0,1,0,0,0,0,0,0,0,13.66,1.18,11.31,101,5.32,119.39,191.77777777777777
HNSR_088,0,whole_only,0,79,M,9,0,1,2.HAP,13,0,0,0,0,0,0,0,0,0,11.6,0.3,11.2,131,6.86,151.06,197.5
HNSR_089,0,whole_only,1,91,M,10,0,1,2.HAP,14,0,0,1,0,0,0,0,0,0,4.01,0.29,3.65,43,15.8,229.65,221.71428571428572
HNSR_090,0,whole_only,1,75,M,10,0,1,2.HAP,27,0,0,0,1,0,1,0,0,0,8.38,0.87,7.35,57,2.9,128.38,237.56097560975613
HNSR_091,0,whole_only,1,48,F,8,0,1,1.CAP,16,0,0,1,0,0,0,0,0,0,6.84,0.47,6.24,278,0.85,8.69,53.9
HNSR_092,0,whole_only,1,64,M,9,0,1,1.CAP,12,0,0,0,0,0,0,0,0,0,12.84,1.16,11.36,132,0.4,70.97,78.5
HNSR_093,0,whole_only,1,65,M,6,0,1,1.CAP,21,0,0,0,0,1,0,0,0,0,0.86,0.15,0.68,55,1.84,171.48,59.4
HNSR_094,0,whole_only,1,57,M,6,0,1,2.HAP,9,1,0,0,0,0,0,0,0,0,7.06,0.53,5.84,227,0.46,205.08,125.8
HNSR_095,0,whole_only,1,46,F,9,0,0,1.CAP,17,1,0,0,1,1,0,0,0,0,19.76,0.29,18.89,185,10.34,86.97,123.16666666666669
HNSR_096,0,whole_only,0,72,F,7,1,1,1.CAP,18,0,0,0,0,0,0,0,0,0,12.82,0.63,11.81,103,13.13,237.13,124.85714285714288
HNSR_097,0,whole_only,0,38,M,8,0,1,1.CAP,7,1,0,0,0,0,0,0,0,0,9.56,1.58,7.14,114,3.48,51.89,191.4
HNSR_098,0,whole_only,0,63,F,9,0,0,1.CAP,14,0,0,0,0,0,0,0,0,0,20.94,0.64,19.43,92,7.95,37.35,356.33333333333337
HNSR_099,0,whole_only,1,71,F,6,0,1,1.CAP,14,0,0,1,0,0,0,0,0,0,13.11,0.48,12.26,89,0.78,141.94,259.8
HNSR_100,0,whole_only,1,57,M,10,1,1,1.CAP,15,1,0,0,0,0,0,1,0,0,3.95,0.4,3.49,17,7.25,139.88,238
HNSR_101,0,whole_only,1,60,M,5,1,1,1.CAP,18,0,0,1,0,0,1,0,0,0,5.21,0.12,5.01,128,0.4,101.02,42.5
HZSY_026,0,whole_only,0,77,M,3,1,0,2.HAP,24,0,0,1,0,0,0,0,0,0,8.25,1.44,5.98,423,0.15,116.24,147.5
HZSY_027,0,whole_only,0,89,M,7,1,0,1.CAP,17,0,0,1,0,0,0,0,0,0,7.23,0.45,6.58,73,13.53,225.2,132
HZSY_028,0,whole_only,0,42,M,8,0,1,2.HAP,21,0,0,0,0,1,0,0,0,0,5.86,1.26,4.03,248,0.36,87.19,81
HZSY_029,0,whole_only,0,59,M,6,0,0,1.CAP,16,0,0,1,0,1,0,0,0,0,12.72,0.81,11.09,253,1.06,46.45,262.8571428571429
HZSY_030,0,whole_only,1,79,M,2,0,0,1.CAP,19,0,0,1,0,0,0,0,0,0,7.26,0.33,6.61,192,0.03,14.86,78.33333333333334
HZSY_031,0,whole_only,1,79,M,10,0,1,4.SAP,27,1,0,0,0,0,0,0,0,0,20.72,0.63,19.66,123,1.83,110.69,222.5
HZSY_032,0,whole_only,0,84,M,10,0,1,1.CAP,24,0,0,1,0,0,0,0,0,0,15.96,0.74,14.48,208,1.27,182.94,155.8
HZSY_033,0,whole_only,1,60,M,9,1,1,2.HAP,12,0,0,1,1,1,0,1,0,0,7.15,0.2,6.78,139,1.91,216.62,153.16666666666669
HZSY_034,0,whole_only,0,73,M,4,0,1,2.HAP,9,0,0,0,0,0,0,0,0,0,9.7,0.37,8.83,169,11.94,304.49,202.22222222222223
HZSY_035,0,whole_only,1,79,M,13,0,1,1.CAP,30,0,0,1,0,0,0,0,0,0,0.8,0.2,0.55,88,50.6,318,59.57142857142858
HZSY_036,0,whole_only,0,70,M,4,0,0,2.HAP,15,0,0,1,0,0,1,0,0,0,6.41,1.45,4.03,112,0.14,64.54,154.2
HZSY_037,0,whole_only,1,81,M,8,0,1,1.CAP,22,0,0,1,0,0,0,0,0,0,4.34,0.45,3.73,139,0.42,80.97,183.6
HZSY_038,0,whole_only,0,91,M,12,0,1,2.HAP,27,1,0,1,0,0,0,0,0,0,6,0.25,5.6,127,31.48,253.55,200.6
JXSY_057,0,whole_only,1,75,M,8,0,1,2.HAP,14,1,0,1,0,0,1,0,0,0,6.07,0.2,5.8,259,1.71,267.77,85.33333333333333
JXSY_058,0,whole_only,1,61,F,8,1,1,1.CAP,15,1,0,0,0,0,0,0,1,0,5.27,0.7,4.4,104,6.69,155.4,130
JXSY_059,0,whole_only,NA,70,F,9,0,1,1.CAP,22,1,0,0,0,0,0,0,0,0,12.66,0.6,11.2,135,0.07,137,84.61538461538461
JXSY_060,0,whole_only,0,68,M,8,1,0,1.CAP,11,0,0,0,0,0,0,1,0,0,4.46,0.2,4.1,23,38.01,125,297.5
JXSY_061,0,whole_only,NA,32,F,5,0,0,1.CAP,12,0,0,1,0,0,0,0,0,0,7.03,0.5,6.4,202,0.14,205.6,166
JXSY_062,0,whole_only,0,83,M,5,0,1,1.CAP,11,1,0,1,0,0,1,0,0,0,9.29,0.9,7.9,222,0.18,93.5,262.8571428571429
JXSY_063,0,whole_only,1,71,F,6,1,1,1.CAP,12,0,0,0,0,0,1,1,0,0,6.45,0.1,6.2,177,1.16,150.6,83.75
JXSY_064,0,whole_only,0,84,M,12,0,1,1.CAP,18,0,0,1,0,0,1,0,0,0,13.81,0.7,12.8,62,26.88,178.7,190.4
JXSY_065,0,whole_only,0,47,M,4,0,1,1.CAP,2,0,0,0,0,0,0,0,0,0,12.98,0.8,10.9,112,2.21,138.1,158.22222222222223
JXSY_066,0,whole_only,0,74,M,4,0,1,1.CAP,12,0,0,0,0,0,0,0,0,0,11.73,0.52,10.75,152,1.64,74,207.27272727272725
JXSY_067,0,whole_only,0,80,F,5,0,0,1.CAP,18,0,0,1,0,0,0,0,0,0,26.75,0.62,25.61,174,36.25,154.13,202.22222222222223
JXSY_068,0,whole_only,0,74,M,4,0,1,1.CAP,9,0,0,0,0,0,1,0,0,0,11.02,0.57,9.97,155,1.69,96.1,197.77777777777777
PHYY_033,0,whole_only,1,82,M,7,0,1,1.CAP,16,0,0,1,0,0,0,0,0,0,7.1,0.29,6.54,141,14.77,161.9,292.5
PHYY_034,0,whole_only,0,68,F,7,0,0,1.CAP,18,0,0,1,0,0,0,0,0,0,6.5,0.31,6.12,92,1.67,128,345.7142857142857
PHYY_035,0,whole_only,1,42,M,12,1,1,1.CAP,23,0,0,0,0,0,1,0,0,0,10.4,0.07,10.17,285,NA,318,290
PHYY_036,0,whole_only,1,84,M,5,0,1,1.CAP,12,0,0,1,0,0,1,0,0,0,13.3,0.37,12.4,113,0.95,137,222.5
PHYY_037,0,whole_only,0,74,M,3,0,1,1.CAP,9,0,0,1,0,0,0,0,0,0,10.9,1,9.16,294,1.44,196,325
PHYY_038,0,whole_only,0,55,F,9,1,1,1.CAP,23,0,0,0,0,0,0,0,0,0,12,0.41,11.21,93,13.96,323,308.88888888888886
SLTD_025,0,whole_only,1,60,F,14,1,1,1.CAP,25,0,0,0,0,0,0,1,0,0,14.1,0.4,13.2,41,2.034,64,154
SLTD_026,0,whole_only,0,62,M,12,0,1,2.HAP,32,0,0,0,0,0,1,0,0,0,14.8,1,13.5,247,0.238,122.9,63
SLTD_027,0,whole_only,0,56,M,8,0,1,2.HAP,35,0,1,1,0,1,0,0,0,0,5.6,1.7,3.3,270,0.775,151.4,156
SLTD_029,0,whole_only,1,76,M,17,0,1,3.VAP,23,1,0,0,0,0,0,0,0,0,17.36,0.5,16,56,1.747,49.5,128.8
SLTD_030,0,whole_only,0,84,F,10,1,1,4.SAP,28,1,0,0,0,1,0,1,0,0,18.97,0.3,18,198,2.937,148.7,110
ZEYY_001,0,whole_only,0,98,F,7,0,1,1.CAP,16,1,0,0,0,0,0,0,0,0,6.6,0.71,5.37,137,2.99,66.3,275
ZEYY_002,0,whole_only,NA,79,F,11,0,1,1.CAP,18,0,0,0,0,0,0,0,0,0,7.4,0.61,6.45,93,1.73,193,210
ZEYY_003,0,whole_only,0,46,F,2,0,1,1.CAP,15,0,0,0,0,0,0,0,0,0,27.8,1.3,25.7,492,0.32,19,235
ZEYY_004,0,whole_only,0,74,M,8,0,1,1.CAP,20,1,0,1,0,0,0,0,0,0,8.8,0.83,7.34,79,0.29,117.5,170
ZEYY_005,0,whole_only,0,80,F,4,0,1,1.CAP,21,0,0,0,1,0,0,0,0,0,14.2,0.23,13.69,330,0.75,156.1,58.7
ZEYY_006,0,whole_only,0,87,F,8,1,1,1.CAP,22,0,0,0,0,0,0,0,0,0,16.6,0.46,15.54,259,3.82,207.2,104.85714285714288
ZEYY_007,0,whole_only,0,64,F,9,0,1,4.SAP,23,0,0,0,0,1,0,0,0,0,12.4,1.53,10.29,170,4.75,221.5,162.74999999999997
ZEYY_009,0,whole_only,0,50,F,10,0,1,3.VAP,21,0,0,0,1,0,0,0,0,0,13.9,0.87,12.71,266,0.34,32.2,96.5
ZEYY_010,0,whole_only,1,59,F,6,1,1,1.CAP,23,0,0,0,0,1,0,0,0,0,10.2,0.1,9.86,115,0.18,7.3,113.83333333333333
ZEYY_011,0,whole_only,0,53,M,2,0,0,1.CAP,9,1,0,0,0,0,0,0,0,0,11.5,0.75,10.54,217,0.14,52.1,117.64705882352942
ZEYY_012,0,whole_only,1,72,F,12,0,1,2.HAP,19,1,0,0,0,1,1,0,0,0,7,0.37,6.22,61,0.67,37.5,195
ZEYY_013,0,whole_only,1,77,M,11,0,1,1.CAP,15,0,0,0,0,0,0,0,0,0,3,0.09,2.85,61,0.16,13,75.47368421052633
ZEYY_014,0,whole_only,1,61,M,8,1,1,2.HAP,16,0,0,0,0,0,1,0,0,0,16.9,0.66,15.22,126,8.07,239.9,226
ZEYY_015,0,whole_only,0,89,M,10,0,1,1.CAP,27,0,0,1,0,1,1,0,0,0,19.3,0.37,16.58,189,26.68,185.1,317.5
ZEYY_016,0,whole_only,0,80,F,11,0,1,1.CAP,22,1,0,1,0,0,0,0,0,0,9,0.31,8.39,68,1.86,139,392.5
ZEYY_017,0,whole_only,1,64,M,7,1,1,1.CAP,19,0,0,1,0,0,1,0,0,0,11.4,0.07,11.11,101,0.38,34.8,187
ZEYY_018,0,whole_only,0,40,F,3,0,0,1.CAP,19,0,0,1,0,0,0,0,0,0,20.8,1.31,18.45,181,0.27,105.7,70
ZEYY_019,0,whole_only,0,77,M,8,0,1,1.CAP,15,1,0,0,0,1,0,0,0,0,9.4,0.94,7.87,210,0.32,29.8,162.16666666666666
ZEYY_020,0,whole_only,0,69,M,3,0,0,1.CAP,9,0,0,0,0,0,0,0,0,0,18.8,0.64,16.66,110,14,202,171.4
ZEYY_021,0,whole_only,0,85,M,12,0,1,1.CAP,20,1,0,0,0,1,0,0,0,0,23.2,0.77,21.47,204,31.8,262,61.505376344086024
ZDFE_142,0,whole_only,1,72,M,7,0,1,1.CAP,17,0,0,0,0,0,0,0,0,0,12.64,0.87,11.2,276,2.154,NA,149
ZDFE_143,0,whole_only,0,42,M,2,0,0,1.CAP,5,0,0,0,0,0,0,0,0,0,5.13,0.44,4.53,162,0.48,164.85,196.36363636363635
ZDFE_144,0,whole_only,1,86,M,5,0,1,1.CAP,14,0,1,1,0,0,0,0,0,0,3.8,0.63,2.99,91,0.024,12.81,118.4
ZDFE_145,0,whole_only,1,42,M,14,0,1,1.CAP,16,0,0,0,0,0,0,0,0,0,17.09,0.92,15.85,95,40.186,154.66,77.8
ZDFE_146,0,whole_only,0,87,F,9,0,1,1.CAP,34,0,0,1,0,0,0,0,0,0,14.42,0.99,12.66,161,0.44,79.13,49.5
ZDFE_147,0,whole_only,0,73,F,5,0,1,1.CAP,15,0,0,0,0,0,0,0,0,0,8.6,0.52,7.88,98,36.588,198.9,122.00000000000001
ZDFE_148,0,whole_only,0,73,F,3,0,1,1.CAP,13,0,0,0,0,0,0,0,0,0,13.67,0.87,11.85,231,0.045,93.44,124.25
ZDFE_149,0,whole_only,1,59,M,8,0,1,3.VAP,23,0,0,1,0,0,0,0,0,0,13.78,0.5,12.92,116,1.182,213.89,80.99999999999999
ZDFE_150,0,whole_only,0,76,F,10,0,1,1.CAP,18,0,0,0,1,0,0,0,0,0,24.06,1.83,21.58,169,10.65,240.56,187.14285714285717
ZDFE_151,0,whole_only,1,62,F,10,0,1,1.CAP,22,1,0,0,0,0,0,0,0,0,1.85,0.09,1.71,85,2.66,269.28,136.14285714285714
ZDFE_152,0,whole_only,1,18,M,4,0,1,2.HAP,21,1,0,0,0,0,0,0,0,0,16.61,1.15,14.58,178,27.8,229.82,80.55555555555556
ZDFE_153,0,whole_only,0,70,M,5,0,1,2.HAP,15,1,0,0,0,0,1,0,0,0,4.82,0.72,3.91,239,0.519,125.56,109.14285714285715
ZDFE_154,0,whole_only,0,73,F,7,1,1,1.CAP,22,0,0,0,0,0,1,0,0,0,36.4,0.44,35.16,177,20.928,133.05,83.2
ZDFE_155,0,whole_only,1,63,F,8,0,1,1.CAP,20,0,1,0,0,0,0,0,0,0,26.19,2.02,23.59,136,15.223,288.12,216
TZEZ_064,0,whole_only,0,78,M,6,0,1,1.CAP,16,1,0,0,0,0,0,0,0,0,10.73,0.24,10.2,157,7.5,413.6,124.61538461538461
TZEZ_065,0,whole_only,0,90,M,9,0,1,1.CAP,12,0,0,0,0,0,0,0,0,0,12.85,1.18,11.18,142,0.86,84.8,186
TZEZ_066,0,whole_only,0,69,F,6,0,1,2.HAP,18,0,0,0,0,0,0,0,0,0,7.76,0.38,7.26,193,0.66,120,175
TZEZ_067,0,whole_only,0,89,M,7,0,1,1.CAP,10,0,0,0,0,0,0,0,0,0,7.57,0.27,6.86,112,0.17,82.3,184
TZEZ_068,0,whole_only,0,77,M,6,0,1,1.CAP,10,0,0,1,0,0,0,0,0,0,9.85,0.32,9.1,186,0.72,37.4,244.44444444444443
TZEZ_069,0,whole_only,0,75,M,6,0,1,1.CAP,16,0,0,1,0,0,1,0,0,0,13.5,0.49,12.77,221,2.1,199,192.5
TZEZ_070,0,whole_only,0,55,M,6,0,1,1.CAP,10,1,0,1,0,0,0,0,0,0,15.53,0.51,14.35,198,3.23,91.6,130
TZEZ_071,0,whole_only,0,79,M,12,1,1,1.CAP,16,0,0,1,0,1,0,1,0,0,10.42,0.25,8.07,60,93.5,258.5,197.77777777777777
TZEZ_072,0,whole_only,0,63,M,3,0,1,1.CAP,9,0,0,1,0,0,1,0,0,0,14.18,0.89,12.78,235,0.88,248.3,152
TZEZ_073,0,whole_only,NA,35,F,10,0,1,1.CAP,8,0,0,0,0,1,0,0,0,0,10.52,0.44,9.93,166,1.12,250.4,188.88888888888889
TZEZ_074,0,whole_only,0,83,M,4,0,1,1.CAP,6,1,0,0,0,0,0,0,0,0,12.21,0.77,11.21,232,0.35,103.5,311.42857142857144
TZEZ_075,0,whole_only,0,59,M,9,0,1,2.HAP,12,0,0,0,0,0,0,0,0,0,8.25,1.44,5.98,95,0.51,43.4,74.39024390243902
TZEZ_076,0,whole_only,0,42,F,7,0,1,1.CAP,10,0,0,0,0,0,0,0,0,0,18.96,1.06,17.05,260,5.05,296.8,300
TZEZ_077,0,whole_only,0,79,M,3,0,1,1.CAP,16,0,0,0,0,0,0,0,0,0,3.64,0.35,3.22,108,0.5,79.3,238.0952380952381
TZEZ_078,0,whole_only,0,79,M,2,0,1,1.CAP,6,1,0,0,0,0,0,0,0,0,13.76,0.59,12.99,290,0.23,156.8,230.76923076923077
TZEZ_079,0,whole_only,1,59,M,3,0,1,1.CAP,9,0,0,0,0,0,0,0,0,0,14.59,0.58,13.6,270,9.65,287.4,134.48275862068965
TZEZ_080,0,whole_only,0,67,M,1,0,1,1.CAP,13,0,0,0,0,0,0,0,0,0,8.22,0.48,7.25,179,4.88,100.4,342.8571428571429
TZEZ_081,0,whole_only,0,78,M,3,0,1,1.CAP,14,1,0,1,0,0,1,0,0,0,15.96,0.74,14.48,197,7.02,91.4,277.5
TZEZ_082,0,whole_only,0,73,M,5,0,1,1.CAP,13,0,0,0,0,0,0,0,0,0,2.88,0.5,2.01,136,7.56,134.4,177.5
TZEZ_083,0,whole_only,1,82,M,5,0,0,1.CAP,10,0,0,1,0,0,1,0,0,0,10.08,0.31,7.44,32,15.4,187.3,230
TZEZ_084,0,whole_only,0,67,M,5,0,1,2.HAP,11,0,0,0,0,0,0,0,0,0,3.04,0.57,2.32,290,0.22,66.4,193.33333333333331
TZEZ_085,0,whole_only,0,81,M,3,0,1,1.CAP,10,0,0,0,0,0,0,0,0,0,16.92,0.9,15.55,437,15.3,14.3,112.5
TZEZ_086,0,whole_only,0,74,M,5,0,1,1.CAP,12,0,0,0,0,0,1,0,0,0,35.35,1.2,33.26,234,2.57,236.7,164
TZEZ_087,0,whole_only,0,74,F,4,0,1,1.CAP,13,0,0,0,0,0,0,0,0,0,10.41,0.27,9.91,179,8.27,267.5,75.55555555555556
TZEZ_088,0,whole_only,0,60,M,2,0,1,1.CAP,10,0,0,0,0,0,0,0,0,0,2.02,0.74,1.17,186,0.39,11.1,217.5
NCFE_001,0,whole_only,1,71,M,3,0,1,NA,13,0,0,0,0,0,1,0,0,0,19.44,0.66,18.31,272,0.37,77.66,112
ZZRM_120,0,whole_only,0,75,M,4,0,1,1.CAP,17,1,0,0,0,1,0,0,0,0,14.87,0.52,13.58,190,0.227,22.68,179.4
ZZRM_121,0,whole_only,NA,68,F,7,1,1,1.CAP,24,0,1,0,0,0,0,1,0,0,5.64,0.43,5.09,46,0.354,12.24,82
ZZRM_122,0,whole_only,0,37,M,12,1,0,1.CAP,18,0,0,0,0,1,0,0,0,1,13.26,0.36,12.62,51,2.24,102.53,180
ZZRM_123,0,whole_only,0,60,M,8,1,1,1.CAP,12,0,0,0,1,1,0,0,0,1,3.5,0.15,3.25,16,4.64,160.9,119
ZZRM_124,0,whole_only,0,54,M,13,1,1,1.CAP,12,0,0,0,0,0,0,0,0,1,17.17,0.26,16.82,16,2.69,78.67,96.57142857142857
ZZRM_125,0,whole_only,1,85,M,9,0,0,1.CAP,18,0,0,0,1,0,0,0,0,0,20.21,0.44,18.78,303,0.308,96.63,75.9
ZZRM_126,0,whole_only,NA,74,M,4,0,0,1.CAP,16,0,0,1,0,0,0,0,0,0,8.97,0.11,8.5,98,0.077,32.38,184.2
ZZRM_127,0,whole_only,0,59,M,8,1,1,1.CAP,8,0,0,0,1,0,1,0,0,1,16.33,0.07,15.57,21,1.535,50.91,172.43902439024393
ZZRM_129,0,whole_only,0,92,M,8,0,1,1.CAP,8,1,1,0,0,0,0,0,0,0,10.67,0.96,9.2,125,0.2033,111.28,198.8
ZZRM_130,0,whole_only,0,58,M,13,1,1,2.HAP,20,1,0,0,0,0,0,0,0,0,1.44,0.04,1.39,64,33.12,241.77,49.4
ZZRM_131,0,whole_only,0,52,F,14,1,1,1.CAP,16,0,0,0,1,0,0,0,0,1,14.18,0.77,12.29,96,4.846,73.45,110.8
ZZRM_133,0,whole_only,0,67,M,2,0,1,1.CAP,10,0,0,1,0,0,0,0,0,0,7.95,0.68,6.86,243,1.785,129.85,236
ZZRM_134,0,whole_only,0,83,M,1,0,0,1.CAP,16,0,0,0,0,0,0,0,0,0,12.62,1.6,10.03,315,0.776,97.39,312
ZZRM_135,0,whole_only,0,55,M,7,0,1,1.CAP,10,0,0,1,0,0,0,0,0,0,15.58,0.78,14.29,465,1.536,158.74,123.85714285714288
ZZRMNY_201,0,whole_only,NA,NA,NA,8,0,1,1.CAP,12,0,0,1,0,0,0,0,0,0,17.17,0.57,15.98,124,0.17,237.22,184.44444444444443
ZZRMNY_203,0,whole_only,1,NA,NA,6,1,1,1.CAP,20,0,0,0,0,0,0,0,1,0,22.14,0.15,21.66,292,0.507,75.81999999999998,108.19672131147541
ZZRMNY_209,0,whole_only,0,NA,NA,8,0,1,1.CAP,12,0,0,0,0,0,0,0,0,0,33.37,1.47,30.53,343,0.15,33.65,150
ZZRMNY_214,0,whole_only,0,72,M,10,1,1,1.CAP,23,1,1,0,0,1,1,0,1,0,0.13,0.04,0.09,75,0.8439999999999999,122,65
ZZRMNY_215,0,whole_only,0,58,M,11,1,1,1.CAP,34,0,0,0,0,0,0,0,1,0,15.18,0.76,13.05,292,5.49,136.89,95
ZZRMNY_216,0,whole_only,1,76,M,7,0,1,1.CAP,21,1,0,0,0,0,0,0,0,0,25.75,0.44,24.77,448,0.76,104.5,109
LSRM_101,0,whole_only,0,76,M,8,1,1,1.CAP,17,0,0,0,0,0,0,0,0,0,12.6,0.77,11.37,288,2.39,108.5,191.75
LSRM_102,0,whole_only,0,56,F,16,1,1,1.CAP,21,0,0,0,0,0,1,0,0,0,23,0.64,21.97,7,5.25,45.2,219.49999999999997
