Species,Type,Genus,Detected_Samples_n,Total_NC_Samples_N,Detection_Frequency,CI95_Lower,CI95_Upper,Median_RelAbund_pct,Q1_RelAbund_pct,Q3_RelAbund_pct,IQR_RelAbund_pct,Mean_RelAbund_pct,Std_RelAbund_pct,Mean_RA_DetectedOnly_pct,Std_RA_DetectedOnly_pct
Xanthomonas_campestris,bacteria,Xanthomonas,60,60,1.0,0.939826,1.0,0.103367,0.035397,0.167496,0.132098,0.120634,0.104696,0.120634,0.104696
Ochrobactrum_anthropi,bacteria,Ochrobactrum,60,60,1.0,0.939826,1.0,0.102643,0.017031,0.159254,0.142223,0.110859,0.101125,0.110859,0.101125
Pluralibacter_gergoviae,bacteria,Pluralibacter,60,60,1.0,0.939826,1.0,0.111249,0.003983,0.13756,0.133577,0.074142,0.066754,0.074142,0.066754
Acinetobacter_johnsonii,bacteria,Acinetobacter,60,60,1.0,0.939826,1.0,0.128346,0.07518,0.19692,0.121739,0.147016,0.100259,0.147016,0.100259
Pseudomonas_putida,bacteria,Pseudomonas,60,60,1.0,0.939826,1.0,0.15879,0.109065,0.205833,0.096768,0.163873,0.086508,0.163873,0.086508
Pseudomonas_protegens,bacteria,Pseudomonas,60,60,1.0,0.939826,1.0,0.117527,0.012774,0.141803,0.129029,0.087363,0.063309,0.087363,0.063309
Pseudomonas_oryzihabitans,bacteria,Pseudomonas,60,60,1.0,0.939826,1.0,0.114441,0.030714,0.189496,0.158783,0.128469,0.120107,0.128469,0.120107
Pseudomonas_oleovorans,bacteria,Pseudomonas,60,60,1.0,0.939826,1.0,0.110299,0.039047,0.203381,0.164334,0.134569,0.111798,0.134569,0.111798
Pseudomonas_fluorescens,bacteria,Pseudomonas,60,60,1.0,0.939826,1.0,0.121354,0.036723,0.172724,0.136001,0.12367,0.100428,0.12367,0.100428
Pseudomonas_aeruginosa,bacteria,Pseudomonas,60,60,1.0,0.939826,1.0,0.008925,0.008925,0.032117,0.023192,0.026574,0.039108,0.026574,0.039108
Microbacterium_oxydans,bacteria,Microbacterium,60,60,1.0,0.939826,1.0,0.089478,0.000731,0.109664,0.108933,0.061922,0.052709,0.061922,0.052709
Methylobacterium_radiotolerans,bacteria,Methylobacterium,60,60,1.0,0.939826,1.0,0.125542,0.04302,0.185301,0.142281,0.119487,0.086495,0.119487,0.086495
Moraxella_osloensis,bacteria,Moraxella,60,60,1.0,0.939826,1.0,0.128657,0.031864,0.258073,0.226209,0.165164,0.182368,0.165164,0.182368
Propionibacterium_acnes,bacteria,Propionibacterium,60,60,1.0,0.939826,1.0,0.13978,0.09039,0.230349,0.139959,0.176586,0.130208,0.176586,0.130208
Alcaligenes_faecalis,bacteria,Alcaligenes,60,60,1.0,0.939826,1.0,0.135326,0.05889,0.23203,0.17314,0.208255,0.281456,0.208255,0.281456
Pseudomonas_stutzeri,bacteria,Pseudomonas,60,60,1.0,0.939826,1.0,1.431491,0.6631,2.024456,1.361356,1.375882,0.847021,1.375882,0.847021
Pseudomonas_mendocina,bacteria,Pseudomonas,60,60,1.0,0.939826,1.0,0.11914,0.013202,0.156985,0.143784,0.086156,0.070037,0.086156,0.070037
Ralstonia_insidiosa,bacteria,Ralstonia,60,60,1.0,0.939826,1.0,0.112364,0.023448,0.2107,0.187252,0.12766,0.108098,0.12766,0.108098
Brevundimonas_diminuta,bacteria,Brevundimonas,60,60,1.0,0.939826,1.0,0.094018,0.042207,0.154197,0.111989,0.117405,0.098167,0.117405,0.098167
Staphylococcus_warneri,bacteria,Staphylococcus,60,60,1.0,0.939826,1.0,0.110607,0.004462,0.200873,0.196411,0.119732,0.121305,0.119732,0.121305
Sphingomonas_melonis,bacteria,Sphingomonas,60,60,1.0,0.939826,1.0,0.0858,0.012603,0.168784,0.15618,0.120438,0.142038,0.120438,0.142038
Sphingomonas_echinoides,bacteria,Sphingomonas,60,60,1.0,0.939826,1.0,0.107479,0.037495,0.179537,0.142042,0.11761,0.091659,0.11761,0.091659
Delftia_acidovorans,bacteria,Delftia,60,60,1.0,0.939826,1.0,0.195468,0.122346,0.236626,0.11428,0.188044,0.096355,0.188044,0.096355
Enterobacter_asburiae,bacteria,Enterobacter,60,60,1.0,0.939826,1.0,0.129544,0.062863,0.217293,0.15443,0.183914,0.170336,0.183914,0.170336
Sphingomonas_paucimobilis,bacteria,Sphingomonas,60,60,1.0,0.939826,1.0,0.142703,0.094874,0.181991,0.087117,0.144597,0.07078,0.144597,0.07078
Sphingomonas_parapaucimobilis,bacteria,Sphingomonas,60,60,1.0,0.939826,1.0,0.095525,0.015418,0.162821,0.147403,0.1163,0.126177,0.1163,0.126177
Serratia_marcescens,bacteria,Serratia,60,60,1.0,0.939826,1.0,0.104434,0.018544,0.177777,0.159233,0.11789,0.101042,0.11789,0.101042
Herbaspirillum_seropedicae,bacteria,Herbaspirillum,60,60,1.0,0.939826,1.0,0.101292,0.017544,0.167274,0.14973,0.109134,0.089061,0.109134,0.089061
Rhodococcus_erythropolis,bacteria,Rhodococcus,60,60,1.0,0.939826,1.0,0.202122,0.119695,0.432561,0.312866,0.345843,0.364753,0.345843,0.364753
Ralstonia_pickettii,bacteria,Ralstonia,60,60,1.0,0.939826,1.0,0.069048,0.005119,0.218059,0.21294,0.11696,0.125782,0.11696,0.125782
Comamonas_testosteroni,bacteria,Comamonas,60,60,1.0,0.939826,1.0,0.08825,0.019784,0.173404,0.15362,0.113936,0.112633,0.113936,0.112633
Citrobacter_freundii,bacteria,Citrobacter,60,60,1.0,0.939826,1.0,0.14216,0.022676,0.16717,0.144494,0.104938,0.075595,0.104938,0.075595
Stenotrophomonas_maltophilia,bacteria,Stenotrophomonas,60,60,1.0,0.939826,1.0,0.116241,0.05047,0.205663,0.155194,0.136255,0.109602,0.136255,0.109602
Acinetobacter_guillouiae,bacteria,Acinetobacter,60,60,1.0,0.939826,1.0,0.133153,0.068792,0.20262,0.133828,0.152679,0.119384,0.152679,0.119384
Acinetobacter_ursingii,bacteria,Acinetobacter,59,60,0.983333,0.911447,0.997052,0.075565,0.002847,0.216585,0.213739,0.124225,0.154815,0.12633,0.155275
Micrococcus_luteus,bacteria,Micrococcus,59,60,0.983333,0.911447,0.997052,0.060459,0.006448,0.187597,0.181149,0.114746,0.130377,0.116691,0.130615
Ochrobactrum_intermedium,bacteria,Ochrobactrum,59,60,0.983333,0.911447,0.997052,0.094291,0.010413,0.149837,0.139425,0.112956,0.114495,0.114871,0.114505
Microbacterium_paraoxydans,bacteria,Microbacterium,59,60,0.983333,0.911447,0.997052,0.097884,0.009626,0.183933,0.174306,0.117607,0.114783,0.119601,0.114717
Brevundimonas_vesicularis,bacteria,Brevundimonas,59,60,0.983333,0.911447,0.997052,0.091961,0.016177,0.181127,0.16495,0.128564,0.133851,0.130744,0.133922
Burkholderia_contaminans,bacteria,Burkholderia,59,60,0.983333,0.911447,0.997052,0.089669,0.003068,0.157771,0.154703,0.109487,0.126668,0.111342,0.12693
Rhizobium_pusense,bacteria,Rhizobium,59,60,0.983333,0.911447,0.997052,0.067167,0.009902,0.189891,0.179989,0.120995,0.130972,0.123046,0.131121
Halomonas_stevensii,bacteria,Halomonas,59,60,0.983333,0.911447,0.997052,0.096643,0.010964,0.185679,0.174715,0.112132,0.108606,0.114033,0.108527
Enterobacter_ludwigii,bacteria,Enterobacter,59,60,0.983333,0.911447,0.997052,0.094807,0.047945,0.159042,0.111097,0.110012,0.088911,0.111877,0.088483
Elizabethkingia_miricola,bacteria,Elizabethkingia,59,60,0.983333,0.911447,0.997052,0.166643,0.005324,0.203636,0.198312,0.118261,0.095124,0.120266,0.094654
Corynebacterium_accolens,bacteria,Corynebacterium,59,60,0.983333,0.911447,0.997052,0.110686,0.04319,0.172177,0.128986,0.115222,0.088701,0.117175,0.088151
Staphylococcus_capitis,bacteria,Staphylococcus,59,60,0.983333,0.911447,0.997052,0.128677,0.01444,0.176746,0.162306,0.117333,0.092744,0.119322,0.092241
Malassezia_restricta,fungi,Malassezia,59,60,0.983333,0.911447,0.997052,0.097271,0.013022,0.205179,0.192157,0.124827,0.120001,0.126942,0.119898
Pseudomonas_mosselii,bacteria,Pseudomonas,59,60,0.983333,0.911447,0.997052,0.076958,0.001261,0.179361,0.1781,0.105979,0.112943,0.107775,0.113045
Pseudomonas_monteilii,bacteria,Pseudomonas,59,60,0.983333,0.911447,0.997052,0.099532,0.006896,0.167475,0.160579,0.109454,0.104089,0.11131,0.103978
Propionibacterium_namnetense,bacteria,Cutibacterium,59,60,0.983333,0.911447,0.997052,0.07968,0.002826,0.200757,0.197931,0.124263,0.144494,0.126369,0.144802
Methylobacterium_aquaticum,bacteria,Methylobacterium,59,60,0.983333,0.911447,0.997052,0.117883,0.049629,0.192831,0.143202,0.125666,0.099942,0.127796,0.099417
Pseudomonas_fulva,bacteria,Pseudomonas,59,60,0.983333,0.911447,0.997052,0.109822,0.002964,0.197036,0.194071,0.126281,0.134302,0.128421,0.134419
Burkholderia_cepacia,bacteria,Burkholderia,58,60,0.966667,0.88636,0.990811,0.106147,0.00557,0.125897,0.120326,0.075123,0.058626,0.077713,0.057903
Sphingobium_xenophagum,bacteria,Sphingobium,58,60,0.966667,0.88636,0.990811,0.10282,0.036391,0.15478,0.118389,0.106461,0.084696,0.110132,0.083748
Agrobacterium_tumefaciens,bacteria,Agrobacterium,58,60,0.966667,0.88636,0.990811,0.11652,0.005734,0.207818,0.202084,0.126632,0.130354,0.130999,0.130408
Methylobacterium_mesophilicum,bacteria,Methylobacterium,58,60,0.966667,0.88636,0.990811,0.108799,0.001331,0.127233,0.125902,0.075384,0.059877,0.077984,0.059202
Pseudomonas_alcaligenes,bacteria,Pseudomonas,58,60,0.966667,0.88636,0.990811,0.101339,0.048165,0.162536,0.114372,0.122353,0.112221,0.126572,0.111768
Pseudomonas_veronii,bacteria,Pseudomonas,58,60,0.966667,0.88636,0.990811,0.046555,0.00311,0.200353,0.197243,0.113189,0.135337,0.117092,0.135992
Acinetobacter_lwoffii,bacteria,Acinetobacter,58,60,0.966667,0.88636,0.990811,0.083373,0.004662,0.197858,0.193196,0.112456,0.117993,0.116334,0.118118
Klebsiella_michiganensis,bacteria,Klebsiella,58,60,0.966667,0.88636,0.990811,0.103438,0.043303,0.180308,0.137004,0.120785,0.103846,0.12495,0.103116
Acinetobacter_junii,bacteria,Acinetobacter,58,60,0.966667,0.88636,0.990811,0.109974,0.005109,0.203883,0.198775,0.122499,0.12015,0.126724,0.119992
Paracoccus_sanguinis,bacteria,Paracoccus,58,60,0.966667,0.88636,0.990811,0.103782,0.014734,0.172821,0.158087,0.114069,0.104994,0.118002,0.104586
Enterococcus_faecalis,bacteria,Enterococcus,58,60,0.966667,0.88636,0.990811,0.003642,0.001455,0.009299,0.007844,0.01055,0.014901,0.010914,0.015026
Rhodococcus_fascians,bacteria,Rhodococcus,58,60,0.966667,0.88636,0.990811,0.117596,0.00332,0.213642,0.210322,0.12369,0.106858,0.127955,0.106132
Comamonas_terrigena,bacteria,Comamonas,58,60,0.966667,0.88636,0.990811,0.091433,0.00104,0.193351,0.192311,0.113371,0.108198,0.117281,0.10794
Cupriavidus_metallidurans,bacteria,Cupriavidus,57,60,0.95,0.862993,0.982851,0.131381,0.001089,0.153041,0.151952,0.089183,0.075594,0.093877,0.074646
Cutibacterium_granulosum,bacteria,Cutibacterium,57,60,0.95,0.862993,0.982851,0.042707,0.00146,0.178864,0.177404,0.113056,0.139826,0.119007,0.140989
Sphingomonas_adhaesiva,bacteria,Sphingomonas,57,60,0.95,0.862993,0.982851,0.074586,0.001511,0.180678,0.179168,0.110985,0.117378,0.116826,0.117563
Malassezia_japonica,fungi,Malassezia,57,60,0.95,0.862993,0.982851,0.074012,0.003986,0.086818,0.082832,0.053904,0.042122,0.056741,0.041297
Acinetobacter_bereziniae,bacteria,Acinetobacter,57,60,0.95,0.862993,0.982851,0.104404,0.001622,0.129067,0.127445,0.071827,0.063014,0.075607,0.06239
Kocuria_rhizophila,bacteria,Kocuria,57,60,0.95,0.862993,0.982851,0.128001,0.001395,0.20514,0.203745,0.122441,0.104391,0.128885,0.10313
Leifsonia_aquatica,bacteria,Leifsonia,57,60,0.95,0.862993,0.982851,0.035999,0.001639,0.042542,0.040903,0.022879,0.020892,0.024083,0.020745
Malassezia_globosa,fungi,Malassezia,57,60,0.95,0.862993,0.982851,0.098013,0.003562,0.20014,0.196578,0.127961,0.148165,0.134696,0.149015
Acinetobacter_soli,bacteria,Acinetobacter,57,60,0.95,0.862993,0.982851,0.080306,0.000743,0.205433,0.20469,0.119427,0.141189,0.125712,0.142119
Aspergillus_sydowii,fungi,Aspergillus,57,60,0.95,0.862993,0.982851,0.120596,0.045128,0.173231,0.128104,0.123894,0.107559,0.130414,0.10641
Staphylococcus_hominis,bacteria,Staphylococcus,57,60,0.95,0.862993,0.982851,0.08671,0.002715,0.19168,0.188966,0.120171,0.128547,0.126496,0.128823
Staphylococcus_epidermidis,bacteria,Staphylococcus,57,60,0.95,0.862993,0.982851,0.005241,0.003322,0.008731,0.005409,0.008685,0.011263,0.009142,0.011375
Chryseobacterium_hominis,bacteria,Chryseobacterium,57,60,0.95,0.862993,0.982851,0.071593,0.001374,0.191963,0.190588,0.116926,0.139835,0.12308,0.14082
Achromobacter_xylosoxidans,bacteria,Achromobacter,57,60,0.95,0.862993,0.982851,0.101004,0.007626,0.168333,0.160707,0.114973,0.11726,0.121024,0.117223
Serratia_proteamaculans,bacteria,Serratia,57,60,0.95,0.862993,0.982851,0.112825,0.004617,0.18878,0.184163,0.122756,0.114926,0.129216,0.114306
Dermacoccus_nishinomiyaensis,bacteria,Dermacoccus,57,60,0.95,0.862993,0.982851,0.111255,0.030265,0.17414,0.143875,0.125361,0.109235,0.131959,0.108099
Enterobacter_kobei,bacteria,Enterobacter,57,60,0.95,0.862993,0.982851,0.107297,0.044665,0.188081,0.143415,0.119152,0.09726,0.125423,0.095737
Serratia_grimesii,bacteria,Serratia,56,60,0.933333,0.840744,0.973772,0.094062,0.005345,0.115093,0.109748,0.06302,0.055982,0.067521,0.055249
Chryseobacterium_indologenes,bacteria,Chryseobacterium,56,60,0.933333,0.840744,0.973772,0.093493,0.004756,0.174817,0.170061,0.121023,0.127344,0.129668,0.127493
Gordonia_sputi,bacteria,Gordonia,56,60,0.933333,0.840744,0.973772,0.120837,0.00052,0.213796,0.213276,0.12459,0.111096,0.133489,0.109683
Janibacter_indicus,bacteria,Janibacter,56,60,0.933333,0.840744,0.973772,0.10203,0.002752,0.181936,0.179184,0.1205,0.120677,0.129108,0.120377
Acinetobacter_radioresistens,bacteria,Acinetobacter,56,60,0.933333,0.840744,0.973772,0.105366,0.002495,0.187554,0.185059,0.121489,0.115265,0.130167,0.114465
Malassezia_furfur,fungi,Malassezia,56,60,0.933333,0.840744,0.973772,0.115138,0.028981,0.172173,0.143192,0.111003,0.088593,0.118932,0.086368
Methylobacterium_brachiatum,bacteria,Methylobacterium,56,60,0.933333,0.840744,0.973772,0.065215,0.000917,0.220115,0.219198,0.119277,0.136058,0.127797,0.136929
Corynebacterium_pseudogenitalium,bacteria,Corynebacterium,56,60,0.933333,0.840744,0.973772,0.11628,0.002921,0.154739,0.151818,0.11024,0.100114,0.118114,0.099019
Mycobacterium_iranicum,bacteria,Mycobacterium,55,60,0.916667,0.819308,0.96388,0.097511,0.026766,0.153942,0.127176,0.108481,0.094874,0.118342,0.092982
Dietzia_natronolimnaea,bacteria,Dietzia,55,60,0.916667,0.819308,0.96388,0.135415,0.001512,0.165762,0.16425,0.097052,0.077756,0.105875,0.075196
Staphylococcus_cohnii,bacteria,Staphylococcus,55,60,0.916667,0.819308,0.96388,0.085002,0.001884,0.199597,0.197713,0.123989,0.136429,0.135261,0.137052
Microbacterium_maritypicum,bacteria,Microbacterium,55,60,0.916667,0.819308,0.96388,0.127077,0.000634,0.147329,0.146694,0.085861,0.073739,0.093667,0.072085
Enterobacter_cloacae,bacteria,Enterobacter,55,60,0.916667,0.819308,0.96388,0.106979,0.001212,0.182123,0.180911,0.119091,0.112841,0.129917,0.111711
Achromobacter_ruhlandii,bacteria,Achromobacter,55,60,0.916667,0.819308,0.96388,0.122142,0.003604,0.144178,0.140574,0.079287,0.070618,0.086495,0.069381
Staphylococcus_haemolyticus,bacteria,Staphylococcus,54,60,0.9,0.798503,0.953358,0.113922,0.001407,0.181931,0.180524,0.114788,0.104456,0.127543,0.102416
Streptococcus_dysgalactiae,bacteria,Streptococcus,54,60,0.9,0.798503,0.953358,0.11436,0.000892,0.130297,0.129406,0.070539,0.066214,0.078377,0.065228
Roseomonas_mucosa,bacteria,Roseomonas,54,60,0.9,0.798503,0.953358,0.094751,0.000889,0.192086,0.191197,0.121807,0.11995,0.135341,0.118957
Haemophilus_parainfluenzae,bacteria,Haemophilus,54,60,0.9,0.798503,0.953358,0.055909,0.000662,0.211367,0.210705,0.110343,0.130344,0.122604,0.131838
Finegoldia_magna,bacteria,Finegoldia,54,60,0.9,0.798503,0.953358,0.098077,0.002095,0.178946,0.176852,0.112927,0.119606,0.125475,0.11967
Stenotrophomonas_acidaminiphila,bacteria,Stenotrophomonas,54,60,0.9,0.798503,0.953358,0.060157,0.001399,0.214307,0.212908,0.120088,0.141622,0.133431,0.143225
Pseudomonas_chlororaphis,bacteria,Pseudomonas,54,60,0.9,0.798503,0.953358,0.047294,0.000354,0.057243,0.056889,0.033864,0.027142,0.037627,0.025997
Acinetobacter_haemolyticus,bacteria,Acinetobacter,54,60,0.9,0.798503,0.953358,0.129487,0.000767,0.148052,0.147286,0.086617,0.074291,0.096241,0.072113
Corynebacterium_striatum,bacteria,Corynebacterium,54,60,0.9,0.798503,0.953358,0.08928,0.002073,0.174471,0.172398,0.109904,0.099524,0.122116,0.097503
Enterococcus_casseliflavus,bacteria,Enterococcus,53,60,0.883333,0.77821,0.942324,0.103795,0.001364,0.178947,0.177583,0.109943,0.101535,0.124464,0.099272
Corynebacterium_propinquum,bacteria,Corynebacterium,53,60,0.883333,0.77821,0.942324,0.105466,0.031675,0.144705,0.11303,0.108778,0.09194,0.123145,0.088247
Enterococcus_cecorum,bacteria,Enterococcus,53,60,0.883333,0.77821,0.942324,0.08108,0.000334,0.158831,0.158497,0.116656,0.151618,0.132063,0.154948
Chryseobacterium_gleum,bacteria,Chryseobacterium,53,60,0.883333,0.77821,0.942324,0.078246,0.001065,0.100482,0.099417,0.051091,0.047889,0.057839,0.046949
Saccharomyces_cerevisiae,fungi,Saccharomyces,53,60,0.883333,0.77821,0.942324,0.129483,0.02836,0.181873,0.153514,0.12605,0.101384,0.142698,0.09613
Staphylococcus_sciuri,bacteria,Staphylococcus,52,60,0.866667,0.758346,0.93086,0.102697,0.000459,0.187427,0.186968,0.110967,0.117542,0.128039,0.117281
Ralstonia_mannitolilytica,bacteria,Ralstonia,52,60,0.866667,0.758346,0.93086,0.108502,0.001035,0.174796,0.173761,0.116815,0.114172,0.134787,0.112295
Microbacterium_testaceum,bacteria,Microbacterium,52,60,0.866667,0.758346,0.93086,0.134217,0.000521,0.16602,0.165499,0.085264,0.083681,0.098382,0.082372
Lactobacillus_crispatus,bacteria,Lactobacillus,52,60,0.866667,0.758346,0.93086,0.092684,0.023406,0.171195,0.14779,0.107885,0.096651,0.124483,0.093274
Aeromonas_hydrophila,bacteria,Aeromonas,52,60,0.866667,0.758346,0.93086,0.097803,0.000298,0.114924,0.114626,0.066683,0.055513,0.076942,0.052539
Gordonia_bronchialis,bacteria,Gordonia,52,60,0.866667,0.758346,0.93086,0.092142,0.041997,0.174923,0.132926,0.114639,0.099093,0.132275,0.094769
Achromobacter_insolitus,bacteria,Achromobacter,51,60,0.85,0.738852,0.919027,0.00579,0.001189,0.006938,0.005749,0.004188,0.003069,0.004927,0.00272
Paracoccus_yeei,bacteria,Paracoccus,51,60,0.85,0.738852,0.919027,0.099606,0.000363,0.206978,0.206614,0.116122,0.123785,0.136614,0.123391
Aeromonas_caviae,bacteria,Aeromonas,51,60,0.85,0.738852,0.919027,0.093968,0.001288,0.192594,0.191306,0.118545,0.121539,0.139465,0.120228
Exophiala_alcalophila,fungi,Exophiala,51,60,0.85,0.738852,0.919027,0.123238,0.041992,0.175311,0.133319,0.124189,0.099813,0.146104,0.092141
Enterococcus_faecium,bacteria,Enterococcus,51,60,0.85,0.738852,0.919027,0.128226,0.053709,0.184667,0.130958,0.12072,0.092344,0.142024,0.083524
Brevibacterium_luteolum,bacteria,Brevibacterium,51,60,0.85,0.738852,0.919027,0.09697,0.025634,0.174768,0.149134,0.115941,0.103034,0.136401,0.098388
Corynebacterium_aurimucosum,bacteria,Corynebacterium,51,60,0.85,0.738852,0.919027,0.054075,0.000573,0.206248,0.205675,0.109103,0.125549,0.128357,0.126803
Microbacterium_aurum,bacteria,Microbacterium,51,60,0.85,0.738852,0.919027,0.128923,0.000444,0.160399,0.159956,0.085322,0.078287,0.100379,0.075435
Malassezia_slooffiae,fungi,Malassezia,51,60,0.85,0.738852,0.919027,0.11539,0.010769,0.170256,0.159487,0.113647,0.093833,0.133702,0.087489
Neisseria_elongata,bacteria,Neisseria,50,60,0.833333,0.719681,0.906869,0.096466,0.000691,0.191595,0.190904,0.114812,0.109245,0.137774,0.105555
Paraburkholderia_fungorum,bacteria,Paraburkholderia,50,60,0.833333,0.719681,0.906869,0.09988,0.00612,0.184606,0.178486,0.120854,0.115189,0.145025,0.111352
Aerococcus_viridans,bacteria,Aerococcus,50,60,0.833333,0.719681,0.906869,0.099878,0.000376,0.19559,0.195213,0.117009,0.111755,0.140411,0.108098
Actinomyces_dentalis,bacteria,Actinomyces,50,60,0.833333,0.719681,0.906869,0.101709,0.034959,0.149783,0.114824,0.113772,0.100755,0.136526,0.09515
Pseudomonas_viridiflava,bacteria,Pseudomonas,50,60,0.833333,0.719681,0.906869,0.100845,0.047399,0.159472,0.112073,0.111177,0.088919,0.133412,0.08058
Pantoea_agglomerans,bacteria,Pantoea,50,60,0.833333,0.719681,0.906869,0.099104,0.000584,0.164481,0.163897,0.112896,0.100263,0.135475,0.094778
Corynebacterium_glucuronolyticum,bacteria,Corynebacterium,50,60,0.833333,0.719681,0.906869,0.111713,0.001479,0.179497,0.178018,0.121174,0.120291,0.145409,0.117589
Elizabethkingia_anophelis,bacteria,Elizabethkingia,50,60,0.833333,0.719681,0.906869,0.106805,0.002726,0.184747,0.182022,0.113768,0.089552,0.136521,0.080538
Enterobacter_cancerogenus,bacteria,Enterobacter,50,60,0.833333,0.719681,0.906869,0.110004,0.000464,0.172953,0.17249,0.111135,0.105175,0.133362,0.101462
Candida_parapsilosis,fungi,Candida,50,60,0.833333,0.719681,0.906869,0.055548,0.000479,0.200995,0.200515,0.104625,0.126317,0.125551,0.128575
Cutibacterium_avidum,bacteria,Cutibacterium,50,60,0.833333,0.719681,0.906869,0.112246,0.000743,0.206156,0.205414,0.123598,0.12358,0.148317,0.121027
Corynebacterium_amycolatum,bacteria,Corynebacterium,50,60,0.833333,0.719681,0.906869,0.119927,0.052629,0.17207,0.119441,0.121348,0.097823,0.145618,0.088972
Dolosigranulum_pigrum,bacteria,Dolosigranulum,50,60,0.833333,0.719681,0.906869,0.123208,0.035283,0.18564,0.150358,0.123428,0.102087,0.148114,0.093902
Corynebacterium_afermentans,bacteria,Corynebacterium,49,60,0.816667,0.7008,0.894423,0.100275,0.049532,0.149157,0.099624,0.110539,0.08423,0.135354,0.072745
Achromobacter_denitrificans,bacteria,Achromobacter,49,60,0.816667,0.7008,0.894423,0.126104,0.02833,0.187251,0.158921,0.122299,0.101429,0.149753,0.091915
Staphylococcus_saccharolyticus,bacteria,Staphylococcus,49,60,0.816667,0.7008,0.894423,0.106854,0.038773,0.170128,0.131355,0.116761,0.095339,0.142972,0.085715
Corynebacterium_kroppenstedtii,bacteria,Corynebacterium,49,60,0.816667,0.7008,0.894423,0.121232,0.000232,0.147383,0.147151,0.076933,0.073544,0.094204,0.070621
Corynebacterium_glutamicum,bacteria,Corynebacterium,49,60,0.816667,0.7008,0.894423,0.105444,0.059462,0.164246,0.104784,0.118683,0.097457,0.145326,0.087874
Bacillus_subtilis,bacteria,Bacillus,49,60,0.816667,0.7008,0.894423,0.112085,0.061083,0.171377,0.110294,0.121721,0.091353,0.149046,0.078104
Gordonia_terrae,bacteria,Gordonia,49,60,0.816667,0.7008,0.894423,0.102617,0.026956,0.169352,0.142395,0.114284,0.100002,0.13994,0.092883
Serratia_liquefaciens,bacteria,Serratia,49,60,0.816667,0.7008,0.894423,0.122908,0.00064,0.147524,0.146884,0.084249,0.072408,0.103162,0.066728
Corynebacterium_coyleae,bacteria,Corynebacterium,49,60,0.816667,0.7008,0.894423,0.094866,0.029305,0.147915,0.118611,0.107251,0.101639,0.131327,0.097314
Cupriavidus_pauculus,bacteria,Cupriavidus,49,60,0.816667,0.7008,0.894423,0.11381,0.048685,0.171196,0.122511,0.116629,0.088181,0.142811,0.075769
Peptoniphilus_rhinitidis,bacteria,Peptoniphilus,49,60,0.816667,0.7008,0.894423,0.127873,0.020336,0.191074,0.170738,0.116175,0.091685,0.142255,0.080903
Prevotella_timonensis,bacteria,Prevotella,49,60,0.816667,0.7008,0.894423,0.118725,0.000578,0.168407,0.167828,0.122049,0.11589,0.149448,0.111033
Kocuria_kristinae,bacteria,Kocuria,49,60,0.816667,0.7008,0.894423,0.103596,0.000221,0.19048,0.190259,0.118414,0.114578,0.144996,0.110462
Porphyromonas_somerae,bacteria,Porphyromonas,49,60,0.816667,0.7008,0.894423,0.101835,0.059502,0.148519,0.089017,0.110658,0.08743,0.1355,0.077199
Peptoniphilus_harei,bacteria,Peptoniphilus,49,60,0.816667,0.7008,0.894423,0.110172,0.000449,0.163086,0.162637,0.109894,0.089655,0.134564,0.080568
Prevotella_intermedia,bacteria,Prevotella,49,60,0.816667,0.7008,0.894423,0.114043,0.022548,0.200829,0.178281,0.122885,0.099576,0.150471,0.089164
Aggregatibacter_segnis,bacteria,Aggregatibacter,49,60,0.816667,0.7008,0.894423,0.10076,0.049648,0.168542,0.118894,0.112621,0.087442,0.137903,0.076415
Massilia_timonae,bacteria,Massilia,49,60,0.816667,0.7008,0.894423,0.090874,0.000248,0.199448,0.199199,0.121972,0.150839,0.149353,0.154246
Massilia_putida,bacteria,Massilia,49,60,0.816667,0.7008,0.894423,0.099047,0.046832,0.163297,0.116465,0.1102,0.092422,0.134938,0.084211
Achromobacter_insuavis,bacteria,Achromobacter,48,60,0.8,0.68218,0.881716,0.117479,0.057839,0.184924,0.127085,0.124653,0.098387,0.155816,0.084809
Blautia_wexlerae,bacteria,Blautia,48,60,0.8,0.68218,0.881716,0.091026,0.023082,0.146194,0.123112,0.106083,0.097159,0.132604,0.090876
Brevibacterium_epidermidis,bacteria,Brevibacterium,48,60,0.8,0.68218,0.881716,0.101169,0.057448,0.153254,0.095806,0.110143,0.095816,0.137678,0.087481
Bacteroides_vulgatus,bacteria,Bacteroides,48,60,0.8,0.68218,0.881716,0.117782,0.0467,0.171531,0.124831,0.11389,0.088165,0.142362,0.074953
Catenibacterium_mitsuokai,bacteria,Catenibacterium,48,60,0.8,0.68218,0.881716,0.111169,0.030332,0.17933,0.148999,0.116486,0.098285,0.145608,0.088293
Candida_tropicalis,fungi,Candida,48,60,0.8,0.68218,0.881716,0.109112,0.042107,0.153489,0.111382,0.124871,0.117646,0.156089,0.111347
Corynebacterium_jeikeium,bacteria,Corynebacterium,48,60,0.8,0.68218,0.881716,0.102499,0.023622,0.172251,0.148629,0.112374,0.103973,0.140467,0.097674
Atlantibacter_hermannii,bacteria,Atlantibacter,48,60,0.8,0.68218,0.881716,0.102322,0.06063,0.164735,0.104105,0.111583,0.086426,0.139479,0.073504
Bacillus_coagulans,bacteria,Bacillus,48,60,0.8,0.68218,0.881716,0.091714,0.054814,0.159194,0.10438,0.105799,0.083442,0.132249,0.071888
Kytococcus_sedentarius,bacteria,Kytococcus,48,60,0.8,0.68218,0.881716,0.099238,0.000388,0.175569,0.175182,0.114082,0.123605,0.142602,0.122579
Propionibacterium_propionicum,bacteria,Propionibacterium,48,60,0.8,0.68218,0.881716,0.106261,0.000299,0.169788,0.169488,0.110012,0.092427,0.137515,0.082833
Actinomycetospora_chiangmaiensis,bacteria,Actinomycetospora,48,60,0.8,0.68218,0.881716,0.116048,0.048944,0.19065,0.141706,0.123605,0.098537,0.154506,0.085513
Mastigocladopsis_repens,bacteria,Mastigocladopsis,48,60,0.8,0.68218,0.881716,0.098497,0.040867,0.182165,0.141298,0.120018,0.104109,0.150023,0.094916
Pichia_manshurica,fungi,Pichia,48,60,0.8,0.68218,0.881716,0.10377,0.044725,0.173605,0.128881,0.113285,0.092421,0.141607,0.081404
Aggregatibacter_aphrophilus,bacteria,Aggregatibacter,48,60,0.8,0.68218,0.881716,0.106687,0.045311,0.18767,0.142359,0.126755,0.101966,0.158444,0.089016
Puccinia_striiformis,fungi,Puccinia,48,60,0.8,0.68218,0.881716,0.110322,0.06163,0.153229,0.091598,0.112586,0.091625,0.140732,0.080581
Parvimonas_micra,bacteria,Parvimonas,48,60,0.8,0.68218,0.881716,0.111405,0.043741,0.162242,0.118501,0.116725,0.095736,0.145906,0.0846
Pantoea_vagans,bacteria,Pantoea,48,60,0.8,0.68218,0.881716,0.111964,0.062994,0.181899,0.118906,0.122864,0.100782,0.15358,0.089065
Paenibacillus_macerans,bacteria,Paenibacillus,48,60,0.8,0.68218,0.881716,0.089798,0.045741,0.152972,0.107231,0.108641,0.095785,0.135801,0.088036
Penicillium_italicum,fungi,Penicillium,48,60,0.8,0.68218,0.881716,0.116068,0.066588,0.165515,0.098927,0.117781,0.081195,0.147226,0.062037
Neisseria_subflava,bacteria,Neisseria,48,60,0.8,0.68218,0.881716,0.096781,0.032642,0.169258,0.136616,0.11144,0.105947,0.139299,0.100634
Acinetobacter_pittii,bacteria,Acinetobacter,48,60,0.8,0.68218,0.881716,0.146719,0.000415,0.178818,0.178402,0.091942,0.090471,0.114927,0.087046
Yarrowia_lipolytica,fungi,Yarrowia,48,60,0.8,0.68218,0.881716,0.108402,0.01292,0.199662,0.186742,0.124851,0.114479,0.156063,0.107129
Selenomonas_noxia,bacteria,Selenomonas,48,60,0.8,0.68218,0.881716,0.108385,0.034677,0.182357,0.14768,0.118886,0.099206,0.148608,0.088566
Granulicatella_elegans,bacteria,Granulicatella,48,60,0.8,0.68218,0.881716,0.096894,0.051561,0.177516,0.125955,0.109274,0.082856,0.136592,0.069332
Rothia_aeria,bacteria,Rothia,48,60,0.8,0.68218,0.881716,0.090257,0.000533,0.208915,0.208382,0.118167,0.13067,0.147708,0.130299
Escherichia_vulneris,bacteria,Escherichia,48,60,0.8,0.68218,0.881716,0.113068,0.051758,0.15852,0.106762,0.119816,0.104768,0.14977,0.095902
Escherichia_coli,bacteria,Escherichia,48,60,0.8,0.68218,0.881716,0.000369,0.000178,0.00085,0.000672,0.000849,0.001349,0.001062,0.001434
Cupriavidus_gilardii,bacteria,Cupriavidus,48,60,0.8,0.68218,0.881716,0.065561,0.00015,0.077746,0.077595,0.042652,0.039097,0.053315,0.036582
Arsenicicoccus_bolidensis,bacteria,Arsenicicoccus,48,60,0.8,0.68218,0.881716,0.095422,0.042346,0.195809,0.153463,0.119552,0.10563,0.14944,0.097185
Trichoderma_atroviride,fungi,Trichoderma,48,60,0.8,0.68218,0.881716,0.100981,0.044325,0.185522,0.141197,0.121162,0.096463,0.151452,0.08364
Dorea_formicigenerans,bacteria,Dorea,48,60,0.8,0.68218,0.881716,0.108514,0.041995,0.156815,0.11482,0.123122,0.106656,0.153902,0.097169
Vanrija_humicola,fungi,Vanrija,47,60,0.783333,0.663797,0.868771,0.001162,0.000351,0.001806,0.001455,0.001382,0.001266,0.001764,0.001169
Valsa_malicola,fungi,Valsa,47,60,0.783333,0.663797,0.868771,0.120376,0.049101,0.181485,0.132383,0.118615,0.086256,0.151423,0.066834
Leptotrichia_wadei,bacteria,Leptotrichia,47,60,0.783333,0.663797,0.868771,0.095484,0.03957,0.174401,0.134831,0.122737,0.120708,0.156686,0.115122
Leuconostoc_lactis,bacteria,Leuconostoc,47,60,0.783333,0.663797,0.868771,0.102484,0.000796,0.202225,0.201429,0.119392,0.105367,0.152416,0.095378
Prevotella_melaninogenica,bacteria,Prevotella,47,60,0.783333,0.663797,0.868771,0.088869,0.000412,0.178208,0.177796,0.106141,0.09433,0.1355,0.085722
Micrococcus_lylae,bacteria,Micrococcus,47,60,0.783333,0.663797,0.868771,0.084501,0.00035,0.191979,0.19163,0.111086,0.119065,0.141811,0.117179
Mucor_circinelloides,fungi,Mucor,47,60,0.783333,0.663797,0.868771,0.116674,0.036187,0.184532,0.148345,0.121682,0.10026,0.155338,0.086896
Niastella_koreensis,bacteria,Niastella,47,60,0.783333,0.663797,0.868771,0.124827,0.043729,0.171547,0.127818,0.120143,0.095749,0.153374,0.080939
Acinetobacter_nosocomialis,bacteria,Acinetobacter,47,60,0.783333,0.663797,0.868771,0.176635,0.00031,0.20731,0.207,0.112013,0.106577,0.142995,0.10021
Anaerococcus_obesiensis,bacteria,Anaerococcus,47,60,0.783333,0.663797,0.868771,0.101915,0.049061,0.19855,0.149489,0.124712,0.112342,0.159206,0.102841
Janibacter_melonis,bacteria,Janibacter,47,60,0.783333,0.663797,0.868771,0.105581,0.034819,0.175744,0.140925,0.124801,0.114975,0.159321,0.106471
Aspergillus_glaucus,fungi,Aspergillus,47,60,0.783333,0.663797,0.868771,0.080073,0.000125,0.20189,0.201765,0.118734,0.137829,0.151575,0.13885
Gordonia_polyisoprenivorans,bacteria,Gordonia,47,60,0.783333,0.663797,0.868771,0.130101,0.000112,0.153081,0.152969,0.082668,0.078973,0.105534,0.074389
Rothia_dentocariosa,bacteria,Rothia,47,60,0.783333,0.663797,0.868771,0.118541,0.000567,0.198469,0.197902,0.115617,0.113788,0.147596,0.108555
Saccharomyces_mikatae,fungi,Saccharomyces,47,60,0.783333,0.663797,0.868771,0.101497,0.037204,0.158131,0.120927,0.107396,0.093094,0.137101,0.083393
Fenollaria_massiliensis,bacteria,Fenollaria,47,60,0.783333,0.663797,0.868771,0.116509,0.043872,0.198934,0.155062,0.12462,0.105589,0.159089,0.093257
Desulfovibrio_piger,bacteria,Desulfovibrio,47,60,0.783333,0.663797,0.868771,0.106145,0.030023,0.187989,0.157966,0.116323,0.097553,0.148497,0.085583
Deinococcus_deserti,bacteria,Deinococcus,47,60,0.783333,0.663797,0.868771,0.08785,0.028992,0.212916,0.183924,0.117225,0.102942,0.149649,0.092921
Deinococcus_geothermalis,bacteria,Deinococcus,47,60,0.783333,0.663797,0.868771,0.107173,0.040834,0.18955,0.148716,0.119843,0.10141,0.152992,0.089491
Staphylococcus_equorum,bacteria,Staphylococcus,47,60,0.783333,0.663797,0.868771,0.113725,0.000813,0.199828,0.199015,0.120473,0.113056,0.153795,0.10563
Corynebacterium_urealyticum,bacteria,Corynebacterium,47,60,0.783333,0.663797,0.868771,0.090655,0.033385,0.198266,0.164881,0.113551,0.099153,0.144959,0.089207
Corynebacterium_tuberculostearicum,bacteria,Corynebacterium,47,60,0.783333,0.663797,0.868771,0.062625,0.000319,0.21607,0.215751,0.114868,0.142024,0.146639,0.145296
Staphylococcus_caprae,bacteria,Staphylococcus,47,60,0.783333,0.663797,0.868771,0.115472,0.000444,0.162483,0.162039,0.111306,0.098518,0.142093,0.089325
Corynebacterium_minutissimum,bacteria,Corynebacterium,47,60,0.783333,0.663797,0.868771,0.083505,0.000225,0.190241,0.190016,0.118493,0.1264,0.151268,0.124204
Clostridiales_bacterium_KLE1615,bacteria,-,47,60,0.783333,0.663797,0.868771,0.102101,0.049946,0.19408,0.144133,0.122823,0.105224,0.156795,0.093587
Streptococcus_sanguinis,bacteria,Streptococcus,47,60,0.783333,0.663797,0.868771,0.107897,0.000744,0.187247,0.186503,0.107502,0.10353,0.137236,0.097869
Chryseobacterium_oranimense,bacteria,Chryseobacterium,47,60,0.783333,0.663797,0.868771,0.090662,0.037507,0.172434,0.134926,0.108759,0.090037,0.138841,0.078296
Chaetomium_globosum,fungi,Chaetomium,47,60,0.783333,0.663797,0.868771,0.101506,0.069384,0.175519,0.106135,0.125317,0.109327,0.159979,0.098307
Streptococcus_thermophilus,bacteria,Streptococcus,47,60,0.783333,0.663797,0.868771,0.105311,0.045838,0.162873,0.117035,0.11207,0.089622,0.143068,0.075966
Brochothrix_thermosphacta,bacteria,Brochothrix,47,60,0.783333,0.663797,0.868771,0.111448,0.049406,0.184335,0.134929,0.118294,0.091698,0.151013,0.075739
Syntrophothermus_lipocalidus,bacteria,Syntrophothermus,47,60,0.783333,0.663797,0.868771,0.08819,0.042183,0.154686,0.112503,0.112515,0.104831,0.143636,0.097611
Barnesiella_intestinihominis,bacteria,Barnesiella,47,60,0.783333,0.663797,0.868771,0.105605,0.045285,0.172861,0.127576,0.114486,0.099587,0.146153,0.089395
Solobacterium_moorei,bacteria,Solobacterium,46,60,0.766667,0.645635,0.855606,0.090238,0.002218,0.169647,0.167428,0.109992,0.100933,0.143467,0.091911
Fretibacterium_fastidiosum,bacteria,Fretibacterium,46,60,0.766667,0.645635,0.855606,0.100032,0.028724,0.19063,0.161906,0.119628,0.10444,0.156037,0.092162
Enterobacter_hormaechei,bacteria,Enterobacter,46,60,0.766667,0.645635,0.855606,0.001274,0.000345,0.002343,0.001999,0.002301,0.004436,0.003001,0.004863
Capnocytophaga_sputigena,bacteria,Capnocytophaga,46,60,0.766667,0.645635,0.855606,0.108749,0.000248,0.173261,0.173013,0.111477,0.10038,0.145404,0.090378
Alicyclobacillus_acidocaldarius,bacteria,Alicyclobacillus,46,60,0.766667,0.645635,0.855606,0.111511,0.044109,0.177866,0.133758,0.119008,0.097011,0.155227,0.08119
Roseburia_intestinalis,bacteria,Roseburia,46,60,0.766667,0.645635,0.855606,0.109685,0.022757,0.189621,0.166864,0.120934,0.103875,0.15774,0.090621
Massilia_alkalitolerans,bacteria,Massilia,46,60,0.766667,0.645635,0.855606,0.095692,0.000349,0.196969,0.19662,0.121025,0.117386,0.157859,0.110103
Lawsonella_clevelandensis,bacteria,Lawsonella,46,60,0.766667,0.645635,0.855606,0.122215,0.000553,0.18043,0.179877,0.116327,0.099666,0.151731,0.08679
Peptostreptococcus_stomatis,bacteria,Peptostreptococcus,46,60,0.766667,0.645635,0.855606,0.11312,0.023113,0.189777,0.166664,0.123474,0.111379,0.161053,0.100389
Porphyromonas_endodontalis,bacteria,Porphyromonas,46,60,0.766667,0.645635,0.855606,0.102281,0.000217,0.206484,0.206267,0.120026,0.106489,0.156556,0.094984
Dialister_invisus,bacteria,Dialister,46,60,0.766667,0.645635,0.855606,0.101563,0.036404,0.173863,0.137459,0.115959,0.100379,0.15125,0.088058
Bacillus_aciditolerans,bacteria,Bacillus,46,60,0.766667,0.645635,0.855606,0.116336,0.05388,0.176101,0.122221,0.120721,0.09656,0.157462,0.07944
Slackia_exigua,bacteria,Slackia,46,60,0.766667,0.645635,0.855606,0.119518,0.050446,0.199599,0.149153,0.122949,0.087964,0.160368,0.06333
Ruminococcus_bicirculans,bacteria,Ruminococcus,46,60,0.766667,0.645635,0.855606,0.113975,0.037284,0.184737,0.147453,0.126482,0.107835,0.164976,0.093564
Streptococcus_vestibularis,bacteria,Streptococcus,46,60,0.766667,0.645635,0.855606,0.107949,0.025848,0.182557,0.156709,0.118534,0.10111,0.15461,0.087762
Candida_krusei,fungi,Pichia,46,60,0.766667,0.645635,0.855606,0.120901,0.016375,0.167429,0.151053,0.113844,0.095927,0.148492,0.082496
Gordonia_paraffinivorans,bacteria,Gordonia,46,60,0.766667,0.645635,0.855606,0.103379,0.048195,0.181953,0.133758,0.118695,0.097411,0.15482,0.082
Haemophilus_parahaemolyticus,bacteria,Haemophilus,46,60,0.766667,0.645635,0.855606,0.099224,0.000637,0.17518,0.174544,0.108098,0.094614,0.140997,0.083636
Wallemia_mellicola,fungi,Wallemia,45,60,0.75,0.627677,0.842236,0.114988,0.020356,0.196871,0.176515,0.116496,0.096566,0.155329,0.079594
Odoribacter_splanchnicus,bacteria,Odoribacter,45,60,0.75,0.627677,0.842236,0.113691,0.000353,0.177845,0.177492,0.120485,0.10311,0.160646,0.087508
Campylobacter_rectus,bacteria,Campylobacter,45,60,0.75,0.627677,0.842236,0.133419,0.000599,0.180187,0.179588,0.120603,0.095666,0.160804,0.075237
Trichoderma_guizhouense,fungi,Trichoderma,45,60,0.75,0.627677,0.842236,0.097159,0.00969,0.1723,0.162609,0.111005,0.097901,0.148007,0.085154
Corynebacterium_casei,bacteria,Corynebacterium,45,60,0.75,0.627677,0.842236,0.121736,0.02004,0.190418,0.170378,0.122582,0.103173,0.163442,0.086276
Staphylococcus_arlettae,bacteria,Staphylococcus,45,60,0.75,0.627677,0.842236,0.010246,5.3e-05,0.01229,0.012237,0.006808,0.005999,0.009078,0.005214
Empedobacter_brevis,bacteria,Empedobacter,45,60,0.75,0.627677,0.842236,0.019749,8e-05,0.023622,0.023543,0.012476,0.012137,0.016634,0.01126
Apophysomyces_trapeziformis,fungi,Apophysomyces,45,60,0.75,0.627677,0.842236,0.12673,0.01445,0.186421,0.171971,0.123674,0.104321,0.164899,0.08741
Trichoderma_atrobrunneum,fungi,Trichoderma,45,60,0.75,0.627677,0.842236,0.105876,0.020231,0.151825,0.131594,0.107794,0.089638,0.143725,0.074113
Trichoderma_gamsii,fungi,Trichoderma,45,60,0.75,0.627677,0.842236,0.092218,0.024244,0.177737,0.153493,0.112562,0.09928,0.150083,0.086357
Burkholderia_gladioli,bacteria,Burkholderia,45,60,0.75,0.627677,0.842236,0.090849,9.5e-05,0.155389,0.155294,0.10816,0.113334,0.144214,0.109115
Rhizopus_delemar,fungi,Rhizopus,45,60,0.75,0.627677,0.842236,0.105552,0.007895,0.208398,0.200503,0.122715,0.112338,0.16362,0.100384
Rothia_mucilaginosa,bacteria,Rothia,45,60,0.75,0.627677,0.842236,0.09355,0.000348,0.187048,0.1867,0.112189,0.127395,0.149585,0.126654
Ideonella_sakaiensis,bacteria,Ideonella,45,60,0.75,0.627677,0.842236,0.09582,0.023481,0.161635,0.138154,0.115282,0.110798,0.15371,0.10208
Peptoniphilus_duerdenii,bacteria,Peptoniphilus,45,60,0.75,0.627677,0.842236,0.129871,0.016908,0.179773,0.162866,0.126337,0.107017,0.168449,0.09001
Aeromonas_dhakensis,bacteria,Aeromonas,45,60,0.75,0.627677,0.842236,0.036653,0.000127,0.043275,0.043148,0.025698,0.020632,0.034265,0.01645
Macrophomina_phaseolina,fungi,Macrophomina,45,60,0.75,0.627677,0.842236,0.121045,0.018343,0.183575,0.165233,0.123112,0.101908,0.164149,0.083883
Allobaculum_stercoricanis,bacteria,Allobaculum,45,60,0.75,0.627677,0.842236,0.10078,0.00019,0.202405,0.202215,0.120991,0.112518,0.161322,0.101598
Bifidobacterium_animalis,bacteria,Bifidobacterium,45,60,0.75,0.627677,0.842236,0.112751,0.017764,0.18646,0.168695,0.120102,0.100131,0.160136,0.082992
Alternaria_alternata,fungi,Alternaria,45,60,0.75,0.627677,0.842236,0.105576,0.021336,0.159534,0.138198,0.107972,0.08751,0.143963,0.070496
Meyerozyma_guilliermondii,fungi,Meyerozyma,45,60,0.75,0.627677,0.842236,0.091521,0.002599,0.196214,0.193615,0.110289,0.111458,0.147052,0.105495
Adlercreutzia_equolifaciens,bacteria,Adlercreutzia,45,60,0.75,0.627677,0.842236,0.093605,0.016113,0.181112,0.164999,0.118317,0.11643,0.157756,0.108693
Moraxella_atlantae,bacteria,Moraxella,45,60,0.75,0.627677,0.842236,0.091568,0.000348,0.150285,0.149937,0.106424,0.112214,0.141899,0.108334
Mycobacterium_gordonae,bacteria,Mycobacterium,45,60,0.75,0.627677,0.842236,0.042339,0.000536,0.049689,0.049153,0.026359,0.024942,0.035146,0.022768
Wolbachia_pipientis,bacteria,Wolbachia,45,60,0.75,0.627677,0.842236,0.105052,0.017594,0.175308,0.157714,0.105878,0.085985,0.14117,0.069414
Chishuiella_changwenlii,bacteria,Chishuiella,45,60,0.75,0.627677,0.842236,0.113857,0.024125,0.161646,0.137521,0.107255,0.085497,0.143006,0.067623
Corynebacterium_riegelii,bacteria,Corynebacterium,45,60,0.75,0.627677,0.842236,0.113136,8.8e-05,0.179142,0.179054,0.119807,0.10368,0.159742,0.088824
Auricoccus_indicus,bacteria,Auricoccucs,45,60,0.75,0.627677,0.842236,0.09187,0.014118,0.177646,0.163528,0.11485,0.112392,0.153134,0.104606
Bacteroides_ovatus,bacteria,Bacteroides,45,60,0.75,0.627677,0.842236,0.092739,5.3e-05,0.153143,0.15309,0.115313,0.105608,0.153751,0.094399
Staphylococcus_pettenkoferi,bacteria,Staphylococcus,45,60,0.75,0.627677,0.842236,0.10641,0.00038,0.149282,0.148901,0.116047,0.119251,0.154729,0.113787
Blautia_obeum,bacteria,Blautia,44,60,0.733333,0.60991,0.828675,0.124362,0.0,0.196407,0.196407,0.117566,0.09309,0.160317,0.069836
Paracoccus_denitrificans,bacteria,Paracoccus,44,60,0.733333,0.60991,0.828675,0.12381,0.0,0.163504,0.163504,0.11286,0.089922,0.1539,0.068058
Bacteroides_stercoris,bacteria,Bacteroides,44,60,0.733333,0.60991,0.828675,0.11275,0.0,0.177793,0.177793,0.123768,0.120315,0.168775,0.109952
Tissierellia_bacterium_S7-1-4,bacteria,-,44,60,0.733333,0.60991,0.828675,0.102874,0.0,0.156806,0.156806,0.115986,0.110565,0.158162,0.099737
Coprococcus_catus,bacteria,Coprococcus,44,60,0.733333,0.60991,0.828675,0.128296,0.0,0.181186,0.181186,0.11898,0.100878,0.162246,0.082341
Staphylococcus_simulans,bacteria,Staphylococcus,44,60,0.733333,0.60991,0.828675,0.104709,0.0,0.191882,0.191882,0.117653,0.107941,0.160435,0.094674
Penicillium_citrinum,fungi,Penicillium,44,60,0.733333,0.60991,0.828675,0.093765,0.0,0.189736,0.189736,0.11379,0.103452,0.155168,0.090081
Geobacillus_stearothermophilus,bacteria,Geobacillus,44,60,0.733333,0.60991,0.828675,0.084991,0.0,0.194546,0.194546,0.117111,0.107267,0.159697,0.09396
Herpetosiphon_aurantiacus,bacteria,Herpetosiphon,44,60,0.733333,0.60991,0.828675,0.096755,0.0,0.163748,0.163748,0.110326,0.09765,0.150444,0.083113
Brucella_melitensis,bacteria,Brucella,44,60,0.733333,0.60991,0.828675,0.024418,0.0,0.028544,0.028544,0.016279,0.013995,0.022198,0.011588
Aquincola_tertiaricarbonis,bacteria,Aquincola,44,60,0.733333,0.60991,0.828675,0.099704,0.0,0.168981,0.168981,0.117112,0.101803,0.159699,0.085212
Anaerococcus_lactolyticus,bacteria,Anaerococcus,44,60,0.733333,0.60991,0.828675,0.111924,0.0,0.165211,0.165211,0.111719,0.089584,0.152345,0.0684
Haemophilus_sputorum,bacteria,Haemophilus,44,60,0.733333,0.60991,0.828675,0.09183,0.0,0.178693,0.178693,0.115192,0.108872,0.15708,0.097626
Pseudonocardia_dioxanivorans,bacteria,Pseudonocardia,44,60,0.733333,0.60991,0.828675,0.106112,0.0,0.186639,0.186639,0.121511,0.109081,0.165697,0.093991
Burkholderia_pyrrocinia,bacteria,Burkholderia,44,60,0.733333,0.60991,0.828675,0.095596,0.0,0.201545,0.201545,0.1166,0.110325,0.159,0.099006
Alloprevotella_rava,bacteria,Alloprevotella,44,60,0.733333,0.60991,0.828675,0.100455,0.0,0.175635,0.175635,0.108197,0.093342,0.147541,0.077556
Pseudomonas_luteola,bacteria,Pseudomonas,44,60,0.733333,0.60991,0.828675,0.133296,0.0,0.19442,0.19442,0.11981,0.099349,0.163378,0.079116
Prevotella_nigrescens,bacteria,Prevotella,44,60,0.733333,0.60991,0.828675,0.105722,0.0,0.1811,0.1811,0.11271,0.103926,0.153695,0.091508
Microbacterium_resistens,bacteria,Microbacterium,44,60,0.733333,0.60991,0.828675,0.004311,0.0,0.005063,0.005063,0.002912,0.002428,0.00397,0.001947
Providencia_rettgeri,bacteria,Providencia,44,60,0.733333,0.60991,0.828675,0.10103,0.0,0.155625,0.155625,0.10491,0.089202,0.143059,0.07303
Nosocomiicoccus_ampullae,bacteria,Nosocomiicoccus,44,60,0.733333,0.60991,0.828675,0.101138,0.0,0.202894,0.202894,0.119898,0.111886,0.163497,0.09941
Peptoniphilus_coxii,bacteria,Peptoniphilus,44,60,0.733333,0.60991,0.828675,0.100581,0.0,0.160678,0.160678,0.107036,0.108882,0.145959,0.102242
Natronomonas_moolapensis,bacteria,Natronomonas,44,60,0.733333,0.60991,0.828675,0.114705,0.0,0.169507,0.169507,0.113077,0.09465,0.154196,0.076186
Microlunatus_phosphovorus,bacteria,Microlunatus,44,60,0.733333,0.60991,0.828675,0.099717,0.0,0.158569,0.158569,0.110632,0.106184,0.150862,0.096229
Puccinia_graminis,fungi,Puccinia,44,60,0.733333,0.60991,0.828675,0.098683,0.0,0.172967,0.172967,0.112568,0.100904,0.153502,0.086837
Bacillus_humi,bacteria,Bacillus,44,60,0.733333,0.60991,0.828675,0.109398,0.0,0.16696,0.16696,0.111286,0.095756,0.151753,0.079355
Colletotrichum_sidae,fungi,Colletotrichum,44,60,0.733333,0.60991,0.828675,0.103181,0.0,0.176694,0.176694,0.112695,0.093119,0.153675,0.073848
Clostridium_leptum,bacteria,Clostridium,44,60,0.733333,0.60991,0.828675,0.104358,0.0,0.189535,0.189535,0.119927,0.098983,0.163537,0.078395
Salmonella_enterica,bacteria,Salmonella,44,60,0.733333,0.60991,0.828675,0.095433,0.0,0.154931,0.154931,0.11506,0.134787,0.1569,0.134945
Corynebacterium_xerosis,bacteria,Corynebacterium,44,60,0.733333,0.60991,0.828675,0.113852,0.0,0.135688,0.135688,0.078255,0.067336,0.106711,0.055804
Cercospora_cf._flagellaris,fungi,Cercospora,44,60,0.733333,0.60991,0.828675,0.113996,0.0,0.190208,0.190208,0.123934,0.115536,0.169001,0.102577
Cutaneotrichosporon_daszewskae,fungi,Cutaneotrichosporon,44,60,0.733333,0.60991,0.828675,0.10684,0.0,0.153649,0.153649,0.113132,0.107073,0.154271,0.096106
Olsenella_uli,bacteria,Olsenella,43,60,0.716667,0.592325,0.814933,0.111266,0.0,0.167097,0.167097,0.110313,0.095152,0.153926,0.076457
Thermus_scotoductus,bacteria,Thermus,43,60,0.716667,0.592325,0.814933,0.103928,0.0,0.174521,0.174521,0.109625,0.100816,0.152965,0.086547
Yarrowia_deformans,fungi,Yarrowia,43,60,0.716667,0.592325,0.814933,0.094555,0.0,0.153477,0.153477,0.10764,0.112422,0.150195,0.10588
Paenibacillus_amylolyticus,bacteria,Paenibacillus,43,60,0.716667,0.592325,0.814933,0.111823,0.0,0.189039,0.189039,0.115781,0.108123,0.161555,0.094082
Neisseria_sicca,bacteria,Neisseria,43,60,0.716667,0.592325,0.814933,0.10757,0.0,0.185672,0.185672,0.118896,0.107268,0.165901,0.090442
Campylobacter_concisus,bacteria,Campylobacter,43,60,0.716667,0.592325,0.814933,0.099245,0.0,0.190623,0.190623,0.120058,0.127485,0.167523,0.121202
Jeotgalicoccus_saudimassiliensis,bacteria,Jeotgalicoccus,43,60,0.716667,0.592325,0.814933,0.106145,0.0,0.162727,0.162727,0.108703,0.097494,0.151678,0.081724
Purpureocillium_lilacinum,fungi,Purpureocillium,43,60,0.716667,0.592325,0.814933,0.106203,0.0,0.216935,0.216935,0.121588,0.12171,0.169658,0.111622
Haematobacter_massiliensis,bacteria,Haematobacter,43,60,0.716667,0.592325,0.814933,0.106691,0.0,0.17005,0.17005,0.107991,0.09541,0.150685,0.078747
Actinomyces_massiliensis,bacteria,Actinomyces,43,60,0.716667,0.592325,0.814933,0.107275,0.0,0.185682,0.185682,0.125434,0.127524,0.175024,0.118147
Aeromicrobium_choanae,bacteria,Aeromicrobium,43,60,0.716667,0.592325,0.814933,0.105897,0.0,0.167597,0.167597,0.107162,0.094719,0.149529,0.078212
Actinotignum_urinale,bacteria,Actinotignum,43,60,0.716667,0.592325,0.814933,0.104017,0.0,0.180929,0.180929,0.112616,0.101,0.157138,0.08466
Actinomyces_georgiae,bacteria,Actinomyces,43,60,0.716667,0.592325,0.814933,0.101225,0.0,0.188132,0.188132,0.110709,0.100445,0.154478,0.08515
Mesorhizobium_loti,bacteria,Mesorhizobium,43,60,0.716667,0.592325,0.814933,0.088466,0.0,0.15999,0.15999,0.110415,0.111461,0.154067,0.102794
Bacteroides_dorei,bacteria,Bacteroides,43,60,0.716667,0.592325,0.814933,0.091432,0.0,0.161193,0.161193,0.106673,0.108431,0.148846,0.100446
Bifidobacterium_thermophilum,bacteria,Bifidobacterium,43,60,0.716667,0.592325,0.814933,0.085902,0.0,0.196813,0.196813,0.11141,0.10152,0.155456,0.086415
Acinetobacter_harbinensis,bacteria,Acinetobacter,43,60,0.716667,0.592325,0.814933,0.126815,0.0,0.195588,0.195588,0.122942,0.108594,0.171547,0.089607
Kocuria_palustris,bacteria,Kocuria,43,60,0.716667,0.592325,0.814933,0.101975,0.0,0.170452,0.170452,0.119688,0.121656,0.167007,0.112695
Lactobacillus_salivarius,bacteria,Lactobacillus,43,60,0.716667,0.592325,0.814933,0.096452,0.0,0.161349,0.161349,0.111517,0.108457,0.155606,0.097469
Leclercia_adecarboxylata,bacteria,Leclercia,43,60,0.716667,0.592325,0.814933,0.096162,0.0,0.202035,0.202035,0.117978,0.133802,0.16462,0.131486
Malassezia_sympodialis,fungi,Malassezia,43,60,0.716667,0.592325,0.814933,0.119297,0.0,0.184381,0.184381,0.110957,0.09225,0.154823,0.07072
Anaerococcus_tetradius,bacteria,Anaerococcus,43,60,0.716667,0.592325,0.814933,0.093255,0.0,0.16494,0.16494,0.107774,0.10555,0.150382,0.095342
Pseudozyma_hubeiensis,fungi,Pseudozyma,43,60,0.716667,0.592325,0.814933,0.117899,0.0,0.17313,0.17313,0.118206,0.099182,0.164939,0.076989
Penicillium_subrubescens,fungi,Penicillium,43,60,0.716667,0.592325,0.814933,0.128125,0.0,0.189538,0.189538,0.124817,0.107187,0.174163,0.085678
Burkholderia_multivorans,bacteria,Burkholderia,43,60,0.716667,0.592325,0.814933,0.077849,0.0,0.091535,0.091535,0.052925,0.043482,0.073849,0.032772
Deinococcus_ficus,bacteria,Deinococcus,43,60,0.716667,0.592325,0.814933,0.115014,0.0,0.185314,0.185314,0.116009,0.106146,0.161873,0.0907
Fusicatenibacter_saccharivorans,bacteria,Fusicatenibacter,43,60,0.716667,0.592325,0.814933,0.083029,0.0,0.177786,0.177786,0.111062,0.106782,0.154971,0.095138
Atopostipes_suicloacalis,bacteria,Atopostipes,43,60,0.716667,0.592325,0.814933,0.117534,0.0,0.186293,0.186293,0.116858,0.10349,0.163057,0.085631
Staphylococcus_auricularis,bacteria,Staphylococcus,43,60,0.716667,0.592325,0.814933,0.076373,0.0,0.247201,0.247201,0.12098,0.14341,0.16881,0.143613
Capnocytophaga_gingivalis,bacteria,Capnocytophaga,43,60,0.716667,0.592325,0.814933,0.099244,0.0,0.201575,0.201575,0.120956,0.107207,0.168776,0.088782
Fenollaria_timonensis,bacteria,Fenollaria,43,60,0.716667,0.592325,0.814933,0.083218,0.0,0.185599,0.185599,0.111711,0.101499,0.155876,0.086161
Penicillium_fuscoglaucum,fungi,Penicillium,42,60,0.7,0.574911,0.80102,0.10265,0.0,0.145624,0.145624,0.107628,0.10313,0.153755,0.089666
Bacteroides_uniformis,bacteria,Bacteroides,42,60,0.7,0.574911,0.80102,0.084358,0.0,0.189048,0.189048,0.110096,0.111331,0.157281,0.101163
Mycobacterium_phocaicum,bacteria,Mycobacterium,42,60,0.7,0.574911,0.80102,0.001036,0.0,0.00148,0.00148,0.001026,0.000952,0.001465,0.000802
Mycobacterium_monacense,bacteria,Mycobacterium,42,60,0.7,0.574911,0.80102,0.104235,0.0,0.195622,0.195622,0.115507,0.106814,0.16501,0.089725
Peptoniphilus_lacrimalis,bacteria,Peptoniphilus,42,60,0.7,0.574911,0.80102,0.097393,0.0,0.183463,0.183463,0.112769,0.108736,0.161099,0.095072
Mycoplasma_hyorhinis,bacteria,Mycoplasma,42,60,0.7,0.574911,0.80102,0.092756,0.0,0.182386,0.182386,0.106544,0.109752,0.152205,0.101066
Actinomyces_naeslundii,bacteria,Actinomyces,42,60,0.7,0.574911,0.80102,0.095527,0.0,0.186669,0.186669,0.119587,0.13659,0.170839,0.133709
Neisseria_bacilliformis,bacteria,Neisseria,42,60,0.7,0.574911,0.80102,0.102363,0.0,0.165097,0.165097,0.115725,0.123462,0.165322,0.116343
Porphyromonas_uenonis,bacteria,Porphyromonas,42,60,0.7,0.574911,0.80102,0.116401,0.0,0.192941,0.192941,0.124538,0.114282,0.177912,0.09522
Bacteroides_coprophilus,bacteria,Bacteroides,42,60,0.7,0.574911,0.80102,0.092806,0.0,0.173275,0.173275,0.115185,0.114306,0.16455,0.102377
Rhodotorula_mucilaginosa,fungi,Rhodotorula,42,60,0.7,0.574911,0.80102,0.097899,0.0,0.179079,0.179079,0.116029,0.113929,0.165755,0.101167
Burkholderia_vietnamiensis,bacteria,Burkholderia,42,60,0.7,0.574911,0.80102,0.111806,0.0,0.137134,0.137134,0.06978,0.06854,0.099686,0.060879
Burkholderia_cenocepacia,bacteria,Burkholderia,42,60,0.7,0.574911,0.80102,0.117136,0.0,0.194142,0.194142,0.119126,0.119192,0.17018,0.107441
Klebsiella_quasipneumoniae,bacteria,Klebsiella,42,60,0.7,0.574911,0.80102,0.09954,0.0,0.110517,0.110517,0.067386,0.05389,0.096266,0.036485
Brevibacterium_casei,bacteria,Brevibacterium,42,60,0.7,0.574911,0.80102,0.14505,0.0,0.173668,0.173668,0.09279,0.088426,0.132557,0.076498
Gemmatimonas_aurantiaca,bacteria,Gemmatimonas,42,60,0.7,0.574911,0.80102,0.108745,0.0,0.161908,0.161908,0.109159,0.097381,0.155942,0.078569
Serinicoccus_chungangensis,bacteria,Serinicoccus,42,60,0.7,0.574911,0.80102,0.106395,0.0,0.172993,0.172993,0.11767,0.112029,0.168099,0.096832
Enterobacter_xiangfangensis,bacteria,Enterobacter,42,60,0.7,0.574911,0.80102,0.048792,0.0,0.19058,0.19058,0.108604,0.132382,0.155149,0.133496
Trichoderma_koningiopsis,fungi,Trichoderma,42,60,0.7,0.574911,0.80102,0.102732,0.0,0.167923,0.167923,0.112209,0.111371,0.160298,0.099762
Trichoderma_asperellum,fungi,Trichoderma,42,60,0.7,0.574911,0.80102,0.10708,0.0,0.171674,0.171674,0.11796,0.119725,0.168514,0.109088
Corynebacterium_callunae,bacteria,Corynebacterium,42,60,0.7,0.574911,0.80102,0.113551,0.0,0.166362,0.166362,0.10804,0.100135,0.154343,0.08431
Staphylococcus_gallinarum,bacteria,Staphylococcus,42,60,0.7,0.574911,0.80102,0.101433,0.0,0.179743,0.179743,0.117959,0.125049,0.168512,0.117369
Coniosporium_apollinis,fungi,Coniosporium,42,60,0.7,0.574911,0.80102,0.110367,0.0,0.162055,0.162055,0.116138,0.117011,0.165911,0.106034
Bacteroides_plebeius,bacteria,Bacteroides,42,60,0.7,0.574911,0.80102,0.105887,0.0,0.168815,0.168815,0.107577,0.096821,0.153681,0.078942
Weissella_viridescens,bacteria,Weissella,42,60,0.7,0.574911,0.80102,0.100207,0.0,0.187707,0.187707,0.107859,0.097871,0.154084,0.080547
Abiotrophia_defectiva,bacteria,Abiotrophia,42,60,0.7,0.574911,0.80102,0.102118,0.0,0.162313,0.162313,0.107913,0.10298,0.154162,0.089202
Tannerella_forsythia,bacteria,Tannerella,41,60,0.683333,0.55766,0.786943,0.115137,0.0,0.213994,0.213994,0.118731,0.106991,0.173752,0.084174
Cladosporium_sphaerospermum,fungi,Cladosporium,41,60,0.683333,0.55766,0.786943,0.095362,0.0,0.19609,0.19609,0.114887,0.113915,0.168127,0.099828
Acetobacter_indonesiensis,bacteria,Acetobacter,41,60,0.683333,0.55766,0.786943,0.086166,0.0,0.189475,0.189475,0.114997,0.116346,0.168289,0.103795
Tissierellia_bacterium_S5-A11,bacteria,-,41,60,0.683333,0.55766,0.786943,0.099599,0.0,0.184153,0.184153,0.114891,0.121445,0.168133,0.112156
Parabacteroides_distasonis,bacteria,Parabacteroides,41,60,0.683333,0.55766,0.786943,0.089665,0.0,0.201691,0.201691,0.120671,0.132597,0.176592,0.125743
Cladosporium_phlei,fungi,Cladosporium,41,60,0.683333,0.55766,0.786943,0.104684,0.0,0.175064,0.175064,0.115196,0.104712,0.16858,0.083357
Chroococcidiopsis_thermalis,bacteria,Chroococcidiopsis,41,60,0.683333,0.55766,0.786943,0.10404,0.0,0.179806,0.179806,0.113074,0.106722,0.165474,0.088949
Staphylococcus_pasteuri,bacteria,Staphylococcus,41,60,0.683333,0.55766,0.786943,0.097969,0.0,0.193163,0.193163,0.117036,0.127426,0.171272,0.120121
Bacteroides_coprocola,bacteria,Bacteroides,41,60,0.683333,0.55766,0.786943,0.103845,0.0,0.195701,0.195701,0.110626,0.103838,0.161892,0.086005
Colletotrichum_tofieldiae,fungi,Colletotrichum,41,60,0.683333,0.55766,0.786943,0.114127,0.0,0.192873,0.192873,0.120706,0.111367,0.176643,0.090366
Staphylococcus_aureus,bacteria,Staphylococcus,41,60,0.683333,0.55766,0.786943,0.000532,0.0,0.000921,0.000921,0.001216,0.003331,0.00178,0.003916
Leptotrichia_hofstadii,bacteria,Leptotrichia,41,60,0.683333,0.55766,0.786943,0.110936,0.0,0.153123,0.153123,0.112902,0.113148,0.165223,0.100115
Lactobacillus_sanfranciscensis,bacteria,Lactobacillus,41,60,0.683333,0.55766,0.786943,0.079469,0.0,0.150207,0.150207,0.107557,0.11576,0.1574,0.108278
Tsukamurella_tyrosinosolvens,bacteria,Tsukamurella,41,60,0.683333,0.55766,0.786943,0.119251,0.0,0.204526,0.204526,0.126397,0.112294,0.184971,0.086569
Leuconostoc_pseudomesenteroides,bacteria,Leuconostoc,41,60,0.683333,0.55766,0.786943,0.076834,0.0,0.183522,0.183522,0.106437,0.118611,0.155761,0.113473
Bacteroides_fragilis,bacteria,Bacteroides,41,60,0.683333,0.55766,0.786943,0.075324,0.0,0.209719,0.209719,0.111019,0.119317,0.162467,0.111495
Pichia_occidentalis,fungi,Pichia,41,60,0.683333,0.55766,0.786943,0.119596,0.0,0.189034,0.189034,0.123744,0.113999,0.181089,0.092329
Brevibacterium_mcbrellneri,bacteria,Brevibacterium,41,60,0.683333,0.55766,0.786943,0.109446,0.0,0.171696,0.171696,0.116488,0.115948,0.170471,0.101967
Corynebacterium_jeddahense,bacteria,Corynebacterium,41,60,0.683333,0.55766,0.786943,0.105791,0.0,0.158602,0.158602,0.121984,0.132369,0.178513,0.124503
Atopobium_parvulum,bacteria,Atopobium,41,60,0.683333,0.55766,0.786943,0.081905,0.0,0.17939,0.17939,0.111415,0.112787,0.163046,0.100671
Pseudomonas_poae,bacteria,Pseudomonas,41,60,0.683333,0.55766,0.786943,0.106426,0.0,0.19429,0.19429,0.117508,0.105741,0.171963,0.083028
Aureobasidium_pullulans,fungi,Aureobasidium,41,60,0.683333,0.55766,0.786943,0.091816,0.0,0.181773,0.181773,0.108175,0.104284,0.158305,0.08892
Candida_glabrata,fungi,Nakaseomyces,41,60,0.683333,0.55766,0.786943,0.10007,0.0,0.175759,0.175759,0.109892,0.109948,0.160817,0.097141
Fusarium_virguliforme,fungi,Fusarium,41,60,0.683333,0.55766,0.786943,0.117779,0.0,0.195401,0.195401,0.121428,0.114517,0.177699,0.095363
Anaerococcus_hydrogenalis,bacteria,Anaerococcus,41,60,0.683333,0.55766,0.786943,0.099949,0.0,0.17095,0.17095,0.115768,0.122482,0.169417,0.113188
Cardiobacterium_hominis,bacteria,Cardiobacterium,41,60,0.683333,0.55766,0.786943,0.103074,0.0,0.16865,0.16865,0.108615,0.110205,0.158948,0.098558
Acinetobacter_baumannii,bacteria,Acinetobacter,41,60,0.683333,0.55766,0.786943,0.000681,0.0,0.001356,0.001356,0.003691,0.012229,0.005401,0.014529
Roseburia_inulinivorans,bacteria,Roseburia,41,60,0.683333,0.55766,0.786943,0.1018,0.0,0.183655,0.183655,0.116056,0.119454,0.169837,0.108096
Sphingobacterium_thalpophilum,bacteria,Sphingobacterium,41,60,0.683333,0.55766,0.786943,0.04561,0.0,0.0517,0.0517,0.030243,0.02608,0.044258,0.019169
Corynebacterium_simulans,bacteria,Corynebacterium,41,60,0.683333,0.55766,0.786943,0.099024,0.0,0.186787,0.186787,0.123372,0.129842,0.180545,0.119527
Akkermansia_muciniphila,bacteria,Akkermansia,41,60,0.683333,0.55766,0.786943,0.106359,0.0,0.193608,0.193608,0.118739,0.114916,0.173764,0.098377
Psychrobacter_cryohalolentis,bacteria,Psychrobacter,41,60,0.683333,0.55766,0.786943,0.106241,0.0,0.186402,0.186402,0.114316,0.11767,0.167292,0.106485
Kocuria_varians,bacteria,Kocuria,41,60,0.683333,0.55766,0.786943,0.04623,0.0,0.053153,0.053153,0.029843,0.026565,0.043672,0.020539
Corynebacterium_lipophiloflavum,bacteria,Corynebacterium,41,60,0.683333,0.55766,0.786943,0.111484,0.0,0.217942,0.217942,0.119089,0.126014,0.174277,0.116464
Talaromyces_marneffei,fungi,Talaromyces,40,60,0.666667,0.540566,0.772709,0.094106,0.0,0.163478,0.163478,0.120036,0.134082,0.180055,0.12694
Citrobacter_braakii,bacteria,Citrobacter,40,60,0.666667,0.540566,0.772709,0.039177,0.0,0.169999,0.169999,0.108245,0.154618,0.162367,0.164784
Acetobacter_ghanensis,bacteria,Acetobacter,40,60,0.666667,0.540566,0.772709,0.098422,0.0,0.173144,0.173144,0.108221,0.105989,0.162332,0.089361
Atopobium_vaginae,bacteria,Atopobium,40,60,0.666667,0.540566,0.772709,0.067178,0.0,0.202771,0.202771,0.110748,0.123388,0.166122,0.116608
Corynebacterium_matruchotii,bacteria,Corynebacterium,40,60,0.666667,0.540566,0.772709,0.065359,0.0,0.191242,0.191242,0.116361,0.141389,0.174542,0.14081
Corynebacterium_ureicelerivorans,bacteria,Corynebacterium,40,60,0.666667,0.540566,0.772709,0.06426,0.0,0.219113,0.219113,0.120704,0.143718,0.181057,0.141562
Rahnella_aquatilis,bacteria,Rahnella,40,60,0.666667,0.540566,0.772709,0.164186,0.0,0.187238,0.187238,0.107468,0.092451,0.161201,0.063611
Alistipes_shahii,bacteria,Alistipes,40,60,0.666667,0.540566,0.772709,0.109986,0.0,0.196204,0.196204,0.113297,0.107513,0.169946,0.087251
Lactobacillus_iners,bacteria,Lactobacillus,40,60,0.666667,0.540566,0.772709,0.07136,0.0,0.197714,0.197714,0.112992,0.137759,0.169489,0.137436
Arcobacter_cryaerophilus,bacteria,Arcobacter,40,60,0.666667,0.540566,0.772709,0.11151,0.0,0.12788,0.12788,0.076247,0.061155,0.114371,0.034436
Fusarium_verticillioides,fungi,Fusarium,40,60,0.666667,0.540566,0.772709,0.081862,0.0,0.189905,0.189905,0.117799,0.117781,0.176698,0.101549
Facklamia_hominis,bacteria,Facklamia,40,60,0.666667,0.540566,0.772709,0.104386,0.0,0.204971,0.204971,0.122719,0.1219,0.184079,0.104381
Trichoderma_harzianum,fungi,Trichoderma,40,60,0.666667,0.540566,0.772709,0.099848,0.0,0.185449,0.185449,0.115199,0.114837,0.172799,0.098702
Burkholderia_pseudomallei,bacteria,Burkholderia,40,60,0.666667,0.540566,0.772709,0.088776,0.0,0.170192,0.170192,0.111251,0.114164,0.166877,0.100979
Aspergillus_ruber,fungi,Aspergillus,40,60,0.666667,0.540566,0.772709,0.061394,0.0,0.180947,0.180947,0.109767,0.133062,0.16465,0.132352
Anaerococcus_prevotii,bacteria,Anaerococcus,40,60,0.666667,0.540566,0.772709,0.081965,0.0,0.181665,0.181665,0.107115,0.122408,0.160672,0.117652
Corynebacterium_resistens,bacteria,Corynebacterium,40,60,0.666667,0.540566,0.772709,0.097178,0.0,0.209839,0.209839,0.123623,0.125634,0.185435,0.110101
Corynebacterium_stationis,bacteria,Corynebacterium,40,60,0.666667,0.540566,0.772709,0.10066,0.0,0.115594,0.115594,0.069167,0.055747,0.10375,0.03196
Lactococcus_lactis,bacteria,Lactococcus,40,60,0.666667,0.540566,0.772709,0.000581,0.0,0.001042,0.001042,0.000827,0.001252,0.00124,0.001359
Bacteroides_heparinolyticus,bacteria,Bacteroides,40,60,0.666667,0.540566,0.772709,0.122404,0.0,0.172656,0.172656,0.124537,0.155619,0.186805,0.157182
Staphylococcus_saprophyticus,bacteria,Staphylococcus,40,60,0.666667,0.540566,0.772709,0.05632,0.0,0.068456,0.068456,0.038586,0.033217,0.057879,0.022889
Azospirillum_brasilense,bacteria,Azospirillum,40,60,0.666667,0.540566,0.772709,0.099371,0.0,0.213879,0.213879,0.123408,0.12152,0.185112,0.103077
Actinomyces_oris,bacteria,Actinomyces,40,60,0.666667,0.540566,0.772709,0.055411,0.0,0.211521,0.211521,0.120097,0.144734,0.180145,0.143512
Collinsella_intestinalis,bacteria,Collinsella,40,60,0.666667,0.540566,0.772709,0.104129,0.0,0.158982,0.158982,0.105874,0.104339,0.158811,0.088583
Schizosaccharomyces_pombe,fungi,Schizosaccharomyces,40,60,0.666667,0.540566,0.772709,0.111314,0.0,0.171385,0.171385,0.105444,0.100808,0.158165,0.082591
Streptococcus_cristatus,bacteria,Streptococcus,40,60,0.666667,0.540566,0.772709,0.092126,0.0,0.195527,0.195527,0.11451,0.128692,0.171764,0.122345
Gemella_haemolysans,bacteria,Gemella,40,60,0.666667,0.540566,0.772709,0.038949,0.0,0.223158,0.223158,0.125581,0.153433,0.188372,0.153242
Exophiala_lecanii-corni,fungi,Exophiala,40,60,0.666667,0.540566,0.772709,0.042559,0.0,0.047417,0.047417,0.027419,0.024426,0.041128,0.018008
Parabacteroides_merdae,bacteria,Parabacteroides,40,60,0.666667,0.540566,0.772709,0.102832,0.0,0.196248,0.196248,0.123336,0.126369,0.185004,0.111611
GCA_005576555.1,bacteria,-,39,60,0.65,0.523624,0.758324,0.096929,0.0,0.188634,0.188634,0.115302,0.117419,0.177387,0.100516
Corynebacterium_pseudodiphtheriticum,bacteria,Corynebacterium,39,60,0.65,0.523624,0.758324,0.133192,0.0,0.161325,0.161325,0.090373,0.077844,0.139036,0.049643
Staphylococcus_argenteus,bacteria,Staphylococcus,39,60,0.65,0.523624,0.758324,0.128665,0.0,0.183077,0.183077,0.123629,0.113705,0.190199,0.084136
Pyricularia_oryzae,fungi,Pyricularia,39,60,0.65,0.523624,0.758324,0.111488,0.0,0.212967,0.212967,0.114975,0.105964,0.176885,0.078705
Bradyrhizobium_japonicum,bacteria,Bradyrhizobium,39,60,0.65,0.523624,0.758324,0.082228,0.0,0.166668,0.166668,0.114502,0.144595,0.176157,0.145996
Macrococcus_caseolyticus,bacteria,Macrococcus,39,60,0.65,0.523624,0.758324,0.111334,0.0,0.13789,0.13789,0.070164,0.069162,0.107945,0.056933
Leuconostoc_carnosum,bacteria,Leuconostoc,39,60,0.65,0.523624,0.758324,0.081377,0.0,0.17718,0.17718,0.115008,0.128226,0.176936,0.11951
Bifidobacterium_bifidum,bacteria,Bifidobacterium,39,60,0.65,0.523624,0.758324,0.081035,0.0,0.219717,0.219717,0.120219,0.127629,0.184953,0.114033
Leuconostoc_mesenteroides,bacteria,Leuconostoc,39,60,0.65,0.523624,0.758324,0.091932,0.0,0.185498,0.185498,0.106282,0.103369,0.163511,0.083585
Propionibacterium_humerusii,bacteria,Propionibacterium,39,60,0.65,0.523624,0.758324,0.100314,0.0,0.216132,0.216132,0.122472,0.121672,0.188419,0.101157
Bifidobacterium_breve,bacteria,Bifidobacterium,39,60,0.65,0.523624,0.758324,0.108786,0.0,0.208258,0.208258,0.126106,0.126068,0.19401,0.10562
Mycobacterium_rufum,bacteria,Mycobacterium,39,60,0.65,0.523624,0.758324,0.09024,0.0,0.100072,0.100072,0.058107,0.0499,0.089395,0.031552
Treponema_denticola,bacteria,Treponema,39,60,0.65,0.523624,0.758324,0.07638,0.0,0.088319,0.088319,0.052631,0.042395,0.08097,0.020869
Thermoanaerobacterium_thermosaccharolyticum,bacteria,Thermoanaerobacter,39,60,0.65,0.523624,0.758324,0.112643,0.0,0.189886,0.189886,0.120399,0.122964,0.185229,0.105601
Neisseria_mucosa,bacteria,Neisseria,39,60,0.65,0.523624,0.758324,0.124087,0.0,0.141896,0.141896,0.085567,0.068711,0.131641,0.033248
Neurospora_crassa,fungi,Neurospora,39,60,0.65,0.523624,0.758324,0.102595,0.0,0.183612,0.183612,0.124157,0.129764,0.191011,0.114186
Pantoea_ananatis,bacteria,Pantoea,39,60,0.65,0.523624,0.758324,0.104386,0.0,0.18072,0.18072,0.123261,0.133744,0.189632,0.121883
Novosphingobium_aromaticivorans,bacteria,Novosphingobium,39,60,0.65,0.523624,0.758324,0.082757,0.0,0.198622,0.198622,0.113484,0.122239,0.174591,0.110682
Torulaspora_delbrueckii,fungi,Torulaspora,39,60,0.65,0.523624,0.758324,0.103851,0.0,0.177099,0.177099,0.109629,0.1054,0.168659,0.083848
Bacteroides_graminisolvens,bacteria,Bacteroides,39,60,0.65,0.523624,0.758324,0.106078,0.0,0.122784,0.122784,0.069079,0.061481,0.106275,0.042564
Nakamurella_multipartita,bacteria,Nakamurella,39,60,0.65,0.523624,0.758324,0.10615,0.0,0.194465,0.194465,0.123006,0.133624,0.18924,0.121897
Streptococcus_gordonii,bacteria,Streptococcus,39,60,0.65,0.523624,0.758324,0.082062,0.0,0.199689,0.199689,0.115065,0.127236,0.177023,0.117808
Veillonellaceae_bacterium_DNF00751,bacteria,-,39,60,0.65,0.523624,0.758324,0.091106,0.0,0.160262,0.160262,0.114974,0.12288,0.176883,0.110477
Filifactor_alocis,bacteria,Filifactor,39,60,0.65,0.523624,0.758324,0.057992,0.0,0.069639,0.069639,0.039935,0.03336,0.061439,0.019286
Trichophyton_rubrum,fungi,Trichophyton,39,60,0.65,0.523624,0.758324,0.106324,0.0,0.195614,0.195614,0.124346,0.124236,0.191301,0.104012
Acinetobacter_parvus,bacteria,Acinetobacter,39,60,0.65,0.523624,0.758324,0.101926,0.0,0.183509,0.183509,0.107454,0.098802,0.165314,0.073073
Parasutterella_excrementihominis,bacteria,Parasutterella,39,60,0.65,0.523624,0.758324,0.110116,0.0,0.203068,0.203068,0.124074,0.12874,0.190884,0.112449
Ochrobactrum_oryzae,bacteria,Ochrobactrum,38,60,0.633333,0.506828,0.743793,0.102921,0.0,0.121421,0.121421,0.06487,0.061688,0.102427,0.046015
Citrobacter_koseri,bacteria,Citrobacter,38,60,0.633333,0.506828,0.743793,0.09354,0.0,0.112964,0.112964,0.061616,0.055,0.097289,0.035487
Leptolyngbya_boryana,bacteria,Leptolyngbya,38,60,0.633333,0.506828,0.743793,0.083425,0.0,0.166265,0.166265,0.115169,0.135446,0.181846,0.12962
Corynebacterium_falsenii,bacteria,Corynebacterium,38,60,0.633333,0.506828,0.743793,0.029552,0.0,0.033917,0.033917,0.019604,0.016915,0.030954,0.009769
Variovorax_paradoxus,bacteria,Variovorax,38,60,0.633333,0.506828,0.743793,0.074625,0.0,0.180469,0.180469,0.105632,0.113265,0.166788,0.099906
Actinomyces_graevenitzii,bacteria,Actinomyces,38,60,0.633333,0.506828,0.743793,0.048125,0.0,0.059548,0.059548,0.034266,0.027692,0.054104,0.010974
Micrococcus_terreus,bacteria,Micrococcus,38,60,0.633333,0.506828,0.743793,0.113373,0.0,0.213902,0.213902,0.120001,0.11343,0.189475,0.083649
Clostridium_spiroforme,bacteria,Erysipelatoclostridium,38,60,0.633333,0.506828,0.743793,0.04357,0.0,0.049742,0.049742,0.029555,0.023718,0.046666,0.008771
Byssochlamys_spectabilis,fungi,Byssochlamys,38,60,0.633333,0.506828,0.743793,0.109165,0.0,0.198793,0.198793,0.119418,0.120373,0.188555,0.098574
Rhodococcus_ruber,bacteria,Rhodococcus,38,60,0.633333,0.506828,0.743793,0.071502,0.0,0.08417,0.08417,0.047504,0.040932,0.075007,0.023517
Facklamia_ignava,bacteria,Facklamia,38,60,0.633333,0.506828,0.743793,0.111961,0.0,0.172962,0.172962,0.111522,0.11109,0.176088,0.089455
Ruminococcus_bromii,bacteria,Ruminococcus,38,60,0.633333,0.506828,0.743793,0.106594,0.0,0.17434,0.17434,0.108927,0.103526,0.17199,0.077141
Veillonella_parvula,bacteria,Veillonella,38,60,0.633333,0.506828,0.743793,0.000511,0.0,0.000981,0.000981,0.000738,0.000996,0.001166,0.001034
Aspergillus_cristatus,fungi,Aspergillus,38,60,0.633333,0.506828,0.743793,0.080375,0.0,0.095033,0.095033,0.055455,0.046384,0.087561,0.023314
Anaeroglobus_geminatus,bacteria,Anaeroglobus,38,60,0.633333,0.506828,0.743793,0.109523,0.0,0.201448,0.201448,0.119447,0.115512,0.188601,0.08878
Hungatella_hathewayi,bacteria,Hungatella,38,60,0.633333,0.506828,0.743793,0.111413,0.0,0.131746,0.131746,0.078011,0.062957,0.123175,0.024634
Alkanindiges_illinoisensis,bacteria,Alkanindiges,38,60,0.633333,0.506828,0.743793,0.108866,0.0,0.162927,0.162927,0.106177,0.1076,0.167648,0.088757
Corynespora_cassiicola,fungi,Corynespora,38,60,0.633333,0.506828,0.743793,0.068955,0.0,0.082809,0.082809,0.043485,0.042863,0.068661,0.033975
Eggerthella_lenta,bacteria,Eggerthella,38,60,0.633333,0.506828,0.743793,0.100359,0.0,0.177636,0.177636,0.114278,0.124836,0.180439,0.112203
Eggerthia_catenaformis,bacteria,Eggerthia,38,60,0.633333,0.506828,0.743793,0.129909,0.0,0.149071,0.149071,0.088511,0.071309,0.139754,0.027448
Kluyvera_intermedia,bacteria,Kluyvera,38,60,0.633333,0.506828,0.743793,0.073203,0.0,0.18372,0.18372,0.108404,0.116209,0.171165,0.102477
Lactobacillus_helveticus,bacteria,Lactobacillus,38,60,0.633333,0.506828,0.743793,0.090005,0.0,0.101656,0.101656,0.060679,0.05066,0.095808,0.025214
Pseudoxanthomonas_suwonensis,bacteria,Pseudoxanthomonas,38,60,0.633333,0.506828,0.743793,0.085658,0.0,0.196071,0.196071,0.107581,0.111183,0.169865,0.094053
Atopobium_rimae,bacteria,Atopobium,38,60,0.633333,0.506828,0.743793,0.119417,0.0,0.173293,0.173293,0.121201,0.132587,0.191369,0.119336
Johnsonella_ignava,bacteria,Johnsonella,38,60,0.633333,0.506828,0.743793,0.117672,0.0,0.138824,0.138824,0.082719,0.066725,0.130609,0.025993
Brachybacterium_faecium,bacteria,Brachybacterium,38,60,0.633333,0.506828,0.743793,0.103656,0.0,0.200732,0.200732,0.1191,0.124069,0.188053,0.105964
Aspergillus_flavus,fungi,Aspergillus,38,60,0.633333,0.506828,0.743793,0.082326,0.0,0.094753,0.094753,0.055987,0.046734,0.0884,0.023235
Propionibacterium_freudenreichii,bacteria,Propionibacterium,37,60,0.616667,0.490174,0.729119,0.073418,0.0,0.086162,0.086162,0.05141,0.041495,0.083367,0.009152
Mycobacterium_arupense,bacteria,Mycobacterium,37,60,0.616667,0.490174,0.729119,0.104812,0.0,0.121273,0.121273,0.072373,0.058402,0.117361,0.012777
Staphylococcus_lugdunensis,bacteria,Staphylococcus,37,60,0.616667,0.490174,0.729119,0.105197,0.0,0.127184,0.127184,0.069012,0.063829,0.111911,0.041747
Malassezia_obtusa,fungi,Malassezia,37,60,0.616667,0.490174,0.729119,0.108769,0.0,0.127072,0.127072,0.074227,0.062178,0.120368,0.025058
Coprinopsis_cinerea,fungi,Coprinopsis,37,60,0.616667,0.490174,0.729119,0.101084,0.0,0.19309,0.19309,0.124285,0.131893,0.201543,0.111831
Azohydromonas_lata,bacteria,Azohydromonas,37,60,0.616667,0.490174,0.729119,0.07932,0.0,0.093207,0.093207,0.055539,0.044723,0.090063,0.009073
Methylobacterium_nodulans,bacteria,Methylobacterium,37,60,0.616667,0.490174,0.729119,0.079043,0.0,0.180182,0.180182,0.111701,0.120575,0.181137,0.104402
Actinomyces_urogenitalis,bacteria,Actinomyces,37,60,0.616667,0.490174,0.729119,0.045867,0.0,0.055758,0.055758,0.033127,0.026783,0.05372,0.006219
Actinomyces_provencensis,bacteria,Actinomyces,37,60,0.616667,0.490174,0.729119,0.063067,0.0,0.074924,0.074924,0.043265,0.036062,0.07016,0.013856
Aeromonas_sobria,bacteria,Aeromonas,37,60,0.616667,0.490174,0.729119,0.066613,0.0,0.075881,0.075881,0.047004,0.038073,0.076223,0.009305
Pseudoglutamicibacter_albus,bacteria,Pseudoglutamicibacter,37,60,0.616667,0.490174,0.729119,0.066453,0.0,0.079099,0.079099,0.047151,0.038125,0.076462,0.008879
Marvinbryantia_formatexigens,bacteria,Marvinbryantia,37,60,0.616667,0.490174,0.729119,0.053661,0.0,0.061807,0.061807,0.037711,0.030596,0.061154,0.007796
Pseudomonas_brassicacearum,bacteria,Pseudomonas,37,60,0.616667,0.490174,0.729119,0.088449,0.0,0.099925,0.099925,0.060874,0.049117,0.098715,0.010705
Alistipes_putredinis,bacteria,Alistipes,37,60,0.616667,0.490174,0.729119,0.094874,0.0,0.220476,0.220476,0.121307,0.125939,0.196713,0.103674
Alistipes_obesi,bacteria,Alistipes,37,60,0.616667,0.490174,0.729119,0.136642,0.0,0.151218,0.151218,0.092578,0.074742,0.150126,0.016611
Mycobacterium_kyogaense,bacteria,Mycobacterium,37,60,0.616667,0.490174,0.729119,0.065782,0.0,0.083958,0.083958,0.04668,0.039122,0.075697,0.015837
Pichia_membranifaciens,fungi,Pichia,37,60,0.616667,0.490174,0.729119,0.095899,0.0,0.189322,0.189322,0.112367,0.116468,0.182217,0.095655
Acidomonas_methanolica,bacteria,Acidomonas,37,60,0.616667,0.490174,0.729119,0.070384,0.0,0.083886,0.083886,0.048626,0.040624,0.078853,0.015968
Zygosaccharomyces_bailii,fungi,Zygosaccharomyces,37,60,0.616667,0.490174,0.729119,0.100744,0.0,0.120382,0.120382,0.071572,0.057952,0.116062,0.014035
Weissella_confusa,bacteria,Weissella,37,60,0.616667,0.490174,0.729119,0.055498,0.0,0.184025,0.184025,0.113435,0.139048,0.183948,0.135483
Parabacteroides_goldsteinii,bacteria,Parabacteroides,37,60,0.616667,0.490174,0.729119,0.10702,0.0,0.133497,0.133497,0.072949,0.064902,0.118296,0.037283
Acetobacterium_dehalogenans,bacteria,Acetobacterium,37,60,0.616667,0.490174,0.729119,0.037655,0.0,0.045132,0.045132,0.027004,0.021855,0.04379,0.005225
Wolbachia_endosymbiont_of_Culex_quinquefasciatus,bacteria,Wolbachia,37,60,0.616667,0.490174,0.729119,0.084006,0.0,0.206531,0.206531,0.123489,0.145284,0.200253,0.137089
Nocardia_cerradoensis,bacteria,Nocardia,37,60,0.616667,0.490174,0.729119,0.025437,0.0,0.028706,0.028706,0.017244,0.013853,0.027964,0.002536
Penicillium_janthinellum,fungi,Penicillium,37,60,0.616667,0.490174,0.729119,0.081095,0.0,0.18947,0.18947,0.121919,0.147945,0.197706,0.14308
Citromicrobium_bathyomarinum,bacteria,Citromicrobium,37,60,0.616667,0.490174,0.729119,0.069948,0.0,0.080087,0.080087,0.048013,0.03862,0.077859,0.007491
Christensenella_minuta,bacteria,Christensenella,37,60,0.616667,0.490174,0.729119,0.090155,0.0,0.10725,0.10725,0.063938,0.051676,0.103683,0.011882
Chrysosporium_queenslandicum,fungi,Chrysosporium,37,60,0.616667,0.490174,0.729119,0.137846,0.0,0.155395,0.155395,0.094274,0.075961,0.152876,0.015767
Neisseria_lactamica,bacteria,Neisseria,37,60,0.616667,0.490174,0.729119,0.136837,0.0,0.151578,0.151578,0.091455,0.073642,0.148306,0.014915
Acinetobacter_marinus,bacteria,Acinetobacter,37,60,0.616667,0.490174,0.729119,0.089371,0.0,0.230928,0.230928,0.121166,0.123046,0.196485,0.097996
Phaeoacremonium_minimum,fungi,Phaeoacremonium,37,60,0.616667,0.490174,0.729119,0.101338,0.0,0.114288,0.114288,0.069115,0.055594,0.112079,0.010786
Vibrio_splendidus,bacteria,Vibrio,37,60,0.616667,0.490174,0.729119,0.083748,0.0,0.09601,0.09601,0.0581,0.047019,0.094217,0.011224
Volvariella_volvacea,fungi,Volvariella,37,60,0.616667,0.490174,0.729119,0.084215,0.0,0.097879,0.097879,0.05912,0.04779,0.09587,0.011041
Propionibacterium_acidifaciens,bacteria,Propionibacterium,37,60,0.616667,0.490174,0.729119,0.022287,0.0,0.026594,0.026594,0.01571,0.012681,0.025476,0.002798
Prevotellamassilia_timonensis,bacteria,Prevotellamassilia,37,60,0.616667,0.490174,0.729119,0.122691,0.0,0.138181,0.138181,0.083942,0.067717,0.136122,0.014667
Citrobacter_youngae,bacteria,Citrobacter,37,60,0.616667,0.490174,0.729119,0.077194,0.0,0.197103,0.197103,0.109481,0.111837,0.177537,0.089891
Mycobacterium_phlei,bacteria,Mycobacterium,37,60,0.616667,0.490174,0.729119,0.080079,0.0,0.09472,0.09472,0.05627,0.045453,0.091248,0.01027
Bacteroides_nordii,bacteria,Bacteroides,37,60,0.616667,0.490174,0.729119,0.128979,0.0,0.147781,0.147781,0.090214,0.072678,0.146293,0.014991
Stemphylium_vesicarium,fungi,Stemphylium,37,60,0.616667,0.490174,0.729119,0.05325,0.0,0.061746,0.061746,0.036695,0.029628,0.059506,0.006599
Bifidobacterium_longum,bacteria,Bifidobacterium,37,60,0.616667,0.490174,0.729119,0.101412,0.0,0.208367,0.208367,0.115083,0.118446,0.186621,0.096288
Staphylococcus_xylosus,bacteria,Staphylococcus,37,60,0.616667,0.490174,0.729119,0.039697,0.0,0.045472,0.045472,0.025119,0.023096,0.040733,0.014852
Clostridium_saccharobutylicum,bacteria,Clostridium,37,60,0.616667,0.490174,0.729119,0.095301,0.0,0.111481,0.111481,0.066816,0.053828,0.108351,0.011104
Mycobacterium_duvalii,bacteria,Mycobacterium,37,60,0.616667,0.490174,0.729119,0.120718,0.0,0.146486,0.146486,0.086701,0.070301,0.140596,0.017656
Microbacterium_pygmaeum,bacteria,Microbacterium,37,60,0.616667,0.490174,0.729119,0.139933,0.0,0.168447,0.168447,0.09887,0.079912,0.160329,0.018394
Muribaculum_intestinale,bacteria,Muribaculum,37,60,0.616667,0.490174,0.729119,0.093863,0.0,0.217314,0.217314,0.123281,0.12949,0.199916,0.108325
Microbacterium_trichothecenolyticum,bacteria,Microbacterium,37,60,0.616667,0.490174,0.729119,0.04318,0.0,0.050634,0.050634,0.029759,0.023981,0.048257,0.005003
Mobilicoccus_pelagius,bacteria,Mobilicoccus,37,60,0.616667,0.490174,0.729119,0.081913,0.0,0.088273,0.088273,0.056125,0.045433,0.091014,0.010927
Lelliottia_amnigena,bacteria,Lelliottia,37,60,0.616667,0.490174,0.729119,0.084135,0.0,0.099924,0.099924,0.057904,0.046721,0.093898,0.010189
Leuconostoc_gelidum,bacteria,Leuconostoc,37,60,0.616667,0.490174,0.729119,0.103986,0.0,0.184399,0.184399,0.11284,0.125086,0.182984,0.111584
Aerococcus_suis,bacteria,Aerococcus,37,60,0.616667,0.490174,0.729119,0.02808,0.0,0.033035,0.033035,0.019644,0.015839,0.031855,0.003369
Sphingobium_chlorophenolicum,bacteria,Sphingobium,37,60,0.616667,0.490174,0.729119,0.152286,0.0,0.179815,0.179815,0.108308,0.087583,0.175634,0.020452
Hydrogenibacillus_schlegelii,bacteria,Hydrogenibacillus,37,60,0.616667,0.490174,0.729119,0.085638,0.0,0.099734,0.099734,0.058909,0.047453,0.095529,0.00975
Arthrobacter_chlorophenolicus,bacteria,Arthrobacter,37,60,0.616667,0.490174,0.729119,0.042244,0.0,0.049571,0.049571,0.029148,0.023532,0.047267,0.005231
Aspergillus_sclerotialis,fungi,Aspergillus,37,60,0.616667,0.490174,0.729119,0.110048,0.0,0.125075,0.125075,0.076275,0.061543,0.123689,0.013411
Aliterella_atlantica,bacteria,Aliterella,37,60,0.616667,0.490174,0.729119,0.072956,0.0,0.202013,0.202013,0.112568,0.119576,0.182543,0.101515
Helcococcus_sueciensis,bacteria,Helcococcus,37,60,0.616667,0.490174,0.729119,0.129341,0.0,0.146563,0.146563,0.088504,0.071339,0.14352,0.015015
Rhodococcus_pyridinivorans,bacteria,Rhodococcus,37,60,0.616667,0.490174,0.729119,0.044311,0.0,0.053271,0.053271,0.030919,0.024951,0.050139,0.005467
Sphingopyxis_alaskensis,bacteria,Sphingopyxis,37,60,0.616667,0.490174,0.729119,0.118031,0.0,0.144511,0.144511,0.084016,0.067922,0.136242,0.015745
Centipeda_periodontii,bacteria,Centipeda,37,60,0.616667,0.490174,0.729119,0.026234,0.0,0.030317,0.030317,0.018012,0.015018,0.029208,0.005787
Lactobacillus_ruminis,bacteria,Lactobacillus,37,60,0.616667,0.490174,0.729119,0.039672,0.0,0.047429,0.047429,0.02824,0.022778,0.045795,0.004905
Komagataeibacter_hansenii,bacteria,Komagataeibacter,37,60,0.616667,0.490174,0.729119,0.095028,0.0,0.107615,0.107615,0.065102,0.052333,0.10557,0.009874
Pyramidobacter_piscolens,bacteria,Pyramidobacter,37,60,0.616667,0.490174,0.729119,0.021539,0.0,0.025067,0.025067,0.01481,0.011911,0.024016,0.0023
Pyrobaculum_aerophilum,bacteria,Pyrobaculum,37,60,0.616667,0.490174,0.729119,0.10377,0.0,0.123125,0.123125,0.072826,0.058898,0.118096,0.013805
Brevibacillus_agri,bacteria,Brevibacillus,37,60,0.616667,0.490174,0.729119,0.168715,0.0,0.194754,0.194754,0.116032,0.09327,0.188159,0.017573
Lactobacillus_plantarum,bacteria,Lactobacillus,37,60,0.616667,0.490174,0.729119,0.071,0.0,0.191972,0.191972,0.114677,0.136018,0.185963,0.129213
Beauveria_pseudobassiana,fungi,Beauveria,37,60,0.616667,0.490174,0.729119,0.075631,0.0,0.198141,0.198141,0.114338,0.119669,0.185412,0.099629
Brachybacterium_muris,bacteria,Brachybacterium,37,60,0.616667,0.490174,0.729119,0.107727,0.0,0.175614,0.175614,0.107788,0.109161,0.174791,0.086558
Bosea_lupini,bacteria,Bosea,37,60,0.616667,0.490174,0.729119,0.076411,0.0,0.088707,0.088707,0.05389,0.043544,0.08739,0.009935
Brucella_ovis,bacteria,Brucella,37,60,0.616667,0.490174,0.729119,0.023419,0.0,0.027462,0.027462,0.014829,0.014126,0.024047,0.00996
Alloscardovia_omnicolens,bacteria,Alloscardovia,37,60,0.616667,0.490174,0.729119,0.033996,0.0,0.039258,0.039258,0.023516,0.018939,0.038134,0.003862
Asticcacaulis_excentricus,bacteria,Asticcacaulis,37,60,0.616667,0.490174,0.729119,0.077224,0.0,0.09705,0.09705,0.055964,0.045319,0.090752,0.011007
Cruoricaptor_ignavus,bacteria,Cruoricaptor,37,60,0.616667,0.490174,0.729119,0.054132,0.0,0.064281,0.064281,0.038399,0.030975,0.062269,0.006693
Anaerococcus_mediterraneensis,bacteria,Anaerococcus,37,60,0.616667,0.490174,0.729119,0.092455,0.0,0.180738,0.180738,0.112349,0.123263,0.182187,0.108738
Catabacter_hongkongensis,bacteria,Catabacter,37,60,0.616667,0.490174,0.729119,0.136843,0.0,0.156446,0.156446,0.093338,0.075127,0.151358,0.014969
Aureobasidium_namibiae,fungi,Aureobasidium,37,60,0.616667,0.490174,0.729119,0.079323,0.0,0.092468,0.092468,0.05484,0.044139,0.08893,0.008781
Diaphorobacter_polyhydroxybutyrativorans,bacteria,Diaphorobacter,37,60,0.616667,0.490174,0.729119,0.126353,0.0,0.142962,0.142962,0.087531,0.070696,0.141942,0.015917
Dechloromonas_agitata,bacteria,Dechloromonas,37,60,0.616667,0.490174,0.729119,0.134253,0.0,0.154471,0.154471,0.092586,0.074708,0.150139,0.016316
Granulicatella_adiacens,bacteria,Granulicatella,37,60,0.616667,0.490174,0.729119,0.067111,0.0,0.203585,0.203585,0.110634,0.121819,0.179407,0.107889
Haemophilus_haemolyticus,bacteria,Haemophilus,37,60,0.616667,0.490174,0.729119,0.096997,0.0,0.116188,0.116188,0.060836,0.059816,0.098653,0.04505
Selenomonas_artemidis,bacteria,Selenomonas,37,60,0.616667,0.490174,0.729119,0.106722,0.0,0.17822,0.17822,0.107692,0.111932,0.174636,0.092291
Fusarium_incarnatum,fungi,Fusarium,37,60,0.616667,0.490174,0.729119,0.094154,0.0,0.10744,0.10744,0.064007,0.051475,0.103795,0.009901
Fusarium_graminearum,fungi,Fusarium,37,60,0.616667,0.490174,0.729119,0.089291,0.0,0.103275,0.103275,0.062373,0.050609,0.101145,0.012928
Franconibacter_helveticus,bacteria,Franconibacter,37,60,0.616667,0.490174,0.729119,0.088551,0.0,0.101356,0.101356,0.060916,0.049105,0.098782,0.010365
Dermabacter_hominis,bacteria,Dermabacter,37,60,0.616667,0.490174,0.729119,0.098897,0.0,0.189563,0.189563,0.110922,0.117359,0.179873,0.099124
Dorea_longicatena,bacteria,Dorea,37,60,0.616667,0.490174,0.729119,0.087932,0.0,0.205695,0.205695,0.120594,0.126832,0.195558,0.106286
Alysiella_crassa,bacteria,Alysiella,37,60,0.616667,0.490174,0.729119,0.104355,0.0,0.121544,0.121544,0.071726,0.057688,0.116313,0.011139
Ruminococcus_lactaris,bacteria,Ruminococcus,37,60,0.616667,0.490174,0.729119,0.081539,0.0,0.09732,0.09732,0.057927,0.046842,0.093936,0.010933
Arenimonas_malthae,bacteria,Arenimonas,37,60,0.616667,0.490174,0.729119,0.103328,0.0,0.119822,0.119822,0.071992,0.058052,0.116745,0.012385
Deinococcus_apachensis,bacteria,Deinococcus,37,60,0.616667,0.490174,0.729119,0.119921,0.0,0.143309,0.143309,0.084769,0.06854,0.137463,0.015949
Geobacillus_thermodenitrificans,bacteria,Geobacillus,37,60,0.616667,0.490174,0.729119,0.100285,0.0,0.115614,0.115614,0.067203,0.055901,0.108978,0.021032
Gemmobacter_aquatilis,bacteria,Gemmobacter,37,60,0.616667,0.490174,0.729119,0.124946,0.0,0.149551,0.149551,0.088755,0.071689,0.143927,0.01617
Geobacillus_thermoleovorans,bacteria,Geobacillus,37,60,0.616667,0.490174,0.729119,0.070486,0.0,0.080626,0.080626,0.049144,0.039685,0.079692,0.008886
Geobacter_lovleyi,bacteria,Geobacter,37,60,0.616667,0.490174,0.729119,0.022093,0.0,0.025719,0.025719,0.015352,0.012356,0.024895,0.002456
Geodermatophilus_obscurus,bacteria,Geodermatophilus,37,60,0.616667,0.490174,0.729119,0.106465,0.0,0.190308,0.190308,0.108132,0.105404,0.17535,0.078066
Aquabacterium_parvum,bacteria,Aquabacterium,37,60,0.616667,0.490174,0.729119,0.123185,0.0,0.14336,0.14336,0.084957,0.06856,0.137767,0.015025
Gordonia_alkanivorans,bacteria,Gordonia,37,60,0.616667,0.490174,0.729119,0.069355,0.0,0.079222,0.079222,0.04801,0.038714,0.077854,0.008265
Eubacterium_aggregans,bacteria,Eubacterium,37,60,0.616667,0.490174,0.729119,0.060158,0.0,0.070603,0.070603,0.042192,0.033964,0.06842,0.006798
Eubacterium_limosum,bacteria,Eubacterium,37,60,0.616667,0.490174,0.729119,0.100411,0.0,0.11841,0.11841,0.070919,0.057286,0.115004,0.012942
Anoxybacillus_flavithermus,bacteria,Anoxybacillus,37,60,0.616667,0.490174,0.729119,0.110832,0.0,0.132343,0.132343,0.078246,0.063252,0.126885,0.014626
Faecalibaculum_rodentium,bacteria,Faecalibaculum,37,60,0.616667,0.490174,0.729119,0.041727,0.0,0.046862,0.046862,0.028767,0.023218,0.04665,0.005105
Fervidobacterium_nodosum,bacteria,Fervidobacterium,37,60,0.616667,0.490174,0.729119,0.096889,0.0,0.117963,0.117963,0.068612,0.055525,0.111263,0.01325
Erwinia_iniecta,bacteria,Erwinia,37,60,0.616667,0.490174,0.729119,0.113356,0.0,0.128503,0.128503,0.077375,0.062375,0.125473,0.013176
Shewanella_oneidensis,bacteria,Shewanella,37,60,0.616667,0.490174,0.729119,0.130895,0.0,0.16357,0.16357,0.094733,0.076684,0.153621,0.018425
Paraprevotella_clara,bacteria,Paraprevotella,37,60,0.616667,0.490174,0.729119,0.126355,0.0,0.146988,0.146988,0.087172,0.070236,0.141361,0.014559
Acidovorax_citrulli,bacteria,Acidovorax,37,60,0.616667,0.490174,0.729119,0.150583,0.0,0.177539,0.177539,0.101736,0.087892,0.164977,0.044015
Vibrio_parahaemolyticus,bacteria,Vibrio,37,60,0.616667,0.490174,0.729119,0.095209,0.0,0.10747,0.10747,0.063807,0.051256,0.10347,0.009365
Capnocytophaga_granulosa,bacteria,Capnocytophaga,37,60,0.616667,0.490174,0.729119,0.071257,0.0,0.173519,0.173519,0.112397,0.130712,0.182266,0.122119
Exiguobacterium_sibiricum,bacteria,Exiguobacterium,37,60,0.616667,0.490174,0.729119,0.082633,0.0,0.091608,0.091608,0.056927,0.04612,0.092314,0.011339
Paraprevotella_xylaniphila,bacteria,Paraprevotella,37,60,0.616667,0.490174,0.729119,0.087204,0.0,0.098886,0.098886,0.059946,0.048373,0.09721,0.010574
Paenibacillus_polymyxa,bacteria,Paenibacillus,37,60,0.616667,0.490174,0.729119,0.035113,0.0,0.041512,0.041512,0.024634,0.019871,0.039946,0.004298
Acinetobacter_bouvetii,bacteria,Acinetobacter,37,60,0.616667,0.490174,0.729119,0.112109,0.0,0.137031,0.137031,0.079459,0.064264,0.128853,0.015068
Prototheca_bovis,fungi,Prototheca,36,60,0.6,0.473658,0.714307,0.066649,0.0,0.080373,0.080373,0.045251,0.037748,0.075418,0.007862
Pseudoalteromonas_haloplanktis,bacteria,Pseudoalteromonas,36,60,0.6,0.473658,0.714307,0.125592,0.0,0.140576,0.140576,0.084167,0.070286,0.140278,0.015214
Methylobacterium_extorquens,bacteria,Methylobacterium,36,60,0.6,0.473658,0.714307,0.083066,0.0,0.17132,0.17132,0.109882,0.119388,0.183137,0.101135
Oribacterium_sinus,bacteria,Oribacterium,36,60,0.6,0.473658,0.714307,0.06421,0.0,0.073059,0.073059,0.043354,0.037501,0.072256,0.014921
Aeromonas_media,bacteria,Aeromonas,36,60,0.6,0.473658,0.714307,0.147633,0.0,0.174269,0.174269,0.101103,0.084244,0.168505,0.016777
Actinomyces_viscosus,bacteria,Actinomyces,36,60,0.6,0.473658,0.714307,0.01948,0.0,0.022252,0.022252,0.013105,0.010931,0.021842,0.002272
Exiguobacterium_antarcticum,bacteria,Exiguobacterium,36,60,0.6,0.473658,0.714307,0.037878,0.0,0.042155,0.042155,0.025274,0.021034,0.042123,0.003971
Pediococcus_parvulus,bacteria,Pediococcus,36,60,0.6,0.473658,0.714307,0.135696,0.0,0.156302,0.156302,0.091758,0.076375,0.15293,0.014514
Bacillus_nealsonii,bacteria,Bacillus,36,60,0.6,0.473658,0.714307,0.086287,0.0,0.101197,0.101197,0.059584,0.049788,0.099307,0.011005
Varibaculum_cambriense,bacteria,Varibaculum,36,60,0.6,0.473658,0.714307,0.07243,0.0,0.16453,0.16453,0.106544,0.122636,0.177573,0.111262
Bacillus_thuringiensis,bacteria,Bacillus,36,60,0.6,0.473658,0.714307,0.035571,0.0,0.040931,0.040931,0.024179,0.02017,0.040298,0.004209
Bacteroides_caccae,bacteria,Bacteroides,36,60,0.6,0.473658,0.714307,0.084914,0.0,0.183626,0.183626,0.112014,0.136664,0.186689,0.130937
Streptococcus_canis,bacteria,Streptococcus,36,60,0.6,0.473658,0.714307,0.124275,0.0,0.143514,0.143514,0.085022,0.070834,0.141703,0.01402
Streptococcus_massiliensis,bacteria,Streptococcus,36,60,0.6,0.473658,0.714307,0.138787,0.0,0.167478,0.167478,0.097313,0.081365,0.162189,0.018364
Fusarium_pseudograminearum,fungi,Fusarium,36,60,0.6,0.473658,0.714307,0.092753,0.0,0.178263,0.178263,0.109847,0.11652,0.183078,0.095376
Fusarium_tricinctum,fungi,Fusarium,36,60,0.6,0.473658,0.714307,0.081199,0.0,0.092352,0.092352,0.053958,0.044785,0.08993,0.007328
Fusarium_irregulare,fungi,Fusarium,36,60,0.6,0.473658,0.714307,0.11609,0.0,0.144798,0.144798,0.081058,0.067823,0.135097,0.015655
Fusarium_nygamai,fungi,Fusarium,36,60,0.6,0.473658,0.714307,0.070951,0.0,0.085834,0.085834,0.048685,0.04062,0.081141,0.008524
Shewanella_baltica,bacteria,Shewanella,36,60,0.6,0.473658,0.714307,0.069041,0.0,0.086382,0.086382,0.046913,0.041897,0.078189,0.021065
Faecalibacterium_prausnitzii,bacteria,Faecalibacterium,36,60,0.6,0.473658,0.714307,0.059592,0.0,0.202421,0.202421,0.121009,0.160629,0.201682,0.163582
Cardiobacterium_valvarum,bacteria,Cardiobacterium,36,60,0.6,0.473658,0.714307,0.031975,0.0,0.03702,0.03702,0.021435,0.017874,0.035726,0.003663
Streptococcus_oralis,bacteria,Streptococcus,36,60,0.6,0.473658,0.714307,0.000383,0.0,0.000888,0.000888,0.000649,0.001186,0.001082,0.001374
Arcticibacter_svalbardensis,bacteria,Arcticibacter,36,60,0.6,0.473658,0.714307,0.172232,0.0,0.191399,0.191399,0.113329,0.094105,0.188882,0.015813
Antarctobacter_heliothermus,bacteria,Antarctobacter,36,60,0.6,0.473658,0.714307,0.016123,0.0,0.019232,0.019232,0.01119,0.009347,0.018649,0.002043
Caecibacter_massiliensis,bacteria,Caecibacter,36,60,0.6,0.473658,0.714307,0.069077,0.0,0.08224,0.08224,0.04813,0.040263,0.080216,0.009241
Dialister_succinatiphilus,bacteria,Dialister,36,60,0.6,0.473658,0.714307,0.122653,0.0,0.14507,0.14507,0.084747,0.071022,0.141245,0.017177
Marinobacter_hydrocarbonoclasticus,bacteria,Marinobacter,36,60,0.6,0.473658,0.714307,0.103117,0.0,0.120934,0.120934,0.070542,0.058894,0.11757,0.012644
Acinetobacter_kookii,bacteria,Acinetobacter,36,60,0.6,0.473658,0.714307,0.159027,0.0,0.183015,0.183015,0.108519,0.090614,0.180865,0.019554
Thermococcus_kodakarensis,bacteria,Thermococcus,36,60,0.6,0.473658,0.714307,0.087233,0.0,0.182688,0.182688,0.106398,0.112952,0.17733,0.092568
Campylobacter_jejuni,bacteria,Campylobacter,36,60,0.6,0.473658,0.714307,0.102811,0.0,0.170721,0.170721,0.106818,0.113768,0.17803,0.093693
Turicibacter_sanguinis,bacteria,Turicibacter,36,60,0.6,0.473658,0.714307,0.086975,0.0,0.10055,0.10055,0.057772,0.048186,0.096286,0.009981
Trichosporon_inkin,fungi,Trichosporon,36,60,0.6,0.473658,0.714307,0.101281,0.0,0.118148,0.118148,0.067624,0.058296,0.112707,0.022416
Geotrichum_candidum,fungi,Geotrichum,36,60,0.6,0.473658,0.714307,0.116663,0.0,0.134363,0.134363,0.079962,0.066923,0.133269,0.015576
Valsa_mali,fungi,Valsa,36,60,0.6,0.473658,0.714307,0.14216,0.0,0.16835,0.16835,0.095819,0.07994,0.159698,0.01672
Kazachstania_telluris,fungi,Kazachstania,36,60,0.6,0.473658,0.714307,0.033099,0.0,0.038783,0.038783,0.022415,0.018713,0.037358,0.00401
Kluyvera_ascorbata,bacteria,Kluyvera,36,60,0.6,0.473658,0.714307,0.063965,0.0,0.077581,0.077581,0.043985,0.038077,0.073308,0.015266
Kluyvera_cryocrescens,bacteria,Kluyvera,36,60,0.6,0.473658,0.714307,0.08468,0.0,0.203434,0.203434,0.117984,0.127749,0.19664,0.107711
Bacillus_korlensis,bacteria,Bacillus,36,60,0.6,0.473658,0.714307,0.10863,0.0,0.130383,0.130383,0.074457,0.062379,0.124095,0.014952
Mycobacterium_aubagnense,bacteria,Mycobacterium,36,60,0.6,0.473658,0.714307,0.023556,0.0,0.027446,0.027446,0.016384,0.013713,0.027307,0.003198
Papiliotrema_flavescens,fungi,Papiliotrema,36,60,0.6,0.473658,0.714307,0.109778,0.0,0.126407,0.126407,0.07515,0.062732,0.12525,0.013398
Pandoraea_sputorum,bacteria,Pandoraea,36,60,0.6,0.473658,0.714307,0.162132,0.0,0.19482,0.19482,0.112599,0.094074,0.187664,0.020711
Pandoraea_pnomenusa,bacteria,Pandoraea,36,60,0.6,0.473658,0.714307,0.051792,0.0,0.201888,0.201888,0.121072,0.152727,0.201787,0.150225
Trichoderma_hamatum,fungi,Trichoderma,36,60,0.6,0.473658,0.714307,0.084171,0.0,0.191064,0.191064,0.118159,0.13721,0.196931,0.125619
Wickerhamomyces_anomalus,fungi,Wickerhamomyces,36,60,0.6,0.473658,0.714307,0.042801,0.0,0.048194,0.048194,0.029202,0.024479,0.048669,0.005963
Acidovorax_ebreus,bacteria,Acidovorax,36,60,0.6,0.473658,0.714307,0.095224,0.0,0.113407,0.113407,0.065358,0.0546,0.108931,0.011977
Paracoccus_versutus,bacteria,Paracoccus,36,60,0.6,0.473658,0.714307,0.092501,0.0,0.103936,0.103936,0.061584,0.051205,0.10264,0.009249
Acinetobacter_seifertii,bacteria,Acinetobacter,36,60,0.6,0.473658,0.714307,0.098968,0.0,0.211205,0.211205,0.110505,0.111765,0.184176,0.084266
Acinetobacter_proteolyticus,bacteria,Acinetobacter,36,60,0.6,0.473658,0.714307,0.059848,0.0,0.07004,0.07004,0.040623,0.033916,0.067705,0.007289
Parageobacillus_toebii,bacteria,Parageobacillus,36,60,0.6,0.473658,0.714307,0.085412,0.0,0.102982,0.102982,0.058905,0.049329,0.098176,0.011679
Parastagonospora_nodorum,fungi,Parastagonospora,36,60,0.6,0.473658,0.714307,0.084993,0.0,0.173304,0.173304,0.109204,0.120871,0.182007,0.104875
Colletotrichum_spinosum,fungi,Colletotrichum,36,60,0.6,0.473658,0.714307,0.077685,0.0,0.088398,0.088398,0.051504,0.042994,0.085839,0.009192
Corallococcus_coralloides,bacteria,Corallococcus,36,60,0.6,0.473658,0.714307,0.058821,0.0,0.069542,0.069542,0.040172,0.033554,0.066954,0.007319
Clostridioides_difficile,bacteria,Clostridioides,36,60,0.6,0.473658,0.714307,0.019144,0.0,0.022696,0.022696,0.013082,0.010952,0.021803,0.002574
Rhizopus_stolonifer,fungi,Rhizopus,36,60,0.6,0.473658,0.714307,0.101303,0.0,0.209454,0.209454,0.12346,0.128101,0.205767,0.101205
Penicillium_oxalicum,fungi,Penicillium,36,60,0.6,0.473658,0.714307,0.156005,0.0,0.183634,0.183634,0.106171,0.088599,0.176951,0.018709
Bifidobacterium_dentium,bacteria,Bifidobacterium,36,60,0.6,0.473658,0.714307,0.085156,0.0,0.197938,0.197938,0.126442,0.149119,0.210737,0.13861
Brevundimonas_subvibrioides,bacteria,Brevundimonas,36,60,0.6,0.473658,0.714307,0.083381,0.0,0.104365,0.104365,0.05914,0.049495,0.098566,0.011507
Buchnera_aphidicola,bacteria,Buchnera,36,60,0.6,0.473658,0.714307,0.0281,0.0,0.033657,0.033657,0.019457,0.016246,0.032428,0.003507
Avibacterium_paragallinarum,bacteria,Avibacterium,36,60,0.6,0.473658,0.714307,0.170922,0.0,0.196767,0.196767,0.115935,0.096868,0.193224,0.021374
Aspergillus_pseudocaelatus,fungi,Aspergillus,36,60,0.6,0.473658,0.714307,0.042332,0.0,0.047648,0.047648,0.028595,0.023859,0.047658,0.005011
Haloplanus_vescus,bacteria,Haloplanus,36,60,0.6,0.473658,0.714307,0.029434,0.0,0.035583,0.035583,0.020796,0.017423,0.03466,0.004181
Gracilibacillus_boraciitolerans,bacteria,GraciliBacillus,36,60,0.6,0.473658,0.714307,0.040929,0.0,0.047192,0.047192,0.02797,0.023403,0.046617,0.005403
Microvirga_flocculans,bacteria,Microvirga,36,60,0.6,0.473658,0.714307,0.079414,0.0,0.090662,0.090662,0.053348,0.04441,0.088914,0.008484
Halopenitus_malekzadehii,bacteria,Halopenitus,36,60,0.6,0.473658,0.714307,0.095937,0.0,0.109077,0.109077,0.066404,0.055667,0.110674,0.013576
Anaerotignum_lactatifermentans,bacteria,Anaerotignum,36,60,0.6,0.473658,0.714307,0.039587,0.0,0.044878,0.044878,0.026441,0.02205,0.044069,0.004535
Rasamsonia_emersonii,fungi,Rasamsonia,36,60,0.6,0.473658,0.714307,0.119487,0.0,0.221578,0.221578,0.123231,0.125862,0.205384,0.096688
Mucor_ambiguus,fungi,Mucor,36,60,0.6,0.473658,0.714307,0.070404,0.0,0.082142,0.082142,0.047811,0.039838,0.079685,0.007929
Mucilaginibacter_gossypiicola,bacteria,Mucilaginibacter,36,60,0.6,0.473658,0.714307,0.131967,0.0,0.156886,0.156886,0.091419,0.076436,0.152364,0.017249
Mortierella_alpina,fungi,Mortierella,36,60,0.6,0.473658,0.714307,0.044348,0.0,0.051927,0.051927,0.030691,0.025762,0.051152,0.006499
Bacteroides_faecis,bacteria,Bacteroides,36,60,0.6,0.473658,0.714307,0.06885,0.0,0.080048,0.080048,0.046387,0.03874,0.077312,0.008412
Planomicrobium_glaciei,bacteria,Planomicrobium,36,60,0.6,0.473658,0.714307,0.086065,0.0,0.102556,0.102556,0.060075,0.050172,0.100125,0.0109
Holdemanella_biformis,bacteria,Holdemanella,36,60,0.6,0.473658,0.714307,0.099836,0.0,0.218953,0.218953,0.122197,0.132728,0.203662,0.112389
Helcococcus_kunzii,bacteria,Helcococcus,36,60,0.6,0.473658,0.714307,0.09497,0.0,0.110685,0.110685,0.066087,0.055205,0.110145,0.012084
Methylobacterium_populi,bacteria,Methylobacterium,36,60,0.6,0.473658,0.714307,0.090603,0.0,0.106912,0.106912,0.061502,0.051415,0.102503,0.011551
Myroides_odoratus,bacteria,Myroides,36,60,0.6,0.473658,0.714307,0.073246,0.0,0.087986,0.087986,0.048771,0.04347,0.081286,0.021609
Penicillium_sclerotiorum,fungi,Penicillium,36,60,0.6,0.473658,0.714307,0.075109,0.0,0.087543,0.087543,0.051681,0.043207,0.086136,0.009719
Phascolarctobacterium_succinatutens,bacteria,Phascolarctobacterium,36,60,0.6,0.473658,0.714307,0.129925,0.0,0.149448,0.149448,0.088177,0.073585,0.146962,0.015551
Talaromyces_funiculosus,fungi,Talaromyces,36,60,0.6,0.473658,0.714307,0.126326,0.0,0.16983,0.16983,0.117913,0.130133,0.196522,0.112505
Collinsella_aerofaciens,bacteria,Collinsella,36,60,0.6,0.473658,0.714307,0.095394,0.0,0.108368,0.108368,0.06253,0.053862,0.104217,0.020542
Micavibrio_aeruginosavorus,bacteria,Micavibrio,36,60,0.6,0.473658,0.714307,0.019226,0.0,0.022028,0.022028,0.012913,0.010786,0.021522,0.002356
Meiothermus_ruber,bacteria,Meiothermus,36,60,0.6,0.473658,0.714307,0.099742,0.0,0.119496,0.119496,0.069505,0.058076,0.115842,0.012827
Arcobacter_butzleri,bacteria,Arcobacter,36,60,0.6,0.473658,0.714307,0.085362,0.0,0.101367,0.101367,0.058332,0.048694,0.09722,0.010407
Candida_albicans,fungi,Candida,36,60,0.6,0.473658,0.714307,0.113877,0.0,0.208825,0.208825,0.11205,0.107751,0.186751,0.072269
Cyphellophora_europaea,fungi,Cyphellophora,36,60,0.6,0.473658,0.714307,0.063394,0.0,0.073526,0.073526,0.043491,0.036347,0.072484,0.008086
Deinococcus_gobiensis,bacteria,Deinococcus,36,60,0.6,0.473658,0.714307,0.101373,0.0,0.200212,0.200212,0.122432,0.129126,0.204054,0.104765
Gemella_sanguinis,bacteria,Gemella,36,60,0.6,0.473658,0.714307,0.065885,0.0,0.078252,0.078252,0.043906,0.039232,0.073176,0.019785
Acetobacter_aceti,bacteria,Acetobacter,36,60,0.6,0.473658,0.714307,0.149876,0.0,0.17813,0.17813,0.104028,0.087112,0.17338,0.020597
Sinorhizobium_medicae,bacteria,Sinorhizobium,36,60,0.6,0.473658,0.714307,0.0882,0.0,0.101698,0.101698,0.059011,0.049182,0.098352,0.009884
Oligella_urethralis,bacteria,Oligella,36,60,0.6,0.473658,0.714307,0.070622,0.0,0.081508,0.081508,0.0478,0.041263,0.079667,0.016089
Catonella_morbi,bacteria,Catonella,36,60,0.6,0.473658,0.714307,0.02393,0.0,0.028405,0.028405,0.01575,0.014053,0.026251,0.007028
Clostridiales_bacterium_VE202-07,bacteria,-,36,60,0.6,0.473658,0.714307,0.055819,0.0,0.063877,0.063877,0.037413,0.031225,0.062355,0.006622
Mycobacterium_avium,bacteria,Mycobacterium,36,60,0.6,0.473658,0.714307,0.083075,0.0,0.100496,0.100496,0.057408,0.048043,0.09568,0.01115
Mycobacterium_canettii,bacteria,Mycobacterium_tuberculosis_complex,36,60,0.6,0.473658,0.714307,0.096475,0.0,0.112441,0.112441,0.065611,0.05462,0.109351,0.01046
Actinoplanes_missouriensis,bacteria,Actinoplanes,36,60,0.6,0.473658,0.714307,0.105344,0.0,0.127038,0.127038,0.073076,0.061187,0.121793,0.014424
Cellulomonas_gilvus,bacteria,Cellulomonas,36,60,0.6,0.473658,0.714307,0.144788,0.0,0.169248,0.169248,0.098927,0.082743,0.164878,0.018879
Actinomyces_hongkongensis,bacteria,Actinomyces,36,60,0.6,0.473658,0.714307,0.036087,0.0,0.040859,0.040859,0.024416,0.020398,0.040694,0.004482
Corynebacterium_maris,bacteria,Corynebacterium,36,60,0.6,0.473658,0.714307,0.084247,0.0,0.188267,0.188267,0.114926,0.129054,0.191543,0.113933
Alternaria_brassicicola,fungi,Alternaria,36,60,0.6,0.473658,0.714307,0.088276,0.0,0.105907,0.105907,0.060883,0.050834,0.101472,0.010945
Prevotella_denticola,bacteria,Prevotella,36,60,0.6,0.473658,0.714307,0.093381,0.0,0.158161,0.158161,0.10913,0.135516,0.181883,0.131708
Corynebacterium_singulare,bacteria,Corynebacterium,36,60,0.6,0.473658,0.714307,0.083091,0.0,0.196982,0.196982,0.120066,0.136686,0.200111,0.122552
Bacillus_flexus,bacteria,Bacillus,36,60,0.6,0.473658,0.714307,0.142224,0.0,0.163007,0.163007,0.096252,0.080263,0.160421,0.016477
Idiomarina_loihiensis,bacteria,Idiomarina,36,60,0.6,0.473658,0.714307,0.100236,0.0,0.114714,0.114714,0.067386,0.05629,0.112311,0.012318
Lachnospiraceae_bacterium_TF01-11,bacteria,-,36,60,0.6,0.473658,0.714307,0.112724,0.0,0.123819,0.123819,0.075375,0.062936,0.125624,0.01357
Leptotrichia_buccalis,bacteria,Leptotrichia,35,60,0.583333,0.457279,0.699359,0.101095,0.0,0.112152,0.112152,0.067019,0.058046,0.114889,0.013613
Alishewanella_agri,bacteria,Alishewanella,35,60,0.583333,0.457279,0.699359,0.106689,0.0,0.128752,0.128752,0.071732,0.062117,0.122969,0.014486
Natronomonas_pharaonis,bacteria,Natronomonas,35,60,0.583333,0.457279,0.699359,0.05995,0.0,0.067203,0.067203,0.039022,0.033598,0.066895,0.006283
Listeria_monocytogenes,bacteria,Listeria,35,60,0.583333,0.457279,0.699359,0.170983,0.0,0.192995,0.192995,0.112014,0.096527,0.192024,0.01878
Acinetobacter_indicus,bacteria,Acinetobacter,35,60,0.583333,0.457279,0.699359,0.088015,0.0,0.185679,0.185679,0.112698,0.127681,0.193196,0.110815
Eisenbergiella_tayi,bacteria,Eisenbergiella,35,60,0.583333,0.457279,0.699359,0.120632,0.0,0.14366,0.14366,0.081679,0.070652,0.140021,0.015892
Campylobacter_ureolyticus,bacteria,Campylobacter,35,60,0.583333,0.457279,0.699359,0.097782,0.0,0.217765,0.217765,0.11874,0.130309,0.203554,0.10814
Eikenella_corrodens,bacteria,Eikenella,35,60,0.583333,0.457279,0.699359,0.095303,0.0,0.107296,0.107296,0.059011,0.054239,0.101161,0.02675
Fusobacterium_necrophorum,bacteria,Fusobacterium,35,60,0.583333,0.457279,0.699359,0.094454,0.0,0.111807,0.111807,0.063306,0.054707,0.108524,0.011908
Deinococcus_radiodurans,bacteria,Deinococcus,35,60,0.583333,0.457279,0.699359,0.082094,0.0,0.164575,0.164575,0.113301,0.135545,0.19423,0.1253
Duodenibacillus_massiliensis,bacteria,DuodeniBacillus,35,60,0.583333,0.457279,0.699359,0.127172,0.0,0.15311,0.15311,0.086498,0.074797,0.148282,0.01665
Dokdonella_immobilis,bacteria,Dokdonella,35,60,0.583333,0.457279,0.699359,0.018266,0.0,0.022956,0.022956,0.012807,0.01108,0.021955,0.002502
Ensifer_adhaerens,bacteria,Ensifer,35,60,0.583333,0.457279,0.699359,0.097652,0.0,0.178962,0.178962,0.105443,0.109277,0.180759,0.0819
Enorma_massiliensis,bacteria,Enorma,35,60,0.583333,0.457279,0.699359,0.073179,0.0,0.173819,0.173819,0.113511,0.134861,0.19459,0.123772
Empedobacter_falsenii,bacteria,Empedobacter,35,60,0.583333,0.457279,0.699359,0.06226,0.0,0.078023,0.078023,0.039257,0.038677,0.067298,0.025558
Capronia_epimyces,fungi,Capronia,35,60,0.583333,0.457279,0.699359,0.071892,0.0,0.210181,0.210181,0.111685,0.118786,0.191461,0.093606
Neofusicoccum_parvum,fungi,Neofusicoccum,35,60,0.583333,0.457279,0.699359,0.104529,0.0,0.126742,0.126742,0.072166,0.062367,0.123713,0.013604
Penicillium_expansum,fungi,Penicillium,35,60,0.583333,0.457279,0.699359,0.080275,0.0,0.185335,0.185335,0.106376,0.134974,0.182359,0.131718
Fusarium_azukicola,fungi,Fusarium,35,60,0.583333,0.457279,0.699359,0.131483,0.0,0.149846,0.149846,0.087829,0.075876,0.150564,0.01634
Nocardia_vaccinii,bacteria,Nocardia,35,60,0.583333,0.457279,0.699359,0.019755,0.0,0.022993,0.022993,0.01296,0.011139,0.022217,0.001895
Fusobacterium_mortiferum,bacteria,Fusobacterium,35,60,0.583333,0.457279,0.699359,0.038963,0.0,0.046631,0.046631,0.026375,0.022866,0.045213,0.005521
Actinomyces_timonensis,bacteria,Actinomyces,35,60,0.583333,0.457279,0.699359,0.045577,0.0,0.054331,0.054331,0.03006,0.026855,0.051532,0.010603
Actinomyces_turicensis,bacteria,Actinomyces,35,60,0.583333,0.457279,0.699359,0.019856,0.0,0.022664,0.022664,0.013062,0.011284,0.022393,0.002427
Bacteroides_coagulans,bacteria,Bacteroides,35,60,0.583333,0.457279,0.699359,0.114423,0.0,0.132626,0.132626,0.074742,0.064413,0.128128,0.012579
Coprococcus_comes,bacteria,Coprococcus,35,60,0.583333,0.457279,0.699359,0.095969,0.0,0.174668,0.174668,0.115603,0.133861,0.198177,0.119369
Methylobacillus_flagellatus,bacteria,Methylobacillus,35,60,0.583333,0.457279,0.699359,0.095453,0.0,0.116714,0.116714,0.065147,0.056292,0.111681,0.012208
Bacteroides_cellulosilyticus,bacteria,Bacteroides,35,60,0.583333,0.457279,0.699359,0.125923,0.0,0.151311,0.151311,0.08544,0.07386,0.146469,0.016277
Eubacterium_ventriosum,bacteria,Eubacterium,35,60,0.583333,0.457279,0.699359,0.153196,0.0,0.190999,0.190999,0.106122,0.091789,0.181924,0.020602
Escherichia_fergusonii,bacteria,Escherichia,35,60,0.583333,0.457279,0.699359,0.102202,0.0,0.113096,0.113096,0.065786,0.056648,0.112775,0.01065
Erythrobacter_flavus,bacteria,Erythrobacter,35,60,0.583333,0.457279,0.699359,0.022131,0.0,0.026057,0.026057,0.014679,0.012691,0.025164,0.002811
Trichoderma_longibrachiatum,fungi,Trichoderma,35,60,0.583333,0.457279,0.699359,0.099897,0.0,0.120775,0.120775,0.068149,0.058788,0.116826,0.011968
Vibrio_metschnikovii,bacteria,Vibrio,35,60,0.583333,0.457279,0.699359,0.075117,0.0,0.086813,0.086813,0.049488,0.0426,0.084836,0.007885
Aeromonas_salmonicida,bacteria,Aeromonas,35,60,0.583333,0.457279,0.699359,0.114698,0.0,0.136584,0.136584,0.076897,0.066352,0.131824,0.013645
Acinetobacter_calcoaceticus,bacteria,Acinetobacter,35,60,0.583333,0.457279,0.699359,0.081522,0.0,0.100858,0.100858,0.054726,0.050589,0.093817,0.025804
Weeksella_virosa,bacteria,Weeksella,35,60,0.583333,0.457279,0.699359,0.052206,0.0,0.059623,0.059623,0.034275,0.029581,0.058757,0.00614
Alteromonas_macleodii,bacteria,Alteromonas,35,60,0.583333,0.457279,0.699359,0.030244,0.0,0.034182,0.034182,0.019986,0.01725,0.034262,0.003581
Myxococcus_xanthus,bacteria,Myxococcus,35,60,0.583333,0.457279,0.699359,0.165037,0.0,0.192067,0.192067,0.108727,0.093575,0.186389,0.017131
Exophiala_oligosperma,fungi,Exophiala,35,60,0.583333,0.457279,0.699359,0.12714,0.0,0.146867,0.146867,0.082728,0.071236,0.14182,0.013383
Serratia_fonticola,bacteria,Serratia,35,60,0.583333,0.457279,0.699359,0.119067,0.0,0.137729,0.137729,0.076794,0.070902,0.131646,0.035916
Streptococcus_mitis,bacteria,Streptococcus,35,60,0.583333,0.457279,0.699359,0.000485,0.0,0.000826,0.000826,0.001005,0.00323,0.001722,0.004103
Ruminococcus_callidus,bacteria,Ruminococcus,35,60,0.583333,0.457279,0.699359,0.128373,0.0,0.156136,0.156136,0.086994,0.075127,0.149133,0.015958
Ruthenibacterium_lactatiformans,bacteria,Ruthenibacterium,35,60,0.583333,0.457279,0.699359,0.122378,0.0,0.140638,0.140638,0.080614,0.069442,0.138195,0.013282
Fusarium_proliferatum,fungi,Fusarium,35,60,0.583333,0.457279,0.699359,0.044459,0.0,0.051669,0.051669,0.029692,0.025702,0.050901,0.00592
Fusarium_scirpi,fungi,Fusarium,35,60,0.583333,0.457279,0.699359,0.016345,0.0,0.018626,0.018626,0.010878,0.009374,0.018648,0.001829
Fusarium_sambucinum,fungi,Fusarium,35,60,0.583333,0.457279,0.699359,0.093672,0.0,0.165905,0.165905,0.113517,0.131738,0.194601,0.117782
Erwinia_billingiae,bacteria,Erwinia,35,60,0.583333,0.457279,0.699359,0.116947,0.0,0.134199,0.134199,0.076559,0.066054,0.131244,0.013531
Aeribacillus_pallidus,bacteria,Aeribacillus,35,60,0.583333,0.457279,0.699359,0.089901,0.0,0.199671,0.199671,0.110675,0.117267,0.189728,0.091777
Nectria_haematococca,fungi,Fusarium,35,60,0.583333,0.457279,0.699359,0.091067,0.0,0.102568,0.102568,0.060154,0.052013,0.103121,0.011548
Cladosporium_cladosporioides,fungi,Cladosporium,35,60,0.583333,0.457279,0.699359,0.098071,0.0,0.197815,0.197815,0.109211,0.113073,0.187219,0.084572
Actinomyces_neuii,bacteria,Actinomyces,35,60,0.583333,0.457279,0.699359,0.037693,0.0,0.045209,0.045209,0.024868,0.022203,0.042631,0.008714
Thermus_parvatiensis,bacteria,Thermus,35,60,0.583333,0.457279,0.699359,0.132868,0.0,0.148373,0.148373,0.087198,0.075365,0.149482,0.016495
Actinomyces_odontolytica,bacteria,Actinomyces,35,60,0.583333,0.457279,0.699359,0.078297,0.0,0.22682,0.22682,0.123442,0.145051,0.211614,0.13154
Lautropia_mirabilis,bacteria,Lautropia,35,60,0.583333,0.457279,0.699359,0.053668,0.0,0.195698,0.195698,0.116593,0.152043,0.199874,0.15159
Bacteroides_intestinalis,bacteria,Bacteroides,35,60,0.583333,0.457279,0.699359,0.107482,0.0,0.194412,0.194412,0.112188,0.119195,0.192322,0.09375
Morganella_morganii,bacteria,Morganella,35,60,0.583333,0.457279,0.699359,0.069152,0.0,0.076307,0.076307,0.043052,0.038254,0.073804,0.014247
Glutamicibacter_arilaitensis,bacteria,Glutamicibacter,35,60,0.583333,0.457279,0.699359,0.022336,0.0,0.025702,0.025702,0.01478,0.012791,0.025337,0.002926
Gordonibacter_pamelaeae,bacteria,Gordonibacter,35,60,0.583333,0.457279,0.699359,0.087644,0.0,0.209164,0.209164,0.121968,0.136415,0.209088,0.116364
Sporisorium_reilianum,fungi,Sporisorium,35,60,0.583333,0.457279,0.699359,0.064168,0.0,0.075477,0.075477,0.042782,0.036922,0.073341,0.007648
Brevibacterium_ravenspurgense,bacteria,Brevibacterium,35,60,0.583333,0.457279,0.699359,0.09859,0.0,0.225489,0.225489,0.115554,0.123065,0.198093,0.097211
Mitsuokella_multacida,bacteria,Mitsuokella,35,60,0.583333,0.457279,0.699359,0.106564,0.0,0.18775,0.18775,0.121886,0.140473,0.208947,0.124563
Peptostreptococcus_anaerobius,bacteria,Peptostreptococcus,35,60,0.583333,0.457279,0.699359,0.07658,0.0,0.090193,0.090193,0.050906,0.043946,0.087268,0.009204
Leeia_oryzae,bacteria,Leeia,35,60,0.583333,0.457279,0.699359,0.096789,0.0,0.121372,0.121372,0.066247,0.05747,0.113567,0.014117
Mitsuaria_chitosanitabida,bacteria,Mitsuaria,35,60,0.583333,0.457279,0.699359,0.101363,0.0,0.115992,0.115992,0.066362,0.057262,0.113764,0.011773
Corynebacterium_efficiens,bacteria,Corynebacterium,35,60,0.583333,0.457279,0.699359,0.082078,0.0,0.179298,0.179298,0.111833,0.132338,0.191714,0.120938
Corynebacterium_argentoratense,bacteria,Corynebacterium,35,60,0.583333,0.457279,0.699359,0.038285,0.0,0.044991,0.044991,0.025186,0.022481,0.043177,0.008799
Staphylococcus_hyicus,bacteria,Staphylococcus,35,60,0.583333,0.457279,0.699359,0.072356,0.0,0.085504,0.085504,0.048569,0.041973,0.083261,0.009143
Corynebacterium_freneyi,bacteria,Corynebacterium,35,60,0.583333,0.457279,0.699359,0.170528,0.0,0.200575,0.200575,0.104589,0.102798,0.179295,0.067448
Staphylococcus_massiliensis,bacteria,Staphylococcus,35,60,0.583333,0.457279,0.699359,0.093042,0.0,0.241388,0.241388,0.121677,0.129072,0.208588,0.101228
Cytophaga_hutchinsonii,bacteria,Cytophaga,35,60,0.583333,0.457279,0.699359,0.079577,0.0,0.19727,0.19727,0.108864,0.11924,0.186624,0.098661
Diaporthe_ampelina,fungi,Diaporthe,35,60,0.583333,0.457279,0.699359,0.140099,0.0,0.165533,0.165533,0.093269,0.0806,0.159889,0.017545
Methylophilus_methylotrophus,bacteria,Methylophilus,35,60,0.583333,0.457279,0.699359,0.141251,0.0,0.166731,0.166731,0.095192,0.082355,0.163186,0.018641
Rhodotorula_diobovata,fungi,Rhodotorula,35,60,0.583333,0.457279,0.699359,0.115176,0.0,0.167125,0.167125,0.111295,0.123557,0.190792,0.104299
Rhodotorula_kratochvilovae,fungi,Rhodotorula,35,60,0.583333,0.457279,0.699359,0.092234,0.0,0.19895,0.19895,0.11242,0.117811,0.19272,0.090301
Helicobacter_hepaticus,bacteria,Helicobacter,35,60,0.583333,0.457279,0.699359,0.112198,0.0,0.137258,0.137258,0.076362,0.065937,0.130906,0.013937
Methyloversatilis_discipulorum,bacteria,Methyloversatilis,35,60,0.583333,0.457279,0.699359,0.137987,0.0,0.196555,0.196555,0.118618,0.118114,0.203345,0.080458
Peptostreptococcaceae_bacterium_oral_taxon_113,bacteria,-,35,60,0.583333,0.457279,0.699359,0.01909,0.0,0.022601,0.022601,0.012776,0.011014,0.021902,0.002178
Penicillium_steckii,fungi,Penicillium,35,60,0.583333,0.457279,0.699359,0.169767,0.0,0.187153,0.187153,0.108174,0.09302,0.185442,0.016273
Peptoniphilus_obesi,bacteria,Peptoniphilus,35,60,0.583333,0.457279,0.699359,0.099946,0.0,0.128003,0.128003,0.069762,0.060702,0.119592,0.016111
Cutaneotrichosporon_dermatis,fungi,Cutaneotrichosporon,35,60,0.583333,0.457279,0.699359,0.102418,0.0,0.210914,0.210914,0.111616,0.118185,0.191342,0.092382
Porphyromonas_asaccharolytica,bacteria,Porphyromonas,35,60,0.583333,0.457279,0.699359,0.069324,0.0,0.083247,0.083247,0.046803,0.041858,0.080233,0.016713
Insolitispirillum_peregrinum,bacteria,Insolitispirillum,35,60,0.583333,0.457279,0.699359,0.047251,0.0,0.057458,0.057458,0.031985,0.027659,0.054831,0.006169
Raoultella_ornithinolytica,bacteria,Raoultella,35,60,0.583333,0.457279,0.699359,0.054288,0.0,0.062644,0.062644,0.035515,0.03165,0.060883,0.012182
Lactobacillus_parabuchneri,bacteria,Lactobacillus,35,60,0.583333,0.457279,0.699359,0.079882,0.0,0.196873,0.196873,0.117886,0.136176,0.20209,0.121086
Kitasatospora_setae,bacteria,Kitasatospora,35,60,0.583333,0.457279,0.699359,0.08597,0.0,0.203624,0.203624,0.115804,0.12656,0.198521,0.104359
Candida_sake,fungi,Candida,35,60,0.583333,0.457279,0.699359,0.105604,0.0,0.124853,0.124853,0.071859,0.062289,0.123186,0.014964
Alternaria_tenuissima,fungi,Alternaria,35,60,0.583333,0.457279,0.699359,0.09604,0.0,0.212076,0.212076,0.124625,0.140385,0.213643,0.120921
Kosakonia_cowanii,bacteria,Kosakonia,35,60,0.583333,0.457279,0.699359,0.110935,0.0,0.139247,0.139247,0.078062,0.067599,0.133821,0.015762
Mycobacterium_europaeum,bacteria,Mycobacterium,35,60,0.583333,0.457279,0.699359,0.098208,0.0,0.193767,0.193767,0.120369,0.129431,0.206347,0.103958
Mycobacterium_franklinii,bacteria,Mycobacterium,35,60,0.583333,0.457279,0.699359,0.124525,0.0,0.150785,0.150785,0.085454,0.073994,0.146493,0.017207
Bifidobacterium_pseudocatenulatum,bacteria,Bifidobacterium,35,60,0.583333,0.457279,0.699359,0.082566,0.0,0.193748,0.193748,0.114476,0.134374,0.196244,0.121715
Mycobacterium_helvum,bacteria,Mycobacterium,35,60,0.583333,0.457279,0.699359,0.092936,0.0,0.105662,0.105662,0.061487,0.053201,0.105407,0.012077
Agrococcus_baldri,bacteria,Agrococcus,35,60,0.583333,0.457279,0.699359,0.153761,0.0,0.177932,0.177932,0.102151,0.088243,0.175116,0.018955
Clostridium_intestinale,bacteria,Clostridium,35,60,0.583333,0.457279,0.699359,0.096466,0.0,0.197855,0.197855,0.11964,0.127517,0.205097,0.100868
Corynebacterium_lowii,bacteria,Corynebacterium,35,60,0.583333,0.457279,0.699359,0.06783,0.0,0.080023,0.080023,0.045721,0.039494,0.078379,0.008464
Bilophila_wadsworthia,bacteria,Bilophila,35,60,0.583333,0.457279,0.699359,0.073056,0.0,0.194395,0.194395,0.109051,0.131053,0.186945,0.12171
Cellulosimicrobium_cellulans,bacteria,Cellulosimicrobium,35,60,0.583333,0.457279,0.699359,0.1194,0.0,0.136302,0.136302,0.078727,0.070616,0.13496,0.028995
Prevotella_micans,bacteria,Prevotella,35,60,0.583333,0.457279,0.699359,0.023559,0.0,0.027858,0.027858,0.015993,0.013823,0.027416,0.003028
Acutalibacter_muris,bacteria,Acutalibacter,35,60,0.583333,0.457279,0.699359,0.098773,0.0,0.110824,0.110824,0.064529,0.055712,0.110621,0.011721
Acinetobacter_schindleri,bacteria,Acinetobacter,35,60,0.583333,0.457279,0.699359,0.090387,0.0,0.209902,0.209902,0.113497,0.122181,0.194566,0.098323
Cloacibacterium_normanense,bacteria,Cloacibacterium,35,60,0.583333,0.457279,0.699359,0.086619,0.0,0.168502,0.168502,0.105401,0.121194,0.180687,0.107167
Clostridiales_bacterium_VE202-03,bacteria,-,35,60,0.583333,0.457279,0.699359,0.072596,0.0,0.089177,0.089177,0.050294,0.043502,0.086218,0.009773
Colletotrichum_siamense,fungi,Colletotrichum,35,60,0.583333,0.457279,0.699359,0.080576,0.0,0.095373,0.095373,0.054254,0.046808,0.093007,0.009577
Coprococcus_eutactus,bacteria,Coprococcus,35,60,0.583333,0.457279,0.699359,0.127539,0.0,0.151839,0.151839,0.08337,0.074393,0.142921,0.029024
Sordaria_macrospora,fungi,Sordaria,35,60,0.583333,0.457279,0.699359,0.093916,0.0,0.109264,0.109264,0.062243,0.053571,0.106703,0.009829
Acidocella_aminolytica,bacteria,Acidocella,35,60,0.583333,0.457279,0.699359,0.080019,0.0,0.093187,0.093187,0.053621,0.046366,0.091922,0.010313
Pantoea_dispersa,bacteria,Pantoea,35,60,0.583333,0.457279,0.699359,0.179328,0.0,0.207537,0.207537,0.118427,0.105688,0.203018,0.041287
Acetanaerobacterium_elongatum,bacteria,Acetanaerobacterium,35,60,0.583333,0.457279,0.699359,0.038366,0.0,0.044147,0.044147,0.025051,0.021551,0.042945,0.003859
Beauveria_bassiana,fungi,Beauveria,35,60,0.583333,0.457279,0.699359,0.095827,0.0,0.11615,0.11615,0.065693,0.056752,0.112616,0.012221
Parabacteroides_johnsonii,bacteria,Parabacteroides,35,60,0.583333,0.457279,0.699359,0.065658,0.0,0.076775,0.076775,0.041526,0.038286,0.071187,0.019236
Xanthobacter_autotrophicus,bacteria,Xanthobacter,35,60,0.583333,0.457279,0.699359,0.094883,0.0,0.108373,0.108373,0.062426,0.053934,0.107015,0.011644
Citrobacter_portucalensis,bacteria,Citrobacter,35,60,0.583333,0.457279,0.699359,0.103379,0.0,0.212675,0.212675,0.120197,0.135387,0.206052,0.116604
Treponema_lecithinolyticum,bacteria,Treponema,34,60,0.566667,0.441032,0.684278,0.0188,0.0,0.022406,0.022406,0.012124,0.011176,0.021396,0.004352
Treponema_vincentii,bacteria,Treponema,34,60,0.566667,0.441032,0.684278,0.099329,0.0,0.118368,0.118368,0.063811,0.058796,0.112608,0.022787
Acetobacter_pasteurianus,bacteria,Acetobacter,34,60,0.566667,0.441032,0.684278,0.121372,0.0,0.139459,0.139459,0.078613,0.070094,0.138728,0.01385
Shuttleworthia_satelles,bacteria,Shuttleworthia,34,60,0.566667,0.441032,0.684278,0.068756,0.0,0.183534,0.183534,0.119505,0.13848,0.210891,0.120121
Sinorhizobium_meliloti,bacteria,Sinorhizobium,34,60,0.566667,0.441032,0.684278,0.171462,0.0,0.204678,0.204678,0.113931,0.101817,0.201055,0.02207
Veillonella_dispar,bacteria,Veillonella,34,60,0.566667,0.441032,0.684278,0.015241,0.0,0.018881,0.018881,0.010184,0.009439,0.017972,0.003883
Pandoraea_apista,bacteria,Pandoraea,34,60,0.566667,0.441032,0.684278,0.099323,0.0,0.119663,0.119663,0.065257,0.058257,0.115159,0.012119
Bacteroides_thetaiotaomicron,bacteria,Bacteroides,34,60,0.566667,0.441032,0.684278,0.079269,0.0,0.218884,0.218884,0.115155,0.126491,0.203215,0.100841
Actinotignum_schaalii,bacteria,Actinotignum,34,60,0.566667,0.441032,0.684278,0.074156,0.0,0.088527,0.088527,0.048959,0.043795,0.086398,0.009825
Cnuella_takakiae,bacteria,Cnuella,34,60,0.566667,0.441032,0.684278,0.104236,0.0,0.125557,0.125557,0.069136,0.061822,0.122005,0.013695
Colletotrichum_graminicola,fungi,Colletotrichum,34,60,0.566667,0.441032,0.684278,0.062226,0.0,0.070819,0.070819,0.040683,0.036411,0.071793,0.008314
Lactobacillus_curvatus,bacteria,Lactobacillus,34,60,0.566667,0.441032,0.684278,0.123967,0.0,0.145974,0.145974,0.08107,0.072333,0.143065,0.014702
Cellulomonas_flavigena,bacteria,Cellulomonas,34,60,0.566667,0.441032,0.684278,0.081554,0.0,0.095676,0.095676,0.05335,0.047687,0.094148,0.010408
Prevotella_salivae,bacteria,Prevotella,34,60,0.566667,0.441032,0.684278,0.046412,0.0,0.05552,0.05552,0.030651,0.027372,0.05409,0.005768
Prevotella_veroralis,bacteria,Prevotella,34,60,0.566667,0.441032,0.684278,0.059228,0.0,0.221075,0.221075,0.124171,0.156077,0.219125,0.148714
Lactobacillus_delbrueckii,bacteria,Lactobacillus,34,60,0.566667,0.441032,0.684278,0.089782,0.0,0.206578,0.206578,0.112402,0.12574,0.198356,0.103447
Lachnospiraceae_bacterium_6_1_63FAA,bacteria,-,34,60,0.566667,0.441032,0.684278,0.046976,0.0,0.053278,0.053278,0.030493,0.027205,0.053811,0.005517
Bacillus_infantis,bacteria,Bacillus,34,60,0.566667,0.441032,0.684278,0.066029,0.0,0.078165,0.078165,0.043588,0.038955,0.076919,0.008456
Corynebacterium_massiliense,bacteria,Corynebacterium,34,60,0.566667,0.441032,0.684278,0.105613,0.0,0.133878,0.133878,0.068847,0.066067,0.121494,0.034838
Corynebacterium_mastitidis,bacteria,Corynebacterium,34,60,0.566667,0.441032,0.684278,0.06032,0.0,0.069075,0.069075,0.038425,0.035459,0.067808,0.013968
Corynebacterium_mycetoides,bacteria,Corynebacterium,34,60,0.566667,0.441032,0.684278,0.1089,0.0,0.129717,0.129717,0.071336,0.063717,0.125886,0.013538
Brevibacterium_linens,bacteria,Brevibacterium,34,60,0.566667,0.441032,0.684278,0.067391,0.0,0.082792,0.082792,0.043551,0.041347,0.076855,0.020479
Bifidobacterium_angulatum,bacteria,Bifidobacterium,34,60,0.566667,0.441032,0.684278,0.086403,0.0,0.109269,0.109269,0.059662,0.053476,0.105286,0.012791
Agrobacterium_fabrum,bacteria,Agrobacterium,34,60,0.566667,0.441032,0.684278,0.049312,0.0,0.229615,0.229615,0.118186,0.146572,0.208563,0.137801
Acremonium_furcatum,fungi,Acremonium,34,60,0.566667,0.441032,0.684278,0.021292,0.0,0.025589,0.025589,0.013977,0.01246,0.024665,0.002445
Porphyromonas_catoniae,bacteria,Porphyromonas,34,60,0.566667,0.441032,0.684278,0.072175,0.0,0.084813,0.084813,0.045192,0.043126,0.07975,0.022039
Porphyromonas_gingivalis,bacteria,Porphyromonas,34,60,0.566667,0.441032,0.684278,0.019061,0.0,0.200783,0.200783,0.111147,0.156124,0.196143,0.16249
Puccinia_coronata,fungi,Puccinia,34,60,0.566667,0.441032,0.684278,0.063439,0.0,0.077465,0.077465,0.042667,0.038105,0.075294,0.008053
Bacillus_eiseniae,bacteria,Bacillus,34,60,0.566667,0.441032,0.684278,0.059677,0.0,0.185511,0.185511,0.107069,0.12597,0.188946,0.111499
Ignavibacterium_album,bacteria,Ignavibacterium,34,60,0.566667,0.441032,0.684278,0.077126,0.0,0.090208,0.090208,0.050222,0.04476,0.088627,0.008668
Mycobacterium_grossiae,bacteria,Mycobacterium,34,60,0.566667,0.441032,0.684278,0.096196,0.0,0.114375,0.114375,0.062364,0.057724,0.110055,0.023444
Mycobacterium_immunogenum,bacteria,Mycobacterium,34,60,0.566667,0.441032,0.684278,0.01891,0.0,0.022212,0.022212,0.01255,0.011226,0.022147,0.00252
Mycobacterium_intracellulare,bacteria,Mycobacterium,34,60,0.566667,0.441032,0.684278,0.08853,0.0,0.105851,0.105851,0.058557,0.052216,0.103336,0.010355
Clostridiales_bacterium_VE202-26,bacteria,-,34,60,0.566667,0.441032,0.684278,0.126474,0.0,0.154145,0.154145,0.083589,0.074804,0.147509,0.017017
Intestinibacter_bartlettii,bacteria,Intestinibacter,34,60,0.566667,0.441032,0.684278,0.08449,0.0,0.097597,0.097597,0.055382,0.049472,0.097732,0.01055
Allisonella_histaminiformans,bacteria,Allisonella,34,60,0.566667,0.441032,0.684278,0.090652,0.0,0.11018,0.11018,0.059787,0.05338,0.105507,0.011162
Humibacter_albus,bacteria,Humibacter,34,60,0.566667,0.441032,0.684278,0.01871,0.0,0.021704,0.021704,0.012542,0.01126,0.022133,0.002825
Clostridium_bolteae,bacteria,Clostridium,34,60,0.566667,0.441032,0.684278,0.031981,0.0,0.040703,0.040703,0.022246,0.019862,0.039258,0.004152
Clostridium_innocuum,bacteria,Erysipelatoclostridium,34,60,0.566667,0.441032,0.684278,0.144006,0.0,0.16661,0.16661,0.092853,0.082842,0.163858,0.016812
Leucothrix_mucor,bacteria,Leucothrix,34,60,0.566667,0.441032,0.684278,0.057403,0.0,0.063685,0.063685,0.036413,0.032498,0.064258,0.006683
Lagierella_massiliensis,bacteria,Lagierella,34,60,0.566667,0.441032,0.684278,0.081876,0.0,0.206549,0.206549,0.114605,0.136547,0.202245,0.122774
Pseudoxanthomonas_Mexicana,bacteria,Pseudoxanthomonas,34,60,0.566667,0.441032,0.684278,0.081995,0.0,0.200214,0.200214,0.106496,0.124215,0.187933,0.108707
Lactobacillus_coleohominis,bacteria,Lactobacillus,34,60,0.566667,0.441032,0.684278,0.029967,0.0,0.035722,0.035722,0.019899,0.017739,0.035115,0.003473
Corynebacterium_ihumii,bacteria,Corynebacterium,34,60,0.566667,0.441032,0.684278,0.082814,0.0,0.17231,0.17231,0.10737,0.129023,0.189476,0.117193
Sphingobacterium_spiritivorum,bacteria,Sphingobacterium,34,60,0.566667,0.441032,0.684278,9.7e-05,0.0,0.000245,0.000245,0.000177,0.000317,0.000313,0.000368
Sphingomonas_wittichii,bacteria,Sphingomonas,34,60,0.566667,0.441032,0.684278,0.088222,0.0,0.103479,0.103479,0.057218,0.050966,0.100974,0.009593
Brevibacterium_senegalense,bacteria,Brevibacterium,34,60,0.566667,0.441032,0.684278,0.08104,0.0,0.094039,0.094039,0.053103,0.047438,0.093712,0.01013
Tatumella_ptyseos,bacteria,Tatumella,34,60,0.566667,0.441032,0.684278,0.115304,0.0,0.135222,0.135222,0.072823,0.069468,0.128511,0.03542
Acinetobacter_oleivorans,bacteria,Acinetobacter,34,60,0.566667,0.441032,0.684278,0.084906,0.0,0.195356,0.195356,0.111553,0.135272,0.196858,0.124152
Peptoniphilus_senegalensis,bacteria,Peptoniphilus,34,60,0.566667,0.441032,0.684278,0.021866,0.0,0.026676,0.026676,0.014505,0.012963,0.025597,0.002816
Microbacterium_arborescens,bacteria,Microbacterium,34,60,0.566667,0.441032,0.684278,0.05572,0.0,0.235995,0.235995,0.121907,0.139787,0.21513,0.119471
Microbacterium_laevaniformans,bacteria,Microbacterium,34,60,0.566667,0.441032,0.684278,0.101154,0.0,0.117845,0.117845,0.066876,0.059718,0.118017,0.012554
Megasphaera_cerevisiae,bacteria,Megasphaera,34,60,0.566667,0.441032,0.684278,0.125721,0.0,0.149094,0.149094,0.0829,0.073862,0.146295,0.014091
Corynebacterium_flavescens,bacteria,Corynebacterium,34,60,0.566667,0.441032,0.684278,0.085836,0.0,0.099138,0.099138,0.05543,0.049264,0.097818,0.008195
Bacillus_litoralis,bacteria,Bacillus,34,60,0.566667,0.441032,0.684278,0.072747,0.0,0.201166,0.201166,0.10817,0.123091,0.190888,0.104022
Candida_haemulonis,fungi,Clavispora,34,60,0.566667,0.441032,0.684278,0.121524,0.0,0.1441,0.1441,0.07747,0.07152,0.136713,0.028294
Candida_metapsilosis,fungi,Candida,34,60,0.566667,0.441032,0.684278,0.091363,0.0,0.103137,0.103137,0.058507,0.052201,0.103247,0.010612
Streptococcus_sobrinus,bacteria,Streptococcus,34,60,0.566667,0.441032,0.684278,0.134021,0.0,0.171624,0.171624,0.09169,0.082086,0.161806,0.018919
Arcanobacterium_urinimassiliense,bacteria,Arcanobacterium,34,60,0.566667,0.441032,0.684278,0.142099,0.0,0.16228,0.16228,0.092046,0.082324,0.162434,0.018361
Diaporthe_aspalathi,fungi,Diaporthe,34,60,0.566667,0.441032,0.684278,0.040013,0.0,0.046522,0.046522,0.026068,0.023245,0.046002,0.004606
Debaryomyces_hansenii,fungi,Debaryomyces,34,60,0.566667,0.441032,0.684278,0.092901,0.0,0.105653,0.105653,0.060343,0.053863,0.106488,0.011149
Aureimonas_altamirensis,bacteria,Aureimonas,34,60,0.566667,0.441032,0.684278,0.047059,0.0,0.054315,0.054315,0.028633,0.027946,0.05053,0.016012
Cladophialophora_immunda,fungi,Cladophialophora,34,60,0.566667,0.441032,0.684278,0.077743,0.0,0.095232,0.095232,0.050827,0.045412,0.089695,0.009751
Chromohalobacter_salexigens,bacteria,Chromohalobacter,34,60,0.566667,0.441032,0.684278,0.082592,0.0,0.096034,0.096034,0.053969,0.048147,0.09524,0.009733
Chryseobacterium_koreense,bacteria,Chryseobacterium,34,60,0.566667,0.441032,0.684278,0.038367,0.0,0.043315,0.043315,0.024564,0.021883,0.043348,0.004154
Actinomyces_johnsonii,bacteria,Actinomyces,34,60,0.566667,0.441032,0.684278,0.115651,0.0,0.141323,0.141323,0.074115,0.070793,0.130792,0.036371
Campylobacter_gracilis,bacteria,Campylobacter,34,60,0.566667,0.441032,0.684278,0.108297,0.0,0.126288,0.126288,0.069184,0.063781,0.122089,0.024867
Dietzia_cinnamea,bacteria,Dietzia,34,60,0.566667,0.441032,0.684278,0.094119,0.0,0.117573,0.117573,0.060172,0.05743,0.106187,0.02937
Dietzia_maris,bacteria,Dietzia,34,60,0.566667,0.441032,0.684278,0.046082,0.0,0.058035,0.058035,0.030863,0.028527,0.054463,0.01143
Dialister_pneumosintes,bacteria,Dialister,34,60,0.566667,0.441032,0.684278,0.066027,0.0,0.076285,0.076285,0.04217,0.037584,0.074418,0.007279
Leptospira_inadai,bacteria,Leptospira,34,60,0.566667,0.441032,0.684278,0.046984,0.0,0.0559,0.0559,0.030947,0.027599,0.054611,0.005503
Leuconostoc_citreum,bacteria,Leuconostoc,34,60,0.566667,0.441032,0.684278,0.048125,0.0,0.173683,0.173683,0.106281,0.130828,0.187554,0.122051
Marinococcus_halotolerans,bacteria,Marinococcus,34,60,0.566667,0.441032,0.684278,0.160982,0.0,0.182253,0.182253,0.104148,0.093015,0.183791,0.019673
Bacillus_paralicheniformis,bacteria,Bacillus,34,60,0.566667,0.441032,0.684278,0.032311,0.0,0.038759,0.038759,0.021388,0.019104,0.037743,0.00406
Amycolatopsis_japonica,bacteria,Amycolatopsis,34,60,0.566667,0.441032,0.684278,0.065932,0.0,0.074718,0.074718,0.04272,0.038068,0.075388,0.007317
Ruminococcus_champanellensis,bacteria,Ruminococcus,34,60,0.566667,0.441032,0.684278,0.08208,0.0,0.090084,0.090084,0.051696,0.046123,0.091229,0.009363
Ruminococcus_torques,bacteria,Blautia,34,60,0.566667,0.441032,0.684278,0.071835,0.0,0.203425,0.203425,0.110388,0.126296,0.194802,0.107589
Penicillium_antarcticum,fungi,Penicillium,34,60,0.566667,0.441032,0.684278,0.073919,0.0,0.086912,0.086912,0.048747,0.043518,0.086024,0.009054
Nocardiopsis_dassonvillei,bacteria,Nocardiopsis,34,60,0.566667,0.441032,0.684278,0.124933,0.0,0.148873,0.148873,0.082183,0.073409,0.145028,0.015624
Myroides_phaeus,bacteria,Myroides,34,60,0.566667,0.441032,0.684278,0.015679,0.0,0.018145,0.018145,0.010276,0.009187,0.018134,0.002017
Naganishia_albida,fungi,Naganishia,34,60,0.566667,0.441032,0.684278,0.067142,0.0,0.196678,0.196678,0.108971,0.122764,0.192302,0.102151
Senegalimassilia_anaerobia,bacteria,Senegalimassilia,34,60,0.566667,0.441032,0.684278,0.125338,0.0,0.145347,0.145347,0.081345,0.072711,0.14355,0.015879
Streptococcus_parauberis,bacteria,Streptococcus,34,60,0.566667,0.441032,0.684278,0.039551,0.0,0.0448,0.0448,0.02484,0.022113,0.043836,0.004041
Trichoderma_pleuroti,fungi,Trichoderma,34,60,0.566667,0.441032,0.684278,0.080552,0.0,0.222374,0.222374,0.125868,0.158058,0.22212,0.150459
Trichophyton_violaceum,fungi,Trichophyton,34,60,0.566667,0.441032,0.684278,0.063085,0.0,0.190374,0.190374,0.11206,0.134251,0.197753,0.121507
Ewingella_americana,bacteria,Ewingella,34,60,0.566667,0.441032,0.684278,0.075633,0.0,0.08756,0.08756,0.048569,0.043308,0.085709,0.00858
Enterococcus_phoeniculicola,bacteria,Enterococcus,34,60,0.566667,0.441032,0.684278,0.081346,0.0,0.091913,0.091913,0.05168,0.04594,0.0912,0.00774
Pedobacter_heparinus,bacteria,Pedobacter,34,60,0.566667,0.441032,0.684278,0.019423,0.0,0.021573,0.021573,0.012203,0.010884,0.021535,0.002174
Azospira_oryzae,bacteria,Azospira,34,60,0.566667,0.441032,0.684278,0.081176,0.0,0.166104,0.166104,0.107215,0.124429,0.189202,0.108161
Coprobacter_fastidiosus,bacteria,Coprobacter,34,60,0.566667,0.441032,0.684278,0.127381,0.0,0.145042,0.145042,0.081661,0.072849,0.144107,0.014717
Aeromonas_veronii,bacteria,Aeromonas,34,60,0.566667,0.441032,0.684278,0.073246,0.0,0.091684,0.091684,0.049464,0.045733,0.08729,0.01837
Prototheca_ciferrii,fungi,Prototheca,34,60,0.566667,0.441032,0.684278,0.031087,0.0,0.03818,0.03818,0.021092,0.01885,0.037222,0.004092
Veillonellaceae_bacterium_DNF00626,bacteria,-,34,60,0.566667,0.441032,0.684278,0.020174,0.0,0.023069,0.023069,0.01303,0.011625,0.022995,0.002355
Yersinia_intermedia,bacteria,Yersinia,34,60,0.566667,0.441032,0.684278,0.060229,0.0,0.068079,0.068079,0.03866,0.03454,0.068223,0.007413
Acinetobacter_gerneri,bacteria,Acinetobacter,33,60,0.55,0.424917,0.669065,0.05696,0.0,0.068653,0.068653,0.037662,0.034813,0.068477,0.007644
Acidithiobacillus_caldus,bacteria,Acidithiobacillus,33,60,0.55,0.424917,0.669065,0.087767,0.0,0.098824,0.098824,0.054755,0.050451,0.099554,0.009669
Paenibacillus_lautus,bacteria,Paenibacillus,33,60,0.55,0.424917,0.669065,0.083667,0.0,0.0992,0.0992,0.053004,0.050082,0.096371,0.017738
Paeniclostridium_sordellii,bacteria,Paeniclostridium,33,60,0.55,0.424917,0.669065,0.035021,0.0,0.041601,0.041601,0.022989,0.021273,0.041799,0.004853
Acinetobacter_bohemicus,bacteria,Acinetobacter,33,60,0.55,0.424917,0.669065,0.030678,0.0,0.036982,0.036982,0.019909,0.01845,0.036199,0.004416
Blastococcus_endophyticus,bacteria,Blastococcus,33,60,0.55,0.424917,0.669065,0.080703,0.0,0.094406,0.094406,0.052896,0.049022,0.096175,0.011767
Pannonibacter_phragmitetus,bacteria,Pannonibacter,33,60,0.55,0.424917,0.669065,0.094591,0.0,0.111978,0.111978,0.060872,0.056102,0.110677,0.010895
Bacteroides_xylanisolvens,bacteria,Bacteroides,33,60,0.55,0.424917,0.669065,0.056345,0.0,0.181336,0.181336,0.105661,0.12846,0.192112,0.11532
Ochroconis_constricta,fungi,Ochroconis,33,60,0.55,0.424917,0.669065,0.102229,0.0,0.124355,0.124355,0.067225,0.062195,0.122227,0.014117
Advenella_kashmirensis,bacteria,Advenella,33,60,0.55,0.424917,0.669065,0.090031,0.0,0.103833,0.103833,0.056573,0.0521,0.102861,0.009732
Methanocaldococcus_jannaschii,bacteria,Methanocaldococcus,33,60,0.55,0.424917,0.669065,0.078445,0.0,0.233634,0.233634,0.120927,0.155705,0.219867,0.149219
Methanobrevibacter_smithii,bacteria,Methanobrevibacter,33,60,0.55,0.424917,0.669065,0.10911,0.0,0.134288,0.134288,0.071991,0.066565,0.130892,0.014794
Bacillus_thermocopriae,bacteria,Bacillus,33,60,0.55,0.424917,0.669065,0.046839,0.0,0.052878,0.052878,0.029398,0.027147,0.053451,0.005745
Methylibium_petroleiphilum,bacteria,Methylibium,33,60,0.55,0.424917,0.669065,0.136512,0.0,0.159022,0.159022,0.085735,0.079013,0.155882,0.015308
Lysinibacillus_macroides,bacteria,Lysinibacillus,33,60,0.55,0.424917,0.669065,0.065911,0.0,0.076323,0.076323,0.041995,0.038804,0.076355,0.008413
Levyella_massiliensis,bacteria,Levyella,33,60,0.55,0.424917,0.669065,0.082164,0.0,0.214028,0.214028,0.122007,0.140066,0.221831,0.115479
Sutterella_wadsworthensis,bacteria,Sutterella,33,60,0.55,0.424917,0.669065,0.12696,0.0,0.14612,0.14612,0.081087,0.074848,0.147431,0.015562
Alternaria_brassicae,fungi,Alternaria,33,60,0.55,0.424917,0.669065,0.121491,0.0,0.135523,0.135523,0.075368,0.069496,0.137033,0.013806
Mucispirillum_schaedleri,bacteria,Mucispirillum,33,60,0.55,0.424917,0.669065,0.112224,0.0,0.133284,0.133284,0.072118,0.066774,0.131123,0.01556
Actinomyces_gerencseriae,bacteria,Actinomyces,33,60,0.55,0.424917,0.669065,0.075712,0.0,0.225775,0.225775,0.11603,0.13413,0.210963,0.111882
Bacteroides_eggerthii,bacteria,Bacteroides,33,60,0.55,0.424917,0.669065,0.083483,0.0,0.098669,0.098669,0.054251,0.050032,0.098639,0.01001
Mycetocola_miduiensis,bacteria,Mycetocola,33,60,0.55,0.424917,0.669065,0.095486,0.0,0.115524,0.115524,0.062104,0.057367,0.112916,0.012289
Meyerozyma_athensensis,fungi,Meyerozyma,33,60,0.55,0.424917,0.669065,0.080944,0.0,0.222663,0.222663,0.123082,0.139592,0.223785,0.112636
Microbacterium_sediminis,bacteria,Microbacterium,33,60,0.55,0.424917,0.669065,0.101661,0.0,0.187735,0.187735,0.107758,0.114944,0.195924,0.080908
Brachybacterium_alimentarium,bacteria,Brachybacterium,33,60,0.55,0.424917,0.669065,0.09726,0.0,0.113206,0.113206,0.062732,0.057908,0.114058,0.012068
Atopobium_deltae,bacteria,Atopobium,33,60,0.55,0.424917,0.669065,0.089903,0.0,0.101691,0.101691,0.057499,0.053208,0.104543,0.012166
Botrytis_cinerea,fungi,Botrytis,33,60,0.55,0.424917,0.669065,0.098169,0.0,0.123866,0.123866,0.065744,0.060895,0.119534,0.014365
Staphylococcus_lentus,bacteria,Staphylococcus,33,60,0.55,0.424917,0.669065,0.107564,0.0,0.132394,0.132394,0.068393,0.067671,0.124352,0.0356
Leptotrichia_goodfellowii,bacteria,Leptotrichia,33,60,0.55,0.424917,0.669065,0.024044,0.0,0.028603,0.028603,0.015555,0.014324,0.028281,0.002667
Luteimonas_abyssi,bacteria,Luteimonas,33,60,0.55,0.424917,0.669065,0.128796,0.0,0.159315,0.159315,0.083423,0.07721,0.151679,0.017745
Lacunisphaera_limnophila,bacteria,Lacunisphaera,33,60,0.55,0.424917,0.669065,0.060294,0.0,0.242043,0.242043,0.120405,0.138442,0.218919,0.114444
Bacillus_firmus,bacteria,Bacillus,33,60,0.55,0.424917,0.669065,0.059608,0.0,0.179334,0.179334,0.110841,0.143792,0.201529,0.138831
Curtobacterium_pusillum,bacteria,Curtobacterium,33,60,0.55,0.424917,0.669065,0.077537,0.0,0.186947,0.186947,0.110815,0.131879,0.201481,0.115014
Prevotella_copri,bacteria,Prevotella,33,60,0.55,0.424917,0.669065,0.070067,0.0,0.204993,0.204993,0.112108,0.12872,0.203832,0.106152
Anaerotruncus_colihominis,bacteria,Anaerotruncus,33,60,0.55,0.424917,0.669065,0.045916,0.0,0.053144,0.053144,0.029058,0.026763,0.052833,0.005023
Alistipes_senegalensis,bacteria,Alistipes,33,60,0.55,0.424917,0.669065,0.128119,0.0,0.149261,0.149261,0.080419,0.074099,0.146216,0.014222
Staphylococcus_vitulinus,bacteria,Staphylococcus,33,60,0.55,0.424917,0.669065,0.1004,0.0,0.121041,0.121041,0.065722,0.060633,0.119494,0.012325
Clostridium_clostridioforme,bacteria,Clostridium,33,60,0.55,0.424917,0.669065,0.051304,0.0,0.060978,0.060978,0.033585,0.031044,0.061064,0.006816
Pichia_exigua,fungi,Pichia,33,60,0.55,0.424917,0.669065,0.031165,0.0,0.037329,0.037329,0.019949,0.018421,0.036271,0.003894
Bipolaris_sorokiniana,fungi,Bipolaris,33,60,0.55,0.424917,0.669065,0.073984,0.0,0.226681,0.226681,0.121728,0.135688,0.221324,0.105894
Thermobifida_fusca,bacteria,Thermobifida,33,60,0.55,0.424917,0.669065,0.061853,0.0,0.075025,0.075025,0.040853,0.037796,0.074278,0.008572
Thermobacillus_composti,bacteria,Thermobacillus,33,60,0.55,0.424917,0.669065,0.086991,0.0,0.103728,0.103728,0.055772,0.051483,0.101403,0.010725
Talaromyces_wortmannii,fungi,Talaromyces,33,60,0.55,0.424917,0.669065,0.103359,0.0,0.122164,0.122164,0.067575,0.062577,0.122864,0.014649
Mycobacterium_novocastrense,bacteria,Mycobacterium,33,60,0.55,0.424917,0.669065,0.03712,0.0,0.043412,0.043412,0.023167,0.02288,0.042122,0.011908
Anaerococcus_senegalensis,bacteria,Anaerococcus,33,60,0.55,0.424917,0.669065,0.070341,0.0,0.181306,0.181306,0.107931,0.130035,0.196239,0.115348
Anaerococcus_vaginalis,bacteria,Anaerococcus,33,60,0.55,0.424917,0.669065,0.082048,0.0,0.09519,0.09519,0.053191,0.049597,0.096711,0.013965
Brucella_inopinata,bacteria,Brucella,33,60,0.55,0.424917,0.669065,9.6e-05,0.0,0.000266,0.000266,0.000191,0.000294,0.000347,0.000322
Talaromyces_purpureogenus,fungi,Talaromyces,33,60,0.55,0.424917,0.669065,0.106937,0.0,0.128195,0.128195,0.068565,0.063234,0.124664,0.012659
Streptomyces_leeuwenhoekii,bacteria,Streptomyces,33,60,0.55,0.424917,0.669065,0.128826,0.0,0.15622,0.15622,0.085339,0.078692,0.155161,0.015651
Lachnoclostridium_phocaeense,bacteria,Lachnoclostridium,33,60,0.55,0.424917,0.669065,0.043413,0.0,0.049467,0.049467,0.027722,0.025658,0.050404,0.005903
Hyphomonas_polymorpha,bacteria,Hyphomonas,33,60,0.55,0.424917,0.669065,0.122226,0.0,0.148016,0.148016,0.079872,0.073713,0.145221,0.015214
Hydrogenophaga_taeniospiralis,bacteria,Hydrogenophaga,33,60,0.55,0.424917,0.669065,0.066446,0.0,0.076998,0.076998,0.042282,0.038961,0.076877,0.007485
Prevotella_stercorea,bacteria,Prevotella,33,60,0.55,0.424917,0.669065,0.108372,0.0,0.133693,0.133693,0.071603,0.066028,0.130188,0.013148
Moraxella_oblonga,bacteria,Moraxella,33,60,0.55,0.424917,0.669065,0.116362,0.0,0.130948,0.130948,0.073224,0.067705,0.133135,0.015043
Kineosphaera_limosa,bacteria,Kineosphaera,33,60,0.55,0.424917,0.669065,0.034424,0.0,0.041884,0.041884,0.023096,0.021434,0.041993,0.005358
Jonquetella_anthropi,bacteria,Jonquetella,33,60,0.55,0.424917,0.669065,0.097467,0.0,0.111708,0.111708,0.059945,0.057164,0.108992,0.022632
Clostridium_perfringens,bacteria,Clostridium,33,60,0.55,0.424917,0.669065,0.072951,0.0,0.090694,0.090694,0.047905,0.044446,0.087101,0.011025
Clostridiales_bacterium_VE202-21,bacteria,-,33,60,0.55,0.424917,0.669065,0.0714,0.0,0.086238,0.086238,0.046256,0.042699,0.084102,0.008892
Candidatus_Accumulibacter_phosphatis,bacteria,Candidatus_Accumulibacter,33,60,0.55,0.424917,0.669065,0.036444,0.0,0.043408,0.043408,0.023367,0.021549,0.042486,0.004304
Candida_wancherniae,fungi,Metschnikowia,33,60,0.55,0.424917,0.669065,0.113323,0.0,0.138168,0.138168,0.074965,0.069258,0.1363,0.01492
Corynebacterium_ammoniagenes,bacteria,Corynebacterium,33,60,0.55,0.424917,0.669065,0.109942,0.0,0.126921,0.126921,0.069846,0.064462,0.126992,0.013322
Belnapia_moabensis,bacteria,Belnapia,33,60,0.55,0.424917,0.669065,0.066123,0.0,0.176173,0.176173,0.108271,0.129942,0.196856,0.114665
Dolosicoccus_paucivorans,bacteria,Dolosicoccus,33,60,0.55,0.424917,0.669065,0.039625,0.0,0.045487,0.045487,0.024644,0.022734,0.044807,0.004604
Flavobacterium_indicum,bacteria,Flavobacterium,33,60,0.55,0.424917,0.669065,0.032175,0.0,0.037847,0.037847,0.020517,0.018954,0.037303,0.004073
Friedmanniella_flava,bacteria,Friedmanniella,33,60,0.55,0.424917,0.669065,0.13488,0.0,0.161318,0.161318,0.088013,0.081625,0.160024,0.020017
Fusarium_metavorans,fungi,Fusarium,33,60,0.55,0.424917,0.669065,0.06949,0.0,0.087584,0.087584,0.046383,0.043034,0.084332,0.010683
Enterococcus_avium,bacteria,Enterococcus,33,60,0.55,0.424917,0.669065,0.115265,0.0,0.13795,0.13795,0.074565,0.068965,0.135572,0.015488
Pediococcus_acidilactici,bacteria,Pediococcus,33,60,0.55,0.424917,0.669065,0.105939,0.0,0.124312,0.124312,0.067231,0.06192,0.122239,0.011618
Penicillium_chrysogenum,fungi,Penicillium,33,60,0.55,0.424917,0.669065,0.093062,0.0,0.108905,0.108905,0.059304,0.054733,0.107826,0.011313
Nocardia_carnea,bacteria,Nocardia,33,60,0.55,0.424917,0.669065,0.03581,0.0,0.042767,0.042767,0.023008,0.021244,0.041833,0.004475
Eubacterium_siraeum,bacteria,Eubacterium,33,60,0.55,0.424917,0.669065,0.088896,0.0,0.104499,0.104499,0.057008,0.052688,0.10365,0.011518
Shigella_flexneri,bacteria,Shigella,33,60,0.55,0.424917,0.669065,0.172616,0.0,0.20969,0.20969,0.110716,0.102217,0.201302,0.021423
Citrobacter_farmeri,bacteria,Citrobacter,33,60,0.55,0.424917,0.669065,0.125073,0.0,0.151131,0.151131,0.082537,0.076069,0.150067,0.014769
Acetobacter_cibinongensis,bacteria,Acetobacter,33,60,0.55,0.424917,0.669065,0.090002,0.0,0.107045,0.107045,0.058968,0.054439,0.107215,0.011387
Shigella_sonnei,bacteria,Shigella,33,60,0.55,0.424917,0.669065,0.10133,0.0,0.208795,0.208795,0.11993,0.136727,0.218054,0.111367
Simonsiella_muelleri,bacteria,Simonsiella,33,60,0.55,0.424917,0.669065,0.056002,0.0,0.066084,0.066084,0.036077,0.033369,0.065594,0.007501
Candidatus_Nitrospira_defluvii,bacteria,Nitrospira,33,60,0.55,0.424917,0.669065,0.091192,0.0,0.110099,0.110099,0.058942,0.054431,0.107168,0.011527
Eubacterium_hallii,bacteria,Eubacterium,33,60,0.55,0.424917,0.669065,0.069047,0.0,0.204848,0.204848,0.116555,0.139961,0.211917,0.1236
Aureobasidium_melanogenum,fungi,Aureobasidium,33,60,0.55,0.424917,0.669065,0.0632,0.0,0.069701,0.069701,0.038908,0.035841,0.070742,0.006787
Cyberlindnera_jadinii,fungi,Cyberlindnera,33,60,0.55,0.424917,0.669065,0.085699,0.0,0.102658,0.102658,0.053172,0.052612,0.096677,0.027679
Rhodopseudomonas_palustris,bacteria,Rhodopseudomonas,33,60,0.55,0.424917,0.669065,0.089923,0.0,0.107411,0.107411,0.05816,0.053811,0.105746,0.012227
Aquitalea_pelogenes,bacteria,Aquitalea,33,60,0.55,0.424917,0.669065,0.049895,0.0,0.058721,0.058721,0.032189,0.029835,0.058526,0.007182
Thermomyces_lanuginosus,fungi,Thermomyces,33,60,0.55,0.424917,0.669065,0.056941,0.0,0.066258,0.066258,0.036355,0.033529,0.066099,0.006726
Domibacillus_antri,bacteria,Domibacillus,33,60,0.55,0.424917,0.669065,0.07971,0.0,0.098122,0.098122,0.051977,0.048278,0.094504,0.012361
Caballeronia_sordidicola,bacteria,Caballeronia,33,60,0.55,0.424917,0.669065,0.151256,0.0,0.179376,0.179376,0.099591,0.091969,0.181075,0.019473
Streptococcus_suis,bacteria,Streptococcus,33,60,0.55,0.424917,0.669065,0.114817,0.0,0.145316,0.145316,0.073426,0.07251,0.133501,0.037723
Halobacterium_salinarum,bacteria,Halobacterium,33,60,0.55,0.424917,0.669065,0.064451,0.0,0.074029,0.074029,0.039678,0.036427,0.072142,0.005596
Streptomyces_avermitilis,bacteria,Streptomyces,33,60,0.55,0.424917,0.669065,0.024861,0.0,0.029429,0.029429,0.015762,0.014521,0.028658,0.002762
Streptomyces_collinus,bacteria,Streptomyces,33,60,0.55,0.424917,0.669065,0.036453,0.0,0.046865,0.046865,0.024829,0.022981,0.045143,0.005296
Ruminococcaceae_bacterium_D16,bacteria,-,33,60,0.55,0.424917,0.669065,0.070799,0.0,0.088156,0.088156,0.047288,0.043743,0.085978,0.009872
Aspergillus_parasiticus,fungi,Aspergillus,33,60,0.55,0.424917,0.669065,0.047835,0.0,0.054578,0.054578,0.030165,0.027825,0.054846,0.005614
Carnobacterium_viridans,bacteria,Carnobacterium,33,60,0.55,0.424917,0.669065,0.115278,0.0,0.134209,0.134209,0.074255,0.068698,0.135008,0.015581
Alistipes_indistinctus,bacteria,Alistipes,32,60,0.533333,0.408932,0.653723,0.15299,0.0,0.179028,0.179028,0.096197,0.091692,0.18037,0.01814
Metarhizium_album,fungi,Metarhizium,32,60,0.533333,0.408932,0.653723,0.099906,0.0,0.114908,0.114908,0.061994,0.059197,0.116239,0.01268
Bifidobacterium_adolescentis,bacteria,Bifidobacterium,32,60,0.533333,0.408932,0.653723,0.074826,0.0,0.199953,0.199953,0.120475,0.148449,0.22589,0.131762
Subdoligranulum_variabile,bacteria,Subdoligranulum,32,60,0.533333,0.408932,0.653723,0.051993,0.0,0.06587,0.06587,0.033937,0.032419,0.063632,0.007055
Bacteroides_neonati,bacteria,Bacteroides,32,60,0.533333,0.408932,0.653723,0.039722,0.0,0.048609,0.048609,0.024989,0.024663,0.046855,0.010004
Altererythrobacter_dongtanensis,bacteria,Altererythrobacter,32,60,0.533333,0.408932,0.653723,0.107901,0.0,0.127973,0.127973,0.06842,0.065293,0.128287,0.013631
Leifsonia_xyli,bacteria,Leifsonia,32,60,0.533333,0.408932,0.653723,0.102259,0.0,0.125761,0.125761,0.065096,0.062114,0.122055,0.012906
Pseudoxanthomonas_spadix,bacteria,Pseudoxanthomonas,32,60,0.533333,0.408932,0.653723,0.141241,0.0,0.167956,0.167956,0.0874,0.083155,0.163875,0.014959
Lactobacillus_vaginalis,bacteria,Lactobacillus,32,60,0.533333,0.408932,0.653723,0.106784,0.0,0.130328,0.130328,0.067714,0.06444,0.126965,0.011738
Symbiobacterium_thermophilum,bacteria,Symbiobacterium,32,60,0.533333,0.408932,0.653723,0.052327,0.0,0.061765,0.061765,0.033141,0.031681,0.06214,0.007084
Lentzea_albida,bacteria,Lentzea,32,60,0.533333,0.408932,0.653723,0.092225,0.0,0.10872,0.10872,0.056879,0.054242,0.106648,0.010985
Corynebacterium_durum,bacteria,Corynebacterium,32,60,0.533333,0.408932,0.653723,0.075296,0.0,0.232246,0.232246,0.12466,0.155567,0.233738,0.140506
Collinsella_stercoris,bacteria,Collinsella,32,60,0.533333,0.408932,0.653723,0.128279,0.0,0.158226,0.158226,0.082614,0.078946,0.154901,0.017417
Marmoricola_aequoreus,bacteria,Marmoricola,32,60,0.533333,0.408932,0.653723,0.054468,0.0,0.065251,0.065251,0.034805,0.033369,0.065259,0.008232
Massilimaliae_massiliensis,bacteria,Massilimaliae,32,60,0.533333,0.408932,0.653723,0.095363,0.0,0.112535,0.112535,0.059679,0.057036,0.111899,0.012629
Megasphaera_micronuciformis,bacteria,Megasphaera,32,60,0.533333,0.408932,0.653723,0.086723,0.0,0.10413,0.10413,0.054174,0.051736,0.101577,0.011127
Methylobrevis_pamukkalensis,bacteria,Methylobrevis,32,60,0.533333,0.408932,0.653723,0.059564,0.0,0.071811,0.071811,0.03815,0.036564,0.071531,0.00892
Talaromyces_amestolkiae,fungi,Talaromyces,32,60,0.533333,0.408932,0.653723,0.026448,0.0,0.03315,0.03315,0.017184,0.016418,0.032221,0.003591
Bacillus_taxi,bacteria,Bacillus,32,60,0.533333,0.408932,0.653723,0.081828,0.0,0.183514,0.183514,0.107857,0.123842,0.202231,0.097409
Weissella_paramesenteroides,bacteria,Weissella,32,60,0.533333,0.408932,0.653723,0.031383,0.0,0.03825,0.03825,0.020125,0.019546,0.037734,0.006421
Thermus_thermophilus,bacteria,Thermus,32,60,0.533333,0.408932,0.653723,0.05307,0.0,0.061131,0.061131,0.03281,0.031267,0.061518,0.00613
Acinetobacter_beijerinckii,bacteria,Acinetobacter,32,60,0.533333,0.408932,0.653723,0.08898,0.0,0.104587,0.104587,0.055878,0.053472,0.104771,0.012404
Acinetobacter_dijkshoorniae,bacteria,Acinetobacter,32,60,0.533333,0.408932,0.653723,0.069104,0.0,0.084173,0.084173,0.043737,0.041728,0.082008,0.00862
Papiliotrema_laurentii,fungi,Papiliotrema,32,60,0.533333,0.408932,0.653723,0.075606,0.0,0.216597,0.216597,0.122889,0.144489,0.230418,0.118987
Methanosarcina_mazei,bacteria,Methanosarcina,32,60,0.533333,0.408932,0.653723,0.081938,0.0,0.097741,0.097741,0.051754,0.049347,0.097039,0.00992
Actinomyces_radingae,bacteria,Actinomyces,32,60,0.533333,0.408932,0.653723,0.057386,0.0,0.069874,0.069874,0.036504,0.036054,0.068446,0.01474
Meiothermus_silvanus,bacteria,Meiothermus,32,60,0.533333,0.408932,0.653723,0.142464,0.0,0.171855,0.171855,0.090959,0.086864,0.170549,0.01867
Proteus_mirabilis,bacteria,Proteus,32,60,0.533333,0.408932,0.653723,0.059704,0.0,0.072134,0.072134,0.036914,0.036413,0.069214,0.01469
Bacillus_smithii,bacteria,Bacillus,32,60,0.533333,0.408932,0.653723,0.050063,0.0,0.059539,0.059539,0.031277,0.029862,0.058645,0.006358
Bacillus_megaterium,bacteria,Bacillus,32,60,0.533333,0.408932,0.653723,0.130278,0.0,0.149969,0.149969,0.080514,0.076841,0.150963,0.016099
Tyzzerella_nexilis,bacteria,Tyzzerella,32,60,0.533333,0.408932,0.653723,0.096049,0.0,0.120297,0.120297,0.062811,0.059951,0.11777,0.012607
Hydrotalea_flava,bacteria,Hydrotalea,32,60,0.533333,0.408932,0.653723,0.070247,0.0,0.213382,0.213382,0.117935,0.14544,0.221128,0.129242
Mogibacterium_timidum,bacteria,Mogibacterium,32,60,0.533333,0.408932,0.653723,0.133434,0.0,0.159274,0.159274,0.083227,0.082219,0.156051,0.033688
Hyphomicrobium_denitrificans,bacteria,Hyphomicrobium,32,60,0.533333,0.408932,0.653723,0.107084,0.0,0.127288,0.127288,0.067708,0.064706,0.126953,0.014303
Raoultella_terrigena,bacteria,Raoultella,32,60,0.533333,0.408932,0.653723,0.088695,0.0,0.1132,0.1132,0.056865,0.056053,0.106622,0.02244
Raoultella_planticola,bacteria,Raoultella,32,60,0.533333,0.408932,0.653723,0.038436,0.0,0.045584,0.045584,0.024017,0.022902,0.045031,0.004624
Clostridiales_bacterium_VE202-28,bacteria,-,32,60,0.533333,0.408932,0.653723,0.019108,0.0,0.023894,0.023894,0.012396,0.011841,0.023243,0.002575
Anaerosporobacter_mobilis,bacteria,Anaerosporobacter,32,60,0.533333,0.408932,0.653723,0.097738,0.0,0.114008,0.114008,0.061309,0.058549,0.114954,0.012587
Mycobacterium_numidiamassiliense,bacteria,Mycobacterium,32,60,0.533333,0.408932,0.653723,0.12749,0.0,0.158129,0.158129,0.081501,0.077825,0.152814,0.016674
Stemphylium_lycopersici,fungi,Stemphylium,32,60,0.533333,0.408932,0.653723,0.113635,0.0,0.142542,0.142542,0.074093,0.070754,0.138925,0.015187
Alistipes_timonensis,bacteria,Alistipes,32,60,0.533333,0.408932,0.653723,0.019761,0.0,0.023193,0.023193,0.012579,0.012025,0.023586,0.002684
Clostridium_celerecrescens,bacteria,Clostridium,32,60,0.533333,0.408932,0.653723,0.024059,0.0,0.027621,0.027621,0.015002,0.014323,0.028129,0.003048
Prevotella_bergensis,bacteria,Prevotella,32,60,0.533333,0.408932,0.653723,0.04428,0.0,0.052708,0.052708,0.028058,0.026812,0.052609,0.005915
Psychrobacter_arcticus,bacteria,Psychrobacter,32,60,0.533333,0.408932,0.653723,0.099837,0.0,0.1161,0.1161,0.061981,0.058945,0.116215,0.010328
Corynebacterium_vitaeruminis,bacteria,Corynebacterium,32,60,0.533333,0.408932,0.653723,0.148187,0.0,0.172861,0.172861,0.091601,0.087217,0.171752,0.01635
Cronobacter_sakazakii,bacteria,Cronobacter,32,60,0.533333,0.408932,0.653723,0.020716,0.0,0.025252,0.025252,0.013219,0.012616,0.024785,0.002644
Citrobacter_sedlakii,bacteria,Citrobacter,32,60,0.533333,0.408932,0.653723,0.079015,0.0,0.09563,0.09563,0.048836,0.048328,0.091568,0.020152
Cercospora_nicotianae,fungi,Cercospora,32,60,0.533333,0.408932,0.653723,0.061439,0.0,0.075643,0.075643,0.039917,0.038251,0.074845,0.009283
Bacillus_hisashii,bacteria,Bacillus,32,60,0.533333,0.408932,0.653723,0.051797,0.0,0.062922,0.062922,0.033547,0.031958,0.0629,0.006158
Bradyrhizobium_oligotrophicum,bacteria,Bradyrhizobium,32,60,0.533333,0.408932,0.653723,0.020048,0.0,0.024753,0.024753,0.013098,0.012498,0.024558,0.002598
Clostridium_symbiosum,bacteria,Lachnoclostridium,32,60,0.533333,0.408932,0.653723,0.106578,0.0,0.130629,0.130629,0.068449,0.065337,0.128342,0.013787
Colletotrichum_coccodes,fungi,Colletotrichum,32,60,0.533333,0.408932,0.653723,0.077852,0.0,0.170741,0.170741,0.108556,0.130452,0.203543,0.111494
Catenuloplanes_japonicus,bacteria,Catenuloplanes,32,60,0.533333,0.408932,0.653723,0.083815,0.0,0.10082,0.10082,0.052991,0.050577,0.099358,0.010632
Adhaeribacter_aquaticus,bacteria,Adhaeribacter,32,60,0.533333,0.408932,0.653723,0.075926,0.0,0.091107,0.091107,0.048429,0.04634,0.090804,0.010723
Caulobacter_segnis,bacteria,Caulobacter,32,60,0.533333,0.408932,0.653723,0.068461,0.0,0.164446,0.164446,0.109334,0.137768,0.205001,0.126011
Cecembia_lonarensis,bacteria,Cecembia,32,60,0.533333,0.408932,0.653723,0.120773,0.0,0.145604,0.145604,0.077844,0.0743,0.145957,0.015638
Chaetomium_cochliodes,fungi,Chaetomium,32,60,0.533333,0.408932,0.653723,0.032353,0.0,0.037601,0.037601,0.020109,0.019154,0.037704,0.003669
Kingella_oralis,bacteria,Kingella,32,60,0.533333,0.408932,0.653723,0.132915,0.0,0.162791,0.162791,0.083871,0.083012,0.157258,0.034671
Actinotalea_ferrariae,bacteria,Actinotalea,32,60,0.533333,0.408932,0.653723,0.026444,0.0,0.03185,0.03185,0.016863,0.016149,0.031618,0.003843
Knoellia_aerolata,bacteria,Knoellia,32,60,0.533333,0.408932,0.653723,0.105284,0.0,0.131933,0.131933,0.06802,0.064775,0.127538,0.01225
Kocuria_polaris,bacteria,Kocuria,32,60,0.533333,0.408932,0.653723,0.078029,0.0,0.225041,0.225041,0.120204,0.142061,0.225383,0.118065
Lachnospiraceae_bacterium_1_4_56FAA,bacteria,-,32,60,0.533333,0.408932,0.653723,0.095686,0.0,0.118691,0.118691,0.061635,0.058757,0.115566,0.011711
Mycobacterium_holsaticum,bacteria,Mycobacterium,32,60,0.533333,0.408932,0.653723,0.08845,0.0,0.10353,0.10353,0.053807,0.053114,0.100888,0.02159
Halobellus_clavatus,bacteria,Halobellus,32,60,0.533333,0.408932,0.653723,0.096113,0.0,0.114888,0.114888,0.062543,0.059841,0.117267,0.013816
Arthrobacter_phenanthrenivorans,bacteria,Arthrobacter,32,60,0.533333,0.408932,0.653723,0.078308,0.0,0.23127,0.23127,0.120191,0.136444,0.225359,0.104725
Stachybotrys_chlorohalonata,fungi,Stachybotrys,32,60,0.533333,0.408932,0.653723,0.164901,0.0,0.202539,0.202539,0.106013,0.101441,0.198775,0.023481
Cloacibacillus_evryensis,bacteria,Cloacibacillus,32,60,0.533333,0.408932,0.653723,0.105225,0.0,0.126312,0.126312,0.067083,0.064161,0.12578,0.014622
Chlorogloeopsis_fritschii,bacteria,Chlorogloeopsis,32,60,0.533333,0.408932,0.653723,0.083067,0.0,0.093393,0.093393,0.051584,0.049418,0.09672,0.011894
Caenibacillus_caldisaponilyticus,bacteria,Caenibacillus,32,60,0.533333,0.408932,0.653723,0.098266,0.0,0.119401,0.119401,0.062633,0.059934,0.117436,0.013897
Actinomyces_israelii,bacteria,Actinomyces,32,60,0.533333,0.408932,0.653723,0.025757,0.0,0.031123,0.031123,0.016313,0.015557,0.030587,0.003155
Gemella_morbillorum,bacteria,Gemella,32,60,0.533333,0.408932,0.653723,0.13573,0.0,0.167621,0.167621,0.085576,0.08448,0.160456,0.03436
Gemmata_obscuriglobus,bacteria,Gemmata,32,60,0.533333,0.408932,0.653723,0.017814,0.0,0.021113,0.021113,0.011388,0.010915,0.021352,0.002669
Deinococcus_proteolyticus,bacteria,Deinococcus,32,60,0.533333,0.408932,0.653723,0.038755,0.0,0.044646,0.044646,0.024006,0.022909,0.045012,0.004778
Aquaspirillum_serpens,bacteria,Aquaspirillum,32,60,0.533333,0.408932,0.653723,0.153005,0.0,0.173621,0.173621,0.09468,0.090394,0.177526,0.019229
Gemmiger_formicilis,bacteria,Gemmiger,32,60,0.533333,0.408932,0.653723,0.054311,0.0,0.207712,0.207712,0.117168,0.137427,0.21969,0.112672
Halopelagius_inordinatus,bacteria,Halopelagius,32,60,0.533333,0.408932,0.653723,0.090785,0.0,0.108762,0.108762,0.057923,0.055207,0.108606,0.010898
Halorhabdus_tiamatea,bacteria,Halorhabdus,32,60,0.533333,0.408932,0.653723,0.034594,0.0,0.045191,0.045191,0.022595,0.021615,0.042365,0.004965
Phoma_herbarum,fungi,Phoma,32,60,0.533333,0.408932,0.653723,0.112659,0.0,0.13439,0.13439,0.070581,0.067146,0.132339,0.012008
Mycobacterium_smegmatis,bacteria,Mycobacterium,32,60,0.533333,0.408932,0.653723,0.061999,0.0,0.080705,0.080705,0.040637,0.038865,0.076195,0.008834
Neisseria_macacae,bacteria,Neisseria,32,60,0.533333,0.408932,0.653723,0.07713,0.0,0.227101,0.227101,0.122564,0.150308,0.229808,0.132507
Neisseria_cinerea,bacteria,Neisseria,32,60,0.533333,0.408932,0.653723,0.155716,0.0,0.18991,0.18991,0.0993,0.094745,0.186188,0.019631
Geobacillus_kaustophilus,bacteria,Geobacillus,32,60,0.533333,0.408932,0.653723,0.101389,0.0,0.118114,0.118114,0.064152,0.061259,0.120285,0.013126
Eubacterium_yurii,bacteria,Peptoanaerobacter,32,60,0.533333,0.408932,0.653723,0.114031,0.0,0.132536,0.132536,0.072092,0.068901,0.135172,0.015287
Paenibacillus_glucanolyticus,bacteria,Paenibacillus,32,60,0.533333,0.408932,0.653723,0.051519,0.0,0.201373,0.201373,0.116532,0.148385,0.218498,0.137503
Penicillium_digitatum,fungi,Penicillium,32,60,0.533333,0.408932,0.653723,0.100903,0.0,0.120038,0.120038,0.064006,0.06104,0.120011,0.012377
Flavonifractor_plautii,bacteria,Flavonifractor,32,60,0.533333,0.408932,0.653723,0.171468,0.0,0.203981,0.203981,0.108617,0.10377,0.203657,0.022686
Geotrichum_fermentans,fungi,Geotrichum,32,60,0.533333,0.408932,0.653723,0.156442,0.0,0.187636,0.187636,0.101348,0.097098,0.190027,0.023423
Salinibacter_ruber,bacteria,Salinibacter,32,60,0.533333,0.408932,0.653723,0.049497,0.0,0.057407,0.057407,0.030796,0.02933,0.057742,0.005576
Fusarium_luffae,fungi,Fusarium,32,60,0.533333,0.408932,0.653723,0.131019,0.0,0.161336,0.161336,0.08308,0.079209,0.155776,0.015856
Trichophyton_soudanense,fungi,Trichophyton,32,60,0.533333,0.408932,0.653723,0.083052,0.0,0.207666,0.207666,0.125678,0.153181,0.235646,0.133824
Trichoderma_citrinoviride,fungi,Trichoderma,32,60,0.533333,0.408932,0.653723,0.153972,0.0,0.179135,0.179135,0.095115,0.090851,0.178342,0.019689
Capnocytophaga_ochracea,bacteria,Capnocytophaga,32,60,0.533333,0.408932,0.653723,0.167915,0.0,0.2147,0.2147,0.107371,0.106071,0.201321,0.043465
Acidovorax_avenae,bacteria,Acidovorax,32,60,0.533333,0.408932,0.653723,0.128299,0.0,0.158675,0.158675,0.082189,0.078395,0.154104,0.016028
Carnobacterium_divergens,bacteria,Carnobacterium,32,60,0.533333,0.408932,0.653723,0.066627,0.0,0.240124,0.240124,0.12442,0.141396,0.233288,0.108784
Oribacterium_parvum,bacteria,Oribacterium,32,60,0.533333,0.408932,0.653723,0.03828,0.0,0.046597,0.046597,0.024454,0.023346,0.045852,0.004955
Shewanella_denitrificans,bacteria,Shewanella,32,60,0.533333,0.408932,0.653723,0.057876,0.0,0.066246,0.066246,0.035386,0.033673,0.06635,0.006116
Acidaminococcus_fermentans,bacteria,Acidaminococcus,32,60,0.533333,0.408932,0.653723,0.092461,0.0,0.111801,0.111801,0.059326,0.056746,0.111237,0.012958
Timonella_senegalensis,bacteria,Timonella,32,60,0.533333,0.408932,0.653723,0.079882,0.0,0.09241,0.09241,0.050123,0.047842,0.09398,0.010075
Alistipes_finegoldii,bacteria,Alistipes,31,60,0.516667,0.393076,0.638252,0.12834,0.0,0.153215,0.153215,0.077862,0.076563,0.1507,0.013626
Aliicoccus_persicus,bacteria,Aliicoccus,31,60,0.516667,0.393076,0.638252,0.165761,0.0,0.203261,0.203261,0.102983,0.101543,0.199322,0.020875
Afipia_birgiae,bacteria,Afipia,31,60,0.516667,0.393076,0.638252,0.096301,0.0,0.115479,0.115479,0.059635,0.058878,0.115423,0.012799
Alloprevotella_tannerae,bacteria,Alloprevotella,31,60,0.516667,0.393076,0.638252,0.168734,0.0,0.211734,0.211734,0.107759,0.106346,0.208566,0.02272
Anaerostipes_hadrus,bacteria,Anaerostipes,31,60,0.516667,0.393076,0.638252,0.165164,0.0,0.195731,0.195731,0.102114,0.100702,0.197641,0.020842
Archangium_gephyra,bacteria,Archangium,31,60,0.516667,0.393076,0.638252,0.101968,0.0,0.122275,0.122275,0.063363,0.062557,0.122637,0.013589
Peptostreptococcaceae_bacterium_AS15,bacteria,-,31,60,0.516667,0.393076,0.638252,0.037888,0.0,0.042003,0.042003,0.02256,0.022284,0.043665,0.004933
Penicillium_solitum,fungi,Penicillium,31,60,0.516667,0.393076,0.638252,0.112806,0.0,0.128778,0.128778,0.066901,0.065913,0.129486,0.013054
Penicillium_paneum,fungi,Penicillium,31,60,0.516667,0.393076,0.638252,0.096297,0.0,0.121411,0.121411,0.061744,0.060814,0.119505,0.01186
Neurospora_tetrasperma,fungi,Neurospora,31,60,0.516667,0.393076,0.638252,0.057631,0.0,0.185394,0.185394,0.105549,0.129302,0.204288,0.109713
Penicillium_brasilianum,fungi,Penicillium,31,60,0.516667,0.393076,0.638252,0.104179,0.0,0.123817,0.123817,0.064935,0.064223,0.125681,0.014917
Bacillus_halosaccharovorans,bacteria,Bacillus,31,60,0.516667,0.393076,0.638252,0.1507,0.0,0.182827,0.182827,0.094058,0.0927,0.182048,0.018652
Bacillus_thermoamylovorans,bacteria,Bacillus,31,60,0.516667,0.393076,0.638252,0.076817,0.0,0.092109,0.092109,0.047796,0.047156,0.092508,0.009953
Bacillus_marmarensis,bacteria,Bacillus,31,60,0.516667,0.393076,0.638252,0.032755,0.0,0.039154,0.039154,0.020305,0.020039,0.039301,0.004278
Bacteroides_finegoldii,bacteria,Bacteroides,31,60,0.516667,0.393076,0.638252,0.063995,0.0,0.220253,0.220253,0.119713,0.153407,0.231703,0.139534
Bacteroides_xylanolyticus,bacteria,Bacteroides,31,60,0.516667,0.393076,0.638252,0.014911,0.0,0.018719,0.018719,0.009482,0.009364,0.018352,0.002061
Blastococcus_saxobsidens,bacteria,Blastococcus,31,60,0.516667,0.393076,0.638252,0.097517,0.0,0.11253,0.11253,0.059536,0.058748,0.115231,0.012489
Mycoplasma_salivarium,bacteria,Mycoplasma,31,60,0.516667,0.393076,0.638252,0.049154,0.0,0.17571,0.17571,0.10623,0.137822,0.205607,0.127448
Brachybacterium_nesterenkovii,bacteria,Brachybacterium,31,60,0.516667,0.393076,0.638252,0.037156,0.0,0.044852,0.044852,0.023161,0.022865,0.044827,0.004955
Bryobacter_aggregatus,bacteria,Bryobacter,31,60,0.516667,0.393076,0.638252,0.126293,0.0,0.155414,0.155414,0.080537,0.07952,0.155878,0.017333
Streptomyces_coelicolor,bacteria,Streptomyces,31,60,0.516667,0.393076,0.638252,0.081627,0.0,0.09299,0.09299,0.049416,0.048804,0.095643,0.010749
Streptococcus_sinensis,bacteria,Streptococcus,31,60,0.516667,0.393076,0.638252,0.104032,0.0,0.133143,0.133143,0.066219,0.065295,0.128165,0.01344
Streptococcus_peroris,bacteria,Streptococcus,31,60,0.516667,0.393076,0.638252,0.061614,0.0,0.0715,0.0715,0.036729,0.03617,0.071088,0.006996
Campylobacter_showae,bacteria,Campylobacter,31,60,0.516667,0.393076,0.638252,0.055323,0.0,0.069855,0.069855,0.035351,0.034817,0.068422,0.006774
Caldibacillus_debilis,bacteria,Caldibacillus,31,60,0.516667,0.393076,0.638252,0.132464,0.0,0.158872,0.158872,0.08308,0.081974,0.1608,0.017367
Carnobacterium_inhibens,bacteria,Carnobacterium,31,60,0.516667,0.393076,0.638252,0.081072,0.0,0.096167,0.096167,0.050154,0.049408,0.097073,0.009727
Clavispora_lusitaniae,fungi,Clavispora,31,60,0.516667,0.393076,0.638252,0.177631,0.0,0.216846,0.216846,0.110342,0.108803,0.213565,0.022409
Comamonas_aquatica,bacteria,Comamonas,31,60,0.516667,0.393076,0.638252,0.045707,0.0,0.198498,0.198498,0.10896,0.132409,0.21089,0.110758
Staphylococcus_condimenti,bacteria,Staphylococcus,31,60,0.516667,0.393076,0.638252,0.118371,0.0,0.141685,0.141685,0.07331,0.072136,0.141889,0.013368
Corynebacterium_imitans,bacteria,Corynebacterium,31,60,0.516667,0.393076,0.638252,0.130931,0.0,0.163579,0.163579,0.083391,0.082174,0.161403,0.016402
Corynebacterium_genitalium,bacteria,Corynebacterium,31,60,0.516667,0.393076,0.638252,0.078352,0.0,0.217187,0.217187,0.114765,0.129204,0.222125,0.09049
Corynebacterium_variabile,bacteria,Corynebacterium,31,60,0.516667,0.393076,0.638252,0.150819,0.0,0.185652,0.185652,0.095807,0.094533,0.185433,0.020035
Curvibacter_delicatus,bacteria,Curvibacter,31,60,0.516667,0.393076,0.638252,0.113994,0.0,0.218514,0.218514,0.123962,0.147394,0.239927,0.118219
Cryptococcus_neoformans,fungi,Cryptococcus,31,60,0.516667,0.393076,0.638252,0.014945,0.0,0.017953,0.017953,0.00937,0.009232,0.018135,0.001836
Couchioplanes_caeruleus,bacteria,Couchioplanes,31,60,0.516667,0.393076,0.638252,0.017288,0.0,0.020133,0.020133,0.010512,0.010349,0.020346,0.001967
Sphingobium_yanoikuyae,bacteria,Sphingobium,31,60,0.516667,0.393076,0.638252,0.05902,0.0,0.214178,0.214178,0.120687,0.149278,0.233588,0.128738
Prevotella_amnii,bacteria,Prevotella,31,60,0.516667,0.393076,0.638252,0.111405,0.0,0.13739,0.13739,0.069948,0.069042,0.135383,0.014853
Mycobacterium_neglectum,bacteria,Mycobacterium,31,60,0.516667,0.393076,0.638252,0.120062,0.0,0.143349,0.143349,0.074873,0.073977,0.144916,0.016559
Mycobacterium_mageritense,bacteria,Mycobacterium,31,60,0.516667,0.393076,0.638252,0.052976,0.0,0.066086,0.066086,0.033617,0.033262,0.065065,0.007841
Desemzia_incerta,bacteria,Desemzia,31,60,0.516667,0.393076,0.638252,0.057567,0.0,0.203076,0.203076,0.112948,0.133624,0.21861,0.106051
Dermabacter_vaginalis,bacteria,Dermabacter,31,60,0.516667,0.393076,0.638252,0.10622,0.0,0.133875,0.133875,0.068297,0.06729,0.132188,0.013333
Delftia_tsuruhatensis,bacteria,Delftia,31,60,0.516667,0.393076,0.638252,0.038787,0.0,0.233121,0.233121,0.121606,0.155868,0.235367,0.141816
Duganella_sacchari,bacteria,Duganella,31,60,0.516667,0.393076,0.638252,0.08841,0.0,0.109312,0.109312,0.05591,0.055124,0.108212,0.011294
Sorangium_cellulosum,bacteria,Sorangium,31,60,0.516667,0.393076,0.638252,0.019636,0.0,0.025284,0.025284,0.012597,0.012451,0.024382,0.002826
Shigella_dysenteriae,bacteria,Shigella,31,60,0.516667,0.393076,0.638252,0.108711,0.0,0.132228,0.132228,0.067566,0.066843,0.130773,0.015676
Enterococcus_hirae,bacteria,Enterococcus,31,60,0.516667,0.393076,0.638252,0.097231,0.0,0.11837,0.11837,0.060209,0.059705,0.116534,0.015099
Eubacterium_eligens,bacteria,Eubacterium,31,60,0.516667,0.393076,0.638252,0.041888,0.0,0.212522,0.212522,0.114238,0.143241,0.221105,0.126236
Faecalicoccus_pleomorphus,bacteria,Faecalicoccus,31,60,0.516667,0.393076,0.638252,0.112104,0.0,0.134989,0.134989,0.070471,0.069442,0.136395,0.013864
Ezakiella_massiliensis,bacteria,Ezakiella,31,60,0.516667,0.393076,0.638252,0.064076,0.0,0.210861,0.210861,0.118171,0.153826,0.228718,0.142861
Selenomonas_sputigena,bacteria,Selenomonas,31,60,0.516667,0.393076,0.638252,0.050284,0.0,0.169136,0.169136,0.107262,0.139399,0.207603,0.129193
Fusarium_commune,fungi,Fusarium,31,60,0.516667,0.393076,0.638252,0.064203,0.0,0.076167,0.076167,0.039201,0.038683,0.075872,0.008229
Flavobacterium_johnsoniae,bacteria,Flavobacterium,31,60,0.516667,0.393076,0.638252,0.169097,0.0,0.212612,0.212612,0.106563,0.105298,0.206251,0.023652
Fusarium_oxysporum,fungi,Fusarium,31,60,0.516667,0.393076,0.638252,0.066319,0.0,0.08097,0.08097,0.040614,0.040119,0.078608,0.008899
Schizophyllum_commune,fungi,Schizophyllum,31,60,0.516667,0.393076,0.638252,0.133836,0.0,0.16935,0.16935,0.085937,0.08458,0.16633,0.01586
Sanguibacter_keddieii,bacteria,Sanguibacter,31,60,0.516667,0.393076,0.638252,0.085224,0.0,0.102018,0.102018,0.05247,0.051593,0.101556,0.009162
Gluconobacter_oxydans,bacteria,Gluconacetobacter,31,60,0.516667,0.393076,0.638252,0.060654,0.0,0.219159,0.219159,0.107585,0.127258,0.208229,0.100964
Hanseniaspora_uvarum,fungi,Hanseniaspora,31,60,0.516667,0.393076,0.638252,0.079821,0.0,0.218225,0.218225,0.114015,0.133949,0.220673,0.104714
Roseburia_hominis,bacteria,Roseburia,31,60,0.516667,0.393076,0.638252,0.169315,0.0,0.211624,0.211624,0.10868,0.107003,0.210348,0.020473
Hydrobacter_penzbergensis,bacteria,Hydrobacter,31,60,0.516667,0.393076,0.638252,0.127654,0.0,0.155849,0.155849,0.079432,0.078426,0.15374,0.017072
Rhodobacter_sphaeroides,bacteria,Rhodobacter,31,60,0.516667,0.393076,0.638252,0.055254,0.0,0.064028,0.064028,0.033013,0.032527,0.063896,0.006458
Rhizobium_tropici,bacteria,Rhizobium,31,60,0.516667,0.393076,0.638252,0.060503,0.0,0.072225,0.072225,0.037493,0.037011,0.072568,0.007986
Ralstonia_solanacearum,bacteria,Ralstonia,31,60,0.516667,0.393076,0.638252,0.090847,0.0,0.106543,0.106543,0.055645,0.054989,0.1077,0.012394
Pyricularia_grisea,fungi,Pyricularia,31,60,0.516667,0.393076,0.638252,0.063331,0.0,0.074927,0.074927,0.03899,0.038573,0.075465,0.009045
Puccinia_arachidis,fungi,Puccinia,31,60,0.516667,0.393076,0.638252,0.020249,0.0,0.167623,0.167623,0.106793,0.14367,0.206697,0.138766
Kingella_denitrificans,bacteria,Kingella,31,60,0.516667,0.393076,0.638252,0.144926,0.0,0.170861,0.170861,0.090468,0.089537,0.175098,0.021304
Kribbella_flavida,bacteria,Kribbella,31,60,0.516667,0.393076,0.638252,0.076975,0.0,0.096347,0.096347,0.049214,0.048691,0.095253,0.011444
Pseudomonas_syringae,bacteria,Pseudomonas,31,60,0.516667,0.393076,0.638252,0.034424,0.0,0.041531,0.041531,0.021398,0.021156,0.041416,0.004853
Megamonas_funiformis,bacteria,Megamonas,31,60,0.516667,0.393076,0.638252,0.119866,0.0,0.143205,0.143205,0.074566,0.073672,0.144321,0.01648
Modestobacter_marinus,bacteria,Modestobacter,31,60,0.516667,0.393076,0.638252,0.058632,0.0,0.179487,0.179487,0.114497,0.149082,0.221608,0.1385
Microbacterium_profundi,bacteria,Microbacterium,31,60,0.516667,0.393076,0.638252,0.091308,0.0,0.105044,0.105044,0.055505,0.054663,0.107429,0.010601
Murdochiella_massiliensis,bacteria,Murdochiella,31,60,0.516667,0.393076,0.638252,0.007851,0.0,0.00953,0.00953,0.004943,0.004879,0.009567,0.001055
Leptotrichia_trevisanii,bacteria,Leptotrichia,31,60,0.516667,0.393076,0.638252,0.091274,0.0,0.110434,0.110434,0.056662,0.055829,0.109668,0.011089
Listeria_ivanovii,bacteria,Listeria,31,60,0.516667,0.393076,0.638252,0.061817,0.0,0.18688,0.18688,0.115667,0.149327,0.223872,0.137194
Listeria_aquatica,bacteria,Listeria,31,60,0.516667,0.393076,0.638252,0.086431,0.0,0.104799,0.104799,0.053946,0.053168,0.104412,0.010706
Mastigocladus_laminosus,bacteria,Mastigocladus,31,60,0.516667,0.393076,0.638252,0.088188,0.0,0.100478,0.100478,0.054217,0.05359,0.104935,0.012181
Maritalea_myrionectae,bacteria,Maritalea,31,60,0.516667,0.393076,0.638252,0.034985,0.0,0.041622,0.041622,0.021779,0.021426,0.042152,0.003925
Marinobacter_aquaeolei,bacteria,Marinobacter,31,60,0.516667,0.393076,0.638252,0.05246,0.0,0.063258,0.063258,0.032545,0.032007,0.06299,0.005747
Marinobacter_adhaerens,bacteria,Marinobacter,31,60,0.516667,0.393076,0.638252,0.150211,0.0,0.186979,0.186979,0.094663,0.093655,0.183219,0.022003
Vibrio_furnissii,bacteria,Vibrio,31,60,0.516667,0.393076,0.638252,0.129413,0.0,0.16084,0.16084,0.083552,0.08234,0.161713,0.016512
Acidipropionibacterium_thoenii,bacteria,Acidipropionibacterium,31,60,0.516667,0.393076,0.638252,0.052045,0.0,0.057585,0.057585,0.031397,0.031102,0.060768,0.007624
Aerococcus_christensenii,bacteria,Aerococcus,31,60,0.516667,0.393076,0.638252,0.082473,0.0,0.205739,0.205739,0.118182,0.135783,0.228739,0.100636
Tsukamurella_pulmonis,bacteria,Tsukamurella,31,60,0.516667,0.393076,0.638252,0.088566,0.0,0.110097,0.110097,0.055218,0.05456,0.106874,0.012237
Pediococcus_pentosaceus,bacteria,Pediococcus,31,60,0.516667,0.393076,0.638252,0.11808,0.0,0.139978,0.139978,0.073841,0.072857,0.142919,0.015425
Parastagonospora_avenae,fungi,Parastagonospora,31,60,0.516667,0.393076,0.638252,0.075926,0.0,0.089992,0.089992,0.046798,0.046194,0.090577,0.009953
Parascardovia_denticolens,bacteria,Parascardovia,31,60,0.516667,0.393076,0.638252,0.104058,0.0,0.116616,0.116616,0.062791,0.062151,0.12153,0.014839
Paraclostridium_bifermentans,bacteria,Paraclostridium,31,60,0.516667,0.393076,0.638252,0.045718,0.0,0.056202,0.056202,0.028394,0.027992,0.054956,0.005708
Bordetella_trematum,bacteria,Bordetella,30,60,0.5,0.377348,0.622652,3.5e-05,0.0,0.000552,0.000552,0.000391,0.000814,0.000781,0.001016
Vibrio_cholerae,bacteria,Vibrio,29,60,0.483333,0.361748,0.606924,0.0,0.0,0.000267,0.000267,0.000148,0.000208,0.000306,0.000203
Serratia_plymuthica,bacteria,Serratia,28,60,0.466667,0.346277,0.591068,0.0,0.0,0.000619,0.000619,0.000332,0.000442,0.000712,0.000383
Cutaneotrichosporon_curvatum,fungi,Cutaneotrichosporon,27,60,0.45,0.330935,0.575083,0.0,0.0,0.016732,0.016732,0.008693,0.011954,0.019317,0.010544
Mycobacterium_mucogenicum,bacteria,Mycobacterium,26,60,0.433333,0.315722,0.558968,0.0,0.0,0.000162,0.000162,9.3e-05,0.000152,0.000216,0.000164
Aspergillus_versicolor,fungi,Aspergillus,25,60,0.416667,0.300641,0.542721,0.0,0.0,0.000212,0.000212,0.000137,0.000242,0.000329,0.000279
Mycobacterium_paragordonae,bacteria,Mycobacterium,23,60,0.383333,0.270881,0.509826,0.0,0.0,0.00041,0.00041,0.000225,0.000337,0.000586,0.000289
Turicella_otitidis,bacteria,Turicella,22,60,0.366667,0.256207,0.493172,0.0,0.0,0.000419,0.000419,0.000258,0.000467,0.000703,0.000533
Brucella_ceti,bacteria,Brucella,19,60,0.316667,0.213057,0.44234,0.0,0.0,9.4e-05,9.4e-05,6.8e-05,0.000128,0.000216,0.000141
Shewanella_putrefaciens,bacteria,Shewanella,19,60,0.316667,0.213057,0.44234,0.0,0.0,0.000226,0.000226,0.00018,0.000329,0.000567,0.000349
Brucella_suis,bacteria,Brucella,19,60,0.316667,0.213057,0.44234,0.0,0.0,0.000134,0.000134,8.4e-05,0.000146,0.000265,0.000138
Brucella_canis,bacteria,Brucella,18,60,0.3,0.19898,0.425089,0.0,0.0,7.3e-05,7.3e-05,5.8e-05,0.000116,0.000195,0.000136
Mycobacterium_chelonae,bacteria,Mycobacterium,18,60,0.3,0.19898,0.425089,0.0,0.0,0.000286,0.000286,0.000162,0.000286,0.000542,0.000256
Elizabethkingia_meningoseptica,bacteria,Elizabethkingia,17,60,0.283333,0.185067,0.407675,0.0,0.0,0.000141,0.000141,0.000161,0.000331,0.000567,0.000399
Burkholderia_stabilis,bacteria,Burkholderia,17,60,0.283333,0.185067,0.407675,0.0,0.0,7.7e-05,7.7e-05,0.000118,0.0005,0.000418,0.000889
Brucella_pinnipedialis,bacteria,Brucella,16,60,0.266667,0.171325,0.39009,0.0,0.0,6.9e-05,6.9e-05,4.9e-05,9.7e-05,0.000184,0.0001
Streptococcus_parasanguinis,bacteria,Streptococcus,16,60,0.266667,0.171325,0.39009,0.0,0.0,0.000291,0.000291,0.000167,0.000317,0.000627,0.000296
Gardnerella_vaginalis,bacteria,Gardnerella,15,60,0.25,0.157764,0.372323,0.0,0.0,4.6e-05,4.6e-05,0.000341,0.001045,0.001365,0.001763
Afipia_felis,bacteria,Afipia,15,60,0.25,0.157764,0.372323,0.0,0.0,4.2e-05,4.2e-05,0.000113,0.000229,0.000453,0.000239
Prototheca_wickerhamii,fungi,Prototheca,13,60,0.216667,0.131229,0.336203,0.0,0.0,0.0,0.0,6.1e-05,0.000135,0.000281,0.000149
Fusobacterium_periodonticum,bacteria,Fusobacterium,13,60,0.216667,0.131229,0.336203,0.0,0.0,0.0,0.0,0.000227,0.000701,0.001046,0.001219
Brucella_abortus,bacteria,Brucella,12,60,0.2,0.118284,0.31782,0.0,0.0,0.0,0.0,4e-05,0.000104,0.000198,0.000153
Mycobacterium_malmesburyense,bacteria,Mycobacterium,12,60,0.2,0.118284,0.31782,0.0,0.0,0.0,0.0,0.000163,0.000721,0.000813,0.001486
Citrobacter_werkmanii,bacteria,Citrobacter,12,60,0.2,0.118284,0.31782,0.0,0.0,0.0,0.0,0.000101,0.000309,0.000505,0.000538
Legionella_drozanskii,bacteria,Legionella,11,60,0.183333,0.105577,0.2992,0.0,0.0,0.0,0.0,7.4e-05,0.000193,0.000401,0.000275
Comamonas_kerstersii,bacteria,Comamonas,11,60,0.183333,0.105577,0.2992,0.0,0.0,0.0,0.0,0.000123,0.000434,0.000669,0.000843
Streptococcus_salivarius,bacteria,Streptococcus,10,60,0.166667,0.093131,0.280319,0.0,0.0,0.0,0.0,7.6e-05,0.000188,0.000458,0.000192
Rhodococcus_globerulus,bacteria,Rhodococcus,10,60,0.166667,0.093131,0.280319,0.0,0.0,0.0,0.0,4e-05,0.000116,0.000237,0.000191
Klebsiella_pneumoniae,bacteria,Klebsiella,10,60,0.166667,0.093131,0.280319,0.0,0.0,0.0,0.0,9.9e-05,0.00025,0.000592,0.000291
Mycobacterium_neoaurum,bacteria,Mycobacterium,8,60,0.133333,0.06914,0.241654,0.0,0.0,0.0,0.0,7.7e-05,0.000267,0.000579,0.000516
Mycobacterium_frederiksbergense,bacteria,Mycobacterium,8,60,0.133333,0.06914,0.241654,0.0,0.0,0.0,0.0,4.4e-05,0.000127,0.000326,0.000176
Prevotella_bivia,bacteria,Prevotella,8,60,0.133333,0.06914,0.241654,0.0,0.0,0.0,0.0,7.6e-05,0.000243,0.000573,0.000415
Burkholderia_anthina,bacteria,Burkholderia,8,60,0.133333,0.06914,0.241654,0.0,0.0,0.0,0.0,5.5e-05,0.000224,0.000413,0.000503
Malassezia_cuniculi,fungi,Malassezia,8,60,0.133333,0.06914,0.241654,0.0,0.0,0.0,0.0,0.000106,0.000349,0.000794,0.000633
Prevotella_corporis,bacteria,Prevotella,8,60,0.133333,0.06914,0.241654,0.0,0.0,0.0,0.0,7.4e-05,0.000206,0.000551,0.000238
Hortaea_werneckii,fungi,Hortaea,8,60,0.133333,0.06914,0.241654,0.0,0.0,0.0,0.0,0.000368,0.002324,0.002758,0.006164
Streptococcus_pseudopneumoniae,bacteria,Streptococcus,7,60,0.116667,0.057676,0.22179,0.0,0.0,0.0,0.0,0.00012,0.000518,0.001027,0.001246
Human_parvovirus_B19,virus,Primate_erythroparvovirus_1,7,60,0.116667,0.057676,0.22179,0.0,0.0,0.0,0.0,0.000209,0.001362,0.001795,0.003864
Mycobacterium_abscessus,bacteria,Mycobacterium,7,60,0.116667,0.057676,0.22179,0.0,0.0,0.0,0.0,4e-05,0.000162,0.000342,0.000373
Mycobacterium_doricum,bacteria,Mycobacterium,7,60,0.116667,0.057676,0.22179,0.0,0.0,0.0,0.0,4.9e-05,0.000157,0.000419,0.000247
Fusobacterium_hwasookii,bacteria,Fusobacterium,7,60,0.116667,0.057676,0.22179,0.0,0.0,0.0,0.0,0.000201,0.001154,0.001724,0.003168
Streptococcus_australis,bacteria,Streptococcus,7,60,0.116667,0.057676,0.22179,0.0,0.0,0.0,0.0,0.000119,0.000401,0.00102,0.000712
Prevotella_loescheii,bacteria,Prevotella,7,60,0.116667,0.057676,0.22179,0.0,0.0,0.0,0.0,6.2e-05,0.000267,0.000534,0.00064
Mycobacterium_obuense,bacteria,Mycobacterium,7,60,0.116667,0.057676,0.22179,0.0,0.0,0.0,0.0,4.3e-05,0.00013,0.000372,0.00015
Mycobacterium_llatzerense,bacteria,Mycobacterium,7,60,0.116667,0.057676,0.22179,0.0,0.0,0.0,0.0,2.9e-05,8.9e-05,0.000253,0.000109
Hafnia_alvei,bacteria,Hafnia,7,60,0.116667,0.057676,0.22179,0.0,0.0,0.0,0.0,3.1e-05,0.000118,0.000266,0.000252
Citrobacter_amalonaticus,bacteria,Citrobacter,7,60,0.116667,0.057676,0.22179,0.0,0.0,0.0,0.0,2.8e-05,9.1e-05,0.000242,0.000143
Fusobacterium_nucleatum,bacteria,Fusobacterium,6,60,0.1,0.046642,0.201497,0.0,0.0,0.0,0.0,8.8e-05,0.000382,0.000875,0.000947
Roseomonas_gilardii,bacteria,Roseomonas,6,60,0.1,0.046642,0.201497,0.0,0.0,0.0,0.0,0.000147,0.000888,0.00147,0.002641
Burkholderia_ambifaria,bacteria,Burkholderia,6,60,0.1,0.046642,0.201497,0.0,0.0,0.0,0.0,2.3e-05,8.2e-05,0.000233,0.00014
Streptococcus_pneumoniae,bacteria,Streptococcus,6,60,0.1,0.046642,0.201497,0.0,0.0,0.0,0.0,8.2e-05,0.000394,0.000822,0.00105
Klebsiella_aerogenes,bacteria,Klebsiella,6,60,0.1,0.046642,0.201497,0.0,0.0,0.0,0.0,4.5e-05,0.000166,0.000452,0.000321
Lactobacillus_pentosus,bacteria,Lactobacillus,6,60,0.1,0.046642,0.201497,0.0,0.0,0.0,0.0,5e-05,0.000181,0.000497,0.000346
Halovirus_HRTV_5,virus,—,5,60,0.083333,0.03612,0.180692,0.0,0.0,0.0,0.0,5.1e-05,0.000214,0.00061,0.0005
Burkholderia_thailandensis,bacteria,Burkholderia,5,60,0.083333,0.03612,0.180692,0.0,0.0,0.0,0.0,9e-06,3.3e-05,0.000112,4e-05
Phanerochaete_chrysosporium,fungi,Phanerochaete,5,60,0.083333,0.03612,0.180692,0.0,0.0,0.0,0.0,9e-06,3.5e-05,0.000111,6.5e-05
Aspergillus_hiratsukae,fungi,Aspergillus,5,60,0.083333,0.03612,0.180692,0.0,0.0,0.0,0.0,3.3e-05,0.000144,0.000399,0.000349
Lactococcus_raffinolactis,bacteria,Lactococcus,5,60,0.083333,0.03612,0.180692,0.0,0.0,0.0,0.0,0.000187,0.000934,0.002247,0.002658
Prevotella_disiens,bacteria,Prevotella,5,60,0.083333,0.03612,0.180692,0.0,0.0,0.0,0.0,3.9e-05,0.000144,0.000464,0.000246
Prevotella_buccalis,bacteria,Prevotella,5,60,0.083333,0.03612,0.180692,0.0,0.0,0.0,0.0,3.9e-05,0.000149,0.000469,0.000275
Streptococcus_infantis,bacteria,Streptococcus,5,60,0.083333,0.03612,0.180692,0.0,0.0,0.0,0.0,5.2e-05,0.000231,0.00063,0.000576
Roseomonas_cervicalis,bacteria,Roseomonas,5,60,0.083333,0.03612,0.180692,0.0,0.0,0.0,0.0,0.000214,0.000955,0.002568,0.002426
Veillonella_atypica,bacteria,Veillonella,5,60,0.083333,0.03612,0.180692,0.0,0.0,0.0,0.0,4.2e-05,0.000185,0.0005,0.000465
Dysgonomonas_mossii,bacteria,Dysgonomonas,4,60,0.066667,0.026228,0.159256,0.0,0.0,0.0,0.0,2e-05,9e-05,0.000294,0.000227
Staphylococcus_succinus,bacteria,Staphylococcus,4,60,0.066667,0.026228,0.159256,0.0,0.0,0.0,0.0,3.1e-05,0.000126,0.000469,0.000193
Corynebacterium_diphtheriae,bacteria,Corynebacterium,4,60,0.066667,0.026228,0.159256,0.0,0.0,0.0,0.0,9e-06,4e-05,0.000137,9.3e-05
Mycobacterium_austroafricanum,bacteria,Mycobacterium,4,60,0.066667,0.026228,0.159256,0.0,0.0,0.0,0.0,4.8e-05,0.000218,0.000714,0.000549
Mycobacterium_chimaera,bacteria,Mycobacterium,4,60,0.066667,0.026228,0.159256,0.0,0.0,0.0,0.0,7e-06,3e-05,0.000111,4.4e-05
Burkholderia_glumae,bacteria,Burkholderia,4,60,0.066667,0.026228,0.159256,0.0,0.0,0.0,0.0,1.4e-05,5.6e-05,0.000205,0.000102
Rhodococcus_rhodochrous,bacteria,Rhodococcus,4,60,0.066667,0.026228,0.159256,0.0,0.0,0.0,0.0,6e-06,2.5e-05,9.4e-05,3.3e-05
Riemerella_anatipestifer,bacteria,Riemerella,4,60,0.066667,0.026228,0.159256,0.0,0.0,0.0,0.0,4.4e-05,0.000187,0.000665,0.000368
Alloiococcus_otitis,bacteria,Alloiococcus,4,60,0.066667,0.026228,0.159256,0.0,0.0,0.0,0.0,1.4e-05,6e-05,0.000209,0.000131
Bordetella_avium,bacteria,Bordetella,4,60,0.066667,0.026228,0.159256,0.0,0.0,0.0,0.0,8.5e-05,0.000585,0.001275,0.002171
Bordetella_hinzii,bacteria,Bordetella,4,60,0.066667,0.026228,0.159256,0.0,0.0,0.0,0.0,0.000111,0.000661,0.001661,0.002273
Bordetella_bronchialis,bacteria,Bordetella,4,60,0.066667,0.026228,0.159256,0.0,0.0,0.0,0.0,2.2e-05,0.00011,0.000334,0.000315
Mycobacterium_elephantis,bacteria,Mycobacterium,4,60,0.066667,0.026228,0.159256,0.0,0.0,0.0,0.0,3e-05,0.000119,0.00045,0.000167
Mycobacterium_gilvum,bacteria,Mycobacterium,4,60,0.066667,0.026228,0.159256,0.0,0.0,0.0,0.0,2.9e-05,0.000136,0.000434,0.000361
Prevotella_oris,bacteria,Prevotella,4,60,0.066667,0.026228,0.159256,0.0,0.0,0.0,0.0,1.7e-05,8e-05,0.000259,0.000204
Bordetella_petrii,bacteria,Bordetella,3,60,0.05,0.017149,0.137007,0.0,0.0,0.0,0.0,3.7e-05,0.000213,0.000742,0.000743
Rickettsia_australis,bacteria,Rickettsia,3,60,0.05,0.017149,0.137007,0.0,0.0,0.0,0.0,0.000766,0.005437,0.015313,0.023195
Rickettsia_akari,bacteria,Rickettsia,3,60,0.05,0.017149,0.137007,0.0,0.0,0.0,0.0,0.000477,0.003274,0.009544,0.013651
Streptococcus_anginosus,bacteria,Streptococcus,3,60,0.05,0.017149,0.137007,0.0,0.0,0.0,0.0,3.2e-05,0.000169,0.000641,0.000509
Clostridium_butyricum,bacteria,Clostridium,3,60,0.05,0.017149,0.137007,0.0,0.0,0.0,0.0,1.3e-05,5.7e-05,0.000258,1.2e-05
Carnobacterium_maltaromaticum,bacteria,Carnobacterium,3,60,0.05,0.017149,0.137007,0.0,0.0,0.0,0.0,3.1e-05,0.000161,0.000615,0.000473
Mycobacterium_fortuitum,bacteria,Mycobacterium,3,60,0.05,0.017149,0.137007,0.0,0.0,0.0,0.0,1.4e-05,6.2e-05,0.000276,5.9e-05
Serratia_odorifera,bacteria,Serratia,3,60,0.05,0.017149,0.137007,0.0,0.0,0.0,0.0,8e-06,3.7e-05,0.00015,9.4e-05
Corynebacterium_timonense,bacteria,Corynebacterium,3,60,0.05,0.017149,0.137007,0.0,0.0,0.0,0.0,7e-06,3.4e-05,0.000143,7.5e-05
Nocardiopsis_alba,bacteria,Nocardiopsis,3,60,0.05,0.017149,0.137007,0.0,0.0,0.0,0.0,0.000197,0.00137,0.00394,0.005769
Macaca_mulatta_polyomavirus_1,virus,—,3,60,0.05,0.017149,0.137007,0.0,0.0,0.0,0.0,5.3e-05,0.000268,0.001062,0.000717
Lactobacillus_jensenii,bacteria,Lactobacillus,3,60,0.05,0.017149,0.137007,0.0,0.0,0.0,0.0,1.3e-05,6.5e-05,0.000253,0.000177
Mobiluncus_curtisii,bacteria,Mobiluncus,3,60,0.05,0.017149,0.137007,0.0,0.0,0.0,0.0,1.5e-05,7.1e-05,0.000296,0.000152
Microbacterium_foliorum,bacteria,Microbacterium,3,60,0.05,0.017149,0.137007,0.0,0.0,0.0,0.0,2.8e-05,0.000135,0.000567,0.00029
Rhinovirus_C,virus,—,3,60,0.05,0.017149,0.137007,0.0,0.0,0.0,0.0,0.000228,0.001704,0.004552,0.007489
Klebsiella_variicola,bacteria,Klebsiella,3,60,0.05,0.017149,0.137007,0.0,0.0,0.0,0.0,1.2e-05,6.3e-05,0.000245,0.000179
Yersinia_frederiksenii,bacteria,Yersinia,3,60,0.05,0.017149,0.137007,0.0,0.0,0.0,0.0,2.1e-05,0.000108,0.000417,0.000314
Aspergillus_fumigatus,fungi,Aspergillus,3,60,0.05,0.017149,0.137007,0.0,0.0,0.0,0.0,1e-05,4.8e-05,0.000198,0.000107
Aspergillus_chevalieri,fungi,Aspergillus,3,60,0.05,0.017149,0.137007,0.0,0.0,0.0,0.0,1e-05,5.1e-05,0.000204,0.000135
Aspergillus_terreus,fungi,Aspergillus,3,60,0.05,0.017149,0.137007,0.0,0.0,0.0,0.0,4e-05,0.000221,0.000807,0.000714
Inquilinus_limosus,bacteria,Inquilinus,3,60,0.05,0.017149,0.137007,0.0,0.0,0.0,0.0,1.7e-05,7.8e-05,0.000342,0.000115
Isoptericola_variabilis,bacteria,Isoptericola,3,60,0.05,0.017149,0.137007,0.0,0.0,0.0,0.0,2.7e-05,0.000138,0.000536,0.000391
Mycoplasma_cynos,bacteria,Mycoplasma,3,60,0.05,0.017149,0.137007,0.0,0.0,0.0,0.0,1.3e-05,6.9e-05,0.000259,0.000215
Mycobacterium_syngnathidarum,bacteria,Mycobacterium,3,60,0.05,0.017149,0.137007,0.0,0.0,0.0,0.0,1.5e-05,7e-05,0.000294,0.000142
Rickettsia_felis,bacteria,Rickettsia,3,60,0.05,0.017149,0.137007,0.0,0.0,0.0,0.0,0.01445,0.097337,0.288996,0.400601
Granulibacter_bethesdensis,bacteria,Granulibacter,3,60,0.05,0.017149,0.137007,0.0,0.0,0.0,0.0,1.2e-05,5.6e-05,0.000237,0.000106
Haematomicrobium_sanguinis,bacteria,Haematomicrobium,3,60,0.05,0.017149,0.137007,0.0,0.0,0.0,0.0,1.8e-05,0.000102,0.000361,0.000345
Human_betaherpesvirus_5,virus,Human_betaherpesvirus_5,3,60,0.05,0.017149,0.137007,0.0,0.0,0.0,0.0,1.1e-05,5.4e-05,0.000225,0.000114
Human_papillomavirus_107,virus,—,2,60,0.033333,0.009189,0.11364,0.0,0.0,0.0,0.0,5e-06,3e-05,0.000164,3e-05
Influenza_A_virus_H1N1,virus,Influenza_A_virus_H1N1,2,60,0.033333,0.009189,0.11364,0.0,0.0,0.0,0.0,4.7e-05,0.000258,0.001423,9e-06
Human_papillomavirus_type_11,virus,—,2,60,0.033333,0.009189,0.11364,0.0,0.0,0.0,0.0,0.000346,0.002029,0.010382,0.005867
Lactobacillus_sakei,bacteria,Lactobacillus,2,60,0.033333,0.009189,0.11364,0.0,0.0,0.0,0.0,1.2e-05,6.4e-05,0.000345,0.000113
Bordetella_bronchiseptica,bacteria,Bordetella,2,60,0.033333,0.009189,0.11364,0.0,0.0,0.0,0.0,4e-06,2.4e-05,0.000135,1.1e-05
Mycobacterium_kansasii,bacteria,Mycobacterium,2,60,0.033333,0.009189,0.11364,0.0,0.0,0.0,0.0,9e-06,5.2e-05,0.000263,0.000159
Lactobacillus_rhamnosus,bacteria,Lactobacillus,2,60,0.033333,0.009189,0.11364,0.0,0.0,0.0,0.0,1.2e-05,6.4e-05,0.000354,3.1e-05
Kerstersia_gyiorum,bacteria,Kerstersia,2,60,0.033333,0.009189,0.11364,0.0,0.0,0.0,0.0,2.1e-05,0.000119,0.000635,0.000232
Yokenella_regensburgei,bacteria,Yokenella,2,60,0.033333,0.009189,0.11364,0.0,0.0,0.0,0.0,4e-06,2.5e-05,0.000128,8.1e-05
Bacillus_circulans,bacteria,Bacillus,2,60,0.033333,0.009189,0.11364,0.0,0.0,0.0,0.0,2.7e-05,0.000189,0.0008,0.000929
Aspergillus_spinulosporus,fungi,Aspergillus,2,60,0.033333,0.009189,0.11364,0.0,0.0,0.0,0.0,1.4e-05,7.7e-05,0.000423,6.7e-05
Morococcus_cerebrosus,bacteria,Morococcus,2,60,0.033333,0.009189,0.11364,0.0,0.0,0.0,0.0,7e-06,3.8e-05,0.000209,3.3e-05
Malassezia_dermatis,fungi,Malassezia,2,60,0.033333,0.009189,0.11364,0.0,0.0,0.0,0.0,1.6e-05,8.8e-05,0.000474,0.000153
Mycobacterium_salmoniphilum,bacteria,Mycobacterium,2,60,0.033333,0.009189,0.11364,0.0,0.0,0.0,0.0,9e-06,6.1e-05,0.00027,0.000283
Myroides_odoratimimus,bacteria,Myroides,2,60,0.033333,0.009189,0.11364,0.0,0.0,0.0,0.0,9e-06,5.4e-05,0.00028,0.000134
Rickettsia_philipii,bacteria,Rickettsia,2,60,0.033333,0.009189,0.11364,0.0,0.0,0.0,0.0,0.000218,0.001493,0.006532,0.006995
Rickettsia_peacockii,bacteria,Rickettsia,2,60,0.033333,0.009189,0.11364,0.0,0.0,0.0,0.0,0.000193,0.001304,0.005794,0.005951
Rickettsia_raoultii,bacteria,Rickettsia,2,60,0.033333,0.009189,0.11364,0.0,0.0,0.0,0.0,0.000437,0.003022,0.013096,0.014394
Rickettsia_prowazekii,bacteria,Rickettsia,2,60,0.033333,0.009189,0.11364,0.0,0.0,0.0,0.0,2.5e-05,0.000166,0.00076,0.000716
Rickettsia_amblyommatis,bacteria,Rickettsia,2,60,0.033333,0.009189,0.11364,0.0,0.0,0.0,0.0,0.000549,0.003856,0.016462,0.018795
Rickettsia_africae,bacteria,Rickettsia,2,60,0.033333,0.009189,0.11364,0.0,0.0,0.0,0.0,0.000209,0.001498,0.006268,0.007519
Rickettsia_parkeri,bacteria,Rickettsia,2,60,0.033333,0.009189,0.11364,0.0,0.0,0.0,0.0,0.000263,0.00174,0.007884,0.007651
Rickettsia_montanensis,bacteria,Rickettsia,2,60,0.033333,0.009189,0.11364,0.0,0.0,0.0,0.0,0.000254,0.001768,0.007609,0.008517
Rickettsia_monacensis,bacteria,Rickettsia,2,60,0.033333,0.009189,0.11364,0.0,0.0,0.0,0.0,0.000671,0.004542,0.020125,0.020836
Rickettsia_massiliae,bacteria,Rickettsia,2,60,0.033333,0.009189,0.11364,0.0,0.0,0.0,0.0,0.000263,0.001841,0.007893,0.00892
Rhodococcus_opacus,bacteria,Rhodococcus,2,60,0.033333,0.009189,0.11364,0.0,0.0,0.0,0.0,1.1e-05,5.9e-05,0.00032,7.8e-05
Rickettsia_argasii,bacteria,Rickettsia,2,60,0.033333,0.009189,0.11364,0.0,0.0,0.0,0.0,0.000364,0.002375,0.010934,0.010081
Human_alphaherpesvirus_1,virus,Human_alphaherpesvirus_1,2,60,0.033333,0.009189,0.11364,0.0,0.0,0.0,0.0,3.2e-05,0.000231,0.000959,0.001168
Human_coronavirus_NL63,virus,—,2,60,0.033333,0.009189,0.11364,0.0,0.0,0.0,0.0,1.3e-05,7.1e-05,0.00038,0.000137
Halovirus_HHTV_1,virus,—,2,60,0.033333,0.009189,0.11364,0.0,0.0,0.0,0.0,8e-06,5.5e-05,0.000248,0.00025
Rickettsia_sibirica,bacteria,Rickettsia,2,60,0.033333,0.009189,0.11364,0.0,0.0,0.0,0.0,0.000165,0.001112,0.00496,0.005041
Rickettsia_typhi,bacteria,Rickettsia,2,60,0.033333,0.009189,0.11364,0.0,0.0,0.0,0.0,3e-05,0.000175,0.000887,0.000536
Rickettsia_slovaca,bacteria,Rickettsia,2,60,0.033333,0.009189,0.11364,0.0,0.0,0.0,0.0,0.000184,0.001258,0.00553,0.005847
Rickettsia_rickettsii,bacteria,Rickettsia,2,60,0.033333,0.009189,0.11364,0.0,0.0,0.0,0.0,0.000188,0.001261,0.005625,0.005712
Rickettsia_rhipicephali,bacteria,Rickettsia,2,60,0.033333,0.009189,0.11364,0.0,0.0,0.0,0.0,0.000263,0.001894,0.007893,0.009547
Fusobacterium_ulcerans,bacteria,Fusobacterium,2,60,0.033333,0.009189,0.11364,0.0,0.0,0.0,0.0,9e-06,5.2e-05,0.000259,0.000164
Rickettsia_japonica,bacteria,Rickettsia,2,60,0.033333,0.009189,0.11364,0.0,0.0,0.0,0.0,0.000205,0.001497,0.006141,0.007698
Rickettsia_bellii,bacteria,Rickettsia,2,60,0.033333,0.009189,0.11364,0.0,0.0,0.0,0.0,0.000154,0.001103,0.004611,0.005534
Rickettsia_canadensis,bacteria,Rickettsia,2,60,0.033333,0.009189,0.11364,0.0,0.0,0.0,0.0,0.000142,0.001071,0.004273,0.005684
Rickettsia_conorii,bacteria,Rickettsia,2,60,0.033333,0.009189,0.11364,0.0,0.0,0.0,0.0,0.000199,0.001277,0.005974,0.005219
Rickettsia_heilongjiangensis,bacteria,Rickettsia,2,60,0.033333,0.009189,0.11364,0.0,0.0,0.0,0.0,0.000207,0.001539,0.006215,0.008071
Rickettsia_honei,bacteria,Rickettsia,2,60,0.033333,0.009189,0.11364,0.0,0.0,0.0,0.0,0.000197,0.001309,0.005921,0.005771
Rickettsia_helvetica,bacteria,Rickettsia,2,60,0.033333,0.009189,0.11364,0.0,0.0,0.0,0.0,0.000557,0.003798,0.016716,0.01763
Chromobacterium_violaceum,bacteria,Chromobacterium,2,60,0.033333,0.009189,0.11364,0.0,0.0,0.0,0.0,6e-06,3.4e-05,0.000181,7.7e-05
Candidatus_Rickettsia_amblyommii,bacteria,Rickettsia,2,60,0.033333,0.009189,0.11364,0.0,0.0,0.0,0.0,0.00041,0.002925,0.012315,0.014544
Clostridium_tetani,bacteria,Clostridium,2,60,0.033333,0.009189,0.11364,0.0,0.0,0.0,0.0,5e-06,2.9e-05,0.000156,4.2e-05
Clostridium_beijerinckii,bacteria,Clostridium,2,60,0.033333,0.009189,0.11364,0.0,0.0,0.0,0.0,2.4e-05,0.000148,0.000729,0.000514
Citrobacter_rodentium,bacteria,Citrobacter,2,60,0.033333,0.009189,0.11364,0.0,0.0,0.0,0.0,6e-06,3.6e-05,0.000193,7.1e-05
Enterococcus_gallinarum,bacteria,Enterococcus,2,60,0.033333,0.009189,0.11364,0.0,0.0,0.0,0.0,1.3e-05,9.3e-05,0.000393,0.000455
Clavibacter_michiganensis,bacteria,Clavibacter,2,60,0.033333,0.009189,0.11364,0.0,0.0,0.0,0.0,5e-06,3.3e-05,0.00016,0.000127
Chromobacterium_haemolyticum,bacteria,Chromobacterium,2,60,0.033333,0.009189,0.11364,0.0,0.0,0.0,0.0,1.2e-05,6.9e-05,0.000368,0.000145
Mycobacterium_hodleri,bacteria,Mycobacterium,2,60,0.033333,0.009189,0.11364,0.0,0.0,0.0,0.0,7e-06,3.8e-05,0.000196,9.9e-05
Shewanella_algae,bacteria,Shewanella,2,60,0.033333,0.009189,0.11364,0.0,0.0,0.0,0.0,1.4e-05,8e-05,0.000435,0.000116
Dialister_micraerophilus,bacteria,Dialister,2,60,0.033333,0.009189,0.11364,0.0,0.0,0.0,0.0,2.8e-05,0.000206,0.000834,0.00108
Penicillium_roqueforti,fungi,Penicillium,2,60,0.033333,0.009189,0.11364,0.0,0.0,0.0,0.0,2.1e-05,0.000116,0.000636,9.8e-05
Dyella_japonica,bacteria,Dyella,2,60,0.033333,0.009189,0.11364,0.0,0.0,0.0,0.0,8e-06,5e-05,0.000254,0.000158
Vibrio_alginolyticus,bacteria,Vibrio,2,60,0.033333,0.009189,0.11364,0.0,0.0,0.0,0.0,9e-06,5.3e-05,0.000273,0.000145
Aeromonas_taiwanensis,bacteria,Aeromonas,2,60,0.033333,0.009189,0.11364,0.0,0.0,0.0,0.0,6.3e-05,0.000448,0.001884,0.002232
Paecilomyces_hepiali,fungi,Paecilomyces,2,60,0.033333,0.009189,0.11364,0.0,0.0,0.0,0.0,8e-06,5.1e-05,0.000251,0.000176
Orientia_tsutsugamushi,bacteria,Orientia,2,60,0.033333,0.009189,0.11364,0.0,0.0,0.0,0.0,6e-06,3.5e-05,0.000185,8.3e-05
Oscillibacter_valericigenes,bacteria,Oscillibacter,1,60,0.016667,0.002948,0.088553,0.0,0.0,0.0,0.0,2e-06,1.6e-05,0.000127,0.0
Paenalcaligenes_hominis,bacteria,Paenalcaligenes,1,60,0.016667,0.002948,0.088553,0.0,0.0,0.0,0.0,1e-06,9e-06,7e-05,0.0
Pectobacterium_carotovorum,bacteria,Pectobacterium,1,60,0.016667,0.002948,0.088553,0.0,0.0,0.0,0.0,7e-06,5.5e-05,0.000425,0.0
Pediococcus_damnosus,bacteria,Pediococcus,1,60,0.016667,0.002948,0.088553,0.0,0.0,0.0,0.0,1e-06,9e-06,7e-05,0.0
Ureaplasma_parvum,bacteria,Ureaplasma,1,60,0.016667,0.002948,0.088553,0.0,0.0,0.0,0.0,2e-06,1.8e-05,0.00014,0.0
Aerococcus_urinae,bacteria,Aerococcus,1,60,0.016667,0.002948,0.088553,0.0,0.0,0.0,0.0,3e-06,2.6e-05,0.000203,0.0
Aeromonas_eucrenophila,bacteria,Aeromonas,1,60,0.016667,0.002948,0.088553,0.0,0.0,0.0,0.0,4e-06,3.3e-05,0.000254,0.0
Actinomyces_polynesiensis,bacteria,Actinomyces,1,60,0.016667,0.002948,0.088553,0.0,0.0,0.0,0.0,3e-06,2.4e-05,0.000186,0.0
Actinomyces_meyeri,bacteria,Actinomyces,1,60,0.016667,0.002948,0.088553,0.0,0.0,0.0,0.0,3e-06,2.4e-05,0.000186,0.0
Actinomyces_nasicola,bacteria,Actinomyces,1,60,0.016667,0.002948,0.088553,0.0,0.0,0.0,0.0,2e-06,1.6e-05,0.000127,0.0
Nocardia_farcinica,bacteria,Nocardia,1,60,0.016667,0.002948,0.088553,0.0,0.0,0.0,0.0,1.8e-05,0.000142,0.001097,0.0
Nocardia_nova,bacteria,Nocardia,1,60,0.016667,0.002948,0.088553,0.0,0.0,0.0,0.0,1.8e-05,0.000142,0.001097,0.0
Nocardia_panacis,bacteria,Nocardia,1,60,0.016667,0.002948,0.088553,0.0,0.0,0.0,0.0,2e-06,1.6e-05,0.000127,0.0
Neisseria_flavescens,bacteria,Neisseria,1,60,0.016667,0.002948,0.088553,0.0,0.0,0.0,0.0,3e-06,2.2e-05,0.00017,0.0
Penicillium_paxilli,fungi,Penicillium,1,60,0.016667,0.002948,0.088553,0.0,0.0,0.0,0.0,4e-06,3.3e-05,0.000254,0.0
Mycobacterium_rhodesiae,bacteria,Mycobacterium,1,60,0.016667,0.002948,0.088553,0.0,0.0,0.0,0.0,2e-06,1.8e-05,0.000143,0.0
Anaplasma_phagocytophilum,bacteria,Anaplasma,1,60,0.016667,0.002948,0.088553,0.0,0.0,0.0,0.0,8e-06,6.1e-05,0.00047,0.0
Paenibacillus_pabuli,bacteria,Paenibacillus,1,60,0.016667,0.002948,0.088553,0.0,0.0,0.0,0.0,6e-06,4.8e-05,0.000375,0.0
Desulfovibrio_magneticus,bacteria,Desulfovibrio,1,60,0.016667,0.002948,0.088553,0.0,0.0,0.0,0.0,1e-06,9e-06,7e-05,0.0
Prevotella_buccae,bacteria,Prevotella,1,60,0.016667,0.002948,0.088553,0.0,0.0,0.0,0.0,1.3e-05,0.000103,0.000799,0.0
Prevotella_enoeca,bacteria,Prevotella,1,60,0.016667,0.002948,0.088553,0.0,0.0,0.0,0.0,7e-06,5.5e-05,0.000425,0.0
Mycobacterium_florentinum,bacteria,Mycobacterium,1,60,0.016667,0.002948,0.088553,0.0,0.0,0.0,0.0,8e-06,6.1e-05,0.00047,0.0
Coxsackievirus_A9,virus,—,1,60,0.016667,0.002948,0.088553,0.0,0.0,0.0,0.0,6e-06,4.7e-05,0.000364,0.0
Cronobacter_malonaticus,bacteria,Cronobacter,1,60,0.016667,0.002948,0.088553,0.0,0.0,0.0,0.0,6e-06,4.5e-05,0.000352,0.0
Cronobacter_turicensis,bacteria,Cronobacter,1,60,0.016667,0.002948,0.088553,0.0,0.0,0.0,0.0,7e-06,5.5e-05,0.000425,0.0
Corynebacterium_pilosum,bacteria,Corynebacterium,1,60,0.016667,0.002948,0.088553,0.0,0.0,0.0,0.0,7e-06,5.5e-05,0.000425,0.0
Corynebacterium_tuscaniense,bacteria,Corynebacterium,1,60,0.016667,0.002948,0.088553,0.0,0.0,0.0,0.0,5.9e-05,0.000454,0.003513,0.0
Corynebacterium_auriscanis,bacteria,Corynebacterium,1,60,0.016667,0.002948,0.088553,0.0,0.0,0.0,0.0,2e-06,1.8e-05,0.000143,0.0
Corynebacterium_capitovis,bacteria,Corynebacterium,1,60,0.016667,0.002948,0.088553,0.0,0.0,0.0,0.0,1e-06,9e-06,7.3e-05,0.0
Corynebacterium_cystitidis,bacteria,Corynebacterium,1,60,0.016667,0.002948,0.088553,0.0,0.0,0.0,0.0,3e-06,2.2e-05,0.000169,0.0
Clostridium_sporogenes,bacteria,Clostridium,1,60,0.016667,0.002948,0.088553,0.0,0.0,0.0,0.0,2e-06,1.5e-05,0.000117,0.0
Clostridium_tyrobutyricum,bacteria,Clostridium,1,60,0.016667,0.002948,0.088553,0.0,0.0,0.0,0.0,1.4e-05,0.000105,0.000811,0.0
Colletotrichum_gloeosporioides,fungi,Colletotrichum,1,60,0.016667,0.002948,0.088553,0.0,0.0,0.0,0.0,5e-06,4.1e-05,0.000315,0.0
Streptococcus_agalactiae,bacteria,Streptococcus,1,60,0.016667,0.002948,0.088553,0.0,0.0,0.0,0.0,2e-06,1.6e-05,0.000127,0.0
Mycobacterium_asiaticum,bacteria,Mycobacterium,1,60,0.016667,0.002948,0.088553,0.0,0.0,0.0,0.0,3e-06,2.4e-05,0.000188,0.0
Mycobacterium_canariasense,bacteria,Mycobacterium,1,60,0.016667,0.002948,0.088553,0.0,0.0,0.0,0.0,4e-06,3.4e-05,0.000266,0.0
Exophiala_dermatitidis,fungi,Exophiala,1,60,0.016667,0.002948,0.088553,0.0,0.0,0.0,0.0,1e-06,9e-06,7e-05,0.0
Exophiala_xenobiotica,fungi,Exophiala,1,60,0.016667,0.002948,0.088553,0.0,0.0,0.0,0.0,1e-05,7.9e-05,0.000609,0.0
Enterococcus_malodoratus,bacteria,Enterococcus,1,60,0.016667,0.002948,0.088553,0.0,0.0,0.0,0.0,3.6e-05,0.000279,0.002165,0.0
Enterococcus_saccharolyticus,bacteria,Enterococcus,1,60,0.016667,0.002948,0.088553,0.0,0.0,0.0,0.0,4e-06,3.4e-05,0.000264,0.0
Enterococcus_sulfureus,bacteria,Enterococcus,1,60,0.016667,0.002948,0.088553,0.0,0.0,0.0,0.0,2e-06,1.8e-05,0.000143,0.0
Siccibacter_turicensis,bacteria,Siccibacter,1,60,0.016667,0.002948,0.088553,0.0,0.0,0.0,0.0,1e-06,9e-06,7e-05,0.0
Fluoribacter_gormanii,bacteria,Fluoribacter,1,60,0.016667,0.002948,0.088553,0.0,0.0,0.0,0.0,1e-06,9e-06,7e-05,0.0
Serratia_ficaria,bacteria,Serratia,1,60,0.016667,0.002948,0.088553,0.0,0.0,0.0,0.0,1e-06,9e-06,7e-05,0.0
Mycobacterium_gadium,bacteria,Mycobacterium,1,60,0.016667,0.002948,0.088553,0.0,0.0,0.0,0.0,3e-06,2.6e-05,0.000203,0.0
Mycobacterium_gallinarum,bacteria,Mycobacterium,1,60,0.016667,0.002948,0.088553,0.0,0.0,0.0,0.0,1e-05,8.1e-05,0.000625,0.0
Prevotella_oralis,bacteria,Prevotella,1,60,0.016667,0.002948,0.088553,0.0,0.0,0.0,0.0,3e-06,2.4e-05,0.000186,0.0
Mycobacterium_angelicum,bacteria,Mycobacterium,1,60,0.016667,0.002948,0.088553,0.0,0.0,0.0,0.0,4e-06,3.3e-05,0.000254,0.0
Mycobacterium_arabiense,bacteria,Mycobacterium,1,60,0.016667,0.002948,0.088553,0.0,0.0,0.0,0.0,8e-06,6.1e-05,0.00047,0.0
Candida_orthopsilosis,fungi,Candida,1,60,0.016667,0.002948,0.088553,0.0,0.0,0.0,0.0,1.8e-05,0.000138,0.001065,0.0
Streptococcus_constellatus,bacteria,Streptococcus,1,60,0.016667,0.002948,0.088553,0.0,0.0,0.0,0.0,2.7e-05,0.000209,0.001623,0.0
Streptococcus_equi,bacteria,Streptococcus,1,60,0.016667,0.002948,0.088553,0.0,0.0,0.0,0.0,3e-06,2.4e-05,0.000186,0.0
Streptococcus_ferus,bacteria,Streptococcus,1,60,0.016667,0.002948,0.088553,0.0,0.0,0.0,0.0,6e-06,4.8e-05,0.000371,0.0
Streptococcus_intermedius,bacteria,Streptococcus,1,60,0.016667,0.002948,0.088553,0.0,0.0,0.0,0.0,1.3e-05,0.000103,0.000799,0.0
Streptococcus_mutans,bacteria,Streptococcus,1,60,0.016667,0.002948,0.088553,0.0,0.0,0.0,0.0,7e-06,5.5e-05,0.000425,0.0
Streptococcus_ovis,bacteria,Streptococcus,1,60,0.016667,0.002948,0.088553,0.0,0.0,0.0,0.0,4e-06,3.3e-05,0.000254,0.0
Haemophilus_influenzae,bacteria,Haemophilus,1,60,0.016667,0.002948,0.088553,0.0,0.0,0.0,0.0,3e-06,2.2e-05,0.00017,0.0
Haemophilus_paraphrohaemolyticus,bacteria,Haemophilus,1,60,0.016667,0.002948,0.088553,0.0,0.0,0.0,0.0,1.2e-05,9.6e-05,0.000743,0.0
Globicatella_sulfidifaciens,bacteria,Globicatella,1,60,0.016667,0.002948,0.088553,0.0,0.0,0.0,0.0,2e-06,1.6e-05,0.000127,0.0
Gordonia_rubripertincta,bacteria,Gordonia,1,60,0.016667,0.002948,0.088553,0.0,0.0,0.0,0.0,3e-06,2.6e-05,0.000203,0.0
Scedosporium_dehoogii,fungi,Scedosporium,1,60,0.016667,0.002948,0.088553,0.0,0.0,0.0,0.0,1e-06,9e-06,7e-05,0.0
Human_associated_gemykibivirus_2,virus,—,1,60,0.016667,0.002948,0.088553,0.0,0.0,0.0,0.0,1.8e-05,0.000138,0.001065,0.0
Human_coronavirus_229E,virus,—,1,60,0.016667,0.002948,0.088553,0.0,0.0,0.0,0.0,6e-06,4.7e-05,0.000364,0.0
Human_gammaherpesvirus_4,virus,Human_gammaherpesvirus_4,1,60,0.016667,0.002948,0.088553,0.0,0.0,0.0,0.0,5e-06,4.1e-05,0.000319,0.0
Candida_intermedia,fungi,Clavispora,1,60,0.016667,0.002948,0.088553,0.0,0.0,0.0,0.0,1e-06,9e-06,7e-05,0.0
Streptomyces_griseus,bacteria,Streptomyces,1,60,0.016667,0.002948,0.088553,0.0,0.0,0.0,0.0,3.8e-05,0.000293,0.002272,0.0
Streptomyces_somaliensis,bacteria,Streptomyces,1,60,0.016667,0.002948,0.088553,0.0,0.0,0.0,0.0,2e-06,1.8e-05,0.000143,0.0
Bulleidia_extructa,bacteria,Bulleidia,1,60,0.016667,0.002948,0.088553,0.0,0.0,0.0,0.0,1.8e-05,0.000138,0.001065,0.0
Human_papillomavirus_type_41,virus,—,1,60,0.016667,0.002948,0.088553,0.0,0.0,0.0,0.0,4e-06,3.3e-05,0.000254,0.0
Human_papillomavirus_type_96,virus,—,1,60,0.016667,0.002948,0.088553,0.0,0.0,0.0,0.0,2e-06,1.5e-05,0.000119,0.0
Human_respiratory_syncytial_virus_A,virus,—,1,60,0.016667,0.002948,0.088553,0.0,0.0,0.0,0.0,6e-06,4.4e-05,0.000338,0.0
Human_respirovirus_1,virus,—,1,60,0.016667,0.002948,0.088553,0.0,0.0,0.0,0.0,6e-06,4.7e-05,0.000364,0.0
Human_respirovirus_3,virus,Human_respirovirus_3,1,60,0.016667,0.002948,0.088553,0.0,0.0,0.0,0.0,9e-06,6.9e-05,0.000533,0.0
Rhodococcus_hoagii,bacteria,Rhodococcus,1,60,0.016667,0.002948,0.088553,0.0,0.0,0.0,0.0,6e-06,4.6e-05,0.000357,0.0
Rhytidhysteron_rufulum,fungi,Rhytidhysteron,1,60,0.016667,0.002948,0.088553,0.0,0.0,0.0,0.0,6e-06,4.8e-05,0.000375,0.0
Thermoascus_crustaceus,fungi,Thermoascus,1,60,0.016667,0.002948,0.088553,0.0,0.0,0.0,0.0,9e-06,7.2e-05,0.000557,0.0
Mycobacterium_saskatchewanense,bacteria,Mycobacterium,1,60,0.016667,0.002948,0.088553,0.0,0.0,0.0,0.0,4e-06,3.4e-05,0.000266,0.0
Mycobacterium_tuberculosis,bacteria,Mycobacterium_tuberculosis_complex,1,60,0.016667,0.002948,0.088553,0.0,0.0,0.0,0.0,3e-06,2.5e-05,0.00019,0.0
Mycobacterium_vanbaalenii,bacteria,Mycobacterium,1,60,0.016667,0.002948,0.088553,0.0,0.0,0.0,0.0,3.4e-05,0.000261,0.002026,0.0
Mycobacterium_wolinskyi,bacteria,Mycobacterium,1,60,0.016667,0.002948,0.088553,0.0,0.0,0.0,0.0,9e-06,6.9e-05,0.000533,0.0
Mycoplasma_pneumoniae,bacteria,Mycoplasma,1,60,0.016667,0.002948,0.088553,0.0,0.0,0.0,0.0,2e-06,1.5e-05,0.000118,0.0
Myroides_marinus,bacteria,Myroides,1,60,0.016667,0.002948,0.088553,0.0,0.0,0.0,0.0,7e-06,5.5e-05,0.000425,0.0
Indiana_vesiculovirus,virus,—,1,60,0.016667,0.002948,0.088553,0.0,0.0,0.0,0.0,6e-06,4.7e-05,0.000364,0.0
Rhinovirus_A,virus,Rhinovirus_A,1,60,0.016667,0.002948,0.088553,0.0,0.0,0.0,0.0,6e-06,4.7e-05,0.000364,0.0
Rhizopus_oryzae,fungi,Rhizopus,1,60,0.016667,0.002948,0.088553,0.0,0.0,0.0,0.0,6e-06,4.8e-05,0.000375,0.0
Human_papillomavirus_23,virus,—,1,60,0.016667,0.002948,0.088553,0.0,0.0,0.0,0.0,6e-06,4.6e-05,0.000357,0.0
Human_papillomavirus_type_115,virus,—,1,60,0.016667,0.002948,0.088553,0.0,0.0,0.0,0.0,6e-06,4.4e-05,0.000337,0.0
Human_papillomavirus_type_150,virus,—,1,60,0.016667,0.002948,0.088553,0.0,0.0,0.0,0.0,2e-06,1.6e-05,0.000127,0.0
Human_papillomavirus_type_18,virus,Alphapapillomavirus_7,1,60,0.016667,0.002948,0.088553,0.0,0.0,0.0,0.0,1.2e-05,9.1e-05,0.000705,0.0
Plesiomonas_shigelloides,bacteria,Plesiomonas,1,60,0.016667,0.002948,0.088553,0.0,0.0,0.0,0.0,4e-06,3.3e-05,0.000253,0.0
Mycobacterium_lepromatosis,bacteria,Mycobacterium,1,60,0.016667,0.002948,0.088553,0.0,0.0,0.0,0.0,6e-06,4.6e-05,0.000353,0.0
Bordetella_flabilis,bacteria,Bordetella,1,60,0.016667,0.002948,0.088553,0.0,0.0,0.0,0.0,6e-06,4.8e-05,0.000375,0.0
Bartonella_tamiae,bacteria,Bartonella,1,60,0.016667,0.002948,0.088553,0.0,0.0,0.0,0.0,3e-06,2.4e-05,0.000186,0.0
Bergeyella_zoohelcum,bacteria,Bergeyella,1,60,0.016667,0.002948,0.088553,0.0,0.0,0.0,0.0,4e-06,3.3e-05,0.000254,0.0
Bacteroides_pyogenes,bacteria,Bacteroides,1,60,0.016667,0.002948,0.088553,0.0,0.0,0.0,0.0,6e-06,4.6e-05,0.000353,0.0
Torque_teno_virus,virus,Torque_teno_virus,1,60,0.016667,0.002948,0.088553,0.0,0.0,0.0,0.0,3.2e-05,0.000247,0.001912,0.0
Torque_teno_virus_6,virus,Torque_teno_virus_6,1,60,0.016667,0.002948,0.088553,0.0,0.0,0.0,0.0,6e-06,4.8e-05,0.000375,0.0
Mucor_velutinosus,fungi,Mucor,1,60,0.016667,0.002948,0.088553,0.0,0.0,0.0,0.0,2e-06,1.8e-05,0.000143,0.0
Proteus_vulgaris,bacteria,Proteus,1,60,0.016667,0.002948,0.088553,0.0,0.0,0.0,0.0,2e-06,1.8e-05,0.000143,0.0
Providencia_rustigianii,bacteria,Providencia,1,60,0.016667,0.002948,0.088553,0.0,0.0,0.0,0.0,3e-06,2.4e-05,0.000186,0.0
Lactobacillus_fermentum,bacteria,Lactobacillus,1,60,0.016667,0.002948,0.088553,0.0,0.0,0.0,0.0,2e-06,1.6e-05,0.000127,0.0
Lactobacillus_gasseri,bacteria,Lactobacillus,1,60,0.016667,0.002948,0.088553,0.0,0.0,0.0,0.0,3e-06,2.2e-05,0.00017,0.0
Kodamaea_ohmeri,fungi,Kodamaea,1,60,0.016667,0.002948,0.088553,0.0,0.0,0.0,0.0,3e-06,2.4e-05,0.000188,0.0
Lactobacillus_brevis,bacteria,Lactobacillus,1,60,0.016667,0.002948,0.088553,0.0,0.0,0.0,0.0,5e-06,4.1e-05,0.000315,0.0
Vibrio_campbellii,bacteria,Vibrio,1,60,0.016667,0.002948,0.088553,0.0,0.0,0.0,0.0,1.9e-05,0.000149,0.001154,0.0
Machupo_mammarenavirus,virus,—,1,60,0.016667,0.002948,0.088553,0.0,0.0,0.0,0.0,6e-06,4.7e-05,0.000364,0.0
Madurella_mycetomatis,fungi,Madurella,1,60,0.016667,0.002948,0.088553,0.0,0.0,0.0,0.0,3e-06,2.4e-05,0.000186,0.0
Lactococcus_garvieae,bacteria,Lactococcus,1,60,0.016667,0.002948,0.088553,0.0,0.0,0.0,0.0,0.0001,0.000775,0.006004,0.0
Legionella_pneumophila,bacteria,Legionella,1,60,0.016667,0.002948,0.088553,0.0,0.0,0.0,0.0,1e-05,7.6e-05,0.000585,0.0
Mycobacterium_chitae,bacteria,Mycobacterium,1,60,0.016667,0.002948,0.088553,0.0,0.0,0.0,0.0,4e-06,3.4e-05,0.000266,0.0
Mycobacterium_cosmeticum,bacteria,Mycobacterium,1,60,0.016667,0.002948,0.088553,0.0,0.0,0.0,0.0,1e-06,9e-06,7e-05,0.0
Treponema_pedis,bacteria,Treponema,1,60,0.016667,0.002948,0.088553,0.0,0.0,0.0,0.0,6e-06,4.8e-05,0.000375,0.0
Bacillus_licheniformis,bacteria,Bacillus,1,60,0.016667,0.002948,0.088553,0.0,0.0,0.0,0.0,7.1e-05,0.00055,0.004261,0.0
Bacillus_simplex,bacteria,Bacillus,1,60,0.016667,0.002948,0.088553,0.0,0.0,0.0,0.0,0.000456,0.003535,0.02738,0.0
Bacillus_badius,bacteria,Bacillus,1,60,0.016667,0.002948,0.088553,0.0,0.0,0.0,0.0,9e-06,7e-05,0.00054,0.0
Bacillus_glycinifermentans,bacteria,Bacillus,1,60,0.016667,0.002948,0.088553,0.0,0.0,0.0,0.0,3e-06,2.4e-05,0.000186,0.0
Aspergillus_nidulans,fungi,Aspergillus,1,60,0.016667,0.002948,0.088553,0.0,0.0,0.0,0.0,8.4e-05,0.000652,0.005047,0.0
Aspergillus_niger,fungi,Aspergillus,1,60,0.016667,0.002948,0.088553,0.0,0.0,0.0,0.0,1e-06,9e-06,7e-05,0.0
Neisseria_perflava,bacteria,Neisseria,1,60,0.016667,0.002948,0.088553,0.0,0.0,0.0,0.0,3e-06,2.2e-05,0.00017,0.0
Trichosporon_asahii,fungi,Trichosporon,1,60,0.016667,0.002948,0.088553,0.0,0.0,0.0,0.0,1.9e-05,0.000144,0.001116,0.0
Trichosporon_faecale,fungi,Trichosporon,1,60,0.016667,0.002948,0.088553,0.0,0.0,0.0,0.0,2e-06,1.8e-05,0.000143,0.0
Tropheryma_whipplei,bacteria,Tropheryma,1,60,0.016667,0.002948,0.088553,0.0,0.0,0.0,0.0,6e-06,4.8e-05,0.000375,0.0
Vibrio_metoecus,bacteria,Vibrio,1,60,0.016667,0.002948,0.088553,0.0,0.0,0.0,0.0,3e-06,2.4e-05,0.000186,0.0
Vibrio_vulnificus,bacteria,Vibrio,1,60,0.016667,0.002948,0.088553,0.0,0.0,0.0,0.0,3e-06,2.2e-05,0.00017,0.0
Wallemia_hederae,fungi,Wallemia,1,60,0.016667,0.002948,0.088553,0.0,0.0,0.0,0.0,0.000409,0.003166,0.024521,0.0
Xylanimonas_cellulosilytica,bacteria,Xylanimonas,1,60,0.016667,0.002948,0.088553,0.0,0.0,0.0,0.0,3e-06,2.4e-05,0.000186,0.0
Xanthomonas_axonopodis,bacteria,Xanthomonas,1,60,0.016667,0.002948,0.088553,0.0,0.0,0.0,0.0,1e-06,9e-06,7e-05,0.0
